날짜,종가,전일비,시가,고가,저가,거래량
2026.08.19,13395.0,-275.0,13280.0,13590.0,12955.0,11325.0
2026.08.18,13670.0,-530.0,14265.0,14265.0,13635.0,4993.0
2026.08.14,14200.0,25.0,14195.0,14325.0,13900.0,12057.0
2026.08.13,14175.0,230.0,14160.0,14325.0,13920.0,6191.0
2026.08.12,13945.0,250.0,13780.0,13955.0,13680.0,4241.0
2026.08.11,13695.0,-450.0,13940.0,14005.0,13670.0,9173.0
2026.08.10,14145.0,555.0,13665.0,14145.0,13630.0,19640.0
2026.08.07,13590.0,215.0,13630.0,13705.0,13165.0,3571.0
2026.08.06,13375.0,-290.0,13455.0,13795.0,13175.0,7002.0
2026.08.05,13665.0,825.0,13170.0,13665.0,13100.0,6481.0
2026.08.04,12840.0,655.0,12330.0,12875.0,12330.0,9981.0
2026.08.03,12185.0,-215.0,11990.0,12460.0,11950.0,4489.0
2026.07.31,12400.0,1245.0,11670.0,12400.0,11605.0,7819.0
2026.07.30,11155.0,-5.0,11160.0,11745.0,11065.0,22126.0
2026.07.29,11160.0,-815.0,12135.0,12135.0,10500.0,22896.0
2026.07.28,11975.0,-1245.0,12735.0,12735.0,11850.0,14843.0
2026.07.27,13220.0,-225.0,13540.0,13540.0,12865.0,4683.0
2026.07.24,13445.0,-545.0,13625.0,13825.0,13250.0,11362.0
2026.07.23,13990.0,1010.0,13065.0,14000.0,13065.0,5688.0
2026.07.22,12980.0,490.0,12895.0,13385.0,12895.0,4869.0
2026.07.21,12490.0,115.0,12275.0,12615.0,12040.0,19464.0
2026.07.20,12375.0,-830.0,12875.0,12875.0,12250.0,10334.0
2026.07.16,13205.0,-265.0,13335.0,13410.0,12790.0,20337.0
2026.07.15,13470.0,600.0,13205.0,13520.0,13150.0,9342.0
2026.07.14,12870.0,-265.0,13075.0,13095.0,12440.0,23574.0
2026.07.13,13135.0,-710.0,13830.0,14185.0,13070.0,25139.0
2026.07.10,13845.0,705.0,13320.0,14030.0,13275.0,11785.0
2026.07.09,13140.0,-100.0,13355.0,13685.0,12775.0,26035.0
2026.07.08,13240.0,-1090.0,13955.0,13955.0,12985.0,10558.0
2026.07.07,14330.0,-675.0,14720.0,14720.0,13870.0,13129.0
2026.07.06,15005.0,-235.0,15375.0,15565.0,14610.0,17307.0
2026.07.03,15240.0,-150.0,15405.0,15615.0,14420.0,23213.0
2026.07.02,15390.0,-550.0,15695.0,15960.0,15100.0,11268.0
2026.07.01,15940.0,540.0,15765.0,16110.0,15505.0,54478.0
2026.06.30,15400.0,-190.0,15835.0,15960.0,15160.0,33533.0
2026.06.29,15590.0,1180.0,14595.0,15745.0,14430.0,16860.0
2026.06.26,14410.0,-790.0,15195.0,15245.0,13910.0,17980.0
2026.06.25,15200.0,-490.0,16015.0,16015.0,15200.0,15695.0
2026.06.24,15690.0,30.0,15570.0,15910.0,15175.0,227240.0
2026.06.23,15660.0,-1235.0,16955.0,17385.0,15560.0,17991.0
2026.06.22,16895.0,-480.0,17335.0,17335.0,16720.0,21301.0
2026.06.19,17375.0,-350.0,17620.0,18000.0,16920.0,29679.0
2026.06.18,17725.0,-545.0,18455.0,18465.0,17515.0,24081.0
2026.06.17,18270.0,10.0,18465.0,18620.0,18075.0,17619.0
2026.06.16,18260.0,15.0,18510.0,18655.0,18100.0,20244.0
2026.06.15,18245.0,1430.0,17720.0,18245.0,17550.0,29930.0
2026.06.12,16815.0,500.0,17075.0,17270.0,16670.0,28668.0
2026.06.11,16315.0,-130.0,15970.0,16315.0,15450.0,20586.0
2026.06.10,16445.0,235.0,15950.0,16605.0,15810.0,9699.0
2026.06.09,16210.0,535.0,15945.0,16345.0,15580.0,11228.0
2026.06.08,15675.0,-1190.0,16375.0,16375.0,15445.0,19019.0
2026.06.05,16865.0,-715.0,17480.0,17485.0,16565.0,21451.0
2026.06.04,17580.0,-200.0,17880.0,18090.0,17510.0,13920.0
2026.06.02,17780.0,-815.0,18530.0,18530.0,17515.0,128938.0
2026.06.01,18595.0,235.0,18475.0,19245.0,18410.0,60084.0
2026.05.29,18360.0,-200.0,18735.0,18800.0,18025.0,183869.0
2026.05.28,18560.0,-475.0,19215.0,19215.0,17910.0,29338.0
2026.05.27,19035.0,-600.0,19735.0,19755.0,18915.0,30212.0
2026.05.26,19635.0,360.0,19875.0,19940.0,19500.0,28500.0
2026.05.22,19275.0,575.0,19305.0,19485.0,19180.0,31235.0
2026.05.21,18700.0,1200.0,18185.0,18700.0,18120.0,22784.0
2026.05.20,17500.0,-470.0,17970.0,17980.0,17170.0,42858.0
2026.05.19,17970.0,-700.0,18675.0,18750.0,17625.0,38734.0
2026.05.18,18670.0,-145.0,18490.0,18790.0,17520.0,37685.0
2026.05.15,18815.0,-1000.0,19950.0,19950.0,18405.0,71945.0
2026.05.14,19815.0,-545.0,20570.0,20570.0,19650.0,52482.0
2026.05.13,20360.0,-295.0,20440.0,20460.0,19810.0,39326.0
2026.05.12,20655.0,-800.0,21510.0,21625.0,19800.0,142037.0
2026.05.11,21455.0,-70.0,21565.0,21580.0,21130.0,39320.0
2026.05.08,21525.0,-475.0,21850.0,21850.0,21150.0,43733.0
2026.05.07,22000.0,305.0,22000.0,22000.0,21210.0,35902.0
2026.05.06,21695.0,480.0,21510.0,21700.0,21235.0,111183.0
2026.05.04,21215.0,650.0,21015.0,21255.0,20880.0,40034.0
2026.04.30,20565.0,-190.0,20845.0,20915.0,20565.0,32646.0
2026.04.29,20755.0,260.0,20415.0,20905.0,20415.0,35131.0
2026.04.28,20500.0,-50.0,20700.0,20775.0,20370.0,33265.0
2026.04.27,20550.0,415.0,20645.0,20645.0,20280.0,47870.0
2026.04.24,20135.0,730.0,19585.0,20135.0,19540.0,54914.0
2026.04.23,19405.0,375.0,19350.0,19455.0,18800.0,47098.0
2026.04.22,19030.0,630.0,18505.0,19030.0,18360.0,101954.0
2026.04.21,18400.0,600.0,17945.0,18415.0,17945.0,29459.0
2026.04.20,17800.0,245.0,17670.0,17915.0,17670.0,28229.0
2026.04.17,17555.0,85.0,17530.0,17655.0,17360.0,17025.0
2026.04.16,17470.0,470.0,17310.0,17545.0,17290.0,16923.0
2026.04.15,17000.0,245.0,17050.0,17220.0,16975.0,42052.0
2026.04.14,16755.0,275.0,16885.0,16920.0,16705.0,13022.0
2026.04.13,16480.0,-60.0,16400.0,16585.0,16390.0,35762.0
2026.04.10,16540.0,40.0,16605.0,16710.0,16515.0,7384.0
2026.04.09,16500.0,-70.0,16665.0,16700.0,16435.0,12020.0
2026.04.08,16570.0,725.0,16525.0,16660.0,16340.0,22489.0
2026.04.07,15845.0,-50.0,15935.0,16285.0,15665.0,6815.0
2026.04.06,15895.0,80.0,15955.0,16210.0,15825.0,19663.0
2026.04.03,15815.0,440.0,15840.0,15965.0,15690.0,7330.0
2026.04.02,15375.0,-610.0,16305.0,16455.0,15280.0,31463.0
2026.04.01,15985.0,1045.0,15695.0,16060.0,15440.0,31936.0
2026.03.31,14940.0,-410.0,15305.0,15490.0,14835.0,47236.0
2026.03.30,15350.0,-420.0,15020.0,15500.0,15000.0,7089.0
2026.03.27,15770.0,-280.0,15655.0,15905.0,15170.0,15609.0
2026.03.26,16050.0,-350.0,16550.0,16550.0,16045.0,16361.0
2026.03.25,16400.0,465.0,16240.0,16450.0,16125.0,14094.0
2026.03.24,15935.0,485.0,16155.0,16155.0,15400.0,22729.0
2026.03.23,15450.0,-1175.0,16135.0,16135.0,15430.0,26541.0
2026.03.20,16625.0,85.0,16655.0,16795.0,16570.0,19238.0
2026.03.19,16540.0,-290.0,16485.0,16795.0,16425.0,12073.0
2026.03.18,16830.0,475.0,16695.0,16830.0,16620.0,11035.0
2026.03.17,16355.0,195.0,16480.0,16565.0,16355.0,15705.0
2026.03.16,16160.0,-305.0,16465.0,16600.0,16015.0,11204.0
2026.03.13,16465.0,-130.0,16245.0,16580.0,16245.0,7934.0
2026.03.12,16595.0,165.0,16400.0,16755.0,16400.0,28620.0
2026.03.11,16430.0,55.0,16615.0,16880.0,16220.0,43117.0
2026.03.10,16375.0,385.0,16480.0,16570.0,15995.0,24235.0
2026.03.09,15990.0,-370.0,15695.0,16385.0,15280.0,92578.0
2026.03.06,16360.0,330.0,15690.0,16385.0,15600.0,58588.0
2026.03.05,16030.0,1750.0,16040.0,16270.0,15635.0,82286.0
2026.03.04,14280.0,-2590.0,16090.0,16285.0,14100.0,115733.0
2026.03.03,16870.0,-915.0,17690.0,18050.0,16860.0,99794.0
2026.02.27,17785.0,-110.0,17875.0,18075.0,17750.0,44466.0
2026.02.26,17895.0,350.0,17790.0,17905.0,17545.0,46868.0
2026.02.25,17545.0,170.0,17545.0,17740.0,17310.0,33524.0
2026.02.24,17375.0,-10.0,17335.0,17375.0,17055.0,28444.0
2026.02.23,17385.0,180.0,17390.0,17505.0,17180.0,43853.0
2026.02.20,17205.0,565.0,16755.0,17220.0,16730.0,38913.0
2026.02.19,16640.0,675.0,16300.0,16700.0,16300.0,31352.0
2026.02.13,15965.0,-165.0,15925.0,16205.0,15815.0,20358.0
2026.02.12,16130.0,150.0,16110.0,16160.0,15880.0,23748.0
2026.02.11,15980.0,165.0,15830.0,16055.0,15730.0,12501.0
2026.02.10,15815.0,-190.0,16190.0,16205.0,15725.0,7976.0
2026.02.09,16005.0,635.0,15950.0,16100.0,15800.0,22774.0
2026.02.06,15370.0,-570.0,15395.0,15475.0,14835.0,75334.0
2026.02.05,15940.0,-800.0,16365.0,16555.0,15755.0,50798.0
2026.02.04,16740.0,555.0,16430.0,16740.0,16195.0,45381.0
2026.02.03,16185.0,835.0,15835.0,16205.0,15610.0,25604.0
2026.02.02,15350.0,-940.0,16035.0,16275.0,15190.0,61647.0
2026.01.30,16290.0,-310.0,16635.0,16670.0,16190.0,29232.0
2026.01.29,16600.0,115.0,16540.0,16670.0,16095.0,42190.0
2026.01.28,16485.0,380.0,16205.0,16485.0,16170.0,297263.0
2026.01.27,16105.0,210.0,16055.0,16105.0,15700.0,72837.0
2026.01.26,15895.0,210.0,15715.0,15925.0,15705.0,100544.0
2026.01.23,15685.0,155.0,15660.0,15825.0,15480.0,37233.0
2026.01.22,15530.0,160.0,15595.0,15745.0,15430.0,41450.0
2026.01.21,15370.0,-425.0,15365.0,15520.0,15185.0,184715.0
2026.01.20,15795.0,85.0,15700.0,15930.0,15340.0,63628.0
2026.01.19,15710.0,330.0,15520.0,15760.0,15505.0,36996.0
2026.01.16,15380.0,35.0,15430.0,15500.0,15215.0,39471.0
2026.01.15,15345.0,170.0,15250.0,15430.0,15240.0,165426.0
2026.01.14,15175.0,-110.0,15280.0,15390.0,15060.0,292443.0
2026.01.13,15285.0,275.0,15095.0,15290.0,14965.0,26500.0
2026.01.12,15010.0,545.0,14650.0,15115.0,14625.0,98021.0
2026.01.09,14465.0,280.0,14290.0,14485.0,14270.0,118272.0
2026.01.08,14185.0,200.0,14125.0,14330.0,14075.0,32941.0
2026.01.07,13985.0,-110.0,14110.0,14255.0,13880.0,21858.0
2026.01.06,14095.0,265.0,14010.0,14130.0,13715.0,18885.0
2026.01.05,13830.0,470.0,13405.0,13840.0,13405.0,36398.0
2026.01.02,13360.0,10.0,13340.0,13380.0,13140.0,24579.0
2025.12.30,13350.0,-350.0,13435.0,13485.0,13320.0,10131.0
2025.12.29,13700.0,315.0,13325.0,13700.0,13320.0,16974.0
2025.12.26,13385.0,-305.0,13730.0,13730.0,13320.0,24392.0
2025.12.24,13690.0,-170.0,13995.0,13995.0,13640.0,13524.0
2025.12.23,13860.0,190.0,13845.0,13910.0,13740.0,17114.0
2025.12.22,13670.0,45.0,13825.0,13850.0,13670.0,16738.0
2025.12.19,13625.0,315.0,13420.0,13630.0,13310.0,16868.0
2025.12.18,13310.0,-510.0,13510.0,13530.0,13290.0,32990.0
2025.12.17,13820.0,-75.0,14030.0,14030.0,13750.0,22122.0
2025.12.16,13895.0,-550.0,14305.0,14350.0,13870.0,27622.0
2025.12.15,14445.0,-265.0,14300.0,14485.0,14240.0,20892.0
2025.12.12,14710.0,335.0,14495.0,14715.0,14495.0,15097.0
2025.12.11,14375.0,-160.0,14665.0,14700.0,14375.0,59134.0
2025.12.10,14535.0,-135.0,14650.0,14715.0,14470.0,22051.0
2025.12.09,14670.0,170.0,14275.0,14700.0,14275.0,34793.0
2025.12.08,14500.0,295.0,14130.0,14500.0,14060.0,30580.0
2025.12.05,14205.0,385.0,13820.0,14205.0,13760.0,24527.0
2025.12.04,13820.0,0.0,13915.0,13980.0,13655.0,14027.0
2025.12.03,13820.0,235.0,13670.0,13850.0,13580.0,23864.0
2025.12.02,13585.0,190.0,13385.0,13585.0,13350.0,23791.0
2025.12.01,13395.0,-75.0,13625.0,13650.0,13230.0,64555.0
2025.11.28,13470.0,-345.0,13905.0,13905.0,13420.0,23206.0
2025.11.27,13815.0,80.0,13855.0,13970.0,13735.0,29848.0
2025.11.26,13735.0,400.0,13510.0,13780.0,13385.0,47316.0
2025.11.25,13335.0,50.0,13580.0,13650.0,13245.0,35446.0
2025.11.24,13285.0,-195.0,13630.0,13630.0,13120.0,33139.0
2025.11.21,13480.0,-705.0,13560.0,13660.0,13410.0,18951.0
2025.11.20,14185.0,385.0,14070.0,14290.0,14070.0,26253.0
2025.11.19,13800.0,-135.0,14080.0,14080.0,13400.0,38723.0
2025.11.18,13935.0,-580.0,14405.0,14555.0,13935.0,40567.0
2025.11.17,14515.0,100.0,14515.0,14555.0,14310.0,15383.0
2025.11.14,14415.0,-645.0,14355.0,14690.0,14355.0,66376.0
2025.11.13,15060.0,570.0,14355.0,15060.0,14355.0,42592.0
2025.11.12,14490.0,-10.0,14500.0,14630.0,14385.0,31602.0
2025.11.11,14500.0,-85.0,14740.0,14925.0,14290.0,39253.0
2025.11.10,14585.0,385.0,14240.0,14600.0,14095.0,24351.0
2025.11.07,14200.0,-375.0,14005.0,14490.0,13785.0,56597.0
2025.11.06,14575.0,-215.0,15230.0,15410.0,14540.0,95857.0
2025.11.05,14790.0,-820.0,15300.0,15300.0,14250.0,84108.0
2025.11.04,15610.0,-320.0,15930.0,15930.0,15520.0,68278.0
2025.11.03,15930.0,495.0,15695.0,16060.0,15685.0,110403.0
2025.10.31,15435.0,-85.0,15400.0,15695.0,15335.0,43933.0
2025.10.30,15520.0,-185.0,15975.0,15990.0,15420.0,137062.0
2025.10.29,15705.0,340.0,15535.0,15705.0,15430.0,119161.0
2025.10.28,15365.0,135.0,15415.0,15415.0,15035.0,48386.0
2025.10.27,15230.0,515.0,15150.0,15260.0,15020.0,67576.0
2025.10.24,14715.0,535.0,14255.0,14745.0,14255.0,61955.0
2025.10.23,14180.0,90.0,14005.0,14260.0,13930.0,70588.0
2025.10.22,14090.0,440.0,13780.0,14130.0,13685.0,28229.0
2025.10.21,13650.0,230.0,13505.0,13845.0,13505.0,42038.0
2025.10.20,13420.0,255.0,13225.0,13440.0,13185.0,20209.0
2025.10.17,13165.0,-25.0,13195.0,13360.0,13120.0,22439.0
2025.10.16,13190.0,380.0,12920.0,13190.0,12915.0,47671.0
2025.10.15,12810.0,510.0,12475.0,12850.0,12410.0,11387.0
2025.10.14,12300.0,-230.0,12590.0,12690.0,12140.0,52686.0
2025.10.13,12530.0,130.0,12235.0,12530.0,12230.0,53238.0
2025.10.10,12400.0,550.0,12180.0,12400.0,12005.0,48252.0
2025.10.02,11850.0,-90.0,11955.0,12075.0,11850.0,25716.0
2025.10.01,11940.0,145.0,11810.0,11975.0,11810.0,37686.0
2025.09.30,11795.0,160.0,11635.0,11810.0,11635.0,8976.0
2025.09.29,11635.0,90.0,11550.0,11650.0,11540.0,7782.0
2025.09.26,11545.0,-360.0,11815.0,11835.0,11460.0,23997.0
2025.09.25,11905.0,0.0,11995.0,12055.0,11840.0,18959.0
2025.09.24,11905.0,5.0,11930.0,12020.0,11840.0,32102.0
2025.09.23,11900.0,80.0,11780.0,11985.0,11780.0,20791.0
2025.09.22,11820.0,0.0,11890.0,11965.0,11770.0,17819.0
2025.09.19,11820.0,20.0,11800.0,11890.0,11800.0,11940.0
2025.09.18,11800.0,-60.0,11820.0,11905.0,11775.0,13657.0
2025.09.17,11860.0,-70.0,11920.0,11930.0,11810.0,27174.0
2025.09.16,11930.0,135.0,11820.0,11930.0,11820.0,78949.0
2025.09.15,11795.0,-130.0,11865.0,11865.0,11735.0,49863.0
2025.09.12,11925.0,95.0,11930.0,11930.0,11745.0,69226.0
2025.09.11,11830.0,145.0,11825.0,11860.0,11775.0,20805.0
2025.09.10,11685.0,110.0,11485.0,11725.0,11485.0,23877.0
2025.09.09,11575.0,15.0,11525.0,11620.0,11465.0,17806.0
2025.09.08,11560.0,-20.0,11505.0,11570.0,11440.0,11728.0
2025.09.05,11580.0,-5.0,11480.0,11645.0,11480.0,7385.0
2025.09.04,11585.0,70.0,11560.0,11680.0,11530.0,16726.0
2025.09.03,11515.0,-30.0,11615.0,11660.0,11500.0,45822.0
2025.09.02,11545.0,210.0,11420.0,11545.0,11415.0,29128.0
2025.09.01,11335.0,-185.0,11510.0,11590.0,11315.0,84045.0
2025.08.29,11520.0,-10.0,11530.0,11600.0,11480.0,190532.0
2025.08.28,11530.0,-55.0,11585.0,11605.0,11440.0,26304.0
2025.08.27,11585.0,190.0,11505.0,11585.0,11385.0,24876.0
2025.08.26,11395.0,-160.0,11585.0,11600.0,11310.0,105024.0
2025.08.25,11555.0,275.0,11430.0,11570.0,11315.0,17560.0
2025.08.22,11280.0,180.0,11155.0,11335.0,11155.0,22462.0
2025.08.21,11100.0,320.0,10865.0,11160.0,10865.0,39551.0
2025.08.20,10780.0,-195.0,10660.0,10845.0,10415.0,57939.0
2025.08.19,10975.0,-415.0,11295.0,11390.0,10975.0,110870.0
2025.08.18,11390.0,-220.0,11435.0,11500.0,11370.0,15197.0
2025.08.14,11610.0,40.0,11570.0,11610.0,11445.0,21062.0
2025.08.13,11570.0,175.0,11495.0,11670.0,11410.0,498933.0
2025.08.12,11395.0,-235.0,11540.0,11755.0,11360.0,157383.0
2025.08.11,11630.0,85.0,11515.0,11670.0,11500.0,46798.0
2025.08.08,11545.0,-55.0,11535.0,11580.0,11450.0,32086.0
2025.08.07,11600.0,0.0,11550.0,11675.0,11550.0,339816.0
2025.08.06,11600.0,20.0,11530.0,11600.0,11485.0,143620.0
2025.08.05,11580.0,355.0,11360.0,11580.0,11320.0,137554.0
2025.08.04,11225.0,170.0,11055.0,11225.0,10980.0,117071.0
2025.08.01,11055.0,-430.0,11470.0,11470.0,10875.0,269109.0
2025.07.31,11485.0,235.0,11450.0,11530.0,11340.0,552083.0
2025.07.30,11250.0,-20.0,11255.0,11340.0,11185.0,58286.0
2025.07.29,11270.0,90.0,11180.0,11330.0,10985.0,105793.0
2025.07.28,11180.0,135.0,11255.0,11320.0,11155.0,34837.0
2025.07.25,11045.0,70.0,10840.0,11095.0,10840.0,34722.0
2025.07.24,10975.0,300.0,10905.0,11025.0,10880.0,65667.0
2025.07.23,10675.0,70.0,10780.0,10780.0,10525.0,23947.0
2025.07.22,10605.0,-375.0,10905.0,10907.0,10525.0,43987.0
2025.07.21,10980.0,375.0,10640.0,10980.0,10635.0,50839.0
2025.07.18,10605.0,165.0,10505.0,10640.0,10490.0,23357.0
2025.07.17,10440.0,45.0,10445.0,10495.0,10295.0,20498.0
2025.07.16,10395.0,-75.0,10405.0,10522.0,10285.0,20231.0
2025.07.15,10470.0,310.0,10220.0,10470.0,10215.0,38721.0
2025.07.14,10160.0,0.0,10115.0,10225.0,10055.0,10796.0
2025.07.11,10160.0,-170.0,10330.0,10370.0,10155.0,18689.0
2025.07.10,10330.0,50.0,10300.0,10385.0,10260.0,15464.0
2025.07.09,10280.0,60.0,10245.0,10345.0,10200.0,8573.0
2025.07.08,10220.0,275.0,10010.0,10220.0,9995.0,15130.0
2025.07.07,9945.0,145.0,9730.0,9975.0,9730.0,28688.0
2025.07.04,9800.0,-470.0,10240.0,10250.0,9785.0,57376.0
2025.07.03,10270.0,-100.0,10435.0,10435.0,10205.0,25452.0
2025.07.02,10370.0,-135.0,10505.0,10505.0,10130.0,74005.0
2025.07.01,10505.0,-140.0,10775.0,10835.0,10500.0,87522.0
2025.06.30,10645.0,205.0,10625.0,10795.0,10600.0,50203.0
2025.06.27,10440.0,-40.0,10500.0,10690.0,10400.0,30685.0
2025.06.26,10480.0,-130.0,10590.0,10675.0,10230.0,56222.0
2025.06.25,10610.0,-375.0,10985.0,11050.0,10595.0,54426.0
2025.06.24,10985.0,305.0,10835.0,11015.0,10760.0,57505.0
2025.06.23,10680.0,235.0,10445.0,10690.0,10410.0,59838.0
2025.06.20,10445.0,65.0,10410.0,10480.0,10240.0,32158.0
2025.06.19,10380.0,50.0,10355.0,10420.0,10160.0,44985.0
2025.06.18,10330.0,15.0,10255.0,10375.0,10210.0,56335.0
2025.06.17,10315.0,95.0,10420.0,10475.0,10065.0,296011.0
2025.06.16,10220.0,400.0,9835.0,10245.0,9835.0,73981.0
2025.06.13,9820.0,-5.0,9870.0,9950.0,9725.0,55569.0
2025.06.12,9825.0,260.0,9645.0,9900.0,9645.0,47872.0
2025.06.11,9565.0,75.0,9510.0,9635.0,9490.0,34577.0
2025.06.10,9490.0,300.0,9270.0,9490.0,9270.0,34186.0
2025.06.09,9190.0,15.0,9265.0,9290.0,9060.0,26390.0
2025.06.05,9175.0,115.0,9230.0,9250.0,9130.0,99210.0
2025.06.04,9060.0,170.0,8910.0,9095.0,8880.0,62789.0
2025.06.02,8890.0,50.0,8825.0,8905.0,8800.0,36352.0
2025.05.30,8840.0,-10.0,8790.0,8850.0,8725.0,24839.0
2025.05.29,8850.0,275.0,8660.0,8850.0,8640.0,34051.0
2025.05.28,8575.0,-45.0,8730.0,8750.0,8515.0,27667.0
2025.05.27,8620.0,75.0,8520.0,8620.0,8520.0,22709.0
2025.05.26,8545.0,210.0,8395.0,8595.0,8395.0,22475.0
2025.05.23,8335.0,70.0,8315.0,8335.0,8220.0,11721.0
2025.05.22,8265.0,-100.0,8340.0,8340.0,8235.0,6647.0
2025.05.21,8365.0,155.0,8270.0,8450.0,8270.0,21898.0
2025.05.20,8210.0,-45.0,8245.0,8320.0,8210.0,11000.0
2025.05.19,8255.0,-30.0,8295.0,8345.0,8160.0,20796.0
2025.05.16,8285.0,25.0,8285.0,8340.0,8275.0,19443.0
2025.05.15,8260.0,-10.0,8270.0,8345.0,8180.0,10679.0
2025.05.14,8270.0,160.0,8200.0,8300.0,8175.0,11071.0
2025.05.13,8110.0,40.0,7990.0,8125.0,7980.0,19268.0
2025.05.12,8070.0,-125.0,8220.0,8290.0,8040.0,11634.0
2025.05.09,8195.0,-50.0,8175.0,8230.0,8130.0,16276.0
2025.05.08,8245.0,100.0,8105.0,8245.0,8080.0,6852.0
2025.05.07,8145.0,115.0,8085.0,8170.0,8050.0,12345.0
2025.05.02,8030.0,10.0,8000.0,8115.0,7975.0,108242.0
2025.04.30,8020.0,-85.0,8120.0,8160.0,7945.0,21935.0
2025.04.29,8105.0,20.0,8110.0,8150.0,7995.0,27779.0
2025.04.28,8140.0,35.0,8225.0,8275.0,8135.0,21791.0
2025.04.25,8105.0,260.0,7980.0,8135.0,7970.0,26270.0
2025.04.24,7845.0,65.0,7770.0,7860.0,7725.0,21174.0
2025.04.23,7780.0,145.0,7715.0,7785.0,7710.0,12377.0
2025.04.22,7635.0,40.0,7570.0,7675.0,7570.0,9636.0
2025.04.21,7595.0,-115.0,7740.0,7740.0,7590.0,22153.0
2025.04.18,7710.0,-25.0,7760.0,7785.0,7640.0,3286.0
2025.04.17,7735.0,235.0,7460.0,7735.0,7460.0,8032.0
2025.04.16,7500.0,-145.0,7660.0,7700.0,7500.0,5654.0
2025.04.15,7645.0,110.0,7585.0,7655.0,7515.0,7765.0
2025.04.14,7535.0,95.0,7580.0,7615.0,7480.0,8484.0
2025.04.11,7440.0,165.0,7215.0,7440.0,7215.0,7699.0
2025.04.10,7275.0,580.0,7125.0,7280.0,7035.0,33790.0
2025.04.09,6695.0,-55.0,6825.0,6825.0,6640.0,38371.0
2025.04.08,6750.0,105.0,6820.0,6880.0,6720.0,34875.0
2025.04.07,6645.0,-540.0,6880.0,6880.0,6615.0,12767.0
2025.04.04,7185.0,70.0,6965.0,7295.0,6965.0,8133.0
2025.04.03,7115.0,-5.0,6915.0,7115.0,6915.0,8117.0
2025.04.02,7120.0,-80.0,7220.0,7220.0,7065.0,8407.0
2025.04.01,7200.0,60.0,7175.0,7245.0,7120.0,49140.0
2025.03.31,7140.0,-170.0,7100.0,7220.0,7070.0,31040.0
2025.03.28,7310.0,-110.0,7440.0,7440.0,7290.0,7474.0
2025.03.27,7420.0,-245.0,7655.0,7655.0,7395.0,36096.0
2025.03.26,7665.0,105.0,7665.0,7670.0,7500.0,9913.0
2025.03.25,7560.0,-185.0,7840.0,7840.0,7560.0,4644.0
2025.03.24,7745.0,-15.0,7740.0,7755.0,7685.0,8151.0
2025.03.21,7760.0,-20.0,7650.0,7790.0,7585.0,10769.0
2025.03.20,7780.0,-135.0,7965.0,7965.0,7775.0,7151.0
2025.03.19,7915.0,-20.0,7950.0,8060.0,7915.0,20646.0
2025.03.18,7935.0,95.0,7865.0,7970.0,7865.0,14302.0
2025.03.17,7840.0,95.0,7860.0,7865.0,7760.0,6490.0
2025.03.14,7745.0,50.0,7785.0,7785.0,7685.0,3516.0
2025.03.13,7695.0,-20.0,7810.0,7885.0,7695.0,31344.0
2025.03.12,7715.0,35.0,7765.0,7920.0,7695.0,25610.0
2025.03.11,7680.0,-200.0,7620.0,7705.0,7510.0,33337.0
2025.03.10,7880.0,50.0,7835.0,7925.0,7770.0,37122.0
2025.03.07,7830.0,-50.0,7840.0,7885.0,7710.0,130803.0
2025.03.06,7880.0,-90.0,8010.0,8070.0,7860.0,23555.0
2025.03.05,7970.0,190.0,7820.0,7980.0,7800.0,105825.0
2025.03.04,7780.0,85.0,7740.0,7835.0,7720.0,165784.0
2025.02.28,7695.0,-365.0,7915.0,7985.0,7670.0,35041.0
2025.02.27,8060.0,-95.0,8270.0,8270.0,8030.0,19815.0
2025.02.26,8155.0,-5.0,8165.0,8245.0,8105.0,20781.0
2025.02.25,8160.0,-15.0,8030.0,8190.0,8030.0,20492.0
2025.02.24,8175.0,-40.0,8190.0,8210.0,8035.0,24710.0
2025.02.21,8215.0,45.0,8155.0,8250.0,8125.0,27570.0
2025.02.20,8170.0,-295.0,8435.0,8435.0,8170.0,36968.0
2025.02.19,8465.0,205.0,8350.0,8545.0,8315.0,51469.0
2025.02.18,8260.0,190.0,8120.0,8260.0,8105.0,33032.0
2025.02.17,8070.0,50.0,8020.0,8075.0,7985.0,22213.0
2025.02.14,8020.0,-30.0,8135.0,8135.0,7990.0,21652.0
2025.02.13,8050.0,170.0,7960.0,8175.0,7905.0,58166.0
2025.02.12,7880.0,285.0,7655.0,7885.0,7655.0,16727.0
2025.02.11,7595.0,85.0,7555.0,7650.0,7550.0,18292.0
2025.02.10,7510.0,-120.0,7620.0,7630.0,7510.0,23555.0
2025.02.07,7630.0,-50.0,7645.0,7710.0,7615.0,8429.0
2025.02.06,7680.0,50.0,7665.0,7755.0,7610.0,12017.0
2025.02.05,7630.0,10.0,7680.0,7695.0,7585.0,77131.0
2025.02.04,7620.0,195.0,7570.0,7660.0,7545.0,12939.0
2025.02.03,7425.0,-250.0,7500.0,7550.0,7420.0,20446.0
2025.01.31,7675.0,-85.0,7670.0,7700.0,7605.0,18940.0
2025.01.24,7760.0,190.0,7665.0,7785.0,7665.0,26392.0
2025.01.23,7570.0,-210.0,7785.0,7785.0,7570.0,9211.0
2025.01.22,7780.0,135.0,7710.0,7850.0,7710.0,9731.0
2025.01.21,7645.0,-60.0,7715.0,7745.0,7605.0,19627.0
2025.01.20,7705.0,40.0,7695.0,7785.0,7645.0,14814.0
2025.01.17,7665.0,65.0,7620.0,7680.0,7580.0,15126.0
2025.01.16,7600.0,110.0,7570.0,7620.0,7565.0,25606.0
2025.01.15,7490.0,110.0,7400.0,7540.0,7400.0,21106.0
2025.01.14,7380.0,175.0,7255.0,7410.0,7255.0,4084.0
2025.01.13,7205.0,-85.0,7290.0,7290.0,7205.0,12646.0
2025.01.10,7290.0,-40.0,7340.0,7340.0,7220.0,7127.0
2025.01.09,7330.0,50.0,7300.0,7330.0,7190.0,7345.0
2025.01.08,7280.0,95.0,7200.0,7305.0,7165.0,14366.0
2025.01.07,7185.0,100.0,7150.0,7265.0,7150.0,16275.0
2025.01.06,7085.0,100.0,7075.0,7105.0,6990.0,4374.0
2025.01.03,6985.0,70.0,6945.0,7095.0,6945.0,7422.0
2025.01.02,6915.0,95.0,6890.0,6970.0,6845.0,108353.0
2024.12.30,6820.0,-25.0,6815.0,6890.0,6815.0,3171.0
2024.12.27,6845.0,-65.0,6930.0,6930.0,6770.0,2952.0
2024.12.26,6910.0,0.0,6980.0,7005.0,6905.0,6126.0
2024.12.24,6910.0,-55.0,7000.0,7030.0,6880.0,15875.0
2024.12.23,6965.0,205.0,6860.0,6980.0,6800.0,18769.0
2024.12.20,6760.0,-110.0,6920.0,6935.0,6745.0,4625.0
2024.12.19,6870.0,-50.0,6755.0,6930.0,6725.0,4519.0
2024.12.18,6920.0,35.0,6910.0,6975.0,6895.0,8952.0
2024.12.17,6885.0,-130.0,7020.0,7020.0,6865.0,16831.0
2024.12.16,7015.0,5.0,7055.0,7070.0,6955.0,6320.0
2024.12.13,7010.0,-10.0,6985.0,7020.0,6915.0,11957.0
2024.12.12,7020.0,145.0,6915.0,7020.0,6850.0,6361.0
2024.12.11,6875.0,175.0,6700.0,6875.0,6700.0,9960.0
2024.12.10,6700.0,220.0,6570.0,6700.0,6570.0,9348.0
2024.12.09,6480.0,-220.0,6555.0,6630.0,6480.0,11624.0
2024.12.06,6700.0,-50.0,6740.0,6760.0,6530.0,26978.0
2024.12.05,6750.0,-115.0,6880.0,6880.0,6720.0,2683.0
2024.12.04,6865.0,-150.0,6835.0,6930.0,6750.0,18296.0
2024.12.03,7015.0,130.0,6940.0,7030.0,6905.0,3109.0
2024.12.02,6885.0,-95.0,7060.0,7085.0,6840.0,118993.0
2024.11.29,6980.0,-215.0,7200.0,7200.0,6960.0,13906.0
2024.11.28,7195.0,0.0,7245.0,7245.0,7160.0,6288.0
2024.11.27,7195.0,-30.0,7260.0,7350.0,7165.0,31619.0
2024.11.26,7225.0,-190.0,7390.0,7400.0,7225.0,25189.0
2024.11.25,7415.0,250.0,7245.0,7450.0,7245.0,17902.0
2024.11.22,7165.0,95.0,7135.0,7230.0,7115.0,2245.0
2024.11.21,7070.0,-70.0,7090.0,7130.0,7020.0,2344.0
2024.11.20,7140.0,50.0,7035.0,7160.0,7035.0,3274.0
2024.11.19,7090.0,110.0,6950.0,7140.0,6925.0,5201.0
2024.11.18,6980.0,110.0,6870.0,7030.0,6870.0,10828.0
2024.11.15,6870.0,-325.0,7095.0,7095.0,6825.0,12604.0
2024.11.14,7195.0,150.0,7105.0,7215.0,7095.0,6479.0
2024.11.13,7045.0,-255.0,7310.0,7310.0,7040.0,320546.0
2024.11.12,7300.0,-115.0,7465.0,7515.0,7300.0,21124.0
2024.11.11,7415.0,85.0,7470.0,7520.0,7390.0,22625.0
2024.11.08,7330.0,70.0,7310.0,7420.0,7280.0,27659.0
2024.11.07,7260.0,175.0,7115.0,7310.0,7085.0,18748.0
2024.11.06,7085.0,-125.0,7305.0,7320.0,7025.0,29852.0
2024.11.05,7210.0,-20.0,7180.0,7260.0,7170.0,6671.0
2024.11.04,7230.0,190.0,7080.0,7240.0,7025.0,4940.0
2024.11.01,7040.0,-55.0,7050.0,7100.0,6965.0,34963.0
2024.10.31,7095.0,-110.0,7125.0,7155.0,7020.0,3550.0
2024.10.30,7205.0,-55.0,7270.0,7270.0,7185.0,9485.0
2024.10.29,7260.0,5.0,7250.0,7265.0,7180.0,2555.0
2024.10.28,7255.0,90.0,7165.0,7290.0,7165.0,7511.0
2024.10.25,7165.0,10.0,7250.0,7295.0,7135.0,3233.0
2024.10.24,7155.0,-40.0,7205.0,7260.0,7130.0,10651.0
2024.10.23,7195.0,150.0,7085.0,7220.0,7055.0,3996.0
2024.10.22,7045.0,-160.0,7145.0,7145.0,7015.0,8083.0
2024.10.21,7205.0,40.0,7175.0,7215.0,7150.0,3355.0
2024.10.18,7165.0,-110.0,7275.0,7275.0,7120.0,3444.0
2024.10.17,7275.0,120.0,7245.0,7290.0,7240.0,1204.0
2024.10.16,7155.0,-55.0,7230.0,7255.0,7155.0,4733.0
2024.10.15,7210.0,-15.0,7270.0,7305.0,7165.0,3857.0
2024.10.14,7225.0,50.0,7195.0,7235.0,7155.0,1682.0
2024.10.11,7175.0,-195.0,7380.0,7410.0,7175.0,8233.0
2024.10.10,7370.0,-30.0,7430.0,7455.0,7365.0,8437.0
2024.10.08,7400.0,0.0,7335.0,7450.0,7335.0,7850.0
2024.10.07,7400.0,185.0,7250.0,7415.0,7190.0,10710.0
2024.10.04,7215.0,-40.0,7230.0,7280.0,7180.0,8155.0
2024.10.02,7255.0,-25.0,7235.0,7350.0,7160.0,63226.0
2024.09.30,7280.0,-45.0,7330.0,7430.0,7275.0,9244.0
2024.09.27,7325.0,-115.0,7445.0,7445.0,7290.0,13383.0
2024.09.26,7440.0,135.0,7335.0,7440.0,7295.0,14279.0
2024.09.25,7305.0,-10.0,7385.0,7440.0,7275.0,12966.0
2024.09.24,7315.0,190.0,7165.0,7315.0,7165.0,13388.0
2024.09.23,7125.0,105.0,7025.0,7130.0,7025.0,24001.0
2024.09.20,7020.0,80.0,7040.0,7100.0,6995.0,12657.0
2024.09.19,6940.0,115.0,6905.0,6970.0,6860.0,4193.0
2024.09.13,6825.0,65.0,6770.0,6850.0,6760.0,3365.0
2024.09.12,6760.0,200.0,6660.0,6760.0,6630.0,19432.0
2024.09.11,6560.0,140.0,6450.0,6585.0,6450.0,13077.0
2024.09.10,6420.0,-50.0,6520.0,6520.0,6395.0,4778.0
2024.09.09,6470.0,45.0,6310.0,6475.0,6280.0,5284.0
2024.09.06,6425.0,-180.0,6640.0,6640.0,6425.0,6281.0
2024.09.05,6605.0,-155.0,6825.0,6830.0,6540.0,15009.0
2024.09.04,6760.0,-210.0,6725.0,6860.0,6720.0,7314.0
2024.09.03,6970.0,-50.0,7050.0,7050.0,6950.0,8625.0
2024.09.02,7020.0,50.0,7000.0,7045.0,6970.0,20752.0
2024.08.30,6970.0,70.0,6925.0,6970.0,6890.0,3955.0
2024.08.29,6900.0,-5.0,6865.0,6925.0,6840.0,6964.0
2024.08.28,6905.0,-10.0,6930.0,6990.0,6880.0,4808.0
2024.08.27,6915.0,10.0,6895.0,6945.0,6810.0,4429.0
2024.08.26,6905.0,-50.0,6995.0,7000.0,6870.0,6564.0
2024.08.23,6955.0,-55.0,6935.0,6965.0,6900.0,4144.0
2024.08.22,7010.0,-25.0,7085.0,7090.0,6925.0,10042.0
2024.08.21,7035.0,105.0,6930.0,7045.0,6900.0,18088.0
2024.08.20,6930.0,65.0,6930.0,6950.0,6860.0,4826.0
2024.08.19,6865.0,-120.0,6995.0,7010.0,6845.0,8602.0
2024.08.16,6985.0,65.0,7035.0,7070.0,6965.0,8278.0
2024.08.14,6920.0,130.0,6890.0,6920.0,6860.0,3245.0
2024.08.13,6790.0,-80.0,6855.0,6915.0,6755.0,7733.0
2024.08.12,6870.0,70.0,6800.0,6870.0,6765.0,2347.0
2024.08.09,6800.0,135.0,6800.0,6855.0,6760.0,10519.0
2024.08.08,6665.0,30.0,6550.0,6715.0,6525.0,12573.0
2024.08.07,6635.0,-20.0,6605.0,6750.0,6605.0,33638.0
2024.08.06,6655.0,440.0,6475.0,6720.0,6420.0,37200.0
2024.08.05,6215.0,-700.0,6700.0,6735.0,5980.0,31932.0
2024.08.02,6915.0,-270.0,6995.0,7035.0,6875.0,17863.0
2024.08.01,7185.0,170.0,7015.0,7205.0,7015.0,11967.0
2024.07.31,7015.0,-5.0,7015.0,7105.0,6960.0,6496.0
2024.07.30,7020.0,-50.0,7020.0,7075.0,6985.0,5903.0
2024.07.29,7070.0,50.0,7020.0,7115.0,6975.0,5921.0
2024.07.26,7020.0,95.0,6990.0,7145.0,6990.0,10659.0
2024.07.25,6925.0,-225.0,7055.0,7055.0,6860.0,11770.0
2024.07.24,7150.0,-10.0,7110.0,7230.0,7100.0,9479.0
2024.07.23,7160.0,195.0,7010.0,7200.0,6990.0,24111.0
2024.07.22,6965.0,-105.0,7080.0,7105.0,6930.0,12776.0
2024.07.19,7070.0,25.0,7020.0,7070.0,6970.0,5327.0
2024.07.18,7045.0,-80.0,7165.0,7225.0,7020.0,15060.0
2024.07.17,7125.0,-65.0,7215.0,7310.0,7125.0,27217.0
2024.07.16,7190.0,-75.0,7255.0,7260.0,7150.0,17673.0
2024.07.15,7265.0,0.0,7305.0,7315.0,7245.0,6750.0
2024.07.12,7265.0,-20.0,7240.0,7320.0,7165.0,13308.0
2024.07.11,7285.0,90.0,7255.0,7325.0,7245.0,15108.0
2024.07.10,7195.0,80.0,7135.0,7240.0,7135.0,30119.0
2024.07.09,7115.0,30.0,7095.0,7180.0,7095.0,31927.0
2024.07.08,7085.0,195.0,6925.0,7115.0,6925.0,30526.0
2024.07.05,6890.0,-40.0,6930.0,6960.0,6865.0,11233.0
2024.07.04,6930.0,-20.0,7010.0,7010.0,6905.0,4403.0
2024.07.03,6950.0,40.0,6980.0,7050.0,6880.0,23790.0
2024.07.02,6910.0,-50.0,6990.0,6990.0,6845.0,18318.0
2024.07.01,6960.0,45.0,6930.0,6990.0,6840.0,19433.0
2024.06.28,6915.0,5.0,6890.0,6930.0,6850.0,10579.0
2024.06.27,6910.0,60.0,6820.0,6915.0,6805.0,7170.0
2024.06.26,6850.0,25.0,6870.0,6885.0,6815.0,12458.0
2024.06.25,6825.0,-40.0,6900.0,6960.0,6825.0,24700.0
2024.06.24,6865.0,-75.0,6915.0,6945.0,6850.0,20322.0
2024.06.21,6940.0,30.0,6910.0,6965.0,6890.0,20508.0
2024.06.20,6910.0,-70.0,6960.0,7000.0,6890.0,5972.0
2024.06.19,6980.0,170.0,6835.0,6980.0,6830.0,21020.0
2024.06.18,6810.0,-65.0,6930.0,6940.0,6795.0,26751.0
2024.06.17,6875.0,-40.0,6895.0,6920.0,6815.0,16323.0
2024.06.14,6915.0,-60.0,6930.0,6975.0,6905.0,20114.0
2024.06.13,6975.0,45.0,6980.0,7005.0,6935.0,14097.0
2024.06.12,6930.0,-40.0,6960.0,6980.0,6890.0,21884.0
2024.06.11,6970.0,-20.0,7025.0,7090.0,6955.0,40671.0
2024.06.10,6990.0,15.0,6900.0,7015.0,6885.0,17103.0
2024.06.07,6975.0,135.0,6905.0,6975.0,6845.0,36892.0
2024.06.05,6840.0,25.0,6835.0,6885.0,6735.0,23545.0
2024.06.04,6815.0,-50.0,6830.0,6885.0,6800.0,7572.0
2024.06.03,6865.0,20.0,6885.0,6930.0,6810.0,43196.0
2024.05.31,6845.0,35.0,6835.0,6895.0,6755.0,25373.0
2024.05.30,6810.0,-160.0,6935.0,6970.0,6790.0,17335.0
2024.05.29,6970.0,-195.0,7120.0,7150.0,6960.0,11398.0
2024.05.28,7165.0,-35.0,7220.0,7220.0,7145.0,12080.0
2024.05.27,7200.0,275.0,7040.0,7200.0,6975.0,60841.0
2024.05.24,6925.0,70.0,6775.0,6945.0,6770.0,9093.0
2024.05.23,6855.0,10.0,6810.0,6875.0,6750.0,13099.0
2024.05.22,6845.0,-35.0,6940.0,6945.0,6830.0,17136.0
2024.05.21,6880.0,-130.0,6995.0,6995.0,6860.0,17099.0
2024.05.20,7010.0,60.0,6990.0,7065.0,6970.0,15628.0
2024.05.17,6950.0,-90.0,7040.0,7075.0,6930.0,12954.0
2024.05.16,7040.0,105.0,7020.0,7060.0,6925.0,29486.0
2024.05.14,6935.0,25.0,6935.0,6970.0,6910.0,16883.0
2024.05.13,6910.0,30.0,6890.0,6980.0,6880.0,18314.0
2024.05.10,6880.0,-25.0,6965.0,6970.0,6845.0,33014.0
2024.05.09,6905.0,30.0,6875.0,6935.0,6855.0,18329.0
2024.05.08,6875.0,0.0,6865.0,6910.0,6825.0,16422.0
2024.05.07,6875.0,150.0,6765.0,6890.0,6765.0,28738.0
2024.05.03,6725.0,-85.0,6845.0,6875.0,6725.0,16848.0
2024.05.02,6810.0,-65.0,6850.0,6895.0,6805.0,20553.0
2024.04.30,6875.0,-15.0,6940.0,6975.0,6875.0,64377.0
2024.04.29,6890.0,115.0,6795.0,6890.0,6770.0,34082.0
2024.04.26,6785.0,110.0,6715.0,6800.0,6695.0,25779.0
2024.04.25,6675.0,-205.0,6820.0,6835.0,6670.0,29427.0
2024.04.24,6880.0,210.0,6800.0,6890.0,6770.0,55376.0
2024.04.23,6670.0,25.0,6655.0,6730.0,6585.0,17258.0
2024.04.22,6645.0,120.0,6620.0,6710.0,6545.0,27550.0
2024.04.19,6525.0,-65.0,6520.0,6550.0,6345.0,25027.0
2024.04.18,6590.0,380.0,6255.0,6590.0,6255.0,26703.0
2024.04.17,6210.0,-45.0,6255.0,6345.0,6205.0,6725.0
2024.04.16,6255.0,-255.0,6450.0,6465.0,6230.0,284386.0
2024.04.15,6510.0,0.0,6485.0,6550.0,6410.0,16012.0
2024.04.12,6510.0,-30.0,6550.0,6675.0,6505.0,14607.0
2024.04.11,6540.0,20.0,6395.0,6540.0,6395.0,14319.0
2024.04.09,6520.0,50.0,6525.0,6665.0,6520.0,20141.0
2024.04.08,6470.0,0.0,6465.0,6500.0,6325.0,12106.0
2024.04.05,6470.0,-35.0,6465.0,6525.0,6455.0,7676.0
2024.04.04,6505.0,80.0,6495.0,6520.0,6420.0,33935.0
2024.04.03,6425.0,-170.0,6565.0,6565.0,6425.0,17380.0
2024.04.02,6595.0,-115.0,6690.0,6690.0,6595.0,29030.0
2024.04.01,6710.0,40.0,6680.0,6730.0,6640.0,17740.0
2024.03.29,6670.0,-65.0,6720.0,6740.0,6665.0,17220.0
2024.03.28,6735.0,-75.0,6825.0,6835.0,6730.0,29873.0
2024.03.27,6810.0,0.0,6795.0,6845.0,6750.0,14736.0
2024.03.26,6810.0,-20.0,6870.0,6880.0,6800.0,23194.0
2024.03.25,6830.0,-25.0,6855.0,6870.0,6825.0,20400.0
2024.03.22,6855.0,30.0,6850.0,6895.0,6820.0,16231.0
2024.03.21,6825.0,125.0,6765.0,6855.0,6740.0,27128.0
2024.03.20,6700.0,5.0,6720.0,6785.0,6690.0,17575.0
2024.03.19,6695.0,-50.0,6800.0,6800.0,6635.0,20883.0
2024.03.18,6745.0,155.0,6635.0,6745.0,6625.0,27453.0
2024.03.15,6590.0,-100.0,6675.0,6720.0,6575.0,316940.0
2024.03.14,6690.0,130.0,6550.0,6700.0,6550.0,41157.0
2024.03.13,6560.0,60.0,6490.0,6580.0,6490.0,37083.0
2024.03.12,6500.0,145.0,6385.0,6500.0,6380.0,37891.0
2024.03.11,6355.0,60.0,6300.0,6415.0,6295.0,17931.0
2024.03.08,6295.0,20.0,6335.0,6335.0,6230.0,21147.0
2024.03.07,6275.0,50.0,6300.0,6330.0,6225.0,16371.0
2024.03.06,6225.0,-25.0,6240.0,6285.0,6200.0,7487.0
2024.03.05,6250.0,-105.0,6320.0,6360.0,6245.0,9702.0
2024.03.04,6355.0,0.0,6410.0,6410.0,6330.0,24863.0
2024.02.29,6355.0,25.0,6310.0,6355.0,6260.0,7050.0
2024.02.28,6330.0,120.0,6270.0,6390.0,6270.0,35662.0
2024.02.27,6210.0,-70.0,6335.0,6340.0,6190.0,26621.0
2024.02.26,6280.0,-10.0,6310.0,6320.0,6255.0,10854.0
2024.02.23,6290.0,5.0,6350.0,6350.0,6245.0,13238.0
2024.02.22,6285.0,30.0,6310.0,6340.0,6255.0,14524.0
2024.02.21,6255.0,25.0,6230.0,6295.0,6205.0,19627.0
2024.02.20,6230.0,30.0,6180.0,6235.0,6110.0,14478.0
2024.02.19,6200.0,-50.0,6255.0,6275.0,6180.0,11476.0
2024.02.16,6250.0,80.0,6250.0,6315.0,6245.0,28852.0
2024.02.15,6170.0,90.0,6185.0,6210.0,6110.0,43980.0
2024.02.14,6080.0,-35.0,6040.0,6120.0,5950.0,10306.0
2024.02.13,6115.0,35.0,6095.0,6150.0,6075.0,19634.0
2024.02.08,6080.0,95.0,6015.0,6120.0,6015.0,21825.0
2024.02.07,5985.0,125.0,5915.0,6095.0,5915.0,23555.0
2024.02.06,5860.0,-110.0,5935.0,5935.0,5835.0,9261.0
2024.02.05,5970.0,-40.0,6010.0,6010.0,5900.0,17430.0
2024.02.02,6010.0,120.0,5955.0,6010.0,5880.0,17020.0
2024.02.01,5890.0,80.0,5810.0,5890.0,5725.0,22452.0
2024.01.31,5810.0,55.0,5755.0,5850.0,5755.0,322315.0
2024.01.30,5755.0,-125.0,5920.0,5965.0,5755.0,22573.0
2024.01.29,5880.0,-130.0,6010.0,6010.0,5875.0,27107.0
2024.01.26,6010.0,180.0,5840.0,6040.0,5810.0,29358.0
2024.01.25,5830.0,-80.0,5905.0,5905.0,5770.0,13926.0
2024.01.24,5910.0,-20.0,5930.0,5965.0,5860.0,12883.0
2024.01.23,5930.0,-60.0,5990.0,6045.0,5920.0,25862.0
2024.01.22,5990.0,-160.0,6165.0,6165.0,5970.0,21087.0
2024.01.19,6150.0,-5.0,6165.0,6245.0,6105.0,18590.0
2024.01.18,6155.0,40.0,6115.0,6275.0,6110.0,6575.0
2024.01.17,6115.0,-200.0,6330.0,6330.0,6100.0,23210.0
2024.01.16,6315.0,-30.0,6345.0,6385.0,6280.0,12308.0
2024.01.15,6345.0,-110.0,6430.0,6430.0,6325.0,15679.0
2024.01.12,6455.0,0.0,6470.0,6495.0,6380.0,7066.0
2024.01.11,6455.0,-25.0,6470.0,6575.0,6455.0,5643.0
2024.01.10,6480.0,-50.0,6550.0,6550.0,6415.0,17929.0
2024.01.09,6530.0,-70.0,6620.0,6640.0,6525.0,6857.0
2024.01.08,6600.0,10.0,6580.0,6630.0,6550.0,12340.0
2024.01.05,6590.0,135.0,6460.0,6635.0,6435.0,26534.0
2024.01.04,6455.0,5.0,6405.0,6465.0,6380.0,21972.0
2024.01.03,6450.0,-220.0,6600.0,6610.0,6450.0,39012.0
2024.01.02,6670.0,5.0,6710.0,6710.0,6610.0,405975.0
2023.12.28,6665.0,100.0,6620.0,6685.0,6565.0,18660.0
2023.12.27,6565.0,95.0,6490.0,6595.0,6490.0,14951.0
2023.12.26,6470.0,-85.0,6555.0,6555.0,6450.0,24414.0
2023.12.22,6555.0,-120.0,6660.0,6715.0,6555.0,17108.0
2023.12.21,6675.0,-110.0,6725.0,6785.0,6625.0,9885.0
2023.12.20,6785.0,80.0,6715.0,6800.0,6715.0,19738.0
2023.12.19,6705.0,-10.0,6760.0,6760.0,6645.0,5220.0
2023.12.18,6715.0,10.0,6785.0,6820.0,6695.0,20303.0
2023.12.15,6705.0,80.0,6665.0,6765.0,6660.0,43118.0
2023.12.14,6625.0,170.0,6555.0,6630.0,6540.0,11736.0
2023.12.13,6455.0,-190.0,6550.0,6580.0,6425.0,13711.0
2023.12.12,6645.0,75.0,6570.0,6650.0,6550.0,16103.0
2023.12.11,6570.0,5.0,6580.0,6600.0,6545.0,16893.0
2023.12.08,6565.0,65.0,6545.0,6565.0,6455.0,16904.0
2023.12.07,6500.0,5.0,6560.0,6560.0,6385.0,16108.0
2023.12.06,6495.0,-60.0,6540.0,6590.0,6475.0,9209.0
2023.12.05,6555.0,-135.0,6565.0,6715.0,6540.0,29068.0
2023.12.04,6690.0,265.0,6545.0,6755.0,6545.0,80962.0
2023.12.01,6425.0,-75.0,6410.0,6485.0,6325.0,54623.0
2023.11.30,6500.0,85.0,6325.0,6500.0,6320.0,30665.0
2023.11.29,6415.0,150.0,6290.0,6415.0,6220.0,29126.0
2023.11.28,6265.0,90.0,6210.0,6300.0,6170.0,26557.0
2023.11.27,6175.0,20.0,6185.0,6225.0,6120.0,3605.0
2023.11.24,6155.0,-65.0,6280.0,6280.0,6155.0,174933.0
2023.11.23,6220.0,60.0,6200.0,6250.0,6160.0,10690.0
2023.11.22,6160.0,10.0,6160.0,6220.0,6105.0,10170.0
2023.11.21,6150.0,-25.0,6200.0,6225.0,6105.0,14879.0
2023.11.20,6175.0,225.0,6015.0,6190.0,6010.0,21179.0
2023.11.17,5950.0,-115.0,6045.0,6045.0,5915.0,18606.0
2023.11.16,6065.0,-50.0,6055.0,6140.0,6020.0,15790.0
2023.11.15,6115.0,155.0,6050.0,6235.0,6045.0,34771.0
2023.11.14,5960.0,235.0,5805.0,5985.0,5780.0,29688.0
2023.11.13,5725.0,-80.0,5860.0,5905.0,5715.0,27160.0
2023.11.10,5805.0,-180.0,5880.0,5880.0,5785.0,29418.0
2023.11.09,5985.0,-90.0,6055.0,6115.0,5895.0,23865.0
2023.11.08,6075.0,-200.0,6275.0,6375.0,6050.0,26547.0
2023.11.07,6275.0,-310.0,6590.0,6630.0,6115.0,88777.0
2023.11.06,6585.0,880.0,5740.0,6585.0,5730.0,140785.0
2023.11.03,5705.0,150.0,5680.0,5725.0,5585.0,59269.0
2023.11.02,5555.0,275.0,5365.0,5555.0,5365.0,83722.0
2023.11.01,5280.0,-40.0,5360.0,5445.0,5260.0,114458.0
2023.10.31,5320.0,-265.0,5605.0,5605.0,5310.0,68567.0
2023.10.30,5585.0,35.0,5500.0,5635.0,5495.0,24957.0
2023.10.27,5550.0,-15.0,5595.0,5680.0,5515.0,18929.0
2023.10.26,5565.0,-260.0,5655.0,5735.0,5560.0,53366.0
2023.10.25,5825.0,-205.0,6050.0,6050.0,5815.0,33239.0
2023.10.24,6030.0,95.0,5980.0,6050.0,5770.0,32239.0
2023.10.23,5935.0,-30.0,5925.0,6000.0,5890.0,5285.0
2023.10.20,5965.0,-165.0,6050.0,6060.0,5930.0,933948.0
2023.10.19,6130.0,-250.0,6250.0,6250.0,6120.0,33382.0
2023.10.18,6380.0,-50.0,6385.0,6435.0,6355.0,23284.0
2023.10.17,6430.0,60.0,6385.0,6530.0,6385.0,133180.0
2023.10.16,6370.0,-65.0,6345.0,6395.0,6295.0,30589.0
2023.10.13,6435.0,-145.0,6540.0,6550.0,6425.0,11114.0
2023.10.12,6580.0,85.0,6530.0,6630.0,6530.0,108789.0
2023.10.11,6495.0,315.0,6240.0,6535.0,6240.0,488041.0
2023.10.10,6180.0,-120.0,6285.0,6400.0,6150.0,35880.0
2023.10.06,6300.0,-20.0,6320.0,6385.0,6265.0,14656.0
2023.10.05,6320.0,-20.0,6475.0,6475.0,6315.0,19907.0
2023.10.04,6340.0,-375.0,6600.0,6600.0,6340.0,33889.0
2023.09.27,6715.0,15.0,6670.0,6720.0,6615.0,28518.0
2023.09.26,6700.0,-105.0,6830.0,6895.0,6700.0,13182.0
2023.09.25,6805.0,-250.0,7010.0,7055.0,6770.0,42125.0
2023.09.22,7055.0,-30.0,6990.0,7095.0,6915.0,11537.0
2023.09.21,7085.0,-145.0,7250.0,7250.0,7075.0,10716.0
2023.09.20,7230.0,20.0,7210.0,7235.0,7155.0,7193.0
2023.09.19,7210.0,-45.0,7250.0,7320.0,7190.0,10693.0
2023.09.18,7255.0,-10.0,7215.0,7315.0,7215.0,7963.0
2023.09.15,7265.0,75.0,7190.0,7310.0,7190.0,11143.0
2023.09.14,7190.0,95.0,7095.0,7200.0,7095.0,5360.0
2023.09.13,7095.0,-15.0,7110.0,7165.0,7060.0,5425.0
2023.09.12,7110.0,-150.0,7320.0,7335.0,7110.0,23959.0
2023.09.11,7260.0,60.0,7220.0,7315.0,7220.0,11336.0
2023.09.08,7200.0,40.0,7170.0,7235.0,7130.0,8408.0
2023.09.07,7160.0,-140.0,7290.0,7320.0,7145.0,17911.0
2023.09.06,7300.0,-90.0,7400.0,7470.0,7300.0,8014.0
2023.09.05,7390.0,-35.0,7400.0,7440.0,7360.0,15308.0
2023.09.04,7425.0,10.0,7410.0,7510.0,7390.0,29730.0
2023.09.01,7415.0,-255.0,7655.0,7675.0,7405.0,30775.0
2023.08.31,7670.0,15.0,7685.0,7725.0,7635.0,265072.0
2023.08.30,7655.0,-40.0,7730.0,7755.0,7655.0,30319.0
2023.08.29,7695.0,20.0,7685.0,7725.0,7650.0,12721.0
2023.08.28,7675.0,215.0,7545.0,7680.0,7515.0,28874.0
2023.08.25,7460.0,15.0,7380.0,7525.0,7360.0,17021.0
2023.08.24,7445.0,65.0,7460.0,7480.0,7295.0,17736.0
2023.08.23,7380.0,-85.0,7495.0,7495.0,7355.0,11680.0
2023.08.22,7465.0,80.0,7475.0,7510.0,7390.0,24409.0
2023.08.21,7385.0,80.0,7365.0,7460.0,7320.0,11759.0
2023.08.18,7305.0,-110.0,7395.0,7405.0,7275.0,17118.0
2023.08.17,7415.0,35.0,7380.0,7440.0,7210.0,43486.0
2023.08.16,7380.0,-205.0,7545.0,7585.0,7380.0,33470.0
2023.08.14,7585.0,-200.0,7740.0,7740.0,7510.0,41045.0
2023.08.11,7785.0,15.0,7830.0,7830.0,7675.0,12799.0
2023.08.10,7770.0,-100.0,7865.0,7890.0,7770.0,11731.0
2023.08.09,7870.0,100.0,7780.0,7910.0,7780.0,19484.0
2023.08.08,7770.0,60.0,7735.0,7810.0,7680.0,46951.0
2023.08.07,7710.0,-270.0,7980.0,7980.0,7685.0,57954.0
2023.08.04,7980.0,-55.0,8040.0,8105.0,7980.0,14789.0
2023.08.03,8035.0,-80.0,8125.0,8215.0,7940.0,29827.0
2023.08.02,8115.0,-190.0,8190.0,8420.0,8115.0,27295.0
2023.08.01,8305.0,-60.0,8520.0,8520.0,8180.0,63642.0
2023.07.31,8365.0,245.0,8215.0,8435.0,8215.0,296025.0
2023.07.28,8120.0,315.0,7750.0,8155.0,7690.0,46556.0
2023.07.27,7805.0,-640.0,8370.0,8490.0,7775.0,165785.0
2023.07.26,8445.0,-305.0,8835.0,9170.0,8110.0,184325.0
2023.07.25,8750.0,500.0,8270.0,8855.0,8185.0,112142.0
2023.07.24,8250.0,165.0,8065.0,8295.0,8050.0,85665.0
2023.07.21,8085.0,105.0,7865.0,8120.0,7860.0,170188.0
2023.07.20,7980.0,5.0,7895.0,8030.0,7785.0,47675.0
2023.07.19,7975.0,235.0,7740.0,7985.0,7740.0,88416.0
2023.07.18,7740.0,190.0,7575.0,7740.0,7515.0,80936.0
2023.07.17,7550.0,-80.0,7580.0,7640.0,7525.0,28850.0
2023.07.14,7630.0,-85.0,7695.0,7740.0,7570.0,63937.0
2023.07.13,7715.0,90.0,7645.0,7720.0,7575.0,122823.0
2023.07.12,7625.0,-75.0,7705.0,7775.0,7605.0,228123.0
2023.07.11,7700.0,245.0,7505.0,7700.0,7505.0,126538.0
2023.07.10,7455.0,95.0,7440.0,7540.0,7400.0,71558.0
2023.07.07,7360.0,15.0,7330.0,7385.0,7270.0,24474.0
2023.07.06,7345.0,-65.0,7435.0,7445.0,7325.0,24285.0
2023.07.05,7410.0,25.0,7430.0,7485.0,7350.0,67787.0
2023.07.04,7385.0,100.0,7350.0,7465.0,7270.0,162746.0
2023.07.03,7285.0,125.0,7200.0,7325.0,7175.0,54538.0
2023.06.30,7160.0,155.0,7020.0,7180.0,7020.0,34681.0
2023.06.29,7005.0,-40.0,7015.0,7115.0,6920.0,32215.0
2023.06.28,7045.0,-115.0,7190.0,7205.0,7025.0,13776.0
2023.06.27,7160.0,15.0,7145.0,7175.0,7065.0,40877.0
2023.06.26,7145.0,-20.0,7165.0,7235.0,7140.0,186977.0
2023.06.23,7165.0,-85.0,7250.0,7285.0,7165.0,18076.0
2023.06.22,7250.0,-70.0,7280.0,7300.0,7200.0,10642.0
2023.06.21,7320.0,-20.0,7305.0,7415.0,7300.0,15873.0
2023.06.20,7340.0,20.0,7320.0,7420.0,7300.0,31363.0
2023.06.19,7320.0,0.0,7320.0,7350.0,7265.0,37923.0
2023.06.16,7320.0,190.0,7185.0,7330.0,7155.0,170903.0
2023.06.15,7130.0,55.0,7100.0,7190.0,7060.0,153353.0
2023.06.14,7075.0,-150.0,7260.0,7325.0,7075.0,50826.0
2023.06.13,7225.0,55.0,7200.0,7265.0,7175.0,31536.0
2023.06.12,7170.0,-10.0,7185.0,7225.0,7105.0,107480.0
2023.06.09,7180.0,115.0,7135.0,7185.0,7105.0,274660.0
2023.06.08,7065.0,0.0,7065.0,7165.0,7040.0,44676.0
2023.06.07,7065.0,95.0,6980.0,7095.0,6980.0,176447.0
2023.06.05,6970.0,175.0,6830.0,6980.0,6830.0,40669.0
2023.06.02,6795.0,125.0,6675.0,6800.0,6675.0,11081.0
2023.06.01,6670.0,-20.0,6685.0,6740.0,6640.0,96387.0
2023.05.31,6690.0,70.0,6615.0,6730.0,6615.0,488502.0
2023.05.30,6620.0,10.0,6625.0,6670.0,6570.0,11586.0
2023.05.26,6610.0,-95.0,6640.0,6695.0,6585.0,15895.0
2023.05.25,6705.0,-45.0,6720.0,6760.0,6670.0,9937.0
2023.05.24,6750.0,80.0,6670.0,6765.0,6645.0,34499.0
2023.05.23,6670.0,80.0,6610.0,6700.0,6600.0,28612.0
2023.05.22,6590.0,190.0,6435.0,6590.0,6400.0,40855.0
2023.05.19,6400.0,5.0,6395.0,6415.0,6330.0,13803.0
2023.05.18,6395.0,45.0,6385.0,6420.0,6350.0,9391.0
2023.05.17,6350.0,10.0,6300.0,6370.0,6290.0,16671.0
2023.05.16,6340.0,30.0,6385.0,6385.0,6315.0,3092.0
2023.05.15,6310.0,10.0,6305.0,6325.0,6245.0,10973.0
2023.05.12,6300.0,-50.0,6375.0,6375.0,6285.0,25918.0
2023.05.11,6350.0,-40.0,6470.0,6495.0,6350.0,8957.0
2023.05.10,6390.0,-65.0,6475.0,6485.0,6375.0,7210.0
2023.05.09,6455.0,15.0,6460.0,6475.0,6395.0,19640.0
2023.05.08,6440.0,-65.0,6510.0,6530.0,6440.0,6203.0
2023.05.04,6505.0,35.0,6470.0,6545.0,6445.0,26155.0
2023.05.03,6470.0,-200.0,6600.0,6630.0,6470.0,20937.0
2023.05.02,6670.0,-10.0,6680.0,6715.0,6620.0,32296.0
2023.04.28,6680.0,-30.0,6765.0,6795.0,6615.0,21962.0
2023.04.27,6710.0,185.0,6555.0,6730.0,6505.0,32310.0
2023.04.26,6535.0,-95.0,6635.0,6665.0,6535.0,36199.0
2023.04.25,6630.0,-125.0,6780.0,6840.0,6590.0,45324.0
2023.04.24,6755.0,-30.0,6785.0,6900.0,6745.0,41176.0
2023.04.21,6785.0,-130.0,6910.0,6915.0,6745.0,42098.0
2023.04.20,6915.0,-5.0,6920.0,7020.0,6880.0,52154.0
2023.04.19,6920.0,0.0,6910.0,7030.0,6900.0,70482.0
2023.04.18,6920.0,-10.0,6975.0,6975.0,6860.0,74206.0
2023.04.17,6930.0,180.0,6770.0,6930.0,6745.0,67542.0
2023.04.14,6750.0,125.0,6695.0,6770.0,6640.0,52017.0
2023.04.13,6625.0,20.0,6525.0,6660.0,6405.0,59895.0
2023.04.12,6605.0,30.0,6600.0,6770.0,6575.0,72858.0
2023.04.11,6575.0,55.0,6550.0,6640.0,6430.0,924036.0
2023.04.10,6520.0,210.0,6345.0,6645.0,6345.0,484352.0
2023.04.07,6310.0,10.0,6310.0,6375.0,6300.0,43814.0
2023.04.06,6300.0,20.0,6260.0,6330.0,6235.0,34504.0
2023.04.05,6280.0,30.0,6215.0,6300.0,6170.0,16906.0
2023.04.04,6250.0,-5.0,6255.0,6335.0,6215.0,56285.0
2023.04.03,6255.0,80.0,6240.0,6270.0,6190.0,885061.0
2023.03.31,6175.0,35.0,6140.0,6200.0,6120.0,144970.0
2023.03.30,6140.0,0.0,6165.0,6175.0,6080.0,24188.0
2023.03.29,6140.0,75.0,6055.0,6155.0,6045.0,25816.0
2023.03.28,6065.0,85.0,5990.0,6065.0,5975.0,23793.0
2023.03.27,5980.0,-45.0,6070.0,6090.0,5940.0,15445.0
2023.03.24,6025.0,-15.0,6045.0,6055.0,5950.0,13434.0
2023.03.23,6040.0,60.0,5930.0,6165.0,5930.0,53092.0
2023.03.22,5980.0,65.0,5970.0,5980.0,5925.0,13876.0
2023.03.21,5915.0,65.0,5870.0,5930.0,5870.0,11771.0
2023.03.20,5850.0,0.0,5785.0,5925.0,5730.0,97827.0
2023.03.17,5850.0,-110.0,6005.0,6005.0,5830.0,12928.0
2023.03.16,5960.0,-50.0,5975.0,6040.0,5910.0,16724.0
2023.03.15,6010.0,270.0,5840.0,6010.0,5840.0,26103.0
2023.03.14,5740.0,-220.0,5940.0,5965.0,5740.0,87763.0
2023.03.13,5960.0,65.0,5865.0,5960.0,5810.0,27365.0
2023.03.10,5895.0,-110.0,5905.0,5995.0,5885.0,10276.0
2023.03.09,6005.0,-15.0,6070.0,6090.0,5985.0,9733.0
2023.03.08,6020.0,-40.0,5975.0,6075.0,5950.0,30166.0
2023.03.07,6060.0,5.0,6025.0,6110.0,5995.0,26891.0
2023.03.06,6055.0,170.0,5980.0,6060.0,5935.0,68551.0
2023.03.03,5885.0,110.0,5790.0,5885.0,5790.0,54333.0
2023.03.02,5775.0,65.0,5710.0,5850.0,5710.0,56496.0
2023.02.28,5710.0,15.0,5730.0,5770.0,5700.0,28265.0
2023.02.27,5695.0,-40.0,5665.0,5735.0,5645.0,34006.0
2023.02.24,5735.0,10.0,5705.0,5785.0,5700.0,7178.0
2023.02.23,5725.0,-35.0,5775.0,5780.0,5670.0,31906.0
2023.02.22,5760.0,-15.0,5680.0,5790.0,5680.0,8400.0
2023.02.21,5775.0,130.0,5635.0,5785.0,5635.0,31874.0
2023.02.20,5645.0,-40.0,5675.0,5675.0,5575.0,7859.0
2023.02.17,5685.0,-15.0,5650.0,5695.0,5605.0,6750.0
2023.02.16,5700.0,115.0,5615.0,5700.0,5615.0,17909.0
2023.02.15,5585.0,-75.0,5675.0,5735.0,5570.0,19440.0
2023.02.14,5660.0,30.0,5655.0,5680.0,5610.0,12894.0
2023.02.13,5630.0,30.0,5570.0,5685.0,5570.0,14325.0
2023.02.10,5600.0,0.0,5585.0,5615.0,5545.0,10228.0
2023.02.09,5600.0,70.0,5500.0,5610.0,5500.0,18043.0
2023.02.08,5530.0,25.0,5525.0,5565.0,5510.0,16588.0
2023.02.07,5505.0,5.0,5485.0,5545.0,5485.0,20218.0
2023.02.06,5500.0,-80.0,5530.0,5580.0,5500.0,20044.0
2023.02.03,5580.0,30.0,5545.0,5595.0,5525.0,16346.0
2023.02.02,5550.0,60.0,5540.0,5560.0,5495.0,11341.0
2023.02.01,5490.0,35.0,5470.0,5510.0,5450.0,76205.0
2023.01.31,5455.0,80.0,5325.0,5480.0,5320.0,33336.0
2023.01.30,5375.0,-45.0,5385.0,5440.0,5350.0,11910.0
2023.01.27,5420.0,45.0,5390.0,5475.0,5375.0,17917.0
2023.01.26,5375.0,140.0,5235.0,5385.0,5225.0,9413.0
2023.01.25,5235.0,35.0,5210.0,5260.0,5210.0,10947.0
2023.01.20,5200.0,65.0,5160.0,5200.0,5120.0,21211.0
2023.01.19,5135.0,-25.0,5155.0,5160.0,5125.0,11658.0
2023.01.18,5160.0,-80.0,5240.0,5250.0,5150.0,12204.0
2023.01.17,5240.0,-60.0,5305.0,5310.0,5220.0,27997.0
2023.01.16,5300.0,-35.0,5355.0,5355.0,5285.0,5479.0
2023.01.13,5335.0,30.0,5310.0,5355.0,5310.0,6148.0
2023.01.12,5305.0,75.0,5260.0,5320.0,5260.0,7146.0
2023.01.11,5230.0,60.0,5185.0,5235.0,5180.0,20787.0
2023.01.10,5170.0,25.0,5170.0,5220.0,5125.0,17172.0
2023.01.09,5145.0,175.0,5000.0,5145.0,4990.0,17666.0
2023.01.06,4970.0,65.0,4875.0,4985.0,4835.0,15446.0
2023.01.05,4905.0,-105.0,5005.0,5005.0,4875.0,6513.0
2023.01.04,5010.0,25.0,4960.0,5010.0,4885.0,10560.0
2023.01.03,4985.0,-45.0,5015.0,5015.0,4890.0,4884.0
2023.01.02,5030.0,-50.0,5095.0,5170.0,5020.0,69323.0
2022.12.29,5080.0,-75.0,5125.0,5200.0,5035.0,6577.0
2022.12.28,5155.0,-30.0,5145.0,5220.0,5145.0,5001.0
2022.12.27,5185.0,65.0,5170.0,5185.0,5125.0,15993.0
2022.12.26,5120.0,-25.0,5150.0,5150.0,5085.0,13298.0
2022.12.23,5145.0,-120.0,5225.0,5225.0,5140.0,2667.0
2022.12.22,5265.0,-5.0,5285.0,5310.0,5245.0,2346.0
2022.12.21,5270.0,-5.0,5280.0,5335.0,5255.0,5988.0
2022.12.20,5275.0,-35.0,5305.0,5350.0,5250.0,6903.0
2022.12.19,5310.0,-15.0,5300.0,5315.0,5280.0,9899.0
2022.12.16,5325.0,-75.0,5290.0,5390.0,5290.0,11160.0
2022.12.15,5400.0,-45.0,5415.0,5500.0,5380.0,61183.0
2022.12.14,5445.0,75.0,5385.0,5445.0,5375.0,7659.0
2022.12.13,5370.0,25.0,5380.0,5435.0,5355.0,33608.0
2022.12.12,5345.0,10.0,5335.0,5370.0,5315.0,108821.0
2022.12.09,5335.0,-65.0,5420.0,5420.0,5295.0,100725.0
2022.12.08,5400.0,-95.0,5485.0,5485.0,5355.0,109751.0
2022.12.07,5495.0,0.0,5460.0,5505.0,5445.0,14572.0
2022.12.06,5495.0,-30.0,5495.0,5550.0,5460.0,8522.0
2022.12.05,5525.0,-80.0,5605.0,5625.0,5525.0,13419.0
2022.12.02,5605.0,-135.0,5740.0,5740.0,5600.0,4419.0
2022.12.01,5740.0,-20.0,5805.0,5805.0,5730.0,39864.0
2022.11.30,5760.0,50.0,5680.0,5760.0,5635.0,7073.0
2022.11.29,5710.0,55.0,5655.0,5710.0,5655.0,2779.0
2022.11.28,5655.0,-130.0,5775.0,5775.0,5635.0,9174.0
2022.11.25,5785.0,65.0,5745.0,5790.0,5740.0,9701.0
2022.11.24,5720.0,50.0,5720.0,5730.0,5710.0,9798.0
2022.11.23,5670.0,-5.0,5685.0,5690.0,5640.0,41388.0
2022.11.22,5675.0,55.0,5635.0,5710.0,5635.0,5924.0
2022.11.21,5620.0,-145.0,5745.0,5745.0,5615.0,18187.0
2022.11.18,5765.0,30.0,5750.0,5825.0,5750.0,24376.0
2022.11.17,5735.0,-75.0,5820.0,5820.0,5735.0,17634.0
2022.11.16,5810.0,75.0,5775.0,5810.0,5675.0,39387.0
2022.11.15,5735.0,5.0,5755.0,5770.0,5690.0,90739.0
2022.11.14,5730.0,-35.0,5775.0,5825.0,5725.0,25921.0
2022.11.11,5765.0,200.0,5760.0,5770.0,5690.0,50498.0
2022.11.10,5565.0,-40.0,5545.0,5660.0,5545.0,29316.0
2022.11.09,5605.0,65.0,5550.0,5620.0,5545.0,12968.0
2022.11.08,5540.0,35.0,5510.0,5540.0,5450.0,26274.0
2022.11.07,5505.0,15.0,5510.0,5520.0,5465.0,84604.0
2022.11.04,5490.0,20.0,5465.0,5545.0,5465.0,32806.0
2022.11.03,5470.0,115.0,5235.0,5480.0,5235.0,26732.0
2022.11.02,5355.0,-80.0,5435.0,5440.0,5330.0,16377.0
2022.11.01,5435.0,260.0,5220.0,5450.0,5220.0,39205.0
2022.10.31,5175.0,0.0,5215.0,5215.0,5105.0,64443.0
2022.10.28,5175.0,45.0,5130.0,5215.0,5115.0,30942.0
2022.10.27,5130.0,155.0,4990.0,5145.0,4990.0,150683.0
2022.10.26,4975.0,65.0,4950.0,4995.0,4925.0,103424.0
2022.10.25,4910.0,-120.0,5005.0,5040.0,4905.0,23785.0
2022.10.24,5030.0,95.0,5005.0,5065.0,4990.0,35550.0
2022.10.21,4935.0,-50.0,4975.0,5015.0,4935.0,8134.0
2022.10.20,4985.0,-20.0,5005.0,5070.0,4955.0,5375.0
2022.10.19,5005.0,0.0,5015.0,5085.0,4975.0,1972.0
2022.10.18,5005.0,15.0,5095.0,5095.0,4930.0,22493.0
2022.10.17,4990.0,25.0,4865.0,4990.0,4865.0,4205.0
2022.10.14,4965.0,125.0,4945.0,4990.0,4940.0,10344.0
2022.10.13,4840.0,-165.0,4980.0,4980.0,4840.0,2209.0
2022.10.12,5005.0,5.0,4985.0,5020.0,4915.0,791.0
2022.10.11,5000.0,-115.0,5015.0,5060.0,4965.0,19497.0
2022.10.07,5115.0,-20.0,5085.0,5160.0,5085.0,9039.0
2022.10.06,5135.0,140.0,5015.0,5150.0,5015.0,28473.0
2022.10.05,4995.0,-10.0,5085.0,5090.0,4955.0,27721.0
2022.10.04,5005.0,215.0,4870.0,5005.0,4815.0,14554.0
2022.09.30,4790.0,-60.0,4795.0,4880.0,4725.0,31190.0
2022.09.29,4850.0,-5.0,4930.0,4995.0,4840.0,17076.0
2022.09.28,4855.0,-165.0,5005.0,5060.0,4820.0,43159.0
2022.09.27,5020.0,-20.0,5030.0,5085.0,4940.0,9447.0
2022.09.26,5040.0,-255.0,5210.0,5215.0,5010.0,18543.0
2022.09.23,5295.0,-195.0,5490.0,5490.0,5275.0,10764.0
2022.09.22,5490.0,105.0,5325.0,5490.0,5320.0,11717.0
2022.09.21,5385.0,25.0,5330.0,5430.0,5330.0,2218.0
2022.09.20,5360.0,100.0,5320.0,5365.0,5300.0,2529.0
2022.09.19,5260.0,-150.0,5420.0,5420.0,5250.0,7323.0
2022.09.16,5410.0,-125.0,5505.0,5510.0,5410.0,34113.0
2022.09.15,5535.0,60.0,5510.0,5560.0,5500.0,11755.0
2022.09.14,5475.0,-75.0,5400.0,5475.0,5400.0,15537.0
2022.09.13,5550.0,50.0,5585.0,5590.0,5485.0,35934.0
2022.09.08,5500.0,-15.0,5565.0,5575.0,5490.0,34370.0
2022.09.07,5515.0,-105.0,5590.0,5615.0,5470.0,6835.0
2022.09.06,5620.0,35.0,5590.0,5665.0,5590.0,8575.0
2022.09.05,5585.0,-5.0,5565.0,5650.0,5560.0,13036.0
2022.09.02,5590.0,10.0,5610.0,5640.0,5565.0,17656.0
2022.09.01,5580.0,-200.0,5750.0,5755.0,5580.0,35364.0
2022.08.31,5780.0,-80.0,5785.0,5790.0,5700.0,18506.0
2022.08.30,5860.0,-5.0,5905.0,5950.0,5840.0,19659.0
2022.08.29,5865.0,-80.0,5770.0,5910.0,5745.0,38026.0
2022.08.26,5945.0,15.0,5945.0,6000.0,5920.0,41112.0
2022.08.25,5930.0,45.0,5890.0,5930.0,5865.0,26223.0
2022.08.24,5885.0,140.0,5770.0,5885.0,5770.0,50067.0
2022.08.23,5745.0,115.0,5620.0,5745.0,5610.0,32287.0
2022.08.22,5630.0,-60.0,5600.0,5690.0,5600.0,25898.0
2022.08.19,5690.0,-40.0,5730.0,5785.0,5690.0,11267.0
2022.08.18,5730.0,-5.0,5705.0,5755.0,5675.0,22601.0
2022.08.17,5735.0,-30.0,5750.0,5800.0,5710.0,53203.0
2022.08.16,5765.0,10.0,5800.0,5800.0,5745.0,39678.0
2022.08.12,5755.0,-5.0,5755.0,5820.0,5725.0,47278.0
2022.08.11,5760.0,70.0,5765.0,5765.0,5725.0,27415.0
2022.08.10,5690.0,80.0,5600.0,5710.0,5600.0,54603.0
2022.08.09,5610.0,45.0,5565.0,5615.0,5540.0,34471.0
2022.08.08,5565.0,90.0,5470.0,5565.0,5455.0,17995.0
2022.08.05,5475.0,10.0,5465.0,5500.0,5465.0,18181.0
2022.08.04,5465.0,-20.0,5540.0,5540.0,5445.0,15411.0
2022.08.03,5485.0,65.0,5450.0,5490.0,5430.0,4589.0
2022.08.02,5420.0,-5.0,5440.0,5455.0,5365.0,20838.0
2022.08.01,5425.0,90.0,5340.0,5445.0,5335.0,31089.0
2022.07.29,5335.0,130.0,5255.0,5335.0,5230.0,9450.0
2022.07.28,5205.0,110.0,5135.0,5210.0,5135.0,19588.0
2022.07.27,5095.0,15.0,5075.0,5095.0,5030.0,1622.0
2022.07.26,5080.0,20.0,5050.0,5130.0,5050.0,2993.0
2022.07.25,5060.0,35.0,5010.0,5070.0,5010.0,2227.0
2022.07.22,5025.0,15.0,5040.0,5070.0,5010.0,127527.0
2022.07.21,5010.0,55.0,4980.0,5020.0,4965.0,19905.0
2022.07.20,4955.0,10.0,5020.0,5020.0,4950.0,34372.0
2022.07.19,4945.0,-30.0,4970.0,4995.0,4935.0,4754.0
2022.07.18,4975.0,110.0,4890.0,4980.0,4865.0,9155.0
2022.07.15,4865.0,-60.0,4930.0,4930.0,4820.0,3438.0
2022.07.14,4925.0,-25.0,4950.0,4965.0,4900.0,36193.0
2022.07.13,4950.0,-5.0,4910.0,4955.0,4830.0,10260.0
2022.07.12,4955.0,-50.0,4980.0,4980.0,4900.0,26869.0
2022.07.11,5005.0,-60.0,5065.0,5070.0,4995.0,12463.0
2022.07.08,5065.0,75.0,5045.0,5090.0,5030.0,42889.0
2022.07.07,4990.0,95.0,4955.0,5000.0,4905.0,13671.0
2022.07.06,4895.0,-230.0,5130.0,5140.0,4880.0,42327.0
2022.07.05,5125.0,80.0,5055.0,5125.0,5020.0,58679.0
2022.07.04,5045.0,-150.0,5205.0,5205.0,4985.0,46045.0
2022.07.01,5195.0,-110.0,5305.0,5305.0,5140.0,64418.0
2022.06.30,5305.0,-75.0,5380.0,5425.0,5290.0,37678.0
2022.06.29,5380.0,-30.0,5355.0,5415.0,5355.0,13762.0
2022.06.28,5410.0,20.0,5380.0,5435.0,5350.0,18901.0
2022.06.27,5390.0,215.0,5275.0,5405.0,5275.0,46365.0
2022.06.24,5175.0,95.0,5125.0,5180.0,5045.0,29124.0
2022.06.23,5080.0,-110.0,5230.0,5270.0,5055.0,11354.0
2022.06.22,5190.0,-160.0,5370.0,5390.0,5190.0,102241.0
2022.06.21,5350.0,135.0,5235.0,5365.0,5220.0,18484.0
2022.06.20,5215.0,-125.0,5375.0,5375.0,5180.0,31542.0
2022.06.17,5340.0,40.0,5200.0,5345.0,5185.0,30177.0
2022.06.16,5300.0,25.0,5355.0,5435.0,5300.0,59608.0
2022.06.15,5275.0,-190.0,5475.0,5475.0,5255.0,25896.0
2022.06.14,5465.0,45.0,5335.0,5465.0,5320.0,84683.0
2022.06.13,5420.0,-190.0,5510.0,5520.0,5420.0,10294.0
2022.06.10,5610.0,-5.0,5585.0,5625.0,5545.0,39401.0
2022.06.09,5615.0,30.0,5585.0,5620.0,5565.0,8179.0
2022.06.08,5585.0,-30.0,5650.0,5650.0,5580.0,20296.0
2022.06.07,5615.0,-35.0,5640.0,5675.0,5600.0,8469.0
2022.06.03,5650.0,30.0,5655.0,5665.0,5625.0,19347.0
2022.06.02,5620.0,-35.0,5660.0,5660.0,5605.0,24387.0
2022.05.31,5655.0,105.0,5560.0,5655.0,5560.0,21127.0
2022.05.30,5550.0,70.0,5515.0,5550.0,5515.0,34428.0
2022.05.27,5480.0,60.0,5495.0,5495.0,5455.0,8654.0
2022.05.26,5420.0,20.0,5400.0,5470.0,5400.0,21435.0
2022.05.25,5400.0,-15.0,5445.0,5445.0,5375.0,8727.0
2022.05.24,5415.0,-55.0,5480.0,5510.0,5410.0,8841.0
2022.05.23,5470.0,-5.0,5500.0,5515.0,5440.0,12617.0
2022.05.20,5475.0,175.0,5355.0,5485.0,5355.0,32661.0
2022.05.19,5300.0,-50.0,5210.0,5330.0,5210.0,24192.0
2022.05.18,5350.0,-45.0,5430.0,5430.0,5335.0,170170.0
2022.05.17,5395.0,30.0,5365.0,5410.0,5350.0,11387.0
2022.05.16,5365.0,20.0,5390.0,5390.0,5325.0,2915.0
2022.05.13,5345.0,145.0,5230.0,5345.0,5230.0,21732.0
2022.05.12,5200.0,-140.0,5270.0,5330.0,5180.0,45934.0
2022.05.11,5340.0,-30.0,5365.0,5375.0,5325.0,4496.0
2022.05.10,5370.0,-55.0,5360.0,5395.0,5265.0,49253.0
2022.05.09,5425.0,-85.0,5495.0,5495.0,5410.0,6907.0
2022.05.06,5510.0,0.0,5450.0,5545.0,5450.0,13489.0
2022.05.04,5510.0,-10.0,5550.0,5560.0,5490.0,174661.0
2022.05.03,5520.0,35.0,5520.0,5570.0,5520.0,16671.0
2022.05.02,5485.0,-40.0,5470.0,5510.0,5460.0,38548.0
2022.04.29,5525.0,-10.0,5530.0,5550.0,5500.0,39741.0
2022.04.28,5535.0,50.0,5500.0,5535.0,5455.0,88439.0
2022.04.27,5535.0,-5.0,5385.0,5555.0,5385.0,43081.0
2022.04.26,5540.0,-25.0,5600.0,5600.0,5525.0,46746.0
2022.04.25,5565.0,-120.0,5585.0,5635.0,5565.0,39385.0
2022.04.22,5685.0,-50.0,5700.0,5715.0,5650.0,11950.0
2022.04.21,5735.0,10.0,5750.0,5760.0,5700.0,54634.0
2022.04.20,5725.0,-15.0,5750.0,5750.0,5685.0,152043.0
2022.04.19,5740.0,85.0,5700.0,5745.0,5685.0,353616.0
2022.04.18,5655.0,-35.0,5685.0,5725.0,5640.0,46919.0
2022.04.15,5690.0,50.0,5600.0,5705.0,5575.0,44641.0
2022.04.14,5640.0,60.0,5585.0,5645.0,5570.0,80957.0
2022.04.13,5580.0,205.0,5395.0,5580.0,5395.0,65016.0
2022.04.12,5375.0,-35.0,5360.0,5410.0,5340.0,22196.0
2022.04.11,5410.0,-50.0,5420.0,5475.0,5400.0,9635.0
2022.04.08,5460.0,75.0,5420.0,5460.0,5395.0,16118.0
2022.04.07,5385.0,-95.0,5455.0,5455.0,5365.0,19435.0
2022.04.06,5480.0,-40.0,5475.0,5495.0,5455.0,15237.0
2022.04.05,5520.0,75.0,5475.0,5525.0,5455.0,27798.0
2022.04.04,5445.0,55.0,5380.0,5450.0,5350.0,13360.0
2022.04.01,5390.0,-95.0,5465.0,5465.0,5385.0,29124.0
2022.03.31,5485.0,80.0,5380.0,5485.0,5380.0,28438.0
2022.03.30,5405.0,-30.0,5470.0,5470.0,5395.0,11376.0
2022.03.29,5435.0,-35.0,5510.0,5525.0,5435.0,11025.0
2022.03.28,5470.0,-20.0,5490.0,5510.0,5445.0,5494.0
2022.03.25,5490.0,25.0,5495.0,5525.0,5485.0,40934.0
2022.03.24,5465.0,35.0,5400.0,5465.0,5390.0,23749.0
2022.03.23,5430.0,70.0,5385.0,5430.0,5385.0,37549.0
2022.03.22,5360.0,75.0,5310.0,5360.0,5305.0,12261.0
2022.03.21,5285.0,-15.0,5325.0,5360.0,5285.0,22230.0
2022.03.18,5300.0,30.0,5275.0,5300.0,5245.0,5827.0
2022.03.17,5270.0,65.0,5310.0,5315.0,5265.0,15017.0
2022.03.16,5205.0,65.0,5220.0,5235.0,5175.0,5313.0
2022.03.15,5140.0,-125.0,5235.0,5245.0,5140.0,17249.0
2022.03.14,5265.0,-120.0,5355.0,5355.0,5245.0,51045.0
2022.03.11,5385.0,50.0,5335.0,5385.0,5275.0,40918.0
2022.03.10,5335.0,60.0,5430.0,5430.0,5310.0,12940.0
2022.03.08,5275.0,-140.0,5375.0,5385.0,5275.0,12711.0
2022.03.07,5415.0,-60.0,5450.0,5485.0,5400.0,31271.0
2022.03.04,5475.0,40.0,5455.0,5520.0,5425.0,68950.0
2022.03.03,5435.0,-20.0,5525.0,5525.0,5430.0,89128.0
2022.03.02,5455.0,150.0,5300.0,5490.0,5300.0,90413.0
2022.02.28,5305.0,160.0,5220.0,5335.0,5215.0,89539.0
2022.02.25,5145.0,195.0,5075.0,5185.0,5060.0,30808.0
2022.02.24,4950.0,-180.0,5085.0,5110.0,4950.0,49616.0
2022.02.23,5130.0,190.0,4985.0,5130.0,4985.0,72723.0
2022.02.22,4940.0,-45.0,4895.0,4995.0,4895.0,31876.0
2022.02.21,4985.0,10.0,4895.0,4985.0,4880.0,33536.0
2022.02.18,4975.0,115.0,4795.0,4975.0,4790.0,37068.0
2022.02.17,4860.0,35.0,4830.0,4955.0,4795.0,66825.0
2022.02.16,4825.0,165.0,4750.0,4825.0,4750.0,24348.0
2022.02.15,4660.0,-40.0,4725.0,4750.0,4635.0,25381.0
2022.02.14,4700.0,-165.0,4795.0,4800.0,4695.0,37921.0
2022.02.11,4865.0,-85.0,4885.0,4940.0,4850.0,16022.0
2022.02.10,4950.0,-15.0,5000.0,5020.0,4940.0,36637.0
2022.02.09,4965.0,75.0,4925.0,4980.0,4895.0,14261.0
2022.02.08,4890.0,0.0,4895.0,4960.0,4845.0,50500.0
2022.02.07,4890.0,-65.0,4955.0,4955.0,4835.0,13684.0
2022.02.04,4955.0,50.0,4880.0,4955.0,4880.0,27627.0
2022.02.03,4905.0,105.0,4880.0,4930.0,4860.0,99705.0
2022.01.28,4800.0,95.0,4720.0,4810.0,4605.0,125106.0
2022.01.27,4705.0,-155.0,4840.0,4845.0,4690.0,79922.0
2022.01.26,4860.0,-80.0,4935.0,5020.0,4855.0,23618.0
2022.01.25,4940.0,-150.0,5100.0,5100.0,4925.0,36196.0
2022.01.24,5090.0,-195.0,5230.0,5230.0,5070.0,31042.0
2022.01.21,5285.0,-55.0,5295.0,5320.0,5250.0,15055.0
2022.01.20,5340.0,35.0,5320.0,5345.0,5250.0,6494.0
2022.01.19,5305.0,-10.0,5280.0,5360.0,5270.0,79175.0
2022.01.18,5315.0,-125.0,5450.0,5470.0,5310.0,34389.0
2022.01.17,5440.0,-105.0,5565.0,5565.0,5425.0,25337.0
2022.01.14,5545.0,-100.0,5600.0,5630.0,5545.0,23669.0
2022.01.13,5645.0,5.0,5665.0,5700.0,5625.0,6824.0
2022.01.12,5640.0,90.0,5575.0,5640.0,5565.0,34324.0
2022.01.11,5550.0,-105.0,5640.0,5645.0,5530.0,22090.0
2022.01.10,5655.0,-20.0,5675.0,5685.0,5630.0,24244.0
2022.01.07,5675.0,30.0,5665.0,5675.0,5625.0,20618.0
2022.01.06,5645.0,-45.0,5605.0,5720.0,5605.0,55958.0
2022.01.05,5690.0,25.0,5670.0,5710.0,5660.0,36270.0
2022.01.04,5665.0,55.0,5585.0,5665.0,5555.0,6891.0
2022.01.03,5610.0,0.0,5640.0,5660.0,5590.0,14445.0
2021.12.30,5610.0,-35.0,5635.0,5635.0,5595.0,10222.0
2021.12.29,5645.0,95.0,5600.0,5695.0,5600.0,16540.0
2021.12.28,5550.0,55.0,5515.0,5550.0,5515.0,18401.0
2021.12.27,5495.0,-35.0,5550.0,5555.0,5495.0,11058.0
2021.12.24,5530.0,-20.0,5570.0,5585.0,5530.0,15549.0
2021.12.23,5550.0,0.0,5580.0,5580.0,5520.0,19292.0
2021.12.22,5550.0,-50.0,5630.0,5630.0,5535.0,5738.0
2021.12.21,5600.0,20.0,5590.0,5625.0,5535.0,2611.0
2021.12.20,5580.0,-120.0,5685.0,5685.0,5580.0,11776.0
2021.12.17,5700.0,45.0,5620.0,5710.0,5600.0,11660.0
2021.12.16,5655.0,-10.0,5700.0,5705.0,5625.0,4663.0
2021.12.15,5665.0,15.0,5650.0,5700.0,5615.0,4395.0
2021.12.14,5650.0,-65.0,5675.0,5720.0,5630.0,12043.0
2021.12.13,5715.0,5.0,5730.0,5770.0,5700.0,10060.0
2021.12.10,5710.0,-40.0,5740.0,5740.0,5700.0,13671.0
2021.12.09,5750.0,50.0,5710.0,5755.0,5710.0,6592.0
2021.12.08,5700.0,45.0,5700.0,5770.0,5690.0,16306.0
2021.12.07,5655.0,95.0,5585.0,5655.0,5585.0,29049.0
2021.12.06,5560.0,-20.0,5550.0,5580.0,5465.0,12670.0
2021.12.03,5580.0,80.0,5515.0,5585.0,5485.0,20093.0
2021.12.02,5500.0,70.0,5335.0,5500.0,5335.0,9248.0
2021.12.01,5430.0,90.0,5350.0,5430.0,5265.0,59151.0
2021.11.30,5340.0,-135.0,5515.0,5520.0,5315.0,39508.0
2021.11.29,5475.0,-220.0,5430.0,5530.0,5415.0,54884.0
2021.11.26,5695.0,-115.0,5810.0,5810.0,5675.0,40992.0
2021.11.25,5810.0,-35.0,5815.0,5830.0,5785.0,18334.0
2021.11.24,5845.0,0.0,5865.0,5865.0,5775.0,13778.0
2021.11.23,5845.0,-45.0,5875.0,5900.0,5845.0,27421.0
2021.11.22,5890.0,-45.0,5930.0,5930.0,5800.0,32583.0
2021.11.19,5935.0,-5.0,5935.0,5980.0,5900.0,26683.0
2021.11.18,5940.0,-75.0,6040.0,6040.0,5940.0,71307.0
2021.11.17,6015.0,-115.0,6165.0,6165.0,6015.0,29277.0
2021.11.16,6130.0,-5.0,6135.0,6155.0,6090.0,40120.0
2021.11.15,6135.0,5.0,6160.0,6180.0,6125.0,35387.0
2021.11.12,6130.0,90.0,6050.0,6140.0,6050.0,31671.0
2021.11.11,6040.0,0.0,5930.0,6060.0,5930.0,39672.0
2021.11.10,6040.0,-140.0,6145.0,6150.0,6040.0,124367.0
2021.11.09,6180.0,90.0,6105.0,6200.0,6105.0,57221.0
2021.11.08,6090.0,45.0,6090.0,6095.0,6000.0,21219.0
2021.11.05,6045.0,45.0,6040.0,6050.0,5955.0,26730.0
2021.11.04,6000.0,40.0,6000.0,6050.0,5965.0,64300.0
2021.11.03,5960.0,-45.0,6030.0,6030.0,5935.0,54747.0
2021.11.02,6005.0,90.0,5940.0,6005.0,5915.0,20146.0
2021.11.01,5915.0,-40.0,5980.0,6015.0,5890.0,98249.0
2021.10.29,5955.0,10.0,5970.0,6035.0,5935.0,54848.0
2021.10.28,5945.0,-130.0,6080.0,6120.0,5945.0,50873.0
2021.10.27,6075.0,45.0,6045.0,6150.0,6045.0,189474.0
2021.10.26,6030.0,45.0,6015.0,6030.0,5980.0,83070.0
2021.10.25,5985.0,210.0,5790.0,5985.0,5790.0,69598.0
2021.10.22,5775.0,-30.0,5790.0,5825.0,5760.0,17553.0
2021.10.21,5805.0,-20.0,5860.0,5865.0,5785.0,171632.0
2021.10.20,5825.0,-75.0,5925.0,5930.0,5810.0,39474.0
2021.10.19,5900.0,15.0,5920.0,5960.0,5880.0,30163.0
2021.10.18,5885.0,-45.0,5980.0,5980.0,5885.0,18756.0
2021.10.15,5930.0,70.0,5890.0,5970.0,5885.0,66117.0
2021.10.14,5860.0,70.0,5865.0,5865.0,5810.0,51118.0
2021.10.13,5790.0,200.0,5605.0,5790.0,5605.0,44178.0
2021.10.12,5590.0,0.0,5590.0,5645.0,5565.0,25282.0
2021.10.08,5590.0,-40.0,5660.0,5685.0,5585.0,23385.0
2021.10.07,5630.0,150.0,5535.0,5640.0,5525.0,19942.0
2021.10.06,5480.0,-225.0,5765.0,5775.0,5480.0,112525.0
2021.10.05,5705.0,-85.0,5725.0,5775.0,5640.0,37136.0
2021.10.01,5790.0,-180.0,5930.0,5930.0,5775.0,63968.0
2021.09.30,5970.0,100.0,5870.0,5970.0,5850.0,73717.0
2021.09.29,5870.0,-100.0,5855.0,5890.0,5790.0,54295.0
2021.09.28,5970.0,-5.0,5975.0,6005.0,5935.0,20287.0
2021.09.27,5975.0,45.0,5920.0,6005.0,5920.0,34599.0
2021.09.24,5930.0,-25.0,5995.0,6010.0,5900.0,21529.0
2021.09.23,5955.0,-115.0,5990.0,6000.0,5925.0,39538.0
2021.09.17,6070.0,-130.0,6200.0,6220.0,6035.0,37028.0
2021.09.16,6200.0,55.0,6190.0,6230.0,6160.0,33579.0
2021.09.15,6145.0,15.0,6105.0,6170.0,6075.0,61791.0
2021.09.14,6130.0,180.0,5990.0,6150.0,5990.0,155280.0
2021.09.13,5950.0,-10.0,5960.0,6000.0,5905.0,50935.0
2021.09.10,5960.0,115.0,5860.0,5960.0,5850.0,20114.0
2021.09.09,5845.0,-125.0,6015.0,6015.0,5840.0,39322.0
2021.09.08,5970.0,-40.0,6010.0,6010.0,5960.0,57480.0
2021.09.07,6010.0,90.0,5945.0,6015.0,5945.0,24438.0
2021.09.06,5920.0,25.0,5925.0,5960.0,5900.0,106219.0
2021.09.03,5895.0,45.0,5890.0,5915.0,5880.0,86028.0
2021.09.02,5850.0,-90.0,5920.0,5930.0,5840.0,87151.0
2021.09.01,5940.0,-20.0,5935.0,5995.0,5905.0,197243.0
2021.08.31,5960.0,40.0,5905.0,5960.0,5895.0,25024.0
2021.08.30,5920.0,65.0,5910.0,5940.0,5885.0,122464.0
2021.08.27,5855.0,75.0,5770.0,5885.0,5745.0,18660.0
2021.08.26,5780.0,-65.0,5850.0,5860.0,5760.0,19757.0
2021.08.25,5845.0,55.0,5830.0,5885.0,5805.0,30152.0
2021.08.24,5790.0,115.0,5735.0,5830.0,5735.0,127565.0
2021.08.23,5675.0,160.0,5560.0,5715.0,5520.0,29421.0
2021.08.20,5515.0,-110.0,5625.0,5700.0,5480.0,57239.0
2021.08.19,5625.0,-240.0,5795.0,5820.0,5615.0,121715.0
2021.08.18,5865.0,80.0,5735.0,5870.0,5720.0,57000.0
2021.08.17,5785.0,-175.0,5935.0,5960.0,5750.0,85841.0
2021.08.13,5960.0,-90.0,6060.0,6080.0,5890.0,105686.0
2021.08.12,6050.0,20.0,6050.0,6120.0,6040.0,27599.0
2021.08.11,6030.0,-45.0,6075.0,6135.0,6030.0,45413.0
2021.08.10,6075.0,-55.0,6120.0,6125.0,6045.0,51915.0
2021.08.09,6130.0,-70.0,6195.0,6195.0,6120.0,15585.0
2021.08.06,6200.0,45.0,6160.0,6200.0,6155.0,18151.0
2021.08.05,6155.0,20.0,6135.0,6165.0,6120.0,17629.0
2021.08.04,6135.0,115.0,6025.0,6135.0,5990.0,40345.0
2021.08.03,6020.0,-90.0,6105.0,6110.0,5990.0,45197.0
2021.08.02,6110.0,-40.0,6150.0,6150.0,6060.0,94226.0
2021.07.30,6150.0,-65.0,6215.0,6215.0,6125.0,41703.0
2021.07.29,6215.0,50.0,6195.0,6230.0,6185.0,18740.0
2021.07.28,6195.0,-5.0,6195.0,6230.0,6145.0,49968.0
2021.07.27,6200.0,40.0,6210.0,6245.0,6180.0,70361.0
2021.07.26,6160.0,-65.0,6250.0,6260.0,6150.0,50118.0
2021.07.23,6225.0,40.0,6185.0,6235.0,6185.0,151015.0
2021.07.22,6185.0,-15.0,6220.0,6270.0,6160.0,95375.0
2021.07.21,6200.0,75.0,6160.0,6220.0,6125.0,58769.0
2021.07.20,6125.0,-35.0,6075.0,6135.0,6055.0,46976.0
2021.07.19,6160.0,-10.0,6105.0,6160.0,6085.0,28010.0
2021.07.16,6170.0,-80.0,6235.0,6240.0,6160.0,37029.0
2021.07.15,6250.0,65.0,6235.0,6275.0,6225.0,73863.0
2021.07.14,6185.0,25.0,6130.0,6190.0,6095.0,92322.0
2021.07.13,6160.0,40.0,6160.0,6215.0,6145.0,98008.0
2021.07.12,6120.0,40.0,6120.0,6170.0,6100.0,30838.0
2021.07.09,6080.0,10.0,6020.0,6080.0,5955.0,80629.0
2021.07.08,6070.0,-160.0,6210.0,6210.0,6065.0,170315.0
2021.07.07,6230.0,-75.0,6285.0,6285.0,6215.0,33269.0
2021.07.06,6305.0,30.0,6295.0,6350.0,6295.0,85306.0
2021.07.05,6275.0,5.0,6285.0,6295.0,6235.0,45806.0
2021.07.02,6270.0,90.0,6240.0,6330.0,6240.0,110335.0
2021.07.01,6180.0,-15.0,6220.0,6220.0,6145.0,135222.0
2021.06.30,6195.0,-10.0,6235.0,6235.0,6180.0,62242.0
2021.06.29,6205.0,10.0,6190.0,6225.0,6190.0,53163.0
2021.06.28,6195.0,-45.0,6265.0,6265.0,6180.0,92878.0
2021.06.25,6240.0,60.0,6225.0,6305.0,6220.0,60341.0
2021.06.24,6180.0,-75.0,6255.0,6285.0,6170.0,71058.0
2021.06.23,6255.0,-110.0,6380.0,6390.0,6250.0,72162.0
2021.06.22,6365.0,90.0,6355.0,6410.0,6330.0,135879.0
2021.06.21,6275.0,0.0,6255.0,6295.0,6180.0,47758.0
2021.06.18,6275.0,70.0,6210.0,6275.0,6190.0,55918.0
2021.06.17,6205.0,-70.0,6235.0,6240.0,6195.0,48452.0
2021.06.16,6275.0,65.0,6210.0,6315.0,6205.0,186311.0
2021.06.15,6210.0,-50.0,6235.0,6290.0,6210.0,57675.0
2021.06.14,6260.0,-10.0,6290.0,6315.0,6205.0,126573.0
2021.06.11,6270.0,65.0,6205.0,6270.0,6170.0,137143.0
2021.06.10,6205.0,-55.0,6295.0,6295.0,6170.0,116176.0
2021.06.09,6260.0,-55.0,6315.0,6450.0,6260.0,134717.0
2021.06.08,6315.0,-375.0,6700.0,6700.0,6315.0,284927.0
2021.06.07,6690.0,310.0,6450.0,6690.0,6435.0,336184.0
2021.06.04,6380.0,180.0,6205.0,6380.0,6180.0,162905.0
2021.06.03,6200.0,0.0,6230.0,6250.0,6135.0,138502.0
2021.06.02,6200.0,170.0,6050.0,6280.0,6020.0,256298.0
2021.06.01,6030.0,165.0,5905.0,6045.0,5900.0,163901.0
2021.05.31,5865.0,115.0,5790.0,5890.0,5755.0,90026.0
2021.05.28,5750.0,65.0,5695.0,5775.0,5690.0,47632.0
2021.05.27,5685.0,-25.0,5720.0,5735.0,5655.0,45796.0
2021.05.26,5710.0,105.0,5630.0,5725.0,5615.0,178382.0
2021.05.25,5605.0,45.0,5575.0,5615.0,5545.0,95722.0
2021.05.24,5560.0,15.0,5585.0,5640.0,5550.0,92237.0
2021.05.21,5545.0,-50.0,5615.0,5640.0,5485.0,100082.0
2021.05.20,5595.0,-40.0,5635.0,5635.0,5530.0,86200.0
2021.05.18,5635.0,70.0,5580.0,5655.0,5565.0,57885.0
2021.05.17,5565.0,15.0,5555.0,5600.0,5540.0,136609.0
2021.05.14,5550.0,10.0,5595.0,5630.0,5490.0,77937.0
2021.05.13,5540.0,-140.0,5565.0,5670.0,5515.0,150906.0
2021.05.12,5680.0,-165.0,5835.0,5835.0,5635.0,272805.0
2021.05.11,5845.0,40.0,5765.0,5850.0,5750.0,324130.0
2021.05.10,5805.0,95.0,5765.0,5815.0,5710.0,112345.0
2021.05.07,5710.0,55.0,5715.0,5770.0,5680.0,185860.0
2021.05.06,5655.0,100.0,5400.0,5675.0,5400.0,113061.0
2021.05.04,5555.0,-50.0,5570.0,5570.0,5425.0,182556.0
2021.05.03,5605.0,-125.0,5730.0,5830.0,5580.0,260106.0
2021.04.30,5730.0,80.0,5710.0,5880.0,5705.0,260227.0
2021.04.29,5650.0,10.0,5665.0,5740.0,5565.0,180482.0
2021.04.28,5640.0,-45.0,5715.0,5845.0,5610.0,331294.0
2021.04.27,5685.0,25.0,5680.0,5685.0,5605.0,120493.0
2021.04.26,5660.0,190.0,5500.0,5660.0,5490.0,135204.0
2021.04.23,5470.0,-15.0,5475.0,5495.0,5410.0,42875.0
2021.04.22,5485.0,90.0,5405.0,5485.0,5405.0,40667.0
2021.04.21,5395.0,-75.0,5445.0,5455.0,5360.0,71568.0
2021.04.20,5470.0,15.0,5440.0,5495.0,5425.0,73616.0
2021.04.19,5455.0,25.0,5460.0,5470.0,5410.0,64095.0
2021.04.16,5430.0,5.0,5430.0,5440.0,5380.0,48058.0
2021.04.15,5425.0,5.0,5440.0,5440.0,5385.0,54145.0
2021.04.14,5420.0,30.0,5410.0,5425.0,5360.0,52717.0
2021.04.13,5390.0,25.0,5395.0,5415.0,5365.0,134866.0
2021.04.12,5365.0,65.0,5345.0,5380.0,5290.0,73766.0
2021.04.09,5300.0,0.0,5335.0,5335.0,5285.0,73360.0
2021.04.08,5300.0,60.0,5280.0,5310.0,5255.0,64720.0
2021.04.07,5240.0,-25.0,5265.0,5285.0,5235.0,58170.0
2021.04.06,5265.0,-55.0,5305.0,5310.0,5220.0,82621.0
2021.04.05,5320.0,65.0,5290.0,5340.0,5265.0,63618.0
2021.04.02,5255.0,25.0,5275.0,5280.0,5185.0,72919.0
2021.04.01,5230.0,-110.0,5350.0,5365.0,5215.0,128601.0
2021.03.31,5340.0,15.0,5325.0,5420.0,5285.0,127088.0
2021.03.30,5325.0,-30.0,5415.0,5425.0,5280.0,156691.0
2021.03.29,5355.0,140.0,5280.0,5440.0,5280.0,344713.0
2021.03.26,5215.0,225.0,5020.0,5225.0,4995.0,138543.0
2021.03.25,4990.0,60.0,4915.0,4995.0,4910.0,36623.0
2021.03.24,4930.0,70.0,4830.0,4935.0,4790.0,20385.0
2021.03.23,4860.0,-65.0,4955.0,4955.0,4855.0,37942.0
2021.03.22,4925.0,10.0,4945.0,4970.0,4885.0,14549.0
2021.03.19,4915.0,-30.0,4865.0,4920.0,4840.0,31158.0
2021.03.18,4945.0,0.0,4985.0,4995.0,4945.0,32324.0
2021.03.17,4945.0,-50.0,4990.0,4990.0,4895.0,20271.0
2021.03.16,4995.0,10.0,5000.0,5010.0,4970.0,63970.0
2021.03.15,4985.0,80.0,4925.0,5010.0,4875.0,61688.0
2021.03.12,4905.0,135.0,4820.0,4920.0,4810.0,51309.0
2021.03.11,4770.0,45.0,4720.0,4790.0,4720.0,38399.0
2021.03.10,4725.0,-30.0,4800.0,4810.0,4690.0,34613.0
2021.03.09,4755.0,55.0,4720.0,4775.0,4605.0,26403.0
2021.03.08,4700.0,0.0,4740.0,4805.0,4690.0,40643.0
2021.03.05,4700.0,-65.0,4720.0,4720.0,4625.0,38956.0
2021.03.04,4765.0,-60.0,4775.0,4800.0,4730.0,20683.0
2021.03.03,4825.0,50.0,4760.0,4825.0,4740.0,15377.0
2021.03.02,4775.0,-10.0,4865.0,4870.0,4720.0,33947.0
2021.02.26,4785.0,-100.0,4735.0,4800.0,4720.0,24328.0
2021.02.25,4885.0,160.0,4840.0,4890.0,4795.0,16159.0
2021.02.24,4725.0,-190.0,4940.0,4950.0,4725.0,40024.0
2021.02.23,4915.0,50.0,4855.0,4950.0,4815.0,22897.0
2021.02.22,4865.0,-35.0,4925.0,4945.0,4865.0,22847.0
2021.02.19,4900.0,0.0,4900.0,4910.0,4780.0,56974.0
2021.02.18,4900.0,-50.0,4950.0,5000.0,4900.0,15331.0
2021.02.17,4950.0,-60.0,5005.0,5005.0,4935.0,22877.0
2021.02.16,5010.0,-30.0,5045.0,5050.0,5000.0,25384.0
2021.02.15,5040.0,80.0,4985.0,5040.0,4975.0,50351.0
2021.02.10,4960.0,30.0,4925.0,4965.0,4895.0,42733.0
2021.02.09,4930.0,10.0,4940.0,4975.0,4930.0,6887.0
2021.02.08,4920.0,45.0,4900.0,4985.0,4900.0,53203.0
2021.02.05,4875.0,60.0,4865.0,4890.0,4805.0,22592.0
2021.02.04,4815.0,-15.0,4830.0,4835.0,4745.0,9627.0
2021.02.03,4830.0,35.0,4855.0,4860.0,4770.0,7283.0
2021.02.02,4795.0,25.0,4800.0,4855.0,4740.0,29486.0
2021.02.01,4770.0,150.0,4595.0,4775.0,4540.0,45133.0
2021.01.29,4620.0,-190.0,4840.0,4860.0,4550.0,62959.0
2021.01.28,4810.0,-165.0,4865.0,4875.0,4800.0,33971.0
2021.01.27,4975.0,-35.0,5055.0,5060.0,4950.0,24526.0
2021.01.26,5010.0,-85.0,5105.0,5105.0,4995.0,53674.0
2021.01.25,5095.0,40.0,5065.0,5105.0,5055.0,35583.0
2021.01.22,5055.0,-25.0,5085.0,5100.0,5050.0,16652.0
2021.01.21,5080.0,70.0,5075.0,5105.0,5045.0,22913.0
2021.01.20,5010.0,-5.0,5055.0,5070.0,4930.0,13899.0
2021.01.19,5015.0,105.0,4940.0,5045.0,4920.0,12658.0
2021.01.18,4910.0,-110.0,4995.0,5005.0,4895.0,47655.0
2021.01.15,5020.0,-140.0,5185.0,5200.0,5020.0,32672.0
2021.01.14,5160.0,110.0,5075.0,5165.0,5070.0,65656.0
2021.01.13,5050.0,-10.0,5100.0,5105.0,5035.0,150463.0
2021.01.12,5060.0,-15.0,5060.0,5090.0,4945.0,34212.0
2021.01.11,5075.0,-155.0,5230.0,5230.0,4975.0,138214.0
2021.01.08,5230.0,40.0,5250.0,5280.0,5170.0,65293.0
2021.01.07,5190.0,105.0,5180.0,5225.0,5155.0,57456.0
2021.01.06,5085.0,-40.0,5180.0,5215.0,5055.0,64288.0
2021.01.05,5125.0,175.0,4940.0,5165.0,4940.0,106487.0
2021.01.04,4950.0,110.0,4865.0,4950.0,4820.0,49988.0
2020.12.30,4840.0,45.0,4795.0,4840.0,4750.0,26798.0
2020.12.29,4795.0,40.0,4770.0,4815.0,4735.0,27730.0
2020.12.28,4755.0,-5.0,4800.0,4800.0,4700.0,18229.0
2020.12.24,4760.0,50.0,4750.0,4765.0,4730.0,11958.0
2020.12.23,4710.0,-40.0,4785.0,4790.0,4660.0,32244.0
2020.12.22,4750.0,-120.0,4880.0,4920.0,4740.0,26411.0
2020.12.21,4870.0,45.0,4835.0,4870.0,4775.0,22093.0
2020.12.18,4825.0,-15.0,4865.0,4880.0,4805.0,24413.0
2020.12.17,4840.0,30.0,4815.0,4855.0,4765.0,24942.0
2020.12.16,4810.0,50.0,4805.0,4830.0,4780.0,16999.0
2020.12.15,4760.0,-15.0,4780.0,4785.0,4700.0,10000.0
2020.12.14,4775.0,-5.0,4795.0,4815.0,4705.0,40562.0
2020.12.11,4780.0,115.0,4720.0,4785.0,4720.0,49549.0
2020.12.10,4665.0,60.0,4580.0,4670.0,4550.0,17369.0
2020.12.09,4605.0,90.0,4560.0,4605.0,4535.0,15833.0
2020.12.08,4515.0,-15.0,4520.0,4575.0,4515.0,15506.0
2020.12.07,4530.0,-70.0,4605.0,4605.0,4490.0,32236.0
2020.12.04,4600.0,-15.0,4620.0,4680.0,4590.0,42803.0
2020.12.03,4615.0,-20.0,4640.0,4640.0,4560.0,37458.0
2020.12.02,4635.0,-30.0,4680.0,4680.0,4610.0,32844.0
2020.12.01,4665.0,-10.0,4685.0,4700.0,4650.0,50375.0
2020.11.30,4675.0,-40.0,4740.0,4750.0,4675.0,68418.0
2020.11.27,4715.0,35.0,4685.0,4715.0,4650.0,37235.0
2020.11.26,4680.0,45.0,4665.0,4680.0,4600.0,23021.0
2020.11.25,4635.0,5.0,4665.0,4705.0,4550.0,60855.0
2020.11.24,4630.0,15.0,4665.0,4670.0,4590.0,100849.0
2020.11.23,4615.0,185.0,4435.0,4645.0,4385.0,84035.0
2020.11.20,4430.0,75.0,4355.0,4430.0,4325.0,33587.0
2020.11.19,4355.0,-55.0,4385.0,4385.0,4315.0,18655.0
2020.11.18,4410.0,-30.0,4450.0,4455.0,4390.0,17593.0
2020.11.17,4440.0,10.0,4445.0,4485.0,4405.0,20904.0
2020.11.16,4430.0,100.0,4350.0,4435.0,4350.0,44370.0
2020.11.13,4330.0,-25.0,4320.0,4370.0,4310.0,16760.0
2020.11.12,4355.0,-15.0,4360.0,4370.0,4310.0,18577.0
2020.11.11,4370.0,5.0,4375.0,4405.0,4330.0,27949.0
2020.11.10,4365.0,110.0,4295.0,4365.0,4250.0,39249.0
2020.11.09,4255.0,215.0,4085.0,4265.0,4085.0,85881.0
2020.11.06,4040.0,5.0,4050.0,4080.0,4020.0,8086.0
2020.11.05,4035.0,80.0,4010.0,4035.0,3985.0,12595.0
2020.11.04,3955.0,-25.0,4010.0,4030.0,3950.0,12427.0
2020.11.03,3980.0,70.0,3910.0,3980.0,3910.0,19158.0
2020.11.02,3910.0,65.0,3845.0,3910.0,3845.0,12309.0
2020.10.30,3845.0,-65.0,3915.0,3915.0,3830.0,5111.0
2020.10.29,3910.0,-35.0,3865.0,3910.0,3845.0,3228.0
2020.10.28,3945.0,70.0,3855.0,3945.0,3855.0,4138.0
2020.10.27,3875.0,-10.0,3855.0,3905.0,3825.0,12394.0
2020.10.26,3885.0,-110.0,3975.0,3985.0,3885.0,13565.0
2020.10.23,3995.0,-15.0,4015.0,4020.0,3975.0,2512.0
2020.10.22,4010.0,-15.0,4030.0,4030.0,3990.0,3570.0
2020.10.21,4025.0,55.0,3975.0,4025.0,3975.0,16517.0
2020.10.20,3970.0,-5.0,3940.0,3970.0,3880.0,11584.0
2020.10.19,3975.0,45.0,3945.0,3985.0,3910.0,3046.0
2020.10.16,3930.0,-5.0,3935.0,3960.0,3880.0,2879.0
2020.10.15,3935.0,-55.0,3990.0,4000.0,3910.0,7698.0
2020.10.14,3990.0,-65.0,4055.0,4070.0,3985.0,7629.0
2020.10.13,4055.0,-40.0,4100.0,4100.0,4020.0,4446.0
2020.10.12,4095.0,20.0,4110.0,4115.0,4075.0,9419.0
2020.10.08,4075.0,25.0,4075.0,4080.0,4045.0,6338.0
2020.10.07,4050.0,35.0,3990.0,4050.0,3990.0,2789.0
2020.10.06,4015.0,-35.0,4045.0,4055.0,4000.0,5969.0
2020.10.05,4050.0,75.0,3985.0,4055.0,3965.0,6322.0
2020.09.29,3975.0,60.0,3955.0,3980.0,3930.0,57118.0
2020.09.28,3915.0,110.0,3845.0,3930.0,3845.0,43927.0
2020.09.25,3805.0,25.0,3820.0,3845.0,3760.0,4473.0
2020.09.24,3780.0,-170.0,3870.0,3890.0,3765.0,17725.0
2020.09.23,3950.0,-70.0,4045.0,4050.0,3895.0,15240.0
2020.09.22,4020.0,-75.0,4070.0,4085.0,4000.0,6810.0
2020.09.21,4095.0,-80.0,4170.0,4200.0,4055.0,3535.0
2020.09.18,4175.0,0.0,4190.0,4195.0,4135.0,2722.0
2020.09.17,4175.0,-35.0,4220.0,4235.0,4160.0,32153.0
2020.09.16,4210.0,-40.0,4245.0,4260.0,4190.0,11306.0
2020.09.15,4250.0,10.0,4260.0,4260.0,4175.0,8401.0
2020.09.14,4240.0,50.0,4215.0,4240.0,4215.0,1614.0
2020.09.11,4190.0,15.0,4175.0,4200.0,4135.0,5867.0
2020.09.10,4175.0,75.0,4135.0,4200.0,4115.0,19656.0
2020.09.09,4100.0,-95.0,4140.0,4140.0,4100.0,14854.0
2020.09.08,4195.0,-95.0,4355.0,4380.0,4195.0,39131.0
2020.09.07,4290.0,110.0,4180.0,4365.0,4155.0,324123.0
2020.09.04,4180.0,40.0,4005.0,4200.0,4005.0,24770.0
2020.09.03,4140.0,50.0,4125.0,4150.0,4095.0,65247.0
2020.09.02,4090.0,30.0,4095.0,4115.0,4040.0,13576.0
2020.09.01,4060.0,15.0,4035.0,4080.0,4025.0,36076.0
2020.08.31,4045.0,65.0,4010.0,4080.0,4010.0,29650.0
2020.08.28,3980.0,95.0,3890.0,4000.0,3890.0,17299.0
2020.08.27,3885.0,-70.0,3960.0,3960.0,3870.0,8097.0
2020.08.26,3955.0,-20.0,3980.0,3980.0,3905.0,9518.0
2020.08.25,3975.0,115.0,3880.0,3975.0,3880.0,11598.0
2020.08.24,3860.0,10.0,3850.0,3870.0,3790.0,8321.0
2020.08.21,3850.0,20.0,3840.0,3895.0,3795.0,23018.0
2020.08.20,3830.0,-140.0,3975.0,3975.0,3810.0,11529.0
2020.08.19,3970.0,65.0,3935.0,3990.0,3920.0,20213.0
2020.08.18,3905.0,-240.0,4165.0,4165.0,3900.0,55088.0
2020.08.14,4145.0,65.0,4080.0,4175.0,4080.0,27355.0
2020.08.13,4080.0,-10.0,4130.0,4150.0,4045.0,11036.0
2020.08.12,4090.0,-15.0,4065.0,4100.0,3990.0,12099.0
2020.08.11,4105.0,125.0,3980.0,4105.0,3980.0,27859.0
2020.08.10,3980.0,55.0,3930.0,3985.0,3895.0,27655.0
2020.08.07,3925.0,-40.0,4000.0,4015.0,3925.0,13477.0
2020.08.06,3965.0,25.0,3955.0,3995.0,3940.0,22250.0
2020.08.05,3940.0,10.0,3930.0,3940.0,3910.0,3476.0
2020.08.04,3930.0,35.0,3895.0,3960.0,3895.0,4612.0
2020.08.03,3895.0,-80.0,3975.0,3975.0,3875.0,16347.0
2020.07.31,3975.0,-50.0,4025.0,4040.0,3975.0,49915.0
2020.07.30,4025.0,30.0,4000.0,4025.0,3975.0,50943.0
2020.07.29,3995.0,-5.0,4010.0,4025.0,3980.0,1714.0
2020.07.28,4000.0,70.0,3935.0,4000.0,3935.0,3062.0
2020.07.27,3930.0,45.0,3890.0,3960.0,3890.0,6884.0
2020.07.24,3885.0,-55.0,3900.0,3930.0,3870.0,10323.0
2020.07.23,3940.0,-25.0,3960.0,3960.0,3885.0,13578.0
2020.07.22,3965.0,-10.0,3990.0,4025.0,3955.0,45045.0
2020.07.21,3975.0,190.0,3795.0,4020.0,3795.0,62862.0
2020.07.20,3785.0,45.0,3750.0,3790.0,3730.0,15045.0
2020.07.17,3740.0,-10.0,3735.0,3770.0,3725.0,7358.0
2020.07.16,3750.0,0.0,3745.0,3780.0,3730.0,7337.0
2020.07.15,3750.0,70.0,3735.0,3800.0,3725.0,30183.0
2020.07.14,3680.0,-55.0,3710.0,3710.0,3645.0,7160.0
2020.07.13,3735.0,120.0,3620.0,3740.0,3595.0,10126.0
2020.07.10,3615.0,-90.0,3685.0,3685.0,3600.0,10025.0
2020.07.09,3705.0,25.0,3700.0,3720.0,3675.0,32035.0
2020.07.08,3680.0,-15.0,3695.0,3710.0,3670.0,1369.0
2020.07.07,3695.0,-60.0,3775.0,3780.0,3690.0,7766.0
2020.07.06,3755.0,50.0,3730.0,3760.0,3680.0,28401.0
2020.07.03,3705.0,15.0,3730.0,3730.0,3675.0,1723.0
2020.07.02,3690.0,35.0,3675.0,3705.0,3670.0,5060.0
2020.07.01,3655.0,-50.0,3725.0,3725.0,3645.0,1760.0
2020.06.30,3705.0,45.0,3695.0,3715.0,3675.0,2643.0
2020.06.29,3660.0,-10.0,3610.0,3660.0,3590.0,7324.0
2020.06.26,3670.0,15.0,3675.0,3690.0,3625.0,4473.0
2020.06.25,3655.0,-100.0,3675.0,3690.0,3635.0,12493.0
2020.06.24,3755.0,70.0,3735.0,3765.0,3690.0,5672.0
2020.06.23,3685.0,-60.0,3780.0,3780.0,3675.0,3552.0
2020.06.22,3745.0,-75.0,3810.0,3810.0,3740.0,7408.0
2020.06.19,3820.0,10.0,3850.0,3860.0,3755.0,5433.0
2020.06.18,3810.0,55.0,3760.0,3835.0,3740.0,24995.0
2020.06.17,3755.0,-25.0,3735.0,3850.0,3705.0,11028.0
2020.06.16,3780.0,285.0,3630.0,3780.0,3620.0,15656.0
2020.06.15,3495.0,-310.0,3770.0,3770.0,3495.0,61389.0
2020.06.12,3805.0,-135.0,3725.0,3815.0,3725.0,17452.0
2020.06.11,3940.0,-40.0,3995.0,4000.0,3890.0,4116.0
2020.06.10,3980.0,-30.0,3995.0,4010.0,3955.0,8914.0
2020.06.09,4010.0,-45.0,4075.0,4095.0,3975.0,17590.0
2020.06.08,4055.0,70.0,4060.0,4090.0,3990.0,28810.0
2020.06.05,3985.0,0.0,3985.0,4005.0,3905.0,15043.0
2020.06.04,3985.0,-25.0,4105.0,4170.0,3955.0,34887.0
2020.06.03,4010.0,190.0,3910.0,4020.0,3885.0,93680.0
2020.06.02,3820.0,175.0,3945.0,4050.0,3810.0,78195.0
2020.06.01,3645.0,110.0,3555.0,3645.0,3555.0,20767.0
2020.05.29,3535.0,25.0,3495.0,3555.0,3430.0,3912.0
2020.05.28,3510.0,-105.0,3650.0,3650.0,3450.0,29388.0
2020.05.27,3615.0,190.0,3455.0,3640.0,3445.0,92543.0
2020.05.26,3425.0,75.0,3390.0,3435.0,3375.0,59723.0
2020.05.25,3350.0,110.0,3290.0,3350.0,3290.0,8468.0
2020.05.22,3240.0,-100.0,3345.0,3350.0,3240.0,7498.0
2020.05.21,3340.0,50.0,3315.0,3345.0,3315.0,8943.0
2020.05.20,3290.0,5.0,3270.0,3300.0,3260.0,7066.0
2020.05.19,3285.0,115.0,3230.0,3295.0,3230.0,7851.0
2020.05.18,3170.0,35.0,3175.0,3175.0,3140.0,5116.0
2020.05.15,3135.0,0.0,3160.0,3160.0,3125.0,2956.0
2020.05.14,3135.0,-25.0,3155.0,3155.0,3100.0,2660.0
2020.05.13,3160.0,0.0,3110.0,3160.0,3100.0,6393.0
2020.05.12,3160.0,-65.0,3235.0,3235.0,3140.0,1801.0
2020.05.11,3225.0,-30.0,3255.0,3255.0,3200.0,745.0
2020.05.08,3255.0,50.0,3235.0,3260.0,3230.0,5089.0
2020.05.07,3205.0,-20.0,3225.0,3235.0,3190.0,4852.0
2020.05.06,3225.0,90.0,3185.0,3230.0,3185.0,9177.0
2020.05.04,3135.0,-85.0,3175.0,3175.0,3120.0,1144.0
2020.04.29,3220.0,95.0,3125.0,3220.0,3125.0,15315.0
2020.04.28,3125.0,-15.0,3150.0,3150.0,3090.0,1013.0
2020.04.27,3170.0,70.0,3125.0,3180.0,3125.0,2381.0
2020.04.24,3100.0,-65.0,3165.0,3165.0,3085.0,3063.0
2020.04.23,3165.0,45.0,3140.0,3180.0,3140.0,12890.0
2020.04.22,3120.0,5.0,3070.0,3120.0,3035.0,5578.0
2020.04.21,3115.0,-105.0,3205.0,3205.0,3010.0,24756.0
2020.04.20,3220.0,65.0,3155.0,3255.0,3150.0,11624.0
2020.04.17,3155.0,50.0,3130.0,3170.0,3125.0,143104.0
2020.04.16,3105.0,-10.0,3080.0,3115.0,3010.0,29070.0
2020.04.14,3115.0,60.0,3090.0,3130.0,3080.0,34825.0
2020.04.13,3055.0,-80.0,3105.0,3105.0,3055.0,3697.0
2020.04.10,3135.0,55.0,3075.0,3155.0,3045.0,16939.0
2020.04.09,3080.0,85.0,3050.0,3080.0,3025.0,3476.0
2020.04.08,2995.0,-25.0,3005.0,3055.0,2975.0,3762.0
2020.04.07,3020.0,45.0,3040.0,3075.0,2960.0,21225.0
2020.04.06,2975.0,135.0,2880.0,2990.0,2880.0,16304.0
2020.04.03,2840.0,5.0,2890.0,2925.0,2825.0,3894.0
2020.04.02,2835.0,95.0,2770.0,2835.0,2680.0,3149.0
2020.04.01,2740.0,-30.0,2745.0,2900.0,2740.0,14218.0
2020.03.31,2770.0,105.0,2700.0,2800.0,2690.0,9169.0
2020.03.30,2665.0,-10.0,2600.0,2675.0,2535.0,39347.0
2020.03.27,2675.0,30.0,2785.0,2785.0,2600.0,29946.0
2020.03.26,2645.0,5.0,2670.0,2730.0,2615.0,28413.0
2020.03.25,2640.0,220.0,2510.0,2645.0,2505.0,9516.0
2020.03.24,2420.0,165.0,2300.0,2420.0,2300.0,30844.0
2020.03.23,2255.0,-210.0,2230.0,2315.0,2230.0,7130.0
2020.03.20,2465.0,225.0,2285.0,2465.0,2260.0,6715.0
2020.03.19,2240.0,-340.0,2620.0,2620.0,2205.0,36473.0
2020.03.18,2580.0,-195.0,2765.0,2765.0,2580.0,14418.0
2020.03.17,2775.0,20.0,2575.0,2775.0,2575.0,9155.0
2020.03.16,2755.0,-125.0,2930.0,2950.0,2755.0,25678.0
2020.03.13,2880.0,-260.0,2830.0,2920.0,2685.0,44298.0
2020.03.12,3140.0,-235.0,3345.0,3355.0,3120.0,21718.0
2020.03.11,3375.0,-90.0,3480.0,3500.0,3360.0,8635.0
2020.03.10,3465.0,-15.0,3435.0,3490.0,3425.0,37946.0
2020.03.09,3480.0,-245.0,3625.0,3625.0,3460.0,34563.0
2020.03.06,3725.0,-115.0,3790.0,3790.0,3705.0,12466.0
2020.03.05,3840.0,80.0,3780.0,3840.0,3760.0,28199.0
2020.03.04,3760.0,70.0,3690.0,3760.0,3690.0,14288.0
2020.03.03,3690.0,0.0,3750.0,3775.0,3680.0,162141.0
2020.03.02,3690.0,35.0,3675.0,3700.0,3630.0,6013.0
2020.02.28,3655.0,-125.0,3725.0,3725.0,3640.0,14918.0
2020.02.27,3780.0,-35.0,3795.0,3820.0,3750.0,23436.0
2020.02.26,3815.0,-15.0,3775.0,3830.0,3750.0,13925.0
2020.02.25,3830.0,90.0,3740.0,3830.0,3740.0,17582.0
2020.02.24,3740.0,-200.0,3830.0,3830.0,3730.0,47003.0
2020.02.21,3940.0,-115.0,4010.0,4010.0,3940.0,4922.0
2020.02.20,4055.0,-30.0,4100.0,4100.0,4040.0,8284.0
2020.02.19,4085.0,-15.0,4125.0,4125.0,4040.0,105551.0
2020.02.18,4100.0,-35.0,4125.0,4135.0,4085.0,152863.0
2020.02.17,4135.0,5.0,4145.0,4150.0,4105.0,11850.0
2020.02.14,4130.0,-30.0,4165.0,4165.0,4130.0,1362.0
2020.02.13,4160.0,-65.0,4230.0,4230.0,4160.0,24142.0
2020.02.12,4225.0,10.0,4205.0,4235.0,4190.0,6734.0
2020.02.11,4215.0,25.0,4185.0,4220.0,4185.0,3487.0
2020.02.10,4190.0,10.0,4145.0,4195.0,4120.0,7216.0
2020.02.07,4180.0,-40.0,4235.0,4260.0,4155.0,8742.0
2020.02.06,4220.0,275.0,3990.0,4235.0,3990.0,34313.0
2020.02.05,3945.0,-45.0,4020.0,4020.0,3930.0,5598.0
2020.02.04,3990.0,15.0,3970.0,4015.0,3965.0,15433.0
2020.02.03,3975.0,-30.0,3930.0,3980.0,3875.0,12666.0
2020.01.31,4005.0,-80.0,4095.0,4095.0,4005.0,8642.0
2020.01.30,4085.0,-80.0,4175.0,4175.0,4075.0,5138.0
2020.01.29,4165.0,-10.0,4200.0,4200.0,4145.0,3783.0
2020.01.28,4175.0,-155.0,4210.0,4235.0,4150.0,7625.0
2020.01.23,4330.0,-70.0,4390.0,4390.0,4330.0,9594.0
2020.01.22,4400.0,20.0,4395.0,4400.0,4370.0,10191.0
2020.01.21,4380.0,-40.0,4430.0,4435.0,4380.0,995.0
2020.01.20,4420.0,-25.0,4425.0,4440.0,4410.0,5555.0
2020.01.17,4445.0,-15.0,4465.0,4480.0,4430.0,10058.0
2020.01.16,4460.0,-25.0,4500.0,4500.0,4450.0,33888.0
2020.01.15,4485.0,40.0,4465.0,4490.0,4455.0,2045.0
2020.01.14,4445.0,-25.0,4485.0,4500.0,4445.0,25570.0
2020.01.13,4470.0,30.0,4450.0,4480.0,4420.0,28421.0
2020.01.10,4440.0,75.0,4370.0,4440.0,4370.0,8293.0
2020.01.09,4365.0,125.0,4290.0,4365.0,4285.0,13764.0
2020.01.08,4240.0,-140.0,4335.0,4335.0,4200.0,13525.0
2020.01.07,4380.0,30.0,4390.0,4395.0,4365.0,2682.0
2020.01.06,4350.0,-100.0,4435.0,4435.0,4350.0,13581.0
2020.01.03,4450.0,25.0,4445.0,4505.0,4440.0,3769.0
2020.01.02,4425.0,-40.0,4475.0,4475.0,4420.0,16037.0
2019.12.30,4465.0,15.0,4465.0,4470.0,4440.0,8557.0
2019.12.27,4450.0,65.0,4400.0,4460.0,4390.0,6114.0
2019.12.26,4385.0,0.0,4380.0,4385.0,4350.0,6115.0
2019.12.24,4385.0,-30.0,4425.0,4425.0,4385.0,1933.0
2019.12.23,4415.0,15.0,4420.0,4420.0,4405.0,2658.0
2019.12.20,4400.0,5.0,4405.0,4405.0,4385.0,7820.0
2019.12.19,4395.0,20.0,4385.0,4400.0,4375.0,1703.0
2019.12.18,4375.0,5.0,4370.0,4375.0,4365.0,816.0
2019.12.17,4370.0,0.0,4370.0,4370.0,4340.0,4248.0
2019.12.16,4370.0,-5.0,4390.0,4390.0,4350.0,11050.0
2019.12.13,4375.0,25.0,4370.0,4410.0,4370.0,6017.0
2019.12.12,4350.0,45.0,4310.0,4355.0,4310.0,1295.0
2019.12.11,4305.0,40.0,4275.0,4305.0,4275.0,857.0
2019.12.10,4265.0,40.0,4235.0,4270.0,4225.0,12871.0
2019.12.09,4225.0,-25.0,4260.0,4260.0,4225.0,2482.0
2019.12.06,4250.0,40.0,4210.0,4250.0,4210.0,524.0
2019.12.05,4210.0,0.0,4210.0,4235.0,4185.0,6252.0
2019.12.04,4210.0,-30.0,4220.0,4230.0,4175.0,3807.0
2019.12.03,4240.0,-10.0,4220.0,4255.0,4195.0,3667.0
2019.12.02,4250.0,-15.0,4270.0,4295.0,4245.0,1480.0
2019.11.29,4265.0,-30.0,4335.0,4335.0,4255.0,2067.0
2019.11.28,4295.0,-30.0,4300.0,4320.0,4285.0,2153.0
2019.11.27,4325.0,10.0,4330.0,4360.0,4300.0,3662.0
2019.11.26,4315.0,75.0,4265.0,4320.0,4265.0,14095.0
2019.11.25,4240.0,70.0,4170.0,4250.0,4170.0,678.0
2019.11.22,4170.0,0.0,4145.0,4175.0,4145.0,1154.0
2019.11.21,4170.0,-80.0,4265.0,4265.0,4165.0,1729.0
2019.11.20,4250.0,-40.0,4295.0,4295.0,4225.0,19561.0
2019.11.19,4290.0,-35.0,4315.0,4315.0,4270.0,100028.0
2019.11.18,4325.0,-10.0,4365.0,4365.0,4320.0,24791.0
2019.11.15,4335.0,25.0,4310.0,4340.0,4295.0,4611.0
2019.11.14,4310.0,30.0,4285.0,4320.0,4285.0,60342.0
2019.11.13,4280.0,-60.0,4340.0,4340.0,4265.0,70553.0
2019.11.12,4340.0,-20.0,4365.0,4365.0,4325.0,112918.0
2019.11.11,4360.0,-80.0,4435.0,4435.0,4340.0,7391.0
2019.11.08,4440.0,65.0,4380.0,4440.0,4380.0,4266.0
2019.11.07,4375.0,0.0,4335.0,4395.0,4335.0,9320.0
2019.11.06,4375.0,-50.0,4440.0,4440.0,4360.0,76236.0
2019.11.05,4425.0,55.0,4390.0,4430.0,4380.0,19134.0
2019.11.04,4370.0,95.0,4320.0,4370.0,4310.0,31377.0
2019.11.01,4275.0,-70.0,4330.0,4330.0,4270.0,17454.0
2019.10.31,4345.0,-5.0,4360.0,4370.0,4335.0,182823.0
2019.10.30,4350.0,-135.0,4485.0,4485.0,4335.0,20500.0
2019.10.29,4485.0,-15.0,4515.0,4520.0,4475.0,7686.0
2019.10.28,4500.0,40.0,4485.0,4510.0,4480.0,4945.0
2019.10.25,4460.0,-5.0,4485.0,4485.0,4450.0,37387.0
2019.10.24,4465.0,0.0,4475.0,4480.0,4440.0,11004.0
2019.10.23,4465.0,-75.0,4520.0,4520.0,4450.0,37779.0
2019.10.22,4540.0,90.0,4480.0,4555.0,4475.0,15991.0
2019.10.21,4450.0,-20.0,4470.0,4490.0,4440.0,10154.0
2019.10.18,4470.0,-35.0,4525.0,4540.0,4470.0,5496.0
2019.10.17,4505.0,-55.0,4580.0,4580.0,4495.0,14809.0
2019.10.16,4560.0,-15.0,4595.0,4610.0,4550.0,5948.0
2019.10.15,4575.0,-20.0,4590.0,4590.0,4555.0,15035.0
2019.10.14,4595.0,120.0,4540.0,4595.0,4540.0,10909.0
2019.10.11,4475.0,-30.0,4555.0,4565.0,4475.0,16645.0
2019.10.10,4505.0,5.0,4490.0,4535.0,4450.0,24046.0
2019.10.08,4500.0,100.0,4430.0,4520.0,4425.0,14693.0
2019.10.07,4400.0,-55.0,4430.0,4430.0,4385.0,17462.0
2019.10.04,4455.0,-60.0,4510.0,4520.0,4450.0,18765.0
2019.10.02,4515.0,-75.0,4575.0,4585.0,4515.0,12981.0
2019.10.01,4590.0,45.0,4550.0,4615.0,4540.0,25209.0
2019.09.30,4545.0,35.0,4500.0,4555.0,4485.0,78496.0
2019.09.27,4510.0,-55.0,4590.0,4590.0,4485.0,8181.0
2019.09.26,4565.0,15.0,4600.0,4615.0,4530.0,22769.0
2019.09.25,4550.0,-105.0,4640.0,4640.0,4550.0,6825.0
2019.09.24,4655.0,-35.0,4665.0,4680.0,4640.0,8770.0
2019.09.23,4690.0,30.0,4680.0,4690.0,4660.0,15590.0
2019.09.20,4660.0,50.0,4610.0,4660.0,4595.0,32159.0
2019.09.19,4610.0,-30.0,4625.0,4655.0,4595.0,25479.0
2019.09.18,4640.0,-45.0,4690.0,4690.0,4600.0,10322.0
2019.09.17,4685.0,-20.0,4680.0,4705.0,4655.0,9283.0
2019.09.16,4705.0,125.0,4635.0,4705.0,4635.0,22839.0
2019.09.11,4580.0,60.0,4540.0,4580.0,4540.0,11042.0
2019.09.10,4520.0,65.0,4480.0,4520.0,4460.0,7627.0
2019.09.09,4455.0,45.0,4435.0,4480.0,4435.0,75081.0
2019.09.06,4410.0,50.0,4385.0,4460.0,4385.0,33956.0
2019.09.05,4360.0,15.0,4340.0,4380.0,4340.0,4387.0
2019.09.04,4345.0,65.0,4270.0,4345.0,4260.0,7084.0
2019.09.03,4280.0,0.0,4285.0,4315.0,4270.0,31786.0
2019.09.02,4280.0,-10.0,4250.0,4290.0,4250.0,2797.0
2019.08.30,4290.0,160.0,4175.0,4300.0,4175.0,38674.0
2019.08.29,4130.0,10.0,4130.0,4140.0,4100.0,856.0
2019.08.28,4120.0,-5.0,4135.0,4135.0,4075.0,7909.0
2019.08.27,4125.0,0.0,4170.0,4185.0,4105.0,3761.0
2019.08.26,4125.0,-90.0,4120.0,4140.0,4085.0,1210.0
2019.08.23,4215.0,10.0,4190.0,4230.0,4185.0,21254.0
2019.08.22,4205.0,-40.0,4230.0,4235.0,4190.0,4215.0
2019.08.21,4245.0,0.0,4215.0,4255.0,4190.0,33012.0
2019.08.20,4245.0,115.0,4125.0,4250.0,4125.0,110530.0
2019.08.19,4130.0,210.0,3955.0,4130.0,3950.0,29163.0
2019.08.16,3920.0,-40.0,3910.0,3935.0,3885.0,30937.0
2019.08.14,3960.0,35.0,3965.0,3965.0,3925.0,2147.0
2019.08.13,3925.0,-25.0,3920.0,3955.0,3920.0,1626.0
2019.08.12,3950.0,0.0,3950.0,3970.0,3950.0,7082.0
2019.08.09,3950.0,65.0,3920.0,3955.0,3905.0,35278.0
2019.08.08,3885.0,80.0,3850.0,3905.0,3850.0,33973.0
2019.08.07,3805.0,-40.0,3825.0,3885.0,3795.0,2185.0
2019.08.06,3845.0,-95.0,3805.0,3940.0,3770.0,82033.0
2019.08.05,3940.0,-185.0,4115.0,4115.0,3930.0,27766.0
2019.08.02,4125.0,-105.0,4170.0,4170.0,4110.0,24672.0
2019.08.01,4230.0,-30.0,4255.0,4290.0,4205.0,4408.0
2019.07.31,4260.0,45.0,4205.0,4280.0,4195.0,84865.0
2019.07.30,4215.0,-20.0,4235.0,4245.0,4210.0,15385.0
2019.07.29,4235.0,-30.0,4265.0,4270.0,4175.0,12384.0
2019.07.26,4265.0,-40.0,4290.0,4305.0,4260.0,30743.0
2019.07.25,4305.0,-165.0,4460.0,4460.0,4250.0,45891.0
2019.07.24,4470.0,-15.0,4485.0,4515.0,4455.0,1843.0
2019.07.23,4485.0,-5.0,4490.0,4490.0,4460.0,24036.0
2019.07.22,4490.0,-35.0,4510.0,4530.0,4490.0,296.0
2019.07.19,4525.0,60.0,4475.0,4530.0,4475.0,2029.0
2019.07.18,4465.0,-35.0,4485.0,4500.0,4445.0,62184.0
2019.07.17,4500.0,-45.0,4545.0,4545.0,4485.0,2315.0
2019.07.16,4545.0,0.0,4525.0,4570.0,4525.0,62357.0
2019.07.15,4545.0,-40.0,4595.0,4610.0,4545.0,13876.0
2019.07.12,4585.0,30.0,4565.0,4595.0,4545.0,302.0
2019.07.11,4555.0,65.0,4485.0,4580.0,4485.0,1589.0
2019.07.10,4490.0,25.0,4465.0,4495.0,4435.0,52897.0
2019.07.09,4465.0,-100.0,4560.0,4575.0,4460.0,24795.0
2019.07.08,4565.0,-145.0,4690.0,4690.0,4565.0,5298.0
2019.07.05,4710.0,35.0,4675.0,4710.0,4660.0,9037.0
2019.07.04,4675.0,50.0,4625.0,4675.0,4600.0,56049.0
2019.07.03,4625.0,-110.0,4735.0,4735.0,4615.0,6161.0
2019.07.02,4735.0,-20.0,4740.0,4750.0,4730.0,2729.0
2019.07.01,4755.0,65.0,4740.0,4765.0,4720.0,16613.0
2019.06.28,4690.0,-50.0,4740.0,4740.0,4665.0,7487.0
2019.06.27,4740.0,5.0,4750.0,4755.0,4720.0,11528.0
2019.06.26,4735.0,-10.0,4740.0,4765.0,4715.0,11993.0
2019.06.25,4745.0,-50.0,4795.0,4810.0,4745.0,3149.0
2019.06.24,4795.0,35.0,4790.0,4815.0,4770.0,25845.0
2019.06.21,4760.0,5.0,4760.0,4790.0,4750.0,5871.0
2019.06.20,4755.0,5.0,4750.0,4760.0,4740.0,7341.0
2019.06.19,4750.0,80.0,4710.0,4755.0,4710.0,23316.0
2019.06.18,4670.0,5.0,4665.0,4710.0,4665.0,5470.0
2019.06.17,4665.0,-45.0,4725.0,4725.0,4660.0,1768.0
2019.06.14,4710.0,30.0,4670.0,4725.0,4670.0,5330.0
2019.06.13,4680.0,10.0,4670.0,4680.0,4620.0,4980.0
2019.06.12,4670.0,70.0,4610.0,4705.0,4610.0,71793.0
2019.06.11,4600.0,40.0,4570.0,4600.0,4565.0,2743.0
2019.06.10,4560.0,40.0,4545.0,4560.0,4520.0,6993.0
2019.06.07,4520.0,10.0,4535.0,4540.0,4475.0,33739.0
2019.06.05,4510.0,-25.0,4560.0,4560.0,4500.0,8522.0
2019.06.04,4535.0,45.0,4495.0,4550.0,4495.0,31409.0
2019.06.03,4490.0,-25.0,4485.0,4515.0,4460.0,33535.0
2019.05.31,4515.0,50.0,4450.0,4530.0,4420.0,47631.0
2019.05.30,4465.0,75.0,4395.0,4465.0,4385.0,7107.0
2019.05.29,4390.0,-75.0,4470.0,4470.0,4365.0,16203.0
2019.05.28,4465.0,90.0,4390.0,4465.0,4370.0,6934.0
2019.05.27,4375.0,10.0,4350.0,4410.0,4340.0,246409.0
2019.05.24,4365.0,-45.0,4380.0,4395.0,4345.0,6924.0
2019.05.23,4410.0,15.0,4385.0,4415.0,4325.0,6918.0
2019.05.22,4395.0,40.0,4380.0,4400.0,4355.0,21991.0
2019.05.21,4355.0,-5.0,4330.0,4390.0,4330.0,1605.0
2019.05.20,4360.0,-55.0,4425.0,4435.0,4340.0,19705.0
2019.05.17,4415.0,-5.0,4410.0,4480.0,4410.0,7514.0
2019.05.16,4420.0,-50.0,4475.0,4480.0,4405.0,6915.0
2019.05.15,4470.0,95.0,4395.0,4470.0,4375.0,10761.0
2019.05.14,4375.0,-20.0,4320.0,4415.0,4320.0,37655.0
2019.05.13,4395.0,-115.0,4495.0,4495.0,4365.0,43018.0
2019.05.10,4510.0,0.0,4505.0,4550.0,4470.0,39204.0
2019.05.09,4510.0,-160.0,4660.0,4675.0,4510.0,57272.0
2019.05.08,4670.0,-30.0,4660.0,4700.0,4650.0,16759.0
2019.05.07,4700.0,-150.0,4760.0,4760.0,4700.0,37601.0
2019.05.03,4850.0,-60.0,4910.0,4910.0,4850.0,4906.0
2019.05.02,4910.0,85.0,4805.0,4910.0,4795.0,11852.0
2019.04.30,4825.0,-45.0,4870.0,4875.0,4780.0,51488.0
2019.04.29,4870.0,65.0,4785.0,4870.0,4775.0,56116.0
2019.04.26,4855.0,0.0,4840.0,4860.0,4825.0,4017.0
2019.04.25,4855.0,-35.0,4895.0,4895.0,4830.0,13605.0
2019.04.24,4890.0,-75.0,4975.0,4975.0,4880.0,189438.0
2019.04.23,4965.0,85.0,4930.0,4995.0,4930.0,9626.0
2019.04.22,4880.0,-10.0,4900.0,4900.0,4850.0,11895.0
2019.04.19,4890.0,-10.0,4935.0,4935.0,4885.0,3695.0
2019.04.18,4900.0,-95.0,4990.0,5010.0,4895.0,9242.0
2019.04.17,4995.0,-25.0,5020.0,5020.0,4975.0,10016.0
2019.04.16,5020.0,0.0,5010.0,5030.0,4985.0,17371.0
2019.04.15,5020.0,25.0,5015.0,5020.0,4995.0,74229.0
2019.04.12,4995.0,0.0,4970.0,5000.0,4965.0,8991.0
2019.04.11,4995.0,30.0,4965.0,4995.0,4965.0,3266.0
2019.04.10,4965.0,-10.0,4960.0,4965.0,4935.0,12566.0
2019.04.09,4975.0,25.0,4980.0,5010.0,4960.0,8265.0
2019.04.08,4950.0,-50.0,5005.0,5005.0,4950.0,15115.0
2019.04.05,5000.0,50.0,4970.0,5015.0,4950.0,39102.0
2019.04.04,4950.0,0.0,4950.0,4970.0,4930.0,59452.0
2019.04.03,4950.0,55.0,4885.0,4950.0,4885.0,8154.0
2019.04.02,4895.0,-5.0,4915.0,4915.0,4880.0,25641.0
2019.04.01,4900.0,85.0,4845.0,4905.0,4825.0,39843.0
2019.03.29,4815.0,125.0,4720.0,4815.0,4715.0,36083.0
2019.03.28,4690.0,-60.0,4730.0,4730.0,4665.0,259606.0
2019.03.27,4750.0,-70.0,4820.0,4820.0,4750.0,14161.0
2019.03.26,4820.0,45.0,4790.0,4835.0,4790.0,14952.0
2019.03.25,4775.0,-145.0,4865.0,4905.0,4760.0,15240.0
2019.03.22,4920.0,-30.0,4950.0,4965.0,4905.0,21531.0
2019.03.21,4950.0,-60.0,5000.0,5005.0,4915.0,30813.0
2019.03.20,5010.0,-40.0,5025.0,5035.0,4965.0,8230.0
2019.03.19,5050.0,-5.0,5060.0,5060.0,5035.0,2981.0
2019.03.18,5055.0,10.0,5080.0,5080.0,5040.0,3822.0
2019.03.15,5045.0,15.0,5030.0,5110.0,5025.0,33863.0
2019.03.14,5030.0,35.0,5005.0,5040.0,4990.0,35813.0
2019.03.13,4995.0,-15.0,5010.0,5025.0,4975.0,4311.0
2019.03.12,5010.0,35.0,5000.0,5030.0,4990.0,27849.0
2019.03.11,4975.0,10.0,4960.0,4975.0,4900.0,14794.0
2019.03.08,4965.0,-135.0,5065.0,5065.0,4940.0,34076.0
2019.03.07,5100.0,-100.0,5205.0,5205.0,5080.0,150512.0
2019.03.06,5200.0,-25.0,5215.0,5215.0,5165.0,135138.0
2019.03.05,5225.0,15.0,5190.0,5225.0,5145.0,7171.0
2019.03.04,5210.0,-10.0,5225.0,5275.0,5195.0,45037.0
2019.02.28,5220.0,-180.0,5405.0,5455.0,5220.0,73196.0
2019.02.27,5400.0,20.0,5370.0,5410.0,5360.0,23188.0
2019.02.26,5380.0,-5.0,5385.0,5400.0,5360.0,42386.0
2019.02.25,5385.0,-35.0,5430.0,5430.0,5380.0,35612.0
2019.02.22,5420.0,15.0,5410.0,5430.0,5395.0,5927.0
2019.02.21,5405.0,50.0,5330.0,5415.0,5285.0,30594.0
2019.02.20,5355.0,35.0,5300.0,5365.0,5285.0,4990.0
2019.02.19,5320.0,25.0,5300.0,5325.0,5295.0,12776.0
2019.02.18,5295.0,70.0,5245.0,5295.0,5195.0,30864.0
2019.02.15,5225.0,30.0,5190.0,5245.0,5180.0,15285.0
2019.02.14,5195.0,-85.0,5260.0,5260.0,5115.0,75292.0
2019.02.13,5280.0,-95.0,5380.0,5380.0,5270.0,41895.0
2019.02.12,5375.0,5.0,5360.0,5410.0,5360.0,38680.0
2019.02.11,5370.0,40.0,5355.0,5380.0,5320.0,39557.0
2019.02.08,5330.0,-50.0,5325.0,5395.0,5325.0,35958.0
2019.02.07,5380.0,30.0,5375.0,5400.0,5335.0,112703.0
2019.02.01,5350.0,-115.0,5440.0,5440.0,5315.0,49774.0
2019.01.31,5465.0,-55.0,5530.0,5570.0,5435.0,48339.0
2019.01.30,5520.0,55.0,5490.0,5520.0,5450.0,44905.0
2019.01.29,5465.0,-45.0,5510.0,5540.0,5440.0,9189.0
2019.01.28,5510.0,115.0,5450.0,5545.0,5450.0,73823.0
2019.01.25,5395.0,50.0,5325.0,5400.0,5310.0,7005.0
2019.01.24,5345.0,-5.0,5360.0,5380.0,5330.0,8853.0
2019.01.23,5350.0,-15.0,5310.0,5360.0,5300.0,18765.0
2019.01.22,5365.0,-25.0,5385.0,5405.0,5345.0,18585.0
2019.01.21,5390.0,70.0,5335.0,5420.0,5335.0,50339.0
2019.01.18,5320.0,60.0,5265.0,5320.0,5255.0,10538.0
2019.01.17,5260.0,-35.0,5280.0,5310.0,5250.0,4222.0
2019.01.16,5295.0,0.0,5280.0,5305.0,5280.0,17996.0
2019.01.15,5295.0,80.0,5220.0,5295.0,5220.0,10545.0
2019.01.14,5215.0,35.0,5165.0,5215.0,5160.0,4231.0
2019.01.11,5180.0,0.0,5180.0,5190.0,5150.0,12099.0
2019.01.10,5180.0,-5.0,5210.0,5285.0,5180.0,13680.0
2019.01.09,5185.0,50.0,5145.0,5250.0,5145.0,8273.0
2019.01.08,5135.0,-65.0,5205.0,5205.0,5110.0,60572.0
2019.01.07,5200.0,50.0,5200.0,5255.0,5175.0,7270.0
2019.01.04,5150.0,120.0,5020.0,5160.0,4995.0,105607.0
2019.01.03,5030.0,120.0,4960.0,5085.0,4960.0,39779.0
2019.01.02,4910.0,-135.0,5090.0,5090.0,4900.0,72497.0
2018.12.28,5045.0,15.0,5030.0,5070.0,5030.0,2887.0
2018.12.27,5030.0,185.0,4980.0,5080.0,4955.0,16646.0
2018.12.26,4845.0,-150.0,4905.0,4915.0,4805.0,19518.0
2018.12.24,4995.0,-35.0,5015.0,5015.0,4960.0,34485.0
2018.12.21,5030.0,-15.0,5025.0,5030.0,4950.0,38725.0
2018.12.20,5045.0,-55.0,5075.0,5120.0,5005.0,18412.0
2018.12.19,5100.0,-75.0,5195.0,5195.0,5060.0,4989.0
2018.12.18,5175.0,-60.0,5190.0,5235.0,5165.0,10111.0
2018.12.17,5235.0,-85.0,5285.0,5345.0,5215.0,4610.0
2018.12.14,5320.0,-40.0,5350.0,5410.0,5270.0,34101.0
2018.12.13,5360.0,145.0,5195.0,5360.0,5195.0,35134.0
2018.12.12,5215.0,115.0,5095.0,5220.0,5095.0,13566.0
2018.12.11,5100.0,-60.0,5150.0,5150.0,5075.0,6986.0
2018.12.10,5160.0,-70.0,5135.0,5215.0,5115.0,5673.0
2018.12.07,5230.0,40.0,5225.0,5250.0,5200.0,3084.0
2018.12.06,5190.0,-125.0,5315.0,5315.0,5170.0,6029.0
2018.12.05,5315.0,25.0,5220.0,5350.0,5220.0,17977.0
2018.12.04,5290.0,30.0,5260.0,5335.0,5260.0,17830.0
2018.12.03,5260.0,130.0,5180.0,5290.0,5180.0,12086.0
2018.11.30,5130.0,-40.0,5165.0,5180.0,5120.0,11809.0
2018.11.29,5170.0,-15.0,5260.0,5260.0,5150.0,3233.0
2018.11.28,5185.0,55.0,5150.0,5210.0,5150.0,15337.0
2018.11.27,5130.0,-5.0,5125.0,5155.0,5085.0,11653.0
2018.11.26,5135.0,5.0,5190.0,5210.0,5050.0,8072.0
2018.11.23,5130.0,-25.0,5145.0,5210.0,5115.0,6925.0
2018.11.22,5155.0,-55.0,5195.0,5210.0,5125.0,6503.0
2018.11.21,5210.0,20.0,5135.0,5230.0,5090.0,10990.0
2018.11.20,5190.0,30.0,5075.0,5215.0,5075.0,39022.0
2018.11.19,5160.0,65.0,5140.0,5200.0,5105.0,96633.0
2018.11.16,5095.0,150.0,4970.0,5110.0,4970.0,26953.0
2018.11.15,4945.0,110.0,4835.0,4955.0,4835.0,13183.0
2018.11.14,4835.0,-150.0,4950.0,4950.0,4815.0,15057.0
2018.11.13,4985.0,-15.0,4910.0,4990.0,4855.0,3283.0
2018.11.12,5000.0,45.0,4890.0,5050.0,4890.0,17530.0
2018.11.09,4955.0,-15.0,4930.0,4990.0,4820.0,3734.0
2018.11.08,4970.0,135.0,4930.0,5010.0,4930.0,29234.0
2018.11.07,4835.0,-140.0,4985.0,5115.0,4785.0,96303.0
2018.11.06,4975.0,140.0,4870.0,4990.0,4850.0,51203.0
2018.11.05,4835.0,-5.0,4810.0,4845.0,4775.0,22906.0
2018.11.02,4840.0,240.0,4650.0,4840.0,4650.0,16914.0
2018.11.01,4600.0,-125.0,4725.0,4735.0,4590.0,56143.0
2018.10.31,4725.0,30.0,4695.0,4750.0,4625.0,25512.0
2018.10.30,4695.0,100.0,4510.0,4700.0,4510.0,74414.0
2018.10.29,4595.0,-95.0,4680.0,4810.0,4570.0,21423.0
2018.10.26,4690.0,-155.0,4870.0,4880.0,4640.0,13969.0
2018.10.25,4845.0,-55.0,4750.0,4860.0,4720.0,27259.0
2018.10.24,4900.0,-95.0,5015.0,5015.0,4885.0,6204.0
2018.10.23,4995.0,-160.0,5130.0,5130.0,4950.0,26069.0
2018.10.22,5155.0,-70.0,5180.0,5180.0,5095.0,4668.0
2018.10.19,5225.0,-25.0,5200.0,5225.0,5080.0,16844.0
2018.10.18,5250.0,-95.0,5330.0,5330.0,5235.0,3927.0
2018.10.17,5345.0,30.0,5385.0,5410.0,5265.0,12029.0
2018.10.16,5315.0,25.0,5295.0,5330.0,5250.0,31013.0
2018.10.15,5290.0,5.0,5270.0,5385.0,5270.0,2974.0
2018.10.12,5285.0,85.0,5175.0,5295.0,5175.0,24252.0
2018.10.11,5200.0,-265.0,5280.0,5365.0,5180.0,27078.0
2018.10.10,5465.0,-190.0,5640.0,5640.0,5465.0,39589.0
2018.10.08,5655.0,-185.0,5800.0,5820.0,5645.0,20431.0
2018.10.05,5840.0,-40.0,5825.0,5890.0,5770.0,22294.0
2018.10.04,5880.0,20.0,5920.0,5980.0,5840.0,24190.0
2018.10.02,5860.0,60.0,5765.0,5915.0,5750.0,15535.0
2018.10.01,5800.0,45.0,5755.0,5810.0,5740.0,59525.0
2018.09.28,5755.0,-5.0,5770.0,5780.0,5695.0,17816.0
2018.09.27,5760.0,90.0,5700.0,5790.0,5695.0,29902.0
2018.09.21,5670.0,50.0,5660.0,5720.0,5640.0,16234.0
2018.09.20,5620.0,70.0,5570.0,5645.0,5550.0,9274.0
2018.09.19,5550.0,-75.0,5615.0,5635.0,5550.0,37849.0
2018.09.18,5625.0,-25.0,5605.0,5640.0,5580.0,50048.0
2018.09.17,5650.0,20.0,5615.0,5655.0,5580.0,66934.0
2018.09.14,5630.0,40.0,5635.0,5640.0,5600.0,31637.0
2018.09.13,5590.0,75.0,5515.0,5670.0,5515.0,120313.0
2018.09.12,5515.0,60.0,5485.0,5520.0,5445.0,11059.0
2018.09.11,5455.0,-25.0,5495.0,5495.0,5445.0,7530.0
2018.09.10,5480.0,90.0,5400.0,5480.0,5390.0,12700.0
2018.09.07,5390.0,75.0,5335.0,5395.0,5310.0,13812.0
2018.09.06,5315.0,65.0,5265.0,5360.0,5265.0,17216.0
2018.09.05,5250.0,0.0,5250.0,5310.0,5250.0,19723.0
2018.09.04,5250.0,-15.0,5265.0,5265.0,5230.0,1259.0
2018.09.03,5265.0,30.0,5235.0,5280.0,5230.0,19932.0
2018.08.31,5235.0,-15.0,5225.0,5235.0,5170.0,5888.0
2018.08.30,5250.0,-45.0,5295.0,5330.0,5250.0,8299.0
2018.08.29,5295.0,45.0,5265.0,5305.0,5260.0,11086.0
2018.08.28,5250.0,90.0,5175.0,5295.0,5175.0,19609.0
2018.08.27,5160.0,-130.0,5230.0,5240.0,5160.0,33406.0
2018.08.24,5290.0,-30.0,5335.0,5335.0,5235.0,13387.0
2018.08.23,5320.0,-10.0,5425.0,5445.0,5300.0,12022.0
2018.08.22,5330.0,35.0,5315.0,5385.0,5290.0,42770.0
2018.08.21,5295.0,0.0,5305.0,5315.0,5265.0,22476.0
2018.08.20,5295.0,145.0,5170.0,5330.0,5170.0,33555.0
2018.08.17,5150.0,35.0,5140.0,5150.0,5105.0,14217.0
2018.08.16,5115.0,-20.0,5150.0,5150.0,5075.0,11093.0
2018.08.14,5135.0,110.0,5070.0,5150.0,5065.0,13827.0
2018.08.13,5025.0,-150.0,5180.0,5180.0,5025.0,43127.0
2018.08.10,5175.0,15.0,5185.0,5200.0,5160.0,23667.0
2018.08.09,5160.0,5.0,5155.0,5180.0,5140.0,3529.0
2018.08.08,5155.0,-20.0,5165.0,5195.0,5130.0,26695.0
2018.08.07,5175.0,10.0,5165.0,5175.0,5110.0,19090.0
2018.08.06,5165.0,15.0,5145.0,5190.0,5140.0,7159.0
2018.08.03,5150.0,155.0,5005.0,5150.0,5005.0,45337.0
2018.08.02,4995.0,-105.0,5080.0,5115.0,4980.0,38010.0
2018.08.01,5100.0,40.0,5105.0,5120.0,5080.0,16828.0
2018.07.31,5060.0,-5.0,5075.0,5130.0,5055.0,22860.0
2018.07.30,5065.0,75.0,5005.0,5065.0,4980.0,4278.0
2018.07.27,4990.0,40.0,4990.0,5000.0,4965.0,5840.0
2018.07.26,4950.0,50.0,4920.0,5030.0,4920.0,24285.0
2018.07.25,4900.0,25.0,4890.0,4940.0,4885.0,8445.0
2018.07.24,4875.0,100.0,4775.0,4880.0,4705.0,27270.0
2018.07.23,4775.0,50.0,4750.0,4800.0,4745.0,36946.0
2018.07.20,4725.0,20.0,4720.0,4750.0,4695.0,3494.0
2018.07.19,4705.0,-40.0,4740.0,4765.0,4695.0,9086.0
2018.07.18,4745.0,-75.0,4835.0,4835.0,4740.0,16254.0
2018.07.17,4820.0,-40.0,4870.0,4870.0,4810.0,5172.0
2018.07.16,4860.0,25.0,4835.0,4900.0,4825.0,8934.0
2018.07.13,4835.0,50.0,4830.0,4860.0,4790.0,112088.0
2018.07.12,4785.0,-80.0,4870.0,4870.0,4785.0,119183.0
2018.07.11,4865.0,0.0,4825.0,4880.0,4800.0,27774.0
2018.07.10,4865.0,25.0,4850.0,4890.0,4850.0,9017.0
2018.07.09,4840.0,-185.0,4970.0,4970.0,4815.0,43978.0
2018.07.06,5025.0,135.0,4895.0,5035.0,4890.0,74369.0
2018.07.05,4890.0,-20.0,4900.0,4915.0,4820.0,6084.0
2018.07.04,4910.0,-25.0,4885.0,4955.0,4880.0,18559.0
2018.07.03,4935.0,45.0,4920.0,4945.0,4825.0,25515.0
2018.07.02,4890.0,-215.0,5065.0,5070.0,4885.0,40089.0
2018.06.29,5105.0,70.0,5115.0,5115.0,4980.0,38963.0
2018.06.28,5035.0,-35.0,5070.0,5140.0,5015.0,36841.0
2018.06.27,5070.0,-185.0,5255.0,5260.0,5060.0,21071.0
2018.06.26,5255.0,-120.0,5335.0,5345.0,5235.0,14576.0
2018.06.25,5375.0,85.0,5290.0,5415.0,5285.0,9755.0
2018.06.22,5290.0,60.0,5225.0,5290.0,5180.0,9858.0
2018.06.21,5230.0,-120.0,5315.0,5350.0,5230.0,28295.0
2018.06.20,5350.0,115.0,5210.0,5350.0,5190.0,51661.0
2018.06.19,5235.0,-170.0,5400.0,5415.0,5210.0,39157.0
2018.06.18,5405.0,-145.0,5540.0,5560.0,5360.0,57280.0
2018.06.15,5550.0,-15.0,5605.0,5625.0,5535.0,24971.0
2018.06.14,5565.0,-305.0,5785.0,5785.0,5535.0,56320.0
2018.06.12,5870.0,-45.0,5945.0,5945.0,5820.0,119152.0
2018.06.11,5915.0,125.0,5800.0,5945.0,5795.0,52669.0
2018.06.08,5790.0,-135.0,5925.0,5925.0,5765.0,53545.0
2018.06.07,5925.0,35.0,5890.0,5940.0,5875.0,28257.0
2018.06.05,5890.0,15.0,5805.0,5890.0,5740.0,16940.0
2018.06.04,5875.0,35.0,5945.0,5950.0,5850.0,38534.0
2018.06.01,5840.0,-40.0,5910.0,5940.0,5825.0,107869.0
2018.05.31,5880.0,55.0,5860.0,5905.0,5840.0,37489.0
2018.05.30,5825.0,-10.0,5835.0,5870.0,5770.0,58328.0
2018.05.29,5835.0,-85.0,5950.0,5950.0,5835.0,61977.0
2018.05.28,5920.0,240.0,5935.0,5990.0,5865.0,72030.0
2018.05.25,5680.0,-250.0,5695.0,5775.0,5655.0,63637.0
2018.05.24,5930.0,-45.0,6025.0,6025.0,5920.0,38144.0
2018.05.23,5975.0,-95.0,5995.0,6030.0,5915.0,62899.0
2018.05.21,6070.0,-30.0,6120.0,6125.0,6045.0,40443.0
2018.05.18,6100.0,140.0,5990.0,6105.0,5975.0,36550.0
2018.05.17,5960.0,-40.0,6015.0,6110.0,5945.0,24916.0
2018.05.16,6000.0,-210.0,6020.0,6120.0,5960.0,99512.0
2018.05.15,6210.0,-25.0,6235.0,6270.0,6160.0,80026.0
2018.05.14,6235.0,160.0,6120.0,6280.0,6120.0,128528.0
2018.05.11,6075.0,75.0,6000.0,6100.0,5940.0,107494.0
2018.05.10,6000.0,155.0,5915.0,6030.0,5915.0,71732.0
2018.05.09,5845.0,25.0,5835.0,5855.0,5730.0,34530.0
2018.05.08,5820.0,-55.0,5830.0,5960.0,5815.0,80318.0
2018.05.04,5875.0,200.0,5675.0,5885.0,5675.0,99962.0
2018.05.03,5675.0,-170.0,5785.0,5790.0,5660.0,31877.0
2018.05.02,5845.0,130.0,5765.0,5870.0,5740.0,99306.0
2018.04.30,5715.0,200.0,5575.0,5755.0,5575.0,95955.0
2018.04.27,5515.0,-30.0,5545.0,5575.0,5480.0,13930.0
2018.04.26,5545.0,175.0,5395.0,5545.0,5395.0,49657.0
2018.04.25,5370.0,-150.0,5495.0,5495.0,5350.0,92664.0
2018.04.24,5520.0,-40.0,5575.0,5575.0,5485.0,117331.0
2018.04.23,5560.0,10.0,5620.0,5640.0,5540.0,29277.0
2018.04.20,5550.0,-5.0,5555.0,5575.0,5510.0,5538.0
2018.04.19,5555.0,90.0,5465.0,5570.0,5465.0,67865.0
2018.04.18,5465.0,95.0,5420.0,5465.0,5420.0,8704.0
2018.04.17,5370.0,-25.0,5405.0,5430.0,5365.0,29127.0
2018.04.16,5395.0,-15.0,5440.0,5470.0,5375.0,15347.0
2018.04.13,5410.0,-25.0,5430.0,5450.0,5405.0,19296.0
2018.04.12,5435.0,60.0,5420.0,5470.0,5410.0,90864.0
2018.04.11,5375.0,85.0,5315.0,5385.0,5290.0,16479.0
2018.04.10,5290.0,-65.0,5340.0,5340.0,5235.0,58050.0
2018.04.09,5355.0,-30.0,5380.0,5385.0,5300.0,15746.0
2018.04.06,5385.0,-10.0,5395.0,5420.0,5355.0,9291.0
2018.04.05,5395.0,160.0,5300.0,5410.0,5290.0,32403.0
2018.04.04,5235.0,-150.0,5395.0,5405.0,5235.0,26260.0
2018.04.03,5385.0,-30.0,5360.0,5400.0,5345.0,52488.0
2018.04.02,5415.0,-160.0,5590.0,5590.0,5385.0,112599.0
2018.03.30,5575.0,-45.0,5685.0,5720.0,5520.0,28685.0
2018.03.29,5620.0,-65.0,5700.0,5720.0,5550.0,9538.0
2018.03.28,5685.0,-40.0,5685.0,5755.0,5660.0,23378.0
2018.03.27,5725.0,50.0,5705.0,5775.0,5700.0,31501.0
2018.03.26,5675.0,55.0,5550.0,5705.0,5430.0,103490.0
2018.03.23,5620.0,-185.0,5680.0,5735.0,5610.0,72214.0
2018.03.22,5805.0,35.0,5755.0,5895.0,5755.0,75551.0
2018.03.21,5770.0,45.0,5705.0,5780.0,5705.0,17374.0
2018.03.20,5725.0,25.0,5660.0,5765.0,5660.0,21269.0
2018.03.19,5700.0,-15.0,5740.0,5750.0,5680.0,29829.0
2018.03.16,5715.0,25.0,5710.0,5750.0,5690.0,18931.0
2018.03.15,5690.0,5.0,5690.0,5720.0,5620.0,64659.0
2018.03.14,5685.0,-85.0,5720.0,5775.0,5655.0,91859.0
2018.03.13,5770.0,-70.0,5815.0,5840.0,5740.0,44255.0
2018.03.12,5840.0,100.0,5795.0,5865.0,5775.0,106807.0
2018.03.09,5740.0,50.0,5720.0,5885.0,5700.0,116909.0
2018.03.08,5690.0,165.0,5545.0,5695.0,5545.0,223892.0
2018.03.07,5525.0,-10.0,5605.0,5700.0,5520.0,68877.0
2018.03.06,5535.0,220.0,5385.0,5560.0,5375.0,71523.0
2018.03.05,5315.0,-125.0,5410.0,5440.0,5305.0,62521.0
2018.03.02,5440.0,-90.0,5460.0,5460.0,5400.0,22225.0
2018.02.28,5530.0,-45.0,5525.0,5595.0,5525.0,34528.0
2018.02.27,5575.0,-5.0,5600.0,5645.0,5565.0,19016.0
2018.02.26,5580.0,25.0,5590.0,5635.0,5560.0,31278.0
2018.02.23,5555.0,85.0,5520.0,5560.0,5520.0,4572.0
2018.02.22,5470.0,-65.0,5490.0,5490.0,5445.0,7763.0
2018.02.21,5535.0,25.0,5525.0,5565.0,5500.0,21706.0
2018.02.20,5510.0,-90.0,5585.0,5615.0,5505.0,34660.0
2018.02.19,5600.0,155.0,5520.0,5625.0,5520.0,19469.0
2018.02.14,5445.0,130.0,5360.0,5445.0,5360.0,30163.0
2018.02.13,5315.0,-185.0,5530.0,5530.0,5290.0,83013.0
2018.02.12,5500.0,-80.0,5580.0,5580.0,5495.0,11988.0
2018.02.09,5580.0,-120.0,5530.0,5605.0,5520.0,33035.0
2018.02.08,5700.0,135.0,5585.0,5720.0,5585.0,25971.0
2018.02.07,5565.0,-145.0,5785.0,5785.0,5560.0,38396.0
2018.02.06,5710.0,-60.0,5555.0,5720.0,5515.0,170883.0
2018.02.05,5770.0,-180.0,5825.0,5850.0,5765.0,67466.0
2018.02.02,5950.0,-105.0,6050.0,6065.0,5925.0,39426.0
2018.02.01,6055.0,80.0,6015.0,6110.0,6015.0,102639.0
2018.01.31,5975.0,-115.0,5995.0,5995.0,5825.0,72152.0
2018.01.30,6090.0,-80.0,6165.0,6200.0,6040.0,120546.0
2018.01.29,6170.0,115.0,6070.0,6205.0,6055.0,100297.0
2018.01.26,6055.0,-5.0,6035.0,6075.0,6000.0,31714.0
2018.01.25,6060.0,185.0,5890.0,6065.0,5880.0,102830.0
2018.01.24,5875.0,20.0,5875.0,5890.0,5850.0,20019.0
2018.01.23,5855.0,125.0,5755.0,5885.0,5735.0,71126.0
2018.01.22,5730.0,30.0,5710.0,5730.0,5645.0,19722.0
2018.01.19,5700.0,50.0,5650.0,5725.0,5630.0,48071.0
2018.01.18,5650.0,5.0,5660.0,5710.0,5630.0,7069.0
2018.01.17,5645.0,-75.0,5700.0,5700.0,5600.0,43139.0
2018.01.16,5720.0,-50.0,5760.0,5795.0,5680.0,13833.0
2018.01.15,5770.0,-20.0,5810.0,5810.0,5765.0,15390.0
2018.01.12,5790.0,5.0,5785.0,5850.0,5755.0,46043.0
2018.01.11,5785.0,-15.0,5800.0,5830.0,5720.0,45892.0
2018.01.10,5800.0,205.0,5630.0,5815.0,5610.0,77961.0
2018.01.09,5595.0,65.0,5550.0,5595.0,5500.0,42518.0
2018.01.08,5530.0,-35.0,5580.0,5580.0,5510.0,27274.0
2018.01.05,5565.0,75.0,5520.0,5580.0,5450.0,47276.0
2018.01.04,5490.0,160.0,5390.0,5530.0,5360.0,85101.0
2018.01.03,5330.0,75.0,5235.0,5370.0,5215.0,31112.0
2018.01.02,5255.0,235.0,5040.0,5255.0,5040.0,27426.0
2017.12.28,5020.0,135.0,4880.0,5035.0,4880.0,63318.0
2017.12.27,4885.0,-345.0,4850.0,4885.0,4815.0,98993.0
2017.12.26,5230.0,65.0,5185.0,5255.0,5185.0,9086.0
2017.12.22,5165.0,-55.0,5210.0,5225.0,5165.0,55382.0
2017.12.21,5220.0,-40.0,5260.0,5260.0,5205.0,7985.0
2017.12.20,5260.0,60.0,5200.0,5270.0,5200.0,9217.0
2017.12.19,5200.0,-45.0,5245.0,5265.0,5175.0,49542.0
2017.12.18,5245.0,-35.0,5280.0,5280.0,5215.0,4437.0
2017.12.15,5280.0,35.0,5255.0,5290.0,5255.0,15745.0
2017.12.14,5245.0,-85.0,5340.0,5350.0,5245.0,27431.0
2017.12.13,5330.0,115.0,5210.0,5330.0,5210.0,28654.0
2017.12.12,5215.0,5.0,5235.0,5235.0,5205.0,15398.0
2017.12.11,5210.0,20.0,5190.0,5240.0,5175.0,82528.0
2017.12.08,5190.0,-220.0,5415.0,5415.0,5150.0,79904.0
2017.12.07,5410.0,-145.0,5550.0,5555.0,5360.0,101333.0
2017.12.06,5555.0,-455.0,5795.0,5795.0,5555.0,234231.0
2017.12.05,6010.0,195.0,5830.0,6020.0,5830.0,78371.0
2017.12.04,5815.0,20.0,5795.0,5830.0,5770.0,8019.0
2017.12.01,5795.0,-5.0,5810.0,5810.0,5755.0,7189.0
2017.11.30,5800.0,20.0,5795.0,5840.0,5770.0,6082.0
2017.11.29,5780.0,20.0,5770.0,5790.0,5730.0,4916.0
2017.11.28,5760.0,15.0,5720.0,5785.0,5695.0,45707.0
2017.11.27,5745.0,-75.0,5800.0,5820.0,5735.0,19856.0
2017.11.24,5820.0,-5.0,5820.0,5830.0,5780.0,5962.0
2017.11.23,5825.0,55.0,5800.0,5860.0,5800.0,13142.0
2017.11.22,5770.0,5.0,5765.0,5800.0,5725.0,70166.0
2017.11.21,5765.0,-60.0,5805.0,5805.0,5750.0,23325.0
2017.11.20,5825.0,-55.0,5905.0,5910.0,5810.0,19683.0
2017.11.17,5880.0,30.0,5855.0,5905.0,5825.0,88484.0
2017.11.16,5850.0,45.0,5840.0,5850.0,5790.0,31489.0
2017.11.15,5805.0,-140.0,5940.0,5940.0,5785.0,69300.0
2017.11.14,5945.0,50.0,5905.0,5950.0,5855.0,28962.0
2017.11.13,5895.0,-160.0,6075.0,6075.0,5870.0,45547.0
2017.11.10,6055.0,-115.0,6145.0,6145.0,6055.0,20572.0
2017.11.09,6170.0,15.0,6170.0,6210.0,6155.0,48126.0
2017.11.08,6155.0,0.0,6090.0,6155.0,6090.0,17835.0
2017.11.07,6155.0,115.0,6045.0,6170.0,6040.0,118408.0
2017.11.06,6040.0,20.0,6035.0,6045.0,6000.0,129908.0
2017.11.03,6020.0,45.0,5995.0,6030.0,5990.0,10404.0
2017.11.02,5975.0,5.0,5985.0,5995.0,5955.0,10827.0
2017.11.01,5970.0,-35.0,5960.0,5980.0,5930.0,23861.0
2017.10.31,6005.0,45.0,5960.0,6025.0,5925.0,30242.0
2017.10.30,5960.0,-210.0,6085.0,6100.0,5895.0,87837.0
2017.10.27,6170.0,40.0,6130.0,6175.0,6130.0,10102.0
2017.10.26,6130.0,25.0,6105.0,6130.0,6100.0,5125.0
2017.10.25,6105.0,-25.0,6145.0,6145.0,6095.0,4930.0
2017.10.24,6130.0,-5.0,6135.0,6170.0,6085.0,25250.0
2017.10.23,6135.0,-65.0,6240.0,6240.0,6100.0,21238.0
2017.10.20,6200.0,-15.0,6200.0,6215.0,6145.0,46303.0
2017.10.19,6215.0,95.0,6200.0,6215.0,6160.0,6476.0
2017.10.18,6120.0,-5.0,6125.0,6170.0,6115.0,5739.0
2017.10.17,6125.0,35.0,6130.0,6190.0,6010.0,11662.0
2017.10.16,6090.0,20.0,6070.0,6120.0,6015.0,4582.0
2017.10.13,6070.0,-5.0,6100.0,6100.0,5965.0,8103.0
2017.10.12,6075.0,30.0,6045.0,6090.0,6040.0,4080.0
2017.10.11,6045.0,125.0,5880.0,6050.0,5880.0,8583.0
2017.10.10,5920.0,-25.0,6015.0,6015.0,5915.0,3311.0
2017.09.29,5945.0,60.0,5910.0,5980.0,5830.0,2665.0
2017.09.28,5885.0,-15.0,5880.0,5885.0,5810.0,771.0
2017.09.27,5900.0,0.0,5960.0,5960.0,5880.0,2075.0
2017.09.26,5900.0,145.0,5760.0,5900.0,5720.0,6904.0
2017.09.25,5755.0,-85.0,5835.0,5835.0,5705.0,1832.0
2017.09.22,5840.0,-110.0,5960.0,5960.0,5775.0,4741.0
2017.09.21,5950.0,-40.0,5990.0,6005.0,5935.0,2685.0
2017.09.20,5990.0,50.0,6070.0,6070.0,5945.0,3126.0
2017.09.19,5940.0,120.0,5820.0,6090.0,5820.0,2301.0
2017.09.18,5820.0,-75.0,5895.0,5975.0,5740.0,9952.0
2017.09.15,5895.0,35.0,5850.0,5900.0,5780.0,7627.0
2017.09.14,5860.0,15.0,5825.0,5860.0,5815.0,2231.0
2017.09.13,5845.0,-45.0,5885.0,5885.0,5800.0,2923.0
2017.09.12,5890.0,185.0,5750.0,5890.0,5735.0,73522.0
2017.09.11,5705.0,-165.0,5870.0,5905.0,5705.0,3164.0
2017.09.08,5870.0,-40.0,5900.0,5900.0,5855.0,808.0
2017.09.07,5910.0,145.0,5815.0,5925.0,5815.0,3022.0
2017.09.06,5765.0,-110.0,5900.0,5920.0,5765.0,1461.0
2017.09.05,5875.0,-95.0,6005.0,6010.0,5875.0,3825.0
2017.09.04,5970.0,-40.0,5885.0,5995.0,5830.0,1534.0
2017.09.01,6010.0,-15.0,6115.0,6115.0,6005.0,922.0
2017.08.31,6025.0,-65.0,6140.0,6145.0,6010.0,11961.0
2017.08.30,6090.0,-50.0,6125.0,6150.0,6090.0,1302.0
2017.08.29,6140.0,-40.0,6155.0,6155.0,5975.0,6173.0
2017.08.28,6180.0,5.0,6170.0,6190.0,6130.0,1562.0
2017.08.25,6175.0,100.0,6115.0,6180.0,6075.0,2108.0
2017.08.24,6075.0,-30.0,6100.0,6100.0,5990.0,4834.0
2017.08.23,6105.0,45.0,6105.0,6145.0,6105.0,1506.0
2017.08.22,6060.0,20.0,6045.0,6060.0,5985.0,3572.0
2017.08.21,6040.0,-105.0,6140.0,6140.0,6010.0,3923.0
2017.08.18,6145.0,-70.0,6160.0,6165.0,6090.0,8203.0
2017.08.17,6215.0,0.0,6200.0,6280.0,6150.0,1560.0
2017.08.16,6215.0,-75.0,6290.0,6290.0,6175.0,5754.0
2017.08.14,6290.0,-35.0,6330.0,6330.0,6245.0,1320.0
2017.08.11,6325.0,-85.0,6340.0,6350.0,6265.0,1545.0
2017.08.10,6410.0,-10.0,6410.0,6470.0,6255.0,4074.0
2017.08.09,6420.0,-45.0,6435.0,6475.0,6420.0,999.0
2017.08.08,6465.0,-25.0,6470.0,6475.0,6345.0,4148.0
2017.08.07,6490.0,0.0,6540.0,6540.0,6460.0,545.0
2017.08.04,6490.0,70.0,6510.0,6510.0,6385.0,4273.0
2017.08.03,6420.0,-135.0,6545.0,6555.0,6365.0,2072.0
2017.08.02,6555.0,-45.0,6600.0,6605.0,6500.0,1632.0
2017.08.01,6600.0,140.0,6460.0,6615.0,6460.0,2363.0
2017.07.31,6460.0,0.0,6445.0,6500.0,6400.0,2018.0
2017.07.28,6460.0,-140.0,6545.0,6565.0,6450.0,2481.0
2017.07.27,6600.0,55.0,6565.0,6600.0,6565.0,1869.0
2017.07.26,6545.0,10.0,6525.0,6600.0,6525.0,2442.0
2017.07.25,6535.0,-15.0,6565.0,6595.0,6535.0,1792.0
2017.07.24,6550.0,35.0,6625.0,6625.0,6510.0,2584.0
2017.07.21,6515.0,15.0,6525.0,6595.0,6500.0,3934.0
2017.07.20,6500.0,80.0,6450.0,6500.0,6380.0,6652.0
2017.07.19,6420.0,15.0,6405.0,6425.0,6360.0,3240.0
2017.07.18,6405.0,-25.0,6430.0,6430.0,6370.0,3875.0
2017.07.17,6430.0,-5.0,6470.0,6490.0,6365.0,5995.0
2017.07.14,6435.0,-20.0,6435.0,6445.0,6400.0,3164.0
2017.07.13,6455.0,40.0,6460.0,6465.0,6380.0,2320.0
2017.07.12,6415.0,15.0,6450.0,6450.0,6400.0,1717.0
2017.07.11,6400.0,-85.0,6555.0,6555.0,6390.0,4085.0
2017.07.10,6485.0,-75.0,6560.0,6560.0,6465.0,5030.0
2017.07.07,6560.0,0.0,6555.0,6560.0,6520.0,541.0
2017.07.06,6560.0,-30.0,6590.0,6610.0,6520.0,3770.0
2017.07.05,6590.0,-10.0,6630.0,6630.0,6545.0,5823.0
2017.07.04,6600.0,25.0,6680.0,6680.0,6600.0,4214.0
2017.07.03,6575.0,-30.0,6605.0,6670.0,6570.0,2696.0
2017.06.30,6605.0,0.0,6605.0,6605.0,6555.0,5059.0
2017.06.29,6605.0,80.0,6570.0,6635.0,6550.0,3954.0
2017.06.28,6525.0,-30.0,6550.0,6550.0,6500.0,9984.0
2017.06.27,6555.0,-35.0,6565.0,6565.0,6500.0,3222.0
2017.06.26,6590.0,-5.0,6590.0,6595.0,6510.0,9734.0
2017.06.23,6595.0,70.0,6565.0,6605.0,6540.0,10499.0
2017.06.22,6525.0,-125.0,6635.0,6635.0,6500.0,3556.0
2017.06.21,6650.0,50.0,6600.0,6665.0,6600.0,4734.0
2017.06.20,6600.0,-180.0,6795.0,6795.0,6590.0,9958.0
2017.06.19,6780.0,-65.0,6915.0,6935.0,6780.0,2193.0
2017.06.16,6845.0,-85.0,6930.0,6940.0,6840.0,9487.0
2017.06.15,6930.0,10.0,6935.0,6945.0,6825.0,10496.0
2017.06.14,6920.0,140.0,6905.0,6940.0,6815.0,15174.0
2017.06.13,6780.0,140.0,6675.0,6800.0,6675.0,16450.0
2017.06.12,6640.0,30.0,6600.0,6685.0,6580.0,8180.0
2017.06.09,6610.0,30.0,6580.0,6610.0,6540.0,2086.0
2017.06.08,6580.0,10.0,6570.0,6600.0,6510.0,3823.0
2017.06.07,6570.0,-60.0,6590.0,6590.0,6490.0,5865.0
2017.06.05,6630.0,40.0,6550.0,6635.0,6550.0,829.0
2017.06.02,6590.0,-70.0,6660.0,6660.0,6570.0,4211.0
2017.06.01,6660.0,140.0,6555.0,6675.0,6480.0,11130.0
2017.05.31,6520.0,-60.0,6580.0,6600.0,6520.0,26420.0
2017.05.30,6580.0,15.0,6565.0,6640.0,6520.0,18578.0
2017.05.29,6565.0,-135.0,6685.0,6685.0,6555.0,13515.0
2017.05.26,6700.0,5.0,6700.0,6735.0,6670.0,10003.0
2017.05.25,6695.0,160.0,6615.0,6720.0,6590.0,15524.0
2017.05.24,6535.0,0.0,6545.0,6605.0,6535.0,8574.0
2017.05.23,6535.0,75.0,6540.0,6605.0,6535.0,13810.0
2017.05.22,6460.0,0.0,6495.0,6495.0,6430.0,5422.0
2017.05.19,6460.0,30.0,6460.0,6495.0,6445.0,1733.0
2017.05.18,6430.0,-90.0,6470.0,6470.0,6390.0,28176.0
2017.05.17,6520.0,0.0,6510.0,6545.0,6480.0,3472.0
2017.05.16,6520.0,35.0,6490.0,6555.0,6485.0,6356.0
2017.05.15,6485.0,-20.0,6535.0,6540.0,6470.0,1845.0
2017.05.12,6505.0,-40.0,6545.0,6545.0,6495.0,6864.0
2017.05.11,6545.0,-80.0,6625.0,6645.0,6535.0,19676.0
2017.05.10,6625.0,85.0,6575.0,6700.0,6570.0,4711.0
2017.05.08,6540.0,-20.0,6540.0,6560.0,6515.0,3719.0
2017.05.04,6560.0,15.0,6545.0,6590.0,6545.0,3347.0
2017.05.02,6545.0,20.0,6480.0,6565.0,6480.0,7037.0
2017.04.28,6525.0,-65.0,6565.0,6565.0,6525.0,8387.0
2017.04.27,6590.0,0.0,6590.0,6605.0,6560.0,2652.0
2017.04.26,6615.0,150.0,6495.0,6640.0,6495.0,1928.0
2017.04.25,6465.0,45.0,6510.0,6520.0,6400.0,6587.0
2017.04.24,6420.0,0.0,6460.0,6480.0,6405.0,490.0
2017.04.21,6420.0,-15.0,6460.0,6460.0,6365.0,2468.0
2017.04.20,6435.0,20.0,6400.0,6435.0,6360.0,363.0
2017.04.19,6415.0,-50.0,6450.0,6450.0,6400.0,266.0
2017.04.18,6465.0,45.0,6430.0,6465.0,6410.0,535.0
2017.04.17,6420.0,100.0,6415.0,6435.0,6365.0,1852.0
2017.04.14,6320.0,-10.0,6330.0,6460.0,6310.0,1956.0
2017.04.13,6330.0,-120.0,6485.0,6485.0,6315.0,13345.0
2017.04.12,6450.0,5.0,6445.0,6450.0,6425.0,963.0
2017.04.11,6445.0,0.0,6450.0,6450.0,6445.0,238.0
2017.04.10,6445.0,-100.0,6500.0,6500.0,6440.0,3022.0
2017.04.07,6545.0,30.0,6515.0,6575.0,6505.0,691.0
2017.04.06,6515.0,-10.0,6490.0,6515.0,6490.0,383.0
2017.04.05,6525.0,45.0,6480.0,6540.0,6455.0,10226.0
2017.04.04,6480.0,35.0,6450.0,6505.0,6430.0,2228.0
2017.04.03,6445.0,-110.0,6575.0,6575.0,6445.0,13131.0
2017.03.31,6555.0,65.0,6500.0,6555.0,6500.0,3355.0
2017.03.30,6490.0,-85.0,6535.0,6550.0,6480.0,5111.0
2017.03.29,6575.0,-80.0,6620.0,6620.0,6440.0,157884.0
2017.03.28,6655.0,50.0,6640.0,6660.0,6640.0,2180.0
2017.03.27,6605.0,-95.0,6700.0,6700.0,6580.0,3158.0
2017.03.24,6700.0,-25.0,6740.0,6750.0,6695.0,1018.0
2017.03.23,6725.0,140.0,6630.0,6775.0,6630.0,10137.0
2017.03.22,6585.0,-125.0,6590.0,6670.0,6585.0,4780.0
2017.03.21,6710.0,-30.0,6715.0,6725.0,6660.0,7873.0
2017.03.20,6740.0,-5.0,6755.0,6760.0,6705.0,1821.0
2017.03.17,6745.0,50.0,6680.0,6760.0,6680.0,20827.0
2017.03.16,6695.0,185.0,6590.0,6700.0,6590.0,25137.0
2017.03.15,6510.0,5.0,6520.0,6540.0,6495.0,19441.0
2017.03.14,6505.0,-65.0,6565.0,6565.0,6505.0,3017.0
2017.03.13,6570.0,35.0,6535.0,6570.0,6495.0,5397.0
2017.03.10,6535.0,15.0,6515.0,6535.0,6470.0,15325.0
2017.03.09,6520.0,-50.0,6565.0,6565.0,6490.0,1203.0
2017.03.08,6570.0,-65.0,6645.0,6645.0,6570.0,54346.0
2017.03.07,6635.0,185.0,6440.0,6635.0,6440.0,13647.0
2017.03.06,6450.0,30.0,6410.0,6475.0,6365.0,20917.0
2017.03.03,6420.0,-30.0,6430.0,6430.0,6390.0,4683.0
2017.03.02,6450.0,-5.0,6495.0,6550.0,6420.0,27172.0
2017.02.28,6455.0,85.0,6370.0,6455.0,6295.0,20971.0
2017.02.27,6370.0,45.0,6355.0,6380.0,6355.0,1998.0
2017.02.24,6325.0,-75.0,6400.0,6400.0,6320.0,7958.0
2017.02.23,6400.0,-10.0,6425.0,6425.0,6380.0,43162.0
2017.02.22,6410.0,75.0,6340.0,6425.0,6320.0,52741.0
2017.02.21,6335.0,105.0,6250.0,6335.0,6250.0,73410.0
2017.02.20,6230.0,-15.0,6210.0,6230.0,6185.0,2017.0
2017.02.17,6245.0,-35.0,6255.0,6270.0,6210.0,1990.0
2017.02.16,6280.0,-105.0,6395.0,6395.0,6260.0,6791.0
2017.02.15,6385.0,30.0,6355.0,6385.0,6350.0,1015.0
2017.02.14,6355.0,-10.0,6365.0,6365.0,6315.0,6192.0
2017.02.13,6365.0,20.0,6385.0,6385.0,6330.0,4905.0
2017.02.10,6345.0,115.0,6265.0,6345.0,6255.0,7886.0
2017.02.09,6230.0,75.0,6195.0,6230.0,6160.0,6527.0
2017.02.08,6155.0,-15.0,6170.0,6170.0,6150.0,1217.0
2017.02.07,6170.0,-50.0,6185.0,6185.0,6115.0,33657.0
2017.02.06,6220.0,55.0,6205.0,6220.0,6175.0,4154.0
2017.02.03,6165.0,-15.0,6180.0,6195.0,6150.0,6540.0
2017.02.02,6180.0,5.0,6155.0,6225.0,6155.0,3123.0
2017.02.01,6175.0,110.0,6065.0,6195.0,6065.0,19017.0
2017.01.31,6065.0,-75.0,6120.0,6120.0,6050.0,3072.0
2017.01.26,6140.0,85.0,6050.0,6150.0,6050.0,3368.0
2017.01.25,6055.0,-90.0,6155.0,6155.0,6040.0,3295.0
2017.01.24,6145.0,30.0,6105.0,6145.0,6080.0,5296.0
2017.01.23,6115.0,-25.0,6140.0,6175.0,6115.0,10706.0
2017.01.20,6140.0,-30.0,6140.0,6185.0,6140.0,13112.0
2017.01.19,6170.0,-50.0,6220.0,6230.0,6155.0,22424.0
2017.01.18,6220.0,-30.0,6240.0,6240.0,6160.0,1785.0
2017.01.17,6250.0,20.0,6215.0,6295.0,6215.0,8397.0
2017.01.16,6230.0,-25.0,6225.0,6230.0,6190.0,1276.0
2017.01.13,6255.0,-40.0,6270.0,6270.0,6250.0,2901.0
2017.01.12,6295.0,15.0,6280.0,6310.0,6250.0,3120.0
2017.01.11,6280.0,70.0,6185.0,6290.0,6185.0,5168.0
2017.01.10,6210.0,10.0,6200.0,6210.0,6190.0,5468.0
2017.01.09,6200.0,35.0,6170.0,6200.0,6170.0,1318.0
2017.01.06,6165.0,25.0,6115.0,6190.0,6115.0,1316.0
2017.01.05,6140.0,80.0,6055.0,6170.0,6055.0,1824.0
2017.01.04,6060.0,-95.0,6130.0,6130.0,6050.0,4226.0
2017.01.03,6155.0,5.0,6150.0,6160.0,6100.0,357.0
2017.01.02,6150.0,30.0,6070.0,6165.0,6070.0,7576.0
2016.12.29,6120.0,-5.0,6090.0,6120.0,6090.0,439.0
2016.12.28,6125.0,75.0,6045.0,6125.0,6045.0,3117.0
2016.12.27,6050.0,-35.0,6035.0,6080.0,6025.0,4607.0
2016.12.26,6085.0,-60.0,6110.0,6115.0,6080.0,992.0
2016.12.23,6145.0,35.0,6080.0,6145.0,6080.0,621.0
2016.12.22,6110.0,-50.0,6115.0,6135.0,6105.0,10136.0
2016.12.21,6160.0,5.0,6180.0,6185.0,6135.0,1341.0
2016.12.20,6155.0,45.0,6100.0,6155.0,6100.0,3762.0
2016.12.19,6110.0,0.0,6110.0,6110.0,6075.0,319.0
2016.12.16,6110.0,-50.0,6085.0,6140.0,6085.0,457.0
2016.12.15,6160.0,20.0,6100.0,6160.0,6050.0,867.0
2016.12.14,6140.0,-60.0,6200.0,6205.0,6140.0,1334.0
2016.12.13,6200.0,5.0,6195.0,6200.0,6170.0,3533.0
2016.12.12,6195.0,120.0,6150.0,6200.0,6150.0,7856.0
2016.12.09,6075.0,5.0,6070.0,6075.0,6045.0,168.0
2016.12.08,6070.0,130.0,5975.0,6070.0,5975.0,1268.0
2016.12.07,5940.0,-110.0,6090.0,6090.0,5930.0,11425.0
2016.12.06,6050.0,100.0,6015.0,6065.0,6000.0,427.0
2016.12.05,5950.0,-45.0,5980.0,6030.0,5950.0,2227.0
2016.12.02,5995.0,-25.0,6010.0,6010.0,5970.0,439.0
2016.12.01,6020.0,215.0,5870.0,6030.0,5870.0,2449.0
2016.11.30,5805.0,-90.0,5895.0,5895.0,5795.0,6304.0
2016.11.29,5895.0,-70.0,5945.0,5960.0,5895.0,1320.0
2016.11.28,5965.0,-25.0,5950.0,5990.0,5920.0,265.0
2016.11.25,5990.0,-35.0,6025.0,6025.0,5955.0,1963.0
2016.11.24,6025.0,-95.0,6100.0,6100.0,6010.0,819.0
2016.11.23,6120.0,-20.0,6125.0,6135.0,6085.0,3470.0
2016.11.22,6140.0,-35.0,6155.0,6165.0,6105.0,435.0
2016.11.21,6175.0,-10.0,6210.0,6210.0,6130.0,403.0
2016.11.18,6185.0,-160.0,6335.0,6335.0,6180.0,672.0
2016.11.17,6345.0,40.0,6260.0,6360.0,6260.0,208.0
2016.11.16,6305.0,135.0,6375.0,6400.0,6300.0,6449.0
2016.11.15,6170.0,-110.0,6225.0,6265.0,6170.0,3209.0
2016.11.14,6280.0,195.0,6085.0,6280.0,6085.0,9349.0
2016.11.11,6085.0,105.0,6040.0,6120.0,5980.0,9107.0
2016.11.10,5980.0,245.0,5850.0,5990.0,5850.0,6403.0
2016.11.09,5735.0,-235.0,5980.0,5985.0,5595.0,4096.0
2016.11.08,5970.0,30.0,6015.0,6015.0,5900.0,460.0
2016.11.07,5940.0,140.0,5815.0,5950.0,5815.0,545.0
2016.11.04,5800.0,-45.0,5850.0,5850.0,5760.0,2581.0
2016.11.03,5845.0,-25.0,5840.0,5860.0,5810.0,4172.0
2016.11.02,5870.0,-80.0,5910.0,5930.0,5805.0,1713.0
2016.11.01,5950.0,-95.0,6005.0,6005.0,5915.0,2109.0
2016.10.31,6045.0,-55.0,6070.0,6070.0,5990.0,6580.0
2016.10.28,6100.0,-30.0,6175.0,6175.0,6100.0,504.0
2016.10.27,6130.0,-20.0,6155.0,6155.0,6090.0,1881.0
2016.10.26,6150.0,-165.0,6280.0,6280.0,6095.0,6487.0
2016.10.25,6315.0,-65.0,6365.0,6365.0,6270.0,1857.0
2016.10.24,6380.0,110.0,6270.0,6380.0,6270.0,3593.0
2016.10.21,6270.0,30.0,6250.0,6275.0,6205.0,2516.0
2016.10.20,6240.0,40.0,6220.0,6270.0,6200.0,4860.0
2016.10.19,6200.0,-35.0,6285.0,6285.0,6195.0,3825.0
2016.10.18,6235.0,5.0,6255.0,6255.0,6205.0,1318.0
2016.10.17,6230.0,-65.0,6350.0,6350.0,6230.0,3256.0
2016.10.14,6295.0,-60.0,6360.0,6385.0,6295.0,378.0
2016.10.13,6355.0,-40.0,6400.0,6410.0,6330.0,1433.0
2016.10.12,6395.0,40.0,6375.0,6410.0,6355.0,4363.0
2016.10.11,6355.0,-5.0,6370.0,6420.0,6330.0,7294.0
2016.10.10,6360.0,15.0,6235.0,6370.0,6235.0,9222.0
2016.10.07,6345.0,25.0,6320.0,6390.0,6315.0,4439.0
2016.10.06,6320.0,120.0,6200.0,6330.0,6195.0,3501.0
2016.10.05,6200.0,-30.0,6230.0,6230.0,6165.0,5463.0
2016.10.04,6230.0,45.0,6260.0,6260.0,6230.0,259.0
2016.09.30,6185.0,-65.0,6225.0,6280.0,6180.0,11481.0
2016.09.29,6250.0,110.0,6165.0,6265.0,6165.0,14333.0
2016.09.28,6140.0,-60.0,6240.0,6240.0,6130.0,4779.0
2016.09.27,6200.0,45.0,6125.0,6200.0,6090.0,7422.0
2016.09.26,6155.0,-30.0,6160.0,6185.0,6115.0,9572.0
2016.09.23,6185.0,5.0,6190.0,6190.0,6145.0,4556.0
2016.09.22,6180.0,30.0,6155.0,6220.0,6150.0,2638.0
2016.09.21,6150.0,-10.0,6150.0,6150.0,6080.0,4042.0
2016.09.20,6160.0,-105.0,6250.0,6250.0,6145.0,1947.0
2016.09.19,6265.0,85.0,6140.0,6265.0,6140.0,11208.0
2016.09.13,6180.0,-50.0,6305.0,6315.0,6170.0,405.0
2016.09.12,6230.0,-145.0,6255.0,6300.0,6230.0,19181.0
2016.09.09,6375.0,-105.0,6385.0,6405.0,6315.0,7181.0
2016.09.08,6480.0,-35.0,6560.0,6560.0,6450.0,3420.0
2016.09.07,6515.0,-55.0,6600.0,6635.0,6515.0,11406.0
2016.09.06,6570.0,80.0,6540.0,6600.0,6490.0,3860.0
2016.09.05,6490.0,90.0,6475.0,6490.0,6420.0,7492.0
2016.09.02,6400.0,20.0,6380.0,6405.0,6270.0,20293.0
2016.09.01,6380.0,30.0,6325.0,6380.0,6300.0,417.0
2016.08.31,6350.0,150.0,6170.0,6350.0,6170.0,5393.0
2016.08.30,6200.0,-40.0,6235.0,6275.0,6160.0,4654.0
2016.08.29,6240.0,-15.0,6215.0,6250.0,6170.0,3090.0
2016.08.26,6255.0,-155.0,6410.0,6420.0,6210.0,4877.0
2016.08.25,6410.0,-55.0,6405.0,6470.0,6400.0,8029.0
2016.08.24,6465.0,5.0,6445.0,6490.0,6425.0,1833.0
2016.08.23,6460.0,45.0,6380.0,6475.0,6375.0,7408.0
2016.08.22,6415.0,-175.0,6525.0,6525.0,6350.0,15207.0
2016.08.19,6590.0,75.0,6515.0,6625.0,6495.0,6316.0
2016.08.18,6515.0,-55.0,6580.0,6590.0,6515.0,4978.0
2016.08.17,6570.0,20.0,6500.0,6580.0,6460.0,12621.0
2016.08.16,6550.0,20.0,6575.0,6585.0,6535.0,10906.0
2016.08.12,6530.0,85.0,6495.0,6530.0,6480.0,8114.0
2016.08.11,6445.0,-20.0,6425.0,6450.0,6385.0,2788.0
2016.08.10,6465.0,-30.0,6495.0,6565.0,6450.0,15297.0
2016.08.09,6495.0,65.0,6460.0,6535.0,6455.0,12987.0
2016.08.08,6430.0,-25.0,6500.0,6660.0,6430.0,40136.0
2016.08.05,6455.0,215.0,6230.0,6480.0,6230.0,18789.0
2016.08.04,6240.0,-70.0,6315.0,6365.0,6230.0,12531.0
2016.08.03,6310.0,-10.0,6240.0,6320.0,6180.0,16337.0
2016.08.02,6320.0,-65.0,6320.0,6375.0,6280.0,10099.0
2016.08.01,6385.0,90.0,6280.0,6385.0,6200.0,22763.0
2016.07.29,6295.0,-80.0,6400.0,6400.0,6285.0,24066.0
2016.07.28,6375.0,265.0,6175.0,6385.0,6175.0,68350.0
2016.07.27,6110.0,155.0,6000.0,6130.0,6000.0,31138.0
2016.07.26,5955.0,50.0,5905.0,5965.0,5880.0,10998.0
2016.07.25,5905.0,30.0,5870.0,5930.0,5870.0,5105.0
2016.07.22,5875.0,30.0,5825.0,5935.0,5800.0,9709.0
2016.07.21,5845.0,70.0,5785.0,5845.0,5775.0,998.0
2016.07.20,5775.0,-60.0,5835.0,5835.0,5775.0,3069.0
2016.07.19,5835.0,-20.0,5885.0,5885.0,5805.0,17822.0
2016.07.18,5855.0,55.0,5850.0,5890.0,5815.0,7405.0
2016.07.15,5800.0,155.0,5740.0,5810.0,5740.0,8206.0
2016.07.14,5645.0,-45.0,5690.0,5725.0,5645.0,6563.0
2016.07.13,5690.0,85.0,5635.0,5750.0,5635.0,7393.0
2016.07.12,5605.0,105.0,5515.0,5620.0,5510.0,5310.0
2016.07.11,5500.0,75.0,5485.0,5530.0,5485.0,7738.0
2016.07.08,5425.0,-95.0,5475.0,5495.0,5405.0,1288.0
2016.07.07,5520.0,15.0,5525.0,5550.0,5490.0,839.0
2016.07.06,5505.0,-115.0,5615.0,5615.0,5460.0,2158.0
2016.07.05,5620.0,-20.0,5640.0,5670.0,5590.0,1844.0
2016.07.04,5640.0,125.0,5565.0,5650.0,5550.0,3496.0
2016.07.01,5515.0,-15.0,5530.0,5555.0,5490.0,2830.0
2016.06.30,5530.0,15.0,5555.0,5650.0,5480.0,14397.0
2016.06.29,5515.0,60.0,5495.0,5545.0,5420.0,10751.0
2016.06.28,5455.0,125.0,5250.0,5460.0,5250.0,4259.0
2016.06.27,5330.0,-65.0,5255.0,5330.0,5220.0,5338.0
2016.06.24,5395.0,-330.0,5790.0,5810.0,5345.0,15778.0
2016.06.23,5725.0,-20.0,5745.0,5785.0,5695.0,1763.0
2016.06.22,5745.0,145.0,5610.0,5765.0,5610.0,10435.0
2016.06.21,5600.0,-20.0,5645.0,5645.0,5565.0,4168.0
2016.06.20,5620.0,150.0,5555.0,5640.0,5550.0,1591.0
2016.06.17,5470.0,-50.0,5560.0,5560.0,5435.0,1743.0
2016.06.16,5520.0,-55.0,5575.0,5585.0,5480.0,4794.0
2016.06.15,5575.0,-215.0,5745.0,5750.0,5570.0,3806.0
2016.06.14,5790.0,35.0,5780.0,5855.0,5715.0,18013.0
2016.06.13,5755.0,-260.0,5960.0,5960.0,5755.0,7012.0
2016.06.10,6015.0,5.0,6005.0,6070.0,5980.0,6975.0
2016.06.09,6010.0,15.0,6040.0,6065.0,5940.0,18517.0
2016.06.08,5995.0,60.0,5940.0,5995.0,5845.0,15696.0
2016.06.07,5935.0,115.0,5865.0,5935.0,5865.0,24818.0
2016.06.03,5820.0,150.0,5720.0,5900.0,5720.0,22784.0
2016.06.02,5670.0,-10.0,5800.0,5800.0,5670.0,10777.0
2016.06.01,5680.0,-95.0,5760.0,5760.0,5655.0,11775.0
2016.05.31,5775.0,320.0,5500.0,5820.0,5500.0,23763.0
2016.05.30,5455.0,5.0,5465.0,5510.0,5455.0,6989.0
2016.05.27,5450.0,-10.0,5495.0,5495.0,5400.0,8822.0
2016.05.26,5460.0,145.0,5330.0,5480.0,5315.0,8345.0
2016.05.25,5315.0,65.0,5280.0,5330.0,5280.0,2043.0
2016.05.24,5250.0,-115.0,5365.0,5365.0,5220.0,9237.0
2016.05.23,5365.0,-10.0,5375.0,5395.0,5295.0,4254.0
2016.05.20,5375.0,70.0,5355.0,5400.0,5300.0,3490.0
2016.05.19,5305.0,-95.0,5395.0,5395.0,5290.0,4526.0
2016.05.18,5400.0,-55.0,5440.0,5455.0,5395.0,2483.0
2016.05.17,5455.0,-165.0,5620.0,5620.0,5455.0,6144.0
2016.05.16,5620.0,20.0,5580.0,5640.0,5515.0,1673.0
2016.05.13,5600.0,-50.0,5650.0,5650.0,5570.0,752.0
2016.05.12,5650.0,90.0,5530.0,5700.0,5530.0,7112.0
2016.05.11,5560.0,-50.0,5635.0,5650.0,5550.0,4590.0
2016.05.10,5610.0,45.0,5580.0,5645.0,5550.0,4885.0
2016.05.09,5565.0,-180.0,5710.0,5710.0,5560.0,3701.0
2016.05.04,5745.0,-225.0,5935.0,5935.0,5705.0,6789.0
2016.05.03,5970.0,-35.0,6045.0,6060.0,5970.0,3072.0
2016.05.02,6005.0,-205.0,6205.0,6205.0,5995.0,10035.0
2016.04.29,6210.0,140.0,6080.0,6210.0,6080.0,19850.0
2016.04.28,6070.0,-95.0,6165.0,6190.0,6040.0,9578.0
2016.04.27,6165.0,180.0,6045.0,6170.0,6030.0,8858.0
2016.04.26,5985.0,115.0,5880.0,6110.0,5880.0,26783.0
2016.04.25,5870.0,-295.0,6095.0,6095.0,5830.0,15841.0
2016.04.22,6165.0,-65.0,6165.0,6190.0,6130.0,11414.0
2016.04.21,6230.0,120.0,6145.0,6235.0,6070.0,17629.0
2016.04.20,6110.0,-80.0,6275.0,6295.0,6110.0,4525.0
2016.04.19,6190.0,120.0,6135.0,6285.0,6120.0,14725.0
2016.04.18,6070.0,-155.0,6090.0,6090.0,5965.0,13994.0
2016.04.15,6225.0,-50.0,6250.0,6275.0,6190.0,5181.0
2016.04.14,6275.0,245.0,6135.0,6275.0,6130.0,32913.0
2016.04.12,6030.0,235.0,5850.0,6030.0,5820.0,16495.0
2016.04.11,5795.0,125.0,5715.0,5795.0,5715.0,6728.0
2016.04.08,5670.0,60.0,5580.0,5680.0,5495.0,9103.0
2016.04.07,5610.0,130.0,5510.0,5640.0,5500.0,8028.0
2016.04.06,5480.0,-70.0,5580.0,5600.0,5455.0,3363.0
2016.04.05,5550.0,-80.0,5630.0,5630.0,5550.0,1885.0
2016.04.04,5630.0,-70.0,5740.0,5740.0,5590.0,4951.0
2016.04.01,5700.0,-50.0,5780.0,5785.0,5700.0,22208.0
2016.03.31,5750.0,-85.0,5900.0,5900.0,5750.0,5748.0
2016.03.30,5835.0,-55.0,5900.0,5910.0,5820.0,14601.0
2016.03.29,5890.0,85.0,5800.0,5900.0,5770.0,2998.0
2016.03.28,5805.0,30.0,5785.0,5835.0,5760.0,3334.0
2016.03.25,5775.0,-110.0,5890.0,5890.0,5750.0,5593.0
2016.03.24,5885.0,-130.0,5925.0,5960.0,5860.0,19315.0
2016.03.23,6015.0,-165.0,6205.0,6245.0,6005.0,14232.0
2016.03.22,6180.0,185.0,6035.0,6190.0,6000.0,12152.0
2016.03.21,5995.0,-130.0,6190.0,6190.0,5945.0,5598.0
2016.03.18,6125.0,30.0,6185.0,6195.0,6075.0,5929.0
2016.03.17,6095.0,65.0,6115.0,6180.0,6070.0,9889.0
2016.03.16,6030.0,-210.0,6270.0,6270.0,5975.0,9563.0
2016.03.15,6240.0,-40.0,6250.0,6305.0,6185.0,4348.0
2016.03.14,6280.0,-95.0,6370.0,6395.0,6280.0,5422.0
2016.03.11,6375.0,5.0,6375.0,6385.0,6310.0,9457.0
2016.03.10,6370.0,100.0,6325.0,6435.0,6320.0,12477.0
2016.03.09,6270.0,-55.0,6235.0,6325.0,6150.0,17248.0
2016.03.08,6325.0,-110.0,6420.0,6420.0,6155.0,28145.0
2016.03.07,6435.0,260.0,6215.0,6540.0,6165.0,55163.0
2016.03.04,6175.0,290.0,5905.0,6175.0,5905.0,22126.0
2016.03.03,5885.0,300.0,5600.0,5965.0,5600.0,27965.0
2016.03.02,5585.0,115.0,5560.0,5585.0,5500.0,8134.0
2016.02.29,5470.0,-110.0,5580.0,5585.0,5465.0,3778.0
2016.02.26,5580.0,15.0,5585.0,5585.0,5535.0,1712.0
2016.02.25,5565.0,-35.0,5625.0,5645.0,5515.0,53712.0
2016.02.24,5600.0,30.0,5500.0,5665.0,5500.0,5658.0
2016.02.23,5570.0,30.0,5600.0,5620.0,5550.0,5617.0
2016.02.22,5540.0,-65.0,5600.0,5600.0,5500.0,5778.0
2016.02.19,5605.0,30.0,5560.0,5645.0,5550.0,5324.0
2016.02.18,5575.0,35.0,5650.0,5670.0,5555.0,6517.0
2016.02.17,5540.0,-25.0,5550.0,5635.0,5485.0,6397.0
2016.02.16,5565.0,35.0,5550.0,5615.0,5450.0,20942.0
2016.02.15,5530.0,310.0,5280.0,5530.0,5280.0,10062.0
2016.02.12,5220.0,60.0,5160.0,5285.0,5115.0,5475.0
2016.02.11,5160.0,-200.0,5155.0,5240.0,5145.0,7840.0
2016.02.05,5360.0,45.0,5295.0,5375.0,5230.0,8689.0
2016.02.04,5315.0,225.0,5170.0,5325.0,5145.0,11208.0
2016.02.03,5090.0,-175.0,5160.0,5165.0,5090.0,6910.0
2016.02.02,5265.0,-80.0,5300.0,5460.0,5190.0,8391.0
2016.02.01,5345.0,30.0,5355.0,5365.0,5305.0,2212.0
2016.01.29,5315.0,0.0,5350.0,5400.0,5285.0,4489.0
2016.01.28,5315.0,130.0,5185.0,5350.0,5175.0,8419.0
2016.01.27,5185.0,155.0,5095.0,5195.0,5095.0,13639.0
2016.01.26,5030.0,-50.0,5050.0,5050.0,4950.0,5246.0
2016.01.25,5080.0,5.0,5115.0,5125.0,4925.0,21404.0
2016.01.22,5075.0,185.0,4935.0,5090.0,4935.0,11234.0
2016.01.21,4890.0,5.0,4860.0,4990.0,4770.0,5940.0
2016.01.20,4885.0,-170.0,5040.0,5040.0,4840.0,7809.0
2016.01.19,5055.0,-85.0,5150.0,5150.0,4995.0,4452.0
2016.01.18,5140.0,90.0,4990.0,5140.0,4990.0,6487.0
2016.01.15,5050.0,-20.0,5160.0,5220.0,5015.0,3440.0
2016.01.14,5070.0,-60.0,5055.0,5070.0,4975.0,7201.0
2016.01.13,5130.0,170.0,4965.0,5155.0,4965.0,5690.0
2016.01.12,4960.0,-55.0,5075.0,5095.0,4960.0,1925.0
2016.01.11,5015.0,-95.0,5100.0,5115.0,5015.0,2764.0
2016.01.08,5110.0,60.0,4975.0,5110.0,4905.0,4540.0
2016.01.07,5050.0,-205.0,5180.0,5180.0,5045.0,5711.0
2016.01.06,5255.0,115.0,5175.0,5270.0,5170.0,4573.0
2016.01.05,5140.0,-10.0,5140.0,5210.0,5125.0,3492.0
2016.01.04,5150.0,-90.0,5240.0,5240.0,5150.0,1660.0
2015.12.30,5240.0,-65.0,5305.0,5315.0,5225.0,4345.0
2015.12.29,5305.0,15.0,5310.0,5330.0,5300.0,2339.0
2015.12.28,5290.0,-140.0,5465.0,5480.0,5290.0,3148.0
2015.12.24,5430.0,50.0,5460.0,5470.0,5405.0,5154.0
2015.12.23,5380.0,45.0,5355.0,5465.0,5330.0,12620.0
2015.12.22,5335.0,35.0,5310.0,5335.0,5250.0,925.0
2015.12.21,5300.0,-45.0,5310.0,5340.0,5275.0,787.0
2015.12.18,5345.0,0.0,5290.0,5345.0,5275.0,1930.0
2015.12.17,5345.0,-50.0,5395.0,5395.0,5310.0,2569.0
2015.12.16,5395.0,260.0,5200.0,5395.0,5200.0,8537.0
2015.12.15,5135.0,-5.0,5190.0,5200.0,5115.0,2373.0
2015.12.14,5140.0,-155.0,5245.0,5245.0,5140.0,3089.0
2015.12.11,5295.0,-60.0,5375.0,5390.0,5290.0,1124.0
2015.12.10,5355.0,20.0,5325.0,5355.0,5270.0,1468.0
2015.12.09,5335.0,-20.0,5400.0,5400.0,5300.0,4784.0
2015.12.08,5355.0,-110.0,5495.0,5560.0,5355.0,2427.0
2015.12.07,5465.0,-135.0,5615.0,5615.0,5440.0,7533.0
2015.12.04,5600.0,-35.0,5615.0,5630.0,5595.0,2064.0
2015.12.03,5635.0,-45.0,5640.0,5655.0,5600.0,976.0
2015.12.02,5680.0,-25.0,5745.0,5745.0,5670.0,1380.0
2015.12.01,5705.0,10.0,5710.0,5755.0,5685.0,100409.0
2015.11.30,5695.0,-175.0,5860.0,5860.0,5680.0,2884.0
2015.11.27,5870.0,30.0,5840.0,5925.0,5840.0,1888.0
2015.11.26,5840.0,165.0,5690.0,5840.0,5690.0,2760.0
2015.11.25,5675.0,-10.0,5690.0,5750.0,5675.0,1563.0
2015.11.24,5685.0,-95.0,5780.0,5795.0,5630.0,6975.0
2015.11.23,5780.0,0.0,5835.0,5835.0,5745.0,1192.0
2015.11.20,5780.0,-5.0,5800.0,5800.0,5780.0,1516.0
2015.11.19,5785.0,130.0,5720.0,5785.0,5720.0,11980.0
2015.11.18,5655.0,-150.0,5795.0,5810.0,5635.0,1649.0
2015.11.17,5805.0,115.0,5775.0,5805.0,5730.0,2128.0
2015.11.16,5690.0,-160.0,5560.0,5700.0,5555.0,4430.0
2015.11.13,5850.0,-120.0,5890.0,5895.0,5840.0,5787.0
2015.11.12,5970.0,-20.0,6000.0,6000.0,5870.0,2317.0
2015.11.11,5990.0,-5.0,6050.0,6050.0,5960.0,1968.0
2015.11.10,5995.0,-10.0,5980.0,6105.0,5975.0,4854.0
2015.11.09,6005.0,-190.0,6155.0,6160.0,5985.0,6156.0
2015.11.06,6195.0,-100.0,6220.0,6260.0,6175.0,2463.0
2015.11.05,6295.0,-125.0,6375.0,6375.0,6265.0,3107.0
2015.11.04,6420.0,20.0,6405.0,6440.0,6360.0,18876.0
2015.11.03,6400.0,260.0,6175.0,6620.0,6170.0,21557.0
2015.11.02,6140.0,-130.0,6220.0,6220.0,6060.0,3108.0
2015.10.30,6270.0,-85.0,6390.0,6390.0,6240.0,3129.0
2015.10.29,6355.0,-20.0,6445.0,6445.0,6325.0,7235.0
2015.10.28,6375.0,-175.0,6560.0,6560.0,6350.0,9837.0
2015.10.27,6550.0,185.0,6420.0,6610.0,6420.0,16006.0
2015.10.26,6365.0,-15.0,6320.0,6385.0,6175.0,9052.0
2015.10.23,6380.0,-60.0,6495.0,6545.0,6365.0,6726.0
2015.10.22,6440.0,-180.0,6590.0,6590.0,6405.0,15365.0
2015.10.21,6620.0,50.0,6600.0,6655.0,6570.0,11116.0
2015.10.20,6570.0,-120.0,6690.0,6690.0,6535.0,3237.0
2015.10.19,6690.0,95.0,6600.0,6775.0,6575.0,10223.0
2015.10.16,6595.0,-75.0,6705.0,6740.0,6545.0,6766.0
2015.10.15,6670.0,235.0,6480.0,6690.0,6480.0,7201.0
2015.10.14,6435.0,-200.0,6600.0,6600.0,6435.0,11378.0
2015.10.13,6635.0,105.0,6520.0,6645.0,6455.0,24560.0
2015.10.12,6530.0,230.0,6355.0,6560.0,6355.0,19464.0
2015.10.08,6300.0,205.0,6140.0,6330.0,6140.0,15889.0
2015.10.07,6095.0,180.0,5955.0,6095.0,5955.0,3257.0
2015.10.06,5915.0,0.0,5970.0,6025.0,5900.0,1943.0
2015.10.05,5915.0,10.0,5890.0,5965.0,5875.0,4221.0
2015.10.02,5905.0,-135.0,6040.0,6050.0,5880.0,7608.0
2015.10.01,6040.0,20.0,6035.0,6085.0,6000.0,3637.0
2015.09.30,6020.0,-95.0,5980.0,6020.0,5835.0,9500.0
2015.09.25,6115.0,75.0,6060.0,6115.0,6030.0,1854.0
2015.09.24,6040.0,-85.0,6125.0,6145.0,5995.0,3453.0
2015.09.23,6125.0,-235.0,6300.0,6310.0,6105.0,14889.0
2015.09.22,6360.0,80.0,6325.0,6385.0,6255.0,6107.0
2015.09.21,6280.0,-200.0,6365.0,6385.0,6235.0,6968.0
2015.09.18,6480.0,70.0,6435.0,6480.0,6300.0,7147.0
2015.09.17,6410.0,-35.0,6495.0,6565.0,6365.0,13798.0
2015.09.16,6445.0,375.0,6105.0,6460.0,6105.0,125415.0
2015.09.15,6070.0,-15.0,6100.0,6100.0,6030.0,3346.0
2015.09.14,6085.0,-95.0,6195.0,6275.0,6030.0,11277.0
2015.09.11,6180.0,40.0,6130.0,6215.0,6065.0,10854.0
2015.09.10,6140.0,340.0,5780.0,6170.0,5765.0,27477.0
2015.09.09,5800.0,200.0,5685.0,5800.0,5685.0,7244.0
2015.09.08,5600.0,-25.0,5635.0,5660.0,5590.0,6460.0
2015.09.07,5625.0,20.0,5610.0,5675.0,5540.0,5353.0
2015.09.04,5605.0,15.0,5605.0,5670.0,5565.0,3248.0
2015.09.03,5590.0,-145.0,5755.0,5760.0,5560.0,5852.0
2015.09.02,5735.0,80.0,5565.0,5735.0,5540.0,7704.0
2015.09.01,5655.0,0.0,5705.0,5830.0,5620.0,17098.0
2015.08.31,5655.0,155.0,5530.0,5755.0,5525.0,10012.0
2015.08.28,5500.0,150.0,5430.0,5535.0,5430.0,10945.0
2015.08.27,5350.0,-55.0,5475.0,5475.0,5335.0,6115.0
2015.08.26,5405.0,190.0,5220.0,5425.0,5210.0,10298.0
2015.08.25,5215.0,210.0,5000.0,5275.0,4980.0,28128.0
2015.08.24,5005.0,-120.0,5050.0,5140.0,4935.0,26736.0
2015.08.21,5125.0,-225.0,5135.0,5205.0,5060.0,22847.0
2015.08.20,5350.0,-165.0,5415.0,5520.0,5350.0,14796.0
2015.08.19,5515.0,-245.0,5695.0,5710.0,5455.0,22441.0
2015.08.18,5760.0,-60.0,5825.0,5835.0,5730.0,3443.0
2015.08.17,5820.0,-20.0,5865.0,5880.0,5815.0,3493.0
2015.08.13,5840.0,50.0,5870.0,5870.0,5775.0,3202.0
2015.08.12,5790.0,10.0,5755.0,5935.0,5755.0,8565.0
2015.08.11,5780.0,-15.0,5825.0,5890.0,5765.0,6986.0
2015.08.10,5795.0,-230.0,6010.0,6010.0,5795.0,31182.0
2015.08.07,6025.0,-15.0,6050.0,6075.0,5985.0,6928.0
2015.08.06,6040.0,-70.0,6190.0,6190.0,6020.0,6781.0
2015.08.05,6110.0,75.0,6110.0,6195.0,6080.0,24693.0
2015.08.04,6035.0,-10.0,6005.0,6095.0,6000.0,9139.0
2015.08.03,6045.0,-95.0,6125.0,6145.0,6045.0,7575.0
2015.07.31,6140.0,-60.0,6205.0,6235.0,6060.0,15651.0
2015.07.30,6200.0,-135.0,6260.0,6365.0,6195.0,21143.0
2015.07.29,6335.0,-15.0,6355.0,6390.0,6310.0,89118.0
2015.07.28,6350.0,20.0,6275.0,6425.0,6240.0,6075.0
2015.07.27,6330.0,30.0,6165.0,6415.0,6150.0,16557.0
2015.07.24,6300.0,-240.0,6480.0,6480.0,6300.0,44284.0
2015.07.23,6540.0,-120.0,6700.0,6705.0,6515.0,27205.0
2015.07.22,6660.0,-65.0,6770.0,6830.0,6635.0,11329.0
2015.07.21,6725.0,225.0,6520.0,6985.0,6520.0,40617.0
2015.07.20,6500.0,-230.0,6600.0,6625.0,6480.0,37761.0
2015.07.17,6730.0,-385.0,7140.0,7140.0,6715.0,66876.0
2015.07.16,7115.0,85.0,7030.0,7200.0,6620.0,107193.0
2015.07.15,7030.0,-690.0,7585.0,7750.0,7000.0,163844.0
2015.07.14,7720.0,-240.0,7975.0,7975.0,7715.0,19484.0
2015.07.13,7960.0,30.0,7950.0,7960.0,7775.0,3426.0
2015.07.10,7930.0,110.0,7920.0,8040.0,7900.0,4944.0
2015.07.09,7820.0,80.0,7735.0,7820.0,7685.0,4373.0
2015.07.08,7740.0,-150.0,7905.0,7905.0,7720.0,7793.0
2015.07.07,7890.0,180.0,7800.0,7890.0,7675.0,6106.0
2015.07.06,7710.0,-360.0,7880.0,7890.0,7710.0,13868.0
2015.07.03,8070.0,60.0,8045.0,8110.0,7975.0,5165.0
2015.07.02,8010.0,-60.0,8140.0,8170.0,7960.0,13647.0
2015.07.01,8070.0,540.0,7595.0,8235.0,7575.0,24911.0
2015.06.30,7530.0,55.0,7420.0,7585.0,7420.0,6806.0
2015.06.29,7475.0,-415.0,7605.0,7645.0,7460.0,18326.0
2015.06.26,7890.0,-45.0,7950.0,7995.0,7860.0,4342.0
2015.06.25,7935.0,-95.0,8005.0,8020.0,7910.0,5821.0
2015.06.24,8030.0,-30.0,8100.0,8100.0,7965.0,4479.0
2015.06.23,8060.0,205.0,8005.0,8120.0,7985.0,88732.0
2015.06.22,7855.0,120.0,7735.0,7900.0,7735.0,10977.0
2015.06.19,7735.0,35.0,7740.0,7785.0,7670.0,3660.0
2015.06.18,7700.0,-95.0,7850.0,7905.0,7695.0,6557.0
2015.06.17,7795.0,125.0,7655.0,7795.0,7585.0,7725.0
2015.06.16,7670.0,-270.0,7840.0,7920.0,7620.0,18072.0
2015.06.15,7940.0,-10.0,7865.0,8020.0,7865.0,3603.0
2015.06.12,7950.0,-240.0,8170.0,8180.0,7950.0,22178.0
2015.06.11,8190.0,-110.0,8360.0,8360.0,8075.0,18929.0
2015.06.10,8300.0,-55.0,8400.0,8480.0,8280.0,95886.0
2015.06.09,8355.0,-25.0,8370.0,8490.0,8345.0,11763.0
2015.06.08,8380.0,130.0,8255.0,8430.0,8235.0,9551.0
2015.06.05,8250.0,-155.0,8370.0,8370.0,8195.0,22583.0
2015.06.04,8405.0,-75.0,8520.0,8530.0,8390.0,14778.0
2015.06.03,8480.0,-270.0,8375.0,8690.0,8370.0,119701.0
2015.06.02,8750.0,115.0,8610.0,8750.0,8375.0,16640.0
2015.06.01,8635.0,-10.0,8645.0,8720.0,8565.0,11434.0
2015.05.29,8645.0,-50.0,8705.0,8810.0,8645.0,7013.0
2015.05.28,8695.0,-180.0,8965.0,8965.0,8695.0,85317.0
2015.05.27,8875.0,-170.0,8930.0,8930.0,8835.0,8569.0
2015.05.26,9045.0,-160.0,9245.0,9255.0,9020.0,53760.0
2015.05.22,9205.0,425.0,8805.0,9235.0,8805.0,79059.0
2015.05.21,8780.0,-105.0,8860.0,8860.0,8670.0,14800.0
2015.05.20,8885.0,-70.0,9045.0,9045.0,8810.0,42516.0
2015.05.19,8955.0,265.0,8630.0,9020.0,8630.0,70938.0
2015.05.18,8690.0,-210.0,8815.0,8885.0,8635.0,40927.0
2015.05.15,8900.0,-160.0,9100.0,9115.0,8865.0,75037.0
2015.05.14,9060.0,-65.0,9170.0,9170.0,9015.0,125968.0
2015.05.13,9125.0,80.0,9000.0,9150.0,8960.0,139503.0
2015.05.12,9045.0,-180.0,9225.0,9225.0,8950.0,62550.0
2015.05.11,9225.0,30.0,9260.0,9360.0,9220.0,5799.0
2015.05.08,9195.0,-115.0,9305.0,9365.0,9175.0,10765.0
2015.05.07,9310.0,-90.0,9365.0,9385.0,9160.0,12105.0
2015.05.06,9400.0,-15.0,9330.0,9440.0,9330.0,8107.0
2015.05.04,9415.0,40.0,9420.0,9480.0,9375.0,15318.0
2015.04.30,9375.0,-180.0,9460.0,9460.0,9330.0,27274.0
2015.04.29,9555.0,-580.0,10090.0,10090.0,9490.0,73056.0
2015.04.28,10145.0,295.0,9900.0,10190.0,9890.0,52056.0
2015.04.27,9850.0,150.0,9735.0,9885.0,9730.0,13446.0
2015.04.24,9700.0,-90.0,9835.0,9915.0,9580.0,29562.0
2015.04.23,9790.0,20.0,9860.0,9870.0,9660.0,22917.0
2015.04.22,9770.0,-55.0,9810.0,9950.0,9635.0,21737.0
2015.04.21,9825.0,5.0,9895.0,10045.0,9825.0,29082.0
2015.04.20,9820.0,-30.0,9645.0,9850.0,9620.0,22051.0
2015.04.17,9850.0,-340.0,10185.0,10185.0,9835.0,74041.0
2015.04.16,10190.0,95.0,10325.0,10470.0,10095.0,33880.0
2015.04.15,10095.0,65.0,10185.0,10185.0,10000.0,43925.0
2015.04.14,10030.0,-25.0,10085.0,10100.0,9865.0,27650.0
2015.04.13,10055.0,420.0,9750.0,10055.0,9700.0,62822.0
2015.04.10,9635.0,20.0,9610.0,9645.0,9540.0,42429.0
2015.04.09,9615.0,35.0,9530.0,9665.0,9385.0,38114.0
2015.04.08,9580.0,325.0,9300.0,9580.0,9245.0,43611.0
2015.04.07,9255.0,230.0,9185.0,9325.0,9170.0,110235.0
2015.04.06,9025.0,130.0,8900.0,9065.0,8835.0,76088.0
2015.04.03,8895.0,245.0,8650.0,8900.0,8625.0,32909.0
2015.04.02,8650.0,-55.0,8740.0,8740.0,8565.0,34737.0
2015.04.01,8705.0,-10.0,8795.0,8795.0,8575.0,16297.0
2015.03.31,8715.0,-60.0,8725.0,8835.0,8715.0,15866.0
2015.03.30,8775.0,-15.0,8780.0,8780.0,8680.0,9483.0
2015.03.27,8790.0,-10.0,8910.0,8935.0,8745.0,21501.0
2015.03.26,8800.0,80.0,8755.0,8850.0,8725.0,33259.0
2015.03.25,8720.0,-205.0,8930.0,8950.0,8720.0,47189.0
2015.03.24,8925.0,-95.0,9005.0,9020.0,8855.0,23108.0
2015.03.23,9020.0,-25.0,9145.0,9145.0,9010.0,44305.0
2015.03.20,9045.0,70.0,8975.0,9485.0,8810.0,24672.0
2015.03.19,8975.0,320.0,8880.0,9025.0,8880.0,42646.0
2015.03.18,8655.0,-125.0,8755.0,8980.0,8640.0,61444.0
2015.03.17,8780.0,210.0,8575.0,8820.0,8575.0,37207.0
2015.03.16,8570.0,-390.0,8880.0,8880.0,8570.0,39869.0
2015.03.13,8960.0,90.0,8905.0,8985.0,8900.0,14245.0
2015.03.12,8870.0,-210.0,9110.0,9150.0,8870.0,13688.0
2015.03.11,9080.0,-225.0,9120.0,9170.0,9050.0,10829.0
2015.03.10,9305.0,-90.0,9460.0,9470.0,9240.0,10768.0
2015.03.09,9395.0,-220.0,9540.0,9565.0,9385.0,6037.0
2015.03.06,9615.0,200.0,9490.0,9615.0,9400.0,19188.0
2015.03.05,9415.0,-80.0,9515.0,9625.0,9415.0,42856.0
2015.03.04,9495.0,45.0,9480.0,9660.0,9480.0,21635.0
2015.03.03,9450.0,-120.0,9630.0,9675.0,9450.0,24479.0
2015.03.02,9570.0,485.0,9120.0,9570.0,9110.0,73460.0
2015.02.27,9085.0,-50.0,9095.0,9480.0,9030.0,63952.0
2015.02.26,9135.0,470.0,8700.0,9135.0,8700.0,66570.0
2015.02.25,8665.0,275.0,8435.0,8690.0,8435.0,22511.0
2015.02.24,8390.0,-205.0,8590.0,8590.0,8390.0,20282.0
2015.02.23,8595.0,-25.0,8690.0,8690.0,8595.0,8876.0
2015.02.17,8620.0,20.0,8595.0,8685.0,8580.0,6959.0
2015.02.16,8600.0,-85.0,8740.0,8745.0,8575.0,5915.0
2015.02.13,8685.0,-160.0,8900.0,8900.0,8660.0,11550.0
2015.02.12,8845.0,55.0,8840.0,8845.0,8670.0,6086.0
2015.02.11,8790.0,70.0,8760.0,8905.0,8695.0,5075.0
2015.02.10,8720.0,-280.0,9040.0,9230.0,8700.0,10785.0
2015.02.09,9000.0,230.0,8775.0,9045.0,8735.0,7697.0
2015.02.06,8770.0,70.0,8780.0,8845.0,8735.0,1410.0
2015.02.05,8700.0,-75.0,8670.0,8785.0,8620.0,7949.0
2015.02.04,8775.0,-65.0,9035.0,9205.0,8770.0,13419.0
2015.02.03,8840.0,65.0,8935.0,8985.0,8790.0,12898.0
2015.02.02,8775.0,215.0,8715.0,8915.0,8680.0,10788.0
2015.01.30,8560.0,-150.0,8740.0,8740.0,8415.0,28389.0
2015.01.29,8710.0,-80.0,8665.0,8760.0,8570.0,4149.0
2015.01.28,8790.0,385.0,8325.0,8840.0,8325.0,26344.0
2015.01.27,8405.0,265.0,8215.0,8405.0,8215.0,2815.0
2015.01.26,8140.0,85.0,8050.0,8200.0,7920.0,3655.0
2015.01.23,8055.0,-145.0,8430.0,8440.0,8005.0,13666.0
2015.01.22,8200.0,300.0,8020.0,8270.0,8020.0,9003.0
2015.01.21,7900.0,-150.0,8010.0,8010.0,7835.0,2522.0
2015.01.20,8050.0,-75.0,8130.0,8300.0,8050.0,6980.0
2015.01.19,8125.0,540.0,7675.0,8135.0,7675.0,37699.0
2015.01.16,7585.0,-215.0,7830.0,7830.0,7570.0,31764.0
2015.01.15,7800.0,-90.0,8005.0,8005.0,7720.0,11958.0
2015.01.14,7890.0,-5.0,7895.0,7950.0,7865.0,3610.0
2015.01.13,7895.0,-80.0,7995.0,7995.0,7870.0,4296.0
2015.01.12,7975.0,-60.0,8005.0,8045.0,7960.0,5521.0
2015.01.09,8035.0,185.0,7990.0,8090.0,7900.0,7268.0
2015.01.08,7850.0,-60.0,7965.0,8035.0,7850.0,211464.0
2015.01.07,7910.0,15.0,7770.0,7990.0,7770.0,151491.0
2015.01.06,7895.0,-365.0,8030.0,8065.0,7850.0,168962.0
2015.01.05,8260.0,-195.0,8435.0,8435.0,8225.0,6223.0
2015.01.02,8455.0,-135.0,8585.0,8590.0,8430.0,35491.0
2014.12.30,8590.0,-80.0,8755.0,8755.0,8565.0,6385.0
2014.12.29,8670.0,-110.0,8890.0,8890.0,8635.0,6705.0
2014.12.26,8780.0,-110.0,8945.0,8985.0,8780.0,2445.0
2014.12.24,8890.0,60.0,8905.0,8950.0,8830.0,2837.0
2014.12.23,8830.0,-130.0,8900.0,9030.0,8800.0,5003.0
2014.12.22,8960.0,35.0,8980.0,9020.0,8880.0,2944.0
2014.12.19,8925.0,140.0,8885.0,8960.0,8835.0,5133.0
2014.12.18,8785.0,5.0,8890.0,9055.0,8700.0,14490.0
2014.12.17,8780.0,110.0,8730.0,8825.0,8670.0,5958.0
2014.12.16,8670.0,-170.0,8790.0,8790.0,8630.0,5259.0
2014.12.15,8840.0,170.0,8550.0,8840.0,8475.0,9374.0
2014.12.12,8670.0,25.0,8645.0,8770.0,8630.0,2843.0
2014.12.11,8645.0,-100.0,8620.0,8665.0,8580.0,6316.0
2014.12.10,8745.0,-155.0,8895.0,8895.0,8705.0,3982.0
2014.12.09,8900.0,-335.0,9125.0,9135.0,8880.0,14112.0
2014.12.08,9235.0,120.0,9160.0,9300.0,9160.0,7839.0
2014.12.05,9115.0,30.0,9080.0,9165.0,9040.0,10018.0
2014.12.04,9085.0,260.0,8945.0,9185.0,8945.0,20631.0
2014.12.03,8825.0,-60.0,8830.0,8870.0,8770.0,2244.0
2014.12.02,8885.0,160.0,8770.0,8920.0,8770.0,9393.0
2014.12.01,8725.0,-375.0,8915.0,8930.0,8590.0,43463.0
2014.11.28,9100.0,-540.0,9525.0,9525.0,9095.0,21009.0
2014.11.27,9640.0,-110.0,9990.0,9990.0,9580.0,9980.0
2014.11.26,9750.0,-305.0,10000.0,10000.0,9730.0,5815.0
2014.11.25,10055.0,-15.0,10120.0,10200.0,9925.0,8452.0
2014.11.24,10070.0,565.0,9680.0,10115.0,9670.0,23347.0
2014.11.21,9505.0,225.0,9375.0,9680.0,9375.0,8542.0
2014.11.20,9280.0,10.0,9325.0,9380.0,9280.0,9048.0
2014.11.19,9270.0,-500.0,9790.0,9850.0,9230.0,10321.0
2014.11.18,9770.0,-40.0,9890.0,9890.0,9730.0,4454.0
2014.11.17,9810.0,175.0,9635.0,9900.0,9635.0,10378.0
2014.11.14,9635.0,30.0,9655.0,9710.0,9455.0,8262.0
2014.11.13,9605.0,-155.0,9780.0,9860.0,9545.0,10254.0
2014.11.12,9760.0,480.0,9245.0,9880.0,9160.0,24672.0
2014.11.11,9280.0,-45.0,9390.0,9450.0,9240.0,6766.0
2014.11.10,9325.0,235.0,9295.0,9350.0,9130.0,9631.0
2014.11.07,9090.0,190.0,9000.0,9115.0,8940.0,15911.0
2014.11.06,8900.0,285.0,8750.0,8950.0,8670.0,13446.0
2014.11.05,8615.0,-85.0,8610.0,8785.0,8550.0,4341.0
2014.11.04,8700.0,-70.0,8780.0,8950.0,8610.0,10657.0
2014.11.03,8770.0,-20.0,8855.0,8970.0,8720.0,8831.0
2014.10.31,8790.0,-155.0,8800.0,8800.0,8340.0,28589.0
2014.10.30,8945.0,-435.0,9475.0,9475.0,8900.0,16186.0
2014.10.29,9380.0,680.0,8800.0,9460.0,8760.0,126304.0
2014.10.28,8700.0,-130.0,8860.0,8890.0,8655.0,5525.0
2014.10.27,8830.0,415.0,8490.0,8835.0,8490.0,7969.0
2014.10.24,8415.0,-75.0,8550.0,8595.0,8360.0,7254.0
2014.10.23,8490.0,-310.0,8740.0,8740.0,8490.0,85674.0
2014.10.22,8800.0,-140.0,9100.0,9100.0,8785.0,97057.0
2014.10.21,8940.0,-335.0,9250.0,9250.0,8925.0,9048.0
2014.10.20,9275.0,335.0,9045.0,9295.0,9045.0,95903.0
2014.10.17,8940.0,-80.0,8990.0,9110.0,8940.0,5747.0
2014.10.16,9020.0,25.0,8910.0,9035.0,8840.0,48470.0
2014.10.15,8995.0,-335.0,9350.0,9350.0,8995.0,143307.0
2014.10.14,9330.0,160.0,9170.0,9410.0,9170.0,54973.0
2014.10.13,9170.0,-170.0,9180.0,9530.0,9130.0,82460.0
2014.10.10,9340.0,-195.0,9450.0,9510.0,9280.0,13696.0
2014.10.08,9535.0,135.0,9385.0,9670.0,9315.0,28746.0
2014.10.07,9400.0,-445.0,9825.0,9860.0,9400.0,29732.0
2014.10.06,9845.0,160.0,9720.0,9940.0,9675.0,11867.0
2014.10.02,9685.0,-310.0,10265.0,10265.0,9645.0,75180.0
2014.10.01,9995.0,-405.0,10395.0,10440.0,9950.0,15449.0
2014.09.30,10400.0,25.0,10300.0,10415.0,10270.0,12846.0
2014.09.29,10375.0,-295.0,10730.0,10730.0,10360.0,14837.0
2014.09.26,10670.0,0.0,10600.0,10750.0,10560.0,2677.0
2014.09.25,10670.0,-260.0,10935.0,10975.0,10650.0,19303.0
2014.09.24,10930.0,50.0,10750.0,10965.0,10750.0,2405.0
2014.09.23,10880.0,25.0,10810.0,10895.0,10750.0,6924.0
2014.09.22,10855.0,-220.0,11100.0,11150.0,10805.0,8384.0
2014.09.19,11075.0,-10.0,11150.0,11200.0,11065.0,4432.0
2014.09.18,11085.0,-130.0,11300.0,11300.0,11065.0,5043.0
2014.09.17,11215.0,-10.0,11295.0,11380.0,11155.0,60688.0
2014.09.16,11225.0,255.0,10985.0,11250.0,10985.0,9402.0
2014.09.15,10970.0,20.0,10935.0,11020.0,10870.0,2408.0
2014.09.12,10950.0,-125.0,11095.0,11120.0,10925.0,5383.0
2014.09.11,11075.0,-130.0,11165.0,11210.0,11075.0,5597.0
2014.09.05,11205.0,-75.0,11205.0,11260.0,11160.0,10588.0
2014.09.04,11280.0,-20.0,11400.0,11450.0,11275.0,7107.0
2014.09.03,11300.0,-55.0,11315.0,11440.0,11265.0,11333.0
2014.09.02,11355.0,-205.0,11550.0,11565.0,11325.0,7840.0
2014.09.01,11560.0,110.0,11540.0,11675.0,11455.0,20637.0
2014.08.29,11450.0,450.0,11050.0,11505.0,11030.0,25793.0
2014.08.28,11000.0,105.0,10955.0,11075.0,10945.0,16906.0
2014.08.27,10895.0,35.0,10980.0,10980.0,10850.0,13803.0
2014.08.26,10860.0,385.0,10585.0,10920.0,10585.0,56513.0
2014.08.25,10475.0,-180.0,10570.0,10675.0,10465.0,93329.0
2014.08.22,10655.0,-30.0,10730.0,10790.0,10655.0,8416.0
2014.08.21,10685.0,-225.0,10860.0,10910.0,10665.0,29690.0
2014.08.20,10910.0,-325.0,11250.0,11250.0,10845.0,102034.0
2014.08.19,11235.0,-35.0,11345.0,11370.0,11195.0,13770.0
2014.08.18,11270.0,-220.0,11535.0,11540.0,11260.0,13985.0
2014.08.14,11490.0,-55.0,11575.0,11580.0,11415.0,13983.0
2014.08.13,11545.0,190.0,11370.0,11585.0,11370.0,63087.0
2014.08.12,11355.0,190.0,11215.0,11585.0,11215.0,66507.0
2014.08.11,11165.0,-20.0,11255.0,11300.0,11165.0,18504.0
2014.08.08,11185.0,-25.0,11195.0,11270.0,11170.0,12664.0
2014.08.07,11210.0,5.0,11290.0,11290.0,11125.0,27602.0
2014.08.06,11205.0,-475.0,11625.0,11665.0,11165.0,85832.0
2014.08.05,11680.0,-190.0,11890.0,11890.0,11645.0,26601.0
2014.08.04,11870.0,175.0,11700.0,11900.0,11695.0,11798.0
2014.08.01,11695.0,-70.0,11645.0,11740.0,11645.0,12135.0
2014.07.31,11765.0,-50.0,11795.0,11960.0,11750.0,25745.0
2014.07.30,11815.0,-695.0,11905.0,12000.0,11625.0,219288.0
2014.07.29,12510.0,-70.0,12615.0,12840.0,12510.0,20520.0
2014.07.28,12580.0,40.0,12660.0,12710.0,12535.0,51596.0
2014.07.25,12540.0,-175.0,12760.0,12760.0,12530.0,88350.0
2014.07.24,12715.0,85.0,12725.0,13030.0,12665.0,27438.0
2014.07.23,12630.0,535.0,12160.0,12635.0,12160.0,45892.0
2014.07.22,12095.0,0.0,12115.0,12185.0,12020.0,9061.0
2014.07.21,12095.0,-70.0,12235.0,12255.0,12080.0,46117.0
2014.07.18,12165.0,80.0,12015.0,12225.0,12015.0,45193.0
2014.07.17,12085.0,145.0,12000.0,12115.0,12000.0,11176.0
2014.07.16,11940.0,140.0,11805.0,12055.0,11805.0,14508.0
2014.07.15,11800.0,40.0,11775.0,11860.0,11775.0,8195.0
2014.07.14,11760.0,60.0,11915.0,11915.0,11685.0,12024.0
2014.07.11,11700.0,-410.0,12080.0,12080.0,11665.0,29404.0
2014.07.10,12110.0,-350.0,12475.0,12475.0,12070.0,31212.0
2014.07.09,12460.0,-165.0,12595.0,12595.0,12400.0,9911.0
2014.07.08,12625.0,60.0,12590.0,12650.0,12565.0,2179.0
2014.07.07,12565.0,-315.0,12850.0,12850.0,12555.0,21417.0
2014.07.04,12880.0,-130.0,13065.0,13065.0,12880.0,5686.0
2014.07.03,13010.0,100.0,12960.0,13080.0,12935.0,7289.0
2014.07.02,12910.0,125.0,12875.0,13020.0,12850.0,14309.0
2014.07.01,12785.0,45.0,12725.0,12800.0,12640.0,9319.0
2014.06.30,12740.0,-95.0,12830.0,12830.0,12660.0,9013.0
2014.06.27,12835.0,180.0,12700.0,12920.0,12660.0,6176.0
2014.06.26,12655.0,40.0,12625.0,12740.0,12600.0,8549.0
2014.06.25,12615.0,-310.0,12880.0,12900.0,12615.0,321027.0
2014.06.24,12925.0,105.0,12965.0,12965.0,12785.0,4572.0
2014.06.23,12820.0,-170.0,13000.0,13015.0,12815.0,15513.0
2014.06.20,12990.0,-130.0,13130.0,13145.0,12940.0,3366.0
2014.06.19,13120.0,165.0,13015.0,13150.0,13015.0,6536.0
2014.06.18,12955.0,-155.0,13110.0,13110.0,12925.0,14596.0
2014.06.17,13110.0,-15.0,13040.0,13135.0,13015.0,9859.0
2014.06.16,13125.0,-130.0,13255.0,13260.0,13095.0,11926.0
2014.06.13,13255.0,15.0,13200.0,13285.0,13150.0,6619.0
2014.06.12,13240.0,-290.0,13470.0,13470.0,13225.0,5050.0
2014.06.11,13530.0,40.0,13535.0,13560.0,13420.0,2841.0
2014.06.10,13490.0,110.0,13400.0,13540.0,13350.0,2735.0
2014.06.09,13380.0,280.0,13120.0,13380.0,13120.0,3453.0
2014.06.05,13100.0,-160.0,13155.0,13160.0,12920.0,15188.0
2014.06.03,13260.0,-310.0,13495.0,13535.0,13240.0,8277.0
2014.06.02,13570.0,-35.0,13600.0,13655.0,13545.0,2852.0
2014.05.30,13605.0,-115.0,13760.0,13760.0,13515.0,24375.0
2014.05.29,13720.0,-190.0,13925.0,13925.0,13650.0,5284.0
2014.05.28,13910.0,70.0,13840.0,13930.0,13830.0,9567.0
2014.05.27,13840.0,-65.0,13915.0,13980.0,13760.0,4382.0
2014.05.26,13905.0,125.0,13810.0,13955.0,13810.0,18348.0
2014.05.23,13780.0,-75.0,13855.0,13870.0,13715.0,6263.0
2014.05.22,13855.0,505.0,13430.0,13900.0,13420.0,40240.0
2014.05.21,13350.0,190.0,13145.0,13415.0,13095.0,5055.0
2014.05.20,13160.0,-300.0,13425.0,13435.0,13110.0,19977.0
2014.05.19,13460.0,-125.0,13650.0,13650.0,13460.0,5712.0
2014.05.16,13585.0,-85.0,13615.0,13650.0,13435.0,20630.0
2014.05.15,13670.0,110.0,13615.0,13710.0,13570.0,5997.0
2014.05.14,13560.0,0.0,13645.0,13645.0,13450.0,5589.0
2014.05.13,13560.0,415.0,13300.0,13620.0,13250.0,11874.0
2014.05.12,13145.0,-400.0,13420.0,13430.0,13115.0,12684.0
2014.05.09,13545.0,-35.0,13565.0,13585.0,13440.0,3259.0
2014.05.08,13580.0,435.0,13065.0,13620.0,13065.0,13690.0
2014.05.07,13145.0,-150.0,13310.0,13310.0,13030.0,7211.0
2014.05.02,13295.0,-390.0,13635.0,13660.0,13270.0,21438.0
2014.04.30,13685.0,-325.0,14030.0,14085.0,13685.0,15809.0
2014.04.29,14010.0,-100.0,14135.0,14140.0,13975.0,6131.0
2014.04.28,14170.0,0.0,14030.0,14260.0,14030.0,2492.0
2014.04.25,14170.0,10.0,14195.0,14255.0,14160.0,3769.0
2014.04.24,14160.0,-170.0,14290.0,14295.0,14100.0,18785.0
2014.04.23,14330.0,-465.0,14655.0,14680.0,14250.0,39496.0
2014.04.22,14795.0,-35.0,14830.0,14830.0,14695.0,1229.0
2014.04.21,14830.0,-120.0,14970.0,14970.0,14785.0,2136.0
2014.04.18,14950.0,195.0,14765.0,14960.0,14765.0,787.0
2014.04.17,14755.0,30.0,14900.0,14900.0,14700.0,1055.0
2014.04.16,14725.0,-75.0,14900.0,14900.0,14700.0,7778.0
2014.04.15,14800.0,-380.0,15220.0,15220.0,14790.0,13406.0
2014.04.14,15180.0,-195.0,15400.0,15400.0,15135.0,2593.0
2014.04.11,15375.0,-110.0,15315.0,15390.0,15245.0,1941.0
2014.04.10,15485.0,15.0,15580.0,15750.0,15480.0,12769.0
2014.04.09,15470.0,35.0,15450.0,15620.0,15400.0,1384.0
2014.04.08,15435.0,90.0,15265.0,15435.0,15265.0,15086.0
2014.04.07,15345.0,285.0,15120.0,15350.0,15040.0,19104.0
2014.04.04,15060.0,45.0,15015.0,15210.0,15000.0,3751.0
2014.04.03,15015.0,-255.0,15220.0,15355.0,15005.0,3174.0
2014.04.02,15270.0,150.0,15130.0,15300.0,15130.0,5091.0
2014.04.01,15120.0,30.0,15100.0,15180.0,15000.0,12767.0
2014.03.31,15090.0,280.0,14850.0,15090.0,14850.0,5761.0
2014.03.28,14810.0,-10.0,15140.0,15170.0,14700.0,1984.0
2014.03.27,14820.0,-80.0,14920.0,14920.0,14705.0,1273.0
2014.03.26,14900.0,-40.0,15000.0,15035.0,14870.0,2245.0
2014.03.25,14940.0,265.0,14670.0,14980.0,14640.0,2598.0
2014.03.24,14675.0,230.0,14500.0,14810.0,14400.0,8202.0
2014.03.21,14445.0,115.0,14370.0,14470.0,14330.0,3433.0
2014.03.20,14330.0,-420.0,14725.0,14725.0,14280.0,16648.0
2014.03.19,14750.0,-135.0,14890.0,14890.0,14700.0,2046.0
2014.03.18,14885.0,35.0,14900.0,15015.0,14735.0,2167.0
2014.03.17,14850.0,435.0,14410.0,14875.0,14370.0,9888.0
2014.03.14,14415.0,-185.0,14315.0,14550.0,14310.0,14178.0
2014.03.13,14600.0,-130.0,14875.0,14875.0,14505.0,11213.0
2014.03.12,14730.0,-405.0,15045.0,15060.0,14660.0,13800.0
2014.03.11,15135.0,-145.0,15405.0,15405.0,15070.0,11649.0
2014.03.10,15280.0,-340.0,15620.0,15620.0,15225.0,7331.0
2014.03.07,15620.0,70.0,15555.0,15735.0,15515.0,8696.0
2014.03.06,15550.0,40.0,15540.0,15575.0,15505.0,4024.0
2014.03.05,15510.0,440.0,15200.0,15565.0,15200.0,8968.0
2014.03.04,15070.0,-215.0,15280.0,15280.0,15045.0,9019.0
2014.03.03,15285.0,-35.0,15470.0,15470.0,15190.0,2950.0
2014.02.28,15320.0,-535.0,15715.0,15755.0,15280.0,22928.0
2014.02.27,15855.0,-260.0,15900.0,16055.0,15770.0,7410.0
2014.02.26,16115.0,10.0,16105.0,16120.0,15865.0,3366.0
2014.02.25,16105.0,-10.0,16160.0,16320.0,16030.0,2047.0
2014.02.24,16115.0,115.0,15900.0,16280.0,15900.0,2690.0
2014.02.21,16000.0,195.0,15835.0,16000.0,15835.0,988.0
2014.02.20,15805.0,-105.0,15700.0,16035.0,15700.0,1089.0
2014.02.19,15910.0,-90.0,15920.0,15970.0,15800.0,1344.0
2014.02.18,16000.0,-25.0,16025.0,16025.0,15810.0,2105.0
2014.02.17,16025.0,420.0,15605.0,16090.0,15605.0,4928.0
2014.02.14,15605.0,145.0,16045.0,16045.0,15565.0,4991.0
2014.02.13,15460.0,-115.0,15575.0,15895.0,15460.0,2511.0
2014.02.12,15575.0,20.0,15605.0,15705.0,15545.0,2229.0
2014.02.11,15555.0,10.0,15545.0,15705.0,15495.0,4815.0
2014.02.10,15545.0,455.0,15190.0,15560.0,15115.0,8323.0
2014.02.07,15090.0,-240.0,15505.0,15505.0,15020.0,6495.0
2014.02.06,15330.0,80.0,15250.0,15570.0,15250.0,5351.0
2014.02.05,15250.0,210.0,14945.0,15300.0,14945.0,5448.0
2014.02.04,15040.0,-400.0,15150.0,15155.0,15000.0,10656.0
2014.02.03,15440.0,-520.0,15850.0,15850.0,15420.0,4953.0
2014.01.29,15960.0,180.0,15980.0,16000.0,15840.0,5632.0
2014.01.28,15780.0,-215.0,16200.0,16200.0,15520.0,12159.0
2014.01.27,15995.0,-325.0,16060.0,16195.0,15885.0,8377.0
2014.01.24,16320.0,-395.0,16710.0,16710.0,16290.0,21940.0
2014.01.23,16715.0,-175.0,16995.0,16995.0,16715.0,3675.0
2014.01.22,16890.0,-25.0,16840.0,16970.0,16820.0,2406.0
2014.01.21,16915.0,235.0,16770.0,16935.0,16630.0,22565.0
2014.01.20,16680.0,40.0,16790.0,16790.0,16330.0,2019.0
2014.01.17,16640.0,-105.0,16750.0,16750.0,16450.0,3729.0
2014.01.16,16745.0,-55.0,16865.0,16865.0,16685.0,27403.0
2014.01.15,16800.0,400.0,16750.0,16800.0,16520.0,2496.0
2014.01.14,16400.0,-90.0,16770.0,16770.0,16345.0,5312.0
2014.01.13,16490.0,-265.0,16740.0,16740.0,16420.0,7318.0
2014.01.10,16755.0,-635.0,17360.0,17365.0,16640.0,17425.0
2014.01.09,17390.0,-5.0,17400.0,17580.0,17305.0,4275.0
2014.01.08,17395.0,65.0,17495.0,17495.0,17135.0,5334.0
2014.01.07,17330.0,590.0,16790.0,17370.0,16770.0,7498.0
2014.01.06,16740.0,140.0,16430.0,16800.0,16430.0,3488.0
2014.01.03,16600.0,-470.0,17490.0,17490.0,16460.0,12570.0
2014.01.02,17070.0,50.0,17455.0,17455.0,16965.0,66519.0
2013.12.30,17020.0,-5.0,16855.0,17070.0,16855.0,4553.0
2013.12.27,17025.0,395.0,16630.0,17085.0,16630.0,5296.0
2013.12.26,16630.0,-345.0,16910.0,17000.0,16630.0,4881.0
2013.12.24,16975.0,255.0,16705.0,16975.0,16705.0,6661.0
2013.12.23,16720.0,-5.0,16990.0,16990.0,16705.0,4028.0
2013.12.20,16725.0,-155.0,16800.0,16960.0,16705.0,1213.0
2013.12.19,16880.0,-25.0,16850.0,17225.0,16820.0,20110.0
2013.12.18,16905.0,90.0,16815.0,17120.0,16815.0,3267.0
2013.12.17,16815.0,465.0,16455.0,16850.0,16455.0,6634.0
2013.12.16,16350.0,350.0,16050.0,16350.0,16050.0,5399.0
2013.12.13,16000.0,-400.0,16280.0,16310.0,15860.0,4108.0
2013.12.12,16400.0,-50.0,16560.0,16560.0,16340.0,2879.0
2013.12.11,16450.0,-1215.0,17010.0,17020.0,16370.0,148735.0
2013.12.10,17665.0,635.0,16980.0,17665.0,16710.0,2407.0
2013.12.09,17030.0,280.0,16740.0,17100.0,16740.0,6968.0
2013.12.06,16750.0,65.0,16525.0,16810.0,16480.0,7672.0
2013.12.05,16685.0,-190.0,17045.0,17045.0,16410.0,7181.0
2013.12.04,16875.0,-270.0,17080.0,17080.0,16740.0,8987.0
2013.12.03,17145.0,-175.0,17320.0,17445.0,17090.0,8157.0
2013.12.02,17320.0,-350.0,17680.0,17680.0,17250.0,65586.0
2013.11.29,17670.0,-20.0,17890.0,17890.0,17560.0,4418.0
2013.11.28,17690.0,10.0,17885.0,17925.0,17675.0,5208.0
2013.11.27,17680.0,95.0,17585.0,17700.0,17435.0,9550.0
2013.11.26,17585.0,-5.0,17545.0,17660.0,17340.0,4264.0
2013.11.25,17590.0,-40.0,17850.0,17915.0,17590.0,8125.0
2013.11.22,17630.0,-70.0,17655.0,17900.0,17500.0,3866.0
2013.11.21,17700.0,-195.0,17855.0,17975.0,17595.0,1607.0
2013.11.20,17895.0,-50.0,17845.0,18010.0,17800.0,3235.0
2013.11.19,17945.0,30.0,17805.0,18260.0,17800.0,9409.0
2013.11.18,17915.0,-35.0,17980.0,17980.0,17770.0,7651.0
2013.11.15,17950.0,765.0,17400.0,17950.0,17395.0,158057.0
2013.11.14,17185.0,90.0,17100.0,17210.0,16990.0,5335.0
2013.11.13,17095.0,-505.0,17365.0,17820.0,16985.0,10072.0
2013.11.12,17600.0,155.0,17500.0,17800.0,17450.0,4751.0
2013.11.11,17445.0,-235.0,18000.0,18000.0,17400.0,32002.0
2013.11.08,17680.0,255.0,17390.0,17830.0,17200.0,4355.0
2013.11.07,17425.0,-20.0,17500.0,17580.0,17400.0,3646.0
2013.11.06,17445.0,495.0,16900.0,17470.0,16900.0,6412.0
2013.11.05,16950.0,-100.0,17055.0,17220.0,16880.0,4918.0
2013.11.04,17050.0,290.0,16765.0,17270.0,16575.0,5743.0
2013.11.01,16760.0,-90.0,16750.0,16845.0,16555.0,56581.0
2013.10.31,16850.0,-480.0,17300.0,17300.0,16700.0,9179.0
2013.10.30,17330.0,30.0,17315.0,17540.0,17255.0,2938.0
2013.10.29,17300.0,60.0,17240.0,17460.0,17160.0,4618.0
2013.10.28,17240.0,-125.0,17300.0,17300.0,16600.0,17187.0
2013.10.25,17365.0,-515.0,18000.0,18000.0,17325.0,8356.0
2013.10.24,17880.0,380.0,17360.0,17955.0,17360.0,8485.0
2013.10.23,17500.0,-810.0,18310.0,18315.0,17450.0,11760.0
2013.10.22,18310.0,215.0,17925.0,18310.0,17925.0,4835.0
2013.10.21,18095.0,-405.0,18325.0,18350.0,17910.0,8306.0
2013.10.18,18500.0,-400.0,18970.0,18970.0,18405.0,14517.0
2013.10.17,18900.0,535.0,19000.0,19000.0,18535.0,12493.0
2013.10.16,18365.0,140.0,18400.0,18745.0,18355.0,10399.0
2013.10.15,18225.0,355.0,17905.0,18350.0,17905.0,9779.0
2013.10.14,17870.0,70.0,18280.0,18280.0,17750.0,3979.0
2013.10.11,17800.0,290.0,17700.0,17800.0,17700.0,12264.0
2013.10.10,17510.0,-60.0,17570.0,17700.0,17430.0,8903.0
2013.10.08,17570.0,530.0,17190.0,17570.0,17085.0,20044.0
2013.10.07,17040.0,-100.0,17140.0,17200.0,16960.0,4427.0
2013.10.04,17140.0,-205.0,17240.0,17240.0,16800.0,6893.0
2013.10.02,17345.0,115.0,17345.0,17460.0,17285.0,3090.0
2013.10.01,17230.0,-260.0,17490.0,17550.0,17145.0,17203.0
2013.09.30,17490.0,-190.0,17700.0,17700.0,17390.0,8894.0
2013.09.27,17680.0,225.0,17410.0,17750.0,17410.0,10506.0
2013.09.26,17455.0,345.0,17025.0,17455.0,17025.0,4823.0
2013.09.25,17110.0,-80.0,17190.0,17190.0,16925.0,4791.0
2013.09.24,17190.0,-355.0,17560.0,17560.0,16960.0,16175.0
2013.09.23,17545.0,285.0,19300.0,19300.0,17265.0,20063.0
2013.09.17,17260.0,265.0,16850.0,17300.0,16850.0,8310.0
2013.09.16,16995.0,580.0,16515.0,17000.0,16515.0,6325.0
2013.09.13,16415.0,-340.0,16665.0,16700.0,16395.0,8414.0
2013.09.12,16755.0,-245.0,17070.0,17070.0,16755.0,16132.0
2013.09.11,17000.0,260.0,16800.0,17000.0,16730.0,10596.0
2013.09.10,16740.0,105.0,16630.0,16970.0,16630.0,8370.0
2013.09.09,16635.0,665.0,16000.0,16635.0,16000.0,14092.0
2013.09.06,15970.0,80.0,15770.0,16030.0,15770.0,6763.0
2013.09.05,15890.0,-40.0,15995.0,16000.0,15850.0,13325.0
2013.09.04,15930.0,285.0,15690.0,15930.0,15520.0,309824.0
2013.09.03,15645.0,430.0,15235.0,15700.0,15235.0,9940.0
2013.09.02,15215.0,-85.0,15300.0,15440.0,15130.0,10395.0
2013.08.30,15300.0,145.0,15155.0,15385.0,15135.0,6065.0
2013.08.29,15155.0,-30.0,15185.0,15475.0,15150.0,1351.0
2013.08.28,15185.0,-15.0,15110.0,15215.0,14985.0,1187.0
2013.08.27,15200.0,50.0,15015.0,15445.0,15015.0,5621.0
2013.08.26,15150.0,235.0,15155.0,15235.0,15025.0,954.0
2013.08.23,14915.0,340.0,14575.0,15070.0,14575.0,4819.0
2013.08.22,14575.0,-375.0,14760.0,14760.0,14500.0,6320.0
2013.08.21,14950.0,-80.0,15390.0,15390.0,14785.0,3220.0
2013.08.20,15030.0,-170.0,15020.0,15495.0,15000.0,4061.0
2013.08.19,15200.0,330.0,14910.0,15345.0,14910.0,10594.0
2013.08.16,14870.0,-80.0,14950.0,14970.0,14815.0,1467.0
2013.08.14,14950.0,-50.0,15000.0,15080.0,14845.0,7629.0
2013.08.13,15000.0,25.0,14995.0,15055.0,14940.0,4409.0
2013.08.12,14975.0,-5.0,14705.0,15025.0,14705.0,3400.0
2013.08.09,14980.0,-140.0,15200.0,15200.0,14880.0,2989.0
2013.08.08,15120.0,250.0,14870.0,15195.0,14870.0,15850.0
2013.08.07,14870.0,50.0,14815.0,14885.0,14775.0,1592.0
2013.08.06,14820.0,-200.0,15015.0,15015.0,14770.0,6245.0
2013.08.05,15020.0,-95.0,15120.0,15125.0,15000.0,5370.0
2013.08.02,15115.0,-100.0,15250.0,15435.0,15035.0,2886.0
2013.08.01,15215.0,-5.0,15220.0,15335.0,15020.0,103825.0
2013.07.31,15220.0,170.0,15130.0,15230.0,15050.0,5721.0
2013.07.30,15050.0,175.0,14880.0,15065.0,14880.0,6538.0
2013.07.29,14875.0,-170.0,15060.0,15060.0,14875.0,2911.0
2013.07.26,15045.0,180.0,14865.0,15075.0,14810.0,6597.0
2013.07.25,14865.0,-5.0,14705.0,14910.0,14705.0,2321.0
2013.07.24,14870.0,200.0,14650.0,14960.0,14650.0,5939.0
2013.07.23,14670.0,-320.0,15150.0,15150.0,14670.0,8341.0
2013.07.22,14990.0,390.0,14600.0,15025.0,14600.0,15517.0
2013.07.19,14600.0,300.0,14790.0,14790.0,14235.0,3789.0
2013.07.18,14300.0,-140.0,14440.0,14450.0,14300.0,1663.0
2013.07.17,14440.0,160.0,14365.0,14670.0,14160.0,154084.0
2013.07.16,14280.0,80.0,14200.0,14385.0,14200.0,2893.0
2013.07.15,14200.0,325.0,13875.0,14250.0,13745.0,3413.0
2013.07.12,13875.0,30.0,13685.0,14020.0,13685.0,2972.0
2013.07.11,13845.0,180.0,13760.0,13900.0,13695.0,16970.0
2013.07.10,13665.0,-145.0,13645.0,13805.0,13645.0,542.0
2013.07.09,13810.0,100.0,14000.0,14000.0,13655.0,11706.0
2013.07.08,13710.0,405.0,13500.0,13850.0,13495.0,20244.0
2013.07.05,13305.0,340.0,13140.0,13350.0,13140.0,98723.0
2013.07.04,12965.0,-95.0,13060.0,13150.0,12930.0,1272.0
2013.07.03,13060.0,-210.0,13495.0,13495.0,13015.0,1642.0
2013.07.02,13270.0,110.0,13370.0,13375.0,13200.0,10363.0
2013.07.01,13160.0,-145.0,13430.0,13430.0,13150.0,23193.0
2013.06.28,13305.0,340.0,13100.0,13305.0,13055.0,6997.0
2013.06.27,12965.0,330.0,12995.0,12995.0,12825.0,9891.0
2013.06.26,12635.0,5.0,13000.0,13000.0,12490.0,785.0
2013.06.25,12630.0,-235.0,13165.0,13165.0,12465.0,2347.0
2013.06.24,12865.0,-160.0,13020.0,13020.0,12830.0,518.0
2013.06.21,13025.0,-290.0,13150.0,13150.0,12920.0,3259.0
2013.06.20,13315.0,-190.0,13505.0,13505.0,13280.0,3658.0
2013.06.19,13505.0,165.0,13375.0,13545.0,13375.0,16394.0
2013.06.18,13340.0,-45.0,13385.0,13400.0,13250.0,7879.0
2013.06.17,13385.0,-75.0,13575.0,13575.0,13205.0,805.0
2013.06.14,13460.0,-145.0,13995.0,13995.0,13445.0,981.0
2013.06.13,13605.0,0.0,13645.0,13740.0,13500.0,3437.0
2013.06.12,13605.0,-135.0,13655.0,13750.0,13535.0,692.0
2013.06.11,13740.0,-30.0,13890.0,13890.0,13610.0,1392.0
2013.06.10,13770.0,-130.0,13780.0,13805.0,13600.0,2586.0
2013.06.07,13900.0,-110.0,14010.0,14050.0,13845.0,2947.0
2013.06.05,14010.0,-155.0,14225.0,14225.0,14010.0,91006.0
2013.06.04,14165.0,425.0,13825.0,14180.0,13800.0,23984.0
2013.06.03,13740.0,45.0,13650.0,13825.0,13600.0,13696.0
2013.05.31,13695.0,265.0,13505.0,13820.0,13505.0,12706.0
2013.05.30,13430.0,-170.0,13620.0,13620.0,13400.0,6065.0
2013.05.29,13600.0,170.0,13625.0,13685.0,13550.0,3030.0
2013.05.28,13430.0,-65.0,13540.0,13550.0,13400.0,2444.0
2013.05.27,13495.0,260.0,13300.0,13545.0,13290.0,1620.0
2013.05.24,13235.0,-215.0,13455.0,13500.0,13185.0,2363.0
2013.05.23,13450.0,-400.0,13890.0,13890.0,13450.0,8988.0
2013.05.22,13850.0,75.0,13775.0,13900.0,13775.0,14515.0
2013.05.21,13775.0,55.0,13935.0,13965.0,13770.0,7599.0
2013.05.20,13720.0,-50.0,13850.0,13850.0,13655.0,7510.0
2013.05.16,13770.0,-500.0,14245.0,14245.0,13760.0,22273.0
2013.05.15,14270.0,210.0,14120.0,14340.0,14110.0,1994.0
2013.05.14,14060.0,225.0,13710.0,14060.0,13710.0,8692.0
2013.05.13,13835.0,25.0,13900.0,13900.0,13760.0,746.0
2013.05.10,13810.0,-290.0,14200.0,14200.0,13800.0,6649.0
2013.05.09,14100.0,650.0,13550.0,14140.0,13550.0,23217.0
2013.05.08,13450.0,-35.0,13405.0,13570.0,13405.0,5451.0
2013.05.07,13485.0,-80.0,13635.0,13635.0,13400.0,2916.0
2013.05.06,13565.0,105.0,13255.0,13675.0,13255.0,5258.0
2013.05.03,13460.0,140.0,13330.0,13500.0,13320.0,3632.0
2013.05.02,13320.0,-225.0,13530.0,13590.0,13265.0,10127.0
2013.04.30,13545.0,260.0,13290.0,13555.0,13285.0,2232.0
2013.04.29,13285.0,-410.0,13695.0,13695.0,13225.0,5089.0
2013.04.26,13785.0,195.0,13675.0,13905.0,13555.0,4229.0
2013.04.25,13590.0,155.0,13500.0,13610.0,13400.0,4910.0
2013.04.24,13435.0,245.0,13495.0,13495.0,13255.0,2917.0
2013.04.23,13190.0,80.0,13155.0,13270.0,13020.0,2848.0
2013.04.22,13110.0,110.0,13020.0,13110.0,13000.0,1115.0
2013.04.19,13000.0,295.0,12800.0,13000.0,12685.0,3396.0
2013.04.18,12705.0,-70.0,12860.0,12885.0,12655.0,2769.0
2013.04.17,12775.0,95.0,12880.0,12880.0,12380.0,24789.0
2013.04.16,12680.0,-5.0,12790.0,12790.0,12550.0,4053.0
2013.04.15,12685.0,40.0,12790.0,12790.0,12480.0,3750.0
2013.04.12,12645.0,-760.0,13560.0,13560.0,12615.0,15027.0
2013.04.11,13405.0,-225.0,13795.0,13795.0,13405.0,2096.0
2013.04.10,13630.0,155.0,13335.0,13645.0,13335.0,3187.0
2013.04.09,13475.0,-85.0,13740.0,13740.0,13205.0,3859.0
2013.04.08,13560.0,90.0,13470.0,13640.0,13435.0,3101.0
2013.04.05,13470.0,-80.0,13550.0,13675.0,13360.0,4892.0
2013.04.04,13550.0,-180.0,13800.0,13800.0,13335.0,7836.0
2013.04.03,13730.0,-460.0,14000.0,14080.0,13630.0,24773.0
2013.04.02,14190.0,-335.0,14695.0,14695.0,14025.0,36294.0
2013.04.01,14525.0,-135.0,14790.0,14790.0,14510.0,15286.0
2013.03.29,14660.0,-20.0,14800.0,14800.0,14625.0,6493.0
2013.03.28,14680.0,-245.0,15000.0,15000.0,14620.0,6611.0
2013.03.27,14925.0,-25.0,15100.0,16200.0,14885.0,4438.0
2013.03.26,14950.0,15.0,15100.0,15100.0,14900.0,1280.0
2013.03.25,14935.0,360.0,14840.0,14985.0,14830.0,866.0
2013.03.22,14575.0,-130.0,14850.0,14850.0,14555.0,1579.0
2013.03.21,14705.0,-5.0,14990.0,14990.0,14645.0,3800.0
2013.03.20,14710.0,-180.0,15000.0,15000.0,14710.0,5959.0
2013.03.19,14890.0,-40.0,15190.0,15190.0,14890.0,7285.0
2013.03.18,14930.0,-265.0,15195.0,15200.0,14930.0,4369.0
2013.03.15,15195.0,35.0,15250.0,15320.0,15110.0,1598.0
2013.03.14,15160.0,60.0,15150.0,15180.0,15035.0,1087.0
2013.03.13,15100.0,-230.0,15790.0,15790.0,15070.0,5474.0
2013.03.12,15330.0,-230.0,15750.0,15750.0,15300.0,10869.0
2013.03.11,15560.0,-120.0,15900.0,15900.0,15405.0,14657.0
2013.03.08,15680.0,160.0,15630.0,15750.0,15515.0,9436.0
2013.03.07,15520.0,-255.0,15805.0,15805.0,15465.0,9357.0
2013.03.06,15775.0,460.0,15690.0,15875.0,15470.0,12447.0
2013.03.05,15315.0,15.0,15315.0,15400.0,15210.0,11598.0
2013.03.04,15300.0,-175.0,15485.0,15485.0,15265.0,7164.0
2013.02.28,15475.0,145.0,15495.0,15600.0,15400.0,14529.0
2013.02.27,15330.0,-150.0,15580.0,15585.0,15295.0,5057.0
2013.02.26,15480.0,-490.0,15995.0,15995.0,15480.0,2915.0
2013.02.25,15970.0,130.0,15830.0,15980.0,15635.0,4078.0
2013.02.22,15840.0,-55.0,15880.0,15965.0,15810.0,4604.0
2013.02.21,15895.0,-35.0,16010.0,16085.0,15770.0,2491.0
2013.02.20,15930.0,340.0,15590.0,16010.0,15590.0,8956.0
2013.02.19,15590.0,140.0,15395.0,15695.0,15395.0,14071.0
2013.02.18,15450.0,195.0,15200.0,15520.0,15200.0,5289.0
2013.02.15,15255.0,110.0,15250.0,15330.0,15175.0,59524.0
2013.02.14,15145.0,95.0,15260.0,15260.0,15050.0,1722.0
2013.02.13,15050.0,345.0,14950.0,15140.0,14755.0,2167.0
2013.02.12,14705.0,-130.0,15000.0,15000.0,14705.0,997.0
2013.02.08,14835.0,-35.0,15200.0,15200.0,14705.0,2716.0
2013.02.07,14870.0,-5.0,14995.0,14995.0,14805.0,955.0
2013.02.06,14875.0,-70.0,15265.0,15265.0,14815.0,879.0
2013.02.05,14945.0,-155.0,15295.0,15295.0,14810.0,3766.0
2013.02.04,15100.0,-300.0,15560.0,15560.0,15100.0,6775.0
2013.02.01,15400.0,-50.0,15440.0,15450.0,15155.0,22722.0
2013.01.31,15450.0,-180.0,15800.0,15800.0,15350.0,2228.0
2013.01.30,15630.0,100.0,15810.0,15860.0,15545.0,44683.0
2013.01.29,15530.0,315.0,15225.0,15550.0,15215.0,12585.0
2013.01.28,15215.0,-60.0,15280.0,15280.0,15145.0,1443.0
2013.01.25,15275.0,-225.0,15775.0,15775.0,15160.0,6165.0
2013.01.24,15500.0,-120.0,15780.0,15780.0,15480.0,4436.0
2013.01.23,15620.0,-230.0,16000.0,16000.0,15580.0,3320.0
2013.01.22,15850.0,145.0,15960.0,15960.0,15730.0,934.0
2013.01.21,15705.0,195.0,15510.0,15725.0,15415.0,2454.0
2013.01.18,15510.0,0.0,15565.0,15690.0,15435.0,1489.0
2013.01.17,15510.0,-95.0,15765.0,15765.0,15410.0,2571.0
2013.01.16,15605.0,-120.0,15800.0,15870.0,15605.0,13072.0
2013.01.15,15725.0,-155.0,15880.0,16770.0,15725.0,1567.0
2013.01.14,15880.0,140.0,15905.0,15940.0,15700.0,1462.0
2013.01.11,15740.0,-205.0,15980.0,15980.0,15650.0,23296.0
2013.01.10,15945.0,275.0,15830.0,15945.0,15675.0,1549.0
2013.01.09,15670.0,-10.0,15715.0,15850.0,15670.0,740.0
2013.01.08,15680.0,-220.0,16245.0,16245.0,15680.0,5751.0
2013.01.07,15900.0,-175.0,16075.0,16075.0,15760.0,2198.0
2013.01.04,16075.0,-215.0,16230.0,16350.0,16040.0,1918.0
2013.01.03,16290.0,-135.0,16500.0,16500.0,16225.0,8747.0
2013.01.02,16425.0,375.0,16090.0,16510.0,16090.0,5711.0
2012.12.28,16050.0,170.0,15880.0,16090.0,15880.0,3687.0
2012.12.27,15880.0,170.0,15675.0,15950.0,15675.0,2846.0
2012.12.26,15710.0,15.0,15665.0,16000.0,15625.0,6923.0
2012.12.24,15695.0,-295.0,15995.0,16050.0,15695.0,2922.0
2012.12.21,15990.0,50.0,15930.0,16040.0,15800.0,7770.0
2012.12.20,15940.0,260.0,15685.0,16045.0,15685.0,6161.0
2012.12.18,15680.0,35.0,15600.0,15770.0,15600.0,5740.0
2012.12.17,15645.0,10.0,15640.0,15700.0,15630.0,4437.0
2012.12.14,15635.0,85.0,15435.0,15685.0,15385.0,5502.0
2012.12.13,15550.0,-120.0,15560.0,15685.0,15445.0,3982.0
2012.12.12,15670.0,255.0,15415.0,15690.0,15415.0,8463.0
2012.12.11,15415.0,610.0,15035.0,15440.0,14945.0,11849.0
2012.12.10,14805.0,-120.0,14990.0,15080.0,14740.0,4579.0
2012.12.07,14925.0,195.0,14665.0,14990.0,14665.0,6805.0
2012.12.06,14730.0,255.0,14500.0,14855.0,14480.0,7716.0
2012.12.05,14475.0,125.0,14500.0,14500.0,14175.0,3296.0
2012.12.04,14350.0,-5.0,14285.0,14400.0,14205.0,4654.0
2012.12.03,14355.0,-180.0,14510.0,14530.0,14355.0,4622.0
2012.11.30,14535.0,295.0,14250.0,14625.0,14150.0,6028.0
2012.11.29,14240.0,595.0,13835.0,14350.0,13785.0,8803.0
2012.11.28,13645.0,-235.0,13880.0,14045.0,13580.0,5399.0
2012.11.27,13880.0,325.0,13565.0,13970.0,13535.0,4247.0
2012.11.26,13555.0,235.0,13430.0,13590.0,13400.0,6234.0
2012.11.23,13320.0,-80.0,13340.0,13460.0,13225.0,4603.0
2012.11.22,13400.0,-45.0,13400.0,13590.0,13360.0,1461.0
2012.11.21,13445.0,-205.0,13575.0,13700.0,13360.0,4099.0
2012.11.20,13650.0,-45.0,13780.0,13890.0,13610.0,1174.0
2012.11.19,13695.0,365.0,13400.0,13770.0,13400.0,1561.0
2012.11.16,13330.0,-65.0,13395.0,13510.0,13295.0,1642.0
2012.11.15,13395.0,-185.0,13350.0,13395.0,13220.0,1676.0
2012.11.14,13580.0,120.0,13465.0,13665.0,13455.0,4176.0
2012.11.13,13460.0,-455.0,14070.0,14070.0,13420.0,13202.0
2012.11.12,13915.0,-345.0,14285.0,14285.0,13900.0,6935.0
2012.11.09,14260.0,-120.0,14105.0,14350.0,14065.0,3699.0
2012.11.08,14380.0,-370.0,14680.0,14680.0,14285.0,6819.0
2012.11.07,14750.0,65.0,14945.0,14945.0,14605.0,1533.0
2012.11.06,14685.0,225.0,14460.0,14700.0,14370.0,1414.0
2012.11.05,14460.0,-90.0,14615.0,14630.0,14345.0,1632.0
2012.11.02,14550.0,505.0,14185.0,14600.0,14185.0,11497.0
2012.11.01,14045.0,-385.0,14430.0,14430.0,13950.0,5980.0
2012.10.31,14430.0,45.0,14385.0,14515.0,14315.0,19223.0
2012.10.30,14385.0,5.0,14355.0,14570.0,14350.0,3660.0
2012.10.29,14380.0,140.0,14375.0,14430.0,14260.0,4495.0
2012.10.26,14240.0,-170.0,14595.0,14595.0,14185.0,2308.0
2012.10.25,14410.0,-10.0,14285.0,14410.0,14145.0,11043.0
2012.10.24,14420.0,-370.0,14765.0,14765.0,14285.0,11039.0
2012.10.23,14790.0,-370.0,15240.0,15240.0,14785.0,4010.0
2012.10.22,15160.0,-145.0,15285.0,15285.0,15080.0,2645.0
2012.10.19,15305.0,-280.0,15580.0,15580.0,15215.0,16416.0
2012.10.18,15585.0,500.0,15030.0,15625.0,15030.0,17074.0
2012.10.17,15085.0,355.0,15135.0,15135.0,14970.0,3095.0
2012.10.16,14730.0,10.0,15115.0,15115.0,14640.0,3976.0
2012.10.15,14720.0,-255.0,14950.0,15000.0,14700.0,6827.0
2012.10.12,14975.0,-215.0,15380.0,15380.0,14955.0,28031.0
2012.10.11,15190.0,-65.0,15255.0,15330.0,15035.0,5062.0
2012.10.10,15255.0,-275.0,15500.0,15500.0,15160.0,6565.0
2012.10.09,15530.0,-10.0,15470.0,15630.0,15470.0,2179.0
2012.10.08,15540.0,-345.0,15990.0,15990.0,15510.0,5963.0
2012.10.05,15885.0,-165.0,16000.0,16090.0,15860.0,6834.0
2012.10.04,16050.0,-60.0,16250.0,16250.0,16000.0,16744.0
2012.10.02,16110.0,0.0,16115.0,16150.0,15940.0,4884.0
2012.09.28,16110.0,-70.0,16110.0,16150.0,15900.0,5452.0
2012.09.27,16180.0,110.0,16070.0,16210.0,15750.0,4692.0
2012.09.26,16070.0,-270.0,16250.0,16250.0,16030.0,2400.0
2012.09.25,16340.0,-110.0,16660.0,16660.0,16265.0,1200.0
2012.09.24,16450.0,-275.0,16705.0,16705.0,16345.0,2192.0
2012.09.21,16725.0,215.0,16490.0,16725.0,16485.0,3910.0
2012.09.20,16510.0,-215.0,16700.0,16780.0,16445.0,6872.0
2012.09.19,16725.0,-145.0,16855.0,16865.0,16635.0,13327.0
2012.09.18,16870.0,-95.0,17105.0,17105.0,16695.0,33050.0
2012.09.17,16965.0,280.0,16690.0,17050.0,16690.0,78740.0
2012.09.14,16685.0,775.0,16470.0,16770.0,15910.0,89086.0
2012.09.13,15910.0,-140.0,16045.0,16045.0,15800.0,105123.0
2012.09.12,16050.0,370.0,15690.0,16130.0,15690.0,50548.0
2012.09.11,15680.0,-195.0,15810.0,15810.0,15575.0,2148.0
2012.09.10,15875.0,-155.0,16030.0,16030.0,15805.0,2768.0
2012.09.07,16030.0,790.0,15975.0,16055.0,15870.0,11120.0
2012.09.06,15240.0,-60.0,15450.0,15475.0,15215.0,2976.0
2012.09.05,15300.0,-465.0,15765.0,15765.0,15260.0,6283.0
2012.09.04,15765.0,220.0,15550.0,15900.0,15545.0,44956.0
2012.09.03,15545.0,105.0,15620.0,15620.0,15165.0,5807.0
2012.08.31,15440.0,-50.0,15540.0,15540.0,15270.0,5420.0
2012.08.30,15490.0,-385.0,15870.0,15875.0,15385.0,4538.0
2012.08.29,15875.0,-120.0,16095.0,16095.0,15820.0,23837.0
2012.08.28,15995.0,-175.0,16150.0,16195.0,15900.0,25870.0
2012.08.27,16170.0,35.0,16120.0,16350.0,16120.0,2261.0
2012.08.24,16135.0,-325.0,16445.0,16450.0,16000.0,4182.0
2012.08.23,16460.0,70.0,16210.0,16500.0,16210.0,2548.0
2012.08.22,16390.0,-335.0,16610.0,16710.0,16390.0,4787.0
2012.08.21,16725.0,-160.0,16900.0,17000.0,16685.0,2528.0
2012.08.20,16885.0,15.0,16950.0,17050.0,16785.0,4544.0
2012.08.17,16870.0,405.0,16520.0,16905.0,16520.0,14618.0
2012.08.16,16465.0,40.0,16390.0,16570.0,16245.0,6552.0
2012.08.14,16425.0,-115.0,16530.0,16530.0,16185.0,13987.0
2012.08.13,16540.0,-25.0,16565.0,16750.0,16435.0,2863.0
2012.08.10,16565.0,-40.0,16430.0,16865.0,16430.0,3740.0
2012.08.09,16605.0,215.0,16800.0,16800.0,16295.0,6470.0
2012.08.08,16390.0,110.0,16335.0,16555.0,16140.0,65077.0
2012.08.07,16280.0,140.0,16155.0,16335.0,16060.0,22170.0
2012.08.06,16140.0,590.0,16190.0,16270.0,16000.0,42689.0
2012.08.03,15550.0,-205.0,15610.0,15625.0,15395.0,2848.0
2012.08.02,15755.0,-170.0,16150.0,16200.0,15695.0,24489.0
2012.08.01,15925.0,25.0,15880.0,16080.0,15610.0,10777.0
2012.07.31,15900.0,960.0,15275.0,16005.0,14945.0,11784.0
2012.07.30,14940.0,200.0,15000.0,15235.0,14930.0,2926.0
2012.07.27,14740.0,385.0,14505.0,14800.0,14505.0,5658.0
2012.07.26,14355.0,-75.0,14600.0,14600.0,14175.0,2267.0
2012.07.25,14430.0,-210.0,14400.0,14530.0,14300.0,6231.0
2012.07.24,14640.0,-130.0,14515.0,14905.0,14300.0,3843.0
2012.07.23,14770.0,-500.0,15200.0,15200.0,14725.0,3846.0
2012.07.20,15270.0,120.0,15160.0,15410.0,15135.0,16916.0
2012.07.19,15150.0,50.0,15200.0,15350.0,15125.0,4703.0
2012.07.18,15100.0,-645.0,15750.0,15750.0,15045.0,11372.0
2012.07.17,15745.0,155.0,15590.0,15865.0,15515.0,9868.0
2012.07.16,15590.0,-30.0,15640.0,15805.0,15485.0,12060.0
2012.07.13,15620.0,-200.0,15820.0,15895.0,15280.0,6388.0
2012.07.12,15820.0,-270.0,16090.0,16245.0,15820.0,3225.0
2012.07.11,16090.0,-330.0,16225.0,16340.0,16060.0,2531.0
2012.07.10,16420.0,-55.0,16480.0,16620.0,16380.0,1990.0
2012.07.09,16475.0,-465.0,16850.0,16850.0,16420.0,27175.0
2012.07.06,16940.0,-110.0,17050.0,17110.0,16740.0,21499.0
2012.07.05,17050.0,100.0,16935.0,17200.0,16935.0,26486.0
2012.07.04,16950.0,-80.0,17050.0,17200.0,16950.0,20372.0
2012.07.03,17030.0,600.0,16430.0,17050.0,16410.0,5987.0
2012.07.02,16430.0,145.0,16445.0,16600.0,16425.0,8669.0
2012.06.29,16285.0,400.0,15875.0,16290.0,15640.0,3717.0
2012.06.28,15885.0,-70.0,16005.0,16050.0,15740.0,4290.0
2012.06.27,15955.0,-25.0,15915.0,15980.0,15810.0,5071.0
2012.06.26,15980.0,-130.0,16000.0,16175.0,15955.0,2124.0
2012.06.25,16110.0,-195.0,16345.0,16345.0,16005.0,5939.0
2012.06.22,16305.0,-635.0,16900.0,16900.0,16290.0,5157.0
2012.06.21,16940.0,-175.0,17060.0,17240.0,16870.0,2254.0
2012.06.20,17115.0,-30.0,17240.0,17340.0,17110.0,3031.0
2012.06.19,17145.0,-155.0,17200.0,17300.0,17100.0,4277.0
2012.06.18,17300.0,610.0,16970.0,17450.0,16970.0,6315.0
2012.06.15,16690.0,70.0,16625.0,16760.0,16450.0,41463.0
2012.06.14,16620.0,55.0,16670.0,16710.0,16430.0,3423.0
2012.06.13,16565.0,-55.0,16780.0,16780.0,16370.0,3099.0
2012.06.12,16620.0,-105.0,16550.0,16690.0,16345.0,12402.0
2012.06.11,16725.0,575.0,16400.0,16735.0,16400.0,3287.0
2012.06.08,16150.0,-20.0,16100.0,16175.0,15980.0,55494.0
2012.06.07,16170.0,515.0,16100.0,16535.0,15905.0,5886.0
2012.06.05,15655.0,290.0,15390.0,15740.0,15390.0,4926.0
2012.06.04,15365.0,-700.0,15735.0,15900.0,15235.0,10360.0
2012.06.01,16065.0,-515.0,16590.0,16590.0,16065.0,2535.0
2012.05.31,16580.0,-180.0,16665.0,16665.0,16370.0,3368.0
2012.05.30,16760.0,-50.0,16795.0,16795.0,16525.0,2456.0
2012.05.29,16810.0,870.0,15940.0,16820.0,15940.0,13579.0
2012.05.25,15940.0,200.0,15750.0,15970.0,15750.0,4908.0
2012.05.24,15740.0,45.0,15920.0,15920.0,15580.0,6076.0
2012.05.23,15695.0,-470.0,16295.0,16295.0,15660.0,4929.0
2012.05.22,16165.0,455.0,15900.0,16165.0,15850.0,32272.0
2012.05.21,15710.0,60.0,15705.0,15965.0,15650.0,2405.0
2012.05.18,15650.0,-645.0,15985.0,16025.0,15570.0,20423.0
2012.05.17,16295.0,115.0,16250.0,16610.0,16180.0,5673.0
2012.05.16,16180.0,-270.0,16380.0,16645.0,16180.0,7566.0
2012.05.15,16450.0,-145.0,16205.0,16485.0,16110.0,7080.0
2012.05.14,16595.0,-195.0,16800.0,16800.0,16200.0,18967.0
2012.05.11,16790.0,-410.0,17240.0,17255.0,16790.0,3141.0
2012.05.10,17200.0,40.0,16835.0,17290.0,16800.0,10045.0
2012.05.09,17160.0,-850.0,17995.0,17995.0,17100.0,13574.0
2012.05.08,18010.0,20.0,18110.0,18500.0,17990.0,5345.0
2012.05.07,17990.0,-785.0,18670.0,18670.0,17900.0,10310.0
2012.05.04,18775.0,155.0,18620.0,18775.0,18560.0,671.0
2012.05.03,18620.0,-450.0,19050.0,19050.0,18525.0,7388.0
2012.05.02,19070.0,555.0,18520.0,19070.0,18520.0,5256.0
2012.04.30,18515.0,340.0,18295.0,18725.0,18295.0,3421.0
2012.04.27,18175.0,410.0,17970.0,18295.0,17910.0,3896.0
2012.04.26,17965.0,-495.0,18740.0,18740.0,17900.0,6395.0
2012.04.25,18460.0,-150.0,18700.0,19190.0,18460.0,3323.0
2012.04.24,18610.0,-290.0,18800.0,18810.0,18500.0,4016.0
2012.04.23,18900.0,-275.0,19175.0,19230.0,18840.0,4193.0
2012.04.20,19175.0,-335.0,19510.0,19510.0,19070.0,3200.0
2012.04.19,19510.0,-100.0,19655.0,19655.0,19200.0,3174.0
2012.04.18,19610.0,735.0,19160.0,19660.0,19160.0,8441.0
2012.04.17,18875.0,-80.0,18965.0,19100.0,18825.0,4095.0
2012.04.16,18955.0,-165.0,18900.0,19045.0,18685.0,4098.0
2012.04.13,19120.0,775.0,18480.0,19175.0,18480.0,59977.0
2012.04.12,18345.0,5.0,18330.0,18365.0,18050.0,3880.0
2012.04.10,18340.0,-40.0,18380.0,18685.0,18180.0,3144.0
2012.04.09,18380.0,-485.0,18505.0,18665.0,18260.0,5357.0
2012.04.06,18865.0,-35.0,18880.0,19260.0,18710.0,5152.0
2012.04.05,18900.0,-80.0,18880.0,18900.0,18570.0,7707.0
2012.04.04,18980.0,-800.0,19625.0,19655.0,18875.0,48113.0
2012.04.03,19780.0,290.0,19535.0,19880.0,19535.0,6352.0
2012.04.02,19490.0,75.0,19420.0,19630.0,19420.0,4479.0
2012.03.30,19415.0,-345.0,19760.0,19760.0,19325.0,9848.0
2012.03.29,19760.0,-955.0,20695.0,20695.0,19645.0,14961.0
2012.03.28,20715.0,75.0,20590.0,20970.0,20565.0,33869.0
2012.03.27,20640.0,260.0,20580.0,20740.0,20445.0,3850.0
2012.03.26,20380.0,-230.0,20610.0,20770.0,20300.0,8538.0
2012.03.23,20610.0,280.0,20330.0,20700.0,20150.0,12506.0
2012.03.22,20330.0,-605.0,20915.0,21090.0,20325.0,8537.0
2012.03.21,20935.0,-70.0,21000.0,21255.0,20895.0,2306.0
2012.03.20,21005.0,-125.0,21100.0,21335.0,20980.0,27713.0
2012.03.19,21130.0,-55.0,21300.0,21500.0,20930.0,29623.0
2012.03.16,21185.0,-535.0,21725.0,21730.0,21170.0,10371.0
2012.03.15,21720.0,25.0,21695.0,21980.0,21650.0,31529.0
2012.03.14,21695.0,625.0,21270.0,21900.0,21270.0,15342.0
2012.03.13,21070.0,-30.0,21120.0,21520.0,21020.0,7917.0
2012.03.12,21100.0,-540.0,21635.0,21635.0,21100.0,4517.0
2012.03.09,21640.0,215.0,22050.0,22050.0,21470.0,5232.0
2012.03.08,21425.0,445.0,20980.0,21535.0,20900.0,7559.0
2012.03.07,20980.0,20.0,20790.0,21060.0,20490.0,13348.0
2012.03.06,20960.0,-495.0,21800.0,21800.0,20600.0,33022.0
2012.03.05,21455.0,-355.0,21790.0,21790.0,21400.0,33397.0
2012.03.02,21810.0,210.0,21700.0,21830.0,21495.0,8062.0
2012.02.29,21600.0,480.0,21120.0,21880.0,21120.0,7037.0
2012.02.28,21120.0,1110.0,20030.0,21150.0,20030.0,9602.0
2012.02.27,20010.0,210.0,19810.0,20210.0,19810.0,13925.0
2012.02.24,19800.0,-90.0,19900.0,20090.0,19620.0,3835.0
2012.02.23,19890.0,85.0,19765.0,19995.0,19765.0,4080.0
2012.02.22,19805.0,-155.0,19950.0,19950.0,19680.0,3423.0
2012.02.21,19960.0,-390.0,20310.0,20330.0,19640.0,9949.0
2012.02.20,20350.0,260.0,20320.0,20545.0,20280.0,10460.0
2012.02.17,20090.0,65.0,20250.0,20400.0,20020.0,34413.0
2012.02.16,20025.0,-875.0,20800.0,20800.0,19960.0,10902.0
2012.02.15,20900.0,425.0,20495.0,20900.0,20425.0,7077.0
2012.02.14,20475.0,-65.0,20545.0,20695.0,20360.0,10277.0
2012.02.13,20540.0,-130.0,20795.0,20795.0,20100.0,11160.0
2012.02.10,20670.0,50.0,21300.0,21300.0,20550.0,15049.0
2012.02.09,20620.0,770.0,19850.0,20620.0,19775.0,15975.0
2012.02.08,19850.0,960.0,18850.0,19890.0,18850.0,7115.0
2012.02.07,18890.0,40.0,18775.0,19230.0,18775.0,7164.0
2012.02.06,18850.0,235.0,18640.0,18920.0,18640.0,8538.0
2012.02.03,18615.0,-605.0,19550.0,19550.0,18500.0,13934.0
2012.02.02,19220.0,480.0,18950.0,19220.0,18950.0,4673.0
2012.02.01,18740.0,290.0,18450.0,18875.0,18450.0,25660.0
2012.01.31,18450.0,570.0,18170.0,18500.0,17925.0,5527.0
2012.01.30,17880.0,-190.0,18030.0,18030.0,17735.0,7003.0
2012.01.27,18070.0,-205.0,18235.0,18240.0,17940.0,4006.0
2012.01.26,18275.0,-65.0,18750.0,18750.0,18155.0,2086.0
2012.01.25,18340.0,-205.0,18505.0,18735.0,18270.0,10052.0
2012.01.20,18545.0,680.0,18000.0,18570.0,18000.0,12762.0
2012.01.19,17865.0,-180.0,18045.0,18280.0,17830.0,2375.0
2012.01.18,18045.0,445.0,17650.0,18250.0,17590.0,3542.0
2012.01.17,17600.0,490.0,17180.0,17660.0,17180.0,6077.0
2012.01.16,17110.0,105.0,17100.0,17155.0,16765.0,2544.0
2012.01.13,17005.0,185.0,16820.0,17210.0,16500.0,3430.0
2012.01.12,16820.0,140.0,16640.0,16870.0,16500.0,1808.0
2012.01.11,16680.0,330.0,16500.0,16695.0,16335.0,2843.0
2012.01.10,16350.0,440.0,15900.0,16360.0,15900.0,2842.0
2012.01.09,15910.0,-95.0,15960.0,16005.0,15590.0,1271.0
2012.01.06,16005.0,-230.0,16100.0,16225.0,15895.0,1216.0
2012.01.05,16235.0,-125.0,16400.0,16435.0,16110.0,714.0
2012.01.04,16360.0,110.0,16690.0,16690.0,16320.0,21169.0
2012.01.03,16250.0,725.0,15570.0,16300.0,15570.0,11827.0
2012.01.02,15525.0,-140.0,15665.0,15775.0,15525.0,2466.0
2011.12.29,15665.0,105.0,15540.0,15795.0,15355.0,611.0
2011.12.28,15560.0,-40.0,15695.0,15820.0,15560.0,37241.0
2011.12.27,15600.0,-240.0,15655.0,15840.0,15265.0,10494.0
2011.12.26,15840.0,-370.0,16300.0,16300.0,15680.0,2145.0
2011.12.23,16210.0,220.0,15965.0,16335.0,15965.0,1525.0
2011.12.22,15990.0,-140.0,16085.0,16110.0,15915.0,660.0
2011.12.21,16130.0,555.0,15900.0,16200.0,15900.0,1164.0
2011.12.20,15575.0,220.0,15115.0,15750.0,15115.0,4763.0
2011.12.19,15355.0,-770.0,16095.0,16095.0,14980.0,4606.0
2011.12.16,16125.0,-55.0,16200.0,16445.0,16000.0,1675.0
2011.12.15,16180.0,-715.0,16845.0,16845.0,16020.0,3350.0
2011.12.14,16895.0,5.0,16890.0,16935.0,16760.0,1841.0
2011.12.13,16890.0,-540.0,17230.0,17230.0,16710.0,3177.0
2011.12.12,17430.0,-55.0,17700.0,17700.0,17230.0,1439.0
2011.12.09,17485.0,-395.0,17365.0,17640.0,17350.0,1445.0
2011.12.08,17880.0,-20.0,17860.0,18050.0,17705.0,1882.0
2011.12.07,17900.0,55.0,17835.0,17990.0,17620.0,6106.0
2011.12.06,17845.0,-165.0,17970.0,18100.0,17645.0,6091.0
2011.12.05,18010.0,310.0,17720.0,18150.0,17650.0,14687.0
2011.12.02,17700.0,220.0,17440.0,17705.0,17440.0,28618.0
2011.12.01,17480.0,805.0,17500.0,17680.0,17395.0,7704.0
2011.11.30,16675.0,-125.0,16800.0,16900.0,16540.0,7750.0
2011.11.29,16800.0,500.0,16335.0,16870.0,16335.0,3071.0
2011.11.28,16300.0,665.0,15755.0,16300.0,15755.0,1737.0
2011.11.25,15635.0,-365.0,15880.0,15915.0,15600.0,1254.0
2011.11.24,16000.0,80.0,16045.0,16045.0,15615.0,1037.0
2011.11.23,15920.0,-670.0,16585.0,16585.0,15755.0,3116.0
2011.11.22,16590.0,90.0,16390.0,16620.0,16095.0,2388.0
2011.11.21,16500.0,-285.0,16800.0,16800.0,16500.0,784.0
2011.11.18,16785.0,-105.0,16880.0,16880.0,16410.0,4649.0
2011.11.17,16890.0,420.0,16470.0,16890.0,16260.0,1907.0
2011.11.16,16470.0,-430.0,16870.0,17150.0,16470.0,3621.0
2011.11.15,16900.0,10.0,16930.0,17100.0,16705.0,1023.0
2011.11.14,16890.0,470.0,17100.0,17100.0,16810.0,2305.0
2011.11.11,16420.0,165.0,16660.0,16660.0,16240.0,4947.0
2011.11.10,16255.0,-1065.0,16640.0,16640.0,16195.0,7567.0
2011.11.09,17320.0,170.0,17630.0,17630.0,17190.0,2453.0
2011.11.08,17150.0,-300.0,17500.0,17695.0,17150.0,3978.0
2011.11.07,17450.0,170.0,17250.0,17590.0,17185.0,3484.0
2011.11.04,17280.0,550.0,17250.0,17400.0,17100.0,4086.0
2011.11.03,16730.0,-605.0,17400.0,17400.0,16685.0,5196.0
2011.11.02,17335.0,-765.0,17600.0,17600.0,16950.0,10678.0
2011.11.01,18100.0,-250.0,17760.0,18260.0,17520.0,6715.0
2011.10.31,18350.0,-160.0,18640.0,18925.0,18265.0,6080.0
2011.10.28,18510.0,490.0,19085.0,19140.0,18500.0,17570.0
2011.10.27,18020.0,1070.0,17035.0,18020.0,16925.0,8213.0
2011.10.26,16950.0,-150.0,16920.0,16955.0,16620.0,2994.0
2011.10.25,17100.0,55.0,17180.0,17330.0,16935.0,4950.0
2011.10.24,17045.0,865.0,16300.0,17100.0,16300.0,5266.0
2011.10.21,16180.0,55.0,16650.0,16650.0,16025.0,2341.0
2011.10.20,16125.0,-735.0,16860.0,17150.0,16105.0,2889.0
2011.10.19,16860.0,-145.0,17120.0,17120.0,16740.0,2051.0
2011.10.18,17005.0,-465.0,17095.0,17190.0,16985.0,3338.0
2011.10.17,17470.0,155.0,17475.0,17700.0,17385.0,2645.0
2011.10.14,17315.0,-120.0,17400.0,17420.0,16900.0,4959.0
2011.10.13,17435.0,50.0,17700.0,17900.0,17420.0,4002.0
2011.10.12,17385.0,80.0,17305.0,17650.0,17005.0,3510.0
2011.10.11,17305.0,405.0,17600.0,17745.0,17260.0,4472.0
2011.10.10,16900.0,590.0,16480.0,17250.0,16480.0,2740.0
2011.10.07,16310.0,835.0,15800.0,16700.0,15700.0,7240.0
2011.10.06,15475.0,860.0,15000.0,15900.0,15000.0,28505.0
2011.10.05,14615.0,-625.0,15240.0,15400.0,14490.0,3236.0
2011.10.04,15240.0,-935.0,16135.0,16135.0,14800.0,20453.0
2011.09.30,16175.0,350.0,15795.0,16495.0,15795.0,28441.0
2011.09.29,15825.0,570.0,14675.0,16030.0,14675.0,24138.0
2011.09.28,15255.0,-175.0,16000.0,16000.0,15195.0,29906.0
2011.09.27,15430.0,1530.0,14500.0,15575.0,14500.0,12022.0
2011.09.26,13900.0,-1355.0,15300.0,15500.0,13900.0,8506.0
2011.09.23,15255.0,-1805.0,16770.0,16770.0,15255.0,11215.0
2011.09.22,17060.0,-810.0,17250.0,17600.0,16890.0,3713.0
2011.09.21,17870.0,110.0,18000.0,18120.0,17565.0,4234.0
2011.09.20,17760.0,60.0,17365.0,17850.0,17365.0,4066.0
2011.09.19,17700.0,-55.0,17770.0,18045.0,17630.0,60298.0
2011.09.16,17755.0,950.0,16930.0,17790.0,16930.0,10350.0
2011.09.15,16805.0,-180.0,17225.0,17620.0,16315.0,4722.0
2011.09.14,16985.0,-1125.0,17910.0,18040.0,16900.0,7188.0
2011.09.09,18110.0,-530.0,18600.0,18600.0,18110.0,12731.0
2011.09.08,18640.0,270.0,18700.0,18970.0,18490.0,12726.0
2011.09.07,18370.0,465.0,18110.0,18480.0,18020.0,3370.0
2011.09.06,17905.0,-105.0,17700.0,18195.0,17310.0,19549.0
2011.09.05,18010.0,-1505.0,18675.0,19000.0,17925.0,5859.0
2011.09.02,19515.0,-480.0,19810.0,20430.0,19010.0,5544.0
2011.09.01,19995.0,-50.0,20050.0,20780.0,19805.0,17719.0
2011.08.31,20045.0,290.0,19765.0,20045.0,19580.0,4618.0
2011.08.30,19755.0,180.0,20495.0,20495.0,19700.0,29669.0
2011.08.29,19575.0,1250.0,18650.0,19675.0,18555.0,7910.0
2011.08.26,18325.0,140.0,18135.0,18455.0,17970.0,4821.0
2011.08.25,18185.0,580.0,18300.0,18450.0,18050.0,15134.0
2011.08.24,17605.0,-45.0,17795.0,18310.0,17600.0,22773.0
2011.08.23,17650.0,825.0,16885.0,17695.0,16885.0,24114.0
2011.08.22,16825.0,-470.0,16720.0,17700.0,16640.0,35322.0
2011.08.19,17295.0,-2340.0,19005.0,19005.0,17235.0,15019.0
2011.08.18,19635.0,-1120.0,20735.0,20735.0,19400.0,8868.0
2011.08.17,20755.0,135.0,20620.0,21005.0,20310.0,7249.0
2011.08.16,20620.0,1000.0,20500.0,20700.0,20295.0,4792.0
2011.08.12,19620.0,-145.0,20390.0,20395.0,19620.0,2697.0
2011.08.11,19765.0,-45.0,18500.0,20060.0,18420.0,8630.0
2011.08.10,19810.0,290.0,22425.0,22425.0,19700.0,9986.0
2011.08.09,19520.0,-195.0,19115.0,19840.0,17500.0,19928.0
2011.08.08,19715.0,-955.0,20215.0,20855.0,18400.0,38910.0
2011.08.05,20670.0,-1695.0,19995.0,21400.0,19995.0,16004.0
2011.08.04,22365.0,-1105.0,24200.0,24200.0,22325.0,8241.0
2011.08.03,23470.0,-1470.0,24200.0,24200.0,23380.0,15322.0
2011.08.02,24940.0,-410.0,25385.0,25400.0,24780.0,6065.0
2011.08.01,25350.0,570.0,24800.0,25685.0,24800.0,6557.0
2011.07.29,24780.0,-480.0,25370.0,25370.0,24780.0,11212.0
2011.07.28,25260.0,-340.0,25110.0,25500.0,25070.0,5401.0
2011.07.27,25600.0,195.0,25330.0,25805.0,25330.0,6577.0
2011.07.26,25405.0,210.0,25110.0,25500.0,25065.0,17095.0
2011.07.25,25195.0,-555.0,25750.0,25750.0,25050.0,10871.0
2011.07.22,25750.0,580.0,25230.0,25770.0,25100.0,9459.0
2011.07.21,25170.0,-730.0,25800.0,25850.0,24925.0,13659.0
2011.07.20,25900.0,-790.0,26975.0,27080.0,25810.0,33995.0
2011.07.19,26690.0,-105.0,26945.0,26945.0,26610.0,5903.0
2011.07.18,26795.0,-355.0,27200.0,27200.0,26775.0,7062.0
2011.07.15,27150.0,55.0,26920.0,27340.0,26905.0,4022.0
2011.07.14,27095.0,-395.0,27490.0,27490.0,26915.0,7027.0
2011.07.13,27490.0,240.0,26955.0,27490.0,26835.0,13170.0
2011.07.12,27250.0,-645.0,27760.0,27760.0,27150.0,4104.0
2011.07.11,27895.0,-700.0,28700.0,28700.0,27785.0,6316.0
2011.07.08,28595.0,-265.0,28900.0,29085.0,28530.0,9774.0
2011.07.07,28860.0,520.0,28340.0,28860.0,28340.0,8059.0
2011.07.06,28340.0,475.0,27800.0,28520.0,27745.0,9891.0
2011.07.05,27865.0,-275.0,28260.0,28300.0,27400.0,8697.0
2011.07.04,28140.0,25.0,28500.0,28610.0,28100.0,3814.0
2011.07.01,28115.0,65.0,28220.0,28420.0,28045.0,8279.0
2011.06.30,28050.0,170.0,27905.0,28105.0,27800.0,18617.0
2011.06.29,27880.0,770.0,27300.0,27900.0,27300.0,125534.0
2011.06.28,27110.0,-50.0,27400.0,27610.0,27110.0,2800.0
2011.06.27,27160.0,-325.0,27480.0,27480.0,26915.0,4779.0
2011.06.24,27485.0,-165.0,27620.0,27660.0,27115.0,5011.0
2011.06.23,27650.0,-100.0,27645.0,27800.0,27000.0,3605.0
2011.06.22,27750.0,800.0,27200.0,27920.0,27200.0,166309.0
2011.06.21,26950.0,580.0,26455.0,27095.0,26455.0,6099.0
2011.06.20,26370.0,-420.0,26790.0,27125.0,26280.0,3078.0
2011.06.17,26790.0,-160.0,27000.0,27260.0,26190.0,5866.0
2011.06.16,26950.0,-1330.0,28280.0,28280.0,26950.0,8723.0
2011.06.15,28280.0,30.0,28510.0,28655.0,28200.0,4318.0
2011.06.14,28250.0,560.0,28100.0,28400.0,27595.0,5361.0
2011.06.13,27690.0,390.0,27285.0,27900.0,27135.0,5591.0
2011.06.10,27300.0,-445.0,27745.0,28230.0,27300.0,9830.0
2011.06.09,27745.0,-320.0,27950.0,28000.0,27470.0,5956.0
2011.06.08,28065.0,-635.0,28670.0,28850.0,27505.0,7667.0
2011.06.07,28700.0,-730.0,29430.0,29430.0,28700.0,5822.0
2011.06.03,29430.0,180.0,29290.0,29820.0,29290.0,12813.0
2011.06.02,29250.0,325.0,28805.0,29400.0,28105.0,26547.0
2011.06.01,28925.0,620.0,28410.0,29245.0,28410.0,13301.0
2011.05.31,28305.0,845.0,27570.0,28370.0,27495.0,98193.0
2011.05.30,27460.0,640.0,27000.0,27480.0,27000.0,2271.0
2011.05.27,26820.0,310.0,26510.0,26960.0,26245.0,6633.0
2011.05.26,26510.0,1105.0,25320.0,26510.0,25320.0,6524.0
2011.05.25,25405.0,-695.0,26300.0,26530.0,25400.0,46719.0
2011.05.24,26100.0,-70.0,26000.0,26200.0,25545.0,24589.0
2011.05.23,26170.0,-1610.0,27500.0,27500.0,26170.0,51740.0
2011.05.20,27780.0,450.0,27350.0,27865.0,27120.0,3448.0
2011.05.19,27330.0,-830.0,28170.0,28300.0,27330.0,7668.0
2011.05.18,28160.0,1360.0,26800.0,28190.0,26800.0,7501.0
2011.05.17,26800.0,-550.0,27090.0,27350.0,26580.0,5227.0
2011.05.16,27350.0,170.0,27175.0,27400.0,26855.0,7111.0
2011.05.13,27180.0,-395.0,28390.0,28390.0,26855.0,7645.0
2011.05.12,27575.0,-790.0,28310.0,28310.0,27455.0,7898.0
2011.05.11,28365.0,930.0,27695.0,28450.0,27430.0,9607.0
2011.05.09,27435.0,-25.0,27480.0,27780.0,27050.0,9213.0
2011.05.06,27460.0,-1210.0,27790.0,28385.0,27005.0,264055.0
2011.05.04,28670.0,-850.0,29570.0,29600.0,28345.0,13609.0
2011.05.03,29520.0,-930.0,30450.0,30955.0,29115.0,17633.0
2011.05.02,30450.0,390.0,30085.0,30460.0,29810.0,12245.0
2011.04.29,30060.0,-420.0,30530.0,30750.0,30035.0,11289.0
2011.04.28,30480.0,525.0,30150.0,31050.0,30000.0,14452.0
2011.04.27,30195.0,570.0,30000.0,30750.0,30000.0,21404.0
2011.04.26,29625.0,-175.0,29850.0,30940.0,29550.0,33782.0
2011.04.25,29800.0,1655.0,28180.0,29825.0,28075.0,34027.0
2011.04.22,28145.0,-320.0,28300.0,28530.0,27625.0,22879.0
2011.04.21,28465.0,930.0,27795.0,28480.0,27535.0,20451.0
2011.04.20,27535.0,-300.0,27835.0,27945.0,27100.0,27903.0
2011.04.19,27835.0,-1090.0,28900.0,28900.0,27690.0,26156.0
2011.04.18,28925.0,100.0,28825.0,29365.0,28510.0,14300.0
2011.04.15,28825.0,-365.0,29190.0,29360.0,28650.0,9208.0
2011.04.14,29190.0,400.0,28795.0,29215.0,28520.0,37832.0
2011.04.13,28790.0,325.0,28200.0,28920.0,27700.0,136055.0
2011.04.12,28465.0,-690.0,29155.0,29590.0,28100.0,13428.0
2011.04.11,29155.0,45.0,29155.0,29820.0,28825.0,53067.0
2011.04.08,29110.0,1030.0,28010.0,29250.0,28010.0,19350.0
2011.04.07,28080.0,765.0,27345.0,28085.0,27345.0,14536.0
2011.04.06,27315.0,620.0,26700.0,27600.0,26530.0,10660.0
2011.04.05,26695.0,395.0,26305.0,26735.0,26210.0,4426.0
2011.04.04,26300.0,-245.0,26550.0,26640.0,26200.0,12905.0
2011.04.01,26545.0,290.0,26330.0,26625.0,26225.0,10908.0
2011.03.31,26255.0,120.0,26640.0,26640.0,25995.0,9575.0
2011.03.30,26135.0,1005.0,25230.0,26200.0,25230.0,20224.0
2011.03.29,25130.0,-135.0,25400.0,25550.0,25020.0,12459.0
2011.03.28,25265.0,-1065.0,26430.0,26430.0,25015.0,20260.0
2011.03.25,26330.0,-10.0,26560.0,26635.0,26325.0,4420.0
2011.03.24,26340.0,380.0,25960.0,26410.0,25960.0,5115.0
2011.03.23,25960.0,-420.0,26420.0,26625.0,25900.0,10763.0
2011.03.22,26380.0,685.0,26350.0,26380.0,25905.0,18413.0
2011.03.21,25695.0,665.0,25450.0,25760.0,25310.0,6986.0
2011.03.18,25030.0,155.0,24875.0,25390.0,24800.0,4346.0
2011.03.17,24875.0,735.0,23420.0,24960.0,23420.0,11763.0
2011.03.16,24140.0,1265.0,22875.0,24140.0,22875.0,10251.0
2011.03.15,22875.0,5.0,22870.0,23640.0,21960.0,11876.0
2011.03.14,22870.0,-1050.0,23920.0,23920.0,22500.0,29181.0
2011.03.11,23920.0,-675.0,24400.0,24400.0,23620.0,44969.0
2011.03.10,24595.0,-355.0,25000.0,25000.0,24480.0,4437.0
2011.03.09,24950.0,-395.0,25485.0,25550.0,24805.0,5600.0
2011.03.08,25345.0,635.0,24600.0,25370.0,24600.0,4144.0
2011.03.07,24710.0,-490.0,25380.0,25460.0,24710.0,2905.0
2011.03.04,25200.0,560.0,24800.0,25345.0,24800.0,8071.0
2011.03.03,24640.0,750.0,23990.0,24640.0,23890.0,3874.0
2011.03.02,23890.0,-800.0,24600.0,24640.0,23800.0,4933.0
2011.02.28,24690.0,-665.0,25355.0,25355.0,24650.0,5365.0
2011.02.25,25355.0,260.0,25250.0,25370.0,24925.0,3096.0
2011.02.24,25095.0,140.0,25200.0,25390.0,24760.0,25430.0
2011.02.23,24955.0,-150.0,24630.0,25390.0,24525.0,5386.0
2011.02.22,25105.0,-605.0,25710.0,25710.0,24790.0,28598.0
2011.02.21,25710.0,575.0,25380.0,25780.0,25135.0,13517.0
2011.02.18,25135.0,1385.0,24100.0,25170.0,23920.0,12702.0
2011.02.17,23750.0,-965.0,24710.0,24930.0,23390.0,31805.0
2011.02.16,24715.0,-1120.0,25510.0,26050.0,24700.0,31598.0
2011.02.15,25835.0,610.0,25375.0,26050.0,25375.0,8285.0
2011.02.14,25225.0,-355.0,25700.0,26280.0,25000.0,29470.0
2011.02.11,25580.0,-390.0,26190.0,26320.0,25520.0,10143.0
2011.02.10,25970.0,-350.0,26320.0,26755.0,25755.0,11883.0
2011.02.09,26320.0,-1020.0,27365.0,27365.0,26050.0,33760.0
2011.02.08,27340.0,-1300.0,29240.0,29240.0,27050.0,42556.0
2011.02.07,28640.0,-170.0,29155.0,29290.0,28640.0,6150.0
2011.02.01,28810.0,-90.0,29195.0,29250.0,28510.0,7032.0
2011.01.31,28900.0,-780.0,29600.0,29600.0,28790.0,133569.0
2011.01.28,29680.0,-225.0,30200.0,30205.0,29575.0,123967.0
2011.01.27,29905.0,395.0,29725.0,30145.0,29725.0,14921.0
2011.01.26,29510.0,690.0,28500.0,29515.0,28475.0,13179.0
2011.01.25,28820.0,-370.0,29300.0,29600.0,28045.0,251299.0
2011.01.24,29190.0,490.0,28580.0,29330.0,28580.0,18282.0
2011.01.21,28700.0,-960.0,29650.0,29820.0,28590.0,42873.0
2011.01.20,29660.0,-415.0,30350.0,30400.0,29625.0,45245.0
2011.01.19,30075.0,665.0,29410.0,30325.0,29345.0,11616.0
2011.01.18,29410.0,20.0,29400.0,29795.0,29065.0,17478.0
2011.01.17,29390.0,215.0,29180.0,29850.0,29180.0,18245.0
2011.01.14,29175.0,805.0,28380.0,29375.0,27930.0,23133.0
2011.01.13,28370.0,745.0,27705.0,28440.0,27685.0,19398.0
2011.01.12,27625.0,725.0,26900.0,27700.0,26840.0,23387.0
2011.01.11,26900.0,150.0,26750.0,26985.0,26065.0,40250.0
2011.01.10,26750.0,-625.0,27380.0,27400.0,26635.0,27308.0
2011.01.07,27375.0,610.0,26810.0,27385.0,26810.0,31315.0
2011.01.06,26765.0,195.0,26575.0,27385.0,26575.0,10967.0
2011.01.05,26570.0,-205.0,26775.0,26775.0,26370.0,12246.0
2011.01.04,26775.0,575.0,26200.0,26850.0,26200.0,12684.0
2011.01.03,26200.0,-745.0,27195.0,27195.0,26050.0,39366.0
2010.12.30,26945.0,120.0,26760.0,27215.0,26750.0,9714.0
2010.12.29,26825.0,45.0,26885.0,27220.0,26585.0,12383.0
2010.12.28,26780.0,-205.0,26985.0,27120.0,26350.0,16973.0
2010.12.27,26985.0,-155.0,27325.0,27560.0,26785.0,15654.0
2010.12.24,27140.0,1040.0,26200.0,27270.0,26075.0,21465.0
2010.12.23,26100.0,145.0,26320.0,26320.0,25840.0,11220.0
2010.12.22,25955.0,115.0,25615.0,26275.0,25550.0,10938.0
2010.12.21,25840.0,-210.0,26300.0,26650.0,25800.0,16434.0
2010.12.20,26050.0,420.0,25670.0,26130.0,24850.0,20812.0
2010.12.17,25630.0,1060.0,24405.0,25670.0,24405.0,14027.0
2010.12.16,24570.0,-125.0,24700.0,24700.0,24340.0,11579.0
2010.12.15,24695.0,725.0,24100.0,24825.0,24100.0,21372.0
2010.12.14,23970.0,1430.0,22650.0,24100.0,22650.0,13585.0
2010.12.13,22540.0,120.0,22500.0,22700.0,22400.0,8198.0
2010.12.10,22420.0,150.0,22330.0,22690.0,22330.0,9489.0
2010.12.09,22270.0,660.0,21800.0,22325.0,21770.0,6176.0
2010.12.08,21610.0,210.0,21470.0,21690.0,21200.0,6626.0
2010.12.07,21400.0,95.0,21745.0,21745.0,21100.0,7060.0
2010.12.06,21305.0,-805.0,22400.0,22400.0,21280.0,11850.0
2010.12.03,22110.0,-630.0,22900.0,22900.0,21990.0,11807.0
2010.12.02,22740.0,110.0,22800.0,23050.0,22705.0,3587.0
2010.12.01,22630.0,245.0,22300.0,22630.0,22200.0,4231.0
2010.11.30,22385.0,260.0,22875.0,22875.0,22030.0,2837.0
2010.11.29,22125.0,-45.0,22880.0,22880.0,21920.0,6062.0
2010.11.26,22170.0,60.0,22635.0,22845.0,22140.0,13620.0
2010.11.25,22110.0,-160.0,22650.0,22650.0,22010.0,9313.0
2010.11.24,22270.0,-330.0,21460.0,22535.0,21460.0,11201.0
2010.11.23,22600.0,-680.0,23280.0,23280.0,22495.0,6030.0
2010.11.22,23280.0,-120.0,23460.0,23805.0,23240.0,6037.0
2010.11.19,23400.0,390.0,23020.0,23400.0,22945.0,3959.0
2010.11.18,23010.0,450.0,22610.0,23600.0,22530.0,10526.0
2010.11.17,22560.0,400.0,22095.0,22875.0,21850.0,19327.0
2010.11.16,22160.0,-765.0,23145.0,23145.0,21940.0,23870.0
2010.11.15,22925.0,-495.0,23420.0,23445.0,22530.0,13350.0
2010.11.12,23420.0,-720.0,24100.0,24345.0,23350.0,39813.0
2010.11.11,24140.0,290.0,23855.0,24300.0,23750.0,15424.0
2010.11.10,23850.0,305.0,23550.0,23850.0,23345.0,12450.0
2010.11.09,23545.0,135.0,23700.0,23700.0,23300.0,6813.0
2010.11.08,23410.0,-55.0,23470.0,23550.0,23000.0,16420.0
2010.11.05,23465.0,-815.0,24110.0,24230.0,23465.0,65890.0
2010.11.04,24280.0,-385.0,24670.0,24905.0,24250.0,51631.0
2010.11.03,24665.0,355.0,24585.0,24735.0,24350.0,18091.0
2010.11.02,24310.0,855.0,23550.0,24475.0,23550.0,18864.0
2010.11.01,23455.0,25.0,23550.0,23600.0,22900.0,12168.0
2010.10.29,23430.0,-120.0,23830.0,23975.0,23380.0,16563.0
2010.10.28,23550.0,40.0,23355.0,23600.0,23300.0,5174.0
2010.10.27,23510.0,-180.0,23920.0,24100.0,23395.0,11260.0
2010.10.26,23690.0,105.0,23690.0,23925.0,23490.0,9608.0
2010.10.25,23585.0,1100.0,22670.0,23585.0,22600.0,29718.0
2010.10.22,22485.0,645.0,21460.0,22485.0,21460.0,6272.0
2010.10.21,21840.0,30.0,21900.0,22030.0,21685.0,3112.0
2010.10.20,21810.0,25.0,21450.0,21810.0,21270.0,9618.0
2010.10.19,21785.0,-225.0,22180.0,22350.0,21760.0,11321.0
2010.10.18,22010.0,-245.0,22150.0,22150.0,21850.0,7855.0
2010.10.15,22255.0,85.0,22100.0,22255.0,21910.0,4266.0
2010.10.14,22170.0,590.0,21790.0,22170.0,21790.0,4819.0
2010.10.13,21580.0,415.0,21320.0,21590.0,21170.0,4806.0
2010.10.12,21165.0,-285.0,21500.0,21500.0,20900.0,14599.0
2010.10.11,21450.0,-545.0,22230.0,22400.0,21320.0,32060.0
2010.10.08,21995.0,-145.0,22150.0,22500.0,21775.0,9785.0
2010.10.07,22140.0,780.0,21500.0,22430.0,21295.0,14201.0
2010.10.06,21360.0,1165.0,20535.0,21390.0,20450.0,14385.0
2010.10.05,20195.0,-10.0,20010.0,20535.0,20010.0,6698.0
2010.10.04,20205.0,-280.0,20700.0,20700.0,20065.0,101223.0
2010.10.01,20485.0,-420.0,20905.0,21130.0,20465.0,36460.0
2010.09.30,20905.0,210.0,20700.0,21275.0,20595.0,24663.0
2010.09.29,20695.0,-270.0,21190.0,21190.0,20660.0,101810.0
2010.09.28,20965.0,-80.0,21150.0,21310.0,20925.0,70993.0
2010.09.27,21045.0,750.0,20790.0,21155.0,20650.0,10749.0
2010.09.24,20295.0,440.0,19855.0,20330.0,19755.0,4545.0
2010.09.20,19855.0,-10.0,19785.0,20100.0,19500.0,43438.0
2010.09.17,19865.0,20.0,20050.0,20135.0,19600.0,85682.0
2010.09.16,19845.0,-65.0,20000.0,20080.0,19665.0,93444.0
2010.09.15,19910.0,510.0,19390.0,20100.0,19390.0,11160.0
2010.09.14,19400.0,195.0,19215.0,20000.0,19080.0,16081.0
2010.09.13,19205.0,1075.0,18140.0,19215.0,18140.0,9007.0
2010.09.10,18130.0,365.0,17765.0,18140.0,17765.0,7689.0
2010.09.09,17765.0,135.0,17765.0,17765.0,17600.0,1754.0
2010.09.08,17630.0,65.0,17560.0,17700.0,17510.0,1711.0
2010.09.07,17565.0,-205.0,17770.0,17785.0,17565.0,1912.0
2010.09.06,17770.0,-105.0,18170.0,18170.0,17600.0,2924.0
2010.09.03,17875.0,240.0,17635.0,17940.0,17635.0,3858.0
2010.09.02,17635.0,45.0,17635.0,17875.0,17590.0,4039.0
2010.09.01,17590.0,320.0,17270.0,17650.0,17270.0,2935.0
2010.08.31,17270.0,-375.0,17485.0,17525.0,17255.0,1633.0
2010.08.30,17645.0,490.0,17425.0,17695.0,17415.0,1178.0
2010.08.27,17155.0,225.0,16700.0,17200.0,16700.0,2334.0
2010.08.26,16930.0,60.0,17030.0,17030.0,16745.0,797.0
2010.08.25,16870.0,-470.0,17200.0,17245.0,16815.0,1903.0
2010.08.24,17340.0,-435.0,17990.0,17990.0,17290.0,4377.0
2010.08.23,17775.0,120.0,17510.0,17875.0,17510.0,2847.0
2010.08.20,17655.0,-145.0,17745.0,17745.0,17530.0,3083.0
2010.08.19,17800.0,10.0,17790.0,17805.0,17730.0,1757.0
2010.08.18,17790.0,240.0,17425.0,17790.0,17425.0,6349.0
2010.08.17,17550.0,-400.0,17965.0,17975.0,17520.0,3207.0
2010.08.16,17950.0,290.0,17590.0,17950.0,17125.0,1374.0
2010.08.13,17660.0,305.0,17200.0,17660.0,17200.0,2752.0
2010.08.12,17355.0,-340.0,16910.0,17500.0,16910.0,4067.0
2010.08.11,17695.0,-60.0,17600.0,17830.0,17595.0,3401.0
2010.08.10,17755.0,200.0,17505.0,17810.0,17505.0,4049.0
2010.08.09,17555.0,385.0,17150.0,17580.0,17150.0,8355.0
2010.08.06,17170.0,255.0,16820.0,17180.0,16745.0,4141.0
2010.08.05,16915.0,180.0,16840.0,16990.0,16795.0,1986.0
2010.08.04,16735.0,155.0,16980.0,16980.0,16655.0,1658.0
2010.08.03,16580.0,-90.0,16800.0,16845.0,16530.0,4399.0
2010.08.02,16670.0,-35.0,16640.0,16935.0,16640.0,1434.0
2010.07.30,16705.0,-50.0,16700.0,16770.0,16500.0,1470.0
2010.07.29,16755.0,-80.0,16780.0,16790.0,16620.0,3433.0
2010.07.28,16835.0,-65.0,16900.0,16975.0,16745.0,3533.0
2010.07.27,16900.0,-50.0,16890.0,17050.0,16890.0,1846.0
2010.07.26,16950.0,65.0,16980.0,16980.0,16700.0,2825.0
2010.07.23,16885.0,160.0,16900.0,17015.0,16800.0,4030.0
2010.07.22,16725.0,515.0,16350.0,16760.0,16290.0,5405.0
2010.07.21,16210.0,290.0,16080.0,16335.0,16080.0,1621.0
2010.07.20,15920.0,100.0,15940.0,16005.0,15840.0,569.0
2010.07.19,15820.0,-290.0,16165.0,16165.0,15670.0,2320.0
2010.07.16,16110.0,-190.0,16150.0,16325.0,16030.0,1334.0
2010.07.15,16300.0,-155.0,16355.0,16455.0,16005.0,3385.0
2010.07.14,16455.0,440.0,15900.0,16555.0,15900.0,5522.0
2010.07.13,16015.0,100.0,15915.0,16070.0,15915.0,1749.0
2010.07.12,15915.0,55.0,16035.0,16035.0,15790.0,2456.0
2010.07.09,15860.0,10.0,16000.0,16150.0,15760.0,2716.0
2010.07.08,15850.0,300.0,15700.0,16010.0,15605.0,1556.0
2010.07.07,15550.0,60.0,15670.0,15670.0,15370.0,1720.0
2010.07.06,15490.0,-65.0,15650.0,15650.0,15150.0,3324.0
2010.07.05,15555.0,545.0,15300.0,15625.0,15300.0,9419.0
2010.07.02,15010.0,340.0,15250.0,15250.0,14750.0,2299.0
2010.07.01,14670.0,-170.0,14780.0,14780.0,14415.0,3196.0
2010.06.30,14840.0,-190.0,14900.0,14900.0,14705.0,4927.0
2010.06.29,15030.0,-475.0,15495.0,15495.0,14995.0,7826.0
2010.06.28,15505.0,75.0,15550.0,15550.0,15410.0,2296.0
2010.06.25,15430.0,-60.0,15400.0,15490.0,15295.0,1623.0
2010.06.24,15490.0,160.0,15330.0,15595.0,15250.0,5035.0
2010.06.23,15330.0,-25.0,15355.0,15490.0,15180.0,1673.0
2010.06.22,15355.0,120.0,15215.0,15500.0,15100.0,4741.0
2010.06.21,15235.0,580.0,15050.0,15300.0,15010.0,2604.0
2010.06.18,14655.0,5.0,15050.0,15050.0,14650.0,282.0
2010.06.17,14650.0,-90.0,14650.0,14985.0,14650.0,1381.0
2010.06.16,14740.0,40.0,14895.0,14895.0,14740.0,1883.0
2010.06.15,14700.0,-10.0,14900.0,14900.0,14530.0,2312.0
2010.06.14,14710.0,190.0,14695.0,14710.0,14525.0,7945.0
2010.06.11,14520.0,510.0,14080.0,14520.0,14080.0,8315.0
2010.06.10,14010.0,440.0,13645.0,14045.0,13500.0,2099.0
2010.06.09,13570.0,-155.0,14160.0,14160.0,13505.0,3193.0
2010.06.08,13725.0,-50.0,13710.0,13750.0,13600.0,2459.0
2010.06.07,13775.0,-470.0,13880.0,13880.0,13655.0,4328.0
2010.06.04,14245.0,-50.0,14300.0,14535.0,14245.0,7477.0
2010.06.03,14295.0,350.0,14030.0,14295.0,14030.0,2784.0
2010.06.01,13945.0,-105.0,14055.0,14055.0,13845.0,3557.0
2010.05.31,14050.0,160.0,14150.0,14150.0,13855.0,889.0
2010.05.28,13890.0,220.0,13800.0,13900.0,13725.0,2172.0
2010.05.27,13670.0,205.0,13465.0,13670.0,13295.0,4450.0
2010.05.26,13465.0,90.0,13500.0,13615.0,13245.0,684.0
2010.05.25,13375.0,-440.0,13620.0,13815.0,13080.0,4203.0
2010.05.24,13815.0,340.0,13600.0,13870.0,13570.0,3061.0
2010.05.20,13475.0,-710.0,14500.0,14500.0,13360.0,9079.0
2010.05.19,14185.0,-325.0,14450.0,14450.0,14035.0,2090.0
2010.05.18,14510.0,310.0,14200.0,14510.0,14025.0,6927.0
2010.05.17,14200.0,-700.0,14510.0,14600.0,14135.0,7287.0
2010.05.14,14900.0,-365.0,15100.0,15100.0,14820.0,2946.0
2010.05.13,15265.0,65.0,15250.0,15355.0,15200.0,1548.0
2010.05.12,15200.0,-370.0,16105.0,16105.0,15095.0,3831.0
2010.05.11,15570.0,-325.0,16030.0,16030.0,15470.0,2471.0
2010.05.10,15895.0,420.0,15280.0,15895.0,15280.0,4554.0
2010.05.07,15475.0,-330.0,15600.0,15600.0,15110.0,5127.0
2010.05.06,15805.0,-540.0,15600.0,15975.0,15600.0,4920.0
2010.05.04,16345.0,-30.0,16280.0,16520.0,16280.0,1188.0
2010.05.03,16375.0,-225.0,16565.0,16565.0,16265.0,2335.0
2010.04.30,16600.0,-90.0,16650.0,16810.0,16560.0,4999.0
2010.04.29,16690.0,-265.0,16980.0,16985.0,16455.0,11651.0
2010.04.28,17145.0,-205.0,16720.0,17220.0,16720.0,3421.0
2010.04.27,17350.0,70.0,17280.0,17350.0,17130.0,2208.0
2010.04.26,17280.0,90.0,17250.0,17465.0,17250.0,1649.0
2010.04.23,17190.0,-410.0,18000.0,18000.0,17180.0,6809.0
2010.04.22,17600.0,-25.0,17625.0,17660.0,17470.0,2704.0
2010.04.21,17625.0,505.0,17410.0,17625.0,17405.0,3078.0
2010.04.20,17120.0,15.0,17285.0,17410.0,17100.0,7186.0
2010.04.19,17105.0,-10.0,16875.0,17250.0,16875.0,8263.0
2010.04.16,17115.0,130.0,17000.0,17295.0,16985.0,5129.0
2010.04.15,16985.0,375.0,16750.0,17030.0,16750.0,8845.0
2010.04.14,16610.0,670.0,16090.0,16665.0,16090.0,6092.0
2010.04.13,15940.0,-85.0,16180.0,16180.0,15875.0,1298.0
2010.04.12,16025.0,245.0,16240.0,16240.0,15925.0,2452.0
2010.04.09,15780.0,-115.0,15810.0,15810.0,15640.0,1108.0
2010.04.08,15895.0,20.0,15615.0,15895.0,15615.0,868.0
2010.04.07,15875.0,115.0,15760.0,15875.0,15760.0,716.0
2010.04.06,15760.0,90.0,15650.0,15760.0,15600.0,8586.0
2010.04.05,15670.0,-530.0,16255.0,16255.0,15515.0,5164.0
2010.04.02,16200.0,-265.0,16470.0,16470.0,16030.0,2263.0
2010.04.01,16465.0,5.0,16455.0,16500.0,16400.0,912.0
2010.03.31,16460.0,150.0,16430.0,16470.0,16355.0,2908.0
2010.03.30,16310.0,200.0,16115.0,16425.0,16115.0,3968.0
2010.03.29,16110.0,75.0,16000.0,16240.0,15875.0,2732.0
2010.03.26,16035.0,230.0,15950.0,16055.0,15780.0,2288.0
2010.03.25,15805.0,-260.0,15900.0,16035.0,15715.0,1563.0
2010.03.24,16065.0,-275.0,16410.0,16450.0,15990.0,2967.0
2010.03.23,16340.0,50.0,16290.0,16410.0,16285.0,1652.0
2010.03.22,16290.0,90.0,15950.0,16290.0,15950.0,4930.0
2010.03.19,16200.0,160.0,16040.0,16205.0,15885.0,1815.0
2010.03.18,16040.0,-125.0,15935.0,16120.0,15935.0,2805.0
2010.03.17,16165.0,85.0,16100.0,16240.0,15990.0,2820.0
2010.03.16,16080.0,-55.0,16135.0,16225.0,15880.0,1738.0
2010.03.15,16135.0,95.0,15940.0,16140.0,15940.0,1873.0
2010.03.12,16040.0,240.0,15890.0,16070.0,15890.0,6307.0
2010.03.11,15800.0,-60.0,15930.0,15935.0,15765.0,2595.0
2010.03.10,15860.0,80.0,15830.0,16005.0,15830.0,6372.0
2010.03.09,15780.0,70.0,15750.0,15850.0,15585.0,1521.0
2010.03.08,15710.0,480.0,15400.0,15755.0,15300.0,8420.0
2010.03.05,15230.0,230.0,15150.0,15295.0,15150.0,1082.0
2010.03.04,15000.0,100.0,14845.0,15085.0,14845.0,916.0
2010.03.03,14900.0,160.0,14710.0,14965.0,14710.0,2089.0
2010.03.02,14740.0,30.0,14930.0,14975.0,14695.0,836.0
2010.02.26,14710.0,-140.0,14920.0,15000.0,14695.0,1509.0
2010.02.25,14850.0,-460.0,15400.0,15400.0,14800.0,2152.0
2010.02.24,15310.0,-15.0,14870.0,15375.0,14870.0,1826.0
2010.02.23,15325.0,20.0,15305.0,15325.0,15210.0,997.0
2010.02.22,15305.0,535.0,15000.0,15320.0,15000.0,6804.0
2010.02.19,14770.0,-180.0,14955.0,15100.0,14700.0,1731.0
2010.02.18,14950.0,-45.0,14980.0,15030.0,14905.0,994.0
2010.02.17,14995.0,5.0,15100.0,15225.0,14975.0,3520.0
2010.02.16,14990.0,95.0,14895.0,15115.0,14765.0,2387.0
2010.02.12,14895.0,15.0,15000.0,15370.0,14880.0,5399.0
2010.02.11,14880.0,790.0,14190.0,14915.0,14100.0,10313.0
2010.02.10,14090.0,115.0,14095.0,14095.0,13795.0,4278.0
2010.02.09,13975.0,125.0,13800.0,14095.0,13800.0,3175.0
2010.02.08,13850.0,-350.0,13940.0,14200.0,13845.0,2000.0
2010.02.05,14200.0,-275.0,13850.0,14220.0,13850.0,3857.0
2010.02.04,14475.0,40.0,14400.0,14510.0,14295.0,1376.0
2010.02.03,14435.0,235.0,14450.0,14495.0,14260.0,1034.0
2010.02.02,14200.0,0.0,14210.0,14345.0,14110.0,2764.0
2010.02.01,14200.0,455.0,13740.0,14200.0,13710.0,2271.0
2010.01.29,13745.0,-620.0,14365.0,14365.0,13745.0,3439.0
2010.01.28,14365.0,-185.0,14555.0,14610.0,14105.0,3302.0
2010.01.27,14550.0,-420.0,14505.0,14935.0,14505.0,2391.0
2010.01.26,14970.0,-260.0,15260.0,15315.0,14900.0,7260.0
2010.01.25,15230.0,-315.0,15500.0,15500.0,15155.0,4826.0
2010.01.22,15545.0,-470.0,15800.0,15805.0,15395.0,11807.0
2010.01.21,16015.0,55.0,15600.0,16080.0,15585.0,15788.0
2010.01.20,15960.0,-365.0,16325.0,16355.0,15730.0,9724.0
2010.01.19,16325.0,35.0,16380.0,16515.0,15750.0,1588.0
2010.01.18,16290.0,90.0,16200.0,16730.0,16150.0,11257.0
2010.01.15,16200.0,1110.0,15200.0,16220.0,15200.0,8703.0
2010.01.14,15090.0,290.0,14800.0,15415.0,14800.0,6548.0
2010.01.13,14800.0,-485.0,15285.0,15285.0,14750.0,12400.0
2010.01.12,15285.0,-340.0,15405.0,15545.0,15285.0,7488.0
2010.01.11,15625.0,135.0,15850.0,15850.0,15305.0,7594.0
2010.01.08,15490.0,540.0,14955.0,15840.0,14955.0,26791.0
2010.01.07,14950.0,1070.0,13880.0,15660.0,13880.0,20165.0
2010.01.06,13880.0,515.0,13365.0,13880.0,13365.0,16823.0
2010.01.05,13365.0,-40.0,13305.0,13365.0,13245.0,5354.0
2010.01.04,13405.0,-100.0,13500.0,13505.0,13385.0,1334.0
2009.12.30,13505.0,-65.0,13570.0,13600.0,13400.0,3939.0
2009.12.29,13570.0,330.0,13155.0,13745.0,13155.0,14359.0
2009.12.28,13240.0,160.0,13300.0,13300.0,13025.0,4684.0
2009.12.24,13080.0,150.0,12930.0,13110.0,12900.0,1964.0
2009.12.23,12930.0,-115.0,12930.0,13045.0,12890.0,4133.0
2009.12.22,13045.0,75.0,12970.0,13100.0,12955.0,2001.0
2009.12.21,12970.0,-85.0,12805.0,13125.0,12805.0,1582.0
2009.12.18,13055.0,-220.0,13040.0,13240.0,13040.0,4598.0
2009.12.17,13275.0,-125.0,13385.0,13385.0,13235.0,887.0
2009.12.16,13400.0,105.0,13280.0,13430.0,13220.0,3352.0
2009.12.15,13295.0,50.0,13245.0,13295.0,13140.0,2231.0
2009.12.14,13245.0,-35.0,13395.0,13395.0,13120.0,4576.0
2009.12.11,13280.0,470.0,12810.0,13320.0,12810.0,5325.0
2009.12.10,12810.0,130.0,12680.0,12810.0,12665.0,1875.0
2009.12.09,12680.0,240.0,12330.0,12680.0,12330.0,5446.0
2009.12.08,12440.0,65.0,12410.0,12440.0,12305.0,1908.0
2009.12.07,12375.0,110.0,12300.0,12400.0,12245.0,3038.0
2009.12.04,12265.0,260.0,12100.0,12265.0,12020.0,5776.0
2009.12.03,12005.0,435.0,11750.0,12005.0,11655.0,1824.0
2009.12.02,11570.0,70.0,11500.0,11675.0,11500.0,11456.0
2009.12.01,11500.0,-55.0,11555.0,11555.0,11330.0,3533.0
2009.11.30,11555.0,285.0,11305.0,11655.0,11305.0,4567.0
2009.11.27,11270.0,-1025.0,12150.0,12170.0,11240.0,14718.0
2009.11.26,12295.0,-155.0,12400.0,12515.0,12270.0,2366.0
2009.11.25,12450.0,105.0,12695.0,12695.0,12310.0,2392.0
2009.11.24,12345.0,-105.0,12480.0,12490.0,12330.0,3141.0
2009.11.23,12450.0,-140.0,12590.0,12590.0,12400.0,4221.0
2009.11.20,12590.0,155.0,12550.0,12590.0,12465.0,3734.0
2009.11.19,12435.0,-165.0,12600.0,12600.0,12310.0,3230.0
2009.11.18,12600.0,100.0,12530.0,12665.0,12355.0,2359.0
2009.11.17,12500.0,-5.0,12515.0,12600.0,12420.0,2234.0
2009.11.16,12505.0,-245.0,12900.0,12900.0,12500.0,1674.0
2009.11.13,12750.0,-15.0,12800.0,12800.0,12430.0,2618.0
2009.11.12,12765.0,285.0,12500.0,12850.0,12500.0,2451.0
2009.11.11,12480.0,60.0,12420.0,12500.0,12415.0,547.0
2009.11.10,12420.0,-235.0,12695.0,12695.0,12405.0,2604.0
2009.11.09,12655.0,55.0,12700.0,12720.0,12605.0,1722.0
2009.11.06,12600.0,55.0,12850.0,12850.0,12600.0,1078.0
2009.11.05,12545.0,-235.0,12850.0,12850.0,12510.0,5066.0
2009.11.04,12780.0,270.0,12630.0,12780.0,12535.0,3826.0
2009.11.03,12510.0,-95.0,12610.0,12610.0,12450.0,2191.0
2009.11.02,12605.0,70.0,12160.0,12690.0,12155.0,3567.0
2009.10.30,12535.0,370.0,12390.0,12725.0,12390.0,12706.0
2009.10.29,12165.0,-460.0,12375.0,12375.0,12040.0,14381.0
2009.10.28,12625.0,-545.0,13200.0,13240.0,12625.0,27736.0
2009.10.27,13170.0,-345.0,13505.0,13505.0,13135.0,7218.0
2009.10.26,13515.0,-355.0,13860.0,13860.0,13480.0,6441.0
2009.10.23,13870.0,110.0,13860.0,13870.0,13675.0,7659.0
2009.10.22,13760.0,-340.0,14005.0,14005.0,13730.0,32403.0
2009.10.21,14100.0,40.0,13955.0,14190.0,13940.0,3271.0
2009.10.20,14060.0,330.0,13740.0,14060.0,13740.0,3969.0
2009.10.19,13730.0,25.0,13735.0,13735.0,13440.0,2588.0
2009.10.16,13705.0,105.0,13605.0,13905.0,13605.0,2590.0
2009.10.15,13600.0,30.0,13570.0,13725.0,13570.0,2258.0
2009.10.14,13570.0,100.0,13550.0,13595.0,13490.0,5815.0
2009.10.13,13470.0,-485.0,13850.0,13850.0,13390.0,10068.0
2009.10.12,13955.0,-55.0,14150.0,14150.0,13920.0,3130.0
2009.10.09,14010.0,95.0,13910.0,14050.0,13740.0,5728.0
2009.10.08,13915.0,135.0,13850.0,13915.0,13680.0,3868.0
2009.10.07,13780.0,195.0,13895.0,13900.0,13660.0,1669.0
2009.10.06,13585.0,115.0,13830.0,13830.0,13570.0,4804.0
2009.10.05,13470.0,115.0,13350.0,13805.0,13200.0,15509.0
2009.10.01,13355.0,-595.0,14070.0,14075.0,13355.0,24162.0
2009.09.30,13950.0,-1305.0,15280.0,15380.0,13495.0,68790.0
2009.09.29,15255.0,55.0,15300.0,15350.0,15175.0,1796.0
2009.09.28,15200.0,-165.0,15200.0,15215.0,14965.0,3153.0
2009.09.25,15365.0,-65.0,15425.0,15425.0,15055.0,7739.0
2009.09.24,15430.0,-285.0,15715.0,15730.0,15320.0,9390.0
2009.09.23,15715.0,-480.0,16195.0,16195.0,15700.0,5835.0
2009.09.22,16195.0,-45.0,16350.0,16400.0,16040.0,5469.0
2009.09.21,16240.0,410.0,15990.0,16305.0,15990.0,10756.0
2009.09.18,15830.0,435.0,15685.0,15905.0,15550.0,29701.0
2009.09.17,15395.0,330.0,15200.0,15410.0,15200.0,3661.0
2009.09.16,15065.0,-45.0,15200.0,15245.0,15040.0,5680.0
2009.09.15,15110.0,55.0,15105.0,15445.0,15080.0,3096.0
2009.09.14,15055.0,-305.0,15400.0,15425.0,15055.0,3517.0
2009.09.11,15360.0,-245.0,15900.0,15900.0,15230.0,3282.0
2009.09.10,15605.0,1010.0,14595.0,15690.0,14595.0,10493.0
2009.09.09,14595.0,-200.0,14795.0,14795.0,14500.0,6066.0
2009.09.08,14795.0,-290.0,15085.0,15120.0,14750.0,5734.0
2009.09.07,15085.0,-65.0,15175.0,15235.0,15075.0,1905.0
2009.09.04,15150.0,0.0,15250.0,15250.0,15045.0,21694.0
2009.09.03,15150.0,60.0,15090.0,15170.0,14995.0,1931.0
2009.09.02,15090.0,-330.0,15300.0,15300.0,15090.0,3235.0
2009.09.01,15420.0,25.0,15575.0,15800.0,15300.0,1274.0
2009.08.31,15395.0,-445.0,15735.0,15810.0,15370.0,3643.0
2009.08.28,15840.0,-5.0,16000.0,16050.0,15710.0,1780.0
2009.08.27,15845.0,-35.0,16000.0,16075.0,15750.0,5163.0
2009.08.26,15880.0,450.0,15430.0,15880.0,15430.0,4311.0
2009.08.25,15430.0,-70.0,15500.0,15540.0,15290.0,4311.0
2009.08.24,15500.0,95.0,15500.0,15560.0,15255.0,4904.0
2009.08.21,15405.0,-360.0,15765.0,16000.0,15350.0,4275.0
2009.08.20,15765.0,-195.0,15960.0,15965.0,15585.0,3251.0
2009.08.19,15960.0,-480.0,16500.0,16500.0,15960.0,5774.0
2009.08.18,16440.0,-235.0,16450.0,16700.0,16140.0,3671.0
2009.08.17,16675.0,-635.0,17305.0,17305.0,16590.0,7801.0
2009.08.14,17310.0,180.0,17300.0,17345.0,17100.0,5183.0
2009.08.13,17130.0,20.0,17295.0,17340.0,17035.0,3538.0
2009.08.12,17110.0,-90.0,17200.0,17210.0,17010.0,4071.0
2009.08.11,17200.0,5.0,17070.0,17260.0,17070.0,4300.0
2009.08.10,17195.0,85.0,17300.0,17340.0,17165.0,8183.0
2009.08.07,17110.0,80.0,16705.0,17150.0,16705.0,2132.0
2009.08.06,17030.0,15.0,17150.0,17150.0,16820.0,1971.0
2009.08.05,17015.0,-170.0,17195.0,17335.0,17015.0,14806.0
2009.08.04,17185.0,-70.0,17400.0,17450.0,17085.0,8451.0
2009.08.03,17255.0,195.0,17130.0,17265.0,16925.0,5445.0
2009.07.31,17060.0,210.0,17000.0,17060.0,16865.0,11128.0
2009.07.30,16850.0,380.0,16470.0,16850.0,16470.0,7069.0
2009.07.29,16470.0,75.0,16440.0,16775.0,16290.0,3510.0
2009.07.28,16395.0,-65.0,16500.0,16700.0,16345.0,2524.0
2009.07.27,16460.0,60.0,16500.0,16515.0,16370.0,5040.0
2009.07.24,16400.0,255.0,16150.0,16400.0,16150.0,2334.0
2009.07.23,16145.0,-185.0,16330.0,16330.0,16030.0,5136.0
2009.07.22,16330.0,360.0,16200.0,16500.0,15950.0,8205.0
2009.07.21,15970.0,255.0,15800.0,16050.0,15800.0,4805.0
2009.07.20,15715.0,455.0,15400.0,15715.0,15300.0,5655.0
2009.07.17,15260.0,140.0,15285.0,15395.0,15230.0,2887.0
2009.07.16,15120.0,670.0,14550.0,15220.0,14550.0,4979.0
2009.07.15,14450.0,245.0,14250.0,14475.0,14250.0,1765.0
2009.07.14,14205.0,-260.0,14550.0,14730.0,14205.0,2885.0
2009.07.13,14465.0,-860.0,15330.0,15330.0,14465.0,5937.0
2009.07.10,15325.0,-260.0,15590.0,15590.0,15295.0,10034.0
2009.07.09,15585.0,-145.0,15850.0,15865.0,15585.0,5272.0
2009.07.08,15730.0,-475.0,16000.0,16065.0,15620.0,10305.0
2009.07.07,16205.0,-85.0,16355.0,16355.0,16090.0,4574.0
2009.07.06,16290.0,115.0,16615.0,16615.0,16175.0,2338.0
2009.07.03,16175.0,285.0,15550.0,16175.0,15550.0,4305.0
2009.07.02,15890.0,-45.0,16250.0,16250.0,15750.0,1922.0
2009.07.01,15935.0,185.0,15600.0,15940.0,15600.0,592.0
2009.06.30,15750.0,270.0,15645.0,15805.0,15645.0,2751.0
2009.06.29,15480.0,-240.0,15720.0,15825.0,15465.0,1529.0
2009.06.26,15720.0,-255.0,16000.0,16100.0,15720.0,4721.0
2009.06.25,15975.0,240.0,15700.0,16040.0,15640.0,639.0
2009.06.24,15735.0,165.0,15575.0,15780.0,15510.0,767.0
2009.06.23,15570.0,-630.0,16050.0,16050.0,15570.0,2732.0
2009.06.22,16200.0,50.0,16150.0,16200.0,15970.0,2025.0
2009.06.19,16150.0,65.0,16400.0,16400.0,15890.0,1193.0
2009.06.18,16085.0,-290.0,16375.0,16520.0,16085.0,2156.0
2009.06.17,16375.0,-455.0,16830.0,16830.0,16330.0,1291.0
2009.06.16,16830.0,-145.0,16900.0,17095.0,16755.0,2114.0
2009.06.15,16975.0,-245.0,17220.0,17250.0,16885.0,1306.0
2009.06.12,17220.0,50.0,17200.0,17300.0,17060.0,2205.0
2009.06.11,17170.0,320.0,16855.0,17170.0,16800.0,1178.0
2009.06.10,16850.0,335.0,16515.0,16850.0,16515.0,1136.0
2009.06.09,16515.0,-495.0,17120.0,17175.0,16490.0,7586.0
2009.06.08,17010.0,-170.0,17300.0,17345.0,16875.0,466.0
2009.06.05,17180.0,-120.0,17450.0,17450.0,16840.0,561.0
2009.06.04,17300.0,-770.0,18070.0,18085.0,17300.0,1765.0
2009.06.03,18070.0,875.0,17460.0,18150.0,17460.0,3057.0
2009.06.02,17195.0,290.0,17270.0,17505.0,17155.0,1384.0
2009.06.01,16905.0,-195.0,17100.0,17100.0,16655.0,6670.0
2009.05.29,17100.0,-130.0,17235.0,17340.0,16950.0,326.0
2009.05.28,17230.0,90.0,17055.0,17230.0,16620.0,16056.0
2009.05.27,17140.0,-345.0,17780.0,17780.0,17100.0,6615.0
2009.05.26,17485.0,-160.0,17645.0,17850.0,17400.0,1012.0
2009.05.25,17645.0,155.0,17450.0,17730.0,16000.0,45501.0
2009.05.22,17490.0,-340.0,17700.0,17875.0,17445.0,1346.0
2009.05.21,17830.0,-605.0,18435.0,18435.0,17825.0,4362.0
2009.05.20,18435.0,-90.0,18400.0,18530.0,18300.0,2163.0
2009.05.19,18525.0,835.0,17810.0,18525.0,17810.0,651.0
2009.05.18,17690.0,-225.0,17915.0,17915.0,17490.0,2767.0
2009.05.15,17915.0,-95.0,17960.0,18245.0,17905.0,2283.0
2009.05.14,18010.0,-460.0,18470.0,18470.0,17950.0,2252.0
2009.05.13,18470.0,-215.0,18685.0,18685.0,18250.0,3950.0
2009.05.12,18685.0,-340.0,19000.0,19000.0,18580.0,830.0
2009.05.11,19025.0,-110.0,19140.0,19185.0,18830.0,1743.0
2009.05.08,19135.0,90.0,18900.0,19220.0,18865.0,1301.0
2009.05.07,19045.0,55.0,19205.0,19290.0,18770.0,5782.0
2009.05.06,18990.0,95.0,19100.0,19100.0,18800.0,7202.0
2009.05.04,18895.0,985.0,18295.0,18900.0,18295.0,14325.0
2009.04.30,17910.0,365.0,17700.0,18100.0,17680.0,7048.0
2009.04.29,17545.0,595.0,17200.0,17545.0,17010.0,1746.0
2009.04.28,17200.0,-935.0,18100.0,18195.0,17140.0,3882.0
2009.04.27,18135.0,-355.0,18750.0,18910.0,18130.0,4476.0
2009.04.24,18490.0,30.0,18555.0,18965.0,18385.0,11876.0
2009.04.23,18460.0,395.0,18280.0,18750.0,17895.0,16076.0
2009.04.22,18065.0,65.0,18300.0,18300.0,17850.0,1382.0
2009.04.21,18000.0,560.0,17250.0,18030.0,17250.0,6096.0
2009.04.20,17440.0,-85.0,17525.0,17525.0,17175.0,1454.0
2009.04.17,17525.0,-640.0,18165.0,18360.0,17260.0,6761.0
2009.04.16,18165.0,465.0,17705.0,18315.0,17705.0,4601.0
2009.04.15,17700.0,-15.0,17700.0,17950.0,17400.0,1377.0
2009.04.14,17715.0,-65.0,17890.0,17890.0,17370.0,3867.0
2009.04.13,17780.0,780.0,17110.0,18050.0,17050.0,1588.0
2009.04.10,17000.0,445.0,17000.0,17440.0,17000.0,3777.0
2009.04.09,16555.0,645.0,16000.0,16555.0,16000.0,5747.0
2009.04.08,15910.0,-575.0,16200.0,16330.0,15850.0,5216.0
2009.04.07,16485.0,-115.0,16750.0,16750.0,16285.0,6099.0
2009.04.06,16600.0,360.0,16600.0,17000.0,16315.0,1123.0
2009.04.03,16240.0,-10.0,16250.0,16455.0,16010.0,2019.0
2009.04.02,16250.0,950.0,15850.0,16250.0,15680.0,3300.0
2009.04.01,15300.0,185.0,15190.0,15875.0,15120.0,6548.0
2009.03.31,15115.0,35.0,15080.0,15290.0,15080.0,1134.0
2009.03.30,15080.0,-770.0,15850.0,15850.0,15015.0,5196.0
2009.03.27,15850.0,-330.0,16330.0,16380.0,15850.0,4746.0
2009.03.26,16180.0,55.0,16300.0,16300.0,15850.0,875.0
2009.03.25,16125.0,465.0,15720.0,16125.0,15660.0,1373.0
2009.03.24,15660.0,255.0,15750.0,15805.0,15575.0,3420.0
2009.03.23,15405.0,390.0,14925.0,15405.0,14925.0,341.0
2009.03.20,15015.0,320.0,14880.0,15245.0,14880.0,3126.0
2009.03.19,14695.0,-60.0,14850.0,15005.0,14565.0,3218.0
2009.03.18,14755.0,300.0,14700.0,15050.0,14670.0,959.0
2009.03.17,14455.0,660.0,13795.0,14455.0,13795.0,162.0
2009.03.16,13795.0,-580.0,14375.0,14375.0,13750.0,3096.0
2009.03.13,14375.0,340.0,14040.0,14665.0,14040.0,56.0
2009.03.12,14035.0,-420.0,14690.0,14690.0,14035.0,3065.0
2009.03.11,14455.0,430.0,14150.0,14610.0,14150.0,942.0
2009.03.10,14025.0,665.0,13340.0,14025.0,13340.0,438.0
2009.03.09,13360.0,255.0,13200.0,13730.0,13200.0,6146.0
2009.03.06,13105.0,-295.0,13200.0,13200.0,12980.0,602.0
2009.03.05,13400.0,-350.0,14300.0,14300.0,13400.0,2946.0
2009.03.04,13750.0,940.0,13000.0,13800.0,13000.0,2557.0
2009.03.03,12810.0,170.0,12500.0,12860.0,12150.0,6802.0
2009.03.02,12640.0,-890.0,13300.0,13300.0,12580.0,1244.0
2009.02.27,13530.0,185.0,13345.0,13580.0,13345.0,792.0
2009.02.26,13345.0,-255.0,13750.0,14095.0,13000.0,1253.0
2009.02.25,13600.0,-200.0,14000.0,14000.0,13600.0,407.0
2009.02.24,13800.0,-400.0,13700.0,13800.0,13615.0,148.0
2009.02.23,14200.0,390.0,13500.0,14200.0,13500.0,6295.0
2009.02.20,13810.0,-1855.0,15665.0,15665.0,13550.0,4726.0
2009.02.19,15665.0,370.0,15295.0,15665.0,15295.0,22.0
2009.02.18,15295.0,-645.0,15355.0,15595.0,15010.0,1315.0
2009.02.17,15940.0,-710.0,16300.0,16320.0,15940.0,155.0
2009.02.16,16650.0,-225.0,17150.0,17150.0,16605.0,153.0
2009.02.13,16875.0,45.0,16840.0,16875.0,16645.0,664.0
2009.02.12,16830.0,65.0,17100.0,17100.0,16830.0,3.0
2009.02.11,16765.0,-90.0,16790.0,16790.0,16255.0,88.0
2009.02.10,16855.0,-280.0,17135.0,17380.0,16800.0,407.0
2009.02.09,17135.0,-65.0,17500.0,17565.0,17105.0,303.0
2009.02.06,17200.0,740.0,16930.0,17200.0,16800.0,113.0
2009.02.05,16460.0,-270.0,16920.0,17300.0,16460.0,632.0
2009.02.04,16730.0,375.0,16360.0,16750.0,16360.0,685.0
2009.02.03,16355.0,100.0,16480.0,16500.0,16350.0,165.0
2009.02.02,16255.0,270.0,15985.0,16635.0,15985.0,1616.0
2009.01.30,15985.0,200.0,15785.0,15990.0,15785.0,453.0
2009.01.29,15785.0,-10.0,15795.0,15900.0,15785.0,309.0
2009.01.28,15795.0,785.0,15300.0,15795.0,15300.0,1336.0
2009.01.23,15010.0,-290.0,15150.0,15150.0,15010.0,49.0
2009.01.22,15300.0,-235.0,15915.0,15915.0,15300.0,425.0
2009.01.21,15535.0,-430.0,14600.0,15800.0,14600.0,692.0
2009.01.20,15965.0,-380.0,16345.0,16345.0,15675.0,618.0
2009.01.19,16345.0,970.0,15590.0,16400.0,15590.0,599.0
2009.01.16,15375.0,320.0,15375.0,15405.0,15055.0,266.0
2009.01.15,15055.0,-1245.0,15925.0,15925.0,15055.0,625.0
2009.01.14,16300.0,190.0,16110.0,16300.0,16000.0,111.0
2009.01.13,16110.0,465.0,15645.0,16110.0,15620.0,277.0
2009.01.12,15645.0,-755.0,16200.0,16200.0,15645.0,164.0
2009.01.09,16400.0,-105.0,14700.0,16795.0,14700.0,550.0
2009.01.08,16505.0,-5.0,16185.0,16700.0,16185.0,713.0
2009.01.07,16510.0,605.0,15900.0,17100.0,14905.0,5292.0
2009.01.06,15905.0,595.0,15340.0,15905.0,15250.0,554.0
2009.01.05,15310.0,105.0,15305.0,15905.0,15300.0,377.0
2009.01.02,15205.0,1165.0,14040.0,15495.0,14040.0,1948.0
2008.12.30,14040.0,295.0,13990.0,14130.0,13990.0,20.0
2008.12.29,13745.0,-155.0,13600.0,13745.0,13340.0,461.0
2008.12.26,13900.0,-140.0,14040.0,14040.0,13670.0,296.0
2008.12.24,14040.0,-660.0,14675.0,14675.0,13800.0,622.0
2008.12.23,14700.0,-595.0,15315.0,15315.0,14700.0,384.0
2008.12.22,15295.0,315.0,15500.0,15500.0,14940.0,297.0
2008.12.19,14980.0,320.0,14705.0,14980.0,14705.0,143.0
2008.12.18,14660.0,0.0,14815.0,14815.0,14660.0,119.0
2008.12.17,14660.0,-560.0,15505.0,15690.0,14660.0,1016.0
2008.12.16,15220.0,-280.0,15000.0,15500.0,14250.0,473.0
2008.12.15,15500.0,1170.0,14500.0,15500.0,14500.0,1058.0
2008.12.12,14330.0,-175.0,14310.0,14950.0,13715.0,1884.0
2008.12.11,14505.0,455.0,14195.0,14700.0,14055.0,1350.0
2008.12.10,14050.0,375.0,13600.0,14495.0,13590.0,1617.0
2008.12.09,13675.0,325.0,13400.0,13950.0,13000.0,1204.0
2008.12.08,13350.0,1595.0,12500.0,13350.0,12300.0,2120.0
2008.12.05,11755.0,195.0,11795.0,11890.0,11755.0,21.0
2008.12.04,11560.0,-285.0,12300.0,12300.0,11560.0,220.0
2008.12.03,11845.0,345.0,11800.0,12295.0,11800.0,697.0
2008.12.02,11500.0,-340.0,11190.0,11500.0,11190.0,219.0
2008.12.01,11840.0,150.0,11790.0,12170.0,11740.0,38.0
2008.11.28,11690.0,-310.0,12250.0,12250.0,11690.0,764.0
2008.11.27,12000.0,845.0,11900.0,12240.0,11800.0,931.0
2008.11.26,11155.0,-90.0,11210.0,11430.0,11120.0,113.0
2008.11.25,11245.0,245.0,11010.0,12070.0,11010.0,573.0
2008.11.24,11000.0,-200.0,11200.0,11845.0,11000.0,797.0
2008.11.21,11200.0,1285.0,11000.0,11200.0,9975.0,1570.0
2008.11.20,9915.0,-1385.0,11690.0,11690.0,9915.0,3717.0
2008.11.19,11300.0,-300.0,11500.0,11565.0,11105.0,635.0
2008.11.18,11600.0,-510.0,12000.0,12290.0,11600.0,624.0
2008.11.17,12110.0,10.0,12040.0,12190.0,11900.0,141.0
2008.11.14,12100.0,405.0,12700.0,12750.0,12100.0,828.0
2008.11.13,11695.0,-305.0,11405.0,11695.0,10805.0,1503.0
2008.11.12,12000.0,-300.0,12300.0,12300.0,11700.0,607.0
2008.11.11,12300.0,-1000.0,13400.0,13400.0,12300.0,1633.0
2008.11.10,13300.0,1110.0,12740.0,13410.0,12535.0,1840.0
2008.11.07,12190.0,1255.0,9900.0,12190.0,9900.0,875.0
2008.11.06,10935.0,-1885.0,11950.0,11950.0,10900.0,2094.0
2008.11.05,12820.0,520.0,12700.0,13380.0,12265.0,2347.0
2008.11.04,12300.0,-360.0,13100.0,13100.0,11890.0,1616.0
2008.11.03,12660.0,1110.0,11750.0,12795.0,11750.0,2836.0
2008.10.31,11550.0,1345.0,11495.0,11680.0,11100.0,2766.0
2008.10.30,10205.0,1285.0,9900.0,10250.0,9735.0,2384.0
2008.10.29,8920.0,-30.0,9400.0,10170.0,8335.0,4534.0
2008.10.28,8950.0,155.0,7600.0,9125.0,7500.0,4392.0
2008.10.27,8795.0,5.0,8790.0,8800.0,7725.0,288.0
2008.10.24,8790.0,1550.0,10345.0,10345.0,8790.0,1094.0
2008.10.23,10340.0,-815.0,10700.0,10700.0,9990.0,706.0
2008.10.22,11155.0,-1195.0,11720.0,12160.0,10895.0,500.0
2008.10.21,12350.0,50.0,12800.0,12975.0,12350.0,570.0
2008.10.20,12300.0,-300.0,13300.0,13300.0,11545.0,608.0
2008.10.17,12600.0,-1040.0,13200.0,13710.0,12575.0,1205.0
2008.10.16,13640.0,-2260.0,15400.0,15400.0,13640.0,1064.0
2008.10.15,15900.0,-300.0,16200.0,16215.0,15900.0,601.0
2008.10.14,16200.0,1650.0,14700.0,16200.0,14700.0,3958.0
2008.10.13,14550.0,920.0,13700.0,14550.0,13645.0,1323.0
2008.10.10,13630.0,-1035.0,14200.0,14200.0,12935.0,1645.0
2008.10.09,14665.0,-340.0,15500.0,15500.0,14400.0,490.0
2008.10.08,15005.0,-1995.0,17000.0,17000.0,15005.0,1547.0
2008.10.07,17000.0,-135.0,17200.0,17200.0,16040.0,335.0
2008.10.06,17135.0,-1275.0,18895.0,18895.0,16900.0,1893.0
2008.10.02,18410.0,-490.0,19500.0,19500.0,18400.0,366.0
2008.10.01,18900.0,-315.0,19215.0,19215.0,18830.0,551.0
2008.09.30,19215.0,-555.0,19000.0,19370.0,18380.0,650.0
2008.09.29,19770.0,-730.0,20500.0,20600.0,19705.0,440.0
2008.09.26,20500.0,-220.0,20365.0,20765.0,20365.0,86.0
2008.09.25,20720.0,170.0,20450.0,20720.0,20350.0,190.0
2008.09.24,20550.0,90.0,20460.0,20795.0,20200.0,453.0
2008.09.23,20460.0,355.0,19955.0,20460.0,19715.0,507.0
2008.09.22,20105.0,150.0,21000.0,21000.0,20100.0,1075.0
2008.09.19,19955.0,1750.0,19000.0,20250.0,19000.0,3529.0
2008.09.18,18205.0,-510.0,18400.0,18480.0,18000.0,373.0
2008.09.17,18715.0,1150.0,18000.0,19000.0,18000.0,1096.0
2008.09.16,17565.0,-1735.0,16500.0,18000.0,16500.0,972.0
2008.09.12,19300.0,475.0,19250.0,19330.0,19100.0,244.0
2008.09.11,18825.0,20.0,18955.0,19050.0,18825.0,283.0
2008.09.10,18805.0,15.0,18430.0,18845.0,18395.0,468.0
2008.09.09,18790.0,40.0,20000.0,20000.0,18570.0,720.0
2008.09.08,18750.0,1085.0,18430.0,19000.0,17920.0,1967.0
2008.09.05,17665.0,-135.0,17780.0,17780.0,17665.0,156.0
2008.09.04,17800.0,260.0,17650.0,18300.0,17540.0,690.0
2008.09.03,17540.0,450.0,17200.0,17895.0,16725.0,706.0
2008.09.02,17090.0,-560.0,17650.0,17775.0,17000.0,417.0
2008.09.01,17650.0,-1640.0,18500.0,18775.0,17650.0,1455.0
2008.08.29,19290.0,90.0,19015.0,19500.0,18885.0,473.0
2008.08.28,19200.0,0.0,19740.0,19740.0,18900.0,533.0
2008.08.27,19200.0,-480.0,19680.0,19680.0,19100.0,909.0
2008.08.26,19680.0,-190.0,19950.0,19950.0,19650.0,308.0
2008.08.25,19870.0,-210.0,20720.0,20720.0,19870.0,268.0
2008.08.22,20080.0,-235.0,20200.0,20200.0,19650.0,1059.0
2008.08.21,20315.0,-960.0,22085.0,22200.0,20240.0,1894.0
2008.08.20,21275.0,-215.0,20870.0,21460.0,20870.0,523.0
2008.08.19,21490.0,-510.0,22000.0,22000.0,21045.0,985.0
2008.08.18,22000.0,40.0,22050.0,22195.0,21920.0,1228.0
2008.08.14,21960.0,260.0,21700.0,22100.0,21200.0,1344.0
2008.08.13,21700.0,-465.0,22490.0,22490.0,21510.0,362.0
2008.08.12,22165.0,220.0,22200.0,22430.0,21200.0,1649.0
2008.08.11,21945.0,145.0,22480.0,22480.0,21500.0,1387.0
2008.08.08,21800.0,15.0,21950.0,21985.0,21485.0,1383.0
2008.08.07,21785.0,35.0,22100.0,22100.0,21500.0,434.0
2008.08.06,21750.0,445.0,21910.0,22000.0,21500.0,2661.0
2008.08.05,21305.0,-725.0,22000.0,22090.0,21120.0,4824.0
2008.08.04,22030.0,-2430.0,24000.0,24000.0,21900.0,7503.0
2008.08.01,24460.0,-285.0,24700.0,24700.0,24280.0,447.0
2008.07.31,24745.0,60.0,24520.0,24770.0,24400.0,682.0
2008.07.30,24685.0,-1030.0,25500.0,26215.0,24565.0,2615.0
2008.07.29,25715.0,-400.0,26000.0,26000.0,25090.0,1950.0
2008.07.28,26115.0,285.0,26300.0,26405.0,25885.0,890.0
2008.07.25,25830.0,-305.0,25570.0,25840.0,25565.0,328.0
2008.07.24,26135.0,980.0,25600.0,26150.0,25600.0,4112.0
2008.07.23,25155.0,995.0,24710.0,25335.0,24580.0,1065.0
2008.07.22,24160.0,135.0,23400.0,24200.0,23400.0,350.0
2008.07.21,24025.0,575.0,23760.0,24200.0,23760.0,2375.0
2008.07.18,23450.0,-945.0,24800.0,24800.0,23450.0,1261.0
2008.07.17,24395.0,495.0,23920.0,24650.0,23920.0,475.0
2008.07.16,23900.0,-130.0,24250.0,24300.0,23365.0,1183.0
2008.07.15,24030.0,-730.0,24990.0,24990.0,23930.0,1861.0
2008.07.14,24760.0,345.0,24420.0,25020.0,24235.0,1127.0
2008.07.11,24415.0,725.0,23975.0,24415.0,23560.0,2640.0
2008.07.10,23690.0,535.0,23000.0,23690.0,22670.0,1851.0
2008.07.09,23155.0,365.0,24290.0,24290.0,23100.0,2506.0
2008.07.08,22790.0,-610.0,24310.0,24310.0,22345.0,640.0
2008.07.07,23400.0,230.0,23150.0,23410.0,23100.0,445.0
2008.07.04,23170.0,-60.0,24300.0,24300.0,23140.0,739.0
2008.07.03,23230.0,-145.0,23320.0,23320.0,22400.0,1506.0
2008.07.02,23375.0,-1115.0,24450.0,24450.0,23250.0,2202.0
2008.07.01,24490.0,-445.0,24935.0,25090.0,24490.0,4489.0
2008.06.30,24935.0,-10.0,24700.0,25100.0,24700.0,369.0
2008.06.27,24945.0,-860.0,26340.0,26340.0,24880.0,1273.0
2008.06.26,25805.0,435.0,25370.0,27000.0,25370.0,1066.0
2008.06.25,25370.0,-360.0,25900.0,25900.0,25140.0,1494.0
2008.06.24,25730.0,-490.0,25940.0,26080.0,25720.0,2801.0
2008.06.23,26220.0,70.0,25500.0,26220.0,25330.0,597.0
2008.06.20,26150.0,10.0,27430.0,27430.0,26000.0,175.0
2008.06.19,26140.0,-260.0,26405.0,26405.0,25790.0,1217.0
2008.06.18,26400.0,850.0,25570.0,26410.0,25570.0,2989.0
2008.06.17,25550.0,0.0,25710.0,25815.0,25330.0,1926.0
2008.06.16,25550.0,-150.0,26100.0,26920.0,25400.0,1370.0
2008.06.13,25700.0,-1100.0,27800.0,27800.0,25430.0,3608.0
2008.06.12,26800.0,-1360.0,28100.0,28100.0,26620.0,4988.0
2008.06.11,28160.0,-290.0,28450.0,29000.0,27780.0,8177.0
2008.06.10,28450.0,-955.0,29500.0,29525.0,28335.0,3948.0
2008.06.09,29405.0,-725.0,29500.0,29500.0,29240.0,3831.0
2008.06.05,30130.0,-235.0,30695.0,30695.0,29805.0,2158.0
2008.06.04,30365.0,0.0,30390.0,30390.0,29760.0,5761.0
2008.06.03,30365.0,-5.0,30370.0,30745.0,30155.0,5365.0
2008.06.02,30370.0,-2630.0,29480.0,30520.0,29480.0,19149.0
2008.05.30,33000.0,3465.0,33965.0,33965.0,29350.0,7749.0
2008.05.29,29535.0,705.0,28830.0,29605.0,28830.0,99547.0
