날짜,종가,전일비,시가,고가,저가,거래량
2026.06.12,7425.0,405.0,7920.0,7925.0,7240.0,3813819.0
2026.06.11,7020.0,-125.0,6885.0,7020.0,6630.0,1536939.0
2026.06.10,7145.0,165.0,6805.0,7180.0,6790.0,1603112.0
2026.06.09,6980.0,305.0,6840.0,7010.0,6665.0,2117371.0
2026.06.08,6675.0,-575.0,6550.0,6840.0,6540.0,1479287.0
2026.06.05,7250.0,-255.0,7380.0,7400.0,7035.0,2826919.0
2026.06.04,7505.0,50.0,7305.0,7535.0,7305.0,1314747.0
2026.06.02,7455.0,-225.0,7520.0,7560.0,7200.0,3123639.0
2026.06.01,7680.0,-330.0,7705.0,7885.0,7660.0,3015249.0
2026.05.29,8010.0,120.0,8065.0,8065.0,7675.0,3808206.0
2026.05.28,7890.0,-155.0,8075.0,8125.0,7580.0,2606937.0
2026.05.27,8045.0,-455.0,8435.0,8435.0,8000.0,2807243.0
2026.05.26,8500.0,65.0,8745.0,8950.0,8440.0,3287541.0
2026.05.22,8435.0,220.0,8595.0,8600.0,8275.0,2795737.0
2026.05.21,8215.0,525.0,8110.0,8315.0,7945.0,3729556.0
2026.05.20,7690.0,-170.0,7780.0,7860.0,7445.0,3852786.0
2026.05.19,7860.0,-380.0,8255.0,8325.0,7755.0,3135723.0
2026.05.18,8240.0,-140.0,8020.0,8280.0,7795.0,3174913.0
2026.05.15,8380.0,-685.0,9070.0,9075.0,8245.0,4004682.0
2026.05.14,9065.0,355.0,8855.0,9065.0,8790.0,4323209.0
2026.05.13,8710.0,-150.0,8675.0,8775.0,8500.0,2630880.0
2026.05.12,8860.0,-450.0,9300.0,9315.0,8525.0,5043598.0
2026.05.11,9310.0,-255.0,9410.0,9480.0,9205.0,3875347.0
2026.05.08,9565.0,-165.0,9475.0,9565.0,9275.0,4001675.0
2026.05.07,9730.0,580.0,9715.0,9950.0,9500.0,13945944.0
2026.05.06,9150.0,-55.0,9205.0,9285.0,8955.0,5788587.0
2026.05.04,9205.0,-125.0,9430.0,9430.0,9010.0,8628363.0
2026.04.30,9330.0,-360.0,9625.0,9635.0,9290.0,5848944.0
2026.04.29,9690.0,10.0,9685.0,9690.0,9410.0,4564549.0
2026.04.28,9695.0,225.0,9480.0,10085.0,9385.0,10173319.0
2026.04.27,9470.0,55.0,9510.0,9535.0,9280.0,4931059.0
2026.04.24,9415.0,95.0,9320.0,9445.0,9155.0,5261259.0
2026.04.23,9320.0,115.0,9415.0,9565.0,9105.0,7881913.0
2026.04.22,9205.0,-105.0,9180.0,9205.0,8990.0,5035834.0
2026.04.21,9310.0,420.0,9000.0,9510.0,8995.0,9108974.0
2026.04.20,8890.0,-155.0,8975.0,9045.0,8845.0,3623099.0
2026.04.17,9045.0,-100.0,9140.0,9140.0,8940.0,3583319.0
2026.04.16,9145.0,-15.0,9220.0,9235.0,8910.0,6128048.0
2026.04.15,9160.0,420.0,8940.0,9395.0,8910.0,8076135.0
2026.04.14,8740.0,115.0,8775.0,8885.0,8500.0,6399410.0
2026.04.13,8625.0,-150.0,8475.0,8625.0,8350.0,5867086.0
2026.04.10,8775.0,55.0,9200.0,9205.0,8630.0,7277525.0
2026.04.09,8720.0,-200.0,8540.0,8870.0,8360.0,6564264.0
2026.04.08,8920.0,1350.0,8070.0,9015.0,7940.0,8871532.0
2026.04.07,7570.0,100.0,7765.0,7965.0,7410.0,4814692.0
2026.04.06,7470.0,215.0,7390.0,7675.0,7355.0,3978458.0
2026.04.03,7255.0,315.0,7180.0,7480.0,7130.0,3898182.0
2026.04.02,6940.0,-515.0,7595.0,7600.0,6825.0,3332010.0
2026.04.01,7455.0,750.0,7170.0,7500.0,7130.0,4426538.0
2026.03.31,6705.0,-165.0,6930.0,6975.0,6690.0,2772368.0
2026.03.30,6870.0,-55.0,6550.0,6935.0,6515.0,2708382.0
2026.03.27,6925.0,-40.0,6785.0,6935.0,6605.0,1768233.0
2026.03.26,6965.0,-185.0,7140.0,7145.0,6855.0,2077850.0
2026.03.25,7150.0,200.0,7135.0,7320.0,6940.0,4042050.0
2026.03.24,6950.0,-290.0,7480.0,7500.0,6650.0,6533690.0
2026.03.23,7240.0,-390.0,7765.0,7770.0,7165.0,5865031.0
2026.03.20,7630.0,535.0,7320.0,7705.0,7255.0,6050950.0
2026.03.19,7095.0,0.0,6950.0,7165.0,6940.0,1764063.0
2026.03.18,7095.0,450.0,6715.0,7165.0,6715.0,1741554.0
2026.03.17,6645.0,0.0,6745.0,6820.0,6640.0,744973.0
2026.03.16,6645.0,-220.0,6945.0,6950.0,6580.0,1471131.0
2026.03.13,6865.0,315.0,6430.0,7025.0,6375.0,2437740.0
2026.03.12,6550.0,135.0,6360.0,6660.0,6315.0,1027162.0
2026.03.11,6415.0,145.0,6480.0,6575.0,6305.0,1019957.0
2026.03.10,6270.0,170.0,6380.0,6450.0,6160.0,984048.0
2026.03.09,6100.0,-275.0,6030.0,6165.0,5865.0,561499.0
2026.03.06,6375.0,200.0,6005.0,6380.0,5935.0,768143.0
2026.03.05,6175.0,595.0,6195.0,6235.0,5952.0,962050.0
2026.03.04,5580.0,-920.0,6080.0,6270.0,5435.0,1627264.0
2026.03.03,6500.0,-455.0,6815.0,6900.0,6460.0,1688059.0
2026.02.27,6955.0,-50.0,7020.0,7245.0,6875.0,1839225.0
2026.02.26,7005.0,180.0,6945.0,7040.0,6835.0,1625908.0
2026.02.25,6825.0,320.0,6595.0,6875.0,6570.0,2676088.0
2026.02.24,6505.0,235.0,6265.0,6505.0,6175.0,762842.0
2026.02.23,6270.0,35.0,6350.0,6490.0,6180.0,1611782.0
2026.02.20,6235.0,145.0,6110.0,6315.0,6025.0,1086098.0
2026.02.19,6090.0,270.0,5905.0,6117.0,5895.0,931699.0
2026.02.13,5820.0,-35.0,5785.0,5960.0,5750.0,820114.0
2026.02.12,5855.0,20.0,5840.0,5865.0,5665.0,883029.0
2026.02.11,5835.0,75.0,5850.0,5860.0,5770.0,1003375.0
2026.02.10,5760.0,70.0,5735.0,5825.0,5695.0,892109.0
2026.02.09,5690.0,200.0,5610.0,5820.0,5585.0,1024209.0
2026.02.06,5490.0,-60.0,5445.0,5540.0,5255.0,913138.0
2026.02.05,5550.0,-135.0,5595.0,5755.0,5480.0,605801.0
2026.02.04,5685.0,220.0,5580.0,5690.0,5475.0,797006.0
2026.02.03,5465.0,355.0,5235.0,5475.0,5215.0,728423.0
2026.02.02,5110.0,-90.0,5100.0,5310.0,5070.0,784529.0
2026.01.30,5200.0,-160.0,5290.0,5320.0,5155.0,474387.0
2026.01.29,5360.0,95.0,5275.0,5370.0,5215.0,577659.0
2026.01.28,5265.0,110.0,5180.0,5295.0,5180.0,595816.0
2026.01.27,5155.0,50.0,5290.0,5295.0,5115.0,830859.0
2026.01.26,5105.0,-25.0,5145.0,5250.0,5035.0,732198.0
2026.01.23,5130.0,50.0,5115.0,5450.0,5100.0,1765845.0
2026.01.22,5080.0,-60.0,5200.0,5240.0,5055.0,1564389.0
2026.01.21,5140.0,5.0,4980.0,5155.0,4980.0,981460.0
2026.01.20,5135.0,155.0,4990.0,5195.0,4910.0,1324682.0
2026.01.19,4980.0,125.0,4955.0,5000.0,4875.0,864840.0
2026.01.16,4855.0,140.0,4715.0,4875.0,4705.0,1076968.0
2026.01.15,4715.0,75.0,4620.0,4715.0,4550.0,777215.0
2026.01.14,4640.0,130.0,4510.0,4665.0,4500.0,1944901.0
2026.01.13,4510.0,50.0,4450.0,4510.0,4410.0,632983.0
2026.01.12,4460.0,235.0,4295.0,4525.0,4290.0,1958639.0
2026.01.09,4225.0,90.0,4165.0,4230.0,4145.0,672903.0
2026.01.08,4135.0,-45.0,4170.0,4195.0,4130.0,215220.0
2026.01.07,4180.0,-70.0,4230.0,4285.0,4150.0,473687.0
2026.01.06,4250.0,35.0,4250.0,4250.0,4180.0,222259.0
2026.01.05,4215.0,135.0,4120.0,4225.0,4120.0,454796.0
2026.01.02,4080.0,-35.0,4130.0,4130.0,4060.0,265831.0
2025.12.30,4115.0,5.0,4095.0,4135.0,4050.0,304960.0
2025.12.29,4110.0,50.0,4055.0,4125.0,4055.0,142455.0
2025.12.26,4060.0,-55.0,4115.0,4125.0,4040.0,150782.0
2025.12.24,4115.0,15.0,4100.0,4145.0,4085.0,136182.0
2025.12.23,4100.0,-45.0,4140.0,4155.0,4100.0,157340.0
2025.12.22,4145.0,100.0,4085.0,4145.0,4085.0,285452.0
2025.12.19,4045.0,5.0,4070.0,4090.0,4030.0,175756.0
2025.12.18,4040.0,-60.0,4025.0,4080.0,4010.0,165964.0
2025.12.17,4100.0,80.0,4055.0,4150.0,4045.0,413175.0
2025.12.16,4020.0,-110.0,4125.0,4125.0,4020.0,343373.0
2025.12.15,4130.0,-145.0,4180.0,4195.0,4115.0,586046.0
2025.12.12,4275.0,150.0,4170.0,4290.0,4145.0,902206.0
2025.12.11,4125.0,110.0,4020.0,4170.0,4020.0,722692.0
2025.12.10,4015.0,-20.0,4045.0,4055.0,3995.0,204854.0
2025.12.09,4035.0,-15.0,4060.0,4070.0,4005.0,146052.0
2025.12.08,4050.0,-90.0,4130.0,4130.0,4035.0,522509.0
2025.12.05,4140.0,195.0,3950.0,4140.0,3945.0,832969.0
2025.12.04,3945.0,-45.0,4000.0,4010.0,3930.0,396457.0
2025.12.03,3990.0,95.0,3940.0,3995.0,3880.0,486014.0
2025.12.02,3895.0,70.0,3830.0,3895.0,3830.0,173642.0
2025.12.01,3825.0,-75.0,3910.0,3940.0,3820.0,275621.0
2025.11.28,3900.0,15.0,3890.0,3920.0,3870.0,209237.0
2025.11.27,3885.0,-10.0,3900.0,3935.0,3850.0,292743.0
2025.11.26,3895.0,150.0,3800.0,3895.0,3790.0,460419.0
2025.11.25,3745.0,0.0,3805.0,3835.0,3725.0,171166.0
2025.11.24,3745.0,-5.0,3790.0,3830.0,3740.0,229169.0
2025.11.21,3750.0,-85.0,3755.0,3765.0,3705.0,262123.0
2025.11.20,3835.0,70.0,3820.0,3860.0,3810.0,505902.0
2025.11.19,3765.0,10.0,3775.0,3805.0,3695.0,308291.0
2025.11.18,3755.0,-135.0,3870.0,3880.0,3735.0,252183.0
2025.11.17,3890.0,20.0,3870.0,3895.0,3825.0,197018.0
2025.11.14,3870.0,-90.0,3875.0,3940.0,3840.0,220507.0
2025.11.13,3960.0,65.0,3900.0,3960.0,3885.0,250086.0
2025.11.12,3895.0,-5.0,3895.0,3925.0,3875.0,306113.0
2025.11.11,3900.0,0.0,3920.0,3950.0,3865.0,243722.0
2025.11.10,3900.0,75.0,3825.0,3900.0,3805.0,224471.0
2025.11.07,3825.0,-80.0,3870.0,3900.0,3755.0,387395.0
2025.11.06,3905.0,5.0,3940.0,3975.0,3820.0,249394.0
2025.11.05,3900.0,-125.0,3990.0,4010.0,3815.0,485757.0
2025.11.04,4025.0,-25.0,4010.0,4060.0,3990.0,332306.0
2025.11.03,4050.0,-30.0,4065.0,4070.0,4005.0,467702.0
2025.10.31,4080.0,-30.0,4110.0,4125.0,4035.0,509012.0
2025.10.30,4110.0,-145.0,4200.0,4230.0,4095.0,441672.0
2025.10.29,4255.0,95.0,4280.0,4315.0,4205.0,789213.0
2025.10.28,4160.0,-40.0,4195.0,4225.0,4125.0,414352.0
2025.10.27,4200.0,15.0,4285.0,4320.0,4170.0,1104774.0
2025.10.24,4185.0,120.0,4090.0,4205.0,4020.0,629325.0
2025.10.23,4065.0,30.0,3985.0,4105.0,3940.0,367392.0
2025.10.22,4035.0,40.0,3980.0,4035.0,3915.0,773733.0
2025.10.21,3995.0,90.0,3960.0,4060.0,3960.0,1064138.0
2025.10.20,3905.0,-5.0,3915.0,3925.0,3860.0,418644.0
2025.10.17,3910.0,-110.0,3985.0,3990.0,3885.0,489656.0
2025.10.16,4020.0,-40.0,4085.0,4090.0,4005.0,440501.0
2025.10.15,4060.0,160.0,3915.0,4070.0,3900.0,656233.0
2025.10.14,3900.0,0.0,3910.0,3955.0,3850.0,431266.0
2025.10.13,3900.0,5.0,3835.0,3900.0,3800.0,366234.0
2025.10.10,3895.0,55.0,3815.0,3910.0,3800.0,320597.0
2025.10.02,3840.0,25.0,3840.0,3845.0,3795.0,384161.0
2025.10.01,3815.0,5.0,3800.0,3865.0,3800.0,929260.0
2025.09.30,3810.0,-20.0,3825.0,3825.0,3780.0,114440.0
2025.09.29,3830.0,30.0,3800.0,3830.0,3800.0,177725.0
2025.09.26,3800.0,-65.0,3860.0,3860.0,3775.0,342631.0
2025.09.25,3865.0,-40.0,3905.0,3910.0,3855.0,369425.0
2025.09.24,3905.0,-30.0,3945.0,3945.0,3900.0,671541.0
2025.09.23,3935.0,15.0,3920.0,3950.0,3890.0,193253.0
2025.09.22,3920.0,-15.0,3950.0,3970.0,3910.0,341422.0
2025.09.19,3935.0,-45.0,3975.0,3980.0,3915.0,639310.0
2025.09.18,3980.0,0.0,3980.0,3995.0,3940.0,213506.0
2025.09.17,3980.0,-95.0,4045.0,4050.0,3975.0,337012.0
2025.09.16,4075.0,0.0,4075.0,4110.0,4050.0,301481.0
2025.09.15,4075.0,20.0,4065.0,4075.0,4035.0,346513.0
2025.09.12,4055.0,-35.0,4070.0,4070.0,4010.0,436636.0
2025.09.11,4090.0,5.0,4090.0,4105.0,4065.0,488973.0
2025.09.10,4085.0,35.0,4040.0,4090.0,4035.0,205593.0
2025.09.09,4050.0,-5.0,4065.0,4065.0,4025.0,157236.0
2025.09.08,4055.0,40.0,4065.0,4080.0,4040.0,215452.0
2025.09.05,4015.0,0.0,4025.0,4025.0,3990.0,154651.0
2025.09.04,4015.0,15.0,4000.0,4030.0,3985.0,95910.0
2025.09.03,4000.0,-15.0,3995.0,4010.0,3965.0,253673.0
2025.09.02,4015.0,15.0,4000.0,4020.0,3955.0,190418.0
2025.09.01,4000.0,-50.0,4030.0,4035.0,3960.0,351163.0
2025.08.29,4050.0,-25.0,4070.0,4070.0,4025.0,194445.0
2025.08.28,4075.0,-25.0,4080.0,4085.0,4030.0,191335.0
2025.08.27,4100.0,40.0,4070.0,4120.0,4060.0,192822.0
2025.08.26,4060.0,-90.0,4110.0,4125.0,4040.0,493958.0
2025.08.25,4150.0,55.0,4175.0,4195.0,4130.0,604096.0
2025.08.22,4095.0,30.0,4115.0,4145.0,4055.0,467679.0
2025.08.21,4065.0,135.0,3940.0,4120.0,3935.0,1245781.0
2025.08.20,3930.0,-95.0,3900.0,3930.0,3760.0,1388462.0
2025.08.19,4025.0,-80.0,4070.0,4085.0,3995.0,888869.0
2025.08.18,4105.0,-15.0,4075.0,4115.0,4065.0,599050.0
2025.08.14,4120.0,60.0,4060.0,4130.0,4052.0,1017452.0
2025.08.13,4060.0,-105.0,4180.0,4195.0,4025.0,883053.0
2025.08.12,4165.0,-30.0,4195.0,4260.0,4155.0,563728.0
2025.08.11,4195.0,-60.0,4250.0,4290.0,4150.0,736804.0
2025.08.08,4255.0,-30.0,4305.0,4310.0,4240.0,326512.0
2025.08.07,4285.0,-35.0,4320.0,4320.0,4255.0,548576.0
2025.08.06,4320.0,125.0,4185.0,4345.0,4175.0,1121841.0
2025.08.05,4195.0,95.0,4115.0,4200.0,4115.0,577828.0
2025.08.04,4100.0,35.0,4020.0,4115.0,4005.0,539798.0
2025.08.01,4065.0,-155.0,4200.0,4200.0,4035.0,1243841.0
2025.07.31,4220.0,40.0,4190.0,4240.0,4160.0,8101659.0
2025.07.30,4180.0,-20.0,4210.0,4210.0,4135.0,2486933.0
2025.07.29,4200.0,95.0,4090.0,4200.0,4030.0,775724.0
2025.07.28,4105.0,-15.0,4110.0,4135.0,4080.0,252298.0
2025.07.25,4120.0,-40.0,4120.0,4140.0,4070.0,937325.0
2025.07.24,4160.0,25.0,4135.0,4220.0,4130.0,2816629.0
2025.07.23,4135.0,-15.0,4155.0,4195.0,4090.0,460385.0
2025.07.22,4150.0,-95.0,4195.0,4240.0,4120.0,820471.0
2025.07.21,4245.0,-10.0,4255.0,4270.0,4180.0,450105.0
2025.07.18,4255.0,20.0,4245.0,4280.0,4175.0,658436.0
2025.07.17,4235.0,-10.0,4255.0,4285.0,4190.0,243872.0
2025.07.16,4245.0,-60.0,4305.0,4310.0,4235.0,403290.0
2025.07.15,4305.0,40.0,4310.0,4380.0,4275.0,664308.0
2025.07.14,4265.0,0.0,4245.0,4270.0,4220.0,795561.0
2025.07.11,4265.0,-20.0,4340.0,4370.0,4260.0,713266.0
2025.07.10,4285.0,-20.0,4320.0,4340.0,4270.0,1542906.0
2025.07.09,4305.0,30.0,4260.0,4335.0,4240.0,816927.0
2025.07.08,4275.0,90.0,4195.0,4290.0,4195.0,491182.0
2025.07.07,4185.0,-5.0,4160.0,4210.0,4115.0,543708.0
2025.07.04,4190.0,-120.0,4300.0,4385.0,4190.0,547083.0
2025.07.03,4310.0,10.0,4310.0,4340.0,4260.0,645558.0
2025.07.02,4300.0,-90.0,4380.0,4380.0,4175.0,1059795.0
2025.07.01,4390.0,10.0,4395.0,4570.0,4355.0,1367532.0
2025.06.30,4380.0,-55.0,4445.0,4475.0,4355.0,720884.0
2025.06.27,4435.0,-75.0,4465.0,4535.0,4390.0,1581599.0
2025.06.26,4510.0,-75.0,4505.0,4560.0,4325.0,1136961.0
2025.06.25,4585.0,140.0,4520.0,4665.0,4460.0,1849128.0
2025.06.24,4445.0,95.0,4495.0,4530.0,4350.0,1177278.0
2025.06.23,4350.0,-20.0,4255.0,4400.0,4250.0,1153744.0
2025.06.20,4370.0,-100.0,4485.0,4485.0,4315.0,1165269.0
2025.06.19,4470.0,35.0,4440.0,4470.0,4330.0,3245269.0
2025.06.18,4435.0,-30.0,4375.0,4465.0,4355.0,1171037.0
2025.06.17,4465.0,-70.0,4630.0,4630.0,4365.0,1441073.0
2025.06.16,4535.0,180.0,4355.0,4535.0,4330.0,2704696.0
2025.06.13,4355.0,-60.0,4415.0,4415.0,4235.0,771282.0
2025.06.12,4415.0,140.0,4335.0,4485.0,4335.0,1323205.0
2025.06.11,4275.0,30.0,4240.0,4275.0,4160.0,1226313.0
2025.06.10,4245.0,175.0,4110.0,4290.0,4110.0,1572225.0
2025.06.09,4070.0,5.0,4120.0,4215.0,4065.0,1204646.0
2025.06.05,4065.0,50.0,4095.0,4115.0,3970.0,1341725.0
2025.06.04,4015.0,120.0,3920.0,4025.0,3875.0,1863750.0
2025.06.02,3895.0,30.0,3805.0,3915.0,3800.0,627872.0
2025.05.30,3865.0,-105.0,3950.0,3950.0,3805.0,859838.0
2025.05.29,3970.0,190.0,3765.0,3970.0,3765.0,1331135.0
2025.05.28,3780.0,-30.0,3875.0,3915.0,3780.0,1740713.0
2025.05.27,3810.0,95.0,3715.0,3810.0,3705.0,913216.0
2025.05.26,3715.0,85.0,3700.0,3740.0,3635.0,741460.0
2025.05.23,3630.0,185.0,3485.0,3660.0,3485.0,1129806.0
2025.05.22,3445.0,-35.0,3450.0,3495.0,3425.0,359525.0
2025.05.21,3480.0,65.0,3440.0,3525.0,3440.0,343469.0
2025.05.20,3415.0,40.0,3385.0,3445.0,3385.0,261777.0
2025.05.19,3375.0,-15.0,3400.0,3435.0,3350.0,320809.0
2025.05.16,3390.0,40.0,3360.0,3430.0,3360.0,363214.0
2025.05.15,3350.0,-40.0,3380.0,3390.0,3335.0,205569.0
2025.05.14,3390.0,30.0,3395.0,3410.0,3380.0,277504.0
2025.05.13,3360.0,-25.0,3395.0,3395.0,3355.0,205160.0
2025.05.12,3385.0,115.0,3310.0,3410.0,3310.0,494012.0
2025.05.09,3270.0,-75.0,3355.0,3355.0,3270.0,222468.0
2025.05.08,3345.0,15.0,3330.0,3360.0,3320.0,393003.0
2025.05.07,3330.0,70.0,3250.0,3340.0,3225.0,203065.0
2025.05.02,3260.0,-30.0,3335.0,3335.0,3230.0,214275.0
2025.04.30,3290.0,15.0,3275.0,3315.0,3265.0,187256.0
2025.04.29,3275.0,10.0,3285.0,3290.0,3245.0,101841.0
2025.04.28,3320.0,65.0,3280.0,3345.0,3260.0,280099.0
2025.04.25,3255.0,0.0,3280.0,3290.0,3245.0,266506.0
2025.04.24,3255.0,55.0,3220.0,3265.0,3210.0,299626.0
2025.04.23,3200.0,35.0,3195.0,3220.0,3185.0,156387.0
2025.04.22,3165.0,-20.0,3160.0,3197.0,3160.0,78795.0
2025.04.21,3185.0,-20.0,3220.0,3225.0,3175.0,55254.0
2025.04.18,3205.0,60.0,3160.0,3215.0,3145.0,109188.0
2025.04.17,3145.0,10.0,3115.0,3150.0,3115.0,61966.0
2025.04.16,3135.0,-35.0,3175.0,3175.0,3125.0,105366.0
2025.04.15,3170.0,65.0,3125.0,3170.0,3125.0,252351.0
2025.04.14,3105.0,0.0,3095.0,3115.0,3080.0,103192.0
2025.04.11,3105.0,40.0,3040.0,3105.0,3030.0,99492.0
2025.04.10,3065.0,150.0,3005.0,3070.0,2992.0,84217.0
2025.04.09,2915.0,-35.0,2935.0,2950.0,2895.0,179182.0
2025.04.08,2950.0,30.0,2940.0,2995.0,2935.0,145794.0
2025.04.07,2920.0,-155.0,2965.0,3000.0,2905.0,172578.0
2025.04.04,3075.0,-5.0,3050.0,3100.0,3015.0,246652.0
2025.04.03,3080.0,-15.0,3040.0,3100.0,3035.0,86400.0
2025.04.02,3095.0,-30.0,3130.0,3130.0,3070.0,75644.0
2025.04.01,3125.0,35.0,3105.0,3125.0,3065.0,217820.0
2025.03.31,3090.0,-20.0,3080.0,3090.0,3030.0,143075.0
2025.03.28,3110.0,0.0,3135.0,3135.0,3060.0,71962.0
2025.03.27,3110.0,-10.0,3120.0,3145.0,3100.0,78715.0
2025.03.26,3120.0,15.0,3120.0,3135.0,3105.0,76556.0
2025.03.25,3105.0,10.0,3085.0,3155.0,3085.0,110831.0
2025.03.24,3095.0,-30.0,3135.0,3135.0,3090.0,89477.0
2025.03.21,3125.0,15.0,3115.0,3125.0,3085.0,161950.0
2025.03.20,3110.0,-25.0,3160.0,3165.0,3100.0,131716.0
2025.03.19,3135.0,-45.0,3180.0,3205.0,3135.0,152768.0
2025.03.18,3180.0,55.0,3135.0,3180.0,3120.0,171509.0
2025.03.17,3125.0,20.0,3130.0,3130.0,3060.0,251269.0
2025.03.14,3105.0,-5.0,3100.0,3145.0,3095.0,119166.0
2025.03.13,3110.0,-25.0,3160.0,3170.0,3105.0,314911.0
2025.03.12,3135.0,20.0,3135.0,3180.0,3120.0,478409.0
2025.03.11,3115.0,-70.0,3095.0,3145.0,3095.0,162984.0
2025.03.10,3185.0,-5.0,3185.0,3205.0,3145.0,149388.0
2025.03.07,3190.0,25.0,3170.0,3225.0,3155.0,526178.0
2025.03.06,3165.0,10.0,3165.0,3195.0,3145.0,317782.0
2025.03.05,3155.0,130.0,3030.0,3160.0,3030.0,671525.0
2025.03.04,3025.0,-20.0,3030.0,3050.0,2965.0,419645.0
2025.02.28,3045.0,-125.0,3140.0,3145.0,3040.0,286432.0
2025.02.27,3170.0,-15.0,3205.0,3225.0,3160.0,184252.0
2025.02.26,3185.0,55.0,3135.0,3195.0,3135.0,166796.0
2025.02.25,3130.0,-20.0,3145.0,3190.0,3110.0,492698.0
2025.02.24,3150.0,-20.0,3160.0,3160.0,3105.0,278428.0
2025.02.21,3170.0,5.0,3170.0,3175.0,3145.0,299693.0
2025.02.20,3165.0,-55.0,3210.0,3210.0,3130.0,261347.0
2025.02.19,3220.0,-25.0,3265.0,3265.0,3205.0,438243.0
2025.02.18,3245.0,90.0,3145.0,3255.0,3145.0,845927.0
2025.02.17,3155.0,-10.0,3170.0,3175.0,3125.0,303611.0
2025.02.14,3165.0,25.0,3170.0,3180.0,3140.0,444712.0
2025.02.13,3140.0,85.0,3090.0,3165.0,3075.0,951102.0
2025.02.12,3055.0,-10.0,3065.0,3070.0,3040.0,236115.0
2025.02.11,3065.0,35.0,3030.0,3085.0,3025.0,261058.0
2025.02.10,3030.0,5.0,3020.0,3050.0,3005.0,171758.0
2025.02.07,3025.0,20.0,2995.0,3040.0,2995.0,410181.0
2025.02.06,3005.0,55.0,2960.0,3015.0,2960.0,872696.0
2025.02.05,2950.0,-20.0,2985.0,2985.0,2945.0,209654.0
2025.02.04,2970.0,30.0,2955.0,2990.0,2940.0,214378.0
2025.02.03,2940.0,-45.0,2930.0,2950.0,2895.0,284652.0
2025.01.31,2985.0,-50.0,3000.0,3025.0,2965.0,224593.0
2025.01.24,3035.0,80.0,2995.0,3050.0,2985.0,399362.0
2025.01.23,2955.0,-30.0,2990.0,3025.0,2955.0,256151.0
2025.01.22,2985.0,55.0,2920.0,2990.0,2910.0,208710.0
2025.01.21,2930.0,25.0,2905.0,2930.0,2900.0,103018.0
2025.01.20,2905.0,-15.0,2920.0,2920.0,2885.0,142162.0
2025.01.17,2920.0,20.0,2905.0,2945.0,2900.0,172807.0
2025.01.16,2900.0,45.0,2865.0,2900.0,2855.0,148893.0
2025.01.15,2855.0,0.0,2860.0,2875.0,2835.0,102493.0
2025.01.14,2855.0,-20.0,2860.0,2875.0,2840.0,55412.0
2025.01.13,2875.0,-30.0,2900.0,2900.0,2850.0,66555.0
2025.01.10,2905.0,70.0,2850.0,2905.0,2850.0,139001.0
2025.01.09,2835.0,-25.0,2860.0,2860.0,2820.0,72475.0
2025.01.08,2860.0,-5.0,2850.0,2870.0,2845.0,99251.0
2025.01.07,2865.0,25.0,2840.0,2885.0,2830.0,98093.0
2025.01.06,2840.0,55.0,2795.0,2840.0,2790.0,98854.0
2025.01.03,2785.0,25.0,2755.0,2805.0,2755.0,118560.0
2025.01.02,2760.0,5.0,2755.0,2785.0,2735.0,62585.0
2024.12.30,2755.0,-10.0,2745.0,2795.0,2745.0,1278038.0
2024.12.27,2765.0,-20.0,2785.0,2785.0,2730.0,72556.0
2024.12.26,2785.0,-30.0,2825.0,2835.0,2765.0,47295.0
2024.12.24,2815.0,-35.0,2825.0,2845.0,2815.0,407950.0
2024.12.23,2850.0,65.0,2790.0,2850.0,2790.0,105370.0
2024.12.20,2785.0,-20.0,2825.0,2825.0,2775.0,42661.0
2024.12.19,2805.0,-40.0,2800.0,2830.0,2770.0,52177.0
2024.12.18,2845.0,25.0,2830.0,2845.0,2815.0,42918.0
2024.12.17,2820.0,0.0,2825.0,2845.0,2820.0,42213.0
2024.12.16,2820.0,-30.0,2850.0,2860.0,2820.0,52722.0
2024.12.13,2850.0,55.0,2790.0,2850.0,2790.0,87783.0
2024.12.12,2795.0,20.0,2780.0,2805.0,2745.0,147221.0
2024.12.11,2775.0,45.0,2710.0,2775.0,2710.0,53805.0
2024.12.10,2730.0,105.0,2630.0,2730.0,2630.0,128291.0
2024.12.09,2625.0,-155.0,2730.0,2730.0,2615.0,161694.0
2024.12.06,2780.0,-35.0,2805.0,2825.0,2710.0,162409.0
2024.12.05,2815.0,-60.0,2895.0,2895.0,2810.0,149066.0
2024.12.04,2875.0,-145.0,2940.0,2970.0,2855.0,361071.0
2024.12.03,3020.0,75.0,2950.0,3025.0,2950.0,152867.0
2024.12.02,2945.0,5.0,2965.0,2980.0,2920.0,102524.0
2024.11.29,2940.0,-50.0,3000.0,3000.0,2910.0,125349.0
2024.11.28,2990.0,5.0,2995.0,3020.0,2970.0,125941.0
2024.11.27,2985.0,-15.0,3020.0,3030.0,2980.0,181343.0
2024.11.26,3000.0,25.0,2975.0,3010.0,2960.0,5389122.0
2024.11.25,2975.0,60.0,2945.0,3005.0,2905.0,171293.0
2024.11.22,2915.0,25.0,2890.0,2940.0,2890.0,71682.0
2024.11.21,2890.0,15.0,2870.0,2895.0,2865.0,53029.0
2024.11.20,2875.0,5.0,2855.0,2880.0,2855.0,51843.0
2024.11.19,2870.0,0.0,2870.0,2870.0,2845.0,89105.0
2024.11.18,2870.0,35.0,2825.0,2895.0,2820.0,123435.0
2024.11.15,2835.0,0.0,2835.0,2840.0,2790.0,157047.0
2024.11.14,2835.0,20.0,2835.0,2845.0,2800.0,114258.0
2024.11.13,2815.0,-70.0,2860.0,2890.0,2810.0,92121.0
2024.11.12,2885.0,-45.0,2935.0,2940.0,2875.0,117708.0
2024.11.11,2930.0,-45.0,2985.0,2995.0,2915.0,139288.0
2024.11.08,2975.0,15.0,2980.0,3005.0,2965.0,112431.0
2024.11.07,2960.0,-30.0,3015.0,3015.0,2930.0,113069.0
2024.11.06,2990.0,45.0,2960.0,3005.0,2935.0,283986.0
2024.11.05,2945.0,45.0,2900.0,2960.0,2900.0,190176.0
2024.11.04,2900.0,10.0,2900.0,2910.0,2865.0,127678.0
2024.11.01,2890.0,-5.0,2880.0,2900.0,2865.0,54920.0
2024.10.31,2895.0,-35.0,2920.0,2920.0,2875.0,70036.0
2024.10.30,2930.0,-35.0,2970.0,2970.0,2925.0,102427.0
2024.10.29,2965.0,-10.0,2975.0,2975.0,2945.0,73813.0
2024.10.28,2975.0,30.0,2945.0,2975.0,2935.0,102124.0
2024.10.25,2945.0,-35.0,2985.0,2990.0,2930.0,128410.0
2024.10.24,2980.0,-30.0,3000.0,3005.0,2980.0,70387.0
2024.10.23,3010.0,-5.0,3015.0,3035.0,2970.0,119230.0
2024.10.22,3015.0,-55.0,3060.0,3060.0,3010.0,90883.0
2024.10.21,3070.0,0.0,3095.0,3095.0,3065.0,106161.0
2024.10.18,3070.0,-35.0,3105.0,3105.0,3050.0,117405.0
2024.10.17,3105.0,50.0,3065.0,3130.0,3065.0,89520.0
2024.10.16,3055.0,-30.0,3075.0,3075.0,3030.0,91011.0
2024.10.15,3085.0,15.0,3070.0,3085.0,3055.0,120562.0
2024.10.14,3070.0,-25.0,3095.0,3095.0,3050.0,99891.0
2024.10.11,3095.0,15.0,3090.0,3130.0,3065.0,243608.0
2024.10.10,3080.0,-10.0,3090.0,3100.0,3065.0,72295.0
2024.10.08,3090.0,20.0,3060.0,3105.0,3045.0,133415.0
2024.10.07,3070.0,20.0,3055.0,3080.0,3025.0,165432.0
2024.10.04,3050.0,15.0,3030.0,3055.0,3020.0,108924.0
2024.10.02,3035.0,-50.0,3070.0,3080.0,3010.0,145833.0
2024.09.30,3085.0,-30.0,3130.0,3130.0,3075.0,248656.0
2024.09.27,3115.0,-70.0,3185.0,3190.0,3110.0,200815.0
2024.09.26,3185.0,30.0,3170.0,3185.0,3150.0,1170366.0
2024.09.25,3155.0,-45.0,3240.0,3240.0,3150.0,93581.0
2024.09.24,3200.0,55.0,3160.0,3200.0,3145.0,160069.0
2024.09.23,3145.0,-55.0,3210.0,3225.0,3140.0,347763.0
2024.09.20,3200.0,-20.0,3245.0,3250.0,3185.0,109874.0
2024.09.19,3220.0,5.0,3280.0,3280.0,3200.0,1390787.0
2024.09.13,3215.0,40.0,3180.0,3230.0,3165.0,147058.0
2024.09.12,3175.0,70.0,3075.0,3175.0,3075.0,52191.0
2024.09.11,3105.0,-5.0,3100.0,3120.0,3065.0,141179.0
2024.09.10,3110.0,-25.0,3125.0,3150.0,3095.0,62276.0
2024.09.09,3135.0,20.0,3050.0,3135.0,3045.0,89430.0
2024.09.06,3115.0,-25.0,3140.0,3160.0,3090.0,102436.0
2024.09.05,3140.0,-65.0,3235.0,3240.0,3125.0,159926.0
2024.09.04,3205.0,-125.0,3230.0,3255.0,3205.0,286526.0
2024.09.03,3330.0,35.0,3315.0,3335.0,3305.0,88904.0
2024.09.02,3295.0,-40.0,3315.0,3330.0,3295.0,104714.0
2024.08.30,3335.0,10.0,3340.0,3340.0,3300.0,86280.0
2024.08.29,3325.0,-10.0,3310.0,3340.0,3295.0,93697.0
2024.08.28,3335.0,-75.0,3395.0,3395.0,3320.0,198018.0
2024.08.27,3410.0,0.0,3385.0,3410.0,3365.0,130583.0
2024.08.26,3410.0,20.0,3420.0,3430.0,3375.0,318040.0
2024.08.23,3390.0,50.0,3300.0,3395.0,3300.0,127206.0
2024.08.22,3340.0,-80.0,3440.0,3440.0,3320.0,374821.0
2024.08.21,3420.0,55.0,3370.0,3455.0,3330.0,503678.0
2024.08.20,3365.0,85.0,3300.0,3380.0,3295.0,329523.0
2024.08.19,3280.0,20.0,3270.0,3295.0,3240.0,265927.0
2024.08.16,3260.0,10.0,3280.0,3290.0,3250.0,111016.0
2024.08.14,3250.0,-5.0,3275.0,3285.0,3215.0,191235.0
2024.08.13,3255.0,-85.0,3320.0,3325.0,3245.0,402419.0
2024.08.12,3340.0,80.0,3265.0,3340.0,3235.0,250711.0
2024.08.09,3260.0,35.0,3260.0,3285.0,3230.0,469844.0
2024.08.08,3225.0,125.0,3060.0,3240.0,3060.0,881792.0
2024.08.07,3100.0,15.0,3095.0,3135.0,3050.0,192239.0
2024.08.06,3085.0,85.0,3085.0,3170.0,3050.0,336586.0
2024.08.05,3000.0,-335.0,3265.0,3290.0,2940.0,506163.0
2024.08.02,3335.0,-135.0,3420.0,3420.0,3320.0,361030.0
2024.08.01,3470.0,-10.0,3460.0,3495.0,3445.0,298129.0
2024.07.31,3480.0,30.0,3455.0,3525.0,3445.0,476246.0
2024.07.30,3450.0,-20.0,3460.0,3470.0,3400.0,239343.0
2024.07.29,3470.0,45.0,3425.0,3480.0,3395.0,422066.0
2024.07.26,3425.0,155.0,3270.0,3430.0,3270.0,581434.0
2024.07.25,3270.0,-15.0,3270.0,3275.0,3215.0,145541.0
2024.07.24,3285.0,-15.0,3265.0,3295.0,3250.0,264893.0
2024.07.23,3300.0,-40.0,3315.0,3340.0,3280.0,248426.0
2024.07.22,3340.0,30.0,3300.0,3340.0,3285.0,299307.0
2024.07.19,3310.0,-90.0,3385.0,3385.0,3285.0,285641.0
2024.07.18,3400.0,-15.0,3525.0,3530.0,3360.0,711812.0
2024.07.17,3415.0,115.0,3300.0,3440.0,3300.0,864137.0
2024.07.16,3300.0,-15.0,3300.0,3330.0,3275.0,205912.0
2024.07.15,3315.0,125.0,3195.0,3315.0,3190.0,329071.0
2024.07.12,3190.0,60.0,3160.0,3200.0,3155.0,420529.0
2024.07.11,3130.0,-5.0,3145.0,3155.0,3120.0,60990.0
2024.07.10,3135.0,-40.0,3175.0,3175.0,3130.0,31701.0
2024.07.09,3175.0,35.0,3145.0,3175.0,3130.0,90875.0
2024.07.08,3140.0,25.0,3120.0,3140.0,3110.0,28396.0
2024.07.05,3115.0,10.0,3120.0,3135.0,3100.0,39822.0
2024.07.04,3105.0,-5.0,3110.0,3120.0,3105.0,44954.0
2024.07.03,3110.0,-30.0,3130.0,3140.0,3100.0,49513.0
2024.07.02,3140.0,-40.0,3165.0,3165.0,3110.0,50951.0
2024.07.01,3180.0,30.0,3150.0,3185.0,3135.0,45573.0
2024.06.28,3150.0,35.0,3125.0,3155.0,3120.0,21108.0
2024.06.27,3115.0,-25.0,3130.0,3130.0,3095.0,29615.0
2024.06.26,3140.0,-10.0,3150.0,3150.0,3120.0,15419.0
2024.06.25,3150.0,15.0,3135.0,3170.0,3130.0,31197.0
2024.06.24,3135.0,-5.0,3150.0,3150.0,3120.0,32724.0
2024.06.21,3140.0,-25.0,3160.0,3165.0,3140.0,24613.0
2024.06.20,3165.0,35.0,3130.0,3170.0,3120.0,60683.0
2024.06.19,3130.0,30.0,3115.0,3145.0,3095.0,32124.0
2024.06.18,3100.0,-25.0,3130.0,3130.0,3080.0,41041.0
2024.06.17,3125.0,-30.0,3160.0,3160.0,3120.0,36278.0
2024.06.14,3155.0,-15.0,3170.0,3170.0,3135.0,74825.0
2024.06.13,3170.0,15.0,3180.0,3215.0,3165.0,94818.0
2024.06.12,3155.0,5.0,3150.0,3170.0,3150.0,16626.0
2024.06.11,3150.0,-20.0,3170.0,3195.0,3145.0,43514.0
2024.06.10,3170.0,-10.0,3170.0,3185.0,3140.0,38022.0
2024.06.07,3180.0,10.0,3175.0,3200.0,3170.0,59042.0
2024.06.05,3170.0,0.0,3170.0,3200.0,3160.0,28567.0
2024.06.04,3170.0,-40.0,3210.0,3210.0,3170.0,60971.0
2024.06.03,3210.0,15.0,3190.0,3225.0,3170.0,78674.0
2024.05.31,3195.0,45.0,3155.0,3195.0,3155.0,31890.0
2024.05.30,3150.0,-50.0,3185.0,3185.0,3145.0,67690.0
2024.05.29,3200.0,-20.0,3220.0,3225.0,3190.0,39662.0
2024.05.28,3220.0,-20.0,3245.0,3245.0,3210.0,70524.0
2024.05.27,3240.0,60.0,3205.0,3240.0,3200.0,45017.0
2024.05.24,3180.0,-50.0,3190.0,3195.0,3170.0,75408.0
2024.05.23,3230.0,25.0,3200.0,3230.0,3180.0,72954.0
2024.05.22,3205.0,5.0,3210.0,3225.0,3195.0,39973.0
2024.05.21,3200.0,-30.0,3255.0,3255.0,3195.0,29544.0
2024.05.20,3230.0,-5.0,3240.0,3250.0,3220.0,41632.0
2024.05.17,3235.0,-40.0,3260.0,3270.0,3225.0,56989.0
2024.05.16,3275.0,0.0,3290.0,3310.0,3265.0,42857.0
2024.05.14,3275.0,-15.0,3290.0,3300.0,3260.0,59925.0
2024.05.13,3290.0,0.0,3330.0,3330.0,3260.0,40755.0
2024.05.10,3290.0,0.0,3310.0,3310.0,3280.0,85435.0
2024.05.09,3290.0,-10.0,3305.0,3325.0,3285.0,139607.0
2024.05.08,3300.0,-10.0,3300.0,3310.0,3280.0,36466.0
2024.05.07,3310.0,30.0,3290.0,3310.0,3270.0,159928.0
2024.05.03,3280.0,-25.0,3310.0,3315.0,3270.0,72770.0
2024.05.02,3305.0,-25.0,3320.0,3330.0,3295.0,78342.0
2024.04.30,3330.0,25.0,3305.0,3355.0,3305.0,68809.0
2024.04.29,3305.0,50.0,3260.0,3315.0,3260.0,31201.0
2024.04.26,3290.0,15.0,3275.0,3300.0,3265.0,17660.0
2024.04.25,3275.0,0.0,3275.0,3300.0,3240.0,30241.0
2024.04.24,3275.0,45.0,3245.0,3275.0,3240.0,19959.0
2024.04.23,3230.0,0.0,3225.0,3255.0,3220.0,27635.0
2024.04.22,3230.0,90.0,3150.0,3230.0,3150.0,90382.0
2024.04.19,3140.0,-20.0,3160.0,3160.0,3065.0,74725.0
2024.04.18,3160.0,65.0,3095.0,3160.0,3090.0,41709.0
2024.04.17,3095.0,-60.0,3145.0,3160.0,3090.0,42283.0
2024.04.16,3155.0,-30.0,3185.0,3185.0,3135.0,41055.0
2024.04.15,3185.0,5.0,3185.0,3190.0,3135.0,48812.0
2024.04.12,3180.0,-30.0,3225.0,3225.0,3175.0,56379.0
2024.04.11,3210.0,-40.0,3250.0,3250.0,3190.0,68550.0
2024.04.09,3250.0,-15.0,3270.0,3300.0,3240.0,55730.0
2024.04.08,3265.0,-20.0,3275.0,3275.0,3250.0,48288.0
2024.04.05,3285.0,-10.0,3265.0,3300.0,3250.0,73621.0
2024.04.04,3295.0,0.0,3330.0,3340.0,3280.0,56971.0
2024.04.03,3295.0,15.0,3290.0,3335.0,3270.0,246193.0
2024.04.02,3280.0,-10.0,3285.0,3300.0,3260.0,77310.0
2024.04.01,3290.0,-5.0,3295.0,3305.0,3280.0,52737.0
2024.03.29,3295.0,-30.0,3340.0,3350.0,3290.0,68004.0
2024.03.28,3325.0,-5.0,3335.0,3340.0,3315.0,46513.0
2024.03.27,3330.0,30.0,3300.0,3335.0,3300.0,48712.0
2024.03.26,3300.0,-25.0,3335.0,3345.0,3300.0,45166.0
2024.03.25,3325.0,-35.0,3365.0,3365.0,3310.0,125288.0
2024.03.22,3360.0,-15.0,3375.0,3380.0,3345.0,49471.0
2024.03.21,3375.0,25.0,3355.0,3385.0,3355.0,40849.0
2024.03.20,3350.0,-10.0,3360.0,3385.0,3340.0,57411.0
2024.03.19,3360.0,-40.0,3390.0,3405.0,3350.0,21507.0
2024.03.18,3400.0,5.0,3395.0,3410.0,3360.0,48610.0
2024.03.15,3395.0,-5.0,3400.0,3430.0,3375.0,70848.0
2024.03.14,3400.0,50.0,3365.0,3410.0,3365.0,73497.0
2024.03.13,3350.0,-25.0,3395.0,3395.0,3340.0,50023.0
2024.03.12,3375.0,-10.0,3385.0,3385.0,3365.0,37444.0
2024.03.11,3385.0,-25.0,3410.0,3430.0,3360.0,42451.0
2024.03.08,3410.0,40.0,3365.0,3410.0,3360.0,42392.0
2024.03.07,3370.0,-5.0,3395.0,3395.0,3320.0,75367.0
2024.03.06,3375.0,-20.0,3380.0,3400.0,3360.0,22537.0
2024.03.05,3395.0,-10.0,3385.0,3415.0,3375.0,40521.0
2024.03.04,3405.0,-15.0,3425.0,3435.0,3385.0,54556.0
2024.02.29,3420.0,-40.0,3425.0,3440.0,3395.0,29374.0
2024.02.28,3460.0,100.0,3375.0,3460.0,3350.0,115053.0
2024.02.27,3360.0,-15.0,3330.0,3400.0,3330.0,34297.0
2024.02.26,3375.0,-20.0,3405.0,3410.0,3355.0,119339.0
2024.02.23,3395.0,5.0,3400.0,3400.0,3380.0,57803.0
2024.02.22,3390.0,20.0,3375.0,3395.0,3370.0,62501.0
2024.02.21,3370.0,30.0,3355.0,3385.0,3355.0,32340.0
2024.02.20,3340.0,-50.0,3390.0,3390.0,3340.0,49876.0
2024.02.19,3390.0,30.0,3380.0,3405.0,3345.0,51176.0
2024.02.16,3360.0,55.0,3315.0,3360.0,3295.0,52135.0
2024.02.15,3305.0,10.0,3295.0,3310.0,3290.0,41521.0
2024.02.14,3295.0,-25.0,3310.0,3310.0,3270.0,36174.0
2024.02.13,3320.0,40.0,3280.0,3320.0,3280.0,97345.0
2024.02.08,3280.0,15.0,3290.0,3290.0,3260.0,37780.0
2024.02.07,3265.0,50.0,3240.0,3270.0,3225.0,45902.0
2024.02.06,3215.0,-50.0,3200.0,3280.0,3200.0,46385.0
2024.02.05,3265.0,5.0,3260.0,3270.0,3220.0,44521.0
2024.02.02,3260.0,-25.0,3300.0,3300.0,3205.0,112524.0
2024.02.01,3285.0,90.0,3195.0,3285.0,3180.0,171323.0
2024.01.31,3195.0,-50.0,3245.0,3245.0,3185.0,50256.0
2024.01.30,3245.0,-25.0,3280.0,3305.0,3245.0,25323.0
2024.01.29,3270.0,60.0,3240.0,3275.0,3210.0,55436.0
2024.01.26,3210.0,65.0,3160.0,3220.0,3145.0,74228.0
2024.01.25,3145.0,25.0,3135.0,3155.0,3100.0,17589.0
2024.01.24,3120.0,-20.0,3150.0,3150.0,3105.0,17885.0
2024.01.23,3140.0,25.0,3115.0,3140.0,3100.0,72333.0
2024.01.22,3115.0,-35.0,3200.0,3200.0,3110.0,46734.0
2024.01.19,3150.0,10.0,3165.0,3190.0,3140.0,21992.0
2024.01.18,3140.0,0.0,3120.0,3180.0,3120.0,30017.0
2024.01.17,3140.0,-85.0,3240.0,3240.0,3140.0,38409.0
2024.01.16,3225.0,0.0,3235.0,3245.0,3200.0,38788.0
2024.01.15,3225.0,-40.0,3290.0,3290.0,3225.0,57551.0
2024.01.12,3265.0,-20.0,3300.0,3300.0,3255.0,48411.0
2024.01.11,3285.0,-10.0,3330.0,3330.0,3270.0,96262.0
2024.01.10,3295.0,35.0,3270.0,3310.0,3255.0,92974.0
2024.01.09,3260.0,35.0,3240.0,3270.0,3240.0,39919.0
2024.01.08,3225.0,10.0,3210.0,3255.0,3200.0,73919.0
2024.01.05,3215.0,-20.0,3225.0,3250.0,3210.0,60719.0
2024.01.04,3235.0,-30.0,3265.0,3265.0,3230.0,70049.0
2024.01.03,3265.0,-50.0,3295.0,3295.0,3245.0,73138.0
2024.01.02,3315.0,-60.0,3335.0,3350.0,3300.0,125903.0
2023.12.28,3375.0,40.0,3330.0,3375.0,3320.0,244642.0
2023.12.27,3335.0,0.0,3310.0,3370.0,3310.0,75374.0
2023.12.26,3335.0,-10.0,3360.0,3360.0,3320.0,60888.0
2023.12.22,3345.0,15.0,3330.0,3350.0,3330.0,38675.0
2023.12.21,3330.0,-25.0,3340.0,3345.0,3310.0,66828.0
2023.12.20,3355.0,35.0,3320.0,3360.0,3320.0,93281.0
2023.12.19,3320.0,-15.0,3350.0,3350.0,3290.0,29084.0
2023.12.18,3335.0,-35.0,3370.0,3370.0,3315.0,76665.0
2023.12.15,3370.0,20.0,3350.0,3385.0,3350.0,94940.0
2023.12.14,3350.0,50.0,3320.0,3380.0,3320.0,80337.0
2023.12.13,3300.0,-55.0,3340.0,3360.0,3300.0,152831.0
2023.12.12,3355.0,15.0,3340.0,3380.0,3340.0,103818.0
2023.12.11,3340.0,-20.0,3400.0,3400.0,3320.0,82109.0
2023.12.08,3360.0,0.0,3390.0,3390.0,3350.0,21621.0
2023.12.07,3360.0,-30.0,3390.0,3390.0,3335.0,38444.0
2023.12.06,3390.0,50.0,3355.0,3400.0,3345.0,102141.0
2023.12.05,3340.0,-25.0,3365.0,3365.0,3325.0,24561.0
2023.12.04,3365.0,10.0,3400.0,3400.0,3345.0,57038.0
2023.12.01,3355.0,-15.0,3395.0,3395.0,3355.0,51624.0
2023.11.30,3370.0,25.0,3370.0,3370.0,3330.0,25028.0
2023.11.29,3345.0,-75.0,3410.0,3410.0,3330.0,113098.0
2023.11.28,3420.0,10.0,3410.0,3420.0,3395.0,23785.0
2023.11.27,3410.0,10.0,3415.0,3415.0,3370.0,64440.0
2023.11.24,3400.0,20.0,3380.0,3405.0,3380.0,37560.0
2023.11.23,3380.0,-20.0,3400.0,3420.0,3375.0,38377.0
2023.11.22,3400.0,20.0,3340.0,3400.0,3340.0,59256.0
2023.11.21,3380.0,25.0,3390.0,3395.0,3350.0,78055.0
2023.11.20,3355.0,15.0,3355.0,3380.0,3325.0,65139.0
2023.11.17,3340.0,15.0,3325.0,3340.0,3295.0,77487.0
2023.11.16,3325.0,0.0,3325.0,3340.0,3275.0,96556.0
2023.11.15,3325.0,80.0,3310.0,3325.0,3280.0,86977.0
2023.11.14,3245.0,60.0,3230.0,3245.0,3210.0,94159.0
2023.11.13,3185.0,-15.0,3200.0,3245.0,3175.0,72910.0
2023.11.10,3200.0,-40.0,3180.0,3220.0,3180.0,30055.0
2023.11.09,3240.0,20.0,3190.0,3255.0,3190.0,106871.0
2023.11.08,3220.0,-35.0,3280.0,3280.0,3215.0,165810.0
2023.11.07,3255.0,-15.0,3275.0,3275.0,3210.0,158543.0
2023.11.06,3270.0,105.0,3220.0,3270.0,3180.0,102272.0
2023.11.03,3165.0,30.0,3200.0,3200.0,3120.0,43905.0
2023.11.02,3135.0,45.0,3100.0,3140.0,3100.0,58904.0
2023.11.01,3090.0,35.0,3075.0,3095.0,3060.0,41297.0
2023.10.31,3055.0,-20.0,3105.0,3105.0,3045.0,31694.0
2023.10.30,3075.0,-55.0,3125.0,3125.0,3065.0,53665.0
2023.10.27,3130.0,-15.0,3145.0,3190.0,3130.0,21394.0
2023.10.26,3145.0,-90.0,3200.0,3205.0,3140.0,19087.0
2023.10.25,3235.0,-5.0,3265.0,3265.0,3210.0,29250.0
2023.10.24,3240.0,55.0,3180.0,3240.0,3150.0,110352.0
2023.10.23,3185.0,-80.0,3215.0,3250.0,3170.0,37959.0
2023.10.20,3265.0,-10.0,3275.0,3280.0,3205.0,22668.0
2023.10.19,3275.0,-65.0,3275.0,3285.0,3240.0,25765.0
2023.10.18,3340.0,15.0,3305.0,3350.0,3305.0,90663.0
2023.10.17,3325.0,30.0,3300.0,3350.0,3300.0,20303.0
2023.10.16,3295.0,-5.0,3275.0,3305.0,3250.0,12713.0
2023.10.13,3300.0,-55.0,3310.0,3325.0,3285.0,30138.0
2023.10.12,3355.0,75.0,3280.0,3355.0,3280.0,46893.0
2023.10.11,3280.0,40.0,3240.0,3290.0,3240.0,66849.0
2023.10.10,3240.0,-60.0,3325.0,3335.0,3225.0,69989.0
2023.10.06,3300.0,20.0,3260.0,3305.0,3260.0,9691.0
2023.10.05,3280.0,-20.0,3285.0,3320.0,3275.0,22014.0
2023.10.04,3300.0,-100.0,3390.0,3390.0,3285.0,120213.0
2023.09.27,3400.0,60.0,3310.0,3400.0,3310.0,57834.0
2023.09.26,3340.0,-60.0,3400.0,3405.0,3315.0,54547.0
2023.09.25,3400.0,-40.0,3430.0,3430.0,3380.0,29353.0
2023.09.22,3440.0,-60.0,3480.0,3480.0,3420.0,41436.0
2023.09.21,3500.0,-55.0,3530.0,3550.0,3485.0,18266.0
2023.09.20,3555.0,-40.0,3590.0,3590.0,3540.0,57783.0
2023.09.19,3595.0,30.0,3595.0,3600.0,3555.0,46623.0
2023.09.18,3565.0,-30.0,3565.0,3595.0,3565.0,39446.0
2023.09.15,3595.0,50.0,3570.0,3600.0,3550.0,153974.0
2023.09.14,3545.0,55.0,3510.0,3560.0,3500.0,56619.0
2023.09.13,3490.0,-25.0,3500.0,3520.0,3470.0,38981.0
2023.09.12,3515.0,-70.0,3600.0,3600.0,3505.0,43413.0
2023.09.11,3585.0,-10.0,3580.0,3605.0,3570.0,39437.0
2023.09.08,3595.0,35.0,3565.0,3595.0,3550.0,31988.0
2023.09.07,3560.0,-85.0,3610.0,3620.0,3540.0,44982.0
2023.09.06,3645.0,-50.0,3690.0,3710.0,3620.0,25690.0
2023.09.05,3695.0,0.0,3695.0,3700.0,3655.0,51786.0
2023.09.04,3695.0,50.0,3640.0,3695.0,3615.0,37909.0
2023.09.01,3645.0,-55.0,3675.0,3720.0,3635.0,50543.0
2023.08.31,3700.0,-35.0,3715.0,3740.0,3675.0,50650.0
2023.08.30,3735.0,-20.0,3750.0,3795.0,3735.0,40160.0
2023.08.29,3755.0,0.0,3765.0,3815.0,3740.0,76482.0
2023.08.28,3755.0,110.0,3705.0,3760.0,3665.0,85487.0
2023.08.25,3645.0,-85.0,3710.0,3710.0,3630.0,83965.0
2023.08.24,3730.0,105.0,3610.0,3735.0,3600.0,147411.0
2023.08.23,3625.0,-15.0,3645.0,3650.0,3605.0,32298.0
2023.08.22,3640.0,35.0,3620.0,3640.0,3595.0,70806.0
2023.08.21,3605.0,-5.0,3620.0,3645.0,3580.0,41945.0
2023.08.18,3610.0,-35.0,3585.0,3625.0,3580.0,119691.0
2023.08.17,3645.0,30.0,3595.0,3645.0,3555.0,38397.0
2023.08.16,3615.0,-120.0,3710.0,3710.0,3605.0,48600.0
2023.08.14,3735.0,-15.0,3750.0,3775.0,3705.0,97850.0
2023.08.11,3750.0,-50.0,3805.0,3805.0,3750.0,27766.0
2023.08.10,3800.0,50.0,3785.0,3800.0,3725.0,106766.0
2023.08.09,3750.0,15.0,3735.0,3785.0,3715.0,87475.0
2023.08.08,3735.0,15.0,3730.0,3760.0,3685.0,83704.0
2023.08.07,3720.0,-120.0,3775.0,3810.0,3715.0,94645.0
2023.08.04,3840.0,-25.0,3905.0,3905.0,3825.0,26087.0
2023.08.03,3865.0,-25.0,3890.0,3890.0,3800.0,67809.0
2023.08.02,3890.0,-50.0,3920.0,3985.0,3870.0,163304.0
2023.08.01,3940.0,-45.0,4030.0,4030.0,3925.0,226858.0
2023.07.31,3985.0,85.0,3955.0,4005.0,3910.0,276112.0
2023.07.28,3900.0,110.0,3720.0,3900.0,3695.0,113967.0
2023.07.27,3790.0,-75.0,3840.0,3910.0,3730.0,456003.0
2023.07.26,3865.0,-210.0,4075.0,4185.0,3700.0,1567745.0
2023.07.25,4075.0,155.0,3975.0,4080.0,3950.0,1781033.0
2023.07.24,3920.0,85.0,3880.0,3955.0,3860.0,1043565.0
2023.07.21,3835.0,65.0,3710.0,3860.0,3705.0,707394.0
2023.07.20,3770.0,-35.0,3760.0,3785.0,3710.0,152928.0
2023.07.19,3805.0,55.0,3755.0,3815.0,3755.0,456852.0
2023.07.18,3750.0,60.0,3700.0,3755.0,3690.0,316424.0
2023.07.17,3690.0,60.0,3665.0,3720.0,3665.0,433829.0
2023.07.14,3630.0,30.0,3615.0,3630.0,3570.0,99200.0
2023.07.13,3600.0,15.0,3585.0,3610.0,3570.0,79182.0
2023.07.12,3585.0,25.0,3550.0,3645.0,3550.0,164604.0
2023.07.11,3560.0,-5.0,3570.0,3590.0,3540.0,68291.0
2023.07.10,3565.0,130.0,3455.0,3590.0,3455.0,164795.0
2023.07.07,3435.0,20.0,3405.0,3445.0,3370.0,95573.0
2023.07.06,3415.0,-95.0,3505.0,3505.0,3400.0,160473.0
2023.07.05,3510.0,-40.0,3525.0,3555.0,3505.0,77822.0
2023.07.04,3550.0,0.0,3540.0,3575.0,3530.0,31594.0
2023.07.03,3550.0,95.0,3470.0,3565.0,3470.0,93403.0
2023.06.30,3455.0,35.0,3445.0,3465.0,3405.0,75337.0
2023.06.29,3420.0,-60.0,3495.0,3505.0,3420.0,148405.0
2023.06.28,3480.0,-80.0,3560.0,3575.0,3480.0,118687.0
2023.06.27,3560.0,-40.0,3600.0,3600.0,3535.0,121165.0
2023.06.26,3600.0,35.0,3625.0,3675.0,3590.0,174552.0
2023.06.23,3565.0,-90.0,3645.0,3645.0,3555.0,46893.0
2023.06.22,3655.0,30.0,3620.0,3660.0,3595.0,68819.0
2023.06.21,3625.0,5.0,3605.0,3650.0,3600.0,72515.0
2023.06.20,3620.0,-30.0,3650.0,3675.0,3605.0,104753.0
2023.06.19,3650.0,55.0,3590.0,3670.0,3590.0,350858.0
2023.06.16,3595.0,70.0,3525.0,3595.0,3525.0,136071.0
2023.06.15,3525.0,-50.0,3590.0,3590.0,3500.0,94521.0
2023.06.14,3575.0,-85.0,3660.0,3665.0,3555.0,126939.0
2023.06.13,3660.0,35.0,3650.0,3685.0,3630.0,111804.0
2023.06.12,3625.0,-15.0,3650.0,3670.0,3620.0,86799.0
2023.06.09,3640.0,5.0,3645.0,3670.0,3625.0,59558.0
2023.06.08,3635.0,20.0,3605.0,3650.0,3595.0,54598.0
2023.06.07,3615.0,0.0,3625.0,3640.0,3615.0,230342.0
2023.06.05,3615.0,45.0,3575.0,3645.0,3570.0,241033.0
2023.06.02,3570.0,70.0,3500.0,3570.0,3500.0,225546.0
2023.06.01,3500.0,-5.0,3505.0,3510.0,3465.0,184666.0
2023.05.31,3505.0,-5.0,3485.0,3510.0,3475.0,81215.0
2023.05.30,3510.0,40.0,3480.0,3510.0,3465.0,112849.0
2023.05.26,3470.0,-60.0,3500.0,3520.0,3455.0,89107.0
2023.05.25,3530.0,-20.0,3540.0,3585.0,3515.0,62878.0
2023.05.24,3550.0,-5.0,3535.0,3610.0,3535.0,170854.0
2023.05.23,3555.0,25.0,3545.0,3595.0,3530.0,143913.0
2023.05.22,3530.0,90.0,3445.0,3530.0,3440.0,253184.0
2023.05.19,3440.0,35.0,3395.0,3445.0,3395.0,74160.0
2023.05.18,3405.0,35.0,3375.0,3405.0,3365.0,96947.0
2023.05.17,3370.0,0.0,3370.0,3370.0,3325.0,55797.0
2023.05.16,3370.0,0.0,3375.0,3385.0,3345.0,17017.0
2023.05.15,3370.0,-5.0,3350.0,3370.0,3325.0,16952.0
2023.05.12,3375.0,-35.0,3380.0,3395.0,3355.0,36087.0
2023.05.11,3410.0,10.0,3400.0,3450.0,3400.0,110619.0
2023.05.10,3400.0,-70.0,3465.0,3465.0,3380.0,87537.0
2023.05.09,3470.0,-5.0,3465.0,3470.0,3405.0,99369.0
2023.05.08,3475.0,30.0,3455.0,3505.0,3445.0,107254.0
2023.05.04,3445.0,-30.0,3475.0,3495.0,3435.0,78552.0
2023.05.03,3475.0,-40.0,3470.0,3505.0,3455.0,45541.0
2023.05.02,3515.0,25.0,3485.0,3530.0,3480.0,289623.0
2023.04.28,3490.0,10.0,3500.0,3520.0,3445.0,136801.0
2023.04.27,3480.0,35.0,3450.0,3500.0,3420.0,94274.0
2023.04.26,3475.0,-60.0,3530.0,3565.0,3470.0,90981.0
2023.04.25,3535.0,-35.0,3585.0,3590.0,3485.0,188771.0
2023.04.24,3570.0,-100.0,3635.0,3660.0,3560.0,233241.0
2023.04.21,3670.0,-10.0,3655.0,3700.0,3605.0,514645.0
2023.04.20,3680.0,-55.0,3700.0,3755.0,3660.0,636122.0
2023.04.19,3735.0,85.0,3650.0,3765.0,3650.0,805680.0
2023.04.18,3650.0,-5.0,3735.0,3740.0,3615.0,1168157.0
2023.04.17,3655.0,155.0,3520.0,3675.0,3520.0,1522497.0
2023.04.14,3500.0,165.0,3365.0,3520.0,3360.0,888199.0
2023.04.13,3335.0,-15.0,3320.0,3335.0,3250.0,223454.0
2023.04.12,3350.0,15.0,3320.0,3395.0,3320.0,251651.0
2023.04.11,3335.0,60.0,3270.0,3340.0,3270.0,136467.0
2023.04.10,3275.0,0.0,3275.0,3315.0,3255.0,189470.0
2023.04.07,3275.0,-5.0,3280.0,3295.0,3245.0,133486.0
2023.04.06,3280.0,-30.0,3305.0,3305.0,3260.0,123021.0
2023.04.05,3310.0,10.0,3300.0,3315.0,3270.0,129117.0
2023.04.04,3300.0,-5.0,3315.0,3345.0,3275.0,148979.0
2023.04.03,3305.0,70.0,3270.0,3330.0,3245.0,373894.0
2023.03.31,3235.0,85.0,3170.0,3260.0,3140.0,269005.0
2023.03.30,3150.0,10.0,3145.0,3175.0,3110.0,122636.0
2023.03.29,3140.0,20.0,3125.0,3150.0,3110.0,47263.0
2023.03.28,3120.0,25.0,3090.0,3130.0,3090.0,205856.0
2023.03.27,3095.0,0.0,3115.0,3160.0,3085.0,55587.0
2023.03.24,3095.0,-5.0,3090.0,3100.0,3050.0,56621.0
2023.03.23,3100.0,0.0,3065.0,3120.0,3065.0,62730.0
2023.03.22,3100.0,-10.0,3145.0,3145.0,3095.0,48588.0
2023.03.21,3110.0,10.0,3115.0,3170.0,3095.0,113655.0
2023.03.20,3100.0,-25.0,3105.0,3155.0,3075.0,158875.0
2023.03.17,3125.0,-20.0,3165.0,3170.0,3110.0,113068.0
2023.03.16,3145.0,55.0,3070.0,3185.0,2810.0,256260.0
2023.03.15,3090.0,75.0,3040.0,3120.0,3040.0,167536.0
2023.03.14,3015.0,-75.0,3090.0,3100.0,2995.0,105726.0
2023.03.13,3090.0,-20.0,3050.0,3095.0,3015.0,146598.0
2023.03.10,3110.0,-25.0,3115.0,3155.0,3090.0,211502.0
2023.03.09,3135.0,30.0,3120.0,3140.0,3095.0,180848.0
2023.03.08,3105.0,-25.0,3075.0,3115.0,3075.0,141554.0
2023.03.07,3130.0,110.0,3030.0,3155.0,3020.0,659099.0
2023.03.06,3020.0,5.0,3030.0,3050.0,2990.0,90018.0
2023.03.03,3015.0,20.0,2985.0,3030.0,2970.0,91849.0
2023.03.02,2995.0,30.0,2960.0,3010.0,2940.0,477586.0
2023.02.28,2965.0,5.0,2975.0,3015.0,2950.0,37718.0
2023.02.27,2960.0,-20.0,2975.0,2980.0,2935.0,67740.0
2023.02.24,2980.0,-50.0,3010.0,3035.0,2975.0,69851.0
2023.02.23,3030.0,-5.0,3015.0,3040.0,2970.0,145185.0
2023.02.22,3035.0,-50.0,3025.0,3070.0,3010.0,213284.0
2023.02.21,3085.0,60.0,3040.0,3105.0,3025.0,413126.0
2023.02.20,3025.0,-10.0,3020.0,3035.0,2975.0,123806.0
2023.02.17,3035.0,15.0,2985.0,3065.0,2980.0,193977.0
2023.02.16,3020.0,70.0,2970.0,3025.0,2970.0,95804.0
2023.02.15,2950.0,-50.0,3020.0,3025.0,2950.0,94913.0
2023.02.14,3000.0,5.0,2995.0,3020.0,2985.0,123453.0
2023.02.13,2995.0,5.0,2985.0,3010.0,2970.0,134901.0
2023.02.10,2990.0,-20.0,3005.0,3030.0,2970.0,161773.0
2023.02.09,3010.0,50.0,2960.0,3020.0,2950.0,230375.0
2023.02.08,2960.0,5.0,2985.0,2985.0,2955.0,112465.0
2023.02.07,2955.0,0.0,2955.0,2980.0,2945.0,145112.0
2023.02.06,2955.0,-50.0,2975.0,3000.0,2950.0,151632.0
2023.02.03,3005.0,35.0,2985.0,3025.0,2970.0,222635.0
2023.02.02,2970.0,-35.0,3030.0,3045.0,2970.0,255644.0
2023.02.01,3005.0,-15.0,3000.0,3050.0,2995.0,328843.0
2023.01.31,3020.0,95.0,2965.0,3035.0,2945.0,420696.0
2023.01.30,2925.0,-30.0,2955.0,2970.0,2920.0,201535.0
2023.01.27,2955.0,45.0,2900.0,2965.0,2900.0,272477.0
2023.01.26,2910.0,105.0,2810.0,2910.0,2810.0,296527.0
2023.01.25,2805.0,-25.0,2835.0,2835.0,2800.0,151621.0
2023.01.20,2830.0,50.0,2735.0,2830.0,2735.0,131357.0
2023.01.19,2780.0,-20.0,2790.0,2795.0,2760.0,105778.0
2023.01.18,2800.0,-30.0,2830.0,2830.0,2785.0,67446.0
2023.01.17,2830.0,0.0,2850.0,2855.0,2820.0,156159.0
2023.01.16,2830.0,-5.0,2860.0,2860.0,2820.0,136033.0
2023.01.13,2835.0,15.0,2825.0,2850.0,2820.0,86158.0
2023.01.12,2820.0,15.0,2820.0,2840.0,2805.0,150429.0
2023.01.11,2805.0,-20.0,2840.0,2840.0,2795.0,302690.0
2023.01.10,2825.0,25.0,2805.0,2840.0,2795.0,236003.0
2023.01.09,2800.0,30.0,2805.0,2805.0,2760.0,198953.0
2023.01.06,2770.0,90.0,2660.0,2785.0,2640.0,416997.0
2023.01.05,2680.0,25.0,2655.0,2680.0,2640.0,107102.0
2023.01.04,2655.0,45.0,2595.0,2655.0,2550.0,589748.0
2023.01.03,2610.0,-30.0,2635.0,2635.0,2540.0,477126.0
2023.01.02,2640.0,5.0,2635.0,2675.0,2615.0,491420.0
2022.12.29,2635.0,-40.0,2650.0,2695.0,2625.0,195097.0
2022.12.28,2675.0,-35.0,2710.0,2715.0,2665.0,196266.0
2022.12.27,2710.0,55.0,2675.0,2710.0,2660.0,271239.0
2022.12.26,2655.0,15.0,2615.0,2665.0,2615.0,148447.0
2022.12.23,2640.0,-80.0,2670.0,2680.0,2635.0,59060.0
2022.12.22,2720.0,25.0,2705.0,2720.0,2695.0,213908.0
2022.12.21,2695.0,5.0,2705.0,2720.0,2675.0,117010.0
2022.12.20,2690.0,-20.0,2715.0,2740.0,2685.0,140670.0
2022.12.19,2710.0,0.0,2710.0,2730.0,2690.0,121626.0
2022.12.16,2710.0,-30.0,2695.0,2725.0,2685.0,135666.0
2022.12.15,2740.0,-40.0,2775.0,2775.0,2735.0,196904.0
2022.12.14,2780.0,40.0,2745.0,2785.0,2745.0,150412.0
2022.12.13,2740.0,-20.0,2760.0,2780.0,2730.0,148094.0
2022.12.12,2760.0,-50.0,2785.0,2785.0,2730.0,261117.0
2022.12.09,2810.0,-25.0,2845.0,2845.0,2780.0,215372.0
2022.12.08,2835.0,-15.0,2870.0,2875.0,2810.0,58327.0
2022.12.07,2850.0,-40.0,2865.0,2890.0,2850.0,109031.0
2022.12.06,2890.0,-35.0,2895.0,2930.0,2875.0,96503.0
2022.12.05,2925.0,-35.0,2950.0,2970.0,2905.0,119684.0
2022.12.02,2960.0,-85.0,3025.0,3025.0,2945.0,122255.0
2022.12.01,3045.0,30.0,3050.0,3095.0,3030.0,455273.0
2022.11.30,3015.0,5.0,3010.0,3020.0,2970.0,74639.0
2022.11.29,3010.0,25.0,2990.0,3010.0,2990.0,116316.0
2022.11.28,2985.0,-40.0,3025.0,3025.0,2965.0,105196.0
2022.11.25,3025.0,-15.0,3050.0,3060.0,3015.0,156661.0
2022.11.24,3040.0,25.0,3025.0,3045.0,3015.0,219024.0
2022.11.23,3015.0,10.0,3005.0,3020.0,2985.0,316313.0
2022.11.22,3005.0,20.0,2980.0,3015.0,2970.0,223112.0
2022.11.21,2985.0,-30.0,3035.0,3035.0,2960.0,247564.0
2022.11.18,3015.0,-20.0,3025.0,3055.0,3010.0,182853.0
2022.11.17,3035.0,-65.0,3100.0,3105.0,3015.0,312593.0
2022.11.16,3100.0,-25.0,3115.0,3115.0,3025.0,219351.0
2022.11.15,3125.0,20.0,3120.0,3135.0,3090.0,191232.0
2022.11.14,3105.0,40.0,3095.0,3155.0,3080.0,909775.0
2022.11.11,3065.0,90.0,3075.0,3075.0,3025.0,381918.0
2022.11.10,2975.0,-5.0,2970.0,3025.0,2965.0,165460.0
2022.11.09,2980.0,25.0,2955.0,2985.0,2940.0,507977.0
2022.11.08,2955.0,10.0,2955.0,2995.0,2900.0,361795.0
2022.11.07,2945.0,55.0,2910.0,2955.0,2885.0,265589.0
2022.11.04,2890.0,-5.0,2895.0,2910.0,2865.0,204765.0
2022.11.03,2895.0,105.0,2735.0,2900.0,2735.0,429111.0
2022.11.02,2790.0,-25.0,2840.0,2850.0,2785.0,234589.0
2022.11.01,2815.0,95.0,2735.0,2815.0,2730.0,473517.0
2022.10.31,2720.0,0.0,2755.0,2770.0,2700.0,540099.0
2022.10.28,2720.0,-15.0,2735.0,2765.0,2720.0,368594.0
2022.10.27,2735.0,85.0,2655.0,2745.0,2655.0,229374.0
2022.10.26,2650.0,-30.0,2685.0,2700.0,2640.0,304167.0
2022.10.25,2680.0,-25.0,2710.0,2720.0,2675.0,657180.0
2022.10.24,2705.0,75.0,2675.0,2745.0,2675.0,1039407.0
2022.10.21,2630.0,-90.0,2715.0,2715.0,2625.0,729210.0
2022.10.20,2720.0,15.0,2695.0,2735.0,2690.0,333622.0
2022.10.19,2705.0,-35.0,2735.0,2755.0,2695.0,288903.0
2022.10.18,2740.0,130.0,2635.0,2740.0,2635.0,192629.0
2022.10.17,2610.0,-15.0,2575.0,2610.0,2535.0,274742.0
2022.10.14,2625.0,75.0,2590.0,2640.0,2590.0,304833.0
2022.10.13,2550.0,-65.0,2610.0,2610.0,2545.0,129579.0
2022.10.12,2615.0,45.0,2560.0,2625.0,2545.0,139367.0
2022.10.11,2570.0,-85.0,2605.0,2630.0,2565.0,231293.0
2022.10.07,2655.0,0.0,2630.0,2675.0,2625.0,130022.0
2022.10.06,2655.0,45.0,2630.0,2660.0,2615.0,245327.0
2022.10.05,2610.0,-30.0,2685.0,2685.0,2595.0,143514.0
2022.10.04,2640.0,80.0,2600.0,2640.0,2570.0,271892.0
2022.09.30,2560.0,-5.0,2555.0,2600.0,2530.0,342045.0
2022.09.29,2565.0,-40.0,2665.0,2665.0,2565.0,153070.0
2022.09.28,2605.0,-115.0,2705.0,2710.0,2590.0,219666.0
2022.09.27,2720.0,35.0,2675.0,2720.0,2650.0,394186.0
2022.09.26,2685.0,-155.0,2820.0,2820.0,2680.0,563495.0
2022.09.23,2840.0,-80.0,2920.0,2920.0,2840.0,315595.0
2022.09.22,2920.0,-10.0,2900.0,2920.0,2855.0,421623.0
2022.09.21,2930.0,-5.0,2925.0,2975.0,2910.0,255219.0
2022.09.20,2935.0,50.0,2910.0,2950.0,2910.0,151263.0
2022.09.19,2885.0,-45.0,2940.0,2940.0,2870.0,109196.0
2022.09.16,2930.0,-55.0,2970.0,2995.0,2910.0,178028.0
2022.09.15,2985.0,20.0,2970.0,2995.0,2945.0,126203.0
2022.09.14,2965.0,-30.0,2930.0,2965.0,2915.0,215163.0
2022.09.13,2995.0,65.0,2965.0,3005.0,2965.0,228820.0
2022.09.08,2930.0,5.0,2955.0,2965.0,2905.0,120378.0
2022.09.07,2925.0,-30.0,2940.0,2950.0,2900.0,181354.0
2022.09.06,2955.0,0.0,2970.0,2985.0,2945.0,226727.0
2022.09.05,2955.0,10.0,2945.0,2985.0,2930.0,268285.0
2022.09.02,2945.0,10.0,2970.0,2970.0,2930.0,365267.0
2022.09.01,2935.0,-115.0,3020.0,3020.0,2935.0,378648.0
2022.08.31,3050.0,5.0,3010.0,3050.0,2975.0,402537.0
2022.08.30,3045.0,20.0,3040.0,3070.0,3030.0,389278.0
2022.08.29,3025.0,-45.0,2960.0,3040.0,2960.0,294671.0
2022.08.26,3070.0,10.0,3075.0,3100.0,3040.0,264483.0
2022.08.25,3060.0,45.0,3050.0,3060.0,3015.0,323658.0
2022.08.24,3015.0,75.0,2950.0,3015.0,2945.0,212027.0
2022.08.23,2940.0,-30.0,2950.0,2985.0,2935.0,158601.0
2022.08.22,2970.0,-30.0,2945.0,3000.0,2945.0,340230.0
2022.08.19,3000.0,-35.0,3035.0,3040.0,2995.0,244429.0
2022.08.18,3035.0,5.0,3005.0,3045.0,2990.0,286012.0
2022.08.17,3030.0,-15.0,3050.0,3100.0,3015.0,438636.0
2022.08.16,3045.0,-50.0,3095.0,3105.0,3045.0,547114.0
2022.08.12,3095.0,80.0,3025.0,3095.0,3015.0,928707.0
2022.08.11,3015.0,45.0,3015.0,3055.0,2995.0,765561.0
2022.08.10,2970.0,60.0,2915.0,3005.0,2915.0,984536.0
2022.08.09,2910.0,50.0,2855.0,2910.0,2855.0,604159.0
2022.08.08,2860.0,35.0,2820.0,2860.0,2810.0,419479.0
2022.08.05,2825.0,50.0,2800.0,2835.0,2795.0,405516.0
2022.08.04,2775.0,-15.0,2805.0,2825.0,2775.0,261326.0
2022.08.03,2790.0,5.0,2760.0,2795.0,2755.0,209193.0
2022.08.02,2785.0,-10.0,2795.0,2805.0,2760.0,244253.0
2022.08.01,2795.0,30.0,2770.0,2805.0,2765.0,143547.0
2022.07.29,2765.0,30.0,2750.0,2765.0,2735.0,189866.0
2022.07.28,2735.0,30.0,2725.0,2755.0,2700.0,318691.0
2022.07.27,2705.0,15.0,2690.0,2705.0,2665.0,109253.0
2022.07.26,2690.0,30.0,2665.0,2725.0,2660.0,296994.0
2022.07.25,2660.0,10.0,2640.0,2660.0,2635.0,198817.0
2022.07.22,2650.0,-10.0,2660.0,2685.0,2640.0,313148.0
2022.07.21,2660.0,20.0,2645.0,2660.0,2635.0,242313.0
2022.07.20,2640.0,25.0,2650.0,2665.0,2630.0,231656.0
2022.07.19,2615.0,0.0,2605.0,2625.0,2590.0,225115.0
2022.07.18,2615.0,90.0,2545.0,2615.0,2540.0,377228.0
2022.07.15,2525.0,-40.0,2575.0,2580.0,2485.0,517138.0
2022.07.14,2565.0,-20.0,2560.0,2580.0,2530.0,281715.0
2022.07.13,2585.0,15.0,2570.0,2585.0,2530.0,344392.0
2022.07.12,2570.0,-55.0,2605.0,2610.0,2545.0,283598.0
2022.07.11,2625.0,-35.0,2665.0,2670.0,2615.0,169931.0
2022.07.08,2660.0,15.0,2655.0,2715.0,2655.0,366756.0
2022.07.07,2645.0,55.0,2610.0,2650.0,2585.0,298652.0
2022.07.06,2590.0,-125.0,2700.0,2700.0,2590.0,478597.0
2022.07.05,2715.0,55.0,2705.0,2730.0,2680.0,435794.0
2022.07.04,2660.0,-95.0,2765.0,2780.0,2630.0,405701.0
2022.07.01,2755.0,-5.0,2770.0,2815.0,2735.0,553253.0
2022.06.30,2760.0,20.0,2750.0,2810.0,2730.0,654968.0
2022.06.29,2740.0,-20.0,2710.0,2765.0,2710.0,293381.0
2022.06.28,2760.0,40.0,2700.0,2765.0,2700.0,227566.0
2022.06.27,2720.0,95.0,2655.0,2725.0,2640.0,284615.0
2022.06.24,2625.0,85.0,2545.0,2640.0,2530.0,287434.0
2022.06.23,2540.0,-110.0,2645.0,2675.0,2540.0,771573.0
2022.06.22,2650.0,-130.0,2800.0,2805.0,2650.0,294348.0
2022.06.21,2780.0,10.0,2780.0,2800.0,2735.0,378335.0
2022.06.20,2770.0,-95.0,2870.0,2870.0,2745.0,447009.0
2022.06.17,2865.0,-10.0,2805.0,2880.0,2800.0,239203.0
2022.06.16,2875.0,-45.0,2965.0,2970.0,2875.0,255834.0
2022.06.15,2920.0,-40.0,2945.0,2980.0,2900.0,215965.0
2022.06.14,2960.0,-20.0,2920.0,2965.0,2870.0,426065.0
2022.06.13,2980.0,-150.0,3070.0,3070.0,2980.0,353799.0
2022.06.10,3130.0,10.0,3080.0,3140.0,3065.0,192625.0
2022.06.09,3120.0,20.0,3085.0,3120.0,3055.0,197378.0
2022.06.08,3100.0,25.0,3085.0,3120.0,3080.0,147597.0
2022.06.07,3075.0,-70.0,3145.0,3145.0,3070.0,181919.0
2022.06.03,3145.0,5.0,3155.0,3155.0,3120.0,272486.0
2022.06.02,3140.0,-35.0,3170.0,3170.0,3115.0,199127.0
2022.05.31,3175.0,10.0,3175.0,3180.0,3145.0,128823.0
2022.05.30,3165.0,45.0,3155.0,3170.0,3145.0,154074.0
2022.05.27,3120.0,-10.0,3170.0,3170.0,3105.0,255170.0
2022.05.26,3130.0,15.0,3115.0,3150.0,3115.0,251587.0
2022.05.25,3115.0,45.0,3105.0,3135.0,3075.0,183946.0
2022.05.24,3070.0,-25.0,3100.0,3130.0,3070.0,165862.0
2022.05.23,3095.0,-40.0,3140.0,3140.0,3075.0,271868.0
2022.05.20,3135.0,55.0,3100.0,3145.0,3085.0,429156.0
2022.05.19,3080.0,-30.0,3035.0,3085.0,3035.0,262568.0
2022.05.18,3110.0,-35.0,3160.0,3160.0,3090.0,554277.0
2022.05.17,3145.0,15.0,3120.0,3180.0,3120.0,329295.0
2022.05.16,3130.0,-20.0,3170.0,3180.0,3120.0,344340.0
2022.05.13,3150.0,90.0,3090.0,3160.0,3090.0,359020.0
2022.05.12,3060.0,-70.0,3100.0,3145.0,3060.0,674316.0
2022.05.11,3130.0,-60.0,3180.0,3185.0,3115.0,436011.0
2022.05.10,3190.0,-30.0,3150.0,3190.0,3110.0,740174.0
2022.05.09,3220.0,-85.0,3290.0,3300.0,3205.0,301007.0
2022.05.06,3305.0,-10.0,3270.0,3310.0,3265.0,272542.0
2022.05.04,3315.0,0.0,3325.0,3350.0,3315.0,530055.0
2022.05.03,3315.0,-20.0,3335.0,3355.0,3310.0,400121.0
2022.05.02,3335.0,-10.0,3300.0,3355.0,3300.0,406643.0
2022.04.29,3345.0,0.0,3350.0,3350.0,3320.0,340165.0
2022.04.28,3345.0,85.0,3270.0,3345.0,3240.0,673598.0
2022.04.27,3295.0,25.0,3190.0,3295.0,3190.0,680468.0
2022.04.26,3270.0,50.0,3240.0,3280.0,3235.0,698775.0
2022.04.25,3220.0,-75.0,3245.0,3260.0,3210.0,533082.0
2022.04.22,3295.0,-25.0,3285.0,3300.0,3260.0,498680.0
2022.04.21,3320.0,35.0,3285.0,3330.0,3285.0,419804.0
2022.04.20,3285.0,-45.0,3335.0,3335.0,3270.0,447901.0
2022.04.19,3330.0,15.0,3320.0,3340.0,3310.0,537302.0
2022.04.18,3315.0,-20.0,3325.0,3365.0,3305.0,567382.0
2022.04.15,3335.0,-5.0,3310.0,3345.0,3305.0,361960.0
2022.04.14,3340.0,-10.0,3355.0,3355.0,3330.0,259107.0
2022.04.13,3350.0,30.0,3335.0,3350.0,3305.0,458345.0
2022.04.12,3320.0,-30.0,3320.0,3345.0,3295.0,392906.0
2022.04.11,3350.0,-60.0,3390.0,3395.0,3340.0,597671.0
2022.04.08,3410.0,65.0,3355.0,3410.0,3330.0,479246.0
2022.04.07,3345.0,-70.0,3390.0,3390.0,3320.0,350084.0
2022.04.06,3415.0,-25.0,3415.0,3425.0,3385.0,476686.0
2022.04.05,3440.0,-5.0,3455.0,3455.0,3410.0,413043.0
2022.04.04,3445.0,-25.0,3470.0,3475.0,3425.0,568147.0
2022.04.01,3470.0,-20.0,3480.0,3480.0,3450.0,468044.0
2022.03.31,3490.0,20.0,3460.0,3510.0,3460.0,387480.0
2022.03.30,3470.0,-20.0,3500.0,3510.0,3460.0,867360.0
2022.03.29,3490.0,-50.0,3540.0,3545.0,3475.0,1180193.0
2022.03.28,3540.0,30.0,3510.0,3555.0,3500.0,1087393.0
2022.03.25,3510.0,-5.0,3530.0,3545.0,3485.0,1032699.0
2022.03.24,3515.0,15.0,3490.0,3515.0,3470.0,921562.0
2022.03.23,3500.0,20.0,3500.0,3500.0,3470.0,993961.0
2022.03.22,3480.0,40.0,3430.0,3480.0,3430.0,760248.0
2022.03.21,3440.0,-20.0,3485.0,3485.0,3425.0,779708.0
2022.03.18,3460.0,5.0,3455.0,3475.0,3415.0,1014220.0
2022.03.17,3455.0,-15.0,3515.0,3515.0,3425.0,1196949.0
2022.03.16,3470.0,65.0,3440.0,3470.0,3395.0,738413.0
2022.03.15,3405.0,-105.0,3500.0,3500.0,3405.0,1296222.0
2022.03.14,3510.0,0.0,3520.0,3560.0,3485.0,913274.0
2022.03.11,3510.0,80.0,3455.0,3510.0,3440.0,958973.0
2022.03.10,3430.0,90.0,3455.0,3495.0,3390.0,927367.0
2022.03.08,3340.0,-80.0,3375.0,3405.0,3315.0,380493.0
2022.03.07,3420.0,5.0,3380.0,3440.0,3375.0,502683.0
2022.03.04,3415.0,20.0,3395.0,3435.0,3375.0,474338.0
2022.03.03,3395.0,95.0,3315.0,3400.0,3315.0,535898.0
2022.03.02,3300.0,35.0,3260.0,3305.0,3250.0,326931.0
2022.02.28,3265.0,40.0,3220.0,3295.0,3215.0,309701.0
2022.02.25,3225.0,65.0,3195.0,3235.0,3185.0,293958.0
2022.02.24,3160.0,-65.0,3185.0,3200.0,3135.0,425618.0
2022.02.23,3225.0,65.0,3160.0,3230.0,3160.0,341944.0
2022.02.22,3160.0,-65.0,3170.0,3195.0,3140.0,412545.0
2022.02.21,3225.0,35.0,3150.0,3240.0,3135.0,633721.0
2022.02.18,3190.0,60.0,3100.0,3200.0,3090.0,299069.0
2022.02.17,3130.0,15.0,3115.0,3190.0,3080.0,365103.0
2022.02.16,3115.0,85.0,3095.0,3115.0,3075.0,152721.0
2022.02.15,3030.0,-25.0,3050.0,3090.0,3010.0,129898.0
2022.02.14,3055.0,-100.0,3090.0,3110.0,3050.0,177379.0
2022.02.11,3155.0,-50.0,3155.0,3185.0,3140.0,378652.0
2022.02.10,3205.0,-15.0,3220.0,3235.0,3190.0,110244.0
2022.02.09,3220.0,100.0,3170.0,3220.0,3150.0,599988.0
2022.02.08,3120.0,-45.0,3165.0,3180.0,3100.0,330506.0
2022.02.07,3165.0,-35.0,3200.0,3200.0,3135.0,187218.0
2022.02.04,3200.0,70.0,3115.0,3200.0,3115.0,287867.0
2022.02.03,3130.0,55.0,3120.0,3150.0,3100.0,293552.0
2022.01.28,3075.0,145.0,2935.0,3080.0,2900.0,444358.0
2022.01.27,2930.0,-120.0,3060.0,3090.0,2905.0,561929.0
2022.01.26,3050.0,-30.0,3080.0,3120.0,3050.0,387749.0
2022.01.25,3080.0,-85.0,3180.0,3185.0,3065.0,439793.0
2022.01.24,3165.0,-65.0,3230.0,3250.0,3165.0,364483.0
2022.01.21,3230.0,-105.0,3300.0,3305.0,3220.0,393507.0
2022.01.20,3335.0,65.0,3265.0,3335.0,3265.0,274101.0
2022.01.19,3270.0,-15.0,3230.0,3325.0,3230.0,234506.0
2022.01.18,3285.0,-80.0,3365.0,3370.0,3260.0,594961.0
2022.01.17,3365.0,-50.0,3405.0,3410.0,3350.0,399484.0
2022.01.14,3415.0,-75.0,3480.0,3480.0,3405.0,385744.0
2022.01.13,3490.0,-10.0,3495.0,3510.0,3465.0,388883.0
2022.01.12,3500.0,10.0,3470.0,3500.0,3465.0,435536.0
2022.01.11,3490.0,-50.0,3535.0,3545.0,3475.0,336380.0
2022.01.10,3540.0,-5.0,3540.0,3560.0,3505.0,459869.0
2022.01.07,3545.0,25.0,3530.0,3545.0,3500.0,463354.0
2022.01.06,3520.0,35.0,3435.0,3560.0,3430.0,693320.0
2022.01.05,3485.0,-15.0,3500.0,3515.0,3470.0,495895.0
2022.01.04,3500.0,50.0,3460.0,3505.0,3440.0,442902.0
2022.01.03,3450.0,50.0,3430.0,3455.0,3415.0,252118.0
2021.12.30,3400.0,0.0,3405.0,3410.0,3375.0,229209.0
2021.12.29,3400.0,60.0,3395.0,3435.0,3380.0,4311171.0
2021.12.28,3340.0,-10.0,3355.0,3360.0,3325.0,283093.0
2021.12.27,3350.0,-50.0,3400.0,3400.0,3340.0,221420.0
2021.12.24,3400.0,25.0,3385.0,3400.0,3380.0,219873.0
2021.12.23,3375.0,-15.0,3400.0,3410.0,3370.0,166827.0
2021.12.22,3390.0,-30.0,3420.0,3430.0,3385.0,148453.0
2021.12.21,3420.0,5.0,3415.0,3425.0,3380.0,149542.0
2021.12.20,3415.0,-20.0,3440.0,3445.0,3400.0,148776.0
2021.12.17,3435.0,35.0,3380.0,3445.0,3380.0,177799.0
2021.12.16,3400.0,-20.0,3440.0,3440.0,3380.0,221887.0
2021.12.15,3420.0,-10.0,3410.0,3440.0,3390.0,104368.0
2021.12.14,3430.0,-20.0,3425.0,3450.0,3400.0,150682.0
2021.12.13,3450.0,-20.0,3480.0,3490.0,3440.0,186373.0
2021.12.10,3470.0,10.0,3460.0,3480.0,3440.0,110733.0
2021.12.09,3460.0,0.0,3450.0,3480.0,3440.0,131409.0
2021.12.08,3460.0,0.0,3480.0,3505.0,3440.0,300278.0
2021.12.07,3460.0,40.0,3440.0,3465.0,3430.0,424369.0
2021.12.06,3420.0,0.0,3420.0,3445.0,3365.0,177374.0
2021.12.03,3420.0,55.0,3365.0,3420.0,3355.0,115681.0
2021.12.02,3365.0,60.0,3270.0,3365.0,3235.0,155020.0
2021.12.01,3305.0,85.0,3235.0,3305.0,3170.0,178547.0
2021.11.30,3220.0,-55.0,3305.0,3350.0,3200.0,366716.0
2021.11.29,3275.0,-95.0,3245.0,3325.0,3245.0,461278.0
2021.11.26,3370.0,-80.0,3455.0,3455.0,3360.0,342438.0
2021.11.25,3450.0,10.0,3430.0,3460.0,3420.0,206745.0
2021.11.24,3440.0,20.0,3420.0,3460.0,3410.0,158092.0
2021.11.23,3420.0,0.0,3415.0,3455.0,3405.0,182711.0
2021.11.22,3420.0,-10.0,3430.0,3430.0,3375.0,350363.0
2021.11.19,3430.0,-10.0,3430.0,3450.0,3405.0,215177.0
2021.11.18,3440.0,-20.0,3455.0,3470.0,3410.0,309497.0
2021.11.17,3460.0,-55.0,3520.0,3520.0,3445.0,256607.0
2021.11.16,3515.0,0.0,3510.0,3520.0,3480.0,398356.0
2021.11.15,3515.0,20.0,3505.0,3525.0,3495.0,226265.0
2021.11.12,3495.0,90.0,3420.0,3495.0,3405.0,470616.0
2021.11.11,3405.0,-55.0,3420.0,3455.0,3385.0,375588.0
2021.11.10,3460.0,-60.0,3500.0,3520.0,3435.0,511918.0
2021.11.09,3520.0,-30.0,3540.0,3585.0,3510.0,294336.0
2021.11.08,3550.0,15.0,3540.0,3555.0,3500.0,406199.0
2021.11.05,3535.0,-20.0,3575.0,3575.0,3495.0,338731.0
2021.11.04,3555.0,0.0,3580.0,3590.0,3545.0,448213.0
2021.11.03,3555.0,-45.0,3610.0,3610.0,3545.0,350260.0
2021.11.02,3600.0,40.0,3550.0,3600.0,3550.0,534019.0
2021.11.01,3560.0,20.0,3545.0,3585.0,3545.0,448101.0
2021.10.29,3540.0,-10.0,3555.0,3595.0,3530.0,629888.0
2021.10.28,3550.0,-70.0,3600.0,3635.0,3545.0,756049.0
2021.10.27,3620.0,-40.0,3645.0,3660.0,3590.0,609357.0
2021.10.26,3660.0,45.0,3620.0,3665.0,3615.0,391980.0
2021.10.25,3615.0,25.0,3580.0,3615.0,3555.0,274407.0
2021.10.22,3590.0,-40.0,3605.0,3620.0,3575.0,233187.0
2021.10.21,3630.0,0.0,3600.0,3630.0,3575.0,431412.0
2021.10.20,3630.0,-35.0,3675.0,3675.0,3595.0,388181.0
2021.10.19,3665.0,10.0,3670.0,3685.0,3640.0,371370.0
2021.10.18,3655.0,-55.0,3710.0,3710.0,3650.0,398599.0
2021.10.15,3710.0,60.0,3680.0,3715.0,3655.0,193103.0
2021.10.14,3650.0,60.0,3615.0,3655.0,3610.0,261353.0
2021.10.13,3590.0,30.0,3540.0,3595.0,3530.0,291668.0
2021.10.12,3560.0,-20.0,3555.0,3580.0,3520.0,314939.0
2021.10.08,3580.0,-30.0,3630.0,3650.0,3380.0,515043.0
2021.10.07,3610.0,90.0,3550.0,3625.0,3530.0,478839.0
2021.10.06,3520.0,-190.0,3715.0,3730.0,3515.0,789790.0
2021.10.05,3710.0,-20.0,3680.0,3750.0,3635.0,528763.0
2021.10.01,3730.0,-80.0,3775.0,3790.0,3715.0,488448.0
2021.09.30,3810.0,0.0,3785.0,3835.0,3780.0,278153.0
2021.09.29,3810.0,5.0,3710.0,3810.0,3700.0,389991.0
2021.09.28,3805.0,-70.0,3860.0,3860.0,3790.0,450884.0
2021.09.27,3875.0,15.0,3845.0,3890.0,3820.0,704008.0
2021.09.24,3860.0,-40.0,3900.0,3930.0,3820.0,537206.0
2021.09.23,3900.0,-40.0,3905.0,3925.0,3860.0,334060.0
2021.09.17,3940.0,5.0,3935.0,3940.0,3880.0,433475.0
2021.09.16,3935.0,35.0,3915.0,3960.0,3905.0,1237270.0
2021.09.15,3900.0,105.0,3795.0,3900.0,3785.0,887196.0
2021.09.14,3795.0,45.0,3760.0,3810.0,3760.0,326028.0
2021.09.13,3750.0,-35.0,3745.0,3755.0,3695.0,269711.0
2021.09.10,3785.0,40.0,3725.0,3785.0,3705.0,248020.0
2021.09.09,3745.0,-70.0,3805.0,3845.0,3745.0,356795.0
2021.09.08,3815.0,-30.0,3825.0,3850.0,3800.0,331871.0
2021.09.07,3845.0,10.0,3835.0,3845.0,3815.0,322898.0
2021.09.06,3835.0,5.0,3840.0,3855.0,3805.0,342695.0
2021.09.03,3830.0,15.0,3825.0,3850.0,3810.0,530206.0
2021.09.02,3815.0,-35.0,3845.0,3845.0,3805.0,406860.0
2021.09.01,3850.0,45.0,3790.0,3850.0,3775.0,580291.0
2021.08.31,3805.0,60.0,3750.0,3805.0,3720.0,623706.0
2021.08.30,3745.0,130.0,3650.0,3755.0,3645.0,599838.0
2021.08.27,3615.0,15.0,3570.0,3625.0,3555.0,167828.0
2021.08.26,3600.0,-40.0,3640.0,3650.0,3570.0,317342.0
2021.08.25,3640.0,75.0,3595.0,3640.0,3570.0,399204.0
2021.08.24,3565.0,95.0,3500.0,3580.0,3485.0,481975.0
2021.08.23,3470.0,20.0,3460.0,3510.0,3415.0,598000.0
2021.08.20,3450.0,-70.0,3520.0,3545.0,3430.0,990158.0
2021.08.19,3520.0,-165.0,3615.0,3630.0,3515.0,561232.0
2021.08.18,3685.0,110.0,3545.0,3685.0,3545.0,674630.0
2021.08.17,3575.0,-150.0,3710.0,3720.0,3570.0,546530.0
2021.08.13,3725.0,-35.0,3760.0,3780.0,3655.0,530753.0
2021.08.12,3760.0,5.0,3745.0,3780.0,3745.0,273353.0
2021.08.11,3755.0,-30.0,3785.0,3800.0,3740.0,409379.0
2021.08.10,3785.0,-25.0,3810.0,3810.0,3750.0,292043.0
2021.08.09,3810.0,-50.0,3850.0,3850.0,3805.0,372895.0
2021.08.06,3860.0,20.0,3850.0,3865.0,3845.0,251852.0
2021.08.05,3840.0,0.0,3840.0,3850.0,3830.0,190553.0
2021.08.04,3840.0,20.0,3820.0,3840.0,3785.0,977649.0
2021.08.03,3820.0,-30.0,3840.0,3855.0,3785.0,752536.0
2021.08.02,3850.0,-10.0,3885.0,3885.0,3815.0,250738.0
2021.07.30,3860.0,-45.0,3910.0,3910.0,3855.0,406266.0
2021.07.29,3905.0,30.0,3905.0,3915.0,3870.0,326700.0
2021.07.28,3875.0,20.0,3845.0,3900.0,3845.0,425138.0
2021.07.27,3855.0,30.0,3830.0,3885.0,3830.0,713422.0
2021.07.26,3825.0,-75.0,3900.0,3900.0,3825.0,514906.0
2021.07.23,3900.0,5.0,3900.0,3935.0,3870.0,786598.0
2021.07.22,3895.0,10.0,3900.0,3915.0,3875.0,1028636.0
2021.07.21,3885.0,-15.0,3920.0,3935.0,3875.0,331109.0
2021.07.20,3900.0,-10.0,3860.0,3930.0,3845.0,767028.0
2021.07.19,3910.0,-35.0,3910.0,3920.0,3890.0,417572.0
2021.07.16,3945.0,-5.0,3935.0,3955.0,3915.0,753273.0
2021.07.15,3950.0,-5.0,3960.0,3960.0,3940.0,1165239.0
2021.07.14,3955.0,-15.0,3950.0,3975.0,3905.0,398133.0
2021.07.13,3970.0,30.0,3950.0,3990.0,3940.0,935070.0
2021.07.12,3940.0,50.0,3915.0,3940.0,3890.0,464064.0
2021.07.09,3890.0,-20.0,3850.0,3890.0,3810.0,990651.0
2021.07.08,3910.0,-25.0,3935.0,3965.0,3880.0,671703.0
2021.07.07,3935.0,-45.0,3950.0,3950.0,3905.0,855472.0
2021.07.06,3980.0,30.0,3975.0,4010.0,3960.0,1259705.0
2021.07.05,3950.0,-25.0,3980.0,3980.0,3940.0,613333.0
2021.07.02,3975.0,85.0,3895.0,3980.0,3895.0,1220826.0
2021.07.01,3890.0,-25.0,3920.0,3920.0,3880.0,571989.0
2021.06.30,3915.0,-15.0,3925.0,3940.0,3895.0,731573.0
2021.06.29,3930.0,-50.0,3985.0,3985.0,3895.0,1089541.0
2021.06.28,3980.0,65.0,3925.0,3980.0,3900.0,728717.0
2021.06.25,3915.0,-10.0,3965.0,3985.0,3900.0,1132068.0
2021.06.24,3925.0,25.0,3900.0,3945.0,3870.0,630949.0
2021.06.23,3900.0,-25.0,3940.0,3960.0,3890.0,675600.0
2021.06.22,3925.0,95.0,3855.0,3925.0,3855.0,987899.0
2021.06.21,3830.0,-50.0,3860.0,3885.0,3810.0,707369.0
2021.06.18,3880.0,10.0,3870.0,3895.0,3860.0,767214.0
2021.06.17,3870.0,35.0,3815.0,3870.0,3810.0,583748.0
2021.06.16,3835.0,-5.0,3820.0,3850.0,3820.0,475275.0
2021.06.15,3840.0,-5.0,3850.0,3855.0,3810.0,413822.0
2021.06.14,3845.0,15.0,3830.0,3845.0,3810.0,276575.0
2021.06.11,3830.0,0.0,3830.0,3845.0,3810.0,493948.0
2021.06.10,3830.0,-15.0,3815.0,3855.0,3790.0,412928.0
2021.06.09,3845.0,-35.0,3900.0,3905.0,3830.0,520548.0
2021.06.08,3880.0,30.0,3850.0,3920.0,3830.0,828950.0
2021.06.07,3850.0,35.0,3825.0,3850.0,3790.0,476427.0
2021.06.04,3815.0,5.0,3795.0,3830.0,3780.0,671953.0
2021.06.03,3810.0,-5.0,3825.0,3860.0,3785.0,679645.0
2021.06.02,3815.0,40.0,3780.0,3850.0,3755.0,1052130.0
2021.06.01,3775.0,10.0,3770.0,3775.0,3745.0,698752.0
2021.05.31,3765.0,5.0,3760.0,3765.0,3710.0,369156.0
2021.05.28,3760.0,-5.0,3775.0,3785.0,3750.0,514310.0
2021.05.27,3765.0,75.0,3695.0,3765.0,3690.0,971809.0
2021.05.26,3690.0,15.0,3665.0,3690.0,3650.0,343149.0
2021.05.25,3675.0,-5.0,3695.0,3705.0,3655.0,307992.0
2021.05.24,3680.0,-10.0,3690.0,3705.0,3645.0,241801.0
2021.05.21,3690.0,-35.0,3740.0,3760.0,3640.0,487070.0
2021.05.20,3725.0,20.0,3680.0,3760.0,3670.0,390924.0
2021.05.18,3705.0,90.0,3620.0,3705.0,3620.0,353393.0
2021.05.17,3615.0,-70.0,3685.0,3685.0,3600.0,414296.0
2021.05.14,3685.0,30.0,3685.0,3695.0,3620.0,729825.0
2021.05.13,3655.0,-35.0,3565.0,3705.0,3560.0,679149.0
2021.05.12,3690.0,-105.0,3780.0,3785.0,3640.0,894365.0
2021.05.11,3795.0,40.0,3750.0,3795.0,3730.0,902636.0
2021.05.10,3755.0,40.0,3750.0,3785.0,3725.0,781279.0
2021.05.07,3715.0,55.0,3675.0,3740.0,3665.0,927172.0
2021.05.06,3660.0,100.0,3550.0,3660.0,3535.0,518926.0
2021.05.04,3560.0,0.0,3540.0,3570.0,3460.0,584056.0
2021.05.03,3560.0,-55.0,3565.0,3640.0,3535.0,571810.0
2021.04.30,3615.0,-90.0,3710.0,3750.0,3580.0,1609442.0
2021.04.29,3705.0,5.0,3700.0,3755.0,3635.0,651888.0
2021.04.28,3730.0,-55.0,3775.0,3795.0,3690.0,740266.0
2021.04.27,3785.0,40.0,3750.0,3785.0,3705.0,685485.0
2021.04.26,3745.0,85.0,3680.0,3745.0,3650.0,554629.0
2021.04.23,3660.0,-15.0,3640.0,3670.0,3605.0,622578.0
2021.04.22,3675.0,20.0,3670.0,3695.0,3655.0,531687.0
2021.04.21,3655.0,-10.0,3640.0,3665.0,3610.0,896397.0
2021.04.20,3665.0,75.0,3585.0,3665.0,3580.0,585216.0
2021.04.19,3590.0,10.0,3590.0,3605.0,3565.0,618336.0
2021.04.16,3580.0,30.0,3555.0,3580.0,3550.0,482004.0
2021.04.15,3550.0,15.0,3530.0,3570.0,3520.0,351137.0
2021.04.14,3535.0,55.0,3480.0,3535.0,3475.0,456176.0
2021.04.13,3480.0,-45.0,3520.0,3520.0,3460.0,565514.0
2021.04.12,3525.0,35.0,3515.0,3525.0,3455.0,1451974.0
2021.04.09,3490.0,-25.0,3520.0,3525.0,3465.0,463306.0
2021.04.08,3515.0,85.0,3455.0,3525.0,3400.0,1672533.0
2021.04.07,3430.0,20.0,3430.0,3430.0,3395.0,445339.0
2021.04.06,3410.0,-10.0,3430.0,3455.0,3380.0,537475.0
2021.04.05,3420.0,60.0,3355.0,3420.0,3350.0,361684.0
2021.04.02,3360.0,10.0,3375.0,3385.0,3325.0,366856.0
2021.04.01,3350.0,-50.0,3400.0,3420.0,3345.0,836813.0
2021.03.31,3400.0,30.0,3380.0,3410.0,3350.0,411084.0
2021.03.30,3370.0,-10.0,3410.0,3420.0,3350.0,485258.0
2021.03.29,3380.0,35.0,3350.0,3395.0,3330.0,621069.0
2021.03.26,3345.0,60.0,3310.0,3350.0,3300.0,612861.0
2021.03.25,3285.0,25.0,3245.0,3300.0,3240.0,1014554.0
2021.03.24,3260.0,5.0,3230.0,3260.0,3215.0,271176.0
2021.03.23,3255.0,10.0,3260.0,3305.0,3235.0,493636.0
2021.03.22,3245.0,15.0,3225.0,3250.0,3205.0,192778.0
2021.03.19,3230.0,5.0,3170.0,3230.0,3155.0,563555.0
2021.03.18,3225.0,35.0,3240.0,3250.0,3205.0,205221.0
2021.03.17,3190.0,-55.0,3240.0,3240.0,3170.0,295563.0
2021.03.16,3245.0,10.0,3255.0,3265.0,3215.0,345773.0
2021.03.15,3235.0,45.0,3200.0,3250.0,3160.0,431773.0
2021.03.12,3190.0,100.0,3125.0,3190.0,3125.0,261994.0
2021.03.11,3090.0,80.0,3000.0,3110.0,3000.0,148412.0
2021.03.10,3010.0,-65.0,3125.0,3125.0,3010.0,189681.0
2021.03.09,3075.0,15.0,3055.0,3075.0,2975.0,250861.0
2021.03.08,3060.0,-40.0,3140.0,3145.0,3060.0,151030.0
2021.03.05,3100.0,-25.0,3095.0,3110.0,3035.0,219093.0
2021.03.04,3125.0,-10.0,3150.0,3160.0,3095.0,258782.0
2021.03.03,3135.0,30.0,3105.0,3140.0,3075.0,162436.0
2021.03.02,3105.0,-15.0,3165.0,3185.0,3075.0,211595.0
2021.02.26,3120.0,-90.0,3130.0,3150.0,3090.0,266736.0
2021.02.25,3210.0,70.0,3200.0,3210.0,3160.0,208646.0
2021.02.24,3140.0,-135.0,3275.0,3295.0,3130.0,798910.0
2021.02.23,3275.0,25.0,3235.0,3295.0,3200.0,469424.0
2021.02.22,3250.0,-45.0,3300.0,3360.0,3245.0,465673.0
2021.02.19,3295.0,70.0,3200.0,3295.0,3155.0,654221.0
2021.02.18,3225.0,-25.0,3220.0,3270.0,3220.0,380665.0
2021.02.17,3250.0,10.0,3240.0,3255.0,3215.0,438126.0
2021.02.16,3240.0,20.0,3235.0,3240.0,3205.0,467440.0
2021.02.15,3220.0,20.0,3220.0,3235.0,3210.0,593251.0
2021.02.10,3200.0,20.0,3180.0,3200.0,3135.0,319909.0
2021.02.09,3180.0,15.0,3165.0,3220.0,3155.0,1141217.0
2021.02.08,3165.0,15.0,3150.0,3205.0,3135.0,429376.0
2021.02.05,3150.0,-15.0,3225.0,3225.0,3105.0,589959.0
2021.02.04,3165.0,-65.0,3270.0,3270.0,3135.0,3637188.0
2021.02.03,3230.0,110.0,3150.0,3230.0,3135.0,782285.0
2021.02.02,3120.0,10.0,3165.0,3165.0,3075.0,684410.0
2021.02.01,3110.0,130.0,2975.0,3110.0,2925.0,571646.0
2021.01.29,2980.0,-120.0,3125.0,3125.0,2935.0,736836.0
2021.01.28,3100.0,-60.0,3050.0,3150.0,3050.0,478481.0
2021.01.27,3160.0,-30.0,3180.0,3220.0,3140.0,468469.0
2021.01.26,3190.0,-65.0,3260.0,3260.0,3170.0,556630.0
2021.01.25,3255.0,0.0,3300.0,3300.0,3225.0,651729.0
2021.01.22,3255.0,35.0,3225.0,3280.0,3185.0,765327.0
2021.01.21,3220.0,10.0,3260.0,3260.0,3200.0,495731.0
2021.01.20,3210.0,20.0,3240.0,3270.0,3145.0,659327.0
2021.01.19,3190.0,105.0,3150.0,3195.0,3110.0,844881.0
2021.01.18,3085.0,-20.0,3060.0,3140.0,3030.0,726754.0
2021.01.15,3105.0,-75.0,3185.0,3195.0,3095.0,403244.0
2021.01.14,3180.0,35.0,3140.0,3180.0,3100.0,245729.0
2021.01.13,3145.0,-20.0,3185.0,3185.0,3120.0,573239.0
2021.01.12,3165.0,30.0,3140.0,3175.0,3060.0,760579.0
2021.01.11,3135.0,-15.0,3215.0,3230.0,3060.0,1442945.0
2021.01.08,3150.0,30.0,3140.0,3160.0,3105.0,1027963.0
2021.01.07,3120.0,5.0,3115.0,3150.0,3095.0,1129130.0
2021.01.06,3115.0,60.0,3115.0,3120.0,3020.0,919437.0
2021.01.05,3055.0,120.0,2945.0,3060.0,2930.0,987840.0
2021.01.04,2935.0,75.0,2900.0,2950.0,2840.0,859908.0
2020.12.30,2860.0,45.0,2815.0,2870.0,2800.0,451113.0
2020.12.29,2815.0,60.0,2775.0,2815.0,2770.0,297958.0
2020.12.28,2755.0,-45.0,2805.0,2815.0,2745.0,402416.0
2020.12.24,2800.0,30.0,2810.0,2845.0,2795.0,598059.0
2020.12.23,2770.0,-20.0,2795.0,2810.0,2730.0,259809.0
2020.12.22,2790.0,-85.0,2850.0,2850.0,2780.0,444783.0
2020.12.21,2875.0,30.0,2865.0,2880.0,2805.0,290711.0
2020.12.18,2845.0,40.0,2825.0,2860.0,2805.0,393294.0
2020.12.17,2805.0,-20.0,2820.0,2820.0,2765.0,228230.0
2020.12.16,2825.0,20.0,2830.0,2835.0,2805.0,244083.0
2020.12.15,2805.0,-45.0,2840.0,2840.0,2775.0,451186.0
2020.12.14,2850.0,-60.0,2885.0,2885.0,2835.0,572995.0
2020.12.11,2910.0,25.0,2900.0,2925.0,2850.0,856760.0
2020.12.10,2885.0,120.0,2745.0,2895.0,2720.0,1012686.0
2020.12.09,2765.0,90.0,2680.0,2785.0,2670.0,502477.0
2020.12.08,2675.0,-35.0,2725.0,2725.0,2655.0,465623.0
2020.12.07,2710.0,0.0,2740.0,2745.0,2675.0,600899.0
2020.12.04,2710.0,105.0,2650.0,2710.0,2610.0,802310.0
2020.12.03,2605.0,25.0,2600.0,2605.0,2560.0,190861.0
2020.12.02,2580.0,15.0,2575.0,2580.0,2550.0,156077.0
2020.12.01,2565.0,25.0,2560.0,2565.0,2535.0,187280.0
2020.11.30,2540.0,-60.0,2605.0,2615.0,2540.0,281572.0
2020.11.27,2600.0,40.0,2575.0,2600.0,2560.0,164392.0
2020.11.26,2560.0,-15.0,2575.0,2575.0,2530.0,205742.0
2020.11.25,2575.0,35.0,2570.0,2605.0,2520.0,530456.0
2020.11.24,2540.0,30.0,2535.0,2540.0,2510.0,373812.0
2020.11.23,2510.0,15.0,2495.0,2515.0,2475.0,226513.0
2020.11.20,2495.0,15.0,2500.0,2500.0,2480.0,124035.0
2020.11.19,2480.0,-20.0,2515.0,2515.0,2465.0,130099.0
2020.11.18,2500.0,25.0,2485.0,2505.0,2470.0,164497.0
2020.11.17,2475.0,10.0,2495.0,2510.0,2470.0,347845.0
2020.11.16,2465.0,50.0,2420.0,2480.0,2410.0,268612.0
2020.11.13,2415.0,-5.0,2405.0,2425.0,2385.0,142007.0
2020.11.12,2420.0,-35.0,2450.0,2450.0,2410.0,163925.0
2020.11.11,2455.0,30.0,2415.0,2455.0,2400.0,148776.0
2020.11.10,2425.0,50.0,2400.0,2430.0,2380.0,227277.0
2020.11.09,2375.0,45.0,2340.0,2380.0,2330.0,217414.0
2020.11.06,2330.0,-5.0,2340.0,2365.0,2320.0,77357.0
2020.11.05,2335.0,30.0,2315.0,2335.0,2305.0,151658.0
2020.11.04,2305.0,-10.0,2335.0,2340.0,2295.0,186363.0
2020.11.03,2315.0,35.0,2285.0,2330.0,2285.0,53672.0
2020.11.02,2280.0,10.0,2265.0,2290.0,2265.0,25580.0
2020.10.30,2270.0,-5.0,2280.0,2315.0,2250.0,83230.0
2020.10.29,2275.0,-50.0,2280.0,2285.0,2250.0,43489.0
2020.10.28,2325.0,50.0,2260.0,2325.0,2250.0,54702.0
2020.10.27,2275.0,-10.0,2255.0,2290.0,2250.0,38861.0
2020.10.26,2285.0,-40.0,2335.0,2335.0,2285.0,89238.0
2020.10.23,2325.0,0.0,2325.0,2330.0,2295.0,97262.0
2020.10.22,2325.0,5.0,2320.0,2335.0,2310.0,59477.0
2020.10.21,2320.0,5.0,2315.0,2325.0,2295.0,37325.0
2020.10.20,2315.0,15.0,2300.0,2315.0,2265.0,54412.0
2020.10.19,2300.0,-5.0,2305.0,2315.0,2295.0,48826.0
2020.10.16,2305.0,25.0,2280.0,2305.0,2260.0,56413.0
2020.10.15,2280.0,5.0,2270.0,2285.0,2240.0,36559.0
2020.10.14,2275.0,-35.0,2310.0,2310.0,2265.0,18622.0
2020.10.13,2310.0,-5.0,2320.0,2320.0,2285.0,42281.0
2020.10.12,2315.0,10.0,2330.0,2330.0,2305.0,60329.0
2020.10.08,2305.0,5.0,2315.0,2320.0,2295.0,41916.0
2020.10.07,2300.0,10.0,2280.0,2305.0,2265.0,5137.0
2020.10.06,2290.0,-10.0,2300.0,2315.0,2275.0,19694.0
2020.10.05,2300.0,35.0,2270.0,2300.0,2260.0,54105.0
2020.09.29,2265.0,35.0,2255.0,2270.0,2250.0,43662.0
2020.09.28,2230.0,40.0,2225.0,2235.0,2195.0,23110.0
2020.09.25,2190.0,0.0,2195.0,2205.0,2170.0,31028.0
2020.09.24,2190.0,-85.0,2235.0,2240.0,2175.0,140597.0
2020.09.23,2275.0,-30.0,2320.0,2320.0,2255.0,35125.0
2020.09.22,2305.0,-55.0,2355.0,2355.0,2295.0,83789.0
2020.09.21,2360.0,-45.0,2410.0,2410.0,2350.0,103723.0
2020.09.18,2405.0,30.0,2385.0,2405.0,2375.0,53719.0
2020.09.17,2375.0,-25.0,2400.0,2405.0,2370.0,64021.0
2020.09.16,2400.0,-10.0,2410.0,2420.0,2395.0,77671.0
2020.09.15,2410.0,-20.0,2445.0,2445.0,2400.0,51087.0
2020.09.14,2430.0,15.0,2395.0,2435.0,2395.0,148096.0
2020.09.11,2415.0,-15.0,2420.0,2420.0,2370.0,101620.0
2020.09.10,2430.0,5.0,2450.0,2450.0,2425.0,38232.0
2020.09.09,2425.0,-25.0,2425.0,2440.0,2415.0,76839.0
2020.09.08,2450.0,-20.0,2500.0,2500.0,2450.0,112051.0
2020.09.07,2470.0,50.0,2440.0,2500.0,2430.0,245328.0
2020.09.04,2420.0,-30.0,2370.0,2420.0,2370.0,94029.0
2020.09.03,2450.0,-10.0,2465.0,2475.0,2440.0,153837.0
2020.09.02,2460.0,0.0,2475.0,2475.0,2435.0,100360.0
2020.09.01,2460.0,80.0,2400.0,2460.0,2400.0,194851.0
2020.08.31,2380.0,-25.0,2420.0,2450.0,2380.0,142246.0
2020.08.28,2405.0,75.0,2355.0,2410.0,2350.0,87046.0
2020.08.27,2330.0,-60.0,2375.0,2375.0,2325.0,111339.0
2020.08.26,2390.0,15.0,2385.0,2400.0,2345.0,104809.0
2020.08.25,2375.0,45.0,2345.0,2380.0,2345.0,65314.0
2020.08.24,2330.0,5.0,2325.0,2340.0,2285.0,85386.0
2020.08.21,2325.0,25.0,2315.0,2345.0,2295.0,65804.0
2020.08.20,2300.0,-105.0,2395.0,2395.0,2280.0,145149.0
2020.08.19,2405.0,30.0,2380.0,2415.0,2380.0,117479.0
2020.08.18,2375.0,-145.0,2520.0,2520.0,2370.0,241617.0
2020.08.14,2520.0,-10.0,2555.0,2565.0,2495.0,218655.0
2020.08.13,2530.0,-20.0,2570.0,2580.0,2510.0,218969.0
2020.08.12,2550.0,5.0,2525.0,2550.0,2485.0,212252.0
2020.08.11,2545.0,60.0,2495.0,2550.0,2495.0,487470.0
2020.08.10,2485.0,20.0,2475.0,2485.0,2445.0,189946.0
2020.08.07,2465.0,20.0,2460.0,2470.0,2435.0,172221.0
2020.08.06,2445.0,15.0,2440.0,2470.0,2425.0,369277.0
2020.08.05,2430.0,5.0,2440.0,2440.0,2405.0,187826.0
2020.08.04,2425.0,75.0,2370.0,2450.0,2370.0,331078.0
2020.08.03,2350.0,-5.0,2355.0,2355.0,2330.0,111865.0
2020.07.31,2355.0,5.0,2360.0,2365.0,2335.0,54931.0
2020.07.30,2350.0,-10.0,2370.0,2380.0,2345.0,28232.0
2020.07.29,2360.0,0.0,2355.0,2360.0,2335.0,38117.0
2020.07.28,2360.0,0.0,2360.0,2380.0,2340.0,44045.0
2020.07.27,2360.0,0.0,2375.0,2385.0,2350.0,56183.0
2020.07.24,2360.0,-15.0,2360.0,2390.0,2355.0,176030.0
2020.07.23,2375.0,-30.0,2415.0,2415.0,2350.0,131487.0
2020.07.22,2405.0,5.0,2400.0,2430.0,2380.0,139110.0
2020.07.21,2400.0,-5.0,2405.0,2405.0,2380.0,117429.0
2020.07.20,2405.0,20.0,2390.0,2410.0,2355.0,191198.0
2020.07.17,2385.0,-10.0,2400.0,2410.0,2370.0,76681.0
2020.07.16,2395.0,15.0,2385.0,2410.0,2370.0,163580.0
2020.07.15,2380.0,30.0,2365.0,2410.0,2365.0,278742.0
2020.07.14,2350.0,-10.0,2345.0,2350.0,2315.0,37286.0
2020.07.13,2360.0,60.0,2320.0,2360.0,2300.0,94555.0
2020.07.10,2300.0,-40.0,2340.0,2340.0,2290.0,137055.0
2020.07.09,2340.0,20.0,2330.0,2340.0,2315.0,42763.0
2020.07.08,2320.0,15.0,2305.0,2330.0,2305.0,16354.0
2020.07.07,2305.0,-30.0,2340.0,2340.0,2305.0,54984.0
2020.07.06,2335.0,20.0,2315.0,2335.0,2290.0,78529.0
2020.07.03,2315.0,45.0,2290.0,2315.0,2285.0,29685.0
2020.07.02,2270.0,15.0,2265.0,2280.0,2260.0,13727.0
2020.07.01,2255.0,5.0,2270.0,2290.0,2235.0,19089.0
2020.06.30,2250.0,25.0,2245.0,2275.0,2240.0,33524.0
2020.06.29,2225.0,-45.0,2230.0,2235.0,2205.0,121612.0
2020.06.26,2270.0,0.0,2295.0,2295.0,2250.0,26113.0
2020.06.25,2270.0,-45.0,2290.0,2290.0,2260.0,83227.0
2020.06.24,2315.0,20.0,2315.0,2325.0,2300.0,60003.0
2020.06.23,2295.0,-35.0,2340.0,2340.0,2275.0,52936.0
2020.06.22,2330.0,20.0,2350.0,2400.0,2320.0,63290.0
2020.06.19,2310.0,50.0,2285.0,2310.0,2245.0,41292.0
2020.06.18,2260.0,0.0,2260.0,2280.0,2250.0,23339.0
2020.06.17,2260.0,0.0,2250.0,2285.0,2215.0,47987.0
2020.06.16,2260.0,110.0,2190.0,2270.0,2190.0,65168.0
2020.06.15,2150.0,-135.0,2260.0,2270.0,2145.0,173580.0
2020.06.12,2285.0,-85.0,2245.0,2295.0,2245.0,124174.0
2020.06.11,2370.0,-55.0,2410.0,2415.0,2355.0,60263.0
2020.06.10,2425.0,-5.0,2425.0,2435.0,2405.0,82146.0
2020.06.09,2430.0,0.0,2440.0,2465.0,2400.0,124216.0
2020.06.08,2430.0,-25.0,2495.0,2495.0,2425.0,139208.0
2020.06.05,2455.0,40.0,2440.0,2455.0,2410.0,63002.0
2020.06.04,2415.0,-40.0,2490.0,2495.0,2405.0,94618.0
2020.06.03,2455.0,70.0,2405.0,2465.0,2405.0,284019.0
2020.06.02,2385.0,45.0,2350.0,2400.0,2335.0,166825.0
2020.06.01,2340.0,20.0,2330.0,2350.0,2315.0,101928.0
2020.05.29,2320.0,30.0,2270.0,2335.0,2250.0,109804.0
2020.05.28,2290.0,-50.0,2370.0,2370.0,2230.0,193709.0
2020.05.27,2340.0,45.0,2295.0,2340.0,2290.0,59730.0
2020.05.26,2295.0,75.0,2235.0,2315.0,2230.0,220794.0
2020.05.25,2220.0,15.0,2220.0,2220.0,2190.0,44686.0
2020.05.22,2205.0,-20.0,2230.0,2240.0,2190.0,43282.0
2020.05.21,2225.0,-5.0,2240.0,2250.0,2220.0,59493.0
2020.05.20,2230.0,10.0,2205.0,2235.0,2200.0,30930.0
2020.05.19,2220.0,65.0,2190.0,2220.0,2190.0,43191.0
2020.05.18,2155.0,20.0,2150.0,2165.0,2125.0,49266.0
2020.05.15,2135.0,20.0,2125.0,2150.0,2105.0,15934.0
2020.05.14,2115.0,-30.0,2130.0,2135.0,2105.0,20468.0
2020.05.13,2145.0,-5.0,2115.0,2145.0,2110.0,42341.0
2020.05.12,2150.0,-40.0,2190.0,2190.0,2120.0,48386.0
2020.05.11,2190.0,-20.0,2220.0,2220.0,2180.0,61645.0
2020.05.08,2210.0,5.0,2220.0,2235.0,2205.0,67540.0
2020.05.07,2205.0,0.0,2215.0,2220.0,2185.0,32971.0
2020.05.06,2205.0,35.0,2190.0,2205.0,2170.0,33297.0
2020.05.04,2170.0,-60.0,2205.0,2205.0,2165.0,65955.0
2020.04.29,2230.0,40.0,2215.0,2235.0,2195.0,112521.0
2020.04.28,2190.0,25.0,2180.0,2190.0,2140.0,30600.0
2020.04.27,2200.0,40.0,2175.0,2205.0,2165.0,102770.0
2020.04.24,2160.0,-60.0,2200.0,2200.0,2150.0,36682.0
2020.04.23,2220.0,-5.0,2230.0,2230.0,2195.0,106116.0
2020.04.22,2225.0,70.0,2120.0,2225.0,2080.0,76504.0
2020.04.21,2155.0,-10.0,2185.0,2205.0,2065.0,131127.0
2020.04.20,2165.0,20.0,2150.0,2215.0,2125.0,131396.0
2020.04.17,2145.0,45.0,2120.0,2165.0,2120.0,156180.0
2020.04.16,2100.0,5.0,2070.0,2105.0,2030.0,30670.0
2020.04.14,2095.0,55.0,2060.0,2105.0,2050.0,135263.0
2020.04.13,2040.0,-15.0,2070.0,2085.0,2030.0,72856.0
2020.04.10,2055.0,25.0,2035.0,2065.0,2005.0,133755.0
2020.04.09,2030.0,40.0,2015.0,2035.0,1985.0,259291.0
2020.04.08,1990.0,15.0,1955.0,2030.0,1950.0,110030.0
2020.04.07,1975.0,35.0,1995.0,1995.0,1940.0,238521.0
2020.04.06,1940.0,40.0,1910.0,1945.0,1895.0,156415.0
2020.04.03,1900.0,-5.0,1925.0,1925.0,1865.0,51167.0
2020.04.02,1905.0,115.0,1805.0,1905.0,1770.0,141249.0
2020.04.01,1790.0,-75.0,1875.0,1895.0,1790.0,97057.0
2020.03.31,1865.0,90.0,1820.0,1930.0,1810.0,182354.0
2020.03.30,1775.0,25.0,1695.0,1780.0,1690.0,38432.0
2020.03.27,1750.0,10.0,1800.0,1810.0,1690.0,71978.0
2020.03.26,1740.0,25.0,1725.0,1790.0,1680.0,148390.0
2020.03.25,1715.0,135.0,1635.0,1720.0,1630.0,138111.0
2020.03.24,1580.0,110.0,1500.0,1580.0,1485.0,52235.0
2020.03.23,1470.0,-125.0,1470.0,1505.0,1450.0,113643.0
2020.03.20,1595.0,205.0,1450.0,1595.0,1425.0,88735.0
2020.03.19,1390.0,-240.0,1640.0,1660.0,1385.0,255878.0
2020.03.18,1630.0,-145.0,1785.0,1790.0,1630.0,48316.0
2020.03.17,1775.0,-40.0,1700.0,1815.0,1700.0,59823.0
2020.03.16,1815.0,-55.0,1895.0,1925.0,1815.0,129367.0
2020.03.13,1870.0,-120.0,1805.0,1915.0,1755.0,182923.0
2020.03.12,1990.0,-120.0,2095.0,2095.0,1960.0,143748.0
2020.03.11,2110.0,-50.0,2170.0,2180.0,2100.0,77573.0
2020.03.10,2160.0,10.0,2135.0,2175.0,2130.0,155812.0
2020.03.09,2150.0,-135.0,2240.0,2240.0,2150.0,198190.0
2020.03.06,2285.0,-55.0,2325.0,2325.0,2270.0,166571.0
2020.03.05,2340.0,45.0,2315.0,2350.0,2300.0,123714.0
2020.03.04,2295.0,35.0,2270.0,2305.0,2265.0,51853.0
2020.03.03,2260.0,20.0,2285.0,2300.0,2250.0,29098.0
2020.03.02,2240.0,0.0,2250.0,2255.0,2210.0,74200.0
2020.02.28,2240.0,-65.0,2260.0,2280.0,2220.0,80844.0
2020.02.27,2305.0,-50.0,2345.0,2355.0,2305.0,54441.0
2020.02.26,2355.0,5.0,2310.0,2370.0,2305.0,37943.0
2020.02.25,2350.0,55.0,2280.0,2350.0,2280.0,92367.0
2020.02.24,2295.0,-100.0,2340.0,2345.0,2295.0,155451.0
2020.02.21,2395.0,-55.0,2425.0,2430.0,2380.0,98974.0
2020.02.20,2450.0,-20.0,2485.0,2485.0,2445.0,100443.0
2020.02.19,2470.0,-25.0,2515.0,2515.0,2455.0,48878.0
2020.02.18,2495.0,-30.0,2520.0,2520.0,2490.0,67526.0
2020.02.17,2525.0,-5.0,2535.0,2535.0,2500.0,24439.0
2020.02.14,2530.0,-40.0,2570.0,2570.0,2520.0,221584.0
2020.02.13,2570.0,-35.0,2615.0,2615.0,2570.0,78761.0
2020.02.12,2605.0,5.0,2595.0,2605.0,2580.0,33885.0
2020.02.11,2600.0,35.0,2565.0,2600.0,2565.0,50030.0
2020.02.10,2565.0,-10.0,2550.0,2570.0,2545.0,23231.0
2020.02.07,2575.0,-10.0,2585.0,2590.0,2555.0,30402.0
2020.02.06,2585.0,90.0,2515.0,2590.0,2515.0,34448.0
2020.02.05,2495.0,0.0,2520.0,2520.0,2485.0,80420.0
2020.02.04,2495.0,45.0,2450.0,2510.0,2450.0,80697.0
2020.02.03,2450.0,-45.0,2450.0,2475.0,2410.0,117245.0
2020.01.31,2495.0,-40.0,2545.0,2560.0,2490.0,84549.0
2020.01.30,2535.0,-35.0,2585.0,2595.0,2525.0,29684.0
2020.01.29,2570.0,10.0,2575.0,2595.0,2550.0,81898.0
2020.01.28,2560.0,-95.0,2575.0,2595.0,2545.0,374560.0
2020.01.23,2655.0,-35.0,2680.0,2680.0,2640.0,142502.0
2020.01.22,2690.0,10.0,2680.0,2695.0,2680.0,33179.0
2020.01.21,2680.0,5.0,2680.0,2695.0,2665.0,80752.0
2020.01.20,2675.0,5.0,2670.0,2685.0,2665.0,286095.0
2020.01.17,2670.0,5.0,2675.0,2680.0,2655.0,32017.0
2020.01.16,2665.0,5.0,2670.0,2670.0,2655.0,12470.0
2020.01.15,2660.0,40.0,2630.0,2665.0,2625.0,99885.0
2020.01.14,2620.0,5.0,2630.0,2645.0,2615.0,67006.0
2020.01.13,2615.0,20.0,2580.0,2625.0,2580.0,61034.0
2020.01.10,2595.0,25.0,2575.0,2595.0,2560.0,33130.0
2020.01.09,2570.0,50.0,2550.0,2570.0,2550.0,51379.0
2020.01.08,2520.0,-90.0,2600.0,2600.0,2505.0,109729.0
2020.01.07,2610.0,5.0,2615.0,2625.0,2600.0,28853.0
2020.01.06,2605.0,-60.0,2660.0,2660.0,2590.0,78981.0
2020.01.03,2665.0,-15.0,2680.0,2690.0,2665.0,101940.0
2020.01.02,2680.0,-35.0,2715.0,2715.0,2675.0,89372.0
2019.12.30,2715.0,15.0,2705.0,2720.0,2695.0,39402.0
2019.12.27,2700.0,35.0,2685.0,2700.0,2680.0,59732.0
2019.12.26,2665.0,10.0,2660.0,2670.0,2660.0,48999.0
2019.12.24,2655.0,-10.0,2665.0,2670.0,2645.0,43614.0
2019.12.23,2665.0,-5.0,2680.0,2680.0,2650.0,17558.0
2019.12.20,2670.0,15.0,2670.0,2675.0,2655.0,36358.0
2019.12.19,2655.0,20.0,2640.0,2655.0,2640.0,10155.0
2019.12.18,2635.0,-10.0,2635.0,2645.0,2625.0,75314.0
2019.12.17,2645.0,-20.0,2665.0,2665.0,2630.0,41253.0
2019.12.16,2665.0,-30.0,2695.0,2695.0,2660.0,69161.0
2019.12.13,2695.0,45.0,2675.0,2695.0,2675.0,66016.0
2019.12.12,2650.0,50.0,2610.0,2655.0,2610.0,57900.0
2019.12.11,2600.0,5.0,2590.0,2605.0,2585.0,14794.0
2019.12.10,2595.0,20.0,2580.0,2595.0,2570.0,53909.0
2019.12.09,2575.0,-5.0,2585.0,2585.0,2565.0,13699.0
2019.12.06,2580.0,15.0,2570.0,2580.0,2565.0,22975.0
2019.12.05,2565.0,-5.0,2570.0,2590.0,2555.0,76348.0
2019.12.04,2570.0,-40.0,2590.0,2595.0,2565.0,20358.0
2019.12.03,2610.0,5.0,2585.0,2610.0,2555.0,64676.0
2019.12.02,2605.0,-10.0,2620.0,2625.0,2600.0,70317.0
2019.11.29,2615.0,-40.0,2665.0,2665.0,2610.0,95192.0
2019.11.28,2655.0,-35.0,2685.0,2685.0,2650.0,85843.0
2019.11.27,2690.0,-5.0,2710.0,2710.0,2685.0,39122.0
2019.11.26,2695.0,0.0,2700.0,2720.0,2690.0,69274.0
2019.11.25,2695.0,40.0,2660.0,2700.0,2655.0,73717.0
2019.11.22,2655.0,20.0,2635.0,2665.0,2635.0,4566.0
2019.11.21,2635.0,-50.0,2675.0,2675.0,2625.0,87733.0
2019.11.20,2685.0,-20.0,2700.0,2700.0,2670.0,80190.0
2019.11.19,2705.0,-10.0,2715.0,2715.0,2685.0,53075.0
2019.11.18,2715.0,-10.0,2740.0,2740.0,2705.0,62766.0
2019.11.15,2725.0,45.0,2685.0,2735.0,2680.0,86596.0
2019.11.14,2680.0,-30.0,2720.0,2720.0,2670.0,112001.0
2019.11.13,2710.0,-30.0,2745.0,2745.0,2710.0,46693.0
2019.11.12,2740.0,-5.0,2745.0,2750.0,2720.0,24522.0
2019.11.11,2745.0,-25.0,2775.0,2775.0,2730.0,14099.0
2019.11.08,2770.0,0.0,2770.0,2780.0,2745.0,60994.0
2019.11.07,2770.0,-15.0,2770.0,2785.0,2770.0,48008.0
2019.11.06,2785.0,0.0,2790.0,2790.0,2765.0,109894.0
2019.11.05,2785.0,30.0,2760.0,2785.0,2745.0,37237.0
2019.11.04,2755.0,85.0,2695.0,2755.0,2695.0,136689.0
2019.11.01,2670.0,5.0,2665.0,2670.0,2655.0,29236.0
2019.10.31,2665.0,-5.0,2685.0,2685.0,2665.0,58272.0
2019.10.30,2670.0,15.0,2665.0,2680.0,2655.0,63932.0
2019.10.29,2655.0,-15.0,2670.0,2680.0,2655.0,111074.0
2019.10.28,2670.0,10.0,2670.0,2675.0,2655.0,10173.0
2019.10.25,2660.0,-10.0,2675.0,2675.0,2640.0,76857.0
2019.10.24,2670.0,5.0,2675.0,2675.0,2645.0,86052.0
2019.10.23,2665.0,-50.0,2700.0,2700.0,2660.0,42268.0
2019.10.22,2715.0,30.0,2690.0,2720.0,2690.0,86898.0
2019.10.21,2685.0,-15.0,2705.0,2710.0,2680.0,26734.0
2019.10.18,2700.0,10.0,2715.0,2740.0,2700.0,167058.0
2019.10.17,2690.0,-30.0,2720.0,2725.0,2680.0,29592.0
2019.10.16,2720.0,30.0,2710.0,2730.0,2705.0,42866.0
2019.10.15,2690.0,-10.0,2700.0,2715.0,2690.0,25792.0
2019.10.14,2700.0,55.0,2670.0,2705.0,2665.0,46130.0
2019.10.11,2645.0,25.0,2635.0,2655.0,2630.0,17126.0
2019.10.10,2620.0,-35.0,2640.0,2645.0,2605.0,13321.0
2019.10.08,2655.0,10.0,2645.0,2670.0,2640.0,54544.0
2019.10.07,2645.0,-40.0,2660.0,2670.0,2630.0,22883.0
2019.10.04,2685.0,-50.0,2725.0,2725.0,2685.0,39257.0
2019.10.02,2735.0,-45.0,2775.0,2775.0,2735.0,38820.0
2019.10.01,2780.0,10.0,2765.0,2800.0,2750.0,25703.0
2019.09.30,2770.0,15.0,2745.0,2770.0,2710.0,31319.0
2019.09.27,2755.0,-20.0,2775.0,2780.0,2735.0,11638.0
2019.09.26,2775.0,25.0,2770.0,2795.0,2750.0,24058.0
2019.09.25,2750.0,-80.0,2810.0,2810.0,2745.0,39865.0
2019.09.24,2830.0,5.0,2815.0,2830.0,2810.0,66304.0
2019.09.23,2825.0,10.0,2820.0,2835.0,2805.0,42667.0
2019.09.20,2815.0,15.0,2795.0,2820.0,2795.0,66609.0
2019.09.19,2800.0,-40.0,2840.0,2845.0,2795.0,108841.0
2019.09.18,2840.0,-25.0,2865.0,2865.0,2820.0,50996.0
2019.09.17,2865.0,0.0,2865.0,2880.0,2850.0,64019.0
2019.09.16,2865.0,110.0,2795.0,2870.0,2795.0,151325.0
2019.09.11,2755.0,40.0,2740.0,2760.0,2735.0,141078.0
2019.09.10,2715.0,60.0,2665.0,2725.0,2665.0,145507.0
2019.09.09,2655.0,-5.0,2655.0,2680.0,2645.0,31833.0
2019.09.06,2660.0,5.0,2660.0,2675.0,2655.0,66241.0
2019.09.05,2655.0,25.0,2635.0,2670.0,2635.0,109064.0
2019.09.04,2630.0,0.0,2625.0,2630.0,2610.0,84304.0
2019.09.03,2630.0,-5.0,2640.0,2665.0,2630.0,31329.0
2019.09.02,2635.0,-15.0,2645.0,2645.0,2625.0,8402.0
2019.08.30,2650.0,65.0,2610.0,2650.0,2610.0,59974.0
2019.08.29,2585.0,-5.0,2595.0,2595.0,2575.0,25659.0
2019.08.28,2590.0,25.0,2565.0,2590.0,2560.0,39120.0
2019.08.27,2565.0,20.0,2570.0,2590.0,2550.0,59895.0
2019.08.26,2545.0,-60.0,2560.0,2575.0,2545.0,51300.0
2019.08.23,2605.0,-20.0,2605.0,2610.0,2590.0,48331.0
2019.08.22,2625.0,-20.0,2650.0,2655.0,2620.0,34098.0
2019.08.21,2645.0,25.0,2615.0,2645.0,2615.0,88119.0
2019.08.20,2620.0,25.0,2590.0,2620.0,2585.0,40249.0
2019.08.19,2595.0,50.0,2555.0,2595.0,2550.0,94536.0
2019.08.16,2545.0,5.0,2520.0,2545.0,2505.0,60194.0
2019.08.14,2540.0,-20.0,2585.0,2585.0,2535.0,112341.0
2019.08.13,2560.0,-60.0,2605.0,2605.0,2550.0,55365.0
2019.08.12,2620.0,15.0,2595.0,2665.0,2585.0,63193.0
2019.08.09,2605.0,25.0,2605.0,2615.0,2595.0,72903.0
2019.08.08,2580.0,65.0,2555.0,2590.0,2540.0,110210.0
2019.08.07,2515.0,-30.0,2545.0,2565.0,2500.0,135726.0
2019.08.06,2545.0,-35.0,2505.0,2615.0,2495.0,155153.0
2019.08.05,2580.0,-85.0,2650.0,2660.0,2570.0,184581.0
2019.08.02,2665.0,-15.0,2655.0,2685.0,2640.0,41151.0
2019.08.01,2680.0,-65.0,2720.0,2725.0,2680.0,146089.0
2019.07.31,2745.0,15.0,2730.0,2760.0,2715.0,70488.0
2019.07.30,2730.0,15.0,2710.0,2740.0,2710.0,108969.0
2019.07.29,2715.0,-25.0,2745.0,2755.0,2700.0,93244.0
2019.07.26,2740.0,-30.0,2760.0,2760.0,2710.0,39405.0
2019.07.25,2770.0,-55.0,2820.0,2820.0,2735.0,186736.0
2019.07.24,2825.0,-30.0,2855.0,2855.0,2820.0,22170.0
2019.07.23,2855.0,-5.0,2860.0,2870.0,2845.0,31175.0
2019.07.22,2860.0,5.0,2845.0,2860.0,2840.0,17883.0
2019.07.19,2855.0,45.0,2825.0,2860.0,2825.0,15284.0
2019.07.18,2810.0,-50.0,2830.0,2855.0,2805.0,131758.0
2019.07.17,2860.0,-60.0,2910.0,2910.0,2840.0,122513.0
2019.07.16,2920.0,10.0,2915.0,2935.0,2905.0,96220.0
2019.07.15,2910.0,-30.0,2945.0,2950.0,2900.0,78009.0
2019.07.12,2940.0,-20.0,2955.0,2955.0,2930.0,30357.0
2019.07.11,2960.0,40.0,2920.0,2960.0,2920.0,53949.0
2019.07.10,2920.0,10.0,2935.0,2935.0,2895.0,160489.0
2019.07.09,2910.0,-80.0,2990.0,2995.0,2895.0,123672.0
2019.07.08,2990.0,-100.0,3085.0,3085.0,2990.0,46903.0
2019.07.05,3090.0,-20.0,3110.0,3130.0,3070.0,7857.0
2019.07.04,3110.0,35.0,3080.0,3110.0,3070.0,89406.0
2019.07.03,3075.0,-70.0,3145.0,3145.0,3070.0,66792.0
2019.07.02,3145.0,-15.0,3140.0,3165.0,3120.0,86208.0
2019.07.01,3160.0,25.0,3180.0,3200.0,3145.0,88081.0
2019.06.28,3135.0,-25.0,3150.0,3165.0,3110.0,31603.0
2019.06.27,3160.0,0.0,3160.0,3180.0,3135.0,25451.0
2019.06.26,3160.0,0.0,3150.0,3165.0,3120.0,58944.0
2019.06.25,3160.0,-40.0,3200.0,3210.0,3155.0,37709.0
2019.06.24,3200.0,45.0,3175.0,3205.0,3175.0,43270.0
2019.06.21,3155.0,-35.0,3195.0,3205.0,3155.0,16834.0
2019.06.20,3190.0,-25.0,3215.0,3215.0,3190.0,33443.0
2019.06.19,3215.0,60.0,3170.0,3215.0,3165.0,79981.0
2019.06.18,3155.0,0.0,3155.0,3170.0,3140.0,7638.0
2019.06.17,3155.0,-30.0,3190.0,3190.0,3145.0,15218.0
2019.06.14,3185.0,5.0,3190.0,3195.0,3170.0,15757.0
2019.06.13,3180.0,25.0,3160.0,3185.0,3140.0,14008.0
2019.06.12,3155.0,10.0,3145.0,3185.0,3145.0,36810.0
2019.06.11,3145.0,35.0,3110.0,3145.0,3105.0,33075.0
2019.06.10,3110.0,45.0,3085.0,3110.0,3070.0,20369.0
2019.06.07,3065.0,-10.0,3070.0,3090.0,3050.0,41103.0
2019.06.05,3075.0,20.0,3075.0,3090.0,3055.0,27777.0
2019.06.04,3055.0,80.0,2980.0,3060.0,2980.0,50654.0
2019.06.03,2975.0,-20.0,2970.0,2975.0,2930.0,110473.0
2019.05.31,2995.0,15.0,2975.0,3000.0,2965.0,96436.0
2019.05.30,2980.0,20.0,2950.0,2985.0,2945.0,5030.0
2019.05.29,2960.0,-40.0,2980.0,2980.0,2940.0,41367.0
2019.05.28,3000.0,30.0,2965.0,3000.0,2960.0,22594.0
2019.05.27,2970.0,25.0,2955.0,2980.0,2950.0,3210.0
2019.05.24,2945.0,-25.0,2950.0,2970.0,2945.0,71288.0
2019.05.23,2970.0,5.0,2950.0,2985.0,2935.0,23811.0
2019.05.22,2965.0,25.0,2955.0,2970.0,2930.0,49731.0
2019.05.21,2940.0,-20.0,2940.0,2970.0,2940.0,7833.0
2019.05.20,2960.0,-35.0,3000.0,3010.0,2960.0,13567.0
2019.05.17,2995.0,50.0,2970.0,3040.0,2970.0,60583.0
2019.05.16,2945.0,-25.0,2975.0,2980.0,2945.0,23760.0
2019.05.15,2970.0,80.0,2905.0,2970.0,2880.0,44588.0
2019.05.14,2890.0,15.0,2850.0,2910.0,2850.0,69220.0
2019.05.13,2875.0,-60.0,2905.0,2920.0,2860.0,36342.0
2019.05.10,2935.0,-25.0,2970.0,2985.0,2910.0,93888.0
2019.05.09,2960.0,-150.0,3085.0,3085.0,2960.0,51898.0
2019.05.08,3110.0,10.0,3075.0,3120.0,3060.0,109320.0
2019.05.07,3100.0,-35.0,3095.0,3100.0,3060.0,18698.0
2019.05.03,3135.0,-20.0,3155.0,3155.0,3130.0,134750.0
2019.05.02,3155.0,10.0,3130.0,3175.0,3130.0,163404.0
2019.04.30,3145.0,0.0,3150.0,3160.0,3115.0,245337.0
2019.04.29,3145.0,40.0,3110.0,3145.0,3095.0,22319.0
2019.04.26,3145.0,30.0,3110.0,3145.0,3105.0,11314.0
2019.04.25,3115.0,0.0,3115.0,3115.0,3080.0,22185.0
2019.04.24,3115.0,-40.0,3155.0,3165.0,3095.0,58386.0
2019.04.23,3155.0,10.0,3150.0,3160.0,3130.0,48327.0
2019.04.22,3145.0,0.0,3145.0,3155.0,3130.0,26809.0
2019.04.19,3145.0,15.0,3150.0,3150.0,3135.0,22025.0
2019.04.18,3130.0,-85.0,3225.0,3225.0,3125.0,85756.0
2019.04.17,3215.0,0.0,3225.0,3225.0,3195.0,91705.0
2019.04.16,3215.0,5.0,3200.0,3230.0,3190.0,62771.0
2019.04.15,3210.0,5.0,3210.0,3225.0,3200.0,30539.0
2019.04.12,3205.0,0.0,3200.0,3215.0,3180.0,18862.0
2019.04.11,3205.0,5.0,3205.0,3220.0,3190.0,78679.0
2019.04.10,3200.0,5.0,3195.0,3205.0,3175.0,18214.0
2019.04.09,3195.0,-25.0,3210.0,3220.0,3185.0,47696.0
2019.04.08,3220.0,5.0,3220.0,3225.0,3195.0,115212.0
2019.04.05,3215.0,20.0,3200.0,3220.0,3190.0,160140.0
2019.04.04,3195.0,-15.0,3210.0,3210.0,3180.0,169121.0
2019.04.03,3210.0,45.0,3165.0,3210.0,3165.0,24681.0
2019.04.02,3165.0,-20.0,3185.0,3195.0,3160.0,55746.0
2019.04.01,3185.0,20.0,3165.0,3195.0,3165.0,56362.0
2019.03.29,3165.0,90.0,3090.0,3165.0,3070.0,45305.0
2019.03.28,3075.0,-15.0,3080.0,3085.0,3060.0,256822.0
2019.03.27,3090.0,-15.0,3100.0,3110.0,3080.0,51361.0
2019.03.26,3105.0,35.0,3075.0,3105.0,3075.0,97274.0
2019.03.25,3070.0,-65.0,3095.0,3100.0,3070.0,41259.0
2019.03.22,3135.0,-5.0,3135.0,3145.0,3110.0,23471.0
2019.03.21,3140.0,-50.0,3170.0,3200.0,3125.0,46040.0
2019.03.20,3190.0,-10.0,3185.0,3190.0,3150.0,41416.0
2019.03.19,3200.0,15.0,3190.0,3210.0,3180.0,41994.0
2019.03.18,3185.0,5.0,3205.0,3205.0,3155.0,45475.0
2019.03.15,3180.0,40.0,3145.0,3215.0,3145.0,102655.0
2019.03.14,3140.0,35.0,3110.0,3150.0,3110.0,171270.0
2019.03.13,3105.0,-15.0,3125.0,3125.0,3085.0,37647.0
2019.03.12,3120.0,15.0,3115.0,3140.0,3110.0,64179.0
2019.03.11,3105.0,0.0,3090.0,3110.0,3060.0,45427.0
2019.03.08,3105.0,-35.0,3120.0,3135.0,3090.0,91466.0
2019.03.07,3140.0,-25.0,3170.0,3195.0,3130.0,80619.0
2019.03.06,3165.0,-20.0,3170.0,3195.0,3160.0,30425.0
2019.03.05,3185.0,0.0,3180.0,3195.0,3155.0,113995.0
2019.03.04,3185.0,-35.0,3215.0,3250.0,3185.0,353878.0
2019.02.28,3220.0,-115.0,3345.0,3360.0,3220.0,166743.0
2019.02.27,3335.0,-35.0,3375.0,3375.0,3325.0,42190.0
2019.02.26,3370.0,0.0,3370.0,3390.0,3365.0,24387.0
2019.02.25,3370.0,-10.0,3410.0,3410.0,3350.0,114754.0
2019.02.22,3380.0,5.0,3370.0,3395.0,3370.0,38529.0
2019.02.21,3375.0,-15.0,3390.0,3395.0,3340.0,55593.0
2019.02.20,3390.0,-5.0,3400.0,3410.0,3375.0,98877.0
2019.02.19,3395.0,0.0,3390.0,3405.0,3380.0,150159.0
2019.02.18,3395.0,10.0,3400.0,3405.0,3370.0,58304.0
2019.02.15,3385.0,-5.0,3355.0,3400.0,3355.0,104488.0
2019.02.14,3390.0,0.0,3390.0,3390.0,3330.0,101751.0
2019.02.13,3390.0,10.0,3390.0,3410.0,3390.0,46021.0
2019.02.12,3380.0,0.0,3380.0,3390.0,3355.0,65818.0
2019.02.11,3380.0,-10.0,3395.0,3410.0,3370.0,191149.0
2019.02.08,3390.0,-30.0,3395.0,3395.0,3360.0,50226.0
2019.02.07,3420.0,15.0,3450.0,3450.0,3390.0,170925.0
2019.02.01,3405.0,5.0,3400.0,3415.0,3370.0,121290.0
2019.01.31,3400.0,5.0,3430.0,3430.0,3365.0,166010.0
2019.01.30,3395.0,70.0,3365.0,3400.0,3350.0,228306.0
2019.01.29,3325.0,-60.0,3375.0,3375.0,3300.0,68809.0
2019.01.28,3385.0,-10.0,3405.0,3410.0,3365.0,51036.0
2019.01.25,3395.0,40.0,3355.0,3400.0,3340.0,50250.0
2019.01.24,3355.0,45.0,3315.0,3365.0,3305.0,120107.0
2019.01.23,3310.0,55.0,3230.0,3310.0,3230.0,45335.0
2019.01.22,3255.0,0.0,3260.0,3270.0,3235.0,31877.0
2019.01.21,3255.0,-25.0,3295.0,3295.0,3250.0,40626.0
2019.01.18,3280.0,20.0,3275.0,3280.0,3235.0,23186.0
2019.01.17,3260.0,-40.0,3315.0,3325.0,3250.0,91109.0
2019.01.16,3300.0,40.0,3265.0,3325.0,3265.0,46256.0
2019.01.15,3260.0,30.0,3235.0,3270.0,3235.0,73847.0
2019.01.14,3230.0,5.0,3230.0,3240.0,3205.0,42041.0
2019.01.11,3225.0,10.0,3220.0,3225.0,3200.0,57648.0
2019.01.10,3215.0,-5.0,3235.0,3250.0,3200.0,4814.0
2019.01.09,3220.0,40.0,3190.0,3235.0,3190.0,76625.0
2019.01.08,3180.0,-10.0,3200.0,3230.0,3160.0,105724.0
2019.01.07,3190.0,55.0,3200.0,3225.0,3150.0,87055.0
2019.01.04,3135.0,20.0,3115.0,3135.0,3065.0,74219.0
2019.01.03,3115.0,-5.0,3145.0,3160.0,3090.0,94000.0
2019.01.02,3120.0,-95.0,3235.0,3250.0,3110.0,100877.0
2018.12.28,3215.0,10.0,3205.0,3235.0,3200.0,55255.0
2018.12.27,3205.0,110.0,3160.0,3220.0,3160.0,44386.0
2018.12.26,3095.0,-60.0,3090.0,3130.0,3065.0,24304.0
2018.12.24,3155.0,-50.0,3170.0,3190.0,3140.0,124382.0
2018.12.21,3205.0,-25.0,3230.0,3230.0,3180.0,32520.0
2018.12.20,3230.0,30.0,3205.0,3245.0,3180.0,147642.0
2018.12.19,3200.0,-60.0,3280.0,3280.0,3185.0,149231.0
2018.12.18,3260.0,30.0,3205.0,3290.0,3205.0,175539.0
2018.12.17,3230.0,-15.0,3250.0,3270.0,3220.0,85006.0
2018.12.14,3245.0,-20.0,3265.0,3285.0,3215.0,75286.0
2018.12.13,3265.0,100.0,3190.0,3265.0,3185.0,114298.0
2018.12.12,3165.0,45.0,3140.0,3185.0,3140.0,59718.0
2018.12.11,3120.0,-5.0,3125.0,3130.0,3075.0,31089.0
2018.12.10,3125.0,-55.0,3140.0,3175.0,3105.0,76376.0
2018.12.07,3180.0,35.0,3155.0,3180.0,3140.0,75560.0
2018.12.06,3145.0,-35.0,3170.0,3190.0,3120.0,47182.0
2018.12.05,3180.0,-35.0,3165.0,3215.0,3155.0,74392.0
2018.12.04,3215.0,0.0,3215.0,3245.0,3190.0,30209.0
2018.12.03,3215.0,50.0,3180.0,3240.0,3180.0,70970.0
2018.11.30,3165.0,25.0,3145.0,3175.0,3140.0,164160.0
2018.11.29,3140.0,10.0,3160.0,3180.0,3140.0,58970.0
2018.11.28,3130.0,40.0,3085.0,3135.0,3085.0,20542.0
2018.11.27,3090.0,40.0,3050.0,3090.0,3030.0,35293.0
2018.11.26,3050.0,35.0,3030.0,3050.0,3005.0,78561.0
2018.11.23,3015.0,-25.0,3040.0,3070.0,3000.0,59924.0
2018.11.22,3040.0,-40.0,3075.0,3080.0,3015.0,90378.0
2018.11.21,3080.0,0.0,3055.0,3080.0,3025.0,106647.0
2018.11.20,3080.0,-15.0,3060.0,3110.0,3060.0,129571.0
2018.11.19,3095.0,65.0,3035.0,3115.0,3035.0,237435.0
2018.11.16,3030.0,30.0,2995.0,3040.0,2975.0,82745.0
2018.11.15,3000.0,70.0,2920.0,3000.0,2915.0,45861.0
2018.11.14,2930.0,-70.0,3000.0,3000.0,2915.0,122654.0
2018.11.13,3000.0,5.0,2960.0,3010.0,2900.0,129980.0
2018.11.12,2995.0,25.0,2945.0,3015.0,2940.0,34006.0
2018.11.09,2970.0,-15.0,2985.0,3005.0,2950.0,97256.0
2018.11.08,2985.0,75.0,2960.0,3025.0,2950.0,164663.0
2018.11.07,2910.0,-35.0,2975.0,3030.0,2880.0,206832.0
2018.11.06,2945.0,20.0,2945.0,2980.0,2910.0,167312.0
2018.11.05,2925.0,-40.0,2940.0,2940.0,2895.0,106187.0
2018.11.02,2965.0,155.0,2845.0,2970.0,2845.0,179448.0
2018.11.01,2810.0,-15.0,2840.0,2900.0,2800.0,131331.0
2018.10.31,2825.0,-10.0,2830.0,2840.0,2790.0,141389.0
2018.10.30,2835.0,80.0,2730.0,2840.0,2725.0,268700.0
2018.10.29,2755.0,-95.0,2850.0,2905.0,2750.0,151595.0
2018.10.26,2850.0,-90.0,2975.0,2975.0,2795.0,84984.0
2018.10.25,2940.0,-25.0,2910.0,2970.0,2885.0,200672.0
2018.10.24,2965.0,-75.0,3070.0,3075.0,2965.0,73525.0
2018.10.23,3040.0,-105.0,3140.0,3160.0,3025.0,221239.0
2018.10.22,3145.0,-35.0,3150.0,3150.0,3105.0,59122.0
2018.10.19,3180.0,30.0,3120.0,3180.0,3110.0,90996.0
2018.10.18,3150.0,-45.0,3200.0,3230.0,3145.0,30682.0
2018.10.17,3195.0,25.0,3225.0,3230.0,3190.0,41095.0
2018.10.16,3170.0,5.0,3190.0,3195.0,3145.0,103735.0
2018.10.15,3165.0,-35.0,3210.0,3245.0,3150.0,309843.0
2018.10.12,3200.0,75.0,3110.0,3210.0,3110.0,299053.0
2018.10.11,3125.0,-180.0,3165.0,3240.0,3125.0,453794.0
2018.10.10,3305.0,-145.0,3435.0,3445.0,3285.0,525761.0
2018.10.08,3450.0,-35.0,3480.0,3500.0,3425.0,223169.0
2018.10.05,3485.0,-75.0,3550.0,3550.0,3445.0,162391.0
2018.10.04,3560.0,0.0,3615.0,3640.0,3550.0,599682.0
2018.10.02,3560.0,-5.0,3565.0,3600.0,3560.0,223751.0
2018.10.01,3565.0,5.0,3560.0,3595.0,3545.0,343469.0
2018.09.28,3560.0,-5.0,3550.0,3560.0,3515.0,175453.0
2018.09.27,3565.0,20.0,3570.0,3575.0,3540.0,143870.0
2018.09.21,3545.0,70.0,3495.0,3545.0,3470.0,672689.0
2018.09.20,3475.0,-5.0,3500.0,3525.0,3430.0,334745.0
2018.09.19,3480.0,-45.0,3530.0,3535.0,3465.0,289616.0
2018.09.18,3525.0,-35.0,3550.0,3575.0,3520.0,295914.0
2018.09.17,3560.0,-20.0,3605.0,3605.0,3540.0,221743.0
2018.09.14,3580.0,15.0,3570.0,3590.0,3540.0,200790.0
2018.09.13,3565.0,5.0,3560.0,3575.0,3530.0,406279.0
2018.09.12,3560.0,-15.0,3575.0,3585.0,3490.0,211079.0
2018.09.11,3575.0,10.0,3605.0,3620.0,3550.0,534378.0
2018.09.10,3565.0,160.0,3430.0,3565.0,3420.0,402941.0
2018.09.07,3405.0,90.0,3335.0,3405.0,3320.0,192281.0
2018.09.06,3315.0,0.0,3340.0,3380.0,3310.0,224609.0
2018.09.05,3315.0,-15.0,3355.0,3365.0,3310.0,190580.0
2018.09.04,3330.0,30.0,3300.0,3330.0,3290.0,193916.0
2018.09.03,3300.0,-20.0,3330.0,3345.0,3300.0,76561.0
2018.08.31,3320.0,0.0,3300.0,3320.0,3280.0,94372.0
2018.08.30,3320.0,10.0,3325.0,3330.0,3305.0,141862.0
2018.08.29,3310.0,-30.0,3330.0,3335.0,3305.0,88070.0
2018.08.28,3340.0,45.0,3310.0,3360.0,3310.0,148576.0
2018.08.27,3295.0,-60.0,3280.0,3310.0,3265.0,544421.0
2018.08.24,3355.0,30.0,3325.0,3355.0,3310.0,157134.0
2018.08.23,3325.0,65.0,3275.0,3340.0,3270.0,202638.0
2018.08.22,3260.0,-10.0,3255.0,3285.0,3240.0,131104.0
2018.08.21,3270.0,30.0,3250.0,3270.0,3240.0,164405.0
2018.08.20,3240.0,10.0,3250.0,3260.0,3235.0,60499.0
2018.08.17,3230.0,-20.0,3260.0,3260.0,3205.0,240385.0
2018.08.16,3250.0,-5.0,3270.0,3275.0,3220.0,174677.0
2018.08.14,3255.0,80.0,3190.0,3255.0,3170.0,52321.0
2018.08.13,3175.0,-95.0,3275.0,3295.0,3175.0,162506.0
2018.08.10,3270.0,55.0,3260.0,3280.0,3235.0,112889.0
2018.08.09,3215.0,0.0,3220.0,3240.0,3200.0,63819.0
2018.08.08,3215.0,-25.0,3225.0,3255.0,3210.0,117025.0
2018.08.07,3240.0,0.0,3225.0,3240.0,3200.0,116695.0
2018.08.06,3240.0,-70.0,3300.0,3300.0,3230.0,327131.0
2018.08.03,3310.0,45.0,3280.0,3310.0,3280.0,52511.0
2018.08.02,3265.0,-10.0,3275.0,3320.0,3240.0,141237.0
2018.08.01,3275.0,0.0,3285.0,3295.0,3260.0,529340.0
2018.07.31,3275.0,25.0,3265.0,3295.0,3230.0,259514.0
2018.07.30,3250.0,65.0,3185.0,3270.0,3185.0,208587.0
2018.07.27,3185.0,30.0,3170.0,3185.0,3155.0,117782.0
2018.07.26,3155.0,-25.0,3200.0,3215.0,3155.0,165195.0
2018.07.25,3180.0,45.0,3155.0,3185.0,3125.0,237461.0
2018.07.24,3135.0,120.0,3025.0,3155.0,3020.0,346836.0
2018.07.23,3015.0,-30.0,3045.0,3045.0,3000.0,173494.0
2018.07.20,3045.0,15.0,3025.0,3050.0,3010.0,95419.0
2018.07.19,3030.0,0.0,3035.0,3055.0,3000.0,244616.0
2018.07.18,3030.0,-80.0,3120.0,3130.0,3030.0,229761.0
2018.07.17,3110.0,-30.0,3135.0,3150.0,3110.0,56288.0
2018.07.16,3140.0,-30.0,3170.0,3175.0,3130.0,79361.0
2018.07.13,3170.0,45.0,3140.0,3175.0,3140.0,242470.0
2018.07.12,3125.0,-35.0,3160.0,3160.0,3115.0,138285.0
2018.07.11,3160.0,35.0,3105.0,3165.0,3090.0,179704.0
2018.07.10,3125.0,10.0,3140.0,3150.0,3125.0,181657.0
2018.07.09,3115.0,-85.0,3140.0,3160.0,3100.0,219016.0
2018.07.06,3200.0,115.0,3105.0,3210.0,3105.0,256544.0
2018.07.05,3085.0,-75.0,3150.0,3150.0,3065.0,278210.0
2018.07.04,3160.0,15.0,3130.0,3175.0,3130.0,115321.0
2018.07.03,3145.0,45.0,3140.0,3150.0,3075.0,164245.0
2018.07.02,3100.0,-155.0,3245.0,3245.0,3100.0,467635.0
2018.06.29,3255.0,85.0,3235.0,3255.0,3160.0,257022.0
2018.06.28,3170.0,-40.0,3200.0,3265.0,3165.0,446722.0
2018.06.27,3210.0,-110.0,3325.0,3335.0,3210.0,436024.0
2018.06.26,3320.0,-80.0,3350.0,3405.0,3320.0,185701.0
2018.06.25,3400.0,70.0,3315.0,3420.0,3300.0,166179.0
2018.06.22,3330.0,55.0,3270.0,3330.0,3250.0,124910.0
2018.06.21,3275.0,-50.0,3300.0,3380.0,3275.0,170641.0
2018.06.20,3325.0,100.0,3220.0,3330.0,3220.0,224656.0
2018.06.19,3225.0,-105.0,3335.0,3385.0,3215.0,508972.0
2018.06.18,3330.0,-80.0,3400.0,3430.0,3310.0,635846.0
2018.06.15,3410.0,-20.0,3435.0,3480.0,3410.0,341147.0
2018.06.14,3430.0,-150.0,3500.0,3510.0,3415.0,686696.0
2018.06.12,3580.0,-85.0,3685.0,3685.0,3540.0,834861.0
2018.06.11,3665.0,110.0,3575.0,3670.0,3570.0,448540.0
2018.06.08,3555.0,-45.0,3610.0,3615.0,3550.0,152970.0
2018.06.07,3600.0,-40.0,3620.0,3645.0,3590.0,423703.0
2018.06.05,3640.0,75.0,3565.0,3640.0,3525.0,386728.0
2018.06.04,3565.0,-55.0,3690.0,3700.0,3565.0,693432.0
2018.06.01,3620.0,-95.0,3700.0,3700.0,3600.0,735325.0
2018.05.31,3715.0,20.0,3730.0,3770.0,3660.0,639011.0
2018.05.30,3695.0,-25.0,3730.0,3755.0,3640.0,483867.0
2018.05.29,3720.0,-145.0,3845.0,3845.0,3715.0,893782.0
2018.05.28,3865.0,405.0,3705.0,3920.0,3685.0,1442360.0
2018.05.25,3460.0,-155.0,3400.0,3500.0,3365.0,1473011.0
2018.05.24,3615.0,-40.0,3685.0,3685.0,3580.0,180220.0
2018.05.23,3655.0,-10.0,3630.0,3670.0,3565.0,438720.0
2018.05.21,3665.0,-60.0,3700.0,3700.0,3635.0,272649.0
2018.05.18,3725.0,50.0,3695.0,3725.0,3640.0,353077.0
2018.05.17,3675.0,55.0,3620.0,3730.0,3620.0,892558.0
2018.05.16,3620.0,-150.0,3615.0,3720.0,3600.0,1112229.0
2018.05.15,3770.0,25.0,3765.0,3835.0,3730.0,1186692.0
2018.05.14,3745.0,215.0,3590.0,3785.0,3570.0,1424037.0
2018.05.11,3530.0,40.0,3470.0,3530.0,3450.0,543838.0
2018.05.10,3490.0,40.0,3490.0,3540.0,3470.0,321439.0
2018.05.09,3450.0,0.0,3465.0,3485.0,3360.0,400831.0
2018.05.08,3450.0,-110.0,3510.0,3560.0,3450.0,427734.0
2018.05.04,3560.0,125.0,3460.0,3565.0,3440.0,689932.0
2018.05.03,3435.0,-75.0,3485.0,3510.0,3430.0,532435.0
2018.05.02,3510.0,10.0,3565.0,3625.0,3460.0,1457710.0
2018.04.30,3500.0,265.0,3325.0,3530.0,3300.0,1320230.0
2018.04.27,3235.0,-45.0,3285.0,3295.0,3220.0,210153.0
2018.04.26,3305.0,35.0,3265.0,3310.0,3220.0,352886.0
2018.04.25,3270.0,-55.0,3310.0,3330.0,3255.0,317469.0
2018.04.24,3325.0,35.0,3300.0,3375.0,3240.0,516980.0
2018.04.23,3290.0,0.0,3390.0,3420.0,3265.0,745192.0
2018.04.20,3290.0,15.0,3290.0,3305.0,3215.0,576514.0
2018.04.19,3275.0,145.0,3155.0,3290.0,3155.0,721179.0
2018.04.18,3130.0,100.0,3045.0,3135.0,3040.0,199082.0
2018.04.17,3030.0,-25.0,3050.0,3055.0,3020.0,42408.0
2018.04.16,3055.0,0.0,3075.0,3075.0,3040.0,85078.0
2018.04.13,3055.0,-15.0,3080.0,3080.0,3045.0,134014.0
2018.04.12,3070.0,20.0,3065.0,3095.0,3060.0,135415.0
2018.04.11,3050.0,0.0,3050.0,3055.0,3030.0,42538.0
2018.04.10,3050.0,-10.0,3060.0,3065.0,3020.0,35693.0
2018.04.09,3060.0,75.0,3045.0,3080.0,3045.0,297725.0
2018.04.06,2985.0,30.0,2960.0,2995.0,2935.0,159516.0
2018.04.05,2955.0,50.0,2920.0,2970.0,2915.0,60556.0
2018.04.04,2905.0,-55.0,2950.0,2955.0,2900.0,254147.0
2018.04.03,2960.0,15.0,2915.0,2960.0,2905.0,23762.0
2018.04.02,2945.0,-40.0,2990.0,3005.0,2930.0,40322.0
2018.03.30,2985.0,25.0,2975.0,3020.0,2975.0,202062.0
2018.03.29,2960.0,0.0,2950.0,2970.0,2925.0,98164.0
2018.03.28,2960.0,25.0,2910.0,2980.0,2895.0,178835.0
2018.03.27,2935.0,55.0,2915.0,2940.0,2910.0,85155.0
2018.03.26,2880.0,45.0,2820.0,2895.0,2795.0,138300.0
2018.03.23,2835.0,-110.0,2890.0,2895.0,2830.0,279886.0
2018.03.22,2945.0,-20.0,2970.0,3005.0,2925.0,231585.0
2018.03.21,2965.0,-5.0,2970.0,2985.0,2965.0,52987.0
2018.03.20,2970.0,15.0,2940.0,2980.0,2940.0,90846.0
2018.03.19,2955.0,-5.0,2975.0,2975.0,2935.0,82340.0
2018.03.16,2960.0,-5.0,2955.0,2975.0,2945.0,62007.0
2018.03.15,2965.0,20.0,2940.0,2965.0,2920.0,78635.0
2018.03.14,2945.0,-25.0,2950.0,2955.0,2920.0,91232.0
2018.03.13,2970.0,-65.0,3030.0,3030.0,2960.0,116099.0
2018.03.12,3035.0,50.0,3015.0,3045.0,2995.0,138282.0
2018.03.09,2985.0,90.0,2910.0,3010.0,2910.0,443261.0
2018.03.08,2895.0,50.0,2860.0,2895.0,2860.0,243552.0
2018.03.07,2845.0,-25.0,2885.0,2900.0,2845.0,82931.0
2018.03.06,2870.0,60.0,2840.0,2870.0,2830.0,105253.0
2018.03.05,2810.0,-40.0,2840.0,2855.0,2805.0,152420.0
2018.03.02,2850.0,-50.0,2865.0,2870.0,2835.0,54507.0
2018.02.28,2900.0,-55.0,2935.0,2940.0,2900.0,75636.0
2018.02.27,2955.0,-10.0,2980.0,2985.0,2945.0,37684.0
2018.02.26,2965.0,-25.0,3010.0,3010.0,2950.0,75388.0
2018.02.23,2990.0,55.0,2950.0,2990.0,2950.0,114405.0
2018.02.22,2935.0,-30.0,2950.0,2950.0,2920.0,80390.0
2018.02.21,2965.0,-15.0,2980.0,2980.0,2945.0,43474.0
2018.02.20,2980.0,-25.0,3005.0,3020.0,2970.0,74335.0
2018.02.19,3005.0,115.0,2940.0,3010.0,2930.0,95356.0
2018.02.14,2890.0,40.0,2865.0,2910.0,2855.0,63997.0
2018.02.13,2850.0,-40.0,2920.0,2920.0,2850.0,80573.0
2018.02.12,2890.0,-40.0,2930.0,2930.0,2865.0,129511.0
2018.02.09,2930.0,-60.0,2900.0,2945.0,2900.0,100306.0
2018.02.08,2990.0,15.0,2995.0,3015.0,2935.0,155617.0
2018.02.07,2975.0,-125.0,3140.0,3140.0,2975.0,160118.0
2018.02.06,3100.0,-50.0,3050.0,3100.0,3000.0,278916.0
2018.02.05,3150.0,-95.0,3190.0,3205.0,3135.0,147206.0
2018.02.02,3245.0,-15.0,3280.0,3280.0,3220.0,123191.0
2018.02.01,3260.0,10.0,3250.0,3280.0,3230.0,295413.0
2018.01.31,3250.0,-20.0,3245.0,3260.0,3180.0,124690.0
2018.01.30,3270.0,40.0,3250.0,3310.0,3240.0,325157.0
2018.01.29,3230.0,65.0,3185.0,3285.0,3185.0,487021.0
2018.01.26,3165.0,-40.0,3185.0,3185.0,3105.0,225314.0
2018.01.25,3205.0,80.0,3130.0,3205.0,3130.0,455451.0
2018.01.24,3125.0,-10.0,3135.0,3150.0,3115.0,117804.0
2018.01.23,3135.0,55.0,3090.0,3135.0,3080.0,489520.0
2018.01.22,3080.0,0.0,3075.0,3080.0,3040.0,92173.0
2018.01.19,3080.0,90.0,2995.0,3080.0,2990.0,109228.0
2018.01.18,2990.0,-25.0,3015.0,3030.0,2980.0,128701.0
2018.01.17,3015.0,-10.0,3015.0,3025.0,2985.0,102768.0
2018.01.16,3025.0,-45.0,3060.0,3060.0,3010.0,90442.0
2018.01.15,3070.0,0.0,3080.0,3080.0,3050.0,69802.0
2018.01.12,3070.0,20.0,3065.0,3105.0,3050.0,189543.0
2018.01.11,3050.0,-10.0,3080.0,3080.0,3035.0,60995.0
2018.01.10,3060.0,75.0,2995.0,3080.0,2995.0,513928.0
2018.01.09,2985.0,25.0,2960.0,2990.0,2960.0,157839.0
2018.01.08,2960.0,25.0,2935.0,2980.0,2920.0,128047.0
2018.01.05,2935.0,25.0,2915.0,2945.0,2900.0,89959.0
2018.01.04,2910.0,55.0,2860.0,2930.0,2855.0,110083.0
2018.01.03,2855.0,-25.0,2865.0,2865.0,2840.0,194807.0
2018.01.02,2880.0,50.0,2830.0,2880.0,2820.0,65862.0
2017.12.28,2830.0,55.0,2775.0,2830.0,2775.0,145232.0
2017.12.27,2775.0,25.0,2765.0,2780.0,2735.0,42901.0
2017.12.26,2750.0,15.0,2745.0,2770.0,2740.0,23938.0
2017.12.22,2735.0,-5.0,2750.0,2750.0,2720.0,30141.0
2017.12.21,2740.0,-30.0,2760.0,2760.0,2735.0,31146.0
2017.12.20,2770.0,0.0,2765.0,2785.0,2760.0,24177.0
2017.12.19,2770.0,-30.0,2795.0,2810.0,2755.0,55150.0
2017.12.18,2800.0,-5.0,2815.0,2815.0,2790.0,47649.0
2017.12.15,2805.0,40.0,2775.0,2805.0,2770.0,22172.0
2017.12.14,2765.0,-25.0,2790.0,2815.0,2765.0,107490.0
2017.12.13,2790.0,75.0,2715.0,2790.0,2715.0,77833.0
2017.12.12,2715.0,0.0,2710.0,2720.0,2700.0,24082.0
2017.12.11,2715.0,10.0,2710.0,2720.0,2700.0,45291.0
2017.12.08,2705.0,-65.0,2770.0,2790.0,2705.0,32609.0
2017.12.07,2770.0,-25.0,2815.0,2815.0,2760.0,96792.0
2017.12.06,2795.0,-85.0,2890.0,2890.0,2795.0,174629.0
2017.12.05,2880.0,65.0,2810.0,2880.0,2810.0,95396.0
2017.12.04,2815.0,50.0,2765.0,2825.0,2765.0,74187.0
2017.12.01,2765.0,-20.0,2790.0,2790.0,2740.0,170914.0
2017.11.30,2785.0,-5.0,2810.0,2810.0,2775.0,79531.0
2017.11.29,2790.0,15.0,2790.0,2810.0,2780.0,64361.0
2017.11.28,2775.0,25.0,2760.0,2790.0,2755.0,36627.0
2017.11.27,2750.0,-5.0,2740.0,2760.0,2730.0,24287.0
2017.11.24,2755.0,5.0,2760.0,2760.0,2740.0,63854.0
2017.11.23,2750.0,15.0,2750.0,2770.0,2745.0,121712.0
2017.11.22,2735.0,0.0,2730.0,2745.0,2710.0,35065.0
2017.11.21,2735.0,-35.0,2770.0,2770.0,2720.0,57239.0
2017.11.20,2770.0,-15.0,2800.0,2800.0,2770.0,57033.0
2017.11.17,2785.0,-15.0,2800.0,2810.0,2780.0,383307.0
2017.11.16,2800.0,35.0,2765.0,2800.0,2745.0,28212.0
2017.11.15,2765.0,-55.0,2810.0,2810.0,2745.0,81588.0
2017.11.14,2820.0,-5.0,2825.0,2825.0,2780.0,81915.0
2017.11.13,2825.0,-60.0,2880.0,2885.0,2820.0,68106.0
2017.11.10,2885.0,0.0,2885.0,2900.0,2880.0,58570.0
2017.11.09,2885.0,-20.0,2910.0,2920.0,2885.0,73853.0
2017.11.08,2905.0,10.0,2895.0,2905.0,2880.0,68679.0
2017.11.07,2895.0,60.0,2840.0,2910.0,2840.0,214466.0
2017.11.06,2835.0,10.0,2835.0,2845.0,2805.0,62977.0
2017.11.03,2825.0,30.0,2805.0,2835.0,2805.0,84319.0
2017.11.02,2795.0,15.0,2785.0,2800.0,2775.0,59558.0
2017.11.01,2780.0,0.0,2760.0,2785.0,2760.0,22195.0
2017.10.31,2780.0,-5.0,2780.0,2785.0,2760.0,43448.0
2017.10.30,2785.0,-50.0,2825.0,2825.0,2775.0,120231.0
2017.10.27,2835.0,45.0,2805.0,2855.0,2805.0,94896.0
2017.10.26,2790.0,-10.0,2805.0,2820.0,2785.0,93580.0
2017.10.25,2800.0,15.0,2800.0,2820.0,2795.0,69295.0
2017.10.24,2785.0,50.0,2735.0,2795.0,2735.0,82845.0
2017.10.23,2735.0,-15.0,2755.0,2755.0,2730.0,26663.0
2017.10.20,2750.0,10.0,2740.0,2750.0,2715.0,18934.0
2017.10.19,2740.0,15.0,2730.0,2745.0,2725.0,33110.0
2017.10.18,2725.0,10.0,2710.0,2730.0,2695.0,49368.0
2017.10.17,2715.0,-10.0,2725.0,2725.0,2705.0,33664.0
2017.10.16,2725.0,25.0,2715.0,2725.0,2685.0,69344.0
2017.10.13,2700.0,-5.0,2715.0,2720.0,2685.0,20015.0
2017.10.12,2705.0,60.0,2640.0,2715.0,2640.0,160156.0
2017.10.11,2645.0,0.0,2630.0,2655.0,2630.0,53438.0
2017.10.10,2645.0,-25.0,2650.0,2670.0,2630.0,76013.0
2017.09.29,2670.0,40.0,2650.0,2670.0,2640.0,19554.0
2017.09.28,2630.0,5.0,2645.0,2645.0,2625.0,20058.0
2017.09.27,2625.0,-5.0,2640.0,2660.0,2610.0,31604.0
2017.09.26,2630.0,75.0,2560.0,2635.0,2560.0,20537.0
2017.09.25,2555.0,-70.0,2620.0,2620.0,2550.0,344868.0
2017.09.22,2625.0,-60.0,2680.0,2680.0,2625.0,48558.0
2017.09.21,2685.0,-45.0,2720.0,2720.0,2680.0,53112.0
2017.09.20,2730.0,-45.0,2775.0,2775.0,2725.0,31990.0
2017.09.19,2775.0,75.0,2720.0,2775.0,2720.0,50977.0
2017.09.18,2700.0,5.0,2695.0,2715.0,2690.0,76730.0
2017.09.15,2695.0,20.0,2675.0,2700.0,2655.0,25778.0
2017.09.14,2675.0,-15.0,2690.0,2695.0,2660.0,19411.0
2017.09.13,2690.0,-5.0,2705.0,2705.0,2665.0,30661.0
2017.09.12,2695.0,-5.0,2700.0,2705.0,2690.0,24632.0
2017.09.11,2700.0,-40.0,2740.0,2745.0,2690.0,121552.0
2017.09.08,2740.0,-10.0,2755.0,2755.0,2725.0,34589.0
2017.09.07,2750.0,5.0,2750.0,2755.0,2735.0,71186.0
2017.09.06,2745.0,-55.0,2800.0,2810.0,2745.0,70400.0
2017.09.05,2800.0,5.0,2825.0,2825.0,2790.0,24440.0
2017.09.04,2795.0,-50.0,2795.0,2820.0,2795.0,79037.0
2017.09.01,2845.0,30.0,2825.0,2860.0,2825.0,57853.0
2017.08.31,2815.0,-10.0,2830.0,2830.0,2800.0,32547.0
2017.08.30,2825.0,-25.0,2850.0,2850.0,2815.0,11369.0
2017.08.29,2850.0,15.0,2830.0,2850.0,2810.0,45824.0
2017.08.28,2835.0,15.0,2820.0,2840.0,2820.0,26448.0
2017.08.25,2820.0,15.0,2800.0,2820.0,2800.0,18037.0
2017.08.24,2805.0,0.0,2815.0,2820.0,2795.0,31782.0
2017.08.23,2805.0,0.0,2810.0,2820.0,2795.0,51504.0
2017.08.22,2805.0,-5.0,2810.0,2820.0,2785.0,56997.0
2017.08.21,2810.0,-15.0,2825.0,2830.0,2800.0,23125.0
2017.08.18,2825.0,10.0,2800.0,2830.0,2800.0,23086.0
2017.08.17,2815.0,0.0,2810.0,2820.0,2790.0,20728.0
2017.08.16,2815.0,15.0,2820.0,2830.0,2800.0,58862.0
2017.08.14,2800.0,-30.0,2830.0,2855.0,2800.0,107899.0
2017.08.11,2830.0,-30.0,2805.0,2845.0,2805.0,87191.0
2017.08.10,2860.0,0.0,2850.0,2880.0,2820.0,32239.0
2017.08.09,2860.0,-40.0,2880.0,2890.0,2845.0,1513310.0
2017.08.08,2900.0,-5.0,2920.0,2925.0,2890.0,46226.0
2017.08.07,2905.0,0.0,2910.0,2940.0,2905.0,60578.0
2017.08.04,2905.0,10.0,2890.0,2920.0,2885.0,36173.0
2017.08.03,2895.0,-120.0,3005.0,3005.0,2875.0,257534.0
2017.08.02,3015.0,-5.0,3020.0,3030.0,2995.0,34947.0
2017.08.01,3020.0,0.0,3020.0,3045.0,3005.0,58526.0
2017.07.31,3020.0,-35.0,3045.0,3055.0,3000.0,75302.0
2017.07.28,3055.0,-75.0,3110.0,3110.0,3050.0,97419.0
2017.07.27,3130.0,10.0,3125.0,3135.0,3110.0,186486.0
2017.07.26,3120.0,15.0,3130.0,3145.0,3105.0,168881.0
2017.07.25,3105.0,-30.0,3135.0,3140.0,3105.0,129284.0
2017.07.24,3135.0,-5.0,3135.0,3145.0,3105.0,31511.0
2017.07.21,3140.0,10.0,3120.0,3140.0,3100.0,292924.0
2017.07.20,3130.0,45.0,3105.0,3130.0,3085.0,248657.0
2017.07.19,3085.0,30.0,3055.0,3090.0,3055.0,65674.0
2017.07.18,3055.0,-15.0,3070.0,3080.0,3045.0,82934.0
2017.07.17,3070.0,25.0,3075.0,3095.0,3065.0,195086.0
2017.07.14,3045.0,15.0,3030.0,3050.0,3015.0,309303.0
2017.07.13,3030.0,-5.0,3040.0,3045.0,3020.0,32487.0
2017.07.12,3035.0,-40.0,3080.0,3085.0,3025.0,34664.0
2017.07.11,3075.0,0.0,3075.0,3090.0,3055.0,151359.0
2017.07.10,3075.0,35.0,3035.0,3080.0,3035.0,63386.0
2017.07.07,3040.0,20.0,3020.0,3060.0,3015.0,116730.0
2017.07.06,3020.0,-30.0,3045.0,3045.0,3015.0,56671.0
2017.07.05,3050.0,15.0,3035.0,3050.0,3030.0,48150.0
2017.07.04,3035.0,-10.0,3045.0,3060.0,3025.0,72956.0
2017.07.03,3045.0,-5.0,3055.0,3060.0,3030.0,32572.0
2017.06.30,3050.0,20.0,3010.0,3055.0,2995.0,85900.0
2017.06.29,3030.0,75.0,2980.0,3035.0,2960.0,190632.0
2017.06.28,2955.0,0.0,2955.0,2980.0,2955.0,55843.0
2017.06.27,2955.0,-40.0,2990.0,2990.0,2950.0,33203.0
2017.06.26,2995.0,-20.0,3010.0,3010.0,2980.0,53185.0
2017.06.23,3015.0,70.0,2960.0,3015.0,2960.0,61447.0
2017.06.22,2945.0,-45.0,2990.0,2990.0,2940.0,130944.0
2017.06.21,2990.0,30.0,2965.0,3000.0,2950.0,53873.0
2017.06.20,2960.0,-60.0,3020.0,3025.0,2960.0,90415.0
2017.06.19,3020.0,-15.0,3035.0,3045.0,3005.0,92327.0
2017.06.16,3035.0,-5.0,3030.0,3040.0,3025.0,31734.0
2017.06.15,3040.0,-25.0,3060.0,3060.0,3010.0,61508.0
2017.06.14,3065.0,-10.0,3075.0,3085.0,3050.0,118324.0
2017.06.13,3075.0,35.0,3035.0,3075.0,3035.0,43313.0
2017.06.12,3040.0,-5.0,3040.0,3065.0,3030.0,120190.0
2017.06.09,3045.0,-15.0,3060.0,3070.0,3035.0,133457.0
2017.06.08,3060.0,-20.0,3070.0,3070.0,3035.0,90406.0
2017.06.07,3080.0,-15.0,3080.0,3090.0,3065.0,72229.0
2017.06.05,3095.0,-45.0,3145.0,3145.0,3070.0,124021.0
2017.06.02,3140.0,0.0,3145.0,3150.0,3120.0,63967.0
2017.06.01,3140.0,-35.0,3155.0,3155.0,3105.0,58993.0
2017.05.31,3175.0,25.0,3145.0,3180.0,3115.0,446942.0
2017.05.30,3150.0,-5.0,3170.0,3175.0,3120.0,81737.0
2017.05.29,3155.0,-20.0,3180.0,3200.0,3140.0,689019.0
2017.05.26,3175.0,15.0,3170.0,3205.0,3150.0,653997.0
2017.05.25,3160.0,120.0,3060.0,3190.0,3060.0,632673.0
2017.05.24,3040.0,-10.0,3065.0,3065.0,3040.0,94437.0
2017.05.23,3050.0,25.0,3030.0,3080.0,3020.0,263088.0
2017.05.22,3025.0,50.0,3000.0,3030.0,2995.0,44429.0
2017.05.19,2975.0,40.0,2950.0,2980.0,2950.0,44530.0
2017.05.18,2935.0,-15.0,2925.0,2955.0,2920.0,34137.0
2017.05.17,2950.0,-40.0,2970.0,2970.0,2945.0,23286.0
2017.05.16,2990.0,45.0,2960.0,3000.0,2960.0,198019.0
2017.05.15,2945.0,-30.0,2980.0,2985.0,2945.0,38453.0
2017.05.12,2975.0,-25.0,3000.0,3000.0,2955.0,31783.0
2017.05.11,3000.0,50.0,2955.0,3000.0,2955.0,71275.0
2017.05.10,2950.0,25.0,2940.0,2990.0,2925.0,85434.0
2017.05.08,2925.0,5.0,2925.0,2935.0,2885.0,136003.0
2017.05.04,2920.0,0.0,2910.0,2925.0,2905.0,113295.0
2017.05.02,2920.0,-5.0,2915.0,2935.0,2905.0,38541.0
2017.04.28,2925.0,-35.0,2960.0,2960.0,2910.0,55690.0
2017.04.27,2960.0,-60.0,2990.0,2990.0,2940.0,64097.0
2017.04.26,3045.0,55.0,2995.0,3060.0,2995.0,118436.0
2017.04.25,2990.0,30.0,2970.0,2990.0,2960.0,52208.0
2017.04.24,2960.0,0.0,2970.0,2985.0,2960.0,21068.0
2017.04.21,2960.0,5.0,2955.0,2970.0,2945.0,17435.0
2017.04.20,2955.0,15.0,2935.0,2955.0,2930.0,22523.0
2017.04.19,2940.0,-5.0,2945.0,2950.0,2920.0,47649.0
2017.04.18,2945.0,25.0,2935.0,2945.0,2925.0,11463.0
2017.04.17,2920.0,5.0,2920.0,2945.0,2915.0,2499.0
2017.04.14,2915.0,-20.0,2935.0,2935.0,2915.0,5627.0
2017.04.13,2935.0,10.0,2925.0,2935.0,2900.0,19238.0
2017.04.12,2925.0,25.0,2920.0,2930.0,2910.0,13066.0
2017.04.11,2900.0,-10.0,2895.0,2910.0,2895.0,17349.0
2017.04.10,2910.0,-20.0,2930.0,2930.0,2890.0,18555.0
2017.04.07,2930.0,5.0,2930.0,2940.0,2915.0,35295.0
2017.04.06,2925.0,-10.0,2920.0,2930.0,2910.0,5474.0
2017.04.05,2935.0,35.0,2915.0,2940.0,2910.0,20684.0
2017.04.04,2900.0,-10.0,2920.0,2920.0,2900.0,30952.0
2017.04.03,2910.0,-45.0,2960.0,2960.0,2910.0,25794.0
2017.03.31,2955.0,20.0,2950.0,2960.0,2940.0,14423.0
2017.03.30,2935.0,-40.0,2975.0,2975.0,2925.0,24399.0
2017.03.29,2975.0,-20.0,3000.0,3000.0,2965.0,31436.0
2017.03.28,2995.0,65.0,2950.0,2995.0,2935.0,140826.0
2017.03.27,2930.0,-40.0,2970.0,2970.0,2920.0,15872.0
2017.03.24,2970.0,-10.0,2990.0,2990.0,2960.0,7488.0
2017.03.23,2980.0,80.0,2920.0,2980.0,2920.0,92311.0
2017.03.22,2900.0,-45.0,2925.0,2945.0,2890.0,2633146.0
2017.03.21,2945.0,0.0,2950.0,2960.0,2925.0,28936.0
2017.03.20,2945.0,-5.0,2960.0,2960.0,2920.0,12409.0
2017.03.17,2950.0,5.0,2955.0,2965.0,2940.0,26765.0
2017.03.16,2945.0,40.0,2930.0,2955.0,2925.0,30601.0
2017.03.15,2905.0,-15.0,2925.0,2925.0,2890.0,12081.0
2017.03.14,2920.0,0.0,2935.0,2950.0,2915.0,29308.0
2017.03.13,2920.0,15.0,2910.0,2930.0,2890.0,31416.0
2017.03.10,2905.0,0.0,2895.0,2905.0,2870.0,14621.0
2017.03.09,2905.0,-55.0,2945.0,2945.0,2895.0,13916.0
2017.03.08,2960.0,10.0,2960.0,2980.0,2940.0,59270.0
2017.03.07,2950.0,55.0,2895.0,2960.0,2895.0,29424.0
2017.03.06,2895.0,-15.0,2900.0,2900.0,2865.0,23433.0
2017.03.03,2910.0,-5.0,2905.0,2915.0,2890.0,15633.0
2017.03.02,2915.0,15.0,2945.0,2960.0,2910.0,15957.0
2017.02.28,2900.0,-10.0,2915.0,2930.0,2900.0,905962.0
2017.02.27,2910.0,40.0,2875.0,2920.0,2875.0,29186.0
2017.02.24,2870.0,-30.0,2895.0,2900.0,2865.0,25296.0
2017.02.23,2900.0,-20.0,2910.0,2910.0,2890.0,2274.0
2017.02.22,2920.0,20.0,2905.0,2920.0,2890.0,91996.0
2017.02.21,2900.0,40.0,2860.0,2900.0,2860.0,103225.0
2017.02.20,2860.0,-35.0,2900.0,2900.0,2850.0,10239.0
2017.02.17,2895.0,-25.0,2900.0,2920.0,2890.0,2247.0
2017.02.16,2920.0,5.0,2920.0,2930.0,2900.0,27125.0
2017.02.15,2915.0,0.0,2925.0,2935.0,2905.0,24027.0
2017.02.14,2915.0,-5.0,2940.0,2940.0,2910.0,17242.0
2017.02.13,2920.0,5.0,2925.0,2930.0,2905.0,28979.0
2017.02.10,2915.0,25.0,2890.0,2920.0,2875.0,70574.0
2017.02.09,2890.0,75.0,2815.0,2890.0,2815.0,31987.0
2017.02.08,2815.0,-10.0,2820.0,2820.0,2780.0,4458.0
2017.02.07,2825.0,0.0,2805.0,2825.0,2805.0,15936.0
2017.02.06,2825.0,5.0,2850.0,2850.0,2805.0,28669.0
2017.02.03,2820.0,-20.0,2835.0,2850.0,2810.0,1751.0
2017.02.02,2840.0,-40.0,2870.0,2890.0,2820.0,17221.0
2017.02.01,2880.0,60.0,2825.0,2885.0,2825.0,21583.0
2017.01.31,2820.0,15.0,2810.0,2830.0,2795.0,3231.0
2017.01.26,2805.0,75.0,2740.0,2820.0,2740.0,9073.0
2017.01.25,2730.0,-50.0,2785.0,2790.0,2725.0,22566.0
2017.01.24,2780.0,-5.0,2775.0,2780.0,2760.0,12775.0
2017.01.23,2785.0,15.0,2750.0,2795.0,2750.0,4184.0
2017.01.20,2770.0,-25.0,2790.0,2790.0,2740.0,8250.0
2017.01.19,2795.0,-25.0,2820.0,2835.0,2790.0,4615.0
2017.01.18,2820.0,-15.0,2840.0,2840.0,2805.0,16604.0
2017.01.17,2835.0,-25.0,2855.0,2855.0,2825.0,15305.0
2017.01.16,2860.0,-20.0,2880.0,2890.0,2840.0,2028.0
2017.01.13,2880.0,-5.0,2880.0,2880.0,2865.0,2870.0
2017.01.12,2885.0,25.0,2860.0,2885.0,2845.0,5594.0
2017.01.11,2860.0,50.0,2810.0,2865.0,2810.0,1754038.0
2017.01.10,2810.0,-40.0,2840.0,2840.0,2805.0,10208.0
2017.01.09,2850.0,-55.0,2895.0,2895.0,2835.0,6540.0
2017.01.06,2905.0,10.0,2880.0,2905.0,2855.0,7808.0
2017.01.05,2895.0,-5.0,2895.0,2900.0,2885.0,14263.0
2017.01.04,2900.0,50.0,2850.0,2900.0,2850.0,1740755.0
2017.01.03,2850.0,5.0,2860.0,2860.0,2815.0,12891.0
2017.01.02,2845.0,15.0,2830.0,2845.0,2815.0,6950.0
2016.12.29,2830.0,35.0,2800.0,2830.0,2795.0,46881.0
2016.12.28,2795.0,20.0,2775.0,2810.0,2760.0,7505.0
2016.12.27,2775.0,10.0,2785.0,2785.0,2750.0,15142.0
2016.12.26,2765.0,-15.0,2795.0,2805.0,2765.0,1867.0
2016.12.23,2780.0,0.0,2790.0,2800.0,2770.0,1986.0
2016.12.22,2780.0,-5.0,2785.0,2800.0,2765.0,9477.0
2016.12.21,2785.0,40.0,2770.0,2785.0,2750.0,8038.0
2016.12.20,2745.0,5.0,2745.0,2760.0,2735.0,5689.0
2016.12.19,2740.0,-35.0,2775.0,2775.0,2725.0,1972.0
2016.12.16,2775.0,-20.0,2790.0,2790.0,2755.0,4277.0
2016.12.15,2795.0,20.0,2750.0,2800.0,2740.0,5381.0
2016.12.14,2775.0,0.0,2800.0,2800.0,2765.0,15104.0
2016.12.13,2775.0,0.0,2785.0,2810.0,2775.0,8097.0
2016.12.12,2775.0,70.0,2730.0,2790.0,2730.0,8667.0
2016.12.09,2705.0,-20.0,2725.0,2730.0,2700.0,8456.0
2016.12.08,2725.0,25.0,2700.0,2725.0,2695.0,2629.0
2016.12.07,2700.0,-5.0,2705.0,2705.0,2675.0,3290.0
2016.12.06,2705.0,55.0,2695.0,2705.0,2680.0,1803.0
2016.12.05,2650.0,-40.0,2685.0,2690.0,2645.0,4347.0
2016.12.02,2690.0,0.0,2685.0,2710.0,2670.0,24399.0
2016.12.01,2690.0,5.0,2680.0,2725.0,2675.0,7239.0
2016.11.30,2685.0,-10.0,2690.0,2690.0,2640.0,7174.0
2016.11.29,2695.0,-5.0,2690.0,2705.0,2685.0,1545.0
2016.11.28,2700.0,5.0,2700.0,2700.0,2665.0,6710.0
2016.11.25,2695.0,-45.0,2715.0,2735.0,2650.0,27117.0
2016.11.24,2740.0,-50.0,2790.0,2790.0,2735.0,9795.0
2016.11.23,2790.0,5.0,2790.0,2815.0,2790.0,15248.0
2016.11.22,2785.0,-5.0,2815.0,2815.0,2770.0,31819.0
2016.11.21,2790.0,-35.0,2825.0,2825.0,2775.0,23968.0
2016.11.18,2825.0,-75.0,2885.0,2885.0,2815.0,12785.0
2016.11.17,2900.0,-5.0,2890.0,2900.0,2870.0,1933.0
2016.11.16,2905.0,40.0,2880.0,2910.0,2870.0,6363.0
2016.11.15,2865.0,-35.0,2880.0,2885.0,2865.0,33096.0
2016.11.14,2900.0,-15.0,2895.0,2910.0,2870.0,18074.0
2016.11.11,2915.0,55.0,2890.0,2925.0,2865.0,9443.0
2016.11.10,2860.0,75.0,2830.0,2870.0,2830.0,16318.0
2016.11.09,2785.0,-105.0,2900.0,2900.0,2720.0,17339.0
2016.11.08,2890.0,30.0,2860.0,2900.0,2860.0,1940.0
2016.11.07,2860.0,35.0,2850.0,2860.0,2835.0,6128.0
2016.11.04,2825.0,-40.0,2860.0,2860.0,2820.0,3738.0
2016.11.03,2865.0,35.0,2825.0,2865.0,2820.0,6988.0
2016.11.02,2830.0,-50.0,2860.0,2865.0,2805.0,37762.0
2016.11.01,2880.0,-15.0,2880.0,2885.0,2835.0,15799.0
2016.10.31,2895.0,-50.0,2905.0,2915.0,2870.0,12602.0
2016.10.28,2945.0,-75.0,2980.0,2990.0,2940.0,12910.0
2016.10.27,3020.0,30.0,3005.0,3020.0,2965.0,18670.0
2016.10.26,2990.0,-80.0,3060.0,3060.0,2970.0,9235.0
2016.10.25,3070.0,20.0,3050.0,3075.0,3030.0,47334.0
2016.10.24,3050.0,45.0,3010.0,3050.0,3010.0,43742.0
2016.10.21,3005.0,-5.0,2995.0,3015.0,2990.0,16408.0
2016.10.20,3010.0,-15.0,3025.0,3025.0,2995.0,16767.0
2016.10.19,3025.0,-10.0,3040.0,3045.0,3010.0,4361.0
2016.10.18,3035.0,55.0,2985.0,3035.0,2985.0,8853.0
2016.10.17,2980.0,-80.0,3055.0,3055.0,2980.0,16281.0
2016.10.14,3060.0,25.0,3035.0,3060.0,3035.0,5135.0
2016.10.13,3035.0,-55.0,3090.0,3090.0,3030.0,16726.0
2016.10.12,3090.0,5.0,3095.0,3120.0,3075.0,24978.0
2016.10.11,3085.0,35.0,3065.0,3100.0,3065.0,93047.0
2016.10.10,3050.0,20.0,3035.0,3070.0,3035.0,27304.0
2016.10.07,3030.0,15.0,3015.0,3030.0,3010.0,5573.0
2016.10.06,3015.0,30.0,2980.0,3020.0,2975.0,26006.0
2016.10.05,2985.0,-15.0,2975.0,2985.0,2960.0,26155.0
2016.10.04,3000.0,20.0,2980.0,3020.0,2980.0,13259.0
2016.09.30,2980.0,-10.0,2980.0,2990.0,2960.0,28063.0
2016.09.29,2990.0,40.0,2970.0,3010.0,2960.0,30666.0
2016.09.28,2950.0,-10.0,2960.0,2975.0,2935.0,23838.0
2016.09.27,2960.0,55.0,2910.0,2965.0,2900.0,9866.0
2016.09.26,2905.0,-20.0,2925.0,2930.0,2905.0,8128.0
2016.09.23,2925.0,30.0,2925.0,2930.0,2905.0,25684.0
2016.09.22,2895.0,45.0,2885.0,2915.0,2870.0,15578.0
2016.09.21,2850.0,30.0,2825.0,2850.0,2810.0,23332.0
2016.09.20,2820.0,-20.0,2830.0,2830.0,2815.0,6853.0
2016.09.19,2840.0,15.0,2785.0,2840.0,2785.0,30007.0
2016.09.13,2825.0,-20.0,2870.0,2875.0,2805.0,11334.0
2016.09.12,2845.0,-70.0,2880.0,2895.0,2840.0,96379.0
2016.09.09,2915.0,-45.0,2935.0,2935.0,2895.0,39401.0
2016.09.08,2960.0,15.0,2950.0,2975.0,2935.0,21831.0
2016.09.07,2945.0,-15.0,2960.0,2975.0,2935.0,18457.0
2016.09.06,2960.0,-10.0,2995.0,2995.0,2945.0,5061.0
2016.09.05,2970.0,30.0,2950.0,2980.0,2950.0,20087.0
2016.09.02,2940.0,-10.0,2950.0,2950.0,2915.0,1695.0
2016.09.01,2950.0,30.0,2920.0,2960.0,2900.0,105171.0
2016.08.31,2920.0,15.0,2910.0,2920.0,2895.0,88225.0
2016.08.30,2905.0,10.0,2910.0,2945.0,2900.0,23904.0
2016.08.29,2895.0,-65.0,2955.0,2955.0,2895.0,24691.0
2016.08.26,2960.0,5.0,2955.0,2975.0,2940.0,18852.0
2016.08.25,2955.0,5.0,2960.0,2975.0,2940.0,3944.0
2016.08.24,2950.0,-55.0,3005.0,3005.0,2935.0,33141.0
2016.08.23,3005.0,15.0,2990.0,3020.0,2985.0,19422.0
2016.08.22,2990.0,-10.0,2985.0,3005.0,2975.0,68992.0
2016.08.19,3000.0,55.0,2935.0,3000.0,2935.0,56577.0
2016.08.18,2945.0,5.0,2930.0,2955.0,2930.0,6806.0
2016.08.17,2940.0,5.0,2930.0,2940.0,2910.0,23500.0
2016.08.16,2935.0,-25.0,2970.0,2980.0,2930.0,18393.0
2016.08.12,2960.0,60.0,2910.0,2970.0,2910.0,31686.0
2016.08.11,2900.0,-10.0,2910.0,2915.0,2890.0,9626.0
2016.08.10,2910.0,-25.0,2930.0,2930.0,2905.0,4533.0
2016.08.09,2935.0,25.0,2910.0,2940.0,2910.0,15207.0
2016.08.08,2910.0,10.0,2920.0,2945.0,2900.0,22372.0
2016.08.05,2900.0,55.0,2845.0,2910.0,2845.0,21057.0
2016.08.04,2845.0,0.0,2850.0,2860.0,2830.0,3189.0
2016.08.03,2845.0,-15.0,2825.0,2860.0,2805.0,17765.0
2016.08.02,2860.0,-15.0,2865.0,2875.0,2850.0,17821.0
2016.08.01,2875.0,-10.0,2880.0,2890.0,2860.0,17327.0
2016.07.29,2885.0,10.0,2875.0,2885.0,2845.0,13373.0
2016.07.28,2875.0,80.0,2805.0,2885.0,2805.0,99121.0
2016.07.27,2795.0,15.0,2780.0,2830.0,2780.0,142097.0
2016.07.26,2780.0,30.0,2735.0,2780.0,2730.0,56374.0
2016.07.25,2750.0,5.0,2750.0,2770.0,2735.0,47963.0
2016.07.22,2745.0,45.0,2685.0,2745.0,2685.0,116175.0
2016.07.21,2700.0,35.0,2675.0,2705.0,2675.0,18983.0
2016.07.20,2665.0,15.0,2650.0,2675.0,2650.0,21773.0
2016.07.19,2650.0,-35.0,2675.0,2680.0,2640.0,11155.0
2016.07.18,2685.0,20.0,2660.0,2695.0,2660.0,10511.0
2016.07.15,2665.0,-5.0,2680.0,2680.0,2655.0,34797.0
2016.07.14,2670.0,-10.0,2685.0,2690.0,2660.0,36362.0
2016.07.13,2680.0,35.0,2665.0,2690.0,2660.0,27067.0
2016.07.12,2645.0,45.0,2610.0,2655.0,2610.0,11871.0
2016.07.11,2600.0,35.0,2575.0,2605.0,2575.0,49220.0
2016.07.08,2565.0,-40.0,2590.0,2590.0,2535.0,33478.0
2016.07.07,2605.0,15.0,2605.0,2630.0,2605.0,10133.0
2016.07.06,2590.0,-60.0,2640.0,2640.0,2575.0,9479.0
2016.07.05,2650.0,-10.0,2670.0,2670.0,2635.0,15829.0
2016.07.04,2660.0,20.0,2640.0,2670.0,2625.0,28114.0
2016.07.01,2640.0,20.0,2630.0,2655.0,2630.0,12169.0
2016.06.30,2620.0,0.0,2640.0,2645.0,2600.0,10150.0
2016.06.29,2620.0,45.0,2590.0,2630.0,2570.0,31019.0
2016.06.28,2575.0,60.0,2485.0,2580.0,2485.0,24672.0
2016.06.27,2515.0,-45.0,2475.0,2535.0,2475.0,60378.0
2016.06.24,2560.0,-130.0,2730.0,2735.0,2545.0,216673.0
2016.06.23,2690.0,-5.0,2680.0,2695.0,2655.0,26108.0
2016.06.22,2695.0,50.0,2655.0,2700.0,2655.0,44648.0
2016.06.21,2645.0,-20.0,2670.0,2670.0,2640.0,23801.0
2016.06.20,2665.0,55.0,2625.0,2675.0,2625.0,17507.0
2016.06.17,2610.0,-10.0,2630.0,2640.0,2585.0,19772.0
2016.06.16,2620.0,-15.0,2640.0,2655.0,2600.0,42090.0
2016.06.15,2635.0,-70.0,2695.0,2695.0,2625.0,64867.0
2016.06.14,2705.0,-30.0,2725.0,2755.0,2705.0,15394.0
2016.06.13,2735.0,-80.0,2800.0,2800.0,2730.0,39613.0
2016.06.10,2815.0,25.0,2800.0,2830.0,2800.0,20862.0
2016.06.09,2790.0,20.0,2780.0,2835.0,2780.0,67637.0
2016.06.08,2770.0,10.0,2750.0,2775.0,2735.0,14372.0
2016.06.07,2760.0,60.0,2695.0,2760.0,2695.0,34003.0
2016.06.03,2700.0,-10.0,2705.0,2725.0,2690.0,12979.0
2016.06.02,2710.0,-40.0,2740.0,2740.0,2710.0,27881.0
2016.06.01,2750.0,-40.0,2780.0,2780.0,2745.0,46439.0
2016.05.31,2790.0,45.0,2740.0,2790.0,2740.0,15611.0
2016.05.30,2745.0,15.0,2735.0,2760.0,2730.0,8243.0
2016.05.27,2730.0,15.0,2725.0,2760.0,2700.0,26966.0
2016.05.26,2715.0,-20.0,2735.0,2735.0,2690.0,22121.0
2016.05.25,2735.0,65.0,2705.0,2740.0,2700.0,12278.0
2016.05.24,2670.0,-75.0,2720.0,2735.0,2670.0,36566.0
2016.05.23,2745.0,-35.0,2785.0,2785.0,2725.0,21451.0
2016.05.20,2780.0,45.0,2735.0,2785.0,2735.0,11531.0
2016.05.19,2735.0,-95.0,2800.0,2815.0,2710.0,50026.0
2016.05.18,2830.0,0.0,2825.0,2850.0,2805.0,22676.0
2016.05.17,2830.0,-35.0,2860.0,2865.0,2830.0,54795.0
2016.05.16,2865.0,-40.0,2880.0,2880.0,2840.0,14451.0
2016.05.13,2905.0,25.0,2880.0,2910.0,2865.0,20291.0
2016.05.12,2880.0,20.0,2835.0,2890.0,2835.0,7596.0
2016.05.11,2860.0,-35.0,2910.0,2910.0,2850.0,59028.0
2016.05.10,2895.0,35.0,2855.0,2895.0,2845.0,15171.0
2016.05.09,2860.0,-100.0,2930.0,2930.0,2845.0,23506.0
2016.05.04,2960.0,-120.0,3060.0,3060.0,2945.0,34887.0
2016.05.03,3080.0,5.0,3120.0,3120.0,3055.0,33940.0
2016.05.02,3075.0,-80.0,3155.0,3155.0,3070.0,28595.0
2016.04.29,3155.0,55.0,3085.0,3155.0,3060.0,44572.0
2016.04.28,3100.0,55.0,3060.0,3110.0,3060.0,41940.0
2016.04.27,3065.0,10.0,3055.0,3070.0,3050.0,38703.0
2016.04.26,3055.0,-5.0,3055.0,3060.0,3030.0,5692.0
2016.04.25,3060.0,10.0,3105.0,3120.0,3035.0,51671.0
2016.04.22,3050.0,-80.0,3110.0,3110.0,3050.0,52056.0
2016.04.21,3130.0,45.0,3125.0,3130.0,3075.0,30069.0
2016.04.20,3085.0,-30.0,3150.0,3160.0,3085.0,22309.0
2016.04.19,3115.0,75.0,3080.0,3150.0,3070.0,92223.0
2016.04.18,3040.0,0.0,3010.0,3040.0,2970.0,20478.0
2016.04.15,3040.0,-60.0,3100.0,3100.0,3030.0,104267.0
2016.04.14,3100.0,55.0,3070.0,3100.0,3045.0,147568.0
2016.04.12,3045.0,135.0,2930.0,3045.0,2930.0,63450.0
2016.04.11,2910.0,5.0,2905.0,2930.0,2895.0,7541.0
2016.04.08,2905.0,5.0,2885.0,2905.0,2860.0,20299.0
2016.04.07,2900.0,0.0,2900.0,2900.0,2860.0,9353.0
2016.04.06,2900.0,60.0,2820.0,2900.0,2820.0,77704.0
2016.04.05,2840.0,-25.0,2850.0,2870.0,2830.0,17606.0
2016.04.04,2865.0,-20.0,2885.0,2885.0,2845.0,4576.0
2016.04.01,2885.0,-75.0,2950.0,2950.0,2870.0,147984.0
2016.03.31,2960.0,5.0,2985.0,2985.0,2920.0,24054.0
2016.03.30,2955.0,15.0,2970.0,3000.0,2950.0,11771.0
2016.03.29,2940.0,-10.0,2950.0,2970.0,2925.0,36018.0
2016.03.28,2950.0,20.0,2910.0,2950.0,2875.0,20931.0
2016.03.25,2930.0,5.0,2945.0,2950.0,2910.0,37965.0
2016.03.24,2925.0,0.0,2920.0,2945.0,2895.0,14874.0
2016.03.23,2925.0,25.0,2910.0,2950.0,2890.0,73298.0
2016.03.22,2900.0,55.0,2885.0,2920.0,2860.0,47557.0
2016.03.21,2845.0,-25.0,2850.0,2875.0,2835.0,31174.0
2016.03.18,2870.0,40.0,2830.0,2880.0,2830.0,30140.0
2016.03.17,2830.0,65.0,2775.0,2860.0,2775.0,31829.0
2016.03.16,2765.0,-80.0,2850.0,2855.0,2750.0,20283.0
2016.03.15,2845.0,35.0,2805.0,2850.0,2805.0,49328.0
2016.03.14,2810.0,-45.0,2875.0,2875.0,2810.0,8455.0
2016.03.11,2855.0,-50.0,2910.0,2920.0,2855.0,9287.0
2016.03.10,2905.0,40.0,2850.0,2920.0,2850.0,56310.0
2016.03.09,2865.0,-5.0,2855.0,2870.0,2830.0,22255.0
2016.03.08,2870.0,5.0,2880.0,2885.0,2830.0,50716.0
2016.03.07,2865.0,50.0,2845.0,2865.0,2835.0,48708.0
2016.03.04,2815.0,15.0,2815.0,2820.0,2785.0,37675.0
2016.03.03,2800.0,90.0,2710.0,2800.0,2710.0,74373.0
2016.03.02,2710.0,55.0,2675.0,2710.0,2675.0,26720.0
2016.02.29,2655.0,0.0,2650.0,2665.0,2630.0,6042.0
2016.02.26,2655.0,0.0,2675.0,2675.0,2640.0,6252.0
2016.02.25,2655.0,5.0,2650.0,2695.0,2630.0,15177.0
2016.02.24,2650.0,-155.0,2740.0,2750.0,2640.0,80777.0
2016.02.23,2805.0,-25.0,2840.0,2860.0,2805.0,4247.0
2016.02.22,2830.0,-35.0,2865.0,2870.0,2805.0,27087.0
2016.02.19,2865.0,-10.0,2880.0,2890.0,2845.0,20025.0
2016.02.18,2875.0,100.0,2825.0,2875.0,2825.0,35225.0
2016.02.17,2775.0,-45.0,2810.0,2815.0,2765.0,10106.0
2016.02.16,2820.0,10.0,2820.0,2820.0,2755.0,5573.0
2016.02.15,2810.0,90.0,2770.0,2815.0,2760.0,90671.0
2016.02.12,2720.0,-40.0,2735.0,2765.0,2695.0,35702.0
2016.02.11,2760.0,-85.0,2755.0,2790.0,2750.0,40954.0
2016.02.05,2845.0,10.0,2845.0,2875.0,2820.0,24513.0
2016.02.04,2835.0,35.0,2840.0,2875.0,2820.0,63488.0
2016.02.03,2800.0,-50.0,2830.0,2830.0,2790.0,5823.0
2016.02.02,2850.0,-20.0,2870.0,2875.0,2845.0,29069.0
2016.02.01,2870.0,-20.0,2910.0,2910.0,2850.0,68598.0
2016.01.29,2890.0,120.0,2840.0,2890.0,2810.0,71223.0
2016.01.28,2770.0,25.0,2730.0,2780.0,2690.0,96842.0
2016.01.27,2745.0,105.0,2690.0,2770.0,2685.0,69703.0
2016.01.26,2640.0,-50.0,2665.0,2665.0,2620.0,16763.0
2016.01.25,2690.0,50.0,2655.0,2720.0,2625.0,30677.0
2016.01.22,2640.0,25.0,2670.0,2680.0,2590.0,28269.0
2016.01.21,2615.0,35.0,2580.0,2650.0,2555.0,20313.0
2016.01.20,2580.0,-65.0,2655.0,2655.0,2515.0,28120.0
2016.01.19,2645.0,-65.0,2695.0,2700.0,2625.0,23299.0
2016.01.18,2710.0,20.0,2750.0,2805.0,2655.0,35516.0
2016.01.15,2690.0,-45.0,2770.0,2785.0,2675.0,9532.0
2016.01.14,2735.0,-25.0,2710.0,2735.0,2675.0,9247.0
2016.01.13,2760.0,195.0,2590.0,2765.0,2590.0,58772.0
2016.01.12,2565.0,-20.0,2605.0,2620.0,2535.0,37926.0
2016.01.11,2585.0,60.0,2505.0,2590.0,2500.0,13857.0
2016.01.08,2525.0,40.0,2480.0,2540.0,2435.0,21641.0
2016.01.07,2485.0,-45.0,2510.0,2540.0,2485.0,20882.0
2016.01.06,2530.0,-35.0,2570.0,2570.0,2510.0,15813.0
2016.01.05,2565.0,30.0,2535.0,2575.0,2510.0,5331.0
2016.01.04,2535.0,-150.0,2655.0,2670.0,2535.0,16028.0
2015.12.30,2685.0,45.0,2650.0,2725.0,2650.0,56722.0
2015.12.29,2640.0,105.0,2590.0,2660.0,2560.0,44426.0
2015.12.28,2535.0,-45.0,2585.0,2585.0,2535.0,20756.0
2015.12.24,2580.0,30.0,2570.0,2595.0,2550.0,9812.0
2015.12.23,2550.0,20.0,2545.0,2560.0,2530.0,20002.0
2015.12.22,2530.0,-5.0,2550.0,2550.0,2510.0,3998.0
2015.12.21,2535.0,5.0,2530.0,2540.0,2520.0,5029.0
2015.12.18,2530.0,-10.0,2525.0,2535.0,2500.0,13586.0
2015.12.17,2540.0,10.0,2540.0,2555.0,2520.0,9013.0
2015.12.16,2530.0,65.0,2490.0,2535.0,2490.0,11145.0
2015.12.15,2465.0,5.0,2450.0,2475.0,2450.0,8071.0
2015.12.14,2460.0,-55.0,2465.0,2485.0,2435.0,67295.0
2015.12.11,2515.0,-25.0,2545.0,2550.0,2500.0,8307.0
2015.12.10,2540.0,5.0,2525.0,2550.0,2515.0,30217.0
2015.12.09,2535.0,-35.0,2575.0,2575.0,2530.0,44143.0
2015.12.08,2570.0,-50.0,2630.0,2645.0,2570.0,24460.0
2015.12.07,2620.0,-95.0,2710.0,2715.0,2620.0,73610.0
2015.12.04,2715.0,-20.0,2700.0,2720.0,2700.0,11953.0
2015.12.03,2735.0,-5.0,2730.0,2745.0,2710.0,20616.0
2015.12.02,2740.0,-35.0,2775.0,2775.0,2740.0,12617.0
2015.12.01,2775.0,30.0,2755.0,2795.0,2755.0,23017.0
2015.11.30,2745.0,-60.0,2785.0,2785.0,2725.0,15600.0
2015.11.27,2805.0,0.0,2805.0,2825.0,2790.0,6058.0
2015.11.26,2805.0,-30.0,2835.0,2840.0,2795.0,24812.0
2015.11.25,2835.0,-25.0,2850.0,2855.0,2820.0,14554.0
2015.11.24,2860.0,25.0,2835.0,2870.0,2835.0,57353.0
2015.11.23,2835.0,40.0,2825.0,2850.0,2820.0,67187.0
2015.11.20,2795.0,30.0,2780.0,2805.0,2755.0,26465.0
2015.11.19,2765.0,90.0,2715.0,2770.0,2705.0,24469.0
2015.11.18,2675.0,-55.0,2720.0,2725.0,2675.0,28151.0
2015.11.17,2730.0,65.0,2685.0,2735.0,2680.0,7727.0
2015.11.16,2665.0,-90.0,2700.0,2720.0,2660.0,39102.0
2015.11.13,2755.0,-10.0,2725.0,2755.0,2710.0,22220.0
2015.11.12,2765.0,0.0,2775.0,2780.0,2730.0,14573.0
2015.11.11,2765.0,25.0,2725.0,2785.0,2725.0,59864.0
2015.11.10,2740.0,-30.0,2730.0,2780.0,2705.0,39011.0
2015.11.09,2770.0,-80.0,2840.0,2840.0,2755.0,99287.0
2015.11.06,2850.0,-90.0,2920.0,2930.0,2845.0,114194.0
2015.11.05,2940.0,-25.0,2955.0,2960.0,2905.0,12607.0
2015.11.04,2965.0,0.0,2990.0,2990.0,2960.0,22556.0
2015.11.03,2965.0,75.0,2920.0,2970.0,2915.0,97770.0
2015.11.02,2890.0,5.0,2880.0,2910.0,2880.0,41405.0
2015.10.30,2885.0,-35.0,2910.0,2920.0,2860.0,49290.0
2015.10.29,2920.0,-10.0,2945.0,2960.0,2915.0,87562.0
2015.10.28,2930.0,-40.0,2975.0,2975.0,2910.0,91697.0
2015.10.27,2970.0,-65.0,2970.0,3020.0,2945.0,106027.0
2015.10.26,3035.0,-80.0,3115.0,3115.0,3010.0,62587.0
2015.10.23,3115.0,30.0,3115.0,3120.0,3060.0,94738.0
2015.10.22,3085.0,-195.0,3200.0,3230.0,3080.0,222480.0
2015.10.21,3280.0,25.0,3260.0,3330.0,3260.0,15912.0
2015.10.20,3255.0,-15.0,3275.0,3275.0,3230.0,22898.0
2015.10.19,3270.0,0.0,3280.0,3295.0,3245.0,7949.0
2015.10.16,3270.0,-40.0,3330.0,3330.0,3250.0,19425.0
2015.10.15,3310.0,70.0,3240.0,3320.0,3240.0,11457.0
2015.10.14,3240.0,-95.0,3325.0,3325.0,3240.0,37364.0
2015.10.13,3335.0,-10.0,3350.0,3355.0,3320.0,97022.0
2015.10.12,3345.0,125.0,3255.0,3350.0,3255.0,36402.0
2015.10.08,3220.0,20.0,3215.0,3245.0,3185.0,17970.0
2015.10.07,3200.0,0.0,3205.0,3230.0,3185.0,18538.0
2015.10.06,3200.0,60.0,3175.0,3200.0,3160.0,17258.0
2015.10.05,3140.0,30.0,3125.0,3160.0,3125.0,25442.0
2015.10.02,3110.0,-50.0,3150.0,3150.0,3105.0,16595.0
2015.10.01,3160.0,55.0,3105.0,3170.0,3105.0,34249.0
2015.09.30,3105.0,-25.0,3065.0,3105.0,3055.0,8922.0
2015.09.25,3130.0,25.0,3130.0,3135.0,3080.0,2745.0
2015.09.24,3105.0,-30.0,3170.0,3170.0,3105.0,74659.0
2015.09.23,3135.0,-110.0,3225.0,3230.0,3135.0,24509.0
2015.09.22,3245.0,20.0,3245.0,3265.0,3230.0,5246.0
2015.09.21,3225.0,-55.0,3255.0,3260.0,3210.0,10574.0
2015.09.18,3280.0,10.0,3285.0,3310.0,3235.0,9430.0
2015.09.17,3270.0,-15.0,3330.0,3350.0,3270.0,36216.0
2015.09.16,3285.0,170.0,3160.0,3300.0,3160.0,26921.0
2015.09.15,3115.0,15.0,3105.0,3150.0,3105.0,10055.0
2015.09.14,3100.0,-80.0,3195.0,3215.0,3100.0,9393.0
2015.09.11,3180.0,0.0,3150.0,3230.0,3140.0,15241.0
2015.09.10,3180.0,135.0,3035.0,3180.0,3010.0,21212.0
2015.09.09,3045.0,30.0,3065.0,3065.0,3015.0,39135.0
2015.09.08,3015.0,55.0,2980.0,3025.0,2975.0,22886.0
2015.09.07,2960.0,20.0,2915.0,2965.0,2910.0,9064.0
2015.09.04,2940.0,-90.0,3025.0,3030.0,2930.0,8549.0
2015.09.03,3030.0,10.0,3035.0,3065.0,3020.0,11846.0
2015.09.02,3020.0,0.0,2965.0,3055.0,2965.0,9164.0
2015.09.01,3020.0,-90.0,3100.0,3115.0,3020.0,35709.0
2015.08.31,3110.0,-25.0,3115.0,3120.0,3070.0,15920.0
2015.08.28,3135.0,135.0,3045.0,3135.0,3045.0,9863.0
2015.08.27,3000.0,-25.0,3030.0,3030.0,2980.0,28220.0
2015.08.26,3025.0,120.0,2895.0,3025.0,2870.0,15086.0
2015.08.25,2905.0,130.0,2780.0,2925.0,2735.0,142066.0
2015.08.24,2775.0,-110.0,2870.0,2900.0,2740.0,181868.0
2015.08.21,2885.0,-20.0,2825.0,2905.0,2825.0,52752.0
2015.08.20,2905.0,-125.0,2970.0,2990.0,2905.0,86827.0
2015.08.19,3030.0,-65.0,3060.0,3070.0,2945.0,44841.0
2015.08.18,3095.0,-75.0,3175.0,3175.0,3050.0,21936.0
2015.08.17,3170.0,-5.0,3180.0,3195.0,3150.0,9799.0
2015.08.13,3175.0,120.0,3060.0,3185.0,3060.0,36127.0
2015.08.12,3055.0,-20.0,3050.0,3100.0,3020.0,29037.0
2015.08.11,3075.0,-40.0,3150.0,3150.0,3070.0,29252.0
2015.08.10,3115.0,-70.0,3180.0,3180.0,3110.0,37907.0
2015.08.07,3185.0,-35.0,3225.0,3230.0,3175.0,16264.0
2015.08.06,3220.0,-30.0,3270.0,3285.0,3220.0,38175.0
2015.08.05,3250.0,5.0,3230.0,3300.0,3230.0,97770.0
2015.08.04,3245.0,-50.0,3305.0,3310.0,3225.0,38998.0
2015.08.03,3295.0,-50.0,3350.0,3355.0,3280.0,79492.0
2015.07.31,3345.0,40.0,3310.0,3345.0,3275.0,28738.0
2015.07.30,3305.0,10.0,3315.0,3350.0,3285.0,32481.0
2015.07.29,3295.0,0.0,3300.0,3335.0,3285.0,36458.0
2015.07.28,3295.0,5.0,3255.0,3300.0,3230.0,84495.0
2015.07.27,3290.0,30.0,3275.0,3320.0,3255.0,76975.0
2015.07.24,3260.0,-165.0,3360.0,3360.0,3260.0,195295.0
2015.07.23,3425.0,-160.0,3540.0,3545.0,3410.0,62180.0
2015.07.22,3585.0,-30.0,3605.0,3605.0,3555.0,25388.0
2015.07.21,3615.0,15.0,3590.0,3660.0,3590.0,31662.0
2015.07.20,3600.0,-60.0,3645.0,3645.0,3550.0,71617.0
2015.07.17,3660.0,-60.0,3730.0,3730.0,3630.0,67026.0
2015.07.16,3720.0,30.0,3710.0,3735.0,3680.0,68398.0
2015.07.15,3690.0,70.0,3775.0,3815.0,3675.0,150886.0
2015.07.14,3620.0,30.0,3605.0,3645.0,3570.0,62271.0
2015.07.13,3590.0,110.0,3565.0,3605.0,3485.0,50761.0
2015.07.10,3480.0,40.0,3470.0,3595.0,3440.0,46426.0
2015.07.09,3440.0,-55.0,3480.0,3480.0,3370.0,112124.0
2015.07.08,3495.0,15.0,3480.0,3530.0,3470.0,65116.0
2015.07.07,3480.0,25.0,3510.0,3510.0,3455.0,41096.0
2015.07.06,3455.0,-125.0,3535.0,3545.0,3455.0,68016.0
2015.07.03,3580.0,65.0,3545.0,3605.0,3530.0,57323.0
2015.07.02,3515.0,5.0,3560.0,3585.0,3510.0,154271.0
2015.07.01,3510.0,30.0,3480.0,3545.0,3455.0,37247.0
2015.06.30,3480.0,90.0,3390.0,3480.0,3365.0,42780.0
2015.06.29,3390.0,-135.0,3460.0,3465.0,3380.0,97729.0
2015.06.26,3525.0,-5.0,3540.0,3555.0,3510.0,38014.0
2015.06.25,3530.0,0.0,3500.0,3550.0,3500.0,19826.0
2015.06.24,3530.0,35.0,3500.0,3540.0,3485.0,37340.0
2015.06.23,3495.0,50.0,3495.0,3495.0,3450.0,36150.0
2015.06.22,3445.0,95.0,3375.0,3460.0,3375.0,49693.0
2015.06.19,3350.0,-10.0,3405.0,3405.0,3350.0,56331.0
2015.06.18,3360.0,-45.0,3425.0,3450.0,3360.0,55702.0
2015.06.17,3405.0,65.0,3350.0,3405.0,3350.0,162627.0
2015.06.16,3340.0,-150.0,3455.0,3480.0,3330.0,94789.0
2015.06.15,3490.0,5.0,3485.0,3505.0,3445.0,132523.0
2015.06.12,3485.0,-55.0,3545.0,3605.0,3480.0,128741.0
2015.06.11,3540.0,-35.0,3600.0,3600.0,3485.0,105783.0
2015.06.10,3575.0,-30.0,3635.0,3645.0,3550.0,54298.0
2015.06.09,3605.0,55.0,3570.0,3650.0,3570.0,43776.0
2015.06.08,3550.0,40.0,3510.0,3550.0,3480.0,56085.0
2015.06.05,3510.0,-10.0,3515.0,3540.0,3500.0,35081.0
2015.06.04,3520.0,-20.0,3525.0,3565.0,3505.0,50389.0
2015.06.03,3540.0,15.0,3530.0,3575.0,3510.0,180560.0
2015.06.02,3525.0,-5.0,3545.0,3560.0,3500.0,107995.0
2015.06.01,3530.0,10.0,3505.0,3540.0,3455.0,74357.0
2015.05.29,3520.0,-25.0,3550.0,3565.0,3505.0,78508.0
2015.05.28,3545.0,-35.0,3575.0,3575.0,3530.0,47600.0
2015.05.27,3580.0,10.0,3545.0,3595.0,3520.0,240870.0
2015.05.26,3570.0,-120.0,3695.0,3700.0,3570.0,127609.0
2015.05.22,3690.0,120.0,3580.0,3690.0,3580.0,402481.0
2015.05.21,3570.0,-35.0,3620.0,3620.0,3570.0,54201.0
2015.05.20,3605.0,20.0,3585.0,3640.0,3585.0,191845.0
2015.05.19,3585.0,-30.0,3615.0,3635.0,3585.0,298335.0
2015.05.18,3615.0,-40.0,3655.0,3660.0,3600.0,58863.0
2015.05.15,3655.0,-120.0,3790.0,3810.0,3650.0,151365.0
2015.05.14,3775.0,50.0,3715.0,3785.0,3690.0,81628.0
2015.05.13,3725.0,-20.0,3730.0,3745.0,3715.0,146089.0
2015.05.12,3745.0,40.0,3705.0,3755.0,3695.0,229785.0
2015.05.11,3705.0,60.0,3680.0,3740.0,3675.0,121569.0
2015.05.08,3645.0,5.0,3620.0,3665.0,3615.0,73713.0
2015.05.07,3640.0,20.0,3620.0,3645.0,3570.0,104100.0
2015.05.06,3620.0,-35.0,3625.0,3635.0,3560.0,113253.0
2015.05.04,3655.0,-35.0,3685.0,3695.0,3640.0,95717.0
2015.04.30,3690.0,-10.0,3640.0,3690.0,3620.0,244855.0
2015.04.29,3700.0,-120.0,3815.0,3815.0,3680.0,209005.0
2015.04.28,3830.0,-55.0,3895.0,3895.0,3800.0,332355.0
2015.04.27,3885.0,30.0,3860.0,3920.0,3830.0,124988.0
2015.04.24,3855.0,-85.0,3950.0,3995.0,3845.0,201869.0
2015.04.23,3940.0,-55.0,4010.0,4040.0,3920.0,270851.0
2015.04.22,3995.0,25.0,4005.0,4080.0,3910.0,489121.0
2015.04.21,3970.0,-10.0,4010.0,4025.0,3970.0,302492.0
2015.04.20,3980.0,0.0,3915.0,3995.0,3905.0,292354.0
2015.04.17,3980.0,-50.0,4030.0,4030.0,3935.0,280568.0
2015.04.16,4030.0,5.0,4025.0,4055.0,3975.0,240677.0
2015.04.15,4025.0,25.0,4040.0,4070.0,3980.0,322408.0
2015.04.14,4000.0,0.0,4030.0,4045.0,3925.0,351397.0
2015.04.13,4000.0,250.0,3865.0,4040.0,3830.0,790721.0
2015.04.10,3750.0,0.0,3760.0,3805.0,3750.0,197059.0
2015.04.09,3750.0,-20.0,3765.0,3765.0,3710.0,206487.0
2015.04.08,3770.0,35.0,3750.0,3785.0,3730.0,229702.0
2015.04.07,3735.0,25.0,3740.0,3750.0,3695.0,236980.0
2015.04.06,3710.0,100.0,3660.0,3735.0,3600.0,627035.0
2015.04.03,3610.0,105.0,3570.0,3610.0,3560.0,116736.0
2015.04.02,3505.0,15.0,3490.0,3505.0,3440.0,132694.0
2015.04.01,3490.0,-85.0,3550.0,3570.0,3480.0,260114.0
2015.03.31,3575.0,30.0,3570.0,3580.0,3520.0,163197.0
2015.03.30,3545.0,70.0,3490.0,3545.0,3475.0,161030.0
2015.03.27,3475.0,-40.0,3560.0,3565.0,3445.0,120567.0
2015.03.26,3515.0,-35.0,3515.0,3540.0,3480.0,157953.0
2015.03.25,3550.0,5.0,3540.0,3575.0,3505.0,94798.0
2015.03.24,3545.0,0.0,3545.0,3570.0,3490.0,127830.0
2015.03.23,3545.0,65.0,3530.0,3575.0,3510.0,152312.0
2015.03.20,3480.0,-40.0,3530.0,3530.0,3465.0,93791.0
2015.03.19,3520.0,30.0,3565.0,3565.0,3500.0,85286.0
2015.03.18,3490.0,25.0,3485.0,3540.0,3445.0,220127.0
2015.03.17,3465.0,155.0,3325.0,3485.0,3320.0,160925.0
2015.03.16,3310.0,-95.0,3410.0,3410.0,3305.0,118789.0
2015.03.13,3405.0,-20.0,3465.0,3485.0,3390.0,62862.0
2015.03.12,3425.0,10.0,3420.0,3495.0,3410.0,237592.0
2015.03.11,3415.0,-50.0,3405.0,3470.0,3390.0,78309.0
2015.03.10,3465.0,-95.0,3560.0,3580.0,3425.0,64320.0
2015.03.09,3560.0,0.0,3540.0,3640.0,3540.0,102038.0
2015.03.06,3560.0,0.0,3545.0,3570.0,3515.0,23886.0
2015.03.05,3560.0,-10.0,3545.0,3625.0,3540.0,118852.0
2015.03.04,3570.0,-45.0,3605.0,3615.0,3545.0,49073.0
2015.03.03,3615.0,-20.0,3645.0,3645.0,3570.0,194488.0
2015.03.02,3635.0,155.0,3505.0,3635.0,3500.0,987465.0
2015.02.27,3480.0,5.0,3495.0,3500.0,3455.0,344642.0
2015.02.26,3475.0,135.0,3345.0,3495.0,3315.0,591140.0
2015.02.25,3340.0,90.0,3225.0,3350.0,3225.0,46177.0
2015.02.24,3250.0,30.0,3200.0,3250.0,3195.0,27061.0
2015.02.23,3220.0,65.0,3190.0,3220.0,3190.0,30708.0
2015.02.17,3155.0,30.0,3120.0,3170.0,3115.0,58247.0
2015.02.16,3125.0,45.0,3085.0,3125.0,3070.0,113379.0
2015.02.13,3080.0,55.0,3040.0,3080.0,3020.0,15353.0
2015.02.12,3025.0,-65.0,3075.0,3075.0,3010.0,19611.0
2015.02.11,3090.0,20.0,3075.0,3115.0,3060.0,20781.0
2015.02.10,3070.0,-20.0,3085.0,3105.0,3050.0,27000.0
2015.02.09,3090.0,-5.0,3090.0,3135.0,3080.0,54106.0
2015.02.06,3095.0,5.0,3090.0,3095.0,3040.0,8303.0
2015.02.05,3090.0,5.0,3070.0,3090.0,3040.0,35661.0
2015.02.04,3085.0,55.0,3085.0,3115.0,3065.0,22807.0
2015.02.03,3030.0,-30.0,3070.0,3080.0,2990.0,45737.0
2015.02.02,3060.0,25.0,3015.0,3095.0,3015.0,60976.0
2015.01.30,3035.0,15.0,3035.0,3040.0,2995.0,46099.0
2015.01.29,3020.0,15.0,3000.0,3030.0,2980.0,813980.0
2015.01.28,3005.0,130.0,2870.0,3005.0,2865.0,970328.0
2015.01.27,2875.0,70.0,2825.0,2875.0,2825.0,35400.0
2015.01.26,2805.0,20.0,2795.0,2815.0,2780.0,7813.0
2015.01.23,2785.0,0.0,2815.0,2815.0,2750.0,15170.0
2015.01.22,2785.0,40.0,2770.0,2815.0,2765.0,22968.0
2015.01.21,2745.0,-20.0,2770.0,2770.0,2725.0,15396.0
2015.01.20,2765.0,-5.0,2775.0,2790.0,2755.0,16479.0
2015.01.19,2770.0,95.0,2700.0,2785.0,2700.0,18343.0
2015.01.16,2675.0,-70.0,2750.0,2750.0,2670.0,20335.0
2015.01.15,2745.0,-40.0,2780.0,2790.0,2740.0,26777.0
2015.01.14,2785.0,-15.0,2805.0,2810.0,2780.0,25146.0
2015.01.13,2800.0,-30.0,2830.0,2830.0,2795.0,7584.0
2015.01.12,2830.0,-15.0,2845.0,2885.0,2815.0,4642.0
2015.01.09,2845.0,80.0,2805.0,2855.0,2800.0,16529.0
2015.01.08,2765.0,30.0,2740.0,2775.0,2735.0,9637.0
2015.01.07,2735.0,-15.0,2730.0,2780.0,2720.0,23503.0
2015.01.06,2750.0,-75.0,2780.0,2790.0,2735.0,42432.0
2015.01.05,2825.0,-35.0,2870.0,2870.0,2790.0,37335.0
2015.01.02,2860.0,-85.0,2920.0,2920.0,2850.0,22925.0
2014.12.30,2945.0,20.0,2930.0,2960.0,2920.0,54997.0
2014.12.29,2925.0,-15.0,2965.0,2965.0,2920.0,39806.0
2014.12.26,2940.0,-20.0,2970.0,2975.0,2930.0,44245.0
2014.12.24,2960.0,45.0,2910.0,2990.0,2910.0,17906.0
2014.12.23,2915.0,-10.0,2910.0,2915.0,2880.0,12276.0
2014.12.22,2925.0,50.0,2895.0,2925.0,2885.0,11112.0
2014.12.19,2875.0,-10.0,2900.0,2920.0,2870.0,14878.0
2014.12.18,2885.0,10.0,2920.0,2925.0,2845.0,20112.0
2014.12.17,2875.0,40.0,2845.0,2905.0,2845.0,37137.0
2014.12.16,2835.0,-45.0,2870.0,2880.0,2820.0,26402.0
2014.12.15,2880.0,40.0,2805.0,2885.0,2785.0,10218.0
2014.12.12,2840.0,25.0,2825.0,2855.0,2815.0,14416.0
2014.12.11,2815.0,-70.0,2865.0,2880.0,2815.0,24609.0
2014.12.10,2885.0,-95.0,2960.0,2960.0,2865.0,317515.0
2014.12.09,2980.0,-65.0,3055.0,3055.0,2980.0,33311.0
2014.12.08,3045.0,-40.0,3095.0,3100.0,3045.0,11163.0
2014.12.05,3085.0,-10.0,3090.0,3095.0,3075.0,35472.0
2014.12.04,3095.0,45.0,3050.0,3110.0,3050.0,57322.0
2014.12.03,3050.0,-5.0,3045.0,3065.0,3025.0,20642.0
2014.12.02,3055.0,40.0,3015.0,3055.0,3010.0,29004.0
2014.12.01,3015.0,-110.0,3095.0,3095.0,2985.0,145249.0
2014.11.28,3125.0,-70.0,3190.0,3190.0,3110.0,25063.0
2014.11.27,3195.0,-75.0,3270.0,3270.0,3195.0,15288.0
2014.11.26,3270.0,-5.0,3280.0,3280.0,3225.0,7494.0
2014.11.25,3275.0,-20.0,3300.0,3310.0,3260.0,17292.0
2014.11.24,3295.0,95.0,3255.0,3315.0,3255.0,33488.0
2014.11.21,3200.0,40.0,3170.0,3200.0,3170.0,12170.0
2014.11.20,3160.0,5.0,3170.0,3195.0,3155.0,10205.0
2014.11.19,3155.0,-120.0,3275.0,3275.0,3140.0,67727.0
2014.11.18,3275.0,-25.0,3300.0,3300.0,3250.0,27951.0
2014.11.17,3300.0,15.0,3280.0,3320.0,3275.0,14318.0
2014.11.14,3285.0,-65.0,3355.0,3355.0,3270.0,18527.0
2014.11.13,3350.0,30.0,3320.0,3375.0,3315.0,13798.0
2014.11.12,3320.0,30.0,3285.0,3320.0,3255.0,13428.0
2014.11.11,3290.0,-5.0,3300.0,3300.0,3280.0,12366.0
2014.11.10,3295.0,10.0,3300.0,3310.0,3280.0,11254.0
2014.11.07,3285.0,5.0,3280.0,3305.0,3260.0,8480.0
2014.11.06,3280.0,25.0,3270.0,3295.0,3255.0,3717.0
2014.11.05,3255.0,20.0,3225.0,3270.0,3225.0,3205.0
2014.11.04,3235.0,-85.0,3335.0,3340.0,3220.0,23044.0
2014.11.03,3320.0,-20.0,3335.0,3340.0,3310.0,20184.0
2014.10.31,3340.0,0.0,3350.0,3350.0,3280.0,11459.0
2014.10.30,3340.0,-100.0,3435.0,3435.0,3320.0,12934.0
2014.10.29,3440.0,135.0,3315.0,3445.0,3305.0,111202.0
2014.10.28,3305.0,-30.0,3320.0,3320.0,3295.0,4609.0
2014.10.27,3335.0,80.0,3285.0,3335.0,3275.0,2028.0
2014.10.24,3255.0,-65.0,3345.0,3350.0,3240.0,145118.0
2014.10.23,3320.0,-70.0,3375.0,3385.0,3315.0,10921.0
2014.10.22,3390.0,50.0,3390.0,3395.0,3360.0,2359.0
2014.10.21,3340.0,-85.0,3420.0,3420.0,3315.0,11679.0
2014.10.20,3425.0,110.0,3335.0,3430.0,3335.0,9986.0
2014.10.17,3315.0,-70.0,3395.0,3400.0,3305.0,12766.0
2014.10.16,3385.0,5.0,3375.0,3425.0,3325.0,36356.0
2014.10.15,3380.0,-40.0,3440.0,3450.0,3370.0,25661.0
2014.10.14,3420.0,30.0,3390.0,3450.0,3370.0,23064.0
2014.10.13,3390.0,-70.0,3440.0,3440.0,3355.0,22375.0
2014.10.10,3460.0,-45.0,3510.0,3510.0,3420.0,16956.0
2014.10.08,3505.0,-15.0,3490.0,3540.0,3470.0,43440.0
2014.10.07,3520.0,-40.0,3560.0,3565.0,3505.0,13165.0
2014.10.06,3560.0,55.0,3510.0,3560.0,3510.0,16107.0
2014.10.02,3505.0,-95.0,3570.0,3570.0,3495.0,72065.0
2014.10.01,3600.0,-130.0,3695.0,3705.0,3595.0,94927.0
2014.09.30,3730.0,35.0,3690.0,3730.0,3645.0,18600.0
2014.09.29,3695.0,-85.0,3805.0,3805.0,3680.0,34255.0
2014.09.26,3780.0,-55.0,3820.0,3820.0,3775.0,42959.0
2014.09.25,3835.0,-15.0,3895.0,3915.0,3835.0,10321.0
2014.09.24,3850.0,-15.0,3865.0,3890.0,3850.0,8977.0
2014.09.23,3865.0,-45.0,3895.0,3900.0,3860.0,32467.0
2014.09.22,3910.0,-30.0,3960.0,3960.0,3890.0,28411.0
2014.09.19,3940.0,25.0,3935.0,3980.0,3930.0,35206.0
2014.09.18,3915.0,65.0,3825.0,3920.0,3820.0,17666.0
2014.09.17,3850.0,-5.0,3880.0,3880.0,3830.0,7883.0
2014.09.16,3855.0,30.0,3835.0,3860.0,3820.0,12542.0
2014.09.15,3825.0,-50.0,3870.0,3875.0,3825.0,6558.0
2014.09.12,3875.0,-35.0,3915.0,3915.0,3870.0,51760.0
2014.09.11,3910.0,-15.0,3910.0,3935.0,3890.0,21910.0
2014.09.05,3925.0,-15.0,3930.0,3940.0,3915.0,19140.0
2014.09.04,3940.0,55.0,3915.0,3955.0,3905.0,55681.0
2014.09.03,3885.0,-25.0,3890.0,3910.0,3860.0,35585.0
2014.09.02,3910.0,-25.0,3955.0,3975.0,3900.0,36924.0
2014.09.01,3935.0,55.0,3865.0,3935.0,3860.0,46056.0
2014.08.29,3880.0,45.0,3870.0,3880.0,3815.0,20392.0
2014.08.28,3835.0,-15.0,3860.0,3885.0,3835.0,35241.0
2014.08.27,3850.0,-5.0,3865.0,3865.0,3825.0,191067.0
2014.08.26,3855.0,95.0,3765.0,3855.0,3765.0,18019.0
2014.08.25,3760.0,35.0,3720.0,3780.0,3680.0,10850.0
2014.08.22,3725.0,-10.0,3735.0,3735.0,3655.0,20272.0
2014.08.21,3735.0,-75.0,3805.0,3805.0,3735.0,143716.0
2014.08.20,3810.0,-65.0,3875.0,3885.0,3810.0,18247.0
2014.08.19,3875.0,55.0,3840.0,3895.0,3840.0,11704.0
2014.08.18,3820.0,-50.0,3885.0,3895.0,3820.0,15404.0
2014.08.14,3870.0,-5.0,3895.0,3905.0,3850.0,30913.0
2014.08.13,3875.0,75.0,3800.0,3880.0,3800.0,53730.0
2014.08.12,3800.0,-10.0,3815.0,3850.0,3800.0,40209.0
2014.08.11,3810.0,15.0,3800.0,3810.0,3765.0,38187.0
2014.08.08,3795.0,-50.0,3835.0,3855.0,3760.0,29280.0
2014.08.07,3845.0,0.0,3850.0,3865.0,3835.0,13416.0
2014.08.06,3845.0,-20.0,3840.0,3870.0,3805.0,18026.0
2014.08.05,3865.0,-110.0,3980.0,3980.0,3840.0,59325.0
2014.08.04,3975.0,-5.0,3980.0,3990.0,3925.0,35298.0
2014.08.01,3980.0,-10.0,3940.0,3985.0,3940.0,20843.0
2014.07.31,3990.0,20.0,3955.0,4000.0,3950.0,37277.0
2014.07.30,3970.0,-45.0,3990.0,4005.0,3940.0,52458.0
2014.07.29,4015.0,-10.0,4040.0,4090.0,3995.0,323967.0
2014.07.28,4025.0,80.0,3920.0,4035.0,3895.0,56646.0
2014.07.25,3945.0,60.0,3915.0,3960.0,3910.0,24980.0
2014.07.24,3885.0,-85.0,3970.0,3990.0,3885.0,59382.0
2014.07.23,3970.0,80.0,3925.0,3990.0,3920.0,49446.0
2014.07.22,3890.0,90.0,3805.0,3895.0,3795.0,60705.0
2014.07.21,3800.0,50.0,3765.0,3800.0,3765.0,1009985.0
2014.07.18,3750.0,-50.0,3775.0,3790.0,3740.0,15901.0
2014.07.17,3800.0,-20.0,3825.0,3825.0,3770.0,11654.0
2014.07.16,3820.0,-35.0,3825.0,3840.0,3775.0,30512.0
2014.07.15,3855.0,-40.0,3895.0,3930.0,3855.0,10793.0
2014.07.14,3895.0,95.0,3795.0,3895.0,3795.0,24816.0
2014.07.11,3800.0,-60.0,3810.0,3835.0,3795.0,5879.0
2014.07.10,3860.0,-20.0,3895.0,3900.0,3860.0,12759.0
2014.07.09,3880.0,10.0,3865.0,3895.0,3830.0,146553.0
2014.07.08,3870.0,-20.0,3905.0,3905.0,3860.0,5342.0
2014.07.07,3890.0,40.0,3850.0,3905.0,3850.0,18998.0
2014.07.04,3850.0,25.0,3835.0,3875.0,3835.0,12070.0
2014.07.03,3825.0,10.0,3795.0,3855.0,3795.0,32871.0
2014.07.02,3815.0,5.0,3815.0,3825.0,3790.0,21713.0
2014.07.01,3810.0,45.0,3760.0,3825.0,3725.0,63439.0
2014.06.30,3765.0,85.0,3690.0,3765.0,3690.0,28594.0
2014.06.27,3680.0,40.0,3645.0,3685.0,3640.0,5099.0
2014.06.26,3640.0,45.0,3605.0,3660.0,3600.0,12176.0
2014.06.25,3595.0,-35.0,3615.0,3615.0,3570.0,3239.0
2014.06.24,3630.0,35.0,3600.0,3640.0,3595.0,8006.0
2014.06.23,3595.0,35.0,3570.0,3615.0,3570.0,5664.0
2014.06.20,3560.0,-20.0,3580.0,3580.0,3560.0,11969.0
2014.06.19,3580.0,40.0,3565.0,3580.0,3555.0,9173.0
2014.06.18,3540.0,10.0,3550.0,3570.0,3535.0,7697.0
2014.06.17,3530.0,-20.0,3545.0,3565.0,3530.0,4596.0
2014.06.16,3550.0,35.0,3500.0,3550.0,3500.0,14954.0
2014.06.13,3515.0,-35.0,3540.0,3540.0,3495.0,24605.0
2014.06.12,3550.0,-30.0,3580.0,3585.0,3525.0,16078.0
2014.06.11,3580.0,-30.0,3615.0,3615.0,3580.0,13305.0
2014.06.10,3610.0,30.0,3595.0,3610.0,3560.0,24968.0
2014.06.09,3580.0,25.0,3580.0,3635.0,3565.0,19746.0
2014.06.05,3555.0,-40.0,3600.0,3600.0,3520.0,23889.0
2014.06.03,3595.0,-5.0,3585.0,3610.0,3560.0,8822.0
2014.06.02,3600.0,0.0,3590.0,3600.0,3585.0,9177.0
2014.05.30,3600.0,-50.0,3650.0,3650.0,3580.0,17133.0
2014.05.29,3650.0,-40.0,3690.0,3690.0,3640.0,3059.0
2014.05.28,3690.0,20.0,3660.0,3690.0,3640.0,11814.0
2014.05.27,3670.0,-15.0,3685.0,3710.0,3645.0,116475.0
2014.05.26,3685.0,15.0,3685.0,3705.0,3660.0,44262.0
2014.05.23,3670.0,-10.0,3680.0,3715.0,3670.0,6907.0
2014.05.22,3680.0,35.0,3665.0,3690.0,3650.0,6812.0
2014.05.21,3645.0,-15.0,3675.0,3680.0,3635.0,7795.0
2014.05.20,3660.0,-30.0,3715.0,3715.0,3640.0,21709.0
2014.05.19,3690.0,-20.0,3755.0,3755.0,3690.0,22841.0
2014.05.16,3710.0,-25.0,3725.0,3725.0,3705.0,145001.0
2014.05.15,3735.0,95.0,3660.0,3740.0,3650.0,18333.0
2014.05.14,3640.0,15.0,3620.0,3655.0,3620.0,9950.0
2014.05.13,3625.0,35.0,3610.0,3630.0,3570.0,9884.0
2014.05.12,3590.0,-55.0,3645.0,3645.0,3580.0,9352.0
2014.05.09,3645.0,20.0,3630.0,3650.0,3625.0,3611.0
2014.05.08,3625.0,-25.0,3645.0,3645.0,3605.0,6562.0
2014.05.07,3650.0,-65.0,3715.0,3715.0,3645.0,7044.0
2014.05.02,3715.0,-10.0,3710.0,3725.0,3700.0,8645.0
2014.04.30,3725.0,45.0,3675.0,3725.0,3675.0,79528.0
2014.04.29,3680.0,40.0,3640.0,3680.0,3640.0,3008.0
2014.04.28,3650.0,20.0,3590.0,3655.0,3590.0,3221.0
2014.04.25,3630.0,-65.0,3675.0,3675.0,3600.0,6826.0
2014.04.24,3695.0,-15.0,3690.0,3710.0,3665.0,2632.0
2014.04.23,3710.0,-5.0,3725.0,3745.0,3705.0,11422.0
2014.04.22,3715.0,20.0,3680.0,3720.0,3670.0,11156.0
2014.04.21,3695.0,-25.0,3740.0,3740.0,3675.0,3000.0
2014.04.18,3720.0,25.0,3710.0,3745.0,3710.0,7743.0
2014.04.17,3695.0,0.0,3695.0,3715.0,3680.0,5714.0
2014.04.16,3695.0,0.0,3700.0,3720.0,3685.0,4918.0
2014.04.15,3695.0,-15.0,3720.0,3730.0,3690.0,5152.0
2014.04.14,3710.0,0.0,3700.0,3735.0,3700.0,22829.0
2014.04.11,3710.0,-20.0,3700.0,3725.0,3680.0,10109.0
2014.04.10,3730.0,30.0,3745.0,3750.0,3720.0,14220.0
2014.04.09,3700.0,45.0,3680.0,3700.0,3660.0,31806.0
2014.04.08,3655.0,30.0,3620.0,3655.0,3615.0,8099.0
2014.04.07,3625.0,-45.0,3640.0,3665.0,3620.0,10162.0
2014.04.04,3670.0,-20.0,3680.0,3690.0,3670.0,23374.0
2014.04.03,3690.0,10.0,3685.0,3715.0,3685.0,18796.0
2014.04.02,3680.0,20.0,3680.0,3695.0,3655.0,18761.0
2014.04.01,3660.0,-40.0,3660.0,3670.0,3620.0,197050.0
2014.03.31,3700.0,35.0,3675.0,3700.0,3635.0,34382.0
2014.03.28,3665.0,45.0,3605.0,3675.0,3600.0,11900.0
2014.03.27,3620.0,20.0,3610.0,3620.0,3575.0,13773.0
2014.03.26,3600.0,25.0,3620.0,3620.0,3575.0,7726.0
2014.03.25,3575.0,65.0,3505.0,3595.0,3500.0,40394.0
2014.03.24,3510.0,-10.0,3530.0,3545.0,3505.0,21923.0
2014.03.21,3520.0,15.0,3505.0,3525.0,3495.0,17196.0
2014.03.20,3505.0,-50.0,3530.0,3540.0,3495.0,20577.0
2014.03.19,3555.0,-10.0,3570.0,3580.0,3540.0,12121.0
2014.03.18,3565.0,10.0,3585.0,3610.0,3560.0,23120.0
2014.03.17,3555.0,20.0,3545.0,3565.0,3535.0,13132.0
2014.03.14,3535.0,-65.0,3565.0,3565.0,3525.0,9453.0
2014.03.13,3600.0,15.0,3575.0,3615.0,3560.0,5270.0
2014.03.12,3585.0,-130.0,3695.0,3695.0,3575.0,30632.0
2014.03.11,3715.0,25.0,3690.0,3715.0,3670.0,18092.0
2014.03.10,3690.0,-65.0,3765.0,3765.0,3690.0,23923.0
2014.03.07,3755.0,-15.0,3795.0,3810.0,3755.0,40886.0
2014.03.06,3770.0,0.0,3790.0,3790.0,3760.0,12313.0
2014.03.05,3770.0,85.0,3740.0,3770.0,3720.0,13823.0
2014.03.04,3685.0,-40.0,3705.0,3725.0,3685.0,25760.0
2014.03.03,3725.0,-25.0,3710.0,3740.0,3700.0,215958.0
2014.02.28,3750.0,-55.0,3800.0,3800.0,3735.0,46535.0
2014.02.27,3805.0,30.0,3765.0,3810.0,3755.0,26891.0
2014.02.26,3775.0,-30.0,3790.0,3790.0,3760.0,45500.0
2014.02.25,3805.0,-10.0,3815.0,3825.0,3755.0,40365.0
2014.02.24,3815.0,5.0,3810.0,3835.0,3800.0,25607.0
2014.02.21,3810.0,30.0,3825.0,3830.0,3785.0,51406.0
2014.02.20,3780.0,65.0,3705.0,3820.0,3705.0,56731.0
2014.02.19,3715.0,15.0,3705.0,3735.0,3670.0,114919.0
2014.02.18,3700.0,0.0,3720.0,3730.0,3665.0,46312.0
2014.02.17,3700.0,140.0,3590.0,3720.0,3590.0,138858.0
2014.02.14,3560.0,25.0,3545.0,3580.0,3545.0,12389.0
2014.02.13,3535.0,0.0,3545.0,3570.0,3535.0,9089.0
2014.02.12,3535.0,-15.0,3575.0,3575.0,3500.0,30142.0
2014.02.11,3550.0,-20.0,3560.0,3575.0,3520.0,24230.0
2014.02.10,3570.0,10.0,3550.0,3585.0,3550.0,17688.0
2014.02.07,3560.0,-20.0,3580.0,3580.0,3520.0,29026.0
2014.02.06,3580.0,65.0,3540.0,3590.0,3540.0,20782.0
2014.02.05,3515.0,90.0,3460.0,3540.0,3460.0,23809.0
2014.02.04,3425.0,-70.0,3440.0,3445.0,3400.0,31376.0
2014.02.03,3495.0,-40.0,3490.0,3540.0,3490.0,57573.0
2014.01.29,3535.0,125.0,3425.0,3545.0,3425.0,38162.0
2014.01.28,3410.0,-20.0,3415.0,3425.0,3375.0,15193.0
2014.01.27,3430.0,-45.0,3410.0,3435.0,3385.0,36045.0
2014.01.24,3475.0,-65.0,3510.0,3510.0,3460.0,18138.0
2014.01.23,3540.0,10.0,3555.0,3555.0,3525.0,12508.0
2014.01.22,3530.0,-15.0,3570.0,3575.0,3510.0,10146.0
2014.01.21,3545.0,40.0,3515.0,3565.0,3510.0,12436.0
2014.01.20,3505.0,10.0,3495.0,3510.0,3475.0,1890.0
2014.01.17,3495.0,-20.0,3520.0,3525.0,3475.0,2899.0
2014.01.16,3515.0,30.0,3505.0,3535.0,3505.0,83878.0
2014.01.15,3485.0,5.0,3485.0,3510.0,3475.0,7908.0
2014.01.14,3480.0,-55.0,3515.0,3535.0,3465.0,6216.0
2014.01.13,3535.0,20.0,3510.0,3545.0,3465.0,14068.0
2014.01.10,3515.0,60.0,3460.0,3540.0,3460.0,50748.0
2014.01.09,3455.0,65.0,3395.0,3490.0,3370.0,18220.0
2014.01.08,3390.0,50.0,3375.0,3400.0,3350.0,15181.0
2014.01.07,3340.0,5.0,3330.0,3370.0,3330.0,32201.0
2014.01.06,3335.0,-115.0,3450.0,3450.0,3335.0,41564.0
2014.01.03,3450.0,-60.0,3500.0,3500.0,3425.0,508330.0
2014.01.02,3510.0,-50.0,3590.0,3595.0,3510.0,524998.0
2013.12.30,3560.0,75.0,3500.0,3560.0,3500.0,44771.0
2013.12.27,3485.0,100.0,3415.0,3485.0,3415.0,25536.0
2013.12.26,3385.0,-30.0,3425.0,3425.0,3385.0,50281.0
2013.12.24,3415.0,45.0,3385.0,3415.0,3365.0,19957.0
2013.12.23,3370.0,35.0,3350.0,3385.0,3335.0,7995.0
2013.12.20,3335.0,25.0,3310.0,3335.0,3310.0,2874.0
2013.12.19,3310.0,-30.0,3370.0,3370.0,3300.0,18176.0
2013.12.18,3340.0,45.0,3290.0,3350.0,3290.0,22632.0
2013.12.17,3295.0,-20.0,3280.0,3315.0,3275.0,14731.0
2013.12.16,3315.0,-15.0,3325.0,3340.0,3295.0,8044.0
2013.12.13,3330.0,-65.0,3380.0,3380.0,3300.0,29982.0
2013.12.12,3395.0,-60.0,3425.0,3425.0,3375.0,27723.0
2013.12.11,3455.0,-40.0,3490.0,3495.0,3445.0,19535.0
2013.12.10,3495.0,-25.0,3520.0,3520.0,3485.0,4318.0
2013.12.09,3520.0,30.0,3525.0,3525.0,3500.0,13666.0
2013.12.06,3490.0,10.0,3515.0,3515.0,3485.0,41325.0
2013.12.05,3480.0,-30.0,3510.0,3515.0,3480.0,31439.0
2013.12.04,3510.0,-40.0,3540.0,3550.0,3510.0,14422.0
2013.12.03,3550.0,-35.0,3570.0,3580.0,3550.0,14662.0
2013.12.02,3585.0,-60.0,3635.0,3635.0,3565.0,10836.0
2013.11.29,3645.0,45.0,3600.0,3645.0,3585.0,20985.0
2013.11.28,3600.0,35.0,3600.0,3620.0,3585.0,20206.0
2013.11.27,3565.0,-5.0,3560.0,3585.0,3555.0,7912.0
2013.11.26,3570.0,20.0,3540.0,3575.0,3500.0,5831.0
2013.11.25,3550.0,75.0,3530.0,3610.0,3530.0,9462.0
2013.11.22,3475.0,0.0,3490.0,3505.0,3460.0,8817.0
2013.11.21,3475.0,-80.0,3555.0,3555.0,3430.0,30437.0
2013.11.20,3555.0,-65.0,3610.0,3620.0,3545.0,21360.0
2013.11.19,3620.0,40.0,3590.0,3635.0,3565.0,9339.0
2013.11.18,3580.0,0.0,3590.0,3610.0,3580.0,12877.0
2013.11.15,3580.0,60.0,3535.0,3620.0,3530.0,20740.0
2013.11.14,3520.0,-25.0,3545.0,3550.0,3505.0,14491.0
2013.11.13,3545.0,-45.0,3585.0,3600.0,3530.0,11441.0
2013.11.12,3590.0,-10.0,3585.0,3620.0,3570.0,24483.0
2013.11.11,3600.0,-35.0,3650.0,3650.0,3590.0,8969.0
2013.11.08,3635.0,-30.0,3630.0,3650.0,3610.0,20568.0
2013.11.07,3665.0,-20.0,3685.0,3710.0,3665.0,12687.0
2013.11.06,3685.0,0.0,3680.0,3710.0,3675.0,11055.0
2013.11.05,3685.0,-40.0,3715.0,3725.0,3680.0,6907.0
2013.11.04,3725.0,-40.0,3760.0,3760.0,3710.0,9345.0
2013.11.01,3765.0,-40.0,3785.0,3805.0,3750.0,5847.0
2013.10.31,3805.0,-45.0,3865.0,3865.0,3770.0,14969.0
2013.10.30,3850.0,35.0,3835.0,3855.0,3815.0,12906.0
2013.10.29,3815.0,15.0,3800.0,3820.0,3780.0,4782.0
2013.10.28,3800.0,0.0,3785.0,3810.0,3755.0,13548.0
2013.10.25,3800.0,-25.0,3830.0,3830.0,3770.0,14897.0
2013.10.24,3825.0,25.0,3805.0,3830.0,3800.0,5234.0
2013.10.23,3800.0,-75.0,3875.0,3910.0,3800.0,17471.0
2013.10.22,3875.0,25.0,3850.0,3875.0,3830.0,16731.0
2013.10.21,3850.0,-15.0,3860.0,3860.0,3815.0,4013.0
2013.10.18,3865.0,20.0,3795.0,3870.0,3780.0,9949.0
2013.10.17,3845.0,-15.0,3865.0,3900.0,3820.0,18454.0
2013.10.16,3860.0,-50.0,3890.0,3915.0,3845.0,19166.0
2013.10.15,3910.0,20.0,3905.0,3925.0,3875.0,13146.0
2013.10.14,3890.0,-50.0,3930.0,3930.0,3870.0,5184.0
2013.10.11,3940.0,90.0,3880.0,3940.0,3880.0,9047.0
2013.10.10,3850.0,-40.0,3890.0,3895.0,3845.0,5166.0
2013.10.08,3890.0,40.0,3855.0,3900.0,3800.0,11358.0
2013.10.07,3850.0,-15.0,3855.0,3865.0,3825.0,52717.0
2013.10.04,3865.0,-35.0,3870.0,3870.0,3790.0,29846.0
2013.10.02,3900.0,-35.0,3945.0,4525.0,3890.0,100196.0
2013.10.01,3935.0,-15.0,3915.0,3990.0,3905.0,19178.0
2013.09.30,3950.0,-10.0,3960.0,3960.0,3895.0,14510.0
2013.09.27,3960.0,-45.0,4005.0,4005.0,3950.0,6311.0
2013.09.26,4005.0,20.0,3985.0,4005.0,3975.0,2609.0
2013.09.25,3985.0,-35.0,4010.0,4020.0,3975.0,7431.0
2013.09.24,4020.0,-25.0,4045.0,4045.0,3975.0,1016894.0
2013.09.23,4045.0,-25.0,4110.0,4115.0,4045.0,12886.0
2013.09.17,4070.0,15.0,4020.0,4090.0,4005.0,10886.0
2013.09.16,4055.0,80.0,3995.0,4055.0,3995.0,13120.0
2013.09.13,3975.0,-10.0,3975.0,4015.0,3970.0,3743.0
2013.09.12,3985.0,-45.0,4030.0,4045.0,3985.0,48867.0
2013.09.11,4030.0,70.0,3990.0,4035.0,3960.0,16100.0
2013.09.10,3960.0,15.0,3960.0,3975.0,3920.0,14790.0
2013.09.09,3945.0,105.0,3875.0,3950.0,3875.0,39520.0
2013.09.06,3840.0,-15.0,3855.0,3855.0,3830.0,8411.0
2013.09.05,3855.0,15.0,3870.0,3870.0,3810.0,9315.0
2013.09.04,3840.0,60.0,3805.0,3850.0,3770.0,28112.0
2013.09.03,3780.0,70.0,3720.0,3795.0,3720.0,54680.0
2013.09.02,3710.0,40.0,3650.0,3715.0,3635.0,1009507.0
2013.08.30,3670.0,55.0,3615.0,3670.0,3610.0,5956.0
2013.08.29,3615.0,65.0,3580.0,3625.0,3580.0,4430.0
2013.08.28,3550.0,-25.0,3540.0,3575.0,3520.0,6365.0
2013.08.27,3575.0,55.0,3500.0,3620.0,3500.0,12429.0
2013.08.26,3520.0,45.0,3485.0,3525.0,3475.0,8223.0
2013.08.23,3475.0,40.0,3460.0,3480.0,3440.0,32406.0
2013.08.22,3435.0,-95.0,3495.0,3495.0,3435.0,11201.0
2013.08.21,3530.0,-75.0,3630.0,3630.0,3525.0,9701.0
2013.08.20,3605.0,-120.0,3700.0,3705.0,3600.0,13561.0
2013.08.19,3725.0,40.0,3710.0,3735.0,3700.0,10243.0
2013.08.16,3685.0,-25.0,3665.0,3715.0,3650.0,9653.0
2013.08.14,3710.0,20.0,3725.0,3725.0,3700.0,9537.0
2013.08.13,3690.0,5.0,3700.0,3735.0,3685.0,11600.0
2013.08.12,3685.0,-5.0,3665.0,3695.0,3645.0,6921.0
2013.08.09,3690.0,-20.0,3695.0,3700.0,3655.0,8261.0
2013.08.08,3710.0,20.0,3660.0,3720.0,3660.0,23464.0
2013.08.07,3690.0,-40.0,3700.0,3710.0,3675.0,1627.0
2013.08.06,3730.0,10.0,3715.0,3735.0,3685.0,3992.0
2013.08.05,3720.0,-10.0,3715.0,3735.0,3710.0,2477.0
2013.08.02,3730.0,40.0,3730.0,3755.0,3715.0,8485.0
2013.08.01,3690.0,-10.0,3670.0,3710.0,3635.0,23705.0
2013.07.31,3700.0,45.0,3665.0,3700.0,3655.0,1762.0
2013.07.30,3655.0,10.0,3645.0,3655.0,3620.0,16312.0
2013.07.29,3645.0,-75.0,3715.0,3715.0,3625.0,6174.0
2013.07.26,3720.0,25.0,3710.0,3740.0,3695.0,26522.0
2013.07.25,3695.0,-15.0,3705.0,3735.0,3695.0,45222.0
2013.07.24,3710.0,50.0,3655.0,3745.0,3630.0,31381.0
2013.07.23,3660.0,50.0,3610.0,3665.0,3610.0,11395.0
2013.07.22,3610.0,145.0,3490.0,3625.0,3490.0,33930.0
2013.07.19,3465.0,-15.0,3500.0,3500.0,3460.0,15915.0
2013.07.18,3480.0,-15.0,3510.0,3510.0,3475.0,2297.0
2013.07.17,3495.0,-10.0,3500.0,3530.0,3450.0,44175.0
2013.07.16,3505.0,-25.0,3525.0,3555.0,3495.0,16440.0
2013.07.15,3530.0,5.0,3525.0,3545.0,3460.0,11104.0
2013.07.12,3525.0,5.0,3540.0,3555.0,3500.0,55178.0
2013.07.11,3520.0,110.0,3440.0,3520.0,3440.0,21063.0
2013.07.10,3410.0,-20.0,3450.0,3450.0,3400.0,10939.0
2013.07.09,3430.0,20.0,3440.0,3440.0,3380.0,11630.0
2013.07.08,3410.0,-40.0,3450.0,3455.0,3400.0,25038.0
2013.07.05,3450.0,5.0,3485.0,3505.0,3430.0,9422.0
2013.07.04,3445.0,-15.0,3470.0,3470.0,3395.0,39661.0
2013.07.03,3460.0,-125.0,3565.0,3585.0,3455.0,47489.0
2013.07.02,3585.0,15.0,3570.0,3590.0,3540.0,2798.0
2013.07.01,3570.0,5.0,3535.0,3575.0,3515.0,397979.0
2013.06.28,3565.0,70.0,3490.0,3565.0,3485.0,19865.0
2013.06.27,3495.0,75.0,3450.0,3495.0,3450.0,4864.0
2013.06.26,3420.0,15.0,3445.0,3445.0,3385.0,7446.0
2013.06.25,3405.0,-50.0,3400.0,3480.0,3375.0,7084.0
2013.06.24,3455.0,-10.0,3450.0,3470.0,3415.0,4114.0
2013.06.21,3465.0,-30.0,3395.0,3470.0,3380.0,13372.0
2013.06.20,3495.0,-145.0,3610.0,3610.0,3460.0,31467.0
2013.06.19,3640.0,-65.0,3740.0,3740.0,3620.0,72535.0
2013.06.18,3705.0,-30.0,3750.0,3750.0,3695.0,6696.0
2013.06.17,3735.0,-15.0,3765.0,3785.0,3725.0,121483.0
2013.06.14,3750.0,-35.0,3780.0,3790.0,3745.0,89759.0
2013.06.13,3785.0,-30.0,3800.0,3800.0,3735.0,22080.0
2013.06.12,3815.0,-35.0,3825.0,3845.0,3805.0,6434.0
2013.06.11,3850.0,-15.0,3880.0,3880.0,3810.0,3484.0
2013.06.10,3865.0,35.0,3855.0,3875.0,3845.0,3180.0
2013.06.07,3830.0,-30.0,3885.0,3915.0,3830.0,106949.0
2013.06.05,3860.0,-65.0,3905.0,3920.0,3855.0,101885.0
2013.06.04,3925.0,-45.0,3970.0,3980.0,3900.0,113088.0
2013.06.03,3970.0,-70.0,3995.0,4000.0,3965.0,444828.0
2013.05.31,4040.0,50.0,4015.0,4040.0,4005.0,47936.0
2013.05.30,3990.0,-75.0,4025.0,4040.0,3975.0,8503.0
2013.05.29,4065.0,70.0,4045.0,4065.0,4025.0,6393.0
2013.05.28,3995.0,30.0,3985.0,4045.0,3985.0,82253.0
2013.05.27,3965.0,40.0,3925.0,3990.0,3925.0,10708.0
2013.05.24,3925.0,5.0,3935.0,3965.0,3905.0,10149.0
2013.05.23,3920.0,-145.0,4045.0,4045.0,3920.0,27540.0
2013.05.22,4065.0,60.0,4005.0,4075.0,4005.0,43325.0
2013.05.21,4005.0,30.0,3965.0,4005.0,3965.0,12956.0
2013.05.20,3975.0,5.0,3975.0,3995.0,3960.0,12245.0
2013.05.16,3970.0,-35.0,4005.0,4005.0,3935.0,30984.0
2013.05.15,4005.0,0.0,4030.0,4030.0,3995.0,21640.0
2013.05.14,4005.0,50.0,3945.0,4020.0,3945.0,33716.0
2013.05.13,3955.0,30.0,3935.0,3960.0,3925.0,27737.0
2013.05.10,3925.0,-85.0,4010.0,4010.0,3925.0,48001.0
2013.05.09,4010.0,150.0,3885.0,4015.0,3870.0,105907.0
2013.05.08,3860.0,85.0,3805.0,3870.0,3790.0,38113.0
2013.05.07,3775.0,65.0,3740.0,3785.0,3710.0,32323.0
2013.05.06,3710.0,75.0,3655.0,3745.0,3655.0,56168.0
2013.05.03,3635.0,10.0,3635.0,3640.0,3610.0,35281.0
2013.05.02,3625.0,-30.0,3655.0,3670.0,3610.0,45864.0
2013.04.30,3655.0,50.0,3620.0,3670.0,3620.0,50805.0
2013.04.29,3605.0,-35.0,3640.0,3645.0,3600.0,46243.0
2013.04.26,3700.0,-70.0,3770.0,3770.0,3690.0,31419.0
2013.04.25,3770.0,50.0,3740.0,3775.0,3735.0,39650.0
2013.04.24,3720.0,70.0,3680.0,3735.0,3670.0,17605.0
2013.04.23,3650.0,-35.0,3690.0,3695.0,3635.0,24882.0
2013.04.22,3685.0,-35.0,3695.0,3705.0,3650.0,25090.0
2013.04.19,3720.0,15.0,3680.0,3740.0,3680.0,27609.0
2013.04.18,3705.0,-25.0,3695.0,3765.0,3675.0,31974.0
2013.04.17,3730.0,-5.0,3735.0,3745.0,3505.0,166092.0
2013.04.16,3735.0,-5.0,3675.0,3760.0,3665.0,78703.0
2013.04.15,3740.0,-20.0,3775.0,3775.0,3690.0,20799.0
2013.04.12,3760.0,-165.0,3895.0,3905.0,3745.0,82065.0
2013.04.11,3925.0,-265.0,3945.0,4000.0,3895.0,173577.0
2013.04.10,4190.0,5.0,4205.0,4210.0,4175.0,7220.0
2013.04.09,4185.0,-65.0,4155.0,4230.0,4145.0,19874.0
2013.04.08,4250.0,35.0,4280.0,4295.0,4065.0,4099.0
2013.04.05,4215.0,-155.0,4370.0,4370.0,4200.0,64287.0
2013.04.04,4370.0,-90.0,4430.0,4430.0,4315.0,85922.0
2013.04.03,4460.0,15.0,4470.0,4480.0,4440.0,6254.0
2013.04.02,4445.0,-140.0,4570.0,4585.0,4425.0,26045.0
2013.04.01,4585.0,-15.0,4645.0,4645.0,4580.0,27052.0
2013.03.29,4600.0,85.0,4550.0,4605.0,4550.0,10448.0
2013.03.28,4515.0,-15.0,4515.0,4555.0,4505.0,15518.0
2013.03.27,4530.0,65.0,4480.0,4535.0,4430.0,8160.0
2013.03.26,4465.0,-25.0,4495.0,4510.0,4460.0,7124.0
2013.03.25,4490.0,70.0,4480.0,4550.0,4450.0,10346.0
2013.03.22,4420.0,0.0,4405.0,4425.0,4390.0,61094.0
2013.03.21,4420.0,0.0,4465.0,4490.0,4405.0,8090.0
2013.03.20,4420.0,-65.0,4485.0,4490.0,4420.0,4568.0
2013.03.19,4485.0,0.0,4485.0,4525.0,4465.0,31406.0
2013.03.18,4485.0,-60.0,4520.0,4550.0,4475.0,10064.0
2013.03.15,4545.0,5.0,4570.0,4570.0,4535.0,1794.0
2013.03.14,4540.0,-25.0,4545.0,4560.0,4500.0,12183.0
2013.03.13,4565.0,-50.0,4600.0,4620.0,4545.0,14106.0
2013.03.12,4615.0,-25.0,4640.0,4665.0,4600.0,9429.0
2013.03.11,4640.0,-25.0,4675.0,4675.0,4595.0,10976.0
2013.03.08,4665.0,5.0,4660.0,4690.0,4650.0,3328.0
2013.03.07,4660.0,-20.0,4690.0,4705.0,4645.0,5191.0
2013.03.06,4680.0,0.0,4700.0,4710.0,4680.0,6317.0
2013.03.05,4680.0,0.0,4665.0,4710.0,4665.0,6882.0
2013.03.04,4680.0,-100.0,4765.0,4765.0,4660.0,6603.0
2013.02.28,4780.0,95.0,4700.0,4780.0,4700.0,19304.0
2013.02.27,4685.0,-30.0,4720.0,4735.0,4680.0,5919.0
2013.02.26,4715.0,-10.0,4715.0,4750.0,4710.0,8382.0
2013.02.25,4725.0,-55.0,4785.0,4800.0,4725.0,32551.0
2013.02.22,4780.0,30.0,4740.0,4820.0,4730.0,17943.0
2013.02.21,4750.0,-10.0,4740.0,4760.0,4730.0,3622.0
2013.02.20,4760.0,70.0,4690.0,4770.0,4690.0,42677.0
2013.02.19,4690.0,-15.0,4705.0,4705.0,4655.0,4786.0
2013.02.18,4705.0,25.0,4680.0,4705.0,4665.0,47374.0
2013.02.15,4680.0,5.0,4665.0,4700.0,4660.0,10457.0
2013.02.14,4675.0,-10.0,4665.0,4705.0,4645.0,36680.0
2013.02.13,4685.0,100.0,4600.0,4685.0,4600.0,43683.0
2013.02.12,4585.0,-30.0,4600.0,4635.0,4570.0,26459.0
2013.02.08,4615.0,-10.0,4600.0,4615.0,4525.0,46558.0
2013.02.07,4625.0,35.0,4620.0,4675.0,4620.0,38526.0
2013.02.06,4590.0,-5.0,4615.0,4615.0,4570.0,3377.0
2013.02.05,4595.0,-70.0,4620.0,4620.0,4550.0,11362.0
2013.02.04,4665.0,-35.0,4710.0,4750.0,4665.0,16591.0
2013.02.01,4700.0,-65.0,4760.0,4760.0,4650.0,28766.0
2013.01.31,4765.0,-125.0,4910.0,4910.0,4740.0,20861.0
2013.01.30,4890.0,0.0,4905.0,4910.0,4860.0,13091.0
2013.01.29,4890.0,95.0,4800.0,4900.0,4790.0,14058.0
2013.01.28,4795.0,140.0,4660.0,4795.0,4640.0,6198.0
2013.01.25,4655.0,25.0,4630.0,4655.0,4565.0,9818.0
2013.01.24,4630.0,-30.0,4645.0,4680.0,4610.0,6264.0
2013.01.23,4660.0,-110.0,4760.0,4770.0,4640.0,14042.0
2013.01.22,4770.0,-25.0,4805.0,4805.0,4745.0,5173.0
2013.01.21,4795.0,-30.0,4820.0,4825.0,4770.0,9192.0
2013.01.18,4825.0,30.0,4835.0,4845.0,4805.0,7185.0
2013.01.17,4795.0,-10.0,4780.0,4800.0,4755.0,3266.0
2013.01.16,4805.0,85.0,4740.0,4860.0,4740.0,12491.0
2013.01.15,4720.0,-65.0,4780.0,4820.0,4720.0,8053.0
2013.01.14,4785.0,-25.0,4805.0,4805.0,4755.0,32003.0
2013.01.11,4810.0,-50.0,4860.0,4875.0,4765.0,82763.0
2013.01.10,4860.0,30.0,4835.0,4860.0,4790.0,9197.0
2013.01.09,4830.0,-45.0,4905.0,4920.0,4825.0,11980.0
2013.01.08,4875.0,-70.0,4930.0,4950.0,4875.0,28172.0
2013.01.07,4945.0,-50.0,4995.0,4995.0,4910.0,16147.0
2013.01.04,4995.0,-10.0,5015.0,5015.0,4970.0,6491.0
2013.01.03,5005.0,90.0,4940.0,5010.0,4930.0,37352.0
2013.01.02,4915.0,100.0,4850.0,4925.0,4850.0,23042.0
2012.12.28,4815.0,55.0,4775.0,4825.0,4775.0,6505.0
2012.12.27,4760.0,10.0,4780.0,4780.0,4745.0,10641.0
2012.12.26,4750.0,-5.0,4765.0,4815.0,4750.0,13157.0
2012.12.24,4755.0,-45.0,4810.0,4810.0,4740.0,3727.0
2012.12.21,4800.0,-70.0,4900.0,4900.0,4765.0,14636.0
2012.12.20,4870.0,165.0,4770.0,4870.0,4760.0,431208.0
2012.12.18,4705.0,-30.0,4770.0,4780.0,4695.0,410344.0
2012.12.17,4735.0,-55.0,4800.0,4800.0,4710.0,389815.0
2012.12.14,4790.0,65.0,4710.0,4790.0,4710.0,219028.0
2012.12.13,4725.0,-5.0,4730.0,4745.0,4700.0,3961.0
2012.12.12,4730.0,0.0,4740.0,4750.0,4680.0,25544.0
2012.12.11,4730.0,155.0,4580.0,4735.0,4580.0,20334.0
2012.12.10,4575.0,-35.0,4610.0,4635.0,4550.0,8632.0
2012.12.07,4610.0,25.0,4610.0,4625.0,4600.0,11778.0
2012.12.06,4585.0,105.0,4485.0,4605.0,4470.0,17511.0
2012.12.05,4480.0,25.0,4465.0,4480.0,4395.0,29691.0
2012.12.04,4455.0,5.0,4445.0,4460.0,4420.0,7158.0
2012.12.03,4450.0,-85.0,4495.0,4515.0,4430.0,31115.0
2012.11.30,4535.0,60.0,4490.0,4535.0,4450.0,26494.0
2012.11.29,4475.0,115.0,4405.0,4500.0,4405.0,39162.0
2012.11.28,4360.0,-45.0,4395.0,4405.0,4340.0,16399.0
2012.11.27,4405.0,140.0,4245.0,4405.0,4240.0,21977.0
2012.11.26,4265.0,5.0,4270.0,4270.0,4210.0,2609.0
2012.11.23,4260.0,40.0,4230.0,4275.0,4205.0,10397.0
2012.11.22,4220.0,35.0,4215.0,4275.0,4215.0,5789.0
2012.11.21,4185.0,-20.0,4205.0,4230.0,4160.0,17605.0
2012.11.20,4205.0,30.0,4245.0,4270.0,4205.0,46775.0
2012.11.19,4175.0,55.0,4140.0,4195.0,4140.0,31415.0
2012.11.16,4120.0,-20.0,4130.0,4140.0,4095.0,11696.0
2012.11.15,4140.0,-70.0,4165.0,4200.0,4105.0,25772.0
2012.11.14,4210.0,40.0,4145.0,4235.0,4145.0,51722.0
2012.11.13,4170.0,-5.0,4180.0,4205.0,4150.0,31306.0
2012.11.12,4175.0,-90.0,4270.0,4270.0,4175.0,15864.0
2012.11.09,4265.0,-35.0,4270.0,4270.0,4220.0,37750.0
2012.11.08,4300.0,-215.0,4390.0,4425.0,4295.0,32497.0
2012.11.07,4515.0,65.0,4465.0,4515.0,4465.0,19625.0
2012.11.06,4450.0,85.0,4370.0,4450.0,4365.0,9835.0
2012.11.05,4365.0,-75.0,4430.0,4430.0,4345.0,22630.0
2012.11.02,4440.0,90.0,4420.0,4445.0,4370.0,5550.0
2012.11.01,4350.0,-110.0,4455.0,4455.0,4350.0,24031.0
2012.10.31,4460.0,15.0,4475.0,4500.0,4420.0,24796.0
2012.10.30,4445.0,0.0,4435.0,4500.0,4430.0,19343.0
2012.10.29,4445.0,40.0,4450.0,4465.0,4420.0,12112.0
2012.10.26,4405.0,-150.0,4520.0,4520.0,4405.0,29993.0
2012.10.25,4555.0,55.0,4495.0,4555.0,4485.0,10321.0
2012.10.24,4500.0,-95.0,4550.0,4550.0,4455.0,75537.0
2012.10.23,4595.0,-115.0,4700.0,4710.0,4595.0,23484.0
2012.10.22,4710.0,-130.0,4740.0,4745.0,4680.0,48484.0
2012.10.19,4840.0,-65.0,4880.0,4895.0,4810.0,16634.0
2012.10.18,4905.0,95.0,4835.0,4910.0,4830.0,32909.0
2012.10.17,4810.0,50.0,4810.0,4860.0,4800.0,18352.0
2012.10.16,4760.0,60.0,4725.0,4770.0,4700.0,8221.0
2012.10.15,4700.0,-95.0,4810.0,4810.0,4680.0,8629.0
2012.10.12,4795.0,-75.0,4875.0,4900.0,4785.0,28422.0
2012.10.11,4870.0,-5.0,4860.0,4920.0,4810.0,269999.0
2012.10.10,4875.0,-120.0,4965.0,4965.0,4865.0,44500.0
2012.10.09,4995.0,-25.0,5010.0,5070.0,4980.0,13911.0
2012.10.08,5020.0,-75.0,5125.0,5125.0,5005.0,13127.0
2012.10.05,5095.0,-15.0,5135.0,5140.0,5095.0,5805.0
2012.10.04,5110.0,-40.0,5155.0,5155.0,5085.0,18809.0
2012.10.02,5150.0,-80.0,5190.0,5205.0,5130.0,29588.0
2012.09.28,5230.0,-15.0,5260.0,5260.0,5180.0,6758.0
2012.09.27,5245.0,60.0,5150.0,5245.0,5140.0,26328.0
2012.09.26,5185.0,-105.0,5230.0,5235.0,5155.0,7791.0
2012.09.25,5290.0,-75.0,5320.0,5345.0,5275.0,8877.0
2012.09.24,5365.0,-65.0,5430.0,5430.0,5310.0,8260.0
2012.09.21,5430.0,45.0,5425.0,5450.0,5395.0,7620.0
2012.09.20,5385.0,-70.0,5450.0,5475.0,5385.0,11244.0
2012.09.19,5455.0,-25.0,5435.0,5485.0,5400.0,22775.0
2012.09.18,5480.0,-105.0,5525.0,5525.0,5415.0,13694.0
2012.09.17,5585.0,-15.0,5595.0,5625.0,5545.0,23253.0
2012.09.14,5600.0,255.0,5505.0,5600.0,5490.0,48858.0
2012.09.13,5345.0,-30.0,5375.0,5395.0,5315.0,4406.0
2012.09.12,5375.0,70.0,5320.0,5390.0,5320.0,6690.0
2012.09.11,5305.0,-70.0,5310.0,5330.0,5280.0,28516.0
2012.09.10,5375.0,50.0,5320.0,5375.0,5310.0,74325.0
2012.09.07,5325.0,275.0,5200.0,5325.0,5200.0,109278.0
2012.09.06,5050.0,-30.0,5065.0,5115.0,5020.0,53736.0
2012.09.05,5080.0,-75.0,5150.0,5150.0,5020.0,2053.0
2012.09.04,5155.0,0.0,5145.0,5190.0,5145.0,3076.0
2012.09.03,5155.0,40.0,5090.0,5165.0,5005.0,4615.0
2012.08.31,5115.0,55.0,5045.0,5115.0,5045.0,29916.0
2012.08.30,5060.0,-70.0,5140.0,5145.0,5055.0,8065.0
2012.08.29,5130.0,-20.0,5140.0,5145.0,5070.0,6329.0
2012.08.28,5150.0,5.0,5145.0,5150.0,5110.0,15198.0
2012.08.27,5145.0,100.0,5060.0,5185.0,5060.0,6691.0
2012.08.24,5045.0,-125.0,5105.0,5110.0,5045.0,14950.0
2012.08.23,5170.0,-40.0,5165.0,5215.0,5115.0,39643.0
2012.08.22,5210.0,-50.0,5260.0,5265.0,5135.0,12841.0
2012.08.21,5260.0,-60.0,5290.0,5335.0,5260.0,10342.0
2012.08.20,5320.0,30.0,5300.0,5335.0,5260.0,9020.0
2012.08.17,5290.0,30.0,5300.0,5305.0,5270.0,11295.0
2012.08.16,5260.0,-5.0,5270.0,5280.0,5225.0,12089.0
2012.08.14,5265.0,95.0,5190.0,5265.0,5185.0,9202.0
2012.08.13,5170.0,-50.0,5220.0,5265.0,5170.0,12378.0
2012.08.10,5220.0,-5.0,5225.0,5255.0,5185.0,10694.0
2012.08.09,5225.0,100.0,5125.0,5260.0,5125.0,24982.0
2012.08.08,5125.0,60.0,5070.0,5195.0,5070.0,26574.0
2012.08.07,5065.0,65.0,4995.0,5085.0,4985.0,6374.0
2012.08.06,5000.0,190.0,4920.0,5000.0,4895.0,21847.0
2012.08.03,4810.0,-90.0,4815.0,4840.0,4790.0,14720.0
2012.08.02,4900.0,35.0,4875.0,4950.0,4875.0,51703.0
2012.08.01,4865.0,-25.0,4840.0,4880.0,4830.0,13435.0
2012.07.31,4890.0,190.0,4710.0,4910.0,4690.0,38570.0
2012.07.30,4700.0,5.0,4725.0,4730.0,4690.0,1989.0
2012.07.27,4695.0,115.0,4680.0,4695.0,4640.0,7719.0
2012.07.26,4580.0,70.0,4545.0,4580.0,4500.0,7346.0
2012.07.25,4510.0,-150.0,4580.0,4600.0,4510.0,10345.0
2012.07.24,4660.0,-130.0,4720.0,4755.0,4630.0,6517.0
2012.07.23,4790.0,-95.0,4830.0,4830.0,4725.0,12686.0
2012.07.20,4885.0,35.0,4860.0,4885.0,4845.0,5859.0
2012.07.19,4850.0,45.0,4860.0,4880.0,4830.0,7324.0
2012.07.18,4805.0,-125.0,4920.0,4920.0,4790.0,31703.0
2012.07.17,4930.0,15.0,4880.0,4960.0,4870.0,50398.0
2012.07.16,4915.0,0.0,4930.0,4940.0,4900.0,15764.0
2012.07.13,4915.0,35.0,4885.0,4965.0,4800.0,58953.0
2012.07.12,4880.0,-75.0,4950.0,5015.0,4880.0,33147.0
2012.07.11,4955.0,5.0,4940.0,4960.0,4910.0,3881.0
2012.07.10,4950.0,-60.0,5020.0,5030.0,4945.0,5743.0
2012.07.09,5010.0,-150.0,5130.0,5130.0,5005.0,5562.0
2012.07.06,5160.0,-50.0,5250.0,5250.0,5130.0,16506.0
2012.07.05,5210.0,20.0,5200.0,5260.0,5195.0,5458.0
2012.07.04,5190.0,-5.0,5195.0,5235.0,5175.0,18087.0
2012.07.03,5195.0,140.0,5045.0,5210.0,5045.0,19340.0
2012.07.02,5055.0,5.0,5085.0,5090.0,5020.0,17029.0
2012.06.29,5050.0,150.0,4850.0,5050.0,4830.0,10995.0
2012.06.28,4900.0,-10.0,4945.0,4945.0,4840.0,4481.0
2012.06.27,4910.0,-30.0,4945.0,4945.0,4870.0,62098.0
2012.06.26,4940.0,0.0,4895.0,4970.0,4895.0,15106.0
2012.06.25,4940.0,-55.0,4995.0,4995.0,4910.0,18736.0
2012.06.22,4995.0,-60.0,4990.0,4995.0,4945.0,20581.0
2012.06.21,5055.0,-115.0,5130.0,5170.0,5020.0,21564.0
2012.06.20,5170.0,40.0,5140.0,5175.0,5110.0,18205.0
2012.06.19,5130.0,-50.0,5160.0,5160.0,5090.0,15460.0
2012.06.18,5180.0,150.0,5140.0,5200.0,5140.0,7909.0
2012.06.15,5030.0,40.0,4995.0,5040.0,4955.0,75758.0
2012.06.14,4990.0,70.0,4950.0,5000.0,4900.0,29753.0
2012.06.13,4920.0,-35.0,5000.0,5000.0,4905.0,32824.0
2012.06.12,4955.0,-85.0,4960.0,4975.0,4930.0,39338.0
2012.06.11,5040.0,150.0,4940.0,5040.0,4940.0,11461.0
2012.06.08,4890.0,-35.0,4960.0,4960.0,4885.0,261496.0
2012.06.07,4925.0,135.0,4855.0,4995.0,4855.0,102306.0
2012.06.05,4790.0,90.0,4750.0,4815.0,4700.0,250961.0
2012.06.04,4700.0,-290.0,4915.0,4915.0,4670.0,23553.0
2012.06.01,4990.0,-125.0,5130.0,5130.0,4985.0,6291.0
2012.05.31,5115.0,-80.0,5120.0,5135.0,5075.0,44867.0
2012.05.30,5195.0,-30.0,5235.0,5235.0,5155.0,2586.0
2012.05.29,5225.0,40.0,5185.0,5230.0,5125.0,9617.0
2012.05.25,5185.0,55.0,5155.0,5185.0,5110.0,12845.0
2012.05.24,5130.0,60.0,5075.0,5150.0,5070.0,7351.0
2012.05.23,5070.0,-10.0,5030.0,5130.0,4990.0,19283.0
2012.05.22,5080.0,190.0,4930.0,5085.0,4920.0,24225.0
2012.05.21,4890.0,35.0,4870.0,4930.0,4845.0,7902.0
2012.05.18,4855.0,-250.0,4930.0,4960.0,4855.0,70365.0
2012.05.17,5105.0,120.0,5000.0,5105.0,4960.0,17998.0
2012.05.16,4985.0,-90.0,5040.0,5070.0,4980.0,7496.0
2012.05.15,5075.0,25.0,4950.0,5075.0,4950.0,6108.0
2012.05.14,5050.0,40.0,5030.0,5080.0,4995.0,31998.0
2012.05.11,5010.0,-185.0,5200.0,5200.0,5000.0,17031.0
2012.05.10,5195.0,40.0,5035.0,5210.0,5035.0,16278.0
2012.05.09,5155.0,-165.0,5290.0,5300.0,5140.0,15357.0
2012.05.08,5320.0,10.0,5440.0,5440.0,5310.0,3565.0
2012.05.07,5310.0,-165.0,5450.0,5450.0,5295.0,20992.0
2012.05.04,5475.0,-130.0,5655.0,5655.0,5460.0,93442.0
2012.05.03,5605.0,-70.0,5700.0,5700.0,5595.0,83670.0
2012.05.02,5675.0,165.0,5520.0,5680.0,5520.0,7666.0
2012.04.30,5510.0,-30.0,5545.0,5590.0,5460.0,12798.0
2012.04.27,5540.0,60.0,5500.0,5600.0,5480.0,7651.0
2012.04.26,5520.0,20.0,5590.0,5590.0,5440.0,5945.0
2012.04.25,5500.0,-245.0,5810.0,5810.0,5500.0,25458.0
2012.04.24,5745.0,-55.0,5740.0,5755.0,5670.0,5754.0
2012.04.23,5800.0,-50.0,5910.0,5910.0,5790.0,19019.0
2012.04.20,5850.0,-130.0,6035.0,6035.0,5850.0,7546.0
2012.04.19,5980.0,-110.0,6090.0,6090.0,5950.0,8398.0
2012.04.18,6090.0,160.0,5980.0,6090.0,5950.0,29284.0
2012.04.17,5930.0,0.0,5990.0,5990.0,5900.0,3706.0
2012.04.16,5930.0,-130.0,6060.0,6060.0,5915.0,7940.0
2012.04.13,6060.0,220.0,5885.0,6060.0,5885.0,19573.0
2012.04.12,5840.0,-15.0,5910.0,5910.0,5765.0,10207.0
2012.04.10,5855.0,40.0,5750.0,5930.0,5750.0,51795.0
2012.04.09,5815.0,-285.0,6105.0,6105.0,5815.0,10901.0
2012.04.06,6100.0,55.0,6045.0,6125.0,6030.0,7449.0
2012.04.05,6045.0,-45.0,6070.0,6095.0,5990.0,13617.0
2012.04.04,6090.0,-245.0,6340.0,6340.0,6080.0,73896.0
2012.04.03,6335.0,60.0,6300.0,6375.0,6300.0,59100.0
2012.04.02,6275.0,0.0,6240.0,6345.0,6240.0,15634.0
2012.03.30,6275.0,-45.0,6395.0,6395.0,6270.0,45180.0
2012.03.29,6320.0,-155.0,6440.0,6455.0,6260.0,47040.0
2012.03.28,6475.0,-110.0,6555.0,6555.0,6455.0,19800.0
2012.03.27,6585.0,40.0,6560.0,6625.0,6560.0,6618.0
2012.03.26,6545.0,50.0,6510.0,6625.0,6510.0,54273.0
2012.03.23,6495.0,20.0,6475.0,6520.0,6440.0,20167.0
2012.03.22,6475.0,-15.0,6495.0,6530.0,6455.0,52297.0
2012.03.21,6490.0,-50.0,6550.0,6585.0,6490.0,15754.0
2012.03.20,6540.0,-60.0,6600.0,6630.0,6540.0,48131.0
2012.03.19,6600.0,120.0,6540.0,6610.0,6500.0,32033.0
2012.03.16,6480.0,0.0,6500.0,6530.0,6450.0,12925.0
2012.03.15,6480.0,5.0,6480.0,6500.0,6465.0,28033.0
2012.03.14,6475.0,40.0,6485.0,6540.0,6455.0,47148.0
2012.03.13,6435.0,-35.0,6555.0,6555.0,6415.0,19890.0
2012.03.12,6470.0,-45.0,6515.0,6585.0,6465.0,8411.0
2012.03.09,6515.0,5.0,6555.0,6570.0,6465.0,54943.0
2012.03.08,6510.0,160.0,6400.0,6510.0,6325.0,13133.0
2012.03.07,6350.0,-35.0,6230.0,6370.0,6230.0,4457.0
2012.03.06,6385.0,-5.0,6330.0,6435.0,6315.0,69500.0
2012.03.05,6390.0,-75.0,6415.0,6470.0,6340.0,95017.0
2012.03.02,6465.0,35.0,6430.0,6485.0,6425.0,18150.0
2012.02.29,6430.0,125.0,6310.0,6500.0,6310.0,17171.0
2012.02.28,6305.0,70.0,6205.0,6315.0,6135.0,28627.0
2012.02.27,6235.0,-70.0,6300.0,6310.0,6205.0,16452.0
2012.02.24,6305.0,75.0,6270.0,6305.0,6210.0,10447.0
2012.02.23,6230.0,-15.0,6265.0,6265.0,6175.0,5862.0
2012.02.22,6245.0,-5.0,6335.0,6335.0,6190.0,5108.0
2012.02.21,6250.0,0.0,6260.0,6265.0,6130.0,9493.0
2012.02.20,6250.0,-115.0,6385.0,6435.0,6250.0,14194.0
2012.02.17,6365.0,40.0,6395.0,6395.0,6330.0,139634.0
2012.02.16,6325.0,-130.0,6415.0,6445.0,6300.0,9550.0
2012.02.15,6455.0,-5.0,6410.0,6525.0,6410.0,32370.0
2012.02.14,6460.0,-50.0,6510.0,6510.0,6410.0,18666.0
2012.02.13,6510.0,20.0,6590.0,6590.0,6425.0,17293.0
2012.02.10,6490.0,-50.0,6520.0,6560.0,6450.0,29784.0
2012.02.09,6540.0,160.0,6385.0,6540.0,6380.0,13814.0
2012.02.08,6380.0,170.0,6250.0,6405.0,6195.0,149861.0
2012.02.07,6210.0,-45.0,6400.0,6400.0,6145.0,42489.0
2012.02.06,6255.0,-55.0,6360.0,6380.0,6220.0,14908.0
2012.02.03,6310.0,-35.0,6345.0,6350.0,6230.0,21301.0
2012.02.02,6345.0,160.0,6250.0,6350.0,6215.0,15658.0
2012.02.01,6185.0,270.0,5915.0,6185.0,5915.0,76372.0
2012.01.31,5915.0,25.0,5865.0,5945.0,5855.0,15065.0
2012.01.30,5890.0,-115.0,5970.0,6005.0,5865.0,4791.0
2012.01.27,6005.0,25.0,5940.0,6005.0,5910.0,6793.0
2012.01.26,5980.0,-5.0,6030.0,6030.0,5930.0,5401.0
2012.01.25,5985.0,60.0,5890.0,6050.0,5890.0,7670.0
2012.01.20,5925.0,45.0,5880.0,5950.0,5865.0,12259.0
2012.01.19,5880.0,115.0,5770.0,5900.0,5770.0,10101.0
2012.01.18,5765.0,80.0,5700.0,5785.0,5700.0,11200.0
2012.01.17,5685.0,110.0,5620.0,5690.0,5610.0,7367.0
2012.01.16,5575.0,-90.0,5625.0,5625.0,5525.0,2361.0
2012.01.13,5665.0,5.0,5690.0,5710.0,5635.0,1956.0
2012.01.12,5660.0,30.0,5590.0,5690.0,5590.0,3290.0
2012.01.11,5630.0,-10.0,5650.0,5670.0,5620.0,1105.0
2012.01.10,5640.0,85.0,5600.0,5670.0,5600.0,15441.0
2012.01.09,5555.0,-30.0,5620.0,5620.0,5495.0,1838.0
2012.01.06,5585.0,-155.0,5690.0,5720.0,5555.0,3466.0
2012.01.05,5740.0,35.0,5700.0,5760.0,5700.0,102550.0
2012.01.04,5705.0,-10.0,5725.0,5760.0,5680.0,7226.0
2012.01.03,5715.0,145.0,5570.0,5720.0,5570.0,10191.0
2012.01.02,5570.0,70.0,5540.0,5570.0,5495.0,4401.0
2011.12.29,5500.0,40.0,5475.0,5500.0,5415.0,1035.0
2011.12.28,5460.0,-10.0,5530.0,5550.0,5455.0,31155.0
2011.12.27,5470.0,-120.0,5570.0,5570.0,5410.0,28880.0
2011.12.26,5590.0,-10.0,5550.0,5610.0,5530.0,2553.0
2011.12.23,5600.0,40.0,5520.0,5635.0,5505.0,2925.0
2011.12.22,5560.0,50.0,5470.0,5560.0,5470.0,2041.0
2011.12.21,5510.0,165.0,5400.0,5535.0,5390.0,4139.0
2011.12.20,5345.0,15.0,5290.0,5370.0,5250.0,4222.0
2011.12.19,5330.0,-220.0,5500.0,5500.0,5150.0,11216.0
2011.12.16,5550.0,-20.0,5575.0,5575.0,5460.0,12136.0
2011.12.15,5570.0,-95.0,5595.0,5595.0,5555.0,8081.0
2011.12.14,5665.0,-45.0,5660.0,5695.0,5640.0,1403.0
2011.12.13,5710.0,-25.0,5670.0,5710.0,5630.0,6567.0
2011.12.12,5735.0,95.0,5650.0,5740.0,5650.0,15211.0
2011.12.09,5640.0,-180.0,5775.0,5780.0,5590.0,5844.0
2011.12.08,5820.0,60.0,5765.0,5820.0,5760.0,4147.0
2011.12.07,5760.0,115.0,5635.0,5780.0,5635.0,9431.0
2011.12.06,5645.0,-65.0,5670.0,5710.0,5630.0,4729.0
2011.12.05,5710.0,15.0,5665.0,5755.0,5665.0,5990.0
2011.12.02,5695.0,-5.0,5660.0,5740.0,5650.0,31648.0
2011.12.01,5700.0,225.0,5780.0,5780.0,5650.0,16119.0
2011.11.30,5475.0,5.0,5440.0,5495.0,5430.0,2945.0
2011.11.29,5470.0,215.0,5350.0,5470.0,5345.0,6222.0
2011.11.28,5255.0,130.0,5160.0,5290.0,5160.0,4289.0
2011.11.25,5125.0,-55.0,5190.0,5190.0,5055.0,3365.0
2011.11.24,5180.0,5.0,5240.0,5240.0,5035.0,39826.0
2011.11.23,5175.0,-195.0,5330.0,5330.0,5150.0,4500.0
2011.11.22,5370.0,15.0,5400.0,5410.0,5245.0,1302.0
2011.11.21,5355.0,-20.0,5380.0,5400.0,5320.0,1441.0
2011.11.18,5375.0,-175.0,5550.0,5550.0,5345.0,17009.0
2011.11.17,5550.0,95.0,5455.0,5550.0,5400.0,2557.0
2011.11.16,5455.0,-185.0,5660.0,5685.0,5455.0,3348.0
2011.11.15,5640.0,-80.0,5620.0,5715.0,5590.0,11773.0
2011.11.14,5720.0,220.0,5550.0,5720.0,5550.0,12532.0
2011.11.11,5500.0,25.0,5550.0,5550.0,5430.0,1963.0
2011.11.10,5475.0,-325.0,5555.0,5590.0,5445.0,7246.0
2011.11.09,5800.0,-15.0,5850.0,5885.0,5760.0,1202.0
2011.11.08,5815.0,30.0,5790.0,5870.0,5770.0,2766.0
2011.11.07,5785.0,75.0,5770.0,5810.0,5710.0,6357.0
2011.11.04,5710.0,145.0,5660.0,5720.0,5630.0,3945.0
2011.11.03,5565.0,-55.0,5620.0,5640.0,5545.0,2226.0
2011.11.02,5620.0,-15.0,5435.0,5625.0,5380.0,10158.0
2011.11.01,5635.0,-140.0,5670.0,5775.0,5615.0,37756.0
2011.10.31,5775.0,-65.0,5885.0,5920.0,5740.0,4388.0
2011.10.28,5840.0,45.0,5960.0,5985.0,5815.0,1439710.0
2011.10.27,5795.0,85.0,5710.0,5800.0,5690.0,7610.0
2011.10.26,5710.0,60.0,5570.0,5710.0,5530.0,21135.0
2011.10.25,5650.0,-85.0,5710.0,5725.0,5615.0,30498.0
2011.10.24,5735.0,380.0,5455.0,5735.0,5455.0,60395.0
2011.10.21,5355.0,200.0,5370.0,5440.0,5225.0,40792.0
2011.10.20,5155.0,-275.0,5415.0,5440.0,5155.0,23663.0
2011.10.19,5430.0,-25.0,5495.0,5495.0,5325.0,18157.0
2011.10.18,5455.0,-70.0,5390.0,5490.0,5370.0,3909.0
2011.10.17,5525.0,140.0,5490.0,5535.0,5470.0,5182.0
2011.10.14,5385.0,10.0,5450.0,5450.0,5270.0,4883.0
2011.10.13,5375.0,45.0,5400.0,5400.0,5345.0,6329.0
2011.10.12,5330.0,55.0,5310.0,5345.0,5205.0,4799.0
2011.10.11,5275.0,210.0,5230.0,5350.0,5230.0,32832.0
2011.10.10,5065.0,100.0,4965.0,5090.0,4965.0,4001.0
2011.10.07,4965.0,300.0,4830.0,5050.0,4830.0,98770.0
2011.10.06,4665.0,85.0,4775.0,4775.0,4665.0,62703.0
2011.10.05,4580.0,-465.0,5090.0,5090.0,4465.0,28097.0
2011.10.04,5045.0,-370.0,5040.0,5065.0,4875.0,53089.0
2011.09.30,5415.0,25.0,5350.0,5450.0,5270.0,62312.0
2011.09.29,5390.0,140.0,5140.0,5390.0,5130.0,1369.0
2011.09.28,5250.0,50.0,5205.0,5300.0,5200.0,4060.0
2011.09.27,5200.0,265.0,5095.0,5200.0,5030.0,4962.0
2011.09.26,4935.0,-340.0,5210.0,5305.0,4870.0,9309.0
2011.09.23,5275.0,-420.0,5400.0,5465.0,5235.0,4436.0
2011.09.22,5695.0,-145.0,5650.0,5715.0,5600.0,3985.0
2011.09.21,5840.0,40.0,5770.0,5910.0,5700.0,3441.0
2011.09.20,5800.0,70.0,5650.0,5805.0,5640.0,8612.0
2011.09.19,5730.0,-55.0,5720.0,5830.0,5650.0,150503.0
2011.09.16,5785.0,360.0,5430.0,5820.0,5430.0,39954.0
2011.09.15,5425.0,-30.0,5460.0,5500.0,5365.0,3100.0
2011.09.14,5455.0,-60.0,5630.0,5630.0,5350.0,4362.0
2011.09.09,5515.0,-65.0,5550.0,5570.0,5515.0,27817.0
2011.09.08,5580.0,-30.0,5650.0,5700.0,5570.0,8836.0
2011.09.07,5610.0,165.0,5450.0,5650.0,5445.0,3181.0
2011.09.06,5445.0,-100.0,5500.0,5540.0,5350.0,41233.0
2011.09.05,5545.0,-370.0,5985.0,5985.0,5545.0,18550.0
2011.09.02,5915.0,-85.0,6000.0,6100.0,5870.0,12113.0
2011.09.01,6000.0,-50.0,5945.0,6200.0,5945.0,71143.0
2011.08.31,6050.0,95.0,5955.0,6050.0,5865.0,6300.0
2011.08.30,5955.0,60.0,5940.0,6080.0,5905.0,16791.0
2011.08.29,5895.0,105.0,5850.0,5930.0,5750.0,23356.0
2011.08.26,5790.0,105.0,5680.0,5790.0,5675.0,43155.0
2011.08.25,5685.0,-115.0,5990.0,5990.0,5670.0,19458.0
2011.08.24,5800.0,165.0,5760.0,5960.0,5750.0,21134.0
2011.08.23,5635.0,265.0,5470.0,5680.0,5470.0,35002.0
2011.08.22,5370.0,-125.0,5315.0,5580.0,5315.0,67787.0
2011.08.19,5495.0,-395.0,5860.0,5860.0,5480.0,22208.0
2011.08.18,5890.0,-90.0,6050.0,6080.0,5805.0,9387.0
2011.08.17,5980.0,70.0,6000.0,6030.0,5855.0,3766.0
2011.08.16,5910.0,255.0,5755.0,5910.0,5755.0,1613.0
2011.08.12,5655.0,-10.0,5800.0,5890.0,5655.0,11566.0
2011.08.11,5665.0,-5.0,5600.0,5750.0,5495.0,60776.0
2011.08.10,5670.0,125.0,5640.0,5795.0,5600.0,15988.0
2011.08.09,5545.0,-195.0,5250.0,5655.0,5150.0,27498.0
2011.08.08,5740.0,-135.0,5875.0,6000.0,5380.0,29102.0
2011.08.05,5875.0,-345.0,5610.0,6055.0,5610.0,74921.0
2011.08.04,6220.0,-240.0,6480.0,6495.0,6220.0,27915.0
2011.08.03,6460.0,-250.0,6680.0,6680.0,6400.0,18659.0
2011.08.02,6710.0,-190.0,6775.0,6890.0,6665.0,7587.0
2011.08.01,6900.0,35.0,6960.0,6960.0,6860.0,15049.0
2011.07.29,6865.0,-65.0,6980.0,6980.0,6835.0,116155.0
2011.07.28,6930.0,-25.0,6780.0,7000.0,6780.0,17219.0
2011.07.27,6955.0,-40.0,7035.0,7035.0,6830.0,212451.0
2011.07.26,6995.0,-265.0,7305.0,7305.0,6930.0,86546.0
2011.07.25,7260.0,-150.0,7455.0,7470.0,7210.0,22728.0
2011.07.22,7410.0,100.0,7400.0,7415.0,7310.0,19305.0
2011.07.21,7310.0,100.0,7180.0,7330.0,7180.0,16739.0
2011.07.20,7210.0,210.0,7080.0,7225.0,7080.0,15550.0
2011.07.19,7000.0,10.0,6980.0,7070.0,6980.0,9904.0
2011.07.18,6990.0,-80.0,7120.0,7120.0,6980.0,10563.0
2011.07.15,7070.0,65.0,6980.0,7125.0,6980.0,11973.0
2011.07.14,7005.0,-50.0,7060.0,7060.0,6875.0,23850.0
2011.07.13,7055.0,140.0,6910.0,7055.0,6845.0,119886.0
2011.07.12,6915.0,-115.0,6960.0,6960.0,6860.0,13904.0
2011.07.11,7030.0,-55.0,7085.0,7140.0,7020.0,28283.0
2011.07.08,7085.0,65.0,7120.0,7120.0,7015.0,415537.0
2011.07.07,7020.0,15.0,6995.0,7100.0,6995.0,33528.0
2011.07.06,7005.0,145.0,6900.0,7005.0,6765.0,29552.0
2011.07.05,6860.0,25.0,6840.0,6895.0,6800.0,211109.0
2011.07.04,6835.0,5.0,6840.0,6925.0,6835.0,22677.0
2011.07.01,6830.0,105.0,6760.0,6880.0,6760.0,20744.0
2011.06.30,6725.0,45.0,6680.0,6770.0,6655.0,61413.0
2011.06.29,6680.0,155.0,6570.0,6700.0,6540.0,11703.0
2011.06.28,6525.0,30.0,6495.0,6645.0,6495.0,15128.0
2011.06.27,6495.0,-5.0,6500.0,6500.0,6400.0,6357.0
2011.06.24,6500.0,100.0,6370.0,6520.0,6370.0,12388.0
2011.06.23,6400.0,-100.0,6445.0,6490.0,6400.0,4277.0
2011.06.22,6500.0,15.0,6530.0,6565.0,6455.0,16016.0
2011.06.21,6485.0,45.0,6710.0,6710.0,6350.0,11236.0
2011.06.20,6440.0,90.0,6380.0,6605.0,6380.0,40609.0
2011.06.17,6350.0,170.0,6150.0,6420.0,6150.0,7552.0
2011.06.16,6180.0,-220.0,6300.0,6350.0,6180.0,13440.0
2011.06.15,6400.0,70.0,6300.0,6410.0,6300.0,2481.0
2011.06.14,6330.0,280.0,6240.0,6365.0,6115.0,4903.0
2011.06.13,6050.0,-160.0,6490.0,6490.0,6050.0,5773.0
2011.06.10,6210.0,-65.0,6440.0,6440.0,6210.0,8311.0
2011.06.09,6275.0,30.0,6400.0,6400.0,6190.0,3596.0
2011.06.08,6245.0,-130.0,6345.0,6395.0,6220.0,10262.0
2011.06.07,6375.0,-95.0,6470.0,6470.0,6375.0,8744.0
2011.06.03,6470.0,50.0,6465.0,6540.0,6460.0,34894.0
2011.06.02,6420.0,45.0,6250.0,6460.0,6210.0,27449.0
2011.06.01,6375.0,65.0,6280.0,6410.0,6280.0,15698.0
2011.05.31,6310.0,95.0,6350.0,6355.0,6220.0,9608.0
2011.05.30,6215.0,30.0,5860.0,6300.0,5860.0,12773.0
2011.05.27,6185.0,105.0,6090.0,6275.0,6050.0,8986.0
2011.05.26,6080.0,130.0,6040.0,6095.0,5955.0,9039.0
2011.05.25,5950.0,15.0,5925.0,6015.0,5910.0,41290.0
2011.05.24,5935.0,65.0,5720.0,5980.0,5340.0,6462.0
2011.05.23,5870.0,-195.0,6165.0,6165.0,5860.0,4791.0
2011.05.20,6065.0,40.0,6015.0,6065.0,5950.0,117540.0
2011.05.19,6025.0,-265.0,6290.0,6290.0,6010.0,11568.0
2011.05.18,6290.0,175.0,6115.0,6290.0,6105.0,4244.0
2011.05.17,6115.0,-125.0,6200.0,6200.0,6070.0,9685.0
2011.05.16,6240.0,-20.0,6290.0,6290.0,6105.0,13616.0
2011.05.13,6260.0,-80.0,6315.0,6345.0,6205.0,11156.0
2011.05.12,6340.0,-210.0,6550.0,6550.0,6305.0,8223.0
2011.05.11,6550.0,235.0,6400.0,6580.0,6400.0,15306.0
2011.05.09,6315.0,-185.0,6550.0,6565.0,6315.0,7306.0
2011.05.06,6500.0,-185.0,6690.0,6690.0,6385.0,49886.0
2011.05.04,6685.0,0.0,6700.0,6720.0,6590.0,17038.0
2011.05.03,6685.0,-155.0,6760.0,6800.0,6615.0,22961.0
2011.05.02,6840.0,195.0,6830.0,6940.0,6790.0,47893.0
2011.04.29,6645.0,-80.0,6750.0,6750.0,6600.0,56350.0
2011.04.28,6725.0,-35.0,6980.0,6980.0,6630.0,18822.0
2011.04.27,6810.0,275.0,6525.0,6900.0,6525.0,65571.0
2011.04.26,6535.0,25.0,6520.0,6575.0,6445.0,23963.0
2011.04.25,6510.0,30.0,6490.0,6600.0,6490.0,12601.0
2011.04.22,6480.0,140.0,6545.0,6545.0,6340.0,37615.0
2011.04.21,6340.0,-70.0,6600.0,6600.0,6320.0,34443.0
2011.04.20,6410.0,-30.0,6360.0,6480.0,6360.0,15432.0
2011.04.19,6440.0,-115.0,6550.0,6625.0,6440.0,26326.0
2011.04.18,6555.0,65.0,6490.0,6565.0,6255.0,38762.0
2011.04.15,6490.0,-100.0,6630.0,6630.0,6440.0,19684.0
2011.04.14,6590.0,40.0,6575.0,6625.0,6470.0,15811.0
2011.04.13,6550.0,-5.0,6400.0,6560.0,6400.0,23201.0
2011.04.12,6555.0,-135.0,6615.0,6710.0,6495.0,27793.0
2011.04.11,6690.0,-30.0,6720.0,6765.0,6630.0,22434.0
2011.04.08,6720.0,265.0,6495.0,6725.0,6425.0,82877.0
2011.04.07,6455.0,60.0,6265.0,6500.0,6265.0,54424.0
2011.04.06,6395.0,-20.0,6410.0,6415.0,6340.0,29695.0
2011.04.05,6415.0,0.0,6370.0,6440.0,6325.0,16777.0
2011.04.04,6415.0,85.0,6335.0,6485.0,6335.0,30790.0
2011.04.01,6330.0,-35.0,6330.0,6400.0,6310.0,21714.0
2011.03.31,6365.0,120.0,6250.0,6380.0,6250.0,30129.0
2011.03.30,6245.0,155.0,6090.0,6250.0,6090.0,31263.0
2011.03.29,6090.0,55.0,6095.0,6105.0,5995.0,19470.0
2011.03.28,6035.0,-155.0,6245.0,6245.0,5970.0,26426.0
2011.03.25,6190.0,-80.0,6275.0,6275.0,6145.0,25681.0
2011.03.24,6270.0,70.0,6240.0,6270.0,6195.0,5582.0
2011.03.23,6200.0,140.0,6075.0,6200.0,6075.0,15760.0
2011.03.22,6060.0,-50.0,6110.0,6150.0,6050.0,12662.0
2011.03.21,6110.0,110.0,6100.0,6170.0,6080.0,16322.0
2011.03.18,6000.0,240.0,5790.0,6000.0,5770.0,26644.0
2011.03.17,5760.0,-25.0,5775.0,5780.0,5660.0,68740.0
2011.03.16,5785.0,175.0,5620.0,5830.0,5620.0,22500.0
2011.03.15,5610.0,-270.0,5885.0,5920.0,5490.0,37053.0
2011.03.14,5880.0,-90.0,6060.0,6060.0,5735.0,15470.0
2011.03.11,5970.0,-170.0,6005.0,6140.0,5905.0,42193.0
2011.03.10,6140.0,50.0,6190.0,6190.0,6075.0,17715.0
2011.03.09,6090.0,-80.0,6170.0,6210.0,6085.0,17004.0
2011.03.08,6170.0,125.0,6135.0,6170.0,6010.0,9592.0
2011.03.07,6045.0,-55.0,6100.0,6170.0,6000.0,30362.0
2011.03.04,6100.0,10.0,6150.0,6180.0,5930.0,54930.0
2011.03.03,6090.0,555.0,5675.0,6090.0,5610.0,36475.0
2011.03.02,5535.0,-270.0,5750.0,5770.0,5535.0,21751.0
2011.02.28,5805.0,-255.0,6090.0,6095.0,5805.0,41658.0
2011.02.25,6060.0,335.0,5800.0,6060.0,5800.0,70303.0
2011.02.24,5725.0,15.0,5615.0,5875.0,5615.0,61085.0
2011.02.23,5710.0,-120.0,5830.0,5850.0,5660.0,142050.0
2011.02.22,5830.0,-295.0,6150.0,6150.0,5640.0,261360.0
2011.02.21,6125.0,-140.0,6380.0,6380.0,6105.0,118586.0
2011.02.18,6265.0,205.0,6060.0,6320.0,6060.0,17789.0
2011.02.17,6060.0,-260.0,6340.0,6340.0,6010.0,125542.0
2011.02.16,6320.0,-80.0,6540.0,6540.0,6250.0,8314.0
2011.02.15,6400.0,-185.0,6495.0,6590.0,6345.0,12246.0
2011.02.14,6585.0,190.0,6395.0,6590.0,6395.0,114640.0
2011.02.11,6395.0,-185.0,6530.0,6650.0,6395.0,216314.0
2011.02.10,6580.0,-260.0,6800.0,6830.0,6450.0,126424.0
2011.02.09,6840.0,20.0,6820.0,6945.0,6720.0,6236.0
2011.02.08,6820.0,-320.0,7070.0,7070.0,6800.0,117085.0
2011.02.07,7140.0,265.0,6925.0,7140.0,6875.0,11488.0
2011.02.01,6875.0,-5.0,6950.0,6980.0,6825.0,9362.0
2011.01.31,6880.0,-250.0,7150.0,7150.0,6830.0,111921.0
2011.01.28,7130.0,65.0,7140.0,7140.0,7025.0,7293.0
2011.01.27,7065.0,0.0,7065.0,7125.0,7000.0,10242.0
2011.01.26,7065.0,75.0,7000.0,7065.0,6955.0,10867.0
2011.01.25,6990.0,50.0,7000.0,7030.0,6900.0,14903.0
2011.01.24,6940.0,40.0,6810.0,6940.0,6750.0,25957.0
2011.01.21,6900.0,-175.0,7075.0,7200.0,6800.0,15092.0
2011.01.20,7075.0,-95.0,7170.0,7240.0,7060.0,121020.0
2011.01.19,7170.0,-95.0,7240.0,7350.0,7095.0,54899.0
2011.01.18,7265.0,-5.0,7450.0,7450.0,7165.0,41745.0
2011.01.17,7270.0,270.0,7040.0,7310.0,7040.0,55143.0
2011.01.14,7000.0,95.0,6920.0,7100.0,6860.0,24831.0
2011.01.13,6905.0,-35.0,7040.0,7100.0,6835.0,135948.0
2011.01.12,6940.0,120.0,6845.0,7105.0,6845.0,31650.0
2011.01.11,6820.0,85.0,6785.0,6855.0,6685.0,109283.0
2011.01.10,6735.0,-35.0,6800.0,6830.0,6720.0,49187.0
2011.01.07,6770.0,50.0,6720.0,6800.0,6675.0,116461.0
2011.01.06,6720.0,-35.0,6760.0,6800.0,6680.0,444472.0
2011.01.05,6755.0,85.0,6680.0,6790.0,6680.0,637318.0
2011.01.04,6670.0,45.0,6600.0,6710.0,6535.0,22234.0
2011.01.03,6625.0,105.0,6630.0,6630.0,6515.0,18409.0
2010.12.30,6520.0,5.0,6520.0,6590.0,6465.0,24932.0
2010.12.29,6515.0,170.0,6350.0,6600.0,6350.0,30786.0
2010.12.28,6345.0,195.0,6150.0,6430.0,6150.0,17669.0
2010.12.27,6150.0,5.0,6145.0,6250.0,6120.0,13491.0
2010.12.24,6145.0,-130.0,6280.0,6280.0,6120.0,38719.0
2010.12.23,6275.0,-25.0,6300.0,6315.0,6235.0,7282.0
2010.12.22,6300.0,-105.0,6405.0,6405.0,6270.0,34883.0
2010.12.21,6405.0,5.0,6460.0,6505.0,6390.0,17183.0
2010.12.20,6400.0,-20.0,6410.0,6450.0,6300.0,36760.0
2010.12.17,6420.0,70.0,6360.0,6455.0,6355.0,7806.0
2010.12.16,6350.0,35.0,6380.0,6380.0,6315.0,23278.0
2010.12.15,6315.0,65.0,6290.0,6330.0,6230.0,5615.0
2010.12.14,6250.0,30.0,6225.0,6250.0,6155.0,4808.0
2010.12.13,6220.0,-15.0,6235.0,6240.0,6175.0,11315.0
2010.12.10,6235.0,105.0,6195.0,6255.0,6145.0,9142.0
2010.12.09,6130.0,-95.0,6280.0,6280.0,6110.0,7248.0
2010.12.08,6225.0,-55.0,6280.0,6310.0,6220.0,7312.0
2010.12.07,6280.0,60.0,6220.0,6300.0,6190.0,8092.0
2010.12.06,6220.0,-10.0,6280.0,6280.0,6170.0,5939.0
2010.12.03,6230.0,-55.0,6255.0,6280.0,6140.0,8605.0
2010.12.02,6285.0,50.0,6245.0,6340.0,6245.0,7993.0
2010.12.01,6235.0,240.0,5995.0,6360.0,5995.0,23123.0
2010.11.30,5995.0,120.0,6110.0,6110.0,5900.0,5830.0
2010.11.29,5875.0,85.0,5910.0,6650.0,5840.0,28289.0
2010.11.26,5790.0,-215.0,6050.0,6090.0,5790.0,28749.0
2010.11.25,6005.0,75.0,5900.0,6070.0,5900.0,6017.0
2010.11.24,5930.0,-45.0,5500.0,6010.0,5500.0,18935.0
2010.11.23,5975.0,25.0,5970.0,6090.0,5845.0,54061.0
2010.11.22,5950.0,-40.0,6000.0,6055.0,5950.0,7949.0
2010.11.19,5990.0,165.0,5830.0,5990.0,5830.0,5648.0
2010.11.18,5825.0,105.0,5900.0,5900.0,5765.0,21706.0
2010.11.17,5720.0,-90.0,5810.0,5810.0,5605.0,39244.0
2010.11.16,5810.0,-120.0,6155.0,6160.0,5755.0,52684.0
2010.11.15,5930.0,-65.0,6010.0,6010.0,5815.0,11839.0
2010.11.12,5995.0,-295.0,6290.0,6290.0,5950.0,52810.0
2010.11.11,6290.0,-60.0,6370.0,6370.0,6225.0,47127.0
2010.11.10,6350.0,35.0,6275.0,6350.0,6250.0,18155.0
2010.11.09,6315.0,80.0,6280.0,6320.0,6220.0,15435.0
2010.11.08,6235.0,85.0,6170.0,6235.0,6085.0,10978.0
2010.11.05,6150.0,-210.0,6360.0,6610.0,6150.0,106687.0
2010.11.04,6360.0,-660.0,6560.0,6560.0,6300.0,13526.0
2010.11.03,7020.0,895.0,6090.0,7020.0,6090.0,21173.0
2010.11.02,6125.0,50.0,6080.0,6150.0,6060.0,9884.0
2010.11.01,6075.0,55.0,6060.0,6125.0,5990.0,5907.0
2010.10.29,6020.0,-60.0,6050.0,6150.0,6000.0,7874.0
2010.10.28,6080.0,-90.0,6200.0,6200.0,6080.0,6433.0
2010.10.27,6170.0,25.0,6150.0,6170.0,6085.0,13011.0
2010.10.26,6145.0,100.0,6040.0,6170.0,6040.0,12134.0
2010.10.25,6045.0,55.0,6030.0,6045.0,5975.0,5696.0
2010.10.22,5990.0,70.0,5970.0,6020.0,5900.0,8335.0
2010.10.21,5920.0,-25.0,6000.0,6020.0,5910.0,8654.0
2010.10.20,5945.0,-5.0,5910.0,5980.0,5780.0,7837.0
2010.10.19,5950.0,-30.0,5940.0,6030.0,5905.0,5411.0
2010.10.18,5980.0,-105.0,6090.0,6175.0,5960.0,9201.0
2010.10.15,6085.0,-10.0,6165.0,6165.0,6030.0,9317.0
2010.10.14,6095.0,15.0,6060.0,6150.0,5955.0,18932.0
2010.10.13,6080.0,95.0,5930.0,6080.0,5855.0,5166.0
2010.10.12,5985.0,-105.0,6185.0,6185.0,5940.0,15752.0
2010.10.11,6090.0,90.0,6000.0,6160.0,6000.0,13998.0
2010.10.08,6000.0,95.0,5875.0,6000.0,5850.0,6659.0
2010.10.07,5905.0,135.0,5750.0,5920.0,5745.0,15365.0
2010.10.06,5770.0,40.0,5900.0,5900.0,5745.0,9004.0
2010.10.05,5730.0,80.0,5710.0,5740.0,5665.0,14417.0
2010.10.04,5650.0,80.0,5600.0,5680.0,5565.0,16040.0
2010.10.01,5570.0,-60.0,5520.0,5675.0,5520.0,14074.0
2010.09.30,5630.0,-65.0,5645.0,5700.0,5565.0,8156.0
2010.09.29,5695.0,-305.0,5965.0,5965.0,5685.0,19117.0
2010.09.28,6000.0,200.0,5825.0,6000.0,5685.0,149175.0
2010.09.27,5800.0,195.0,5975.0,5975.0,5660.0,14523.0
2010.09.24,5605.0,-125.0,5580.0,5745.0,5535.0,9481.0
2010.09.20,5730.0,180.0,5550.0,5730.0,5500.0,6770.0
2010.09.17,5550.0,10.0,5440.0,5550.0,5440.0,7311.0
2010.09.16,5540.0,100.0,5500.0,5540.0,5440.0,4510.0
2010.09.15,5440.0,55.0,5385.0,5440.0,5370.0,5582.0
2010.09.14,5385.0,40.0,5350.0,5395.0,5270.0,3462.0
2010.09.13,5345.0,55.0,5390.0,5400.0,5270.0,5272.0
2010.09.10,5290.0,125.0,5195.0,5290.0,5185.0,5850.0
2010.09.09,5165.0,100.0,5050.0,5190.0,5050.0,3764.0
2010.09.08,5065.0,-215.0,5105.0,5110.0,5050.0,6246.0
2010.09.07,5280.0,0.0,5230.0,5280.0,5120.0,2334.0
2010.09.06,5280.0,100.0,5210.0,5280.0,5140.0,1573.0
2010.09.03,5180.0,65.0,5150.0,5180.0,5115.0,2437.0
2010.09.02,5115.0,-15.0,5175.0,5245.0,5080.0,1850.0
2010.09.01,5130.0,145.0,5030.0,5400.0,5030.0,5389.0
2010.08.31,4985.0,-155.0,5050.0,5055.0,4970.0,1955.0
2010.08.30,5140.0,200.0,5145.0,5145.0,5040.0,4055.0
2010.08.27,4940.0,-60.0,4950.0,4980.0,4900.0,1860.0
2010.08.26,5000.0,-20.0,5050.0,5055.0,4955.0,2291.0
2010.08.25,5020.0,-130.0,5050.0,5065.0,5005.0,3251.0
2010.08.24,5150.0,120.0,5140.0,5150.0,5000.0,10785.0
2010.08.23,5030.0,80.0,4995.0,5080.0,4995.0,21590.0
2010.08.20,4950.0,25.0,4895.0,4950.0,4895.0,637.0
2010.08.19,4925.0,30.0,4900.0,4930.0,4865.0,2414.0
2010.08.18,4895.0,100.0,4805.0,4895.0,4795.0,3009.0
2010.08.17,4795.0,55.0,4800.0,4800.0,4705.0,875.0
2010.08.16,4740.0,-150.0,4885.0,4885.0,4715.0,4803.0
2010.08.13,4890.0,-35.0,4900.0,4900.0,4770.0,4273.0
2010.08.12,4925.0,-30.0,4945.0,4945.0,4725.0,10789.0
2010.08.11,4955.0,10.0,4950.0,4955.0,4820.0,1972.0
2010.08.10,4945.0,60.0,4890.0,4945.0,4830.0,1106.0
2010.08.09,4885.0,-15.0,4895.0,4895.0,4835.0,948.0
2010.08.06,4900.0,0.0,4925.0,4925.0,4775.0,1651.0
2010.08.05,4900.0,-10.0,4920.0,4920.0,4820.0,1597.0
2010.08.04,4910.0,10.0,4915.0,4920.0,4895.0,1127.0
2010.08.03,4900.0,5.0,4900.0,4900.0,4860.0,2273.0
2010.08.02,4895.0,-40.0,4930.0,4930.0,4875.0,1987.0
2010.07.30,4935.0,30.0,4930.0,4935.0,4885.0,5912.0
2010.07.29,4905.0,65.0,4900.0,4905.0,4835.0,5362.0
2010.07.28,4840.0,-40.0,4900.0,4900.0,4820.0,2006.0
2010.07.27,4880.0,-30.0,4910.0,4940.0,4855.0,3805.0
2010.07.26,4910.0,-20.0,4985.0,4985.0,4895.0,1032.0
2010.07.23,4930.0,95.0,4890.0,4940.0,4880.0,2427.0
2010.07.22,4835.0,25.0,4895.0,4895.0,4815.0,1300.0
2010.07.21,4810.0,-35.0,4895.0,4895.0,4805.0,1791.0
2010.07.20,4845.0,25.0,4820.0,4890.0,4810.0,10712.0
2010.07.19,4820.0,75.0,4790.0,4845.0,4690.0,11751.0
2010.07.16,4745.0,5.0,4795.0,4795.0,4710.0,2437.0
2010.07.15,4740.0,-15.0,4770.0,4770.0,4740.0,1415.0
2010.07.14,4755.0,115.0,4655.0,4780.0,4655.0,15637.0
2010.07.13,4640.0,80.0,4590.0,4640.0,4590.0,4593.0
2010.07.12,4560.0,-10.0,4590.0,4590.0,4475.0,5783.0
2010.07.09,4570.0,20.0,4560.0,4590.0,4500.0,2501.0
2010.07.08,4550.0,55.0,4550.0,4550.0,4500.0,3994.0
2010.07.07,4495.0,-100.0,4580.0,4580.0,4455.0,2974.0
2010.07.06,4595.0,-45.0,4615.0,4615.0,4520.0,3071.0
2010.07.05,4640.0,40.0,4710.0,4710.0,4600.0,5286.0
2010.07.02,4600.0,-55.0,4710.0,4710.0,4600.0,951.0
2010.07.01,4655.0,0.0,4895.0,4895.0,4640.0,13320.0
2010.06.30,4655.0,45.0,4710.0,4710.0,4615.0,1792.0
2010.06.29,4610.0,-135.0,4865.0,4865.0,4610.0,1370.0
2010.06.28,4745.0,-80.0,4895.0,4895.0,4745.0,7760.0
2010.06.25,4825.0,-55.0,4880.0,4880.0,4785.0,6609.0
2010.06.24,4880.0,130.0,4800.0,4890.0,4800.0,2665.0
2010.06.23,4750.0,-20.0,4770.0,4800.0,4750.0,12594.0
2010.06.22,4770.0,10.0,4760.0,4795.0,4725.0,5767.0
2010.06.21,4760.0,120.0,4700.0,4765.0,4645.0,3145.0
2010.06.18,4640.0,55.0,4650.0,4665.0,4585.0,2083.0
2010.06.17,4585.0,-75.0,4565.0,4670.0,4565.0,3683.0
2010.06.16,4660.0,60.0,4695.0,4695.0,4630.0,3023.0
2010.06.15,4600.0,5.0,4605.0,4680.0,4600.0,8379.0
2010.06.14,4595.0,70.0,4595.0,4640.0,4580.0,11919.0
2010.06.11,4525.0,90.0,4455.0,4550.0,4455.0,13063.0
2010.06.10,4435.0,-30.0,4470.0,4500.0,4435.0,1165.0
2010.06.09,4465.0,65.0,4410.0,4525.0,4410.0,3508.0
2010.06.08,4400.0,5.0,4395.0,4420.0,4320.0,1101.0
2010.06.07,4395.0,-15.0,4400.0,4400.0,4100.0,5138.0
2010.06.04,4410.0,-45.0,4455.0,4455.0,4400.0,6053.0
2010.06.03,4455.0,-35.0,4330.0,4465.0,4330.0,21607.0
2010.06.01,4490.0,210.0,4340.0,4505.0,4340.0,16312.0
2010.05.31,4280.0,85.0,4200.0,4305.0,4175.0,30957.0
2010.05.28,4195.0,125.0,4110.0,4200.0,4110.0,5521.0
2010.05.27,4070.0,-5.0,4085.0,4140.0,4030.0,674.0
2010.05.26,4075.0,65.0,4195.0,4195.0,3995.0,2558.0
2010.05.25,4010.0,-185.0,4200.0,4200.0,3995.0,5856.0
2010.05.24,4195.0,-50.0,4270.0,4270.0,4125.0,3167.0
2010.05.20,4245.0,35.0,4260.0,4275.0,4130.0,2160.0
2010.05.19,4210.0,-50.0,4225.0,4245.0,4150.0,1896.0
2010.05.18,4260.0,55.0,4260.0,4260.0,4215.0,9479.0
2010.05.17,4205.0,-125.0,4330.0,4450.0,4205.0,8513.0
2010.05.14,4330.0,-35.0,4350.0,4380.0,4305.0,3924.0
2010.05.13,4365.0,-35.0,4400.0,4450.0,4350.0,4711.0
2010.05.12,4400.0,-105.0,4570.0,4570.0,4400.0,946.0
2010.05.11,4505.0,-35.0,4600.0,4605.0,4470.0,5537.0
2010.05.10,4540.0,175.0,4255.0,4580.0,4255.0,9628.0
2010.05.07,4365.0,-235.0,4480.0,4650.0,4300.0,12589.0
2010.05.06,4600.0,-80.0,4640.0,4640.0,4430.0,31074.0
2010.05.04,4680.0,30.0,4700.0,4700.0,4610.0,4969.0
2010.05.03,4650.0,-165.0,4815.0,4895.0,4570.0,16742.0
2010.04.30,4815.0,-20.0,4835.0,4835.0,4750.0,31306.0
2010.04.29,4835.0,-65.0,4925.0,4925.0,4705.0,29642.0
2010.04.28,4935.0,-140.0,5065.0,5065.0,4860.0,12557.0
2010.04.27,5075.0,-50.0,5170.0,5170.0,5060.0,3586.0
2010.04.26,5125.0,40.0,5105.0,5125.0,5085.0,5052.0
2010.04.23,5085.0,-105.0,5340.0,5340.0,5070.0,12853.0
2010.04.22,5190.0,40.0,5140.0,5190.0,5105.0,838.0
2010.04.21,5150.0,15.0,5135.0,5155.0,5120.0,1429.0
2010.04.20,5135.0,85.0,5240.0,5240.0,5090.0,3337.0
2010.04.19,5050.0,-175.0,5250.0,5250.0,5050.0,9945.0
2010.04.16,5225.0,15.0,5250.0,5250.0,5200.0,1100.0
2010.04.15,5210.0,-5.0,5300.0,5300.0,5195.0,2761.0
2010.04.14,5215.0,-50.0,5265.0,5345.0,5210.0,5513.0
2010.04.13,5265.0,15.0,5355.0,5355.0,5230.0,386.0
2010.04.12,5250.0,-5.0,5355.0,5355.0,5250.0,379.0
2010.04.09,5255.0,-35.0,5290.0,5290.0,5250.0,1493.0
2010.04.08,5290.0,40.0,5265.0,5300.0,5255.0,9873.0
2010.04.07,5250.0,10.0,5390.0,5390.0,5230.0,1018.0
2010.04.06,5240.0,-150.0,5255.0,5255.0,5205.0,5753.0
2010.04.05,5390.0,10.0,5235.0,5390.0,5190.0,11130.0
2010.04.02,5380.0,-40.0,5425.0,5440.0,5365.0,657.0
2010.04.01,5420.0,35.0,5490.0,5490.0,5390.0,550.0
2010.03.31,5385.0,-80.0,5465.0,5490.0,5385.0,2246.0
2010.03.30,5465.0,5.0,5570.0,5570.0,5425.0,605.0
2010.03.29,5460.0,-35.0,5465.0,5465.0,5435.0,972.0
2010.03.26,5495.0,20.0,5545.0,5545.0,5465.0,332.0
2010.03.25,5475.0,-95.0,5600.0,5600.0,5475.0,765.0
2010.03.24,5570.0,-50.0,5620.0,5640.0,5545.0,638.0
2010.03.23,5620.0,20.0,5440.0,5625.0,5440.0,3330.0
2010.03.22,5600.0,0.0,5600.0,5600.0,5455.0,573.0
2010.03.19,5600.0,125.0,5480.0,5600.0,5480.0,127.0
2010.03.18,5475.0,55.0,5420.0,5500.0,5420.0,134.0
2010.03.17,5420.0,100.0,5425.0,5445.0,5405.0,657.0
2010.03.16,5320.0,0.0,5410.0,5430.0,5320.0,71.0
2010.03.15,5320.0,-125.0,5480.0,5480.0,5320.0,325.0
2010.03.12,5445.0,-65.0,5465.0,5465.0,5425.0,736.0
2010.03.11,5510.0,15.0,5525.0,5525.0,5475.0,218.0
2010.03.10,5495.0,-25.0,5525.0,5535.0,5480.0,699.0
2010.03.09,5520.0,260.0,5465.0,5530.0,5315.0,2237.0
2010.03.08,5260.0,-215.0,5475.0,5510.0,5260.0,2372.0
2010.03.05,5475.0,120.0,5460.0,5475.0,4900.0,1334.0
2010.03.04,5355.0,-35.0,5430.0,5435.0,5355.0,366.0
2010.03.03,5390.0,5.0,5385.0,5395.0,5365.0,1154.0
2010.03.02,5385.0,160.0,5400.0,5400.0,5325.0,1960.0
2010.02.26,5225.0,-70.0,5150.0,5400.0,5150.0,143.0
2010.02.25,5295.0,25.0,5305.0,5305.0,5175.0,2044.0
2010.02.24,5270.0,-50.0,5305.0,5305.0,5265.0,343.0
2010.02.23,5320.0,-10.0,5330.0,5330.0,5295.0,162.0
2010.02.22,5330.0,40.0,5455.0,5455.0,5285.0,4248.0
2010.02.19,5290.0,-75.0,5465.0,5465.0,5215.0,4710.0
2010.02.18,5365.0,30.0,5365.0,5400.0,5365.0,2053.0
2010.02.17,5335.0,95.0,5295.0,5385.0,5295.0,4237.0
2010.02.16,5240.0,0.0,5300.0,5300.0,5205.0,223.0
2010.02.12,5240.0,40.0,5205.0,5240.0,5120.0,32166.0
2010.02.11,5200.0,125.0,5065.0,5200.0,5065.0,1613.0
2010.02.10,5075.0,0.0,5085.0,5100.0,5015.0,2938.0
2010.02.09,5075.0,150.0,4900.0,5075.0,4900.0,1925.0
2010.02.08,4925.0,-170.0,5340.0,5340.0,4910.0,1937.0
2010.02.05,5095.0,-210.0,5200.0,5200.0,5080.0,7050.0
2010.02.04,5305.0,-20.0,5315.0,5315.0,5245.0,220.0
2010.02.03,5325.0,130.0,5300.0,5325.0,5240.0,34069.0
2010.02.02,5195.0,-50.0,5720.0,5720.0,5185.0,1051.0
2010.02.01,5245.0,-50.0,5295.0,5315.0,5205.0,1856.0
2010.01.29,5295.0,-105.0,5585.0,5585.0,5260.0,1519.0
2010.01.28,5400.0,105.0,5425.0,5425.0,5235.0,485.0
2010.01.27,5295.0,-25.0,5420.0,5420.0,5245.0,2049.0
2010.01.26,5320.0,-175.0,5685.0,5685.0,5315.0,5850.0
2010.01.25,5495.0,-205.0,5805.0,5805.0,5465.0,7025.0
2010.01.22,5700.0,-125.0,5785.0,5785.0,5675.0,2789.0
2010.01.21,5825.0,70.0,5755.0,5825.0,5730.0,548.0
2010.01.20,5755.0,-55.0,5840.0,5840.0,5755.0,2737.0
2010.01.19,5810.0,15.0,5805.0,5840.0,5795.0,478.0
2010.01.18,5795.0,20.0,5870.0,5870.0,5715.0,2544.0
2010.01.15,5775.0,-20.0,5880.0,5880.0,5760.0,304.0
2010.01.14,5795.0,-30.0,5800.0,5875.0,5750.0,2523.0
2010.01.13,5825.0,-45.0,5880.0,5880.0,5800.0,1687.0
2010.01.12,5870.0,-50.0,5925.0,5925.0,5840.0,6135.0
2010.01.11,5920.0,175.0,5900.0,5935.0,5750.0,14660.0
2010.01.08,5745.0,10.0,5765.0,5765.0,5700.0,2734.0
2010.01.07,5735.0,-15.0,5800.0,5800.0,5695.0,6587.0
2010.01.06,5750.0,50.0,5705.0,5795.0,5700.0,1791.0
2010.01.05,5700.0,-10.0,5680.0,5705.0,5645.0,5001.0
2010.01.04,5710.0,90.0,5620.0,5710.0,5620.0,1394.0
2009.12.30,5620.0,-65.0,5860.0,5860.0,5580.0,920.0
2009.12.29,5685.0,-10.0,5925.0,5925.0,5655.0,6643.0
2009.12.28,5695.0,150.0,6375.0,6375.0,5675.0,14944.0
2009.12.24,5545.0,115.0,5620.0,5620.0,5430.0,6485.0
2009.12.23,5430.0,-20.0,5450.0,5475.0,5430.0,975.0
2009.12.22,5450.0,120.0,5395.0,5450.0,5385.0,7003.0
2009.12.21,5330.0,-75.0,5595.0,5595.0,5325.0,3497.0
2009.12.18,5405.0,-10.0,5390.0,5405.0,5350.0,1019.0
2009.12.17,5415.0,-60.0,5475.0,5475.0,5400.0,2119.0
2009.12.16,5475.0,20.0,5440.0,5495.0,5420.0,5087.0
2009.12.15,5455.0,-95.0,5500.0,5500.0,5440.0,10948.0
2009.12.14,5550.0,120.0,5450.0,5555.0,5375.0,9392.0
2009.12.11,5430.0,55.0,5395.0,5430.0,5375.0,5983.0
2009.12.10,5375.0,10.0,5370.0,5400.0,5305.0,2326.0
2009.12.09,5365.0,-30.0,5385.0,5385.0,5275.0,1033.0
2009.12.08,5395.0,10.0,5610.0,5610.0,5345.0,1661.0
2009.12.07,5385.0,30.0,5380.0,5395.0,5320.0,4878.0
2009.12.04,5355.0,-30.0,5385.0,5385.0,5325.0,3876.0
2009.12.03,5385.0,85.0,5400.0,5400.0,5275.0,2917.0
2009.12.02,5300.0,85.0,5395.0,5395.0,5270.0,9235.0
2009.12.01,5215.0,-255.0,5240.0,5300.0,5145.0,5050.0
2009.11.30,5470.0,445.0,5275.0,5470.0,5215.0,4893.0
2009.11.27,5025.0,-475.0,5445.0,5445.0,5025.0,15092.0
2009.11.26,5500.0,-185.0,5795.0,5795.0,5465.0,9859.0
2009.11.25,5685.0,-10.0,5780.0,5780.0,5650.0,65261.0
2009.11.24,5695.0,-10.0,5750.0,5750.0,5660.0,1580.0
2009.11.23,5705.0,0.0,5760.0,5760.0,5675.0,1511.0
2009.11.20,5705.0,20.0,5705.0,5745.0,5695.0,1126.0
2009.11.19,5685.0,-50.0,5755.0,5760.0,5640.0,5708.0
2009.11.18,5735.0,120.0,5615.0,5735.0,5615.0,2776.0
2009.11.17,5615.0,-25.0,5635.0,5695.0,5600.0,2111.0
2009.11.16,5640.0,165.0,6000.0,6000.0,5485.0,2214.0
2009.11.13,5475.0,-30.0,5550.0,5550.0,5425.0,1533.0
2009.11.12,5505.0,-10.0,6250.0,6250.0,5500.0,2526.0
2009.11.11,5515.0,55.0,5460.0,5525.0,5445.0,2526.0
2009.11.10,5460.0,15.0,6260.0,6260.0,5455.0,4360.0
2009.11.09,5445.0,130.0,5415.0,5475.0,5415.0,3895.0
2009.11.06,5315.0,50.0,5325.0,5335.0,5305.0,46.0
2009.11.05,5265.0,-90.0,5345.0,5345.0,5265.0,1028.0
2009.11.04,5355.0,120.0,5285.0,5355.0,5275.0,344.0
2009.11.03,5235.0,-10.0,5275.0,5275.0,5205.0,248.0
2009.11.02,5245.0,-185.0,5125.0,5255.0,5125.0,647.0
2009.10.30,5430.0,95.0,5400.0,5430.0,5285.0,13084.0
