날짜,종가,전일비,시가,고가,저가,거래량
2026.06.26,5750.0,75.0,5715.0,5860.0,5715.0,51317.0
2026.06.25,5675.0,-235.0,5835.0,5835.0,5620.0,63073.0
2026.06.24,5910.0,-40.0,5910.0,5970.0,5875.0,64102.0
2026.06.23,5950.0,-170.0,6080.0,6080.0,5950.0,47307.0
2026.06.22,6120.0,-110.0,6280.0,6420.0,6120.0,38020.0
2026.06.19,6230.0,230.0,6195.0,6260.0,6000.0,49985.0
2026.06.18,6000.0,-150.0,6195.0,6195.0,6000.0,48103.0
2026.06.17,6150.0,-320.0,6355.0,6355.0,6045.0,48440.0
2026.06.16,6470.0,-20.0,6515.0,6530.0,6445.0,38193.0
2026.06.15,6490.0,-385.0,6500.0,6540.0,6420.0,131405.0
2026.06.12,6875.0,-365.0,6920.0,6975.0,6867.0,69060.0
2026.06.11,7240.0,170.0,7355.0,7395.0,7220.0,35042.0
2026.06.10,7070.0,-130.0,7200.0,7245.0,7070.0,41830.0
2026.06.09,7200.0,-315.0,7245.0,7330.0,7185.0,19756.0
2026.06.08,7515.0,155.0,7395.0,7550.0,7215.0,42543.0
2026.06.05,7360.0,-120.0,7415.0,7480.0,7230.0,36548.0
2026.06.04,7480.0,300.0,7490.0,7560.0,7455.0,88536.0
2026.06.02,7180.0,100.0,7215.0,7280.0,7165.0,92816.0
2026.06.01,7080.0,170.0,6990.0,7150.0,6990.0,130639.0
2026.05.29,6910.0,-300.0,7075.0,7075.0,6890.0,153767.0
2026.05.28,7210.0,-10.0,7200.0,7335.0,7075.0,130472.0
2026.05.27,7220.0,-45.0,7295.0,7335.0,7210.0,34901.0
2026.05.26,7265.0,-465.0,7110.0,7305.0,7110.0,101808.0
2026.05.22,7730.0,-50.0,7580.0,7765.0,7580.0,62352.0
2026.05.21,7780.0,-310.0,8045.0,8110.0,7730.0,152353.0
2026.05.20,8090.0,-10.0,8100.0,8180.0,8035.0,62619.0
2026.05.19,8100.0,10.0,8080.0,8120.0,7900.0,76698.0
2026.05.18,8090.0,295.0,7935.0,8190.0,7925.0,129045.0
2026.05.15,7795.0,190.0,7615.0,7800.0,7615.0,113002.0
2026.05.14,7605.0,-45.0,7650.0,7665.0,7565.0,74722.0
2026.05.13,7650.0,70.0,7745.0,7745.0,7600.0,73657.0
2026.05.12,7580.0,20.0,7510.0,7580.0,7440.0,63154.0
2026.05.11,7560.0,415.0,7440.0,7560.0,7425.0,130846.0
2026.05.08,7145.0,-25.0,7270.0,7355.0,7145.0,97361.0
2026.05.07,7170.0,-365.0,7155.0,7245.0,7135.0,89808.0
2026.05.06,7535.0,-65.0,7500.0,7625.0,7500.0,167457.0
2026.05.04,7600.0,-600.0,7685.0,7700.0,7495.0,556381.0
2026.04.30,8200.0,720.0,7960.0,8260.0,7930.0,437474.0
2026.04.29,7480.0,140.0,7410.0,7530.0,7365.0,201906.0
2026.04.28,7340.0,135.0,7295.0,7405.0,7120.0,156696.0
2026.04.27,7205.0,10.0,7195.0,7240.0,7130.0,73233.0
2026.04.24,7195.0,130.0,7220.0,7310.0,7170.0,199080.0
2026.04.23,7065.0,385.0,6835.0,7300.0,6835.0,328672.0
2026.04.22,6680.0,145.0,6780.0,6785.0,6625.0,424383.0
2026.04.21,6535.0,-65.0,6540.0,6550.0,6470.0,139242.0
2026.04.20,6600.0,-180.0,6735.0,6735.0,6520.0,416985.0
2026.04.17,6780.0,130.0,6740.0,6785.0,6725.0,226469.0
2026.04.16,6650.0,40.0,6610.0,6675.0,6570.0,125883.0
2026.04.15,6610.0,-275.0,6580.0,6695.0,6565.0,266716.0
2026.04.14,6885.0,-295.0,6785.0,7060.0,6700.0,255292.0
2026.04.13,7180.0,410.0,7215.0,7240.0,7145.0,506081.0
2026.04.10,6770.0,-110.0,6805.0,6805.0,6715.0,275783.0
2026.04.09,6880.0,475.0,6730.0,6895.0,6690.0,402548.0
2026.04.08,6405.0,-1085.0,6335.0,6590.0,6330.0,1239398.0
2026.04.07,7490.0,240.0,7370.0,7575.0,7330.0,561984.0
2026.04.06,7250.0,290.0,7340.0,7515.0,7140.0,844965.0
2026.04.03,6960.0,-110.0,7150.0,7630.0,6800.0,762653.0
2026.04.02,7070.0,405.0,6515.0,7080.0,6465.0,833990.0
2026.04.01,6665.0,-235.0,6710.0,6905.0,6665.0,604036.0
2026.03.31,6900.0,85.0,7055.0,7120.0,6770.0,1100030.0
2026.03.30,6815.0,440.0,6905.0,6950.0,6760.0,844824.0
2026.03.27,6375.0,100.0,6285.0,6400.0,6260.0,711387.0
2026.03.26,6275.0,205.0,6165.0,6290.0,6165.0,242711.0
2026.03.25,6070.0,-150.0,6080.0,6085.0,5895.0,849635.0
2026.03.24,6220.0,-525.0,6095.0,6280.0,6095.0,500228.0
2026.03.23,6745.0,385.0,6645.0,6785.0,6615.0,718272.0
2026.03.20,6360.0,-185.0,6425.0,6425.0,6275.0,310404.0
2026.03.19,6545.0,340.0,6660.0,6695.0,6475.0,951917.0
2026.03.18,6205.0,-320.0,6495.0,6510.0,6205.0,509093.0
2026.03.17,6525.0,-60.0,6305.0,6600.0,6300.0,530281.0
2026.03.16,6585.0,200.0,6490.0,6615.0,6425.0,804442.0
2026.03.13,6385.0,140.0,6570.0,6570.0,6325.0,1532725.0
2026.03.12,6245.0,630.0,6125.0,6430.0,6125.0,1457386.0
2026.03.11,5615.0,-190.0,5675.0,5695.0,5425.0,1055657.0
2026.03.10,5805.0,-935.0,5550.0,5920.0,5480.0,2095553.0
2026.03.09,6740.0,1430.0,6900.0,6900.0,6300.0,1387152.0
2026.03.06,5310.0,195.0,5240.0,5310.0,5190.0,793283.0
2026.03.05,5115.0,20.0,5045.0,5162.0,4695.0,1955990.0
2026.03.04,5095.0,235.0,5045.0,5095.0,4935.0,1682506.0
2026.03.03,4860.0,485.0,4740.0,4875.0,4680.0,2352403.0
2026.02.27,4375.0,20.0,4350.0,4375.0,4315.0,52780.0
2026.02.26,4355.0,-25.0,4375.0,4385.0,4350.0,77053.0
2026.02.25,4380.0,-50.0,4400.0,4425.0,4380.0,98868.0
2026.02.24,4430.0,65.0,4390.0,4445.0,4385.0,180862.0
2026.02.23,4365.0,-85.0,4390.0,4390.0,4355.0,133587.0
2026.02.20,4450.0,110.0,4430.0,4455.0,4410.0,212168.0
2026.02.19,4340.0,170.0,4305.0,4350.0,4305.0,105725.0
2026.02.13,4170.0,-120.0,4160.0,4185.0,4155.0,64391.0
2026.02.12,4290.0,15.0,4295.0,4315.0,4290.0,106229.0
2026.02.11,4275.0,35.0,4255.0,4285.0,4255.0,61378.0
2026.02.10,4240.0,60.0,4255.0,4270.0,4240.0,63403.0
2026.02.09,4180.0,-15.0,4220.0,4220.0,4160.0,69433.0
2026.02.06,4195.0,-20.0,4190.0,4265.0,4130.0,85005.0
2026.02.05,4215.0,-5.0,4235.0,4265.0,4200.0,100088.0
2026.02.04,4220.0,110.0,4190.0,4250.0,4190.0,160304.0
2026.02.03,4110.0,20.0,4090.0,4145.0,4080.0,154277.0
2026.02.02,4090.0,-160.0,4235.0,4235.0,4065.0,234831.0
2026.01.30,4250.0,10.0,4330.0,4345.0,4215.0,445344.0
2026.01.29,4240.0,75.0,4185.0,4260.0,4185.0,376661.0
2026.01.28,4165.0,145.0,4140.0,4175.0,4130.0,295619.0
2026.01.27,4020.0,-60.0,4040.0,4040.0,3990.0,92426.0
2026.01.26,4080.0,105.0,4035.0,4080.0,4030.0,257436.0
2026.01.23,3975.0,-25.0,3960.0,3980.0,3950.0,45134.0
2026.01.22,4000.0,40.0,3990.0,4015.0,3990.0,143640.0
2026.01.21,3960.0,15.0,3945.0,3975.0,3937.0,87945.0
2026.01.20,3945.0,30.0,3905.0,3950.0,3905.0,54647.0
2026.01.19,3915.0,35.0,3905.0,3950.0,3895.0,102267.0
2026.01.16,3880.0,-95.0,3910.0,3915.0,3875.0,154040.0
2026.01.15,3975.0,-50.0,4010.0,4030.0,3955.0,296986.0
2026.01.14,4025.0,75.0,4025.0,4035.0,4010.0,606003.0
2026.01.13,3950.0,40.0,3930.0,3955.0,3925.0,284246.0
2026.01.12,3910.0,55.0,3920.0,3920.0,3870.0,292918.0
2026.01.09,3855.0,135.0,3840.0,3855.0,3830.0,342144.0
2026.01.08,3720.0,-15.0,3730.0,3735.0,3705.0,91614.0
2026.01.07,3735.0,-85.0,3750.0,3755.0,3695.0,224459.0
2026.01.06,3820.0,45.0,3830.0,3835.0,3815.0,97399.0
2026.01.05,3775.0,-50.0,3805.0,3825.0,3765.0,298316.0
2026.01.02,3825.0,-5.0,3805.0,3825.0,3790.0,41202.0
2025.12.30,3830.0,40.0,3795.0,3835.0,3785.0,147299.0
2025.12.29,3790.0,-65.0,3775.0,3790.0,3770.0,168458.0
2025.12.26,3880.0,-5.0,3890.0,3890.0,3870.0,179922.0
2025.12.24,3885.0,45.0,3880.0,3895.0,3875.0,213822.0
2025.12.23,3840.0,35.0,3845.0,3860.0,3840.0,255967.0
2025.12.22,3805.0,75.0,3775.0,3810.0,3775.0,160820.0
2025.12.19,3730.0,-30.0,3740.0,3740.0,3722.0,121987.0
2025.12.18,3760.0,20.0,3775.0,3785.0,3735.0,216961.0
2025.12.17,3740.0,-15.0,3695.0,3740.0,3695.0,283696.0
2025.12.16,3755.0,-95.0,3770.0,3785.0,3745.0,402435.0
2025.12.15,3850.0,-10.0,3875.0,3875.0,3830.0,109649.0
2025.12.12,3860.0,-10.0,3845.0,3870.0,3845.0,44280.0
2025.12.11,3870.0,-15.0,3900.0,3905.0,3865.0,108306.0
2025.12.10,3885.0,-10.0,3885.0,3890.0,3870.0,87561.0
2025.12.09,3895.0,-80.0,3915.0,3915.0,3885.0,120775.0
2025.12.08,3975.0,40.0,3960.0,3985.0,3960.0,207537.0
2025.12.05,3935.0,5.0,3935.0,3945.0,3930.0,40513.0
2025.12.04,3930.0,20.0,3930.0,3935.0,3895.0,34770.0
2025.12.03,3910.0,-35.0,3910.0,3910.0,3885.0,52943.0
2025.12.02,3945.0,-25.0,3960.0,3960.0,3925.0,139437.0
2025.12.01,3970.0,65.0,3930.0,3970.0,3910.0,119397.0
2025.11.28,3905.0,30.0,3890.0,3905.0,3890.0,117332.0
2025.11.27,3875.0,10.0,3875.0,3880.0,3870.0,26234.0
2025.11.26,3865.0,-25.0,3860.0,3870.0,3850.0,57869.0
2025.11.25,3890.0,25.0,3890.0,3900.0,3875.0,87086.0
2025.11.24,3865.0,10.0,3830.0,3865.0,3825.0,77472.0
2025.11.21,3855.0,-85.0,3880.0,3890.0,3845.0,282249.0
2025.11.20,3940.0,-65.0,3950.0,3957.0,3935.0,153566.0
2025.11.19,4005.0,65.0,4010.0,4015.0,3990.0,299350.0
2025.11.18,3940.0,0.0,3955.0,3960.0,3930.0,69250.0
2025.11.17,3940.0,-20.0,3950.0,3950.0,3930.0,87413.0
2025.11.14,3960.0,80.0,3900.0,4005.0,3900.0,268112.0
2025.11.13,3880.0,-150.0,3880.0,3885.0,3860.0,495228.0
2025.11.12,4030.0,55.0,4040.0,4040.0,4015.0,108434.0
2025.11.11,3975.0,-25.0,4000.0,4000.0,3955.0,55584.0
2025.11.10,4000.0,20.0,3980.0,4000.0,3955.0,65204.0
2025.11.07,3980.0,5.0,3950.0,3980.0,3950.0,44310.0
2025.11.06,3975.0,-15.0,3955.0,3975.0,3950.0,64771.0
2025.11.05,3990.0,-20.0,3990.0,3995.0,3960.0,91903.0
2025.11.04,4010.0,-40.0,4035.0,4035.0,4010.0,95433.0
2025.11.03,4050.0,70.0,4035.0,4050.0,4025.0,103172.0
2025.10.31,3980.0,15.0,3985.0,3985.0,3965.0,28527.0
2025.10.30,3965.0,-10.0,3965.0,3985.0,3965.0,66444.0
2025.10.29,3975.0,-70.0,3985.0,3995.0,3955.0,131198.0
2025.10.28,4045.0,-35.0,4040.0,4050.0,4025.0,123286.0
2025.10.27,4080.0,20.0,4080.0,4085.0,4050.0,211413.0
2025.10.24,4060.0,50.0,4055.0,4070.0,4045.0,501872.0
2025.10.23,4010.0,155.0,3950.0,4025.0,3940.0,625837.0
2025.10.22,3855.0,75.0,3795.0,3860.0,3790.0,209060.0
2025.10.21,3780.0,20.0,3760.0,3785.0,3745.0,197722.0
2025.10.20,3760.0,-5.0,3770.0,3785.0,3750.0,233584.0
2025.10.17,3765.0,-100.0,3780.0,3820.0,3740.0,429798.0
2025.10.16,3865.0,10.0,3855.0,3875.0,3850.0,176341.0
2025.10.15,3855.0,-35.0,3855.0,3875.0,3835.0,388758.0
2025.10.14,3890.0,-40.0,3925.0,3935.0,3885.0,316430.0
2025.10.13,3930.0,-175.0,4095.0,4095.0,3920.0,684108.0
2025.10.10,4105.0,20.0,4085.0,4105.0,4050.0,194696.0
2025.10.02,4085.0,-35.0,4115.0,4115.0,4070.0,254233.0
2025.10.01,4120.0,-25.0,4095.0,4125.0,4095.0,179016.0
2025.09.30,4145.0,-130.0,4140.0,4150.0,4125.0,104987.0
2025.09.29,4275.0,0.0,4275.0,4285.0,4260.0,128306.0
2025.09.26,4275.0,25.0,4275.0,4290.0,4270.0,111814.0
2025.09.25,4250.0,90.0,4195.0,4260.0,4195.0,232873.0
2025.09.24,4160.0,85.0,4175.0,4185.0,4160.0,142138.0
2025.09.23,4075.0,-50.0,4100.0,4100.0,4060.0,114790.0
2025.09.22,4125.0,-20.0,4115.0,4130.0,4100.0,74246.0
2025.09.19,4145.0,-15.0,4160.0,4165.0,4130.0,75293.0
2025.09.18,4160.0,-50.0,4190.0,4190.0,4150.0,112022.0
2025.09.17,4210.0,60.0,4205.0,4215.0,4200.0,182640.0
2025.09.16,4150.0,25.0,4135.0,4155.0,4125.0,83251.0
2025.09.15,4125.0,75.0,4085.0,4135.0,4085.0,150677.0
2025.09.12,4050.0,-100.0,4080.0,4080.0,4035.0,261043.0
2025.09.11,4150.0,10.0,4145.0,4165.0,4145.0,48385.0
2025.09.10,4140.0,40.0,4120.0,4140.0,4115.0,50910.0
2025.09.09,4100.0,-25.0,4135.0,4135.0,4080.0,66810.0
2025.09.08,4125.0,-5.0,4090.0,4125.0,4065.0,114508.0
2025.09.05,4130.0,-15.0,4140.0,4140.0,4125.0,34050.0
2025.09.04,4145.0,-115.0,4155.0,4182.0,4140.0,181228.0
2025.09.03,4260.0,30.0,4260.0,4280.0,4255.0,75031.0
2025.09.02,4230.0,55.0,4200.0,4240.0,4200.0,97260.0
2025.09.01,4175.0,-20.0,4175.0,4180.0,4150.0,53647.0
2025.08.29,4195.0,45.0,4175.0,4195.0,4170.0,34470.0
2025.08.28,4150.0,30.0,4165.0,4165.0,4140.0,22342.0
2025.08.27,4120.0,-80.0,4145.0,4145.0,4115.0,35916.0
2025.08.26,4200.0,40.0,4210.0,4215.0,4190.0,68017.0
2025.08.25,4160.0,5.0,4155.0,4170.0,4140.0,24663.0
2025.08.22,4155.0,25.0,4140.0,4155.0,4135.0,50113.0
2025.08.21,4130.0,60.0,4095.0,4130.0,4095.0,50499.0
2025.08.20,4070.0,0.0,4060.0,4070.0,4040.0,57306.0
2025.08.19,4070.0,-5.0,4085.0,4090.0,4055.0,57525.0
2025.08.18,4075.0,5.0,4045.0,4075.0,4030.0,36786.0
2025.08.14,4070.0,-5.0,4065.0,4075.0,4050.0,46234.0
2025.08.13,4075.0,-70.0,4085.0,4095.0,4065.0,80590.0
2025.08.12,4145.0,65.0,4130.0,4145.0,4115.0,67176.0
2025.08.11,4080.0,-10.0,4060.0,4105.0,4060.0,44153.0
2025.08.08,4090.0,-85.0,4140.0,4145.0,4090.0,141888.0
2025.08.07,4175.0,-50.0,4165.0,4190.0,4150.0,77221.0
2025.08.06,4225.0,-40.0,4220.0,4230.0,4205.0,39879.0
2025.08.05,4265.0,-85.0,4275.0,4275.0,4245.0,128852.0
2025.08.04,4350.0,-90.0,4305.0,4350.0,4290.0,235642.0
2025.08.01,4440.0,-50.0,4460.0,4460.0,4430.0,73853.0
2025.07.31,4490.0,50.0,4500.0,4520.0,4475.0,70880.0
2025.07.30,4440.0,145.0,4445.0,4455.0,4435.0,170819.0
2025.07.29,4295.0,65.0,4295.0,4300.0,4275.0,78754.0
2025.07.28,4230.0,-55.0,4220.0,4230.0,4200.0,31592.0
2025.07.25,4285.0,40.0,4270.0,4285.0,4245.0,27823.0
2025.07.24,4245.0,40.0,4205.0,4245.0,4205.0,43861.0
2025.07.23,4205.0,-5.0,4215.0,4230.0,4205.0,25398.0
2025.07.22,4210.0,-45.0,4230.0,4235.0,4190.0,33898.0
2025.07.21,4255.0,-30.0,4245.0,4275.0,4240.0,20277.0
2025.07.18,4285.0,75.0,4250.0,4285.0,4245.0,89067.0
2025.07.17,4210.0,-10.0,4220.0,4225.0,4205.0,14010.0
2025.07.16,4220.0,0.0,4230.0,4230.0,4210.0,22407.0
2025.07.15,4220.0,-80.0,4240.0,4240.0,4205.0,68388.0
2025.07.14,4300.0,60.0,4300.0,4310.0,4295.0,96896.0
2025.07.11,4240.0,-60.0,4280.0,4280.0,4205.0,36648.0
2025.07.10,4300.0,10.0,4290.0,4345.0,4275.0,46076.0
2025.07.09,4290.0,40.0,4260.0,4300.0,4260.0,41173.0
2025.07.08,4250.0,75.0,4235.0,4260.0,4230.0,63337.0
2025.07.07,4175.0,-30.0,4180.0,4180.0,4115.0,36914.0
2025.07.04,4205.0,-10.0,4215.0,4215.0,4200.0,56435.0
2025.07.03,4215.0,90.0,4215.0,4222.0,4195.0,72520.0
2025.07.02,4125.0,20.0,4120.0,4145.0,4110.0,90556.0
2025.07.01,4105.0,-10.0,4095.0,4105.0,4070.0,64159.0
2025.06.30,4115.0,-15.0,4090.0,4120.0,4060.0,37292.0
2025.06.27,4130.0,5.0,4120.0,4135.0,4110.0,70976.0
2025.06.26,4125.0,10.0,4095.0,4125.0,4090.0,57072.0
2025.06.25,4115.0,15.0,4100.0,4130.0,4085.0,161724.0
2025.06.24,4100.0,-615.0,4085.0,4225.0,4085.0,851098.0
2025.06.23,4715.0,95.0,4770.0,4785.0,4675.0,534917.0
2025.06.20,4620.0,-25.0,4685.0,4685.0,4595.0,177825.0
2025.06.19,4645.0,35.0,4610.0,4650.0,4565.0,317209.0
2025.06.18,4610.0,170.0,4610.0,4630.0,4565.0,280499.0
2025.06.17,4440.0,-75.0,4475.0,4500.0,4420.0,399639.0
2025.06.16,4515.0,15.0,4580.0,4580.0,4485.0,437366.0
2025.06.13,4500.0,325.0,4235.0,4685.0,4235.0,859240.0
2025.06.12,4175.0,145.0,4225.0,4230.0,4175.0,212047.0
2025.06.11,4030.0,-20.0,4035.0,4035.0,4000.0,42473.0
2025.06.10,4050.0,65.0,4020.0,4065.0,4020.0,199120.0
2025.06.09,3985.0,75.0,3990.0,4005.0,3975.0,153454.0
2025.06.05,3910.0,-30.0,3915.0,3915.0,3890.0,53960.0
2025.06.04,3940.0,50.0,3900.0,3945.0,3895.0,155814.0
2025.06.02,3890.0,105.0,3835.0,3895.0,3835.0,259349.0
2025.05.30,3785.0,-130.0,3830.0,3835.0,3775.0,292591.0
2025.05.29,3915.0,95.0,3875.0,3922.0,3870.0,192177.0
2025.05.28,3820.0,-30.0,3850.0,3850.0,3815.0,118947.0
2025.05.27,3850.0,0.0,3850.0,3855.0,3820.0,23436.0
2025.05.26,3850.0,50.0,3880.0,3880.0,3835.0,39326.0
2025.05.23,3800.0,-40.0,3780.0,3820.0,3780.0,109726.0
2025.05.22,3840.0,-85.0,3865.0,3865.0,3825.0,50632.0
2025.05.21,3925.0,55.0,3925.0,3945.0,3910.0,201565.0
2025.05.20,3870.0,20.0,3875.0,3885.0,3860.0,55924.0
2025.05.19,3850.0,25.0,3845.0,3880.0,3845.0,138896.0
2025.05.16,3825.0,-15.0,3845.0,3855.0,3820.0,64783.0
2025.05.15,3840.0,-100.0,3850.0,3905.0,3825.0,98145.0
2025.05.14,3940.0,95.0,3935.0,3950.0,3920.0,284659.0
2025.05.13,3845.0,5.0,3845.0,3855.0,3820.0,146302.0
2025.05.12,3840.0,95.0,3800.0,3840.0,3785.0,189917.0
2025.05.09,3745.0,115.0,3720.0,3750.0,3705.0,224458.0
2025.05.08,3630.0,-100.0,3675.0,3675.0,3615.0,245246.0
2025.05.07,3730.0,-5.0,3770.0,3800.0,3700.0,136784.0
2025.05.02,3735.0,0.0,3700.0,3735.0,3690.0,138181.0
2025.04.30,3735.0,-100.0,3780.0,3780.0,3715.0,364611.0
2025.04.29,3835.0,-100.0,3920.0,3920.0,3815.0,233148.0
2025.04.28,3935.0,10.0,3945.0,3945.0,3905.0,83679.0
2025.04.25,3925.0,45.0,3885.0,3925.0,3885.0,65875.0
2025.04.24,3880.0,-130.0,3945.0,3945.0,3855.0,183304.0
2025.04.23,4010.0,105.0,3975.0,4010.0,3960.0,240812.0
2025.04.22,3905.0,-10.0,3900.0,3915.0,3885.0,45924.0
2025.04.21,3915.0,-10.0,3925.0,3925.0,3880.0,43715.0
2025.04.18,3925.0,50.0,3940.0,3945.0,3895.0,102323.0
2025.04.17,3875.0,140.0,3820.0,3890.0,3820.0,239821.0
2025.04.16,3735.0,-75.0,3810.0,3810.0,3720.0,124873.0
2025.04.15,3810.0,30.0,3760.0,3815.0,3760.0,57729.0
2025.04.14,3780.0,80.0,3705.0,3780.0,3700.0,158532.0
2025.04.11,3700.0,-115.0,3700.0,3700.0,3630.0,206185.0
2025.04.10,3815.0,250.0,3720.0,3845.0,3710.0,216595.0
2025.04.09,3565.0,-310.0,3810.0,3825.0,3505.0,864226.0
2025.04.08,3875.0,65.0,3900.0,3910.0,3850.0,140741.0
2025.04.07,3810.0,-330.0,3890.0,3890.0,3755.0,276637.0
2025.04.04,4140.0,-170.0,4190.0,4200.0,4120.0,100230.0
2025.04.03,4310.0,-90.0,4390.0,4390.0,4270.0,57490.0
2025.04.02,4400.0,0.0,4400.0,4410.0,4360.0,214947.0
2025.04.01,4400.0,110.0,4380.0,4410.0,4375.0,143662.0
2025.03.31,4290.0,-25.0,4310.0,4310.0,4250.0,33174.0
2025.03.28,4315.0,25.0,4305.0,4317.0,4295.0,57028.0
2025.03.27,4290.0,20.0,4280.0,4310.0,4280.0,115554.0
2025.03.26,4270.0,10.0,4260.0,4285.0,4260.0,112888.0
2025.03.25,4260.0,40.0,4255.0,4265.0,4250.0,60447.0
2025.03.24,4220.0,0.0,4220.0,4225.0,4210.0,29957.0
2025.03.21,4220.0,40.0,4230.0,4240.0,4220.0,74751.0
2025.03.20,4180.0,50.0,4135.0,4180.0,4135.0,59784.0
2025.03.19,4130.0,-70.0,4155.0,4160.0,4125.0,40853.0
2025.03.18,4200.0,35.0,4170.0,4200.0,4155.0,23548.0
2025.03.17,4165.0,40.0,4130.0,4205.0,4130.0,103217.0
2025.03.14,4125.0,-25.0,4145.0,4145.0,4100.0,43377.0
2025.03.13,4150.0,30.0,4170.0,4175.0,4150.0,112744.0
2025.03.12,4120.0,40.0,4085.0,4120.0,4085.0,59856.0
2025.03.11,4080.0,-60.0,4075.0,4100.0,4045.0,127030.0
2025.03.10,4140.0,25.0,4125.0,4140.0,4090.0,20085.0
2025.03.07,4115.0,10.0,4090.0,4130.0,4090.0,97983.0
2025.03.06,4105.0,-75.0,4155.0,4155.0,4085.0,188503.0
2025.03.05,4180.0,-45.0,4215.0,4215.0,4160.0,73867.0
2025.03.04,4225.0,-75.0,4260.0,4260.0,4185.0,106128.0
2025.02.28,4300.0,35.0,4305.0,4320.0,4300.0,116558.0
2025.02.27,4265.0,-30.0,4330.0,4330.0,4250.0,94506.0
2025.02.26,4295.0,-80.0,4315.0,4350.0,4280.0,48509.0
2025.02.25,4375.0,40.0,4350.0,4375.0,4345.0,27139.0
2025.02.24,4335.0,-105.0,4450.0,4470.0,4320.0,79129.0
2025.02.21,4440.0,10.0,4430.0,4470.0,4430.0,77658.0
2025.02.20,4430.0,-5.0,4435.0,4435.0,4410.0,35213.0
2025.02.19,4435.0,30.0,4425.0,4435.0,4395.0,43705.0
2025.02.18,4405.0,50.0,4370.0,4405.0,4365.0,79643.0
2025.02.17,4355.0,-35.0,4370.0,4395.0,4330.0,50885.0
2025.02.14,4390.0,35.0,4365.0,4390.0,4365.0,26763.0
2025.02.13,4355.0,-125.0,4395.0,4395.0,4345.0,76724.0
2025.02.12,4480.0,25.0,4460.0,4480.0,4425.0,51032.0
2025.02.11,4455.0,55.0,4455.0,4455.0,4370.0,105341.0
2025.02.10,4400.0,25.0,4410.0,4410.0,4380.0,57574.0
2025.02.07,4375.0,-10.0,4380.0,4405.0,4345.0,61374.0
2025.02.06,4385.0,-90.0,4455.0,4455.0,4185.0,49397.0
2025.02.05,4475.0,50.0,4440.0,4510.0,4440.0,18131.0
2025.02.04,4425.0,-110.0,4575.0,4575.0,4410.0,27796.0
2025.02.03,4535.0,40.0,4500.0,4540.0,4495.0,68865.0
2025.01.31,4495.0,-75.0,4570.0,4570.0,4480.0,18997.0
2025.01.24,4570.0,-30.0,4560.0,4570.0,4535.0,41326.0
2025.01.23,4600.0,-30.0,4625.0,4625.0,4600.0,97525.0
2025.01.22,4630.0,-70.0,4615.0,4695.0,4610.0,48095.0
2025.01.21,4700.0,-30.0,4695.0,4725.0,4655.0,117981.0
2025.01.20,4730.0,-65.0,4750.0,4750.0,4720.0,27011.0
2025.01.17,4795.0,-30.0,4780.0,4795.0,4750.0,66853.0
2025.01.16,4825.0,115.0,4800.0,4830.0,4800.0,109248.0
2025.01.15,4710.0,-10.0,4715.0,4715.0,4670.0,63639.0
2025.01.14,4720.0,25.0,4715.0,4735.0,4705.0,43361.0
2025.01.13,4695.0,200.0,4595.0,4715.0,4590.0,190764.0
2025.01.10,4495.0,60.0,4475.0,4500.0,4475.0,25115.0
2025.01.09,4435.0,-95.0,4520.0,4520.0,4400.0,22699.0
2025.01.08,4530.0,80.0,4495.0,4530.0,4485.0,58660.0
2025.01.07,4450.0,-15.0,4420.0,4455.0,4420.0,44433.0
2025.01.06,4465.0,25.0,4470.0,4500.0,4460.0,101245.0
2025.01.03,4440.0,90.0,4405.0,4455.0,4405.0,131861.0
2025.01.02,4350.0,75.0,4330.0,4370.0,4325.0,82163.0
2024.12.30,4275.0,75.0,4265.0,4285.0,4255.0,37998.0
2024.12.27,4200.0,-50.0,4145.0,4260.0,4145.0,11623.0
2024.12.26,4250.0,35.0,4260.0,4260.0,4235.0,24708.0
2024.12.24,4215.0,-20.0,4225.0,4230.0,4200.0,5988.0
2024.12.23,4235.0,35.0,4210.0,4245.0,4205.0,31114.0
2024.12.20,4200.0,-25.0,4220.0,4220.0,4180.0,17960.0
2024.12.19,4225.0,-5.0,4265.0,4265.0,4210.0,41893.0
2024.12.18,4230.0,-35.0,4260.0,4260.0,4220.0,12810.0
2024.12.17,4265.0,0.0,4265.0,4270.0,4230.0,28690.0
2024.12.16,4265.0,40.0,4265.0,4275.0,4265.0,66500.0
2024.12.13,4225.0,-5.0,4205.0,4225.0,4195.0,20427.0
2024.12.12,4230.0,65.0,4220.0,4245.0,4210.0,155641.0
2024.12.11,4165.0,40.0,4125.0,4165.0,4125.0,59019.0
2024.12.10,4125.0,15.0,4145.0,4145.0,4115.0,33218.0
2024.12.09,4110.0,-40.0,4140.0,4140.0,4080.0,81246.0
2024.12.06,4150.0,10.0,4200.0,4200.0,4130.0,6878.0
2024.12.05,4140.0,-80.0,4210.0,4210.0,4120.0,24956.0
2024.12.04,4220.0,80.0,4215.0,4225.0,4210.0,79205.0
2024.12.03,4140.0,-5.0,4145.0,4145.0,4110.0,31093.0
2024.12.02,4145.0,-35.0,4175.0,4175.0,4110.0,49258.0
2024.11.29,4180.0,20.0,4160.0,4185.0,4145.0,10883.0
2024.11.28,4160.0,-20.0,4180.0,4180.0,4155.0,11034.0
2024.11.27,4180.0,-5.0,4185.0,4185.0,4160.0,35895.0
2024.11.26,4185.0,-75.0,4160.0,4185.0,4140.0,44033.0
2024.11.25,4260.0,35.0,4255.0,4305.0,4250.0,127877.0
2024.11.22,4225.0,40.0,4210.0,4250.0,4210.0,100978.0
2024.11.21,4185.0,-10.0,4195.0,4195.0,4170.0,17999.0
2024.11.20,4195.0,5.0,4190.0,4195.0,4170.0,12285.0
2024.11.19,4190.0,130.0,4150.0,4190.0,4145.0,105603.0
2024.11.18,4060.0,-40.0,4050.0,4075.0,4040.0,35639.0
2024.11.15,4100.0,-10.0,4155.0,4155.0,4090.0,19394.0
2024.11.14,4110.0,-5.0,4120.0,4130.0,4105.0,16961.0
2024.11.13,4115.0,0.0,4115.0,4130.0,4105.0,86523.0
2024.11.12,4115.0,-120.0,4170.0,4170.0,4100.0,111341.0
2024.11.11,4235.0,-65.0,4250.0,4250.0,4200.0,29949.0
2024.11.08,4300.0,30.0,4295.0,4315.0,4290.0,120429.0
2024.11.07,4270.0,55.0,4275.0,4295.0,4265.0,95885.0
2024.11.06,4215.0,-65.0,4290.0,4300.0,4215.0,101123.0
2024.11.05,4280.0,50.0,4275.0,4290.0,4245.0,117283.0
2024.11.04,4230.0,-15.0,4245.0,4250.0,4205.0,29361.0
2024.11.01,4245.0,105.0,4220.0,4255.0,4190.0,196945.0
2024.10.31,4140.0,45.0,4125.0,4145.0,4125.0,43113.0
2024.10.30,4095.0,30.0,4065.0,4095.0,4065.0,18239.0
2024.10.29,4065.0,-65.0,4120.0,4120.0,4065.0,117337.0
2024.10.28,4130.0,-120.0,4180.0,4180.0,4110.0,118102.0
2024.10.25,4250.0,-55.0,4300.0,4300.0,4235.0,34169.0
2024.10.24,4305.0,15.0,4285.0,4320.0,4260.0,45828.0
2024.10.23,4290.0,95.0,4260.0,4295.0,4250.0,164663.0
2024.10.22,4195.0,40.0,4180.0,4205.0,4180.0,86798.0
2024.10.21,4155.0,-85.0,4155.0,4165.0,4125.0,155635.0
2024.10.18,4240.0,30.0,4225.0,4240.0,4195.0,94559.0
2024.10.17,4210.0,-15.0,4225.0,4240.0,4210.0,98521.0
2024.10.16,4225.0,-20.0,4245.0,4245.0,4215.0,54866.0
2024.10.15,4245.0,-180.0,4275.0,4290.0,4215.0,145958.0
2024.10.14,4425.0,-40.0,4465.0,4465.0,4380.0,53656.0
2024.10.11,4465.0,70.0,4465.0,4500.0,4465.0,171369.0
2024.10.10,4395.0,-95.0,4325.0,4405.0,4320.0,116761.0
2024.10.08,4490.0,85.0,4550.0,4565.0,4465.0,190613.0
2024.10.07,4405.0,60.0,4385.0,4405.0,4370.0,188351.0
2024.10.04,4345.0,120.0,4360.0,4370.0,4345.0,262864.0
2024.10.02,4225.0,120.0,4195.0,4235.0,4165.0,197131.0
2024.09.30,4105.0,55.0,4130.0,4130.0,4050.0,117317.0
2024.09.27,4050.0,0.0,4035.0,4050.0,4005.0,94654.0
2024.09.26,4050.0,-195.0,4175.0,4175.0,4010.0,120306.0
2024.09.25,4245.0,10.0,4265.0,4265.0,4230.0,34183.0
2024.09.24,4235.0,-25.0,4210.0,4245.0,4200.0,92025.0
2024.09.23,4260.0,45.0,4205.0,4270.0,4200.0,74899.0
2024.09.20,4215.0,45.0,4200.0,4215.0,4200.0,193361.0
2024.09.19,4170.0,105.0,4090.0,4170.0,4090.0,190363.0
2024.09.13,4065.0,40.0,4060.0,4075.0,4055.0,80700.0
2024.09.12,4025.0,90.0,3965.0,4025.0,3965.0,174777.0
2024.09.11,3935.0,-100.0,3940.0,3945.0,3895.0,324763.0
2024.09.10,4035.0,-5.0,4085.0,4085.0,4035.0,84465.0
2024.09.09,4040.0,-70.0,4080.0,4080.0,4020.0,78888.0
2024.09.06,4110.0,5.0,4105.0,4115.0,4085.0,51265.0
2024.09.05,4105.0,-40.0,4120.0,4125.0,4100.0,140713.0
2024.09.04,4145.0,-220.0,4200.0,4200.0,4145.0,334918.0
2024.09.03,4365.0,30.0,4350.0,4365.0,4345.0,52325.0
2024.09.02,4335.0,-140.0,4340.0,4400.0,4310.0,82402.0
2024.08.30,4475.0,60.0,4460.0,4490.0,4455.0,59306.0
2024.08.29,4415.0,-30.0,4415.0,4415.0,4395.0,39680.0
2024.08.28,4445.0,-105.0,4470.0,4470.0,4425.0,28441.0
2024.08.27,4550.0,110.0,4520.0,4550.0,4505.0,192593.0
2024.08.26,4440.0,140.0,4420.0,4440.0,4410.0,282769.0
2024.08.23,4300.0,55.0,4400.0,4400.0,4300.0,47529.0
2024.08.22,4245.0,-85.0,4275.0,4280.0,4235.0,193431.0
2024.08.21,4330.0,0.0,4335.0,4335.0,4320.0,31060.0
2024.08.20,4330.0,-115.0,4380.0,4380.0,4310.0,152027.0
2024.08.19,4445.0,-100.0,4470.0,4470.0,4425.0,42928.0
2024.08.16,4545.0,-5.0,4545.0,4545.0,4500.0,34600.0
2024.08.14,4550.0,-15.0,4530.0,4555.0,4500.0,41654.0
2024.08.13,4565.0,90.0,4580.0,4595.0,4560.0,103296.0
2024.08.12,4475.0,65.0,4430.0,4480.0,4430.0,58708.0
2024.08.09,4410.0,45.0,4390.0,4425.0,4390.0,73191.0
2024.08.08,4365.0,75.0,4385.0,4390.0,4355.0,68939.0
2024.08.07,4290.0,-30.0,4280.0,4310.0,4250.0,73716.0
2024.08.06,4320.0,60.0,4335.0,4400.0,4320.0,86347.0
2024.08.05,4260.0,-235.0,4350.0,4350.0,4245.0,195892.0
2024.08.02,4495.0,-85.0,4470.0,4500.0,4440.0,47895.0
2024.08.01,4580.0,125.0,4570.0,4585.0,4560.0,82483.0
2024.07.31,4455.0,45.0,4385.0,4455.0,4385.0,62851.0
2024.07.30,4410.0,-120.0,4480.0,4515.0,4400.0,52025.0
2024.07.29,4530.0,-25.0,4525.0,4530.0,4490.0,21612.0
2024.07.26,4555.0,60.0,4560.0,4575.0,4540.0,16639.0
2024.07.25,4495.0,-25.0,4530.0,4535.0,4485.0,39524.0
2024.07.24,4520.0,-65.0,4545.0,4545.0,4500.0,28697.0
2024.07.23,4585.0,-25.0,4580.0,4590.0,4570.0,21209.0
2024.07.22,4610.0,-115.0,4620.0,4620.0,4595.0,42281.0
2024.07.19,4725.0,-45.0,4725.0,4730.0,4705.0,18350.0
2024.07.18,4770.0,130.0,4725.0,4770.0,4725.0,53485.0
2024.07.17,4640.0,-45.0,4680.0,4685.0,4640.0,17711.0
2024.07.16,4685.0,-50.0,4690.0,4700.0,4685.0,22020.0
2024.07.15,4735.0,-20.0,4755.0,4755.0,4705.0,5590.0
2024.07.12,4755.0,0.0,4780.0,4780.0,4740.0,17605.0
2024.07.11,4755.0,85.0,4740.0,4770.0,4740.0,16634.0
2024.07.10,4670.0,-90.0,4700.0,4745.0,4670.0,15474.0
2024.07.09,4760.0,-20.0,4785.0,4785.0,4740.0,8563.0
2024.07.08,4780.0,-60.0,4825.0,4825.0,4770.0,20404.0
2024.07.05,4840.0,35.0,4815.0,4840.0,4815.0,30603.0
2024.07.04,4805.0,15.0,4810.0,4820.0,4790.0,37841.0
2024.07.03,4790.0,-10.0,4755.0,4810.0,4755.0,30870.0
2024.07.02,4800.0,70.0,4760.0,4810.0,4760.0,60179.0
2024.07.01,4730.0,-15.0,4740.0,4745.0,4715.0,39505.0
2024.06.28,4745.0,70.0,4715.0,4750.0,4715.0,98154.0
2024.06.27,4675.0,-30.0,4650.0,4675.0,4640.0,21205.0
2024.06.26,4705.0,-10.0,4685.0,4705.0,4645.0,56943.0
2024.06.25,4715.0,60.0,4690.0,4715.0,4685.0,31744.0
2024.06.24,4655.0,-5.0,4725.0,4725.0,4625.0,29340.0
2024.06.21,4660.0,35.0,4655.0,4665.0,4635.0,44804.0
2024.06.20,4625.0,5.0,4630.0,4630.0,4610.0,38560.0
2024.06.19,4620.0,40.0,4635.0,4635.0,4610.0,37618.0
2024.06.18,4580.0,100.0,4580.0,4590.0,4575.0,75033.0
2024.06.17,4480.0,0.0,4510.0,4510.0,4470.0,18016.0
2024.06.14,4480.0,-15.0,4490.0,4500.0,4455.0,18536.0
2024.06.13,4495.0,-15.0,4510.0,4525.0,4485.0,46490.0
2024.06.12,4510.0,50.0,4470.0,4520.0,4465.0,116149.0
2024.06.11,4460.0,105.0,4455.0,4485.0,4440.0,235446.0
2024.06.10,4355.0,15.0,4340.0,4355.0,4325.0,142206.0
2024.06.07,4340.0,110.0,4340.0,4345.0,4310.0,124693.0
2024.06.05,4230.0,-30.0,4230.0,4240.0,4220.0,93119.0
2024.06.04,4260.0,-165.0,4295.0,4300.0,4250.0,215279.0
2024.06.03,4425.0,-65.0,4445.0,4470.0,4425.0,84883.0
2024.05.31,4490.0,-60.0,4480.0,4500.0,4470.0,104044.0
2024.05.30,4550.0,-55.0,4570.0,4570.0,4545.0,107669.0
2024.05.29,4605.0,70.0,4590.0,4605.0,4585.0,107434.0
2024.05.28,4535.0,45.0,4515.0,4540.0,4510.0,40258.0
2024.05.27,4490.0,60.0,4470.0,4490.0,4465.0,31499.0
2024.05.24,4430.0,-10.0,4435.0,4435.0,4420.0,24556.0
2024.05.23,4440.0,-60.0,4455.0,4455.0,4425.0,62020.0
2024.05.22,4500.0,-45.0,4500.0,4515.0,4490.0,35287.0
2024.05.21,4545.0,-60.0,4585.0,4590.0,4530.0,85513.0
2024.05.20,4605.0,50.0,4560.0,4605.0,4560.0,66433.0
2024.05.17,4555.0,25.0,4540.0,4555.0,4535.0,30585.0
2024.05.16,4530.0,-5.0,4515.0,4535.0,4515.0,79796.0
2024.05.14,4535.0,55.0,4515.0,4540.0,4515.0,28055.0
2024.05.13,4480.0,-85.0,4500.0,4500.0,4460.0,43842.0
2024.05.10,4565.0,35.0,4535.0,4565.0,4535.0,67116.0
2024.05.09,4530.0,60.0,4520.0,4540.0,4520.0,48817.0
2024.05.08,4470.0,-40.0,4500.0,4505.0,4465.0,51118.0
2024.05.07,4510.0,-30.0,4520.0,4540.0,4505.0,35761.0
2024.05.03,4540.0,-45.0,4580.0,4580.0,4530.0,53792.0
2024.05.02,4585.0,-125.0,4595.0,4595.0,4540.0,145723.0
2024.04.30,4710.0,-55.0,4810.0,4810.0,4700.0,75770.0
2024.04.29,4765.0,-50.0,4785.0,4785.0,4740.0,23138.0
2024.04.26,4815.0,65.0,4780.0,4815.0,4770.0,38175.0
2024.04.25,4750.0,-35.0,4765.0,4765.0,4725.0,31002.0
2024.04.24,4785.0,75.0,4760.0,4785.0,4735.0,16645.0
2024.04.23,4710.0,45.0,4690.0,4715.0,4685.0,43464.0
2024.04.22,4665.0,-105.0,4710.0,4710.0,4655.0,111791.0
2024.04.19,4770.0,40.0,4710.0,4915.0,4700.0,253381.0
2024.04.18,4730.0,-110.0,4535.0,4740.0,4535.0,69125.0
2024.04.17,4840.0,-40.0,4865.0,4865.0,4820.0,88398.0
2024.04.16,4880.0,35.0,4880.0,4900.0,4870.0,127305.0
2024.04.15,4845.0,-35.0,4880.0,4885.0,4830.0,163605.0
2024.04.12,4880.0,0.0,4855.0,4880.0,4850.0,105678.0
2024.04.11,4880.0,-15.0,4885.0,4895.0,4870.0,123485.0
2024.04.09,4895.0,40.0,4885.0,4910.0,4885.0,49196.0
2024.04.08,4855.0,-55.0,4835.0,4880.0,4800.0,70996.0
2024.04.05,4910.0,75.0,4905.0,4920.0,4880.0,104642.0
2024.04.04,4835.0,10.0,4830.0,4860.0,4825.0,71791.0
2024.04.03,4825.0,65.0,4820.0,4840.0,4815.0,60814.0
2024.04.02,4760.0,40.0,4730.0,4760.0,4730.0,51312.0
2024.04.01,4720.0,25.0,4700.0,4720.0,4675.0,113264.0
2024.03.29,4695.0,55.0,4660.0,4695.0,4660.0,35256.0
2024.03.28,4640.0,65.0,4615.0,4645.0,4615.0,34147.0
2024.03.27,4575.0,-45.0,4615.0,4615.0,4575.0,45172.0
2024.03.26,4620.0,30.0,4640.0,4660.0,4620.0,41199.0
2024.03.25,4590.0,35.0,4570.0,4600.0,4570.0,40641.0
2024.03.22,4555.0,-75.0,4605.0,4605.0,4550.0,52323.0
2024.03.21,4630.0,-50.0,4650.0,4650.0,4615.0,25030.0
2024.03.20,4680.0,45.0,4650.0,4685.0,4645.0,114042.0
2024.03.19,4635.0,45.0,4635.0,4650.0,4625.0,191744.0
2024.03.18,4590.0,65.0,4525.0,4595.0,4525.0,330911.0
2024.03.15,4525.0,45.0,4535.0,4540.0,4520.0,70640.0
2024.03.14,4480.0,70.0,4470.0,4485.0,4465.0,35582.0
2024.03.13,4410.0,0.0,4395.0,4415.0,4390.0,80184.0
2024.03.12,4410.0,40.0,4390.0,4410.0,4390.0,26184.0
2024.03.11,4370.0,-85.0,4390.0,4390.0,4355.0,48433.0
2024.03.08,4455.0,5.0,4420.0,4465.0,4415.0,23572.0
2024.03.07,4450.0,30.0,4445.0,4450.0,4420.0,41483.0
2024.03.06,4420.0,10.0,4390.0,4420.0,4385.0,23570.0
2024.03.05,4410.0,-75.0,4435.0,4435.0,4405.0,175631.0
2024.03.04,4485.0,70.0,4455.0,4495.0,4455.0,66561.0
2024.02.29,4415.0,5.0,4410.0,4415.0,4370.0,18863.0
2024.02.28,4410.0,50.0,4385.0,4415.0,4380.0,51917.0
2024.02.27,4360.0,70.0,4355.0,4365.0,4335.0,49164.0
2024.02.26,4290.0,-100.0,4320.0,4320.0,4275.0,32809.0
2024.02.23,4390.0,-10.0,4405.0,4405.0,4380.0,8848.0
2024.02.22,4400.0,40.0,4385.0,4400.0,4375.0,19760.0
2024.02.21,4360.0,-40.0,4345.0,4370.0,4345.0,41382.0
2024.02.20,4400.0,25.0,4385.0,4410.0,4375.0,81566.0
2024.02.19,4375.0,15.0,4390.0,4395.0,4360.0,36265.0
2024.02.16,4360.0,75.0,4345.0,4370.0,4340.0,57938.0
2024.02.15,4285.0,-65.0,4330.0,4330.0,4270.0,24060.0
2024.02.14,4350.0,20.0,4350.0,4360.0,4335.0,304664.0
2024.02.13,4330.0,140.0,4315.0,4335.0,4270.0,199701.0
2024.02.08,4190.0,50.0,4165.0,4190.0,4160.0,105254.0
2024.02.07,4140.0,25.0,4170.0,4170.0,4135.0,70954.0
2024.02.06,4115.0,0.0,4125.0,4130.0,4100.0,55634.0
2024.02.05,4115.0,-75.0,4180.0,4180.0,4090.0,69379.0
2024.02.02,4190.0,-85.0,4230.0,4230.0,4180.0,100781.0
2024.02.01,4275.0,-90.0,4315.0,4315.0,4270.0,65471.0
2024.01.31,4365.0,15.0,4365.0,4390.0,4360.0,63010.0
2024.01.30,4350.0,-60.0,4375.0,4375.0,4320.0,44323.0
2024.01.29,4410.0,70.0,4415.0,4445.0,4400.0,250763.0
2024.01.26,4340.0,95.0,4320.0,4355.0,4320.0,177535.0
2024.01.25,4245.0,40.0,4230.0,4265.0,4230.0,103493.0
2024.01.24,4205.0,-20.0,4170.0,4205.0,4165.0,329673.0
2024.01.23,4225.0,90.0,4190.0,4230.0,4180.0,97548.0
2024.01.22,4135.0,-30.0,4145.0,4160.0,4130.0,31608.0
2024.01.19,4165.0,35.0,4160.0,4180.0,4150.0,141806.0
2024.01.18,4130.0,65.0,4105.0,4130.0,4095.0,50736.0
2024.01.17,4065.0,-35.0,4115.0,4115.0,4055.0,66796.0
2024.01.16,4100.0,-20.0,4140.0,4140.0,4085.0,66571.0
2024.01.15,4120.0,-25.0,4130.0,4130.0,4100.0,56049.0
2024.01.12,4145.0,70.0,4135.0,4170.0,4120.0,212635.0
2024.01.11,4075.0,-15.0,4050.0,4075.0,4030.0,27992.0
2024.01.10,4090.0,75.0,4080.0,4100.0,4065.0,163147.0
2024.01.09,4015.0,-105.0,4045.0,4045.0,4005.0,143658.0
2024.01.08,4120.0,0.0,4145.0,4160.0,4105.0,106421.0
2024.01.05,4120.0,-35.0,4105.0,4120.0,4090.0,92337.0
2024.01.04,4155.0,145.0,4120.0,4155.0,4100.0,290011.0
2024.01.03,4010.0,-130.0,4025.0,4275.0,3970.0,614572.0
2024.01.02,4140.0,-60.0,4105.0,4150.0,4095.0,212776.0
2023.12.28,4200.0,-50.0,4190.0,4200.0,4175.0,459366.0
2023.12.27,4250.0,70.0,4240.0,4260.0,4230.0,280383.0
2023.12.26,4180.0,-35.0,4195.0,4195.0,4170.0,90733.0
2023.12.22,4215.0,20.0,4195.0,4215.0,4185.0,134189.0
2023.12.21,4195.0,5.0,4155.0,4200.0,4155.0,128157.0
2023.12.20,4190.0,75.0,4185.0,4190.0,4170.0,240603.0
2023.12.19,4115.0,20.0,4120.0,4130.0,4105.0,133493.0
2023.12.18,4095.0,25.0,4125.0,4125.0,4080.0,82702.0
2023.12.15,4070.0,100.0,4065.0,4090.0,4050.0,243259.0
2023.12.14,3970.0,60.0,3980.0,3985.0,3965.0,137581.0
2023.12.13,3910.0,-185.0,3935.0,3935.0,3900.0,331810.0
2023.12.12,4095.0,20.0,4030.0,4095.0,4030.0,32711.0
2023.12.11,4075.0,40.0,4045.0,4080.0,4045.0,51469.0
2023.12.08,4035.0,65.0,3970.0,4035.0,3965.0,160520.0
2023.12.07,3970.0,-170.0,4005.0,4015.0,3960.0,471222.0
2023.12.06,4140.0,-40.0,4135.0,4160.0,4120.0,113076.0
2023.12.05,4180.0,-15.0,4165.0,4195.0,4165.0,48628.0
2023.12.04,4195.0,-130.0,4290.0,4290.0,4190.0,192744.0
2023.12.01,4325.0,-130.0,4315.0,4335.0,4305.0,238615.0
2023.11.30,4455.0,95.0,4410.0,4455.0,4395.0,145008.0
2023.11.29,4360.0,90.0,4350.0,4375.0,4345.0,107752.0
2023.11.28,4270.0,5.0,4275.0,4300.0,4255.0,104834.0
2023.11.27,4265.0,-80.0,4345.0,4345.0,4255.0,69988.0
2023.11.24,4345.0,-20.0,4380.0,4380.0,4345.0,39831.0
2023.11.23,4365.0,-50.0,4385.0,4390.0,4360.0,195353.0
2023.11.22,4415.0,15.0,4405.0,4435.0,4405.0,194204.0
2023.11.21,4400.0,35.0,4405.0,4420.0,4395.0,137734.0
2023.11.20,4365.0,180.0,4345.0,4375.0,4300.0,499875.0
2023.11.17,4185.0,-175.0,4210.0,4210.0,4165.0,268032.0
2023.11.16,4360.0,-125.0,4385.0,4385.0,4335.0,120146.0
2023.11.15,4485.0,20.0,4445.0,4485.0,4430.0,73639.0
2023.11.14,4465.0,100.0,4450.0,4475.0,4445.0,462570.0
2023.11.13,4365.0,25.0,4380.0,4380.0,4345.0,70206.0
2023.11.10,4340.0,25.0,4300.0,4340.0,4285.0,336991.0
2023.11.09,4315.0,-75.0,4315.0,4330.0,4295.0,368845.0
2023.11.08,4390.0,-175.0,4410.0,4415.0,4375.0,378389.0
2023.11.07,4565.0,-35.0,4590.0,4600.0,4555.0,80535.0
2023.11.06,4600.0,-100.0,4645.0,4645.0,4590.0,110738.0
2023.11.03,4700.0,75.0,4690.0,4700.0,4675.0,103299.0
2023.11.02,4625.0,-15.0,4595.0,4640.0,4595.0,113539.0
2023.11.01,4640.0,-70.0,4650.0,4650.0,4625.0,53462.0
2023.10.31,4710.0,-85.0,4725.0,4725.0,4675.0,96873.0
2023.10.30,4795.0,-15.0,4805.0,4825.0,4780.0,60238.0
2023.10.27,4810.0,0.0,4790.0,4820.0,4745.0,136776.0
2023.10.26,4810.0,70.0,4840.0,4855.0,4800.0,86590.0
2023.10.25,4740.0,-145.0,4750.0,4765.0,4730.0,78917.0
2023.10.24,4885.0,-60.0,4910.0,4915.0,4875.0,141971.0
2023.10.23,4945.0,-115.0,4995.0,4995.0,4930.0,128633.0
2023.10.20,5060.0,120.0,5040.0,5080.0,5035.0,104920.0
2023.10.19,4940.0,-15.0,4955.0,4960.0,4915.0,57027.0
2023.10.18,4955.0,105.0,4920.0,4980.0,4920.0,115954.0
2023.10.17,4850.0,-30.0,4840.0,4865.0,4815.0,42639.0
2023.10.16,4880.0,180.0,4880.0,4905.0,4865.0,161481.0
2023.10.13,4700.0,65.0,4675.0,4705.0,4670.0,42486.0
2023.10.12,4635.0,-145.0,4660.0,4670.0,4625.0,117002.0
2023.10.11,4780.0,-5.0,4760.0,4795.0,4760.0,70658.0
2023.10.10,4785.0,180.0,4810.0,4815.0,4775.0,133945.0
2023.10.06,4605.0,-115.0,4630.0,4640.0,4595.0,322675.0
2023.10.05,4720.0,-220.0,4710.0,4755.0,4700.0,78209.0
2023.10.04,4940.0,-145.0,4975.0,4980.0,4940.0,39749.0
2023.09.27,5085.0,130.0,5025.0,5100.0,5025.0,120537.0
2023.09.26,4955.0,-80.0,5010.0,5010.0,4955.0,37031.0
2023.09.25,5035.0,15.0,5030.0,5045.0,5010.0,33574.0
2023.09.22,5020.0,80.0,4975.0,5025.0,4975.0,72200.0
2023.09.21,4940.0,-40.0,4970.0,4970.0,4940.0,36268.0
2023.09.20,4980.0,-95.0,5060.0,5060.0,4975.0,89017.0
2023.09.19,5075.0,30.0,5060.0,5080.0,5055.0,29415.0
2023.09.18,5045.0,15.0,5030.0,5055.0,5005.0,63221.0
2023.09.15,5030.0,110.0,4985.0,5035.0,4985.0,106750.0
2023.09.14,4920.0,15.0,4905.0,4930.0,4895.0,30836.0
2023.09.13,4905.0,65.0,4895.0,4920.0,4895.0,51628.0
2023.09.12,4840.0,20.0,4820.0,4855.0,4820.0,62948.0
2023.09.11,4820.0,35.0,4800.0,4830.0,4790.0,115276.0
2023.09.08,4785.0,-30.0,4785.0,4805.0,4765.0,61386.0
2023.09.07,4815.0,30.0,4835.0,4840.0,4800.0,401248.0
2023.09.06,4785.0,45.0,4800.0,4805.0,4775.0,66666.0
2023.09.05,4740.0,40.0,4740.0,4740.0,4725.0,135100.0
2023.09.04,4700.0,80.0,4725.0,4725.0,4700.0,77901.0
2023.09.01,4620.0,105.0,4610.0,4630.0,4605.0,90799.0
2023.08.31,4515.0,10.0,4515.0,4520.0,4500.0,123146.0
2023.08.30,4505.0,95.0,4500.0,4510.0,4490.0,69396.0
2023.08.29,4410.0,-20.0,4430.0,4430.0,4410.0,14366.0
2023.08.28,4430.0,35.0,4430.0,4430.0,4405.0,83896.0
2023.08.25,4395.0,50.0,4375.0,4400.0,4360.0,61872.0
2023.08.24,4345.0,-60.0,4360.0,4365.0,4330.0,46982.0
2023.08.23,4405.0,-25.0,4420.0,4420.0,4390.0,55237.0
2023.08.22,4430.0,-65.0,4455.0,4455.0,4415.0,45336.0
2023.08.21,4495.0,65.0,4480.0,4505.0,4445.0,15442.0
2023.08.18,4430.0,50.0,4400.0,4435.0,4395.0,90240.0
2023.08.17,4380.0,-55.0,4350.0,4380.0,4345.0,75723.0
2023.08.16,4435.0,-65.0,4445.0,4455.0,4435.0,90356.0
2023.08.14,4500.0,-35.0,4540.0,4560.0,4500.0,126311.0
2023.08.11,4535.0,-100.0,4550.0,4570.0,4535.0,47448.0
2023.08.10,4635.0,90.0,4600.0,4635.0,4600.0,186724.0
2023.08.09,4545.0,50.0,4540.0,4545.0,4530.0,71441.0
2023.08.08,4495.0,-45.0,4535.0,4535.0,4495.0,36321.0
2023.08.07,4540.0,115.0,4535.0,4565.0,4535.0,125704.0
2023.08.04,4425.0,55.0,4490.0,4500.0,4425.0,116988.0
2023.08.03,4370.0,-140.0,4415.0,4415.0,4370.0,102690.0
2023.08.02,4510.0,30.0,4505.0,4520.0,4495.0,135180.0
2023.08.01,4480.0,65.0,4465.0,4490.0,4465.0,97494.0
2023.07.31,4415.0,40.0,4405.0,4425.0,4395.0,27758.0
2023.07.28,4375.0,15.0,4360.0,4385.0,4355.0,21864.0
2023.07.27,4360.0,10.0,4330.0,4380.0,4330.0,31102.0
2023.07.26,4350.0,25.0,4340.0,4355.0,4335.0,123360.0
2023.07.25,4325.0,105.0,4320.0,4340.0,4310.0,143441.0
2023.07.24,4220.0,20.0,4200.0,4230.0,4195.0,58959.0
2023.07.21,4200.0,60.0,4155.0,4200.0,4155.0,64095.0
2023.07.20,4140.0,-10.0,4145.0,4145.0,4125.0,17259.0
2023.07.19,4150.0,70.0,4160.0,4165.0,4130.0,77160.0
2023.07.18,4080.0,-10.0,4095.0,4100.0,4070.0,32995.0
2023.07.17,4090.0,-115.0,4135.0,4135.0,4090.0,113384.0
2023.07.14,4205.0,50.0,4220.0,4235.0,4205.0,125577.0
2023.07.13,4155.0,55.0,4140.0,4170.0,4140.0,180139.0
2023.07.12,4100.0,70.0,4095.0,4120.0,4095.0,203336.0
2023.07.11,4030.0,5.0,4040.0,4040.0,4015.0,69331.0
2023.07.10,4025.0,60.0,4020.0,4050.0,3940.0,482429.0
2023.07.07,3965.0,15.0,3950.0,3970.0,3940.0,136209.0
2023.07.06,3950.0,55.0,3945.0,3965.0,3940.0,194904.0
2023.07.05,3895.0,30.0,3905.0,3920.0,3895.0,240095.0
2023.07.04,3865.0,-10.0,3870.0,3875.0,3855.0,62712.0
2023.07.03,3875.0,25.0,3870.0,3895.0,3870.0,208735.0
2023.06.30,3850.0,30.0,3835.0,3860.0,3830.0,487838.0
2023.06.29,3820.0,65.0,3805.0,3835.0,3805.0,374156.0
2023.06.28,3755.0,-100.0,3770.0,3770.0,3735.0,971945.0
2023.06.27,3855.0,25.0,3825.0,3865.0,3820.0,105780.0
2023.06.26,3830.0,40.0,3850.0,3850.0,3810.0,226450.0
2023.06.23,3790.0,-190.0,3850.0,3850.0,3780.0,500443.0
2023.06.22,3980.0,50.0,3975.0,3990.0,3965.0,204558.0
2023.06.21,3930.0,20.0,3900.0,3945.0,3900.0,97943.0
2023.06.20,3910.0,-5.0,3915.0,3935.0,3905.0,137327.0
2023.06.19,3915.0,15.0,3930.0,3930.0,3895.0,410660.0
2023.06.16,3900.0,110.0,3880.0,3905.0,3880.0,410828.0
2023.06.15,3790.0,-55.0,3780.0,3800.0,3755.0,189455.0
2023.06.14,3845.0,110.0,3810.0,3845.0,3810.0,251904.0
2023.06.13,3735.0,-95.0,3770.0,3770.0,3715.0,631211.0
2023.06.12,3830.0,-85.0,3880.0,3880.0,3820.0,254676.0
2023.06.09,3915.0,-70.0,3930.0,3935.0,3900.0,160384.0
2023.06.08,3985.0,55.0,3980.0,3995.0,3975.0,256866.0
2023.06.07,3930.0,-85.0,3955.0,3965.0,3925.0,163631.0
2023.06.05,4015.0,110.0,4020.0,4035.0,3980.0,688345.0
2023.06.02,3905.0,120.0,3855.0,3905.0,3855.0,299043.0
2023.06.01,3785.0,-50.0,3760.0,3790.0,3730.0,505811.0
2023.05.31,3835.0,-155.0,3915.0,3915.0,3820.0,1431137.0
2023.05.30,3990.0,20.0,4020.0,4040.0,3980.0,268428.0
2023.05.26,3970.0,-115.0,3995.0,3995.0,3955.0,1154656.0
2023.05.25,4085.0,15.0,4090.0,4105.0,4075.0,385666.0
2023.05.24,4070.0,70.0,4060.0,4080.0,4060.0,675332.0
2023.05.23,4000.0,85.0,3975.0,4005.0,3975.0,279949.0
2023.05.22,3915.0,-100.0,3990.0,3990.0,3910.0,268878.0
2023.05.19,4015.0,0.0,3975.0,4015.0,3970.0,61456.0
2023.05.18,4015.0,125.0,4000.0,4025.0,3985.0,789039.0
2023.05.17,3890.0,-35.0,3900.0,3925.0,3885.0,148609.0
2023.05.16,3925.0,60.0,3935.0,3960.0,3925.0,102519.0
2023.05.15,3865.0,-40.0,3865.0,3885.0,3840.0,294115.0
2023.05.12,3905.0,-135.0,3950.0,3960.0,3895.0,204427.0
2023.05.11,4040.0,15.0,4020.0,4050.0,4010.0,81641.0
2023.05.10,4025.0,30.0,4030.0,4050.0,4025.0,139889.0
2023.05.09,3995.0,45.0,4010.0,4020.0,3990.0,205861.0
2023.05.08,3950.0,135.0,3940.0,3955.0,3915.0,283639.0
2023.05.04,3815.0,-155.0,3745.0,3835.0,3745.0,692631.0
2023.05.03,3970.0,-190.0,4005.0,4005.0,3955.0,284030.0
2023.05.02,4160.0,5.0,4165.0,4175.0,4150.0,119962.0
2023.04.28,4155.0,30.0,4140.0,4165.0,4120.0,82811.0
2023.04.27,4125.0,-150.0,4150.0,4150.0,4115.0,277559.0
2023.04.26,4275.0,-65.0,4285.0,4290.0,4250.0,98493.0
2023.04.25,4340.0,105.0,4300.0,4350.0,4300.0,103461.0
2023.04.24,4235.0,-20.0,4260.0,4280.0,4225.0,72619.0
2023.04.21,4255.0,-80.0,4285.0,4285.0,4255.0,518801.0
2023.04.20,4335.0,-100.0,4375.0,4380.0,4320.0,80576.0
2023.04.19,4435.0,-40.0,4450.0,4480.0,4435.0,31923.0
2023.04.18,4475.0,-50.0,4435.0,4485.0,4435.0,67370.0
2023.04.17,4525.0,-20.0,4520.0,4560.0,4520.0,37941.0
2023.04.14,4545.0,-25.0,4530.0,4550.0,4515.0,77026.0
2023.04.13,4570.0,75.0,4560.0,4580.0,4555.0,234346.0
2023.04.12,4495.0,55.0,4480.0,4500.0,4480.0,146495.0
2023.04.11,4440.0,-5.0,4420.0,4440.0,4390.0,52192.0
2023.04.10,4445.0,15.0,4440.0,4465.0,4430.0,258654.0
2023.04.07,4430.0,10.0,4405.0,4430.0,4405.0,34381.0
2023.04.06,4420.0,-45.0,4440.0,4440.0,4390.0,170525.0
2023.04.05,4465.0,15.0,4440.0,4475.0,4440.0,143043.0
2023.04.04,4450.0,85.0,4415.0,4460.0,4415.0,318465.0
2023.04.03,4365.0,280.0,4415.0,4425.0,4340.0,509838.0
2023.03.31,4085.0,70.0,4085.0,4110.0,4075.0,283648.0
2023.03.30,4015.0,-40.0,4010.0,4025.0,3995.0,259224.0
2023.03.29,4055.0,45.0,4050.0,4065.0,4045.0,193144.0
2023.03.28,4010.0,170.0,4010.0,4015.0,3995.0,529494.0
2023.03.27,3840.0,-15.0,3825.0,3845.0,3810.0,84181.0
2023.03.24,3855.0,-15.0,3830.0,3855.0,3805.0,271921.0
2023.03.23,3870.0,65.0,3855.0,3880.0,3850.0,235304.0
2023.03.22,3805.0,105.0,3830.0,3835.0,3800.0,558605.0
2023.03.21,3700.0,45.0,3735.0,3750.0,3695.0,516548.0
2023.03.20,3655.0,-135.0,3725.0,3740.0,3650.0,467465.0
2023.03.17,3790.0,35.0,3785.0,3820.0,3760.0,237467.0
2023.03.16,3755.0,-235.0,3795.0,3830.0,3740.0,866000.0
2023.03.15,3990.0,-115.0,3975.0,4005.0,3960.0,715098.0
2023.03.14,4105.0,-130.0,4110.0,4145.0,4080.0,336330.0
2023.03.13,4235.0,95.0,4230.0,4240.0,4200.0,236230.0
2023.03.10,4140.0,-85.0,4160.0,4175.0,4130.0,205591.0
2023.03.09,4225.0,-45.0,4215.0,4230.0,4215.0,53321.0
2023.03.08,4270.0,-160.0,4245.0,4300.0,4245.0,56525.0
2023.03.07,4430.0,85.0,4405.0,4440.0,4405.0,266874.0
2023.03.06,4345.0,50.0,4350.0,4360.0,4325.0,291928.0
2023.03.03,4295.0,25.0,4280.0,4295.0,4270.0,206343.0
2023.03.02,4270.0,85.0,4260.0,4280.0,4250.0,287450.0
2023.02.28,4185.0,5.0,4175.0,4185.0,4155.0,226825.0
2023.02.27,4180.0,-5.0,4215.0,4225.0,4175.0,100802.0
2023.02.24,4185.0,100.0,4155.0,4190.0,4155.0,98144.0
2023.02.23,4085.0,-100.0,4155.0,4155.0,4070.0,512297.0
2023.02.22,4185.0,-25.0,4210.0,4215.0,4175.0,227736.0
2023.02.21,4210.0,-40.0,4260.0,4260.0,4205.0,152518.0
2023.02.20,4250.0,-35.0,4240.0,4255.0,4205.0,69521.0
2023.02.17,4285.0,-85.0,4295.0,4320.0,4280.0,152139.0
2023.02.16,4370.0,60.0,4325.0,4370.0,4320.0,81800.0
2023.02.15,4310.0,-65.0,4335.0,4350.0,4300.0,147215.0
2023.02.14,4375.0,30.0,4355.0,4375.0,4355.0,167556.0
2023.02.13,4345.0,60.0,4350.0,4365.0,4330.0,175639.0
2023.02.10,4285.0,-35.0,4280.0,4290.0,4270.0,67686.0
2023.02.09,4320.0,60.0,4315.0,4330.0,4305.0,162660.0
2023.02.08,4260.0,100.0,4260.0,4275.0,4245.0,227352.0
2023.02.07,4160.0,95.0,4115.0,4160.0,4110.0,138328.0
2023.02.06,4065.0,-130.0,4195.0,4195.0,4050.0,478883.0
2023.02.03,4195.0,-50.0,4210.0,4210.0,4170.0,138535.0
2023.02.02,4245.0,-120.0,4330.0,4330.0,4235.0,189158.0
2023.02.01,4365.0,95.0,4355.0,4375.0,4350.0,141550.0
2023.01.31,4270.0,-110.0,4305.0,4310.0,4270.0,71314.0
2023.01.30,4380.0,-115.0,4440.0,4445.0,4365.0,143960.0
2023.01.27,4495.0,55.0,4475.0,4500.0,4475.0,125959.0
2023.01.26,4440.0,0.0,4450.0,4470.0,4435.0,22150.0
2023.01.25,4440.0,-25.0,4455.0,4455.0,4415.0,32947.0
2023.01.20,4465.0,115.0,4465.0,4485.0,4450.0,234277.0
2023.01.19,4350.0,-145.0,4385.0,4390.0,4330.0,88676.0
2023.01.18,4495.0,100.0,4460.0,4500.0,4455.0,73531.0
2023.01.17,4395.0,15.0,4360.0,4400.0,4345.0,156029.0
2023.01.16,4380.0,65.0,4395.0,4420.0,4380.0,97452.0
2023.01.13,4315.0,30.0,4330.0,4335.0,4310.0,64808.0
2023.01.12,4285.0,150.0,4285.0,4320.0,4280.0,325703.0
2023.01.11,4135.0,-5.0,4140.0,4145.0,4115.0,62260.0
2023.01.10,4140.0,-20.0,4135.0,4150.0,4110.0,80139.0
2023.01.09,4160.0,35.0,4125.0,4165.0,4120.0,216215.0
2023.01.06,4125.0,20.0,4135.0,4145.0,4105.0,110989.0
2023.01.05,4105.0,-135.0,4060.0,4105.0,4055.0,643122.0
2023.01.04,4240.0,-185.0,4245.0,4275.0,4230.0,139608.0
2023.01.03,4425.0,15.0,4445.0,4450.0,4385.0,180294.0
2023.01.02,4410.0,60.0,4360.0,4425.0,4360.0,77823.0
2022.12.29,4350.0,-50.0,4360.0,4370.0,4340.0,51777.0
2022.12.28,4400.0,-40.0,4425.0,4425.0,4380.0,56490.0
2022.12.27,4440.0,65.0,4460.0,4475.0,4415.0,280635.0
2022.12.26,4375.0,55.0,4340.0,4380.0,4340.0,28722.0
2022.12.23,4320.0,-30.0,4345.0,4355.0,4315.0,40500.0
2022.12.22,4350.0,120.0,4330.0,4370.0,4330.0,238411.0
2022.12.21,4230.0,40.0,4210.0,4240.0,4210.0,44962.0
2022.12.20,4190.0,35.0,4185.0,4240.0,4170.0,77022.0
2022.12.19,4155.0,-40.0,4155.0,4210.0,4155.0,206151.0
2022.12.16,4195.0,-50.0,4205.0,4235.0,4190.0,104667.0
2022.12.15,4245.0,70.0,4280.0,4285.0,4235.0,252217.0
2022.12.14,4175.0,45.0,4185.0,4190.0,4165.0,340279.0
2022.12.13,4130.0,125.0,4085.0,4140.0,4080.0,229035.0
2022.12.12,4005.0,-5.0,4005.0,4030.0,3980.0,167684.0
2022.12.09,4010.0,-55.0,4015.0,4030.0,4000.0,278016.0
2022.12.08,4065.0,-90.0,4055.0,4070.0,4035.0,298501.0
2022.12.07,4155.0,-165.0,4490.0,4490.0,4125.0,518460.0
2022.12.06,4320.0,-155.0,4310.0,4345.0,4300.0,686975.0
2022.12.05,4475.0,-20.0,4500.0,4555.0,4465.0,185279.0
2022.12.02,4495.0,35.0,4500.0,4525.0,4490.0,172358.0
2022.12.01,4460.0,80.0,4490.0,4505.0,4460.0,184571.0
2022.11.30,4380.0,15.0,4390.0,4410.0,4370.0,245949.0
2022.11.29,4365.0,215.0,4260.0,4430.0,4250.0,684433.0
2022.11.28,4150.0,-215.0,4355.0,4355.0,4125.0,446648.0
2022.11.25,4365.0,35.0,4345.0,4380.0,4330.0,188249.0
2022.11.24,4330.0,-185.0,4375.0,4375.0,4325.0,353325.0
2022.11.23,4515.0,60.0,4490.0,4535.0,4490.0,143228.0
2022.11.22,4455.0,0.0,4455.0,4480.0,4435.0,131781.0
2022.11.21,4455.0,-125.0,4515.0,4515.0,4420.0,248228.0
2022.11.18,4580.0,-120.0,4610.0,4610.0,4560.0,208697.0
2022.11.17,4700.0,-75.0,4740.0,4740.0,4665.0,88290.0
2022.11.16,4775.0,40.0,4815.0,4825.0,4755.0,80661.0
2022.11.15,4735.0,-150.0,4900.0,4900.0,4710.0,240725.0
2022.11.14,4885.0,-5.0,4950.0,4950.0,4870.0,68318.0
2022.11.11,4890.0,150.0,4795.0,4920.0,4765.0,138926.0
2022.11.10,4740.0,-155.0,4740.0,4755.0,4730.0,334762.0
2022.11.09,4895.0,-125.0,4910.0,4910.0,4870.0,226560.0
2022.11.08,5020.0,0.0,5045.0,5065.0,5015.0,55450.0
2022.11.07,5020.0,60.0,4990.0,5045.0,4980.0,86348.0
2022.11.04,4960.0,45.0,4850.0,4980.0,4840.0,33002.0
2022.11.03,4915.0,-5.0,4915.0,4935.0,4880.0,103051.0
2022.11.02,4920.0,85.0,4865.0,4935.0,4860.0,152579.0
2022.11.01,4835.0,45.0,4730.0,4835.0,4730.0,45154.0
2022.10.31,4790.0,-45.0,4840.0,4870.0,4785.0,136064.0
2022.10.28,4835.0,10.0,4860.0,4870.0,4825.0,137358.0
2022.10.27,4825.0,160.0,4840.0,4865.0,4825.0,293525.0
2022.10.26,4665.0,-15.0,4685.0,4685.0,4650.0,294394.0
2022.10.25,4680.0,35.0,4675.0,4690.0,4660.0,72338.0
2022.10.24,4645.0,-10.0,4695.0,4725.0,4630.0,101409.0
2022.10.21,4655.0,-60.0,4670.0,4690.0,4650.0,60130.0
2022.10.20,4715.0,155.0,4660.0,4730.0,4650.0,154787.0
2022.10.19,4560.0,-150.0,4590.0,4595.0,4550.0,121427.0
2022.10.18,4710.0,5.0,4675.0,4710.0,4650.0,309451.0
2022.10.17,4705.0,-145.0,4700.0,4715.0,4680.0,93373.0
2022.10.14,4850.0,125.0,4825.0,4870.0,4815.0,234157.0
2022.10.13,4725.0,-140.0,4755.0,4755.0,4725.0,58321.0
2022.10.12,4865.0,-65.0,4825.0,4865.0,4795.0,72312.0
2022.10.11,4930.0,130.0,4915.0,4945.0,4900.0,164816.0
2022.10.07,4800.0,35.0,4820.0,4825.0,4800.0,88812.0
2022.10.06,4765.0,80.0,4750.0,4800.0,4750.0,163770.0
2022.10.05,4685.0,115.0,4675.0,4710.0,4665.0,284125.0
2022.10.04,4570.0,155.0,4530.0,4570.0,4525.0,399650.0
2022.09.30,4415.0,-5.0,4430.0,4450.0,4395.0,158266.0
2022.09.29,4420.0,210.0,4440.0,4480.0,4420.0,608671.0
2022.09.28,4210.0,-40.0,4270.0,4295.0,4190.0,127839.0
2022.09.27,4250.0,25.0,4205.0,4250.0,4185.0,132193.0
2022.09.26,4225.0,-310.0,4345.0,4370.0,4225.0,3133110.0
2022.09.23,4535.0,-25.0,4590.0,4590.0,4515.0,143913.0
2022.09.22,4560.0,-105.0,4535.0,4565.0,4495.0,265609.0
2022.09.21,4665.0,10.0,4580.0,4665.0,4550.0,302456.0
2022.09.20,4655.0,40.0,4640.0,4665.0,4630.0,275599.0
2022.09.19,4615.0,-35.0,4665.0,4680.0,4605.0,62620.0
2022.09.16,4650.0,-155.0,4640.0,4660.0,4600.0,738369.0
2022.09.15,4805.0,45.0,4815.0,4820.0,4785.0,161566.0
2022.09.14,4760.0,-5.0,4710.0,4760.0,4710.0,371981.0
2022.09.13,4765.0,265.0,4765.0,4770.0,4690.0,395441.0
2022.09.08,4500.0,-135.0,4475.0,4510.0,4470.0,265852.0
2022.09.07,4635.0,-185.0,4715.0,4715.0,4620.0,946066.0
2022.09.06,4820.0,10.0,4830.0,4840.0,4795.0,161944.0
2022.09.05,4810.0,35.0,4775.0,4820.0,4770.0,233245.0
2022.09.02,4775.0,-45.0,4735.0,4800.0,4725.0,417886.0
2022.09.01,4820.0,-185.0,4845.0,4860.0,4810.0,417363.0
2022.08.31,5005.0,-240.0,4985.0,5030.0,4975.0,1066116.0
2022.08.30,5245.0,170.0,5240.0,5255.0,5225.0,724201.0
2022.08.29,5075.0,10.0,5065.0,5120.0,5030.0,1106083.0
2022.08.26,5065.0,-80.0,5035.0,5070.0,5030.0,233147.0
2022.08.25,5145.0,65.0,5160.0,5175.0,5140.0,829166.0
2022.08.24,5080.0,160.0,5065.0,5080.0,5055.0,307825.0
2022.08.23,4920.0,115.0,4910.0,4950.0,4905.0,234969.0
2022.08.22,4805.0,-40.0,4835.0,4850.0,4805.0,326641.0
2022.08.19,4845.0,100.0,4885.0,4890.0,4830.0,532923.0
2022.08.18,4745.0,25.0,4735.0,4765.0,4720.0,712114.0
2022.08.17,4720.0,-50.0,4700.0,4730.0,4670.0,426462.0
2022.08.16,4770.0,-260.0,4755.0,4795.0,4745.0,1422077.0
2022.08.12,5030.0,90.0,5035.0,5050.0,5015.0,964515.0
2022.08.11,4940.0,135.0,4910.0,4940.0,4895.0,1517871.0
2022.08.10,4805.0,-40.0,4845.0,4855.0,4800.0,285609.0
2022.08.09,4845.0,35.0,4845.0,4875.0,4835.0,269509.0
2022.08.08,4810.0,15.0,4725.0,4815.0,4720.0,497945.0
2022.08.05,4795.0,-65.0,4730.0,4795.0,4460.0,2457235.0
2022.08.04,4860.0,-200.0,4885.0,4900.0,4855.0,396094.0
2022.08.03,5060.0,25.0,5035.0,5070.0,5020.0,136726.0
2022.08.02,5035.0,-170.0,5070.0,5070.0,4965.0,738370.0
2022.08.01,5205.0,40.0,5225.0,5245.0,5190.0,119201.0
2022.07.29,5165.0,-105.0,5200.0,5210.0,5140.0,333410.0
2022.07.28,5270.0,175.0,5155.0,5295.0,5145.0,181117.0
2022.07.27,5095.0,-145.0,5075.0,5110.0,5055.0,265166.0
2022.07.26,5240.0,230.0,5135.0,5250.0,5115.0,253836.0
2022.07.25,5010.0,-195.0,5075.0,5105.0,4995.0,163412.0
2022.07.22,5205.0,-70.0,5120.0,5205.0,5115.0,179496.0
2022.07.21,5275.0,5.0,5270.0,5295.0,5250.0,37322.0
2022.07.20,5270.0,-10.0,5305.0,5335.0,5260.0,80569.0
2022.07.19,5280.0,170.0,5250.0,5285.0,5235.0,481160.0
2022.07.18,5110.0,125.0,5015.0,5120.0,4955.0,210139.0
2022.07.15,4985.0,-20.0,4995.0,5005.0,4945.0,340923.0
2022.07.14,5005.0,25.0,5005.0,5060.0,4980.0,575564.0
2022.07.13,4980.0,-280.0,4955.0,4980.0,4895.0,356682.0
2022.07.12,5260.0,-50.0,5315.0,5335.0,5255.0,34175.0
2022.07.11,5310.0,10.0,5365.0,5405.0,5290.0,278918.0
2022.07.08,5300.0,185.0,5280.0,5350.0,5260.0,255237.0
2022.07.07,5115.0,-55.0,5085.0,5150.0,5010.0,236691.0
2022.07.06,5170.0,-510.0,5225.0,5280.0,5115.0,448417.0
2022.07.05,5680.0,30.0,5725.0,5750.0,5675.0,104528.0
2022.07.04,5650.0,205.0,5590.0,5650.0,5545.0,104329.0
2022.07.01,5445.0,-230.0,5500.0,5525.0,5410.0,296644.0
2022.06.30,5675.0,-90.0,5680.0,5710.0,5645.0,177411.0
2022.06.29,5765.0,25.0,5775.0,5810.0,5720.0,65386.0
2022.06.28,5740.0,185.0,5680.0,5740.0,5675.0,149858.0
2022.06.27,5555.0,125.0,5500.0,5595.0,5460.0,201992.0
2022.06.24,5430.0,0.0,5400.0,5440.0,5360.0,175185.0
2022.06.23,5430.0,-20.0,5380.0,5435.0,5305.0,453055.0
2022.06.22,5450.0,-290.0,5670.0,5670.0,5440.0,587084.0
2022.06.21,5740.0,115.0,5680.0,5780.0,5680.0,120667.0
2022.06.20,5625.0,-325.0,5655.0,5660.0,5550.0,371601.0
2022.06.17,5950.0,50.0,5930.0,5950.0,5895.0,642832.0
2022.06.16,5900.0,-115.0,5910.0,5935.0,5870.0,305096.0
2022.06.15,6015.0,-135.0,5970.0,6030.0,5965.0,431278.0
2022.06.14,6150.0,175.0,6080.0,6150.0,6070.0,445573.0
2022.06.13,5975.0,-150.0,6010.0,6015.0,5965.0,101057.0
2022.06.10,6125.0,-35.0,6110.0,6130.0,6070.0,611130.0
2022.06.09,6160.0,95.0,6165.0,6205.0,6160.0,235729.0
2022.06.08,6065.0,65.0,6030.0,6080.0,6025.0,313092.0
2022.06.07,6000.0,150.0,5965.0,6015.0,5960.0,251887.0
2022.06.03,5850.0,140.0,5905.0,5910.0,5840.0,208758.0
2022.06.02,5710.0,-275.0,5715.0,5730.0,5630.0,224767.0
2022.05.31,5985.0,150.0,5915.0,6000.0,5885.0,232165.0
2022.05.30,5835.0,90.0,5805.0,5855.0,5805.0,174185.0
2022.05.27,5745.0,160.0,5745.0,5785.0,5735.0,214061.0
2022.05.26,5585.0,5.0,5585.0,5615.0,5570.0,107893.0
2022.05.25,5580.0,85.0,5585.0,5615.0,5570.0,156171.0
2022.05.24,5495.0,-90.0,5525.0,5550.0,5490.0,92450.0
2022.05.23,5585.0,65.0,5550.0,5610.0,5535.0,843903.0
2022.05.20,5520.0,60.0,5505.0,5540.0,5470.0,56571.0
2022.05.19,5460.0,-105.0,5335.0,5480.0,5335.0,1130996.0
2022.05.18,5565.0,-65.0,5590.0,5630.0,5550.0,416530.0
2022.05.17,5630.0,215.0,5635.0,5680.0,5610.0,553943.0
2022.05.16,5415.0,80.0,5485.0,5550.0,5375.0,140745.0
2022.05.13,5335.0,135.0,5310.0,5375.0,5295.0,469566.0
2022.05.12,5200.0,50.0,5275.0,5295.0,5165.0,354275.0
2022.05.11,5150.0,25.0,4980.0,5150.0,4960.0,160406.0
2022.05.10,5125.0,-340.0,5180.0,5180.0,5025.0,446416.0
2022.05.09,5465.0,20.0,5435.0,5515.0,5400.0,158005.0
2022.05.06,5445.0,245.0,5460.0,5460.0,5365.0,282679.0
2022.05.04,5200.0,-40.0,5165.0,5205.0,5145.0,82308.0
2022.05.03,5240.0,65.0,5250.0,5280.0,5230.0,74760.0
2022.05.02,5175.0,-110.0,5205.0,5220.0,5145.0,107721.0
2022.04.29,5285.0,235.0,5250.0,5315.0,5225.0,276733.0
2022.04.28,5050.0,-65.0,5095.0,5095.0,5005.0,136713.0
2022.04.27,5115.0,160.0,5090.0,5145.0,5080.0,196623.0
2022.04.26,4955.0,40.0,4940.0,4990.0,4920.0,101033.0
2022.04.25,4915.0,-215.0,5025.0,5050.0,4915.0,136854.0
2022.04.22,5130.0,-60.0,5190.0,5215.0,5120.0,137614.0
2022.04.21,5190.0,45.0,5130.0,5200.0,5120.0,189809.0
2022.04.20,5145.0,-205.0,5160.0,5165.0,5085.0,423229.0
2022.04.19,5350.0,40.0,5335.0,5395.0,5325.0,75977.0
2022.04.18,5310.0,100.0,5340.0,5380.0,5285.0,198748.0
2022.04.15,5210.0,90.0,5215.0,5245.0,5205.0,112431.0
2022.04.14,5120.0,90.0,5135.0,5175.0,5110.0,375018.0
2022.04.13,5030.0,170.0,5090.0,5090.0,5000.0,444255.0
2022.04.12,4860.0,60.0,4745.0,4860.0,4745.0,289843.0
2022.04.11,4800.0,-30.0,4830.0,4850.0,4755.0,119821.0
2022.04.08,4830.0,-30.0,4865.0,4865.0,4770.0,167972.0
2022.04.07,4860.0,-195.0,4830.0,4885.0,4780.0,267710.0
2022.04.06,5055.0,-130.0,5010.0,5060.0,4960.0,152615.0
2022.04.05,5185.0,205.0,5150.0,5210.0,5145.0,297621.0
2022.04.04,4980.0,80.0,4860.0,4980.0,4860.0,292159.0
2022.04.01,4900.0,-145.0,4965.0,4970.0,4865.0,556383.0
2022.03.31,5045.0,-150.0,5285.0,5290.0,4955.0,567835.0
2022.03.30,5195.0,50.0,5245.0,5245.0,5140.0,153140.0
2022.03.29,5145.0,-215.0,5100.0,5190.0,5100.0,415454.0
2022.03.28,5360.0,-150.0,5450.0,5460.0,5360.0,161214.0
2022.03.25,5510.0,-125.0,5485.0,5540.0,5430.0,304372.0
2022.03.24,5635.0,245.0,5635.0,5730.0,5570.0,502295.0
2022.03.23,5390.0,-150.0,5320.0,5475.0,5320.0,146446.0
2022.03.22,5540.0,290.0,5490.0,5570.0,5485.0,429029.0
2022.03.21,5250.0,110.0,5120.0,5250.0,5120.0,156027.0
2022.03.18,5140.0,415.0,5025.0,5160.0,5000.0,750144.0
2022.03.17,4725.0,-90.0,4670.0,4725.0,4625.0,289795.0
2022.03.16,4815.0,65.0,4605.0,4815.0,4605.0,475399.0
2022.03.15,4750.0,-350.0,4870.0,4940.0,4690.0,689424.0
2022.03.14,5100.0,-5.0,5135.0,5165.0,5040.0,364342.0
2022.03.11,5105.0,-105.0,5165.0,5170.0,4990.0,678596.0
2022.03.10,5210.0,-645.0,5285.0,5310.0,5105.0,690118.0
2022.03.08,5855.0,-130.0,5995.0,5995.0,5570.0,661492.0
2022.03.07,5985.0,825.0,6005.0,6015.0,5790.0,2074913.0
2022.03.04,5160.0,-225.0,5185.0,5345.0,5130.0,692449.0
2022.03.03,5385.0,270.0,5185.0,5390.0,5180.0,890301.0
2022.03.02,5115.0,490.0,4995.0,5150.0,4980.0,986129.0
2022.02.28,4625.0,110.0,4625.0,4660.0,4575.0,807592.0
2022.02.25,4515.0,-105.0,4535.0,4565.0,4495.0,367975.0
2022.02.24,4620.0,220.0,4430.0,4650.0,4430.0,816613.0
2022.02.23,4400.0,-65.0,4450.0,4465.0,4380.0,219451.0
2022.02.22,4465.0,180.0,4430.0,4470.0,4410.0,622094.0
2022.02.21,4285.0,-5.0,4385.0,4390.0,4270.0,163431.0
2022.02.18,4290.0,-35.0,4275.0,4295.0,4255.0,564668.0
2022.02.17,4325.0,5.0,4300.0,4375.0,4265.0,381929.0
2022.02.16,4320.0,-115.0,4315.0,4350.0,4290.0,654824.0
2022.02.15,4435.0,0.0,4440.0,4450.0,4425.0,749852.0
2022.02.14,4435.0,215.0,4430.0,4460.0,4420.0,859171.0
2022.02.11,4220.0,-15.0,4245.0,4250.0,4215.0,167169.0
2022.02.10,4235.0,15.0,4260.0,4275.0,4235.0,451971.0
2022.02.09,4220.0,-90.0,4230.0,4240.0,4215.0,320497.0
2022.02.08,4310.0,-25.0,4315.0,4315.0,4280.0,120627.0
2022.02.07,4335.0,65.0,4290.0,4350.0,4290.0,542494.0
2022.02.04,4270.0,140.0,4235.0,4280.0,4235.0,282113.0
2022.02.03,4130.0,35.0,4125.0,4145.0,4120.0,234748.0
2022.01.28,4095.0,20.0,4105.0,4115.0,4080.0,176989.0
2022.01.27,4075.0,45.0,4100.0,4115.0,4060.0,291092.0
2022.01.26,4030.0,85.0,4025.0,4030.0,4010.0,381934.0
2022.01.25,3945.0,-95.0,3995.0,3995.0,3930.0,223458.0
2022.01.24,4040.0,85.0,4040.0,4055.0,4030.0,268187.0
2022.01.21,3955.0,-95.0,3960.0,3970.0,3905.0,622360.0
2022.01.20,4050.0,15.0,4015.0,4055.0,3995.0,155292.0
2022.01.19,4035.0,40.0,4055.0,4070.0,4035.0,406834.0
2022.01.18,3995.0,55.0,3950.0,3995.0,3935.0,340642.0
2022.01.17,3940.0,90.0,3945.0,3950.0,3925.0,313832.0
2022.01.14,3850.0,-5.0,3830.0,3850.0,3820.0,103046.0
2022.01.13,3855.0,45.0,3865.0,3880.0,3845.0,335120.0
2022.01.12,3810.0,110.0,3810.0,3830.0,3805.0,582611.0
2022.01.11,3700.0,-10.0,3700.0,3710.0,3685.0,374459.0
2022.01.10,3710.0,-45.0,3695.0,3725.0,3680.0,111432.0
2022.01.07,3755.0,135.0,3710.0,3760.0,3710.0,470188.0
2022.01.06,3620.0,0.0,3625.0,3645.0,3605.0,159150.0
2022.01.05,3620.0,40.0,3630.0,3640.0,3610.0,85959.0
2022.01.04,3580.0,10.0,3580.0,3605.0,3570.0,131746.0
2022.01.03,3570.0,-25.0,3570.0,3575.0,3545.0,123102.0
2021.12.30,3595.0,20.0,3595.0,3620.0,3590.0,163303.0
2021.12.29,3575.0,5.0,3580.0,3590.0,3565.0,134620.0
2021.12.28,3570.0,145.0,3560.0,3575.0,3555.0,320440.0
2021.12.27,3425.0,10.0,3445.0,3460.0,3425.0,165254.0
2021.12.24,3415.0,-20.0,3460.0,3460.0,3410.0,50969.0
2021.12.23,3435.0,70.0,3440.0,3450.0,3430.0,222552.0
2021.12.22,3365.0,80.0,3350.0,3390.0,3350.0,179760.0
2021.12.21,3285.0,70.0,3260.0,3295.0,3250.0,554970.0
2021.12.20,3215.0,-170.0,3390.0,3390.0,3210.0,351611.0
2021.12.17,3385.0,5.0,3385.0,3410.0,3370.0,268195.0
2021.12.16,3380.0,75.0,3375.0,3395.0,3370.0,138739.0
2021.12.15,3305.0,-55.0,3310.0,3325.0,3285.0,82117.0
2021.12.14,3360.0,-75.0,3360.0,3365.0,3330.0,209884.0
2021.12.13,3435.0,105.0,3420.0,3435.0,3410.0,324499.0
2021.12.10,3330.0,-100.0,3320.0,3350.0,3315.0,280758.0
2021.12.09,3430.0,60.0,3410.0,3450.0,3400.0,245267.0
2021.12.08,3370.0,45.0,3375.0,3400.0,3370.0,184565.0
2021.12.07,3325.0,115.0,3265.0,3335.0,3265.0,209249.0
2021.12.06,3210.0,5.0,3230.0,3230.0,3185.0,175905.0
2021.12.03,3205.0,70.0,3170.0,3205.0,3135.0,640048.0
2021.12.02,3135.0,-80.0,3135.0,3145.0,3090.0,471874.0
2021.12.01,3215.0,-5.0,3150.0,3225.0,3120.0,520052.0
2021.11.30,3220.0,-140.0,3360.0,3370.0,3200.0,499485.0
2021.11.29,3360.0,-210.0,3355.0,3395.0,3325.0,1060567.0
2021.11.26,3570.0,-120.0,3645.0,3650.0,3565.0,380028.0
2021.11.25,3690.0,-20.0,3685.0,3700.0,3680.0,56991.0
2021.11.24,3710.0,140.0,3675.0,3715.0,3670.0,342131.0
2021.11.23,3570.0,5.0,3595.0,3610.0,3565.0,165216.0
2021.11.22,3565.0,-165.0,3560.0,3585.0,3545.0,309584.0
2021.11.19,3730.0,100.0,3680.0,3735.0,3675.0,164991.0
2021.11.18,3630.0,-90.0,3640.0,3645.0,3620.0,286874.0
2021.11.17,3720.0,-70.0,3745.0,3745.0,3710.0,176348.0
2021.11.16,3790.0,65.0,3745.0,3790.0,3740.0,141527.0
2021.11.15,3725.0,-40.0,3760.0,3760.0,3710.0,265364.0
2021.11.12,3765.0,-10.0,3780.0,3790.0,3755.0,100649.0
2021.11.11,3775.0,-125.0,3780.0,3790.0,3765.0,362286.0
2021.11.10,3900.0,95.0,3910.0,3915.0,3885.0,704750.0
2021.11.09,3805.0,-10.0,3810.0,3810.0,3790.0,95292.0
2021.11.08,3815.0,155.0,3780.0,3830.0,3780.0,287752.0
2021.11.05,3660.0,-55.0,3700.0,3720.0,3660.0,483035.0
2021.11.04,3715.0,-115.0,3730.0,3730.0,3690.0,558559.0
2021.11.03,3830.0,-65.0,3840.0,3840.0,3805.0,159929.0
2021.11.02,3895.0,55.0,3875.0,3905.0,3875.0,311402.0
2021.11.01,3840.0,5.0,3840.0,3860.0,3835.0,99011.0
2021.10.29,3835.0,40.0,3830.0,3845.0,3825.0,206435.0
2021.10.28,3795.0,-75.0,3800.0,3815.0,3735.0,462036.0
2021.10.27,3870.0,-5.0,3900.0,3915.0,3870.0,154263.0
2021.10.26,3875.0,-40.0,3890.0,3895.0,3865.0,299148.0
2021.10.25,3915.0,120.0,3885.0,3930.0,3885.0,416602.0
2021.10.22,3795.0,-55.0,3815.0,3850.0,3785.0,388833.0
2021.10.21,3850.0,55.0,3870.0,3890.0,3850.0,297525.0
2021.10.20,3795.0,-20.0,3825.0,3830.0,3790.0,252312.0
2021.10.19,3815.0,-25.0,3790.0,3815.0,3765.0,168283.0
2021.10.18,3840.0,60.0,3820.0,3850.0,3810.0,302392.0
2021.10.15,3780.0,45.0,3760.0,3780.0,3755.0,310122.0
2021.10.14,3735.0,25.0,3715.0,3735.0,3700.0,370376.0
2021.10.13,3710.0,-10.0,3700.0,3715.0,3675.0,185194.0
2021.10.12,3720.0,55.0,3700.0,3730.0,3685.0,313343.0
2021.10.08,3665.0,115.0,3630.0,3680.0,3630.0,217382.0
2021.10.07,3550.0,-120.0,3560.0,3575.0,3540.0,202442.0
2021.10.06,3670.0,85.0,3640.0,3670.0,3635.0,440141.0
2021.10.05,3585.0,120.0,3580.0,3600.0,3575.0,822034.0
2021.10.01,3465.0,5.0,3475.0,3495.0,3455.0,498561.0
2021.09.30,3460.0,40.0,3445.0,3475.0,3445.0,137221.0
2021.09.29,3420.0,-120.0,3445.0,3465.0,3415.0,185526.0
2021.09.28,3540.0,75.0,3480.0,3540.0,3475.0,492016.0
2021.09.27,3465.0,75.0,3450.0,3475.0,3450.0,497319.0
2021.09.24,3390.0,50.0,3380.0,3405.0,3370.0,305512.0
2021.09.23,3340.0,15.0,3325.0,3350.0,3325.0,195343.0
2021.09.17,3325.0,-10.0,3335.0,3340.0,3325.0,257085.0
2021.09.16,3335.0,65.0,3330.0,3350.0,3320.0,905080.0
2021.09.15,3270.0,0.0,3265.0,3270.0,3255.0,151574.0
2021.09.14,3270.0,30.0,3250.0,3270.0,3240.0,237955.0
2021.09.13,3240.0,75.0,3220.0,3245.0,3215.0,640102.0
2021.09.10,3165.0,-35.0,3135.0,3165.0,3120.0,89927.0
2021.09.09,3200.0,30.0,3185.0,3200.0,3180.0,426114.0
2021.09.08,3170.0,-25.0,3185.0,3185.0,3145.0,46243.0
2021.09.07,3195.0,45.0,3165.0,3195.0,3165.0,147297.0
2021.09.06,3150.0,-70.0,3170.0,3170.0,3140.0,171716.0
2021.09.03,3220.0,70.0,3210.0,3225.0,3205.0,344714.0
2021.09.02,3150.0,-25.0,3150.0,3155.0,3125.0,209296.0
2021.09.01,3175.0,-10.0,3165.0,3190.0,3150.0,153118.0
2021.08.31,3185.0,35.0,3185.0,3195.0,3165.0,340822.0
2021.08.30,3150.0,-10.0,3190.0,3195.0,3150.0,164798.0
2021.08.27,3160.0,30.0,3130.0,3165.0,3110.0,647543.0
2021.08.26,3130.0,30.0,3130.0,3135.0,3120.0,215642.0
2021.08.25,3100.0,60.0,3100.0,3115.0,3085.0,205106.0
2021.08.24,3040.0,110.0,3020.0,3060.0,3015.0,342968.0
2021.08.23,2930.0,-20.0,2885.0,2935.0,2880.0,203932.0
2021.08.20,2950.0,-10.0,2940.0,2960.0,2935.0,235458.0
2021.08.19,2960.0,-125.0,2985.0,2985.0,2950.0,428625.0
2021.08.18,3085.0,0.0,3060.0,3085.0,3055.0,107424.0
2021.08.17,3085.0,-70.0,3110.0,3110.0,3085.0,216135.0
2021.08.13,3155.0,-20.0,3170.0,3170.0,3135.0,523061.0
2021.08.12,3175.0,20.0,3185.0,3195.0,3175.0,325201.0
2021.08.11,3155.0,55.0,3145.0,3155.0,3125.0,329350.0
2021.08.10,3100.0,30.0,3075.0,3100.0,3060.0,222362.0
2021.08.09,3070.0,-125.0,3090.0,3095.0,3065.0,364330.0
2021.08.06,3195.0,75.0,3165.0,3195.0,3165.0,173662.0
2021.08.05,3120.0,-115.0,3125.0,3145.0,3120.0,693980.0
2021.08.04,3235.0,-30.0,3235.0,3235.0,3210.0,242886.0
2021.08.03,3265.0,-80.0,3295.0,3295.0,3255.0,386071.0
2021.08.02,3345.0,10.0,3365.0,3370.0,3330.0,137062.0
2021.07.30,3335.0,10.0,3350.0,3355.0,3335.0,92973.0
2021.07.29,3325.0,25.0,3310.0,3335.0,3305.0,259943.0
2021.07.28,3300.0,5.0,3295.0,3305.0,3285.0,97845.0
2021.07.27,3295.0,40.0,3290.0,3310.0,3285.0,363320.0
2021.07.26,3255.0,-20.0,3310.0,3310.0,3250.0,246995.0
2021.07.23,3275.0,60.0,3275.0,3290.0,3265.0,542930.0
2021.07.22,3215.0,150.0,3210.0,3220.0,3200.0,716753.0
2021.07.21,3065.0,-10.0,3060.0,3075.0,3045.0,267349.0
2021.07.20,3075.0,-165.0,3060.0,3075.0,3040.0,1674026.0
2021.07.19,3240.0,-15.0,3250.0,3255.0,3215.0,496071.0
2021.07.16,3255.0,-20.0,3250.0,3275.0,3250.0,227239.0
2021.07.15,3275.0,-135.0,3310.0,3315.0,3270.0,598693.0
2021.07.14,3410.0,35.0,3400.0,3415.0,3395.0,415712.0
2021.07.13,3375.0,15.0,3365.0,3375.0,3355.0,118054.0
2021.07.12,3360.0,50.0,3380.0,3380.0,3360.0,155239.0
2021.07.09,3310.0,40.0,3310.0,3325.0,3290.0,210446.0
2021.07.08,3270.0,-70.0,3280.0,3285.0,3250.0,491136.0
2021.07.07,3340.0,-130.0,3390.0,3390.0,3315.0,460039.0
2021.07.06,3470.0,75.0,3445.0,3475.0,3445.0,557874.0
2021.07.05,3395.0,5.0,3400.0,3400.0,3375.0,536730.0
2021.07.02,3390.0,55.0,3390.0,3420.0,3390.0,1114897.0
2021.07.01,3335.0,5.0,3335.0,3345.0,3320.0,277703.0
2021.06.30,3330.0,30.0,3325.0,3335.0,3315.0,123006.0
2021.06.29,3300.0,-50.0,3300.0,3300.0,3280.0,292730.0
2021.06.28,3350.0,20.0,3355.0,3370.0,3340.0,376302.0
2021.06.25,3330.0,5.0,3315.0,3340.0,3315.0,484812.0
2021.06.24,3325.0,5.0,3320.0,3325.0,3305.0,303658.0
2021.06.23,3320.0,5.0,3300.0,3320.0,3295.0,180698.0
2021.06.22,3315.0,70.0,3305.0,3320.0,3295.0,362082.0
2021.06.21,3245.0,45.0,3235.0,3265.0,3235.0,594292.0
2021.06.18,3200.0,-40.0,3200.0,3210.0,3175.0,347225.0
2021.06.17,3240.0,-35.0,3230.0,3255.0,3220.0,249383.0
2021.06.16,3275.0,60.0,3275.0,3285.0,3265.0,391038.0
2021.06.15,3215.0,5.0,3205.0,3230.0,3195.0,199349.0
2021.06.14,3210.0,40.0,3205.0,3215.0,3190.0,176514.0
2021.06.11,3170.0,30.0,3165.0,3180.0,3145.0,188169.0
2021.06.10,3140.0,-45.0,3155.0,3160.0,3130.0,225820.0
2021.06.09,3185.0,70.0,3165.0,3195.0,3160.0,813916.0
2021.06.08,3115.0,-10.0,3130.0,3130.0,3100.0,973158.0
2021.06.07,3125.0,10.0,3145.0,3165.0,3115.0,236147.0
2021.06.04,3115.0,-5.0,3115.0,3120.0,3085.0,456787.0
2021.06.03,3120.0,55.0,3100.0,3135.0,3100.0,790636.0
2021.06.02,3065.0,0.0,3065.0,3090.0,3065.0,733528.0
2021.06.01,3065.0,40.0,3025.0,3065.0,3025.0,589492.0
2021.05.31,3025.0,5.0,3010.0,3025.0,3000.0,645691.0
2021.05.28,3020.0,40.0,3040.0,3045.0,3020.0,1175800.0
2021.05.27,2980.0,-10.0,2985.0,2995.0,2970.0,184954.0
2021.05.26,2990.0,0.0,2980.0,2995.0,2975.0,457686.0
2021.05.25,2990.0,85.0,2980.0,3000.0,2975.0,949303.0
2021.05.24,2905.0,80.0,2880.0,2910.0,2880.0,634860.0
2021.05.21,2825.0,-65.0,2820.0,2830.0,2805.0,583388.0
2021.05.20,2890.0,-115.0,2875.0,2890.0,2865.0,606792.0
2021.05.18,3005.0,55.0,3000.0,3015.0,2995.0,1016836.0
2021.05.17,2950.0,60.0,2965.0,2975.0,2945.0,716364.0
2021.05.14,2890.0,-60.0,2900.0,2900.0,2870.0,538573.0
2021.05.13,2950.0,-15.0,2975.0,2985.0,2950.0,631491.0
2021.05.12,2965.0,40.0,2965.0,2975.0,2945.0,246253.0
2021.05.11,2925.0,-45.0,2945.0,2945.0,2910.0,339006.0
2021.05.10,2970.0,20.0,2970.0,2980.0,2945.0,237302.0
2021.05.07,2950.0,-20.0,2945.0,2955.0,2925.0,128512.0
2021.05.06,2970.0,55.0,2940.0,2980.0,2935.0,848952.0
2021.05.04,2915.0,55.0,2920.0,2930.0,2905.0,275909.0
2021.05.03,2860.0,-60.0,2885.0,2895.0,2850.0,304696.0
2021.04.30,2920.0,20.0,2930.0,2930.0,2905.0,530534.0
2021.04.29,2900.0,45.0,2880.0,2910.0,2880.0,687495.0
2021.04.28,2855.0,25.0,2845.0,2860.0,2835.0,506856.0
2021.04.27,2830.0,40.0,2805.0,2835.0,2800.0,541199.0
2021.04.26,2790.0,-5.0,2805.0,2820.0,2780.0,462079.0
2021.04.23,2795.0,30.0,2795.0,2810.0,2785.0,315182.0
2021.04.22,2765.0,-55.0,2770.0,2775.0,2750.0,627590.0
2021.04.21,2820.0,-85.0,2825.0,2830.0,2805.0,358129.0
2021.04.20,2905.0,50.0,2880.0,2910.0,2870.0,472582.0
2021.04.19,2855.0,-30.0,2850.0,2865.0,2835.0,702477.0
2021.04.16,2885.0,25.0,2860.0,2895.0,2860.0,525847.0
2021.04.15,2860.0,95.0,2850.0,2865.0,2840.0,1420127.0
2021.04.14,2765.0,45.0,2740.0,2770.0,2740.0,638333.0
2021.04.13,2720.0,45.0,2705.0,2725.0,2705.0,355586.0
2021.04.12,2675.0,-25.0,2705.0,2705.0,2670.0,165158.0
2021.04.09,2700.0,10.0,2700.0,2715.0,2695.0,405665.0
2021.04.08,2690.0,-5.0,2705.0,2710.0,2685.0,217330.0
2021.04.07,2695.0,-5.0,2690.0,2710.0,2685.0,355988.0
2021.04.06,2700.0,-45.0,2675.0,2700.0,2660.0,1284337.0
2021.04.05,2745.0,10.0,2770.0,2780.0,2740.0,462289.0
2021.04.02,2735.0,15.0,2770.0,2770.0,2725.0,299879.0
2021.04.01,2720.0,-40.0,2705.0,2720.0,2685.0,590666.0
2021.03.31,2760.0,-25.0,2740.0,2765.0,2735.0,751110.0
2021.03.30,2785.0,80.0,2805.0,2810.0,2765.0,919389.0
2021.03.29,2705.0,15.0,2745.0,2775.0,2690.0,1461970.0
2021.03.26,2690.0,-25.0,2670.0,2690.0,2660.0,846831.0
2021.03.25,2715.0,75.0,2740.0,2755.0,2705.0,1211558.0
2021.03.24,2640.0,-115.0,2610.0,2640.0,2605.0,1327138.0
2021.03.23,2755.0,-15.0,2775.0,2775.0,2745.0,283310.0
2021.03.22,2770.0,65.0,2760.0,2780.0,2745.0,780650.0
2021.03.19,2705.0,-210.0,2720.0,2750.0,2690.0,2591916.0
2021.03.18,2915.0,-45.0,2930.0,2930.0,2900.0,474609.0
2021.03.17,2960.0,25.0,2935.0,2960.0,2925.0,275343.0
2021.03.16,2935.0,-55.0,2960.0,2965.0,2925.0,954540.0
2021.03.15,2990.0,20.0,2980.0,3005.0,2980.0,413003.0
2021.03.12,2970.0,25.0,2985.0,2985.0,2970.0,460761.0
2021.03.11,2945.0,85.0,2920.0,2950.0,2920.0,291021.0
2021.03.10,2860.0,-70.0,2885.0,2915.0,2860.0,601600.0
2021.03.09,2930.0,-100.0,2935.0,2970.0,2920.0,686791.0
2021.03.08,3030.0,125.0,3015.0,3060.0,3015.0,1372003.0
2021.03.05,2905.0,130.0,2890.0,2910.0,2875.0,1882268.0
2021.03.04,2775.0,70.0,2730.0,2790.0,2725.0,483800.0
2021.03.03,2705.0,-10.0,2675.0,2705.0,2670.0,694255.0
2021.03.02,2715.0,-115.0,2730.0,2735.0,2685.0,585291.0
2021.02.26,2830.0,-25.0,2860.0,2865.0,2820.0,570417.0
2021.02.25,2855.0,95.0,2865.0,2870.0,2845.0,823191.0
2021.02.24,2760.0,-60.0,2755.0,2770.0,2745.0,964397.0
2021.02.23,2820.0,115.0,2775.0,2840.0,2770.0,2013479.0
2021.02.22,2705.0,10.0,2685.0,2715.0,2685.0,492412.0
2021.02.19,2695.0,-85.0,2695.0,2700.0,2640.0,1706321.0
2021.02.18,2780.0,70.0,2780.0,2805.0,2775.0,962463.0
2021.02.17,2710.0,0.0,2710.0,2720.0,2685.0,647618.0
2021.02.16,2710.0,-25.0,2710.0,2720.0,2705.0,335353.0
2021.02.15,2735.0,105.0,2715.0,2745.0,2715.0,1103615.0
2021.02.10,2630.0,-10.0,2635.0,2635.0,2620.0,416389.0
2021.02.09,2640.0,55.0,2610.0,2640.0,2610.0,974026.0
2021.02.08,2585.0,35.0,2585.0,2595.0,2580.0,595555.0
2021.02.05,2550.0,25.0,2540.0,2560.0,2540.0,640253.0
2021.02.04,2525.0,55.0,2510.0,2535.0,2510.0,1319838.0
2021.02.03,2470.0,30.0,2475.0,2485.0,2470.0,886683.0
2021.02.02,2440.0,75.0,2415.0,2450.0,2410.0,1385098.0
2021.02.01,2365.0,15.0,2340.0,2370.0,2340.0,502004.0
2021.01.29,2350.0,-15.0,2360.0,2365.0,2345.0,716387.0
2021.01.28,2365.0,-20.0,2370.0,2380.0,2355.0,595402.0
2021.01.27,2385.0,20.0,2375.0,2390.0,2375.0,322595.0
2021.01.26,2365.0,10.0,2380.0,2385.0,2355.0,428860.0
2021.01.25,2355.0,-5.0,2360.0,2365.0,2350.0,443022.0
2021.01.22,2360.0,-40.0,2390.0,2400.0,2350.0,657282.0
2021.01.21,2400.0,-10.0,2385.0,2400.0,2385.0,304856.0
2021.01.20,2410.0,55.0,2395.0,2410.0,2390.0,765920.0
2021.01.19,2355.0,0.0,2360.0,2370.0,2355.0,813745.0
2021.01.18,2355.0,-45.0,2360.0,2360.0,2335.0,689876.0
2021.01.15,2400.0,10.0,2430.0,2435.0,2390.0,777780.0
2021.01.14,2390.0,-35.0,2385.0,2390.0,2380.0,1463951.0
2021.01.13,2425.0,60.0,2405.0,2435.0,2405.0,1413723.0
2021.01.12,2365.0,35.0,2345.0,2370.0,2345.0,1044049.0
2021.01.11,2330.0,20.0,2345.0,2360.0,2325.0,1786687.0
2021.01.08,2310.0,15.0,2300.0,2310.0,2295.0,1162776.0
2021.01.07,2295.0,40.0,2270.0,2305.0,2265.0,1128421.0
2021.01.06,2255.0,110.0,2245.0,2265.0,2240.0,2995492.0
2021.01.05,2145.0,-80.0,2135.0,2160.0,2135.0,903764.0
2021.01.04,2225.0,45.0,2175.0,2245.0,2175.0,1487213.0
2020.12.30,2180.0,10.0,2170.0,2185.0,2165.0,373993.0
2020.12.29,2170.0,5.0,2160.0,2175.0,2155.0,480185.0
2020.12.28,2165.0,-20.0,2170.0,2180.0,2160.0,529283.0
2020.12.24,2185.0,90.0,2170.0,2195.0,2165.0,1224558.0
2020.12.23,2095.0,-20.0,2115.0,2120.0,2085.0,900112.0
2020.12.22,2115.0,-55.0,2160.0,2165.0,2115.0,1544400.0
2020.12.21,2170.0,-15.0,2195.0,2195.0,2145.0,1476142.0
2020.12.18,2185.0,-10.0,2195.0,2200.0,2180.0,675206.0
2020.12.17,2195.0,45.0,2165.0,2200.0,2165.0,1347034.0
2020.12.16,2150.0,30.0,2155.0,2160.0,2150.0,779411.0
2020.12.15,2120.0,-10.0,2130.0,2135.0,2115.0,691497.0
2020.12.14,2130.0,5.0,2125.0,2130.0,2110.0,431227.0
2020.12.11,2125.0,55.0,2130.0,2145.0,2115.0,1894057.0
2020.12.10,2070.0,10.0,2070.0,2080.0,2065.0,605477.0
2020.12.09,2060.0,0.0,2065.0,2080.0,2060.0,859114.0
2020.12.08,2060.0,-25.0,2070.0,2075.0,2050.0,850271.0
2020.12.07,2085.0,0.0,2095.0,2095.0,2080.0,1453179.0
2020.12.04,2085.0,25.0,2060.0,2100.0,2060.0,2074972.0
2020.12.03,2060.0,30.0,2050.0,2065.0,2050.0,901442.0
2020.12.02,2030.0,-25.0,2035.0,2040.0,2020.0,380060.0
2020.12.01,2055.0,5.0,2075.0,2080.0,2055.0,516264.0
2020.11.30,2050.0,-10.0,2070.0,2080.0,2050.0,478117.0
2020.11.27,2060.0,-30.0,2075.0,2075.0,2055.0,792050.0
2020.11.26,2090.0,25.0,2085.0,2095.0,2080.0,1162816.0
2020.11.25,2065.0,50.0,2055.0,2090.0,2050.0,3177839.0
2020.11.24,2015.0,20.0,2000.0,2020.0,1990.0,1147441.0
2020.11.23,1995.0,25.0,1990.0,2005.0,1980.0,2859977.0
2020.11.20,1970.0,0.0,1970.0,1980.0,1965.0,737205.0
2020.11.19,1970.0,5.0,1975.0,1980.0,1960.0,1969815.0
2020.11.18,1965.0,-15.0,1970.0,1970.0,1955.0,954489.0
2020.11.17,1980.0,25.0,1970.0,1980.0,1960.0,925728.0
2020.11.16,1955.0,0.0,1945.0,1955.0,1940.0,1280097.0
2020.11.13,1955.0,-15.0,1955.0,1960.0,1940.0,1777755.0
2020.11.12,1970.0,-20.0,1990.0,2000.0,1970.0,1303956.0
2020.11.11,1990.0,65.0,1975.0,1995.0,1970.0,4190244.0
2020.11.10,1925.0,30.0,1935.0,1935.0,1915.0,2670941.0
2020.11.09,1895.0,30.0,1870.0,1900.0,1870.0,640341.0
2020.11.06,1865.0,-25.0,1890.0,1895.0,1850.0,997195.0
2020.11.05,1890.0,-10.0,1910.0,1915.0,1885.0,2338466.0
2020.11.04,1900.0,65.0,1890.0,1905.0,1870.0,2400150.0
2020.11.03,1835.0,90.0,1840.0,1850.0,1830.0,2881767.0
2020.11.02,1745.0,-20.0,1745.0,1765.0,1735.0,3148353.0
2020.10.30,1765.0,-80.0,1790.0,1805.0,1755.0,2465556.0
2020.10.29,1845.0,-40.0,1845.0,1850.0,1830.0,1980455.0
2020.10.28,1885.0,0.0,1885.0,1890.0,1875.0,314495.0
2020.10.27,1885.0,0.0,1875.0,1885.0,1870.0,1296023.0
2020.10.26,1885.0,-55.0,1895.0,1905.0,1880.0,1445667.0
2020.10.23,1940.0,10.0,1945.0,1955.0,1935.0,573923.0
2020.10.22,1930.0,-45.0,1925.0,1930.0,1915.0,1007164.0
2020.10.21,1975.0,10.0,1980.0,1985.0,1975.0,1094930.0
2020.10.20,1965.0,0.0,1960.0,1965.0,1950.0,1180994.0
2020.10.19,1965.0,10.0,1975.0,1980.0,1960.0,610365.0
2020.10.16,1955.0,-20.0,1970.0,1975.0,1955.0,502858.0
2020.10.15,1975.0,30.0,1980.0,1985.0,1970.0,2365061.0
2020.10.14,1945.0,-15.0,1955.0,1960.0,1945.0,620206.0
2020.10.13,1960.0,0.0,1950.0,1960.0,1935.0,495914.0
2020.10.12,1960.0,-5.0,1960.0,1965.0,1945.0,969395.0
2020.10.08,1965.0,0.0,1960.0,1965.0,1950.0,1757270.0
2020.10.07,1965.0,15.0,1950.0,1965.0,1945.0,1320447.0
2020.10.06,1950.0,55.0,1940.0,1950.0,1930.0,1553545.0
2020.10.05,1895.0,-75.0,1925.0,1930.0,1870.0,2917717.0
2020.09.29,1970.0,10.0,1980.0,1985.0,1970.0,855282.0
2020.09.28,1960.0,-20.0,1970.0,1970.0,1950.0,320719.0
2020.09.25,1980.0,35.0,1970.0,1990.0,1970.0,855135.0
2020.09.24,1945.0,10.0,1940.0,1955.0,1935.0,1048287.0
2020.09.23,1935.0,-10.0,1960.0,1965.0,1935.0,1031145.0
2020.09.22,1945.0,-60.0,1965.0,1965.0,1940.0,1146678.0
2020.09.21,2005.0,-20.0,2015.0,2025.0,2005.0,1098517.0
2020.09.18,2025.0,60.0,2010.0,2030.0,2005.0,2680813.0
2020.09.17,1965.0,-15.0,1995.0,2005.0,1965.0,3247506.0
2020.09.16,1980.0,60.0,1955.0,1980.0,1950.0,1646831.0
2020.09.15,1920.0,0.0,1920.0,1925.0,1910.0,770004.0
2020.09.14,1920.0,0.0,1920.0,1935.0,1920.0,1031261.0
2020.09.11,1920.0,-25.0,1925.0,1925.0,1915.0,1013157.0
2020.09.10,1945.0,50.0,1930.0,1945.0,1925.0,2221355.0
2020.09.09,1895.0,-95.0,1890.0,1905.0,1885.0,4358798.0
2020.09.08,1990.0,-5.0,1995.0,2000.0,1985.0,520133.0
2020.09.07,1995.0,-60.0,1985.0,2010.0,1980.0,1749451.0
2020.09.04,2055.0,-10.0,2050.0,2060.0,2040.0,2897218.0
2020.09.03,2065.0,-50.0,2070.0,2075.0,2055.0,3328004.0
2020.09.02,2115.0,25.0,2100.0,2115.0,2100.0,1752203.0
2020.09.01,2090.0,-20.0,2090.0,2095.0,2080.0,2233039.0
2020.08.31,2110.0,20.0,2095.0,2110.0,2095.0,1652215.0
2020.08.28,2090.0,-15.0,2085.0,2090.0,2075.0,2378769.0
2020.08.27,2105.0,5.0,2110.0,2110.0,2100.0,2063763.0
2020.08.26,2100.0,15.0,2110.0,2115.0,2100.0,1193390.0
2020.08.25,2085.0,10.0,2085.0,2090.0,2080.0,1741520.0
2020.08.24,2075.0,-5.0,2070.0,2075.0,2060.0,1301416.0
2020.08.21,2080.0,5.0,2085.0,2090.0,2080.0,1583384.0
2020.08.20,2075.0,-10.0,2080.0,2085.0,2065.0,3137619.0
2020.08.19,2085.0,10.0,2080.0,2090.0,2080.0,1216824.0
2020.08.18,2075.0,5.0,2080.0,2085.0,2075.0,5439600.0
2020.08.14,2070.0,0.0,2070.0,2075.0,2065.0,1326235.0
2020.08.13,2070.0,15.0,2075.0,2080.0,2065.0,2349743.0
2020.08.12,2055.0,-5.0,2045.0,2055.0,2040.0,1426858.0
2020.08.11,2060.0,10.0,2055.0,2070.0,2050.0,1675646.0
2020.08.10,2050.0,-10.0,2050.0,2055.0,2045.0,1484566.0
2020.08.07,2060.0,-20.0,2070.0,2075.0,2050.0,4336276.0
2020.08.06,2080.0,35.0,2065.0,2085.0,2060.0,3016304.0
2020.08.05,2045.0,35.0,2035.0,2045.0,2025.0,2454336.0
2020.08.04,2010.0,35.0,2005.0,2015.0,2000.0,1950580.0
2020.08.03,1975.0,-20.0,1995.0,2000.0,1970.0,2169603.0
2020.07.31,1995.0,-35.0,1995.0,1995.0,1975.0,4922602.0
2020.07.30,2030.0,0.0,2040.0,2045.0,2030.0,1377910.0
2020.07.29,2030.0,-15.0,2035.0,2040.0,2015.0,3727975.0
2020.07.28,2045.0,15.0,2055.0,2070.0,2040.0,1337996.0
2020.07.27,2030.0,5.0,2030.0,2045.0,2025.0,1008155.0
2020.07.24,2025.0,-45.0,2025.0,2040.0,2020.0,7231177.0
2020.07.23,2070.0,15.0,2055.0,2075.0,2055.0,2707892.0
2020.07.22,2055.0,30.0,2050.0,2060.0,2040.0,3372855.0
2020.07.21,2025.0,25.0,2010.0,2030.0,2010.0,4025306.0
2020.07.20,2000.0,-20.0,2015.0,2015.0,1990.0,1624844.0
2020.07.17,2020.0,0.0,2015.0,2025.0,2010.0,1606116.0
2020.07.16,2020.0,15.0,2030.0,2040.0,2015.0,7808316.0
2020.07.15,2005.0,45.0,2005.0,2015.0,2000.0,6830191.0
2020.07.14,1960.0,-30.0,1965.0,1970.0,1935.0,2672521.0
2020.07.13,1990.0,55.0,1985.0,2000.0,1980.0,3743368.0
2020.07.10,1935.0,-80.0,1960.0,1975.0,1925.0,7468255.0
2020.07.09,2015.0,20.0,2015.0,2025.0,2010.0,6627564.0
2020.07.08,1995.0,15.0,1990.0,2015.0,1990.0,4176151.0
2020.07.07,1980.0,-20.0,2000.0,2010.0,1975.0,3294692.0
2020.07.06,2000.0,10.0,2005.0,2005.0,1985.0,3930859.0
2020.07.03,1990.0,15.0,1990.0,2000.0,1980.0,4109488.0
2020.07.02,1975.0,25.0,1955.0,1980.0,1955.0,3433579.0
2020.07.01,1950.0,0.0,1955.0,1965.0,1945.0,3563698.0
2020.06.30,1950.0,65.0,1950.0,1955.0,1940.0,5631847.0
2020.06.29,1885.0,-50.0,1890.0,1905.0,1870.0,5026955.0
2020.06.26,1935.0,50.0,1935.0,1955.0,1925.0,3932644.0
2020.06.25,1885.0,-110.0,1895.0,1915.0,1870.0,11182670.0
2020.06.24,1995.0,0.0,1980.0,2000.0,1980.0,4100169.0
2020.06.23,1995.0,45.0,2010.0,2015.0,1965.0,9624910.0
2020.06.22,1950.0,0.0,1955.0,1975.0,1950.0,5035319.0
2020.06.19,1950.0,55.0,1940.0,1955.0,1930.0,6691400.0
2020.06.18,1895.0,-15.0,1880.0,1900.0,1870.0,3076867.0
2020.06.17,1910.0,25.0,1905.0,1910.0,1875.0,4982250.0
2020.06.16,1885.0,135.0,1870.0,1885.0,1845.0,8564587.0
2020.06.15,1750.0,-40.0,1795.0,1800.0,1750.0,8031487.0
2020.06.12,1790.0,-110.0,1765.0,1815.0,1745.0,18011998.0
2020.06.11,1900.0,-15.0,1925.0,1935.0,1895.0,12238523.0
2020.06.10,1915.0,-20.0,1925.0,1935.0,1905.0,6365730.0
2020.06.09,1935.0,-55.0,1935.0,1950.0,1915.0,10929698.0
2020.06.08,1990.0,85.0,2000.0,2015.0,1940.0,14455704.0
2020.06.05,1905.0,50.0,1885.0,1910.0,1880.0,8344108.0
2020.06.04,1855.0,-50.0,1875.0,1885.0,1850.0,6250011.0
2020.06.03,1905.0,90.0,1865.0,1915.0,1865.0,10656710.0
2020.06.02,1815.0,15.0,1805.0,1820.0,1800.0,6589332.0
2020.06.01,1800.0,85.0,1790.0,1810.0,1775.0,10833816.0
2020.05.29,1715.0,35.0,1725.0,1735.0,1710.0,6545608.0
2020.05.28,1680.0,-75.0,1675.0,1695.0,1655.0,9973298.0
2020.05.27,1755.0,-20.0,1775.0,1775.0,1750.0,5446181.0
2020.05.26,1775.0,35.0,1760.0,1780.0,1750.0,5980901.0
2020.05.25,1740.0,55.0,1720.0,1750.0,1700.0,8457335.0
2020.05.22,1685.0,-70.0,1760.0,1765.0,1630.0,16464864.0
2020.05.21,1755.0,70.0,1725.0,1770.0,1715.0,13220190.0
2020.05.20,1685.0,-10.0,1670.0,1695.0,1660.0,5727150.0
2020.05.19,1695.0,75.0,1700.0,1715.0,1655.0,16685890.0
2020.05.18,1620.0,70.0,1600.0,1625.0,1595.0,13347244.0
2020.05.15,1550.0,85.0,1530.0,1555.0,1510.0,10096525.0
2020.05.14,1465.0,-20.0,1475.0,1480.0,1455.0,7127634.0
2020.05.13,1485.0,-15.0,1480.0,1490.0,1465.0,8168090.0
2020.05.12,1500.0,-40.0,1520.0,1520.0,1490.0,6406927.0
2020.05.11,1540.0,10.0,1540.0,1555.0,1520.0,11836300.0
2020.05.08,1530.0,25.0,1495.0,1535.0,1490.0,7960786.0
2020.05.07,1505.0,-35.0,1500.0,1520.0,1490.0,12115395.0
2020.05.06,1540.0,155.0,1575.0,1590.0,1525.0,26998329.0
2020.05.04,1385.0,25.0,1380.0,1410.0,1355.0,15196386.0
2020.04.29,1360.0,5.0,1360.0,1395.0,1345.0,25627467.0
2020.04.28,1355.0,-30.0,1335.0,1385.0,1330.0,22869873.0
2020.04.27,1385.0,-45.0,1415.0,1425.0,1375.0,22770365.0
2020.04.24,1430.0,-75.0,1515.0,1525.0,1420.0,50131771.0
2020.04.23,1505.0,155.0,1475.0,1550.0,1430.0,96482489.0
2020.04.22,1350.0,-300.0,1510.0,1515.0,1280.0,75089005.0
2020.04.21,1650.0,-45.0,1635.0,1680.0,1630.0,18153702.0
2020.04.20,1695.0,-50.0,1705.0,1720.0,1655.0,20720846.0
2020.04.17,1745.0,-15.0,1755.0,1760.0,1735.0,18562386.0
2020.04.16,1760.0,-125.0,1755.0,1780.0,1740.0,25188278.0
2020.04.14,1885.0,65.0,1855.0,1890.0,1845.0,18324448.0
2020.04.13,1820.0,45.0,1795.0,1875.0,1795.0,21426875.0
2020.04.10,1775.0,-10.0,1730.0,1785.0,1720.0,14357773.0
2020.04.09,1785.0,-20.0,1865.0,1865.0,1770.0,17258966.0
2020.04.08,1805.0,-20.0,1755.0,1830.0,1755.0,15685163.0
2020.04.07,1825.0,0.0,1785.0,1850.0,1785.0,20965799.0
2020.04.06,1825.0,215.0,1660.0,1830.0,1635.0,40280908.0
2020.04.03,1610.0,40.0,1670.0,1675.0,1575.0,38486176.0
2020.04.02,1570.0,145.0,1480.0,1610.0,1455.0,24851669.0
2020.04.01,1425.0,-80.0,1445.0,1475.0,1410.0,21200746.0
2020.03.31,1505.0,45.0,1445.0,1535.0,1445.0,26916505.0
2020.03.30,1460.0,-160.0,1470.0,1470.0,1425.0,27811821.0
2020.03.27,1620.0,-60.0,1620.0,1630.0,1590.0,18418467.0
2020.03.26,1680.0,-80.0,1715.0,1725.0,1675.0,13798514.0
2020.03.25,1760.0,40.0,1740.0,1770.0,1720.0,11731666.0
2020.03.24,1720.0,120.0,1695.0,1735.0,1645.0,10241543.0
2020.03.23,1600.0,-295.0,1565.0,1610.0,1510.0,25367463.0
2020.03.20,1895.0,250.0,1835.0,1925.0,1810.0,10599185.0
2020.03.19,1645.0,-235.0,1725.0,1725.0,1535.0,20031356.0
2020.03.18,1880.0,-245.0,2000.0,2015.0,1870.0,12150924.0
2020.03.17,2125.0,-45.0,2075.0,2130.0,2055.0,3763739.0
2020.03.16,2170.0,-80.0,2200.0,2210.0,2155.0,4360373.0
2020.03.13,2250.0,30.0,2155.0,2280.0,2150.0,5988058.0
2020.03.12,2220.0,-215.0,2330.0,2345.0,2145.0,11367595.0
2020.03.11,2435.0,95.0,2375.0,2540.0,2375.0,7966642.0
2020.03.10,2340.0,110.0,2300.0,2355.0,2245.0,10640590.0
2020.03.09,2230.0,955.0,2765.0,2800.0,2230.0,17603837.0
2020.03.06,3185.0,-130.0,3230.0,3240.0,3165.0,1366188.0
2020.03.05,3315.0,-25.0,3300.0,3320.0,3290.0,510616.0
2020.03.04,3340.0,25.0,3290.0,3360.0,3280.0,405858.0
2020.03.03,3315.0,85.0,3340.0,3390.0,3310.0,1119226.0
2020.03.02,3230.0,135.0,3115.0,3235.0,3100.0,1116369.0
2020.02.28,3095.0,-255.0,3265.0,3275.0,3095.0,1488510.0
2020.02.27,3350.0,-135.0,3390.0,3390.0,3340.0,1656866.0
2020.02.26,3485.0,-115.0,3495.0,3515.0,3480.0,1574945.0
2020.02.25,3600.0,-35.0,3575.0,3605.0,3575.0,566905.0
2020.02.24,3635.0,-80.0,3630.0,3640.0,3605.0,765931.0
2020.02.21,3715.0,-30.0,3720.0,3750.0,3715.0,585633.0
2020.02.20,3745.0,80.0,3740.0,3765.0,3725.0,907076.0
2020.02.19,3665.0,50.0,3645.0,3680.0,3630.0,1488859.0
2020.02.18,3615.0,-35.0,3645.0,3645.0,3610.0,704876.0
2020.02.17,3650.0,45.0,3645.0,3650.0,3630.0,861596.0
2020.02.14,3605.0,20.0,3610.0,3615.0,3590.0,734668.0
2020.02.13,3585.0,45.0,3615.0,3615.0,3570.0,1169343.0
2020.02.12,3540.0,25.0,3520.0,3555.0,3515.0,717698.0
2020.02.11,3515.0,-15.0,3495.0,3520.0,3485.0,844047.0
2020.02.10,3530.0,-60.0,3500.0,3535.0,3490.0,941122.0
2020.02.07,3590.0,-60.0,3615.0,3615.0,3570.0,1126997.0
2020.02.06,3650.0,140.0,3595.0,3660.0,3575.0,1053285.0
2020.02.05,3510.0,-45.0,3495.0,3525.0,3480.0,1009151.0
2020.02.04,3555.0,-70.0,3520.0,3555.0,3495.0,1688141.0
2020.02.03,3625.0,-85.0,3595.0,3640.0,3550.0,928616.0
2020.01.31,3710.0,5.0,3705.0,3735.0,3695.0,292889.0
2020.01.30,3705.0,-90.0,3735.0,3735.0,3695.0,532984.0
2020.01.29,3795.0,70.0,3765.0,3805.0,3760.0,552935.0
2020.01.28,3725.0,-170.0,3715.0,3725.0,3695.0,908039.0
2020.01.23,3895.0,-170.0,3940.0,3940.0,3890.0,748411.0
2020.01.22,4065.0,-10.0,4075.0,4085.0,4060.0,72703.0
2020.01.21,4075.0,-75.0,4120.0,4125.0,4075.0,128098.0
2020.01.20,4150.0,45.0,4160.0,4160.0,4125.0,64687.0
2020.01.17,4105.0,25.0,4100.0,4115.0,4090.0,77534.0
2020.01.16,4080.0,5.0,4065.0,4085.0,4060.0,112613.0
2020.01.15,4075.0,0.0,4060.0,4080.0,4060.0,83592.0
2020.01.14,4075.0,-65.0,4080.0,4085.0,4060.0,214530.0
2020.01.13,4140.0,-15.0,4130.0,4140.0,4110.0,151456.0
2020.01.10,4155.0,-25.0,4170.0,4175.0,4145.0,148128.0
2020.01.09,4180.0,-235.0,4220.0,4220.0,4165.0,550119.0
2020.01.08,4415.0,50.0,4495.0,4570.0,4395.0,775160.0
2020.01.07,4365.0,-130.0,4405.0,4410.0,4350.0,512111.0
2020.01.06,4495.0,110.0,4470.0,4530.0,4455.0,620620.0
2020.01.03,4385.0,120.0,4270.0,4445.0,4255.0,197347.0
2020.01.02,4265.0,-40.0,4290.0,4290.0,4255.0,132537.0
2019.12.30,4305.0,0.0,4320.0,4320.0,4295.0,73602.0
2019.12.27,4305.0,40.0,4290.0,4305.0,4290.0,153531.0
2019.12.26,4265.0,45.0,4260.0,4275.0,4260.0,78396.0
2019.12.24,4220.0,30.0,4220.0,4230.0,4210.0,97644.0
2019.12.23,4190.0,-70.0,4205.0,4215.0,4190.0,109224.0
2019.12.20,4260.0,20.0,4250.0,4265.0,4250.0,119420.0
2019.12.19,4240.0,30.0,4230.0,4240.0,4230.0,62335.0
2019.12.18,4210.0,20.0,4215.0,4225.0,4210.0,132474.0
2019.12.17,4190.0,20.0,4180.0,4195.0,4180.0,118777.0
2019.12.16,4170.0,30.0,4155.0,4175.0,4155.0,124513.0
2019.12.13,4140.0,35.0,4145.0,4150.0,4140.0,93196.0
2019.12.12,4105.0,0.0,4100.0,4110.0,4095.0,54012.0
2019.12.11,4105.0,-10.0,4110.0,4115.0,4100.0,40324.0
2019.12.10,4115.0,5.0,4095.0,4115.0,4090.0,97519.0
2019.12.09,4110.0,45.0,4100.0,4115.0,4095.0,183379.0
2019.12.06,4065.0,15.0,4055.0,4075.0,4055.0,97249.0
2019.12.05,4050.0,100.0,4070.0,4075.0,4050.0,767349.0
2019.12.04,3950.0,20.0,3935.0,3950.0,3930.0,52572.0
2019.12.03,3930.0,5.0,3930.0,3930.0,3915.0,491356.0
2019.12.02,3925.0,-120.0,3915.0,3930.0,3900.0,434057.0
2019.11.29,4045.0,10.0,4040.0,4055.0,4040.0,123440.0
2019.11.28,4035.0,-25.0,4055.0,4055.0,4035.0,41930.0
2019.11.27,4060.0,15.0,4060.0,4070.0,4050.0,100903.0
2019.11.26,4045.0,0.0,4040.0,4050.0,4040.0,54709.0
2019.11.25,4045.0,-5.0,4050.0,4050.0,4025.0,119954.0
2019.11.22,4050.0,80.0,4060.0,4070.0,4045.0,574119.0
2019.11.21,3970.0,110.0,3965.0,3975.0,3955.0,378071.0
2019.11.20,3860.0,-120.0,3880.0,3885.0,3850.0,951860.0
2019.11.19,3980.0,-55.0,3995.0,3995.0,3970.0,90567.0
2019.11.18,4035.0,40.0,4040.0,4045.0,4030.0,103049.0
2019.11.15,3995.0,-15.0,4000.0,4000.0,3980.0,127500.0
2019.11.14,4010.0,55.0,3995.0,4030.0,3995.0,201365.0
2019.11.13,3955.0,-35.0,3965.0,3965.0,3945.0,58534.0
2019.11.12,3990.0,40.0,3945.0,3990.0,3940.0,52851.0
2019.11.11,3950.0,-5.0,3970.0,3985.0,3950.0,84581.0
2019.11.08,3955.0,20.0,3965.0,3980.0,3955.0,50685.0
2019.11.07,3935.0,-45.0,3940.0,3940.0,3920.0,50066.0
2019.11.06,3980.0,25.0,3975.0,3985.0,3965.0,152339.0
2019.11.05,3955.0,60.0,3945.0,3955.0,3930.0,307686.0
2019.11.04,3895.0,95.0,3920.0,3925.0,3895.0,286080.0
2019.11.01,3800.0,-50.0,3800.0,3810.0,3785.0,136552.0
2019.10.31,3850.0,0.0,3840.0,3860.0,3830.0,62362.0
2019.10.30,3850.0,-35.0,3875.0,3880.0,3850.0,173632.0
2019.10.29,3885.0,-70.0,3900.0,3905.0,3880.0,128905.0
2019.10.28,3955.0,45.0,3960.0,3965.0,3940.0,292713.0
2019.10.25,3910.0,15.0,3910.0,3920.0,3900.0,213143.0
2019.10.24,3895.0,115.0,3885.0,3895.0,3870.0,925385.0
2019.10.23,3780.0,45.0,3780.0,3790.0,3775.0,253157.0
2019.10.22,3735.0,-35.0,3765.0,3765.0,3730.0,241897.0
2019.10.21,3770.0,0.0,3750.0,3770.0,3750.0,65627.0
2019.10.18,3770.0,60.0,3770.0,3785.0,3760.0,257583.0
2019.10.17,3710.0,-5.0,3715.0,3720.0,3705.0,60427.0
2019.10.16,3715.0,-15.0,3720.0,3725.0,3700.0,166540.0
2019.10.15,3730.0,-70.0,3760.0,3760.0,3720.0,243624.0
2019.10.14,3800.0,-20.0,3835.0,3845.0,3800.0,373730.0
2019.10.11,3820.0,140.0,3770.0,3820.0,3760.0,262163.0
2019.10.10,3680.0,-50.0,3680.0,3690.0,3655.0,290974.0
2019.10.08,3730.0,25.0,3710.0,3730.0,3705.0,229694.0
2019.10.07,3705.0,15.0,3685.0,3705.0,3680.0,213579.0
2019.10.04,3690.0,-115.0,3690.0,3695.0,3675.0,602517.0
2019.10.02,3805.0,0.0,3795.0,3815.0,3780.0,144031.0
2019.10.01,3805.0,-100.0,3810.0,3820.0,3795.0,488041.0
2019.09.30,3905.0,-15.0,3925.0,3930.0,3895.0,50144.0
2019.09.27,3920.0,-20.0,3940.0,3945.0,3920.0,110934.0
2019.09.26,3940.0,-30.0,3970.0,3970.0,3925.0,111521.0
2019.09.25,3970.0,-100.0,3980.0,3985.0,3960.0,150192.0
2019.09.24,4070.0,-40.0,4075.0,4090.0,4070.0,89388.0
2019.09.23,4110.0,5.0,4100.0,4110.0,4095.0,63753.0
2019.09.20,4105.0,30.0,4105.0,4110.0,4090.0,118228.0
2019.09.19,4075.0,-45.0,4060.0,4075.0,4050.0,177820.0
2019.09.18,4120.0,-250.0,4120.0,4120.0,4090.0,321208.0
2019.09.17,4370.0,185.0,4325.0,4380.0,4310.0,619141.0
2019.09.16,4185.0,145.0,4340.0,4350.0,4150.0,1110237.0
2019.09.11,4040.0,-15.0,4055.0,4055.0,4025.0,71652.0
2019.09.10,4055.0,65.0,4060.0,4085.0,4045.0,215618.0
2019.09.09,3990.0,55.0,3965.0,4005.0,3965.0,93940.0
2019.09.06,3935.0,15.0,3935.0,3945.0,3920.0,71588.0
2019.09.05,3920.0,115.0,3905.0,3960.0,3900.0,525839.0
2019.09.04,3805.0,-35.0,3775.0,3805.0,3770.0,258451.0
2019.09.03,3840.0,-20.0,3835.0,3845.0,3825.0,145213.0
2019.09.02,3860.0,-65.0,3850.0,3865.0,3840.0,84556.0
2019.08.30,3925.0,40.0,3945.0,3970.0,3925.0,510223.0
2019.08.29,3885.0,-5.0,3905.0,3910.0,3875.0,150675.0
2019.08.28,3890.0,115.0,3875.0,3895.0,3875.0,309147.0
2019.08.27,3775.0,10.0,3765.0,3785.0,3760.0,199070.0
2019.08.26,3765.0,-125.0,3735.0,3765.0,3725.0,234426.0
2019.08.23,3890.0,10.0,3870.0,3895.0,3870.0,41079.0
2019.08.22,3880.0,-65.0,3910.0,3935.0,3880.0,44783.0
2019.08.21,3945.0,-5.0,3945.0,3945.0,3925.0,99418.0
2019.08.20,3950.0,65.0,3905.0,3950.0,3905.0,114097.0
2019.08.19,3885.0,25.0,3875.0,3885.0,3855.0,87352.0
2019.08.16,3860.0,-90.0,3835.0,3870.0,3825.0,116629.0
2019.08.14,3950.0,130.0,3960.0,3975.0,3935.0,425624.0
2019.08.13,3820.0,30.0,3815.0,3835.0,3815.0,226386.0
2019.08.12,3790.0,100.0,3765.0,3795.0,3765.0,265137.0
2019.08.09,3690.0,5.0,3720.0,3720.0,3675.0,153655.0
2019.08.08,3685.0,-60.0,3670.0,3695.0,3655.0,257221.0
2019.08.07,3745.0,-120.0,3785.0,3790.0,3735.0,297734.0
2019.08.06,3865.0,25.0,3770.0,3870.0,3765.0,144960.0
2019.08.05,3840.0,-5.0,3860.0,3880.0,3840.0,193678.0
2019.08.02,3845.0,-200.0,3830.0,3865.0,3800.0,479863.0
2019.08.01,4045.0,-40.0,4030.0,4050.0,4020.0,111206.0
2019.07.31,4085.0,80.0,4060.0,4095.0,4060.0,316508.0
2019.07.30,4005.0,90.0,3985.0,4005.0,3985.0,229505.0
2019.07.29,3915.0,-25.0,3935.0,3935.0,3915.0,60399.0
2019.07.26,3940.0,15.0,3940.0,3940.0,3905.0,115634.0
2019.07.25,3925.0,-65.0,3905.0,3925.0,3905.0,142811.0
2019.07.24,3990.0,35.0,3980.0,3995.0,3980.0,96082.0
2019.07.23,3955.0,10.0,3945.0,3955.0,3925.0,59449.0
2019.07.22,3945.0,30.0,3950.0,3950.0,3910.0,92154.0
2019.07.19,3915.0,-65.0,3910.0,3945.0,3900.0,215750.0
2019.07.18,3980.0,-70.0,3960.0,3985.0,3960.0,65461.0
2019.07.17,4050.0,-110.0,4045.0,4050.0,4030.0,106947.0
2019.07.16,4160.0,-35.0,4170.0,4180.0,4155.0,75608.0
2019.07.15,4195.0,-45.0,4205.0,4220.0,4190.0,35258.0
2019.07.12,4240.0,-15.0,4230.0,4240.0,4220.0,65169.0
2019.07.11,4255.0,145.0,4215.0,4255.0,4215.0,264208.0
2019.07.10,4110.0,80.0,4090.0,4110.0,4090.0,114308.0
2019.07.09,4030.0,0.0,4030.0,4030.0,4005.0,68712.0
2019.07.08,4030.0,65.0,4010.0,4035.0,4010.0,113670.0
2019.07.05,3965.0,-15.0,3995.0,3995.0,3955.0,12887.0
2019.07.04,3980.0,20.0,4020.0,4035.0,3980.0,133206.0
2019.07.03,3960.0,-200.0,3995.0,3995.0,3945.0,242574.0
2019.07.02,4160.0,-55.0,4130.0,4160.0,4100.0,98548.0
2019.07.01,4215.0,80.0,4160.0,4215.0,4155.0,345613.0
2019.06.28,4135.0,-5.0,4145.0,4165.0,4125.0,137677.0
2019.06.27,4140.0,10.0,4130.0,4145.0,4115.0,155325.0
2019.06.26,4130.0,80.0,4110.0,4140.0,4110.0,216578.0
2019.06.25,4050.0,-20.0,4065.0,4070.0,4005.0,159289.0
2019.06.24,4070.0,80.0,4035.0,4075.0,4035.0,302777.0
2019.06.21,3990.0,105.0,4020.0,4040.0,3980.0,530490.0
2019.06.20,3885.0,65.0,3825.0,3885.0,3825.0,214303.0
2019.06.19,3820.0,170.0,3795.0,3830.0,3795.0,492592.0
2019.06.18,3650.0,-60.0,3680.0,3680.0,3650.0,158063.0
2019.06.17,3710.0,5.0,3720.0,3725.0,3700.0,120718.0
2019.06.14,3705.0,50.0,3675.0,3725.0,3655.0,355671.0
2019.06.13,3655.0,-40.0,3620.0,3655.0,3595.0,318151.0
2019.06.12,3695.0,-105.0,3750.0,3750.0,3685.0,449982.0
2019.06.11,3800.0,-20.0,3775.0,3800.0,3765.0,102956.0
2019.06.10,3820.0,70.0,3820.0,3840.0,3805.0,176973.0
2019.06.07,3750.0,15.0,3735.0,3755.0,3730.0,370019.0
2019.06.05,3735.0,-5.0,3745.0,3760.0,3730.0,213500.0
2019.06.04,3740.0,-15.0,3750.0,3760.0,3730.0,193914.0
2019.06.03,3755.0,-205.0,3735.0,3755.0,3710.0,444616.0
2019.05.31,3960.0,-210.0,4090.0,4170.0,3930.0,168664.0
2019.05.30,4170.0,50.0,4145.0,4170.0,4145.0,62588.0
2019.05.29,4120.0,-50.0,4150.0,4160.0,4115.0,43609.0
2019.05.28,4170.0,40.0,4180.0,4190.0,4150.0,38247.0
2019.05.27,4130.0,5.0,4150.0,4150.0,4105.0,80232.0
2019.05.24,4125.0,-160.0,4165.0,4190.0,4100.0,113262.0
2019.05.23,4285.0,-120.0,4305.0,4340.0,4280.0,51096.0
2019.05.22,4405.0,-75.0,4440.0,4445.0,4405.0,46257.0
2019.05.21,4480.0,-15.0,4485.0,4485.0,4465.0,48550.0
2019.05.20,4495.0,40.0,4475.0,4505.0,4465.0,679105.0
2019.05.17,4455.0,35.0,4495.0,4495.0,4445.0,108351.0
2019.05.16,4420.0,90.0,4385.0,4425.0,4385.0,101786.0
2019.05.15,4330.0,10.0,4320.0,4350.0,4310.0,19604.0
2019.05.14,4320.0,-45.0,4280.0,4330.0,4280.0,80300.0
2019.05.13,4365.0,-25.0,4390.0,4390.0,4320.0,67797.0
2019.05.10,4390.0,40.0,4360.0,4400.0,4340.0,207110.0
2019.05.09,4350.0,-25.0,4375.0,4385.0,4335.0,176140.0
2019.05.08,4375.0,-25.0,4335.0,4375.0,4330.0,99204.0
2019.05.07,4400.0,45.0,4355.0,4405.0,4355.0,146054.0
2019.05.03,4355.0,-110.0,4370.0,4375.0,4340.0,107636.0
2019.05.02,4465.0,-5.0,4470.0,4490.0,4465.0,50770.0
2019.04.30,4470.0,35.0,4450.0,4480.0,4450.0,89721.0
2019.04.29,4435.0,-150.0,4470.0,4470.0,4425.0,154244.0
2019.04.26,4585.0,-70.0,4620.0,4620.0,4560.0,41596.0
2019.04.25,4655.0,-5.0,4645.0,4655.0,4615.0,82300.0
2019.04.24,4660.0,-5.0,4670.0,4670.0,4645.0,121728.0
2019.04.23,4665.0,45.0,4670.0,4670.0,4635.0,261496.0
2019.04.22,4620.0,105.0,4535.0,4660.0,4535.0,170562.0
2019.04.19,4515.0,0.0,4515.0,4575.0,4510.0,52288.0
2019.04.18,4515.0,-50.0,4550.0,4550.0,4495.0,69972.0
2019.04.17,4565.0,95.0,4525.0,4565.0,4525.0,98897.0
2019.04.16,4470.0,-30.0,4475.0,4490.0,4460.0,197262.0
2019.04.15,4500.0,-15.0,4510.0,4510.0,4485.0,58328.0
2019.04.12,4515.0,-15.0,4595.0,4600.0,4490.0,70511.0
2019.04.11,4530.0,5.0,4560.0,4560.0,4530.0,30628.0
2019.04.10,4525.0,-10.0,4525.0,4530.0,4510.0,136706.0
2019.04.09,4535.0,60.0,4525.0,4560.0,4525.0,174547.0
2019.04.08,4475.0,95.0,4475.0,4490.0,4465.0,141706.0
2019.04.05,4380.0,-20.0,4360.0,4390.0,4360.0,127144.0
2019.04.04,4400.0,-30.0,4410.0,4415.0,4395.0,135132.0
2019.04.03,4430.0,60.0,4395.0,4435.0,4395.0,150917.0
2019.04.02,4370.0,45.0,4365.0,4395.0,4365.0,88304.0
2019.04.01,4325.0,50.0,4305.0,4335.0,4305.0,59476.0
2019.03.29,4275.0,25.0,4250.0,4285.0,4250.0,31765.0
2019.03.28,4250.0,-30.0,4270.0,4270.0,4235.0,180411.0
2019.03.27,4280.0,20.0,4285.0,4290.0,4265.0,123988.0
2019.03.26,4260.0,40.0,4240.0,4270.0,4240.0,100438.0
2019.03.25,4220.0,-95.0,4260.0,4265.0,4210.0,138381.0
2019.03.22,4315.0,-15.0,4310.0,4320.0,4295.0,308277.0
2019.03.21,4330.0,35.0,4320.0,4355.0,4315.0,253233.0
2019.03.20,4295.0,10.0,4285.0,4295.0,4275.0,175456.0
2019.03.19,4285.0,15.0,4290.0,4300.0,4280.0,252350.0
2019.03.18,4270.0,-5.0,4275.0,4275.0,4250.0,474150.0
2019.03.15,4275.0,5.0,4270.0,4285.0,4265.0,53269.0
2019.03.14,4270.0,50.0,4285.0,4285.0,4250.0,210580.0
2019.03.13,4220.0,25.0,4200.0,4220.0,4195.0,22549.0
2019.03.12,4195.0,25.0,4200.0,4215.0,4195.0,85150.0
2019.03.11,4170.0,10.0,4125.0,4170.0,4125.0,37677.0
2019.03.08,4160.0,-20.0,4175.0,4175.0,4150.0,56248.0
2019.03.07,4180.0,5.0,4170.0,4200.0,4170.0,52146.0
2019.03.06,4175.0,5.0,4170.0,4175.0,4155.0,80306.0
2019.03.05,4170.0,10.0,4175.0,4190.0,4165.0,52252.0
2019.03.04,4160.0,-30.0,4170.0,4175.0,4135.0,39232.0
2019.02.28,4190.0,35.0,4205.0,4215.0,4190.0,134411.0
2019.02.27,4155.0,70.0,4140.0,4175.0,4140.0,81372.0
2019.02.26,4085.0,-140.0,4160.0,4160.0,4085.0,419996.0
2019.02.25,4225.0,5.0,4240.0,4255.0,4220.0,113910.0
2019.02.22,4220.0,5.0,4205.0,4220.0,4200.0,90589.0
2019.02.21,4215.0,25.0,4220.0,4235.0,4205.0,38654.0
2019.02.20,4190.0,-5.0,4195.0,4210.0,4175.0,213294.0
2019.02.19,4195.0,10.0,4185.0,4195.0,4175.0,79826.0
2019.02.18,4185.0,90.0,4180.0,4200.0,4170.0,294799.0
2019.02.15,4095.0,20.0,4080.0,4115.0,4080.0,148802.0
2019.02.14,4075.0,50.0,4045.0,4080.0,4045.0,243095.0
2019.02.13,4025.0,65.0,4000.0,4025.0,4000.0,181580.0
2019.02.12,3960.0,25.0,3930.0,3975.0,3930.0,114256.0
2019.02.11,3935.0,10.0,3940.0,3940.0,3910.0,248469.0
2019.02.08,3925.0,-100.0,3965.0,3965.0,3925.0,190015.0
2019.02.07,4025.0,75.0,4000.0,4030.0,3995.0,331577.0
2019.02.01,3950.0,-35.0,3945.0,3960.0,3925.0,106475.0
2019.01.31,3985.0,35.0,3975.0,3985.0,3960.0,90907.0
2019.01.30,3950.0,75.0,3920.0,3950.0,3910.0,193296.0
2019.01.29,3875.0,-40.0,3860.0,3880.0,3830.0,218387.0
2019.01.28,3915.0,-55.0,3950.0,3960.0,3915.0,191908.0
2019.01.25,3970.0,70.0,3900.0,3975.0,3900.0,211933.0
2019.01.24,3900.0,-60.0,3920.0,3920.0,3890.0,129013.0
2019.01.23,3960.0,40.0,3915.0,3960.0,3905.0,83005.0
2019.01.22,3920.0,-50.0,3970.0,3975.0,3915.0,238296.0
2019.01.21,3970.0,40.0,3940.0,3980.0,3930.0,180234.0
2019.01.18,3930.0,45.0,3880.0,3930.0,3880.0,194740.0
2019.01.17,3885.0,0.0,3885.0,3900.0,3880.0,67131.0
2019.01.16,3885.0,45.0,3865.0,3885.0,3855.0,153811.0
2019.01.15,3840.0,10.0,3780.0,3840.0,3780.0,149671.0
2019.01.14,3830.0,-95.0,3870.0,3890.0,3825.0,182038.0
2019.01.11,3925.0,45.0,3905.0,3940.0,3900.0,475129.0
2019.01.10,3880.0,70.0,3920.0,3920.0,3875.0,509311.0
2019.01.09,3810.0,135.0,3755.0,3815.0,3755.0,406656.0
2019.01.08,3675.0,-15.0,3700.0,3720.0,3675.0,222299.0
2019.01.07,3690.0,100.0,3655.0,3690.0,3655.0,412347.0
2019.01.04,3590.0,120.0,3560.0,3600.0,3545.0,433209.0
2019.01.03,3470.0,65.0,3475.0,3510.0,3455.0,433040.0
2019.01.02,3405.0,-85.0,3490.0,3500.0,3400.0,635373.0
2018.12.28,3490.0,-5.0,3450.0,3515.0,3445.0,310397.0
2018.12.27,3495.0,240.0,3490.0,3540.0,3480.0,1297746.0
2018.12.26,3255.0,-225.0,3290.0,3305.0,3235.0,2121223.0
2018.12.24,3480.0,-30.0,3475.0,3515.0,3450.0,507527.0
2018.12.21,3510.0,-65.0,3540.0,3555.0,3505.0,372522.0
2018.12.20,3575.0,10.0,3590.0,3600.0,3570.0,272500.0
2018.12.19,3565.0,-185.0,3565.0,3570.0,3525.0,982835.0
2018.12.18,3750.0,-170.0,3780.0,3790.0,3730.0,677042.0
2018.12.17,3920.0,-55.0,3915.0,3935.0,3910.0,122837.0
2018.12.14,3975.0,50.0,4020.0,4025.0,3975.0,349556.0
2018.12.13,3925.0,-65.0,3940.0,3940.0,3910.0,169327.0
2018.12.12,3990.0,90.0,3960.0,3990.0,3955.0,60785.0
2018.12.11,3900.0,-110.0,3890.0,3915.0,3885.0,174502.0
2018.12.10,4010.0,105.0,4005.0,4020.0,3975.0,207782.0
2018.12.07,3905.0,-85.0,3945.0,3950.0,3900.0,436485.0
2018.12.06,3990.0,-25.0,4000.0,4020.0,3980.0,306821.0
2018.12.05,4015.0,-70.0,4040.0,4040.0,3990.0,300357.0
2018.12.04,4085.0,-10.0,4090.0,4110.0,4060.0,342017.0
2018.12.03,4095.0,170.0,3980.0,4100.0,3975.0,595217.0
2018.11.30,3925.0,70.0,3915.0,3955.0,3905.0,410386.0
2018.11.29,3855.0,-135.0,3870.0,3900.0,3850.0,547200.0
2018.11.28,3990.0,65.0,3965.0,3990.0,3955.0,140873.0
2018.11.27,3925.0,15.0,3940.0,3950.0,3905.0,218838.0
2018.11.26,3910.0,-150.0,3875.0,3910.0,3845.0,664943.0
2018.11.23,4060.0,-105.0,4130.0,4135.0,4040.0,631615.0
2018.11.22,4165.0,15.0,4185.0,4185.0,4140.0,224451.0
2018.11.21,4150.0,-200.0,4100.0,4175.0,4085.0,460921.0
2018.11.20,4350.0,-30.0,4390.0,4390.0,4340.0,69755.0
2018.11.19,4380.0,5.0,4385.0,4390.0,4360.0,154908.0
2018.11.16,4375.0,55.0,4340.0,4380.0,4330.0,138124.0
2018.11.15,4320.0,65.0,4290.0,4325.0,4285.0,191590.0
2018.11.14,4255.0,-295.0,4290.0,4290.0,4235.0,449370.0
2018.11.13,4550.0,-145.0,4540.0,4555.0,4510.0,295355.0
2018.11.12,4695.0,20.0,4680.0,4695.0,4660.0,200809.0
2018.11.09,4675.0,-75.0,4675.0,4675.0,4630.0,266501.0
2018.11.08,4750.0,5.0,4725.0,4750.0,4725.0,80222.0
2018.11.07,4745.0,-80.0,4735.0,4755.0,4725.0,73704.0
2018.11.06,4825.0,0.0,4825.0,4835.0,4800.0,91466.0
2018.11.05,4825.0,-75.0,4835.0,4835.0,4800.0,66625.0
2018.11.02,4900.0,-90.0,4885.0,4905.0,4850.0,269839.0
2018.11.01,4990.0,-115.0,5070.0,5070.0,4975.0,101496.0
2018.10.31,5105.0,-50.0,5105.0,5110.0,5085.0,31209.0
2018.10.30,5155.0,5.0,5100.0,5160.0,5095.0,75601.0
2018.10.29,5150.0,50.0,5175.0,5215.0,5145.0,141466.0
2018.10.26,5100.0,15.0,5115.0,5125.0,5095.0,97241.0
2018.10.25,5085.0,-30.0,5080.0,5100.0,5065.0,59538.0
2018.10.24,5115.0,-180.0,5105.0,5120.0,5085.0,139964.0
2018.10.23,5295.0,-40.0,5330.0,5335.0,5285.0,53487.0
2018.10.22,5335.0,60.0,5305.0,5335.0,5300.0,37628.0
2018.10.19,5275.0,-80.0,5290.0,5305.0,5270.0,196539.0
2018.10.18,5355.0,-165.0,5365.0,5365.0,5340.0,87691.0
2018.10.17,5520.0,30.0,5540.0,5540.0,5500.0,51187.0
2018.10.16,5490.0,-5.0,5520.0,5535.0,5480.0,45904.0
2018.10.15,5495.0,-15.0,5545.0,5545.0,5495.0,39129.0
2018.10.12,5510.0,-10.0,5455.0,5510.0,5415.0,50131.0
2018.10.11,5520.0,-225.0,5585.0,5585.0,5500.0,68416.0
2018.10.10,5745.0,85.0,5715.0,5745.0,5695.0,291496.0
2018.10.08,5660.0,-95.0,5685.0,5690.0,5650.0,71685.0
2018.10.05,5755.0,-65.0,5750.0,5755.0,5715.0,228960.0
2018.10.04,5820.0,30.0,5820.0,5845.0,5820.0,268798.0
2018.10.02,5790.0,160.0,5765.0,5790.0,5760.0,290783.0
2018.10.01,5630.0,95.0,5615.0,5645.0,5615.0,176159.0
2018.09.28,5535.0,0.0,5515.0,5535.0,5515.0,90334.0
2018.09.27,5535.0,150.0,5500.0,5550.0,5500.0,257179.0
2018.09.21,5385.0,-75.0,5390.0,5390.0,5370.0,89981.0
2018.09.20,5460.0,115.0,5435.0,5460.0,5425.0,274958.0
2018.09.19,5345.0,105.0,5320.0,5345.0,5310.0,105343.0
2018.09.18,5240.0,-40.0,5250.0,5255.0,5235.0,12715.0
2018.09.17,5280.0,15.0,5245.0,5280.0,5245.0,42414.0
2018.09.14,5265.0,-70.0,5250.0,5270.0,5250.0,23899.0
2018.09.13,5335.0,-5.0,5350.0,5360.0,5325.0,63214.0
2018.09.12,5340.0,150.0,5320.0,5345.0,5315.0,168047.0
2018.09.11,5190.0,-35.0,5195.0,5195.0,5160.0,36823.0
2018.09.10,5225.0,25.0,5220.0,5225.0,5195.0,68236.0
2018.09.07,5200.0,-35.0,5185.0,5200.0,5180.0,17488.0
2018.09.06,5235.0,-50.0,5250.0,5250.0,5220.0,52762.0
2018.09.05,5285.0,-75.0,5380.0,5380.0,5285.0,30749.0
2018.09.04,5360.0,45.0,5350.0,5360.0,5335.0,109676.0
2018.09.03,5315.0,-50.0,5365.0,5365.0,5310.0,53570.0
2018.08.31,5365.0,45.0,5350.0,5370.0,5340.0,122326.0
2018.08.30,5320.0,90.0,5310.0,5325.0,5305.0,178206.0
2018.08.29,5230.0,-10.0,5255.0,5260.0,5220.0,92290.0
2018.08.28,5240.0,10.0,5260.0,5275.0,5240.0,76465.0
2018.08.27,5230.0,-5.0,5250.0,5250.0,5230.0,59739.0
2018.08.24,5235.0,45.0,5190.0,5235.0,5170.0,100829.0
2018.08.23,5190.0,150.0,5180.0,5200.0,5175.0,100853.0
2018.08.22,5040.0,35.0,5035.0,5055.0,5035.0,24632.0
2018.08.21,5005.0,15.0,5000.0,5025.0,5000.0,37933.0
2018.08.20,4990.0,30.0,4980.0,4990.0,4960.0,20311.0
2018.08.17,4960.0,15.0,4970.0,4970.0,4945.0,47951.0
2018.08.16,4945.0,-165.0,4975.0,4975.0,4895.0,82432.0
2018.08.14,5110.0,5.0,5100.0,5110.0,5090.0,111387.0
2018.08.13,5105.0,50.0,5115.0,5120.0,5090.0,76259.0
2018.08.10,5055.0,-30.0,5070.0,5070.0,5040.0,33943.0
2018.08.09,5085.0,-125.0,5080.0,5090.0,5050.0,48937.0
2018.08.08,5210.0,-10.0,5225.0,5235.0,5210.0,47957.0
2018.08.07,5220.0,30.0,5200.0,5220.0,5185.0,13561.0
2018.08.06,5190.0,10.0,5175.0,5190.0,5165.0,12061.0
2018.08.03,5180.0,70.0,5175.0,5200.0,5170.0,35962.0
2018.08.02,5110.0,-30.0,5100.0,5125.0,5085.0,28873.0
2018.08.01,5140.0,-100.0,5160.0,5160.0,5135.0,26060.0
2018.07.31,5240.0,55.0,5265.0,5280.0,5240.0,120502.0
2018.07.30,5185.0,-45.0,5175.0,5190.0,5170.0,51127.0
2018.07.27,5230.0,10.0,5240.0,5245.0,5220.0,10302.0
2018.07.26,5220.0,50.0,5215.0,5240.0,5215.0,38687.0
2018.07.25,5170.0,80.0,5160.0,5250.0,5160.0,218557.0
2018.07.24,5090.0,-25.0,5085.0,5120.0,5085.0,31488.0
2018.07.23,5115.0,-20.0,5120.0,5125.0,5115.0,23126.0
2018.07.20,5135.0,50.0,5150.0,5150.0,5100.0,41607.0
2018.07.19,5085.0,60.0,5090.0,5110.0,5085.0,38410.0
2018.07.18,5025.0,-20.0,5050.0,5065.0,5025.0,29488.0
2018.07.17,5045.0,-175.0,5000.0,5100.0,5000.0,63041.0
2018.07.16,5220.0,10.0,5220.0,5245.0,5220.0,28868.0
2018.07.13,5210.0,-25.0,5205.0,5225.0,5195.0,59866.0
2018.07.12,5235.0,-180.0,5215.0,5235.0,5185.0,119223.0
2018.07.11,5415.0,-35.0,5435.0,5445.0,5375.0,321088.0
2018.07.10,5450.0,50.0,5420.0,5460.0,5415.0,181643.0
2018.07.09,5400.0,50.0,5380.0,5410.0,5375.0,107767.0
2018.07.06,5350.0,-15.0,5340.0,5350.0,5290.0,144549.0
2018.07.05,5365.0,-60.0,5425.0,5425.0,5355.0,103577.0
2018.07.04,5425.0,-30.0,5425.0,5450.0,5400.0,128624.0
2018.07.03,5455.0,100.0,5385.0,5455.0,5385.0,344467.0
2018.07.02,5355.0,15.0,5350.0,5365.0,5330.0,560888.0
2018.06.29,5340.0,50.0,5345.0,5355.0,5320.0,427324.0
2018.06.28,5290.0,115.0,5255.0,5305.0,5250.0,637007.0
2018.06.27,5175.0,190.0,5150.0,5175.0,5140.0,356579.0
2018.06.26,4985.0,-10.0,4960.0,4990.0,4960.0,71376.0
2018.06.25,4995.0,155.0,5015.0,5020.0,4975.0,174498.0
2018.06.22,4840.0,70.0,4820.0,4860.0,4805.0,121616.0
2018.06.21,4770.0,10.0,4785.0,4805.0,4770.0,88761.0
2018.06.20,4760.0,15.0,4745.0,4775.0,4740.0,83675.0
2018.06.19,4745.0,85.0,4765.0,4785.0,4740.0,128794.0
2018.06.18,4660.0,-215.0,4720.0,4720.0,4635.0,137192.0
2018.06.15,4875.0,25.0,4875.0,4880.0,4865.0,51976.0
2018.06.14,4850.0,20.0,4845.0,4870.0,4845.0,117017.0
2018.06.12,4830.0,30.0,4815.0,4835.0,4815.0,47470.0
2018.06.11,4800.0,0.0,4800.0,4810.0,4780.0,62085.0
2018.06.08,4800.0,40.0,4820.0,4830.0,4800.0,55996.0
2018.06.07,4760.0,-5.0,4730.0,4770.0,4730.0,43526.0
2018.06.05,4765.0,-55.0,4810.0,4820.0,4755.0,85923.0
2018.06.04,4820.0,-70.0,4880.0,4880.0,4805.0,91043.0
2018.06.01,4890.0,-75.0,4950.0,4950.0,4880.0,41168.0
2018.05.31,4965.0,90.0,4985.0,4985.0,4955.0,99755.0
2018.05.30,4875.0,0.0,4865.0,4885.0,4845.0,115119.0
2018.05.29,4875.0,20.0,4880.0,4900.0,4865.0,111218.0
2018.05.28,4855.0,-300.0,4940.0,4945.0,4820.0,246536.0
2018.05.25,5155.0,-75.0,5160.0,5170.0,5150.0,135979.0
2018.05.24,5230.0,-30.0,5260.0,5260.0,5220.0,152322.0
2018.05.23,5260.0,10.0,5260.0,5275.0,5245.0,81168.0
2018.05.21,5250.0,20.0,5235.0,5255.0,5235.0,91463.0
2018.05.18,5230.0,-10.0,5240.0,5240.0,5225.0,109812.0
2018.05.17,5240.0,55.0,5220.0,5245.0,5220.0,123371.0
2018.05.16,5185.0,0.0,5180.0,5200.0,5180.0,101241.0
2018.05.15,5185.0,40.0,5200.0,5200.0,5175.0,50438.0
2018.05.14,5145.0,-60.0,5150.0,5185.0,5135.0,82902.0
2018.05.11,5205.0,-15.0,5225.0,5230.0,5185.0,211474.0
2018.05.10,5220.0,75.0,5200.0,5240.0,5200.0,267936.0
2018.05.09,5145.0,40.0,5105.0,5150.0,5105.0,435691.0
2018.05.08,5105.0,130.0,4975.0,5110.0,4975.0,1001803.0
2018.05.04,4975.0,40.0,4980.0,4990.0,4970.0,108673.0
2018.05.03,4935.0,20.0,4925.0,4950.0,4925.0,58976.0
2018.05.02,4915.0,-30.0,4945.0,4945.0,4900.0,109037.0
2018.04.30,4945.0,-10.0,4975.0,4975.0,4935.0,34979.0
2018.04.27,4955.0,-25.0,4990.0,4990.0,4950.0,45825.0
2018.04.26,4980.0,45.0,4970.0,4990.0,4970.0,90255.0
2018.04.25,4935.0,-110.0,4945.0,4975.0,4925.0,128646.0
2018.04.24,5045.0,80.0,5020.0,5050.0,5010.0,425668.0
2018.04.23,4965.0,0.0,5000.0,5000.0,4960.0,114311.0
2018.04.20,4965.0,-40.0,4975.0,4995.0,4960.0,112618.0
2018.04.19,5005.0,115.0,4970.0,5025.0,4970.0,462127.0
2018.04.18,4890.0,40.0,4870.0,4900.0,4865.0,185586.0
2018.04.17,4850.0,-10.0,4835.0,4855.0,4835.0,101807.0
2018.04.16,4860.0,-5.0,4915.0,4915.0,4860.0,167211.0
2018.04.13,4865.0,-30.0,4865.0,4885.0,4860.0,306822.0
2018.04.12,4895.0,140.0,4865.0,4905.0,4860.0,652678.0
2018.04.11,4755.0,70.0,4795.0,4795.0,4750.0,425203.0
2018.04.10,4685.0,120.0,4610.0,4685.0,4610.0,79877.0
2018.04.09,4565.0,-45.0,4565.0,4570.0,4540.0,172198.0
2018.04.06,4610.0,-35.0,4605.0,4615.0,4600.0,23009.0
2018.04.05,4645.0,40.0,4635.0,4650.0,4625.0,71529.0
2018.04.04,4605.0,-10.0,4625.0,4640.0,4605.0,66699.0
2018.04.03,4615.0,-125.0,4625.0,4625.0,4600.0,73164.0
2018.04.02,4740.0,55.0,4740.0,4760.0,4740.0,103842.0
2018.03.30,4685.0,-20.0,4760.0,4760.0,4685.0,68736.0
2018.03.29,4705.0,-5.0,4735.0,4735.0,4700.0,80426.0
2018.03.28,4710.0,-65.0,4750.0,4750.0,4705.0,76589.0
2018.03.27,4775.0,-5.0,4780.0,4810.0,4775.0,249253.0
2018.03.26,4780.0,35.0,4840.0,4850.0,4775.0,454093.0
2018.03.23,4745.0,-5.0,4695.0,4770.0,4695.0,376587.0
2018.03.22,4750.0,115.0,4760.0,4770.0,4745.0,578953.0
2018.03.21,4635.0,70.0,4640.0,4655.0,4630.0,303081.0
2018.03.20,4565.0,40.0,4530.0,4575.0,4530.0,268305.0
2018.03.19,4525.0,55.0,4525.0,4535.0,4520.0,123524.0
2018.03.16,4470.0,5.0,4465.0,4475.0,4455.0,99806.0
2018.03.15,4465.0,20.0,4450.0,4465.0,4445.0,48594.0
2018.03.14,4445.0,-20.0,4465.0,4465.0,4435.0,74319.0
2018.03.13,4465.0,-55.0,4480.0,4480.0,4450.0,82012.0
2018.03.12,4520.0,120.0,4525.0,4540.0,4515.0,347885.0
2018.03.09,4400.0,-70.0,4415.0,4415.0,4390.0,130262.0
2018.03.08,4470.0,-40.0,4485.0,4485.0,4460.0,42983.0
2018.03.07,4510.0,-45.0,4530.0,4535.0,4495.0,104465.0
2018.03.06,4555.0,95.0,4575.0,4575.0,4550.0,74462.0
2018.03.05,4460.0,10.0,4475.0,4485.0,4460.0,125652.0
2018.03.02,4450.0,-120.0,4450.0,4460.0,4435.0,128849.0
2018.02.28,4570.0,-70.0,4600.0,4600.0,4550.0,61744.0
2018.02.27,4640.0,-10.0,4670.0,4670.0,4630.0,232634.0
2018.02.26,4650.0,85.0,4620.0,4650.0,4610.0,181860.0
2018.02.23,4565.0,125.0,4550.0,4575.0,4550.0,166426.0
2018.02.22,4440.0,-20.0,4460.0,4470.0,4425.0,180018.0
2018.02.21,4460.0,-60.0,4515.0,4515.0,4445.0,138143.0
2018.02.20,4520.0,-10.0,4535.0,4565.0,4505.0,81013.0
2018.02.19,4530.0,220.0,4490.0,4545.0,4485.0,335805.0
2018.02.14,4310.0,-15.0,4290.0,4320.0,4285.0,54254.0
2018.02.13,4325.0,-10.0,4350.0,4350.0,4310.0,77061.0
2018.02.12,4335.0,-60.0,4330.0,4350.0,4305.0,266456.0
2018.02.09,4395.0,-95.0,4395.0,4410.0,4385.0,237320.0
2018.02.08,4490.0,-135.0,4500.0,4505.0,4460.0,177913.0
2018.02.07,4625.0,15.0,4645.0,4655.0,4625.0,157435.0
2018.02.06,4610.0,-110.0,4605.0,4615.0,4590.0,429393.0
2018.02.05,4720.0,-75.0,4770.0,4770.0,4695.0,219902.0
2018.02.02,4795.0,85.0,4790.0,4810.0,4790.0,277408.0
2018.02.01,4710.0,70.0,4705.0,4710.0,4700.0,236291.0
2018.01.31,4640.0,-75.0,4630.0,4645.0,4625.0,271356.0
2018.01.30,4715.0,-95.0,4760.0,4770.0,4700.0,239856.0
2018.01.29,4810.0,65.0,4805.0,4825.0,4805.0,237103.0
2018.01.26,4745.0,-65.0,4750.0,4760.0,4730.0,181244.0
2018.01.25,4810.0,120.0,4775.0,4820.0,4775.0,512118.0
2018.01.24,4690.0,35.0,4680.0,4695.0,4675.0,270794.0
2018.01.23,4655.0,55.0,4635.0,4655.0,4635.0,176540.0
2018.01.22,4600.0,15.0,4600.0,4615.0,4600.0,421988.0
2018.01.19,4585.0,-55.0,4620.0,4620.0,4575.0,255989.0
2018.01.18,4640.0,15.0,4655.0,4665.0,4640.0,238808.0
2018.01.17,4625.0,-60.0,4630.0,4640.0,4610.0,345031.0
2018.01.16,4685.0,15.0,4695.0,4700.0,4675.0,164110.0
2018.01.15,4670.0,60.0,4660.0,4685.0,4660.0,477351.0
2018.01.12,4610.0,10.0,4610.0,4630.0,4610.0,360909.0
2018.01.11,4600.0,0.0,4595.0,4610.0,4595.0,209064.0
2018.01.10,4600.0,85.0,4590.0,4610.0,4590.0,518768.0
2018.01.09,4515.0,45.0,4520.0,4525.0,4510.0,282573.0
2018.01.08,4470.0,-20.0,4465.0,4480.0,4465.0,179215.0
2018.01.05,4490.0,-15.0,4490.0,4500.0,4485.0,171583.0
2018.01.04,4505.0,125.0,4485.0,4510.0,4480.0,793930.0
2018.01.03,4380.0,-30.0,4385.0,4390.0,4380.0,181100.0
2018.01.02,4410.0,70.0,4360.0,4410.0,4360.0,699168.0
2017.12.28,4340.0,0.0,4320.0,4345.0,4320.0,499960.0
2017.12.27,4340.0,90.0,4335.0,4345.0,4325.0,1404356.0
2017.12.26,4250.0,25.0,4250.0,4260.0,4245.0,275906.0
2017.12.22,4225.0,10.0,4220.0,4240.0,4220.0,475250.0
2017.12.21,4215.0,20.0,4210.0,4220.0,4210.0,341265.0
2017.12.20,4195.0,30.0,4180.0,4200.0,4180.0,193480.0
2017.12.19,4165.0,-25.0,4160.0,4170.0,4150.0,153876.0
2017.12.18,4190.0,35.0,4170.0,4195.0,4165.0,134022.0
2017.12.15,4155.0,15.0,4145.0,4160.0,4145.0,147506.0
2017.12.14,4140.0,-65.0,4160.0,4160.0,4130.0,105509.0
2017.12.13,4205.0,-40.0,4205.0,4215.0,4180.0,99034.0
2017.12.12,4245.0,80.0,4210.0,4250.0,4205.0,433289.0
2017.12.11,4165.0,50.0,4160.0,4165.0,4145.0,105159.0
2017.12.08,4115.0,30.0,4115.0,4125.0,4110.0,185925.0
2017.12.07,4085.0,-90.0,4075.0,4100.0,4075.0,151930.0
2017.12.06,4175.0,-5.0,4175.0,4185.0,4165.0,292129.0
2017.12.05,4180.0,-30.0,4175.0,4190.0,4175.0,206607.0
2017.12.04,4210.0,15.0,4220.0,4240.0,4210.0,332853.0
2017.12.01,4195.0,15.0,4170.0,4195.0,4170.0,123368.0
2017.11.30,4180.0,-20.0,4195.0,4195.0,4160.0,130621.0
2017.11.29,4200.0,-10.0,4190.0,4205.0,4185.0,101156.0
2017.11.28,4210.0,-55.0,4200.0,4215.0,4195.0,164568.0
2017.11.27,4265.0,10.0,4270.0,4285.0,4260.0,474124.0
2017.11.24,4255.0,45.0,4235.0,4255.0,4235.0,489891.0
2017.11.23,4210.0,15.0,4215.0,4220.0,4205.0,260588.0
2017.11.22,4195.0,80.0,4150.0,4210.0,4150.0,640518.0
2017.11.21,4115.0,-15.0,4105.0,4120.0,4070.0,104966.0
2017.11.20,4130.0,85.0,4120.0,4140.0,4115.0,315602.0
2017.11.17,4045.0,-5.0,4040.0,4045.0,4030.0,98524.0
2017.11.16,4050.0,30.0,4030.0,4050.0,4030.0,228726.0
2017.11.15,4020.0,-120.0,4040.0,4045.0,4015.0,412735.0
2017.11.14,4140.0,-25.0,4140.0,4160.0,4130.0,488043.0
2017.11.13,4165.0,-10.0,4165.0,4175.0,4150.0,307474.0
2017.11.10,4175.0,15.0,4165.0,4180.0,4165.0,238708.0
2017.11.09,4160.0,0.0,4150.0,4165.0,4150.0,288982.0
2017.11.08,4160.0,-20.0,4165.0,4175.0,4160.0,307414.0
2017.11.07,4180.0,95.0,4170.0,4195.0,4170.0,799519.0
2017.11.06,4085.0,65.0,4080.0,4090.0,4075.0,441736.0
2017.11.03,4020.0,40.0,4030.0,4035.0,4020.0,279939.0
2017.11.02,3980.0,-40.0,4000.0,4010.0,3980.0,264806.0
2017.11.01,4020.0,20.0,4010.0,4020.0,4010.0,370440.0
2017.10.31,4000.0,10.0,4000.0,4005.0,3990.0,518036.0
2017.10.30,3990.0,50.0,3995.0,4005.0,3990.0,617764.0
2017.10.27,3940.0,20.0,3935.0,3945.0,3930.0,278923.0
2017.10.26,3920.0,-5.0,3915.0,3925.0,3915.0,161895.0
2017.10.25,3925.0,40.0,3925.0,3930.0,3920.0,241549.0
2017.10.24,3885.0,-30.0,3915.0,3915.0,3880.0,324511.0
2017.10.23,3915.0,25.0,3905.0,3915.0,3900.0,205918.0
2017.10.20,3890.0,-25.0,3890.0,3900.0,3875.0,215857.0
2017.10.19,3915.0,0.0,3920.0,3930.0,3915.0,256828.0
2017.10.18,3915.0,0.0,3910.0,3920.0,3905.0,147765.0
2017.10.17,3915.0,-20.0,3940.0,3940.0,3910.0,99080.0
2017.10.16,3935.0,40.0,3930.0,3935.0,3925.0,315502.0
2017.10.13,3895.0,0.0,3885.0,3895.0,3875.0,289452.0
2017.10.12,3895.0,20.0,3885.0,3900.0,3885.0,153646.0
2017.10.11,3875.0,45.0,3875.0,3885.0,3865.0,159851.0
2017.10.10,3830.0,-70.0,3825.0,3840.0,3820.0,164415.0
2017.09.29,3900.0,-25.0,3910.0,3915.0,3895.0,338013.0
2017.09.28,3925.0,-15.0,3930.0,3940.0,3920.0,129295.0
2017.09.27,3940.0,25.0,3930.0,3945.0,3930.0,651793.0
2017.09.26,3915.0,45.0,3920.0,3935.0,3915.0,691152.0
2017.09.25,3870.0,-10.0,3875.0,3880.0,3865.0,282417.0
2017.09.22,3880.0,15.0,3875.0,3880.0,3865.0,438274.0
2017.09.21,3865.0,5.0,3870.0,3880.0,3865.0,272169.0
2017.09.20,3860.0,0.0,3855.0,3860.0,3845.0,196321.0
2017.09.19,3860.0,-25.0,3865.0,3870.0,3845.0,163826.0
2017.09.18,3885.0,30.0,3875.0,3890.0,3875.0,504005.0
2017.09.15,3855.0,40.0,3860.0,3865.0,3850.0,616689.0
2017.09.14,3815.0,0.0,3860.0,3860.0,3815.0,176692.0
2017.09.13,3815.0,0.0,3830.0,3830.0,3805.0,132115.0
2017.09.12,3815.0,10.0,3800.0,3815.0,3800.0,121423.0
2017.09.11,3805.0,-50.0,3800.0,3815.0,3790.0,245374.0
2017.09.08,3855.0,20.0,3845.0,3865.0,3845.0,906466.0
2017.09.07,3835.0,15.0,3845.0,3855.0,3835.0,737755.0
2017.09.06,3820.0,65.0,3815.0,3820.0,3805.0,1227057.0
2017.09.05,3755.0,15.0,3740.0,3755.0,3735.0,215771.0
2017.09.04,3740.0,40.0,3730.0,3750.0,3720.0,589671.0
2017.09.01,3700.0,60.0,3710.0,3715.0,3700.0,674058.0
2017.08.31,3640.0,-35.0,3640.0,3645.0,3625.0,892681.0
2017.08.30,3675.0,-30.0,3675.0,3675.0,3660.0,844571.0
2017.08.29,3705.0,-75.0,3750.0,3755.0,3700.0,1351921.0
2017.08.28,3780.0,-5.0,3800.0,3800.0,3770.0,258995.0
2017.08.25,3785.0,-25.0,3780.0,3785.0,3770.0,195349.0
2017.08.24,3810.0,35.0,3805.0,3815.0,3805.0,223414.0
2017.08.23,3775.0,-5.0,3775.0,3790.0,3760.0,153406.0
2017.08.22,3780.0,-50.0,3760.0,3780.0,3760.0,206727.0
2017.08.21,3830.0,90.0,3830.0,3845.0,3825.0,603808.0
2017.08.18,3740.0,20.0,3725.0,3740.0,3720.0,221601.0
2017.08.17,3720.0,-65.0,3730.0,3735.0,3715.0,856175.0
2017.08.16,3785.0,-70.0,3795.0,3795.0,3760.0,236794.0
2017.08.14,3855.0,25.0,3855.0,3870.0,3855.0,192209.0
2017.08.11,3830.0,-105.0,3860.0,3875.0,3815.0,300942.0
2017.08.10,3935.0,50.0,3920.0,3940.0,3915.0,461059.0
2017.08.09,3885.0,-20.0,3890.0,3895.0,3870.0,247294.0
2017.08.08,3905.0,-10.0,3915.0,3915.0,3890.0,139188.0
2017.08.07,3915.0,55.0,3910.0,3920.0,3900.0,304077.0
2017.08.04,3860.0,-20.0,3865.0,3880.0,3860.0,561391.0
2017.08.03,3880.0,10.0,3900.0,3910.0,3880.0,2536264.0
2017.08.02,3870.0,-75.0,3890.0,3890.0,3865.0,299408.0
2017.08.01,3945.0,45.0,3935.0,3950.0,3930.0,1143450.0
2017.07.31,3900.0,20.0,3910.0,3915.0,3890.0,725870.0
2017.07.28,3880.0,15.0,3885.0,3885.0,3870.0,937011.0
2017.07.27,3865.0,15.0,3865.0,3865.0,3850.0,852423.0
2017.07.26,3850.0,80.0,3850.0,3860.0,3845.0,764280.0
2017.07.25,3770.0,20.0,3765.0,3780.0,3760.0,211416.0
2017.07.24,3750.0,-55.0,3750.0,3760.0,3725.0,276002.0
2017.07.21,3805.0,-15.0,3800.0,3810.0,3795.0,160850.0
2017.07.20,3820.0,55.0,3820.0,3830.0,3815.0,488315.0
2017.07.19,3765.0,-10.0,3785.0,3785.0,3765.0,552444.0
2017.07.18,3775.0,-20.0,3775.0,3790.0,3775.0,232810.0
2017.07.17,3795.0,20.0,3805.0,3810.0,3795.0,730144.0
2017.07.14,3775.0,25.0,3780.0,3780.0,3765.0,185156.0
2017.07.13,3750.0,-50.0,3750.0,3760.0,3740.0,426908.0
2017.07.12,3800.0,60.0,3780.0,3800.0,3770.0,355731.0
2017.07.11,3740.0,50.0,3710.0,3740.0,3710.0,323323.0
2017.07.10,3690.0,-60.0,3715.0,3715.0,3690.0,602227.0
2017.07.07,3750.0,-40.0,3775.0,3780.0,3745.0,343830.0
2017.07.06,3790.0,-80.0,3775.0,3790.0,3760.0,910624.0
2017.07.05,3870.0,0.0,3890.0,3900.0,3870.0,930823.0
2017.07.04,3870.0,40.0,3885.0,3890.0,3860.0,1242917.0
2017.07.03,3830.0,70.0,3820.0,3835.0,3820.0,1192774.0
2017.06.30,3760.0,10.0,3760.0,3770.0,3730.0,470298.0
2017.06.29,3750.0,70.0,3715.0,3760.0,3710.0,877467.0
2017.06.28,3680.0,45.0,3655.0,3680.0,3655.0,545763.0
2017.06.27,3635.0,-5.0,3635.0,3645.0,3615.0,700923.0
2017.06.26,3640.0,50.0,3605.0,3640.0,3605.0,547338.0
2017.06.23,3590.0,35.0,3570.0,3600.0,3565.0,746541.0
2017.06.22,3555.0,-85.0,3570.0,3575.0,3540.0,2248617.0
2017.06.21,3640.0,-70.0,3655.0,3655.0,3630.0,1743949.0
2017.06.20,3710.0,-35.0,3735.0,3735.0,3710.0,779973.0
2017.06.19,3745.0,0.0,3745.0,3755.0,3735.0,704344.0
2017.06.16,3745.0,-5.0,3735.0,3750.0,3720.0,696253.0
2017.06.15,3750.0,-85.0,3755.0,3755.0,3735.0,1784817.0
2017.06.14,3835.0,-30.0,3840.0,3850.0,3835.0,624551.0
2017.06.13,3865.0,15.0,3860.0,3875.0,3855.0,523308.0
2017.06.12,3850.0,35.0,3835.0,3865.0,3830.0,943121.0
2017.06.09,3815.0,-35.0,3825.0,3835.0,3805.0,1426538.0
2017.06.08,3850.0,-120.0,3845.0,3860.0,3840.0,2769732.0
2017.06.07,3970.0,-30.0,3995.0,3995.0,3970.0,710201.0
2017.06.05,4000.0,20.0,3960.0,4020.0,3960.0,570570.0
2017.06.02,3980.0,-65.0,4000.0,4000.0,3980.0,1074640.0
2017.06.01,4045.0,-30.0,4030.0,4045.0,4030.0,284930.0
2017.05.31,4075.0,-25.0,4085.0,4095.0,4075.0,184602.0
2017.05.30,4100.0,-5.0,4110.0,4115.0,4100.0,193157.0
2017.05.29,4105.0,60.0,4110.0,4110.0,4095.0,382647.0
2017.05.26,4045.0,-215.0,4070.0,4075.0,4030.0,1615666.0
2017.05.25,4260.0,10.0,4225.0,4265.0,4225.0,347008.0
2017.05.24,4250.0,50.0,4230.0,4255.0,4230.0,566856.0
2017.05.23,4200.0,-15.0,4230.0,4230.0,4200.0,502364.0
2017.05.22,4215.0,80.0,4205.0,4220.0,4195.0,930457.0
2017.05.19,4135.0,45.0,4115.0,4145.0,4110.0,531076.0
2017.05.18,4090.0,30.0,4090.0,4100.0,4080.0,393330.0
2017.05.17,4060.0,-45.0,4050.0,4060.0,4045.0,279193.0
2017.05.16,4105.0,25.0,4100.0,4110.0,4090.0,400930.0
2017.05.15,4080.0,35.0,4025.0,4080.0,4015.0,427581.0
2017.05.12,4045.0,15.0,4045.0,4045.0,4015.0,238977.0
2017.05.11,4030.0,115.0,3985.0,4030.0,3980.0,569741.0
2017.05.10,3915.0,-45.0,3920.0,3930.0,3910.0,800899.0
2017.05.08,3960.0,-60.0,3995.0,3995.0,3955.0,1604485.0
2017.05.04,4020.0,-70.0,4025.0,4035.0,4020.0,2367572.0
2017.05.02,4090.0,-60.0,4095.0,4105.0,4090.0,632343.0
2017.04.28,4150.0,5.0,4130.0,4150.0,4125.0,260101.0
2017.04.27,4145.0,-10.0,4160.0,4160.0,4140.0,258379.0
2017.04.26,4155.0,0.0,4150.0,4160.0,4130.0,461954.0
2017.04.25,4155.0,-50.0,4160.0,4175.0,4155.0,481556.0
2017.04.24,4205.0,-60.0,4205.0,4210.0,4190.0,542613.0
2017.04.21,4265.0,-15.0,4270.0,4275.0,4255.0,182497.0
2017.04.20,4280.0,-105.0,4285.0,4300.0,4265.0,275375.0
2017.04.19,4385.0,-30.0,4390.0,4395.0,4380.0,108762.0
2017.04.18,4415.0,5.0,4415.0,4420.0,4405.0,169762.0
2017.04.17,4410.0,55.0,4430.0,4440.0,4405.0,287963.0
2017.04.14,4355.0,-90.0,4415.0,4425.0,4350.0,143294.0
2017.04.13,4445.0,-5.0,4425.0,4450.0,4425.0,284459.0
2017.04.12,4450.0,20.0,4440.0,4460.0,4440.0,519070.0
2017.04.11,4430.0,70.0,4415.0,4435.0,4405.0,648368.0
2017.04.10,4360.0,-5.0,4365.0,4380.0,4350.0,401456.0
2017.04.07,4365.0,100.0,4320.0,4400.0,4310.0,655033.0
2017.04.06,4265.0,-45.0,4280.0,4280.0,4255.0,166110.0
2017.04.05,4310.0,120.0,4285.0,4310.0,4280.0,631224.0
2017.04.04,4190.0,-45.0,4220.0,4225.0,4190.0,271369.0
2017.04.03,4235.0,45.0,4220.0,4235.0,4215.0,390313.0
2017.03.31,4190.0,55.0,4185.0,4195.0,4180.0,354316.0
2017.03.30,4135.0,60.0,4135.0,4155.0,4125.0,395548.0
2017.03.29,4075.0,10.0,4085.0,4085.0,4065.0,209777.0
2017.03.28,4065.0,30.0,4040.0,4065.0,4040.0,147473.0
2017.03.27,4035.0,-10.0,4045.0,4055.0,4015.0,287923.0
2017.03.24,4045.0,-50.0,4050.0,4055.0,4040.0,408321.0
2017.03.23,4095.0,35.0,4080.0,4095.0,4070.0,128846.0
2017.03.22,4060.0,-55.0,4080.0,4080.0,4050.0,381706.0
2017.03.21,4115.0,25.0,4090.0,4125.0,4090.0,136245.0
2017.03.20,4090.0,-30.0,4120.0,4120.0,4085.0,188500.0
2017.03.17,4120.0,-40.0,4130.0,4135.0,4115.0,262609.0
2017.03.16,4160.0,30.0,4170.0,4175.0,4145.0,2627217.0
2017.03.15,4130.0,10.0,4120.0,4130.0,4105.0,260708.0
2017.03.14,4120.0,25.0,4095.0,4125.0,4090.0,259121.0
2017.03.13,4095.0,-120.0,4140.0,4140.0,4080.0,965697.0
2017.03.10,4215.0,-85.0,4215.0,4220.0,4195.0,576757.0
2017.03.09,4300.0,-125.0,4275.0,4300.0,4270.0,579119.0
2017.03.08,4425.0,-25.0,4445.0,4445.0,4425.0,83179.0
2017.03.07,4450.0,10.0,4450.0,4460.0,4450.0,121162.0
2017.03.06,4440.0,30.0,4445.0,4455.0,4430.0,160105.0
2017.03.03,4410.0,-50.0,4435.0,4435.0,4410.0,135084.0
2017.03.02,4460.0,-30.0,4470.0,4490.0,4460.0,101182.0
2017.02.28,4490.0,5.0,4485.0,4495.0,4475.0,82458.0
2017.02.27,4485.0,-10.0,4490.0,4490.0,4465.0,83869.0
2017.02.24,4495.0,30.0,4485.0,4500.0,4470.0,243142.0
2017.02.23,4465.0,-15.0,4480.0,4480.0,4450.0,110740.0
2017.02.22,4480.0,0.0,4500.0,4505.0,4475.0,112806.0
2017.02.21,4480.0,-10.0,4490.0,4490.0,4470.0,108051.0
2017.02.20,4490.0,60.0,4450.0,4490.0,4450.0,220733.0
2017.02.17,4430.0,-45.0,4480.0,4480.0,4430.0,64032.0
2017.02.16,4475.0,5.0,4470.0,4475.0,4455.0,155265.0
2017.02.15,4470.0,-30.0,4500.0,4505.0,4470.0,79187.0
2017.02.14,4500.0,-55.0,4515.0,4520.0,4495.0,127456.0
2017.02.13,4555.0,55.0,4545.0,4555.0,4540.0,345519.0
2017.02.10,4500.0,30.0,4485.0,4500.0,4485.0,122354.0
2017.02.09,4470.0,20.0,4460.0,4475.0,4455.0,160138.0
2017.02.08,4450.0,-75.0,4415.0,4450.0,4405.0,374504.0
2017.02.07,4525.0,-65.0,4545.0,4545.0,4510.0,136960.0
2017.02.06,4590.0,30.0,4575.0,4590.0,4575.0,264908.0
2017.02.03,4560.0,10.0,4565.0,4570.0,4555.0,281725.0
2017.02.02,4550.0,55.0,4535.0,4555.0,4530.0,220061.0
2017.02.01,4495.0,5.0,4495.0,4500.0,4490.0,94702.0
2017.01.31,4490.0,-50.0,4530.0,4530.0,4480.0,190036.0
2017.01.26,4540.0,10.0,4525.0,4550.0,4525.0,224393.0
2017.01.25,4530.0,-15.0,4550.0,4555.0,4530.0,77379.0
2017.01.24,4545.0,-5.0,4535.0,4550.0,4530.0,111291.0
2017.01.23,4550.0,45.0,4560.0,4565.0,4550.0,292451.0
2017.01.20,4505.0,-25.0,4510.0,4525.0,4505.0,130604.0
2017.01.19,4530.0,-60.0,4530.0,4535.0,4505.0,290247.0
2017.01.18,4590.0,0.0,4590.0,4600.0,4585.0,47628.0
2017.01.17,4590.0,-20.0,4600.0,4620.0,4590.0,164802.0
2017.01.16,4610.0,-25.0,4585.0,4610.0,4580.0,115946.0
2017.01.13,4635.0,65.0,4630.0,4645.0,4625.0,439254.0
2017.01.12,4570.0,55.0,4570.0,4580.0,4565.0,239599.0
2017.01.11,4515.0,-70.0,4515.0,4520.0,4500.0,296074.0
2017.01.10,4585.0,-85.0,4585.0,4595.0,4575.0,231198.0
2017.01.09,4670.0,20.0,4675.0,4685.0,4665.0,326943.0
2017.01.06,4650.0,10.0,4660.0,4665.0,4645.0,214291.0
2017.01.05,4640.0,35.0,4640.0,4650.0,4630.0,165919.0
2017.01.04,4605.0,-70.0,4600.0,4605.0,4580.0,223395.0
2017.01.03,4675.0,60.0,4660.0,4680.0,4655.0,500470.0
2017.01.02,4615.0,-25.0,4635.0,4635.0,4540.0,130671.0
2016.12.29,4640.0,20.0,4615.0,4655.0,4615.0,381453.0
2016.12.28,4620.0,55.0,4625.0,4630.0,4615.0,489476.0
2016.12.27,4565.0,30.0,4580.0,4590.0,4565.0,231873.0
2016.12.26,4535.0,-20.0,4580.0,4590.0,4535.0,135316.0
2016.12.23,4555.0,10.0,4560.0,4570.0,4545.0,98671.0
2016.12.22,4545.0,-50.0,4570.0,4570.0,4535.0,102107.0
2016.12.21,4595.0,80.0,4595.0,4600.0,4580.0,679743.0
2016.12.20,4515.0,-35.0,4560.0,4560.0,4510.0,196167.0
2016.12.19,4550.0,70.0,4530.0,4570.0,4525.0,268883.0
2016.12.16,4480.0,-20.0,4500.0,4500.0,4475.0,165707.0
2016.12.15,4500.0,-15.0,4455.0,4500.0,4450.0,333434.0
2016.12.14,4515.0,-35.0,4550.0,4550.0,4505.0,380377.0
2016.12.13,4550.0,-50.0,4590.0,4590.0,4545.0,295020.0
2016.12.12,4600.0,150.0,4605.0,4610.0,4570.0,1066410.0
2016.12.09,4450.0,50.0,4435.0,4450.0,4415.0,282414.0
2016.12.08,4400.0,-40.0,4400.0,4415.0,4395.0,351406.0
2016.12.07,4440.0,-50.0,4460.0,4460.0,4415.0,553309.0
2016.12.06,4490.0,45.0,4475.0,4505.0,4475.0,1379812.0
2016.12.05,4445.0,90.0,4430.0,4445.0,4415.0,916333.0
2016.12.02,4355.0,0.0,4405.0,4410.0,4355.0,1502920.0
2016.12.01,4355.0,255.0,4340.0,4380.0,4290.0,1322141.0
2016.11.30,4100.0,-50.0,4075.0,4100.0,4065.0,305879.0
2016.11.29,4150.0,35.0,4150.0,4160.0,4135.0,244505.0
2016.11.28,4115.0,-65.0,4080.0,4175.0,4075.0,288754.0
2016.11.25,4180.0,-55.0,4235.0,4245.0,4165.0,202065.0
2016.11.24,4235.0,10.0,4240.0,4250.0,4225.0,313045.0
2016.11.23,4225.0,-75.0,4270.0,4275.0,4225.0,335630.0
2016.11.22,4300.0,160.0,4270.0,4300.0,4260.0,1165467.0
2016.11.21,4140.0,85.0,4135.0,4150.0,4120.0,741536.0
2016.11.18,4055.0,-15.0,4060.0,4075.0,4050.0,171736.0
2016.11.17,4070.0,-50.0,4085.0,4090.0,4070.0,216288.0
2016.11.16,4120.0,105.0,4095.0,4125.0,4080.0,591033.0
2016.11.15,4015.0,15.0,3985.0,4015.0,3975.0,481494.0
2016.11.14,4000.0,-75.0,4010.0,4020.0,3990.0,735751.0
2016.11.11,4075.0,-40.0,4065.0,4085.0,4055.0,260529.0
2016.11.10,4115.0,95.0,4090.0,4115.0,4065.0,544197.0
2016.11.09,4020.0,-65.0,4090.0,4105.0,3970.0,1245335.0
2016.11.08,4085.0,5.0,4080.0,4090.0,4070.0,595053.0
2016.11.07,4080.0,-10.0,4015.0,4080.0,4005.0,1042078.0
2016.11.04,4090.0,-50.0,4065.0,4090.0,4060.0,837906.0
2016.11.03,4140.0,-25.0,4110.0,4140.0,4110.0,435423.0
2016.11.02,4165.0,-45.0,4145.0,4165.0,4145.0,231163.0
2016.11.01,4210.0,-60.0,4190.0,4210.0,4165.0,354545.0
2016.10.31,4270.0,-75.0,4280.0,4295.0,4250.0,351134.0
2016.10.28,4345.0,15.0,4345.0,4355.0,4340.0,231320.0
2016.10.27,4330.0,-35.0,4330.0,4345.0,4320.0,183441.0
2016.10.26,4365.0,-70.0,4385.0,4395.0,4350.0,172072.0
2016.10.25,4435.0,20.0,4430.0,4445.0,4420.0,312522.0
2016.10.24,4415.0,25.0,4430.0,4430.0,4410.0,186325.0
2016.10.21,4390.0,-45.0,4420.0,4420.0,4380.0,105647.0
2016.10.20,4435.0,5.0,4455.0,4465.0,4435.0,373666.0
2016.10.19,4430.0,35.0,4420.0,4435.0,4415.0,323231.0
2016.10.18,4395.0,20.0,4375.0,4395.0,4375.0,268544.0
2016.10.17,4375.0,-25.0,4370.0,4395.0,4360.0,305083.0
2016.10.14,4400.0,60.0,4380.0,4400.0,4375.0,288699.0
2016.10.13,4340.0,-85.0,4375.0,4380.0,4335.0,316861.0
2016.10.12,4425.0,-5.0,4405.0,4430.0,4400.0,389111.0
2016.10.11,4430.0,95.0,4440.0,4445.0,4430.0,589620.0
2016.10.10,4335.0,-80.0,4360.0,4370.0,4330.0,356078.0
2016.10.07,4415.0,45.0,4410.0,4415.0,4395.0,691889.0
2016.10.06,4370.0,35.0,4360.0,4375.0,4345.0,635924.0
2016.10.05,4335.0,55.0,4320.0,4345.0,4320.0,1034914.0
2016.10.04,4280.0,100.0,4290.0,4300.0,4270.0,998655.0
2016.09.30,4180.0,-20.0,4215.0,4230.0,4180.0,750774.0
2016.09.29,4200.0,125.0,4215.0,4220.0,4180.0,784797.0
2016.09.28,4075.0,-35.0,4075.0,4075.0,4050.0,330191.0
2016.09.27,4110.0,30.0,4110.0,4125.0,4090.0,434741.0
2016.09.26,4080.0,-25.0,4055.0,4085.0,4055.0,290957.0
2016.09.23,4105.0,-5.0,4130.0,4145.0,4100.0,346685.0
2016.09.22,4110.0,20.0,4120.0,4120.0,4095.0,291014.0
2016.09.21,4090.0,45.0,4070.0,4090.0,4055.0,188974.0
2016.09.20,4045.0,-60.0,4055.0,4060.0,4040.0,931936.0
2016.09.19,4105.0,-40.0,4090.0,4110.0,4060.0,535173.0
2016.09.13,4145.0,40.0,4160.0,4170.0,4145.0,327007.0
2016.09.12,4105.0,-150.0,4110.0,4140.0,4100.0,322214.0
2016.09.09,4255.0,55.0,4260.0,4265.0,4245.0,1200086.0
2016.09.08,4200.0,105.0,4175.0,4200.0,4175.0,733509.0
2016.09.07,4095.0,-10.0,4090.0,4110.0,4070.0,236979.0
2016.09.06,4105.0,35.0,4100.0,4120.0,4085.0,365051.0
2016.09.05,4070.0,65.0,4050.0,4070.0,4045.0,410709.0
2016.09.02,4005.0,-95.0,4015.0,4025.0,3990.0,1710512.0
2016.09.01,4100.0,-95.0,4100.0,4110.0,4070.0,469167.0
2016.08.31,4195.0,-60.0,4220.0,4220.0,4175.0,214008.0
2016.08.30,4255.0,10.0,4230.0,4255.0,4230.0,155909.0
2016.08.29,4245.0,-15.0,4260.0,4265.0,4235.0,220312.0
2016.08.26,4260.0,15.0,4265.0,4275.0,4250.0,152657.0
2016.08.25,4245.0,-5.0,4215.0,4245.0,4215.0,179436.0
2016.08.24,4250.0,15.0,4260.0,4280.0,4245.0,284115.0
2016.08.23,4235.0,-65.0,4220.0,4235.0,4190.0,693610.0
2016.08.22,4300.0,-65.0,4360.0,4365.0,4290.0,694939.0
2016.08.19,4365.0,120.0,4340.0,4365.0,4335.0,1181061.0
2016.08.18,4245.0,45.0,4245.0,4255.0,4235.0,1052295.0
2016.08.17,4200.0,70.0,4195.0,4200.0,4180.0,989945.0
2016.08.16,4130.0,85.0,4140.0,4145.0,4120.0,687926.0
2016.08.12,4045.0,110.0,4035.0,4065.0,4025.0,637812.0
2016.08.11,3935.0,-20.0,3935.0,3935.0,3895.0,272870.0
2016.08.10,3955.0,0.0,3950.0,3965.0,3950.0,274053.0
2016.08.09,3955.0,20.0,3980.0,3980.0,3945.0,250430.0
2016.08.08,3935.0,20.0,3935.0,3935.0,3910.0,310139.0
2016.08.05,3915.0,30.0,3930.0,3935.0,3910.0,313464.0
2016.08.04,3885.0,75.0,3890.0,3905.0,3880.0,618632.0
2016.08.03,3810.0,-55.0,3825.0,3835.0,3805.0,1059667.0
2016.08.02,3865.0,-95.0,3850.0,3870.0,3850.0,678790.0
2016.08.01,3960.0,70.0,3915.0,3990.0,3900.0,414190.0
2016.07.29,3890.0,-70.0,3900.0,3910.0,3890.0,595548.0
2016.07.28,3960.0,-100.0,3985.0,4050.0,3950.0,979359.0
2016.07.27,4060.0,-25.0,4045.0,4065.0,4040.0,253298.0
2016.07.26,4085.0,-35.0,4080.0,4095.0,4080.0,377693.0
2016.07.25,4120.0,-50.0,4135.0,4145.0,4120.0,311985.0
2016.07.22,4170.0,-55.0,4170.0,4190.0,4150.0,272536.0
2016.07.21,4225.0,40.0,4205.0,4225.0,4205.0,269853.0
2016.07.20,4185.0,0.0,4175.0,4200.0,4170.0,172401.0
2016.07.19,4185.0,-60.0,4190.0,4190.0,4165.0,384517.0
2016.07.18,4245.0,25.0,4230.0,4245.0,4220.0,124633.0
2016.07.15,4220.0,-10.0,4220.0,4230.0,4205.0,379270.0
2016.07.14,4230.0,-40.0,4215.0,4230.0,4205.0,382428.0
2016.07.13,4270.0,55.0,4300.0,4310.0,4270.0,359707.0
2016.07.12,4215.0,-15.0,4200.0,4220.0,4200.0,256186.0
2016.07.11,4230.0,-5.0,4225.0,4240.0,4205.0,355424.0
2016.07.08,4235.0,-105.0,4215.0,4245.0,4200.0,762558.0
2016.07.07,4340.0,25.0,4355.0,4380.0,4340.0,288229.0
2016.07.06,4315.0,-90.0,4300.0,4330.0,4275.0,668758.0
2016.07.05,4405.0,-75.0,4440.0,4450.0,4405.0,282358.0
2016.07.04,4480.0,55.0,4455.0,4480.0,4450.0,355182.0
2016.07.01,4425.0,-55.0,4425.0,4435.0,4415.0,178961.0
2016.06.30,4480.0,85.0,4495.0,4500.0,4480.0,695382.0
2016.06.29,4395.0,110.0,4385.0,4415.0,4370.0,528397.0
2016.06.28,4285.0,-40.0,4245.0,4295.0,4240.0,479148.0
2016.06.27,4325.0,15.0,4255.0,4325.0,4255.0,676220.0
2016.06.24,4310.0,-160.0,4520.0,4520.0,4250.0,1409986.0
2016.06.23,4470.0,-40.0,4470.0,4485.0,4460.0,399188.0
2016.06.22,4510.0,45.0,4530.0,4535.0,4490.0,730013.0
2016.06.21,4465.0,45.0,4485.0,4485.0,4460.0,686283.0
2016.06.20,4420.0,130.0,4350.0,4425.0,4350.0,446550.0
2016.06.17,4290.0,-25.0,4220.0,4290.0,4220.0,417156.0
2016.06.16,4315.0,-40.0,4330.0,4340.0,4310.0,496403.0
2016.06.15,4355.0,-75.0,4390.0,4395.0,4350.0,559971.0
2016.06.14,4430.0,-20.0,4425.0,4440.0,4410.0,216409.0
2016.06.13,4450.0,-130.0,4460.0,4475.0,4410.0,619889.0
2016.06.10,4580.0,-70.0,4580.0,4600.0,4570.0,355561.0
2016.06.09,4650.0,85.0,4660.0,4665.0,4645.0,907254.0
2016.06.08,4565.0,85.0,4550.0,4565.0,4540.0,844923.0
2016.06.07,4480.0,40.0,4480.0,4490.0,4470.0,480020.0
2016.06.03,4440.0,15.0,4435.0,4460.0,4430.0,336633.0
2016.06.02,4425.0,15.0,4555.0,4565.0,4415.0,483040.0
2016.06.01,4410.0,-60.0,4420.0,4435.0,4410.0,480334.0
2016.05.31,4470.0,45.0,4465.0,4475.0,4455.0,647237.0
2016.05.30,4425.0,0.0,4460.0,4465.0,4425.0,490246.0
2016.05.27,4425.0,-55.0,4450.0,4460.0,4420.0,557724.0
2016.05.26,4480.0,50.0,4455.0,4485.0,4450.0,1023550.0
2016.05.25,4430.0,100.0,4415.0,4430.0,4410.0,723886.0
2016.05.24,4330.0,-5.0,4345.0,4345.0,4320.0,396729.0
2016.05.23,4335.0,-65.0,4380.0,4380.0,4335.0,375549.0
2016.05.20,4400.0,90.0,4390.0,4420.0,4390.0,921008.0
2016.05.19,4310.0,-95.0,4370.0,4375.0,4310.0,657551.0
2016.05.18,4405.0,20.0,4400.0,4410.0,4390.0,1140582.0
2016.05.17,4385.0,85.0,4370.0,4385.0,4345.0,1351978.0
2016.05.16,4300.0,45.0,4255.0,4310.0,4245.0,950077.0
2016.05.13,4255.0,40.0,4260.0,4265.0,4235.0,1736095.0
2016.05.12,4215.0,125.0,4215.0,4250.0,4205.0,1667886.0
2016.05.11,4090.0,60.0,4105.0,4115.0,4085.0,680796.0
2016.05.10,4030.0,-110.0,4025.0,4035.0,3995.0,1008338.0
2016.05.09,4140.0,95.0,4145.0,4170.0,4130.0,1623757.0
2016.05.04,4045.0,-85.0,4090.0,4090.0,4030.0,604923.0
2016.05.03,4130.0,-15.0,4080.0,4130.0,4080.0,466198.0
2016.05.02,4145.0,-75.0,4200.0,4200.0,4135.0,577940.0
2016.04.29,4220.0,85.0,4195.0,4225.0,4185.0,1841118.0
2016.04.28,4135.0,45.0,4150.0,4155.0,4135.0,1350974.0
2016.04.27,4090.0,90.0,4090.0,4105.0,4085.0,2241618.0
2016.04.26,4000.0,15.0,3985.0,4010.0,3970.0,720234.0
2016.04.25,3985.0,-30.0,4010.0,4010.0,3985.0,515031.0
2016.04.22,4015.0,-30.0,3980.0,4020.0,3975.0,634997.0
2016.04.21,4045.0,220.0,4000.0,4045.0,3985.0,4467040.0
2016.04.20,3825.0,15.0,3855.0,3865.0,3820.0,1442874.0
2016.04.19,3810.0,115.0,3840.0,3845.0,3795.0,2273371.0
2016.04.18,3695.0,-225.0,3700.0,3720.0,3685.0,2593179.0
2016.04.15,3920.0,0.0,3920.0,3935.0,3910.0,1158414.0
2016.04.14,3920.0,75.0,3910.0,3940.0,3890.0,2861780.0
2016.04.12,3845.0,70.0,3835.0,3860.0,3825.0,2129224.0
2016.04.11,3775.0,110.0,3815.0,3830.0,3775.0,2263467.0
2016.04.08,3665.0,-15.0,3635.0,3665.0,3625.0,402624.0
2016.04.07,3680.0,85.0,3675.0,3685.0,3655.0,943867.0
2016.04.06,3595.0,55.0,3565.0,3605.0,3565.0,827919.0
2016.04.05,3540.0,-85.0,3530.0,3540.0,3515.0,1605142.0
2016.04.04,3625.0,-80.0,3625.0,3630.0,3610.0,1264549.0
2016.04.01,3705.0,-15.0,3735.0,3745.0,3700.0,584842.0
2016.03.31,3720.0,-40.0,3745.0,3745.0,3720.0,556065.0
2016.03.30,3760.0,-10.0,3740.0,3760.0,3730.0,923471.0
2016.03.29,3770.0,-40.0,3785.0,3790.0,3765.0,722174.0
2016.03.28,3810.0,35.0,3790.0,3810.0,3785.0,658556.0
2016.03.25,3775.0,-35.0,3800.0,3800.0,3765.0,799226.0
2016.03.24,3810.0,-65.0,3800.0,3815.0,3795.0,954164.0
2016.03.23,3875.0,-5.0,3880.0,3890.0,3870.0,951138.0
2016.03.22,3880.0,70.0,3875.0,3880.0,3850.0,1725218.0
2016.03.21,3810.0,-45.0,3825.0,3830.0,3810.0,935787.0
2016.03.18,3855.0,50.0,3890.0,3890.0,3855.0,2430794.0
2016.03.17,3805.0,100.0,3805.0,3840.0,3795.0,2002394.0
2016.03.16,3705.0,-5.0,3690.0,3730.0,3690.0,810768.0
2016.03.15,3710.0,-100.0,3755.0,3760.0,3710.0,1464749.0
2016.03.14,3810.0,-30.0,3820.0,3825.0,3800.0,1380244.0
2016.03.11,3840.0,30.0,3795.0,3840.0,3785.0,1378441.0
2016.03.10,3810.0,65.0,3820.0,3825.0,3805.0,1862786.0
2016.03.09,3745.0,-55.0,3725.0,3745.0,3710.0,1870277.0
2016.03.08,3800.0,35.0,3860.0,3870.0,3785.0,3438044.0
2016.03.07,3765.0,165.0,3715.0,3770.0,3710.0,3942217.0
2016.03.04,3600.0,45.0,3575.0,3600.0,3570.0,2126369.0
2016.03.03,3555.0,5.0,3565.0,3565.0,3545.0,1500093.0
2016.03.02,3550.0,60.0,3545.0,3555.0,3525.0,2003728.0
2016.02.29,3490.0,5.0,3480.0,3495.0,3435.0,1250763.0
2016.02.26,3485.0,15.0,3500.0,3505.0,3475.0,1397860.0
2016.02.25,3470.0,65.0,3455.0,3470.0,3430.0,1873025.0
2016.02.24,3405.0,-90.0,3420.0,3435.0,3405.0,3417941.0
2016.02.23,3495.0,15.0,3540.0,3545.0,3485.0,2410346.0
2016.02.22,3480.0,-30.0,3430.0,3480.0,3420.0,3149290.0
2016.02.19,3510.0,-45.0,3495.0,3520.0,3480.0,2210957.0
2016.02.18,3555.0,135.0,3550.0,3565.0,3525.0,2643466.0
2016.02.17,3420.0,-160.0,3420.0,3470.0,3405.0,4881544.0
2016.02.16,3580.0,95.0,3540.0,3590.0,3505.0,2730157.0
2016.02.15,3485.0,85.0,3490.0,3500.0,3445.0,2910557.0
2016.02.12,3400.0,50.0,3360.0,3420.0,3350.0,5384807.0
2016.02.11,3350.0,-250.0,3340.0,3355.0,3310.0,7461606.0
2016.02.05,3600.0,25.0,3545.0,3600.0,3545.0,1031380.0
2016.02.04,3575.0,125.0,3580.0,3605.0,3565.0,1677877.0
2016.02.03,3450.0,-70.0,3430.0,3455.0,3410.0,1880973.0
2016.02.02,3520.0,-95.0,3500.0,3530.0,3500.0,1582070.0
2016.02.01,3615.0,0.0,3650.0,3655.0,3600.0,2056751.0
2016.01.29,3615.0,155.0,3580.0,3615.0,3560.0,3053899.0
2016.01.28,3460.0,35.0,3475.0,3475.0,3450.0,1113395.0
2016.01.27,3425.0,125.0,3380.0,3430.0,3365.0,2086707.0
2016.01.26,3300.0,-145.0,3300.0,3330.0,3280.0,1702894.0
2016.01.25,3445.0,140.0,3440.0,3455.0,3410.0,2859874.0
2016.01.22,3305.0,190.0,3230.0,3305.0,3190.0,2428309.0
2016.01.21,3115.0,-20.0,3090.0,3155.0,3080.0,2187590.0
2016.01.20,3135.0,-125.0,3185.0,3190.0,3120.0,2901238.0
2016.01.19,3260.0,45.0,3190.0,3260.0,3175.0,1910457.0
2016.01.18,3215.0,-160.0,3195.0,3235.0,3170.0,3886743.0
2016.01.15,3375.0,20.0,3400.0,3420.0,3340.0,1391111.0
2016.01.14,3355.0,-75.0,3360.0,3365.0,3310.0,2335670.0
2016.01.13,3430.0,15.0,3400.0,3455.0,3395.0,3187976.0
2016.01.12,3415.0,-190.0,3500.0,3520.0,3415.0,2866886.0
2016.01.11,3605.0,-95.0,3615.0,3620.0,3585.0,1343164.0
2016.01.08,3700.0,45.0,3640.0,3705.0,3635.0,1063726.0
2016.01.07,3655.0,-210.0,3750.0,3750.0,3625.0,3299505.0
2016.01.06,3865.0,-55.0,3875.0,3880.0,3830.0,584571.0
2016.01.05,3920.0,-45.0,3935.0,3935.0,3900.0,542408.0
2016.01.04,3965.0,90.0,3935.0,3985.0,3925.0,2352073.0
2015.12.30,3875.0,30.0,3880.0,3885.0,3855.0,412841.0
2015.12.29,3845.0,-35.0,3790.0,3845.0,3790.0,346081.0
2015.12.28,3880.0,45.0,3880.0,3890.0,3865.0,785387.0
2015.12.24,3835.0,55.0,3850.0,3875.0,3835.0,730650.0
2015.12.23,3780.0,-25.0,3795.0,3795.0,3765.0,1055306.0
2015.12.22,3805.0,5.0,3790.0,3810.0,3780.0,713798.0
2015.12.21,3800.0,-85.0,3815.0,3820.0,3790.0,1808612.0
2015.12.18,3885.0,-10.0,3860.0,3885.0,3850.0,948650.0
2015.12.17,3895.0,-105.0,3915.0,3930.0,3890.0,1803319.0
2015.12.16,4000.0,75.0,3965.0,4000.0,3955.0,1020883.0
2015.12.15,3925.0,-15.0,3940.0,3945.0,3920.0,1596150.0
2015.12.14,3940.0,-120.0,3970.0,3975.0,3935.0,1994586.0
2015.12.11,4060.0,-30.0,4060.0,4080.0,4050.0,915417.0
2015.12.10,4090.0,-20.0,4080.0,4090.0,4070.0,872684.0
2015.12.09,4110.0,-5.0,4095.0,4120.0,4090.0,1159296.0
2015.12.08,4115.0,-115.0,4120.0,4130.0,4100.0,1779602.0
2015.12.07,4230.0,-105.0,4240.0,4245.0,4225.0,1514356.0
2015.12.04,4335.0,45.0,4340.0,4340.0,4305.0,672379.0
2015.12.03,4290.0,-45.0,4265.0,4290.0,4260.0,1829468.0
2015.12.02,4335.0,-55.0,4350.0,4355.0,4335.0,272589.0
2015.12.01,4390.0,40.0,4360.0,4390.0,4330.0,189014.0
2015.11.30,4350.0,-40.0,4350.0,4370.0,4350.0,575238.0
2015.11.27,4390.0,-85.0,4440.0,4445.0,4390.0,548631.0
2015.11.26,4475.0,0.0,4485.0,4490.0,4450.0,296058.0
2015.11.25,4475.0,100.0,4440.0,4475.0,4440.0,545099.0
2015.11.24,4375.0,95.0,4350.0,4375.0,4345.0,486935.0
2015.11.23,4280.0,-60.0,4330.0,4335.0,4280.0,808264.0
2015.11.20,4340.0,-30.0,4350.0,4350.0,4335.0,437117.0
2015.11.19,4370.0,45.0,4340.0,4370.0,4335.0,387631.0
2015.11.18,4325.0,-50.0,4325.0,4335.0,4320.0,630983.0
2015.11.17,4375.0,15.0,4395.0,4395.0,4375.0,809954.0
2015.11.16,4360.0,-20.0,4340.0,4380.0,4340.0,782567.0
2015.11.13,4380.0,-90.0,4380.0,4390.0,4365.0,1452637.0
2015.11.12,4470.0,-75.0,4475.0,4495.0,4470.0,804129.0
2015.11.11,4545.0,-20.0,4540.0,4550.0,4535.0,297725.0
2015.11.10,4565.0,-30.0,4590.0,4590.0,4555.0,231413.0
2015.11.09,4595.0,-50.0,4555.0,4595.0,4545.0,322559.0
2015.11.06,4645.0,-15.0,4630.0,4655.0,4605.0,169412.0
2015.11.05,4660.0,-75.0,4650.0,4670.0,4640.0,187352.0
2015.11.04,4735.0,90.0,4740.0,4750.0,4720.0,624234.0
2015.11.03,4645.0,0.0,4625.0,4645.0,4620.0,264401.0
2015.11.02,4645.0,40.0,4625.0,4650.0,4620.0,406609.0
2015.10.30,4605.0,20.0,4590.0,4605.0,4585.0,252319.0
2015.10.29,4585.0,130.0,4610.0,4615.0,4580.0,537028.0
2015.10.28,4455.0,-50.0,4460.0,4470.0,4455.0,490913.0
2015.10.27,4505.0,-70.0,4530.0,4530.0,4485.0,828878.0
2015.10.26,4575.0,-55.0,4560.0,4580.0,4550.0,519266.0
2015.10.23,4630.0,40.0,4615.0,4630.0,4605.0,109450.0
2015.10.22,4590.0,-50.0,4590.0,4605.0,4585.0,280474.0
2015.10.21,4640.0,5.0,4625.0,4645.0,4620.0,222322.0
2015.10.20,4635.0,-75.0,4640.0,4645.0,4630.0,309430.0
2015.10.19,4710.0,5.0,4745.0,4750.0,4695.0,162985.0
2015.10.16,4705.0,10.0,4700.0,4710.0,4695.0,135204.0
2015.10.15,4695.0,15.0,4670.0,4710.0,4665.0,222309.0
2015.10.14,4680.0,-45.0,4705.0,4705.0,4675.0,294014.0
2015.10.13,4725.0,-135.0,4730.0,4740.0,4705.0,425522.0
2015.10.12,4860.0,105.0,4845.0,4860.0,4835.0,522648.0
2015.10.08,4755.0,-65.0,4780.0,4790.0,4745.0,279275.0
2015.10.07,4820.0,180.0,4760.0,4820.0,4760.0,910925.0
2015.10.06,4640.0,70.0,4635.0,4640.0,4620.0,405830.0
2015.10.05,4570.0,20.0,4570.0,4590.0,4560.0,234276.0
2015.10.02,4550.0,-50.0,4550.0,4565.0,4545.0,269577.0
2015.10.01,4600.0,65.0,4550.0,4600.0,4545.0,216944.0
2015.09.30,4535.0,-90.0,4540.0,4540.0,4520.0,317694.0
2015.09.25,4625.0,20.0,4605.0,4625.0,4600.0,79902.0
2015.09.24,4605.0,-10.0,4545.0,4605.0,4545.0,194845.0
2015.09.23,4615.0,5.0,4635.0,4655.0,4615.0,341396.0
2015.09.22,4610.0,40.0,4645.0,4645.0,4610.0,281889.0
2015.09.21,4570.0,-90.0,4560.0,4580.0,4545.0,361805.0
2015.09.18,4660.0,-15.0,4655.0,4660.0,4625.0,114738.0
2015.09.17,4675.0,100.0,4710.0,4725.0,4660.0,427204.0
2015.09.16,4575.0,55.0,4545.0,4585.0,4545.0,302877.0
2015.09.15,4520.0,-75.0,4530.0,4540.0,4510.0,284525.0
2015.09.14,4595.0,-40.0,4590.0,4635.0,4575.0,407025.0
2015.09.11,4635.0,55.0,4675.0,4680.0,4635.0,377444.0
2015.09.10,4580.0,-155.0,4565.0,4590.0,4535.0,812439.0
2015.09.09,4735.0,135.0,4650.0,4740.0,4645.0,296239.0
2015.09.08,4600.0,-60.0,4585.0,4600.0,4540.0,309694.0
2015.09.07,4660.0,-40.0,4615.0,4660.0,4605.0,155764.0
2015.09.04,4700.0,25.0,4720.0,4730.0,4665.0,272669.0
2015.09.03,4675.0,95.0,4680.0,4715.0,4660.0,382238.0
2015.09.02,4580.0,-245.0,4555.0,4600.0,4540.0,660724.0
2015.09.01,4825.0,215.0,4825.0,4860.0,4790.0,1489942.0
2015.08.31,4610.0,-25.0,4700.0,4700.0,4595.0,575256.0
2015.08.28,4635.0,345.0,4590.0,4635.0,4535.0,872021.0
2015.08.27,4290.0,55.0,4235.0,4305.0,4225.0,362546.0
2015.08.26,4235.0,60.0,4200.0,4240.0,4185.0,474035.0
2015.08.25,4175.0,-25.0,4085.0,4190.0,4080.0,1037346.0
2015.08.24,4200.0,-140.0,4240.0,4260.0,4165.0,1319562.0
2015.08.21,4340.0,-140.0,4365.0,4370.0,4335.0,931010.0
2015.08.20,4480.0,-120.0,4500.0,4500.0,4470.0,747040.0
2015.08.19,4600.0,-45.0,4630.0,4635.0,4600.0,525783.0
2015.08.18,4645.0,-55.0,4645.0,4660.0,4645.0,565856.0
2015.08.17,4700.0,-45.0,4700.0,4715.0,4685.0,433082.0
2015.08.13,4745.0,65.0,4730.0,4755.0,4730.0,329991.0
2015.08.12,4680.0,-90.0,4675.0,4685.0,4655.0,715231.0
2015.08.11,4770.0,105.0,4740.0,4780.0,4740.0,443989.0
2015.08.10,4665.0,-85.0,4670.0,4675.0,4655.0,637133.0
2015.08.07,4750.0,0.0,4735.0,4755.0,4730.0,268076.0
2015.08.06,4750.0,-50.0,4760.0,4760.0,4745.0,668870.0
2015.08.05,4800.0,20.0,4790.0,4805.0,4780.0,466242.0
2015.08.04,4780.0,-105.0,4770.0,4795.0,4765.0,818244.0
2015.08.03,4885.0,-60.0,4900.0,4900.0,4880.0,435535.0
2015.07.31,4945.0,-20.0,4965.0,4970.0,4930.0,316129.0
2015.07.30,4965.0,55.0,4980.0,4995.0,4965.0,437316.0
2015.07.29,4910.0,-15.0,4925.0,4940.0,4910.0,755926.0
2015.07.28,4925.0,-25.0,4910.0,4930.0,4875.0,592333.0
2015.07.27,4950.0,-40.0,4950.0,4955.0,4915.0,634036.0
2015.07.24,4990.0,-75.0,4995.0,5005.0,4990.0,1004860.0
2015.07.23,5065.0,-50.0,5060.0,5080.0,5055.0,497133.0
2015.07.22,5115.0,10.0,5115.0,5130.0,5110.0,281640.0
2015.07.21,5105.0,-15.0,5085.0,5110.0,5070.0,432802.0
2015.07.20,5120.0,-35.0,5140.0,5140.0,5100.0,620227.0
2015.07.17,5155.0,-60.0,5175.0,5690.0,5140.0,1437118.0
2015.07.16,5215.0,-75.0,5210.0,5220.0,5175.0,692661.0
2015.07.15,5290.0,25.0,5285.0,5315.0,5285.0,625958.0
2015.07.14,5265.0,25.0,5265.0,5270.0,5225.0,705449.0
2015.07.13,5240.0,-140.0,5290.0,5300.0,5240.0,1215009.0
2015.07.10,5380.0,55.0,5305.0,5380.0,5280.0,543873.0
2015.07.09,5325.0,100.0,5230.0,5325.0,5225.0,710601.0
2015.07.08,5225.0,-105.0,5320.0,5320.0,5225.0,1506691.0
2015.07.07,5330.0,-145.0,5315.0,5340.0,5310.0,1564560.0
2015.07.06,5475.0,-175.0,5490.0,5530.0,5465.0,819872.0
2015.07.03,5650.0,-55.0,5665.0,5665.0,5640.0,511491.0
2015.07.02,5705.0,-120.0,5670.0,5705.0,5665.0,1002809.0
2015.07.01,5825.0,30.0,5850.0,5850.0,5810.0,297316.0
2015.06.30,5795.0,-20.0,5780.0,5795.0,5750.0,533964.0
2015.06.29,5815.0,-110.0,5825.0,5840.0,5810.0,722851.0
2015.06.26,5925.0,-30.0,5905.0,5925.0,5905.0,242215.0
2015.06.25,5955.0,-60.0,5975.0,5975.0,5945.0,208398.0
2015.06.24,6015.0,45.0,6025.0,6030.0,6010.0,597323.0
2015.06.23,5970.0,40.0,5940.0,5970.0,5930.0,384613.0
2015.06.22,5930.0,-70.0,5930.0,5935.0,5910.0,195205.0
2015.06.19,6000.0,35.0,5995.0,6015.0,5990.0,637685.0
2015.06.18,5965.0,0.0,5955.0,5965.0,5940.0,373014.0
2015.06.17,5965.0,-5.0,5965.0,5980.0,5960.0,349933.0
2015.06.16,5970.0,55.0,5905.0,5970.0,5905.0,440499.0
2015.06.15,5915.0,-75.0,5950.0,5960.0,5915.0,154320.0
2015.06.12,5990.0,-30.0,5985.0,5995.0,5975.0,2092403.0
2015.06.11,6020.0,-30.0,6060.0,6060.0,6020.0,740225.0
2015.06.10,6050.0,240.0,5980.0,6050.0,5970.0,2507127.0
2015.06.09,5810.0,-20.0,5830.0,5835.0,5800.0,300919.0
2015.06.08,5830.0,35.0,5850.0,5850.0,5815.0,294249.0
2015.06.05,5795.0,-95.0,5785.0,5805.0,5755.0,531786.0
2015.06.04,5890.0,-90.0,5900.0,5910.0,5885.0,590962.0
2015.06.03,5980.0,70.0,5990.0,6005.0,5980.0,1411112.0
2015.06.02,5910.0,10.0,5910.0,5920.0,5900.0,828226.0
2015.06.01,5900.0,120.0,5905.0,5915.0,5890.0,1247128.0
2015.05.29,5780.0,35.0,5755.0,5780.0,5755.0,273250.0
2015.05.28,5745.0,-85.0,5750.0,5765.0,5720.0,706766.0
2015.05.27,5830.0,-100.0,5865.0,5865.0,5805.0,826498.0
2015.05.26,5930.0,-60.0,5925.0,5960.0,5925.0,414690.0
2015.05.22,5990.0,100.0,5995.0,6005.0,5980.0,982839.0
2015.05.21,5890.0,20.0,5885.0,5890.0,5860.0,488177.0
2015.05.20,5870.0,-120.0,5835.0,5880.0,5825.0,867861.0
2015.05.19,5990.0,-55.0,6005.0,6010.0,5980.0,596579.0
2015.05.18,6045.0,-5.0,6080.0,6080.0,6025.0,469236.0
2015.05.15,6050.0,-70.0,6075.0,6090.0,6045.0,701364.0
2015.05.14,6120.0,-80.0,6125.0,6125.0,6095.0,400231.0
2015.05.13,6200.0,180.0,6170.0,6200.0,6165.0,1795094.0
2015.05.12,6020.0,-5.0,6010.0,6020.0,5995.0,973419.0
2015.05.11,6025.0,40.0,6010.0,6040.0,6010.0,562533.0
2015.05.08,5985.0,-170.0,6010.0,6020.0,5970.0,1136706.0
2015.05.07,6155.0,-90.0,6185.0,6190.0,6110.0,1408541.0
2015.05.06,6245.0,190.0,6135.0,6250.0,6130.0,2659647.0
2015.05.04,6055.0,85.0,6035.0,6055.0,6020.0,1275657.0
2015.04.30,5970.0,80.0,5980.0,5995.0,5965.0,1250547.0
2015.04.29,5890.0,20.0,5905.0,5905.0,5880.0,619754.0
2015.04.28,5870.0,-80.0,5900.0,5910.0,5855.0,582526.0
2015.04.27,5950.0,-5.0,5960.0,5960.0,5920.0,1191434.0
2015.04.24,5955.0,120.0,5965.0,5970.0,5935.0,2018813.0
2015.04.23,5835.0,75.0,5825.0,5870.0,5820.0,1215146.0
2015.04.22,5760.0,-155.0,5800.0,5830.0,5760.0,1935705.0
2015.04.21,5915.0,-30.0,5940.0,5940.0,5905.0,1526993.0
2015.04.20,5945.0,95.0,5915.0,5955.0,5910.0,2386366.0
2015.04.17,5850.0,-5.0,5905.0,5910.0,5840.0,2860504.0
2015.04.16,5855.0,180.0,5830.0,5870.0,5815.0,5187497.0
2015.04.15,5675.0,80.0,5690.0,5690.0,5640.0,1762271.0
2015.04.14,5595.0,50.0,5565.0,5615.0,5560.0,2004819.0
2015.04.13,5545.0,90.0,5505.0,5545.0,5490.0,1745824.0
2015.04.10,5455.0,25.0,5455.0,5460.0,5440.0,895554.0
2015.04.09,5430.0,-125.0,5410.0,5430.0,5395.0,1469568.0
2015.04.08,5555.0,35.0,5580.0,5590.0,5545.0,2495117.0
2015.04.07,5520.0,160.0,5505.0,5530.0,5505.0,5161209.0
2015.04.06,5360.0,85.0,5290.0,5370.0,5290.0,3116027.0
2015.04.03,5275.0,-85.0,5295.0,5300.0,5265.0,1079747.0
2015.04.02,5360.0,130.0,5380.0,5380.0,5335.0,1769451.0
2015.04.01,5230.0,-65.0,5245.0,5245.0,5200.0,1251248.0
2015.03.31,5295.0,20.0,5295.0,5305.0,5260.0,1111139.0
2015.03.30,5275.0,-160.0,5275.0,5315.0,5245.0,1566584.0
2015.03.27,5435.0,-50.0,5550.0,5550.0,5435.0,3280771.0
2015.03.26,5485.0,295.0,5295.0,5555.0,5285.0,6074178.0
2015.03.25,5190.0,10.0,5190.0,5205.0,5185.0,1096250.0
2015.03.24,5180.0,35.0,5205.0,5220.0,5180.0,2049895.0
2015.03.23,5145.0,25.0,5170.0,5180.0,5145.0,2575454.0
2015.03.20,5120.0,-40.0,5115.0,5150.0,5110.0,2381407.0
2015.03.19,5160.0,120.0,5200.0,5215.0,5140.0,3906792.0
2015.03.18,5040.0,-125.0,5040.0,5060.0,5030.0,7359522.0
2015.03.17,5165.0,-75.0,5170.0,5185.0,5155.0,6247654.0
2015.03.16,5240.0,-235.0,5160.0,5300.0,5150.0,6451586.0
2015.03.13,5475.0,-70.0,5450.0,5475.0,5450.0,1740111.0
2015.03.12,5545.0,45.0,5485.0,5545.0,5480.0,846760.0
2015.03.11,5500.0,-105.0,5485.0,5505.0,5480.0,2868572.0
2015.03.10,5605.0,-15.0,5600.0,5610.0,5590.0,1469611.0
2015.03.09,5620.0,-100.0,5630.0,5635.0,5610.0,2749891.0
2015.03.06,5720.0,-5.0,5720.0,5735.0,5705.0,1071783.0
2015.03.05,5725.0,5.0,5745.0,5750.0,5725.0,1050781.0
2015.03.04,5720.0,15.0,5725.0,5735.0,5710.0,1379589.0
2015.03.03,5705.0,-35.0,5685.0,5710.0,5675.0,2171308.0
2015.03.02,5740.0,70.0,5730.0,5740.0,5710.0,1265207.0
2015.02.27,5670.0,-70.0,5620.0,5680.0,5610.0,1991956.0
2015.02.26,5740.0,145.0,5740.0,5745.0,5725.0,2110620.0
2015.02.25,5595.0,-30.0,5605.0,5620.0,5595.0,2967611.0
2015.02.24,5625.0,-100.0,5635.0,5660.0,5615.0,3707858.0
2015.02.23,5725.0,-205.0,5690.0,5750.0,5685.0,4615215.0
2015.02.17,5930.0,25.0,5900.0,5935.0,5890.0,1135564.0
2015.02.16,5905.0,40.0,5965.0,5970.0,5895.0,2089814.0
2015.02.13,5865.0,170.0,5815.0,5870.0,5790.0,2194186.0
2015.02.12,5695.0,-10.0,5640.0,5695.0,5605.0,1808222.0
2015.02.11,5705.0,-85.0,5695.0,5730.0,5675.0,2521609.0
2015.02.10,5790.0,-10.0,5855.0,5855.0,5785.0,2629419.0
2015.02.09,5800.0,15.0,5870.0,5885.0,5785.0,2881707.0
2015.02.06,5785.0,305.0,5720.0,5785.0,5670.0,4411620.0
2015.02.05,5480.0,-405.0,5510.0,5585.0,5480.0,6625836.0
2015.02.04,5885.0,285.0,5825.0,5885.0,5810.0,5335503.0
2015.02.03,5600.0,310.0,5490.0,5605.0,5470.0,6681703.0
2015.02.02,5290.0,230.0,5310.0,5325.0,5255.0,4555136.0
2015.01.30,5060.0,15.0,5070.0,5070.0,5040.0,1894553.0
2015.01.29,5045.0,-100.0,5055.0,5070.0,5040.0,3742902.0
2015.01.28,5145.0,30.0,5135.0,5155.0,5120.0,3713626.0
2015.01.27,5115.0,-20.0,5115.0,5130.0,5105.0,4256717.0
2015.01.26,5135.0,-180.0,5220.0,5225.0,5070.0,5464716.0
2015.01.23,5315.0,30.0,5265.0,5315.0,5240.0,4370021.0
2015.01.22,5285.0,45.0,5300.0,5300.0,5255.0,2845665.0
2015.01.21,5240.0,-80.0,5225.0,5240.0,5195.0,2641817.0
2015.01.20,5320.0,-65.0,5330.0,5335.0,5285.0,2161599.0
2015.01.19,5385.0,130.0,5460.0,5460.0,5355.0,2442010.0
2015.01.16,5255.0,-85.0,5185.0,5270.0,5165.0,2134301.0
2015.01.15,5340.0,225.0,5340.0,5405.0,5310.0,1897196.0
2015.01.14,5115.0,-25.0,5160.0,5205.0,5110.0,2229267.0
2015.01.13,5140.0,-230.0,5210.0,5210.0,5120.0,2473733.0
2015.01.12,5370.0,-115.0,5410.0,5425.0,5360.0,1446435.0
2015.01.09,5485.0,65.0,5495.0,5510.0,5465.0,1371842.0
2015.01.08,5420.0,100.0,5400.0,5485.0,5370.0,1106914.0
2015.01.07,5320.0,-295.0,5440.0,5445.0,5305.0,2511291.0
2015.01.06,5615.0,-155.0,5590.0,5615.0,5560.0,812493.0
2015.01.05,5770.0,-240.0,5950.0,5955.0,5750.0,1370543.0
2015.01.02,6010.0,60.0,6005.0,6045.0,5985.0,582895.0
2014.12.30,5950.0,-225.0,6080.0,6085.0,5945.0,1261755.0
2014.12.29,6175.0,-60.0,6215.0,6215.0,6140.0,844147.0
2014.12.26,6235.0,-75.0,6250.0,6265.0,6215.0,505580.0
2014.12.24,6310.0,45.0,6420.0,6425.0,6300.0,581543.0
2014.12.23,6265.0,-205.0,6285.0,6300.0,6200.0,1097824.0
2014.12.22,6470.0,255.0,6445.0,6500.0,6390.0,733761.0
2014.12.19,6215.0,-155.0,6260.0,6280.0,6175.0,1430989.0
2014.12.18,6370.0,130.0,6310.0,6440.0,6310.0,747593.0
2014.12.17,6240.0,-115.0,6410.0,6425.0,6235.0,864982.0
2014.12.16,6355.0,-225.0,6360.0,6390.0,6325.0,652302.0
2014.12.15,6580.0,-165.0,6590.0,6600.0,6425.0,539119.0
2014.12.12,6745.0,-180.0,6850.0,6865.0,6660.0,321017.0
2014.12.11,6925.0,-210.0,6900.0,6965.0,6900.0,254303.0
2014.12.10,7135.0,75.0,7100.0,7135.0,7060.0,101976.0
2014.12.09,7060.0,-265.0,7110.0,7110.0,7035.0,320990.0
2014.12.08,7325.0,-170.0,7350.0,7400.0,7320.0,271606.0
2014.12.05,7495.0,-150.0,7615.0,7615.0,7460.0,289134.0
2014.12.04,7645.0,45.0,7670.0,7705.0,7645.0,154206.0
2014.12.03,7600.0,-115.0,7650.0,7650.0,7590.0,157217.0
2014.12.02,7715.0,205.0,7710.0,7795.0,7690.0,75816.0
2014.12.01,7510.0,-395.0,7820.0,7820.0,7470.0,301947.0
2014.11.28,7905.0,-315.0,7995.0,7995.0,7750.0,184834.0
2014.11.27,8220.0,-180.0,8380.0,8380.0,8200.0,255047.0
2014.11.26,8400.0,-150.0,8480.0,8480.0,8330.0,52405.0
2014.11.25,8550.0,-45.0,8590.0,8590.0,8500.0,22371.0
2014.11.24,8595.0,100.0,8540.0,8635.0,8530.0,33878.0
2014.11.21,8495.0,130.0,8415.0,8510.0,8415.0,18971.0
2014.11.20,8365.0,30.0,8315.0,8365.0,8310.0,6301.0
2014.11.19,8335.0,-70.0,8400.0,8400.0,8320.0,21778.0
2014.11.18,8405.0,0.0,8400.0,8420.0,8370.0,9896.0
2014.11.17,8405.0,135.0,8375.0,8405.0,8365.0,18234.0
2014.11.14,8270.0,-440.0,8580.0,8585.0,8270.0,86984.0
2014.11.13,8710.0,45.0,8665.0,8710.0,8615.0,7168.0
2014.11.12,8665.0,-20.0,8755.0,8775.0,8660.0,18903.0
2014.11.11,8685.0,-190.0,8780.0,8800.0,8665.0,24959.0
2014.11.10,8875.0,75.0,8800.0,8875.0,8800.0,8251.0
2014.11.07,8800.0,-10.0,8780.0,8800.0,8720.0,10810.0
2014.11.06,8810.0,150.0,8680.0,8810.0,8680.0,6624.0
2014.11.05,8660.0,-145.0,8730.0,8730.0,8615.0,28812.0
2014.11.04,8805.0,-270.0,9225.0,9225.0,8800.0,31237.0
2014.11.03,9075.0,25.0,9050.0,9075.0,9005.0,7957.0
2014.10.31,9050.0,-125.0,9175.0,9175.0,9045.0,8496.0
2014.10.30,9175.0,65.0,9115.0,9175.0,9115.0,3444.0
2014.10.29,9110.0,80.0,9070.0,9110.0,9040.0,3101.0
2014.10.28,9030.0,-20.0,9090.0,9090.0,9010.0,3093.0
2014.10.27,9050.0,-40.0,9230.0,9230.0,9040.0,4016.0
2014.10.24,9090.0,-110.0,9190.0,9190.0,9035.0,3039.0
2014.10.23,9200.0,-45.0,9190.0,9200.0,9000.0,11265.0
2014.10.22,9245.0,55.0,9220.0,9245.0,9180.0,5711.0
2014.10.21,9190.0,-50.0,9150.0,9220.0,9150.0,8701.0
2014.10.20,9240.0,40.0,9200.0,9240.0,9100.0,3027.0
2014.10.17,9200.0,0.0,9140.0,9230.0,9140.0,6511.0
2014.10.16,9200.0,-200.0,9165.0,9200.0,9015.0,4810.0
2014.10.15,9400.0,0.0,9290.0,9400.0,9140.0,11386.0
2014.10.14,9400.0,90.0,9300.0,9415.0,9300.0,3004.0
2014.10.13,9310.0,-30.0,9300.0,9375.0,9300.0,5008.0
2014.10.10,9340.0,-440.0,9600.0,9600.0,9290.0,24549.0
2014.10.08,9780.0,-165.0,9900.0,9900.0,9700.0,6185.0
2014.10.07,9945.0,35.0,9920.0,9985.0,9915.0,4204.0
2014.10.06,9910.0,-85.0,9980.0,9980.0,9885.0,4904.0
2014.10.02,9995.0,-115.0,10200.0,10200.0,9995.0,2555.0
2014.10.01,10110.0,-330.0,10110.0,10130.0,10090.0,8650.0
2014.09.30,10440.0,110.0,10305.0,10450.0,10305.0,2750.0
2014.09.29,10330.0,110.0,10270.0,10330.0,10260.0,2335.0
2014.09.26,10220.0,-10.0,10230.0,10230.0,10160.0,1692.0
2014.09.25,10230.0,115.0,10260.0,10260.0,10185.0,1509.0
2014.09.24,10115.0,35.0,10205.0,10205.0,10105.0,2606.0
2014.09.23,10080.0,-10.0,10030.0,10240.0,10030.0,9556.0
2014.09.22,10090.0,-60.0,10055.0,10130.0,10055.0,3846.0
2014.09.19,10150.0,-55.0,10150.0,10160.0,10135.0,317.0
2014.09.18,10205.0,-90.0,10240.0,10255.0,10190.0,2606.0
2014.09.17,10295.0,225.0,10260.0,10300.0,10260.0,5982.0
2014.09.16,10070.0,50.0,10180.0,10180.0,10070.0,900.0
2014.09.15,10020.0,-105.0,10080.0,10080.0,9965.0,8245.0
2014.09.12,10125.0,-15.0,10140.0,10150.0,10080.0,11085.0
2014.09.11,10140.0,-220.0,10040.0,10140.0,10005.0,30975.0
2014.09.05,10360.0,-40.0,10390.0,10390.0,10310.0,540.0
2014.09.04,10400.0,15.0,10340.0,10405.0,10340.0,2390.0
2014.09.03,10385.0,-50.0,10400.0,10400.0,10195.0,3577.0
2014.09.02,10435.0,0.0,10435.0,10435.0,10410.0,1110.0
2014.09.01,10435.0,80.0,10420.0,10435.0,10415.0,2062.0
2014.08.29,10355.0,65.0,10375.0,10375.0,10300.0,775.0
2014.08.28,10290.0,-70.0,10360.0,10360.0,10250.0,2379.0
2014.08.27,10360.0,-20.0,10380.0,10380.0,10255.0,812.0
2014.08.26,10380.0,-5.0,10230.0,10390.0,10225.0,3203.0
2014.08.25,10385.0,105.0,10435.0,10435.0,10235.0,1767.0
2014.08.22,10280.0,-80.0,10410.0,10410.0,10275.0,2173.0
2014.08.21,10360.0,-10.0,10355.0,10360.0,10225.0,545.0
2014.08.20,10370.0,170.0,10395.0,10395.0,10150.0,1953.0
2014.08.19,10200.0,-130.0,10350.0,10350.0,10200.0,5031.0
2014.08.18,10330.0,-205.0,10540.0,10545.0,10330.0,3973.0
2014.08.14,10535.0,35.0,10480.0,10545.0,10480.0,1946.0
2014.08.13,10500.0,-90.0,11050.0,11050.0,10500.0,3155.0
2014.08.12,10590.0,-10.0,10605.0,10620.0,10535.0,13563.0
2014.08.11,10600.0,-50.0,10645.0,10645.0,10600.0,3064.0
2014.08.08,10650.0,110.0,10550.0,10760.0,10515.0,17479.0
2014.08.07,10540.0,-65.0,10600.0,10600.0,10530.0,7227.0
2014.08.06,10605.0,-120.0,10615.0,10725.0,10580.0,3817.0
2014.08.05,10725.0,-115.0,10840.0,10840.0,10615.0,2332.0
2014.08.04,10840.0,225.0,10610.0,10840.0,10610.0,3336.0
2014.08.01,10615.0,-145.0,10730.0,10730.0,10590.0,3255.0
2014.07.31,10760.0,-200.0,11100.0,11140.0,10720.0,2173.0
2014.07.30,10960.0,-25.0,10945.0,10960.0,10880.0,5936.0
2014.07.29,10985.0,30.0,10995.0,10995.0,10930.0,819.0
2014.07.28,10955.0,-40.0,10995.0,11025.0,10950.0,481.0
2014.07.25,10995.0,-95.0,11010.0,11020.0,10995.0,1104.0
2014.07.24,11090.0,35.0,11100.0,11170.0,11090.0,368.0
2014.07.23,11055.0,-110.0,11045.0,11060.0,11030.0,383.0
2014.07.22,11165.0,175.0,11080.0,11190.0,11070.0,879.0
2014.07.21,10990.0,-95.0,10965.0,11040.0,10965.0,585.0
2014.07.18,11085.0,175.0,11215.0,11215.0,11075.0,3754.0
2014.07.17,10910.0,110.0,10825.0,10940.0,10825.0,990.0
2014.07.16,10800.0,-80.0,10800.0,10800.0,10760.0,7552.0
2014.07.15,10880.0,75.0,10890.0,10890.0,10860.0,2079.0
2014.07.14,10805.0,-265.0,10910.0,10910.0,10805.0,1853.0
2014.07.11,11070.0,95.0,11005.0,11070.0,11005.0,1564.0
2014.07.10,10975.0,-125.0,11000.0,11000.0,10965.0,875.0
2014.07.09,11100.0,-30.0,11130.0,11130.0,11100.0,51234.0
2014.07.08,11130.0,-50.0,11055.0,11140.0,11055.0,20900.0
2014.07.07,11180.0,5.0,11175.0,11180.0,11120.0,690.0
2014.07.04,11175.0,-35.0,11130.0,11185.0,11130.0,518.0
2014.07.03,11210.0,-95.0,11105.0,11215.0,11105.0,268.0
2014.07.02,11305.0,-75.0,11200.0,11345.0,11200.0,795.0
2014.07.01,11380.0,100.0,11350.0,11380.0,11250.0,4327.0
2014.06.30,11280.0,-35.0,11500.0,11500.0,10970.0,4953.0
2014.06.27,11315.0,-110.0,11285.0,11385.0,11285.0,2132.0
2014.06.26,11425.0,-15.0,11350.0,11465.0,11350.0,1150.0
2014.06.25,11440.0,110.0,11330.0,11500.0,11330.0,706.0
2014.06.24,11330.0,-185.0,11445.0,11445.0,11310.0,5355.0
2014.06.23,11515.0,115.0,11410.0,11550.0,11410.0,698.0
2014.06.20,11400.0,15.0,11390.0,11420.0,11370.0,1054.0
2014.06.19,11385.0,25.0,11250.0,11420.0,11250.0,1098.0
2014.06.18,11360.0,10.0,11350.0,11420.0,11350.0,2572.0
2014.06.17,11350.0,-100.0,11490.0,11490.0,11305.0,8843.0
2014.06.16,11450.0,30.0,11320.0,11490.0,11320.0,3448.0
2014.06.13,11420.0,300.0,11305.0,11465.0,11305.0,15390.0
2014.06.12,11120.0,20.0,11035.0,11120.0,11035.0,810.0
2014.06.11,11100.0,-20.0,11010.0,11100.0,11010.0,1242.0
2014.06.10,11120.0,145.0,11005.0,11160.0,11005.0,8579.0
2014.06.09,10975.0,90.0,10885.0,10975.0,10885.0,1261.0
2014.06.05,10885.0,-35.0,10920.0,10920.0,10885.0,82.0
2014.06.03,10920.0,-110.0,10900.0,10920.0,10885.0,3716.0
2014.06.02,11030.0,-20.0,10930.0,11030.0,10930.0,1681.0
2014.05.30,11050.0,55.0,10920.0,11050.0,10920.0,6087.0
2014.05.29,10995.0,-130.0,11030.0,11030.0,10930.0,549.0
2014.05.28,11125.0,0.0,11005.0,11140.0,11005.0,7495.0
2014.05.27,11125.0,50.0,11055.0,11125.0,11055.0,935.0
2014.05.26,11075.0,15.0,11060.0,11095.0,11050.0,1724.0
2014.05.23,11060.0,15.0,10905.0,11070.0,10905.0,5875.0
2014.05.22,11045.0,75.0,10995.0,11100.0,10995.0,1591.0
2014.05.21,10970.0,40.0,10805.0,10970.0,10805.0,667.0
2014.05.20,10930.0,65.0,10865.0,10930.0,10845.0,1158.0
2014.05.19,10865.0,40.0,10805.0,10865.0,10805.0,2341.0
2014.05.16,10825.0,30.0,10670.0,10825.0,10670.0,1104.0
2014.05.15,10795.0,30.0,10800.0,10835.0,10780.0,484.0
2014.05.14,10765.0,80.0,10705.0,10790.0,10705.0,249.0
2014.05.13,10685.0,55.0,10855.0,10855.0,10605.0,526.0
2014.05.12,10630.0,-10.0,10535.0,10630.0,10535.0,75.0
2014.05.09,10640.0,-10.0,10635.0,10650.0,10630.0,706.0
2014.05.08,10650.0,55.0,10590.0,10685.0,10590.0,202.0
2014.05.07,10595.0,65.0,10785.0,10785.0,10515.0,271.0
2014.05.02,10530.0,-120.0,10650.0,10650.0,10515.0,621.0
2014.04.30,10650.0,-50.0,10705.0,10705.0,10600.0,1528.0
2014.04.29,10700.0,-150.0,10690.0,10700.0,10690.0,76.0
2014.04.28,10850.0,50.0,10685.0,10850.0,10630.0,2415.0
2014.04.25,10800.0,90.0,10980.0,10980.0,10745.0,136.0
2014.04.24,10710.0,-25.0,10685.0,10745.0,10685.0,177.0
2014.04.23,10735.0,-190.0,10835.0,10835.0,10695.0,820.0
2014.04.22,10925.0,45.0,10840.0,10930.0,10840.0,396.0
2014.04.21,10880.0,-45.0,10860.0,10900.0,10860.0,1033.0
2014.04.18,10925.0,75.0,10860.0,10975.0,10860.0,390.0
2014.04.17,10850.0,-5.0,10815.0,10920.0,10815.0,1507.0
2014.04.16,10855.0,10.0,10825.0,10895.0,10800.0,1297.0
2014.04.15,10845.0,-40.0,10785.0,10865.0,10780.0,1687.0
2014.04.14,10885.0,180.0,10800.0,10900.0,10800.0,2541.0
2014.04.11,10705.0,-65.0,10700.0,10800.0,10700.0,2182.0
2014.04.10,10770.0,120.0,10750.0,10840.0,10750.0,2536.0
2014.04.09,10650.0,85.0,10650.0,10790.0,10600.0,807.0
2014.04.08,10565.0,-35.0,10505.0,10610.0,10505.0,21246.0
2014.04.07,10600.0,95.0,10600.0,10615.0,10550.0,181.0
2014.04.04,10505.0,115.0,10405.0,10560.0,10405.0,3149.0
2014.04.03,10390.0,-70.0,10370.0,10460.0,10370.0,531.0
2014.04.02,10460.0,-145.0,10505.0,10505.0,10410.0,2135.0
2014.04.01,10605.0,-60.0,10600.0,10650.0,10595.0,5985.0
2014.03.31,10665.0,15.0,10700.0,10700.0,10600.0,942.0
2014.03.28,10650.0,120.0,10550.0,10650.0,10550.0,374.0
2014.03.27,10530.0,90.0,10500.0,10530.0,10475.0,1110.0
2014.03.26,10440.0,15.0,10490.0,10490.0,10425.0,99.0
2014.03.25,10425.0,5.0,10495.0,10495.0,10400.0,3026.0
2014.03.24,10420.0,80.0,10475.0,10475.0,10350.0,2583.0
2014.03.21,10340.0,-115.0,10485.0,10485.0,10325.0,26549.0
2014.03.20,10455.0,95.0,10490.0,10490.0,10385.0,2395.0
2014.03.19,10360.0,110.0,10300.0,10500.0,10300.0,9254.0
2014.03.18,10250.0,-140.0,10390.0,10390.0,10235.0,6139.0
2014.03.17,10390.0,140.0,10495.0,10495.0,10335.0,2893.0
2014.03.14,10250.0,-20.0,10380.0,10380.0,10250.0,306.0
2014.03.13,10270.0,-95.0,10365.0,10365.0,10250.0,1887.0
2014.03.12,10365.0,-165.0,10405.0,10405.0,10345.0,1017.0
2014.03.11,10530.0,-110.0,10455.0,10530.0,10455.0,307.0
2014.03.10,10640.0,40.0,10600.0,10690.0,10600.0,603.0
2014.03.07,10600.0,60.0,10555.0,10600.0,10555.0,541.0
2014.03.06,10540.0,-205.0,10600.0,10650.0,10370.0,7637.0
2014.03.05,10745.0,-200.0,10730.0,10775.0,10725.0,805.0
2014.03.04,10945.0,115.0,10905.0,11150.0,10905.0,1839.0
2014.03.03,10830.0,175.0,10735.0,10910.0,10735.0,9417.0
2014.02.28,10655.0,-30.0,10550.0,10660.0,10550.0,1827.0
2014.02.27,10685.0,90.0,10520.0,10700.0,10520.0,1658.0
2014.02.26,10595.0,-50.0,10500.0,10645.0,10500.0,3529.0
2014.02.25,10645.0,-5.0,10700.0,10700.0,10640.0,376.0
2014.02.24,10650.0,-25.0,10580.0,10695.0,10580.0,572.0
2014.02.21,10675.0,45.0,10610.0,10700.0,10610.0,4079.0
2014.02.20,10630.0,5.0,10610.0,10680.0,10610.0,2510.0
2014.02.19,10625.0,145.0,10620.0,10660.0,10610.0,2290.0
2014.02.18,10480.0,40.0,10500.0,10500.0,10435.0,137.0
2014.02.17,10440.0,55.0,10450.0,10450.0,10415.0,947.0
2014.02.14,10385.0,30.0,10300.0,10400.0,10300.0,640.0
2014.02.13,10355.0,-25.0,10300.0,10415.0,10300.0,468.0
2014.02.12,10380.0,55.0,10325.0,10380.0,10325.0,1719.0
2014.02.11,10325.0,20.0,10235.0,10345.0,10235.0,926.0
2014.02.10,10305.0,215.0,10300.0,10365.0,10300.0,14257.0
2014.02.07,10090.0,-5.0,10065.0,10110.0,10065.0,905.0
2014.02.06,10095.0,15.0,10000.0,10145.0,10000.0,6781.0
2014.02.05,10080.0,65.0,10115.0,10115.0,10000.0,570.0
2014.02.04,10015.0,-35.0,9900.0,10015.0,9900.0,6381.0
2014.02.03,10050.0,-5.0,10070.0,10070.0,10000.0,3363.0
2014.01.29,10055.0,155.0,10000.0,10065.0,10000.0,1200.0
2014.01.28,9900.0,-70.0,9845.0,9955.0,9845.0,14064.0
2014.01.27,9970.0,-115.0,10025.0,10040.0,9965.0,2279.0
2014.01.24,10085.0,110.0,10010.0,10120.0,10000.0,2828.0
2014.01.23,9975.0,145.0,9900.0,9980.0,9900.0,1850.0
2014.01.22,9830.0,85.0,9755.0,9845.0,9755.0,3212.0
2014.01.21,9745.0,0.0,9700.0,9765.0,9700.0,268.0
2014.01.20,9745.0,10.0,9735.0,9745.0,9700.0,425.0
2014.01.17,9735.0,-5.0,9740.0,9740.0,9700.0,15283.0
2014.01.16,9740.0,140.0,9705.0,9765.0,9700.0,3663.0
2014.01.15,9600.0,10.0,9645.0,9645.0,9600.0,1893.0
2014.01.14,9590.0,-30.0,9620.0,9620.0,9530.0,8428.0
2014.01.13,9620.0,-15.0,9700.0,9700.0,9615.0,13207.0
2014.01.10,9635.0,0.0,9695.0,9695.0,9580.0,2305.0
2014.01.09,9635.0,-105.0,9700.0,9700.0,9600.0,5975.0
2014.01.08,9740.0,5.0,9740.0,9780.0,9735.0,862.0
2014.01.07,9735.0,-40.0,9900.0,9900.0,9725.0,2046.0
2014.01.06,9775.0,-120.0,9895.0,9895.0,9755.0,2039.0
2014.01.03,9895.0,-305.0,10200.0,10200.0,9895.0,4705.0
2014.01.02,10200.0,-180.0,10375.0,10375.0,10185.0,2350.0
2013.12.30,10380.0,95.0,10310.0,10405.0,10310.0,9377.0
2013.12.27,10285.0,10.0,10300.0,10300.0,10285.0,744.0
2013.12.26,10275.0,85.0,10195.0,10295.0,10195.0,685.0
2013.12.24,10190.0,-45.0,10310.0,10310.0,10190.0,2236.0
2013.12.23,10235.0,25.0,10310.0,10310.0,10235.0,3719.0
2013.12.20,10210.0,95.0,10190.0,10215.0,10180.0,2481.0
2013.12.19,10115.0,35.0,10110.0,10155.0,10110.0,1794.0
2013.12.18,10080.0,-10.0,10280.0,10280.0,10075.0,4541.0
2013.12.17,10090.0,105.0,10050.0,10090.0,10050.0,233.0
2013.12.16,9985.0,-85.0,10200.0,10200.0,9985.0,521.0
2013.12.13,10070.0,-10.0,10095.0,10115.0,10070.0,2088.0
2013.12.12,10080.0,-130.0,10205.0,10205.0,10075.0,1394.0
2013.12.11,10210.0,105.0,10160.0,10275.0,10160.0,7017.0
2013.12.10,10105.0,-25.0,10130.0,10130.0,10085.0,2418.0
2013.12.09,10130.0,25.0,10200.0,10200.0,10125.0,1855.0
2013.12.06,10105.0,-5.0,10155.0,10155.0,10105.0,439.0
2013.12.05,10110.0,20.0,10175.0,10175.0,10000.0,1366.0
2013.12.04,10090.0,340.0,9940.0,10200.0,9940.0,11702.0
2013.12.03,9750.0,85.0,9850.0,9850.0,9750.0,11798.0
2013.12.02,9665.0,35.0,9700.0,9700.0,9645.0,1890.0
2013.11.29,9630.0,-340.0,9700.0,9700.0,9610.0,6059.0
2013.11.28,9970.0,170.0,9745.0,9970.0,9470.0,4458.0
2013.11.27,9800.0,-20.0,9890.0,9890.0,9730.0,3147.0
2013.11.26,9820.0,-30.0,9845.0,9845.0,9780.0,1242.0
2013.11.25,9850.0,-40.0,9850.0,9850.0,9720.0,3593.0
2013.11.22,9890.0,-90.0,9975.0,9980.0,9865.0,4221.0
2013.11.21,9980.0,200.0,9840.0,9980.0,9740.0,2126.0
2013.11.20,9780.0,80.0,9745.0,9800.0,9745.0,7492.0
2013.11.19,9700.0,-90.0,9750.0,9750.0,9695.0,3740.0
2013.11.18,9790.0,-45.0,9845.0,9850.0,9760.0,6334.0
2013.11.15,9835.0,50.0,9845.0,9850.0,9825.0,2558.0
2013.11.14,9785.0,85.0,9750.0,9790.0,9750.0,1326.0
2013.11.13,9700.0,-190.0,9780.0,9780.0,9685.0,9232.0
2013.11.12,9890.0,-5.0,9945.0,9945.0,9850.0,2576.0
2013.11.11,9895.0,70.0,9890.0,9900.0,9865.0,6502.0
2013.11.08,9825.0,-70.0,9850.0,9885.0,9805.0,13670.0
2013.11.07,9895.0,90.0,9900.0,9910.0,9885.0,6955.0
2013.11.06,9805.0,-70.0,9835.0,9840.0,9780.0,2985.0
2013.11.05,9875.0,-5.0,9945.0,9945.0,9855.0,3410.0
2013.11.04,9880.0,-190.0,10000.0,10000.0,9850.0,10596.0
2013.11.01,10070.0,25.0,10000.0,10070.0,10000.0,1075.0
2013.10.31,10045.0,-130.0,10120.0,10120.0,10045.0,4022.0
2013.10.30,10175.0,-90.0,10185.0,10190.0,10175.0,2452.0
2013.10.29,10265.0,95.0,10280.0,10280.0,10215.0,1327.0
2013.10.28,10170.0,15.0,10140.0,10190.0,10130.0,3918.0
2013.10.25,10155.0,15.0,10140.0,10160.0,10105.0,1628.0
2013.10.24,10140.0,-75.0,10190.0,10190.0,10090.0,1363.0
2013.10.23,10215.0,-145.0,10300.0,10300.0,10190.0,3021.0
2013.10.22,10360.0,-115.0,10525.0,10525.0,10340.0,5591.0
2013.10.21,10475.0,-20.0,10550.0,10550.0,10475.0,3529.0
2013.10.18,10495.0,-135.0,10600.0,10600.0,10465.0,2231.0
2013.10.17,10630.0,95.0,10700.0,10700.0,10625.0,2494.0
2013.10.16,10535.0,-90.0,10610.0,10610.0,10500.0,1412.0
2013.10.15,10625.0,55.0,10700.0,10700.0,10610.0,462.0
2013.10.14,10570.0,-75.0,10870.0,10870.0,10515.0,1278.0
2013.10.11,10645.0,105.0,10565.0,10645.0,10565.0,1793.0
2013.10.10,10540.0,-145.0,10560.0,10575.0,10515.0,1655.0
2013.10.08,10685.0,5.0,10800.0,10800.0,10665.0,348.0
2013.10.07,10680.0,-5.0,10800.0,10800.0,10675.0,2367.0
2013.10.04,10685.0,160.0,10800.0,10800.0,10645.0,1779.0
2013.10.02,10525.0,-10.0,10530.0,10530.0,10485.0,3886.0
2013.10.01,10535.0,15.0,10585.0,10585.0,10530.0,1879.0
2013.09.30,10520.0,-80.0,10600.0,10600.0,10505.0,848.0
2013.09.27,10600.0,-30.0,10640.0,10640.0,10590.0,1357.0
2013.09.26,10630.0,-70.0,10700.0,10700.0,10580.0,747.0
2013.09.25,10700.0,-10.0,10890.0,10890.0,10600.0,28485.0
2013.09.24,10710.0,-120.0,11000.0,11000.0,10660.0,1648.0
2013.09.23,10830.0,-65.0,10800.0,10835.0,10750.0,2402.0
2013.09.17,10895.0,-95.0,11010.0,11010.0,10835.0,1905.0
2013.09.16,10990.0,-80.0,11000.0,11015.0,10990.0,4428.0
2013.09.13,11070.0,295.0,11080.0,11140.0,11070.0,3372.0
2013.09.12,10775.0,-125.0,10950.0,11010.0,10775.0,12589.0
2013.09.11,10900.0,-165.0,10930.0,11065.0,10890.0,9318.0
2013.09.10,11065.0,-180.0,11110.0,11150.0,11040.0,9860.0
2013.09.09,11245.0,130.0,11165.0,11300.0,11165.0,4000.0
2013.09.06,11115.0,110.0,11015.0,11115.0,11015.0,2717.0
2013.09.05,11005.0,-95.0,11195.0,11195.0,10995.0,1091.0
2013.09.04,11100.0,150.0,11190.0,11190.0,11065.0,8104.0
2013.09.03,10950.0,65.0,11100.0,11100.0,10785.0,2855.0
2013.09.02,10885.0,-160.0,11045.0,11045.0,10835.0,2080.0
2013.08.30,11045.0,-180.0,11225.0,11225.0,10950.0,4585.0
2013.08.29,11225.0,-245.0,11480.0,11970.0,11180.0,24632.0
2013.08.28,11470.0,585.0,11225.0,11500.0,11225.0,23158.0
2013.08.27,10885.0,-65.0,10855.0,10930.0,10855.0,1103.0
2013.08.26,10950.0,205.0,10850.0,10995.0,10850.0,539.0
2013.08.23,10745.0,95.0,10695.0,10800.0,10695.0,8312.0
2013.08.22,10650.0,-90.0,10690.0,10690.0,10615.0,1585.0
2013.08.21,10740.0,-105.0,10705.0,10790.0,10705.0,1258.0
2013.08.20,10845.0,-150.0,10835.0,10995.0,10835.0,1330.0
2013.08.19,10995.0,0.0,10995.0,10995.0,10965.0,1066.0
2013.08.16,10995.0,130.0,10710.0,11005.0,10710.0,5186.0
2013.08.14,10865.0,55.0,10885.0,10890.0,10840.0,4086.0
2013.08.13,10810.0,0.0,10750.0,10835.0,10750.0,483.0
2013.08.12,10810.0,260.0,10745.0,10810.0,10745.0,2001.0
2013.08.09,10550.0,-130.0,10625.0,10625.0,10515.0,12444.0
2013.08.08,10680.0,-10.0,10555.0,10685.0,10555.0,478.0
2013.08.07,10690.0,-120.0,10740.0,10775.0,10690.0,341.0
2013.08.06,10810.0,-85.0,10895.0,10895.0,10800.0,936.0
2013.08.05,10895.0,-115.0,11010.0,11010.0,10815.0,755.0
2013.08.02,11010.0,245.0,10945.0,11070.0,10945.0,10164.0
2013.08.01,10765.0,250.0,10625.0,10765.0,10625.0,4303.0
2013.07.31,10515.0,-130.0,10465.0,10545.0,10465.0,2226.0
2013.07.30,10645.0,25.0,10500.0,10645.0,10500.0,1389.0
2013.07.29,10620.0,-70.0,10535.0,10805.0,10535.0,1728.0
2013.07.26,10690.0,5.0,10615.0,10740.0,10615.0,3350.0
2013.07.25,10685.0,-175.0,10745.0,10745.0,10675.0,5181.0
2013.07.24,10860.0,25.0,10855.0,10900.0,10855.0,1246.0
2013.07.23,10835.0,-175.0,10850.0,10860.0,10835.0,831.0
2013.07.22,11010.0,30.0,10945.0,11020.0,10945.0,1649.0
2013.07.19,10980.0,185.0,10880.0,10980.0,10880.0,6884.0
2013.07.18,10795.0,65.0,10730.0,10820.0,10730.0,4195.0
2013.07.17,10730.0,30.0,10600.0,10735.0,10600.0,2693.0
2013.07.16,10700.0,-50.0,10475.0,10820.0,10475.0,2907.0
2013.07.15,10750.0,155.0,10655.0,10750.0,10600.0,9456.0
2013.07.12,10595.0,-210.0,10770.0,10770.0,10545.0,4187.0
2013.07.11,10805.0,310.0,10690.0,10805.0,10690.0,12203.0
2013.07.10,10495.0,5.0,10475.0,10595.0,10475.0,6329.0
2013.07.09,10490.0,-15.0,10350.0,10500.0,10350.0,5922.0
2013.07.08,10505.0,240.0,10445.0,10700.0,10445.0,25839.0
2013.07.05,10265.0,-30.0,10230.0,10330.0,10230.0,2100.0
2013.07.04,10295.0,-35.0,10395.0,10450.0,10275.0,7392.0
2013.07.03,10330.0,370.0,10000.0,10385.0,10000.0,16148.0
2013.07.02,9960.0,120.0,9900.0,9985.0,9900.0,2116.0
2013.07.01,9840.0,-70.0,9910.0,9990.0,9775.0,3294.0
2013.06.28,9910.0,170.0,9740.0,9920.0,9740.0,2607.0
2013.06.27,9740.0,150.0,9695.0,9810.0,9695.0,6510.0
2013.06.26,9590.0,-35.0,9600.0,9680.0,9590.0,1714.0
2013.06.25,9625.0,125.0,9505.0,9650.0,9505.0,4551.0
2013.06.24,9500.0,-225.0,9600.0,9600.0,9465.0,20869.0
2013.06.21,9725.0,-115.0,9600.0,9740.0,9600.0,17017.0
2013.06.20,9840.0,-160.0,10090.0,10090.0,9835.0,18127.0
2013.06.19,10000.0,100.0,9940.0,10065.0,9940.0,27847.0
2013.06.18,9900.0,-10.0,9950.0,10005.0,9900.0,11048.0
2013.06.17,9910.0,65.0,9900.0,9990.0,9900.0,21188.0
2013.06.14,9845.0,110.0,9800.0,9875.0,9800.0,7995.0
2013.06.13,9735.0,25.0,9755.0,9770.0,9710.0,5165.0
2013.06.12,9710.0,-30.0,9720.0,9720.0,9655.0,746.0
2013.06.11,9740.0,-60.0,9710.0,9820.0,9710.0,4619.0
2013.06.10,9800.0,115.0,9750.0,9840.0,9750.0,35821.0
2013.06.07,9685.0,130.0,9635.0,9700.0,9635.0,12004.0
2013.06.05,9555.0,55.0,9455.0,9590.0,9455.0,1606.0
2013.06.04,9500.0,105.0,9460.0,9510.0,9460.0,10963.0
2013.06.03,9395.0,-185.0,9555.0,9555.0,9365.0,21588.0
2013.05.31,9580.0,35.0,9600.0,9600.0,9550.0,2052.0
2013.05.30,9545.0,-110.0,9690.0,9690.0,9515.0,4142.0
2013.05.29,9655.0,100.0,9645.0,9680.0,9645.0,8576.0
2013.05.28,9555.0,-30.0,9650.0,9650.0,9535.0,21508.0
2013.05.27,9585.0,-35.0,9500.0,9585.0,9500.0,1219.0
2013.05.24,9620.0,45.0,9575.0,9630.0,9570.0,1728.0
2013.05.23,9575.0,-235.0,9830.0,9830.0,9575.0,6442.0
2013.05.22,9810.0,-105.0,9980.0,9980.0,9780.0,7534.0
2013.05.21,9915.0,310.0,9870.0,9920.0,9865.0,13578.0
2013.05.20,9605.0,-35.0,9720.0,9840.0,9605.0,2885.0
2013.05.16,9640.0,-35.0,9865.0,9865.0,9635.0,1974.0
2013.05.15,9675.0,-125.0,9845.0,9845.0,9660.0,1329.0
2013.05.14,9800.0,10.0,9870.0,9870.0,9755.0,8468.0
2013.05.13,9790.0,-50.0,9870.0,9870.0,9740.0,2711.0
2013.05.10,9840.0,-30.0,9895.0,9895.0,9815.0,23451.0
2013.05.09,9870.0,60.0,9870.0,9925.0,9870.0,11825.0
2013.05.08,9810.0,35.0,9790.0,9825.0,9770.0,6366.0
2013.05.07,9775.0,-100.0,9825.0,9830.0,9765.0,3842.0
2013.05.06,9875.0,290.0,9790.0,9940.0,9790.0,31352.0
2013.05.03,9585.0,245.0,9535.0,9615.0,9535.0,29262.0
2013.05.02,9340.0,-305.0,9480.0,9480.0,9305.0,7863.0
2013.04.30,9645.0,145.0,9510.0,9670.0,9510.0,37868.0
2013.04.29,9500.0,-40.0,9520.0,9520.0,9480.0,2828.0
2013.04.26,9540.0,120.0,9430.0,9580.0,9430.0,8675.0
2013.04.25,9420.0,230.0,9275.0,9430.0,9275.0,14501.0
2013.04.24,9190.0,105.0,9210.0,9210.0,9140.0,3686.0
2013.04.23,9085.0,-30.0,9120.0,9150.0,9075.0,2817.0
2013.04.22,9115.0,65.0,9190.0,9190.0,9045.0,4425.0
2013.04.19,9050.0,125.0,9040.0,9080.0,9025.0,36770.0
2013.04.18,8925.0,-190.0,8990.0,8990.0,8820.0,26551.0
2013.04.17,9115.0,110.0,9130.0,9140.0,9100.0,11233.0
2013.04.16,9005.0,-135.0,8950.0,9115.0,8870.0,26807.0
2013.04.15,9140.0,-425.0,9465.0,9465.0,9115.0,39540.0
2013.04.12,9565.0,-155.0,9710.0,9715.0,9565.0,9765.0
2013.04.11,9720.0,100.0,9795.0,9795.0,9720.0,9633.0
2013.04.10,9620.0,-20.0,9650.0,9675.0,9620.0,1085.0
2013.04.09,9640.0,70.0,9620.0,9640.0,9595.0,2474.0
2013.04.08,9570.0,-25.0,9610.0,9610.0,9540.0,897.0
2013.04.05,9595.0,-125.0,9600.0,9635.0,9575.0,4663.0
2013.04.04,9720.0,-205.0,9780.0,9780.0,9695.0,13068.0
2013.04.03,9925.0,125.0,9870.0,9955.0,9870.0,11941.0
2013.04.02,9800.0,-130.0,9945.0,9975.0,9800.0,6279.0
2013.04.01,9930.0,-75.0,10005.0,10005.0,9930.0,7467.0
2013.03.29,10005.0,60.0,10000.0,10005.0,9985.0,10773.0
2013.03.28,9945.0,95.0,9900.0,9950.0,9880.0,11215.0
2013.03.27,9850.0,110.0,9850.0,9890.0,9850.0,7420.0
2013.03.26,9740.0,45.0,9750.0,9750.0,9700.0,6538.0
2013.03.25,9695.0,185.0,9670.0,9700.0,9510.0,40999.0
2013.03.22,9510.0,-60.0,9550.0,9550.0,9500.0,1330.0
2013.03.21,9570.0,45.0,9535.0,9595.0,9535.0,7857.0
2013.03.20,9525.0,-145.0,9590.0,9590.0,9500.0,11179.0
2013.03.19,9670.0,75.0,9650.0,9685.0,9650.0,15044.0
2013.03.18,9595.0,-20.0,9645.0,9645.0,9500.0,4677.0
2013.03.15,9615.0,75.0,9585.0,9640.0,9565.0,7492.0
2013.03.14,9540.0,-30.0,9575.0,9575.0,9510.0,1144.0
2013.03.13,9570.0,80.0,9580.0,9580.0,9550.0,7648.0
2013.03.12,9490.0,0.0,9490.0,9520.0,9490.0,11693.0
2013.03.11,9490.0,40.0,9625.0,9625.0,9470.0,3170.0
2013.03.08,9450.0,45.0,9440.0,9460.0,9430.0,3025.0
2013.03.07,9405.0,5.0,9460.0,9460.0,9340.0,8560.0
2013.03.06,9400.0,45.0,9420.0,9420.0,9385.0,4802.0
2013.03.05,9355.0,-95.0,9425.0,9425.0,9340.0,12953.0
2013.03.04,9450.0,-240.0,9645.0,9645.0,9355.0,25226.0
2013.02.28,9690.0,95.0,9650.0,9700.0,9600.0,4800.0
2013.02.27,9595.0,15.0,9530.0,9595.0,9520.0,8578.0
2013.02.26,9580.0,-40.0,9690.0,9690.0,9515.0,9493.0
2013.02.25,9620.0,-25.0,9605.0,9645.0,9595.0,12656.0
2013.02.22,9645.0,-120.0,9725.0,9725.0,9610.0,4307.0
2013.02.21,9765.0,-280.0,9800.0,9815.0,9725.0,9611.0
2013.02.20,10045.0,135.0,10030.0,10045.0,10000.0,29680.0
2013.02.19,9910.0,-40.0,9995.0,9995.0,9895.0,4419.0
2013.02.18,9950.0,-150.0,10150.0,10150.0,9930.0,4031.0
2013.02.15,10100.0,5.0,10110.0,10120.0,10085.0,3733.0
2013.02.14,10095.0,-20.0,10130.0,10130.0,10065.0,1745.0
2013.02.13,10115.0,125.0,10145.0,10145.0,10095.0,34691.0
2013.02.12,9990.0,30.0,10010.0,10135.0,9990.0,19092.0
2013.02.08,9960.0,-35.0,10030.0,10030.0,9935.0,3787.0
2013.02.07,9995.0,-15.0,10120.0,10120.0,9995.0,14033.0
2013.02.06,10010.0,75.0,10200.0,10200.0,10000.0,8566.0
2013.02.05,9935.0,-220.0,10020.0,10025.0,9935.0,11568.0
2013.02.04,10155.0,40.0,10175.0,10175.0,10085.0,10518.0
2013.02.01,10115.0,-35.0,10050.0,10145.0,10050.0,7876.0
2013.01.31,10150.0,90.0,10060.0,10175.0,10060.0,14739.0
2013.01.30,10060.0,85.0,10000.0,10060.0,10000.0,12366.0
2013.01.29,9975.0,55.0,9900.0,9985.0,9900.0,12433.0
2013.01.28,9920.0,25.0,9880.0,9930.0,9880.0,9668.0
2013.01.25,9895.0,40.0,9855.0,9940.0,9855.0,13348.0
2013.01.24,9855.0,-80.0,9900.0,9900.0,9825.0,10848.0
2013.01.23,9935.0,60.0,9875.0,9955.0,9875.0,14737.0
2013.01.22,9875.0,15.0,9855.0,9900.0,9050.0,18545.0
2013.01.21,9860.0,-25.0,9870.0,9870.0,9830.0,17683.0
2013.01.18,9885.0,175.0,9695.0,9885.0,9695.0,22591.0
2013.01.17,9710.0,40.0,9700.0,9730.0,9685.0,3046.0
2013.01.16,9670.0,-45.0,9620.0,9675.0,9600.0,107558.0
2013.01.15,9715.0,-25.0,9750.0,9750.0,9695.0,3420.0
2013.01.14,9740.0,50.0,9700.0,9740.0,9690.0,12900.0
2013.01.11,9690.0,15.0,9610.0,9720.0,9610.0,7090.0
2013.01.10,9675.0,55.0,9570.0,9680.0,9570.0,17795.0
2013.01.09,9620.0,-15.0,9600.0,9650.0,9600.0,62886.0
2013.01.08,9635.0,35.0,9590.0,9645.0,9590.0,21304.0
2013.01.07,9600.0,90.0,9600.0,9625.0,9575.0,7918.0
2013.01.04,9510.0,105.0,9545.0,9600.0,9505.0,29671.0
2013.01.03,9405.0,-215.0,9670.0,9670.0,9405.0,15021.0
2013.01.02,9620.0,130.0,9585.0,9630.0,9535.0,41552.0
2012.12.28,9490.0,25.0,9465.0,9540.0,9465.0,26433.0
2012.12.27,9465.0,160.0,9405.0,9470.0,9405.0,21531.0
2012.12.26,9305.0,75.0,9285.0,9305.0,9275.0,3860.0
2012.12.24,9230.0,-90.0,9255.0,9270.0,9230.0,4577.0
2012.12.21,9320.0,30.0,9340.0,9380.0,9280.0,49301.0
2012.12.20,9290.0,145.0,9285.0,9320.0,9285.0,42328.0
2012.12.18,9145.0,5.0,9150.0,9190.0,9140.0,4701.0
2012.12.17,9140.0,30.0,9160.0,9160.0,9115.0,7053.0
2012.12.14,9110.0,-5.0,9050.0,9110.0,9050.0,6437.0
2012.12.13,9115.0,50.0,9120.0,9160.0,9095.0,15945.0
2012.12.12,9065.0,15.0,9090.0,9090.0,9035.0,7607.0
2012.12.11,9050.0,-40.0,9120.0,9120.0,9020.0,33312.0
2012.12.10,9090.0,-35.0,9120.0,9120.0,9070.0,19797.0
2012.12.07,9125.0,-70.0,9160.0,9160.0,9075.0,12801.0
2012.12.06,9195.0,-135.0,9325.0,9325.0,9195.0,11877.0
2012.12.05,9330.0,40.0,9290.0,9330.0,9270.0,6061.0
2012.12.04,9290.0,-15.0,9350.0,9350.0,9280.0,2744.0
2012.12.03,9305.0,120.0,9290.0,9340.0,9290.0,21521.0
2012.11.30,9185.0,5.0,9245.0,9245.0,9185.0,9703.0
2012.11.29,9180.0,55.0,9195.0,9195.0,9080.0,10662.0
2012.11.28,9125.0,-110.0,9200.0,9200.0,9120.0,11432.0
2012.11.27,9235.0,-15.0,9245.0,9245.0,9220.0,4080.0
2012.11.26,9250.0,75.0,9240.0,9255.0,9230.0,25466.0
2012.11.23,9175.0,0.0,9210.0,9210.0,9150.0,4432.0
2012.11.22,9175.0,25.0,9165.0,9215.0,9155.0,18562.0
2012.11.21,9150.0,-175.0,9180.0,9200.0,9120.0,18308.0
2012.11.20,9325.0,130.0,9300.0,9330.0,9295.0,26548.0
2012.11.19,9195.0,175.0,9120.0,9200.0,9120.0,29191.0
2012.11.16,9020.0,-60.0,9070.0,9070.0,9015.0,32851.0
2012.11.15,9080.0,75.0,9030.0,9120.0,9030.0,23872.0
2012.11.14,9005.0,-20.0,9050.0,9050.0,9005.0,6686.0
2012.11.13,9025.0,-75.0,9075.0,9075.0,9015.0,8758.0
2012.11.12,9100.0,70.0,9075.0,9105.0,9060.0,25620.0
2012.11.09,9030.0,30.0,9040.0,9050.0,8975.0,11833.0
2012.11.08,9000.0,-320.0,9010.0,9010.0,8955.0,78276.0
2012.11.07,9320.0,225.0,9260.0,9330.0,9230.0,32142.0
2012.11.06,9095.0,95.0,9100.0,9100.0,9020.0,15540.0
2012.11.05,9000.0,-180.0,9100.0,9100.0,8965.0,44361.0
2012.11.02,9180.0,40.0,9190.0,9200.0,9160.0,23786.0
2012.11.01,9140.0,45.0,9145.0,9145.0,9100.0,20458.0
2012.10.31,9095.0,65.0,9080.0,9100.0,9045.0,19829.0
2012.10.30,9030.0,-65.0,9090.0,9090.0,9005.0,36470.0
2012.10.29,9095.0,65.0,9005.0,9105.0,9005.0,6736.0
2012.10.26,9030.0,-75.0,9075.0,9125.0,8995.0,69574.0
2012.10.25,9105.0,-155.0,9165.0,9165.0,9065.0,59366.0
2012.10.24,9260.0,-120.0,9285.0,9330.0,9170.0,31922.0
2012.10.23,9380.0,-265.0,9485.0,9510.0,9370.0,74124.0
2012.10.22,9645.0,-105.0,9545.0,9645.0,9500.0,6718.0
2012.10.19,9750.0,10.0,9750.0,9765.0,9735.0,4573.0
2012.10.18,9740.0,-20.0,9770.0,9775.0,9715.0,9218.0
2012.10.17,9760.0,40.0,9760.0,9785.0,9750.0,8691.0
2012.10.16,9720.0,80.0,9720.0,9720.0,9685.0,13367.0
2012.10.15,9640.0,-130.0,9760.0,9760.0,9625.0,8309.0
2012.10.12,9770.0,90.0,9770.0,9790.0,9755.0,15877.0
2012.10.11,9680.0,-25.0,9650.0,9700.0,9625.0,6978.0
2012.10.10,9705.0,135.0,9745.0,9745.0,9640.0,29089.0
2012.10.09,9570.0,75.0,9455.0,9570.0,9455.0,8642.0
2012.10.08,9495.0,-195.0,9610.0,9620.0,9465.0,24313.0
2012.10.05,9690.0,255.0,9715.0,9715.0,9640.0,32140.0
2012.10.04,9435.0,-330.0,9485.0,9595.0,9340.0,62408.0
2012.10.02,9765.0,5.0,9890.0,9890.0,9755.0,9426.0
2012.09.28,9760.0,110.0,9710.0,9780.0,9710.0,9470.0
2012.09.27,9650.0,20.0,9575.0,9650.0,9530.0,25307.0
2012.09.26,9630.0,-120.0,9720.0,9720.0,9615.0,22311.0
2012.09.25,9750.0,-70.0,9755.0,9795.0,9715.0,14626.0
2012.09.24,9820.0,-60.0,9970.0,9970.0,9745.0,21155.0
2012.09.21,9880.0,195.0,9790.0,9880.0,9785.0,16875.0
2012.09.20,9685.0,-515.0,10085.0,10085.0,9650.0,86025.0
2012.09.19,10200.0,-300.0,10100.0,10200.0,10100.0,19393.0
2012.09.18,10500.0,-330.0,10570.0,10570.0,10210.0,59155.0
2012.09.17,10830.0,280.0,10850.0,10850.0,10500.0,29029.0
2012.09.14,10550.0,255.0,10400.0,10555.0,10400.0,24347.0
2012.09.13,10295.0,-20.0,10315.0,10315.0,10255.0,1560.0
2012.09.12,10315.0,100.0,10300.0,10315.0,10260.0,6076.0
2012.09.11,10215.0,30.0,10230.0,10230.0,10180.0,1356.0
2012.09.10,10185.0,65.0,10105.0,10190.0,10105.0,5648.0
2012.09.07,10120.0,110.0,10150.0,10150.0,10035.0,9525.0
2012.09.06,10010.0,-95.0,10240.0,10250.0,10010.0,4783.0
2012.09.05,10105.0,-200.0,10280.0,10280.0,10095.0,2839.0
2012.09.04,10305.0,95.0,10300.0,10305.0,10250.0,8791.0
2012.09.03,10210.0,210.0,10185.0,10240.0,10100.0,5654.0
2012.08.31,10000.0,-60.0,10030.0,10055.0,10000.0,7276.0
2012.08.30,10060.0,-115.0,10200.0,10200.0,10050.0,13810.0
2012.08.29,10175.0,30.0,10100.0,10200.0,10100.0,1751.0
2012.08.28,10145.0,-170.0,10295.0,10295.0,10090.0,7722.0
2012.08.27,10315.0,160.0,10205.0,10360.0,10205.0,6850.0
2012.08.24,10155.0,-240.0,10300.0,10300.0,10120.0,4580.0
2012.08.23,10395.0,130.0,10275.0,10395.0,10275.0,5760.0
2012.08.22,10265.0,70.0,10225.0,10265.0,10220.0,11319.0
2012.08.21,10195.0,-75.0,10135.0,10215.0,10135.0,9686.0
2012.08.20,10270.0,150.0,10130.0,10270.0,10130.0,11193.0
2012.08.17,10120.0,110.0,10100.0,10125.0,10100.0,10649.0
2012.08.16,10010.0,105.0,9950.0,10030.0,9950.0,8190.0
2012.08.14,9905.0,-5.0,9905.0,9905.0,9840.0,1647.0
2012.08.13,9910.0,95.0,9890.0,9950.0,9885.0,5017.0
2012.08.10,9815.0,-115.0,9990.0,9990.0,9815.0,6059.0
2012.08.09,9930.0,10.0,9975.0,9975.0,9880.0,26156.0
2012.08.08,9920.0,180.0,9870.0,9935.0,9870.0,10391.0
2012.08.07,9740.0,40.0,9800.0,9800.0,9740.0,8476.0
2012.08.06,9700.0,370.0,9640.0,9710.0,9640.0,16786.0
2012.08.03,9330.0,-85.0,9300.0,9365.0,9285.0,5718.0
2012.08.02,9415.0,45.0,9500.0,9500.0,9395.0,8435.0
2012.08.01,9370.0,-195.0,9570.0,9570.0,9285.0,17134.0
2012.07.31,9565.0,-50.0,9615.0,9615.0,9505.0,12503.0
2012.07.30,9615.0,45.0,9780.0,9780.0,9550.0,5585.0
2012.07.27,9570.0,145.0,9570.0,9570.0,9465.0,3061.0
2012.07.26,9425.0,50.0,9465.0,9465.0,9425.0,4653.0
2012.07.25,9375.0,-80.0,9575.0,9575.0,9345.0,7859.0
2012.07.24,9455.0,-135.0,9395.0,9455.0,9335.0,21504.0
2012.07.23,9590.0,-250.0,9750.0,9750.0,9580.0,41222.0
2012.07.20,9840.0,160.0,9710.0,9865.0,9710.0,15979.0
2012.07.19,9680.0,215.0,9545.0,9680.0,9545.0,16698.0
2012.07.18,9465.0,30.0,9500.0,9520.0,9420.0,29149.0
2012.07.17,9435.0,170.0,9365.0,9460.0,9365.0,17276.0
2012.07.16,9265.0,45.0,9260.0,9305.0,9255.0,12049.0
2012.07.13,9220.0,100.0,9090.0,9220.0,9090.0,18443.0
2012.07.12,9120.0,60.0,9190.0,9190.0,9110.0,7113.0
2012.07.11,9060.0,15.0,8955.0,9060.0,8955.0,10646.0
2012.07.10,9045.0,-25.0,9150.0,9150.0,9025.0,9639.0
2012.07.09,9070.0,-160.0,9075.0,9075.0,8965.0,20538.0
2012.07.06,9230.0,-50.0,9315.0,9315.0,9165.0,13250.0
2012.07.05,9280.0,-30.0,9120.0,9300.0,9120.0,23956.0
2012.07.04,9310.0,290.0,9295.0,9360.0,9250.0,70008.0
2012.07.03,9020.0,70.0,8900.0,9050.0,8870.0,27020.0
2012.07.02,8950.0,420.0,8960.0,9020.0,8920.0,63321.0
2012.06.29,8530.0,-90.0,8445.0,8530.0,8390.0,57794.0
2012.06.28,8620.0,140.0,8570.0,8620.0,8560.0,12687.0
2012.06.27,8480.0,20.0,8510.0,8520.0,8470.0,30772.0
2012.06.26,8460.0,-125.0,8550.0,8550.0,8440.0,15550.0
2012.06.25,8585.0,190.0,8545.0,8585.0,8500.0,13591.0
2012.06.22,8395.0,-205.0,8415.0,8440.0,8370.0,68443.0
2012.06.21,8600.0,-425.0,8830.0,8830.0,8580.0,79318.0
2012.06.20,9025.0,130.0,9000.0,9025.0,8960.0,8039.0
2012.06.19,8895.0,-210.0,9050.0,9050.0,8885.0,18113.0
2012.06.18,9105.0,35.0,9170.0,9170.0,9080.0,17902.0
2012.06.15,9070.0,175.0,8995.0,9080.0,8985.0,16865.0
2012.06.14,8895.0,10.0,8820.0,8895.0,8815.0,16607.0
2012.06.13,8885.0,70.0,9050.0,9050.0,8815.0,57100.0
2012.06.12,8815.0,-365.0,9050.0,9050.0,8710.0,103947.0
2012.06.11,9180.0,290.0,9105.0,9215.0,9105.0,11735.0
2012.06.08,8890.0,-315.0,9350.0,9350.0,8875.0,32485.0
2012.06.07,9205.0,120.0,9295.0,9295.0,9145.0,18288.0
2012.06.05,9085.0,320.0,9030.0,9090.0,8900.0,9699.0
2012.06.04,8765.0,-505.0,9030.0,9030.0,8750.0,21519.0
2012.06.01,9270.0,-170.0,9360.0,9360.0,9205.0,6583.0
2012.05.31,9440.0,-255.0,9590.0,9590.0,9345.0,6963.0
2012.05.30,9695.0,-110.0,9720.0,9740.0,9680.0,6576.0
2012.05.29,9805.0,75.0,9800.0,9810.0,9720.0,1544.0
2012.05.25,9730.0,35.0,9835.0,9835.0,9680.0,4808.0
2012.05.24,9695.0,-100.0,9730.0,9730.0,9650.0,1282.0
2012.05.23,9795.0,-210.0,9930.0,9930.0,9785.0,4338.0
2012.05.22,10005.0,100.0,9950.0,10005.0,9950.0,21551.0
2012.05.21,9905.0,45.0,9830.0,9905.0,9825.0,4405.0
2012.05.18,9860.0,-175.0,10040.0,10040.0,9860.0,3583.0
2012.05.17,10035.0,40.0,9860.0,10035.0,9860.0,2800.0
2012.05.16,9995.0,-135.0,10135.0,10135.0,9975.0,4977.0
2012.05.15,10130.0,-145.0,10265.0,10265.0,10090.0,16583.0
2012.05.14,10275.0,-60.0,10375.0,10440.0,10230.0,2905.0
2012.05.11,10335.0,-90.0,10430.0,10430.0,10290.0,4441.0
2012.05.10,10425.0,95.0,10365.0,10425.0,10355.0,29217.0
2012.05.09,10330.0,-175.0,10450.0,10450.0,10265.0,89167.0
2012.05.08,10505.0,50.0,10505.0,10530.0,10485.0,34372.0
2012.05.07,10455.0,-595.0,10800.0,10800.0,10380.0,60678.0
2012.05.04,11050.0,-270.0,11310.0,11310.0,11015.0,10558.0
2012.05.03,11320.0,-20.0,11330.0,11330.0,11270.0,8779.0
2012.05.02,11340.0,75.0,11270.0,11380.0,11270.0,13793.0
2012.04.30,11265.0,65.0,11240.0,11280.0,11240.0,13423.0
2012.04.27,11200.0,15.0,11225.0,11240.0,11200.0,8548.0
2012.04.26,11185.0,40.0,11150.0,11200.0,11150.0,8885.0
2012.04.25,11145.0,65.0,11215.0,11215.0,11140.0,11465.0
2012.04.24,11080.0,-80.0,11160.0,11160.0,11075.0,18364.0
2012.04.23,11160.0,55.0,11020.0,11200.0,11020.0,60019.0
2012.04.20,11105.0,-5.0,11110.0,11120.0,11085.0,3319.0
2012.04.19,11110.0,-160.0,11155.0,11160.0,11090.0,32473.0
2012.04.18,11270.0,130.0,11250.0,11300.0,11245.0,3412.0
2012.04.17,11140.0,35.0,11180.0,11180.0,11110.0,10870.0
2012.04.16,11105.0,-100.0,11135.0,11140.0,11070.0,2890.0
2012.04.13,11205.0,50.0,11205.0,11255.0,11170.0,9877.0
2012.04.12,11155.0,30.0,11125.0,11155.0,11075.0,30908.0
2012.04.10,11125.0,15.0,11140.0,11175.0,11120.0,14721.0
2012.04.09,11110.0,-90.0,11135.0,11135.0,11075.0,1688.0
2012.04.06,11200.0,65.0,11240.0,11240.0,11195.0,2480.0
2012.04.05,11135.0,-140.0,11125.0,11145.0,11070.0,8457.0
2012.04.04,11275.0,-110.0,11305.0,11325.0,11240.0,3599.0
2012.04.03,11385.0,165.0,11395.0,11395.0,11365.0,2331.0
2012.04.02,11220.0,-10.0,11240.0,11265.0,11195.0,12728.0
2012.03.30,11230.0,-185.0,11300.0,11405.0,11100.0,5344.0
2012.03.29,11415.0,-200.0,11540.0,11540.0,11415.0,4491.0
2012.03.28,11615.0,15.0,11605.0,11635.0,11585.0,1955.0
2012.03.27,11600.0,50.0,11590.0,11625.0,11580.0,1873.0
2012.03.26,11550.0,85.0,11530.0,11575.0,11530.0,2656.0
2012.03.23,11465.0,-85.0,11525.0,11525.0,11455.0,4376.0
2012.03.22,11550.0,-30.0,11695.0,11695.0,11550.0,10779.0
2012.03.21,11580.0,-160.0,11695.0,11695.0,11505.0,4589.0
2012.03.20,11740.0,40.0,11725.0,11765.0,11725.0,7969.0
2012.03.19,11700.0,240.0,11605.0,11720.0,11605.0,16379.0
2012.03.16,11460.0,-85.0,11500.0,11510.0,11455.0,23398.0
2012.03.15,11545.0,-100.0,11645.0,11645.0,11520.0,1864.0
2012.03.14,11645.0,5.0,11640.0,11670.0,11610.0,4911.0
2012.03.13,11640.0,30.0,11655.0,11665.0,11610.0,8382.0
2012.03.12,11610.0,-90.0,11700.0,11700.0,11610.0,2439.0
2012.03.09,11700.0,125.0,11625.0,11700.0,11620.0,11366.0
2012.03.08,11575.0,100.0,11600.0,11600.0,11540.0,6429.0
2012.03.07,11475.0,-155.0,11430.0,11475.0,11410.0,14656.0
2012.03.06,11630.0,-40.0,11635.0,11695.0,11595.0,7009.0
2012.03.05,11670.0,-130.0,11620.0,11680.0,11620.0,9487.0
2012.03.02,11800.0,150.0,11850.0,11895.0,11795.0,30579.0
2012.02.29,11650.0,-170.0,11625.0,11670.0,11585.0,14181.0
2012.02.28,11820.0,-135.0,11825.0,11955.0,11765.0,222507.0
2012.02.27,11955.0,100.0,12180.0,12180.0,11915.0,67869.0
2012.02.24,11855.0,295.0,11710.0,12310.0,11710.0,18959.0
2012.02.23,11560.0,10.0,11570.0,11600.0,11515.0,14471.0
2012.02.22,11550.0,45.0,11515.0,11600.0,11515.0,11025.0
2012.02.21,11505.0,20.0,12580.0,12580.0,11450.0,15958.0
2012.02.20,11485.0,295.0,11305.0,11505.0,11305.0,12634.0
2012.02.17,11190.0,70.0,11150.0,11220.0,11150.0,7479.0
2012.02.16,11120.0,15.0,11115.0,11150.0,11070.0,9524.0
2012.02.15,11105.0,125.0,11025.0,11105.0,11000.0,10405.0
2012.02.14,10980.0,75.0,10955.0,11000.0,10955.0,15851.0
2012.02.13,10905.0,-15.0,10825.0,10910.0,10825.0,1837.0
2012.02.10,10920.0,80.0,10880.0,10920.0,10880.0,20337.0
2012.02.09,10840.0,15.0,10830.0,10845.0,10780.0,36188.0
2012.02.08,10825.0,210.0,10705.0,10845.0,10705.0,14923.0
2012.02.07,10615.0,-50.0,10580.0,10655.0,10580.0,10603.0
2012.02.06,10665.0,95.0,10610.0,10695.0,10610.0,36165.0
2012.02.03,10570.0,-95.0,10650.0,10650.0,10530.0,13551.0
2012.02.02,10665.0,-170.0,10810.0,10835.0,10650.0,22187.0
2012.02.01,10835.0,-45.0,10900.0,10900.0,10800.0,6415.0
2012.01.31,10880.0,10.0,10890.0,10890.0,10805.0,24228.0
2012.01.30,10870.0,-85.0,11050.0,11050.0,10855.0,34070.0
2012.01.27,10955.0,-30.0,11050.0,11050.0,10890.0,9799.0
2012.01.26,10985.0,115.0,10935.0,10990.0,10895.0,4802.0
2012.01.25,10870.0,-145.0,11020.0,11020.0,10855.0,21902.0
2012.01.20,11015.0,-60.0,11055.0,11055.0,10970.0,10893.0
2012.01.19,11075.0,-25.0,11180.0,11180.0,11060.0,3524.0
2012.01.18,11100.0,105.0,11135.0,11135.0,11070.0,16149.0
2012.01.17,10995.0,170.0,10945.0,10995.0,10900.0,13693.0
2012.01.16,10825.0,-165.0,11095.0,11095.0,10795.0,16819.0
2012.01.13,10990.0,-110.0,11200.0,11200.0,10955.0,15163.0
2012.01.12,11100.0,-40.0,11140.0,11140.0,11060.0,22169.0
2012.01.11,11140.0,-15.0,11200.0,11200.0,11095.0,17166.0
2012.01.10,11155.0,60.0,11185.0,11185.0,11100.0,2682.0
2012.01.09,11095.0,-25.0,11085.0,11135.0,11070.0,11340.0
2012.01.06,11120.0,-200.0,11450.0,11475.0,11070.0,7718.0
2012.01.05,11320.0,135.0,11210.0,11320.0,11210.0,10179.0
2012.01.04,11185.0,145.0,11205.0,11275.0,11185.0,6525.0
2012.01.03,11040.0,195.0,10970.0,11040.0,10920.0,1826.0
2012.01.02,10845.0,-75.0,10970.0,10970.0,10840.0,10252.0
2011.12.29,10920.0,-140.0,11030.0,11030.0,10850.0,8514.0
2011.12.28,11060.0,165.0,10930.0,11120.0,10930.0,3191.0
2011.12.27,10895.0,5.0,10970.0,10970.0,10895.0,2469.0
2011.12.26,10890.0,-10.0,10885.0,10940.0,10885.0,2323.0
2011.12.23,10900.0,95.0,10810.0,10920.0,10810.0,1455.0
2011.12.22,10805.0,150.0,10680.0,10815.0,10680.0,28919.0
2011.12.21,10655.0,370.0,10450.0,10715.0,10450.0,7745.0
2011.12.20,10285.0,165.0,10150.0,10330.0,10150.0,24419.0
2011.12.19,10120.0,-215.0,10335.0,10335.0,10120.0,14066.0
2011.12.16,10335.0,-105.0,10450.0,10450.0,10265.0,28624.0
2011.12.15,10440.0,-510.0,10855.0,10855.0,10395.0,7110.0
2011.12.14,10950.0,265.0,10750.0,10955.0,10750.0,5936.0
2011.12.13,10685.0,-145.0,10770.0,10770.0,10660.0,4399.0
2011.12.12,10830.0,100.0,10855.0,10905.0,10805.0,12072.0
2011.12.09,10730.0,-290.0,10940.0,10940.0,10705.0,2800.0
2011.12.08,11020.0,-30.0,11085.0,11085.0,10990.0,730.0
2011.12.07,11050.0,30.0,11190.0,11190.0,11040.0,18838.0
2011.12.06,11020.0,-25.0,11200.0,11200.0,10955.0,21386.0
2011.12.05,11045.0,95.0,11120.0,11120.0,11030.0,5803.0
2011.12.02,10950.0,0.0,10950.0,10950.0,10890.0,9463.0
2011.12.01,10950.0,110.0,10850.0,11010.0,10850.0,19960.0
2011.11.30,10840.0,170.0,10930.0,10930.0,10810.0,43948.0
2011.11.29,10670.0,-90.0,10850.0,10850.0,10510.0,10470.0
2011.11.28,10760.0,240.0,10670.0,10760.0,10670.0,20484.0
2011.11.25,10520.0,-30.0,10540.0,10540.0,10330.0,21561.0
2011.11.24,10550.0,-10.0,10365.0,10555.0,10365.0,1525.0
2011.11.23,10560.0,-40.0,10650.0,10695.0,10510.0,2809.0
2011.11.22,10600.0,-50.0,10420.0,10635.0,10420.0,2790.0
2011.11.21,10650.0,-155.0,10750.0,10750.0,10590.0,7287.0
2011.11.18,10805.0,-340.0,10950.0,10950.0,10640.0,6364.0
2011.11.17,11145.0,360.0,10950.0,11175.0,10950.0,19196.0
2011.11.16,10785.0,85.0,10800.0,10840.0,10715.0,38997.0
2011.11.15,10700.0,-100.0,10700.0,10750.0,10680.0,3998.0
2011.11.14,10800.0,115.0,10785.0,10835.0,10765.0,28949.0
2011.11.11,10685.0,245.0,10605.0,10730.0,10585.0,15818.0
2011.11.10,10440.0,-160.0,10505.0,10590.0,10385.0,17729.0
2011.11.09,10600.0,155.0,10535.0,10600.0,10530.0,4589.0
2011.11.08,10445.0,145.0,10420.0,10480.0,10420.0,6362.0
2011.11.07,10300.0,50.0,10300.0,10355.0,10285.0,21352.0
2011.11.04,10250.0,300.0,10210.0,10250.0,10195.0,8140.0
2011.11.03,9950.0,-35.0,10075.0,10075.0,9950.0,1417.0
2011.11.02,9985.0,-85.0,9950.0,9995.0,9880.0,1746.0
2011.11.01,10070.0,-30.0,10060.0,10100.0,10045.0,3930.0
2011.10.31,10100.0,-80.0,10180.0,10185.0,10090.0,4045.0
2011.10.28,10180.0,130.0,10215.0,10275.0,10170.0,7078.0
2011.10.27,10050.0,-50.0,9955.0,10050.0,9920.0,2644.0
2011.10.26,10100.0,85.0,10075.0,10200.0,10075.0,4302.0
2011.10.25,10015.0,395.0,9965.0,10020.0,9945.0,18294.0
2011.10.24,9620.0,130.0,9525.0,9680.0,9525.0,2485.0
2011.10.21,9490.0,100.0,9465.0,9490.0,9375.0,922.0
2011.10.20,9390.0,-245.0,9850.0,9850.0,9360.0,4679.0
2011.10.19,9635.0,215.0,9610.0,9660.0,9595.0,7389.0
2011.10.18,9420.0,-95.0,9415.0,9495.0,9390.0,6861.0
2011.10.17,9515.0,285.0,9550.0,9560.0,9500.0,7028.0
2011.10.14,9230.0,-70.0,9255.0,9270.0,9180.0,1779.0
2011.10.13,9300.0,-50.0,9325.0,9325.0,9280.0,1702.0
2011.10.12,9350.0,40.0,9360.0,9360.0,9260.0,2916.0
2011.10.11,9310.0,165.0,9340.0,9380.0,9310.0,7570.0
2011.10.10,9145.0,125.0,9100.0,9175.0,9090.0,3531.0
2011.10.07,9020.0,340.0,8780.0,9070.0,8780.0,8022.0
2011.10.06,8680.0,150.0,8720.0,8740.0,8680.0,8085.0
2011.10.05,8530.0,-270.0,8355.0,8535.0,8295.0,45132.0
2011.10.04,8800.0,-330.0,8715.0,8800.0,8700.0,6538.0
2011.09.30,9130.0,185.0,9035.0,9130.0,8970.0,3266.0
2011.09.29,8945.0,-115.0,8765.0,8955.0,8760.0,12716.0
2011.09.28,9060.0,40.0,9115.0,9130.0,9060.0,2371.0
2011.09.27,9020.0,315.0,8730.0,9030.0,8730.0,11980.0
2011.09.26,8705.0,-80.0,9200.0,9200.0,8705.0,7625.0
2011.09.23,8785.0,-515.0,8870.0,8965.0,8780.0,23406.0
2011.09.22,9300.0,-220.0,9320.0,9320.0,9230.0,8987.0
2011.09.21,9520.0,60.0,9470.0,9535.0,9470.0,2726.0
2011.09.20,9460.0,-125.0,9440.0,9525.0,9400.0,6436.0
2011.09.19,9585.0,-260.0,9660.0,9700.0,9585.0,5659.0
2011.09.16,9845.0,135.0,9835.0,9885.0,9810.0,5576.0
2011.09.15,9710.0,-70.0,9835.0,9835.0,9710.0,5908.0
2011.09.14,9780.0,0.0,9700.0,9935.0,9700.0,4929.0
2011.09.09,9780.0,-55.0,9845.0,9845.0,9765.0,11730.0
2011.09.08,9835.0,310.0,9670.0,9885.0,9670.0,14479.0
2011.09.07,9525.0,240.0,9265.0,9570.0,9265.0,4636.0
2011.09.06,9285.0,-200.0,9485.0,9485.0,9020.0,5576.0
2011.09.05,9485.0,-300.0,9530.0,9530.0,9445.0,5199.0
2011.09.02,9785.0,-60.0,9835.0,9850.0,9750.0,1747.0
2011.09.01,9845.0,75.0,9800.0,9845.0,9760.0,11432.0
2011.08.31,9770.0,120.0,9745.0,9770.0,9725.0,4821.0
2011.08.30,9650.0,150.0,9645.0,9660.0,9620.0,8625.0
2011.08.29,9500.0,80.0,9415.0,9500.0,9415.0,3443.0
2011.08.26,9420.0,-10.0,9520.0,9520.0,9385.0,5031.0
2011.08.25,9430.0,-15.0,9410.0,9465.0,9410.0,3876.0
2011.08.24,9445.0,45.0,9425.0,9480.0,9390.0,7959.0
2011.08.23,9400.0,390.0,9275.0,9400.0,9260.0,13528.0
2011.08.22,9010.0,65.0,8975.0,9140.0,8975.0,7873.0
2011.08.19,8945.0,-695.0,9005.0,9045.0,8940.0,30323.0
2011.08.18,9640.0,0.0,9705.0,9705.0,9620.0,3190.0
2011.08.17,9640.0,30.0,9600.0,9645.0,9580.0,12182.0
2011.08.16,9610.0,225.0,9540.0,9650.0,9500.0,20532.0
2011.08.12,9385.0,150.0,9485.0,9485.0,9370.0,14895.0
2011.08.11,9235.0,200.0,9025.0,9250.0,9020.0,15741.0
2011.08.10,9035.0,250.0,9000.0,9100.0,8985.0,30634.0
2011.08.09,8785.0,-535.0,8955.0,10200.0,8440.0,59719.0
2011.08.08,9320.0,-225.0,9395.0,9435.0,9310.0,21980.0
2011.08.05,9545.0,-625.0,9640.0,9650.0,9500.0,34693.0
2011.08.04,10170.0,-190.0,10255.0,10260.0,10160.0,11675.0
2011.08.03,10360.0,-160.0,10380.0,10390.0,10310.0,15168.0
2011.08.02,10520.0,-210.0,10565.0,10595.0,10500.0,12940.0
2011.08.01,10730.0,-20.0,10700.0,10760.0,10690.0,9931.0
2011.07.29,10750.0,-15.0,10835.0,10835.0,10750.0,1373.0
2011.07.28,10765.0,-220.0,10695.0,10770.0,10695.0,7226.0
2011.07.27,10985.0,-10.0,10925.0,10985.0,10925.0,1700.0
2011.07.26,10995.0,90.0,10950.0,10995.0,10910.0,3977.0
2011.07.25,10905.0,-35.0,10940.0,10940.0,10865.0,2562.0
2011.07.22,10940.0,80.0,10910.0,10940.0,10910.0,5756.0
2011.07.21,10860.0,-20.0,10895.0,10895.0,10810.0,4371.0
2011.07.20,10880.0,220.0,10800.0,10900.0,10675.0,17184.0
2011.07.19,10660.0,-150.0,10670.0,10695.0,10655.0,6015.0
2011.07.18,10810.0,115.0,10695.0,10820.0,10695.0,1825.0
2011.07.15,10695.0,-160.0,10680.0,10710.0,10680.0,3159.0
2011.07.14,10855.0,80.0,10905.0,10905.0,10850.0,3222.0
2011.07.13,10775.0,255.0,10725.0,10780.0,10725.0,5956.0
2011.07.12,10520.0,-140.0,10600.0,10600.0,10510.0,4573.0
2011.07.11,10660.0,-250.0,10875.0,10875.0,10635.0,7731.0
2011.07.08,10910.0,120.0,10900.0,10945.0,10900.0,3666.0
2011.07.07,10790.0,-40.0,10790.0,10805.0,10740.0,5637.0
2011.07.06,10830.0,290.0,10740.0,10855.0,10740.0,10090.0
2011.07.05,10540.0,-60.0,10630.0,10630.0,10490.0,3783.0
2011.07.04,10600.0,50.0,10470.0,10605.0,10470.0,17135.0
2011.07.01,10550.0,-35.0,10605.0,10610.0,10450.0,2924.0
2011.06.30,10585.0,260.0,10460.0,10590.0,10460.0,15943.0
2011.06.29,10325.0,205.0,10240.0,10400.0,10240.0,6568.0
2011.06.28,10120.0,25.0,10160.0,10190.0,10105.0,4545.0
2011.06.27,10095.0,-175.0,10155.0,10155.0,10075.0,12552.0
2011.06.24,10270.0,-190.0,10180.0,10290.0,10170.0,6169.0
2011.06.23,10460.0,90.0,10415.0,10470.0,10415.0,3574.0
2011.06.22,10370.0,-65.0,10585.0,10585.0,10360.0,2418.0
2011.06.21,10435.0,235.0,10390.0,10435.0,10375.0,5535.0
2011.06.20,10200.0,-295.0,10400.0,10400.0,10175.0,13095.0
2011.06.17,10495.0,-75.0,10640.0,10640.0,10480.0,4250.0
2011.06.16,10570.0,-435.0,10730.0,10730.0,10550.0,17026.0
2011.06.15,11005.0,155.0,10995.0,11050.0,10980.0,2914.0
2011.06.14,10850.0,-160.0,10930.0,10930.0,10750.0,10540.0
2011.06.13,11010.0,-290.0,10965.0,11070.0,10965.0,2120.0
2011.06.10,11300.0,80.0,11220.0,11305.0,11220.0,1393.0
2011.06.09,11220.0,205.0,11155.0,11270.0,11155.0,4885.0
2011.06.08,11015.0,-5.0,11070.0,11120.0,11000.0,4703.0
2011.06.07,11020.0,-155.0,11040.0,11040.0,11000.0,3710.0
2011.06.03,11175.0,75.0,11190.0,11245.0,11155.0,2838.0
2011.06.02,11100.0,-320.0,11165.0,11180.0,11085.0,6695.0
2011.06.01,11420.0,135.0,11455.0,11480.0,11420.0,10297.0
2011.05.31,11285.0,105.0,11245.0,11315.0,11185.0,5145.0
2011.05.30,11180.0,-45.0,11235.0,11235.0,11140.0,1819.0
2011.05.27,11225.0,-85.0,11310.0,11310.0,11170.0,3677.0
2011.05.26,11310.0,315.0,11235.0,11320.0,11230.0,10174.0
2011.05.25,10995.0,30.0,11020.0,11050.0,10990.0,5815.0
2011.05.24,10965.0,30.0,10930.0,10965.0,10860.0,3980.0
2011.05.23,10935.0,-170.0,11050.0,11105.0,10935.0,4469.0
2011.05.20,11105.0,-45.0,11100.0,11105.0,10960.0,3338.0
2011.05.19,11150.0,205.0,11190.0,11230.0,11110.0,6245.0
2011.05.18,10945.0,75.0,10870.0,10955.0,10870.0,9595.0
2011.05.17,10870.0,-155.0,10820.0,10895.0,10805.0,20707.0
2011.05.16,11025.0,-55.0,11110.0,11110.0,11010.0,5546.0
2011.05.13,11080.0,-30.0,11085.0,11085.0,10985.0,22794.0
2011.05.12,11110.0,-540.0,11295.0,11295.0,11060.0,19050.0
2011.05.11,11650.0,370.0,11645.0,11800.0,11595.0,11679.0
2011.05.09,11280.0,-25.0,11280.0,11315.0,11135.0,18962.0
2011.05.06,11305.0,-1070.0,11945.0,11945.0,11005.0,42590.0
2011.05.04,12375.0,-215.0,12555.0,12555.0,12295.0,20444.0
2011.05.03,12590.0,30.0,12565.0,12720.0,12565.0,5431.0
2011.05.02,12560.0,-45.0,12645.0,12690.0,12560.0,13522.0
2011.04.29,12605.0,-55.0,12620.0,12625.0,12565.0,7167.0
2011.04.28,12660.0,135.0,12595.0,12700.0,12595.0,6628.0
2011.04.27,12525.0,55.0,12405.0,12545.0,12405.0,9705.0
2011.04.26,12470.0,-200.0,12700.0,12700.0,12385.0,31725.0
2011.04.25,12670.0,135.0,12535.0,12670.0,12535.0,10024.0
2011.04.22,12535.0,-10.0,12550.0,12590.0,12495.0,6475.0
2011.04.21,12545.0,365.0,12435.0,12545.0,12435.0,11709.0
2011.04.20,12180.0,140.0,12055.0,12195.0,12045.0,26259.0
2011.04.19,12040.0,-220.0,12145.0,12145.0,12010.0,10960.0
2011.04.18,12260.0,70.0,12340.0,12340.0,12215.0,13345.0
2011.04.15,12190.0,30.0,12200.0,12240.0,12170.0,4198.0
2011.04.14,12160.0,40.0,12040.0,12160.0,12035.0,4665.0
2011.04.13,12120.0,-110.0,11940.0,12120.0,11875.0,37974.0
2011.04.12,12230.0,-460.0,12500.0,12500.0,12195.0,22142.0
2011.04.11,12690.0,195.0,12500.0,12735.0,12500.0,25213.0
2011.04.08,12495.0,260.0,12310.0,12495.0,12310.0,13521.0
2011.04.07,12235.0,40.0,12220.0,12240.0,12215.0,7990.0
2011.04.06,12195.0,20.0,12175.0,12195.0,12160.0,6417.0
2011.04.05,12175.0,25.0,12100.0,12190.0,12100.0,6566.0
2011.04.04,12150.0,105.0,12100.0,12190.0,12100.0,49203.0
2011.04.01,12045.0,235.0,11990.0,12095.0,11990.0,15597.0
2011.03.31,11810.0,40.0,11790.0,11820.0,11765.0,9617.0
2011.03.30,11770.0,70.0,11780.0,11790.0,11715.0,8468.0
2011.03.29,11700.0,-180.0,11685.0,11785.0,11680.0,17281.0
2011.03.28,11880.0,-15.0,11920.0,11920.0,11855.0,6880.0
2011.03.25,11895.0,0.0,11860.0,11920.0,11850.0,10748.0
2011.03.24,11895.0,45.0,11970.0,11970.0,11865.0,11604.0
2011.03.23,11850.0,125.0,11835.0,11905.0,11805.0,23500.0
2011.03.22,11725.0,-65.0,11740.0,11850.0,11705.0,9441.0
2011.03.21,11790.0,-10.0,12320.0,12320.0,11755.0,33110.0
2011.03.18,11800.0,460.0,11680.0,11825.0,11665.0,20268.0
2011.03.17,11340.0,205.0,11135.0,11340.0,11135.0,9887.0
2011.03.16,11135.0,-305.0,11110.0,11220.0,11015.0,23909.0
2011.03.15,11440.0,40.0,11405.0,11630.0,11330.0,32332.0
2011.03.14,11400.0,-250.0,11410.0,11550.0,11210.0,32508.0
2011.03.11,11650.0,-330.0,11900.0,11900.0,11550.0,21944.0
2011.03.10,11980.0,130.0,11865.0,12000.0,11860.0,12440.0
2011.03.09,11850.0,-180.0,11550.0,11910.0,11550.0,22666.0
2011.03.08,12030.0,-65.0,12215.0,12215.0,11930.0,25218.0
2011.03.07,12095.0,435.0,11970.0,12110.0,11840.0,30512.0
2011.03.04,11660.0,-40.0,11670.0,11700.0,11100.0,30279.0
2011.03.03,11700.0,35.0,11855.0,11855.0,11700.0,30040.0
2011.03.02,11665.0,210.0,11480.0,11665.0,11480.0,19051.0
2011.02.28,11455.0,175.0,11280.0,11805.0,11280.0,27840.0
2011.02.25,11280.0,-125.0,11245.0,11300.0,11150.0,28588.0
2011.02.24,11405.0,355.0,11400.0,11445.0,11365.0,50015.0
2011.02.23,11050.0,-255.0,11480.0,12000.0,10945.0,61070.0
2011.02.22,11305.0,505.0,11270.0,11360.0,11180.0,37970.0
2011.02.21,10800.0,255.0,10550.0,10800.0,10550.0,9929.0
2011.02.18,10545.0,-90.0,10580.0,10585.0,10540.0,21662.0
2011.02.17,10635.0,0.0,10780.0,10780.0,10630.0,13960.0
2011.02.16,10635.0,-180.0,10820.0,10820.0,10610.0,9727.0
2011.02.15,10815.0,25.0,10800.0,10830.0,10770.0,9970.0
2011.02.14,10790.0,-35.0,10790.0,10790.0,10725.0,5663.0
2011.02.11,10825.0,-45.0,10950.0,10950.0,10805.0,12570.0
2011.02.10,10870.0,35.0,10825.0,10895.0,10825.0,7595.0
2011.02.09,10835.0,10.0,10825.0,10850.0,10785.0,7557.0
2011.02.08,10825.0,-65.0,10845.0,10845.0,10780.0,5216.0
2011.02.07,10890.0,-65.0,10955.0,10955.0,10850.0,14201.0
2011.02.01,10955.0,180.0,10800.0,10960.0,10800.0,17792.0
2011.01.31,10775.0,225.0,10875.0,10875.0,10700.0,21212.0
2011.01.28,10550.0,20.0,10570.0,10580.0,10460.0,3863.0
2011.01.27,10530.0,155.0,10450.0,10575.0,10400.0,4369.0
2011.01.26,10375.0,-110.0,10550.0,10550.0,10350.0,2773.0
2011.01.25,10485.0,-150.0,10480.0,10500.0,10450.0,8208.0
2011.01.24,10635.0,-10.0,10650.0,10655.0,10630.0,3023.0
2011.01.21,10645.0,-100.0,10700.0,10995.0,10630.0,5103.0
2011.01.20,10745.0,30.0,10840.0,10840.0,10670.0,5389.0
2011.01.19,10715.0,-5.0,10720.0,10745.0,10710.0,9726.0
2011.01.18,10720.0,-35.0,10850.0,10850.0,10715.0,3721.0
2011.01.17,10755.0,-25.0,10800.0,10800.0,10705.0,16185.0
2011.01.14,10780.0,45.0,10790.0,10830.0,10735.0,21938.0
2011.01.13,10735.0,-15.0,10790.0,10915.0,10695.0,6848.0
2011.01.12,10750.0,120.0,10640.0,10800.0,10640.0,3551.0
2011.01.11,10630.0,90.0,10640.0,10670.0,10600.0,10072.0
2011.01.10,10540.0,5.0,10660.0,10660.0,10510.0,4911.0
2011.01.07,10535.0,-195.0,10715.0,10990.0,10490.0,16279.0
2011.01.06,10730.0,160.0,10810.0,10810.0,10565.0,6298.0
2011.01.05,10570.0,-170.0,10745.0,10745.0,10540.0,8518.0
2011.01.04,10740.0,-135.0,10900.0,10900.0,10730.0,5859.0
2011.01.03,10875.0,85.0,10770.0,10880.0,10770.0,5995.0
2010.12.30,10790.0,-90.0,11000.0,11000.0,10785.0,10941.0
2010.12.29,10880.0,0.0,10880.0,10890.0,10850.0,3897.0
2010.12.28,10880.0,-25.0,11100.0,11100.0,10845.0,5272.0
2010.12.27,10905.0,80.0,10825.0,12345.0,10825.0,9627.0
2010.12.24,10825.0,20.0,12350.0,12350.0,10800.0,7265.0
2010.12.23,10805.0,25.0,10780.0,10860.0,10780.0,7389.0
2010.12.22,10780.0,50.0,10750.0,10810.0,10750.0,3822.0
2010.12.21,10730.0,45.0,10775.0,10775.0,10710.0,2566.0
2010.12.20,10685.0,45.0,10640.0,10775.0,10615.0,4723.0
2010.12.17,10640.0,10.0,10695.0,10695.0,10550.0,1745.0
2010.12.16,10630.0,65.0,10600.0,10670.0,10600.0,6699.0
2010.12.15,10565.0,130.0,10485.0,10570.0,10480.0,3007.0
2010.12.14,10435.0,-40.0,10490.0,10490.0,10405.0,6931.0
2010.12.13,10475.0,20.0,10455.0,10475.0,10375.0,831.0
2010.12.10,10455.0,-25.0,10600.0,10600.0,10415.0,5290.0
2010.12.09,10480.0,100.0,10395.0,10530.0,10395.0,6811.0
2010.12.08,10380.0,55.0,10335.0,10400.0,10335.0,15254.0
2010.12.07,10325.0,-50.0,10335.0,10380.0,10325.0,4866.0
2010.12.06,10375.0,110.0,10395.0,10410.0,10355.0,1326.0
2010.12.03,10265.0,0.0,10300.0,10345.0,10260.0,3474.0
2010.12.02,10265.0,195.0,10120.0,10300.0,10120.0,11134.0
2010.12.01,10070.0,-120.0,10180.0,10180.0,10015.0,3452.0
2010.11.30,10190.0,90.0,10100.0,10250.0,10100.0,10079.0
2010.11.29,10100.0,90.0,9970.0,10100.0,9970.0,10436.0
2010.11.26,10010.0,140.0,9870.0,10090.0,9870.0,8420.0
2010.11.25,9870.0,155.0,9915.0,9990.0,9870.0,6919.0
2010.11.24,9715.0,155.0,9600.0,9770.0,9600.0,8159.0
2010.11.23,9560.0,-75.0,9660.0,9660.0,9545.0,10272.0
2010.11.22,9635.0,-50.0,9695.0,9695.0,9610.0,16559.0
2010.11.19,9685.0,-5.0,9800.0,9800.0,9660.0,7910.0
2010.11.18,9690.0,-135.0,9825.0,9825.0,9605.0,14417.0
2010.11.17,9825.0,-110.0,9860.0,9860.0,9755.0,11216.0
2010.11.16,9935.0,-35.0,9995.0,9995.0,9910.0,8007.0
2010.11.15,9970.0,-105.0,10060.0,10060.0,9900.0,3820.0
2010.11.12,10075.0,-55.0,10195.0,10195.0,9895.0,35777.0
2010.11.11,10130.0,95.0,10095.0,10130.0,10085.0,2770.0
2010.11.10,10035.0,-65.0,10100.0,10100.0,10020.0,14180.0
2010.11.09,10100.0,10.0,10185.0,10185.0,10075.0,37326.0
2010.11.08,10090.0,50.0,10055.0,10130.0,10050.0,20370.0
2010.11.05,10040.0,190.0,9950.0,10050.0,9950.0,14190.0
2010.11.04,9850.0,120.0,9835.0,9860.0,9790.0,12823.0
2010.11.03,9730.0,60.0,9730.0,9760.0,9710.0,7218.0
2010.11.02,9670.0,115.0,9635.0,9700.0,9635.0,8718.0
2010.11.01,9555.0,-80.0,9890.0,9890.0,9515.0,20403.0
2010.10.29,9635.0,-35.0,9740.0,9740.0,9625.0,6242.0
2010.10.28,9670.0,-15.0,9680.0,9715.0,9670.0,3650.0
2010.10.27,9685.0,85.0,9685.0,9720.0,9625.0,9608.0
2010.10.26,9600.0,-45.0,9675.0,9675.0,9595.0,15153.0
2010.10.25,9645.0,50.0,9640.0,9650.0,9565.0,2796.0
2010.10.22,9595.0,-90.0,9670.0,9670.0,9560.0,5201.0
2010.10.21,9685.0,150.0,9640.0,9720.0,9640.0,18697.0
2010.10.20,9535.0,-305.0,9795.0,9795.0,9535.0,22010.0
2010.10.19,9840.0,320.0,9650.0,9850.0,9650.0,22194.0
2010.10.18,9520.0,-190.0,9635.0,9780.0,9510.0,14048.0
2010.10.15,9710.0,-110.0,9900.0,9900.0,9700.0,6319.0
2010.10.14,9820.0,70.0,9950.0,9950.0,9805.0,1187.0
2010.10.13,9750.0,-25.0,9970.0,9970.0,9705.0,4491.0
2010.10.12,9775.0,-35.0,9810.0,9810.0,9750.0,6832.0
2010.10.11,9810.0,115.0,9850.0,9850.0,9705.0,16290.0
2010.10.08,9695.0,-180.0,9880.0,9880.0,9640.0,39444.0
2010.10.07,9875.0,50.0,9895.0,9895.0,9835.0,6055.0
2010.10.06,9825.0,70.0,9795.0,9855.0,9795.0,7061.0
2010.10.05,9755.0,15.0,9790.0,9790.0,9680.0,9262.0
2010.10.04,9740.0,20.0,9815.0,9815.0,9735.0,8163.0
2010.10.01,9720.0,175.0,9580.0,9730.0,9580.0,23454.0
2010.09.30,9545.0,130.0,9465.0,9590.0,9450.0,4067.0
2010.09.29,9415.0,60.0,9430.0,9440.0,9395.0,4194.0
2010.09.28,9355.0,-100.0,9465.0,9465.0,9345.0,14524.0
2010.09.27,9455.0,35.0,9510.0,9510.0,9425.0,5682.0
2010.09.24,9420.0,-125.0,9690.0,9690.0,9415.0,8825.0
2010.09.20,9545.0,-50.0,9520.0,9565.0,9515.0,2401.0
2010.09.17,9595.0,-45.0,9640.0,9640.0,9575.0,2114.0
2010.09.16,9640.0,-45.0,9660.0,9660.0,9640.0,855.0
2010.09.15,9685.0,20.0,9660.0,9700.0,9650.0,2016.0
2010.09.14,9665.0,55.0,9615.0,9680.0,9615.0,3019.0
2010.09.13,9610.0,115.0,9605.0,9670.0,9585.0,1878.0
2010.09.10,9495.0,-155.0,9535.0,9535.0,9470.0,25023.0
2010.09.09,9650.0,5.0,9700.0,9720.0,9635.0,1597.0
2010.09.08,9645.0,60.0,9580.0,9680.0,9580.0,6978.0
2010.09.07,9585.0,15.0,9585.0,9590.0,9575.0,5441.0
2010.09.06,9570.0,-40.0,9665.0,9665.0,9555.0,2005.0
2010.09.03,9610.0,5.0,9650.0,9665.0,9610.0,11648.0
2010.09.02,9605.0,80.0,9695.0,9695.0,9580.0,12616.0
2010.09.01,9525.0,-175.0,9575.0,9575.0,9515.0,9028.0
2010.08.31,9700.0,-55.0,9700.0,9740.0,9690.0,5599.0
2010.08.30,9755.0,255.0,9700.0,9765.0,9700.0,11178.0
2010.08.27,9500.0,145.0,9405.0,9510.0,9405.0,5746.0
2010.08.26,9355.0,90.0,9380.0,9420.0,9355.0,10084.0
2010.08.25,9265.0,-65.0,9290.0,9290.0,9220.0,41377.0
2010.08.24,9330.0,-85.0,9400.0,9400.0,9285.0,19853.0
2010.08.23,9415.0,-175.0,9385.0,9430.0,9350.0,17040.0
2010.08.20,9590.0,-110.0,9605.0,9605.0,9400.0,12782.0
2010.08.19,9700.0,105.0,9625.0,9700.0,9565.0,8913.0
2010.08.18,9595.0,70.0,9625.0,9630.0,9585.0,10062.0
2010.08.17,9525.0,-145.0,9640.0,9640.0,9505.0,11458.0
2010.08.16,9670.0,-35.0,9690.0,9695.0,9640.0,12926.0
2010.08.13,9705.0,-275.0,10080.0,10080.0,9670.0,13404.0
2010.08.12,9980.0,-135.0,10070.0,10070.0,9910.0,11024.0
2010.08.11,10115.0,-90.0,10150.0,10150.0,10070.0,1688.0
2010.08.10,10205.0,125.0,10100.0,10220.0,10100.0,3376.0
2010.08.09,10080.0,-155.0,10150.0,10150.0,10035.0,2766.0
2010.08.06,10235.0,-15.0,10265.0,10265.0,10200.0,3278.0
2010.08.05,10250.0,5.0,10300.0,10300.0,10240.0,887.0
2010.08.04,10245.0,95.0,10250.0,10310.0,10240.0,2128.0
2010.08.03,10150.0,195.0,10140.0,10170.0,10120.0,15684.0
2010.08.02,9955.0,-45.0,10020.0,10025.0,9935.0,22278.0
