날짜,종가,전일비,시가,고가,저가,거래량
2026.08.20,182185.0,440.0,181615.0,182642.0,181125.0,3857552.0
2026.08.19,181745.0,-4155.0,184130.0,184155.0,181260.0,3451569.0
2026.08.18,185900.0,-2675.0,187890.0,187940.0,185392.0,3236506.0
2026.08.14,188575.0,1425.0,188565.0,189260.0,187800.0,3727943.0
2026.08.13,187150.0,1710.0,186150.0,187150.0,185650.0,2436922.0
2026.08.12,185440.0,-385.0,184705.0,185680.0,184485.0,1960966.0
2026.08.11,185825.0,-1185.0,185785.0,186335.0,185380.0,2037567.0
2026.08.10,187010.0,2350.0,185385.0,187265.0,185200.0,1075342.0
2026.08.07,184660.0,-585.0,185515.0,186140.0,184240.0,1549820.0
2026.08.06,185245.0,-2785.0,185310.0,185720.0,183725.0,1801000.0
2026.08.05,188030.0,4460.0,188095.0,188355.0,187020.0,1796143.0
2026.08.04,183570.0,3235.0,182930.0,183575.0,180725.0,1330386.0
2026.08.03,180335.0,485.0,180885.0,180930.0,179900.0,1189625.0
2026.07.31,179850.0,5985.0,178390.0,181255.0,178390.0,1524979.0
2026.07.30,173865.0,-3160.0,174795.0,176365.0,173575.0,1325681.0
2026.07.29,177280.0,-2580.0,180115.0,181035.0,175730.0,1229497.0
2026.07.28,179860.0,-5930.0,182355.0,182725.0,179482.0,1146046.0
2026.07.27,185790.0,1435.0,184545.0,185850.0,183930.0,1334861.0
2026.07.24,184355.0,-3690.0,186460.0,186745.0,183600.0,1912737.0
2026.07.23,188045.0,-1580.0,189590.0,190160.0,187645.0,1915170.0
2026.07.22,189625.0,715.0,191095.0,191350.0,189625.0,1790201.0
2026.07.21,188910.0,1550.0,187020.0,189080.0,186800.0,1982046.0
2026.07.20,187360.0,-6250.0,190880.0,190880.0,187345.0,2748263.0
2026.07.16,193610.0,-2890.0,194325.0,194670.0,193550.0,2335415.0
2026.07.15,196500.0,1970.0,195660.0,197375.0,195530.0,1918045.0
2026.07.14,194530.0,-1565.0,194015.0,194955.0,192045.0,3831374.0
2026.07.13,196095.0,-825.0,197110.0,198312.0,195945.0,2299203.0
2026.07.10,196920.0,640.0,198435.0,199000.0,196730.0,2310479.0
2026.07.09,196280.0,2880.0,195100.0,196475.0,194655.0,2165141.0
2026.07.08,193400.0,-5815.0,196130.0,197155.0,193400.0,2279944.0
2026.07.07,199215.0,-1360.0,200715.0,201050.0,198235.0,1948539.0
2026.07.06,200575.0,-530.0,201860.0,202550.0,200030.0,1785620.0
2026.07.03,201105.0,-3490.0,202155.0,202540.0,200265.0,1815013.0
2026.07.02,204595.0,-3185.0,204945.0,206320.0,204270.0,2244505.0
2026.07.01,207780.0,2730.0,207875.0,208900.0,207260.0,1566295.0
2026.06.30,205050.0,4000.0,203430.0,205315.0,203355.0,1029662.0
2026.06.29,201050.0,3325.0,199555.0,201050.0,198395.0,1408516.0
2026.06.26,197725.0,-6005.0,201850.0,202325.0,197335.0,3649418.0
2026.06.25,203730.0,2040.0,203640.0,204420.0,203180.0,1882037.0
2026.06.24,201690.0,-1100.0,200295.0,202060.0,199720.0,1713370.0
2026.06.23,202790.0,-4295.0,206690.0,206815.0,202735.0,2230467.0
2026.06.22,207085.0,2755.0,204095.0,207085.0,203885.0,1594325.0
2026.06.19,204330.0,1170.0,206610.0,206915.0,204275.0,2532503.0
2026.06.18,203160.0,990.0,202575.0,203285.0,201780.0,3475472.0
2026.06.17,202170.0,-2215.0,201105.0,202365.0,200845.0,1908882.0
2026.06.16,204385.0,2090.0,204880.0,205220.0,203890.0,2349284.0
2026.06.15,202295.0,4405.0,200825.0,202350.0,200395.0,1400916.0
2026.06.12,197890.0,3360.0,198660.0,199400.0,197820.0,1159782.0
2026.06.11,194530.0,-895.0,191670.0,194565.0,191000.0,2557277.0
2026.06.10,195425.0,-2910.0,196400.0,196490.0,194625.0,3197322.0
2026.06.09,198335.0,495.0,198890.0,199375.0,197245.0,1143455.0
2026.06.08,197840.0,-7660.0,199705.0,200820.0,197045.0,1206254.0
2026.06.05,205500.0,-740.0,205240.0,206675.0,204725.0,688173.0
2026.06.04,206240.0,1895.0,205560.0,206405.0,204650.0,704170.0
2026.06.02,204345.0,1175.0,203660.0,204600.0,202615.0,1328871.0
2026.06.01,203170.0,1225.0,203130.0,204980.0,202815.0,995029.0
2026.05.29,201945.0,3195.0,200000.0,201945.0,199985.0,488995.0
2026.05.28,198750.0,-735.0,199485.0,200295.0,198270.0,1373330.0
2026.05.27,199485.0,1285.0,200100.0,200460.0,199190.0,843712.0
2026.05.26,198200.0,210.0,199850.0,199850.0,198055.0,999626.0
2026.05.22,197990.0,2740.0,196185.0,198235.0,196155.0,822516.0
2026.05.21,195250.0,2325.0,193220.0,195555.0,193090.0,875651.0
2026.05.20,192925.0,185.0,192705.0,193220.0,192065.0,1642481.0
2026.05.19,192740.0,715.0,192040.0,193000.0,191920.0,1001833.0
2026.05.18,192025.0,-2275.0,193045.0,193315.0,191595.0,754615.0
2026.05.15,194300.0,-620.0,195660.0,196500.0,194260.0,1242459.0
2026.05.14,194920.0,2050.0,194730.0,195455.0,194440.0,808593.0
2026.05.13,192870.0,665.0,191700.0,193345.0,191465.0,1080616.0
2026.05.12,192205.0,1570.0,191405.0,192420.0,191260.0,850403.0
2026.05.11,190635.0,3695.0,189435.0,191100.0,189435.0,959151.0
2026.05.08,186940.0,2855.0,184330.0,186940.0,184330.0,678156.0
2026.05.07,184085.0,2250.0,183180.0,184085.0,182905.0,1581176.0
2026.05.06,181835.0,1780.0,183040.0,183190.0,181310.0,1228130.0
2026.05.04,180055.0,2065.0,180515.0,181435.0,180055.0,769339.0
2026.04.30,177990.0,285.0,180500.0,180720.0,177675.0,905114.0
2026.04.29,177705.0,0.0,176875.0,177865.0,176700.0,315773.0
2026.04.28,177940.0,-330.0,178620.0,178905.0,177755.0,471095.0
2026.04.27,178270.0,1075.0,178455.0,179070.0,178125.0,563183.0
2026.04.24,177195.0,935.0,176990.0,177400.0,176620.0,463429.0
2026.04.23,176260.0,1740.0,176645.0,176645.0,175495.0,846485.0
2026.04.22,174520.0,660.0,174670.0,174985.0,174220.0,562446.0
2026.04.21,173860.0,280.0,173780.0,174105.0,173585.0,589825.0
2026.04.20,173580.0,665.0,173660.0,173780.0,172930.0,701312.0
2026.04.17,172915.0,920.0,172920.0,173075.0,172360.0,425114.0
2026.04.16,171995.0,3245.0,171400.0,171995.0,170940.0,686777.0
2026.04.15,168750.0,1875.0,168575.0,169070.0,168480.0,731204.0
2026.04.14,166875.0,2195.0,166650.0,167425.0,166450.0,694643.0
2026.04.13,164680.0,-70.0,164565.0,164810.0,164100.0,706909.0
2026.04.10,164750.0,1365.0,163895.0,165070.0,163760.0,675668.0
2026.04.09,163385.0,290.0,163145.0,163490.0,162835.0,458637.0
2026.04.08,163095.0,2580.0,163255.0,163617.0,162585.0,1012903.0
2026.04.07,160515.0,-95.0,161350.0,161470.0,160300.0,709080.0
2026.04.06,160610.0,450.0,160165.0,161150.0,160165.0,986980.0
2026.04.03,160160.0,1035.0,161055.0,161060.0,160145.0,243175.0
2026.04.02,159125.0,-245.0,160905.0,161060.0,158940.0,626965.0
2026.04.01,159370.0,2415.0,159570.0,159800.0,158817.0,1007924.0
2026.03.31,156955.0,1225.0,154080.0,157555.0,153880.0,1320523.0
2026.03.30,155730.0,-3030.0,154115.0,155730.0,153650.0,853935.0
2026.03.27,158760.0,-2045.0,158585.0,158860.0,157745.0,428649.0
2026.03.26,160805.0,395.0,160570.0,161545.0,160525.0,455967.0
2026.03.25,160410.0,595.0,160020.0,160880.0,159885.0,434906.0
2026.03.24,159815.0,415.0,160275.0,160415.0,159175.0,822502.0
2026.03.23,159400.0,-2445.0,158815.0,159540.0,158450.0,1211305.0
2026.03.20,161845.0,-310.0,161235.0,162105.0,160720.0,477944.0
2026.03.19,162155.0,-1900.0,162495.0,162700.0,161870.0,922021.0
2026.03.18,164055.0,1700.0,163180.0,164245.0,163170.0,583168.0
2026.03.17,162355.0,-370.0,162780.0,162960.0,162230.0,516670.0
2026.03.16,162725.0,335.0,162225.0,162790.0,161865.0,406054.0
2026.03.13,162390.0,-135.0,161825.0,162535.0,161400.0,412396.0
2026.03.12,162525.0,60.0,162425.0,162885.0,161965.0,423409.0
2026.03.11,162465.0,95.0,163050.0,163600.0,162105.0,437616.0
2026.03.10,162370.0,1700.0,161960.0,163050.0,161630.0,564445.0
2026.03.09,160670.0,-3350.0,160000.0,160670.0,158855.0,959130.0
2026.03.06,164020.0,1580.0,164000.0,164320.0,163275.0,705246.0
2026.03.05,162440.0,2220.0,163045.0,163330.0,161955.0,692221.0
2026.03.04,160220.0,-465.0,160685.0,162000.0,159050.0,1137363.0
2026.03.03,160685.0,1635.0,161185.0,161560.0,160310.0,1482354.0
2026.02.27,159050.0,-560.0,158295.0,159110.0,158065.0,1202903.0
2026.02.26,159610.0,1355.0,159595.0,160030.0,158760.0,1115535.0
2026.02.25,158255.0,-60.0,159515.0,159935.0,158170.0,855577.0
2026.02.24,158315.0,155.0,158190.0,159112.0,158180.0,795883.0
2026.02.23,158160.0,-1330.0,159245.0,159245.0,158050.0,715547.0
2026.02.20,159490.0,-200.0,159495.0,159670.0,159295.0,651335.0
2026.02.19,159690.0,1985.0,160110.0,160370.0,159690.0,632458.0
2026.02.13,157705.0,-3495.0,158795.0,158795.0,157485.0,880879.0
2026.02.12,161200.0,-660.0,161400.0,161775.0,160900.0,392426.0
2026.02.11,161860.0,-1160.0,162755.0,162850.0,161860.0,437910.0
2026.02.10,163020.0,860.0,163220.0,163450.0,162250.0,449003.0
2026.02.09,162160.0,2735.0,163350.0,163645.0,162160.0,850326.0
2026.02.06,159425.0,-2700.0,158025.0,159580.0,157535.0,1735185.0
2026.02.05,162125.0,-765.0,161995.0,162225.0,160945.0,1195726.0
2026.02.04,162890.0,-2775.0,162600.0,163085.0,162530.0,1099207.0
2026.02.03,165665.0,2710.0,166210.0,166255.0,165510.0,726339.0
2026.02.02,162955.0,-630.0,163435.0,164400.0,162240.0,1146532.0
2026.01.30,163585.0,-1330.0,163940.0,164465.0,163185.0,817786.0
2026.01.29,164915.0,105.0,164830.0,165015.0,164045.0,565008.0
2026.01.28,165035.0,-460.0,165240.0,165830.0,164255.0,799877.0
2026.01.27,165495.0,1965.0,164900.0,166200.0,164900.0,379634.0
2026.01.26,163530.0,-2795.0,163365.0,163825.0,162780.0,1110734.0
2026.01.23,166325.0,1035.0,165460.0,166505.0,165450.0,887286.0
2026.01.22,165290.0,1645.0,165505.0,166040.0,165120.0,577201.0
2026.01.21,163645.0,-1410.0,164060.0,164440.0,163195.0,824218.0
2026.01.20,165055.0,-325.0,165080.0,165805.0,164780.0,369017.0
2026.01.19,165380.0,-2310.0,167690.0,167695.0,164910.0,676472.0
2026.01.16,167690.0,1145.0,166770.0,167795.0,166765.0,386442.0
2026.01.15,166545.0,-1805.0,165365.0,166715.0,165300.0,940939.0
2026.01.14,168350.0,40.0,168465.0,168955.0,168270.0,498588.0
2026.01.13,168310.0,1955.0,167460.0,168380.0,167460.0,537562.0
2026.01.12,166355.0,1340.0,166635.0,166870.0,165535.0,547612.0
2026.01.09,165015.0,930.0,164280.0,165130.0,164180.0,363023.0
2026.01.08,164085.0,-190.0,164810.0,165045.0,164000.0,624867.0
2026.01.07,164275.0,830.0,164820.0,164990.0,164275.0,617702.0
2026.01.06,163445.0,1295.0,162785.0,163545.0,162710.0,583505.0
2026.01.05,162150.0,-705.0,162335.0,162710.0,162100.0,690753.0
2026.01.02,162855.0,-170.0,163025.0,163025.0,161730.0,612552.0
2025.12.30,163025.0,160.0,162185.0,163025.0,156305.0,341649.0
2025.12.29,162865.0,-1140.0,164005.0,164295.0,162850.0,405763.0
2025.12.26,164005.0,-675.0,164685.0,165900.0,162915.0,502390.0
2025.12.24,164680.0,-2680.0,167885.0,168045.0,164650.0,516678.0
2025.12.23,167360.0,335.0,167415.0,167890.0,167250.0,344911.0
2025.12.22,167025.0,2910.0,166565.0,167205.0,166490.0,452601.0
2025.12.19,164115.0,1825.0,163940.0,164540.0,163460.0,370612.0
2025.12.18,162290.0,-2845.0,161830.0,162430.0,161655.0,569388.0
2025.12.17,165135.0,2225.0,163930.0,165145.0,163795.0,397380.0
2025.12.16,162910.0,-1895.0,163255.0,163325.0,162175.0,613324.0
2025.12.15,164805.0,-3010.0,166115.0,166500.0,164700.0,500689.0
2025.12.12,167815.0,1500.0,167485.0,167815.0,167200.0,388700.0
2025.12.11,166315.0,-1130.0,167065.0,167140.0,165600.0,512649.0
2025.12.10,167445.0,130.0,167240.0,167560.0,166875.0,454753.0
2025.12.09,167315.0,-335.0,167395.0,167635.0,167135.0,393655.0
2025.12.08,167650.0,350.0,167845.0,167930.0,167355.0,464687.0
2025.12.05,167300.0,-40.0,167310.0,167800.0,167150.0,313377.0
2025.12.04,167340.0,640.0,166475.0,167350.0,166360.0,356685.0
2025.12.03,166700.0,1995.0,166470.0,167115.0,166165.0,365289.0
2025.12.02,164705.0,345.0,165335.0,165700.0,164705.0,301291.0
2025.12.01,164360.0,-640.0,165410.0,165410.0,164005.0,409735.0
2025.11.28,165000.0,935.0,163955.0,165000.0,163765.0,297934.0
2025.11.27,164065.0,740.0,164530.0,164600.0,163720.0,353804.0
2025.11.26,163325.0,1105.0,162490.0,163442.0,161780.0,431598.0
2025.11.25,162220.0,2370.0,162820.0,162910.0,162145.0,367251.0
2025.11.24,159850.0,2420.0,159145.0,159980.0,158650.0,525538.0
2025.11.21,157430.0,-5725.0,157900.0,157945.0,156485.0,612101.0
2025.11.20,163155.0,4185.0,162815.0,163705.0,162620.0,492272.0
2025.11.19,158970.0,-970.0,158760.0,159775.0,158260.0,522628.0
2025.11.18,159940.0,-2765.0,162695.0,162695.0,159500.0,433943.0
2025.11.17,162705.0,1375.0,162000.0,163050.0,161400.0,408186.0
2025.11.14,161330.0,-5545.0,164700.0,164995.0,160390.0,696265.0
2025.11.13,166875.0,165.0,166005.0,167320.0,165985.0,439004.0
2025.11.12,166710.0,765.0,165700.0,166900.0,165415.0,416126.0
2025.11.11,165945.0,2745.0,165340.0,166625.0,165340.0,515524.0
2025.11.10,163200.0,325.0,162835.0,163865.0,162305.0,570260.0
2025.11.07,162875.0,-1165.0,161865.0,162935.0,161570.0,614157.0
2025.11.06,164040.0,825.0,163880.0,164312.0,163370.0,461690.0
2025.11.05,163215.0,-235.0,162235.0,163215.0,161450.0,602053.0
2025.11.04,163450.0,-620.0,164480.0,165140.0,163450.0,470884.0
2025.11.03,164070.0,-405.0,164415.0,164915.0,163945.0,397587.0
2025.10.31,164475.0,-475.0,164950.0,165175.0,164380.0,382269.0
2025.10.30,164950.0,-1000.0,164970.0,165485.0,164250.0,717894.0
2025.10.29,166170.0,1320.0,165550.0,167055.0,165275.0,451198.0
2025.10.28,164850.0,1870.0,164450.0,164945.0,164115.0,417210.0
2025.10.27,162980.0,2115.0,163040.0,163160.0,162270.0,563753.0
2025.10.24,160865.0,1525.0,160390.0,160950.0,160105.0,379345.0
2025.10.23,159340.0,-335.0,157875.0,159530.0,157720.0,403660.0
2025.10.22,159675.0,445.0,159375.0,159840.0,159000.0,421159.0
2025.10.21,159230.0,2120.0,158735.0,159305.0,158545.0,653581.0
2025.10.20,157110.0,2720.0,156870.0,157245.0,156515.0,384478.0
2025.10.17,154390.0,-1870.0,154670.0,155245.0,154205.0,401665.0
2025.10.16,156260.0,290.0,156275.0,156450.0,155645.0,557030.0
2025.10.15,155970.0,25.0,156010.0,156200.0,155445.0,632989.0
2025.10.14,155945.0,-5.0,156825.0,157660.0,155560.0,542939.0
2025.10.13,155950.0,-2660.0,155745.0,156705.0,155500.0,722254.0
2025.10.10,158610.0,4135.0,157000.0,159960.0,157000.0,509606.0
2025.10.02,154475.0,1610.0,154350.0,154890.0,154350.0,562995.0
2025.10.01,152865.0,-460.0,153355.0,153800.0,152835.0,246896.0
2025.09.30,153325.0,520.0,152810.0,153520.0,152740.0,357606.0
2025.09.29,152805.0,-340.0,153455.0,153455.0,152720.0,473619.0
2025.09.26,153145.0,835.0,152350.0,153260.0,152345.0,447298.0
2025.09.25,152310.0,-455.0,152765.0,152770.0,152285.0,396852.0
2025.09.24,152765.0,-335.0,152170.0,152765.0,152010.0,452181.0
2025.09.23,153100.0,1145.0,152860.0,153340.0,152730.0,353901.0
2025.09.22,151955.0,735.0,152680.0,152855.0,151925.0,431799.0
2025.09.19,151220.0,1230.0,151000.0,151600.0,150950.0,387052.0
2025.09.18,149990.0,1285.0,149080.0,150140.0,149065.0,366986.0
2025.09.17,148705.0,-240.0,148630.0,148960.0,148485.0,384434.0
2025.09.16,148945.0,265.0,149370.0,149460.0,148900.0,401124.0
2025.09.15,148680.0,790.0,148760.0,148880.0,148400.0,389874.0
2025.09.12,147890.0,380.0,148100.0,148115.0,147720.0,299509.0
2025.09.11,147510.0,410.0,147105.0,147510.0,146995.0,360012.0
2025.09.10,147100.0,420.0,146985.0,147225.0,146855.0,335315.0
2025.09.09,146680.0,255.0,146290.0,146765.0,146165.0,418907.0
2025.09.08,146425.0,-115.0,146540.0,146690.0,146065.0,416994.0
2025.09.05,146540.0,1755.0,146275.0,146630.0,146110.0,410615.0
2025.09.04,144785.0,780.0,144265.0,145155.0,144265.0,249739.0
2025.09.03,144005.0,-265.0,144240.0,144330.0,143800.0,327147.0
2025.09.02,144270.0,-90.0,144625.0,145005.0,144125.0,218451.0
2025.09.01,144360.0,-1660.0,144790.0,145240.0,144280.0,296718.0
2025.08.29,146020.0,1195.0,145605.0,146020.0,145555.0,237525.0
2025.08.28,144825.0,-1035.0,144955.0,144955.0,144580.0,263462.0
2025.08.27,145860.0,975.0,145580.0,145910.0,145580.0,241618.0
2025.08.26,144885.0,565.0,144505.0,144980.0,143585.0,543168.0
2025.08.25,144320.0,1565.0,144455.0,144785.0,144290.0,224421.0
2025.08.22,142755.0,-1645.0,143975.0,144000.0,142720.0,263339.0
2025.08.21,144400.0,0.0,144090.0,144415.0,143865.0,255798.0
2025.08.20,144400.0,-1600.0,144235.0,144720.0,144140.0,381111.0
2025.08.19,146000.0,320.0,146025.0,146110.0,145715.0,224982.0
2025.08.18,145680.0,-295.0,146530.0,146560.0,145680.0,251795.0
2025.08.14,145975.0,-200.0,145795.0,146460.0,145765.0,292661.0
2025.08.13,146175.0,940.0,146390.0,146630.0,146125.0,337020.0
2025.08.12,145235.0,-225.0,145285.0,145470.0,144800.0,363244.0
2025.08.11,145460.0,1030.0,145440.0,145710.0,145355.0,277907.0
2025.08.08,144430.0,1210.0,143565.0,144515.0,143500.0,298395.0
2025.08.07,143220.0,965.0,143420.0,143950.0,143025.0,295390.0
2025.08.06,142255.0,-950.0,141225.0,142465.0,141220.0,320581.0
2025.08.05,143205.0,2655.0,142505.0,143350.0,142315.0,299510.0
2025.08.04,140550.0,-3230.0,140555.0,140735.0,140000.0,854075.0
2025.08.01,143780.0,-1800.0,143395.0,144165.0,143060.0,624758.0
2025.07.31,145580.0,2215.0,145355.0,146520.0,145110.0,620884.0
2025.07.30,143365.0,-1005.0,143810.0,143850.0,142680.0,377968.0
2025.07.29,144575.0,825.0,144485.0,144785.0,144365.0,331984.0
2025.07.28,143750.0,1355.0,143335.0,143750.0,143160.0,332891.0
2025.07.25,142395.0,1300.0,141745.0,142550.0,141690.0,469379.0
2025.07.24,141095.0,-495.0,141850.0,141985.0,140875.0,300926.0
2025.07.23,141590.0,-1125.0,141735.0,142150.0,141060.0,395658.0
2025.07.22,142715.0,40.0,142475.0,142895.0,142365.0,271933.0
2025.07.21,142675.0,-425.0,142810.0,142925.0,142570.0,223710.0
2025.07.18,143100.0,1050.0,142695.0,143285.0,142535.0,337103.0
2025.07.17,142050.0,1585.0,140970.0,142050.0,140920.0,223032.0
2025.07.16,140465.0,-285.0,140540.0,141005.0,140440.0,237905.0
2025.07.15,140750.0,1760.0,140115.0,141025.0,140005.0,566757.0
2025.07.14,138990.0,-250.0,138855.0,139070.0,138565.0,274125.0
2025.07.11,139240.0,455.0,139185.0,139385.0,138400.0,425963.0
2025.07.10,138785.0,350.0,139490.0,139490.0,138785.0,267253.0
2025.07.09,138435.0,280.0,138255.0,138600.0,138210.0,164051.0
2025.07.08,138155.0,5.0,138150.0,138340.0,137735.0,296410.0
2025.07.07,138150.0,305.0,137935.0,138445.0,137805.0,240964.0
2025.07.04,137845.0,945.0,138135.0,138670.0,137550.0,243755.0
2025.07.03,136900.0,805.0,136215.0,137120.0,136165.0,190692.0
2025.07.02,136095.0,-195.0,135445.0,136290.0,135355.0,216185.0
2025.07.01,136290.0,300.0,136055.0,136595.0,135850.0,227165.0
2025.06.30,135990.0,365.0,136430.0,136585.0,135540.0,238180.0
2025.06.27,135625.0,1220.0,135275.0,135655.0,135005.0,298685.0
2025.06.26,134405.0,25.0,134130.0,134485.0,133880.0,319619.0
2025.06.25,134380.0,545.0,133875.0,134590.0,133605.0,353823.0
2025.06.24,133835.0,1195.0,133900.0,133900.0,133150.0,431788.0
2025.06.23,132640.0,915.0,131640.0,132640.0,131240.0,405149.0
2025.06.20,131725.0,-790.0,132400.0,132450.0,131585.0,260911.0
2025.06.19,132515.0,10.0,132625.0,133025.0,132100.0,347457.0
2025.06.18,132505.0,130.0,132800.0,133025.0,132285.0,150098.0
2025.06.17,132375.0,865.0,131700.0,132375.0,131615.0,206197.0
2025.06.16,131510.0,575.0,131480.0,131735.0,130985.0,155007.0
2025.06.13,130935.0,-635.0,130625.0,131350.0,129850.0,309088.0
2025.06.12,131570.0,-1980.0,132770.0,132770.0,131120.0,323688.0
2025.06.11,133550.0,1415.0,132850.0,133550.0,132510.0,242161.0
2025.06.10,132135.0,1410.0,130975.0,132535.0,130975.0,369522.0
2025.06.09,130725.0,-150.0,131190.0,131615.0,130600.0,225662.0
2025.06.05,130875.0,-800.0,131375.0,131565.0,130670.0,190818.0
2025.06.04,131675.0,2430.0,132140.0,132400.0,131675.0,161282.0
2025.06.02,129245.0,-1350.0,130580.0,130580.0,129070.0,212478.0
2025.05.30,130595.0,-2160.0,129665.0,130920.0,129255.0,360277.0
2025.05.29,132755.0,1945.0,132975.0,133720.0,132600.0,351623.0
2025.05.28,130810.0,2075.0,130535.0,131010.0,130125.0,161861.0
2025.05.27,128735.0,425.0,128440.0,128770.0,128050.0,170435.0
2025.05.26,128310.0,-215.0,128515.0,128710.0,127705.0,207801.0
2025.05.23,128525.0,-860.0,129575.0,129855.0,128340.0,172138.0
2025.05.22,129385.0,-1450.0,128685.0,129490.0,128555.0,236332.0
2025.05.21,130835.0,-970.0,131805.0,131950.0,130745.0,150905.0
2025.05.20,131805.0,565.0,132555.0,132890.0,131645.0,209561.0
2025.05.19,131240.0,-200.0,131735.0,132150.0,131035.0,353962.0
2025.05.16,131440.0,-295.0,132110.0,132400.0,131280.0,171964.0
2025.05.15,131735.0,-2125.0,133400.0,133515.0,131565.0,357434.0
2025.05.14,133860.0,3220.0,133410.0,133860.0,132500.0,389369.0
2025.05.13,130640.0,3150.0,130815.0,131100.0,129960.0,471584.0
2025.05.12,127490.0,2595.0,126170.0,127645.0,125930.0,327121.0
2025.05.09,124895.0,510.0,124930.0,126150.0,124505.0,365441.0
2025.05.08,124385.0,1050.0,123340.0,124720.0,123040.0,292439.0
2025.05.07,123335.0,-425.0,122580.0,124000.0,122255.0,306941.0
2025.05.02,123760.0,975.0,125225.0,126810.0,123760.0,349690.0
2025.04.30,122785.0,-1230.0,123870.0,123870.0,122520.0,242338.0
2025.04.29,124015.0,70.0,124050.0,124635.0,123775.0,252817.0
2025.04.28,124330.0,750.0,123985.0,124330.0,123425.0,171268.0
2025.04.25,123580.0,4360.0,123030.0,123840.0,122940.0,275055.0
2025.04.24,119220.0,1290.0,118820.0,119335.0,118500.0,239543.0
2025.04.23,117930.0,4570.0,118495.0,118685.0,117765.0,318262.0
2025.04.22,113360.0,-1130.0,113060.0,113920.0,112910.0,351970.0
2025.04.21,114490.0,-1850.0,115150.0,115400.0,114100.0,342635.0
2025.04.18,116340.0,-425.0,116075.0,116340.0,115400.0,172615.0
2025.04.17,116765.0,-355.0,115290.0,116790.0,115195.0,238755.0
2025.04.16,117120.0,-2055.0,118325.0,118577.0,116605.0,277584.0
2025.04.15,119175.0,-1110.0,118815.0,119430.0,118500.0,289726.0
2025.04.14,120285.0,-25.0,120445.0,120860.0,119970.0,349859.0
2025.04.11,120310.0,-2790.0,118005.0,120510.0,115885.0,490446.0
2025.04.10,123100.0,11805.0,124530.0,124780.0,122350.0,776356.0
2025.04.09,111295.0,-4170.0,111595.0,112635.0,109820.0,729198.0
2025.04.08,115465.0,7545.0,114905.0,116160.0,114770.0,650743.0
2025.04.07,107920.0,-10210.0,108135.0,110480.0,106945.0,1279363.0
2025.04.04,118130.0,-5545.0,119820.0,120045.0,117260.0,670836.0
2025.04.03,123675.0,-3085.0,122785.0,124100.0,122680.0,837428.0
2025.04.02,126760.0,800.0,127435.0,127595.0,126500.0,440426.0
2025.04.01,125960.0,1115.0,125935.0,126010.0,125415.0,571335.0
2025.03.31,124845.0,-4520.0,125080.0,125080.0,124365.0,611223.0
2025.03.28,129365.0,-775.0,129225.0,129425.0,128925.0,418103.0
2025.03.27,130140.0,-2125.0,129955.0,130340.0,129835.0,502068.0
2025.03.26,132265.0,475.0,132575.0,132840.0,132230.0,486890.0
2025.03.25,131790.0,1550.0,131835.0,132085.0,131760.0,458433.0
2025.03.24,130240.0,2150.0,129665.0,130340.0,129615.0,482599.0
2025.03.21,128090.0,-860.0,128510.0,129030.0,128020.0,552447.0
2025.03.20,128950.0,2650.0,128560.0,129270.0,128425.0,322124.0
2025.03.19,126300.0,-1405.0,125935.0,126920.0,125865.0,359326.0
2025.03.18,127705.0,1610.0,127340.0,127705.0,126910.0,307439.0
2025.03.17,126095.0,645.0,126660.0,126660.0,125990.0,358826.0
2025.03.14,125450.0,-250.0,125025.0,126000.0,125000.0,347044.0
2025.03.13,125700.0,190.0,126900.0,127150.0,125535.0,500177.0
2025.03.12,125510.0,-870.0,125960.0,126100.0,125410.0,427560.0
2025.03.11,126380.0,-3470.0,125325.0,126380.0,124075.0,1093196.0
2025.03.10,129850.0,310.0,128950.0,130420.0,128685.0,350205.0
2025.03.07,129540.0,-2710.0,129920.0,129985.0,129390.0,556319.0
2025.03.06,132250.0,-495.0,132270.0,132420.0,131710.0,438449.0
2025.03.05,132745.0,-790.0,132950.0,133180.0,132305.0,492205.0
2025.03.04,133535.0,-500.0,133085.0,133560.0,132485.0,811534.0
2025.02.28,134035.0,-2320.0,133215.0,134035.0,132950.0,1132645.0
2025.02.27,136355.0,1090.0,135140.0,136355.0,134555.0,961685.0
2025.02.26,135265.0,-735.0,134815.0,135320.0,134615.0,559316.0
2025.02.25,136000.0,-2035.0,137445.0,137445.0,135400.0,493694.0
2025.02.24,138035.0,-2750.0,138765.0,138775.0,137555.0,674409.0
2025.02.21,140785.0,-470.0,140845.0,141080.0,140545.0,463020.0
2025.02.20,141255.0,-760.0,142015.0,142050.0,141255.0,655780.0
2025.02.19,142015.0,-470.0,142440.0,142485.0,142015.0,259311.0
2025.02.18,142485.0,185.0,142135.0,142615.0,141925.0,230785.0
2025.02.17,142300.0,770.0,141865.0,142360.0,141785.0,224991.0
2025.02.14,141530.0,980.0,141175.0,141755.0,141110.0,264106.0
2025.02.13,140550.0,305.0,140850.0,141205.0,140460.0,195008.0
2025.02.12,140245.0,110.0,140285.0,140585.0,140075.0,216157.0
2025.02.11,140135.0,700.0,140190.0,140490.0,140125.0,192175.0
2025.02.10,139435.0,-555.0,139805.0,139895.0,139330.0,250221.0
2025.02.07,139990.0,145.0,139850.0,140420.0,139850.0,194966.0
2025.02.06,139845.0,2115.0,139100.0,139980.0,139085.0,246569.0
2025.02.05,137730.0,-500.0,139020.0,139110.0,137730.0,299129.0
2025.02.04,138230.0,1630.0,139055.0,139195.0,137710.0,322038.0
2025.02.03,136600.0,-3225.0,137100.0,137620.0,136330.0,477692.0
2025.01.31,139825.0,615.0,138615.0,140235.0,138505.0,358219.0
2025.01.24,139210.0,-225.0,139715.0,139915.0,138975.0,420051.0
2025.01.23,139505.0,695.0,139505.0,139715.0,139365.0,200778.0
2025.01.22,138810.0,1220.0,138240.0,138970.0,137910.0,294285.0
2025.01.21,137590.0,-880.0,138155.0,138275.0,136455.0,380401.0
2025.01.20,138470.0,1265.0,139035.0,139205.0,138015.0,202555.0
2025.01.17,137205.0,-635.0,136800.0,137205.0,136365.0,320023.0
2025.01.16,137840.0,2675.0,137725.0,137920.0,137115.0,331785.0
2025.01.15,135165.0,-940.0,135125.0,135250.0,134900.0,175172.0
2025.01.14,136105.0,260.0,136020.0,136280.0,135625.0,195951.0
2025.01.13,135845.0,-1700.0,136600.0,136900.0,135510.0,317938.0
2025.01.10,137545.0,95.0,137025.0,137700.0,136430.0,227807.0
2025.01.09,137450.0,-210.0,137400.0,137600.0,136935.0,235264.0
2025.01.08,137660.0,-1565.0,138765.0,138800.0,137000.0,345647.0
2025.01.07,139225.0,-380.0,140420.0,140785.0,138830.0,309549.0
2025.01.06,139605.0,2095.0,139700.0,139980.0,139230.0,219146.0
2025.01.03,137510.0,-675.0,137285.0,137575.0,136860.0,315589.0
2025.01.02,138185.0,-2695.0,138200.0,139445.0,137750.0,500071.0
2024.12.30,140880.0,-945.0,141680.0,141680.0,140025.0,321532.0
2024.12.27,141825.0,-665.0,142490.0,143900.0,141825.0,411859.0
2024.12.26,142490.0,3160.0,141560.0,142520.0,141520.0,345319.0
2024.12.24,139330.0,600.0,138955.0,139380.0,138760.0,221184.0
2024.12.23,138730.0,3000.0,137615.0,138730.0,137470.0,344464.0
2024.12.20,135730.0,-1160.0,136245.0,136325.0,135155.0,362553.0
2024.12.19,136890.0,-3830.0,136965.0,137205.0,136460.0,570257.0
2024.12.18,140720.0,-635.0,140800.0,140840.0,140480.0,232634.0
2024.12.17,141355.0,2190.0,141100.0,141470.0,141020.0,249484.0
2024.12.16,139165.0,695.0,138515.0,139595.0,138490.0,222999.0
2024.12.13,138470.0,20.0,138450.0,138615.0,138195.0,193243.0
2024.12.12,138450.0,2035.0,138325.0,138710.0,138100.0,256478.0
2024.12.11,136415.0,285.0,136350.0,136630.0,136080.0,167372.0
2024.12.10,136130.0,-2075.0,136550.0,136630.0,136035.0,277392.0
2024.12.09,138205.0,2830.0,137270.0,138380.0,137150.0,291589.0
2024.12.06,135375.0,195.0,135060.0,136200.0,134760.0,208134.0
2024.12.05,135180.0,1530.0,135000.0,135310.0,134915.0,205557.0
2024.12.04,133650.0,1470.0,133610.0,134155.0,133230.0,181712.0
2024.12.03,132180.0,1855.0,132185.0,132350.0,131920.0,212531.0
2024.12.02,130325.0,945.0,129830.0,130630.0,129830.0,198540.0
2024.11.29,129380.0,245.0,129225.0,129700.0,128980.0,146815.0
2024.11.28,129135.0,-805.0,128620.0,129200.0,128600.0,119653.0
2024.11.27,129940.0,350.0,129950.0,130250.0,129735.0,140098.0
2024.11.26,129590.0,-710.0,129845.0,129965.0,129225.0,173243.0
2024.11.25,130300.0,1010.0,129920.0,130300.0,129740.0,283912.0
2024.11.22,129290.0,1150.0,128970.0,129405.0,128825.0,230882.0
2024.11.21,128140.0,-240.0,128635.0,128875.0,127815.0,174897.0
2024.11.20,128380.0,980.0,128215.0,128625.0,128035.0,150268.0
2024.11.19,127400.0,-80.0,127400.0,127575.0,127095.0,206733.0
2024.11.18,127480.0,-1530.0,127125.0,127525.0,126730.0,506298.0
2024.11.15,129010.0,-2115.0,130415.0,130940.0,129010.0,288731.0
2024.11.14,131125.0,-355.0,131515.0,131880.0,131070.0,148664.0
2024.11.13,131480.0,-320.0,131990.0,132105.0,131410.0,200693.0
2024.11.12,131800.0,335.0,131465.0,131950.0,131445.0,210940.0
2024.11.11,131465.0,1225.0,131440.0,131730.0,131135.0,334838.0
2024.11.08,130240.0,745.0,130120.0,130400.0,129885.0,207083.0
2024.11.07,129495.0,2165.0,129450.0,129830.0,129140.0,283618.0
2024.11.06,127330.0,4685.0,123775.0,127750.0,123740.0,452262.0
2024.11.05,122645.0,-80.0,122215.0,122720.0,122050.0,145895.0
2024.11.04,122725.0,165.0,122595.0,122985.0,122035.0,210021.0
2024.11.01,122560.0,-1730.0,122030.0,122825.0,121960.0,248685.0
2024.10.31,124290.0,-2395.0,124690.0,124830.0,124230.0,289631.0
2024.10.30,126685.0,925.0,126950.0,127045.0,126550.0,164390.0
2024.10.29,125940.0,-420.0,125615.0,125940.0,125035.0,540192.0
2024.10.28,126360.0,980.0,126535.0,126955.0,126310.0,260965.0
2024.10.25,125380.0,1230.0,124310.0,125410.0,124310.0,197523.0
2024.10.24,124150.0,-1165.0,124130.0,124350.0,123830.0,238061.0
2024.10.23,125315.0,575.0,125160.0,125615.0,125105.0,255064.0
2024.10.22,124740.0,410.0,124925.0,125320.0,124615.0,409145.0
2024.10.21,124330.0,750.0,124045.0,124340.0,123900.0,284979.0
2024.10.18,123580.0,105.0,123615.0,123800.0,123240.0,193618.0
2024.10.17,123475.0,835.0,122645.0,123475.0,122315.0,146324.0
2024.10.16,122640.0,-1235.0,122700.0,122930.0,122510.0,269175.0
2024.10.15,123875.0,1520.0,123570.0,124215.0,123540.0,391608.0
2024.10.14,122355.0,655.0,121955.0,122445.0,121780.0,166288.0
2024.10.11,121700.0,-85.0,121970.0,122015.0,121500.0,145109.0
2024.10.10,121785.0,2795.0,121650.0,121990.0,121260.0,199619.0
2024.10.08,118990.0,-1065.0,118940.0,119225.0,118670.0,287510.0
2024.10.07,120055.0,2280.0,120005.0,120350.0,119800.0,267124.0
2024.10.04,117775.0,1860.0,117370.0,118055.0,117250.0,106852.0
2024.10.02,115915.0,-290.0,116205.0,116465.0,115765.0,109392.0
2024.09.30,116205.0,-1610.0,117255.0,117255.0,116010.0,173024.0
2024.09.27,117815.0,-1790.0,118240.0,118590.0,117695.0,251163.0
2024.09.26,119605.0,1815.0,119250.0,119850.0,118840.0,140295.0
2024.09.25,117790.0,-455.0,117970.0,118115.0,117615.0,160298.0
2024.09.24,118245.0,0.0,118245.0,118310.0,117730.0,115736.0
2024.09.23,118245.0,900.0,117715.0,118680.0,117715.0,143707.0
2024.09.20,117345.0,830.0,117170.0,117490.0,117170.0,205728.0
2024.09.19,116515.0,1445.0,115160.0,116580.0,115160.0,172964.0
2024.09.13,115070.0,25.0,115695.0,115700.0,114835.0,173426.0
2024.09.12,115045.0,3150.0,114765.0,115230.0,114670.0,159309.0
2024.09.11,111895.0,505.0,112715.0,112725.0,111320.0,157152.0
2024.09.10,111390.0,725.0,111850.0,111895.0,111225.0,149122.0
2024.09.09,110665.0,-580.0,109560.0,110795.0,109485.0,201615.0
2024.09.06,111245.0,-1105.0,112260.0,112320.0,111220.0,222577.0
2024.09.05,112350.0,-335.0,112450.0,112940.0,112210.0,193653.0
2024.09.04,112685.0,-3835.0,112970.0,113245.0,112260.0,453938.0
2024.09.03,116520.0,55.0,116470.0,116850.0,116400.0,104640.0
2024.09.02,116465.0,885.0,116200.0,116850.0,116200.0,133404.0
2024.08.30,115580.0,1210.0,115110.0,115580.0,114895.0,206462.0
2024.08.29,114370.0,-2360.0,114095.0,114515.0,113925.0,236475.0
2024.08.28,116730.0,935.0,115655.0,116730.0,115515.0,144075.0
2024.08.27,115795.0,-855.0,116600.0,116630.0,114310.0,128574.0
2024.08.26,116650.0,-230.0,116375.0,116670.0,116000.0,153104.0
2024.08.23,116880.0,-995.0,116840.0,117055.0,116600.0,189813.0
2024.08.22,117875.0,385.0,117845.0,118270.0,117710.0,245687.0
2024.08.21,117490.0,-70.0,116950.0,117585.0,116500.0,182597.0
2024.08.20,117560.0,1815.0,117180.0,117925.0,116645.0,195482.0
2024.08.19,115745.0,-2655.0,118400.0,118440.0,115450.0,195065.0
2024.08.16,118400.0,3060.0,118895.0,119100.0,115700.0,214412.0
2024.08.14,115340.0,1880.0,115640.0,115640.0,114990.0,184639.0
2024.08.13,113460.0,180.0,113280.0,113515.0,113105.0,167664.0
2024.08.12,113280.0,1360.0,112760.0,113400.0,112400.0,176653.0
2024.08.09,111920.0,1960.0,113205.0,113265.0,111305.0,289737.0
2024.08.08,109960.0,-1670.0,108775.0,110135.0,108615.0,210510.0
2024.08.07,111630.0,95.0,110225.0,112450.0,109835.0,304130.0
2024.08.06,111535.0,5510.0,108350.0,111780.0,108350.0,847827.0
2024.08.05,106025.0,-7395.0,109845.0,110150.0,104060.0,1229954.0
2024.08.02,113420.0,-5045.0,114725.0,115060.0,113420.0,489411.0
2024.08.01,118465.0,1680.0,119350.0,119635.0,118150.0,248147.0
2024.07.31,116785.0,-770.0,116555.0,117075.0,116220.0,293742.0
2024.07.30,117555.0,-365.0,117055.0,117560.0,116760.0,174859.0
2024.07.29,118110.0,1165.0,117795.0,118265.0,117795.0,301507.0
2024.07.26,116945.0,-830.0,116515.0,117195.0,116335.0,232334.0
2024.07.25,117775.0,-3020.0,117380.0,118195.0,117255.0,497534.0
2024.07.24,120795.0,-1185.0,121410.0,121605.0,120705.0,165889.0
2024.07.23,121980.0,595.0,122290.0,122475.0,121830.0,181717.0
2024.07.22,121385.0,-1000.0,121570.0,121570.0,120950.0,332971.0
2024.07.19,122385.0,-305.0,122300.0,122465.0,122015.0,247451.0
2024.07.18,122690.0,-2025.0,121475.0,122710.0,121400.0,367325.0
2024.07.17,124715.0,-1500.0,126205.0,126205.0,124715.0,212234.0
2024.07.16,126215.0,345.0,126045.0,126375.0,126045.0,172891.0
2024.07.15,125870.0,1520.0,125125.0,125935.0,125000.0,155103.0
2024.07.12,124350.0,-2735.0,123675.0,124350.0,123440.0,356908.0
2024.07.11,127085.0,650.0,127410.0,127455.0,126925.0,202727.0
2024.07.10,126435.0,140.0,126315.0,126735.0,126315.0,199215.0
2024.07.09,126295.0,625.0,126405.0,126625.0,126285.0,245428.0
2024.07.08,125670.0,1220.0,125010.0,125670.0,125010.0,203087.0
2024.07.05,124450.0,240.0,124090.0,124450.0,123875.0,188811.0
2024.07.04,124210.0,135.0,124695.0,124695.0,124165.0,153598.0
2024.07.03,124075.0,1700.0,123640.0,124115.0,123505.0,186814.0
2024.07.02,122375.0,770.0,122270.0,122480.0,121900.0,166114.0
2024.07.01,121605.0,-385.0,121385.0,121760.0,121300.0,131311.0
2024.06.28,121990.0,210.0,122540.0,122930.0,121985.0,139955.0
2024.06.27,121780.0,-545.0,122280.0,122325.0,121690.0,128670.0
2024.06.26,122325.0,1585.0,122160.0,122380.0,122100.0,130872.0
2024.06.25,120740.0,-1475.0,120640.0,120825.0,120310.0,187924.0
2024.06.24,122215.0,-320.0,122535.0,122540.0,121870.0,147085.0
2024.06.21,122535.0,-1145.0,122830.0,122990.0,122310.0,205167.0
2024.06.20,123680.0,845.0,122845.0,123720.0,122845.0,167154.0
2024.06.19,122835.0,260.0,122600.0,122835.0,122435.0,144090.0
2024.06.18,122575.0,1515.0,122455.0,122600.0,122265.0,211203.0
2024.06.17,121060.0,330.0,121350.0,121550.0,120900.0,174430.0
2024.06.14,120730.0,630.0,120255.0,120735.0,120220.0,168843.0
2024.06.13,120100.0,2000.0,119370.0,120195.0,119370.0,182824.0
2024.06.12,118100.0,825.0,118160.0,118300.0,117970.0,145518.0
2024.06.11,117275.0,815.0,116755.0,117275.0,116755.0,103669.0
2024.06.10,116460.0,370.0,116705.0,116965.0,116460.0,117931.0
2024.06.07,116090.0,1710.0,115980.0,116300.0,115755.0,135078.0
2024.06.05,114380.0,420.0,114325.0,114665.0,114015.0,121710.0
2024.06.04,113960.0,-130.0,114090.0,114100.0,113540.0,132918.0
2024.06.03,114090.0,-30.0,114185.0,114450.0,113920.0,133891.0
2024.05.31,114120.0,-330.0,113545.0,114145.0,113310.0,115441.0
2024.05.30,114450.0,100.0,114180.0,114450.0,114110.0,128785.0
2024.05.29,114350.0,205.0,114800.0,114895.0,114255.0,119979.0
2024.05.28,114145.0,-225.0,114340.0,114430.0,113940.0,128063.0
2024.05.27,114370.0,655.0,114335.0,114480.0,114260.0,122946.0
2024.05.24,113715.0,-820.0,113715.0,114040.0,113615.0,182548.0
2024.05.23,114535.0,810.0,114400.0,114775.0,114250.0,141705.0
2024.05.22,113725.0,360.0,113800.0,113990.0,113580.0,127870.0
2024.05.21,113365.0,1050.0,113230.0,113690.0,113220.0,142886.0
2024.05.20,112315.0,155.0,112160.0,112510.0,112110.0,123312.0
2024.05.17,112160.0,470.0,111615.0,112370.0,111550.0,131692.0
2024.05.16,111690.0,730.0,112280.0,112445.0,111660.0,172136.0
2024.05.14,110960.0,-20.0,110905.0,110965.0,110780.0,157447.0
2024.05.13,110980.0,450.0,110815.0,111090.0,110720.0,110137.0
2024.05.10,110530.0,390.0,110350.0,110580.0,110280.0,101271.0
2024.05.09,110140.0,235.0,109840.0,110200.0,109800.0,100528.0
2024.05.08,109905.0,485.0,109560.0,110110.0,109560.0,114772.0
2024.05.07,109420.0,2355.0,109205.0,109420.0,109080.0,156275.0
2024.05.03,107065.0,165.0,107595.0,107755.0,107060.0,207091.0
2024.05.02,106900.0,-2520.0,107020.0,107340.0,106790.0,204152.0
2024.04.30,109420.0,280.0,109175.0,109950.0,108850.0,76071.0
2024.04.29,109140.0,1095.0,108900.0,109590.0,108860.0,98318.0
2024.04.26,108185.0,2205.0,107875.0,108465.0,107855.0,101901.0
2024.04.25,105980.0,-1595.0,106500.0,106675.0,105980.0,116290.0
2024.04.24,107575.0,1870.0,107520.0,107695.0,107315.0,139183.0
2024.04.23,105705.0,170.0,105725.0,105800.0,105445.0,131446.0
2024.04.22,105535.0,-725.0,105210.0,105560.0,105025.0,180892.0
2024.04.19,106260.0,-1530.0,106870.0,106930.0,105585.0,358141.0
2024.04.18,107790.0,-1470.0,107930.0,107995.0,107440.0,193637.0
2024.04.17,109260.0,-685.0,110220.0,110380.0,108965.0,179668.0
2024.04.16,109945.0,-1735.0,109850.0,110445.0,109670.0,215957.0
2024.04.15,111680.0,-720.0,111400.0,111680.0,111160.0,158383.0
2024.04.12,112400.0,2645.0,111565.0,112400.0,111565.0,135590.0
2024.04.11,109755.0,150.0,109535.0,109755.0,109345.0,68105.0
2024.04.09,109605.0,275.0,109335.0,109610.0,109335.0,52767.0
2024.04.08,109330.0,1155.0,109310.0,109600.0,109200.0,79315.0
2024.04.05,108175.0,-1305.0,107730.0,108225.0,107660.0,176288.0
2024.04.04,109480.0,770.0,109440.0,109790.0,109300.0,90098.0
2024.04.03,108710.0,-1580.0,109310.0,109320.0,108585.0,180826.0
2024.04.02,110290.0,-290.0,110335.0,110435.0,110100.0,120425.0
2024.04.01,110580.0,380.0,110360.0,110650.0,110215.0,150648.0
2024.03.29,110200.0,460.0,109795.0,110200.0,109755.0,58473.0
2024.03.28,109740.0,-230.0,109970.0,110240.0,109520.0,136860.0
2024.03.27,109970.0,520.0,109430.0,110020.0,109320.0,113643.0
2024.03.26,109450.0,-180.0,109445.0,109560.0,109095.0,128697.0
2024.03.25,109630.0,120.0,109840.0,110115.0,109245.0,155802.0
2024.03.22,109510.0,1050.0,109050.0,109640.0,108895.0,104517.0
2024.03.21,108460.0,820.0,108710.0,108860.0,108415.0,144068.0
2024.03.20,107640.0,355.0,107525.0,107700.0,107395.0,79439.0
2024.03.19,107285.0,685.0,106975.0,107395.0,106950.0,114315.0
2024.03.18,106600.0,45.0,106030.0,106660.0,105840.0,96518.0
2024.03.15,106555.0,-70.0,106575.0,106730.0,106200.0,101921.0
2024.03.14,106625.0,-205.0,106215.0,106695.0,106085.0,135163.0
2024.03.13,106830.0,1185.0,106650.0,106925.0,106405.0,112181.0
2024.03.12,105645.0,430.0,105380.0,105660.0,105310.0,152452.0
2024.03.11,105215.0,-2355.0,105950.0,106000.0,105195.0,257540.0
2024.03.08,107570.0,835.0,107785.0,108055.0,107570.0,133375.0
2024.03.07,106735.0,-160.0,107360.0,107360.0,106295.0,163934.0
2024.03.06,106895.0,-1195.0,106870.0,107100.0,106800.0,186867.0
2024.03.05,108090.0,-670.0,108130.0,108290.0,108030.0,144451.0
2024.03.04,108760.0,2600.0,108635.0,108785.0,108395.0,165594.0
2024.02.29,106160.0,-610.0,106290.0,106455.0,106160.0,124371.0
2024.02.28,106770.0,530.0,106685.0,107205.0,106610.0,85530.0
2024.02.27,106240.0,-60.0,106305.0,106480.0,106240.0,104861.0
2024.02.26,106300.0,-525.0,106825.0,106825.0,106170.0,128582.0
2024.02.23,106825.0,1655.0,106400.0,106865.0,106400.0,131463.0
2024.02.22,105170.0,980.0,104995.0,105450.0,104995.0,134698.0
2024.02.21,104190.0,-1115.0,104320.0,104365.0,104020.0,141008.0
2024.02.20,105305.0,-245.0,105525.0,105585.0,105100.0,141639.0
2024.02.19,105550.0,-875.0,105410.0,105655.0,105215.0,146038.0
2024.02.16,106425.0,465.0,105980.0,106425.0,105965.0,106345.0
2024.02.15,105960.0,985.0,105665.0,105995.0,105665.0,140958.0
2024.02.14,104975.0,-925.0,105320.0,105350.0,104885.0,200438.0
2024.02.13,105900.0,690.0,105725.0,105900.0,105640.0,170500.0
2024.02.08,105210.0,1265.0,105065.0,105325.0,104950.0,234598.0
2024.02.07,103945.0,-505.0,103935.0,104145.0,103715.0,116389.0
2024.02.06,104450.0,-75.0,104820.0,104820.0,104340.0,117729.0
2024.02.05,104525.0,1210.0,104865.0,105240.0,104450.0,127957.0
2024.02.02,103315.0,1245.0,103650.0,103800.0,103165.0,124572.0
2024.02.01,102070.0,-1155.0,102335.0,102355.0,102070.0,191774.0
2024.01.31,103225.0,-1065.0,102940.0,103315.0,102845.0,139037.0
2024.01.30,104290.0,415.0,104800.0,104800.0,104290.0,109496.0
2024.01.29,104085.0,270.0,103815.0,104130.0,103805.0,101037.0
2024.01.26,103815.0,-665.0,104125.0,104275.0,103685.0,180048.0
2024.01.25,104480.0,20.0,104355.0,104540.0,104205.0,116608.0
2024.01.24,104460.0,1115.0,104215.0,104640.0,104200.0,175452.0
2024.01.23,103345.0,-785.0,103785.0,103830.0,103300.0,162372.0
2024.01.22,104130.0,2280.0,103240.0,104170.0,103240.0,199190.0
2024.01.19,101850.0,1620.0,101475.0,101875.0,101415.0,128814.0
2024.01.18,100230.0,-175.0,100410.0,100590.0,100065.0,107174.0
2024.01.17,100405.0,800.0,100260.0,100975.0,100260.0,142580.0
2024.01.16,99605.0,130.0,99240.0,99690.0,99050.0,88708.0
2024.01.15,99475.0,825.0,98685.0,99535.0,98685.0,103418.0
2024.01.12,98650.0,-215.0,98725.0,98795.0,98455.0,155236.0
2024.01.11,98865.0,505.0,99065.0,99230.0,98865.0,369189.0
2024.01.10,98360.0,610.0,98260.0,98545.0,98215.0,124352.0
2024.01.09,97750.0,1915.0,97550.0,97750.0,97330.0,320011.0
2024.01.08,95835.0,220.0,95820.0,95990.0,95745.0,80652.0
2024.01.05,95615.0,-310.0,95670.0,95860.0,95465.0,97978.0
2024.01.04,95925.0,-510.0,95950.0,96005.0,95740.0,452773.0
2024.01.03,96435.0,-1375.0,96985.0,96985.0,96370.0,172324.0
2024.01.02,97810.0,190.0,97620.0,98000.0,97365.0,339678.0
2023.12.28,97620.0,-80.0,97710.0,97810.0,97455.0,99954.0
2023.12.27,97700.0,375.0,97730.0,97825.0,97500.0,86439.0
2023.12.26,97325.0,135.0,97465.0,97625.0,97080.0,112319.0
2023.12.22,97190.0,150.0,97005.0,97220.0,96970.0,103717.0
2023.12.21,97040.0,-615.0,96520.0,97040.0,96500.0,108032.0
2023.12.20,97655.0,-5.0,97710.0,97980.0,97550.0,121767.0
2023.12.19,97660.0,1080.0,97200.0,97760.0,97040.0,162255.0
2023.12.18,96580.0,710.0,96560.0,96775.0,96385.0,264918.0
2023.12.15,95870.0,-580.0,95590.0,95915.0,95365.0,137380.0
2023.12.14,96450.0,-60.0,96515.0,97000.0,96010.0,183735.0
2023.12.13,96510.0,1075.0,95885.0,96540.0,95885.0,98425.0
2023.12.12,95435.0,940.0,95355.0,95545.0,95330.0,96224.0
2023.12.11,94495.0,1055.0,94445.0,94605.0,94390.0,112985.0
2023.12.08,93440.0,-45.0,94030.0,94075.0,93335.0,84699.0
2023.12.07,93485.0,-60.0,92880.0,93595.0,92820.0,79764.0
2023.12.06,93545.0,1020.0,93290.0,93625.0,93240.0,112598.0
2023.12.05,92525.0,-455.0,92665.0,92800.0,92505.0,110204.0
2023.12.04,92980.0,90.0,92425.0,93000.0,92325.0,103301.0
2023.12.01,92890.0,505.0,92445.0,92980.0,92380.0,70514.0
2023.11.30,92385.0,75.0,92300.0,92520.0,92060.0,62447.0
2023.11.29,92310.0,40.0,92150.0,92465.0,91980.0,93421.0
2023.11.28,92270.0,-405.0,92650.0,92650.0,92025.0,64361.0
2023.11.27,92675.0,-675.0,92855.0,92920.0,92565.0,79100.0
2023.11.24,93350.0,490.0,92955.0,93365.0,92820.0,94464.0
2023.11.23,92860.0,525.0,92975.0,93030.0,92670.0,105330.0
2023.11.22,92335.0,-25.0,92145.0,92335.0,91740.0,81455.0
2023.11.21,92360.0,1280.0,92290.0,92540.0,92040.0,135982.0
2023.11.20,91080.0,-570.0,91530.0,91755.0,90720.0,135531.0
2023.11.17,91650.0,105.0,91305.0,91740.0,91190.0,77773.0
2023.11.16,91545.0,-610.0,92155.0,92330.0,88200.0,105123.0
2023.11.15,92155.0,135.0,92455.0,92500.0,91895.0,124141.0
2023.11.14,92020.0,580.0,91370.0,92030.0,91200.0,89325.0
2023.11.13,91440.0,2210.0,91080.0,91440.0,91060.0,171047.0
2023.11.10,89230.0,-250.0,89125.0,89285.0,89025.0,49821.0
2023.11.09,89480.0,165.0,89220.0,89620.0,89005.0,104886.0
2023.11.08,89315.0,1035.0,89010.0,89430.0,88705.0,127094.0
2023.11.07,88280.0,770.0,87775.0,88460.0,87775.0,76255.0
2023.11.06,87510.0,-330.0,88160.0,88610.0,87510.0,130348.0
2023.11.03,87840.0,-365.0,88630.0,88695.0,87530.0,284459.0
2023.11.02,88205.0,980.0,88490.0,88600.0,88130.0,277048.0
2023.11.01,87225.0,1290.0,86665.0,87255.0,86665.0,227690.0
2023.10.31,85935.0,-50.0,85990.0,86185.0,85770.0,68335.0
2023.10.30,85985.0,-110.0,86220.0,86270.0,85880.0,604452.0
2023.10.27,86220.0,-270.0,86330.0,86330.0,85750.0,118008.0
2023.10.26,86490.0,-1995.0,86195.0,86490.0,86190.0,130620.0
2023.10.25,88485.0,350.0,88430.0,88535.0,88280.0,77835.0
2023.10.24,88135.0,-200.0,88275.0,88275.0,87845.0,92924.0
2023.10.23,88335.0,-575.0,88225.0,88380.0,88100.0,70785.0
2023.10.20,88910.0,-1365.0,89600.0,89910.0,88800.0,85629.0
2023.10.19,90275.0,-725.0,90385.0,90575.0,90235.0,66716.0
2023.10.18,91000.0,-630.0,91375.0,91375.0,90910.0,49636.0
2023.10.17,91630.0,600.0,91460.0,91765.0,91410.0,125701.0
2023.10.16,91030.0,-510.0,90755.0,91095.0,90755.0,135276.0
2023.10.13,91540.0,-15.0,91585.0,91735.0,91490.0,63181.0
2023.10.12,91555.0,800.0,91360.0,91795.0,91305.0,62710.0
2023.10.11,90755.0,-125.0,90880.0,91130.0,90600.0,201842.0
2023.10.10,90880.0,2075.0,90600.0,91100.0,90375.0,353592.0
2023.10.06,88805.0,-300.0,89010.0,89010.0,88510.0,44478.0
2023.10.05,89105.0,1015.0,89250.0,89650.0,88910.0,58235.0
2023.10.04,88090.0,30.0,88215.0,88960.0,88000.0,99562.0
2023.09.27,88060.0,-395.0,88270.0,88295.0,87855.0,89066.0
2023.09.26,88455.0,415.0,88310.0,88725.0,88060.0,53544.0
2023.09.25,88040.0,-370.0,88410.0,88410.0,87610.0,67367.0
2023.09.22,88410.0,-935.0,87925.0,88410.0,87865.0,121758.0
2023.09.21,89345.0,-990.0,89100.0,89440.0,89050.0,75614.0
2023.09.20,90335.0,120.0,90135.0,90335.0,89980.0,45046.0
2023.09.19,90215.0,110.0,90105.0,90215.0,89915.0,52550.0
2023.09.18,90105.0,-1800.0,90365.0,90415.0,90020.0,98071.0
2023.09.15,91905.0,535.0,91925.0,92035.0,91830.0,66902.0
2023.09.14,91370.0,610.0,91165.0,91375.0,91165.0,71202.0
2023.09.13,90760.0,-940.0,90745.0,90835.0,90600.0,60651.0
2023.09.12,91700.0,400.0,91545.0,91700.0,91375.0,57949.0
2023.09.11,91300.0,120.0,91185.0,91300.0,91010.0,62001.0
2023.09.08,91180.0,-200.0,91125.0,91195.0,90760.0,77571.0
2023.09.07,91380.0,-705.0,91685.0,91840.0,91300.0,80140.0
2023.09.06,92085.0,135.0,92265.0,92560.0,91920.0,120286.0
2023.09.05,91950.0,490.0,91385.0,91950.0,91280.0,72257.0
2023.09.04,91460.0,205.0,91340.0,91475.0,91135.0,57795.0
2023.09.01,91255.0,-90.0,91705.0,91730.0,91145.0,98709.0
2023.08.31,91345.0,435.0,91355.0,91555.0,91200.0,177706.0
2023.08.30,90910.0,1865.0,90595.0,90995.0,90585.0,139716.0
2023.08.29,89045.0,620.0,88945.0,89120.0,88840.0,116658.0
2023.08.28,88425.0,950.0,88430.0,88545.0,88115.0,90561.0
2023.08.25,87475.0,-3035.0,87915.0,88025.0,87460.0,176909.0
2023.08.24,90510.0,900.0,90690.0,90820.0,90395.0,113996.0
2023.08.23,89610.0,450.0,89235.0,89610.0,89195.0,77351.0
2023.08.22,89160.0,1085.0,89210.0,89355.0,89070.0,232275.0
2023.08.21,88075.0,200.0,87995.0,88295.0,87925.0,78378.0
2023.08.18,87875.0,-1305.0,87945.0,87950.0,87545.0,134037.0
2023.08.17,89180.0,-680.0,89160.0,89180.0,88860.0,116147.0
2023.08.16,89860.0,710.0,90120.0,90145.0,89795.0,122057.0
2023.08.14,89150.0,-395.0,89540.0,89620.0,89005.0,80282.0
2023.08.11,89545.0,350.0,89315.0,89560.0,89265.0,74283.0
2023.08.10,89195.0,-755.0,88995.0,89330.0,88905.0,90818.0
2023.08.09,89950.0,-160.0,89920.0,90265.0,89805.0,73131.0
2023.08.08,90110.0,690.0,89860.0,90225.0,89785.0,138118.0
2023.08.07,89420.0,-925.0,89365.0,89510.0,89030.0,94965.0
2023.08.04,90345.0,1235.0,89120.0,90390.0,89110.0,102027.0
2023.08.03,89110.0,-1245.0,89190.0,89405.0,88980.0,189723.0
2023.08.02,90355.0,55.0,89940.0,90415.0,89920.0,161502.0
2023.08.01,90300.0,795.0,89835.0,90300.0,89740.0,118801.0
2023.07.31,89505.0,960.0,89890.0,89990.0,89075.0,97886.0
2023.07.28,88545.0,-475.0,88600.0,88905.0,88130.0,127070.0
2023.07.27,89140.0,510.0,88470.0,89195.0,88040.0,87323.0
2023.07.26,88630.0,375.0,88575.0,89000.0,88575.0,157548.0
2023.07.25,88255.0,-70.0,88505.0,88740.0,88255.0,87519.0
2023.07.24,88325.0,-545.0,88720.0,88975.0,88215.0,112516.0
2023.07.21,88870.0,-570.0,88375.0,88930.0,88185.0,141245.0
2023.07.20,89440.0,-295.0,89280.0,89440.0,88950.0,88922.0
2023.07.19,89735.0,1200.0,89435.0,89785.0,89300.0,146991.0
2023.07.18,88535.0,400.0,88775.0,88890.0,88230.0,98596.0
2023.07.17,88135.0,-115.0,88180.0,88330.0,87905.0,68425.0
2023.07.14,88250.0,610.0,88405.0,88530.0,87850.0,117635.0
2023.07.13,87640.0,360.0,87500.0,87805.0,87440.0,93046.0
2023.07.12,87280.0,-40.0,87350.0,87590.0,87150.0,57665.0
2023.07.11,87320.0,-15.0,87340.0,87590.0,86870.0,69914.0
2023.07.10,87335.0,-625.0,87330.0,87570.0,87235.0,92943.0
2023.07.07,87960.0,-200.0,88170.0,88370.0,87905.0,75274.0
2023.07.06,88160.0,55.0,88680.0,88795.0,88065.0,118964.0
2023.07.05,88105.0,-325.0,88075.0,88765.0,88075.0,73534.0
2023.07.04,88430.0,-490.0,88805.0,88820.0,88255.0,93641.0
2023.07.03,88920.0,635.0,89175.0,89300.0,88680.0,133203.0
2023.06.30,88285.0,105.0,88400.0,88465.0,88100.0,100177.0
2023.06.29,88180.0,1080.0,87915.0,88250.0,87600.0,154609.0
2023.06.28,87100.0,1370.0,86625.0,87115.0,86525.0,246187.0
2023.06.27,85730.0,-1315.0,85865.0,86110.0,85500.0,111118.0
2023.06.26,87045.0,-285.0,87330.0,87375.0,86850.0,125961.0
2023.06.23,87330.0,1560.0,87275.0,87505.0,87155.0,119407.0
2023.06.22,85770.0,-1170.0,85785.0,85915.0,85605.0,99297.0
2023.06.21,86940.0,745.0,86745.0,87200.0,86720.0,132733.0
2023.06.20,86195.0,-275.0,86470.0,86560.0,86045.0,96168.0
2023.06.19,86470.0,75.0,86390.0,86655.0,86150.0,103230.0
2023.06.16,86395.0,650.0,86370.0,86510.0,86045.0,174259.0
2023.06.15,85745.0,580.0,85590.0,86120.0,85490.0,180436.0
2023.06.14,85165.0,650.0,84630.0,85250.0,84580.0,133790.0
2023.06.13,84515.0,455.0,84935.0,85060.0,84325.0,148355.0
2023.06.12,84060.0,380.0,84015.0,84300.0,83935.0,77190.0
2023.06.09,83680.0,600.0,84150.0,84150.0,83635.0,61730.0
2023.06.08,83080.0,-1735.0,83560.0,83720.0,83000.0,118927.0
2023.06.07,84815.0,15.0,84800.0,84850.0,84470.0,85091.0
2023.06.05,84800.0,280.0,84700.0,84965.0,84670.0,95107.0
2023.06.02,84520.0,240.0,84995.0,84995.0,84450.0,86831.0
2023.06.01,84280.0,-490.0,84180.0,84380.0,83835.0,121494.0
2023.05.31,84770.0,-250.0,84945.0,84990.0,84540.0,144894.0
2023.05.30,85020.0,2505.0,84230.0,85060.0,84210.0,298346.0
2023.05.26,82515.0,545.0,82730.0,82790.0,82260.0,147486.0
2023.05.25,81970.0,1445.0,81155.0,81970.0,81155.0,139724.0
2023.05.24,80525.0,-830.0,80810.0,80930.0,80405.0,104492.0
2023.05.23,81355.0,-70.0,81615.0,81685.0,81285.0,98872.0
2023.05.22,81425.0,-710.0,81755.0,81945.0,81270.0,122129.0
2023.05.19,82135.0,1140.0,82045.0,82800.0,82045.0,184319.0
2023.05.18,80995.0,615.0,80920.0,81205.0,80720.0,138058.0
2023.05.17,80380.0,255.0,80585.0,80690.0,80380.0,156581.0
2023.05.16,80125.0,300.0,80000.0,80150.0,79865.0,118946.0
2023.05.15,79825.0,-165.0,79750.0,79855.0,79580.0,172428.0
2023.05.12,79990.0,730.0,79455.0,80185.0,79420.0,193069.0
2023.05.11,79260.0,1000.0,78605.0,79260.0,78605.0,125441.0
2023.05.10,78260.0,-285.0,78250.0,78330.0,78145.0,60725.0
2023.05.09,78545.0,330.0,78430.0,78695.0,78355.0,73189.0
2023.05.08,78215.0,915.0,77915.0,78460.0,77915.0,286453.0
2023.05.04,77300.0,-1175.0,78425.0,78425.0,77230.0,114558.0
2023.05.03,78475.0,-755.0,78515.0,78635.0,78280.0,91316.0
2023.05.02,79230.0,660.0,79005.0,79250.0,78570.0,204434.0
2023.04.28,78570.0,1410.0,78440.0,78750.0,78410.0,218932.0
2023.04.27,77160.0,230.0,76930.0,77275.0,76860.0,136872.0
2023.04.26,77050.0,-120.0,77100.0,77330.0,77015.0,205963.0
2023.04.25,77170.0,-145.0,77260.0,77495.0,77100.0,322123.0
2023.04.24,77315.0,55.0,77350.0,77515.0,77140.0,104144.0
2023.04.21,77260.0,60.0,76855.0,77415.0,76855.0,123920.0
2023.04.20,77200.0,-80.0,77480.0,77795.0,76910.0,151703.0
2023.04.19,77280.0,40.0,77190.0,77375.0,76975.0,298949.0
2023.04.18,77240.0,445.0,77000.0,77300.0,77000.0,103709.0
2023.04.17,76795.0,580.0,76345.0,76940.0,76345.0,106251.0
2023.04.14,76215.0,615.0,76365.0,76460.0,75980.0,82115.0
2023.04.13,75600.0,-1240.0,75960.0,76335.0,75440.0,323886.0
2023.04.12,76840.0,-390.0,77000.0,77000.0,76800.0,72009.0
2023.04.11,77230.0,425.0,77030.0,77230.0,76910.0,100054.0
2023.04.10,76805.0,-190.0,76835.0,77155.0,76790.0,123680.0
2023.04.07,76995.0,600.0,76925.0,77135.0,76925.0,78389.0
2023.04.06,76395.0,-485.0,76100.0,76410.0,76095.0,144800.0
2023.04.05,76880.0,-410.0,77160.0,77160.0,76700.0,126494.0
2023.04.04,77290.0,185.0,77020.0,77290.0,76645.0,185817.0
2023.04.03,77105.0,1630.0,76555.0,77375.0,76555.0,257139.0
2023.03.31,75475.0,690.0,75095.0,75570.0,75010.0,158435.0
2023.03.30,74785.0,730.0,75000.0,75070.0,74710.0,126946.0
2023.03.29,74055.0,235.0,73665.0,74055.0,73305.0,66245.0
2023.03.28,73820.0,-885.0,73890.0,73890.0,73520.0,93141.0
2023.03.27,74705.0,1005.0,74200.0,74730.0,74150.0,135245.0
2023.03.24,73700.0,1100.0,73235.0,73700.0,73165.0,114263.0
2023.03.23,72600.0,-2000.0,73250.0,73270.0,72240.0,144701.0
2023.03.22,74600.0,865.0,74180.0,74700.0,74175.0,143798.0
2023.03.21,73735.0,525.0,73220.0,73735.0,73220.0,67229.0
2023.03.20,73210.0,-225.0,73455.0,73630.0,73160.0,135723.0
2023.03.17,73435.0,1255.0,73440.0,73640.0,73100.0,199926.0
2023.03.16,72180.0,860.0,71800.0,72425.0,71800.0,129284.0
2023.03.15,71320.0,1305.0,71075.0,71320.0,70885.0,128798.0
2023.03.14,70015.0,-190.0,69505.0,70125.0,69320.0,72794.0
2023.03.13,70205.0,-545.0,70650.0,70655.0,70000.0,158237.0
2023.03.10,70750.0,-1415.0,71090.0,71095.0,70695.0,87050.0
2023.03.09,72165.0,430.0,71745.0,72165.0,71745.0,83300.0
2023.03.08,71735.0,35.0,71500.0,71905.0,71455.0,100241.0
2023.03.07,71700.0,250.0,71450.0,71780.0,71445.0,77561.0
2023.03.06,71450.0,1450.0,71745.0,71745.0,71010.0,120901.0
2023.03.03,70000.0,90.0,70395.0,70535.0,69800.0,59371.0
2023.03.02,69910.0,-1575.0,70900.0,70900.0,69590.0,143354.0
2023.02.28,71485.0,530.0,71050.0,71595.0,71050.0,67498.0
2023.02.27,70955.0,85.0,70345.0,70955.0,70345.0,80071.0
2023.02.24,70870.0,285.0,70565.0,70875.0,70480.0,66448.0
2023.02.23,70585.0,65.0,70750.0,70925.0,70470.0,68469.0
2023.02.22,70520.0,-910.0,70290.0,70635.0,70285.0,104571.0
2023.02.21,71430.0,-185.0,71595.0,71615.0,71315.0,56495.0
2023.02.20,71615.0,-195.0,71810.0,71810.0,71450.0,63728.0
2023.02.17,71810.0,-1260.0,71705.0,72135.0,71495.0,99094.0
2023.02.16,73070.0,1340.0,72905.0,73280.0,72905.0,172804.0
2023.02.15,71730.0,875.0,71270.0,71925.0,71270.0,133009.0
2023.02.14,70855.0,800.0,70940.0,71085.0,70645.0,59174.0
2023.02.13,70055.0,160.0,69615.0,70055.0,69440.0,73671.0
2023.02.10,69895.0,-915.0,70005.0,70150.0,69800.0,115081.0
2023.02.09,70810.0,-1010.0,70840.0,71000.0,70510.0,136128.0
2023.02.08,71820.0,1705.0,71150.0,71850.0,71090.0,138794.0
2023.02.07,70115.0,25.0,70300.0,70300.0,70015.0,115599.0
2023.02.06,70090.0,810.0,69845.0,70090.0,69675.0,149931.0
2023.02.03,69280.0,1180.0,68850.0,69345.0,68850.0,195871.0
2023.02.02,68100.0,1695.0,68040.0,68230.0,67835.0,143087.0
2023.02.01,66405.0,915.0,66270.0,66460.0,66250.0,82372.0
2023.01.31,65490.0,-935.0,65980.0,65995.0,65350.0,85519.0
2023.01.30,66425.0,460.0,66750.0,66845.0,66425.0,90934.0
2023.01.27,66030.0,525.0,66025.0,66090.0,65860.0,90583.0
2023.01.26,65505.0,605.0,65280.0,65515.0,65170.0,72925.0
2023.01.25,64900.0,2115.0,64665.0,65100.0,64635.0,108133.0
2023.01.20,62785.0,-135.0,62505.0,62805.0,62410.0,76227.0
2023.01.19,62920.0,-1235.0,63500.0,63690.0,62900.0,75479.0
2023.01.18,64155.0,545.0,63655.0,64570.0,63655.0,139003.0
2023.01.17,63610.0,-140.0,63890.0,63890.0,63545.0,87717.0
2023.01.16,63750.0,170.0,63805.0,63875.0,63665.0,92525.0
2023.01.13,63580.0,-75.0,63675.0,63695.0,63285.0,70973.0
2023.01.12,63655.0,1175.0,63340.0,63655.0,63205.0,87790.0
2023.01.11,62480.0,725.0,62245.0,62695.0,62240.0,72598.0
2023.01.10,61755.0,60.0,61695.0,61970.0,61320.0,56182.0
2023.01.09,61695.0,505.0,62100.0,62155.0,61600.0,80926.0
2023.01.06,61190.0,-760.0,61400.0,61400.0,60965.0,73862.0
2023.01.05,61950.0,-75.0,62025.0,62220.0,61750.0,49990.0
2023.01.04,62025.0,-410.0,62350.0,62350.0,61800.0,80531.0
2023.01.03,62435.0,920.0,62220.0,62535.0,61860.0,474258.0
2023.01.02,61515.0,715.0,61860.0,61860.0,61090.0,1033989.0
2022.12.29,60800.0,-700.0,61330.0,61330.0,60560.0,91674.0
2022.12.28,61500.0,-1425.0,61790.0,61820.0,61370.0,119443.0
2022.12.27,62925.0,180.0,63050.0,63080.0,62675.0,68616.0
2022.12.26,62745.0,-100.0,62845.0,62870.0,62500.0,85418.0
2022.12.23,62845.0,-1535.0,63155.0,63500.0,62720.0,139946.0
2022.12.22,64380.0,380.0,64520.0,64685.0,64230.0,68722.0
2022.12.21,64000.0,500.0,64120.0,64380.0,63640.0,93325.0
2022.12.20,63500.0,-2165.0,65000.0,65000.0,63395.0,260583.0
2022.12.19,65665.0,-730.0,66300.0,66300.0,65425.0,115821.0
2022.12.16,66395.0,-2095.0,67395.0,67395.0,66315.0,221223.0
2022.12.15,68490.0,-305.0,68630.0,68630.0,68250.0,48478.0
2022.12.14,68795.0,570.0,68300.0,68980.0,68300.0,59936.0
2022.12.13,68225.0,660.0,68325.0,68540.0,68125.0,64198.0
2022.12.12,67565.0,-425.0,67320.0,67780.0,67310.0,132558.0
2022.12.09,67990.0,230.0,68510.0,68620.0,67850.0,78377.0
2022.12.08,67760.0,-605.0,68360.0,68360.0,67600.0,549496.0
2022.12.07,68365.0,-1115.0,68600.0,68625.0,68035.0,97989.0
2022.12.06,69480.0,235.0,68760.0,69480.0,68590.0,293954.0
2022.12.05,69245.0,-675.0,69820.0,69820.0,69170.0,109074.0
2022.12.02,69920.0,-70.0,70165.0,70165.0,69690.0,83962.0
2022.12.01,69990.0,2040.0,70010.0,70360.0,69870.0,896297.0
2022.11.30,67950.0,-1225.0,68400.0,68400.0,67850.0,153111.0
2022.11.29,69175.0,-760.0,69510.0,69600.0,68895.0,119116.0
2022.11.28,69935.0,-505.0,70230.0,70275.0,69745.0,68092.0
2022.11.25,70440.0,-50.0,70635.0,70945.0,70210.0,78871.0
2022.11.24,70490.0,-325.0,71115.0,71165.0,70360.0,69844.0
2022.11.23,70815.0,625.0,70850.0,70945.0,70675.0,74739.0
2022.11.22,70190.0,-470.0,70490.0,70600.0,70015.0,68790.0
2022.11.21,70660.0,645.0,70090.0,70675.0,70015.0,80896.0
2022.11.18,70015.0,-645.0,70430.0,70430.0,69975.0,67421.0
2022.11.17,70660.0,125.0,70180.0,70660.0,69920.0,133345.0
2022.11.16,70535.0,835.0,69885.0,70640.0,69885.0,104288.0
2022.11.15,69700.0,50.0,69550.0,69820.0,69450.0,108443.0
2022.11.14,69650.0,670.0,69200.0,69940.0,68900.0,176080.0
2022.11.11,68980.0,2195.0,70650.0,70650.0,68500.0,269537.0
2022.11.10,66785.0,-765.0,66445.0,66785.0,66080.0,170815.0
2022.11.09,67550.0,-365.0,68200.0,68365.0,67415.0,168561.0
2022.11.08,67915.0,30.0,68410.0,68570.0,67880.0,129911.0
2022.11.07,67885.0,-620.0,68500.0,68505.0,67800.0,168749.0
2022.11.04,68505.0,-960.0,68500.0,68945.0,68150.0,172772.0
2022.11.03,69465.0,-2365.0,69995.0,70000.0,69360.0,288252.0
2022.11.02,71830.0,-1025.0,71625.0,71955.0,71600.0,80621.0
2022.11.01,72855.0,-385.0,73020.0,73135.0,72570.0,91291.0
2022.10.31,73240.0,2870.0,72705.0,73280.0,72705.0,147793.0
2022.10.28,70370.0,-2215.0,71500.0,71855.0,70275.0,143202.0
2022.10.27,72630.0,-335.0,72625.0,72930.0,72420.0,106999.0
2022.10.26,72965.0,-490.0,73095.0,73215.0,72875.0,131543.0
2022.10.25,73455.0,240.0,73820.0,73820.0,73260.0,138198.0
2022.10.24,73215.0,2525.0,72800.0,73275.0,72800.0,191897.0
2022.10.21,70690.0,20.0,70310.0,70780.0,70140.0,90727.0
2022.10.20,70670.0,-930.0,70930.0,70960.0,70360.0,176492.0
2022.10.19,71600.0,-150.0,71850.0,71940.0,71395.0,85596.0
2022.10.18,71750.0,2450.0,71300.0,71980.0,71195.0,127853.0
2022.10.17,69300.0,-1630.0,69060.0,69490.0,68905.0,154722.0
2022.10.14,70930.0,1955.0,70330.0,70985.0,70230.0,132161.0
2022.10.13,68975.0,-605.0,69470.0,69470.0,68850.0,97523.0
2022.10.12,69580.0,-415.0,69380.0,69580.0,69145.0,212605.0
2022.10.11,69995.0,-2170.0,70045.0,70900.0,69745.0,164617.0
2022.10.07,72165.0,-700.0,72120.0,72570.0,72075.0,76067.0
2022.10.06,72865.0,110.0,73650.0,73695.0,72775.0,173140.0
2022.10.05,72755.0,230.0,73320.0,73395.0,72755.0,120145.0
2022.10.04,72525.0,745.0,72350.0,72725.0,72340.0,118807.0
2022.09.30,71780.0,-1505.0,71770.0,71875.0,71240.0,205527.0
2022.09.29,73285.0,1060.0,73145.0,73850.0,73145.0,113452.0
2022.09.28,72225.0,-355.0,72065.0,72415.0,71670.0,191821.0
2022.09.27,72580.0,780.0,72185.0,72640.0,72185.0,192551.0
2022.09.26,71800.0,-600.0,71705.0,72260.0,71645.0,241522.0
2022.09.23,72400.0,-720.0,72610.0,72970.0,72190.0,139221.0
2022.09.22,73120.0,-750.0,72330.0,73120.0,72315.0,183088.0
2022.09.21,73870.0,-600.0,73695.0,74055.0,73560.0,134738.0
2022.09.20,74470.0,1010.0,74565.0,74670.0,74280.0,89991.0
2022.09.19,73460.0,-540.0,73555.0,73780.0,73230.0,125820.0
2022.09.16,74000.0,-1770.0,74230.0,74230.0,73415.0,205613.0
2022.09.15,75770.0,475.0,75725.0,75985.0,75595.0,113368.0
2022.09.14,75295.0,-3120.0,75115.0,75295.0,74780.0,308530.0
2022.09.13,78415.0,2390.0,78325.0,78580.0,78250.0,271504.0
2022.09.08,76025.0,1635.0,76150.0,76150.0,75475.0,174117.0
2022.09.07,74390.0,-475.0,74055.0,74485.0,73840.0,180197.0
2022.09.06,74865.0,355.0,74380.0,74990.0,74230.0,96961.0
2022.09.05,74510.0,-330.0,73980.0,74580.0,73770.0,341062.0
2022.09.02,74840.0,1360.0,74530.0,74840.0,74310.0,153716.0
2022.09.01,73480.0,-1015.0,73295.0,73650.0,73125.0,206905.0
2022.08.31,74495.0,-1090.0,74680.0,74965.0,74470.0,274273.0
2022.08.30,75585.0,325.0,75420.0,75720.0,75255.0,168314.0
2022.08.29,75260.0,-2795.0,74205.0,75350.0,74205.0,323678.0
2022.08.26,78055.0,155.0,78345.0,78500.0,78020.0,166804.0
2022.08.25,77900.0,625.0,77465.0,78020.0,77315.0,348240.0
2022.08.24,77275.0,120.0,77155.0,77345.0,76920.0,105066.0
2022.08.23,77155.0,-1635.0,77530.0,77775.0,77100.0,287281.0
2022.08.22,78790.0,-940.0,78630.0,78990.0,78610.0,370327.0
2022.08.19,79730.0,425.0,80115.0,80170.0,79710.0,207623.0
2022.08.18,79305.0,-575.0,78965.0,79520.0,78900.0,140496.0
2022.08.17,79880.0,80.0,79835.0,79925.0,79735.0,214510.0
2022.08.16,79800.0,2140.0,79175.0,80190.0,79160.0,226814.0
2022.08.12,77660.0,-540.0,77925.0,77925.0,77400.0,279616.0
2022.08.11,78200.0,2210.0,78150.0,78285.0,77640.0,261804.0
2022.08.10,75990.0,-870.0,76520.0,76520.0,75970.0,116278.0
2022.08.09,76860.0,-510.0,76895.0,77105.0,76810.0,93727.0
2022.08.08,77370.0,-65.0,76740.0,77370.0,76665.0,131067.0
2022.08.05,77435.0,5.0,77555.0,77720.0,77330.0,149211.0
2022.08.04,77430.0,1690.0,77185.0,77535.0,77180.0,216871.0
2022.08.03,75740.0,530.0,75590.0,75800.0,75365.0,171327.0
2022.08.02,75210.0,15.0,75625.0,75740.0,75135.0,130367.0
2022.08.01,75195.0,305.0,75095.0,75430.0,75095.0,155326.0
2022.07.29,74890.0,1880.0,74385.0,75000.0,74385.0,190132.0
2022.07.28,73010.0,975.0,73300.0,73485.0,72305.0,133404.0
2022.07.27,72125.0,150.0,71975.0,72270.0,71830.0,93051.0
2022.07.26,71975.0,-825.0,72215.0,72215.0,71905.0,144858.0
2022.07.25,72800.0,-710.0,72800.0,72860.0,72475.0,170221.0
2022.07.22,73510.0,720.0,73210.0,73620.0,73210.0,194481.0
2022.07.21,72790.0,520.0,72650.0,73100.0,72650.0,185445.0
2022.07.20,72270.0,2270.0,72450.0,72450.0,71500.0,173792.0
2022.07.19,70000.0,-1220.0,70385.0,70385.0,69815.0,103947.0
2022.07.18,71220.0,1195.0,70995.0,71340.0,70845.0,124819.0
2022.07.15,70025.0,1385.0,69840.0,70130.0,69750.0,132626.0
2022.07.14,68640.0,-275.0,68195.0,68810.0,68100.0,91423.0
2022.07.13,68915.0,-345.0,69100.0,69160.0,68725.0,105779.0
2022.07.12,69260.0,-720.0,69605.0,69730.0,69165.0,102147.0
2022.07.11,69980.0,-110.0,70095.0,70255.0,69780.0,108498.0
2022.07.08,70090.0,880.0,70030.0,70310.0,70030.0,141719.0
2022.07.07,69210.0,600.0,69210.0,69390.0,69010.0,109271.0
2022.07.06,68610.0,800.0,68745.0,69210.0,68530.0,125029.0
2022.07.05,67810.0,825.0,67595.0,67815.0,67545.0,82649.0
2022.07.04,66985.0,720.0,66970.0,67100.0,66690.0,102992.0
2022.07.01,66265.0,-725.0,66835.0,66835.0,65940.0,202295.0
2022.06.30,66990.0,-780.0,67685.0,67950.0,66990.0,92137.0
2022.06.29,67770.0,-1630.0,67500.0,67770.0,67230.0,157069.0
2022.06.28,69400.0,-290.0,69455.0,69475.0,68755.0,121583.0
2022.06.27,69690.0,1065.0,69500.0,69960.0,69395.0,242815.0
2022.06.24,68625.0,1570.0,67705.0,68735.0,67620.0,180265.0
2022.06.23,67055.0,955.0,66140.0,67285.0,66140.0,118916.0
2022.06.22,66100.0,-20.0,66610.0,66715.0,66025.0,117271.0
2022.06.21,66120.0,575.0,65780.0,66180.0,65685.0,98520.0
2022.06.20,65545.0,960.0,65750.0,65895.0,65105.0,157438.0
2022.06.17,64585.0,-1765.0,64610.0,64850.0,64300.0,266230.0
2022.06.16,66350.0,450.0,67000.0,67320.0,66350.0,115376.0
2022.06.15,65900.0,-380.0,65920.0,65970.0,65610.0,156332.0
2022.06.14,66280.0,-235.0,65485.0,66325.0,65400.0,229762.0
2022.06.13,66515.0,-3490.0,67400.0,67510.0,66490.0,461963.0
2022.06.10,70005.0,-730.0,69645.0,70035.0,69400.0,109411.0
2022.06.09,70735.0,-340.0,70825.0,71110.0,70565.0,62714.0
2022.06.08,71075.0,620.0,71095.0,71370.0,71030.0,92027.0
2022.06.07,70455.0,-1195.0,70930.0,70930.0,66905.0,150390.0
2022.06.03,71650.0,1310.0,71995.0,72000.0,71455.0,122731.0
2022.06.02,70340.0,-85.0,70240.0,70465.0,69805.0,130414.0
2022.05.31,70425.0,-915.0,71340.0,71390.0,70295.0,160941.0
2022.05.30,71340.0,2515.0,70805.0,71495.0,70805.0,215404.0
2022.05.27,68825.0,1490.0,69200.0,69365.0,68710.0,133220.0
2022.05.26,67335.0,385.0,67210.0,67870.0,67210.0,152236.0
2022.05.25,66950.0,45.0,66905.0,67180.0,66650.0,137386.0
2022.05.24,66905.0,-1115.0,67780.0,67780.0,66790.0,216228.0
2022.05.23,68020.0,-185.0,68205.0,68210.0,67770.0,262469.0
2022.05.20,68205.0,185.0,68020.0,68355.0,67705.0,236324.0
2022.05.19,68020.0,-2945.0,67585.0,68125.0,67455.0,504368.0
2022.05.18,70965.0,595.0,71210.0,71345.0,70955.0,158384.0
2022.05.17,70370.0,-135.0,70250.0,70520.0,70055.0,176174.0
2022.05.16,70505.0,1075.0,71140.0,71250.0,70250.0,263194.0
2022.05.13,69430.0,490.0,69325.0,69720.0,69265.0,380078.0
2022.05.12,68940.0,-2180.0,69620.0,69990.0,68580.0,394735.0
2022.05.11,71120.0,425.0,70695.0,71255.0,70430.0,145904.0
2022.05.10,70695.0,-1045.0,69900.0,70695.0,69200.0,412198.0
2022.05.09,71740.0,-1435.0,71710.0,71865.0,71405.0,226369.0
2022.05.06,73175.0,-1095.0,73005.0,73390.0,72860.0,242651.0
2022.05.04,74270.0,10.0,74200.0,74270.0,73885.0,114491.0
2022.05.03,74260.0,895.0,74045.0,74540.0,73980.0,160508.0
2022.05.02,73365.0,-1865.0,73045.0,73505.0,72740.0,364165.0
2022.04.29,75230.0,10.0,75485.0,75680.0,75145.0,187708.0
2022.04.28,75220.0,1000.0,74700.0,75220.0,74350.0,117835.0
2022.04.27,74310.0,-1435.0,73305.0,74310.0,73305.0,313397.0
2022.04.26,75745.0,1545.0,75585.0,75875.0,75460.0,106979.0
2022.04.25,74200.0,-1985.0,74430.0,74430.0,73895.0,425562.0
2022.04.22,76185.0,-1970.0,76235.0,76310.0,75765.0,306006.0
2022.04.21,78155.0,345.0,77855.0,78230.0,77855.0,361576.0
2022.04.20,77810.0,280.0,78100.0,78240.0,77730.0,190876.0
2022.04.19,77530.0,1330.0,77485.0,77560.0,77020.0,133525.0
2022.04.18,76200.0,-1245.0,75725.0,76245.0,75725.0,192931.0
2022.04.15,77445.0,-860.0,76655.0,77480.0,76615.0,98225.0
2022.04.14,78305.0,920.0,78000.0,78340.0,77820.0,167512.0
2022.04.13,77385.0,95.0,77240.0,77440.0,76970.0,247996.0
2022.04.12,77290.0,-1485.0,77245.0,77465.0,77040.0,324415.0
2022.04.11,78775.0,-1270.0,78820.0,78870.0,78355.0,211274.0
2022.04.08,80045.0,790.0,79680.0,80045.0,79465.0,102849.0
2022.04.07,79255.0,-1650.0,78935.0,79255.0,78800.0,258668.0
2022.04.06,80905.0,-1360.0,80850.0,81045.0,80685.0,172603.0
2022.04.05,82265.0,1290.0,82930.0,82930.0,82130.0,156558.0
2022.04.04,80975.0,-270.0,80975.0,81210.0,80730.0,140245.0
2022.04.01,81245.0,-925.0,81240.0,81295.0,81000.0,433981.0
2022.03.31,82170.0,-355.0,81995.0,82230.0,81840.0,127872.0
2022.03.30,82525.0,540.0,82595.0,82780.0,82310.0,207808.0
2022.03.29,81985.0,1325.0,81800.0,82110.0,81700.0,203349.0
2022.03.28,80660.0,-65.0,80650.0,80775.0,80500.0,136825.0
2022.03.25,80725.0,1420.0,80490.0,80770.0,80320.0,178718.0
2022.03.24,79305.0,-390.0,79010.0,79355.0,78900.0,192556.0
2022.03.23,79695.0,1515.0,79550.0,79750.0,79420.0,137943.0
2022.03.22,78180.0,215.0,78235.0,78425.0,78080.0,167970.0
2022.03.21,77965.0,2025.0,77650.0,78235.0,77650.0,178639.0
2022.03.18,75940.0,-95.0,76455.0,76455.0,75500.0,202923.0
2022.03.17,76035.0,945.0,77340.0,77405.0,75900.0,292880.0
2022.03.16,75090.0,2295.0,74800.0,75295.0,74650.0,211216.0
2022.03.15,72795.0,-1385.0,73400.0,73480.0,72635.0,319093.0
2022.03.14,74180.0,-815.0,74140.0,74250.0,73780.0,174794.0
2022.03.11,74995.0,-345.0,74990.0,74995.0,74410.0,168387.0
2022.03.10,75340.0,2430.0,75565.0,75990.0,75290.0,190815.0
2022.03.08,72910.0,-1875.0,73000.0,73895.0,72910.0,317762.0
2022.03.07,74785.0,-1205.0,74850.0,75025.0,74150.0,277732.0
2022.03.04,75990.0,-815.0,76730.0,76730.0,74600.0,530390.0
2022.03.03,76805.0,1005.0,76950.0,77050.0,76450.0,242829.0
2022.03.02,75800.0,1175.0,75400.0,76030.0,75305.0,296797.0
2022.02.28,74625.0,70.0,74550.0,75295.0,74335.0,367098.0
2022.02.25,74555.0,3705.0,73960.0,74955.0,73960.0,393552.0
2022.02.24,70850.0,-3740.0,72260.0,72385.0,70490.0,1054608.0
2022.02.23,74590.0,1470.0,74110.0,74700.0,74110.0,122488.0
2022.02.22,73120.0,-2030.0,74000.0,74090.0,73000.0,385703.0
2022.02.21,75150.0,-1230.0,76000.0,76000.0,74170.0,241312.0
2022.02.18,76380.0,-1360.0,76115.0,76550.0,75745.0,426117.0
2022.02.17,77740.0,-310.0,78050.0,78100.0,77285.0,228019.0
2022.02.16,78050.0,1495.0,77965.0,78095.0,77860.0,108132.0
2022.02.15,76555.0,280.0,76500.0,76755.0,76260.0,126847.0
2022.02.14,76275.0,-1865.0,76510.0,76660.0,76250.0,310495.0
2022.02.11,78140.0,-2325.0,78740.0,78935.0,77970.0,546378.0
2022.02.10,80465.0,1105.0,80510.0,80515.0,80260.0,187597.0
2022.02.09,79360.0,1130.0,79165.0,79420.0,79030.0,187017.0
2022.02.08,78230.0,-790.0,78535.0,78535.0,78040.0,237004.0
2022.02.07,79020.0,-410.0,79120.0,79120.0,78470.0,261920.0
2022.02.04,79430.0,-430.0,79445.0,79485.0,79090.0,258755.0
2022.02.03,79860.0,3370.0,79630.0,79900.0,79535.0,383478.0
2022.01.28,76490.0,1445.0,75195.0,76540.0,75195.0,345006.0
2022.01.27,75045.0,-1315.0,76745.0,76860.0,74665.0,440798.0
2022.01.26,76415.0,-405.0,76225.0,76460.0,75730.0,260902.0
2022.01.25,76820.0,-1220.0,77700.0,77750.0,76385.0,483717.0
2022.01.24,78040.0,-610.0,77815.0,78045.0,77705.0,487100.0
2022.01.21,78650.0,-2180.0,78980.0,79055.0,78140.0,515585.0
2022.01.20,80830.0,155.0,80170.0,80830.0,80000.0,180113.0
2022.01.19,80675.0,-1760.0,81225.0,81355.0,80380.0,368494.0
2022.01.18,82435.0,-740.0,83210.0,83215.0,82255.0,179648.0
2022.01.17,83175.0,570.0,83060.0,83350.0,83000.0,116661.0
2022.01.14,82605.0,-2060.0,82640.0,82690.0,82160.0,313916.0
2022.01.13,84665.0,-70.0,84645.0,84665.0,84365.0,123134.0
2022.01.12,84735.0,1185.0,84700.0,84780.0,84310.0,136328.0
2022.01.11,83550.0,-565.0,84115.0,84115.0,83510.0,186124.0
2022.01.10,84115.0,-935.0,83770.0,84230.0,83595.0,169596.0
2022.01.07,85050.0,725.0,85355.0,85995.0,84995.0,163548.0
2022.01.06,84325.0,-2560.0,84920.0,85025.0,84080.0,425985.0
2022.01.05,86885.0,-1600.0,87150.0,87305.0,86875.0,260483.0
2022.01.04,88485.0,820.0,88220.0,88520.0,88150.0,199066.0
2022.01.03,87665.0,-135.0,87765.0,87780.0,87445.0,253537.0
2021.12.30,87800.0,-185.0,87545.0,87840.0,87280.0,110934.0
2021.12.29,87985.0,-135.0,88050.0,88100.0,87800.0,112431.0
2021.12.28,88120.0,1285.0,87900.0,88125.0,87785.0,129377.0
2021.12.27,86835.0,245.0,86700.0,86920.0,86700.0,106698.0
2021.12.24,86590.0,540.0,86570.0,86725.0,86450.0,79361.0
2021.12.23,86050.0,755.0,85995.0,86245.0,85955.0,110373.0
2021.12.22,85295.0,860.0,85345.0,85420.0,85025.0,102397.0
2021.12.21,84435.0,1190.0,83720.0,84450.0,83685.0,166948.0
2021.12.20,83245.0,-680.0,83990.0,83990.0,83120.0,280654.0
2021.12.17,83925.0,-2945.0,84990.0,84990.0,83905.0,457246.0
2021.12.16,86870.0,2130.0,86580.0,86870.0,86300.0,136730.0
2021.12.15,84740.0,-600.0,84605.0,84880.0,84465.0,154983.0
2021.12.14,85340.0,-1275.0,85500.0,85570.0,85265.0,159045.0
2021.12.13,86615.0,1115.0,86500.0,86645.0,86460.0,161272.0
2021.12.10,85500.0,-655.0,85380.0,85530.0,85160.0,161533.0
2021.12.09,86155.0,-260.0,86200.0,86365.0,86080.0,151975.0
2021.12.08,86415.0,2075.0,86760.0,86760.0,86070.0,141278.0
2021.12.07,84340.0,790.0,83840.0,84380.0,83835.0,208773.0
2021.12.06,83550.0,-1155.0,83550.0,83655.0,83350.0,275131.0
2021.12.03,84705.0,595.0,84215.0,84705.0,83850.0,190292.0
2021.12.02,84110.0,-2510.0,84410.0,84470.0,84060.0,503795.0
2021.12.01,86620.0,-280.0,86875.0,86875.0,85700.0,249119.0
2021.11.30,86900.0,255.0,87590.0,87635.0,86600.0,234576.0
2021.11.29,86645.0,-415.0,86370.0,86850.0,86070.0,281396.0
2021.11.26,87060.0,-500.0,87345.0,87525.0,86925.0,225582.0
2021.11.25,87560.0,645.0,87190.0,87560.0,87105.0,111991.0
2021.11.24,86915.0,-115.0,86425.0,86985.0,86425.0,293807.0
2021.11.23,87030.0,-1225.0,87465.0,87465.0,86985.0,383825.0
2021.11.22,88255.0,285.0,88465.0,88585.0,88250.0,291068.0
2021.11.19,87970.0,1455.0,87380.0,88030.0,87250.0,230409.0
2021.11.18,86515.0,110.0,86415.0,86545.0,86305.0,150924.0
2021.11.17,86405.0,845.0,86345.0,86580.0,86280.0,138427.0
2021.11.16,85560.0,-145.0,85705.0,85830.0,85395.0,138951.0
2021.11.15,85705.0,800.0,85620.0,86010.0,85620.0,141060.0
2021.11.12,84905.0,80.0,85500.0,85500.0,84710.0,145660.0
2021.11.11,84825.0,-835.0,84920.0,85200.0,84825.0,223102.0
2021.11.10,85660.0,-425.0,85515.0,85660.0,85465.0,181015.0
2021.11.09,86085.0,-310.0,86440.0,86440.0,86000.0,183546.0
2021.11.08,86395.0,-400.0,86905.0,87000.0,86370.0,286290.0
2021.11.05,86795.0,1170.0,86685.0,86835.0,86655.0,221439.0
2021.11.04,85625.0,1225.0,85315.0,85625.0,85305.0,202053.0
2021.11.03,84400.0,810.0,83835.0,84475.0,83830.0,126467.0
2021.11.02,83590.0,35.0,83685.0,83780.0,83430.0,153457.0
2021.11.01,83555.0,1645.0,82895.0,83780.0,82405.0,209676.0
2021.10.29,81910.0,0.0,82095.0,82155.0,81835.0,122944.0
2021.10.28,81910.0,245.0,82000.0,82125.0,81765.0,161499.0
2021.10.27,81765.0,190.0,81590.0,81765.0,81210.0,105975.0
2021.10.26,81575.0,1065.0,81450.0,81695.0,81300.0,132653.0
2021.10.25,80510.0,-850.0,80960.0,80975.0,80460.0,262669.0
2021.10.22,81360.0,385.0,81150.0,81535.0,81150.0,116827.0
2021.10.21,80975.0,-35.0,81010.0,81025.0,80700.0,85005.0
2021.10.20,81010.0,15.0,81340.0,81365.0,80875.0,88903.0
2021.10.19,80995.0,750.0,80865.0,81500.0,80865.0,115629.0
2021.10.18,80245.0,240.0,80190.0,80465.0,80150.0,315538.0
2021.10.15,80005.0,1000.0,80110.0,80130.0,79755.0,108795.0
2021.10.14,79005.0,640.0,78825.0,79170.0,78770.0,169477.0
2021.10.13,78365.0,-365.0,78550.0,78630.0,78235.0,138441.0
2021.10.12,78730.0,-950.0,78900.0,78940.0,78605.0,909098.0
2021.10.08,79680.0,155.0,79795.0,79915.0,79550.0,85366.0
2021.10.07,79525.0,1670.0,78990.0,79540.0,78985.0,941269.0
2021.10.06,77855.0,715.0,77910.0,78155.0,77650.0,115198.0
2021.10.05,77140.0,-530.0,77085.0,77305.0,76730.0,188379.0
2021.10.01,77670.0,-1260.0,78270.0,78355.0,77600.0,240574.0
2021.09.30,78930.0,220.0,79785.0,79785.0,78630.0,123835.0
2021.09.29,78710.0,-1595.0,78755.0,78975.0,78670.0,291030.0
2021.09.28,80305.0,-845.0,80310.0,80550.0,80255.0,127896.0
2021.09.27,81150.0,550.0,80600.0,81175.0,80600.0,179425.0
2021.09.24,80600.0,465.0,80670.0,80865.0,80500.0,148123.0
2021.09.23,80135.0,-1665.0,80760.0,80920.0,80135.0,328664.0
2021.09.17,81800.0,445.0,81555.0,81920.0,81555.0,115137.0
2021.09.16,81355.0,545.0,81200.0,81365.0,81050.0,96298.0
2021.09.15,80810.0,-290.0,81000.0,81075.0,80760.0,114430.0
2021.09.14,81100.0,-455.0,81320.0,81435.0,81080.0,161912.0
2021.09.13,81555.0,-145.0,81600.0,81600.0,81245.0,140022.0
2021.09.10,81700.0,65.0,81635.0,81915.0,81540.0,87817.0
2021.09.09,81635.0,-320.0,81705.0,81865.0,81600.0,116154.0
2021.09.08,81955.0,475.0,81550.0,81955.0,81550.0,84848.0
2021.09.07,81480.0,105.0,81470.0,81580.0,81365.0,72446.0
2021.09.06,81375.0,345.0,81055.0,81400.0,81055.0,92020.0
2021.09.03,81030.0,-300.0,81060.0,81130.0,80900.0,155683.0
2021.09.02,81330.0,195.0,81045.0,81345.0,80995.0,92261.0
2021.09.01,81135.0,-315.0,81100.0,81135.0,80905.0,154512.0
2021.08.31,81450.0,690.0,81515.0,81590.0,81300.0,136671.0
2021.08.30,80760.0,410.0,80615.0,80760.0,80490.0,142990.0
2021.08.27,80350.0,-125.0,80295.0,80450.0,80200.0,101306.0
2021.08.26,80475.0,15.0,80270.0,80535.0,80100.0,146495.0
2021.08.25,80460.0,265.0,80205.0,80470.0,80170.0,86284.0
2021.08.24,80195.0,525.0,80275.0,80465.0,80135.0,118496.0
2021.08.23,79670.0,820.0,79570.0,79740.0,79515.0,101451.0
2021.08.20,78850.0,980.0,78605.0,78995.0,78500.0,235352.0
2021.08.19,77870.0,-830.0,78180.0,78400.0,77870.0,351116.0
2021.08.18,78700.0,-1040.0,79180.0,79180.0,78650.0,374714.0
2021.08.17,79740.0,690.0,79140.0,79890.0,79100.0,241543.0
2021.08.13,79050.0,950.0,78575.0,79085.0,78500.0,283441.0
2021.08.12,78100.0,120.0,77610.0,78150.0,77605.0,113332.0
2021.08.11,77980.0,45.0,77790.0,78065.0,77755.0,240620.0
2021.08.10,77935.0,675.0,77710.0,77955.0,77690.0,263060.0
2021.08.09,77260.0,-385.0,77235.0,77330.0,77140.0,315329.0
2021.08.06,77645.0,345.0,77705.0,77770.0,77560.0,254041.0
2021.08.05,77300.0,15.0,77410.0,77585.0,77220.0,281891.0
2021.08.04,77285.0,115.0,77490.0,77490.0,77150.0,167878.0
2021.08.03,77170.0,-435.0,77265.0,77415.0,77160.0,108697.0
2021.08.02,77605.0,1035.0,77390.0,77680.0,77365.0,78480.0
2021.07.30,76570.0,-530.0,76410.0,76570.0,76205.0,143831.0
2021.07.29,77100.0,-270.0,77350.0,77380.0,76790.0,127149.0
2021.07.28,77430.0,-510.0,77305.0,77500.0,77220.0,96350.0
2021.07.27,77940.0,-260.0,78200.0,78210.0,77905.0,100455.0
2021.07.26,78200.0,810.0,78105.0,78205.0,77980.0,115054.0
2021.07.23,77390.0,795.0,77245.0,77390.0,77120.0,178064.0
2021.07.22,76595.0,365.0,76545.0,76780.0,76525.0,60677.0
2021.07.21,76230.0,695.0,76040.0,76230.0,75870.0,86129.0
2021.07.20,75535.0,40.0,75350.0,75600.0,75350.0,110815.0
2021.07.19,75495.0,-190.0,75020.0,75495.0,75020.0,95352.0
2021.07.16,75685.0,-790.0,75720.0,75790.0,75525.0,132766.0
2021.07.15,76475.0,-130.0,76640.0,76730.0,76340.0,126173.0
2021.07.14,76605.0,175.0,76575.0,76830.0,76575.0,103868.0
2021.07.13,76430.0,175.0,76300.0,76610.0,76280.0,120879.0
2021.07.12,76255.0,505.0,76160.0,76260.0,76080.0,101877.0
2021.07.09,75750.0,-200.0,75595.0,75845.0,75500.0,109915.0
2021.07.08,75950.0,470.0,75665.0,76020.0,75655.0,106474.0
2021.07.07,75480.0,945.0,75200.0,75605.0,75150.0,76488.0
2021.07.06,74535.0,-95.0,74750.0,74845.0,74480.0,87262.0
2021.07.05,74630.0,660.0,74585.0,74685.0,74475.0,84174.0
2021.07.02,73970.0,-10.0,74060.0,74075.0,73880.0,73726.0
2021.07.01,73980.0,330.0,73845.0,74095.0,73790.0,61704.0
2021.06.30,73650.0,295.0,73750.0,74050.0,73605.0,99353.0
2021.06.29,73355.0,555.0,73385.0,73495.0,73330.0,65044.0
2021.06.28,72800.0,150.0,72650.0,72815.0,72570.0,52572.0
2021.06.25,72650.0,-190.0,72975.0,73010.0,72565.0,96230.0
2021.06.24,72840.0,-75.0,72735.0,72975.0,72705.0,91304.0
2021.06.23,72915.0,1110.0,72445.0,72915.0,72445.0,89395.0
2021.06.22,71805.0,250.0,71800.0,71940.0,71730.0,64545.0
2021.06.21,71555.0,-460.0,71500.0,71555.0,71245.0,84238.0
2021.06.18,72015.0,1495.0,71010.0,72135.0,71005.0,189338.0
2021.06.17,70520.0,155.0,70420.0,70615.0,70195.0,65593.0
2021.06.16,70365.0,-450.0,70400.0,70450.0,70345.0,53401.0
2021.06.15,70815.0,700.0,70605.0,70885.0,70605.0,88754.0
2021.06.14,70115.0,575.0,69680.0,70195.0,69655.0,83256.0
2021.06.11,69540.0,440.0,69600.0,69655.0,69465.0,46807.0
2021.06.10,69100.0,50.0,69090.0,69160.0,69050.0,39303.0
2021.06.09,69050.0,-15.0,69185.0,69230.0,69015.0,32629.0
2021.06.08,69065.0,575.0,68780.0,69150.0,68780.0,69973.0
2021.06.07,68490.0,900.0,68530.0,68580.0,68375.0,68870.0
2021.06.04,67590.0,-685.0,67555.0,67770.0,67550.0,69831.0
2021.06.03,68275.0,190.0,68145.0,68350.0,68110.0,38215.0
2021.06.02,68085.0,175.0,67785.0,68095.0,67705.0,66744.0
2021.06.01,67910.0,-335.0,68125.0,68145.0,67800.0,83332.0
2021.05.31,68245.0,-105.0,68350.0,68605.0,68175.0,68243.0
2021.05.28,68350.0,-190.0,68650.0,68725.0,68350.0,66361.0
2021.05.27,68540.0,-25.0,68595.0,68760.0,68460.0,60947.0
2021.05.26,68565.0,-435.0,68970.0,69005.0,68470.0,171090.0
2021.05.25,69000.0,1105.0,68700.0,69120.0,68695.0,189366.0
2021.05.24,67895.0,-355.0,67670.0,68010.0,67570.0,118596.0
2021.05.21,68250.0,1095.0,68275.0,68435.0,68190.0,76351.0
2021.05.20,67155.0,-745.0,67850.0,67875.0,66900.0,57598.0
2021.05.18,67900.0,-165.0,67875.0,68030.0,67690.0,51989.0
2021.05.17,68065.0,1370.0,67655.0,68070.0,66695.0,90273.0
2021.05.14,66695.0,585.0,66270.0,66885.0,66255.0,65056.0
2021.05.13,66110.0,-860.0,66055.0,66265.0,65925.0,114869.0
2021.05.12,66970.0,410.0,66700.0,67195.0,66540.0,79432.0
2021.05.11,66560.0,-1885.0,66795.0,66865.0,66165.0,250924.0
2021.05.10,68445.0,-45.0,68800.0,68900.0,68400.0,62920.0
2021.05.07,68490.0,290.0,68220.0,68710.0,68220.0,77180.0
2021.05.06,68200.0,-1080.0,68775.0,68800.0,67960.0,140259.0
2021.05.04,69280.0,-550.0,69830.0,69830.0,69085.0,77163.0
2021.05.03,69830.0,450.0,69420.0,69830.0,69420.0,61512.0
2021.04.30,69380.0,-260.0,69195.0,69380.0,69020.0,60086.0
2021.04.29,69640.0,-10.0,69570.0,69720.0,69415.0,64746.0
2021.04.28,69720.0,-180.0,69785.0,69845.0,69630.0,58954.0
2021.04.27,69900.0,355.0,69865.0,70000.0,69765.0,79738.0
2021.04.26,69545.0,575.0,69625.0,69725.0,69455.0,61963.0
2021.04.23,68970.0,-910.0,69130.0,69260.0,68955.0,106331.0
2021.04.22,69880.0,825.0,69510.0,69880.0,69510.0,51768.0
2021.04.21,69055.0,-445.0,69000.0,69055.0,68705.0,82281.0
2021.04.20,69500.0,-920.0,69760.0,69795.0,69420.0,150462.0
2021.04.19,70420.0,430.0,70070.0,70600.0,70065.0,75647.0
2021.04.16,69990.0,505.0,70185.0,70350.0,69940.0,75023.0
2021.04.15,69485.0,-540.0,69285.0,69495.0,69240.0,120360.0
2021.04.14,70025.0,350.0,70255.0,70420.0,70025.0,124518.0
2021.04.13,69675.0,0.0,69715.0,69835.0,69640.0,79307.0
2021.04.12,69675.0,545.0,69390.0,69760.0,69300.0,109578.0
2021.04.09,69130.0,335.0,69080.0,69235.0,68995.0,94754.0
2021.04.08,68795.0,750.0,68470.0,68880.0,68435.0,97850.0
2021.04.07,68045.0,-100.0,68200.0,68250.0,67900.0,84822.0
2021.04.06,68145.0,715.0,68640.0,68700.0,68145.0,107983.0
2021.04.05,67430.0,-85.0,67575.0,67600.0,67400.0,79038.0
2021.04.02,67515.0,695.0,67580.0,67670.0,67515.0,84645.0
2021.04.01,66820.0,1330.0,66395.0,66820.0,66355.0,77553.0
2021.03.31,65490.0,-200.0,65600.0,65745.0,65350.0,55978.0
2021.03.30,65690.0,395.0,65885.0,65905.0,65690.0,39296.0
2021.03.29,65295.0,-5.0,65320.0,65610.0,65180.0,81464.0
2021.03.26,65300.0,100.0,65200.0,65320.0,65075.0,38827.0
2021.03.25,65200.0,-1080.0,65495.0,65495.0,65050.0,70418.0
2021.03.24,66280.0,335.0,66250.0,66450.0,66250.0,60671.0
2021.03.23,65945.0,505.0,66210.0,66210.0,65810.0,50698.0
2021.03.22,65440.0,660.0,65265.0,65630.0,65200.0,70643.0
2021.03.19,64780.0,-1820.0,64830.0,65130.0,64610.0,141817.0
2021.03.18,66600.0,-85.0,66720.0,66855.0,66460.0,78824.0
2021.03.17,66685.0,160.0,66650.0,66790.0,66525.0,46111.0
2021.03.16,66525.0,775.0,66350.0,66695.0,66345.0,105238.0
2021.03.15,65750.0,-280.0,65995.0,66200.0,65750.0,67410.0
2021.03.12,66030.0,615.0,66325.0,66385.0,65950.0,86118.0
2021.03.11,65415.0,150.0,65200.0,65480.0,65025.0,78290.0
2021.03.10,65265.0,1900.0,65130.0,65405.0,65035.0,97746.0
2021.03.09,63365.0,-345.0,63200.0,63695.0,63125.0,99144.0
2021.03.08,63710.0,865.0,64000.0,65000.0,63545.0,125046.0
2021.03.05,62845.0,-820.0,62940.0,62940.0,62485.0,136220.0
2021.03.04,63665.0,-2395.0,64000.0,65200.0,63300.0,186920.0
2021.03.03,66060.0,-655.0,65870.0,66175.0,65830.0,71855.0
2021.03.02,66715.0,2475.0,66495.0,66750.0,66495.0,113490.0
2021.02.26,64240.0,-2000.0,64195.0,64540.0,63790.0,220675.0
2021.02.25,66240.0,1145.0,66065.0,66370.0,66000.0,78598.0
2021.02.24,65095.0,-1160.0,65570.0,65925.0,65020.0,156934.0
2021.02.23,66255.0,-1060.0,65835.0,66395.0,65835.0,130448.0
2021.02.22,67315.0,-225.0,67540.0,67540.0,67235.0,88867.0
2021.02.19,67540.0,-260.0,67600.0,67655.0,67270.0,101227.0
2021.02.18,67800.0,-600.0,67915.0,68000.0,67510.0,130402.0
2021.02.17,68400.0,-90.0,68485.0,68485.0,68065.0,91111.0
2021.02.16,68490.0,140.0,68430.0,68630.0,68365.0,101784.0
2021.02.15,68350.0,145.0,68430.0,68600.0,68325.0,161693.0
2021.02.10,68205.0,-230.0,68205.0,68435.0,68115.0,105162.0
2021.02.09,68435.0,-210.0,68560.0,68580.0,68310.0,145023.0
2021.02.08,68645.0,60.0,68370.0,68700.0,68300.0,109106.0
2021.02.05,68585.0,1515.0,67750.0,68620.0,67640.0,185020.0
2021.02.04,67070.0,-580.0,67155.0,67230.0,66945.0,99727.0
2021.02.03,67650.0,1040.0,67335.0,67650.0,67280.0,118308.0
2021.02.02,66610.0,1720.0,66280.0,66785.0,66270.0,107624.0
2021.02.01,64890.0,-270.0,64270.0,65005.0,64160.0,159103.0
2021.01.29,65160.0,-245.0,65780.0,66445.0,64945.0,160320.0
2021.01.28,65405.0,-1725.0,64690.0,65455.0,64580.0,208257.0
2021.01.27,67130.0,620.0,66980.0,67170.0,66945.0,110434.0
2021.01.26,66510.0,105.0,66565.0,66565.0,66245.0,134452.0
2021.01.25,66405.0,430.0,66315.0,66615.0,66240.0,223646.0
2021.01.22,65975.0,180.0,66050.0,66135.0,65850.0,118427.0
2021.01.21,65795.0,1400.0,65170.0,66010.0,65170.0,208107.0
2021.01.20,64395.0,510.0,64355.0,64395.0,64190.0,107098.0
2021.01.19,63885.0,645.0,63465.0,63930.0,63435.0,94573.0
2021.01.18,63240.0,-130.0,63060.0,63280.0,63060.0,102304.0
2021.01.15,63370.0,-425.0,63585.0,63590.0,63165.0,94574.0
2021.01.14,63795.0,315.0,63510.0,64170.0,63510.0,109451.0
2021.01.13,63480.0,-225.0,63395.0,63530.0,63200.0,98183.0
2021.01.12,63705.0,-405.0,63685.0,63780.0,63540.0,133121.0
2021.01.11,64110.0,690.0,64100.0,64320.0,64085.0,246669.0
2021.01.08,63420.0,1415.0,62975.0,63870.0,62805.0,254265.0
2021.01.07,62005.0,365.0,61675.0,62200.0,61635.0,184898.0
2021.01.06,61640.0,-330.0,62230.0,62590.0,61350.0,252365.0
2021.01.05,61970.0,-565.0,61720.0,62000.0,61705.0,197440.0
2021.01.04,62535.0,-280.0,62665.0,62675.0,62360.0,231924.0
2020.12.30,62815.0,-320.0,62965.0,62965.0,62720.0,258111.0
2020.12.29,63135.0,275.0,63020.0,63285.0,63020.0,174212.0
2020.12.28,62910.0,220.0,63010.0,63030.0,62750.0,170076.0
2020.12.24,62690.0,-425.0,62885.0,62885.0,62620.0,217331.0
2020.12.23,63115.0,295.0,63120.0,63225.0,62860.0,142795.0
2020.12.22,62820.0,-330.0,63045.0,63170.0,62810.0,182191.0
2020.12.21,63150.0,410.0,62820.0,63215.0,62765.0,231116.0
2020.12.18,62740.0,455.0,62495.0,62770.0,62495.0,176949.0
2020.12.17,62285.0,435.0,62050.0,62315.0,62050.0,141812.0
2020.12.16,61850.0,760.0,61550.0,61970.0,61490.0,263742.0
2020.12.15,61090.0,370.0,61095.0,61190.0,61000.0,195570.0
2020.12.14,60720.0,180.0,60720.0,60795.0,60660.0,211636.0
2020.12.11,60540.0,355.0,60440.0,60700.0,60350.0,154919.0
2020.12.10,60185.0,-1295.0,60370.0,60400.0,60010.0,256981.0
2020.12.09,61480.0,345.0,61455.0,61595.0,61300.0,120482.0
2020.12.08,61135.0,355.0,61050.0,61155.0,61000.0,131476.0
2020.12.07,60780.0,65.0,60840.0,60950.0,60730.0,132660.0
2020.12.04,60715.0,-680.0,61245.0,61265.0,60660.0,147888.0
2020.12.03,61395.0,-25.0,61470.0,61580.0,61350.0,103866.0
2020.12.02,61420.0,-5.0,61710.0,61720.0,61305.0,107146.0
2020.12.01,61425.0,865.0,61285.0,61560.0,61250.0,137494.0
2020.11.30,60560.0,215.0,60950.0,60980.0,60515.0,122986.0
2020.11.27,60345.0,-70.0,60335.0,60360.0,60170.0,83526.0
2020.11.26,60415.0,165.0,60415.0,60590.0,60410.0,94731.0
2020.11.25,60250.0,605.0,60250.0,60455.0,60095.0,138437.0
2020.11.24,59645.0,125.0,59670.0,59700.0,59525.0,92539.0
2020.11.23,59520.0,-370.0,59695.0,59695.0,59520.0,135504.0
2020.11.20,59890.0,430.0,59255.0,59980.0,59255.0,75265.0
2020.11.19,59460.0,400.0,58995.0,59460.0,58995.0,79713.0
2020.11.18,59060.0,-580.0,59440.0,59495.0,59060.0,96638.0
2020.11.17,59640.0,-190.0,59860.0,59910.0,59500.0,106706.0
2020.11.16,59830.0,480.0,59830.0,59910.0,59650.0,114046.0
2020.11.13,59350.0,140.0,59215.0,59375.0,59035.0,72566.0
2020.11.12,59210.0,1075.0,59205.0,59345.0,58915.0,113489.0
2020.11.11,58135.0,-525.0,58060.0,58370.0,57895.0,225310.0
2020.11.10,58660.0,-2940.0,59480.0,59555.0,58505.0,327771.0
2020.11.09,61600.0,1565.0,61305.0,61930.0,61255.0,203805.0
2020.11.06,60035.0,-235.0,60825.0,60825.0,60000.0,176105.0
2020.11.05,60270.0,1465.0,59800.0,60735.0,59550.0,225072.0
2020.11.04,58805.0,2405.0,57620.0,59855.0,57080.0,325409.0
2020.11.03,56400.0,120.0,56350.0,56630.0,56270.0,100121.0
2020.11.02,56280.0,45.0,55980.0,56330.0,55900.0,93833.0
2020.10.30,56235.0,-1020.0,56935.0,56935.0,56055.0,155297.0
2020.10.29,57255.0,-1320.0,56910.0,57255.0,56840.0,177337.0
2020.10.28,58575.0,385.0,58335.0,58640.0,58240.0,50397.0
2020.10.27,58190.0,-510.0,58210.0,58370.0,58095.0,122939.0
2020.10.26,58700.0,-415.0,58940.0,58945.0,58700.0,79896.0
2020.10.23,59115.0,25.0,59145.0,59405.0,59000.0,57419.0
2020.10.22,59090.0,-450.0,59210.0,59220.0,59000.0,72198.0
2020.10.21,59540.0,-285.0,59825.0,59860.0,59370.0,110876.0
2020.10.20,59825.0,-1060.0,60300.0,60300.0,59640.0,137280.0
2020.10.19,60885.0,-110.0,60860.0,61000.0,60750.0,85417.0
2020.10.16,60995.0,40.0,61055.0,61240.0,60790.0,77180.0
2020.10.15,60955.0,-1410.0,61500.0,61600.0,60880.0,113501.0
2020.10.14,62365.0,125.0,62320.0,62410.0,62150.0,126280.0
2020.10.13,62240.0,1660.0,61855.0,62270.0,61855.0,257625.0
2020.10.12,60580.0,885.0,60365.0,60685.0,60330.0,121352.0
2020.10.08,59695.0,915.0,59745.0,59800.0,59510.0,92783.0
2020.10.07,58780.0,-835.0,58690.0,58900.0,58670.0,114609.0
2020.10.06,59615.0,575.0,59435.0,59710.0,59335.0,106060.0
2020.10.05,59040.0,-780.0,59355.0,59355.0,58910.0,131690.0
2020.09.29,59820.0,820.0,59700.0,60005.0,59635.0,113783.0
2020.09.28,59000.0,1690.0,58650.0,59000.0,58570.0,111460.0
2020.09.25,57310.0,705.0,57405.0,57560.0,57285.0,90964.0
2020.09.24,56605.0,-1490.0,56170.0,56830.0,56170.0,135795.0
2020.09.23,58095.0,985.0,57975.0,58275.0,57860.0,105372.0
2020.09.22,57110.0,605.0,57205.0,57595.0,57000.0,123431.0
2020.09.21,56505.0,-1480.0,57910.0,57910.0,56295.0,212148.0
2020.09.18,57985.0,-100.0,58075.0,58125.0,57685.0,216617.0
2020.09.17,58085.0,-2420.0,59995.0,59995.0,58085.0,293601.0
2020.09.16,60505.0,640.0,60300.0,60630.0,60300.0,121860.0
2020.09.15,59865.0,185.0,59950.0,60000.0,59570.0,151856.0
2020.09.14,59680.0,-385.0,59800.0,59800.0,59300.0,273967.0
2020.09.11,60065.0,-650.0,59640.0,60065.0,59510.0,152561.0
2020.09.10,60715.0,1615.0,60700.0,60795.0,60200.0,199497.0
2020.09.09,59100.0,-2270.0,58800.0,59585.0,58765.0,359655.0
2020.09.08,61370.0,725.0,61330.0,61530.0,61030.0,209936.0
2020.09.07,60645.0,-1565.0,62120.0,62120.0,60590.0,351078.0
2020.09.04,62210.0,-3695.0,61475.0,62420.0,61345.0,565688.0
2020.09.03,65905.0,15.0,66125.0,66170.0,65780.0,235423.0
2020.09.02,65890.0,1315.0,65330.0,65935.0,65330.0,238176.0
2020.09.01,64575.0,375.0,64500.0,64790.0,64470.0,187039.0
2020.08.31,64200.0,470.0,63800.0,64230.0,63770.0,160395.0
2020.08.28,63730.0,175.0,63515.0,63780.0,63490.0,166438.0
2020.08.27,63555.0,1035.0,63420.0,64760.0,63420.0,200849.0
2020.08.26,62520.0,425.0,62325.0,62565.0,62325.0,134401.0
2020.08.25,62095.0,105.0,62100.0,62180.0,61985.0,158685.0
2020.08.24,61990.0,715.0,61550.0,62000.0,61550.0,134380.0
2020.08.21,61275.0,1345.0,60740.0,61275.0,60640.0,164584.0
2020.08.20,59930.0,-530.0,60000.0,60030.0,59715.0,132328.0
2020.08.19,60460.0,525.0,60185.0,60550.0,60185.0,148305.0
2020.08.18,59935.0,335.0,59900.0,60010.0,59875.0,114644.0
2020.08.14,59600.0,605.0,59355.0,59630.0,59355.0,104067.0
2020.08.13,58995.0,795.0,59255.0,59255.0,58895.0,98078.0
2020.08.12,58200.0,-910.0,58710.0,58710.0,57945.0,154635.0
2020.08.11,59110.0,-55.0,59045.0,59170.0,58850.0,87607.0
2020.08.10,59165.0,-420.0,59400.0,59405.0,59035.0,108332.0
2020.08.07,59585.0,665.0,59365.0,59825.0,59365.0,118786.0
2020.08.06,58920.0,-265.0,59185.0,59200.0,58800.0,114299.0
2020.08.05,59185.0,-30.0,59220.0,59280.0,59000.0,102389.0
2020.08.04,59215.0,715.0,58860.0,59225.0,58820.0,96899.0
2020.08.03,58500.0,470.0,58235.0,58560.0,58205.0,92419.0
2020.07.31,58030.0,985.0,57845.0,58155.0,57800.0,102149.0
2020.07.30,57045.0,490.0,57015.0,57115.0,56810.0,61951.0
2020.07.29,56555.0,-840.0,57195.0,57195.0,56335.0,124733.0
2020.07.28,57395.0,1055.0,57340.0,57560.0,57120.0,78037.0
2020.07.27,56340.0,-240.0,56455.0,56480.0,56050.0,130903.0
2020.07.24,56580.0,-1955.0,57300.0,57300.0,56490.0,239454.0
2020.07.23,58535.0,410.0,58305.0,58550.0,58205.0,69843.0
2020.07.22,58125.0,-1135.0,58965.0,58965.0,57970.0,162246.0
2020.07.21,59260.0,2070.0,58700.0,59260.0,58655.0,146559.0
2020.07.20,57190.0,-310.0,57530.0,57600.0,57100.0,68953.0
2020.07.17,57500.0,80.0,57420.0,57580.0,57355.0,68469.0
2020.07.16,57420.0,-370.0,57520.0,57520.0,57240.0,108455.0
2020.07.15,57790.0,95.0,57975.0,58100.0,57640.0,100173.0
2020.07.14,57695.0,-1010.0,58000.0,58095.0,57350.0,222407.0
2020.07.13,58705.0,1080.0,58280.0,58725.0,58280.0,149017.0
2020.07.10,57625.0,450.0,57540.0,57880.0,57505.0,149032.0
2020.07.09,57175.0,830.0,57020.0,57250.0,57000.0,93718.0
2020.07.08,56345.0,-355.0,56505.0,56730.0,56305.0,78807.0
2020.07.07,56700.0,540.0,56580.0,56885.0,56535.0,129254.0
2020.07.06,56160.0,355.0,55790.0,56290.0,55770.0,108379.0
2020.07.03,55805.0,340.0,55500.0,55805.0,55500.0,75827.0
2020.07.02,55465.0,880.0,55130.0,55485.0,55100.0,56377.0
2020.07.01,54585.0,770.0,54300.0,54630.0,54290.0,45538.0
2020.06.30,53815.0,835.0,53880.0,53880.0,53655.0,55882.0
2020.06.29,52980.0,-1445.0,53290.0,53290.0,52780.0,98798.0
2020.06.26,54425.0,330.0,54800.0,54800.0,54350.0,54667.0
2020.06.25,54095.0,-1055.0,54200.0,54400.0,53970.0,127336.0
2020.06.24,55150.0,230.0,55075.0,55360.0,55060.0,90322.0
2020.06.23,54920.0,390.0,54805.0,54935.0,54360.0,82147.0
2020.06.22,54530.0,-20.0,54190.0,54550.0,54070.0,58533.0
2020.06.19,54550.0,535.0,54320.0,54550.0,54235.0,53212.0
2020.06.18,54015.0,-295.0,54300.0,54300.0,53800.0,58439.0
2020.06.17,54310.0,800.0,53870.0,54310.0,53835.0,102391.0
2020.06.16,53510.0,2330.0,52915.0,53700.0,52875.0,98292.0
2020.06.15,51180.0,-1130.0,52000.0,52000.0,51070.0,107920.0
2020.06.12,52310.0,-1195.0,50635.0,52475.0,50300.0,221475.0
2020.06.11,53505.0,110.0,53510.0,53830.0,53485.0,90241.0
2020.06.10,53395.0,245.0,53250.0,53705.0,53210.0,112774.0
2020.06.09,53150.0,25.0,53210.0,53220.0,52985.0,105213.0
2020.06.08,53125.0,595.0,53160.0,53195.0,53030.0,93598.0
2020.06.05,52530.0,-380.0,52845.0,52845.0,52485.0,74192.0
2020.06.04,52910.0,-10.0,52975.0,53055.0,52710.0,81665.0
2020.06.03,52920.0,85.0,53115.0,53115.0,52710.0,108881.0
2020.06.02,52835.0,160.0,52700.0,52835.0,52515.0,70802.0
2020.06.01,52675.0,435.0,52320.0,53080.0,52320.0,76786.0
2020.05.29,52240.0,-355.0,52570.0,52595.0,52130.0,64517.0
2020.05.28,52595.0,120.0,52475.0,52665.0,52135.0,76805.0
2020.05.27,52475.0,-690.0,53100.0,53100.0,51960.0,94865.0
2020.05.26,53165.0,345.0,52905.0,53165.0,52890.0,105536.0
2020.05.25,52820.0,1240.0,52470.0,52820.0,52420.0,81979.0
2020.05.22,51580.0,-620.0,52005.0,52185.0,51500.0,65582.0
2020.05.21,52200.0,585.0,52000.0,52385.0,52000.0,82978.0
2020.05.20,51615.0,115.0,51410.0,51655.0,51260.0,57937.0
2020.05.19,51500.0,620.0,51575.0,51595.0,51205.0,115212.0
2020.05.18,50880.0,770.0,50530.0,50915.0,50530.0,73882.0
2020.05.15,50110.0,770.0,49990.0,50200.0,49780.0,65476.0
2020.05.14,49340.0,-775.0,49600.0,49715.0,49325.0,95435.0
2020.05.13,50115.0,-665.0,49790.0,50115.0,49600.0,84223.0
2020.05.12,50780.0,260.0,50680.0,51000.0,50670.0,87820.0
2020.05.11,50520.0,270.0,50590.0,50670.0,50430.0,62024.0
2020.05.08,50250.0,675.0,49735.0,50390.0,49730.0,66949.0
2020.05.07,49575.0,440.0,49165.0,49600.0,49160.0,76268.0
2020.05.06,49135.0,1375.0,48900.0,49135.0,48630.0,56284.0
2020.05.04,47760.0,-405.0,47400.0,47920.0,47000.0,47266.0
2020.04.29,48165.0,-550.0,48500.0,48500.0,48000.0,89551.0
2020.04.28,48715.0,-85.0,48825.0,48835.0,48430.0,69196.0
2020.04.27,48800.0,1180.0,48145.0,48950.0,48130.0,74014.0
2020.04.24,47620.0,-345.0,47795.0,47795.0,47310.0,42133.0
2020.04.23,47965.0,865.0,48100.0,48105.0,47550.0,44600.0
2020.04.22,47100.0,-890.0,46305.0,47100.0,46305.0,69311.0
2020.04.21,47990.0,-15.0,47640.0,48345.0,47600.0,86712.0
2020.04.20,48005.0,-500.0,49000.0,49000.0,47615.0,90847.0
2020.04.17,48505.0,1010.0,48555.0,48920.0,48400.0,154185.0
2020.04.16,47495.0,1440.0,46065.0,47495.0,46065.0,96020.0
2020.04.14,46055.0,1775.0,45130.0,46200.0,45125.0,97285.0
2020.04.13,44280.0,-720.0,45000.0,45005.0,44225.0,43494.0
2020.04.10,45000.0,0.0,45015.0,45105.0,44925.0,45672.0
2020.04.09,45000.0,855.0,45000.0,45000.0,44500.0,57015.0
2020.04.08,44145.0,-320.0,44345.0,44625.0,43905.0,75966.0
2020.04.07,44465.0,1240.0,44010.0,44520.0,43700.0,90468.0
2020.04.06,43225.0,1575.0,41850.0,43350.0,41815.0,67683.0
2020.04.03,41650.0,115.0,41550.0,41870.0,41530.0,63366.0
2020.04.02,41535.0,-275.0,41700.0,41820.0,41185.0,96672.0
2020.04.01,41810.0,-1045.0,42500.0,42580.0,41700.0,107790.0
2020.03.31,42855.0,980.0,42660.0,43280.0,42590.0,120335.0
2020.03.30,41875.0,-505.0,40900.0,42180.0,40800.0,104213.0
2020.03.27,42380.0,1270.0,42645.0,42970.0,41740.0,146567.0
2020.03.26,41110.0,-490.0,41610.0,41900.0,40960.0,136784.0
2020.03.25,41600.0,215.0,43000.0,43100.0,41015.0,209598.0
2020.03.24,41385.0,2625.0,40140.0,41390.0,39700.0,169698.0
2020.03.23,38760.0,-2650.0,38700.0,39390.0,37900.0,91834.0
2020.03.20,41410.0,985.0,40615.0,41600.0,40615.0,85458.0
2020.03.19,40425.0,1025.0,40500.0,41355.0,39570.0,122648.0
2020.03.18,39400.0,-1535.0,40935.0,40945.0,39400.0,67327.0
2020.03.17,40935.0,-65.0,39100.0,40950.0,38925.0,65694.0
2020.03.16,41000.0,750.0,40300.0,41500.0,40300.0,137723.0
2020.03.13,40250.0,-1240.0,37640.0,41135.0,37500.0,158794.0
2020.03.12,41490.0,-2165.0,42650.0,42980.0,40905.0,138869.0
2020.03.11,43655.0,-550.0,44280.0,44325.0,43435.0,79880.0
2020.03.10,44205.0,605.0,43000.0,44360.0,42955.0,154811.0
2020.03.09,43600.0,-2310.0,43965.0,44000.0,43530.0,130763.0
2020.03.06,45910.0,-1205.0,46110.0,46550.0,45530.0,138871.0
2020.03.05,47115.0,570.0,47600.0,47770.0,47050.0,98958.0
2020.03.04,46545.0,-865.0,46125.0,46625.0,45705.0,222961.0
2020.03.03,47410.0,1825.0,48070.0,48075.0,47380.0,171576.0
2020.03.02,45585.0,585.0,45220.0,46970.0,45050.0,256610.0
2020.02.28,45000.0,-2735.0,45610.0,46070.0,45000.0,154880.0
2020.02.27,47735.0,-820.0,48495.0,48495.0,47720.0,99925.0
2020.02.26,48555.0,-1535.0,49120.0,49120.0,48345.0,148138.0
2020.02.25,50090.0,-490.0,49305.0,50090.0,49200.0,168101.0
2020.02.24,50580.0,-1355.0,50440.0,50890.0,50370.0,106152.0
2020.02.21,51935.0,-405.0,52000.0,52260.0,51725.0,84977.0
2020.02.20,52340.0,675.0,51940.0,52345.0,51940.0,116105.0
2020.02.19,51665.0,515.0,51525.0,51760.0,51375.0,54507.0
2020.02.18,51150.0,-320.0,51450.0,51450.0,51080.0,77712.0
2020.02.17,51470.0,430.0,51255.0,51485.0,51140.0,74635.0
2020.02.14,51040.0,165.0,50880.0,51250.0,50880.0,70970.0
2020.02.13,50875.0,250.0,50790.0,50920.0,50625.0,55812.0
2020.02.12,50625.0,-180.0,50800.0,50800.0,50465.0,95081.0
2020.02.11,50805.0,550.0,50530.0,50960.0,50530.0,81222.0
2020.02.10,50255.0,-85.0,50300.0,50360.0,50010.0,49727.0
2020.02.07,50340.0,280.0,50150.0,50420.0,50110.0,40454.0
2020.02.06,50060.0,170.0,50045.0,50390.0,49750.0,79817.0
2020.02.05,49890.0,795.0,49460.0,49900.0,49460.0,67514.0
2020.02.04,49095.0,385.0,48940.0,49115.0,48745.0,41074.0
2020.02.03,48710.0,-70.0,47905.0,48780.0,47855.0,44951.0
2020.01.31,48780.0,690.0,48595.0,48945.0,48590.0,89767.0
2020.01.30,48090.0,-160.0,48275.0,48350.0,47895.0,48164.0
2020.01.29,48250.0,875.0,48090.0,48270.0,47800.0,88070.0
2020.01.28,47375.0,-750.0,47410.0,47465.0,47025.0,65752.0
2020.01.23,48125.0,-140.0,48230.0,48235.0,48055.0,53806.0
2020.01.22,48265.0,465.0,47835.0,48270.0,47835.0,64723.0
2020.01.21,47800.0,90.0,47880.0,47880.0,47695.0,22098.0
2020.01.20,47710.0,185.0,47575.0,47890.0,47520.0,45924.0
2020.01.17,47525.0,345.0,47440.0,47555.0,47410.0,32103.0
2020.01.16,47180.0,305.0,47155.0,47180.0,46930.0,16884.0
2020.01.15,46875.0,-200.0,47075.0,47075.0,46615.0,22106.0
2020.01.14,47075.0,335.0,47020.0,47190.0,46805.0,45101.0
2020.01.13,46740.0,-295.0,46865.0,46865.0,46600.0,55184.0
2020.01.10,47035.0,570.0,46570.0,47080.0,46570.0,29978.0
2020.01.09,46465.0,215.0,46625.0,46635.0,46315.0,33909.0
2020.01.08,46250.0,-95.0,46290.0,46345.0,45850.0,26404.0
2020.01.07,46345.0,450.0,46035.0,46365.0,46035.0,18539.0
2020.01.06,45895.0,-140.0,45930.0,45935.0,45720.0,28515.0
2020.01.03,46035.0,430.0,46010.0,46215.0,45815.0,23738.0
2020.01.02,45605.0,-25.0,45600.0,45630.0,45300.0,48913.0
2019.12.30,45630.0,-270.0,45885.0,45885.0,45605.0,22335.0
2019.12.27,45900.0,465.0,45625.0,45910.0,45625.0,20839.0
2019.12.26,45455.0,-5.0,45555.0,45555.0,45385.0,13754.0
2019.12.24,45460.0,70.0,45390.0,45460.0,45340.0,30375.0
2019.12.23,45390.0,350.0,45065.0,45405.0,45065.0,31088.0
2019.12.20,45040.0,120.0,44920.0,45190.0,44920.0,13940.0
2019.12.19,44920.0,-50.0,45055.0,45055.0,44775.0,13184.0
2019.12.18,44970.0,10.0,44975.0,44980.0,44860.0,8136.0
2019.12.17,44960.0,90.0,45040.0,45040.0,44850.0,11917.0
2019.12.16,44870.0,60.0,44810.0,44955.0,44755.0,10455.0
2019.12.13,44810.0,20.0,44845.0,45005.0,44610.0,22580.0
2019.12.12,44790.0,-30.0,44820.0,45000.0,44675.0,11380.0
2019.12.11,44820.0,-20.0,44810.0,44845.0,44510.0,8064.0
2019.12.10,44840.0,60.0,44840.0,44840.0,44605.0,7385.0
2019.12.09,44780.0,190.0,44955.0,44995.0,44590.0,11379.0
2019.12.06,44590.0,260.0,44470.0,44600.0,44330.0,5377.0
2019.12.05,44330.0,-30.0,44610.0,44610.0,44145.0,12192.0
2019.12.04,44360.0,80.0,43885.0,44365.0,43885.0,14668.0
2019.12.03,44280.0,-550.0,44370.0,44380.0,44100.0,17364.0
2019.12.02,44830.0,190.0,44640.0,44835.0,44580.0,11671.0
2019.11.29,44640.0,30.0,44630.0,44740.0,44540.0,16184.0
2019.11.28,44610.0,240.0,44435.0,44650.0,44435.0,19678.0
2019.11.27,44370.0,155.0,44215.0,44400.0,44215.0,13296.0
2019.11.26,44215.0,345.0,43975.0,44220.0,43970.0,12169.0
2019.11.25,43870.0,20.0,43945.0,43955.0,43820.0,9260.0
2019.11.22,43850.0,65.0,43800.0,43870.0,43515.0,7554.0
2019.11.21,43785.0,75.0,43690.0,43785.0,43360.0,12334.0
2019.11.20,43710.0,15.0,43785.0,43785.0,43550.0,7110.0
2019.11.19,43695.0,310.0,43385.0,43705.0,43355.0,12250.0
2019.11.18,43385.0,10.0,43390.0,43530.0,43385.0,14224.0
2019.11.15,43375.0,30.0,43495.0,43495.0,43160.0,38884.0
2019.11.14,43345.0,245.0,43160.0,43460.0,43160.0,15889.0
2019.11.13,43100.0,-40.0,43140.0,43150.0,43010.0,11443.0
2019.11.12,43140.0,250.0,42870.0,43140.0,42870.0,4916.0
2019.11.11,42890.0,345.0,42700.0,42890.0,42700.0,14926.0
2019.11.08,42545.0,-115.0,42675.0,42735.0,42345.0,7362.0
2019.11.07,42660.0,-20.0,42680.0,42785.0,42500.0,6508.0
2019.11.06,42680.0,-105.0,42785.0,42785.0,42560.0,5466.0
2019.11.05,42785.0,125.0,42755.0,42785.0,42705.0,12260.0
2019.11.04,42660.0,140.0,42575.0,42720.0,42535.0,14054.0
2019.11.01,42520.0,245.0,42270.0,42530.0,42270.0,8835.0
2019.10.31,42275.0,80.0,42345.0,42345.0,42110.0,15045.0
2019.10.30,42195.0,-250.0,42425.0,42425.0,42170.0,10850.0
2019.10.29,42445.0,235.0,42270.0,42525.0,42270.0,11119.0
2019.10.28,42210.0,150.0,42350.0,42350.0,42090.0,6616.0
2019.10.25,42060.0,435.0,41705.0,42075.0,41705.0,13418.0
2019.10.24,41625.0,260.0,41625.0,41625.0,41400.0,5010.0
2019.10.23,41365.0,-460.0,41550.0,41550.0,41210.0,8739.0
2019.10.22,41825.0,245.0,41620.0,41950.0,41620.0,7812.0
2019.10.21,41580.0,-425.0,41650.0,41785.0,41500.0,11083.0
2019.10.18,42005.0,-35.0,42295.0,42295.0,41930.0,7424.0
2019.10.17,42040.0,-150.0,42200.0,42200.0,41980.0,3938.0
2019.10.16,42190.0,300.0,42060.0,42245.0,42060.0,8271.0
2019.10.15,41890.0,305.0,41650.0,41890.0,41635.0,7803.0
2019.10.14,41585.0,145.0,41710.0,41830.0,41585.0,10253.0
2019.10.11,41440.0,190.0,41445.0,41560.0,41265.0,5653.0
2019.10.10,41250.0,-280.0,41245.0,41250.0,40970.0,7184.0
2019.10.08,41530.0,130.0,41600.0,41600.0,41370.0,3952.0
2019.10.07,41400.0,405.0,41335.0,41500.0,41255.0,8083.0
2019.10.04,40995.0,-595.0,41300.0,41305.0,40900.0,18941.0
2019.10.02,41590.0,-205.0,41585.0,41685.0,41485.0,5196.0
2019.10.01,41795.0,440.0,41370.0,41855.0,41370.0,30852.0
2019.09.30,41355.0,-370.0,41435.0,41595.0,41350.0,13538.0
2019.09.27,41725.0,-125.0,41850.0,41850.0,41610.0,14980.0
2019.09.26,41850.0,365.0,42035.0,42035.0,41780.0,7351.0
2019.09.25,41485.0,-580.0,41550.0,41635.0,41435.0,13031.0
2019.09.24,42065.0,-85.0,42150.0,42150.0,41960.0,10972.0
2019.09.23,42150.0,0.0,42050.0,42160.0,41950.0,8558.0
2019.09.20,42150.0,35.0,42405.0,42405.0,42120.0,10820.0
2019.09.19,42115.0,75.0,42040.0,42180.0,42040.0,12121.0
2019.09.18,42040.0,390.0,41815.0,42045.0,41815.0,12735.0
2019.09.17,41650.0,0.0,41650.0,41855.0,41600.0,5364.0
2019.09.16,41650.0,-165.0,41845.0,42000.0,41400.0,11100.0
2019.09.11,41815.0,-55.0,41760.0,41910.0,41585.0,5710.0
2019.09.10,41870.0,-205.0,41985.0,42005.0,41815.0,11359.0
2019.09.09,42075.0,-30.0,42190.0,42190.0,42000.0,6976.0
2019.09.06,42105.0,90.0,42120.0,42280.0,42030.0,55933.0
2019.09.05,42015.0,355.0,41670.0,42095.0,41670.0,151364.0
2019.09.04,41660.0,125.0,41020.0,41660.0,41020.0,7164.0
2019.09.03,41535.0,100.0,41580.0,41620.0,41435.0,8095.0
2019.09.02,41435.0,-245.0,41660.0,41660.0,41345.0,7703.0
2019.08.30,41680.0,370.0,41965.0,41965.0,41645.0,13878.0
2019.08.29,41310.0,15.0,41285.0,41360.0,40985.0,13389.0
2019.08.28,41295.0,150.0,41260.0,41295.0,41140.0,7521.0
2019.08.27,41145.0,605.0,41200.0,41200.0,41045.0,16688.0
2019.08.26,40540.0,-1520.0,40650.0,40650.0,40305.0,40636.0
2019.08.23,42060.0,375.0,42025.0,42125.0,41710.0,15196.0
2019.08.22,41685.0,180.0,41865.0,41865.0,41650.0,8482.0
2019.08.21,41505.0,-330.0,41500.0,41680.0,41375.0,9392.0
2019.08.20,41835.0,170.0,41860.0,41965.0,41700.0,12570.0
2019.08.19,41665.0,600.0,41295.0,41665.0,41295.0,7494.0
2019.08.16,41065.0,-895.0,41000.0,41065.0,40655.0,20397.0
2019.08.14,41960.0,560.0,41975.0,42055.0,41865.0,91140.0
2019.08.13,41400.0,-495.0,41165.0,41475.0,41100.0,9220.0
2019.08.12,41895.0,235.0,41650.0,41900.0,41480.0,17596.0
2019.08.09,41660.0,425.0,41430.0,41770.0,41430.0,12387.0
2019.08.08,41235.0,495.0,40770.0,41290.0,40770.0,15950.0
2019.08.07,40740.0,270.0,40630.0,40890.0,40630.0,16425.0
2019.08.06,40470.0,-890.0,40000.0,40490.0,39150.0,59867.0
2019.08.05,41360.0,-200.0,41345.0,41545.0,41040.0,37075.0
2019.08.02,41560.0,-235.0,41505.0,41780.0,41345.0,22231.0
2019.08.01,41795.0,-445.0,42100.0,42100.0,41580.0,16656.0
2019.07.31,42240.0,-150.0,42435.0,42435.0,42130.0,9876.0
2019.07.30,42390.0,25.0,42500.0,42500.0,42305.0,20133.0
2019.07.29,42365.0,35.0,42365.0,42440.0,42300.0,25596.0
2019.07.26,42330.0,85.0,42030.0,42330.0,42030.0,17891.0
2019.07.25,42245.0,345.0,42325.0,42325.0,42190.0,15224.0
2019.07.24,41900.0,195.0,42185.0,42190.0,41775.0,11984.0
2019.07.23,41705.0,405.0,41790.0,41790.0,41665.0,18385.0
2019.07.22,41300.0,-425.0,41170.0,41455.0,41135.0,70462.0
2019.07.19,41725.0,235.0,41700.0,41850.0,41650.0,14958.0
2019.07.18,41490.0,-495.0,41895.0,41895.0,41400.0,15910.0
2019.07.17,41985.0,-160.0,42110.0,42110.0,41840.0,9977.0
2019.07.16,42145.0,55.0,42105.0,42320.0,42090.0,18320.0
2019.07.15,42090.0,205.0,41975.0,42090.0,41885.0,24564.0
2019.07.12,41885.0,285.0,41740.0,41885.0,41625.0,18973.0
2019.07.11,41600.0,150.0,41630.0,41850.0,41600.0,75457.0
2019.07.10,41450.0,450.0,41550.0,41575.0,41315.0,14412.0
2019.07.09,41000.0,-250.0,41120.0,41155.0,40950.0,12349.0
2019.07.08,41250.0,-230.0,41520.0,41520.0,41110.0,17682.0
2019.07.05,41480.0,245.0,41240.0,41570.0,41175.0,17557.0
2019.07.04,41235.0,335.0,40990.0,41335.0,40990.0,45017.0
2019.07.03,40900.0,95.0,40800.0,40970.0,40745.0,25788.0
2019.07.02,40805.0,255.0,40600.0,40805.0,40400.0,11761.0
2019.07.01,40550.0,850.0,40400.0,40550.0,40000.0,18749.0
2019.06.28,39700.0,-220.0,39920.0,39920.0,39680.0,10055.0
2019.06.27,39920.0,425.0,39505.0,39920.0,39505.0,10561.0
2019.06.26,39495.0,-505.0,39575.0,39650.0,39485.0,17207.0
2019.06.25,40000.0,-345.0,40055.0,40195.0,39865.0,27354.0
2019.06.24,40345.0,255.0,40050.0,40400.0,40050.0,19884.0
2019.06.21,40090.0,-285.0,40630.0,40650.0,40055.0,28610.0
2019.06.20,40375.0,105.0,40110.0,40600.0,40110.0,26050.0
2019.06.19,40270.0,305.0,40385.0,40675.0,40240.0,29108.0
2019.06.18,39965.0,30.0,39935.0,40100.0,39935.0,14895.0
2019.06.17,39935.0,205.0,39735.0,39950.0,39730.0,57633.0
2019.06.14,39730.0,280.0,39800.0,39800.0,39550.0,7816.0
2019.06.13,39450.0,-65.0,39515.0,39750.0,39450.0,34831.0
2019.06.12,39515.0,-155.0,39665.0,39890.0,39500.0,47361.0
2019.06.11,39670.0,10.0,39705.0,39915.0,39630.0,27585.0
2019.06.10,39660.0,1255.0,39060.0,39660.0,39060.0,36371.0
2019.06.07,38405.0,380.0,38300.0,38630.0,38260.0,27666.0
2019.06.05,38025.0,995.0,37850.0,38150.0,37710.0,17108.0
2019.06.04,37030.0,-550.0,37100.0,37370.0,36930.0,26104.0
2019.06.03,37580.0,-770.0,37605.0,37855.0,37470.0,15211.0
2019.05.31,38350.0,-125.0,38420.0,38445.0,38320.0,4624.0
2019.05.30,38475.0,-165.0,38515.0,38670.0,38450.0,11445.0
2019.05.29,38640.0,-350.0,38840.0,38840.0,38500.0,4018.0
2019.05.28,38990.0,170.0,38820.0,39110.0,38820.0,6929.0
2019.05.27,38820.0,-310.0,39125.0,39125.0,38655.0,9537.0
2019.05.24,39130.0,-185.0,39195.0,39195.0,38890.0,9495.0
2019.05.23,39315.0,-480.0,40150.0,40150.0,39300.0,6282.0
2019.05.22,39795.0,25.0,39985.0,39995.0,39770.0,6607.0
2019.05.21,39770.0,-600.0,40200.0,40200.0,39550.0,19513.0
2019.05.20,40370.0,-55.0,40020.0,40415.0,40020.0,11211.0
2019.05.17,40425.0,530.0,40650.0,40650.0,40150.0,13006.0
2019.05.16,39895.0,225.0,39755.0,39950.0,39755.0,18075.0
2019.05.15,39670.0,570.0,40500.0,40500.0,39425.0,14200.0
2019.05.14,39100.0,-700.0,38390.0,39150.0,38390.0,59364.0
2019.05.13,39800.0,-90.0,39890.0,39890.0,39465.0,15872.0
2019.05.10,39890.0,-40.0,40735.0,40735.0,39660.0,25205.0
2019.05.09,39930.0,15.0,39915.0,39930.0,39735.0,70159.0
2019.05.08,39915.0,-590.0,39985.0,39985.0,39805.0,44629.0
2019.05.07,40505.0,-80.0,40550.0,40600.0,40400.0,18220.0
2019.05.03,40585.0,55.0,40525.0,40675.0,40415.0,17991.0
2019.05.02,40530.0,-250.0,40590.0,40600.0,40320.0,19460.0
2019.04.30,40780.0,270.0,40490.0,40780.0,40455.0,45365.0
2019.04.29,40510.0,-70.0,40605.0,40605.0,40410.0,40834.0
2019.04.26,40580.0,85.0,40455.0,40580.0,40360.0,64054.0
2019.04.25,40495.0,510.0,40135.0,40495.0,40135.0,41727.0
2019.04.24,39985.0,560.0,39545.0,40080.0,39545.0,89520.0
2019.04.23,39425.0,95.0,39345.0,39440.0,39280.0,20762.0
2019.04.22,39330.0,155.0,39180.0,39330.0,39065.0,30610.0
2019.04.19,39175.0,265.0,39000.0,39175.0,38965.0,25837.0
2019.04.18,38910.0,-85.0,39020.0,39020.0,38855.0,16612.0
2019.04.17,38995.0,205.0,38895.0,39025.0,38855.0,13908.0
2019.04.16,38790.0,5.0,38875.0,38875.0,38665.0,15154.0
2019.04.15,38785.0,115.0,38745.0,38820.0,38735.0,40158.0
2019.04.12,38670.0,-40.0,38710.0,38850.0,38650.0,13078.0
2019.04.11,38710.0,165.0,38590.0,38895.0,38590.0,24763.0
2019.04.10,38545.0,-210.0,38750.0,38750.0,38525.0,22023.0
2019.04.09,38755.0,115.0,38700.0,38870.0,38700.0,69573.0
2019.04.08,38640.0,270.0,38505.0,38700.0,38495.0,52174.0
2019.04.05,38370.0,40.0,38330.0,38490.0,38305.0,23151.0
2019.04.04,38330.0,20.0,38395.0,38460.0,38320.0,20435.0
2019.04.03,38310.0,410.0,38035.0,38355.0,38035.0,16469.0
2019.04.02,37900.0,-35.0,38015.0,38110.0,37890.0,16267.0
2019.04.01,37935.0,315.0,37810.0,37985.0,37810.0,79704.0
2019.03.29,37620.0,410.0,37230.0,37900.0,37210.0,52706.0
2019.03.28,37210.0,-325.0,37255.0,37260.0,37120.0,8038.0
2019.03.27,37535.0,335.0,37210.0,37535.0,37210.0,5048.0
2019.03.26,37200.0,165.0,37330.0,37330.0,37100.0,4378.0
2019.03.25,37035.0,-885.0,37105.0,37160.0,36945.0,8486.0
2019.03.22,37920.0,520.0,37600.0,38020.0,37600.0,116200.0
2019.03.21,37400.0,155.0,37245.0,37400.0,37225.0,4488.0
2019.03.20,37245.0,125.0,37095.0,37295.0,37095.0,4070.0
2019.03.19,37120.0,-95.0,37260.0,37290.0,37110.0,12129.0
2019.03.18,37215.0,95.0,37120.0,37255.0,37040.0,29239.0
2019.03.15,37120.0,305.0,36825.0,37190.0,36815.0,32045.0
2019.03.14,36815.0,315.0,36710.0,36865.0,36670.0,14697.0
2019.03.13,36500.0,110.0,36395.0,36510.0,36390.0,10212.0
2019.03.12,36390.0,675.0,36185.0,36500.0,36185.0,36842.0
2019.03.11,35715.0,135.0,35675.0,35725.0,35580.0,2949.0
2019.03.08,35580.0,-425.0,35625.0,35795.0,35555.0,21953.0
2019.03.07,36005.0,-185.0,36100.0,36100.0,35855.0,5596.0
2019.03.06,36190.0,-5.0,35960.0,36260.0,35960.0,4348.0
2019.03.05,36195.0,-150.0,36335.0,36335.0,35950.0,9052.0
2019.03.04,36345.0,680.0,36120.0,36385.0,36050.0,13769.0
2019.02.28,35665.0,-70.0,35850.0,35850.0,35615.0,5195.0
2019.02.27,35735.0,285.0,35720.0,35785.0,35550.0,8468.0
2019.02.26,35450.0,-395.0,35840.0,35840.0,35390.0,5863.0
2019.02.25,35845.0,400.0,35560.0,35845.0,35560.0,9743.0
2019.02.22,35445.0,-210.0,35595.0,35595.0,35380.0,5121.0
2019.02.21,35655.0,-50.0,35690.0,35790.0,35430.0,3648.0
2019.02.20,35705.0,15.0,35895.0,35895.0,35460.0,4137.0
2019.02.19,35690.0,145.0,35545.0,35710.0,35545.0,2764.0
2019.02.18,35545.0,245.0,35585.0,35690.0,35495.0,5189.0
2019.02.15,35300.0,-215.0,35500.0,35515.0,35265.0,6204.0
2019.02.14,35515.0,65.0,35070.0,35515.0,35070.0,3958.0
2019.02.13,35450.0,350.0,35305.0,35470.0,35305.0,5825.0
2019.02.12,35100.0,245.0,35195.0,35195.0,34855.0,6146.0
2019.02.11,34855.0,340.0,34655.0,34855.0,34625.0,4941.0
2019.02.08,34515.0,-675.0,34920.0,34920.0,34495.0,5363.0
2019.02.07,35190.0,675.0,34910.0,35190.0,34910.0,9999.0
2019.02.01,34515.0,455.0,34285.0,34515.0,34270.0,7037.0
2019.01.31,34060.0,595.0,34005.0,34110.0,33845.0,12880.0
2019.01.30,33465.0,90.0,33505.0,33505.0,33080.0,31568.0
2019.01.29,33375.0,-525.0,33555.0,33555.0,33280.0,21290.0
2019.01.28,33900.0,-175.0,34170.0,34170.0,33790.0,5512.0
2019.01.25,34075.0,260.0,33815.0,34140.0,33815.0,14433.0
2019.01.24,33815.0,195.0,33740.0,33855.0,33495.0,2695.0
2019.01.23,33620.0,-350.0,33900.0,33900.0,33560.0,10932.0
2019.01.22,33970.0,-265.0,34495.0,34495.0,33950.0,10960.0
2019.01.21,34235.0,300.0,34370.0,34370.0,34050.0,10593.0
2019.01.18,33935.0,530.0,33470.0,34500.0,33470.0,8740.0
2019.01.17,33405.0,-40.0,33355.0,33485.0,33240.0,4560.0
2019.01.16,33445.0,355.0,33350.0,33600.0,33350.0,16551.0
2019.01.15,33090.0,285.0,33080.0,33090.0,32890.0,3631.0
2019.01.14,32805.0,-195.0,33000.0,33000.0,32725.0,11523.0
2019.01.11,33000.0,150.0,33130.0,33245.0,32980.0,27126.0
2019.01.10,32850.0,-320.0,33245.0,33245.0,32800.0,21736.0
2019.01.09,33170.0,365.0,32960.0,33230.0,32960.0,20820.0
2019.01.08,32805.0,465.0,32645.0,32885.0,32610.0,10231.0
2019.01.07,32340.0,1015.0,31800.0,32465.0,31800.0,10878.0
2019.01.04,31325.0,90.0,31210.0,31325.0,30870.0,10504.0
2019.01.03,31235.0,-270.0,31845.0,31845.0,31220.0,13404.0
2019.01.02,31505.0,125.0,31485.0,32010.0,31395.0,30127.0
2018.12.28,31380.0,210.0,31410.0,31640.0,31355.0,7318.0
2018.12.27,31170.0,1455.0,31025.0,31430.0,31025.0,13914.0
2018.12.26,30045.0,-1025.0,30265.0,30265.0,29820.0,45539.0
2018.12.24,31070.0,-550.0,30995.0,31115.0,30745.0,123014.0
2018.12.21,31620.0,-480.0,31640.0,31720.0,31450.0,109652.0
2018.12.20,32100.0,-1100.0,32200.0,32560.0,31955.0,22345.0
2018.12.19,33200.0,140.0,33005.0,33250.0,33000.0,2146.0
2018.12.18,33060.0,-955.0,33340.0,33340.0,32865.0,4407.0
2018.12.17,34015.0,-315.0,33945.0,34060.0,33810.0,3407.0
2018.12.14,34330.0,-220.0,34615.0,34615.0,34205.0,1810.0
2018.12.13,34550.0,0.0,34555.0,35075.0,34250.0,4533.0
2018.12.12,34550.0,400.0,34690.0,34690.0,34250.0,1788.0
2018.12.11,34150.0,500.0,34295.0,34295.0,33905.0,23990.0
2018.12.10,33650.0,-885.0,33885.0,33885.0,33280.0,10247.0
2018.12.07,34535.0,530.0,34800.0,34800.0,34515.0,35327.0
2018.12.06,34005.0,-590.0,34400.0,34400.0,33840.0,4377.0
2018.12.05,34595.0,-350.0,34070.0,34630.0,34070.0,5761.0
2018.12.04,34945.0,-880.0,36090.0,36090.0,34945.0,8085.0
2018.12.03,35825.0,960.0,35280.0,35965.0,35280.0,12631.0
2018.11.30,34865.0,-35.0,35110.0,35110.0,34760.0,12788.0
2018.11.29,34900.0,650.0,35200.0,35250.0,34870.0,13119.0
2018.11.28,34250.0,125.0,34435.0,34445.0,34230.0,2920.0
2018.11.27,34125.0,430.0,34315.0,34315.0,34030.0,3869.0
2018.11.26,33695.0,265.0,33430.0,33750.0,33430.0,10001.0
2018.11.23,33430.0,-125.0,33455.0,33620.0,33380.0,3950.0
2018.11.22,33555.0,-155.0,33845.0,33845.0,33515.0,8226.0
2018.11.21,33710.0,-135.0,33105.0,33715.0,33105.0,26054.0
2018.11.20,33845.0,-1160.0,33800.0,34190.0,33740.0,7412.0
2018.11.19,35005.0,-25.0,35245.0,35245.0,34820.0,9202.0
2018.11.16,35030.0,90.0,35365.0,35365.0,34945.0,5837.0
2018.11.15,34940.0,-150.0,34815.0,34940.0,34640.0,5879.0
2018.11.14,35090.0,-145.0,35165.0,35225.0,35010.0,9341.0
2018.11.13,35235.0,-1120.0,35470.0,35470.0,35000.0,13858.0
2018.11.12,36355.0,40.0,36245.0,36390.0,35940.0,9560.0
2018.11.09,36315.0,-65.0,36380.0,36435.0,36175.0,19027.0
2018.11.08,36380.0,905.0,36190.0,36435.0,36190.0,15187.0
2018.11.07,35475.0,290.0,35340.0,35900.0,35175.0,22511.0
2018.11.06,35185.0,-140.0,35300.0,35315.0,35095.0,19240.0
2018.11.05,35325.0,-745.0,35605.0,35605.0,35135.0,19162.0
2018.11.02,36070.0,240.0,36015.0,36245.0,35645.0,22604.0
2018.11.01,35830.0,420.0,35685.0,35990.0,35685.0,18589.0
2018.10.31,35410.0,485.0,35235.0,35425.0,35105.0,4881.0
2018.10.30,34925.0,-455.0,35370.0,35370.0,34520.0,10178.0
2018.10.29,35380.0,-270.0,35605.0,35605.0,35370.0,4615.0
2018.10.26,35650.0,380.0,35885.0,36315.0,35500.0,50785.0
2018.10.25,35270.0,-1170.0,34825.0,35300.0,34815.0,20503.0
2018.10.24,36440.0,70.0,36780.0,36780.0,36335.0,25828.0
2018.10.23,36370.0,-180.0,36785.0,36785.0,36335.0,27162.0
2018.10.22,36550.0,-275.0,36580.0,36585.0,36275.0,65814.0
2018.10.19,36825.0,-240.0,36650.0,36825.0,36600.0,21869.0
2018.10.18,37065.0,-125.0,37400.0,37400.0,37045.0,14450.0
2018.10.17,37190.0,1025.0,37200.0,37200.0,37000.0,58335.0
2018.10.16,36165.0,-215.0,36440.0,36440.0,36140.0,42029.0
2018.10.15,36380.0,150.0,36900.0,36910.0,36380.0,16006.0
2018.10.12,36230.0,-25.0,36075.0,36280.0,35890.0,55504.0
2018.10.11,36255.0,-1615.0,36000.0,36460.0,35825.0,35690.0
2018.10.10,37870.0,-130.0,37890.0,37890.0,37740.0,11774.0
2018.10.08,38000.0,-445.0,38170.0,38170.0,37890.0,16430.0
2018.10.05,38445.0,-420.0,38315.0,38500.0,38315.0,33518.0
2018.10.04,38865.0,170.0,38865.0,38950.0,38770.0,21517.0
2018.10.02,38695.0,-30.0,38725.0,38725.0,38505.0,16601.0
2018.10.01,38725.0,235.0,38355.0,38740.0,38355.0,41022.0
2018.09.28,38490.0,185.0,38345.0,38675.0,38345.0,27262.0
2018.09.27,38305.0,-155.0,38125.0,38445.0,38125.0,17048.0
2018.09.21,38460.0,340.0,38575.0,38575.0,38290.0,18367.0
2018.09.20,38120.0,-80.0,38300.0,38300.0,37905.0,20301.0
2018.09.19,38200.0,215.0,38275.0,38275.0,38040.0,11950.0
2018.09.18,37985.0,-350.0,38005.0,38005.0,37900.0,21745.0
2018.09.17,38335.0,-140.0,38255.0,38560.0,38255.0,20818.0
2018.09.14,38475.0,340.0,38600.0,38600.0,38320.0,19349.0
2018.09.13,38135.0,-330.0,38430.0,38430.0,37950.0,19338.0
2018.09.12,38465.0,310.0,38450.0,38470.0,38285.0,15886.0
2018.09.11,38155.0,5.0,38155.0,38295.0,38130.0,34731.0
2018.09.10,38150.0,175.0,37915.0,38155.0,37915.0,16786.0
2018.09.07,37975.0,-340.0,38130.0,38130.0,37825.0,28906.0
2018.09.06,38315.0,-365.0,38215.0,38380.0,38150.0,26018.0
2018.09.05,38680.0,-140.0,38645.0,38700.0,38505.0,16260.0
2018.09.04,38820.0,220.0,38620.0,38850.0,38530.0,25480.0
2018.09.03,38600.0,0.0,38615.0,38860.0,38375.0,53071.0
2018.08.31,38600.0,100.0,38500.0,38725.0,38500.0,35924.0
2018.08.30,38500.0,220.0,38380.0,38570.0,38375.0,22484.0
2018.08.29,38280.0,180.0,38220.0,38300.0,38160.0,13904.0
2018.08.28,38100.0,70.0,38205.0,38255.0,38095.0,19901.0
2018.08.27,38030.0,260.0,37830.0,38070.0,37820.0,31146.0
2018.08.24,37770.0,-50.0,37820.0,37945.0,37755.0,18437.0
2018.08.23,37820.0,315.0,37730.0,37825.0,37725.0,13115.0
2018.08.22,37505.0,0.0,37610.0,37610.0,37300.0,11613.0
2018.08.21,37505.0,-195.0,37415.0,37650.0,37350.0,62680.0
2018.08.20,37700.0,5.0,37740.0,37740.0,37580.0,15024.0
2018.08.17,37695.0,-190.0,37885.0,37885.0,37600.0,25050.0
2018.08.16,37885.0,-215.0,37750.0,37950.0,37700.0,16504.0
2018.08.14,38100.0,105.0,37905.0,38280.0,37905.0,30268.0
2018.08.13,37995.0,-95.0,37890.0,38030.0,37850.0,25204.0
2018.08.10,38090.0,165.0,37925.0,38145.0,37915.0,23908.0
2018.08.09,37925.0,25.0,37900.0,37995.0,37775.0,14610.0
2018.08.08,37900.0,-175.0,38135.0,38135.0,37835.0,33510.0
2018.08.07,38075.0,535.0,37950.0,38115.0,37875.0,36411.0
2018.08.06,37540.0,-225.0,37785.0,37850.0,37540.0,26666.0
2018.08.03,37765.0,790.0,37340.0,37830.0,37340.0,29798.0
2018.08.02,36975.0,-50.0,37030.0,37080.0,36800.0,46035.0
2018.08.01,37025.0,575.0,36510.0,37025.0,36510.0,37417.0
2018.07.31,36450.0,-465.0,36685.0,36685.0,36335.0,18696.0
2018.07.30,36915.0,-445.0,36825.0,36930.0,36665.0,18446.0
2018.07.27,37360.0,-440.0,37690.0,37795.0,37360.0,19258.0
2018.07.26,37800.0,-40.0,37805.0,37955.0,37775.0,22259.0
2018.07.25,37840.0,-190.0,38030.0,38030.0,37705.0,25322.0
2018.07.24,38030.0,395.0,37715.0,38100.0,37715.0,36541.0
2018.07.23,37635.0,-315.0,37940.0,37940.0,37490.0,29505.0
2018.07.20,37950.0,-60.0,37915.0,38095.0,37870.0,78518.0
2018.07.19,38010.0,-30.0,38055.0,38060.0,37825.0,58022.0
2018.07.18,38040.0,780.0,37830.0,38040.0,37780.0,22856.0
2018.07.17,37260.0,-555.0,37695.0,37745.0,37260.0,26946.0
2018.07.16,37815.0,120.0,37705.0,37855.0,37695.0,32401.0
2018.07.13,37695.0,545.0,37370.0,37695.0,37370.0,37175.0
2018.07.12,37150.0,445.0,36715.0,37365.0,36715.0,35642.0
2018.07.11,36705.0,-290.0,36685.0,36875.0,36600.0,15818.0
2018.07.10,36995.0,620.0,36705.0,37000.0,36605.0,17443.0
2018.07.09,36375.0,310.0,36455.0,36630.0,36305.0,20148.0
2018.07.06,36065.0,415.0,35780.0,36065.0,35780.0,8684.0
2018.07.05,35650.0,100.0,35545.0,35745.0,35450.0,7872.0
2018.07.04,35550.0,-555.0,35705.0,35705.0,35500.0,7439.0
2018.07.03,36105.0,540.0,35795.0,36205.0,35795.0,10839.0
2018.07.02,35565.0,-135.0,35700.0,35795.0,35495.0,33802.0
2018.06.29,35700.0,280.0,36345.0,36345.0,35430.0,28660.0
2018.06.28,35420.0,-330.0,35215.0,35640.0,35200.0,30553.0
2018.06.27,35750.0,350.0,35600.0,35945.0,35600.0,16056.0
2018.06.26,35400.0,-875.0,35505.0,35675.0,35400.0,25452.0
2018.06.25,36275.0,-40.0,36165.0,36395.0,36165.0,11126.0
2018.06.22,36315.0,-550.0,36270.0,36420.0,36105.0,21906.0
2018.06.21,36865.0,525.0,36450.0,37015.0,36450.0,132913.0
2018.06.20,36340.0,400.0,36215.0,36455.0,36160.0,14254.0
2018.06.19,35940.0,-195.0,36220.0,36220.0,35760.0,14426.0
2018.06.18,36135.0,-45.0,36200.0,36320.0,35965.0,13765.0
2018.06.15,36180.0,890.0,35700.0,36180.0,35700.0,74691.0
2018.06.14,35290.0,260.0,35060.0,35405.0,35060.0,22824.0
2018.06.12,35030.0,150.0,34880.0,35030.0,34785.0,11323.0
2018.06.11,34880.0,90.0,34810.0,34880.0,34600.0,6107.0
2018.06.08,34790.0,-200.0,34550.0,34820.0,34550.0,6716.0
2018.06.07,34990.0,370.0,34710.0,35040.0,34710.0,10622.0
2018.06.05,34620.0,20.0,34740.0,34820.0,34505.0,6745.0
2018.06.04,34600.0,490.0,34275.0,34600.0,34270.0,12786.0
2018.06.01,34110.0,-30.0,34200.0,34200.0,33995.0,12588.0
2018.05.31,34140.0,205.0,34075.0,34140.0,33940.0,5198.0
2018.05.30,33935.0,-75.0,33925.0,34015.0,33765.0,6864.0
2018.05.29,34010.0,-115.0,34125.0,34125.0,33925.0,3568.0
2018.05.28,34125.0,5.0,34120.0,34165.0,33905.0,7765.0
2018.05.25,34120.0,125.0,34140.0,34205.0,34000.0,14897.0
2018.05.24,33995.0,310.0,33850.0,34035.0,33850.0,9517.0
2018.05.23,33685.0,-385.0,34180.0,34180.0,33460.0,7798.0
2018.05.21,34070.0,185.0,33885.0,34150.0,33715.0,5164.0
2018.05.18,33885.0,15.0,33870.0,33985.0,33790.0,20714.0
2018.05.17,33870.0,260.0,33655.0,33920.0,33655.0,2474.0
2018.05.16,33610.0,-190.0,33550.0,33740.0,33550.0,2576.0
2018.05.15,33800.0,95.0,33865.0,33865.0,33720.0,4431.0
2018.05.14,33705.0,165.0,33600.0,33715.0,33450.0,10992.0
2018.05.11,33540.0,-110.0,33665.0,33850.0,33540.0,21396.0
2018.05.10,33650.0,380.0,33450.0,33790.0,33450.0,10324.0
2018.05.09,33270.0,-85.0,33360.0,33425.0,33210.0,1222.0
2018.05.08,33355.0,1145.0,32900.0,33355.0,32600.0,8346.0
2018.05.04,32210.0,-270.0,32480.0,32480.0,32205.0,3103.0
2018.05.03,32480.0,-235.0,32715.0,32715.0,32415.0,2221.0
2018.05.02,32715.0,275.0,32625.0,32725.0,32405.0,12683.0
2018.04.30,32440.0,-155.0,32220.0,32440.0,32130.0,37049.0
2018.04.27,32595.0,535.0,32090.0,32715.0,32090.0,48686.0
2018.04.26,32060.0,175.0,32000.0,32205.0,32000.0,2693.0
2018.04.25,31885.0,-635.0,32500.0,32500.0,31745.0,2655.0
2018.04.24,32520.0,120.0,32405.0,32585.0,32380.0,1531.0
2018.04.23,32400.0,-160.0,32600.0,32600.0,32280.0,2072.0
2018.04.20,32560.0,-395.0,32945.0,32945.0,32560.0,3289.0
2018.04.19,32955.0,25.0,32970.0,33145.0,32925.0,6007.0
2018.04.18,32930.0,430.0,32665.0,32975.0,32665.0,3039.0
2018.04.17,32500.0,60.0,32500.0,32500.0,32280.0,54511.0
2018.04.16,32440.0,345.0,32100.0,32465.0,32100.0,4811.0
2018.04.13,32095.0,110.0,32305.0,32305.0,32040.0,2180.0
2018.04.12,31985.0,85.0,31900.0,31985.0,31745.0,1624.0
2018.04.11,31900.0,-35.0,32295.0,32295.0,31830.0,5379.0
2018.04.10,31935.0,485.0,31390.0,31935.0,31180.0,3524.0
2018.04.09,31450.0,-80.0,31530.0,31530.0,31215.0,1574.0
2018.04.06,31530.0,-60.0,31500.0,31530.0,31260.0,3711.0
2018.04.05,31590.0,920.0,31030.0,31770.0,31025.0,7275.0
2018.04.04,30670.0,-80.0,30995.0,30995.0,30670.0,2821.0
2018.04.03,30750.0,-1130.0,31495.0,31495.0,30605.0,14988.0
2018.04.02,31880.0,130.0,31120.0,32230.0,31120.0,4805.0
2018.03.30,31750.0,350.0,31115.0,32015.0,31010.0,17684.0
2018.03.29,31400.0,-260.0,31640.0,31640.0,31205.0,12238.0
2018.03.28,31660.0,-1210.0,32150.0,32150.0,31385.0,10573.0
2018.03.27,32870.0,565.0,32510.0,33115.0,32510.0,5467.0
2018.03.26,32305.0,-330.0,31725.0,32595.0,31400.0,80388.0
2018.03.23,32635.0,-735.0,32110.0,33020.0,32110.0,22264.0
2018.03.22,33370.0,-45.0,33160.0,33450.0,33080.0,23050.0
2018.03.21,33415.0,100.0,33400.0,33965.0,33325.0,2786.0
2018.03.20,33315.0,-840.0,33345.0,33455.0,33300.0,6689.0
2018.03.19,34155.0,120.0,34200.0,34200.0,33920.0,4111.0
2018.03.16,34035.0,-30.0,34175.0,34175.0,34035.0,3560.0
2018.03.15,34065.0,0.0,34065.0,34080.0,33840.0,3647.0
2018.03.14,34065.0,-325.0,33900.0,34180.0,33900.0,11559.0
2018.03.13,34390.0,45.0,34435.0,34435.0,34295.0,10989.0
2018.03.12,34345.0,505.0,34145.0,34345.0,34145.0,16773.0
2018.03.09,33840.0,165.0,33680.0,33855.0,33630.0,4393.0
2018.03.08,33675.0,145.0,34185.0,34185.0,33440.0,2976.0
2018.03.07,33530.0,-95.0,34195.0,34195.0,33300.0,2740.0
2018.03.06,33625.0,180.0,33515.0,34450.0,33515.0,7131.0
2018.03.05,33445.0,325.0,34450.0,34450.0,33200.0,18448.0
2018.03.02,33120.0,-810.0,33255.0,33950.0,33075.0,7101.0
2018.02.28,33930.0,-40.0,33900.0,33935.0,33715.0,9561.0
2018.02.27,33970.0,350.0,33995.0,34030.0,33755.0,6643.0
2018.02.26,33620.0,480.0,33395.0,33695.0,33395.0,128020.0
2018.02.23,33140.0,-265.0,33400.0,33405.0,33050.0,14678.0
2018.02.22,33405.0,315.0,33090.0,33405.0,32805.0,2784.0
2018.02.21,33090.0,315.0,33050.0,33090.0,32805.0,3464.0
2018.02.20,32775.0,-75.0,32845.0,32895.0,32775.0,1813.0
2018.02.19,32850.0,795.0,32400.0,32905.0,32400.0,2459.0
2018.02.14,32055.0,50.0,32975.0,32975.0,32005.0,2058.0
2018.02.13,32005.0,295.0,32785.0,32785.0,31830.0,1982.0
2018.02.12,31710.0,385.0,32435.0,32435.0,31440.0,4019.0
2018.02.09,31325.0,-1235.0,32300.0,32300.0,29725.0,8587.0
2018.02.08,32560.0,260.0,32305.0,32560.0,32155.0,4343.0
2018.02.07,32300.0,210.0,33450.0,33450.0,32300.0,7946.0
2018.02.06,32090.0,-1195.0,31500.0,32440.0,31385.0,15563.0
2018.02.05,33285.0,-690.0,33300.0,33395.0,33115.0,4502.0
2018.02.02,33975.0,100.0,33400.0,33975.0,33400.0,4349.0
2018.02.01,33875.0,280.0,34000.0,34000.0,33595.0,2119.0
2018.01.31,33595.0,-230.0,33825.0,33825.0,33250.0,5396.0
2018.01.30,33825.0,-85.0,33900.0,34000.0,33600.0,6233.0
2018.01.29,33910.0,460.0,33950.0,33955.0,33800.0,9052.0
2018.01.26,33450.0,205.0,33245.0,33450.0,33245.0,5394.0
2018.01.25,33245.0,-525.0,33770.0,33770.0,32900.0,11379.0
2018.01.24,33770.0,-130.0,34295.0,34295.0,33710.0,15945.0
2018.01.23,33900.0,735.0,33200.0,35400.0,32815.0,6765.0
2018.01.22,33165.0,220.0,32945.0,33165.0,32930.0,3663.0
2018.01.19,32945.0,-95.0,33100.0,33125.0,32870.0,6216.0
2018.01.18,33040.0,335.0,32900.0,33040.0,32850.0,3674.0
2018.01.17,32705.0,25.0,32680.0,32705.0,32450.0,2922.0
2018.01.16,32680.0,10.0,32670.0,32695.0,32645.0,3315.0
2018.01.15,32670.0,225.0,32595.0,32690.0,32530.0,2903.0
2018.01.12,32445.0,10.0,32500.0,32500.0,32255.0,3189.0
2018.01.11,32435.0,-20.0,32215.0,32455.0,32215.0,4476.0
2018.01.10,32455.0,115.0,32495.0,32495.0,32320.0,4559.0
2018.01.09,32340.0,215.0,32195.0,32400.0,32195.0,5329.0
2018.01.08,32125.0,325.0,31955.0,32195.0,31955.0,3516.0
2018.01.05,31800.0,30.0,31770.0,31820.0,31600.0,2789.0
2018.01.04,31770.0,295.0,31600.0,31890.0,31600.0,3785.0
2018.01.03,31475.0,580.0,31205.0,31600.0,30955.0,3311.0
2018.01.02,30895.0,-430.0,31325.0,31400.0,30880.0,11092.0
2017.12.28,31325.0,-70.0,31400.0,31400.0,31295.0,1379.0
2017.12.27,31395.0,-170.0,31565.0,31565.0,31300.0,2595.0
2017.12.26,31565.0,-175.0,32100.0,32100.0,31555.0,10162.0
2017.12.22,31740.0,-15.0,31985.0,32155.0,31665.0,5760.0
2017.12.21,31755.0,-120.0,32040.0,32040.0,31525.0,7256.0
2017.12.20,31875.0,-215.0,32015.0,32015.0,31855.0,4429.0
2017.12.19,32090.0,20.0,32085.0,32195.0,32020.0,4890.0
2017.12.18,32070.0,480.0,31630.0,32075.0,31630.0,6640.0
2017.12.15,31590.0,45.0,31545.0,31595.0,31545.0,1472.0
2017.12.14,31545.0,-305.0,31855.0,31855.0,31525.0,5787.0
2017.12.13,31850.0,105.0,31750.0,31945.0,31610.0,1866.0
2017.12.12,31745.0,215.0,31750.0,31750.0,31530.0,1903.0
2017.12.11,31530.0,60.0,31750.0,31750.0,31315.0,2282.0
2017.12.08,31470.0,185.0,31300.0,31470.0,31300.0,7017.0
2017.12.07,31285.0,330.0,31035.0,31290.0,29470.0,3292.0
2017.12.06,30955.0,125.0,31025.0,31035.0,30830.0,763.0
2017.12.05,30830.0,-645.0,31470.0,31470.0,30765.0,3734.0
2017.12.04,31475.0,135.0,31500.0,31500.0,31335.0,3946.0
2017.12.01,31340.0,390.0,31400.0,31400.0,31190.0,1344.0
2017.11.30,30950.0,-830.0,31670.0,31670.0,30950.0,6783.0
2017.11.29,31780.0,240.0,31600.0,31780.0,31555.0,1031.0
2017.11.28,31540.0,-20.0,31690.0,31690.0,31510.0,4073.0
2017.11.27,31560.0,105.0,31500.0,31630.0,31490.0,2581.0
2017.11.24,31455.0,0.0,31545.0,31545.0,31380.0,566.0
2017.11.23,31455.0,-125.0,31580.0,31580.0,31390.0,3926.0
2017.11.22,31580.0,175.0,31950.0,31950.0,31550.0,2684.0
2017.11.21,31405.0,-80.0,31590.0,31750.0,31350.0,2483.0
2017.11.20,31485.0,-15.0,31155.0,31520.0,31155.0,3470.0
2017.11.17,31500.0,75.0,31440.0,31635.0,31425.0,1961.0
2017.11.16,31425.0,-325.0,31750.0,31750.0,31260.0,4377.0
2017.11.15,31750.0,-315.0,32065.0,32070.0,31700.0,4001.0
2017.11.14,32065.0,-20.0,32140.0,32140.0,32000.0,1552.0
2017.11.13,32085.0,90.0,31995.0,32180.0,31925.0,3780.0
2017.11.10,31995.0,-80.0,32075.0,32075.0,31900.0,1992.0
2017.11.09,32075.0,140.0,32220.0,32220.0,31945.0,1953.0
2017.11.08,31935.0,55.0,31880.0,31975.0,31880.0,1923.0
2017.11.07,31880.0,255.0,31635.0,31935.0,31635.0,1824.0
2017.11.06,31625.0,50.0,31735.0,31895.0,31625.0,1653.0
2017.11.03,31575.0,75.0,31520.0,31575.0,31375.0,1117.0
2017.11.02,31500.0,-165.0,31115.0,31500.0,31115.0,15043.0
2017.11.01,31665.0,85.0,31580.0,31695.0,31550.0,15741.0
2017.10.31,31580.0,-120.0,31660.0,31680.0,31520.0,19135.0
2017.10.30,31700.0,640.0,31525.0,31700.0,31520.0,5687.0
2017.10.27,31060.0,225.0,31030.0,31085.0,30920.0,49526.0
2017.10.26,30835.0,-195.0,30840.0,30880.0,30795.0,2127.0
2017.10.25,31030.0,15.0,31195.0,31195.0,31020.0,941.0
2017.10.24,31015.0,-270.0,31285.0,31285.0,31005.0,2278.0
2017.10.23,31285.0,-35.0,31325.0,31410.0,31255.0,7565.0
2017.10.20,31320.0,-5.0,31325.0,31380.0,31120.0,2365.0
2017.10.19,31325.0,-20.0,31345.0,31380.0,31300.0,4985.0
2017.10.18,31345.0,-10.0,31355.0,31380.0,31300.0,2622.0
2017.10.17,31355.0,185.0,31175.0,31355.0,31175.0,1390.0
2017.10.16,31170.0,115.0,31600.0,31600.0,31090.0,5413.0
2017.10.13,31055.0,-165.0,31220.0,31220.0,31045.0,1837.0
2017.10.12,31220.0,20.0,31700.0,31700.0,31140.0,6989.0
2017.10.11,31200.0,-5.0,31205.0,31265.0,31090.0,3530.0
2017.10.10,31205.0,415.0,30825.0,31325.0,30825.0,4802.0
2017.09.29,30790.0,-145.0,30935.0,30935.0,30730.0,1441.0
2017.09.28,30935.0,585.0,30615.0,30950.0,30615.0,3934.0
2017.09.27,30350.0,125.0,29875.0,30360.0,29875.0,2205.0
2017.09.26,30225.0,-175.0,30165.0,30250.0,30100.0,3311.0
2017.09.25,30400.0,-60.0,30800.0,30800.0,30335.0,908.0
2017.09.22,30460.0,-110.0,30570.0,30570.0,30255.0,1800.0
2017.09.21,30570.0,-20.0,30995.0,30995.0,30520.0,704.0
2017.09.20,30590.0,-35.0,30665.0,30665.0,30525.0,1656.0
2017.09.19,30625.0,-15.0,30820.0,30820.0,30475.0,676.0
2017.09.18,30640.0,50.0,30690.0,30690.0,30590.0,4470.0
2017.09.15,30590.0,-200.0,30790.0,30790.0,30550.0,1115.0
2017.09.14,30790.0,220.0,30570.0,30790.0,30570.0,819.0
2017.09.13,30570.0,-10.0,30760.0,30760.0,30530.0,1932.0
2017.09.12,30580.0,120.0,30460.0,30635.0,30460.0,1324.0
2017.09.11,30460.0,55.0,30405.0,30460.0,30215.0,609.0
2017.09.08,30405.0,-5.0,30990.0,30990.0,30280.0,900.0
2017.09.07,30410.0,-120.0,30530.0,30530.0,30320.0,1671.0
2017.09.06,30530.0,50.0,30470.0,30535.0,30280.0,1472.0
2017.09.05,30480.0,60.0,30510.0,30595.0,30480.0,5558.0
2017.09.04,30420.0,-55.0,30315.0,30540.0,30315.0,4596.0
2017.09.01,30475.0,150.0,30325.0,30500.0,30325.0,2007.0
2017.08.31,30325.0,435.0,30155.0,30325.0,29935.0,7656.0
2017.08.30,29890.0,330.0,29900.0,29900.0,29740.0,498.0
2017.08.29,29560.0,75.0,29470.0,29615.0,29470.0,367.0
2017.08.28,29485.0,-325.0,29840.0,29840.0,29470.0,2305.0
2017.08.25,29810.0,-50.0,30090.0,30090.0,29800.0,612.0
2017.08.24,29860.0,-215.0,29850.0,29905.0,29790.0,1089.0
2017.08.23,30075.0,210.0,30100.0,30120.0,29960.0,979.0
2017.08.22,29865.0,30.0,29780.0,29900.0,29780.0,723.0
2017.08.21,29835.0,-210.0,30095.0,30095.0,29750.0,2771.0
2017.08.18,30045.0,-380.0,30425.0,30425.0,29840.0,3051.0
2017.08.17,30425.0,-5.0,30550.0,30550.0,30310.0,406.0
2017.08.16,30430.0,160.0,30270.0,30550.0,30270.0,1897.0
2017.08.14,30270.0,435.0,30435.0,30435.0,30075.0,1955.0
2017.08.11,29835.0,-565.0,29900.0,29965.0,29835.0,1952.0
2017.08.10,30400.0,155.0,30320.0,30485.0,30320.0,1009.0
2017.08.09,30245.0,30.0,30215.0,30245.0,30180.0,1022.0
2017.08.08,30215.0,35.0,30200.0,30235.0,30080.0,1462.0
2017.08.07,30180.0,175.0,30095.0,30195.0,30010.0,6728.0
2017.08.04,30005.0,-175.0,30180.0,30180.0,29925.0,2031.0
2017.08.03,30180.0,-70.0,30200.0,30200.0,30030.0,2468.0
2017.08.02,30250.0,320.0,29930.0,30305.0,29930.0,2678.0
2017.08.01,29930.0,40.0,30135.0,30135.0,29655.0,836.0
2017.07.31,29890.0,80.0,29900.0,30040.0,29830.0,1934.0
2017.07.28,29810.0,-320.0,30130.0,30130.0,29710.0,2879.0
2017.07.27,30130.0,120.0,30010.0,30155.0,30010.0,913.0
2017.07.26,30010.0,65.0,30035.0,30035.0,29940.0,623.0
2017.07.25,29945.0,150.0,29970.0,30020.0,29920.0,672.0
2017.07.24,29795.0,-110.0,30000.0,30000.0,29780.0,2270.0
2017.07.21,29905.0,-235.0,30150.0,30150.0,29885.0,3207.0
2017.07.20,30140.0,390.0,29950.0,30175.0,29945.0,3008.0
2017.07.19,29750.0,75.0,29720.0,29940.0,29690.0,1336.0
2017.07.18,29675.0,-160.0,29835.0,29835.0,29670.0,879.0
2017.07.17,29835.0,135.0,29920.0,29920.0,29700.0,1892.0
2017.07.14,29700.0,-70.0,29770.0,29855.0,29600.0,3137.0
2017.07.13,29770.0,220.0,29850.0,29875.0,29660.0,3561.0
2017.07.12,29550.0,-70.0,29620.0,29655.0,29515.0,456.0
2017.07.11,29620.0,125.0,29500.0,29625.0,29500.0,2135.0
2017.07.10,29495.0,180.0,29845.0,29845.0,29405.0,1487.0
2017.07.07,29315.0,-120.0,29150.0,29850.0,29150.0,2212.0
2017.07.06,29435.0,360.0,29400.0,29575.0,29290.0,3404.0
2017.07.05,29075.0,-45.0,29400.0,29400.0,28975.0,1429.0
2017.07.04,29120.0,-230.0,29350.0,29350.0,28990.0,1836.0
2017.07.03,29350.0,130.0,29550.0,29550.0,29120.0,936.0
2017.06.30,29220.0,-485.0,29645.0,29645.0,29115.0,3952.0
2017.06.29,29705.0,400.0,29700.0,29710.0,29555.0,6298.0
2017.06.28,29305.0,-360.0,29665.0,29665.0,29205.0,2584.0
2017.06.27,29665.0,-260.0,29950.0,29950.0,29645.0,1903.0
2017.06.26,29925.0,100.0,29950.0,29950.0,29700.0,3518.0
2017.06.23,29825.0,-30.0,29855.0,29880.0,29695.0,635.0
2017.06.22,29855.0,310.0,29765.0,29880.0,29715.0,1265.0
2017.06.21,29545.0,-150.0,29700.0,29700.0,29440.0,3197.0
2017.06.20,29695.0,435.0,29485.0,29750.0,29480.0,2610.0
2017.06.19,29260.0,-10.0,29270.0,29270.0,29050.0,2564.0
2017.06.16,29270.0,225.0,29045.0,29365.0,27360.0,2426.0
2017.06.15,29045.0,-210.0,29255.0,29255.0,28940.0,2751.0
2017.06.14,29255.0,-5.0,29285.0,29400.0,29100.0,2083.0
2017.06.13,29260.0,65.0,29195.0,29260.0,29195.0,3057.0
2017.06.12,29195.0,-735.0,29700.0,29700.0,29090.0,4698.0
2017.06.09,29930.0,25.0,29915.0,29930.0,29830.0,2227.0
2017.06.08,29905.0,115.0,29790.0,29990.0,29790.0,1128.0
2017.06.07,29790.0,25.0,29770.0,29790.0,29600.0,1052.0
2017.06.05,29765.0,115.0,29720.0,29790.0,29585.0,3036.0
2017.06.02,29650.0,265.0,29400.0,29650.0,29400.0,3088.0
2017.06.01,29385.0,-30.0,29415.0,29450.0,29345.0,648.0
2017.05.31,29415.0,-75.0,29400.0,29485.0,29345.0,1311.0
2017.05.30,29490.0,55.0,29435.0,29490.0,29310.0,486.0
2017.05.29,29435.0,85.0,29350.0,29435.0,29260.0,1900.0
2017.05.26,29350.0,250.0,29100.0,29350.0,29100.0,2664.0
2017.05.25,29100.0,25.0,29100.0,29100.0,28975.0,1259.0
2017.05.24,29075.0,135.0,29000.0,29090.0,28940.0,399.0
2017.05.23,28940.0,250.0,28705.0,28950.0,28700.0,742.0
2017.05.22,28690.0,-45.0,28950.0,28950.0,28505.0,2193.0
2017.05.19,28735.0,310.0,28390.0,28785.0,28390.0,1872.0
2017.05.18,28425.0,-310.0,28635.0,28635.0,28300.0,3283.0
2017.05.17,28735.0,-65.0,28825.0,28865.0,28680.0,1405.0
2017.05.16,28800.0,-160.0,28900.0,28900.0,28800.0,1701.0
2017.05.15,28960.0,60.0,29000.0,29020.0,28900.0,693.0
2017.05.12,28900.0,-85.0,28985.0,28985.0,28800.0,1763.0
2017.05.11,28985.0,-175.0,29170.0,29170.0,28960.0,1757.0
2017.05.10,29160.0,280.0,28880.0,29160.0,28880.0,1394.0
2017.05.08,28880.0,75.0,28810.0,28955.0,28810.0,787.0
2017.05.04,28805.0,5.0,28750.0,28880.0,28580.0,1584.0
2017.05.02,28800.0,220.0,28950.0,28950.0,28635.0,2421.0
2017.04.28,28580.0,205.0,28400.0,28585.0,28330.0,2769.0
2017.04.27,28375.0,130.0,28245.0,28375.0,28235.0,458.0
2017.04.26,28245.0,130.0,28230.0,28330.0,28090.0,1649.0
2017.04.25,28115.0,45.0,28100.0,28230.0,28075.0,2006.0
2017.04.24,28070.0,105.0,28090.0,28090.0,27935.0,1331.0
2017.04.21,27965.0,80.0,27815.0,28075.0,27815.0,1083.0
2017.04.20,27885.0,45.0,27955.0,27955.0,27840.0,267.0
2017.04.19,27840.0,-90.0,27705.0,27840.0,27700.0,150.0
2017.04.18,27930.0,430.0,27620.0,27930.0,27620.0,961.0
2017.04.17,27500.0,10.0,27900.0,27900.0,27340.0,1542.0
2017.04.14,27490.0,-25.0,27475.0,27525.0,27400.0,356.0
2017.04.13,27515.0,-340.0,27625.0,27675.0,27400.0,1760.0
2017.04.12,27855.0,-225.0,28080.0,28080.0,27845.0,1360.0
2017.04.11,28080.0,50.0,27615.0,28135.0,27615.0,1247.0
2017.04.10,28030.0,280.0,27750.0,28035.0,27750.0,2157.0
2017.04.07,27750.0,190.0,27625.0,27750.0,27620.0,534.0
2017.04.06,27560.0,-40.0,27580.0,27700.0,27480.0,848.0
2017.04.05,27600.0,250.0,27535.0,27600.0,27515.0,647.0
2017.04.04,27350.0,-155.0,27530.0,27530.0,27335.0,410.0
2017.04.03,27505.0,50.0,27530.0,27530.0,27335.0,1147.0
2017.03.31,27455.0,-15.0,27470.0,27530.0,27445.0,501004.0
2017.03.30,27470.0,155.0,27470.0,27470.0,27315.0,1455.0
2017.03.29,27315.0,215.0,27465.0,27470.0,27205.0,1211.0
2017.03.28,27100.0,315.0,27395.0,27395.0,27050.0,236.0
2017.03.27,26785.0,-470.0,27795.0,27795.0,26785.0,1367.0
2017.03.24,27255.0,0.0,27265.0,27295.0,27250.0,87.0
2017.03.23,27255.0,240.0,27255.0,27265.0,27100.0,147.0
2017.03.22,27015.0,-380.0,27210.0,27260.0,26960.0,1184.0
2017.03.21,27395.0,-25.0,27025.0,27395.0,27025.0,1178.0
2017.03.20,27420.0,-310.0,27730.0,27730.0,27350.0,1315.0
2017.03.17,27730.0,-95.0,27825.0,27875.0,27600.0,605.0
2017.03.16,27825.0,-70.0,27740.0,27835.0,27710.0,592.0
2017.03.15,27895.0,-90.0,28100.0,28100.0,27860.0,449.0
2017.03.14,27985.0,100.0,28035.0,28035.0,27890.0,516.0
2017.03.13,27885.0,-235.0,28085.0,28085.0,27885.0,688.0
2017.03.10,28120.0,30.0,28055.0,28230.0,28055.0,310.0
2017.03.09,28090.0,370.0,27770.0,28090.0,27770.0,213.0
2017.03.08,27720.0,-110.0,27375.0,27785.0,27375.0,1415.0
2017.03.07,27830.0,-245.0,28000.0,28035.0,27830.0,1393.0
2017.03.06,28075.0,100.0,27925.0,28075.0,27875.0,317.0
2017.03.03,27975.0,165.0,27760.0,27975.0,27710.0,953.0
2017.03.02,27810.0,475.0,27580.0,27900.0,27580.0,2529.0
2017.02.28,27335.0,-80.0,27345.0,27450.0,27320.0,1009.0
2017.02.27,27415.0,175.0,27290.0,27415.0,27255.0,365.0
2017.02.24,27240.0,-270.0,27295.0,27320.0,27155.0,1081.0
2017.02.23,27510.0,-160.0,27620.0,27620.0,27410.0,2204.0
2017.02.22,27670.0,45.0,27650.0,27670.0,27580.0,271.0
2017.02.21,27625.0,-50.0,27675.0,27675.0,27450.0,1339.0
2017.02.20,27675.0,260.0,27530.0,27680.0,27480.0,1553.0
2017.02.17,27415.0,45.0,27370.0,27415.0,27340.0,2222.0
2017.02.16,27370.0,220.0,27150.0,27370.0,27150.0,281.0
2017.02.15,27150.0,130.0,27210.0,27270.0,27130.0,2625.0
2017.02.14,27020.0,-220.0,27305.0,27305.0,27020.0,844.0
2017.02.13,27240.0,90.0,27200.0,27240.0,27045.0,839.0
2017.02.10,27150.0,260.0,27060.0,27150.0,27025.0,1816.0
2017.02.09,26890.0,20.0,26955.0,26955.0,26800.0,436.0
2017.02.08,26870.0,125.0,26745.0,26870.0,26745.0,162.0
2017.02.07,26745.0,210.0,26535.0,26780.0,26535.0,994.0
2017.02.06,26535.0,-160.0,26720.0,26720.0,26470.0,1655.0
2017.02.03,26695.0,100.0,27370.0,27370.0,26075.0,2366.0
2017.02.02,26595.0,-255.0,26810.0,26830.0,26550.0,1460.0
2017.02.01,26850.0,-10.0,26860.0,26860.0,26715.0,438.0
2017.01.31,26860.0,-190.0,27050.0,27100.0,26850.0,1483.0
2017.01.26,27050.0,140.0,26960.0,27070.0,26900.0,1101.0
2017.01.25,26910.0,285.0,26860.0,26995.0,26805.0,164.0
2017.01.24,26625.0,75.0,26625.0,26670.0,26600.0,598.0
2017.01.23,26550.0,-220.0,27040.0,27040.0,26550.0,525.0
2017.01.20,26770.0,-85.0,27040.0,27040.0,26710.0,1806.0
2017.01.19,26855.0,260.0,26635.0,26940.0,26585.0,1073.0
2017.01.18,26595.0,-210.0,26750.0,26750.0,26520.0,867.0
2017.01.17,26805.0,-105.0,26910.0,27075.0,26805.0,1140.0
2017.01.16,26910.0,75.0,26855.0,26910.0,26855.0,130.0
2017.01.13,26835.0,-130.0,26870.0,26900.0,26810.0,206.0
2017.01.12,26965.0,-270.0,27285.0,27285.0,26905.0,1270.0
2017.01.11,27235.0,230.0,26965.0,27315.0,26965.0,242.0
2017.01.10,27005.0,-295.0,27245.0,27245.0,27000.0,1892.0
2017.01.09,27300.0,660.0,26690.0,27300.0,26690.0,737.0
2017.01.06,26640.0,135.0,26485.0,26700.0,26480.0,319.0
2017.01.05,26505.0,-310.0,26690.0,26690.0,26505.0,897.0
2017.01.04,26815.0,80.0,26785.0,26835.0,26700.0,1068.0
2017.01.03,26735.0,70.0,26665.0,26735.0,26540.0,1955.0
2017.01.02,26665.0,-125.0,26810.0,26810.0,26485.0,578.0
2016.12.29,26790.0,-340.0,27080.0,27080.0,26790.0,787.0
2016.12.28,27130.0,170.0,26960.0,27140.0,26960.0,3360.0
2016.12.27,26960.0,185.0,27200.0,27200.0,26740.0,663.0
2016.12.26,26775.0,-5.0,27560.0,27560.0,26620.0,1632.0
2016.12.23,26780.0,0.0,26830.0,26830.0,26720.0,680.0
2016.12.22,26780.0,105.0,26625.0,26780.0,26610.0,332.0
2016.12.21,26675.0,190.0,26485.0,26730.0,26485.0,327.0
2016.12.20,26485.0,145.0,26140.0,26610.0,26140.0,292.0
2016.12.19,26340.0,-70.0,26385.0,26385.0,26295.0,2375.0
2016.12.16,26410.0,185.0,26130.0,26420.0,26130.0,733.0
2016.12.15,26225.0,110.0,26115.0,26325.0,26115.0,394.0
2016.12.14,26115.0,400.0,25720.0,26115.0,25720.0,705.0
2016.12.13,25715.0,-65.0,25780.0,25780.0,25520.0,483.0
2016.12.12,25780.0,170.0,25740.0,25935.0,25660.0,502.0
2016.12.09,25610.0,125.0,25445.0,25610.0,25395.0,361.0
2016.12.08,25485.0,180.0,25470.0,25490.0,25305.0,342.0
2016.12.07,25305.0,65.0,25250.0,25375.0,25240.0,846.0
2016.12.06,25240.0,155.0,25200.0,25265.0,25200.0,166.0
2016.12.05,25085.0,45.0,25790.0,25790.0,24910.0,7423.0
2016.12.02,25040.0,-330.0,25085.0,25085.0,24790.0,3393.0
2016.12.01,25370.0,-390.0,25760.0,25760.0,25370.0,342.0
2016.11.30,25760.0,110.0,25650.0,25760.0,25625.0,2309.0
2016.11.29,25650.0,-100.0,25750.0,25750.0,25520.0,80.0
2016.11.28,25750.0,-135.0,25755.0,25755.0,25630.0,871.0
2016.11.25,25885.0,0.0,25885.0,25980.0,25800.0,374.0
2016.11.24,25885.0,-50.0,25890.0,25925.0,25820.0,599.0
2016.11.23,25935.0,60.0,25885.0,25935.0,25805.0,430.0
2016.11.22,25875.0,115.0,25700.0,25875.0,25700.0,288.0
2016.11.21,25760.0,20.0,25710.0,25760.0,25560.0,425.0
2016.11.18,25740.0,240.0,25600.0,25775.0,25600.0,863.0
2016.11.17,25500.0,300.0,25200.0,25500.0,25200.0,1562.0
2016.11.16,25200.0,320.0,25400.0,25400.0,25065.0,1325.0
2016.11.15,24880.0,-395.0,25275.0,25275.0,24640.0,1881.0
2016.11.14,25275.0,410.0,24865.0,25290.0,24865.0,1250.0
2016.11.11,24865.0,-380.0,25300.0,25300.0,24705.0,1110.0
2016.11.10,25245.0,1470.0,24600.0,25245.0,24600.0,1395.0
2016.11.09,23775.0,-670.0,24040.0,24600.0,23750.0,1727.0
2016.11.08,24445.0,20.0,24565.0,24565.0,24410.0,2125.0
2016.11.07,24425.0,245.0,24325.0,24440.0,24305.0,1172.0
2016.11.04,24180.0,80.0,24300.0,24300.0,24110.0,49.0
2016.11.03,24100.0,-425.0,24390.0,24390.0,24100.0,1487.0
2016.11.02,24525.0,-270.0,24800.0,24800.0,24510.0,1343.0
2016.11.01,24795.0,-115.0,24910.0,24910.0,24700.0,759.0
2016.10.31,24910.0,-40.0,24825.0,24910.0,24675.0,49.0
2016.10.28,24950.0,0.0,25000.0,25040.0,24950.0,14511.0
2016.10.27,24950.0,55.0,24655.0,24950.0,24655.0,186.0
2016.10.26,24895.0,-275.0,24870.0,24900.0,24750.0,346.0
2016.10.25,25170.0,370.0,24900.0,25255.0,24900.0,2243.0
2016.10.24,24800.0,140.0,24765.0,24895.0,24765.0,2135.0
2016.10.21,24660.0,140.0,24500.0,24700.0,24500.0,13417.0
2016.10.20,24520.0,105.0,24565.0,24565.0,24520.0,110.0
2016.10.19,24415.0,-160.0,24575.0,24575.0,24415.0,644.0
2016.10.18,24575.0,-75.0,24590.0,24625.0,24485.0,443.0
2016.10.17,24650.0,50.0,24660.0,24675.0,24580.0,255.0
2016.10.14,24600.0,150.0,24450.0,24600.0,24355.0,389.0
2016.10.13,24450.0,-35.0,24540.0,24540.0,24300.0,689.0
2016.10.12,24485.0,-175.0,24700.0,24700.0,24450.0,198.0
2016.10.11,24660.0,375.0,24285.0,24660.0,24285.0,4016.0
2016.10.10,24285.0,-95.0,24400.0,24430.0,24255.0,487.0
2016.10.07,24380.0,-75.0,24455.0,24480.0,24345.0,179.0
2016.10.06,24455.0,55.0,24400.0,24520.0,24400.0,2605.0
2016.10.05,24400.0,215.0,24310.0,24400.0,24310.0,791.0
2016.10.04,24185.0,285.0,24200.0,24255.0,24140.0,1353.0
2016.09.30,23900.0,-300.0,24000.0,24000.0,23850.0,340.0
2016.09.29,24200.0,200.0,24115.0,24200.0,24100.0,284.0
2016.09.28,24000.0,-5.0,24080.0,24080.0,23990.0,988.0
2016.09.27,24005.0,-190.0,24155.0,24160.0,23960.0,543.0
2016.09.26,24195.0,-150.0,24850.0,24850.0,24130.0,144.0
2016.09.23,24345.0,190.0,24230.0,24350.0,24230.0,578.0
2016.09.22,24155.0,-195.0,24350.0,24400.0,24010.0,784.0
2016.09.21,24350.0,175.0,24170.0,24350.0,24095.0,741.0
2016.09.20,24175.0,-130.0,24305.0,24305.0,24135.0,61.0
2016.09.19,24305.0,320.0,24000.0,24380.0,23985.0,637.0
2016.09.13,23985.0,655.0,23600.0,23985.0,23600.0,1176.0
2016.09.12,23330.0,-450.0,23780.0,23780.0,23270.0,1200.0
2016.09.09,23780.0,-65.0,23830.0,23830.0,23730.0,813.0
2016.09.08,23845.0,70.0,23750.0,23860.0,23750.0,50.0
2016.09.07,23775.0,-170.0,24200.0,24200.0,23770.0,375.0
2016.09.06,23945.0,-55.0,24400.0,24400.0,23880.0,193.0
2016.09.05,24000.0,-140.0,24140.0,24140.0,24000.0,711.0
2016.09.02,24140.0,-75.0,24215.0,24215.0,24090.0,432.0
2016.09.01,24215.0,155.0,24060.0,24215.0,24035.0,1677.0
2016.08.31,24060.0,-130.0,24120.0,24130.0,24050.0,313.0
2016.08.30,24190.0,-45.0,24255.0,24255.0,24075.0,392.0
2016.08.29,24235.0,295.0,23940.0,24235.0,23940.0,2172.0
2016.08.26,23940.0,-160.0,24095.0,24095.0,23915.0,239.0
2016.08.25,24100.0,-175.0,24225.0,24225.0,24100.0,123.0
2016.08.24,24275.0,35.0,24165.0,24400.0,24165.0,298.0
2016.08.23,24240.0,-25.0,24170.0,24295.0,24170.0,469.0
2016.08.22,24265.0,75.0,24190.0,24320.0,24190.0,905.0
2016.08.19,24190.0,225.0,23805.0,24200.0,23805.0,482.0
2016.08.18,23965.0,45.0,23920.0,24000.0,23840.0,899.0
2016.08.17,23920.0,170.0,23720.0,23980.0,23650.0,496.0
2016.08.16,23750.0,-20.0,23770.0,23790.0,23745.0,401.0
2016.08.12,23770.0,90.0,23680.0,23805.0,23680.0,833.0
2016.08.11,23680.0,10.0,23605.0,23770.0,23570.0,162.0
2016.08.10,23670.0,-155.0,23930.0,23930.0,23605.0,732.0
2016.08.09,23825.0,-90.0,23700.0,23900.0,23700.0,1029.0
2016.08.08,23915.0,230.0,24010.0,24025.0,23900.0,749.0
2016.08.05,23685.0,25.0,23675.0,23720.0,23675.0,817.0
2016.08.04,23660.0,25.0,23695.0,23695.0,23605.0,395.0
2016.08.03,23635.0,-185.0,23675.0,23685.0,23550.0,845.0
2016.08.02,23820.0,85.0,23680.0,23895.0,23680.0,234.0
2016.08.01,23735.0,10.0,23725.0,23795.0,23635.0,492.0
2016.07.29,23725.0,-105.0,23830.0,23945.0,23725.0,1447.0
2016.07.28,23830.0,-170.0,24000.0,24000.0,23830.0,617.0
2016.07.27,24000.0,85.0,23915.0,24000.0,23905.0,1282.0
2016.07.26,23915.0,50.0,23315.0,23970.0,23315.0,1361.0
2016.07.25,23865.0,160.0,23790.0,23985.0,23790.0,769.0
2016.07.22,23705.0,-165.0,23705.0,23810.0,23705.0,960.0
2016.07.21,23870.0,235.0,23860.0,23965.0,23860.0,533.0
2016.07.20,23635.0,-40.0,23665.0,23675.0,23600.0,477.0
2016.07.19,23675.0,230.0,23575.0,23675.0,23575.0,247.0
2016.07.18,23445.0,-20.0,23470.0,23555.0,23405.0,98.0
2016.07.15,23465.0,5.0,23460.0,23475.0,23355.0,90.0
2016.07.14,23460.0,-145.0,23575.0,23575.0,23440.0,291.0
2016.07.13,23605.0,30.0,23600.0,23615.0,23520.0,567.0
2016.07.12,23575.0,125.0,23510.0,23575.0,23470.0,387.0
2016.07.11,23450.0,230.0,23230.0,23450.0,23230.0,737.0
2016.07.08,23220.0,65.0,22855.0,23305.0,22855.0,789.0
2016.07.07,23155.0,155.0,23100.0,23175.0,23080.0,205.0
2016.07.06,23000.0,40.0,22960.0,23000.0,22915.0,1530.0
2016.07.05,22960.0,25.0,22935.0,22980.0,22935.0,266.0
2016.07.04,22935.0,165.0,22770.0,22935.0,22770.0,125.0
2016.07.01,22770.0,135.0,22800.0,22800.0,22770.0,429.0
2016.06.30,22635.0,130.0,22800.0,22800.0,22605.0,1590.0
2016.06.29,22505.0,75.0,22465.0,22575.0,22465.0,1909.0
2016.06.28,22430.0,-250.0,22505.0,22510.0,22390.0,1989.0
2016.06.27,22680.0,120.0,22800.0,22800.0,22535.0,1585.0
2016.06.24,22560.0,-345.0,22975.0,23015.0,22410.0,3099.0
2016.06.23,22905.0,-20.0,22925.0,22930.0,22870.0,30425.0
2016.06.22,22925.0,-35.0,22935.0,22935.0,22870.0,341.0
2016.06.21,22960.0,-150.0,23525.0,23525.0,22950.0,561.0
2016.06.20,23110.0,-255.0,23155.0,23190.0,23105.0,1819.0
2016.06.17,23365.0,260.0,23325.0,23400.0,23265.0,991.0
2016.06.16,23105.0,-270.0,23220.0,23220.0,23065.0,1320.0
2016.06.15,23375.0,55.0,23350.0,23450.0,23350.0,951.0
2016.06.14,23320.0,-155.0,23345.0,23345.0,23270.0,4125.0
2016.06.13,23475.0,-110.0,23460.0,23490.0,23425.0,626.0
2016.06.10,23585.0,120.0,23465.0,23605.0,23465.0,1885.0
2016.06.09,23465.0,-20.0,23785.0,23785.0,23440.0,2400.0
2016.06.08,23485.0,-220.0,23520.0,23535.0,23435.0,1262.0
2016.06.07,23705.0,-445.0,24255.0,24255.0,23675.0,1728.0
2016.06.03,24150.0,70.0,24850.0,24850.0,24140.0,1414.0
2016.06.02,24080.0,-250.0,24235.0,24260.0,24080.0,1619.0
2016.06.01,24330.0,20.0,24470.0,24470.0,24195.0,2028.0
2016.05.31,24310.0,30.0,24090.0,24310.0,24090.0,3852.0
2016.05.30,24280.0,430.0,24000.0,24295.0,24000.0,2650.0
2016.05.27,23850.0,60.0,23790.0,23855.0,23790.0,2731.0
2016.05.26,23790.0,55.0,23770.0,23850.0,23730.0,1656.0
2016.05.25,23735.0,415.0,23745.0,23830.0,23705.0,1296.0
2016.05.24,23320.0,90.0,23230.0,23320.0,23230.0,573.0
2016.05.23,23230.0,15.0,23220.0,23270.0,23215.0,287.0
2016.05.20,23215.0,0.0,23215.0,23215.0,22975.0,324.0
2016.05.19,23215.0,215.0,23240.0,23280.0,23205.0,308.0
2016.05.18,23000.0,-75.0,23000.0,23025.0,22975.0,37.0
2016.05.17,23075.0,200.0,23000.0,23105.0,23000.0,231.0
2016.05.16,22875.0,90.0,22845.0,22900.0,22845.0,174.0
2016.05.13,22785.0,-80.0,22995.0,22995.0,22720.0,352.0
2016.05.12,22865.0,-215.0,22895.0,22910.0,22850.0,116.0
2016.05.11,23080.0,100.0,23000.0,23150.0,23000.0,1860.0
2016.05.10,22980.0,250.0,22865.0,23000.0,22865.0,762.0
2016.05.09,22730.0,210.0,22745.0,22745.0,22595.0,822.0
2016.05.04,22520.0,160.0,22425.0,22520.0,22425.0,294.0
2016.05.03,22360.0,160.0,22600.0,22600.0,22300.0,1913.0
2016.05.02,22200.0,-185.0,22300.0,22320.0,22190.0,1563.0
2016.04.29,22385.0,-180.0,22375.0,22470.0,22230.0,2143.0
2016.04.28,22565.0,-205.0,22770.0,22850.0,22565.0,3498.0
2016.04.27,22770.0,-340.0,22800.0,22810.0,22650.0,1172.0
2016.04.26,23110.0,0.0,23090.0,23210.0,23090.0,31.0
2016.04.25,23110.0,-115.0,23375.0,23375.0,23060.0,1121.0
2016.04.22,23225.0,30.0,23400.0,23400.0,23210.0,30.0
2016.04.21,23195.0,105.0,23075.0,23195.0,23075.0,241.0
2016.04.20,23090.0,-330.0,23045.0,23090.0,22955.0,1300.0
2016.04.19,23420.0,65.0,23485.0,23540.0,23360.0,601.0
2016.04.18,23355.0,-165.0,23450.0,23450.0,23325.0,165.0
2016.04.15,23520.0,-130.0,23640.0,23640.0,23510.0,236.0
2016.04.14,23650.0,715.0,23570.0,23650.0,23450.0,1820.0
2016.04.12,22935.0,-165.0,23100.0,23100.0,22890.0,674.0
2016.04.11,23100.0,-170.0,23145.0,23150.0,23030.0,362.0
2016.04.08,23270.0,-235.0,23375.0,23375.0,23260.0,465.0
2016.04.07,23505.0,165.0,23555.0,23600.0,23440.0,999.0
2016.04.06,23340.0,-40.0,23400.0,23405.0,23275.0,240.0
2016.04.05,23380.0,-15.0,23930.0,23930.0,23360.0,491.0
2016.04.04,23395.0,255.0,23290.0,23400.0,23290.0,2073.0
2016.04.01,23140.0,85.0,23005.0,23140.0,22995.0,2347.0
2016.03.31,23055.0,-95.0,23125.0,23125.0,23050.0,1521.0
2016.03.30,23150.0,140.0,23400.0,23400.0,23095.0,725.0
2016.03.29,23010.0,-185.0,23045.0,23060.0,22995.0,1993.0
2016.03.28,23195.0,-35.0,23245.0,23295.0,23195.0,270.0
2016.03.25,23230.0,160.0,23075.0,23230.0,23075.0,472.0
2016.03.24,23070.0,-75.0,23145.0,23145.0,23045.0,96.0
2016.03.23,23145.0,175.0,23090.0,23145.0,23055.0,375.0
2016.03.22,22970.0,-45.0,23150.0,23190.0,22920.0,387.0
2016.03.21,23015.0,5.0,23400.0,23400.0,22960.0,498.0
2016.03.18,23010.0,-280.0,23400.0,23400.0,22920.0,1645.0
2016.03.17,23290.0,-140.0,23225.0,23380.0,23225.0,2124.0
2016.03.16,23430.0,150.0,23445.0,23470.0,23395.0,219.0
2016.03.15,23280.0,15.0,23380.0,23380.0,23240.0,423.0
2016.03.14,23265.0,70.0,23665.0,23665.0,23185.0,1365.0
2016.03.11,23195.0,-35.0,23400.0,23400.0,23160.0,542.0
2016.03.10,23230.0,-160.0,23400.0,23400.0,23225.0,557.0
2016.03.09,23390.0,125.0,23210.0,23395.0,23210.0,198.0
2016.03.08,23265.0,-75.0,23260.0,23275.0,23200.0,911.0
2016.03.07,23340.0,-85.0,23470.0,23470.0,23275.0,528.0
2016.03.04,23425.0,-350.0,23800.0,23800.0,23425.0,1348.0
2016.03.03,23775.0,-245.0,23840.0,23840.0,23750.0,2533.0
2016.03.02,24020.0,625.0,23900.0,24135.0,23875.0,682.0
2016.02.29,23395.0,-230.0,23795.0,23795.0,23395.0,1008.0
2016.02.26,23625.0,230.0,23400.0,23625.0,23400.0,348.0
2016.02.25,23395.0,345.0,23355.0,23395.0,23355.0,493.0
2016.02.24,23050.0,-220.0,23100.0,23115.0,23015.0,27.0
2016.02.23,23270.0,65.0,23355.0,23360.0,23260.0,316.0
2016.02.22,23205.0,100.0,23100.0,23235.0,23100.0,684.0
2016.02.19,23105.0,-80.0,23195.0,23195.0,23000.0,664.0
2016.02.18,23185.0,685.0,22800.0,23255.0,22800.0,871.0
2016.02.17,22500.0,-65.0,22610.0,22625.0,22470.0,703.0
2016.02.16,22565.0,410.0,22220.0,22565.0,22220.0,813.0
2016.02.15,22155.0,545.0,22000.0,22155.0,21960.0,216.0
2016.02.12,21610.0,285.0,21410.0,21670.0,21410.0,424.0
2016.02.11,21325.0,-1040.0,22365.0,22365.0,21100.0,1733.0
2016.02.05,22365.0,-280.0,22245.0,22415.0,22220.0,601.0
2016.02.04,22645.0,-220.0,22575.0,22690.0,22535.0,168.0
2016.02.03,22865.0,-105.0,22820.0,22865.0,22640.0,512.0
2016.02.02,22970.0,-20.0,23030.0,23030.0,22960.0,329.0
2016.02.01,22990.0,305.0,22740.0,23205.0,22740.0,1637.0
2016.01.29,22685.0,130.0,22800.0,22870.0,22620.0,69.0
2016.01.28,22555.0,-175.0,22500.0,22590.0,22480.0,429.0
2016.01.27,22730.0,90.0,22625.0,22730.0,22605.0,213.0
2016.01.26,22640.0,-160.0,22985.0,22985.0,22575.0,96.0
2016.01.25,22800.0,200.0,22700.0,22915.0,22700.0,759.0
2016.01.22,22600.0,130.0,22450.0,22600.0,22400.0,457.0
2016.01.21,22470.0,315.0,22215.0,22685.0,22215.0,356.0
2016.01.20,22155.0,-515.0,23000.0,23000.0,22155.0,1201.0
2016.01.19,22670.0,65.0,22535.0,22670.0,22500.0,142.0
2016.01.18,22605.0,-525.0,23000.0,23000.0,22500.0,2089.0
2016.01.15,23130.0,250.0,23200.0,23200.0,22990.0,585.0
2016.01.14,22880.0,-760.0,23305.0,23305.0,22665.0,1392.0
2016.01.13,23640.0,475.0,23520.0,23675.0,23520.0,839.0
2016.01.12,23165.0,-5.0,23200.0,23275.0,23165.0,1755.0
2016.01.11,23170.0,-225.0,23610.0,23610.0,22995.0,754.0
2016.01.08,23395.0,-185.0,23230.0,23445.0,23120.0,1437.0
2016.01.07,23580.0,-335.0,23960.0,23960.0,23580.0,312.0
2016.01.06,23915.0,-105.0,23980.0,23980.0,23730.0,596.0
2016.01.05,24020.0,-220.0,24240.0,24240.0,23935.0,3163.0
2016.01.04,24240.0,-455.0,24695.0,24695.0,24130.0,13476.0
2015.12.30,24695.0,405.0,24395.0,24710.0,24395.0,151.0
2015.12.29,24290.0,50.0,24200.0,24290.0,24190.0,100.0
2015.12.28,24240.0,-10.0,24250.0,24260.0,24180.0,839.0
2015.12.24,24250.0,95.0,24415.0,24415.0,24235.0,265.0
2015.12.23,24155.0,90.0,24590.0,24590.0,24085.0,281.0
2015.12.22,24065.0,55.0,24570.0,24570.0,24040.0,680.0
2015.12.21,24010.0,-370.0,23970.0,24010.0,23930.0,277.0
2015.12.18,24380.0,-275.0,24460.0,24460.0,24350.0,476.0
2015.12.17,24655.0,305.0,24600.0,24675.0,24580.0,78.0
2015.12.16,24350.0,40.0,24285.0,24360.0,24285.0,580.0
2015.12.15,24310.0,65.0,24410.0,24410.0,24280.0,1277.0
2015.12.14,24245.0,-405.0,24220.0,24245.0,24180.0,244.0
2015.12.11,24650.0,40.0,24610.0,24650.0,24610.0,270.0
2015.12.10,24610.0,-310.0,24505.0,24610.0,24440.0,37.0
2015.12.09,24920.0,220.0,24835.0,24920.0,24835.0,57.0
2015.12.08,24700.0,20.0,24700.0,24700.0,24600.0,517.0
2015.12.07,24680.0,715.0,24555.0,24680.0,24555.0,1839.0
2015.12.04,23965.0,-595.0,23945.0,24010.0,23910.0,2480.0
2015.12.03,24560.0,-40.0,24600.0,24630.0,24560.0,505.0
2015.12.02,24600.0,210.0,24700.0,24700.0,23850.0,1551.0
2015.12.01,24390.0,90.0,24375.0,24400.0,24320.0,308.0
2015.11.30,24300.0,105.0,24255.0,24335.0,24250.0,245.0
2015.11.27,24195.0,100.0,24200.0,24200.0,24150.0,704.0
2015.11.26,24095.0,95.0,24005.0,24095.0,24005.0,531.0
2015.11.25,24000.0,-195.0,24030.0,24070.0,23930.0,368.0
2015.11.24,24195.0,-205.0,24300.0,24300.0,24175.0,861.0
2015.11.23,24400.0,285.0,24475.0,24475.0,24315.0,99.0
2015.11.20,24115.0,-180.0,23970.0,24205.0,23970.0,517.0
2015.11.19,24295.0,375.0,24315.0,24370.0,24240.0,194.0
2015.11.18,23920.0,-75.0,24010.0,24050.0,23920.0,253.0
2015.11.17,23995.0,430.0,23920.0,24005.0,23920.0,1007.0
2015.11.16,23565.0,-320.0,23560.0,23595.0,23500.0,167.0
2015.11.13,23885.0,-220.0,23375.0,24440.0,23375.0,385.0
2015.11.12,24105.0,125.0,24590.0,24590.0,23960.0,104.0
2015.11.11,23980.0,-230.0,24150.0,24150.0,23980.0,424.0
2015.11.10,24210.0,-250.0,24000.0,24240.0,24000.0,449.0
2015.11.09,24460.0,525.0,23650.0,24460.0,23650.0,1332.0
2015.11.06,23935.0,-90.0,23715.0,23995.0,23715.0,120.0
2015.11.05,24025.0,160.0,23955.0,24025.0,23955.0,240.0
2015.11.04,23865.0,65.0,23380.0,23900.0,23380.0,2395.0
2015.11.03,23800.0,230.0,23885.0,23890.0,23745.0,207.0
2015.11.02,23570.0,-290.0,23500.0,23715.0,23500.0,2546.0
2015.10.30,23860.0,135.0,23500.0,23860.0,23500.0,1762.0
2015.10.29,23725.0,245.0,23575.0,23815.0,23575.0,375.0
2015.10.28,23480.0,210.0,23485.0,23505.0,23480.0,46.0
2015.10.27,23270.0,-105.0,23350.0,23405.0,23270.0,111.0
2015.10.26,23375.0,585.0,23360.0,23510.0,23315.0,1007.0
2015.10.23,22790.0,340.0,22835.0,22845.0,22660.0,110.0
2015.10.22,22450.0,-145.0,22425.0,22575.0,22425.0,171.0
2015.10.21,22595.0,75.0,22520.0,22595.0,22330.0,1016.0
2015.10.20,22520.0,250.0,22440.0,22945.0,22175.0,20431.0
2015.10.19,22270.0,-115.0,22420.0,22420.0,22215.0,300.0
2015.10.16,22385.0,175.0,22295.0,22390.0,22295.0,62.0
2015.10.15,22210.0,-115.0,22310.0,22310.0,22200.0,124.0
2015.10.14,22325.0,-190.0,22310.0,22450.0,22310.0,594.0
2015.10.13,22515.0,80.0,22540.0,22540.0,22465.0,78.0
2015.10.12,22435.0,70.0,22590.0,22590.0,22410.0,36.0
2015.10.08,22365.0,-155.0,22600.0,22600.0,22365.0,150.0
2015.10.07,22520.0,-40.0,22540.0,22560.0,22345.0,45.0
2015.10.06,22560.0,85.0,22690.0,22690.0,22560.0,18.0
2015.10.05,22475.0,270.0,22490.0,22585.0,22325.0,569.0
2015.10.02,22205.0,-105.0,22205.0,22255.0,22190.0,66.0
2015.10.01,22310.0,410.0,22105.0,22330.0,22105.0,619.0
2015.09.30,21900.0,-955.0,21865.0,21985.0,21810.0,3067.0
2015.09.25,22855.0,90.0,22830.0,22885.0,22830.0,597.0
2015.09.24,22765.0,185.0,22835.0,22920.0,22765.0,56.0
2015.09.23,22580.0,-310.0,22620.0,22620.0,22555.0,25.0
2015.09.22,22890.0,190.0,22835.0,22895.0,22745.0,251.0
2015.09.21,22700.0,-185.0,22680.0,22700.0,22505.0,128.0
2015.09.18,22885.0,40.0,22935.0,23030.0,22885.0,286.0
2015.09.17,22845.0,-110.0,22965.0,22965.0,22845.0,1188.0
2015.09.16,22955.0,120.0,23080.0,23080.0,22955.0,2069.0
2015.09.15,22835.0,-115.0,22890.0,22890.0,22770.0,5294.0
2015.09.14,22950.0,80.0,22895.0,22950.0,22880.0,571.0
2015.09.11,22870.0,0.0,22870.0,22870.0,22870.0,1000.0
2015.09.10,22870.0,-265.0,22725.0,22870.0,22710.0,167.0
2015.09.09,23135.0,555.0,23050.0,23160.0,22990.0,227.0
2015.09.08,22580.0,-75.0,22800.0,22800.0,22580.0,95.0
2015.09.07,22655.0,245.0,22485.0,22800.0,22485.0,753.0
2015.09.04,22410.0,-230.0,22675.0,22675.0,22355.0,201.0
2015.09.03,22640.0,540.0,22455.0,22685.0,22455.0,600.0
2015.09.02,22100.0,115.0,21790.0,22100.0,21790.0,17277.0
2015.09.01,21985.0,-780.0,22700.0,22700.0,21985.0,4745.0
2015.08.31,22765.0,60.0,22760.0,22770.0,22625.0,1432.0
2015.08.28,22705.0,290.0,22940.0,22940.0,22650.0,3958.0
2015.08.27,22415.0,780.0,22195.0,22500.0,22195.0,5794.0
2015.08.26,21635.0,-175.0,21550.0,21660.0,21115.0,3592.0
2015.08.25,21810.0,160.0,21750.0,22090.0,21720.0,2751.0
2015.08.24,21650.0,-1665.0,22595.0,22595.0,21520.0,9104.0
2015.08.21,23315.0,-630.0,23215.0,23370.0,23215.0,291.0
2015.08.20,23945.0,-90.0,23805.0,24015.0,23805.0,86.0
2015.08.19,24035.0,-185.0,24020.0,24100.0,24015.0,75.0
2015.08.18,24220.0,245.0,24210.0,24240.0,24185.0,579.0
2015.08.17,23975.0,120.0,23870.0,23975.0,23870.0,34.0
2015.08.13,23855.0,-50.0,24080.0,24080.0,23720.0,428.0
2015.08.12,23905.0,-145.0,23835.0,23955.0,23835.0,836.0
2015.08.11,24050.0,435.0,23765.0,24055.0,23740.0,810.0
2015.08.10,23615.0,-85.0,23555.0,23650.0,23555.0,401.0
2015.08.07,23700.0,-235.0,23595.0,23700.0,23535.0,114.0
2015.08.06,23935.0,-95.0,24150.0,24150.0,23935.0,1473.0
2015.08.05,24030.0,135.0,23790.0,24060.0,23790.0,997.0
2015.08.04,23895.0,5.0,23885.0,23955.0,23885.0,197.0
2015.08.03,23890.0,-190.0,24020.0,24020.0,23805.0,769.0
2015.07.31,24080.0,125.0,24040.0,24095.0,23985.0,649.0
2015.07.30,23955.0,330.0,23685.0,23955.0,23685.0,389.0
2015.07.29,23625.0,25.0,23590.0,23625.0,23575.0,231.0
2015.07.28,23600.0,-210.0,23580.0,23650.0,23565.0,1273.0
2015.07.27,23810.0,-280.0,23795.0,23925.0,23725.0,729.0
2015.07.24,24090.0,-95.0,23935.0,24095.0,23935.0,553.0
2015.07.23,24185.0,390.0,24075.0,24185.0,24025.0,128.0
2015.07.22,23795.0,-500.0,24220.0,24220.0,23785.0,412.0
2015.07.21,24295.0,245.0,24175.0,24295.0,24175.0,928.0
2015.07.20,24050.0,445.0,23965.0,24065.0,23965.0,1070.0
2015.07.17,23605.0,315.0,23555.0,23675.0,23555.0,1879.0
2015.07.16,23290.0,160.0,23040.0,23290.0,23040.0,223.0
2015.07.15,23130.0,145.0,23085.0,23130.0,23055.0,731.0
2015.07.14,22985.0,655.0,22710.0,22985.0,22005.0,1097.0
2015.07.13,22330.0,90.0,22020.0,22385.0,22020.0,13253.0
2015.07.10,22240.0,-15.0,22155.0,22245.0,22130.0,472.0
2015.07.09,22255.0,-105.0,22090.0,22285.0,22090.0,245.0
2015.07.08,22360.0,-25.0,22200.0,22450.0,22200.0,567.0
2015.07.07,22385.0,305.0,22270.0,22400.0,22270.0,258.0
2015.07.06,22080.0,-175.0,22235.0,22235.0,22010.0,309.0
2015.07.03,22255.0,15.0,22240.0,22255.0,22125.0,504.0
2015.07.02,22240.0,205.0,22105.0,22295.0,22105.0,433.0
2015.07.01,22035.0,110.0,21850.0,22125.0,21850.0,576.0
2015.06.30,21925.0,-335.0,21935.0,21995.0,21880.0,402.0
2015.06.29,22260.0,-210.0,22365.0,22365.0,22180.0,332.0
2015.06.26,22470.0,-25.0,22475.0,22520.0,22435.0,828.0
2015.06.25,22495.0,-65.0,22325.0,22560.0,22325.0,254.0
2015.06.24,22560.0,20.0,22415.0,22560.0,22415.0,69.0
2015.06.23,22540.0,355.0,22450.0,22540.0,22375.0,245.0
2015.06.22,22185.0,-210.0,22700.0,22700.0,22165.0,397.0
2015.06.19,22395.0,310.0,22335.0,22400.0,22335.0,70.0
2015.06.18,22085.0,-215.0,22275.0,22275.0,22080.0,152.0
2015.06.17,22300.0,160.0,22315.0,22315.0,22245.0,93.0
2015.06.16,22140.0,-60.0,22150.0,22150.0,22090.0,657.0
2015.06.15,22200.0,-155.0,22025.0,22200.0,22025.0,119.0
2015.06.12,22355.0,135.0,22625.0,22625.0,22200.0,640.0
2015.06.11,22220.0,235.0,22270.0,22335.0,22135.0,182.0
2015.06.10,21985.0,-215.0,22205.0,22215.0,21985.0,231.0
2015.06.09,22200.0,-235.0,22205.0,22205.0,22150.0,1008.0
2015.06.08,22435.0,185.0,22395.0,22455.0,22350.0,1340.0
2015.06.05,22250.0,-165.0,22330.0,22345.0,22250.0,147.0
2015.06.04,22415.0,115.0,22320.0,22435.0,22320.0,686.0
2015.06.03,22300.0,-175.0,22320.0,22380.0,22245.0,282.0
2015.06.02,22475.0,35.0,22005.0,22610.0,22005.0,342.0
2015.06.01,22440.0,-45.0,22000.0,22505.0,22000.0,166.0
2015.05.29,22485.0,5.0,22430.0,22485.0,22410.0,162.0
2015.05.28,22480.0,370.0,22500.0,22565.0,22475.0,292.0
2015.05.27,22110.0,-140.0,22150.0,22150.0,21800.0,282.0
2015.05.26,22250.0,150.0,22075.0,22250.0,22065.0,830.0
2015.05.22,22100.0,145.0,22130.0,22135.0,22040.0,385.0
2015.05.21,21955.0,-100.0,22025.0,22025.0,21955.0,97.0
2015.05.20,22055.0,70.0,22010.0,22075.0,22000.0,160.0
2015.05.19,21985.0,185.0,21975.0,22060.0,21955.0,519.0
2015.05.18,21800.0,-20.0,21810.0,21810.0,21800.0,77.0
2015.05.15,21820.0,230.0,21850.0,21965.0,21805.0,205.0
2015.05.14,21590.0,-135.0,21665.0,21665.0,21590.0,52.0
2015.05.13,21725.0,30.0,21610.0,21775.0,21610.0,51.0
2015.05.12,21695.0,-90.0,21760.0,21760.0,21685.0,901.0
2015.05.11,21785.0,385.0,21630.0,21785.0,21630.0,1377.0
2015.05.08,21400.0,90.0,21530.0,21540.0,21400.0,100.0
2015.05.07,21310.0,50.0,21115.0,21310.0,21115.0,1670.0
2015.05.06,21260.0,-315.0,21315.0,21345.0,21260.0,489.0
2015.05.04,21575.0,155.0,21420.0,21585.0,21420.0,498.0
2015.04.30,21420.0,-100.0,21425.0,21455.0,21385.0,134.0
2015.04.29,21520.0,-120.0,21480.0,21520.0,21450.0,84.0
2015.04.28,21640.0,-120.0,21800.0,21800.0,21585.0,128.0
2015.04.27,21760.0,110.0,21475.0,21830.0,21475.0,381.0
2015.04.24,21650.0,90.0,21560.0,21655.0,21560.0,482.0
2015.04.23,21560.0,130.0,21585.0,21585.0,21525.0,527.0
2015.04.22,21430.0,10.0,21650.0,21650.0,21430.0,166.0
2015.04.21,21420.0,385.0,21100.0,21450.0,21100.0,2506.0
2015.04.20,21035.0,-350.0,21225.0,21225.0,21035.0,599.0
2015.04.17,21385.0,-180.0,21365.0,21440.0,21325.0,1042.0
2015.04.16,21565.0,35.0,21565.0,21575.0,21565.0,208.0
2015.04.15,21530.0,-65.0,21500.0,21530.0,21500.0,397.0
2015.04.14,21595.0,-60.0,21605.0,21645.0,21550.0,1168.0
2015.04.13,21655.0,145.0,21595.0,21660.0,21595.0,330.0
2015.04.10,21510.0,225.0,21515.0,21530.0,21460.0,1724.0
2015.04.09,21285.0,110.0,21325.0,21375.0,21275.0,50.0
2015.04.08,21175.0,15.0,21180.0,21250.0,21125.0,973.0
2015.04.07,21160.0,385.0,21180.0,21180.0,21100.0,320.0
2015.04.06,20775.0,-310.0,20800.0,20830.0,20760.0,954.0
2015.04.03,21085.0,-5.0,21490.0,21490.0,21025.0,495.0
2015.04.02,21090.0,-115.0,21165.0,21190.0,21060.0,1141.0
2015.04.01,21205.0,-480.0,21400.0,21400.0,21080.0,2631.0
2015.03.31,21685.0,195.0,21725.0,21725.0,21665.0,770.0
2015.03.30,21490.0,185.0,21305.0,21495.0,21305.0,986.0
2015.03.27,21305.0,-115.0,21745.0,21745.0,21245.0,3014.0
2015.03.26,21420.0,-400.0,21505.0,21505.0,21270.0,1632.0
2015.03.25,21820.0,-160.0,21925.0,22555.0,21780.0,2120.0
2015.03.24,21980.0,-270.0,22035.0,22050.0,21970.0,1014.0
2015.03.23,22250.0,5.0,22220.0,22280.0,22160.0,1258.0
2015.03.20,22245.0,145.0,22495.0,22495.0,22160.0,147.0
2015.03.19,22100.0,-25.0,22130.0,22130.0,21975.0,456.0
2015.03.18,22125.0,140.0,22185.0,22540.0,22000.0,514.0
2015.03.17,21985.0,120.0,22075.0,22085.0,21985.0,419.0
2015.03.16,21865.0,-60.0,22185.0,22185.0,21820.0,260.0
2015.03.13,21925.0,195.0,21735.0,21935.0,21735.0,445.0
2015.03.12,21730.0,-110.0,21800.0,21850.0,21715.0,975.0
2015.03.11,21840.0,-205.0,21700.0,21895.0,21700.0,4163.0
2015.03.10,22045.0,225.0,21960.0,22100.0,21960.0,150.0
2015.03.09,21820.0,-30.0,21605.0,21845.0,21605.0,2465.0
2015.03.06,21850.0,-5.0,21800.0,21915.0,21800.0,129.0
2015.03.05,21855.0,10.0,21750.0,21855.0,21750.0,444.0
2015.03.04,21845.0,-110.0,21850.0,21850.0,21755.0,188.0
2015.03.03,21955.0,95.0,21865.0,22465.0,21860.0,1776.0
2015.03.02,21860.0,-25.0,21920.0,21970.0,21845.0,898.0
2015.02.27,21885.0,90.0,21740.0,21940.0,21740.0,828.0
2015.02.26,21795.0,0.0,21815.0,21865.0,21780.0,1262.0
2015.02.25,21795.0,-245.0,22045.0,22045.0,21785.0,816.0
2015.02.24,22040.0,40.0,22045.0,22045.0,21995.0,667.0
2015.02.23,22000.0,435.0,21615.0,22080.0,21615.0,535.0
2015.02.17,21565.0,15.0,21105.0,21570.0,21105.0,202.0
2015.02.16,21550.0,235.0,21390.0,21550.0,21390.0,301.0
2015.02.13,21315.0,75.0,21345.0,21355.0,21315.0,214.0
2015.02.12,21240.0,280.0,21170.0,21240.0,21155.0,225.0
2015.02.11,20960.0,425.0,20600.0,21005.0,20600.0,1462.0
2015.02.10,20535.0,-55.0,20530.0,20590.0,20530.0,278.0
2015.02.09,20590.0,-100.0,20885.0,20885.0,20585.0,136.0
2015.02.06,20690.0,220.0,20595.0,20690.0,20595.0,1061.0
2015.02.05,20470.0,20.0,20495.0,20495.0,20420.0,58.0
2015.02.04,20450.0,-10.0,20570.0,20600.0,20450.0,618.0
2015.02.03,20460.0,15.0,20600.0,20600.0,20420.0,1425.0
2015.02.02,20445.0,10.0,20435.0,20445.0,20330.0,429.0
2015.01.30,20435.0,280.0,20535.0,20595.0,20435.0,349.0
2015.01.29,20155.0,-260.0,20415.0,20415.0,20050.0,1128.0
2015.01.28,20415.0,-195.0,20185.0,20430.0,20150.0,2011.0
2015.01.27,20610.0,65.0,20690.0,20690.0,20570.0,241.0
2015.01.26,20545.0,-105.0,20665.0,20665.0,20385.0,808.0
2015.01.23,20650.0,360.0,20510.0,20655.0,20510.0,768.0
2015.01.22,20290.0,80.0,20300.0,20380.0,20255.0,1078.0
2015.01.21,20210.0,60.0,20175.0,20290.0,20175.0,1319.0
2015.01.20,20150.0,230.0,19960.0,20150.0,19955.0,148.0
2015.01.19,19920.0,425.0,19750.0,20070.0,19750.0,532.0
2015.01.16,19495.0,-680.0,19525.0,19535.0,19460.0,3568.0
2015.01.15,20175.0,120.0,20125.0,20175.0,20040.0,614.0
2015.01.14,20055.0,-170.0,20060.0,20120.0,19975.0,1022.0
2015.01.13,20225.0,-110.0,20200.0,20225.0,20070.0,360.0
2015.01.12,20335.0,-310.0,20320.0,20410.0,20310.0,649.0
2015.01.09,20645.0,0.0,20675.0,20745.0,20580.0,2674.0
2015.01.08,20645.0,450.0,20670.0,20670.0,20415.0,2485.0
2015.01.07,20195.0,-385.0,20690.0,20690.0,20150.0,1080.0
2015.01.06,20580.0,-405.0,20625.0,20640.0,20580.0,3844.0
2015.01.05,20985.0,-30.0,20870.0,20985.0,20795.0,1488.0
2015.01.02,21015.0,-175.0,21015.0,21015.0,20985.0,1426.0
2014.12.30,21190.0,30.0,21720.0,21720.0,21190.0,193.0
2014.12.29,21160.0,30.0,21605.0,21605.0,21160.0,187.0
2014.12.26,21130.0,-10.0,21345.0,21345.0,21070.0,914.0
2014.12.24,21140.0,35.0,21120.0,21160.0,21100.0,1149.0
2014.12.23,21105.0,70.0,21110.0,21110.0,21060.0,597.0
2014.12.22,21035.0,40.0,21010.0,21035.0,21010.0,222.0
2014.12.19,20995.0,475.0,20645.0,20995.0,20645.0,3081.0
2014.12.18,20520.0,695.0,20155.0,20520.0,20155.0,5471.0
2014.12.17,19825.0,-520.0,19805.0,19825.0,19805.0,4206.0
2014.12.16,20345.0,-275.0,20490.0,20490.0,19500.0,3476.0
2014.12.15,20620.0,-330.0,20950.0,20950.0,20560.0,3071.0
2014.12.12,20950.0,225.0,20950.0,20950.0,20885.0,1611.0
2014.12.11,20725.0,-465.0,20725.0,20725.0,20715.0,888.0
2014.12.10,21190.0,-105.0,21195.0,21195.0,21130.0,373.0
2014.12.09,21295.0,-230.0,21295.0,21295.0,21230.0,812.0
2014.12.08,21525.0,95.0,21530.0,21590.0,21525.0,396.0
2014.12.05,21430.0,-115.0,21430.0,21430.0,21360.0,1090.0
2014.12.04,21545.0,125.0,21215.0,21545.0,21215.0,1094.0
2014.12.03,21420.0,190.0,21235.0,21490.0,21235.0,698.0
2014.12.02,21230.0,-230.0,21035.0,21230.0,21035.0,2052.0
2014.12.01,21460.0,170.0,20945.0,21530.0,20945.0,4147.0
2014.11.28,21290.0,40.0,21290.0,21290.0,21230.0,2182.0
2014.11.27,21250.0,30.0,21240.0,21250.0,21235.0,796.0
2014.11.26,21220.0,-145.0,21205.0,21220.0,21155.0,302.0
2014.11.25,21365.0,270.0,21365.0,21365.0,21295.0,551.0
2014.11.24,21095.0,40.0,21100.0,21100.0,21040.0,410.0
2014.11.21,21055.0,95.0,20975.0,21055.0,20975.0,1670.0
2014.11.20,20960.0,25.0,20735.0,21020.0,20735.0,397.0
2014.11.19,20935.0,205.0,21100.0,21100.0,20830.0,1036.0
2014.11.18,20730.0,20.0,20525.0,20730.0,20525.0,152.0
2014.11.17,20710.0,115.0,20385.0,20740.0,20385.0,1921.0
2014.11.14,20595.0,50.0,20655.0,20655.0,20585.0,3064.0
2014.11.13,20545.0,125.0,21065.0,21065.0,20480.0,1019.0
2014.11.12,20420.0,130.0,20420.0,20475.0,20420.0,947.0
2014.11.11,20290.0,105.0,20400.0,20715.0,20290.0,1718.0
2014.11.10,20185.0,-180.0,20220.0,20220.0,20120.0,97.0
2014.11.07,20365.0,365.0,20650.0,20650.0,20240.0,40.0
2014.11.06,20000.0,40.0,20050.0,20305.0,20000.0,2400.0
2014.11.05,19960.0,-135.0,20000.0,20000.0,19895.0,1868.0
2014.11.04,20095.0,215.0,20095.0,20095.0,20030.0,669.0
2014.11.03,19880.0,590.0,19900.0,19900.0,19840.0,11490.0
2014.10.31,19290.0,105.0,19240.0,19290.0,19240.0,11604.0
2014.10.30,19185.0,100.0,19160.0,19220.0,19160.0,741.0
2014.10.29,19085.0,110.0,19145.0,19145.0,19030.0,90.0
2014.10.28,18975.0,-85.0,18980.0,18980.0,18965.0,415.0
2014.10.27,19060.0,170.0,19060.0,19060.0,19000.0,725.0
2014.10.24,18890.0,310.0,18905.0,18960.0,18890.0,6085.0
2014.10.23,18580.0,-85.0,18520.0,18580.0,18520.0,387.0
2014.10.22,18665.0,475.0,18620.0,18680.0,18620.0,407.0
2014.10.21,18190.0,15.0,18245.0,18245.0,18190.0,1025.0
2014.10.20,18175.0,275.0,18115.0,18185.0,18115.0,532.0
2014.10.17,17900.0,15.0,17910.0,17910.0,17900.0,55.0
2014.10.16,17885.0,-315.0,17750.0,17885.0,17750.0,777.0
2014.10.15,18200.0,40.0,18200.0,18210.0,18200.0,339.0
2014.10.14,18160.0,-270.0,18110.0,18160.0,18110.0,1826.0
2014.10.13,18430.0,-415.0,18845.0,18845.0,18370.0,249.0
2014.10.10,18845.0,0.0,19000.0,19000.0,18795.0,1206.0
2014.10.08,18845.0,-210.0,18995.0,18995.0,18825.0,2387.0
2014.10.07,19055.0,-190.0,18995.0,19055.0,18995.0,503.0
2014.10.06,19245.0,385.0,19220.0,19280.0,19220.0,1516.0
2014.10.02,18860.0,-205.0,18860.0,18860.0,18810.0,605.0
2014.10.01,19065.0,-5.0,19070.0,19070.0,19065.0,97.0
2014.09.30,19070.0,190.0,19015.0,19070.0,19015.0,777.0
2014.09.29,18880.0,200.0,18875.0,18940.0,18875.0,601.0
2014.09.26,18680.0,-350.0,18680.0,18680.0,18680.0,2897.0
2014.09.25,19030.0,260.0,19320.0,19320.0,18970.0,1141.0
2014.09.24,18770.0,-65.0,18825.0,18825.0,18770.0,33.0
2014.09.23,18835.0,-195.0,18835.0,18835.0,18835.0,33.0
2014.09.22,19030.0,-95.0,19645.0,19645.0,18970.0,2822.0
2014.09.19,19125.0,165.0,18855.0,19125.0,18855.0,3260.0
2014.09.18,18960.0,230.0,19300.0,19300.0,18905.0,582.0
2014.09.17,18730.0,80.0,18730.0,18730.0,18680.0,5.0
2014.09.16,18650.0,-80.0,18655.0,18655.0,18600.0,113.0
2014.09.15,18730.0,-130.0,18660.0,18780.0,18660.0,121.0
2014.09.12,18860.0,40.0,18860.0,18900.0,18860.0,1270.0
2014.09.11,18820.0,310.0,18785.0,18830.0,18785.0,399.0
2014.09.05,18510.0,25.0,18510.0,18510.0,18510.0,30.0
2014.09.04,18485.0,-115.0,18495.0,18495.0,18485.0,112.0
2014.09.03,18600.0,150.0,18570.0,18630.0,18570.0,2263.0
2014.09.02,18450.0,25.0,18405.0,18450.0,18405.0,2201.0
2014.09.01,18425.0,45.0,18420.0,18480.0,18420.0,53.0
2014.08.29,18380.0,15.0,18380.0,18380.0,18380.0,10.0
2014.08.28,18365.0,-80.0,18365.0,18425.0,18365.0,279.0
2014.08.27,18445.0,-5.0,18450.0,18450.0,18390.0,1519.0
2014.08.26,18450.0,-50.0,18500.0,18500.0,18445.0,266.0
2014.08.25,18500.0,100.0,18400.0,18500.0,18300.0,113.0
2014.08.22,18400.0,-40.0,18360.0,18400.0,18360.0,110.0
2014.08.21,18440.0,125.0,18410.0,18450.0,18410.0,241.0
2014.08.20,18315.0,105.0,18310.0,18370.0,18310.0,538.0
2014.08.19,18210.0,65.0,18260.0,18270.0,18210.0,61.0
2014.08.18,18145.0,60.0,18485.0,18485.0,18095.0,144.0
2014.08.14,18085.0,180.0,18085.0,18085.0,18085.0,0.0
2014.08.13,17905.0,-5.0,17905.0,17905.0,17905.0,0.0
2014.08.12,17910.0,0.0,17945.0,17970.0,17910.0,841.0
2014.08.11,17910.0,155.0,17855.0,17910.0,17850.0,117.0
2014.08.08,17755.0,-105.0,17805.0,17805.0,17750.0,371.0
2014.08.07,17860.0,-15.0,17860.0,17860.0,17800.0,74.0
2014.08.06,17875.0,-75.0,17875.0,17875.0,17875.0,25.0
2014.08.05,17950.0,95.0,18200.0,18200.0,17950.0,472.0
2014.08.04,17855.0,-145.0,17855.0,17855.0,17795.0,756.0
2014.08.01,18000.0,-140.0,17960.0,18000.0,17930.0,545.0
2014.07.31,18140.0,70.0,18145.0,18145.0,18140.0,7.0
2014.07.30,18070.0,-10.0,18070.0,18130.0,18070.0,241.0
2014.07.29,18080.0,-40.0,18105.0,18105.0,18070.0,27.0
2014.07.28,18120.0,-145.0,18120.0,18120.0,18120.0,413.0
2014.07.25,18265.0,45.0,18220.0,18265.0,18220.0,179.0
2014.07.24,18220.0,170.0,18225.0,18225.0,18220.0,111.0
2014.07.23,18050.0,70.0,18465.0,18465.0,17990.0,131.0
2014.07.22,17980.0,-30.0,18010.0,18010.0,17980.0,30.0
2014.07.21,18010.0,170.0,17840.0,18070.0,17840.0,652.0
2014.07.18,17840.0,-180.0,17845.0,17845.0,17780.0,412.0
2014.07.17,18020.0,60.0,17965.0,18020.0,17960.0,2207.0
2014.07.16,17960.0,70.0,17710.0,17960.0,17710.0,2887.0
2014.07.15,17890.0,115.0,17600.0,20395.0,17600.0,1170.0
2014.07.14,17775.0,220.0,17440.0,17780.0,17440.0,357.0
2014.07.11,17555.0,5.0,17305.0,17585.0,17305.0,509.0
2014.07.10,17550.0,105.0,17300.0,17550.0,17300.0,69.0
2014.07.09,17445.0,-185.0,18125.0,18125.0,17385.0,651.0
2014.07.08,17630.0,-10.0,17640.0,17640.0,17620.0,59.0
2014.07.07,17640.0,60.0,17405.0,18130.0,17405.0,218.0
2014.07.04,17580.0,90.0,17550.0,17650.0,17550.0,1222.0
2014.07.03,17490.0,-5.0,17300.0,17495.0,17300.0,573.0
2014.07.02,17495.0,145.0,17350.0,17530.0,17350.0,1461.0
2014.07.01,17350.0,30.0,17330.0,17350.0,17330.0,739.0
2014.06.30,17320.0,50.0,17270.0,17375.0,17060.0,110270.0
2014.06.27,17270.0,-45.0,17330.0,17330.0,17270.0,320.0
2014.06.26,17315.0,110.0,17205.0,17375.0,17205.0,1072.0
2014.06.25,17205.0,-35.0,17140.0,17265.0,17000.0,680.0
2014.06.24,17240.0,-20.0,17260.0,17270.0,17215.0,806.0
2014.06.23,17260.0,10.0,17695.0,17695.0,17235.0,321.0
2014.06.20,17250.0,40.0,17225.0,17250.0,17225.0,374.0
2014.06.19,17210.0,-55.0,17300.0,17300.0,17210.0,1054.0
2014.06.18,17265.0,65.0,17205.0,17265.0,17205.0,473.0
2014.06.17,17200.0,120.0,17165.0,17225.0,17165.0,598.0
2014.06.16,17080.0,15.0,17065.0,17080.0,17065.0,693.0
2014.06.13,17065.0,-115.0,17095.0,17095.0,17035.0,676.0
2014.06.12,17180.0,10.0,17175.0,17235.0,17175.0,9.0
2014.06.11,17170.0,-30.0,17165.0,17175.0,17165.0,130.0
2014.06.10,17200.0,-10.0,17200.0,17200.0,17200.0,85.0
2014.06.09,17210.0,160.0,17150.0,17250.0,17055.0,538.0
2014.06.05,17050.0,50.0,17050.0,17055.0,17050.0,522.0
2014.06.03,17000.0,-10.0,17000.0,17050.0,17000.0,57.0
2014.06.02,17010.0,100.0,16955.0,17010.0,16955.0,1246.0
2014.05.30,16910.0,-15.0,17050.0,17050.0,16910.0,147.0
2014.05.29,16925.0,-55.0,16920.0,16925.0,16865.0,1661.0
2014.05.28,16980.0,140.0,16925.0,16985.0,16925.0,996.0
2014.05.27,16840.0,35.0,16805.0,16840.0,16780.0,1972.0
2014.05.26,16805.0,185.0,16620.0,16810.0,16620.0,258.0
2014.05.23,16620.0,50.0,16620.0,16630.0,16620.0,1009.0
2014.05.22,16570.0,155.0,16570.0,16630.0,16570.0,485.0
2014.05.21,16415.0,-25.0,16450.0,16450.0,16395.0,63.0
2014.05.20,16440.0,60.0,16165.0,16455.0,16165.0,1781.0
2014.05.19,16380.0,45.0,16310.0,16390.0,16310.0,256.0
2014.05.16,16335.0,-80.0,16340.0,16340.0,16290.0,899.0
2014.05.15,16415.0,-30.0,16680.0,16680.0,16410.0,1557.0
2014.05.14,16445.0,-45.0,16445.0,16445.0,16400.0,1303.0
2014.05.13,16490.0,210.0,16455.0,16490.0,16455.0,594.0
2014.05.12,16280.0,210.0,16225.0,16285.0,16225.0,1238.0
2014.05.09,16070.0,-95.0,16125.0,16125.0,16065.0,3287.0
2014.05.08,16165.0,-85.0,16165.0,16165.0,16105.0,3993.0
2014.05.07,16250.0,-205.0,16200.0,16250.0,16190.0,1759.0
2014.05.02,16455.0,120.0,16510.0,16515.0,16455.0,704.0
2014.04.30,16335.0,10.0,16230.0,16340.0,15370.0,9411.0
2014.04.29,16325.0,-10.0,16735.0,16735.0,16325.0,1703.0
2014.04.28,16335.0,-255.0,16500.0,16500.0,16300.0,166.0
2014.04.25,16590.0,-40.0,16590.0,16590.0,16525.0,462.0
2014.04.24,16630.0,95.0,16535.0,16635.0,16535.0,1432.0
2014.04.23,16535.0,130.0,16590.0,16595.0,16535.0,1550.0
2014.04.22,16405.0,35.0,16420.0,16435.0,16405.0,648.0
2014.04.21,16370.0,-110.0,16385.0,16385.0,16350.0,517.0
2014.04.18,16480.0,205.0,16400.0,16485.0,16380.0,4523.0
2014.04.17,16275.0,65.0,16260.0,16295.0,16255.0,1636.0
2014.04.16,16210.0,150.0,16200.0,16210.0,16170.0,3292.0
2014.04.15,16060.0,120.0,16100.0,16110.0,16050.0,2127.0
2014.04.14,15940.0,-215.0,16155.0,16155.0,15935.0,2610.0
2014.04.11,16155.0,-455.0,16135.0,16160.0,16005.0,3586.0
2014.04.10,16610.0,140.0,16600.0,16635.0,16600.0,914.0
2014.04.09,16470.0,-35.0,16800.0,16800.0,16470.0,278.0
2014.04.08,16505.0,-40.0,16700.0,16700.0,16500.0,1205.0
2014.04.07,16545.0,-615.0,16560.0,16560.0,16520.0,1440.0
2014.04.04,17160.0,-90.0,17160.0,17160.0,17100.0,380.0
2014.04.03,17250.0,95.0,17200.0,17250.0,17200.0,164.0
2014.04.02,17155.0,210.0,17100.0,17205.0,17100.0,310.0
2014.04.01,16945.0,-100.0,16995.0,16995.0,16945.0,451.0
2014.03.31,17045.0,80.0,17085.0,17085.0,17045.0,168.0
2014.03.28,16965.0,-205.0,17290.0,17290.0,16950.0,603.0
2014.03.27,17170.0,-240.0,17405.0,17405.0,17150.0,451.0
2014.03.26,17410.0,60.0,17420.0,17420.0,17370.0,170.0
2014.03.25,17350.0,-185.0,17350.0,17350.0,17290.0,417.0
2014.03.24,17535.0,-235.0,17615.0,17620.0,17505.0,1518.0
2014.03.21,17770.0,215.0,17470.0,17775.0,17470.0,3664.0
2014.03.20,17555.0,-15.0,17385.0,17585.0,17385.0,1183.0
2014.03.19,17570.0,200.0,17565.0,17580.0,17565.0,179.0
2014.03.18,17370.0,115.0,17320.0,17370.0,17320.0,323.0
2014.03.17,17255.0,-185.0,17400.0,17400.0,17255.0,265.0
2014.03.14,17440.0,-170.0,17440.0,17440.0,17370.0,300.0
2014.03.13,17610.0,130.0,17480.0,17615.0,17480.0,305.0
2014.03.12,17480.0,-15.0,17470.0,17500.0,17470.0,983.0
2014.03.11,17495.0,65.0,17705.0,17705.0,17490.0,1127.0
2014.03.10,17430.0,-145.0,17705.0,17705.0,17385.0,425.0
2014.03.07,17575.0,-130.0,17575.0,17575.0,17520.0,638.0
2014.03.06,17705.0,30.0,17615.0,17755.0,17615.0,63.0
2014.03.05,17675.0,180.0,17670.0,17675.0,17615.0,410.0
2014.03.04,17495.0,-5.0,17500.0,17500.0,17435.0,75.0
2014.03.03,17500.0,0.0,17600.0,17600.0,17445.0,972.0
2014.02.28,17500.0,10.0,17480.0,17500.0,17480.0,39.0
2014.02.27,17490.0,-65.0,17480.0,17490.0,17480.0,659.0
2014.02.26,17555.0,40.0,17510.0,17555.0,17510.0,1241.0
2014.02.25,17515.0,-5.0,17970.0,17970.0,17490.0,551.0
2014.02.24,17520.0,-5.0,17600.0,17600.0,17475.0,553.0
2014.02.21,17525.0,200.0,17470.0,17525.0,17470.0,389.0
2014.02.20,17325.0,-35.0,17380.0,17380.0,17325.0,307.0
2014.02.19,17360.0,75.0,17340.0,17375.0,17340.0,960.0
2014.02.18,17285.0,25.0,17260.0,17285.0,17260.0,985.0
2014.02.17,17260.0,45.0,17260.0,17260.0,17215.0,27.0
2014.02.14,17215.0,85.0,17220.0,17250.0,17215.0,916.0
2014.02.13,17130.0,-15.0,16950.0,17130.0,16950.0,218.0
2014.02.12,17145.0,65.0,17210.0,17210.0,17105.0,1136.0
2014.02.11,17080.0,85.0,17005.0,17100.0,17005.0,666.0
2014.02.10,16995.0,285.0,16875.0,17010.0,16875.0,674.0
2014.02.07,16710.0,165.0,16660.0,16710.0,16660.0,1209.0
2014.02.06,16545.0,-20.0,16900.0,16900.0,16540.0,248.0
2014.02.05,16565.0,-140.0,16625.0,16625.0,16565.0,531.0
2014.02.04,16705.0,-285.0,16705.0,16705.0,16645.0,644.0
2014.02.03,16990.0,195.0,16935.0,16990.0,16930.0,1098.0
2014.01.29,16795.0,110.0,16690.0,16795.0,16690.0,876.0
2014.01.28,16685.0,-385.0,17345.0,17345.0,16685.0,1709.0
2014.01.27,17070.0,-240.0,16960.0,17070.0,16960.0,510.0
2014.01.24,17310.0,40.0,17100.0,17310.0,17085.0,279.0
2014.01.23,17270.0,160.0,17275.0,17315.0,17230.0,660.0
2014.01.22,17110.0,140.0,17000.0,17170.0,17000.0,3567.0
2014.01.21,16970.0,-5.0,17060.0,17060.0,16970.0,3596.0
2014.01.20,16975.0,-60.0,17275.0,17275.0,16905.0,3982.0
2014.01.17,17035.0,-75.0,16915.0,17035.0,16915.0,1888.0
2014.01.16,17110.0,195.0,16955.0,17110.0,16955.0,2737.0
2014.01.15,16915.0,435.0,16630.0,16920.0,16630.0,2480.0
2014.01.14,16480.0,-275.0,16520.0,16525.0,16465.0,1126.0
2014.01.13,16755.0,-50.0,16680.0,16755.0,16680.0,1961.0
2014.01.10,16805.0,-125.0,16655.0,16805.0,16655.0,988.0
2014.01.09,16930.0,65.0,16930.0,16930.0,16905.0,21.0
2014.01.08,16865.0,135.0,16795.0,16865.0,16795.0,1324.0
2014.01.07,16730.0,80.0,16530.0,16730.0,16530.0,4457.0
2014.01.06,16650.0,20.0,16950.0,16950.0,16590.0,4422.0
2014.01.03,16630.0,-210.0,16690.0,16690.0,16630.0,439.0
2014.01.02,16840.0,75.0,17030.0,17030.0,16830.0,246854.0
2013.12.30,16765.0,-100.0,16765.0,16765.0,16710.0,251.0
2013.12.27,16865.0,30.0,16810.0,16865.0,16800.0,1768.0
2013.12.26,16835.0,35.0,16615.0,16905.0,16615.0,372.0
2013.12.24,16800.0,55.0,16955.0,16955.0,16800.0,1877.0
2013.12.23,16745.0,245.0,16680.0,16745.0,16680.0,1178.0
2013.12.20,16500.0,30.0,16420.0,16540.0,16420.0,193.0
2013.12.19,16470.0,215.0,16470.0,16470.0,16410.0,394.0
2013.12.18,16255.0,-5.0,16120.0,16255.0,16120.0,59.0
2013.12.17,16260.0,95.0,16290.0,16290.0,16200.0,192.0
2013.12.16,16165.0,-65.0,16230.0,16230.0,16165.0,1297.0
2013.12.13,16230.0,-60.0,16230.0,16230.0,16220.0,329.0
2013.12.12,16290.0,-160.0,16290.0,16290.0,16230.0,1122.0
2013.12.11,16450.0,-30.0,16450.0,16450.0,16450.0,52.0
2013.12.10,16480.0,70.0,16435.0,16480.0,16435.0,23.0
2013.12.09,16410.0,25.0,16490.0,16490.0,16410.0,6217.0
2013.12.06,16385.0,-55.0,16350.0,17190.0,16350.0,102.0
2013.12.05,16440.0,55.0,17195.0,17195.0,16440.0,148.0
2013.12.04,16385.0,-25.0,16410.0,16410.0,16385.0,44.0
2013.12.03,16410.0,5.0,16410.0,16410.0,16410.0,1.0
2013.12.02,16405.0,-85.0,16355.0,16460.0,16355.0,442.0
2013.11.29,16490.0,40.0,16445.0,16490.0,16240.0,360.0
2013.11.28,16450.0,160.0,16450.0,16450.0,16390.0,83.0
2013.11.27,16290.0,150.0,16015.0,16290.0,16015.0,406.0
2013.11.26,16140.0,-5.0,16145.0,16145.0,16140.0,52.0
2013.11.25,16145.0,90.0,15925.0,16205.0,15925.0,351.0
2013.11.22,16055.0,210.0,16110.0,16110.0,16055.0,55.0
2013.11.21,15845.0,-60.0,15905.0,15905.0,15845.0,128.0
2013.11.20,15905.0,-50.0,15890.0,15905.0,15875.0,1789.0
2013.11.19,15955.0,-220.0,15955.0,15955.0,15895.0,211.0
2013.11.18,16175.0,-10.0,16000.0,16930.0,16000.0,491.0
2013.11.15,16185.0,35.0,16225.0,16225.0,16180.0,42.0
2013.11.14,16150.0,170.0,16660.0,16665.0,16090.0,7153.0
2013.11.13,15980.0,-20.0,15815.0,16035.0,15815.0,7.0
2013.11.12,16000.0,20.0,15780.0,16045.0,15780.0,183.0
2013.11.11,15980.0,250.0,15920.0,15980.0,15920.0,70.0
2013.11.08,15730.0,-190.0,15730.0,15730.0,15670.0,587.0
2013.11.07,15920.0,-10.0,15735.0,15920.0,15735.0,106.0
2013.11.06,15930.0,-35.0,15815.0,15930.0,15815.0,2.0
2013.11.05,15965.0,-5.0,15765.0,15965.0,15765.0,42.0
2013.11.04,15970.0,-15.0,15880.0,16640.0,15880.0,232.0
2013.11.01,15985.0,210.0,15985.0,15985.0,15985.0,58.0
2013.10.31,15775.0,-175.0,15835.0,15835.0,15775.0,256.0
2013.10.30,15950.0,60.0,16010.0,16010.0,15950.0,1702.0
2013.10.29,15890.0,-60.0,15820.0,15890.0,15820.0,21.0
2013.10.28,15950.0,75.0,16005.0,16010.0,15950.0,3073.0
2013.10.25,15875.0,150.0,15700.0,15875.0,15700.0,2230.0
2013.10.24,15725.0,-75.0,15650.0,15725.0,15650.0,2131.0
2013.10.23,15800.0,-20.0,15820.0,15820.0,15800.0,107.0
2013.10.22,15820.0,35.0,15845.0,15845.0,15820.0,166.0
2013.10.21,15785.0,195.0,15830.0,15830.0,15785.0,47.0
2013.10.18,15590.0,65.0,15530.0,15590.0,15530.0,60.0
2013.10.17,15525.0,40.0,16050.0,16050.0,15525.0,762.0
2013.10.16,15485.0,-45.0,16000.0,16000.0,15485.0,65.0
2013.10.15,15530.0,-365.0,16045.0,16045.0,15475.0,66.0
2013.10.14,15895.0,555.0,15945.0,16050.0,15895.0,184.0
2013.10.11,15340.0,270.0,15755.0,15755.0,15270.0,192.0
2013.10.10,15070.0,-295.0,16045.0,16045.0,15070.0,491.0
2013.10.08,15365.0,0.0,15350.0,15365.0,15350.0,42.0
2013.10.07,15365.0,15.0,15365.0,15370.0,15365.0,18.0
2013.10.04,15350.0,-120.0,15470.0,15470.0,15350.0,93.0
2013.10.02,15470.0,10.0,15470.0,15470.0,15470.0,185.0
2013.10.01,15460.0,55.0,15410.0,15460.0,15405.0,319.0
2013.09.30,15405.0,-140.0,15405.0,15405.0,15405.0,30.0
2013.09.27,15545.0,145.0,15490.0,15545.0,15490.0,212.0
2013.09.26,15400.0,-20.0,15390.0,15400.0,15390.0,162.0
2013.09.25,15420.0,-10.0,15425.0,15425.0,15420.0,176.0
2013.09.24,15430.0,-40.0,15375.0,15430.0,15375.0,131.0
2013.09.23,15470.0,205.0,15115.0,15470.0,15115.0,454.0
2013.09.17,15265.0,-145.0,15265.0,15265.0,15265.0,5.0
2013.09.16,15410.0,85.0,15260.0,15450.0,15260.0,666.0
2013.09.13,15325.0,0.0,15105.0,15325.0,15105.0,33.0
2013.09.12,15325.0,-20.0,15165.0,15325.0,15165.0,1224.0
2013.09.11,15345.0,90.0,15350.0,15350.0,15310.0,296.0
2013.09.10,15255.0,20.0,15235.0,15305.0,15235.0,59.0
2013.09.09,15235.0,-20.0,15100.0,15240.0,15100.0,318.0
2013.09.06,15255.0,55.0,15255.0,15255.0,15255.0,30.0
2013.09.05,15200.0,15.0,15140.0,15200.0,15140.0,440.0
2013.09.04,15185.0,5.0,15750.0,15750.0,15185.0,10.0
2013.09.03,15180.0,-100.0,15125.0,15180.0,15125.0,272.0
2013.09.02,15280.0,-55.0,15280.0,15280.0,15215.0,88.0
2013.08.30,15335.0,100.0,15275.0,15335.0,15275.0,593.0
2013.08.29,15235.0,-35.0,15235.0,15235.0,15235.0,2203.0
2013.08.28,15270.0,-170.0,15450.0,15450.0,15190.0,411.0
2013.08.27,15440.0,-50.0,15900.0,15900.0,15440.0,623.0
2013.08.26,15490.0,10.0,15490.0,15490.0,15490.0,151.0
2013.08.23,15480.0,155.0,15330.0,15500.0,15330.0,84.0
2013.08.22,15325.0,-40.0,15385.0,15385.0,15325.0,1394.0
2013.08.21,15365.0,75.0,15290.0,15365.0,15290.0,518.0
2013.08.20,15290.0,45.0,15290.0,15305.0,15290.0,650.0
2013.08.19,15245.0,-115.0,15700.0,15700.0,15245.0,203.0
2013.08.16,15360.0,-315.0,15300.0,15360.0,15300.0,1625.0
2013.08.14,15675.0,115.0,15800.0,15800.0,15635.0,6.0
2013.08.13,15560.0,135.0,15755.0,15755.0,15500.0,34.0
2013.08.12,15425.0,-90.0,15355.0,15475.0,15355.0,5859.0
2013.08.09,15515.0,-20.0,15490.0,15515.0,15490.0,10.0
2013.08.08,15535.0,115.0,14905.0,15535.0,14905.0,425.0
2013.08.07,15420.0,-80.0,15475.0,15475.0,15420.0,3.0
2013.08.06,15500.0,-155.0,15655.0,15655.0,15500.0,178.0
2013.08.05,15655.0,5.0,15655.0,15655.0,15595.0,151.0
2013.08.02,15650.0,150.0,15705.0,15710.0,15650.0,662.0
2013.08.01,15500.0,100.0,15690.0,15690.0,15440.0,108.0
2013.07.31,15400.0,175.0,15330.0,15400.0,15330.0,91.0
2013.07.30,15225.0,70.0,14615.0,15225.0,14615.0,384.0
2013.07.29,15155.0,-5.0,15695.0,15695.0,15155.0,528.0
2013.07.26,15160.0,0.0,15160.0,15160.0,15160.0,1.0
2013.07.25,15160.0,30.0,15590.0,15590.0,15105.0,155.0
2013.07.24,15130.0,-70.0,15130.0,15130.0,15130.0,196.0
2013.07.23,15200.0,5.0,15695.0,15695.0,15195.0,248.0
2013.07.22,15195.0,-230.0,15745.0,15745.0,15130.0,1608.0
2013.07.19,15425.0,75.0,15425.0,15425.0,15360.0,335.0
2013.07.18,15350.0,65.0,15350.0,15350.0,15350.0,66.0
2013.07.17,15285.0,-15.0,15230.0,15285.0,15230.0,3.0
2013.07.16,15300.0,-80.0,15295.0,15305.0,15295.0,119.0
2013.07.15,15380.0,160.0,15755.0,15755.0,15360.0,155.0
2013.07.12,15220.0,55.0,15690.0,15690.0,15220.0,744.0
2013.07.11,15165.0,45.0,15700.0,15700.0,15105.0,1221.0
2013.07.10,15120.0,30.0,15500.0,15500.0,15120.0,2497.0
2013.07.09,15090.0,-155.0,15135.0,15150.0,15090.0,431.0
2013.07.08,15245.0,215.0,14915.0,15245.0,14915.0,516.0
2013.07.05,15030.0,90.0,15030.0,15030.0,15025.0,1034.0
2013.07.04,14940.0,105.0,14870.0,14940.0,14870.0,1105.0
2013.07.03,14835.0,120.0,14775.0,14835.0,14775.0,2554.0
2013.07.02,14715.0,40.0,15505.0,15505.0,14715.0,1751.0
2013.07.01,14675.0,-175.0,14810.0,14810.0,14640.0,13265.0
2013.06.28,14850.0,80.0,14800.0,14850.0,14765.0,14072.0
2013.06.27,14770.0,90.0,14830.0,14830.0,14770.0,24.0
2013.06.26,14680.0,30.0,14680.0,14680.0,14680.0,64.0
2013.06.25,14650.0,-160.0,14705.0,14705.0,14650.0,250245.0
2013.06.24,14810.0,-45.0,14810.0,14810.0,14750.0,2720.0
2013.06.21,14855.0,-155.0,14505.0,14855.0,14505.0,4695.0
2013.06.20,15010.0,-110.0,14950.0,15010.0,14950.0,210.0
2013.06.19,15120.0,260.0,15120.0,15120.0,15115.0,1188.0
2013.06.18,14860.0,45.0,14860.0,14865.0,14860.0,6.0
2013.06.17,14815.0,5.0,15245.0,15245.0,14750.0,2005.0
2013.06.14,14810.0,80.0,15200.0,15200.0,14810.0,2329.0
2013.06.13,14730.0,-85.0,14670.0,14730.0,14670.0,73.0
2013.06.12,14815.0,-135.0,14875.0,14875.0,14815.0,1043.0
2013.06.11,14950.0,85.0,14950.0,14960.0,14950.0,70.0
2013.06.10,14865.0,305.0,15165.0,15165.0,14865.0,3183.0
2013.06.07,14560.0,-265.0,14615.0,14615.0,14500.0,112.0
2013.06.05,14825.0,-85.0,14855.0,14855.0,14825.0,4.0
2013.06.04,14910.0,-35.0,14855.0,14910.0,14855.0,15.0
2013.06.03,14945.0,-70.0,14985.0,14985.0,14920.0,713.0
2013.05.31,15015.0,35.0,15055.0,15055.0,15015.0,25.0
2013.05.30,14980.0,-90.0,15070.0,15070.0,14965.0,3553.0
2013.05.29,15070.0,140.0,15090.0,15150.0,15070.0,1135.0
2013.05.28,14930.0,-70.0,15100.0,15100.0,14870.0,1123.0
2013.05.27,15000.0,25.0,15570.0,15570.0,14960.0,390.0
2013.05.24,14975.0,75.0,14920.0,15400.0,14920.0,6425.0
2013.05.23,14900.0,-30.0,14930.0,14930.0,14890.0,572.0
2013.05.22,14930.0,-5.0,15250.0,15250.0,14920.0,88.0
2013.05.21,14935.0,-115.0,15250.0,15250.0,14875.0,814.0
2013.05.20,15050.0,175.0,14895.0,15050.0,14895.0,743.0
2013.05.16,14875.0,65.0,14995.0,14995.0,14820.0,659.0
2013.05.15,14810.0,105.0,14900.0,14900.0,14750.0,1360.0
2013.05.14,14705.0,25.0,14755.0,14760.0,14705.0,227.0
2013.05.13,14680.0,225.0,14455.0,14685.0,14455.0,216.0
2013.05.10,14455.0,135.0,14405.0,14460.0,14405.0,39.0
2013.05.09,14320.0,90.0,14115.0,14320.0,14115.0,54.0
2013.05.08,14230.0,-105.0,14240.0,14265.0,14180.0,4070.0
2013.05.07,14335.0,20.0,14300.0,14335.0,14300.0,319.0
2013.05.06,14315.0,150.0,14750.0,14750.0,14315.0,109.0
2013.05.03,14165.0,110.0,13960.0,14165.0,13960.0,142.0
2013.05.02,14055.0,75.0,13985.0,14055.0,13985.0,34.0
2013.04.30,13980.0,15.0,13865.0,13980.0,13865.0,2.0
2013.04.29,13965.0,-45.0,14000.0,14000.0,13965.0,49.0
2013.04.26,14010.0,-10.0,13985.0,14010.0,13925.0,109.0
2013.04.25,14020.0,10.0,14000.0,14050.0,13975.0,38.0
2013.04.24,14010.0,110.0,14010.0,14010.0,14010.0,500.0
2013.04.23,13900.0,45.0,13810.0,13900.0,13810.0,2001.0
2013.04.22,13855.0,205.0,13825.0,13930.0,13810.0,1121.0
2013.04.19,13650.0,-150.0,13630.0,13695.0,13630.0,260.0
2013.04.18,13800.0,-245.0,13900.0,13950.0,13790.0,2129.0
2013.04.17,14045.0,90.0,13995.0,14045.0,13995.0,802.0
2013.04.16,13955.0,-210.0,13950.0,13995.0,13950.0,385.0
2013.04.15,14165.0,-165.0,14245.0,14245.0,14165.0,44.0
2013.04.12,14330.0,25.0,14100.0,14330.0,14100.0,1771.0
2013.04.11,14305.0,180.0,14300.0,14325.0,14210.0,4754.0
2013.04.10,14125.0,-25.0,14105.0,14125.0,14105.0,187.0
2013.04.09,14150.0,155.0,14105.0,14160.0,14100.0,281.0
2013.04.08,13995.0,55.0,13945.0,13995.0,13940.0,9.0
2013.04.05,13940.0,20.0,13820.0,13950.0,13820.0,1758.0
2013.04.04,13920.0,-55.0,13860.0,13920.0,13860.0,21.0
2013.04.03,13975.0,175.0,13975.0,14000.0,13975.0,157.0
2013.04.02,13800.0,-155.0,13725.0,13820.0,13725.0,11.0
2013.04.01,13955.0,5.0,13890.0,13955.0,13890.0,6.0
2013.03.29,13950.0,100.0,13855.0,13950.0,13855.0,6452.0
2013.03.28,13850.0,60.0,13795.0,13850.0,13795.0,2235.0
2013.03.27,13790.0,15.0,13790.0,13790.0,13790.0,751.0
2013.03.26,13775.0,-95.0,13790.0,13790.0,13775.0,63.0
2013.03.25,13870.0,120.0,13870.0,13930.0,13870.0,1014.0
2013.03.22,13750.0,-150.0,13750.0,13750.0,13750.0,363.0
2013.03.21,13900.0,120.0,13895.0,13900.0,13840.0,1702.0
2013.03.20,13780.0,65.0,13720.0,13780.0,13720.0,521.0
2013.03.19,13715.0,75.0,13570.0,13775.0,13570.0,233.0
2013.03.18,13640.0,-140.0,13680.0,13680.0,13635.0,423.0
2013.03.15,13780.0,105.0,13780.0,13785.0,13725.0,354.0
2013.03.14,13675.0,50.0,13625.0,13680.0,13625.0,125.0
2013.03.13,13625.0,-50.0,13615.0,13630.0,13570.0,343.0
2013.03.12,13675.0,85.0,13630.0,13680.0,13630.0,268.0
2013.03.11,13590.0,145.0,13600.0,13620.0,13575.0,206.0
2013.03.08,13445.0,45.0,13430.0,13490.0,13430.0,396.0
2013.03.07,13400.0,-15.0,13415.0,13460.0,13400.0,114.0
2013.03.06,13415.0,120.0,13220.0,13450.0,13220.0,772.0
2013.03.05,13295.0,100.0,13295.0,13295.0,13295.0,10.0
2013.03.04,13195.0,30.0,13195.0,13255.0,13195.0,111.0
2013.02.28,13165.0,80.0,13165.0,13165.0,13165.0,12.0
2013.02.27,13085.0,25.0,13095.0,13095.0,13035.0,93.0
2013.02.26,13060.0,-90.0,13060.0,13060.0,13060.0,4.0
2013.02.25,13150.0,60.0,13210.0,13210.0,13150.0,3.0
2013.02.22,13090.0,-70.0,13115.0,13115.0,13090.0,3960.0
2013.02.21,13160.0,-105.0,13100.0,13160.0,13100.0,195.0
2013.02.20,13265.0,5.0,13260.0,13320.0,13260.0,180.0
2013.02.19,13260.0,10.0,13260.0,13260.0,13260.0,33.0
2013.02.18,13250.0,-50.0,13250.0,13250.0,13200.0,40.0
2013.02.15,13300.0,-30.0,13240.0,13300.0,13240.0,776.0
2013.02.14,13330.0,10.0,13315.0,13330.0,13310.0,892.0
2013.02.13,13320.0,-115.0,13320.0,13320.0,13310.0,24.0
2013.02.12,13435.0,160.0,13435.0,13435.0,13435.0,0.0
2013.02.08,13275.0,15.0,13260.0,13275.0,13260.0,250.0
2013.02.07,13260.0,15.0,13265.0,13265.0,13260.0,12.0
2013.02.06,13245.0,150.0,13185.0,13245.0,13185.0,113.0
2013.02.05,13095.0,-220.0,13095.0,13095.0,13040.0,4179.0
2013.02.04,13315.0,45.0,13800.0,13800.0,13315.0,1060.0
2013.02.01,13270.0,70.0,13195.0,13270.0,13140.0,676.0
2013.01.31,13200.0,85.0,13140.0,13200.0,13140.0,142.0
2013.01.30,13115.0,-30.0,13115.0,13115.0,13115.0,430.0
2013.01.29,13145.0,25.0,13135.0,13160.0,13135.0,80.0
2013.01.28,13120.0,240.0,13060.0,13120.0,13060.0,297.0
2013.01.25,12880.0,15.0,13200.0,13200.0,12880.0,48.0
2013.01.24,12865.0,-95.0,12870.0,12870.0,12865.0,77.0
2013.01.23,12960.0,60.0,12900.0,12960.0,12900.0,26.0
2013.01.22,12900.0,70.0,12900.0,12960.0,12900.0,659.0
2013.01.21,12830.0,55.0,12870.0,12870.0,12830.0,75.0
2013.01.18,12775.0,15.0,12770.0,12775.0,12770.0,149.0
2013.01.17,12760.0,-15.0,12800.0,12800.0,12760.0,101.0
2013.01.16,12775.0,15.0,12780.0,12780.0,12775.0,190.0
2013.01.15,12760.0,-10.0,12730.0,12790.0,12730.0,533.0
2013.01.14,12770.0,-40.0,12830.0,12830.0,12770.0,514.0
2013.01.11,12810.0,25.0,13300.0,13300.0,12810.0,415.0
2013.01.10,12785.0,-25.0,12805.0,12805.0,12785.0,403.0
2013.01.09,12810.0,40.0,12820.0,12820.0,12760.0,102.0
2013.01.08,12770.0,-50.0,12820.0,12820.0,12770.0,575.0
2013.01.07,12820.0,-65.0,12820.0,12820.0,12820.0,59.0
2013.01.04,12885.0,-65.0,12840.0,12885.0,12840.0,15.0
2013.01.03,12950.0,260.0,12945.0,12950.0,12895.0,99.0
2013.01.02,12690.0,145.0,12985.0,12985.0,12680.0,136.0
2012.12.28,12545.0,-45.0,13000.0,13000.0,12545.0,683.0
2012.12.27,12590.0,-100.0,12590.0,12590.0,12590.0,149.0
2012.12.26,12690.0,-10.0,12665.0,12690.0,12595.0,82.0
2012.12.24,12700.0,40.0,12700.0,12700.0,12695.0,230.0
2012.12.21,12660.0,-40.0,12825.0,12825.0,12660.0,34.0
2012.12.20,12700.0,40.0,12600.0,12700.0,12600.0,7602.0
2012.12.18,12660.0,100.0,12660.0,12660.0,12660.0,0.0
2012.12.17,12560.0,-65.0,12560.0,12560.0,12540.0,245.0
2012.12.14,12625.0,-70.0,12645.0,12645.0,12625.0,36.0
2012.12.13,12695.0,-55.0,12700.0,12705.0,12695.0,16.0
2012.12.12,12750.0,115.0,12790.0,12790.0,12745.0,9.0
2012.12.11,12635.0,5.0,13000.0,13000.0,12635.0,17.0
2012.12.10,12630.0,-155.0,12630.0,12630.0,12630.0,7.0
2012.12.07,12785.0,105.0,13265.0,13265.0,12785.0,14.0
2012.12.06,12680.0,-130.0,12680.0,12680.0,12620.0,296.0
2012.12.05,12810.0,-25.0,12810.0,12810.0,12805.0,178.0
2012.12.04,12835.0,-55.0,12840.0,12840.0,12835.0,392.0
2012.12.03,12890.0,30.0,12890.0,12890.0,12890.0,106.0
2012.11.30,12860.0,35.0,12860.0,12860.0,12820.0,4.0
2012.11.29,12825.0,115.0,12785.0,12830.0,12785.0,143.0
2012.11.28,12710.0,-95.0,13365.0,13365.0,12665.0,25.0
2012.11.27,12805.0,125.0,12805.0,12805.0,12760.0,88.0
2012.11.26,12680.0,110.0,13100.0,13100.0,12620.0,236.0
2012.11.23,12570.0,15.0,12990.0,12990.0,12510.0,36198.0
2012.11.22,12555.0,80.0,12475.0,12555.0,12470.0,12065.0
2012.11.21,12475.0,-55.0,12470.0,12475.0,12425.0,8.0
2012.11.20,12530.0,205.0,12825.0,12825.0,12515.0,5113.0
2012.11.19,12325.0,125.0,12850.0,12850.0,12310.0,31137.0
2012.11.16,12200.0,-45.0,12205.0,12205.0,12200.0,13.0
2012.11.15,12245.0,-195.0,12250.0,12250.0,12205.0,352.0
2012.11.14,12440.0,-40.0,12440.0,12440.0,12435.0,29.0
2012.11.13,12480.0,-25.0,12435.0,12480.0,12435.0,118.0
2012.11.12,12505.0,25.0,12515.0,12515.0,12480.0,30.0
2012.11.09,12480.0,-180.0,12480.0,12480.0,12450.0,528.0
2012.11.08,12660.0,-290.0,12555.0,12660.0,12555.0,634.0
2012.11.07,12950.0,30.0,12950.0,12950.0,12905.0,30.0
2012.11.06,12920.0,55.0,12910.0,12920.0,12900.0,82.0
2012.11.05,12865.0,-155.0,12865.0,12865.0,12820.0,167.0
2012.11.02,13020.0,240.0,13020.0,13020.0,12975.0,210.0
2012.11.01,12780.0,-120.0,12730.0,12780.0,12730.0,245.0
2012.10.31,12900.0,0.0,12900.0,12900.0,12840.0,196.0
2012.10.30,12900.0,-10.0,13010.0,13010.0,12820.0,251.0
2012.10.29,12910.0,-15.0,12900.0,12910.0,12870.0,98.0
2012.10.26,12925.0,-85.0,12930.0,12930.0,12880.0,54.0
2012.10.25,13010.0,-80.0,13010.0,13010.0,13000.0,17.0
2012.10.24,13090.0,-55.0,13090.0,13090.0,13090.0,145.0
2012.10.23,13145.0,20.0,13650.0,13650.0,13145.0,2020.0
2012.10.22,13125.0,-345.0,13125.0,13125.0,13125.0,2077.0
2012.10.19,13470.0,-120.0,13470.0,13470.0,13470.0,17.0
2012.10.18,13590.0,-25.0,13590.0,13590.0,13560.0,45.0
2012.10.17,13615.0,125.0,13615.0,13615.0,13615.0,13.0
2012.10.16,13490.0,70.0,13450.0,13490.0,13450.0,36.0
2012.10.15,13420.0,-10.0,13420.0,13420.0,13420.0,1.0
2012.10.12,13430.0,-50.0,13430.0,13430.0,13430.0,11.0
2012.10.11,13480.0,-35.0,13220.0,13480.0,13220.0,3133.0
2012.10.10,13515.0,-225.0,13470.0,13515.0,13470.0,5110.0
2012.10.09,13740.0,-70.0,13715.0,13740.0,13700.0,20.0
2012.10.08,13810.0,-130.0,13810.0,13810.0,13810.0,2039.0
2012.10.05,13940.0,30.0,13900.0,13940.0,13900.0,1634.0
2012.10.04,13910.0,135.0,13865.0,13910.0,13865.0,55.0
2012.10.02,13775.0,-130.0,13760.0,13775.0,13725.0,45.0
2012.09.28,13905.0,70.0,13885.0,13935.0,13865.0,302.0
2012.09.27,13835.0,-110.0,14440.0,14440.0,13825.0,153.0
2012.09.26,13945.0,-175.0,13930.0,13945.0,13920.0,115.0
2012.09.25,14120.0,-65.0,14050.0,14120.0,14050.0,319.0
2012.09.24,14185.0,-30.0,14215.0,14215.0,14130.0,67.0
2012.09.21,14215.0,5.0,14210.0,14215.0,14140.0,99.0
2012.09.20,14210.0,45.0,14010.0,14210.0,14010.0,131.0
2012.09.19,14165.0,40.0,14005.0,14165.0,14005.0,73.0
2012.09.18,14125.0,75.0,14090.0,14125.0,14090.0,6.0
2012.09.17,14050.0,0.0,14030.0,14060.0,14000.0,48.0
2012.09.14,14050.0,130.0,14100.0,14100.0,14030.0,954.0
2012.09.13,13920.0,15.0,13920.0,13920.0,13920.0,1.0
2012.09.12,13905.0,-5.0,13720.0,13905.0,13720.0,1207.0
2012.09.11,13910.0,-170.0,13940.0,13940.0,13905.0,73.0
2012.09.10,14080.0,-95.0,14840.0,14840.0,14080.0,217.0
2012.09.07,14175.0,280.0,14160.0,14175.0,14125.0,581.0
2012.09.06,13895.0,0.0,13895.0,13895.0,13895.0,18.0
2012.09.05,13895.0,-55.0,13895.0,13895.0,13895.0,1.0
2012.09.04,13950.0,75.0,14550.0,14550.0,13870.0,1071.0
2012.09.03,13875.0,35.0,13500.0,14045.0,13500.0,23.0
2012.08.31,13840.0,-70.0,13800.0,13840.0,13780.0,129.0
2012.08.30,13910.0,-85.0,13910.0,13950.0,13910.0,665.0
2012.08.29,13995.0,-10.0,13950.0,13995.0,13950.0,14.0
2012.08.28,14005.0,-5.0,14000.0,14005.0,13950.0,242.0
2012.08.27,14010.0,120.0,14025.0,14025.0,14010.0,885.0
2012.08.24,13890.0,-70.0,13820.0,13890.0,13820.0,13.0
2012.08.23,13960.0,95.0,13950.0,13960.0,13950.0,2.0
2012.08.22,13865.0,-80.0,13820.0,13865.0,13820.0,12.0
2012.08.21,13945.0,-35.0,13970.0,13970.0,13945.0,440.0
2012.08.20,13980.0,100.0,13940.0,13980.0,13940.0,227.0
2012.08.17,13880.0,160.0,13880.0,13880.0,13840.0,417.0
2012.08.16,13720.0,45.0,13725.0,13725.0,13690.0,32.0
2012.08.14,13675.0,105.0,13615.0,13675.0,13595.0,842.0
2012.08.13,13570.0,20.0,14235.0,14235.0,13555.0,1896.0
2012.08.10,13550.0,-20.0,13525.0,13550.0,13525.0,102.0
2012.08.09,13570.0,30.0,13550.0,13570.0,13525.0,2927.0
2012.08.08,13540.0,40.0,13530.0,13560.0,13520.0,3198.0
2012.08.07,13500.0,95.0,13465.0,13500.0,13435.0,522.0
2012.08.06,13405.0,200.0,13350.0,13405.0,13325.0,430.0
2012.08.03,13205.0,0.0,13205.0,13205.0,13205.0,1.0
2012.08.02,13205.0,15.0,13200.0,13205.0,13180.0,30.0
2012.08.01,13190.0,-90.0,13155.0,13195.0,13155.0,883.0
2012.07.31,13280.0,-30.0,13290.0,13290.0,13280.0,2338.0
2012.07.30,13310.0,200.0,13250.0,13310.0,13250.0,171.0
2012.07.27,13110.0,140.0,13100.0,13110.0,13060.0,51.0
2012.07.26,12970.0,-5.0,12935.0,12970.0,12935.0,252.0
2012.07.25,12975.0,-225.0,12970.0,12985.0,12940.0,862.0
2012.07.24,13200.0,-60.0,13160.0,13200.0,13160.0,35.0
2012.07.23,13260.0,-165.0,13260.0,13260.0,13250.0,222.0
2012.07.20,13425.0,85.0,13365.0,13425.0,13365.0,204.0
2012.07.19,13340.0,310.0,13265.0,13340.0,13265.0,459.0
2012.07.18,13030.0,-70.0,13095.0,13095.0,13030.0,1362.0
2012.07.17,13100.0,-15.0,13065.0,13100.0,13040.0,2666.0
2012.07.16,13115.0,110.0,13085.0,13115.0,13080.0,183.0
2012.07.13,13005.0,-45.0,13715.0,13715.0,13000.0,302.0
2012.07.12,13050.0,-35.0,12995.0,13050.0,12985.0,146.0
2012.07.11,13085.0,-75.0,13080.0,13100.0,13080.0,109.0
2012.07.10,13160.0,0.0,13180.0,13180.0,13150.0,16.0
2012.07.09,13160.0,-145.0,13180.0,13180.0,13160.0,92.0
2012.07.06,13305.0,45.0,13275.0,13305.0,13275.0,211.0
2012.07.05,13260.0,-45.0,13250.0,13265.0,13250.0,4.0
2012.07.04,13305.0,55.0,13295.0,13305.0,13260.0,117.0
2012.07.03,13250.0,65.0,13290.0,13290.0,13205.0,566.0
2012.07.02,13185.0,130.0,13480.0,13480.0,13175.0,536.0
2012.06.29,13055.0,-70.0,12960.0,13065.0,12930.0,538.0
2012.06.28,13125.0,50.0,13125.0,13125.0,13125.0,38.0
2012.06.27,13075.0,85.0,13020.0,13075.0,13020.0,598.0
2012.06.26,12990.0,-225.0,13930.0,13930.0,12990.0,2040.0
2012.06.25,13215.0,95.0,13205.0,13235.0,13205.0,643.0
2012.06.22,13120.0,-190.0,13120.0,13120.0,13120.0,19.0
2012.06.21,13310.0,-35.0,13275.0,13310.0,13275.0,16.0
2012.06.20,13345.0,5.0,13340.0,13345.0,13340.0,11.0
2012.06.19,13340.0,105.0,13340.0,13340.0,13340.0,1.0
2012.06.18,13235.0,120.0,13735.0,13735.0,13235.0,6.0
2012.06.15,13115.0,-680.0,13115.0,13115.0,13115.0,10.0
2012.06.14,13795.0,680.0,13795.0,13795.0,13795.0,1.0
2012.06.13,13115.0,80.0,13155.0,13155.0,13115.0,76.0
2012.06.12,13035.0,-310.0,13035.0,13035.0,13035.0,55.0
2012.06.11,13345.0,215.0,13320.0,13375.0,13320.0,84.0
2012.06.08,13130.0,-140.0,13070.0,13140.0,13070.0,119.0
2012.06.07,13270.0,280.0,13585.0,13585.0,13225.0,241.0
2012.06.05,12990.0,200.0,12985.0,12990.0,12985.0,7.0
2012.06.04,12790.0,-340.0,12795.0,12795.0,12735.0,1041.0
2012.06.01,13130.0,-140.0,13140.0,13190.0,13130.0,27.0
2012.05.31,13270.0,-10.0,13240.0,13270.0,13205.0,13.0
2012.05.30,13280.0,10.0,13265.0,13280.0,13240.0,41.0
2012.05.29,13270.0,105.0,13920.0,13920.0,13270.0,12.0
2012.05.25,13165.0,-35.0,13165.0,13165.0,13165.0,963.0
2012.05.24,13200.0,90.0,13200.0,13200.0,13200.0,10.0
2012.05.23,13110.0,0.0,13110.0,13110.0,13110.0,33.0
2012.05.22,13110.0,210.0,13110.0,13110.0,13110.0,100.0
2012.05.21,12900.0,0.0,12900.0,12900.0,12900.0,0.0
2012.05.18,12935.0,-280.0,12965.0,13045.0,12935.0,186.0
2012.05.17,13215.0,-20.0,13175.0,13215.0,13175.0,12.0
2012.05.16,13235.0,55.0,13220.0,13250.0,13220.0,37.0
2012.05.15,13180.0,-40.0,13175.0,13200.0,13175.0,60.0
2012.05.14,13220.0,55.0,13200.0,13220.0,13180.0,49.0
2012.05.11,13165.0,5.0,13150.0,13165.0,13100.0,108.0
2012.05.10,13160.0,15.0,13145.0,13200.0,13145.0,576.0
2012.05.09,13145.0,-25.0,13215.0,13215.0,13145.0,66.0
2012.05.08,13170.0,60.0,13300.0,13300.0,13170.0,547.0
2012.05.07,13110.0,-365.0,13105.0,13120.0,13065.0,454.0
2012.05.04,13475.0,-105.0,13430.0,13475.0,13425.0,418.0
2012.05.03,13580.0,55.0,13555.0,13600.0,13545.0,676.0
2012.05.02,13525.0,-105.0,13605.0,13605.0,13490.0,589.0
2012.04.30,13630.0,80.0,13650.0,13650.0,13600.0,545.0
2012.04.27,13550.0,10.0,13590.0,13590.0,13545.0,207.0
2012.04.26,13540.0,120.0,13550.0,13590.0,13540.0,630.0
2012.04.25,13420.0,115.0,13365.0,13420.0,13365.0,1445.0
2012.04.24,13305.0,-75.0,13300.0,13305.0,13290.0,2413.0
2012.04.23,13380.0,-90.0,13335.0,13410.0,13335.0,197.0
2012.04.20,13470.0,-200.0,13570.0,13570.0,13470.0,280.0
2012.04.19,13670.0,60.0,13605.0,13670.0,13605.0,351.0
2012.04.18,13610.0,260.0,13575.0,13640.0,13575.0,305.0
2012.04.17,13350.0,-115.0,13310.0,13350.0,13300.0,1369.0
2012.04.16,13465.0,-190.0,13600.0,13600.0,13460.0,278.0
2012.04.13,13655.0,35.0,13635.0,13655.0,13635.0,695.0
2012.04.12,13620.0,-65.0,13620.0,13630.0,13580.0,195.0
2012.04.10,13685.0,45.0,13655.0,13720.0,13655.0,702.0
2012.04.09,13640.0,-65.0,13645.0,13660.0,13640.0,319.0
2012.04.06,13705.0,70.0,13725.0,13765.0,13705.0,1254.0
2012.04.05,13635.0,-105.0,13640.0,13640.0,13620.0,1186.0
2012.04.04,13740.0,10.0,13735.0,13740.0,13720.0,227.0
2012.04.03,13730.0,35.0,13725.0,13770.0,13720.0,308.0
2012.04.02,13695.0,-90.0,13700.0,13715.0,13640.0,299.0
2012.03.30,13785.0,-75.0,13605.0,13785.0,13605.0,597.0
2012.03.29,13860.0,-35.0,13730.0,13860.0,13730.0,383.0
2012.03.28,13895.0,45.0,13800.0,13915.0,13800.0,569.0
2012.03.27,13850.0,150.0,13795.0,13875.0,13795.0,1025.0
2012.03.26,13700.0,100.0,13465.0,13700.0,13465.0,264.0
2012.03.23,13600.0,70.0,13590.0,13600.0,13545.0,205.0
2012.03.22,13530.0,-40.0,13540.0,13590.0,13530.0,241.0
2012.03.21,13570.0,140.0,13215.0,13570.0,13215.0,449.0
2012.03.20,13430.0,40.0,13450.0,13475.0,13420.0,295.0
2012.03.19,13390.0,0.0,13315.0,13420.0,13315.0,273.0
2012.03.16,13390.0,-50.0,13380.0,13395.0,13380.0,397.0
2012.03.15,13440.0,185.0,13440.0,13450.0,13385.0,1069.0
2012.03.14,13255.0,165.0,13280.0,13280.0,13230.0,1511.0
2012.03.13,13090.0,130.0,13050.0,13090.0,13000.0,4584.0
2012.03.12,12960.0,85.0,13005.0,13005.0,12960.0,206.0
2012.03.09,12875.0,70.0,12900.0,12900.0,12835.0,520.0
2012.03.08,12805.0,5.0,12805.0,12805.0,12805.0,30.0
2012.03.07,12800.0,-5.0,12800.0,12800.0,12770.0,2221.0
2012.03.06,12805.0,-70.0,12775.0,12810.0,12760.0,2621.0
2012.03.05,12875.0,-80.0,12935.0,12960.0,12875.0,1660.0
2012.03.02,12955.0,0.0,12955.0,12955.0,12955.0,2594.0
2012.02.29,12955.0,50.0,12990.0,12990.0,12955.0,43.0
2012.02.28,12905.0,5.0,12915.0,12915.0,12905.0,570.0
2012.02.27,12900.0,45.0,12755.0,12905.0,12755.0,138.0
2012.02.24,12855.0,60.0,12800.0,12860.0,12800.0,150.0
2012.02.23,12795.0,-5.0,12650.0,12795.0,12650.0,1075.0
2012.02.22,12800.0,10.0,12610.0,12800.0,12610.0,4.0
2012.02.21,12790.0,-35.0,12610.0,12800.0,12610.0,30.0
2012.02.20,12825.0,5.0,12515.0,12825.0,12515.0,243.0
2012.02.17,12820.0,225.0,12780.0,12820.0,12780.0,204.0
2012.02.16,12595.0,-170.0,12610.0,12610.0,12595.0,652.0
2012.02.15,12765.0,85.0,12680.0,12765.0,12680.0,2896.0
2012.02.14,12680.0,80.0,12680.0,12680.0,12615.0,242.0
2012.02.13,12600.0,0.0,12600.0,12600.0,12600.0,2.0
2012.02.10,12600.0,150.0,12545.0,12610.0,12545.0,295.0
2012.02.09,12450.0,10.0,12400.0,12455.0,12400.0,374.0
2012.02.08,12440.0,-20.0,12430.0,12440.0,12430.0,44.0
2012.02.07,12460.0,60.0,12425.0,12475.0,12425.0,199.0
2012.02.06,12400.0,130.0,12360.0,12415.0,12360.0,2257.0
2012.02.03,12270.0,0.0,12285.0,12295.0,12270.0,164.0
2012.02.02,12270.0,75.0,13845.0,13845.0,12225.0,568.0
2012.02.01,12195.0,-40.0,12010.0,12215.0,12010.0,5652.0
2012.01.31,12235.0,135.0,12220.0,12240.0,12200.0,1592.0
2012.01.30,12100.0,-20.0,12095.0,12150.0,12090.0,633.0
2012.01.27,12120.0,5.0,12115.0,12145.0,12100.0,42.0
2012.01.26,12115.0,-55.0,12160.0,12165.0,12115.0,129.0
2012.01.25,12170.0,-45.0,12030.0,12200.0,12030.0,261.0
2012.01.20,12215.0,115.0,12140.0,12220.0,12140.0,329.0
2012.01.19,12100.0,60.0,12130.0,12130.0,12100.0,48.0
2012.01.18,12040.0,20.0,11955.0,12085.0,11955.0,233.0
2012.01.17,12020.0,70.0,12010.0,12045.0,12010.0,348.0
2012.01.16,11950.0,-125.0,11755.0,11980.0,11755.0,9.0
2012.01.13,12075.0,-25.0,12610.0,12610.0,12075.0,151.0
2012.01.12,12100.0,95.0,11755.0,12120.0,11755.0,260.0
2012.01.11,12005.0,-30.0,11955.0,12050.0,11955.0,72.0
2012.01.10,12035.0,30.0,11820.0,12035.0,11820.0,1254.0
2012.01.09,12005.0,10.0,11770.0,12070.0,11770.0,981.0
2012.01.06,11995.0,235.0,11940.0,11995.0,11940.0,161.0
2012.01.05,11760.0,10.0,11770.0,11810.0,11755.0,187.0
2012.01.04,11750.0,160.0,11700.0,11750.0,11700.0,2480.0
2012.01.03,11590.0,20.0,11630.0,11630.0,11590.0,2482.0
2012.01.02,11570.0,30.0,11225.0,11570.0,11225.0,84.0
2011.12.29,11540.0,-160.0,11535.0,11590.0,11535.0,227.0
2011.12.28,11700.0,50.0,11660.0,11700.0,11660.0,34.0
2011.12.27,11650.0,30.0,11650.0,11650.0,11650.0,1.0
2011.12.26,11620.0,70.0,11400.0,11620.0,11400.0,56.0
2011.12.23,11550.0,130.0,11550.0,11550.0,11550.0,4.0
2011.12.22,11420.0,-125.0,11400.0,11420.0,11400.0,290.0
2011.12.21,11545.0,90.0,11650.0,11660.0,11545.0,568.0
2011.12.20,11455.0,-75.0,11455.0,11500.0,11455.0,113.0
2011.12.19,11530.0,150.0,11260.0,11530.0,11260.0,196.0
2011.12.16,11380.0,0.0,11380.0,11380.0,11380.0,0.0
2011.12.15,11375.0,-245.0,11375.0,11375.0,11375.0,170.0
2011.12.14,11620.0,-60.0,11620.0,11620.0,11620.0,4.0
2011.12.13,11680.0,20.0,11695.0,11695.0,11650.0,220.0
2011.12.12,11660.0,175.0,11650.0,11660.0,11650.0,28.0
2011.12.09,11485.0,-80.0,11430.0,11485.0,11430.0,31.0
2011.12.08,11565.0,-10.0,11565.0,11565.0,11565.0,58.0
2011.12.07,11575.0,25.0,11560.0,11575.0,11560.0,4.0
2011.12.06,11550.0,65.0,11530.0,11555.0,11530.0,17.0
2011.12.05,11485.0,20.0,11500.0,11505.0,11485.0,766.0
2011.12.02,11465.0,40.0,11440.0,11510.0,11440.0,114.0
2011.12.01,11425.0,340.0,11500.0,11500.0,11335.0,304.0
2011.11.30,11085.0,-200.0,11130.0,11130.0,11065.0,302.0
2011.11.29,11285.0,175.0,11285.0,11305.0,11275.0,420.0
2011.11.28,11110.0,50.0,11130.0,11160.0,11110.0,220.0
2011.11.25,11060.0,0.0,11060.0,11060.0,11060.0,0.0
2011.11.24,11060.0,-80.0,11365.0,11365.0,11050.0,840.0
2011.11.23,11140.0,-60.0,11165.0,11165.0,11100.0,253.0
2011.11.22,11200.0,-65.0,11500.0,11500.0,11195.0,140.0
2011.11.21,11265.0,-110.0,11245.0,11265.0,11200.0,358.0
2011.11.18,11375.0,-255.0,11390.0,11400.0,11375.0,496.0
2011.11.17,11630.0,-105.0,11640.0,11640.0,11630.0,174.0
2011.11.16,11735.0,155.0,11745.0,11800.0,11730.0,770.0
2011.11.15,11580.0,-100.0,11805.0,11805.0,11580.0,165.0
2011.11.14,11680.0,180.0,11410.0,11690.0,11410.0,41.0
2011.11.11,11500.0,0.0,11520.0,11520.0,11465.0,5.0
2011.11.10,11500.0,-225.0,11200.0,11500.0,11200.0,207.0
2011.11.09,11725.0,140.0,11700.0,11780.0,11700.0,10213.0
2011.11.08,11585.0,85.0,12100.0,12100.0,11585.0,143.0
2011.11.07,11500.0,-70.0,11390.0,11550.0,11390.0,10.0
2011.11.04,11570.0,30.0,11455.0,11605.0,11455.0,150.0
2011.11.03,11540.0,190.0,11260.0,11540.0,11260.0,380.0
2011.11.02,11350.0,-200.0,11390.0,11420.0,11350.0,101.0
2011.11.01,11550.0,-30.0,11355.0,11550.0,11355.0,354.0
2011.10.31,11580.0,-70.0,11465.0,11580.0,11465.0,23.0
2011.10.28,11650.0,-30.0,11505.0,11690.0,11505.0,52.0
2011.10.27,11680.0,65.0,11505.0,11685.0,11505.0,412.0
2011.10.26,11615.0,-125.0,11435.0,11620.0,11435.0,173.0
2011.10.25,11740.0,105.0,11505.0,11815.0,11505.0,114.0
2011.10.24,11635.0,85.0,11600.0,11845.0,11600.0,919.0
2011.10.21,11550.0,-10.0,11560.0,11560.0,11550.0,158.0
2011.10.20,11560.0,-65.0,11355.0,11560.0,11355.0,2043.0
2011.10.19,11625.0,-110.0,11655.0,11755.0,11605.0,4544.0
2011.10.18,11735.0,-200.0,11310.0,11760.0,11310.0,486.0
2011.10.17,11935.0,85.0,11900.0,11990.0,11900.0,389.0
2011.10.14,11850.0,165.0,11520.0,11850.0,11520.0,171.0
2011.10.13,11685.0,-60.0,11635.0,11735.0,11635.0,486.0
2011.10.12,11745.0,135.0,11400.0,11750.0,11400.0,142.0
2011.10.11,11610.0,160.0,11450.0,11610.0,11450.0,1622.0
2011.10.10,11450.0,-20.0,11470.0,11470.0,11440.0,220.0
2011.10.07,11470.0,135.0,11340.0,11490.0,11340.0,976.0
2011.10.06,11335.0,205.0,11400.0,11595.0,11275.0,449.0
2011.10.05,11130.0,220.0,11170.0,11215.0,11110.0,1026.0
2011.10.04,10910.0,-390.0,11300.0,11300.0,10440.0,813.0
2011.09.30,11300.0,-195.0,11495.0,11495.0,11285.0,370.0
2011.09.29,11495.0,0.0,11100.0,11495.0,11100.0,3182.0
2011.09.28,11495.0,-60.0,12285.0,12285.0,11475.0,1734.0
2011.09.27,11555.0,115.0,11975.0,12370.0,11550.0,499.0
2011.09.26,11440.0,-85.0,11940.0,11940.0,11440.0,481.0
2011.09.23,11525.0,-90.0,11615.0,11615.0,11440.0,1347.0
2011.09.22,11615.0,20.0,11100.0,11650.0,11100.0,1404.0
2011.09.21,11595.0,-30.0,11425.0,11605.0,11425.0,2337.0
2011.09.20,11625.0,405.0,11200.0,11645.0,11200.0,8710.0
2011.09.19,11220.0,130.0,11145.0,11220.0,11120.0,3923.0
2011.09.16,11090.0,100.0,11045.0,11120.0,11020.0,594.0
2011.09.15,10990.0,370.0,10500.0,11000.0,10500.0,2042.0
2011.09.14,10620.0,160.0,10150.0,10665.0,10150.0,393.0
2011.09.09,10460.0,15.0,10445.0,10460.0,10425.0,448.0
2011.09.08,10445.0,225.0,10455.0,10455.0,10445.0,43.0
2011.09.07,10220.0,260.0,10210.0,10265.0,10210.0,233.0
2011.09.06,9960.0,-135.0,9965.0,9990.0,9960.0,313.0
2011.09.05,10095.0,-245.0,10115.0,10115.0,10095.0,79.0
2011.09.02,10340.0,-160.0,10510.0,10510.0,10265.0,89.0
2011.09.01,10500.0,-30.0,10500.0,10500.0,10435.0,270.0
2011.08.31,10530.0,90.0,10530.0,10530.0,10500.0,173.0
2011.08.30,10440.0,180.0,10900.0,10900.0,10440.0,99.0
2011.08.29,10260.0,180.0,10270.0,10270.0,10210.0,3029.0
2011.08.26,10080.0,-40.0,10120.0,10120.0,10070.0,462.0
2011.08.25,10120.0,120.0,10100.0,10130.0,10095.0,232.0
2011.08.24,10000.0,195.0,9850.0,10040.0,9850.0,996.0
2011.08.23,9805.0,95.0,9740.0,9805.0,9715.0,192.0
2011.08.22,9710.0,-110.0,9820.0,9820.0,9685.0,54.0
2011.08.19,9820.0,-315.0,9595.0,9835.0,9595.0,75.0
2011.08.18,10135.0,-125.0,10225.0,10225.0,10130.0,112.0
2011.08.17,10260.0,-40.0,10200.0,10260.0,10200.0,545.0
2011.08.16,10300.0,155.0,10400.0,10400.0,10300.0,1122.0
2011.08.12,10145.0,110.0,10515.0,10515.0,10145.0,1522.0
2011.08.11,10035.0,-225.0,9975.0,10035.0,9920.0,3092.0
2011.08.10,10260.0,435.0,10600.0,10600.0,9610.0,337.0
2011.08.09,9825.0,-315.0,9835.0,9835.0,9595.0,28354.0
2011.08.08,10140.0,-220.0,9660.0,10925.0,9660.0,1938.0
2011.08.05,10360.0,-455.0,9885.0,10375.0,9885.0,2183.0
2011.08.04,10815.0,215.0,10650.0,10815.0,10650.0,995.0
2011.08.03,10600.0,-195.0,10725.0,10725.0,10535.0,233.0
2011.08.02,10795.0,-160.0,10800.0,10800.0,10750.0,1729.0
2011.08.01,10955.0,45.0,10910.0,10970.0,10815.0,49970.0
2011.07.29,10910.0,5.0,10905.0,10940.0,10900.0,401.0
2011.07.28,10905.0,-235.0,10900.0,10915.0,10860.0,516.0
2011.07.27,11140.0,-20.0,11160.0,11160.0,11140.0,69.0
2011.07.26,11160.0,-40.0,11195.0,11195.0,11150.0,766.0
2011.07.25,11200.0,120.0,11060.0,11210.0,11060.0,891.0
2011.07.22,11080.0,55.0,11150.0,11150.0,11050.0,1210.0
2011.07.21,11025.0,-65.0,11060.0,11060.0,10975.0,903.0
2011.07.20,11090.0,220.0,11030.0,11090.0,11030.0,801.0
2011.07.19,10870.0,-80.0,10870.0,10880.0,10830.0,301.0
2011.07.18,10950.0,185.0,10915.0,10960.0,10905.0,928.0
2011.07.15,10765.0,-90.0,10850.0,10850.0,10730.0,400.0
2011.07.14,10855.0,-25.0,11100.0,11100.0,10835.0,126.0
2011.07.13,10880.0,-140.0,10915.0,10920.0,10880.0,635.0
2011.07.12,11020.0,-110.0,10960.0,11030.0,10955.0,483.0
2011.07.11,11130.0,-15.0,11175.0,11175.0,11130.0,197.0
2011.07.08,11145.0,70.0,11140.0,11195.0,11140.0,1806.0
2011.07.07,11075.0,30.0,11040.0,11075.0,11035.0,93.0
2011.07.06,11045.0,30.0,11025.0,11045.0,11000.0,854.0
2011.07.05,11015.0,15.0,11000.0,11025.0,11000.0,132.0
2011.07.04,11000.0,135.0,11265.0,11265.0,10960.0,1419.0
2011.07.01,10865.0,125.0,10860.0,10865.0,10835.0,1635.0
2011.06.30,10740.0,-60.0,10800.0,10800.0,10715.0,240.0
2011.06.29,10800.0,145.0,10805.0,10805.0,10760.0,170.0
2011.06.28,10655.0,100.0,10640.0,10690.0,10640.0,260.0
2011.06.27,10555.0,-110.0,10540.0,10555.0,10520.0,315.0
2011.06.24,10665.0,110.0,10615.0,10665.0,10615.0,69.0
2011.06.23,10555.0,-55.0,10560.0,10560.0,10525.0,8.0
2011.06.22,10610.0,175.0,10610.0,10630.0,10605.0,857.0
2011.06.21,10435.0,5.0,10420.0,10470.0,10415.0,5492.0
2011.06.20,10430.0,-55.0,10755.0,10755.0,10360.0,2265.0
2011.06.17,10485.0,-75.0,10700.0,10700.0,10450.0,1796.0
2011.06.16,10560.0,-140.0,10700.0,10700.0,10515.0,1590.0
2011.06.15,10700.0,135.0,10885.0,10895.0,10630.0,2090.0
2011.06.14,10565.0,-15.0,10580.0,10580.0,10555.0,3149.0
2011.06.13,10580.0,-145.0,10585.0,10585.0,10550.0,1608.0
2011.06.10,10725.0,20.0,10945.0,10945.0,10670.0,1826.0
2011.06.09,10705.0,20.0,10970.0,10970.0,10650.0,257.0
2011.06.08,10685.0,-110.0,10525.0,10685.0,10525.0,233.0
2011.06.07,10795.0,-175.0,10970.0,10970.0,10720.0,743.0
2011.06.03,10970.0,-25.0,11135.0,11135.0,10970.0,116.0
2011.06.02,10995.0,-160.0,11155.0,11155.0,10935.0,333.0
2011.06.01,11155.0,110.0,11140.0,11200.0,11140.0,8748.0
2011.05.31,11045.0,-10.0,11040.0,11045.0,11005.0,1512.0
2011.05.30,11055.0,25.0,10905.0,11055.0,10905.0,65.0
2011.05.27,11030.0,15.0,11020.0,11035.0,11000.0,277.0
2011.05.26,11015.0,-55.0,11075.0,11075.0,11015.0,196.0
2011.05.25,11070.0,0.0,11395.0,11395.0,10955.0,704.0
2011.05.24,11070.0,-175.0,10940.0,11130.0,10940.0,442.0
2011.05.23,11245.0,65.0,11180.0,11245.0,11180.0,319.0
2011.05.20,11180.0,-60.0,10970.0,11230.0,10970.0,98.0
2011.05.19,11240.0,75.0,11165.0,11300.0,11160.0,4380.0
2011.05.18,11165.0,40.0,11280.0,11280.0,11135.0,3160.0
2011.05.17,11125.0,-235.0,11340.0,11340.0,10990.0,115.0
2011.05.16,11360.0,-85.0,11400.0,11400.0,11330.0,1412.0
2011.05.13,11445.0,150.0,11365.0,11480.0,11365.0,2893.0
2011.05.12,11295.0,-35.0,11325.0,11325.0,11285.0,1371.0
2011.05.11,11330.0,90.0,11290.0,11330.0,11290.0,557.0
2011.05.09,11240.0,0.0,11245.0,11245.0,11230.0,303.0
2011.05.06,11240.0,-10.0,11260.0,11260.0,11065.0,1622.0
2011.05.04,11250.0,40.0,11255.0,11255.0,11210.0,1947.0
2011.05.03,11210.0,50.0,11200.0,11265.0,11200.0,2674.0
2011.05.02,11160.0,-85.0,11130.0,11370.0,11130.0,2435.0
2011.04.29,11245.0,-15.0,11285.0,11295.0,11240.0,1385.0
2011.04.28,11260.0,-20.0,11305.0,11305.0,11260.0,1347.0
2011.04.27,11280.0,10.0,11295.0,11310.0,11275.0,7439.0
2011.04.26,11270.0,90.0,10955.0,11270.0,10955.0,2825.0
2011.04.25,11180.0,0.0,11375.0,11375.0,11180.0,1453.0
2011.04.22,11180.0,85.0,11165.0,11200.0,11165.0,4811.0
2011.04.21,11095.0,185.0,11020.0,11095.0,11020.0,3828.0
2011.04.20,10910.0,-15.0,10930.0,10935.0,10875.0,1173.0
2011.04.19,10925.0,-60.0,11050.0,11050.0,10890.0,1649.0
2011.04.18,10985.0,0.0,10985.0,10990.0,10935.0,1384.0
2011.04.15,10985.0,0.0,10985.0,10985.0,10950.0,1949.0
2011.04.14,10985.0,65.0,11100.0,11100.0,10970.0,2244.0
2011.04.13,10920.0,-100.0,10955.0,10965.0,10915.0,2778.0
2011.04.12,11020.0,40.0,10980.0,11030.0,10980.0,3859.0
2011.04.11,10980.0,-30.0,11100.0,11100.0,10960.0,2272.0
2011.04.08,11010.0,-60.0,11155.0,11155.0,11010.0,3769.0
2011.04.07,11070.0,50.0,11020.0,11070.0,11020.0,3442.0
2011.04.06,11020.0,-30.0,11050.0,11050.0,10995.0,3999.0
2011.04.05,11050.0,-60.0,10850.0,11100.0,10850.0,1662.0
2011.04.04,11110.0,-30.0,11205.0,11205.0,11075.0,1886.0
2011.04.01,11140.0,-25.0,10935.0,11200.0,10935.0,4551.0
2011.03.31,11165.0,-50.0,11220.0,11245.0,11165.0,2326.0
2011.03.30,11215.0,35.0,11170.0,11250.0,11170.0,4727.0
2011.03.29,11180.0,-105.0,11275.0,11275.0,11180.0,2362.0
2011.03.28,11285.0,15.0,11300.0,11300.0,11260.0,3637.0
2011.03.25,11270.0,120.0,11250.0,11295.0,11250.0,869.0
2011.03.24,11150.0,50.0,10770.0,11170.0,10770.0,1163.0
2011.03.23,11100.0,-5.0,11100.0,11120.0,11080.0,2726.0
2011.03.22,11105.0,160.0,11150.0,11150.0,11100.0,4665.0
2011.03.21,10945.0,5.0,11000.0,11000.0,10910.0,14664.0
2011.03.18,10940.0,20.0,11075.0,11075.0,10940.0,17824.0
2011.03.17,10920.0,-240.0,11145.0,11145.0,10910.0,15517.0
2011.03.16,11160.0,-185.0,11345.0,11345.0,11160.0,14605.0
2011.03.15,11345.0,-5.0,11265.0,11365.0,11240.0,6518.0
2011.03.14,11350.0,150.0,11400.0,11400.0,11300.0,852.0
2011.03.11,11200.0,-185.0,11270.0,11270.0,11200.0,1391.0
2011.03.10,11385.0,-25.0,11410.0,11410.0,11315.0,1909.0
2011.03.09,11410.0,45.0,11470.0,11470.0,11370.0,4765.0
2011.03.08,11365.0,-245.0,11610.0,11610.0,11345.0,5208.0
2011.03.07,11610.0,-10.0,11620.0,11620.0,11565.0,7129.0
2011.03.04,11620.0,245.0,11500.0,11660.0,11500.0,4798.0
2011.03.03,11375.0,-5.0,11385.0,11415.0,11375.0,11456.0
2011.03.02,11380.0,-155.0,11500.0,11500.0,11380.0,2977.0
2011.02.28,11535.0,160.0,11415.0,11565.0,11415.0,5196.0
2011.02.25,11375.0,40.0,11385.0,11395.0,11360.0,4821.0
2011.02.24,11335.0,-20.0,11330.0,11335.0,11250.0,7667.0
2011.02.23,11355.0,-255.0,11300.0,11430.0,11300.0,6212.0
2011.02.22,11610.0,-45.0,11690.0,11720.0,11590.0,2813.0
2011.02.21,11655.0,40.0,11795.0,11795.0,11600.0,2200.0
2011.02.18,11615.0,-50.0,11640.0,11640.0,11605.0,3253.0
2011.02.17,11665.0,30.0,11780.0,11780.0,11640.0,7045.0
2011.02.16,11635.0,-5.0,11650.0,11900.0,11590.0,1715.0
2011.02.15,11640.0,-20.0,11890.0,11890.0,11615.0,4172.0
2011.02.14,11660.0,50.0,11900.0,11900.0,11635.0,6053.0
2011.02.11,11610.0,125.0,11500.0,11610.0,11490.0,2522.0
2011.02.10,11485.0,95.0,11405.0,11485.0,11405.0,787.0
2011.02.09,11390.0,75.0,11495.0,11495.0,11340.0,2831.0
2011.02.08,11315.0,5.0,11545.0,11545.0,11280.0,2399.0
2011.02.07,11310.0,190.0,11300.0,11315.0,11255.0,3982.0
2011.02.01,11120.0,15.0,11390.0,11390.0,11100.0,2696.0
2011.01.31,11105.0,-235.0,11435.0,11435.0,11090.0,7653.0
2011.01.28,11340.0,65.0,11995.0,11995.0,11315.0,2847.0
2011.01.27,11275.0,45.0,11385.0,11385.0,11240.0,2251.0
2011.01.26,11230.0,0.0,11385.0,11385.0,11230.0,2112.0
2011.01.25,11230.0,130.0,11300.0,11300.0,11195.0,1481.0
2011.01.24,11100.0,-65.0,11300.0,11300.0,11075.0,1268.0
2011.01.21,11165.0,-90.0,11590.0,11590.0,11160.0,736.0
2011.01.20,11255.0,-40.0,11235.0,11270.0,11200.0,2117.0
2011.01.19,11295.0,5.0,11630.0,11630.0,11240.0,2606.0
2011.01.18,11290.0,-30.0,11005.0,11320.0,11005.0,568.0
2011.01.17,11320.0,115.0,11210.0,11320.0,11210.0,511.0
2011.01.14,11205.0,20.0,11295.0,11295.0,11195.0,787.0
2011.01.13,11185.0,5.0,11600.0,11600.0,11155.0,2145.0
2011.01.12,11180.0,-25.0,11345.0,11345.0,11155.0,367.0
2011.01.11,11205.0,55.0,11430.0,11430.0,10415.0,1840.0
2011.01.10,11150.0,-5.0,11490.0,11490.0,11110.0,3395.0
2011.01.07,11155.0,45.0,11200.0,11200.0,11125.0,1173.0
2011.01.06,11110.0,65.0,10965.0,11140.0,10965.0,827.0
2011.01.05,11045.0,15.0,11140.0,11140.0,11030.0,1633.0
2011.01.04,11030.0,100.0,10990.0,11060.0,10990.0,2871.0
2011.01.03,10930.0,-125.0,11195.0,11195.0,10920.0,4958.0
2010.12.30,11055.0,-75.0,11150.0,11150.0,11055.0,2145.0
2010.12.29,11130.0,-45.0,10920.0,11170.0,10920.0,2300.0
2010.12.28,11175.0,-10.0,11185.0,11185.0,11155.0,1045.0
2010.12.27,11185.0,-15.0,11180.0,11200.0,11180.0,182.0
2010.12.24,11200.0,-10.0,11215.0,11235.0,11185.0,1394.0
2010.12.23,11210.0,-40.0,11260.0,11260.0,11205.0,903.0
2010.12.22,11250.0,60.0,11980.0,11980.0,11245.0,977.0
2010.12.21,11190.0,-10.0,11235.0,11235.0,11160.0,3614.0
2010.12.20,11200.0,65.0,11290.0,11335.0,11200.0,1841.0
2010.12.17,11135.0,65.0,11165.0,11180.0,11110.0,608.0
2010.12.16,11070.0,-70.0,11300.0,11300.0,11065.0,7242.0
2010.12.15,11140.0,160.0,10990.0,11140.0,10990.0,6576.0
2010.12.14,10980.0,-75.0,11015.0,11015.0,10970.0,2992.0
2010.12.13,11055.0,70.0,11010.0,11060.0,11010.0,1276.0
2010.12.10,10985.0,60.0,10925.0,10985.0,10920.0,1480.0
2010.12.09,10925.0,-25.0,10960.0,10960.0,10900.0,2687.0
2010.12.08,10950.0,145.0,10820.0,10950.0,10820.0,4147.0
2010.12.07,10805.0,-5.0,10845.0,10845.0,10795.0,3329.0
2010.12.06,10810.0,-30.0,10820.0,10855.0,10810.0,1528.0
2010.12.03,10840.0,0.0,10915.0,10920.0,10840.0,843.0
2010.12.02,10840.0,150.0,10990.0,10990.0,10800.0,3419.0
2010.12.01,10690.0,-160.0,10850.0,10850.0,10675.0,4160.0
2010.11.30,10850.0,-10.0,10855.0,10855.0,10760.0,933.0
2010.11.29,10860.0,-15.0,10925.0,10935.0,10860.0,668.0
2010.11.26,10875.0,150.0,10720.0,10895.0,10715.0,856.0
2010.11.25,10725.0,195.0,10535.0,10800.0,10535.0,2871.0
2010.11.24,10530.0,-120.0,10350.0,10670.0,10350.0,5897.0
2010.11.23,10650.0,185.0,10550.0,10675.0,10550.0,28739.0
2010.11.22,10465.0,-55.0,10520.0,10520.0,10460.0,3178.0
2010.11.19,10520.0,90.0,10500.0,10540.0,10480.0,3090.0
2010.11.18,10430.0,-5.0,10435.0,10490.0,10410.0,5923.0
2010.11.17,10435.0,-55.0,10300.0,10445.0,10300.0,1177.0
2010.11.16,10490.0,-65.0,10470.0,10525.0,10445.0,750.0
2010.11.15,10555.0,-105.0,10550.0,10555.0,10500.0,959.0
2010.11.12,10660.0,175.0,10355.0,10670.0,10355.0,2477.0
2010.11.11,10485.0,-45.0,10435.0,10570.0,10435.0,1672.0
2010.11.10,10530.0,-90.0,10600.0,10600.0,10530.0,2194.0
2010.11.09,10620.0,30.0,10430.0,10675.0,10430.0,1130.0
2010.11.08,10590.0,25.0,10415.0,10630.0,10415.0,2675.0
2010.11.05,10565.0,160.0,10410.0,10565.0,10410.0,5943.0
2010.11.04,10405.0,-25.0,10530.0,10530.0,10385.0,2062.0
2010.11.03,10430.0,100.0,10490.0,10490.0,10400.0,2204.0
2010.11.02,10330.0,-30.0,10360.0,10370.0,10310.0,2020.0
2010.11.01,10360.0,-80.0,10440.0,10440.0,10345.0,1005.0
2010.10.29,10440.0,40.0,10425.0,10450.0,10425.0,863.0
2010.10.28,10400.0,-60.0,10460.0,10475.0,10400.0,401.0
2010.10.27,10460.0,190.0,10400.0,10480.0,10370.0,2569.0
2010.10.26,10270.0,-20.0,10290.0,10300.0,10270.0,988.0
2010.10.25,10290.0,55.0,10530.0,10530.0,10245.0,1637.0
2010.10.22,10235.0,-45.0,11500.0,11500.0,10235.0,1991.0
2010.10.21,10280.0,75.0,10230.0,10280.0,10225.0,2616.0
2010.10.20,10205.0,-65.0,10270.0,11800.0,10175.0,2358.0
2010.10.19,10270.0,50.0,10230.0,10270.0,10125.0,19639.0
2010.10.18,10220.0,265.0,10235.0,10240.0,10180.0,907067.0
