날짜,종가,전일비,시가,고가,저가,거래량
2026.06.23,104245.0,40.0,104170.0,104265.0,104135.0,1360.0
2026.06.22,104205.0,-105.0,104220.0,104235.0,104165.0,1982.0
2026.06.19,104310.0,-120.0,104320.0,104325.0,104230.0,1554.0
2026.06.18,104430.0,-5.0,104365.0,104455.0,104365.0,1786.0
2026.06.17,104435.0,35.0,104420.0,104470.0,104390.0,2558.0
2026.06.16,104400.0,80.0,104335.0,104400.0,104335.0,835.0
2026.06.15,104320.0,235.0,104325.0,104360.0,104320.0,1181.0
2026.06.12,104085.0,70.0,104090.0,104110.0,104030.0,546.0
2026.06.11,104015.0,45.0,104020.0,104055.0,103985.0,746.0
2026.06.10,103970.0,115.0,103920.0,103985.0,103895.0,550.0
2026.06.09,103855.0,70.0,103710.0,103860.0,103700.0,8152.0
2026.06.08,103785.0,-135.0,103770.0,103845.0,103745.0,2613.0
2026.06.05,103920.0,-125.0,103965.0,103980.0,103880.0,1489.0
2026.06.04,104045.0,-80.0,104115.0,104115.0,104025.0,437.0
2026.06.02,104125.0,-65.0,104015.0,104145.0,104005.0,4174.0
2026.06.01,104190.0,-10.0,104205.0,104265.0,104165.0,1619.0
2026.05.29,104200.0,35.0,104180.0,104230.0,104180.0,505.0
2026.05.28,104165.0,-150.0,104265.0,104300.0,104100.0,562.0
2026.05.27,104425.0,-10.0,104515.0,104515.0,104425.0,1305.0
2026.05.26,104435.0,215.0,104410.0,104445.0,104365.0,9880.0
2026.05.22,104220.0,15.0,104215.0,104255.0,104200.0,1287.0
2026.05.21,104205.0,0.0,104230.0,104260.0,104200.0,2335.0
2026.05.20,104205.0,50.0,104165.0,104205.0,104110.0,280.0
2026.05.19,104155.0,5.0,104150.0,104180.0,104115.0,4205.0
2026.05.18,104150.0,-80.0,104085.0,104150.0,104025.0,1075.0
2026.05.15,104230.0,-185.0,104375.0,104375.0,104200.0,856.0
2026.05.14,104415.0,35.0,104410.0,104470.0,104350.0,1608.0
2026.05.13,104380.0,-10.0,104275.0,104390.0,104275.0,1853.0
2026.05.12,104390.0,-125.0,104475.0,104475.0,104390.0,773.0
2026.05.11,104515.0,-40.0,104550.0,104580.0,104490.0,3269.0
2026.05.08,104555.0,45.0,104570.0,104580.0,104535.0,11399.0
2026.05.07,104510.0,150.0,104490.0,104525.0,104455.0,993.0
2026.05.06,104360.0,10.0,104310.0,104395.0,104235.0,2370.0
2026.05.04,104350.0,-75.0,104425.0,104430.0,104325.0,3061.0
2026.04.30,104425.0,-75.0,104445.0,104465.0,104390.0,516.0
2026.04.29,104500.0,20.0,104440.0,104545.0,104425.0,3419.0
2026.04.28,104685.0,-40.0,104765.0,104765.0,104650.0,27179.0
2026.04.27,104725.0,-30.0,104760.0,104775.0,104710.0,8816.0
2026.04.24,104755.0,-125.0,104865.0,104865.0,104755.0,1725.0
2026.04.23,104880.0,-160.0,104980.0,104980.0,104855.0,3143.0
2026.04.22,105040.0,-10.0,105035.0,105075.0,105010.0,2186.0
2026.04.21,105050.0,35.0,105055.0,105065.0,105030.0,2331.0
2026.04.20,105015.0,50.0,104965.0,105050.0,104960.0,1359.0
2026.04.17,104965.0,-90.0,105020.0,105025.0,104965.0,377.0
2026.04.16,105055.0,5.0,105095.0,105105.0,105035.0,3348.0
2026.04.15,105050.0,75.0,105055.0,105065.0,105000.0,3187.0
2026.04.14,104975.0,80.0,104980.0,105000.0,104950.0,730.0
2026.04.13,104895.0,-90.0,104860.0,104920.0,104825.0,213.0
2026.04.10,104985.0,-15.0,105060.0,105090.0,104955.0,2609.0
2026.04.09,105000.0,105.0,104990.0,105030.0,104977.0,1277.0
2026.04.08,104895.0,225.0,104855.0,104935.0,104855.0,1340.0
2026.04.07,104670.0,-40.0,104710.0,104745.0,104655.0,4355.0
2026.04.06,104710.0,155.0,104570.0,104710.0,104570.0,334.0
2026.04.03,104555.0,-40.0,104600.0,104615.0,104555.0,622.0
2026.04.02,104595.0,50.0,104770.0,104815.0,104590.0,588.0
2026.04.01,104545.0,315.0,104375.0,104560.0,104365.0,706.0
2026.03.31,104230.0,10.0,104275.0,104295.0,104205.0,963.0
2026.03.30,104220.0,10.0,104175.0,104220.0,104125.0,663.0
2026.03.27,104575.0,-40.0,104535.0,104575.0,104485.0,1154.0
2026.03.26,104615.0,5.0,104645.0,104690.0,104575.0,1819.0
2026.03.25,104610.0,-15.0,104720.0,104815.0,104610.0,19028.0
2026.03.24,104625.0,-100.0,104675.0,104675.0,104505.0,4836.0
2026.03.23,104725.0,-420.0,104975.0,104980.0,104715.0,29132.0
2026.03.20,105145.0,-90.0,105245.0,105265.0,105095.0,71325.0
2026.03.19,105235.0,-90.0,105240.0,105285.0,105210.0,1908.0
2026.03.18,105325.0,80.0,105290.0,105340.0,105250.0,2102.0
2026.03.17,105245.0,35.0,105320.0,105340.0,105245.0,4070.0
2026.03.16,105210.0,-40.0,105200.0,105280.0,105165.0,780.0
2026.03.13,105250.0,-80.0,105260.0,105360.0,105250.0,3358.0
2026.03.12,105330.0,-55.0,105265.0,105335.0,105155.0,1143.0
2026.03.11,105385.0,130.0,105365.0,105430.0,105335.0,288.0
2026.03.10,105255.0,165.0,105150.0,105255.0,105125.0,3812.0
2026.03.09,105090.0,-385.0,105195.0,105195.0,104960.0,2596.0
2026.03.06,105475.0,-55.0,105485.0,105555.0,105420.0,41950.0
2026.03.05,105530.0,85.0,105510.0,105540.0,105455.0,1665.0
2026.03.04,105445.0,-145.0,105490.0,105605.0,105400.0,1868.0
2026.03.03,105590.0,-310.0,105850.0,105865.0,105590.0,24385.0
2026.02.27,105900.0,65.0,105825.0,105910.0,105810.0,2928.0
2026.02.26,105835.0,185.0,105665.0,105865.0,105665.0,43168.0
2026.02.25,105770.0,125.0,105725.0,105770.0,105670.0,1490.0
2026.02.24,105645.0,-35.0,105685.0,105790.0,105645.0,38696.0
2026.02.23,105680.0,0.0,105680.0,105720.0,105650.0,1519.0
2026.02.20,105680.0,75.0,105555.0,105685.0,105555.0,5183.0
2026.02.19,105605.0,-10.0,105615.0,105675.0,105600.0,19989.0
2026.02.13,105615.0,95.0,105560.0,105650.0,105560.0,6381.0
2026.02.12,105520.0,145.0,105340.0,105550.0,105340.0,12386.0
2026.02.11,105375.0,35.0,105340.0,105410.0,105320.0,720.0
2026.02.10,105340.0,85.0,105265.0,105340.0,105265.0,774.0
2026.02.09,105255.0,-45.0,105265.0,105295.0,105230.0,1072.0
2026.02.06,105300.0,-55.0,105455.0,105460.0,105300.0,1387.0
2026.02.05,105355.0,5.0,105340.0,105405.0,105335.0,781.0
2026.02.04,105350.0,-85.0,105400.0,105400.0,105310.0,1576.0
2026.02.03,105435.0,-85.0,105465.0,105475.0,105415.0,12336.0
2026.02.02,105520.0,-70.0,105505.0,105565.0,105455.0,32428.0
2026.01.30,105590.0,-105.0,105675.0,105675.0,105560.0,16477.0
2026.01.29,105695.0,-80.0,105750.0,105775.0,105650.0,14626.0
2026.01.28,106055.0,35.0,106045.0,106090.0,106005.0,2861.0
2026.01.27,106020.0,20.0,106020.0,106050.0,105980.0,8029.0
2026.01.26,106000.0,95.0,105955.0,106040.0,105955.0,2865.0
2026.01.23,105905.0,-55.0,106005.0,106010.0,105905.0,1000.0
2026.01.22,105960.0,70.0,106000.0,106035.0,105920.0,830.0
2026.01.21,105890.0,70.0,105790.0,105910.0,105790.0,3081.0
2026.01.20,105820.0,-95.0,105915.0,105945.0,105815.0,3252.0
2026.01.19,105915.0,-135.0,106050.0,106050.0,105915.0,4778.0
2026.01.16,106050.0,60.0,105990.0,106065.0,105955.0,1027.0
2026.01.15,105990.0,-210.0,106245.0,106270.0,105955.0,915.0
2026.01.14,106200.0,60.0,106175.0,106200.0,106140.0,1691.0
2026.01.13,106140.0,-40.0,106200.0,106220.0,106130.0,902.0
2026.01.12,106180.0,-40.0,106235.0,106250.0,106180.0,904.0
2026.01.09,106220.0,-10.0,106230.0,106260.0,106195.0,1993.0
2026.01.08,106230.0,70.0,106200.0,106260.0,106180.0,2298.0
2026.01.07,106160.0,80.0,106070.0,106160.0,106070.0,706.0
2026.01.06,106080.0,5.0,106075.0,106130.0,106050.0,607.0
2026.01.05,106075.0,-10.0,106060.0,106075.0,106015.0,1697.0
2026.01.02,106085.0,40.0,106045.0,106115.0,106045.0,1361.0
2025.12.30,106045.0,25.0,106000.0,106115.0,106000.0,1556.0
2025.12.29,106020.0,15.0,105995.0,106085.0,105995.0,4525.0
2025.12.26,106205.0,-10.0,106215.0,106215.0,106175.0,1753.0
2025.12.24,106215.0,110.0,106165.0,106617.0,106165.0,726.0
2025.12.23,106105.0,55.0,106070.0,106105.0,106030.0,8222.0
2025.12.22,106050.0,25.0,106025.0,106070.0,106015.0,1775.0
2025.12.19,106025.0,-80.0,106125.0,106140.0,106010.0,1334.0
2025.12.18,106105.0,115.0,106040.0,106145.0,106020.0,416.0
2025.12.17,105990.0,-10.0,106000.0,106035.0,105910.0,1503.0
2025.12.16,106000.0,80.0,105990.0,106065.0,105950.0,3155.0
2025.12.15,105920.0,245.0,105720.0,105920.0,105720.0,12457.0
2025.12.12,105675.0,-30.0,105675.0,105740.0,105675.0,1790.0
2025.12.11,105705.0,30.0,105650.0,105865.0,105650.0,1344.0
2025.12.10,105675.0,-50.0,105720.0,105745.0,105640.0,1684.0
2025.12.09,105725.0,-180.0,105905.0,105930.0,105715.0,551.0
2025.12.08,105905.0,-25.0,105930.0,105960.0,105885.0,396.0
2025.12.05,105930.0,115.0,105855.0,105970.0,105855.0,757.0
2025.12.04,105815.0,95.0,105815.0,105835.0,105705.0,3078.0
2025.12.03,105720.0,-105.0,105810.0,105815.0,105720.0,1293.0
2025.12.02,105825.0,50.0,105760.0,105835.0,105725.0,2997.0
2025.12.01,105775.0,-105.0,105900.0,105905.0,105750.0,492.0
2025.11.28,105880.0,75.0,105820.0,105895.0,105680.0,1600.0
2025.11.27,105805.0,-270.0,106090.0,106140.0,105805.0,1918.0
2025.11.26,106285.0,45.0,106270.0,106325.0,106245.0,4230.0
2025.11.25,106240.0,-45.0,106255.0,106315.0,106240.0,946.0
2025.11.24,106285.0,-20.0,106315.0,106370.0,106285.0,813.0
2025.11.21,106305.0,80.0,106280.0,106305.0,106245.0,1875.0
2025.11.20,106225.0,-25.0,106250.0,106300.0,106205.0,1373.0
2025.11.19,106250.0,-55.0,106260.0,106290.0,106230.0,756.0
2025.11.18,106305.0,150.0,106185.0,106360.0,106175.0,3180.0
2025.11.17,106155.0,25.0,106085.0,106165.0,106045.0,2310.0
2025.11.14,106130.0,-55.0,106100.0,106130.0,106005.0,18278.0
2025.11.13,106185.0,80.0,106225.0,106245.0,106155.0,5370.0
2025.11.12,106105.0,-315.0,106440.0,106450.0,106105.0,544.0
2025.11.11,106420.0,35.0,106385.0,106450.0,106385.0,9935.0
2025.11.10,106385.0,0.0,106325.0,106395.0,106325.0,6117.0
2025.11.07,106385.0,-190.0,106505.0,106540.0,106385.0,977.0
2025.11.06,106575.0,-155.0,106680.0,106680.0,106555.0,428.0
2025.11.05,106730.0,-40.0,106765.0,106810.0,106730.0,1176.0
2025.11.04,106770.0,-35.0,106790.0,107555.0,106630.0,1504.0
2025.11.03,106805.0,-50.0,106860.0,106860.0,106790.0,2843.0
2025.10.31,106855.0,20.0,106805.0,106855.0,106780.0,821.0
2025.10.30,106835.0,-110.0,106925.0,106925.0,106830.0,2775.0
2025.10.29,107240.0,-95.0,107325.0,107325.0,107235.0,973.0
2025.10.28,107335.0,-60.0,107350.0,107385.0,107300.0,969.0
2025.10.27,107395.0,-75.0,107450.0,107470.0,107370.0,2692.0
2025.10.24,107470.0,45.0,107425.0,107480.0,107390.0,4534.0
2025.10.23,107425.0,-40.0,107530.0,107560.0,107400.0,2822.0
2025.10.22,107465.0,65.0,107370.0,107465.0,107370.0,1483.0
2025.10.21,107400.0,-80.0,107430.0,107470.0,107370.0,2969.0
2025.10.20,107480.0,-20.0,107545.0,107545.0,107440.0,2265.0
2025.10.17,107500.0,35.0,107385.0,107535.0,107385.0,3624.0
2025.10.16,107465.0,-40.0,107510.0,107570.0,107435.0,7179.0
2025.10.15,107505.0,60.0,107465.0,107560.0,107465.0,933.0
2025.10.14,107445.0,55.0,107390.0,107490.0,107390.0,929.0
2025.10.13,107390.0,110.0,107305.0,107390.0,107305.0,2903.0
2025.10.10,107280.0,20.0,107285.0,107315.0,107210.0,973.0
2025.10.02,107260.0,75.0,107125.0,107300.0,107125.0,1734.0
2025.10.01,107185.0,20.0,107210.0,107240.0,107185.0,1494.0
2025.09.30,107165.0,-20.0,107180.0,107210.0,107125.0,263.0
2025.09.29,107185.0,35.0,107205.0,107210.0,107160.0,2560.0
2025.09.26,107515.0,-125.0,107640.0,107640.0,107460.0,4120.0
2025.09.25,107640.0,-90.0,107770.0,107770.0,107630.0,483.0
2025.09.24,107730.0,-75.0,107805.0,107805.0,107695.0,6845.0
2025.09.23,107805.0,30.0,107775.0,107820.0,107745.0,42955.0
2025.09.22,107775.0,-60.0,107805.0,107830.0,107755.0,2266.0
2025.09.19,107835.0,-50.0,107885.0,107935.0,107820.0,1104.0
2025.09.18,107885.0,40.0,107860.0,107890.0,107827.0,2019.0
2025.09.17,107845.0,5.0,107840.0,107845.0,107785.0,12218.0
2025.09.16,107840.0,105.0,107765.0,107855.0,107760.0,796.0
2025.09.15,107735.0,-40.0,107790.0,107790.0,107690.0,896.0
2025.09.12,107775.0,15.0,107785.0,107820.0,107745.0,2069.0
2025.09.11,107760.0,15.0,107740.0,107795.0,107740.0,8281.0
2025.09.10,107745.0,-15.0,107730.0,107755.0,107705.0,562.0
2025.09.09,107760.0,115.0,107690.0,107760.0,107690.0,1376.0
2025.09.08,107645.0,0.0,107625.0,107705.0,107625.0,4223.0
2025.09.05,107645.0,35.0,107610.0,107645.0,107605.0,2022.0
2025.09.04,107610.0,65.0,107525.0,107650.0,107525.0,621.0
2025.09.03,107545.0,-65.0,107620.0,107630.0,107510.0,1162.0
2025.09.02,107610.0,-35.0,107660.0,107685.0,107610.0,734.0
2025.09.01,107645.0,-40.0,107680.0,107680.0,107635.0,813.0
2025.08.29,107685.0,-15.0,107700.0,107700.0,107645.0,834.0
2025.08.28,107700.0,20.0,107700.0,107785.0,107690.0,2947.0
2025.08.27,107805.0,80.0,107760.0,107805.0,107760.0,256.0
2025.08.26,107725.0,10.0,107700.0,107765.0,107700.0,2690.0
2025.08.25,107715.0,70.0,107645.0,107730.0,107645.0,3442.0
2025.08.22,107645.0,-35.0,107680.0,107680.0,107615.0,679.0
2025.08.21,107680.0,45.0,110860.0,110860.0,107645.0,1773.0
2025.08.20,107635.0,10.0,107625.0,107645.0,107620.0,287.0
2025.08.19,107625.0,-40.0,107645.0,107670.0,107605.0,2314.0
2025.08.18,107665.0,-55.0,107730.0,107740.0,107650.0,1758.0
2025.08.14,107720.0,70.0,107705.0,107740.0,107690.0,15771.0
2025.08.13,107650.0,40.0,107600.0,107680.0,107600.0,163.0
2025.08.12,107610.0,-35.0,107625.0,107630.0,107610.0,845.0
2025.08.11,107645.0,-30.0,107675.0,107675.0,107620.0,165.0
2025.08.08,107675.0,0.0,107675.0,107695.0,107655.0,1313.0
2025.08.07,107675.0,95.0,107605.0,107690.0,107605.0,1342.0
2025.08.06,107580.0,-45.0,107590.0,107620.0,107580.0,1448.0
2025.08.05,107625.0,15.0,107610.0,107650.0,107610.0,863.0
2025.08.04,107610.0,165.0,107430.0,107675.0,107430.0,8332.0
2025.08.01,107445.0,-35.0,107480.0,107480.0,107425.0,1599.0
2025.07.31,107480.0,-5.0,107420.0,107480.0,107420.0,1059.0
2025.07.30,107485.0,5.0,107490.0,107530.0,107460.0,1491.0
2025.07.29,107680.0,45.0,107675.0,107715.0,107640.0,670.0
2025.07.28,107635.0,60.0,107590.0,107635.0,107585.0,639.0
2025.07.25,107575.0,-35.0,107610.0,107625.0,107555.0,1790.0
2025.07.24,107610.0,-10.0,107610.0,107645.0,107600.0,927.0
2025.07.23,107620.0,35.0,107585.0,107625.0,107585.0,1692.0
2025.07.22,107585.0,20.0,107585.0,107615.0,107565.0,562.0
2025.07.21,107565.0,85.0,107480.0,107565.0,107480.0,2198.0
2025.07.18,107480.0,-15.0,107475.0,107495.0,107445.0,1590.0
2025.07.17,107495.0,40.0,107510.0,107550.0,107495.0,685.0
2025.07.16,107455.0,-20.0,107475.0,107490.0,107420.0,6670.0
2025.07.15,107475.0,25.0,107445.0,107475.0,107430.0,4990.0
2025.07.14,107450.0,-55.0,107520.0,107520.0,107430.0,1127.0
2025.07.11,107505.0,-30.0,107510.0,107560.0,107495.0,846.0
2025.07.10,107535.0,165.0,107475.0,107535.0,107420.0,1838.0
2025.07.09,107370.0,20.0,107355.0,107385.0,107345.0,1098.0
2025.07.08,107350.0,50.0,107345.0,107385.0,107325.0,1246.0
2025.07.07,107300.0,-25.0,107330.0,107370.0,107295.0,2340.0
2025.07.04,107325.0,-50.0,107375.0,107375.0,107320.0,1649.0
2025.07.03,107375.0,90.0,107290.0,107375.0,107290.0,670.0
2025.07.02,107285.0,-60.0,107345.0,107380.0,107285.0,739.0
2025.07.01,107345.0,-30.0,107365.0,107390.0,107315.0,1493.0
2025.06.30,107375.0,80.0,107315.0,107390.0,107315.0,1623.0
2025.06.27,107295.0,15.0,107330.0,107360.0,107280.0,1665.0
2025.06.26,107645.0,50.0,107615.0,107655.0,107605.0,1510.0
2025.06.25,107595.0,35.0,107600.0,107630.0,107580.0,989.0
2025.06.24,107560.0,130.0,107480.0,107600.0,107480.0,1398.0
2025.06.23,107430.0,-60.0,107520.0,107525.0,107420.0,846.0
2025.06.20,107490.0,60.0,107445.0,107490.0,107395.0,1286.0
2025.06.19,107430.0,-50.0,107490.0,107490.0,107420.0,1012.0
2025.06.18,107480.0,-45.0,107530.0,107540.0,107480.0,1219.0
2025.06.17,107525.0,70.0,107445.0,107525.0,107425.0,1415.0
2025.06.16,107455.0,10.0,107455.0,107455.0,107350.0,3986.0
2025.06.13,107445.0,-90.0,107555.0,107605.0,107445.0,5947.0
2025.06.12,107535.0,-5.0,107575.0,107615.0,107535.0,3796.0
2025.06.11,107540.0,-60.0,107580.0,107610.0,107540.0,1476.0
2025.06.10,107600.0,20.0,107630.0,107630.0,107555.0,779.0
2025.06.09,107580.0,75.0,107505.0,107580.0,107435.0,1523.0
2025.06.05,107505.0,30.0,107555.0,107580.0,107500.0,1544.0
2025.06.04,107475.0,-195.0,107700.0,107700.0,107475.0,2374.0
2025.06.02,107670.0,85.0,107665.0,107670.0,107605.0,338.0
2025.05.30,107585.0,-35.0,107690.0,107690.0,107585.0,2166.0
2025.05.29,107620.0,-25.0,107690.0,107850.0,107620.0,5686.0
2025.05.28,107800.0,70.0,107735.0,107805.0,107705.0,2696.0
2025.05.27,107730.0,75.0,107700.0,107735.0,107665.0,752.0
2025.05.26,107655.0,0.0,107715.0,107755.0,107655.0,2621.0
2025.05.23,107655.0,50.0,107735.0,107735.0,107655.0,413.0
2025.05.22,107605.0,10.0,107580.0,107620.0,107580.0,853.0
2025.05.21,107595.0,-20.0,107660.0,107660.0,107585.0,497.0
2025.05.20,107615.0,55.0,107530.0,107645.0,107530.0,1403.0
2025.05.19,107560.0,-120.0,107650.0,107650.0,107550.0,1764.0
2025.05.16,107680.0,160.0,107660.0,107680.0,107615.0,4038.0
2025.05.15,107520.0,-10.0,107485.0,107530.0,107475.0,1344.0
2025.05.14,107530.0,90.0,107440.0,108000.0,107440.0,2600.0
2025.05.13,107440.0,-115.0,107545.0,107545.0,107430.0,336.0
2025.05.12,107555.0,15.0,107500.0,107580.0,107465.0,1356.0
2025.05.09,107540.0,-140.0,107660.0,107660.0,107530.0,8273.0
2025.05.08,107680.0,-20.0,107740.0,107775.0,107660.0,2021.0
2025.05.07,107700.0,70.0,107640.0,107710.0,107610.0,853.0
2025.05.02,107630.0,-25.0,107660.0,107660.0,107565.0,1355.0
2025.04.30,107655.0,140.0,107570.0,107660.0,107530.0,1051.0
2025.04.29,107515.0,50.0,107465.0,107515.0,107465.0,610.0
2025.04.28,107670.0,-60.0,107705.0,107730.0,107670.0,1812.0
2025.04.25,107730.0,145.0,107610.0,107730.0,107610.0,836.0
2025.04.24,107585.0,10.0,107555.0,107690.0,107555.0,7243.0
2025.04.23,107575.0,-20.0,107595.0,107595.0,107565.0,231.0
2025.04.22,107595.0,0.0,107650.0,107650.0,107565.0,1015.0
2025.04.21,107595.0,75.0,107530.0,107600.0,107525.0,572.0
2025.04.18,107520.0,55.0,107475.0,107530.0,107460.0,1098.0
2025.04.17,107465.0,-50.0,107515.0,107550.0,107465.0,489.0
2025.04.16,107515.0,110.0,107405.0,107515.0,107405.0,295.0
2025.04.15,107405.0,15.0,107355.0,107405.0,107350.0,776.0
2025.04.14,107390.0,55.0,107390.0,107390.0,107350.0,2018.0
2025.04.11,107335.0,45.0,107300.0,107345.0,107285.0,1188.0
2025.04.10,107290.0,45.0,107275.0,107295.0,107225.0,1136.0
2025.04.09,107245.0,-80.0,107335.0,107340.0,107235.0,853.0
2025.04.08,107325.0,-15.0,107380.0,107380.0,107200.0,710.0
2025.04.07,107340.0,165.0,107160.0,110510.0,107160.0,25629.0
2025.04.04,107175.0,190.0,106950.0,107205.0,106950.0,8805.0
2025.04.03,106985.0,225.0,106800.0,107015.0,106800.0,1977.0
2025.04.02,106760.0,-30.0,106780.0,106805.0,106740.0,1864.0
2025.04.01,106790.0,5.0,106840.0,106840.0,106710.0,1141.0
2025.03.31,106785.0,200.0,106670.0,106785.0,106670.0,1002.0
2025.03.28,106585.0,-15.0,106590.0,106610.0,106565.0,554.0
2025.03.27,106930.0,85.0,106885.0,106930.0,106875.0,513.0
2025.03.26,106845.0,-15.0,106905.0,106905.0,106840.0,866.0
2025.03.25,106860.0,-35.0,106935.0,106935.0,106850.0,861.0
2025.03.24,106895.0,-50.0,106925.0,106965.0,106895.0,701.0
2025.03.21,106945.0,0.0,106915.0,106960.0,106915.0,413.0
2025.03.20,106945.0,80.0,106940.0,106980.0,106900.0,916.0
2025.03.19,106865.0,-90.0,106905.0,106910.0,106865.0,1859.0
2025.03.18,106955.0,25.0,106930.0,106985.0,106915.0,2450.0
2025.03.17,106930.0,10.0,106930.0,106950.0,106895.0,2120.0
2025.03.14,106920.0,-55.0,106975.0,106990.0,106920.0,1364.0
2025.03.13,106975.0,0.0,107015.0,107020.0,106970.0,981.0
2025.03.12,106975.0,35.0,106905.0,106990.0,106875.0,1446.0
2025.03.11,106940.0,55.0,106850.0,106980.0,106850.0,1632.0
2025.03.10,106885.0,-70.0,106935.0,106940.0,106855.0,2354.0
2025.03.07,106955.0,145.0,106855.0,106965.0,106855.0,10809.0
2025.03.06,106810.0,-90.0,106875.0,107890.0,106775.0,3395.0
2025.03.05,106900.0,-120.0,107000.0,107000.0,106860.0,1462.0
2025.03.04,107020.0,60.0,106960.0,107120.0,106960.0,2387.0
2025.02.28,106960.0,50.0,106910.0,106975.0,106910.0,2669.0
2025.02.27,106910.0,30.0,106910.0,106940.0,106880.0,1661.0
2025.02.26,107060.0,20.0,107035.0,107085.0,107035.0,934.0
2025.02.25,107040.0,40.0,107005.0,107075.0,107005.0,10201.0
2025.02.24,107000.0,45.0,106980.0,107015.0,106970.0,2017.0
2025.02.21,106955.0,40.0,106915.0,106955.0,106895.0,3862.0
2025.02.20,106915.0,95.0,106910.0,106945.0,106870.0,1334.0
2025.02.19,106820.0,10.0,106840.0,106870.0,106815.0,3352.0
2025.02.18,106810.0,-55.0,106875.0,106890.0,106810.0,5021.0
2025.02.17,106865.0,10.0,106910.0,106915.0,106865.0,1726.0
2025.02.14,106855.0,55.0,106865.0,106875.0,106835.0,1854.0
2025.02.13,106800.0,20.0,106805.0,106835.0,106760.0,1095.0
2025.02.12,106780.0,-15.0,106805.0,106805.0,106760.0,2102.0
2025.02.11,106795.0,45.0,106805.0,106845.0,106795.0,2914.0
2025.02.10,106750.0,-5.0,106730.0,106785.0,106710.0,2025.0
2025.02.07,106755.0,-65.0,106815.0,106845.0,106750.0,4522.0
2025.02.06,106820.0,20.0,106825.0,106890.0,106820.0,1931.0
2025.02.05,106800.0,45.0,106765.0,106810.0,106765.0,1296.0
2025.02.04,106755.0,-5.0,106800.0,106800.0,106710.0,2757.0
2025.02.03,106760.0,-5.0,106760.0,106780.0,106710.0,2197.0
2025.01.31,106765.0,25.0,106775.0,106845.0,106745.0,3714.0
2025.01.24,106740.0,25.0,106910.0,106910.0,106720.0,3036.0
2025.01.23,106910.0,80.0,106865.0,106920.0,106865.0,3253.0
2025.01.22,106830.0,-25.0,106810.0,106830.0,106785.0,1950.0
2025.01.21,106855.0,95.0,106750.0,106875.0,106750.0,4553.0
2025.01.20,106760.0,-20.0,106790.0,106800.0,106740.0,2190.0
2025.01.17,106780.0,105.0,106675.0,106810.0,106675.0,3612.0
2025.01.16,106675.0,135.0,106650.0,106695.0,106645.0,1860.0
2025.01.15,106540.0,-10.0,106540.0,106550.0,106500.0,2687.0
2025.01.14,106550.0,70.0,106505.0,106580.0,106500.0,457.0
2025.01.13,106480.0,-170.0,106535.0,106560.0,106475.0,475.0
2025.01.10,106650.0,-80.0,106735.0,106740.0,106625.0,3401.0
2025.01.09,106730.0,115.0,106625.0,106730.0,106625.0,19944.0
2025.01.08,106615.0,65.0,106550.0,106615.0,106510.0,4168.0
2025.01.07,106550.0,55.0,106515.0,106580.0,106475.0,439.0
2025.01.06,106495.0,-25.0,106520.0,106545.0,106495.0,3946.0
2025.01.03,106520.0,100.0,106460.0,106570.0,106460.0,2176.0
2025.01.02,106420.0,180.0,106260.0,106505.0,106260.0,1646.0
2024.12.30,106240.0,70.0,106185.0,106240.0,106145.0,552.0
2024.12.27,106170.0,80.0,106130.0,106170.0,106030.0,588.0
2024.12.26,106460.0,-20.0,106525.0,106545.0,106430.0,1249.0
2024.12.24,106480.0,-55.0,106560.0,106560.0,106440.0,814.0
2024.12.23,106535.0,50.0,106550.0,106620.0,106525.0,783.0
2024.12.20,106485.0,-15.0,106580.0,106580.0,106475.0,1451.0
2024.12.19,106500.0,-170.0,106625.0,106625.0,106480.0,19805.0
2024.12.18,106670.0,210.0,106485.0,106670.0,106465.0,157.0
2024.12.17,106460.0,-130.0,106635.0,106635.0,106455.0,1278.0
2024.12.16,106590.0,-40.0,106635.0,106655.0,106590.0,963.0
2024.12.13,106630.0,0.0,106585.0,106630.0,106570.0,879.0
2024.12.12,106630.0,5.0,106655.0,106655.0,106605.0,3810.0
2024.12.11,106625.0,-45.0,106650.0,106680.0,106625.0,1504.0
2024.12.10,106670.0,10.0,106660.0,106690.0,106605.0,9214.0
2024.12.09,106660.0,80.0,106580.0,106660.0,106535.0,609.0
2024.12.06,106580.0,-20.0,106625.0,106660.0,106580.0,1740.0
2024.12.05,106600.0,45.0,106615.0,106625.0,106570.0,2682.0
2024.12.04,106555.0,-70.0,106625.0,106650.0,106555.0,241.0
2024.12.03,106625.0,-40.0,106660.0,106710.0,106625.0,1021.0
2024.12.02,106665.0,90.0,106570.0,106665.0,106570.0,451.0
2024.11.29,106575.0,90.0,106515.0,106575.0,106485.0,1071.0
2024.11.28,106485.0,195.0,106545.0,106545.0,106290.0,84.0
2024.11.27,106545.0,80.0,106485.0,106545.0,106485.0,1872.0
2024.11.26,106465.0,5.0,106465.0,106510.0,106450.0,1127.0
2024.11.25,106460.0,65.0,106385.0,106460.0,106385.0,1490.0
2024.11.22,106395.0,70.0,106325.0,106400.0,106325.0,2187.0
2024.11.21,106325.0,70.0,106240.0,106360.0,106240.0,1086.0
2024.11.20,106255.0,20.0,106240.0,106265.0,106215.0,434.0
2024.11.19,106235.0,75.0,106205.0,106235.0,106180.0,365.0
2024.11.18,106160.0,40.0,106165.0,106180.0,106150.0,414.0
2024.11.15,106120.0,-20.0,106155.0,106155.0,106105.0,303.0
2024.11.14,106140.0,95.0,106080.0,106140.0,106080.0,10039.0
2024.11.13,106045.0,-100.0,106105.0,106105.0,106045.0,1615.0
2024.11.12,106145.0,20.0,106160.0,106170.0,106140.0,640.0
2024.11.11,106125.0,-10.0,106145.0,106145.0,106095.0,595.0
2024.11.08,106135.0,95.0,106085.0,106145.0,106085.0,705.0
2024.11.07,106040.0,115.0,106010.0,106070.0,105990.0,512.0
2024.11.06,105925.0,-95.0,106035.0,106065.0,105925.0,887.0
2024.11.05,106020.0,45.0,106000.0,106020.0,105980.0,625.0
2024.11.04,105975.0,-15.0,105960.0,105990.0,105940.0,257.0
2024.11.01,105990.0,30.0,105975.0,106005.0,105945.0,1004.0
2024.10.31,105960.0,-5.0,105965.0,105965.0,105890.0,1310.0
2024.10.30,105965.0,15.0,105955.0,105995.0,105955.0,503.0
2024.10.29,106130.0,10.0,106160.0,106185.0,106105.0,136.0
2024.10.28,106120.0,-120.0,106235.0,106235.0,106120.0,455.0
2024.10.25,106240.0,5.0,106205.0,106240.0,106205.0,1412.0
2024.10.24,106235.0,180.0,106155.0,106250.0,106155.0,296.0
2024.10.23,106055.0,-20.0,106100.0,106100.0,106025.0,565.0
2024.10.22,106075.0,-40.0,106125.0,106125.0,106050.0,1481.0
2024.10.21,106115.0,0.0,106125.0,106130.0,106095.0,345.0
2024.10.18,106115.0,-20.0,106110.0,106115.0,106080.0,244.0
2024.10.17,106135.0,20.0,106125.0,106155.0,106115.0,178.0
2024.10.16,106115.0,45.0,106070.0,106140.0,106055.0,332.0
2024.10.15,106070.0,80.0,106020.0,106070.0,106020.0,876.0
2024.10.14,105990.0,10.0,107460.0,107460.0,105945.0,1300.0
2024.10.11,105980.0,80.0,105905.0,105990.0,105905.0,315.0
2024.10.10,105900.0,50.0,105930.0,105945.0,105885.0,173.0
2024.10.08,105850.0,25.0,105875.0,105875.0,105805.0,2101.0
2024.10.07,105825.0,-215.0,105955.0,105985.0,105785.0,580.0
2024.10.04,106040.0,-105.0,106145.0,106145.0,106030.0,471.0
2024.10.02,106145.0,55.0,106100.0,106165.0,106100.0,382.0
2024.09.30,106090.0,100.0,106050.0,106100.0,106020.0,555.0
2024.09.27,105990.0,-50.0,106015.0,106015.0,105990.0,380.0
2024.09.26,106335.0,65.0,106300.0,106335.0,106300.0,226.0
2024.09.25,106270.0,50.0,106205.0,106275.0,106195.0,333.0
2024.09.24,106220.0,60.0,106155.0,106220.0,106155.0,858.0
2024.09.23,106160.0,-25.0,106130.0,106195.0,106130.0,3937.0
2024.09.20,106185.0,45.0,106155.0,106190.0,106150.0,4897.0
2024.09.19,106140.0,-5.0,106145.0,106145.0,106080.0,403.0
2024.09.13,106145.0,125.0,106030.0,106145.0,106030.0,1482.0
2024.09.12,106020.0,0.0,106055.0,106085.0,106015.0,378.0
2024.09.11,106020.0,95.0,105975.0,106020.0,105935.0,381.0
2024.09.10,105925.0,50.0,105940.0,105950.0,105895.0,333.0
2024.09.09,105875.0,-5.0,105920.0,105920.0,105850.0,313.0
2024.09.06,105880.0,35.0,105805.0,105880.0,105805.0,1666.0
2024.09.05,105845.0,90.0,105755.0,105865.0,105755.0,217.0
2024.09.04,105755.0,80.0,105665.0,105790.0,105665.0,1121.0
2024.09.03,105675.0,-10.0,105645.0,105680.0,105645.0,340.0
2024.09.02,105685.0,-75.0,105705.0,105705.0,105650.0,339.0
2024.08.30,105760.0,55.0,105765.0,105765.0,105715.0,348.0
2024.08.29,105705.0,-35.0,105805.0,105805.0,105705.0,589.0
2024.08.28,106045.0,20.0,107490.0,107490.0,106010.0,127.0
2024.08.27,106025.0,-110.0,106105.0,106105.0,105990.0,188.0
2024.08.26,106135.0,90.0,106095.0,106140.0,106095.0,2379.0
2024.08.23,106045.0,-30.0,106075.0,106085.0,106045.0,53.0
2024.08.22,106075.0,50.0,106030.0,106120.0,106030.0,337.0
2024.08.21,106025.0,15.0,106010.0,106050.0,105995.0,756.0
2024.08.20,106010.0,-30.0,106030.0,106030.0,105975.0,1036.0
2024.08.19,106040.0,20.0,106025.0,106040.0,105990.0,219.0
2024.08.16,106020.0,-80.0,106040.0,106055.0,106000.0,1260.0
2024.08.14,106100.0,5.0,106140.0,106150.0,106100.0,696.0
2024.08.13,106095.0,65.0,106080.0,106095.0,106045.0,606.0
2024.08.12,106030.0,-5.0,106025.0,106040.0,105990.0,500.0
2024.08.09,106035.0,-65.0,106020.0,106050.0,106010.0,666.0
2024.08.08,106100.0,75.0,106025.0,106100.0,106025.0,1094.0
2024.08.07,106025.0,25.0,106000.0,106025.0,105920.0,1514.0
2024.08.06,106000.0,-270.0,106205.0,106205.0,106000.0,1079.0
2024.08.05,106270.0,280.0,105985.0,106270.0,105985.0,2756.0
2024.08.02,105990.0,45.0,105890.0,106020.0,105890.0,998.0
2024.08.01,105945.0,95.0,105890.0,105985.0,105880.0,979.0
2024.07.31,105850.0,-20.0,105870.0,105870.0,105820.0,516.0
2024.07.30,105870.0,-10.0,106080.0,106080.0,105855.0,210.0
2024.07.29,106095.0,50.0,106055.0,106130.0,106025.0,1412.0
2024.07.26,106045.0,25.0,106050.0,106055.0,105990.0,326.0
2024.07.25,106020.0,60.0,105950.0,106020.0,105950.0,405.0
2024.07.24,105960.0,75.0,105870.0,105960.0,105870.0,3448.0
2024.07.23,105885.0,30.0,105885.0,105885.0,105880.0,35.0
2024.07.22,105855.0,20.0,105855.0,105885.0,105800.0,2674.0
2024.07.19,105835.0,-35.0,105860.0,105890.0,105835.0,918.0
2024.07.18,105870.0,-35.0,105905.0,105910.0,105850.0,852.0
2024.07.17,105905.0,-45.0,105930.0,105945.0,105880.0,1423.0
2024.07.16,105950.0,135.0,105890.0,105955.0,105855.0,415.0
2024.07.15,105815.0,40.0,105775.0,105815.0,105765.0,1266.0
2024.07.12,105775.0,195.0,105710.0,105775.0,105705.0,769.0
2024.07.11,105580.0,-130.0,105675.0,105690.0,105580.0,229.0
2024.07.10,105710.0,10.0,105730.0,105730.0,105665.0,190.0
2024.07.09,105700.0,20.0,105655.0,105720.0,105655.0,429.0
2024.07.08,105680.0,35.0,105690.0,105720.0,105655.0,758.0
2024.07.05,105645.0,15.0,105615.0,105645.0,105595.0,416.0
2024.07.04,105630.0,110.0,105520.0,105630.0,105520.0,551.0
2024.07.03,105520.0,20.0,105510.0,105540.0,105460.0,840.0
2024.07.02,105500.0,120.0,105380.0,105520.0,105370.0,225.0
2024.07.01,105380.0,-20.0,107500.0,107500.0,105325.0,551.0
2024.06.28,105400.0,110.0,105405.0,105405.0,105360.0,1204.0
2024.06.27,105290.0,0.0,105350.0,105350.0,105250.0,257.0
2024.06.26,105840.0,-55.0,105905.0,105905.0,105815.0,291.0
2024.06.25,105895.0,-20.0,105915.0,105925.0,105890.0,1301.0
2024.06.24,105915.0,-15.0,105930.0,105965.0,105910.0,272.0
2024.06.21,105930.0,65.0,105920.0,105940.0,105865.0,1415.0
2024.06.20,105865.0,0.0,105885.0,105885.0,105860.0,173.0
2024.06.19,105865.0,95.0,105805.0,105865.0,105805.0,753.0
2024.06.18,105770.0,-15.0,105785.0,105800.0,105755.0,2105.0
2024.06.17,105785.0,85.0,105720.0,105785.0,105700.0,430.0
2024.06.14,105700.0,45.0,105640.0,105700.0,105640.0,614.0
2024.06.13,105655.0,130.0,105640.0,105680.0,105635.0,3305.0
2024.06.12,105525.0,80.0,105540.0,105540.0,105490.0,171.0
2024.06.11,105445.0,30.0,105415.0,105490.0,105415.0,2571.0
2024.06.10,105415.0,-125.0,105395.0,105435.0,105390.0,509.0
2024.06.07,105540.0,105.0,105500.0,105540.0,105490.0,1477.0
2024.06.05,105435.0,95.0,105385.0,105470.0,105385.0,4069.0
2024.06.04,105340.0,75.0,105260.0,105385.0,105260.0,5759.0
2024.06.03,105265.0,55.0,107000.0,107000.0,105215.0,294.0
2024.05.31,105210.0,10.0,105190.0,105245.0,105190.0,4508.0
2024.05.30,105200.0,35.0,105165.0,105200.0,105165.0,513.0
2024.05.29,105555.0,-65.0,105660.0,105660.0,105555.0,1305.0
2024.05.28,105620.0,30.0,105605.0,105620.0,105590.0,135.0
2024.05.27,105590.0,60.0,105530.0,105590.0,105530.0,303.0
2024.05.24,105530.0,-50.0,105585.0,105585.0,105530.0,1068.0
2024.05.23,105580.0,45.0,105565.0,105585.0,105525.0,338.0
2024.05.22,105535.0,0.0,105535.0,105565.0,105530.0,301.0
2024.05.21,105535.0,20.0,105525.0,105535.0,105495.0,1593.0
2024.05.20,105515.0,0.0,105505.0,105535.0,105505.0,772.0
2024.05.17,105515.0,-50.0,105555.0,105580.0,105505.0,921.0
2024.05.16,105565.0,165.0,105400.0,105570.0,105400.0,528.0
2024.05.14,105400.0,5.0,105395.0,105400.0,105365.0,319.0
2024.05.13,105395.0,15.0,105390.0,105395.0,105350.0,379.0
2024.05.10,105380.0,45.0,105390.0,105400.0,105360.0,1294.0
2024.05.09,105335.0,0.0,105365.0,105365.0,105335.0,177.0
2024.05.08,105335.0,-5.0,105360.0,105360.0,105300.0,227.0
2024.05.07,105340.0,105.0,105235.0,105340.0,105205.0,10270.0
2024.05.03,105235.0,20.0,105225.0,105275.0,105225.0,432.0
2024.05.02,105215.0,80.0,105230.0,105230.0,105165.0,533.0
2024.04.30,105135.0,55.0,105100.0,105155.0,105100.0,1063.0
2024.04.29,105080.0,45.0,105125.0,105125.0,105040.0,336.0
2024.04.26,105065.0,-25.0,105115.0,105115.0,105055.0,331.0
2024.04.25,105090.0,-45.0,105085.0,105110.0,105065.0,219.0
2024.04.24,105135.0,-5.0,105160.0,105170.0,105095.0,302.0
2024.04.23,105140.0,45.0,105130.0,105165.0,105110.0,898.0
2024.04.22,105095.0,-50.0,105145.0,105145.0,105040.0,698.0
2024.04.19,105145.0,-75.0,105200.0,105225.0,105145.0,1464.0
2024.04.18,105220.0,135.0,105155.0,105235.0,105155.0,1289.0
2024.04.17,105085.0,10.0,105080.0,105120.0,105045.0,95.0
2024.04.16,105075.0,-55.0,105110.0,105135.0,105070.0,802.0
2024.04.15,105130.0,-25.0,105145.0,105160.0,105115.0,732.0
2024.04.12,105155.0,140.0,105010.0,105155.0,105010.0,488.0
2024.04.11,105015.0,-110.0,105125.0,105150.0,104975.0,617.0
2024.04.09,105125.0,5.0,105130.0,105160.0,105115.0,621.0
2024.04.08,105120.0,-50.0,105125.0,105175.0,105120.0,620.0
2024.04.05,105170.0,20.0,105110.0,105205.0,105110.0,259.0
2024.04.04,105150.0,55.0,105150.0,105160.0,105120.0,969.0
2024.04.03,105095.0,25.0,105115.0,105125.0,105065.0,1979.0
2024.04.02,105070.0,-75.0,105110.0,105110.0,105035.0,939.0
2024.04.01,105145.0,90.0,105040.0,105145.0,105040.0,848.0
2024.03.29,105055.0,-20.0,105075.0,105075.0,105010.0,4959.0
2024.03.28,105075.0,45.0,105010.0,105085.0,105010.0,1444.0
2024.03.27,105480.0,65.0,105425.0,105485.0,105425.0,12219.0
2024.03.26,105415.0,-5.0,106095.0,107525.0,105400.0,1082.0
2024.03.25,105420.0,45.0,105405.0,105475.0,105405.0,5114.0
2024.03.22,105375.0,50.0,105360.0,105405.0,105325.0,639.0
2024.03.21,105325.0,175.0,105275.0,105345.0,105275.0,786.0
2024.03.20,105150.0,40.0,105120.0,105175.0,105120.0,306.0
2024.03.19,105110.0,-15.0,105150.0,105170.0,105080.0,1362.0
2024.03.18,105125.0,-80.0,105165.0,105195.0,105125.0,1236.0
2024.03.15,105205.0,-60.0,105215.0,105220.0,105175.0,2882.0
2024.03.14,105265.0,-5.0,105270.0,105305.0,105230.0,2206.0
2024.03.13,105270.0,15.0,105255.0,105270.0,105220.0,326.0
2024.03.12,105255.0,-15.0,105235.0,105265.0,105210.0,793.0
2024.03.11,105270.0,-5.0,105260.0,105295.0,105240.0,1599.0
2024.03.08,105275.0,105.0,105195.0,105275.0,105195.0,1189.0
2024.03.07,105170.0,35.0,105155.0,105185.0,105130.0,1613.0
2024.03.06,105135.0,85.0,105085.0,105140.0,105070.0,694.0
2024.03.05,105050.0,30.0,105060.0,105070.0,105020.0,2831.0
2024.03.04,105020.0,10.0,105010.0,105075.0,105010.0,6025.0
2024.02.29,105010.0,-40.0,104975.0,105055.0,104970.0,1843.0
2024.02.28,105050.0,75.0,105295.0,105295.0,105000.0,855.0
2024.02.27,105345.0,5.0,105370.0,105370.0,105305.0,1407.0
2024.02.26,105340.0,55.0,105290.0,105345.0,105290.0,769.0
2024.02.23,105285.0,-40.0,105295.0,105335.0,105285.0,974.0
2024.02.22,105325.0,130.0,105180.0,105330.0,105150.0,525.0
2024.02.21,105195.0,45.0,105150.0,105205.0,105150.0,261.0
2024.02.20,105150.0,-15.0,105180.0,105210.0,105150.0,488.0
2024.02.19,105165.0,65.0,105135.0,105165.0,105105.0,922.0
2024.02.16,105100.0,0.0,105105.0,105125.0,105065.0,287.0
2024.02.15,105100.0,85.0,105000.0,105135.0,105000.0,849.0
2024.02.14,105015.0,-115.0,105130.0,105130.0,104955.0,913.0
2024.02.13,105130.0,-55.0,106750.0,106750.0,105125.0,1241.0
2024.02.08,105185.0,0.0,105195.0,105195.0,105150.0,655.0
2024.02.07,105185.0,130.0,105085.0,105185.0,105085.0,2545.0
2024.02.06,105055.0,25.0,105020.0,105065.0,105020.0,1460.0
2024.02.05,105030.0,-55.0,105120.0,105120.0,105000.0,2185.0
2024.02.02,105085.0,25.0,105015.0,105110.0,105015.0,1172.0
2024.02.01,105060.0,60.0,105095.0,105095.0,105050.0,1331.0
2024.01.31,105000.0,45.0,104980.0,105000.0,104955.0,860.0
2024.01.30,104955.0,70.0,104865.0,104955.0,104865.0,1431.0
2024.01.29,105115.0,-10.0,105125.0,105130.0,105085.0,8549.0
2024.01.26,105125.0,105.0,105115.0,105145.0,105095.0,1985.0
2024.01.25,105020.0,40.0,105050.0,105055.0,105005.0,483.0
2024.01.24,104980.0,-25.0,105010.0,105025.0,104965.0,856.0
2024.01.23,105005.0,-10.0,105015.0,105060.0,105005.0,865.0
2024.01.22,105015.0,45.0,104960.0,105040.0,104960.0,1287.0
2024.01.19,104970.0,-10.0,105000.0,105005.0,104945.0,1299.0
2024.01.18,104980.0,-10.0,104980.0,104985.0,104920.0,281.0
2024.01.17,104990.0,-45.0,105020.0,105020.0,104945.0,340.0
2024.01.16,105035.0,-60.0,104600.0,105080.0,104600.0,687.0
2024.01.15,105095.0,70.0,105040.0,105105.0,105040.0,1189.0
2024.01.12,105025.0,15.0,105010.0,105085.0,105010.0,1137.0
2024.01.11,105010.0,100.0,104850.0,105020.0,104850.0,605.0
2024.01.10,104910.0,20.0,104895.0,104945.0,104855.0,451.0
2024.01.09,104890.0,75.0,104805.0,104895.0,104805.0,1315.0
2024.01.08,104815.0,5.0,104805.0,104820.0,104750.0,872.0
2024.01.05,104810.0,-75.0,104880.0,104880.0,104810.0,4083.0
2024.01.04,104885.0,100.0,104800.0,104885.0,104800.0,1683.0
2024.01.03,104785.0,-120.0,104840.0,104850.0,104730.0,888.0
2024.01.02,104905.0,-65.0,105040.0,105125.0,104880.0,4862.0
2023.12.28,104970.0,105.0,104800.0,104970.0,104800.0,4680.0
2023.12.27,104865.0,50.0,104860.0,104865.0,104825.0,625.0
2023.12.26,105235.0,55.0,105190.0,105235.0,105190.0,916.0
2023.12.22,105180.0,-10.0,105190.0,105245.0,105145.0,557.0
2023.12.21,105190.0,75.0,105205.0,105235.0,105180.0,750.0
2023.12.20,105115.0,80.0,105080.0,105115.0,105050.0,1120.0
2023.12.19,105035.0,-60.0,105055.0,105080.0,104985.0,380.0
2023.12.18,105095.0,25.0,105080.0,105105.0,105050.0,534.0
2023.12.15,105070.0,5.0,105095.0,105095.0,105030.0,659.0
2023.12.14,105065.0,400.0,104715.0,105120.0,104715.0,1291.0
2023.12.13,104665.0,10.0,104655.0,104720.0,104650.0,933.0
2023.12.12,104655.0,75.0,104635.0,104655.0,104600.0,581.0
2023.12.11,104580.0,-25.0,104675.0,104675.0,104550.0,966.0
2023.12.08,104605.0,110.0,104555.0,104610.0,104545.0,1356.0
2023.12.07,104495.0,-95.0,104635.0,104635.0,104495.0,313.0
2023.12.06,104590.0,95.0,104520.0,104615.0,104520.0,1128.0
2023.12.05,104495.0,125.0,104400.0,104495.0,104400.0,486.0
2023.12.04,104370.0,105.0,104270.0,104370.0,104270.0,466.0
2023.12.01,104265.0,40.0,104255.0,104265.0,104220.0,718.0
2023.11.30,104225.0,65.0,104270.0,104270.0,104180.0,1290.0
2023.11.29,104160.0,155.0,104090.0,104180.0,104060.0,727.0
2023.11.28,104365.0,145.0,104335.0,104375.0,104300.0,1472.0
2023.11.27,104220.0,25.0,104260.0,104260.0,104190.0,649.0
2023.11.24,104195.0,-25.0,104220.0,104260.0,104180.0,2670.0
2023.11.23,104220.0,40.0,104225.0,104225.0,104195.0,3247.0
2023.11.22,104180.0,20.0,104190.0,104230.0,104180.0,189.0
2023.11.21,104160.0,80.0,104185.0,104205.0,104145.0,1214.0
2023.11.20,104080.0,55.0,104050.0,104090.0,104045.0,408.0
2023.11.17,104025.0,85.0,103995.0,104080.0,103985.0,362.0
2023.11.16,103940.0,160.0,103865.0,103940.0,103860.0,496.0
2023.11.15,103780.0,185.0,103595.0,103830.0,103595.0,966.0
2023.11.14,103595.0,45.0,103550.0,103595.0,103545.0,56.0
2023.11.13,103550.0,10.0,103570.0,103575.0,103515.0,125.0
2023.11.10,103540.0,-5.0,103595.0,103595.0,103465.0,175.0
2023.11.09,103545.0,25.0,103485.0,103590.0,103485.0,201.0
2023.11.08,103520.0,50.0,103520.0,103545.0,103520.0,150.0
2023.11.07,103470.0,10.0,103480.0,103495.0,103455.0,316.0
2023.11.06,103460.0,125.0,103430.0,103505.0,103405.0,4198.0
2023.11.03,103335.0,25.0,103345.0,103365.0,103305.0,5207.0
2023.11.02,103310.0,180.0,103260.0,103350.0,103255.0,5622.0
2023.11.01,103130.0,5.0,103160.0,103165.0,103100.0,428.0
2023.10.31,103125.0,-15.0,103150.0,103150.0,103090.0,2381.0
2023.10.30,103140.0,-5.0,103180.0,103180.0,103105.0,629.0
2023.10.27,103345.0,40.0,103330.0,103400.0,103330.0,2539.0
2023.10.26,103305.0,-85.0,103385.0,103385.0,103300.0,2331.0
2023.10.25,103390.0,-10.0,103435.0,103465.0,103375.0,2446.0
2023.10.24,103400.0,60.0,103395.0,103435.0,103390.0,819.0
2023.10.23,103340.0,-45.0,103390.0,103425.0,103340.0,605.0
2023.10.20,103385.0,100.0,103340.0,103400.0,103320.0,1013.0
2023.10.19,103285.0,-70.0,103370.0,103375.0,103245.0,788.0
2023.10.18,103355.0,-45.0,103385.0,103385.0,103330.0,224.0
2023.10.17,103400.0,-40.0,103445.0,103455.0,103400.0,4353.0
2023.10.16,103440.0,15.0,103425.0,103475.0,103415.0,258.0
2023.10.13,103425.0,-55.0,103475.0,103475.0,103390.0,660.0
2023.10.12,103480.0,120.0,103490.0,103490.0,103445.0,321.0
2023.10.11,103360.0,40.0,103945.0,103945.0,103335.0,169.0
2023.10.10,103320.0,115.0,103345.0,103345.0,103280.0,448.0
2023.10.06,103205.0,100.0,103140.0,103225.0,103130.0,612.0
2023.10.05,103105.0,-10.0,103015.0,103185.0,103015.0,972.0
2023.10.04,103115.0,-270.0,104000.0,104000.0,103115.0,1368.0
2023.09.27,103385.0,-5.0,104000.0,104000.0,103340.0,469.0
2023.09.26,103390.0,45.0,103350.0,103390.0,103325.0,795.0
2023.09.25,103705.0,95.0,103675.0,103725.0,103675.0,827.0
2023.09.22,103610.0,45.0,103590.0,103630.0,103535.0,900.0
2023.09.21,103565.0,-45.0,103620.0,103620.0,103520.0,1454.0
2023.09.20,103610.0,25.0,103985.0,103985.0,103540.0,425.0
2023.09.19,103585.0,-35.0,103615.0,103640.0,103580.0,1560.0
2023.09.18,103620.0,-20.0,103635.0,103655.0,103565.0,2094.0
2023.09.15,103640.0,-45.0,103635.0,103700.0,103635.0,1441.0
2023.09.14,103685.0,145.0,103665.0,103705.0,103645.0,729.0
2023.09.13,103540.0,-50.0,103560.0,103590.0,103525.0,812.0
2023.09.12,103590.0,25.0,103555.0,103625.0,103540.0,269.0
2023.09.11,103565.0,-115.0,103630.0,103630.0,103540.0,2239.0
2023.09.08,103680.0,145.0,103100.0,103685.0,103100.0,448.0
2023.09.07,103535.0,-160.0,103705.0,103705.0,103525.0,1388.0
2023.09.06,103695.0,20.0,104000.0,104000.0,103610.0,387.0
2023.09.05,103675.0,-20.0,103705.0,103705.0,103645.0,321.0
2023.09.04,103695.0,-85.0,103800.0,103800.0,103695.0,1441.0
2023.09.01,103780.0,10.0,103770.0,103820.0,103760.0,799.0
2023.08.31,103770.0,85.0,103715.0,103800.0,103715.0,179.0
2023.08.30,103685.0,10.0,104195.0,104195.0,103675.0,393.0
2023.08.29,103975.0,95.0,103950.0,103990.0,103920.0,1163.0
2023.08.28,103880.0,35.0,103860.0,103880.0,103805.0,635.0
2023.08.25,103845.0,-60.0,103880.0,103895.0,103830.0,264.0
2023.08.24,103905.0,70.0,103915.0,103940.0,103880.0,521.0
2023.08.23,103835.0,95.0,104200.0,104200.0,103770.0,559.0
2023.08.22,103740.0,5.0,103780.0,103800.0,103720.0,242.0
2023.08.21,103735.0,-80.0,103815.0,103855.0,103735.0,419.0
2023.08.18,103815.0,70.0,103770.0,103845.0,103755.0,1014.0
2023.08.17,103745.0,-35.0,103100.0,103860.0,103100.0,1004.0
2023.08.16,103780.0,30.0,104195.0,104195.0,103735.0,582.0
2023.08.14,103750.0,-90.0,103840.0,103840.0,103710.0,982.0
2023.08.11,103840.0,30.0,103810.0,103840.0,103765.0,6695.0
2023.08.10,103810.0,-15.0,103815.0,103820.0,103780.0,5926.0
2023.08.09,103825.0,-25.0,104390.0,104390.0,103810.0,262.0
2023.08.08,103850.0,100.0,103760.0,103850.0,103760.0,5353.0
2023.08.07,103750.0,75.0,103765.0,103820.0,103700.0,5602.0
2023.08.04,103675.0,-60.0,103735.0,104265.0,103620.0,9082.0
2023.08.03,103735.0,15.0,103775.0,103780.0,103690.0,3906.0
2023.08.02,103720.0,-75.0,104390.0,104390.0,103635.0,1014.0
2023.08.01,103795.0,85.0,103710.0,103805.0,103695.0,338.0
2023.07.31,103710.0,-10.0,103720.0,103775.0,103650.0,929.0
2023.07.28,103720.0,-170.0,103760.0,103830.0,103675.0,186.0
2023.07.27,104130.0,180.0,104450.0,104500.0,102940.0,474.0
2023.07.26,103950.0,-35.0,104490.0,104490.0,103890.0,596.0
2023.07.25,103985.0,25.0,103990.0,104050.0,103960.0,512.0
2023.07.24,103960.0,-20.0,103950.0,104045.0,103950.0,213.0
2023.07.21,103980.0,-40.0,103955.0,104020.0,103890.0,1213.0
2023.07.20,104020.0,0.0,104060.0,104105.0,103985.0,1157.0
2023.07.19,104020.0,90.0,104555.0,104555.0,103520.0,1299.0
2023.07.18,103930.0,-35.0,103955.0,104010.0,103875.0,91.0
2023.07.17,103965.0,0.0,104505.0,104510.0,103850.0,558.0
2023.07.14,103965.0,-10.0,103915.0,104030.0,103905.0,1099.0
2023.07.13,103975.0,340.0,104555.0,104555.0,103760.0,678.0
2023.07.12,103635.0,-60.0,104560.0,104560.0,103575.0,84.0
2023.07.11,103695.0,175.0,104945.0,104995.0,103525.0,2151.0
2023.07.10,103520.0,-130.0,104930.0,105000.0,103515.0,521.0
2023.07.07,103650.0,-120.0,103100.0,103685.0,103100.0,339.0
2023.07.06,103770.0,5.0,105000.0,105000.0,103690.0,3113.0
2023.07.05,103765.0,-75.0,103890.0,103890.0,103765.0,158.0
2023.07.04,103840.0,35.0,103790.0,103915.0,103780.0,210.0
2023.07.03,103805.0,110.0,103720.0,103805.0,103650.0,835.0
2023.06.30,103695.0,-175.0,103875.0,103875.0,103600.0,214.0
2023.06.29,103870.0,35.0,105785.0,105835.0,103855.0,730.0
2023.06.28,104300.0,-45.0,104290.0,104350.0,104245.0,115.0
2023.06.27,104345.0,45.0,104300.0,104355.0,104255.0,742.0
2023.06.26,104300.0,150.0,104255.0,104300.0,104170.0,946.0
2023.06.23,104150.0,-25.0,104175.0,105220.0,104075.0,383.0
2023.06.22,104175.0,-95.0,104270.0,104275.0,103335.0,278.0
2023.06.21,104270.0,75.0,103120.0,105180.0,103120.0,300.0
2023.06.20,104195.0,25.0,105950.0,106000.0,104065.0,317.0
2023.06.19,104170.0,-15.0,103100.0,105160.0,103100.0,2506.0
2023.06.16,104185.0,85.0,106080.0,106080.0,103105.0,1996.0
2023.06.15,104100.0,-55.0,106170.0,106235.0,104010.0,967.0
2023.06.14,104155.0,-170.0,106170.0,108290.0,104115.0,905.0
2023.06.13,104325.0,135.0,103105.0,108120.0,103100.0,1947.0
2023.06.12,104190.0,25.0,103610.0,106000.0,103610.0,3422.0
2023.06.09,104165.0,50.0,104175.0,104245.0,104135.0,1546.0
2023.06.08,104115.0,-170.0,104170.0,104205.0,104115.0,298.0
2023.06.07,104285.0,180.0,104240.0,104305.0,104130.0,401.0
2023.06.05,104105.0,-115.0,104305.0,104305.0,104105.0,498.0
2023.06.02,104220.0,100.0,106475.0,106475.0,104200.0,746.0
2023.06.01,104120.0,-35.0,104555.0,104650.0,104095.0,1827.0
2023.05.31,104155.0,185.0,106475.0,106475.0,104005.0,1086.0
2023.05.30,103970.0,-30.0,106475.0,108460.0,103915.0,949.0
2023.05.26,104195.0,-90.0,106370.0,106370.0,104085.0,748.0
2023.05.25,104285.0,-200.0,107145.0,109290.0,104185.0,1577.0
2023.05.24,104485.0,30.0,104445.0,104530.0,104390.0,2407.0
2023.05.23,104455.0,-10.0,106430.0,107215.0,104445.0,733.0
2023.05.22,104465.0,20.0,106610.0,106610.0,104415.0,785.0
2023.05.19,104445.0,-15.0,104480.0,104485.0,104330.0,1024.0
2023.05.18,104460.0,-115.0,104575.0,104575.0,104460.0,707.0
2023.05.17,104575.0,-45.0,106495.0,108485.0,104475.0,1157.0
2023.05.16,104620.0,110.0,105455.0,105675.0,104480.0,1678.0
2023.05.15,104510.0,-115.0,105455.0,107560.0,104455.0,3031.0
2023.05.12,104625.0,50.0,104575.0,107000.0,104575.0,8342.0
2023.05.11,104575.0,125.0,104485.0,104580.0,104485.0,364.0
2023.05.10,104450.0,-10.0,104355.0,104465.0,104355.0,3116.0
2023.05.09,104460.0,55.0,104405.0,114845.0,104315.0,4489.0
2023.05.08,104405.0,-140.0,104545.0,104545.0,104405.0,1217.0
2023.05.04,104545.0,225.0,104320.0,104545.0,104320.0,748.0
2023.05.03,104320.0,145.0,104330.0,104425.0,104320.0,1186.0
2023.05.02,104175.0,-85.0,104260.0,104260.0,104170.0,1047.0
2023.04.28,104260.0,-30.0,104255.0,104265.0,104205.0,2130.0
2023.04.27,104290.0,-45.0,104290.0,104355.0,104285.0,122.0
2023.04.26,104565.0,25.0,104540.0,104575.0,104510.0,183.0
2023.04.25,104540.0,15.0,104525.0,104585.0,104525.0,221.0
2023.04.24,104525.0,70.0,104410.0,104525.0,104410.0,174.0
2023.04.21,104455.0,155.0,104345.0,104455.0,104345.0,300.0
2023.04.20,104300.0,-45.0,104375.0,104375.0,104260.0,68.0
2023.04.19,104345.0,-15.0,104290.0,104345.0,104285.0,208.0
2023.04.18,104360.0,0.0,104340.0,104390.0,104315.0,201.0
2023.04.17,104360.0,-160.0,104520.0,104520.0,104350.0,110.0
2023.04.14,104520.0,100.0,104430.0,104530.0,104370.0,83.0
2023.04.13,104420.0,-10.0,104390.0,104480.0,104390.0,91.0
2023.04.12,104430.0,10.0,104420.0,104445.0,104380.0,403.0
2023.04.11,104420.0,-30.0,105350.0,105350.0,104415.0,187.0
2023.04.10,104450.0,150.0,104345.0,104450.0,104250.0,278.0
2023.04.07,104300.0,-90.0,104405.0,104405.0,104300.0,274.0
2023.04.06,104390.0,150.0,104390.0,104390.0,104290.0,3196.0
2023.04.05,104240.0,-25.0,104275.0,104335.0,104240.0,301.0
2023.04.04,104265.0,145.0,104225.0,104290.0,104190.0,454.0
2023.04.03,104120.0,-120.0,104190.0,104190.0,104085.0,419.0
2023.03.31,104240.0,60.0,104000.0,104250.0,104000.0,272.0
2023.03.30,104180.0,-5.0,104175.0,104185.0,104165.0,781.0
2023.03.29,104600.0,50.0,104595.0,104600.0,104520.0,8.0
2023.03.28,104550.0,-125.0,104560.0,104685.0,104550.0,137.0
2023.03.27,104675.0,-80.0,104760.0,104855.0,104675.0,134.0
2023.03.24,104755.0,40.0,104650.0,104755.0,104650.0,191.0
2023.03.23,104715.0,185.0,104735.0,104735.0,104570.0,615.0
2023.03.22,104530.0,-70.0,104500.0,104575.0,104500.0,78.0
2023.03.21,104600.0,-40.0,101515.0,104680.0,101515.0,167.0
2023.03.20,104640.0,205.0,104420.0,104660.0,104420.0,405.0
2023.03.17,104435.0,-35.0,104385.0,104435.0,104275.0,162.0
2023.03.16,104470.0,175.0,104420.0,104560.0,104420.0,30.0
2023.03.15,104295.0,-145.0,104355.0,104355.0,104215.0,22.0
2023.03.14,104440.0,65.0,104500.0,104785.0,104440.0,88.0
2023.03.13,104375.0,545.0,103980.0,104375.0,103895.0,184.0
2023.03.10,103830.0,325.0,103560.0,103840.0,103560.0,81.0
2023.03.09,103505.0,75.0,103430.0,103550.0,103430.0,129.0
2023.03.08,103430.0,-205.0,103655.0,103655.0,103430.0,123.0
2023.03.07,103635.0,25.0,103640.0,103700.0,103540.0,52.0
2023.03.06,103610.0,60.0,103555.0,103680.0,103550.0,1228.0
2023.03.03,103550.0,230.0,103305.0,103550.0,103300.0,64.0
2023.03.02,103320.0,-300.0,103430.0,103505.0,103310.0,481.0
2023.02.28,103620.0,-140.0,103690.0,103690.0,103520.0,792.0
2023.02.27,103760.0,-115.0,103860.0,103865.0,103685.0,9717.0
2023.02.24,103990.0,95.0,103985.0,103990.0,103905.0,964.0
2023.02.23,103895.0,110.0,103835.0,103960.0,103835.0,1404.0
2023.02.22,103785.0,-45.0,103745.0,103825.0,103735.0,68.0
2023.02.21,103830.0,-25.0,103780.0,103830.0,103780.0,713.0
2023.02.20,103855.0,115.0,103910.0,103915.0,103780.0,570.0
2023.02.17,103740.0,-420.0,103920.0,103940.0,103740.0,66.0
2023.02.16,104160.0,190.0,104055.0,104180.0,103990.0,105.0
2023.02.15,103970.0,-55.0,104005.0,104040.0,103940.0,2293.0
2023.02.14,104025.0,85.0,104110.0,104110.0,104010.0,216.0
2023.02.13,103940.0,-45.0,103975.0,103990.0,103925.0,910.0
2023.02.10,103985.0,80.0,103940.0,104005.0,103840.0,85.0
2023.02.09,103905.0,65.0,104000.0,104000.0,103905.0,455.0
2023.02.08,103840.0,-55.0,103995.0,103995.0,103810.0,94.0
2023.02.07,103895.0,50.0,103830.0,103900.0,103810.0,1304.0
2023.02.06,103845.0,-280.0,105000.0,105000.0,103840.0,6047.0
2023.02.03,104125.0,220.0,103915.0,104130.0,103915.0,3227.0
2023.02.02,103905.0,250.0,103860.0,103910.0,103860.0,249.0
2023.02.01,103655.0,175.0,103530.0,103680.0,103530.0,848.0
2023.01.31,103480.0,120.0,103555.0,103555.0,103445.0,363.0
2023.01.30,103360.0,10.0,103340.0,103430.0,103290.0,482.0
2023.01.27,103525.0,45.0,103480.0,103560.0,103465.0,99.0
2023.01.26,103480.0,45.0,103495.0,103590.0,103480.0,3557.0
2023.01.25,103435.0,145.0,103385.0,103435.0,103360.0,155.0
2023.01.20,103290.0,-95.0,103345.0,103345.0,103275.0,183.0
2023.01.19,103385.0,430.0,103195.0,103385.0,103195.0,425.0
2023.01.18,102955.0,110.0,102870.0,102980.0,102870.0,279.0
2023.01.17,102845.0,-15.0,102910.0,102910.0,102805.0,2982.0
2023.01.16,102860.0,110.0,102810.0,102875.0,102810.0,614.0
2023.01.13,102750.0,165.0,102685.0,102790.0,102685.0,388.0
2023.01.12,102585.0,205.0,102175.0,102585.0,99405.0,314.0
2023.01.11,102380.0,220.0,102330.0,102405.0,102330.0,287.0
2023.01.10,102160.0,100.0,102235.0,102240.0,102130.0,316.0
2023.01.09,102060.0,240.0,101950.0,102065.0,101950.0,2425.0
2023.01.06,101820.0,25.0,101800.0,101850.0,101800.0,385.0
2023.01.05,101795.0,145.0,101800.0,101800.0,101705.0,43.0
2023.01.04,101650.0,180.0,101530.0,101710.0,101530.0,271.0
2023.01.03,101470.0,470.0,101380.0,101470.0,101380.0,23.0
2023.01.02,101000.0,-170.0,101195.0,101195.0,101000.0,313.0
2022.12.29,101170.0,35.0,101170.0,101170.0,101045.0,124.0
2022.12.28,101135.0,-10.0,101180.0,101180.0,101130.0,35.0
2022.12.27,101465.0,5.0,101420.0,101465.0,101420.0,8.0
2022.12.26,101460.0,45.0,101450.0,101500.0,101400.0,1107.0
2022.12.23,101415.0,55.0,101360.0,101480.0,101360.0,49.0
2022.12.22,101360.0,195.0,101165.0,101365.0,101165.0,1725.0
2022.12.21,101165.0,0.0,101100.0,101250.0,101100.0,30774.0
2022.12.20,101165.0,-85.0,101315.0,101315.0,101110.0,626.0
2022.12.19,101250.0,15.0,101240.0,101260.0,101200.0,4082.0
2022.12.16,101235.0,95.0,101160.0,101250.0,101160.0,653.0
2022.12.15,101140.0,70.0,101130.0,101140.0,101130.0,4.0
2022.12.14,101070.0,195.0,101000.0,101075.0,101000.0,40.0
2022.12.13,100875.0,-95.0,100885.0,100955.0,100875.0,43.0
2022.12.12,100970.0,135.0,100930.0,100990.0,100930.0,191.0
2022.12.09,100835.0,-35.0,100835.0,100915.0,100835.0,33.0
2022.12.08,100870.0,40.0,100950.0,100950.0,100870.0,31.0
2022.12.07,100830.0,-60.0,100820.0,100895.0,100800.0,128.0
2022.12.06,100890.0,25.0,100915.0,100925.0,100890.0,50.0
2022.12.05,100865.0,20.0,100835.0,100900.0,100820.0,483.0
2022.12.02,100845.0,160.0,100840.0,100845.0,100755.0,1846.0
2022.12.01,100685.0,55.0,100685.0,100685.0,100680.0,3.0
2022.11.30,100630.0,125.0,100560.0,100640.0,100550.0,103.0
2022.11.29,100505.0,-165.0,100575.0,100575.0,100505.0,30.0
2022.11.28,100670.0,-5.0,100675.0,100675.0,100645.0,39.0
2022.11.25,100675.0,-15.0,100590.0,100675.0,100585.0,4.0
2022.11.24,100690.0,390.0,100510.0,100690.0,100500.0,999.0
2022.11.23,100300.0,-95.0,100310.0,100370.0,100225.0,9.0
2022.11.22,100395.0,-15.0,100315.0,100425.0,100315.0,70.0
2022.11.21,100410.0,-45.0,100380.0,100475.0,100380.0,5.0
2022.11.18,100455.0,5.0,100445.0,100455.0,100345.0,7.0
2022.11.17,100450.0,-5.0,100470.0,100470.0,100450.0,85.0
2022.11.16,100455.0,-130.0,100565.0,100565.0,100455.0,626.0
2022.11.15,100585.0,190.0,100360.0,100585.0,100360.0,76.0
2022.11.14,100395.0,-110.0,100430.0,100470.0,100350.0,33.0
2022.11.11,100505.0,395.0,100405.0,100545.0,100395.0,377.0
2022.11.10,100110.0,160.0,100100.0,100140.0,100020.0,663.0
2022.11.09,99950.0,105.0,99925.0,99980.0,99865.0,32.0
2022.11.08,99845.0,135.0,99800.0,99845.0,99715.0,13.0
2022.11.07,99710.0,-175.0,99800.0,99880.0,99710.0,6.0
2022.11.04,99885.0,105.0,99885.0,99885.0,99885.0,8.0
2022.11.03,99780.0,-220.0,99825.0,99825.0,99765.0,62.0
2022.11.02,100000.0,-20.0,100065.0,100065.0,99920.0,203.0
2022.11.01,100020.0,165.0,99875.0,100070.0,99875.0,6111.0
2022.10.31,99855.0,-110.0,100000.0,100000.0,99830.0,2264.0
2022.10.28,99965.0,-90.0,99885.0,99965.0,99875.0,135.0
2022.10.27,100055.0,150.0,100040.0,100055.0,99865.0,208.0
2022.10.26,99905.0,-35.0,99795.0,99980.0,99795.0,315.0
2022.10.25,99940.0,200.0,99785.0,99940.0,99770.0,22.0
2022.10.24,99740.0,215.0,99600.0,99780.0,99600.0,352.0
2022.10.21,99525.0,-325.0,99445.0,99575.0,99445.0,9.0
2022.10.20,99850.0,-110.0,99905.0,99915.0,99850.0,19.0
2022.10.19,99960.0,-270.0,100000.0,100005.0,99925.0,9.0
2022.10.18,100230.0,70.0,100150.0,100240.0,100110.0,313.0
2022.10.17,100160.0,-115.0,100095.0,100160.0,100075.0,265.0
2022.10.14,100275.0,10.0,100165.0,100325.0,100165.0,20.0
2022.10.13,100265.0,-215.0,100355.0,100410.0,100265.0,17.0
2022.10.12,100480.0,465.0,100095.0,100480.0,100025.0,508.0
2022.10.11,100015.0,-240.0,100030.0,100060.0,99985.0,1835.0
2022.10.07,100255.0,-230.0,100300.0,100310.0,100240.0,24.0
2022.10.06,100485.0,-15.0,100335.0,100485.0,100260.0,27.0
2022.10.05,100500.0,-125.0,100685.0,100685.0,100380.0,166.0
2022.10.04,100625.0,395.0,100405.0,100675.0,100375.0,166.0
2022.09.30,100230.0,260.0,100245.0,100260.0,100145.0,1136.0
2022.09.29,99970.0,-10.0,95875.0,100305.0,95875.0,2137.0
2022.09.28,99980.0,-150.0,99855.0,100035.0,99555.0,2210.0
2022.09.27,100130.0,255.0,99575.0,100130.0,99575.0,105.0
2022.09.26,99875.0,-455.0,100105.0,100205.0,99800.0,410.0
2022.09.23,100330.0,-305.0,100405.0,100405.0,100100.0,37.0
2022.09.22,100635.0,-335.0,100995.0,100995.0,100620.0,164.0
2022.09.21,100970.0,-105.0,101030.0,101030.0,100940.0,5.0
2022.09.20,101075.0,-95.0,101165.0,101165.0,101075.0,4.0
2022.09.19,101170.0,45.0,101250.0,101250.0,101140.0,6.0
2022.09.16,101125.0,-165.0,101095.0,101180.0,101095.0,26.0
2022.09.15,101290.0,-125.0,101540.0,101540.0,101290.0,58.0
2022.09.14,101415.0,-120.0,101370.0,101415.0,101280.0,9.0
2022.09.13,101535.0,105.0,101550.0,101570.0,101485.0,80.0
2022.09.08,101430.0,125.0,101305.0,101505.0,101305.0,137.0
2022.09.07,101305.0,85.0,101300.0,101305.0,101140.0,302.0
2022.09.06,101220.0,-145.0,101310.0,101345.0,101220.0,1354.0
2022.09.05,101365.0,270.0,101315.0,101365.0,101270.0,723.0
2022.09.02,101095.0,60.0,101105.0,101130.0,101030.0,45.0
2022.09.01,101035.0,-45.0,101120.0,101120.0,101035.0,7635.0
2022.08.31,101080.0,-215.0,101200.0,101200.0,101055.0,423.0
2022.08.30,101295.0,85.0,101280.0,101295.0,101260.0,54.0
2022.08.29,101210.0,-340.0,101390.0,101390.0,101135.0,142.0
2022.08.26,101550.0,35.0,101565.0,101570.0,101485.0,725.0
2022.08.25,101515.0,-450.0,101860.0,101890.0,101515.0,376.0
2022.08.24,101965.0,30.0,102065.0,102065.0,101910.0,2237.0
2022.08.23,101935.0,-75.0,102055.0,102055.0,101935.0,185.0
2022.08.22,102010.0,-25.0,102175.0,102175.0,101935.0,958.0
2022.08.19,102035.0,-315.0,102240.0,102310.0,102035.0,139.0
2022.08.18,102350.0,-5.0,102380.0,102400.0,102350.0,17.0
2022.08.17,102355.0,-75.0,102345.0,102405.0,102290.0,1804.0
2022.08.16,102430.0,325.0,102300.0,102430.0,102295.0,118.0
2022.08.12,102105.0,-120.0,102130.0,102180.0,102085.0,142.0
2022.08.11,102225.0,125.0,102220.0,102270.0,102195.0,34.0
2022.08.10,102100.0,-95.0,102130.0,102140.0,102035.0,693.0
2022.08.09,102195.0,85.0,102200.0,102200.0,102090.0,208.0
2022.08.08,102110.0,-165.0,102080.0,102140.0,102080.0,37.0
2022.08.05,102275.0,105.0,102255.0,102275.0,102175.0,145.0
2022.08.04,102170.0,40.0,102165.0,102290.0,102145.0,139.0
2022.08.03,102130.0,-130.0,102190.0,102190.0,102100.0,59.0
2022.08.02,102260.0,85.0,102095.0,102310.0,102095.0,871.0
2022.08.01,102175.0,-175.0,102230.0,102255.0,102150.0,47.0
2022.07.29,102350.0,250.0,102165.0,102395.0,102165.0,210.0
2022.07.28,102100.0,110.0,102205.0,102205.0,102070.0,90.0
2022.07.27,101990.0,-40.0,102000.0,102000.0,101955.0,108.0
2022.07.26,102030.0,25.0,102015.0,102065.0,102005.0,852.0
2022.07.25,102005.0,75.0,101840.0,102100.0,101840.0,84.0
2022.07.22,101930.0,200.0,101745.0,101930.0,101745.0,535.0
2022.07.21,101730.0,25.0,101760.0,101780.0,101665.0,301.0
2022.07.20,101705.0,-135.0,101890.0,101890.0,101705.0,119.0
2022.07.19,101840.0,-160.0,101835.0,101955.0,101790.0,955.0
2022.07.18,102000.0,95.0,101995.0,102065.0,101990.0,34.0
2022.07.15,101905.0,70.0,101845.0,101985.0,101845.0,37.0
2022.07.14,101835.0,-180.0,101900.0,101900.0,101820.0,263.0
2022.07.13,102015.0,165.0,101835.0,102035.0,101765.0,22.0
2022.07.12,101850.0,50.0,101835.0,101910.0,101745.0,110.0
2022.07.11,101800.0,-40.0,101640.0,101800.0,101640.0,166.0
2022.07.08,101840.0,-110.0,101910.0,101910.0,101840.0,26.0
2022.07.07,101950.0,-60.0,102845.0,102845.0,101805.0,19.0
2022.07.06,102010.0,405.0,101865.0,102020.0,101785.0,14.0
2022.07.05,101605.0,40.0,101460.0,101665.0,101460.0,824.0
2022.07.04,101565.0,40.0,101655.0,101655.0,101565.0,105.0
2022.07.01,101525.0,205.0,101305.0,101525.0,101225.0,53.0
2022.06.30,101320.0,80.0,101350.0,101350.0,101265.0,37.0
2022.06.29,101240.0,-75.0,101210.0,101240.0,101145.0,824.0
2022.06.28,101315.0,90.0,101225.0,101345.0,101215.0,32.0
2022.06.27,101225.0,-210.0,101255.0,101285.0,101225.0,74.0
2022.06.24,101435.0,165.0,101385.0,101435.0,101310.0,89.0
2022.06.23,101270.0,-30.0,101430.0,101470.0,101270.0,1217.0
2022.06.22,101300.0,175.0,101215.0,101300.0,101105.0,1656.0
2022.06.21,101125.0,110.0,101080.0,101145.0,101045.0,2658.0
2022.06.20,101015.0,15.0,100985.0,101015.0,100900.0,1575.0
2022.06.17,101000.0,-175.0,101080.0,101090.0,100960.0,1504.0
2022.06.16,101175.0,-100.0,101325.0,101450.0,101175.0,754.0
2022.06.15,101275.0,-200.0,101450.0,101550.0,101255.0,1256.0
2022.06.14,101475.0,-310.0,101520.0,101520.0,101335.0,8907.0
2022.06.13,101785.0,-360.0,101455.0,102230.0,101455.0,575.0
2022.06.10,102145.0,-110.0,102140.0,102150.0,102140.0,590.0
2022.06.09,102255.0,135.0,102215.0,102260.0,102125.0,2858.0
2022.06.08,102120.0,-25.0,102040.0,102160.0,102040.0,359.0
2022.06.07,102145.0,-225.0,102375.0,102375.0,102075.0,13733.0
2022.06.03,102370.0,-5.0,102270.0,102370.0,102270.0,613.0
2022.06.02,102375.0,-160.0,102510.0,102515.0,102300.0,79.0
2022.05.31,102535.0,-240.0,102620.0,102635.0,102455.0,474.0
2022.05.30,102775.0,145.0,102710.0,102775.0,102710.0,1951.0
2022.05.27,102630.0,-55.0,102670.0,102670.0,102585.0,2094.0
2022.05.26,102685.0,40.0,102720.0,102720.0,102560.0,802.0
2022.05.25,102645.0,-20.0,102660.0,102730.0,102630.0,612.0
2022.05.24,102665.0,125.0,102525.0,102675.0,102510.0,446.0
2022.05.23,102540.0,-15.0,102555.0,102635.0,102465.0,3280.0
2022.05.20,102555.0,115.0,102460.0,102610.0,102460.0,412.0
2022.05.19,102440.0,35.0,102410.0,102440.0,102360.0,249.0
2022.05.18,102405.0,-55.0,102385.0,102420.0,102295.0,1789.0
2022.05.17,102460.0,-40.0,102500.0,102500.0,102395.0,947.0
2022.05.16,102500.0,-180.0,102100.0,102630.0,102100.0,2768.0
2022.05.13,102680.0,35.0,102700.0,102720.0,102650.0,95.0
2022.05.12,102645.0,130.0,102535.0,102645.0,102525.0,87.0
2022.05.11,102515.0,145.0,102380.0,102515.0,102380.0,42.0
2022.05.10,102370.0,70.0,102540.0,102540.0,102365.0,4906.0
2022.05.09,102300.0,215.0,102110.0,102300.0,102020.0,1059.0
2022.05.06,102085.0,75.0,102085.0,102155.0,101990.0,9997.0
2022.05.04,102010.0,-195.0,102115.0,102170.0,102000.0,485.0
2022.05.03,102205.0,-40.0,102245.0,102285.0,102105.0,189.0
2022.05.02,102245.0,-290.0,102260.0,102405.0,102245.0,538.0
2022.04.29,102535.0,-20.0,102455.0,102555.0,102440.0,391.0
2022.04.28,102555.0,-155.0,102695.0,102695.0,102555.0,327.0
2022.04.27,102710.0,-10.0,102745.0,102880.0,102710.0,250.0
2022.04.26,102720.0,135.0,102670.0,102760.0,102670.0,615.0
2022.04.25,102585.0,175.0,102545.0,102640.0,102505.0,717.0
2022.04.22,102410.0,-110.0,102310.0,102435.0,102310.0,21.0
2022.04.21,102520.0,75.0,102520.0,102550.0,102490.0,84.0
2022.04.20,102445.0,-50.0,102140.0,102525.0,102140.0,774.0
2022.04.19,102495.0,170.0,102285.0,102495.0,102285.0,112.0
2022.04.18,102325.0,-225.0,102290.0,102325.0,102285.0,1368.0
2022.04.15,102550.0,20.0,102495.0,102550.0,102375.0,12746.0
2022.04.14,102530.0,170.0,102360.0,102625.0,102255.0,4257.0
2022.04.13,102360.0,270.0,102150.0,102360.0,102150.0,104.0
2022.04.12,102090.0,80.0,102040.0,102155.0,101935.0,155.0
2022.04.11,102010.0,-490.0,102305.0,102305.0,101990.0,516.0
2022.04.08,102500.0,-165.0,102590.0,102635.0,102500.0,110.0
2022.04.07,102665.0,210.0,102715.0,102715.0,102665.0,27.0
2022.04.06,102455.0,-300.0,102505.0,102600.0,102420.0,701.0
2022.04.05,102755.0,0.0,103005.0,103050.0,102755.0,1002.0
2022.04.04,102755.0,-240.0,102770.0,102850.0,102700.0,750.0
2022.04.01,102995.0,-265.0,103125.0,103135.0,102990.0,1969.0
2022.03.31,103260.0,15.0,103430.0,103430.0,103240.0,757.0
2022.03.30,103245.0,140.0,103205.0,103245.0,103205.0,632.0
2022.03.29,103105.0,150.0,102975.0,103105.0,102960.0,72.0
2022.03.28,102955.0,-610.0,103400.0,103400.0,102955.0,196.0
2022.03.25,103565.0,-100.0,103620.0,103645.0,103530.0,36.0
2022.03.24,103665.0,-20.0,103780.0,103780.0,103665.0,3014.0
2022.03.23,103685.0,-50.0,103670.0,103735.0,103650.0,23.0
2022.03.22,103735.0,-305.0,103865.0,103865.0,103715.0,2018.0
2022.03.21,104040.0,-85.0,104015.0,104110.0,104010.0,14276.0
2022.03.18,104125.0,-5.0,104130.0,104130.0,104025.0,60.0
2022.03.17,104130.0,130.0,104100.0,104130.0,104100.0,38.0
2022.03.16,104000.0,60.0,104055.0,104055.0,103985.0,47.0
2022.03.15,103940.0,10.0,103885.0,103955.0,103885.0,1532.0
2022.03.14,103930.0,-85.0,103990.0,103990.0,103920.0,380.0
2022.03.11,104015.0,100.0,103900.0,104015.0,103900.0,174.0
2022.03.10,103915.0,-15.0,103925.0,103925.0,103870.0,108.0
2022.03.08,103930.0,-60.0,103825.0,103935.0,103800.0,185.0
2022.03.07,103990.0,-35.0,104090.0,104165.0,103990.0,441.0
2022.03.04,104025.0,-20.0,103140.0,104055.0,103140.0,2517.0
2022.03.03,104045.0,-30.0,104090.0,104115.0,104010.0,1861.0
2022.03.02,104075.0,25.0,104065.0,104150.0,104065.0,459.0
2022.02.28,104050.0,130.0,104000.0,104050.0,103965.0,412.0
2022.02.25,103920.0,-60.0,103980.0,103980.0,103885.0,24.0
2022.02.24,103980.0,135.0,103725.0,103980.0,103645.0,798.0
2022.02.23,103845.0,55.0,103810.0,103865.0,103750.0,15178.0
2022.02.22,103790.0,20.0,103770.0,103830.0,103770.0,72.0
2022.02.21,103770.0,-10.0,103800.0,103890.0,103730.0,31.0
2022.02.18,103780.0,-65.0,103925.0,103925.0,103780.0,1549.0
2022.02.17,103845.0,70.0,103895.0,103895.0,103820.0,4478.0
2022.02.16,103775.0,130.0,103735.0,103775.0,103660.0,13.0
2022.02.15,103645.0,-50.0,103695.0,103720.0,103630.0,23.0
2022.02.14,103695.0,60.0,103635.0,103735.0,103635.0,465.0
2022.02.11,103635.0,-205.0,103715.0,103740.0,103635.0,35955.0
2022.02.10,103840.0,45.0,103830.0,103870.0,103825.0,298.0
2022.02.09,103795.0,10.0,103785.0,103835.0,103785.0,486.0
2022.02.08,103785.0,-180.0,103875.0,103875.0,103745.0,385.0
2022.02.07,103965.0,-75.0,104025.0,104025.0,103895.0,197.0
2022.02.04,104040.0,-55.0,103970.0,104040.0,103910.0,532.0
2022.02.03,104095.0,130.0,104270.0,104270.0,104085.0,4023.0
2022.01.28,103965.0,75.0,103965.0,104030.0,103965.0,577.0
2022.01.27,103890.0,-185.0,103975.0,103975.0,103885.0,417.0
2022.01.26,104075.0,0.0,103990.0,104085.0,103990.0,678.0
2022.01.25,104075.0,-55.0,104180.0,104180.0,104015.0,9922.0
2022.01.24,104130.0,35.0,104080.0,107090.0,104080.0,124273.0
2022.01.21,104095.0,-85.0,104250.0,104285.0,104095.0,152.0
2022.01.20,104180.0,-25.0,104220.0,104260.0,104075.0,1517.0
2022.01.19,104205.0,155.0,104130.0,104205.0,104055.0,168.0
2022.01.18,104050.0,15.0,104070.0,104095.0,104020.0,96.0
2022.01.17,104035.0,-275.0,104045.0,104150.0,104035.0,1642.0
2022.01.14,104310.0,-230.0,104535.0,104535.0,104310.0,13.0
2022.01.13,104540.0,210.0,104425.0,104540.0,104345.0,3111.0
2022.01.12,104330.0,65.0,104300.0,104350.0,104300.0,50.0
2022.01.11,104265.0,85.0,104265.0,104265.0,104250.0,20.0
2022.01.10,104180.0,-75.0,104260.0,104260.0,104115.0,696.0
2022.01.07,104255.0,-55.0,104250.0,104300.0,104195.0,1999.0
2022.01.06,104310.0,-130.0,104415.0,104415.0,104240.0,754.0
2022.01.05,104440.0,-70.0,104510.0,104580.0,104365.0,620.0
2022.01.04,104510.0,-55.0,104565.0,104575.0,104440.0,40090.0
2022.01.03,104565.0,-120.0,104620.0,104650.0,104495.0,462.0
2021.12.30,104685.0,-25.0,104705.0,104705.0,104625.0,20861.0
2021.12.29,104710.0,35.0,104695.0,104720.0,104640.0,5509.0
2021.12.28,104675.0,35.0,104640.0,104675.0,104585.0,3884.0
2021.12.27,104640.0,105.0,104570.0,104675.0,104570.0,9165.0
2021.12.24,104535.0,-15.0,104590.0,104590.0,104535.0,13.0
2021.12.23,104550.0,-120.0,104625.0,104675.0,104550.0,119.0
2021.12.22,104670.0,25.0,104705.0,104705.0,104605.0,281.0
2021.12.21,104645.0,20.0,104590.0,104670.0,104590.0,1370.0
2021.12.20,104625.0,20.0,104640.0,104650.0,104580.0,503.0
2021.12.17,104605.0,105.0,104560.0,104615.0,104560.0,101.0
2021.12.16,104500.0,80.0,104530.0,104530.0,104445.0,30.0
2021.12.15,104420.0,-110.0,104455.0,104455.0,104385.0,291.0
2021.12.14,104530.0,105.0,104480.0,104540.0,104475.0,169.0
2021.12.13,104425.0,-45.0,104480.0,104490.0,104415.0,1116.0
2021.12.10,104470.0,-10.0,104535.0,104540.0,104405.0,313.0
2021.12.09,104480.0,135.0,104380.0,104480.0,104380.0,31.0
2021.12.08,104345.0,-5.0,104345.0,104440.0,104345.0,1009.0
2021.12.07,104350.0,70.0,104290.0,104350.0,104275.0,2123.0
2021.12.06,104280.0,20.0,104290.0,104370.0,104280.0,225.0
2021.12.03,104260.0,-120.0,104385.0,104385.0,104260.0,2417.0
2021.12.02,104380.0,-30.0,104425.0,104490.0,104380.0,2962.0
2021.12.01,104410.0,-55.0,104350.0,104465.0,104350.0,1044.0
2021.11.30,104465.0,80.0,104350.0,104465.0,104300.0,224.0
2021.11.29,104385.0,70.0,104330.0,104385.0,104250.0,3820.0
2021.11.26,104315.0,215.0,104170.0,104380.0,104170.0,5397.0
2021.11.25,104100.0,180.0,104030.0,104120.0,104005.0,592.0
2021.11.24,103920.0,10.0,103825.0,103920.0,103825.0,26.0
2021.11.23,103910.0,-50.0,103835.0,103920.0,103760.0,666.0
2021.11.22,103960.0,-100.0,104045.0,104045.0,103915.0,228.0
2021.11.19,104060.0,-45.0,104120.0,104120.0,104000.0,709.0
2021.11.18,104105.0,80.0,104100.0,104110.0,104050.0,232.0
2021.11.17,104025.0,40.0,104060.0,104140.0,103980.0,80.0
2021.11.16,103985.0,-180.0,104110.0,104115.0,103980.0,5039.0
2021.11.15,104165.0,140.0,104050.0,104165.0,104035.0,291.0
2021.11.12,104025.0,-35.0,104060.0,104130.0,104025.0,104.0
2021.11.11,104060.0,-135.0,103945.0,104145.0,103945.0,23925.0
2021.11.10,104195.0,30.0,104200.0,104225.0,104105.0,8130.0
2021.11.09,104165.0,175.0,104080.0,104165.0,103990.0,191.0
2021.11.08,103990.0,10.0,103990.0,104080.0,103990.0,13133.0
2021.11.05,103980.0,180.0,103945.0,103980.0,103780.0,492.0
2021.11.04,103800.0,25.0,103770.0,103860.0,103735.0,47126.0
2021.11.03,103775.0,-15.0,103770.0,103910.0,103770.0,2116.0
2021.11.02,103790.0,130.0,103595.0,103885.0,103595.0,871.0
2021.11.01,103660.0,-70.0,103730.0,103730.0,103575.0,32505.0
2021.10.29,103730.0,-175.0,103930.0,103930.0,103715.0,12963.0
2021.10.28,103905.0,0.0,103830.0,103905.0,103750.0,148221.0
2021.10.27,103905.0,-205.0,104110.0,104110.0,103905.0,2527.0
2021.10.26,104110.0,-155.0,104185.0,104195.0,104035.0,98724.0
2021.10.25,104265.0,-10.0,104240.0,104280.0,104175.0,286.0
2021.10.22,104275.0,-140.0,104280.0,104285.0,104195.0,270.0
2021.10.21,104415.0,75.0,104285.0,104420.0,104270.0,1056.0
2021.10.20,104340.0,105.0,104290.0,104340.0,104135.0,269.0
2021.10.19,104235.0,35.0,104260.0,104355.0,104205.0,777.0
2021.10.18,104200.0,-195.0,104320.0,104320.0,104135.0,1570.0
2021.10.15,104395.0,-40.0,104435.0,104460.0,104395.0,624.0
2021.10.14,104435.0,20.0,104430.0,104455.0,104350.0,1357.0
2021.10.13,104415.0,10.0,104405.0,104430.0,104285.0,27666.0
2021.10.12,104405.0,-215.0,104650.0,104675.0,104390.0,396.0
2021.10.08,104620.0,85.0,104590.0,104680.0,104500.0,2447.0
2021.10.07,104535.0,0.0,104565.0,104650.0,104525.0,10254.0
2021.10.06,104535.0,-145.0,104715.0,104715.0,104525.0,4966.0
2021.10.05,104680.0,-20.0,104700.0,104765.0,104675.0,54285.0
2021.10.01,104700.0,-155.0,104805.0,104870.0,104700.0,133.0
2021.09.30,104855.0,35.0,104820.0,104855.0,104790.0,186.0
2021.09.29,104820.0,0.0,104770.0,104820.0,104685.0,143097.0
2021.09.28,104820.0,-30.0,104850.0,104900.0,104820.0,244.0
2021.09.27,104850.0,-85.0,104850.0,104945.0,104835.0,7279.0
2021.09.24,104935.0,-80.0,104920.0,104945.0,104840.0,124.0
2021.09.23,105015.0,-15.0,105075.0,105075.0,105010.0,111.0
2021.09.17,105030.0,10.0,105015.0,105030.0,105010.0,753.0
2021.09.16,105020.0,-25.0,105020.0,105070.0,104990.0,124.0
2021.09.15,105045.0,50.0,105005.0,105045.0,105000.0,628.0
2021.09.14,104995.0,25.0,105000.0,105000.0,104885.0,247.0
2021.09.13,104970.0,-50.0,105000.0,105125.0,104970.0,751.0
2021.09.10,105020.0,-85.0,104975.0,105020.0,104975.0,667.0
2021.09.09,105105.0,-45.0,105180.0,105205.0,105105.0,124.0
2021.09.08,105150.0,-25.0,105205.0,105220.0,105125.0,34.0
2021.09.07,105175.0,-10.0,105260.0,105260.0,105175.0,717.0
2021.09.06,105185.0,-110.0,105280.0,105280.0,105185.0,111.0
2021.09.03,105295.0,45.0,105300.0,105300.0,105200.0,4783.0
2021.09.02,105250.0,10.0,105240.0,105340.0,105240.0,2666.0
2021.09.01,105240.0,-130.0,105265.0,105310.0,105225.0,2060.0
2021.08.31,105370.0,90.0,105265.0,105400.0,105265.0,1306.0
2021.08.30,105280.0,35.0,105340.0,105365.0,105270.0,83.0
2021.08.27,105245.0,-55.0,105300.0,105315.0,105240.0,2965.0
2021.08.26,105300.0,150.0,105250.0,105300.0,105145.0,1034.0
2021.08.25,105150.0,20.0,105180.0,105180.0,105150.0,42.0
2021.08.24,105130.0,-170.0,105280.0,105280.0,105130.0,1953.0
2021.08.23,105300.0,-70.0,105365.0,105365.0,105230.0,2283.0
2021.08.20,105370.0,30.0,105395.0,105395.0,105315.0,1586.0
2021.08.19,105340.0,55.0,105255.0,105370.0,105255.0,2740.0
2021.08.18,105285.0,75.0,105290.0,105290.0,105215.0,4008.0
2021.08.17,105210.0,-15.0,105225.0,105285.0,105195.0,185.0
2021.08.13,105225.0,-5.0,105155.0,105225.0,105155.0,192.0
2021.08.12,105230.0,-10.0,105270.0,105270.0,105175.0,163.0
2021.08.11,105240.0,70.0,105180.0,105240.0,105150.0,222.0
2021.08.10,105170.0,25.0,105115.0,105215.0,105115.0,2906.0
2021.08.09,105145.0,-15.0,105110.0,105145.0,105055.0,4322.0
2021.08.06,105160.0,-65.0,105200.0,105200.0,105120.0,505.0
2021.08.05,105225.0,5.0,105230.0,105235.0,105150.0,530.0
2021.08.04,105220.0,65.0,105200.0,105230.0,105130.0,12074.0
2021.08.03,105155.0,-50.0,105180.0,105195.0,105100.0,1316.0
2021.08.02,105205.0,10.0,105195.0,105205.0,105130.0,321.0
2021.07.30,105195.0,105.0,105080.0,105205.0,105080.0,1456.0
2021.07.29,105090.0,-10.0,105140.0,105140.0,105090.0,86.0
2021.07.28,105100.0,-180.0,105200.0,105280.0,105060.0,174.0
2021.07.27,105280.0,50.0,105165.0,105280.0,105165.0,1734.0
2021.07.26,105230.0,5.0,105230.0,105255.0,105145.0,8959.0
2021.07.23,105225.0,120.0,105230.0,105230.0,105100.0,55727.0
2021.07.22,105105.0,-50.0,105135.0,105180.0,105100.0,5103.0
2021.07.21,105155.0,-45.0,105070.0,105180.0,105070.0,83.0
2021.07.20,105200.0,160.0,104940.0,105200.0,104940.0,42914.0
2021.07.19,105040.0,-10.0,104960.0,105055.0,104960.0,739.0
2021.07.16,105050.0,160.0,104895.0,105075.0,104895.0,73700.0
2021.07.15,104890.0,-290.0,105315.0,105315.0,104845.0,272.0
2021.07.14,105180.0,0.0,105095.0,105215.0,105095.0,530.0
2021.07.13,105180.0,-45.0,105255.0,105255.0,105170.0,450.0
2021.07.12,105225.0,-65.0,105185.0,105260.0,105180.0,555.0
2021.07.09,105290.0,-25.0,105315.0,105320.0,105190.0,449.0
2021.07.08,105315.0,210.0,105140.0,105315.0,105140.0,2475.0
2021.07.07,105105.0,115.0,105055.0,105115.0,105020.0,12432.0
2021.07.06,104990.0,25.0,105030.0,105055.0,104965.0,333.0
2021.07.05,104965.0,110.0,104955.0,104985.0,104915.0,12471.0
2021.07.02,104855.0,-120.0,104965.0,104975.0,104840.0,945.0
2021.07.01,104975.0,-30.0,105020.0,105020.0,104915.0,671.0
2021.06.30,105005.0,40.0,104985.0,105030.0,104950.0,203.0
2021.06.29,104965.0,115.0,104930.0,104985.0,104855.0,76.0
2021.06.28,104850.0,-105.0,104975.0,104980.0,104830.0,619.0
2021.06.25,104955.0,-115.0,105055.0,105060.0,104955.0,1861.0
2021.06.24,105070.0,-190.0,105165.0,105170.0,105050.0,218.0
2021.06.23,105260.0,85.0,105260.0,105260.0,105175.0,485.0
2021.06.22,105175.0,0.0,105140.0,105175.0,105130.0,119.0
2021.06.21,105175.0,5.0,105210.0,105210.0,105105.0,1876.0
2021.06.18,105170.0,-5.0,105115.0,105205.0,105115.0,1184.0
2021.06.17,105175.0,-35.0,105195.0,105195.0,105145.0,28757.0
2021.06.16,105210.0,-30.0,105270.0,105270.0,105200.0,594.0
2021.06.15,105240.0,-60.0,105265.0,105285.0,105235.0,642.0
2021.06.14,105300.0,25.0,105335.0,105365.0,105285.0,693.0
2021.06.11,105275.0,-30.0,105310.0,105315.0,105200.0,1777.0
2021.06.10,105305.0,-175.0,105470.0,105510.0,105305.0,3287.0
2021.06.09,105480.0,115.0,105430.0,105480.0,105405.0,384.0
2021.06.08,105365.0,5.0,105400.0,105405.0,105320.0,1183.0
2021.06.07,105360.0,50.0,105315.0,105380.0,105290.0,533.0
2021.06.04,105310.0,-105.0,105315.0,105365.0,105295.0,1479.0
2021.06.03,105415.0,35.0,105420.0,105440.0,105415.0,458.0
2021.06.02,105380.0,-10.0,105380.0,105395.0,105325.0,1690.0
2021.06.01,105390.0,35.0,105350.0,105395.0,105350.0,531.0
2021.05.31,105355.0,-70.0,105425.0,105430.0,105300.0,40877.0
2021.05.28,105425.0,-120.0,105570.0,105570.0,105400.0,815.0
2021.05.27,105545.0,40.0,105500.0,105640.0,105430.0,386.0
2021.05.26,105505.0,-50.0,105570.0,105570.0,105490.0,1114.0
2021.05.25,105555.0,30.0,105520.0,105575.0,105520.0,363.0
2021.05.24,105525.0,-115.0,105640.0,105640.0,105515.0,2188.0
2021.05.21,105640.0,80.0,105520.0,105655.0,105520.0,741.0
2021.05.20,105560.0,-90.0,105625.0,105625.0,105560.0,1642.0
2021.05.18,105650.0,35.0,105615.0,105650.0,105515.0,1311.0
2021.05.17,105615.0,100.0,105520.0,105615.0,105515.0,1085.0
2021.05.14,105515.0,50.0,105575.0,105575.0,105505.0,536.0
2021.05.13,105465.0,-60.0,105500.0,105530.0,105430.0,1188.0
2021.05.12,105525.0,0.0,105535.0,105535.0,105455.0,1618.0
2021.05.11,105525.0,0.0,105520.0,105555.0,105455.0,241.0
2021.05.10,105525.0,25.0,105560.0,105560.0,105500.0,449.0
2021.05.07,105500.0,-5.0,105435.0,105515.0,105435.0,1531.0
2021.05.06,105505.0,70.0,105400.0,105520.0,105400.0,318.0
2021.05.04,105435.0,65.0,105475.0,105480.0,105410.0,12731.0
2021.05.03,105370.0,-80.0,105425.0,105475.0,105345.0,19318.0
2021.04.30,105450.0,-5.0,105455.0,105505.0,105400.0,1657.0
2021.04.29,105455.0,-50.0,105525.0,105525.0,105445.0,809.0
2021.04.28,105505.0,35.0,105455.0,105520.0,105455.0,209.0
2021.04.27,105470.0,15.0,105460.0,105525.0,105450.0,701.0
2021.04.26,105455.0,-5.0,105490.0,105490.0,105420.0,961.0
2021.04.23,105460.0,-45.0,105505.0,105505.0,105435.0,291.0
2021.04.22,105505.0,65.0,105535.0,105535.0,105465.0,470.0
2021.04.21,105440.0,55.0,105425.0,105485.0,105420.0,597.0
2021.04.20,105385.0,-65.0,105445.0,105445.0,105385.0,2668.0
2021.04.19,105450.0,115.0,105335.0,105470.0,105335.0,4153.0
2021.04.16,105335.0,-70.0,105410.0,105415.0,105335.0,1341.0
2021.04.15,105405.0,-45.0,105500.0,105500.0,105360.0,1033.0
2021.04.14,105450.0,35.0,105480.0,105480.0,105415.0,2735.0
2021.04.13,105415.0,20.0,105430.0,105430.0,105375.0,7010.0
2021.04.12,105395.0,105.0,105325.0,105395.0,105295.0,105.0
2021.04.09,105290.0,-45.0,105285.0,105375.0,105285.0,5986.0
2021.04.08,105335.0,140.0,105275.0,105335.0,105225.0,5680.0
2021.04.07,105195.0,-60.0,105320.0,105320.0,105195.0,1004.0
2021.04.06,105255.0,85.0,105260.0,105265.0,105185.0,335.0
2021.04.05,105170.0,-105.0,105300.0,105300.0,105080.0,1772.0
2021.04.02,105275.0,25.0,105250.0,105310.0,105230.0,3588.0
2021.04.01,105250.0,5.0,105255.0,105270.0,105180.0,102.0
2021.03.31,105245.0,70.0,105255.0,105270.0,105175.0,795.0
2021.03.30,105175.0,-60.0,105275.0,105275.0,105150.0,3594.0
2021.03.29,105235.0,10.0,105185.0,105240.0,105150.0,960.0
2021.03.26,105225.0,25.0,105185.0,105255.0,105185.0,617.0
2021.03.25,105200.0,-5.0,105110.0,105235.0,105110.0,7325.0
2021.03.24,105205.0,60.0,105130.0,105265.0,105130.0,10189.0
2021.03.23,105145.0,-15.0,105075.0,105190.0,105075.0,31282.0
2021.03.22,105160.0,90.0,105060.0,105160.0,105040.0,4197.0
2021.03.19,105070.0,-75.0,105075.0,105100.0,104995.0,1590.0
2021.03.18,105145.0,60.0,105160.0,105185.0,105100.0,481.0
2021.03.17,105085.0,-35.0,105000.0,105110.0,105000.0,419.0
2021.03.16,105120.0,160.0,105065.0,105120.0,105000.0,21202.0
2021.03.15,104960.0,-80.0,104860.0,104960.0,104815.0,3098.0
2021.03.12,105040.0,-115.0,105065.0,105145.0,105000.0,1200.0
2021.03.11,105155.0,50.0,105190.0,105215.0,105105.0,1075.0
2021.03.10,105105.0,120.0,105100.0,105145.0,105040.0,491.0
2021.03.09,104985.0,-270.0,105220.0,105220.0,104895.0,1710.0
2021.03.08,105255.0,-165.0,105390.0,105390.0,105235.0,1691.0
2021.03.05,105420.0,-80.0,105450.0,105465.0,105420.0,668.0
2021.03.04,105500.0,-20.0,105430.0,105500.0,105430.0,558.0
2021.03.03,105520.0,70.0,105405.0,105520.0,105405.0,6065.0
2021.03.02,105450.0,0.0,105395.0,105530.0,105395.0,7923.0
2021.02.26,105450.0,-105.0,105570.0,105570.0,105340.0,735.0
2021.02.25,105555.0,75.0,105545.0,105560.0,105470.0,14161.0
2021.02.24,105480.0,25.0,105490.0,105495.0,105450.0,179.0
2021.02.23,105455.0,5.0,105475.0,105475.0,105440.0,158.0
2021.02.22,105450.0,-80.0,105455.0,105500.0,105395.0,6437.0
2021.02.19,105530.0,-20.0,105480.0,105560.0,105480.0,827.0
2021.02.18,105550.0,20.0,105530.0,105570.0,105495.0,8493.0
2021.02.17,105530.0,-15.0,105495.0,105530.0,105480.0,157574.0
2021.02.16,105545.0,30.0,105520.0,105545.0,105495.0,69930.0
2021.02.15,105515.0,0.0,105485.0,105515.0,105485.0,8515.0
2021.02.10,105515.0,-10.0,105500.0,105535.0,105500.0,4474.0
2021.02.09,105525.0,60.0,105535.0,105550.0,105480.0,1114.0
2021.02.08,105465.0,-60.0,105515.0,105520.0,105460.0,2620.0
2021.02.05,105525.0,-5.0,105515.0,105525.0,105500.0,1025.0
2021.02.04,105530.0,10.0,105495.0,105535.0,105495.0,668.0
2021.02.03,105520.0,20.0,105495.0,105525.0,105435.0,1381.0
2021.02.02,105500.0,65.0,105470.0,105500.0,105435.0,1599.0
2021.02.01,105435.0,-50.0,105505.0,105510.0,105425.0,4183.0
2021.01.29,105485.0,50.0,105470.0,105505.0,105450.0,293.0
2021.01.28,105435.0,55.0,105380.0,105445.0,105365.0,2768.0
2021.01.27,105380.0,55.0,105365.0,105380.0,105340.0,5428.0
2021.01.26,105325.0,10.0,105340.0,105340.0,105295.0,31575.0
2021.01.25,105315.0,-25.0,105355.0,105355.0,105280.0,2152.0
2021.01.22,105340.0,-55.0,105395.0,105395.0,105270.0,3810.0
2021.01.21,105395.0,40.0,105395.0,105395.0,105355.0,365.0
2021.01.20,105355.0,25.0,105360.0,105370.0,105340.0,747.0
2021.01.19,105330.0,-5.0,105345.0,105350.0,105290.0,5628.0
2021.01.18,105335.0,90.0,105335.0,105335.0,105285.0,6366.0
2021.01.15,105245.0,-35.0,105280.0,105330.0,105245.0,7999.0
2021.01.14,105280.0,5.0,105320.0,105320.0,105230.0,450.0
2021.01.13,105275.0,35.0,105285.0,105290.0,105200.0,715.0
2021.01.12,105240.0,-25.0,105205.0,105275.0,105205.0,3821.0
2021.01.11,105265.0,70.0,105215.0,105265.0,105180.0,749.0
2021.01.08,105195.0,15.0,105150.0,105195.0,105135.0,241.0
2021.01.07,105180.0,-20.0,105220.0,105220.0,105135.0,536.0
2021.01.06,105200.0,-20.0,105215.0,105225.0,105155.0,10355.0
2021.01.05,105220.0,85.0,105165.0,105220.0,105130.0,3645.0
2021.01.04,105135.0,85.0,105045.0,105150.0,105045.0,35186.0
2020.12.30,105050.0,-20.0,105070.0,105070.0,105035.0,1204.0
2020.12.29,105070.0,5.0,105095.0,105095.0,105050.0,166.0
2020.12.28,105065.0,-30.0,105090.0,105095.0,105030.0,794.0
2020.12.24,105095.0,-55.0,105115.0,105140.0,105050.0,1643.0
2020.12.23,105150.0,45.0,105110.0,105150.0,105090.0,609.0
2020.12.22,105105.0,75.0,105060.0,105115.0,105055.0,401.0
2020.12.21,105030.0,85.0,105020.0,105030.0,104955.0,1533.0
2020.12.18,104945.0,-15.0,104960.0,105005.0,104935.0,207.0
2020.12.17,104960.0,-5.0,105005.0,105005.0,104950.0,571.0
2020.12.16,104965.0,-55.0,105020.0,105040.0,104945.0,5421.0
2020.12.15,105020.0,20.0,105035.0,105050.0,104960.0,241.0
2020.12.14,105000.0,-20.0,105025.0,105025.0,104955.0,11535.0
2020.12.11,105020.0,-10.0,105035.0,105035.0,104970.0,10241.0
2020.12.10,105030.0,20.0,105025.0,105035.0,105015.0,1048.0
2020.12.09,105010.0,20.0,104995.0,105010.0,104965.0,85.0
2020.12.08,104990.0,65.0,105025.0,105025.0,104970.0,564.0
2020.12.07,105370.0,25.0,105335.0,105380.0,105335.0,1063.0
2020.12.04,105345.0,5.0,105345.0,105395.0,105340.0,995.0
2020.12.03,105340.0,15.0,105325.0,105345.0,105300.0,8320.0
2020.12.02,105325.0,10.0,105270.0,105325.0,105250.0,18449.0
2020.12.01,105315.0,35.0,105315.0,105325.0,105270.0,1163.0
2020.11.30,105280.0,20.0,105290.0,105325.0,105260.0,510.0
2020.11.27,105260.0,35.0,105230.0,105305.0,105230.0,178.0
2020.11.26,105225.0,-20.0,105285.0,105300.0,105220.0,101.0
2020.11.25,105245.0,35.0,105210.0,105295.0,105200.0,157.0
2020.11.24,105210.0,-55.0,105280.0,105280.0,105205.0,402.0
2020.11.23,105265.0,90.0,105240.0,105280.0,105195.0,1002.0
2020.11.20,105175.0,-40.0,105200.0,105235.0,105170.0,997.0
2020.11.19,105215.0,30.0,105210.0,105240.0,105210.0,326.0
2020.11.18,105185.0,45.0,105185.0,105195.0,105125.0,233.0
2020.11.17,105140.0,40.0,105130.0,105140.0,105105.0,145.0
2020.11.16,105100.0,75.0,105105.0,105105.0,105045.0,58.0
2020.11.13,105025.0,-35.0,105065.0,105080.0,105020.0,111.0
2020.11.12,105060.0,65.0,105075.0,105075.0,105060.0,37.0
2020.11.11,104995.0,5.0,105020.0,105030.0,104955.0,39.0
2020.11.10,104990.0,-30.0,105000.0,105055.0,104895.0,2180.0
2020.11.09,105020.0,20.0,105030.0,105030.0,104955.0,125.0
2020.11.06,105000.0,-70.0,105020.0,105060.0,105000.0,141.0
2020.11.05,105070.0,75.0,105060.0,105070.0,104990.0,61.0
2020.11.04,104995.0,50.0,104930.0,104995.0,104855.0,4002.0
2020.11.03,104945.0,-5.0,104960.0,104985.0,104870.0,6470.0
2020.11.02,104950.0,-90.0,105025.0,105025.0,104915.0,566.0
2020.10.30,105040.0,-20.0,104995.0,105040.0,104985.0,2081.0
2020.10.29,105060.0,20.0,105080.0,105080.0,105000.0,958.0
2020.10.28,105040.0,-10.0,105090.0,105090.0,105000.0,157.0
2020.10.27,105050.0,5.0,104990.0,105075.0,104990.0,172.0
2020.10.26,105045.0,30.0,105090.0,105090.0,105030.0,13.0
2020.10.23,105015.0,75.0,104935.0,105030.0,104910.0,59.0
2020.10.22,104940.0,-5.0,104995.0,105005.0,104940.0,2523.0
2020.10.21,104945.0,-55.0,105005.0,105005.0,104910.0,13.0
2020.10.20,105000.0,0.0,105045.0,105045.0,104935.0,42.0
2020.10.19,105000.0,25.0,104990.0,105000.0,104940.0,34.0
2020.10.16,104975.0,-25.0,104975.0,105010.0,104950.0,67.0
2020.10.15,105000.0,20.0,104885.0,105060.0,104885.0,2121.0
2020.10.14,104980.0,70.0,104935.0,104980.0,104880.0,79.0
2020.10.13,104910.0,70.0,104905.0,104930.0,104865.0,313.0
2020.10.12,104840.0,-60.0,104865.0,104910.0,104840.0,1231.0
2020.10.08,104900.0,15.0,104905.0,104905.0,104860.0,21.0
2020.10.07,104885.0,15.0,104910.0,104910.0,104830.0,281.0
2020.10.06,104870.0,-50.0,104920.0,104920.0,104805.0,4917.0
2020.10.05,104920.0,-80.0,104910.0,104975.0,104860.0,545.0
2020.09.29,105000.0,35.0,104910.0,105035.0,104910.0,228.0
2020.09.28,104965.0,115.0,104975.0,104975.0,104910.0,123.0
2020.09.25,104850.0,-25.0,104875.0,104910.0,104850.0,26.0
2020.09.24,104875.0,90.0,104750.0,104875.0,104750.0,98.0
2020.09.23,104785.0,-5.0,104805.0,104805.0,104785.0,8.0
2020.09.22,104790.0,105.0,104795.0,104810.0,104725.0,195.0
2020.09.21,104685.0,5.0,104740.0,104755.0,104675.0,86.0
2020.09.18,104680.0,-15.0,104635.0,104705.0,104635.0,61.0
2020.09.17,104695.0,-10.0,104720.0,104720.0,104690.0,11.0
2020.09.16,104705.0,5.0,104725.0,104725.0,104640.0,22.0
2020.09.15,104700.0,30.0,104690.0,104720.0,104690.0,277.0
2020.09.14,104670.0,30.0,104640.0,104670.0,104590.0,100.0
2020.09.11,104640.0,-50.0,104610.0,104650.0,104610.0,176.0
2020.09.10,104690.0,15.0,104690.0,104715.0,104650.0,250.0
2020.09.09,104675.0,105.0,104610.0,104685.0,104610.0,3019.0
2020.09.08,104570.0,100.0,104520.0,104570.0,104500.0,26.0
2020.09.07,104905.0,-115.0,104900.0,104980.0,104885.0,1218.0
2020.09.04,105020.0,-75.0,105095.0,105095.0,105000.0,2058.0
2020.09.03,105095.0,0.0,105070.0,105095.0,104995.0,156.0
2020.09.02,105095.0,165.0,104955.0,105095.0,104910.0,1108.0
2020.09.01,104930.0,-120.0,105030.0,105030.0,104920.0,34.0
2020.08.31,105050.0,-90.0,105185.0,105185.0,105010.0,92.0
2020.08.28,105140.0,-100.0,105120.0,105140.0,105075.0,177.0
2020.08.27,105240.0,-35.0,105345.0,105355.0,105240.0,95.0
2020.08.26,105275.0,-60.0,105295.0,105325.0,105220.0,274.0
2020.08.25,105335.0,0.0,105360.0,105360.0,105280.0,4337.0
2020.08.24,105335.0,145.0,105190.0,105335.0,105190.0,2256.0
2020.08.21,105190.0,-135.0,105325.0,105330.0,105175.0,91.0
2020.08.20,105325.0,15.0,105350.0,105350.0,105270.0,140.0
2020.08.19,105310.0,50.0,105325.0,105340.0,105265.0,46.0
2020.08.18,105260.0,25.0,105210.0,105270.0,105210.0,52.0
2020.08.14,105235.0,-25.0,105260.0,105260.0,105170.0,610.0
2020.08.13,105260.0,65.0,105265.0,105265.0,105205.0,269.0
2020.08.12,105195.0,65.0,105190.0,105195.0,105130.0,43.0
2020.08.11,105130.0,60.0,105195.0,105195.0,105085.0,370.0
2020.08.10,105070.0,-80.0,105105.0,105105.0,105070.0,1299.0
2020.08.07,105150.0,-10.0,105210.0,105225.0,105120.0,54.0
2020.08.06,105160.0,-40.0,105130.0,105195.0,105130.0,32.0
2020.08.05,105200.0,45.0,105185.0,105215.0,105185.0,4401.0
2020.08.04,105155.0,45.0,105135.0,105155.0,105055.0,2201.0
2020.08.03,105110.0,-40.0,105085.0,105175.0,105085.0,72.0
2020.07.31,105150.0,65.0,105155.0,105170.0,105150.0,83.0
2020.07.30,105085.0,60.0,105025.0,105085.0,105005.0,120.0
2020.07.29,105025.0,10.0,105065.0,105065.0,104980.0,19.0
2020.07.28,105015.0,45.0,105020.0,105020.0,104955.0,202.0
2020.07.27,104970.0,-45.0,104965.0,105035.0,104945.0,454.0
2020.07.24,105015.0,0.0,105025.0,105025.0,105015.0,45.0
2020.07.23,105015.0,35.0,105040.0,105040.0,104975.0,29.0
2020.07.22,104980.0,20.0,104995.0,104995.0,104930.0,78.0
2020.07.21,104960.0,-35.0,104930.0,105010.0,104930.0,15.0
2020.07.20,104995.0,30.0,104995.0,104995.0,104885.0,425.0
2020.07.17,104965.0,60.0,104920.0,104965.0,104900.0,12.0
2020.07.16,104905.0,75.0,104830.0,104905.0,104810.0,419.0
2020.07.15,104830.0,10.0,104855.0,104855.0,104775.0,591.0
2020.07.14,104820.0,45.0,104850.0,104870.0,104820.0,212.0
2020.07.13,104775.0,-95.0,104775.0,104825.0,104770.0,10186.0
2020.07.10,104870.0,15.0,104890.0,104890.0,104860.0,10.0
2020.07.09,104855.0,10.0,104860.0,104860.0,104810.0,6.0
2020.07.08,104845.0,20.0,104840.0,104845.0,104760.0,439.0
2020.07.07,104825.0,95.0,104795.0,104825.0,104755.0,60.0
2020.07.06,104730.0,-115.0,104830.0,104830.0,104730.0,573.0
2020.07.03,104845.0,15.0,104875.0,104875.0,104790.0,5408.0
2020.07.02,104830.0,65.0,104785.0,104875.0,104785.0,6416.0
2020.07.01,104765.0,0.0,104800.0,104840.0,104720.0,3680.0
2020.06.30,104765.0,20.0,104795.0,104795.0,104710.0,2897.0
2020.06.29,104745.0,-80.0,104825.0,104825.0,104745.0,110.0
2020.06.26,104825.0,25.0,104845.0,104845.0,104790.0,72.0
2020.06.25,104800.0,25.0,104800.0,104800.0,104735.0,122.0
2020.06.24,104775.0,40.0,104790.0,104835.0,104775.0,291.0
2020.06.23,104735.0,75.0,104760.0,104795.0,104730.0,569.0
2020.06.22,104660.0,-75.0,104705.0,104745.0,104655.0,376.0
2020.06.19,104735.0,35.0,104765.0,104780.0,104735.0,10.0
2020.06.18,104700.0,90.0,104655.0,104705.0,104645.0,76.0
2020.06.17,104610.0,-40.0,104640.0,104640.0,104570.0,1656.0
2020.06.16,104650.0,45.0,104655.0,104690.0,104610.0,6962.0
2020.06.15,104605.0,-80.0,104685.0,104685.0,104605.0,4988.0
2020.06.12,104685.0,-25.0,104665.0,104735.0,104650.0,3117.0
2020.06.11,104710.0,50.0,104705.0,104770.0,104705.0,2200.0
2020.06.10,104660.0,50.0,104660.0,104660.0,104600.0,119.0
2020.06.09,104610.0,115.0,104560.0,104640.0,104545.0,512.0
2020.06.08,104495.0,-80.0,104610.0,104610.0,104465.0,539.0
2020.06.05,105035.0,5.0,105015.0,105055.0,104990.0,49.0
2020.06.04,105030.0,-25.0,105055.0,105110.0,105005.0,1265.0
2020.06.03,105055.0,-20.0,105085.0,105115.0,105055.0,140.0
2020.06.02,105075.0,-65.0,105125.0,105125.0,105055.0,3141.0
2020.06.01,105140.0,-50.0,105190.0,105190.0,105120.0,124.0
2020.05.29,105190.0,-35.0,105235.0,105240.0,105150.0,186.0
2020.05.28,105225.0,155.0,105135.0,105350.0,105100.0,93.0
2020.05.27,105070.0,-55.0,105195.0,105195.0,105070.0,395.0
2020.05.26,105125.0,20.0,105185.0,105225.0,105090.0,30169.0
2020.05.25,105105.0,70.0,105075.0,105165.0,105060.0,1094.0
2020.05.22,105035.0,-35.0,105010.0,105105.0,105010.0,142.0
2020.05.21,105070.0,50.0,105070.0,105070.0,105010.0,236.0
2020.05.20,105020.0,0.0,104970.0,105070.0,104965.0,133.0
2020.05.19,105020.0,45.0,104970.0,105025.0,104920.0,40106.0
2020.05.18,104975.0,-45.0,105000.0,105000.0,104930.0,114.0
2020.05.15,105020.0,15.0,105000.0,105025.0,105000.0,12.0
2020.05.14,105005.0,-55.0,105025.0,105025.0,104940.0,455.0
2020.05.13,105060.0,95.0,105015.0,105060.0,105010.0,158.0
2020.05.12,104965.0,95.0,104855.0,104970.0,104855.0,1211.0
2020.05.11,104870.0,45.0,104850.0,104870.0,104850.0,16.0
2020.05.08,104825.0,15.0,104785.0,104875.0,104785.0,810.0
2020.05.07,104810.0,120.0,104700.0,104815.0,104700.0,1869.0
2020.05.06,104690.0,-10.0,104730.0,104755.0,104690.0,80.0
2020.05.04,104700.0,40.0,104650.0,104725.0,104585.0,192.0
2020.04.29,104660.0,135.0,104580.0,104675.0,104515.0,92.0
2020.04.28,104525.0,-20.0,104480.0,104525.0,104435.0,127.0
2020.04.27,104545.0,-5.0,104545.0,104545.0,104450.0,3071.0
2020.04.24,104550.0,30.0,104505.0,104550.0,104430.0,40.0
2020.04.23,104520.0,100.0,104465.0,104525.0,104435.0,3145.0
2020.04.22,104420.0,-80.0,104520.0,104520.0,104420.0,219.0
2020.04.21,104500.0,-65.0,104555.0,104555.0,104365.0,98.0
2020.04.20,104565.0,-5.0,104565.0,104565.0,104505.0,214.0
2020.04.17,104570.0,-80.0,104550.0,104600.0,104515.0,40220.0
2020.04.16,104650.0,55.0,104665.0,104665.0,104600.0,213.0
2020.04.14,104595.0,-30.0,104605.0,104605.0,104530.0,209.0
2020.04.13,104625.0,-65.0,104670.0,104670.0,104555.0,181.0
2020.04.10,104690.0,15.0,104570.0,104710.0,104570.0,166.0
2020.04.09,104675.0,90.0,104580.0,104715.0,104500.0,91.0
2020.04.08,104585.0,65.0,104570.0,104585.0,104485.0,36.0
2020.04.07,104520.0,-35.0,104540.0,104570.0,104485.0,29.0
2020.04.06,104555.0,-20.0,104525.0,104600.0,104440.0,178.0
2020.04.03,104575.0,-110.0,104630.0,104630.0,104575.0,20.0
2020.04.02,104685.0,90.0,104615.0,104685.0,104550.0,207.0
2020.04.01,104595.0,-20.0,104635.0,104680.0,104585.0,82.0
2020.03.31,104615.0,25.0,104490.0,104615.0,104450.0,2062.0
2020.03.30,104590.0,-140.0,104640.0,104655.0,104585.0,3173.0
2020.03.27,104730.0,-70.0,104660.0,104820.0,104660.0,19920.0
2020.03.26,104800.0,205.0,104635.0,104890.0,104635.0,4340.0
2020.03.25,104595.0,-180.0,104625.0,104710.0,104595.0,488.0
2020.03.24,104775.0,125.0,104715.0,104845.0,104705.0,4077.0
2020.03.23,104650.0,-245.0,104835.0,104835.0,104520.0,2653.0
2020.03.20,104895.0,425.0,104775.0,104895.0,104705.0,9036.0
2020.03.19,104470.0,-550.0,104945.0,104955.0,104065.0,8825.0
2020.03.18,105020.0,-170.0,105145.0,105175.0,104990.0,2590.0
2020.03.17,105190.0,245.0,105110.0,105245.0,105070.0,1544.0
2020.03.16,104945.0,100.0,105095.0,105170.0,104945.0,7411.0
2020.03.13,104845.0,-280.0,105090.0,105090.0,104595.0,5837.0
2020.03.12,105125.0,-30.0,105075.0,105155.0,105030.0,287.0
2020.03.11,105155.0,15.0,105150.0,105190.0,105070.0,84.0
2020.03.10,105140.0,-40.0,105175.0,105205.0,105070.0,2761.0
2020.03.09,105180.0,-50.0,105220.0,105305.0,105075.0,13370.0
2020.03.06,105230.0,-35.0,105290.0,105340.0,105230.0,781.0
2020.03.05,105650.0,-40.0,105630.0,105680.0,105515.0,24927.0
2020.03.04,105690.0,195.0,105615.0,105750.0,105495.0,4017.0
2020.03.03,105495.0,85.0,105405.0,105495.0,105360.0,962.0
2020.03.02,105410.0,-40.0,105560.0,105620.0,105410.0,2609.0
2020.02.28,105450.0,170.0,105340.0,105450.0,105280.0,2870.0
2020.02.27,105280.0,-60.0,105435.0,105435.0,105235.0,988.0
2020.02.26,105340.0,35.0,105350.0,105395.0,105305.0,24898.0
2020.02.25,105305.0,0.0,105335.0,105395.0,105285.0,49.0
2020.02.24,105305.0,55.0,105390.0,105395.0,105285.0,182.0
2020.02.21,105250.0,150.0,105095.0,105250.0,105095.0,8118.0
2020.02.20,105100.0,115.0,105030.0,105100.0,105030.0,1035.0
2020.02.19,104985.0,0.0,104960.0,105040.0,104960.0,15.0
2020.02.18,104985.0,140.0,104810.0,105000.0,104810.0,20380.0
2020.02.17,104845.0,25.0,104805.0,104845.0,104715.0,53.0
2020.02.14,104820.0,-120.0,104975.0,104985.0,104780.0,63.0
2020.02.13,104940.0,50.0,104940.0,104945.0,104880.0,47.0
2020.02.12,104890.0,-10.0,104890.0,104915.0,104815.0,835.0
2020.02.11,104900.0,0.0,104900.0,104930.0,104835.0,108.0
2020.02.10,104900.0,-30.0,104925.0,104985.0,104870.0,21334.0
2020.02.07,104930.0,105.0,104865.0,104930.0,104860.0,522.0
2020.02.06,104825.0,10.0,104830.0,104850.0,104750.0,68.0
2020.02.05,104815.0,30.0,104665.0,104845.0,104665.0,4392.0
2020.02.04,104785.0,-105.0,104825.0,104830.0,104740.0,1643.0
2020.02.03,104890.0,40.0,104820.0,104900.0,104815.0,13071.0
2020.01.31,104850.0,55.0,104850.0,104850.0,104780.0,56.0
2020.01.30,104795.0,80.0,104820.0,104870.0,104795.0,391.0
2020.01.29,104715.0,15.0,104695.0,104715.0,104675.0,146.0
2020.01.28,104700.0,170.0,104520.0,104810.0,104520.0,3035.0
2020.01.23,104530.0,90.0,104530.0,104530.0,104470.0,2843.0
2020.01.22,104440.0,-65.0,104555.0,104555.0,104435.0,253.0
2020.01.21,104505.0,145.0,104385.0,104505.0,104320.0,237.0
2020.01.20,104360.0,-90.0,104440.0,104440.0,104290.0,962.0
2020.01.17,104450.0,15.0,104460.0,104480.0,104345.0,1540.0
2020.01.16,104435.0,-90.0,104500.0,104525.0,104435.0,1461.0
2020.01.15,104525.0,5.0,104555.0,104555.0,104450.0,989.0
2020.01.14,104520.0,100.0,104420.0,104520.0,104385.0,1866.0
2020.01.13,104420.0,25.0,104450.0,104450.0,104340.0,1848.0
2020.01.10,104395.0,-45.0,104455.0,104455.0,104340.0,10069.0
2020.01.09,104440.0,-140.0,104505.0,104535.0,104440.0,226.0
2020.01.08,104580.0,45.0,104605.0,104670.0,104520.0,39950.0
2020.01.07,104535.0,-185.0,104620.0,104700.0,104525.0,14246.0
2020.01.06,104720.0,35.0,104720.0,104730.0,104670.0,73.0
2020.01.03,104685.0,120.0,104585.0,104705.0,104525.0,31364.0
2020.01.02,104565.0,85.0,104455.0,104575.0,104455.0,118.0
2019.12.30,104480.0,60.0,104420.0,104480.0,104385.0,167041.0
2019.12.27,104420.0,35.0,104385.0,104435.0,104325.0,86.0
2019.12.26,104385.0,10.0,104375.0,104420.0,104345.0,649.0
2019.12.24,104375.0,5.0,104355.0,104375.0,104300.0,19.0
2019.12.23,104370.0,45.0,104345.0,104375.0,104305.0,1562.0
2019.12.20,104325.0,-5.0,104340.0,104340.0,104255.0,81.0
2019.12.19,104330.0,0.0,104355.0,104355.0,104270.0,88.0
2019.12.18,104330.0,-5.0,104350.0,104350.0,104255.0,35.0
2019.12.17,104335.0,40.0,104335.0,104335.0,104265.0,250.0
2019.12.16,104295.0,105.0,104230.0,104300.0,104220.0,25.0
2019.12.13,104190.0,-105.0,104195.0,104205.0,104090.0,6072.0
2019.12.12,104295.0,55.0,104210.0,104305.0,104210.0,298.0
2019.12.11,104240.0,25.0,104240.0,104240.0,104185.0,8035.0
2019.12.10,104215.0,5.0,104255.0,104255.0,104185.0,246.0
2019.12.09,104210.0,30.0,104180.0,104210.0,104180.0,6.0
2019.12.06,104180.0,-75.0,104215.0,104215.0,104130.0,89.0
2019.12.05,104660.0,0.0,104655.0,104660.0,104570.0,212.0
2019.12.04,104660.0,105.0,104560.0,104660.0,104485.0,2359.0
2019.12.03,104555.0,-90.0,104605.0,104625.0,104515.0,230.0
2019.12.02,104645.0,-25.0,104670.0,104670.0,104600.0,83.0
2019.11.29,104670.0,105.0,104630.0,104690.0,104565.0,55.0
2019.11.28,104565.0,60.0,104560.0,104565.0,104470.0,64.0
2019.11.27,104505.0,65.0,104450.0,104520.0,104430.0,240.0
2019.11.26,104440.0,-15.0,104455.0,104455.0,104390.0,83.0
2019.11.25,104455.0,-70.0,104490.0,104490.0,104430.0,29.0
2019.11.22,104525.0,0.0,104520.0,104525.0,104355.0,48.0
2019.11.21,104525.0,10.0,104525.0,104560.0,104480.0,7222.0
2019.11.20,104515.0,75.0,104490.0,104520.0,104450.0,54.0
2019.11.19,104440.0,110.0,104365.0,104440.0,104350.0,57.0
2019.11.18,104330.0,0.0,104335.0,104335.0,104280.0,4837.0
2019.11.15,104330.0,-25.0,104370.0,104370.0,104280.0,21.0
2019.11.14,104355.0,100.0,104370.0,104370.0,104350.0,20.0
2019.11.13,104255.0,25.0,104220.0,104255.0,104180.0,165.0
2019.11.12,104230.0,-5.0,104305.0,104370.0,104230.0,2311.0
2019.11.11,104235.0,45.0,104270.0,104270.0,104150.0,124.0
2019.11.08,104190.0,-35.0,104145.0,104190.0,103985.0,59.0
2019.11.07,104225.0,120.0,104265.0,104265.0,104210.0,2659.0
2019.11.06,104105.0,-40.0,104145.0,104145.0,104045.0,3245.0
2019.11.05,104145.0,30.0,104160.0,104160.0,104035.0,194.0
2019.11.04,104115.0,-200.0,104315.0,104315.0,104115.0,3482.0
2019.11.01,104315.0,-15.0,104365.0,104425.0,104315.0,747.0
2019.10.31,104330.0,45.0,104375.0,104430.0,104305.0,3227.0
2019.10.30,104285.0,60.0,104270.0,104360.0,104270.0,11008.0
2019.10.29,104225.0,-5.0,104090.0,104225.0,104090.0,1308.0
2019.10.28,104230.0,-190.0,104420.0,104420.0,104230.0,136.0
2019.10.25,104420.0,-95.0,104520.0,104520.0,104420.0,145.0
2019.10.24,104515.0,-30.0,104595.0,104595.0,104490.0,15.0
2019.10.23,104545.0,-5.0,104575.0,104600.0,104545.0,2022.0
2019.10.22,104550.0,110.0,104480.0,104550.0,104425.0,14375.0
2019.10.21,104440.0,-95.0,104575.0,104575.0,104440.0,1368.0
2019.10.18,104535.0,-45.0,104595.0,104595.0,104490.0,162.0
2019.10.17,104580.0,-120.0,104700.0,104710.0,104505.0,5274.0
2019.10.16,104700.0,-70.0,104720.0,104740.0,104650.0,294.0
2019.10.15,104770.0,25.0,104770.0,104795.0,104730.0,10494.0
2019.10.14,104745.0,35.0,104715.0,104765.0,104665.0,19448.0
2019.10.11,104710.0,-80.0,104730.0,104730.0,104630.0,2869.0
2019.10.10,104790.0,0.0,104825.0,104825.0,104760.0,50.0
2019.10.08,104790.0,-75.0,104835.0,104835.0,104765.0,9818.0
2019.10.07,104865.0,5.0,104915.0,104915.0,104825.0,5211.0
2019.10.04,104860.0,240.0,104750.0,104860.0,104695.0,259.0
2019.10.02,104620.0,65.0,104620.0,104625.0,104565.0,10247.0
2019.10.01,104555.0,-35.0,104575.0,104650.0,104515.0,22071.0
2019.09.30,104590.0,20.0,104585.0,104590.0,104535.0,43.0
2019.09.27,104570.0,15.0,104570.0,104575.0,104515.0,207.0
2019.09.26,104555.0,10.0,104505.0,104555.0,104485.0,4699.0
2019.09.25,104545.0,75.0,104545.0,104560.0,104490.0,44.0
2019.09.24,104470.0,-15.0,104480.0,104490.0,104430.0,23016.0
2019.09.23,104485.0,20.0,104500.0,104500.0,104420.0,2099.0
2019.09.20,104465.0,-45.0,104480.0,104480.0,104435.0,40.0
2019.09.19,104510.0,25.0,104460.0,104520.0,104420.0,610.0
2019.09.18,104485.0,20.0,104500.0,104500.0,104395.0,463.0
2019.09.17,104465.0,65.0,104400.0,104480.0,104400.0,3149.0
2019.09.16,104400.0,-275.0,104565.0,104565.0,104400.0,174.0
2019.09.11,104675.0,-20.0,104665.0,104680.0,104660.0,207.0
2019.09.10,104695.0,-25.0,104705.0,104705.0,104630.0,5028.0
2019.09.09,104720.0,115.0,104665.0,104725.0,104620.0,592.0
2019.09.06,104605.0,-30.0,104675.0,104675.0,104560.0,442.0
2019.09.05,105070.0,-100.0,105200.0,105200.0,105050.0,283.0
2019.09.04,105170.0,-30.0,105235.0,105235.0,105170.0,112.0
2019.09.03,105200.0,10.0,105205.0,105215.0,105150.0,113.0
2019.09.02,105190.0,-165.0,105315.0,105315.0,105155.0,5366.0
2019.08.30,105355.0,-30.0,105395.0,105395.0,105305.0,367.0
2019.08.29,105385.0,105.0,105365.0,105390.0,105310.0,809.0
2019.08.28,105280.0,-120.0,105410.0,105410.0,105210.0,77.0
2019.08.27,105400.0,-150.0,105520.0,105520.0,105320.0,630.0
2019.08.26,105550.0,165.0,105580.0,105580.0,105495.0,577.0
2019.08.23,105385.0,-80.0,105505.0,105505.0,105385.0,352.0
2019.08.22,105465.0,-5.0,105400.0,105475.0,105400.0,81.0
2019.08.21,105470.0,-130.0,105630.0,105630.0,105470.0,686.0
2019.08.20,105600.0,-35.0,105615.0,105630.0,105555.0,777.0
2019.08.19,105635.0,40.0,105595.0,105635.0,105580.0,46106.0
2019.08.16,105595.0,95.0,105575.0,105665.0,105460.0,49258.0
2019.08.14,105500.0,10.0,105495.0,105515.0,105435.0,19069.0
2019.08.13,105490.0,30.0,105515.0,105515.0,105445.0,97.0
2019.08.12,105460.0,5.0,105485.0,105485.0,105410.0,320.0
2019.08.09,105455.0,-65.0,105510.0,105515.0,105445.0,2136.0
2019.08.08,105520.0,-10.0,105505.0,105525.0,105485.0,59.0
2019.08.07,105530.0,60.0,105525.0,105530.0,105475.0,26068.0
2019.08.06,105470.0,15.0,105540.0,105605.0,105420.0,26908.0
2019.08.05,105455.0,205.0,105285.0,105455.0,105235.0,8852.0
2019.08.02,105250.0,155.0,105130.0,105270.0,105130.0,20384.0
2019.08.01,105095.0,-35.0,105140.0,105140.0,105090.0,10641.0
2019.07.31,105130.0,20.0,105100.0,105135.0,105095.0,1936.0
2019.07.30,105110.0,35.0,105050.0,105110.0,105015.0,19372.0
2019.07.29,105075.0,10.0,105035.0,105080.0,105030.0,9461.0
2019.07.26,105065.0,40.0,105070.0,105070.0,105015.0,54.0
2019.07.25,105025.0,90.0,105015.0,105035.0,104985.0,416.0
2019.07.24,104935.0,5.0,104850.0,104980.0,104850.0,133.0
2019.07.23,104930.0,5.0,104945.0,104945.0,104895.0,57.0
2019.07.22,104925.0,-10.0,104935.0,104950.0,104895.0,174.0
2019.07.19,104935.0,60.0,104880.0,104950.0,104845.0,567.0
2019.07.18,104875.0,150.0,104730.0,104875.0,104715.0,10115.0
2019.07.17,104725.0,125.0,104660.0,104730.0,104605.0,1110.0
2019.07.16,104600.0,-30.0,104650.0,104670.0,104600.0,498.0
2019.07.15,104630.0,10.0,104650.0,104650.0,104595.0,8537.0
2019.07.12,104620.0,-25.0,104590.0,104635.0,104535.0,1053.0
2019.07.11,104645.0,55.0,104605.0,104680.0,104605.0,8615.0
2019.07.10,104590.0,-15.0,104600.0,104600.0,104535.0,9028.0
2019.07.09,104605.0,65.0,104615.0,104615.0,104540.0,1348.0
2019.07.08,104540.0,-55.0,104535.0,104585.0,104505.0,47585.0
2019.07.05,104595.0,30.0,104525.0,104620.0,104525.0,1738.0
2019.07.04,104565.0,15.0,104550.0,104595.0,104545.0,11948.0
2019.07.03,104550.0,125.0,104495.0,104565.0,104495.0,1489.0
2019.07.02,104425.0,-20.0,104445.0,104480.0,104405.0,1990.0
2019.07.01,104445.0,40.0,104405.0,104445.0,104395.0,412.0
2019.06.28,104405.0,10.0,104450.0,104470.0,104405.0,39284.0
2019.06.27,104395.0,15.0,104355.0,104395.0,104320.0,1446.0
2019.06.26,104380.0,-75.0,104410.0,104410.0,104365.0,7499.0
2019.06.25,104455.0,-45.0,104440.0,104540.0,104440.0,192.0
2019.06.24,104500.0,-15.0,104475.0,104505.0,104435.0,282.0
2019.06.21,104515.0,-25.0,104530.0,104530.0,104465.0,7288.0
2019.06.20,104540.0,140.0,104430.0,104545.0,104430.0,143.0
2019.06.19,104400.0,20.0,104380.0,104430.0,104330.0,30896.0
2019.06.18,104380.0,15.0,104390.0,104400.0,104315.0,6489.0
2019.06.17,104365.0,-35.0,104400.0,104400.0,104325.0,977.0
2019.06.14,104400.0,25.0,104360.0,104415.0,104335.0,66237.0
2019.06.13,104375.0,-35.0,104370.0,104445.0,104355.0,10619.0
2019.06.12,104410.0,195.0,104260.0,104410.0,104250.0,504.0
2019.06.11,104215.0,-20.0,104240.0,104240.0,104185.0,765.0
2019.06.10,104235.0,-5.0,104250.0,104250.0,104180.0,96.0
2019.06.07,104240.0,70.0,104205.0,104240.0,104170.0,211.0
2019.06.05,104170.0,15.0,104155.0,104175.0,104125.0,1131.0
2019.06.04,104565.0,15.0,104570.0,104595.0,104505.0,2192.0
2019.06.03,104550.0,15.0,104550.0,104565.0,104485.0,1699.0
2019.05.31,104535.0,115.0,104620.0,104620.0,104370.0,1673.0
2019.05.30,104420.0,-25.0,104420.0,104430.0,104365.0,1134.0
2019.05.29,104445.0,100.0,104375.0,104445.0,104325.0,240.0
2019.05.28,104345.0,15.0,104270.0,104360.0,104270.0,159.0
2019.05.27,104330.0,-30.0,104350.0,104350.0,104290.0,7649.0
2019.05.24,104360.0,60.0,104375.0,104375.0,104320.0,714.0
2019.05.23,104300.0,55.0,104275.0,104315.0,104275.0,440.0
2019.05.22,104245.0,0.0,104240.0,104250.0,104235.0,40.0
2019.05.21,104245.0,30.0,104225.0,104245.0,104200.0,77.0
2019.05.20,104215.0,-25.0,104235.0,104235.0,104155.0,478.0
2019.05.17,104240.0,-10.0,104220.0,104240.0,104160.0,361.0
2019.05.16,104250.0,135.0,104115.0,104250.0,104115.0,6365.0
2019.05.15,104115.0,-5.0,104120.0,104120.0,104065.0,110.0
2019.05.14,104120.0,25.0,104075.0,104140.0,104075.0,1171.0
2019.05.13,104095.0,5.0,104090.0,104110.0,104065.0,363.0
2019.05.10,104090.0,-10.0,104095.0,104095.0,104050.0,494.0
2019.05.09,104100.0,30.0,104090.0,104100.0,104035.0,119.0
2019.05.08,104070.0,15.0,104080.0,104080.0,104010.0,153.0
2019.05.07,104055.0,100.0,104050.0,104075.0,104000.0,118.0
2019.05.03,103955.0,0.0,103985.0,104025.0,103955.0,189.0
2019.05.02,103955.0,-105.0,104025.0,104025.0,103955.0,1059.0
2019.04.30,104060.0,45.0,104000.0,104060.0,103960.0,302.0
2019.04.29,104015.0,35.0,103950.0,104020.0,103950.0,852.0
2019.04.26,103980.0,10.0,103970.0,103980.0,103910.0,10024.0
2019.04.25,103970.0,80.0,103940.0,104000.0,103940.0,2028.0
2019.04.24,103890.0,35.0,103860.0,103905.0,103855.0,440.0
2019.04.23,103855.0,75.0,103780.0,103855.0,103780.0,5152.0
2019.04.22,103780.0,-80.0,103860.0,103860.0,103780.0,643.0
2019.04.19,103860.0,-30.0,103895.0,103895.0,103795.0,10119.0
2019.04.18,103890.0,135.0,103790.0,103890.0,103790.0,18.0
2019.04.17,103755.0,-35.0,103800.0,103800.0,103750.0,2758.0
2019.04.16,103790.0,20.0,103795.0,103800.0,103740.0,97.0
2019.04.15,103770.0,-40.0,103780.0,103795.0,103730.0,2550.0
2019.04.12,103810.0,-20.0,103820.0,103825.0,103800.0,10989.0
2019.04.11,103830.0,35.0,103850.0,103850.0,103820.0,1818.0
2019.04.10,103795.0,5.0,103820.0,103820.0,103770.0,7597.0
2019.04.09,103790.0,-10.0,103800.0,103800.0,103750.0,796.0
2019.04.08,103800.0,80.0,103810.0,103825.0,103745.0,8089.0
2019.04.05,103720.0,-40.0,103775.0,103775.0,103720.0,182.0
2019.04.04,103760.0,25.0,103770.0,103770.0,103715.0,9082.0
2019.04.03,103735.0,-35.0,103770.0,103770.0,103695.0,125.0
2019.04.02,103770.0,55.0,103680.0,103770.0,103625.0,81.0
2019.04.01,103715.0,-20.0,103735.0,103755.0,103665.0,2026.0
2019.03.29,103735.0,-50.0,103765.0,103765.0,103705.0,214.0
2019.03.28,103785.0,175.0,103680.0,103785.0,103645.0,157.0
2019.03.27,103610.0,130.0,103575.0,103615.0,103510.0,69.0
2019.03.26,103480.0,-55.0,103535.0,103575.0,103480.0,252.0
2019.03.25,103535.0,115.0,103510.0,103540.0,103445.0,8754.0
2019.03.22,103420.0,-15.0,103450.0,103450.0,103395.0,3007.0
2019.03.21,103435.0,140.0,103425.0,103435.0,103360.0,50.0
2019.03.20,103295.0,-35.0,103350.0,103350.0,103290.0,59.0
2019.03.19,103330.0,60.0,103330.0,103330.0,103270.0,7046.0
2019.03.18,103270.0,-55.0,103325.0,103325.0,103270.0,292.0
2019.03.15,103325.0,-30.0,103360.0,103360.0,103295.0,334.0
2019.03.14,103355.0,20.0,103355.0,103355.0,103350.0,97.0
2019.03.13,103335.0,60.0,103350.0,103350.0,103315.0,8301.0
2019.03.12,103275.0,0.0,103285.0,103285.0,103220.0,72.0
2019.03.11,103275.0,-5.0,103190.0,103275.0,103190.0,175.0
2019.03.08,103280.0,35.0,103275.0,103280.0,103190.0,899.0
2019.03.07,103245.0,70.0,103230.0,103245.0,103225.0,7600.0
2019.03.06,103520.0,25.0,103500.0,103520.0,103425.0,125.0
2019.03.05,103495.0,75.0,103495.0,103495.0,103435.0,779.0
2019.03.04,103420.0,-105.0,103470.0,103490.0,103415.0,265.0
2019.02.28,103525.0,-95.0,103555.0,103555.0,103465.0,247.0
2019.02.27,103620.0,125.0,103530.0,103620.0,103530.0,2329.0
2019.02.26,103495.0,-5.0,103495.0,103505.0,103425.0,67.0
2019.02.25,103500.0,0.0,103515.0,103515.0,103495.0,54.0
2019.02.22,103500.0,5.0,103500.0,103500.0,103485.0,305.0
2019.02.21,103495.0,0.0,103510.0,103520.0,103475.0,62.0
2019.02.20,103495.0,-5.0,103500.0,103510.0,103460.0,311.0
2019.02.19,103500.0,15.0,103510.0,103510.0,103445.0,6054.0
2019.02.18,103485.0,-25.0,103510.0,103535.0,103455.0,259.0
2019.02.15,103510.0,50.0,103535.0,103535.0,103440.0,89.0
2019.02.14,103460.0,20.0,103470.0,103470.0,103405.0,165.0
2019.02.13,103440.0,-15.0,103465.0,103465.0,103370.0,186.0
2019.02.12,103455.0,-15.0,103480.0,103480.0,103440.0,620.0
2019.02.11,103470.0,25.0,103445.0,103470.0,103445.0,560.0
2019.02.08,103445.0,45.0,103425.0,103450.0,103355.0,106.0
2019.02.07,103400.0,35.0,103320.0,103400.0,103320.0,10330.0
2019.02.01,103365.0,25.0,103340.0,103380.0,103340.0,68.0
2019.01.31,103340.0,85.0,103310.0,103340.0,103285.0,211.0
2019.01.30,103255.0,-5.0,103260.0,103260.0,103215.0,233.0
2019.01.29,103260.0,-140.0,103300.0,103300.0,103250.0,39.0
2019.01.28,103400.0,160.0,103290.0,103410.0,103290.0,2074.0
2019.01.25,103240.0,-65.0,103325.0,103325.0,103235.0,1228.0
2019.01.24,103305.0,20.0,103320.0,103320.0,103250.0,67.0
2019.01.23,103285.0,70.0,103290.0,103290.0,103240.0,29.0
2019.01.22,103215.0,-20.0,103245.0,103265.0,103205.0,69.0
2019.01.21,103235.0,-5.0,103225.0,103235.0,103150.0,198.0
2019.01.18,103240.0,-10.0,103240.0,103240.0,103155.0,43.0
2019.01.17,103250.0,65.0,103235.0,103250.0,103170.0,509.0
2019.01.16,103185.0,-20.0,103240.0,103240.0,103185.0,4868.0
2019.01.15,103205.0,10.0,103225.0,103225.0,103155.0,105.0
2019.01.14,103195.0,5.0,103190.0,103195.0,103160.0,36.0
2019.01.11,103190.0,25.0,103165.0,103205.0,103165.0,91.0
2019.01.10,103165.0,55.0,103170.0,103170.0,103115.0,61.0
2019.01.09,103110.0,50.0,103130.0,103130.0,103060.0,373.0
2019.01.08,103060.0,-5.0,103150.0,103155.0,103060.0,4306.0
2019.01.07,103065.0,10.0,103135.0,103135.0,103050.0,895.0
2019.01.04,103055.0,-65.0,103155.0,103215.0,103055.0,10813.0
2019.01.03,103120.0,40.0,103125.0,103150.0,103045.0,442.0
2019.01.02,103080.0,95.0,103040.0,103080.0,103000.0,245.0
2018.12.28,102985.0,-40.0,103035.0,103035.0,102930.0,1568.0
2018.12.27,103025.0,30.0,102995.0,103025.0,102940.0,150.0
2018.12.26,102995.0,60.0,102970.0,103010.0,102910.0,251.0
2018.12.24,102935.0,-10.0,102955.0,102955.0,102855.0,1107.0
2018.12.21,102945.0,-70.0,103015.0,103015.0,102920.0,70.0
2018.12.20,103015.0,-15.0,103050.0,103050.0,102950.0,82.0
2018.12.19,103030.0,40.0,103005.0,103065.0,102925.0,31.0
2018.12.18,102990.0,35.0,102965.0,102990.0,102865.0,101.0
2018.12.17,102955.0,20.0,102935.0,102970.0,102935.0,1026.0
2018.12.14,102935.0,15.0,102935.0,102955.0,102855.0,141.0
2018.12.13,102920.0,25.0,102920.0,102925.0,102845.0,139.0
2018.12.12,102895.0,-5.0,102905.0,102905.0,102850.0,39.0
2018.12.11,102900.0,30.0,102900.0,102900.0,102800.0,96.0
2018.12.10,102870.0,-5.0,102875.0,102875.0,102805.0,871.0
2018.12.07,102875.0,20.0,102865.0,102880.0,102775.0,495.0
2018.12.06,102855.0,175.0,102715.0,102860.0,102690.0,9069.0
2018.12.05,103140.0,55.0,103140.0,103160.0,103045.0,452.0
2018.12.04,103085.0,0.0,103125.0,103125.0,103010.0,64.0
2018.12.03,103085.0,-50.0,103135.0,103135.0,103035.0,252.0
2018.11.30,103135.0,10.0,103115.0,103140.0,103015.0,63.0
2018.11.29,103125.0,95.0,103085.0,103140.0,103045.0,57.0
2018.11.28,103030.0,-5.0,103050.0,103050.0,102950.0,6100.0
2018.11.27,103035.0,60.0,103015.0,103035.0,102955.0,28.0
2018.11.26,102975.0,5.0,102915.0,102985.0,102905.0,44.0
2018.11.23,102970.0,75.0,102950.0,102970.0,102890.0,8224.0
2018.11.22,102895.0,25.0,102895.0,102915.0,102835.0,76.0
2018.11.21,102870.0,5.0,102875.0,102875.0,102790.0,122.0
2018.11.20,102865.0,15.0,102890.0,102890.0,102785.0,14062.0
2018.11.19,102850.0,35.0,102850.0,102870.0,102770.0,90.0
2018.11.16,102815.0,20.0,102840.0,102840.0,102720.0,32.0
2018.11.15,102795.0,-40.0,102840.0,102850.0,102750.0,49.0
2018.11.14,102835.0,125.0,102810.0,102835.0,102735.0,14715.0
2018.11.13,102710.0,-25.0,102795.0,102795.0,102685.0,104.0
2018.11.12,102735.0,10.0,102635.0,102755.0,102635.0,218.0
2018.11.09,102725.0,15.0,102725.0,102745.0,102650.0,8091.0
2018.11.08,102710.0,45.0,102680.0,102710.0,102590.0,6427.0
2018.11.07,102665.0,0.0,102655.0,102665.0,102555.0,3203.0
2018.11.06,102665.0,15.0,102645.0,102665.0,102540.0,16593.0
2018.11.05,102650.0,85.0,102590.0,102670.0,102565.0,9956.0
2018.11.02,102565.0,-90.0,102730.0,102730.0,102565.0,6627.0
2018.11.01,102655.0,-65.0,102725.0,102725.0,102610.0,66.0
2018.10.31,102720.0,-25.0,102670.0,102770.0,102670.0,5176.0
2018.10.30,102745.0,-75.0,102820.0,102820.0,102710.0,148.0
2018.10.29,102820.0,135.0,102615.0,102820.0,102615.0,9185.0
2018.10.26,102685.0,-15.0,102645.0,102685.0,102640.0,187.0
2018.10.25,102700.0,90.0,102695.0,102710.0,102615.0,556.0
2018.10.24,102610.0,-45.0,102605.0,102640.0,102545.0,500.0
2018.10.23,102655.0,80.0,102595.0,102655.0,102550.0,5462.0
2018.10.22,102575.0,-50.0,102645.0,102645.0,102575.0,68.0
2018.10.19,102625.0,-10.0,102650.0,102650.0,102585.0,3679.0
2018.10.18,102635.0,105.0,102565.0,102635.0,102460.0,91.0
2018.10.17,102530.0,65.0,102500.0,102530.0,102435.0,168.0
2018.10.16,102465.0,0.0,102610.0,102615.0,102440.0,2076.0
2018.10.15,102465.0,20.0,102465.0,102505.0,102410.0,180.0
2018.10.12,102445.0,-60.0,102500.0,102500.0,102390.0,550.0
2018.10.11,102505.0,165.0,102430.0,102530.0,102370.0,678.0
2018.10.10,102340.0,30.0,102350.0,102425.0,102300.0,883.0
2018.10.08,102310.0,-25.0,102330.0,102335.0,102230.0,849.0
2018.10.05,102335.0,-5.0,102150.0,102340.0,102150.0,418.0
2018.10.04,102340.0,-120.0,102285.0,102350.0,102275.0,1000.0
2018.10.02,102460.0,40.0,102415.0,102465.0,102375.0,497.0
2018.10.01,102420.0,0.0,102465.0,102465.0,102385.0,395.0
2018.09.28,102420.0,-20.0,102375.0,102475.0,102340.0,545.0
2018.09.27,102440.0,65.0,102460.0,102460.0,102315.0,1396.0
2018.09.21,102375.0,75.0,102440.0,102440.0,102295.0,325.0
2018.09.20,102300.0,-70.0,102475.0,102475.0,102300.0,536.0
2018.09.19,102370.0,-100.0,102435.0,102450.0,102350.0,419.0
2018.09.18,102470.0,-25.0,102495.0,102555.0,102470.0,103.0
2018.09.17,102495.0,40.0,102455.0,102500.0,102435.0,203.0
2018.09.14,102455.0,-130.0,102600.0,102600.0,102450.0,160.0
2018.09.13,102585.0,-50.0,102645.0,102665.0,102510.0,131.0
2018.09.12,102635.0,55.0,102610.0,102635.0,102570.0,113.0
2018.09.11,102580.0,-15.0,102605.0,102615.0,102535.0,241.0
2018.09.10,102595.0,5.0,102585.0,102595.0,102515.0,485.0
2018.09.07,102590.0,-35.0,102600.0,102610.0,102510.0,276.0
2018.09.06,102625.0,45.0,102405.0,102625.0,102405.0,223.0
2018.09.05,103145.0,15.0,103100.0,103145.0,103055.0,154.0
2018.09.04,103130.0,55.0,103125.0,103155.0,103050.0,86.0
2018.09.03,103075.0,0.0,103100.0,103120.0,103055.0,392.0
2018.08.31,103075.0,110.0,103050.0,103080.0,102835.0,518.0
2018.08.30,102965.0,-45.0,102995.0,103005.0,102905.0,195.0
2018.08.29,103010.0,95.0,102975.0,103010.0,102910.0,241.0
2018.08.28,102915.0,-55.0,102980.0,102990.0,102910.0,203.0
2018.08.27,102970.0,5.0,102970.0,103005.0,102920.0,1974.0
2018.08.24,102965.0,10.0,102990.0,102990.0,102910.0,486.0
2018.08.23,102955.0,-20.0,102975.0,103005.0,102910.0,468.0
2018.08.22,102975.0,-75.0,103020.0,103020.0,102910.0,529.0
2018.08.21,103050.0,240.0,102895.0,103050.0,102855.0,349.0
2018.08.20,102810.0,40.0,102865.0,102865.0,102800.0,478.0
2018.08.17,102770.0,115.0,102750.0,102810.0,102705.0,703.0
2018.08.16,102655.0,-35.0,102630.0,102735.0,102630.0,1329.0
2018.08.14,102690.0,0.0,102705.0,102720.0,102635.0,207.0
2018.08.13,102690.0,20.0,102740.0,102740.0,102645.0,412.0
2018.08.10,102670.0,50.0,102665.0,102670.0,102600.0,128.0
2018.08.09,102620.0,85.0,102605.0,102620.0,102540.0,324.0
2018.08.08,102535.0,30.0,102530.0,102535.0,102450.0,297.0
2018.08.07,102505.0,60.0,102480.0,102505.0,102420.0,9815.0
2018.08.06,102445.0,60.0,102430.0,102445.0,102360.0,256.0
2018.08.03,102385.0,25.0,102400.0,102400.0,102310.0,152.0
2018.08.02,102360.0,30.0,102325.0,102375.0,102300.0,3713.0
2018.08.01,102330.0,0.0,102315.0,102375.0,102280.0,261.0
2018.07.31,102330.0,15.0,102250.0,102335.0,102230.0,714.0
2018.07.30,102315.0,-5.0,102320.0,102320.0,102255.0,125.0
2018.07.27,102320.0,-60.0,102415.0,102445.0,102320.0,480.0
2018.07.26,102380.0,70.0,102335.0,102380.0,102305.0,119.0
2018.07.25,102310.0,0.0,102250.0,102335.0,102250.0,108.0
2018.07.24,102310.0,-40.0,102315.0,102330.0,102255.0,2192.0
2018.07.23,102350.0,25.0,102320.0,102350.0,102275.0,182.0
2018.07.20,102325.0,35.0,102320.0,102325.0,102275.0,78.0
2018.07.19,102290.0,20.0,102285.0,102305.0,102230.0,107.0
2018.07.18,102270.0,5.0,102255.0,102270.0,102205.0,432.0
2018.07.17,102265.0,0.0,102260.0,102265.0,102205.0,658.0
2018.07.16,102265.0,50.0,102245.0,102265.0,102165.0,724.0
2018.07.13,102215.0,-30.0,102240.0,102240.0,102165.0,180.0
2018.07.12,102245.0,-35.0,102315.0,102315.0,102195.0,273.0
2018.07.11,102280.0,85.0,102305.0,102305.0,102200.0,523.0
2018.07.10,102195.0,25.0,102150.0,102200.0,102110.0,940.0
2018.07.09,102170.0,5.0,102180.0,102180.0,102100.0,338.0
2018.07.06,102165.0,-10.0,102110.0,102205.0,102105.0,153.0
2018.07.05,102175.0,90.0,102130.0,102190.0,102070.0,312.0
2018.07.04,102085.0,35.0,102090.0,102090.0,102010.0,2786.0
2018.07.03,102050.0,-20.0,102055.0,102070.0,101995.0,4188.0
2018.07.02,102070.0,80.0,102100.0,102100.0,101945.0,1043.0
2018.06.29,101990.0,-20.0,102035.0,102065.0,101960.0,350.0
2018.06.28,102010.0,30.0,102020.0,102020.0,101970.0,96.0
2018.06.27,101980.0,50.0,101950.0,101980.0,101895.0,1136.0
2018.06.26,101930.0,5.0,101950.0,101950.0,101875.0,267.0
2018.06.25,101925.0,15.0,101945.0,101945.0,101890.0,527.0
2018.06.22,101910.0,20.0,101950.0,101950.0,101850.0,272.0
2018.06.21,101890.0,50.0,101810.0,101890.0,101795.0,267.0
2018.06.20,101840.0,-10.0,101840.0,101860.0,101810.0,125.0
2018.06.19,101850.0,45.0,101840.0,101870.0,101760.0,229.0
2018.06.18,101805.0,50.0,101780.0,101805.0,101730.0,1278.0
2018.06.15,101755.0,60.0,101700.0,101755.0,101685.0,495.0
2018.06.14,101695.0,0.0,101730.0,101730.0,101610.0,412.0
2018.06.12,101695.0,-15.0,101735.0,101740.0,101640.0,158.0
2018.06.11,101710.0,40.0,101595.0,101715.0,101595.0,210.0
2018.06.08,101670.0,30.0,101640.0,101670.0,101590.0,623.0
2018.06.07,101640.0,20.0,101645.0,101670.0,101565.0,325.0
2018.06.05,102010.0,-10.0,102025.0,102025.0,101945.0,1153.0
2018.06.04,102020.0,-40.0,102070.0,102070.0,101970.0,1500.0
2018.06.01,102060.0,20.0,102040.0,102075.0,101995.0,281.0
2018.05.31,102040.0,10.0,102040.0,102065.0,101980.0,1985.0
2018.05.30,102030.0,35.0,102080.0,102140.0,102005.0,315.0
2018.05.29,101995.0,35.0,102030.0,102030.0,101945.0,327.0
2018.05.28,101960.0,-30.0,101900.0,102030.0,101900.0,459.0
2018.05.25,101990.0,0.0,102015.0,102025.0,101950.0,259.0
2018.05.24,101990.0,130.0,101950.0,101990.0,101925.0,336.0
2018.05.23,101860.0,20.0,101650.0,101860.0,101650.0,433.0
2018.05.21,101840.0,30.0,101850.0,101870.0,101810.0,454.0
2018.05.18,101810.0,50.0,101785.0,101850.0,101755.0,395.0
2018.05.17,101760.0,125.0,101700.0,101775.0,101695.0,87.0
2018.05.16,101635.0,15.0,101575.0,101635.0,101565.0,2537.0
2018.05.15,101620.0,25.0,101605.0,101635.0,101565.0,294.0
2018.05.14,101595.0,-55.0,101635.0,101650.0,101595.0,322.0
2018.05.11,101650.0,15.0,101690.0,101690.0,101615.0,319.0
2018.05.10,101635.0,55.0,101550.0,101650.0,101550.0,284.0
2018.05.09,101580.0,75.0,101580.0,101605.0,101530.0,251.0
2018.05.08,101505.0,-115.0,101550.0,101550.0,101485.0,2451.0
2018.05.04,101620.0,-25.0,101670.0,101670.0,101585.0,365.0
2018.05.03,101645.0,-5.0,101690.0,101720.0,101645.0,387.0
2018.05.02,101650.0,-60.0,101705.0,101705.0,101620.0,332.0
2018.04.30,101710.0,-20.0,101770.0,101770.0,101695.0,1425.0
2018.04.27,101730.0,90.0,101725.0,101735.0,101675.0,350.0
2018.04.26,101640.0,20.0,101600.0,101640.0,101595.0,599.0
2018.04.25,101620.0,-15.0,101605.0,101645.0,101575.0,338.0
2018.04.24,101635.0,-10.0,101635.0,101660.0,101595.0,294.0
2018.04.23,101645.0,-50.0,101640.0,101695.0,101590.0,877.0
2018.04.20,101695.0,10.0,101680.0,101700.0,101625.0,1572.0
2018.04.19,101685.0,0.0,101690.0,101700.0,101630.0,702.0
2018.04.18,101685.0,-5.0,101730.0,101730.0,101680.0,548.0
2018.04.17,101690.0,20.0,101725.0,101725.0,101650.0,347.0
2018.04.16,101670.0,-50.0,101690.0,101720.0,101665.0,698.0
2018.04.13,101720.0,25.0,101520.0,101725.0,101520.0,1120.0
2018.04.12,101695.0,30.0,101590.0,101725.0,101590.0,389.0
2018.04.11,101665.0,60.0,101670.0,101670.0,101525.0,618.0
2018.04.10,101605.0,-15.0,101640.0,101660.0,101565.0,709.0
2018.04.09,101620.0,-20.0,101620.0,101660.0,101555.0,1127.0
2018.04.06,101640.0,45.0,101620.0,101645.0,101585.0,564.0
2018.04.05,101595.0,5.0,101590.0,101600.0,101535.0,284.0
2018.04.04,101590.0,75.0,101525.0,101590.0,101485.0,2696.0
2018.04.03,101515.0,55.0,101430.0,101515.0,101430.0,350.0
2018.04.02,101460.0,20.0,101450.0,101460.0,101385.0,727.0
2018.03.30,101440.0,10.0,101435.0,101470.0,101400.0,1190.0
2018.03.29,101430.0,10.0,101440.0,101445.0,101410.0,1709.0
2018.03.28,101420.0,40.0,101400.0,101440.0,101390.0,1063.0
2018.03.27,101380.0,20.0,101360.0,101380.0,101330.0,34.0
2018.03.26,101360.0,-45.0,101390.0,101405.0,101355.0,45.0
2018.03.23,101405.0,60.0,101405.0,101420.0,101405.0,156.0
2018.03.22,101345.0,95.0,101290.0,101345.0,101280.0,194.0
2018.03.21,101250.0,5.0,101220.0,101275.0,101220.0,45.0
2018.03.20,101245.0,-35.0,101280.0,101280.0,101220.0,29.0
2018.03.19,101280.0,30.0,101270.0,101280.0,101220.0,65.0
2018.03.16,101250.0,-25.0,101275.0,101275.0,101220.0,38.0
2018.03.15,101275.0,55.0,101225.0,101280.0,101225.0,1101.0
2018.03.14,101220.0,40.0,101150.0,101225.0,101150.0,26.0
2018.03.13,101180.0,30.0,101175.0,101180.0,101130.0,169.0
2018.03.12,101150.0,-20.0,101175.0,101175.0,101120.0,131.0
2018.03.09,101170.0,-15.0,101205.0,101205.0,101140.0,33.0
2018.03.08,101185.0,25.0,101135.0,101190.0,101135.0,29.0
2018.03.07,101160.0,60.0,101160.0,101160.0,101120.0,45.0
2018.03.06,101730.0,-15.0,101735.0,101760.0,101725.0,70.0
2018.03.05,101745.0,-70.0,101730.0,101770.0,101655.0,177.0
2018.03.02,101815.0,25.0,101835.0,101875.0,101805.0,556.0
2018.02.28,101790.0,-30.0,101790.0,101800.0,101735.0,525.0
2018.02.27,101820.0,35.0,101830.0,101840.0,101775.0,48.0
2018.02.26,101785.0,35.0,101770.0,101805.0,101745.0,91.0
2018.02.23,101750.0,45.0,101690.0,101755.0,101690.0,24.0
2018.02.22,101705.0,10.0,101685.0,101705.0,101640.0,33.0
2018.02.21,101695.0,40.0,101675.0,101705.0,101640.0,44.0
2018.02.20,101655.0,-10.0,101640.0,101690.0,101605.0,21.0
2018.02.19,101665.0,-75.0,101705.0,101705.0,101620.0,95.0
2018.02.14,101740.0,75.0,101695.0,101740.0,101675.0,43.0
2018.02.13,101665.0,45.0,101660.0,101680.0,101610.0,193.0
2018.02.12,101620.0,-40.0,101645.0,101655.0,101585.0,9884.0
2018.02.09,101660.0,-10.0,101280.0,101660.0,101280.0,20.0
2018.02.08,101670.0,-20.0,101710.0,101710.0,101655.0,123.0
2018.02.07,101690.0,15.0,101640.0,101695.0,101595.0,640.0
2018.02.06,101675.0,50.0,101600.0,101725.0,101600.0,735.0
2018.02.05,101625.0,5.0,101690.0,101690.0,101540.0,3454.0
2018.02.02,101620.0,-5.0,101550.0,101620.0,101535.0,30.0
2018.02.01,101625.0,80.0,101590.0,101625.0,101535.0,254.0
2018.01.31,101545.0,65.0,101480.0,101545.0,101460.0,263.0
2018.01.30,101480.0,-35.0,101505.0,101515.0,101425.0,103.0
2018.01.29,101515.0,-130.0,101630.0,101630.0,101510.0,207.0
2018.01.26,101645.0,-25.0,101670.0,101690.0,101600.0,259.0
2018.01.25,101670.0,0.0,101690.0,101695.0,101630.0,297.0
2018.01.24,101670.0,-5.0,101720.0,101720.0,101630.0,62.0
2018.01.23,101675.0,5.0,101640.0,101675.0,101640.0,70.0
2018.01.22,101670.0,-35.0,101675.0,101715.0,101605.0,163.0
2018.01.19,101705.0,-20.0,101700.0,101715.0,101640.0,241.0
2018.01.18,101725.0,130.0,101600.0,101725.0,101600.0,746.0
2018.01.17,101595.0,35.0,101535.0,101600.0,101535.0,114.0
2018.01.16,101560.0,5.0,101550.0,101575.0,101510.0,62.0
2018.01.15,101555.0,-105.0,101640.0,101690.0,101555.0,100.0
2018.01.12,101660.0,-20.0,101675.0,101685.0,101620.0,143.0
2018.01.11,101680.0,100.0,101585.0,101680.0,101585.0,938.0
2018.01.10,101580.0,-95.0,101665.0,101665.0,101555.0,125.0
2018.01.09,101675.0,-15.0,101700.0,101700.0,101635.0,73.0
2018.01.08,101690.0,-40.0,101730.0,101730.0,101650.0,128.0
2018.01.05,101730.0,115.0,101685.0,101730.0,101645.0,78.0
2018.01.04,101615.0,-50.0,101630.0,101680.0,101615.0,140.0
2018.01.03,101665.0,-25.0,101620.0,101700.0,101620.0,10003.0
2018.01.02,101690.0,65.0,101630.0,101690.0,101605.0,176.0
2017.12.28,101625.0,40.0,101585.0,101625.0,101560.0,284.0
2017.12.27,101585.0,-10.0,101635.0,101635.0,101530.0,62.0
2017.12.26,101595.0,70.0,101600.0,101600.0,101510.0,86.0
2017.12.22,101525.0,-125.0,101670.0,101670.0,101525.0,96.0
2017.12.21,101650.0,-5.0,101695.0,101695.0,101610.0,30.0
2017.12.20,101655.0,60.0,101625.0,101655.0,101580.0,230.0
2017.12.19,101595.0,-5.0,101600.0,101605.0,101555.0,80.0
2017.12.18,101600.0,-35.0,101645.0,101645.0,101570.0,62.0
2017.12.15,101635.0,20.0,101615.0,101635.0,101555.0,95.0
2017.12.14,101615.0,25.0,101615.0,101670.0,101615.0,54.0
2017.12.13,101590.0,30.0,101585.0,101605.0,101545.0,47.0
2017.12.12,101560.0,65.0,101535.0,101565.0,101500.0,78.0
2017.12.11,101495.0,-5.0,101480.0,101545.0,101480.0,813.0
2017.12.08,101500.0,15.0,101460.0,101500.0,101460.0,992.0
2017.12.07,101485.0,20.0,101440.0,101505.0,101435.0,4297.0
2017.12.06,102575.0,30.0,102510.0,102575.0,102495.0,73.0
2017.12.05,102545.0,10.0,102570.0,102570.0,102510.0,41.0
2017.12.04,102535.0,15.0,102535.0,102535.0,102495.0,81.0
2017.12.01,102520.0,0.0,102525.0,102525.0,102480.0,242.0
2017.11.30,102520.0,140.0,102425.0,102520.0,102260.0,321.0
2017.11.29,102380.0,65.0,102200.0,102380.0,102200.0,46.0
2017.11.28,102315.0,65.0,102285.0,102315.0,102250.0,28.0
2017.11.27,102250.0,50.0,102235.0,102260.0,102135.0,45.0
2017.11.24,102200.0,-45.0,102245.0,102245.0,102145.0,76.0
2017.11.23,102245.0,145.0,102195.0,102245.0,102075.0,16.0
2017.11.22,102100.0,0.0,102100.0,102100.0,101985.0,200.0
2017.11.21,102100.0,45.0,102100.0,102100.0,102000.0,168.0
2017.11.20,102055.0,35.0,102030.0,102075.0,101955.0,97.0
2017.11.17,102020.0,0.0,101980.0,102020.0,101980.0,100.0
2017.11.16,102020.0,75.0,102000.0,102020.0,101875.0,181.0
2017.11.15,101945.0,25.0,101940.0,101945.0,101805.0,49.0
2017.11.14,101920.0,-15.0,101960.0,101965.0,101860.0,49.0
2017.11.13,101935.0,-100.0,101985.0,101985.0,101835.0,29.0
2017.11.10,102035.0,-5.0,102035.0,102060.0,101935.0,403.0
2017.11.09,102040.0,35.0,101940.0,102050.0,101940.0,118.0
2017.11.08,102005.0,-45.0,102055.0,102055.0,101910.0,46.0
2017.11.07,102050.0,40.0,102025.0,102050.0,101895.0,61.0
2017.11.06,102010.0,-70.0,102035.0,102040.0,101930.0,116.0
2017.11.03,102080.0,0.0,102080.0,102125.0,102080.0,720.0
2017.11.02,102080.0,70.0,102085.0,102100.0,102060.0,1031.0
2017.11.01,102010.0,-20.0,101965.0,102010.0,101920.0,137.0
2017.10.31,102030.0,135.0,102030.0,102030.0,101880.0,107.0
2017.10.30,101895.0,105.0,101985.0,102040.0,101895.0,28.0
2017.10.27,101790.0,-160.0,101855.0,101950.0,101710.0,6058.0
2017.10.26,101950.0,-190.0,102095.0,102105.0,101950.0,56.0
2017.10.25,102140.0,45.0,102210.0,102210.0,102140.0,7.0
2017.10.24,102095.0,-180.0,102180.0,102265.0,102080.0,176.0
2017.10.23,102275.0,195.0,102195.0,102285.0,102100.0,231.0
2017.10.20,102080.0,-215.0,102245.0,102335.0,102075.0,107.0
2017.10.19,102295.0,-130.0,102420.0,102565.0,102295.0,118.0
2017.10.18,102425.0,-75.0,102525.0,102545.0,102425.0,10.0
2017.10.17,102500.0,-55.0,102520.0,102525.0,102500.0,591.0
2017.10.16,102555.0,-5.0,102555.0,102555.0,102460.0,30.0
2017.10.13,102560.0,-15.0,102595.0,102595.0,102560.0,115.0
2017.10.12,102575.0,85.0,102550.0,102575.0,102445.0,52.0
2017.10.11,102490.0,55.0,102485.0,102510.0,102405.0,157.0
2017.10.10,102435.0,-100.0,102330.0,102560.0,102330.0,501.0
2017.09.29,102535.0,85.0,102520.0,102540.0,102485.0,65.0
2017.09.28,102450.0,-40.0,102525.0,102525.0,102435.0,121.0
2017.09.27,102490.0,-105.0,102585.0,102585.0,102490.0,121.0
2017.09.26,102595.0,-60.0,102690.0,102690.0,102595.0,35.0
2017.09.25,102655.0,40.0,102625.0,102725.0,102600.0,76.0
2017.09.22,102615.0,15.0,102695.0,102700.0,102585.0,63.0
2017.09.21,102600.0,0.0,102485.0,102685.0,102460.0,66.0
2017.09.20,102600.0,-20.0,102700.0,102700.0,102540.0,55.0
2017.09.19,102620.0,-175.0,102680.0,102785.0,102620.0,378.0
2017.09.18,102795.0,130.0,102745.0,102795.0,102660.0,164.0
2017.09.15,102665.0,5.0,102635.0,102795.0,102635.0,81.0
2017.09.14,102660.0,-95.0,102700.0,102745.0,102655.0,89.0
2017.09.13,102755.0,135.0,102740.0,102755.0,102635.0,60.0
2017.09.12,102620.0,-75.0,102600.0,102695.0,102600.0,54.0
2017.09.11,102695.0,70.0,102720.0,102720.0,102600.0,240.0
2017.09.08,102625.0,50.0,102595.0,102715.0,102595.0,14.0
2017.09.07,102575.0,-85.0,102585.0,102660.0,102565.0,18.0
2017.09.06,102660.0,40.0,102635.0,102665.0,102560.0,21.0
2017.09.05,102620.0,0.0,102620.0,102645.0,102620.0,7.0
2017.09.04,102620.0,-75.0,102815.0,102815.0,102500.0,1113.0
2017.09.01,102695.0,0.0,102675.0,102695.0,102625.0,160.0
2017.08.31,102695.0,60.0,102650.0,102695.0,102630.0,30.0
2017.08.30,102635.0,70.0,102580.0,102635.0,102570.0,7.0
2017.08.29,102565.0,-15.0,102565.0,102565.0,102530.0,107.0
2017.08.28,102580.0,-20.0,102660.0,102660.0,102545.0,16266.0
2017.08.25,102600.0,120.0,102515.0,102620.0,102480.0,29661.0
2017.08.24,102480.0,20.0,102500.0,102500.0,102465.0,30193.0
2017.08.23,102460.0,35.0,102460.0,102460.0,102425.0,31218.0
2017.08.22,102425.0,-65.0,102485.0,102485.0,102425.0,30325.0
2017.08.21,102490.0,-15.0,102490.0,102490.0,102425.0,36108.0
2017.08.18,102505.0,70.0,102660.0,102660.0,102450.0,30109.0
2017.08.17,102435.0,75.0,102410.0,102435.0,102380.0,31581.0
2017.08.16,102360.0,-5.0,102360.0,102360.0,102320.0,21423.0
2017.08.14,102365.0,35.0,102370.0,102405.0,102365.0,28290.0
2017.08.11,102330.0,5.0,102370.0,102390.0,102330.0,21154.0
2017.08.10,102325.0,25.0,102325.0,102325.0,102280.0,34461.0
2017.08.09,102300.0,-75.0,102370.0,102370.0,102265.0,48.0
2017.08.08,102375.0,-80.0,102450.0,102450.0,102375.0,126.0
2017.08.07,102455.0,-25.0,102455.0,102455.0,102410.0,10.0
2017.08.04,102480.0,15.0,102510.0,102515.0,102480.0,86515.0
2017.08.03,102465.0,0.0,102510.0,102510.0,102450.0,150808.0
2017.08.02,102465.0,-20.0,102485.0,102500.0,102445.0,347177.0
2017.08.01,102485.0,-5.0,102480.0,102485.0,102445.0,78.0
2017.07.31,102490.0,-10.0,102510.0,102510.0,102480.0,12.0
2017.07.28,102500.0,-10.0,102520.0,102520.0,102490.0,341.0
2017.07.27,102510.0,45.0,102510.0,102535.0,102500.0,112.0
2017.07.26,102465.0,-40.0,102465.0,102465.0,102430.0,184.0
2017.07.25,102505.0,20.0,102485.0,102505.0,102455.0,362.0
2017.07.24,102485.0,40.0,102715.0,102715.0,102485.0,65.0
2017.07.21,102445.0,25.0,102440.0,102475.0,102430.0,1250.0
2017.07.20,102420.0,65.0,102400.0,102420.0,102375.0,90.0
2017.07.19,102355.0,0.0,102380.0,102405.0,102355.0,223.0
2017.07.18,102355.0,-5.0,102365.0,102385.0,102355.0,76.0
2017.07.17,102360.0,30.0,102360.0,102365.0,102355.0,13.0
2017.07.14,102330.0,-35.0,102320.0,102340.0,102315.0,21.0
2017.07.13,102365.0,90.0,102335.0,102365.0,102315.0,174.0
2017.07.12,102275.0,0.0,102280.0,102300.0,102275.0,66.0
2017.07.11,102275.0,40.0,102300.0,102300.0,102275.0,49.0
2017.07.10,102235.0,35.0,102235.0,102235.0,102235.0,12.0
2017.07.07,102200.0,-65.0,102215.0,102235.0,102195.0,372.0
2017.07.06,102265.0,-25.0,102290.0,102290.0,102260.0,48.0
2017.07.05,102290.0,20.0,102220.0,102290.0,102220.0,3.0
2017.07.04,102270.0,-5.0,102295.0,102295.0,102255.0,825.0
2017.07.03,102275.0,-70.0,102330.0,102330.0,102260.0,88.0
2017.06.30,102345.0,90.0,102260.0,102355.0,102260.0,104.0
2017.06.29,102255.0,40.0,102290.0,102315.0,102240.0,130.0
2017.06.28,102215.0,-85.0,102330.0,102330.0,102215.0,17.0
2017.06.27,102300.0,-50.0,102350.0,102375.0,102300.0,94.0
2017.06.26,102350.0,5.0,102350.0,102365.0,102300.0,245.0
2017.06.23,102345.0,10.0,102105.0,102345.0,102105.0,97.0
2017.06.22,102335.0,65.0,102345.0,102365.0,102300.0,2022.0
2017.06.21,102270.0,-65.0,102335.0,102355.0,102270.0,287.0
2017.06.20,102335.0,10.0,102145.0,102345.0,102145.0,48.0
2017.06.19,102325.0,60.0,102310.0,102325.0,102255.0,56.0
2017.06.16,102265.0,95.0,102285.0,102330.0,102240.0,692.0
2017.06.15,102170.0,-110.0,102325.0,102340.0,102150.0,46.0
2017.06.14,102280.0,20.0,102345.0,102345.0,102225.0,2012.0
2017.06.13,102260.0,20.0,102210.0,102275.0,102185.0,625.0
2017.06.12,102240.0,-60.0,102350.0,102365.0,102230.0,138.0
2017.06.09,102300.0,5.0,102345.0,102350.0,102300.0,65.0
2017.06.08,102295.0,-15.0,102250.0,102360.0,102250.0,139.0
2017.06.07,102310.0,25.0,102350.0,102365.0,102310.0,150.0
2017.06.05,103385.0,-40.0,103435.0,103455.0,103385.0,102.0
2017.06.02,103425.0,85.0,103340.0,103425.0,103340.0,92.0
2017.06.01,103340.0,-20.0,103340.0,103375.0,103300.0,61.0
2017.05.31,103360.0,5.0,103365.0,103380.0,103355.0,232.0
2017.05.30,103355.0,80.0,103325.0,103360.0,103285.0,114.0
2017.05.29,103275.0,-35.0,103320.0,103320.0,103270.0,84.0
2017.05.26,103310.0,25.0,103285.0,103315.0,103255.0,83.0
2017.05.25,103285.0,55.0,103275.0,103295.0,103230.0,778.0
2017.05.24,103230.0,5.0,103260.0,103280.0,103225.0,181.0
2017.05.23,103225.0,-60.0,103280.0,103295.0,103215.0,44.0
2017.05.22,103285.0,35.0,103255.0,103295.0,103255.0,52.0
2017.05.19,103250.0,30.0,103310.0,103315.0,103235.0,97.0
2017.05.18,103220.0,20.0,103270.0,103320.0,103220.0,59.0
2017.05.17,103200.0,105.0,103150.0,103220.0,103150.0,82.0
2017.05.16,103095.0,-90.0,103170.0,103170.0,103095.0,155.0
2017.05.15,103185.0,90.0,103225.0,103225.0,103140.0,104.0
2017.05.12,103095.0,-20.0,103115.0,103150.0,103075.0,517.0
2017.05.11,103115.0,25.0,103125.0,103125.0,103055.0,19.0
2017.05.10,103090.0,-20.0,102990.0,103150.0,102990.0,170.0
2017.05.08,103110.0,-40.0,103190.0,103190.0,103100.0,118.0
2017.05.04,103150.0,35.0,103175.0,103175.0,103145.0,140.0
2017.05.02,103115.0,-50.0,103200.0,103200.0,103115.0,200.0
2017.04.28,103165.0,-15.0,103150.0,103165.0,103145.0,1047.0
2017.04.27,103180.0,45.0,103115.0,103180.0,103115.0,164.0
2017.04.26,103135.0,20.0,103115.0,103135.0,103095.0,22.0
2017.04.25,103115.0,30.0,103105.0,103115.0,103065.0,20.0
2017.04.24,103085.0,-30.0,103115.0,103115.0,103035.0,80.0
2017.04.21,103115.0,0.0,103115.0,103115.0,103115.0,0.0
2017.04.20,103115.0,-45.0,103160.0,103160.0,103105.0,143.0
2017.04.19,103160.0,50.0,103115.0,103165.0,103115.0,655.0
2017.04.18,103110.0,-20.0,103050.0,103125.0,103050.0,258.0
2017.04.17,103130.0,35.0,103135.0,103135.0,103090.0,32.0
2017.04.14,103095.0,20.0,103055.0,103095.0,103055.0,70.0
2017.04.13,103075.0,80.0,103105.0,103120.0,103040.0,45.0
2017.04.12,102995.0,-20.0,103020.0,103020.0,102995.0,8.0
2017.04.11,103015.0,80.0,102960.0,103015.0,102960.0,15.0
2017.04.10,102935.0,-105.0,103000.0,103000.0,102925.0,59.0
2017.04.07,103040.0,-30.0,103010.0,103055.0,102985.0,1136.0
2017.04.06,103070.0,5.0,103055.0,103090.0,103020.0,696.0
2017.04.05,103065.0,20.0,103085.0,103085.0,103030.0,251.0
2017.04.04,103045.0,25.0,103050.0,103090.0,103040.0,179.0
2017.04.03,103020.0,-10.0,103000.0,103020.0,102960.0,82.0
2017.03.31,103030.0,80.0,102965.0,103035.0,102960.0,20156.0
2017.03.30,102950.0,0.0,102930.0,103030.0,102930.0,95.0
2017.03.29,102950.0,-10.0,102955.0,102980.0,102910.0,48.0
2017.03.28,102960.0,-25.0,102995.0,102995.0,102960.0,3.0
2017.03.27,102985.0,95.0,102935.0,102985.0,102935.0,192.0
2017.03.24,102890.0,-40.0,102920.0,102945.0,102890.0,135.0
2017.03.23,102930.0,10.0,102960.0,102960.0,102930.0,10.0
2017.03.22,102920.0,-50.0,102940.0,102995.0,102920.0,39.0
2017.03.21,102970.0,55.0,102950.0,102995.0,102920.0,70.0
2017.03.20,102915.0,15.0,102925.0,102930.0,102890.0,27.0
2017.03.17,102900.0,10.0,102880.0,102900.0,102855.0,857.0
2017.03.16,102890.0,140.0,102830.0,102905.0,102830.0,2237.0
2017.03.15,102750.0,35.0,102735.0,102750.0,102730.0,37.0
2017.03.14,102715.0,15.0,102700.0,102765.0,102700.0,30.0
2017.03.13,102700.0,40.0,102745.0,102750.0,102695.0,123.0
2017.03.10,102660.0,20.0,102640.0,102715.0,102610.0,1745.0
2017.03.09,102640.0,-15.0,102670.0,102695.0,102640.0,46.0
2017.03.08,102655.0,15.0,102650.0,102705.0,102650.0,34.0
2017.03.07,102640.0,-75.0,102775.0,102775.0,102640.0,73.0
2017.03.06,102715.0,-70.0,102800.0,102800.0,102715.0,11.0
2017.03.03,102785.0,20.0,102830.0,102830.0,102785.0,2008.0
2017.03.02,102765.0,-135.0,102845.0,102845.0,102765.0,90.0
2017.02.28,102900.0,-15.0,102895.0,102900.0,102870.0,268.0
2017.02.27,102915.0,0.0,102910.0,102915.0,102910.0,15.0
2017.02.24,102915.0,70.0,102920.0,102925.0,102900.0,242.0
2017.02.23,102845.0,60.0,102830.0,102860.0,102830.0,23.0
2017.02.22,102785.0,-65.0,102850.0,102890.0,102785.0,251.0
2017.02.21,102850.0,0.0,102850.0,102870.0,102845.0,60.0
2017.02.20,102850.0,-25.0,102895.0,102910.0,102850.0,151.0
2017.02.17,102875.0,0.0,102880.0,102880.0,102875.0,84.0
2017.02.16,102875.0,5.0,102870.0,102900.0,102870.0,74.0
2017.02.15,102870.0,-15.0,102905.0,102905.0,102850.0,179.0
2017.02.14,102885.0,20.0,102865.0,102885.0,102865.0,13.0
2017.02.13,102865.0,30.0,102880.0,102880.0,102865.0,18.0
2017.02.10,102835.0,-60.0,102830.0,102850.0,102830.0,60.0
2017.02.09,102895.0,45.0,102900.0,102915.0,102895.0,119.0
2017.02.08,102850.0,-20.0,102850.0,102850.0,102850.0,12.0
2017.02.07,102870.0,90.0,102850.0,102885.0,102845.0,310.0
2017.02.06,102780.0,50.0,102730.0,102810.0,102730.0,1476.0
2017.02.03,102730.0,-10.0,102760.0,102760.0,102730.0,112.0
2017.02.02,102740.0,15.0,102695.0,102765.0,102685.0,1012.0
2017.02.01,102725.0,10.0,102725.0,102730.0,102715.0,243.0
2017.01.31,102715.0,65.0,102675.0,102715.0,102675.0,155.0
2017.01.26,102650.0,-105.0,102765.0,102765.0,102640.0,86.0
2017.01.25,102755.0,0.0,102790.0,102790.0,102740.0,32.0
2017.01.24,102755.0,20.0,102700.0,102770.0,102700.0,121.0
2017.01.23,102735.0,50.0,102735.0,102755.0,102720.0,118.0
2017.01.20,102685.0,55.0,102645.0,102685.0,102645.0,36.0
2017.01.19,102630.0,-60.0,102675.0,102675.0,102605.0,677.0
2017.01.18,102690.0,-5.0,102745.0,102745.0,102675.0,63.0
2017.01.17,102695.0,10.0,102685.0,102710.0,102685.0,20.0
2017.01.16,102685.0,45.0,102665.0,102685.0,102635.0,289.0
2017.01.13,102640.0,-15.0,102640.0,102640.0,102640.0,11.0
2017.01.12,102655.0,65.0,102660.0,102660.0,102640.0,39.0
2017.01.11,102590.0,25.0,102605.0,102605.0,102570.0,430.0
2017.01.10,102565.0,40.0,102530.0,102570.0,102530.0,103.0
2017.01.09,102525.0,-65.0,102550.0,102555.0,102495.0,25.0
2017.01.06,102590.0,0.0,102655.0,102655.0,102590.0,41.0
2017.01.05,102590.0,90.0,102610.0,102610.0,102570.0,29.0
2017.01.04,102500.0,0.0,102515.0,102545.0,102495.0,170.0
2017.01.03,102500.0,80.0,102465.0,102505.0,102455.0,81.0
2017.01.02,102420.0,-40.0,102385.0,102450.0,102385.0,127.0
2016.12.29,102460.0,80.0,102395.0,102465.0,102395.0,25.0
2016.12.28,102380.0,120.0,102320.0,102380.0,102320.0,136.0
2016.12.27,102260.0,0.0,102280.0,102280.0,102260.0,71.0
2016.12.26,102260.0,-5.0,102270.0,102270.0,102255.0,10.0
2016.12.23,102265.0,75.0,102290.0,102305.0,102260.0,69.0
2016.12.22,102190.0,110.0,102195.0,102215.0,102150.0,1090.0
2016.12.21,102080.0,-30.0,102155.0,102260.0,102080.0,135.0
2016.12.20,102110.0,-15.0,102030.0,102165.0,102030.0,52.0
2016.12.19,102125.0,5.0,102135.0,102135.0,102065.0,5.0
2016.12.16,102120.0,30.0,102110.0,102120.0,102030.0,9.0
2016.12.15,102090.0,-75.0,102170.0,102170.0,102090.0,2.0
2016.12.14,102165.0,220.0,102140.0,102175.0,102140.0,20.0
2016.12.13,101945.0,-10.0,102010.0,102030.0,101920.0,176.0
2016.12.12,101955.0,70.0,101970.0,101970.0,101920.0,118.0
2016.12.09,101885.0,-110.0,102020.0,102020.0,101855.0,35.0
2016.12.08,101995.0,70.0,102015.0,102025.0,101995.0,23.0
2016.12.07,101925.0,-20.0,101925.0,101935.0,101840.0,86.0
2016.12.06,103145.0,145.0,103240.0,103240.0,103135.0,23.0
2016.12.05,103000.0,-45.0,102955.0,103235.0,102955.0,166.0
2016.12.02,103045.0,60.0,103195.0,103195.0,102960.0,142.0
2016.12.01,102985.0,-105.0,103075.0,103075.0,102985.0,126.0
2016.11.30,103090.0,10.0,103130.0,103130.0,103090.0,4.0
2016.11.29,103080.0,195.0,103015.0,103080.0,103015.0,8.0
2016.11.28,102885.0,-20.0,102900.0,103020.0,102885.0,181.0
2016.11.25,102905.0,60.0,102900.0,102905.0,102710.0,3119.0
2016.11.24,102845.0,-140.0,103055.0,103055.0,102845.0,131.0
2016.11.23,102985.0,-95.0,103050.0,103050.0,102905.0,23.0
2016.11.22,103080.0,60.0,103175.0,103220.0,103080.0,93.0
2016.11.21,103020.0,-65.0,103085.0,103085.0,102985.0,105.0
2016.11.18,103085.0,65.0,103290.0,103290.0,102995.0,167.0
2016.11.17,103020.0,-235.0,103065.0,103145.0,102960.0,43.0
2016.11.16,103255.0,-70.0,103320.0,103320.0,103255.0,198.0
2016.11.15,103325.0,-80.0,103370.0,103390.0,103230.0,2101.0
2016.11.14,103405.0,-170.0,103580.0,103580.0,103405.0,226.0
2016.11.11,103575.0,-75.0,103620.0,103620.0,103575.0,7.0
2016.11.10,103650.0,-200.0,103755.0,103755.0,103650.0,22.0
2016.11.09,103850.0,45.0,103695.0,103890.0,103695.0,375.0
2016.11.08,103805.0,170.0,103815.0,103815.0,103805.0,307.0
2016.11.07,103635.0,-115.0,103550.0,103635.0,103550.0,55.0
2016.11.04,103750.0,65.0,103750.0,103750.0,103750.0,3.0
2016.11.03,103685.0,30.0,103625.0,103760.0,103625.0,646.0
2016.11.02,103655.0,-5.0,103705.0,103715.0,103655.0,10.0
2016.11.01,103660.0,0.0,103660.0,103660.0,103620.0,53.0
2016.10.31,103660.0,75.0,103590.0,103660.0,103565.0,164.0
2016.10.28,103585.0,-130.0,103650.0,103700.0,103585.0,44.0
2016.10.27,103715.0,0.0,103780.0,103785.0,103715.0,35.0
2016.10.26,103715.0,-105.0,103705.0,103795.0,103705.0,315.0
2016.10.25,103820.0,70.0,103905.0,103905.0,103750.0,19.0
2016.10.24,103750.0,-130.0,103845.0,103845.0,103730.0,142.0
2016.10.21,103880.0,-50.0,103970.0,103970.0,103880.0,66.0
2016.10.20,103930.0,-40.0,103915.0,103940.0,103850.0,185.0
2016.10.19,103970.0,120.0,103975.0,104000.0,103970.0,45.0
2016.10.18,103850.0,-120.0,103950.0,103990.0,103845.0,125.0
2016.10.17,103970.0,-90.0,103915.0,103995.0,103875.0,338.0
2016.10.14,104060.0,-50.0,104050.0,104060.0,103960.0,122.0
2016.10.13,104110.0,220.0,104080.0,104140.0,104005.0,135.0
2016.10.12,103890.0,-110.0,104200.0,104200.0,103890.0,157.0
2016.10.11,104000.0,0.0,103915.0,104000.0,103915.0,14.0
2016.10.10,104000.0,-30.0,104130.0,104145.0,104000.0,164.0
2016.10.07,104030.0,-20.0,104200.0,104200.0,104015.0,76.0
2016.10.06,104050.0,-90.0,104185.0,104185.0,104050.0,36.0
2016.10.05,104140.0,-5.0,104075.0,104155.0,103800.0,13871.0
2016.10.04,104145.0,-165.0,104000.0,104520.0,104000.0,96.0
2016.09.30,104310.0,130.0,104295.0,104310.0,104210.0,72.0
2016.09.29,104180.0,70.0,104190.0,104190.0,104080.0,71.0
2016.09.28,104110.0,-75.0,104185.0,104185.0,104105.0,24.0
2016.09.27,104185.0,-15.0,104260.0,104260.0,104185.0,37.0
2016.09.26,104200.0,45.0,104225.0,104235.0,104115.0,127.0
2016.09.23,104155.0,-90.0,104245.0,104260.0,104140.0,351.0
2016.09.22,104245.0,115.0,104270.0,104270.0,104145.0,959.0
2016.09.21,104130.0,15.0,104115.0,104145.0,104015.0,192.0
2016.09.20,104115.0,10.0,104090.0,104115.0,103985.0,853.0
2016.09.19,104105.0,15.0,104100.0,104105.0,104100.0,35.0
2016.09.13,104090.0,5.0,104000.0,104160.0,104000.0,1289.0
2016.09.12,104085.0,-95.0,104105.0,104105.0,103975.0,99.0
2016.09.09,104180.0,-120.0,104150.0,104225.0,104135.0,122.0
2016.09.08,104300.0,80.0,104220.0,104300.0,104220.0,37.0
2016.09.07,104220.0,-5.0,104275.0,104275.0,104220.0,33.0
2016.09.06,104225.0,20.0,104225.0,104235.0,104225.0,51.0
2016.09.05,104205.0,45.0,104395.0,104400.0,104115.0,84.0
2016.09.02,104160.0,-25.0,104170.0,104170.0,104160.0,1749.0
2016.09.01,104185.0,-5.0,104285.0,104285.0,104185.0,97.0
2016.08.31,104190.0,-105.0,104270.0,104270.0,104190.0,264.0
2016.08.30,104295.0,-10.0,104220.0,104300.0,104220.0,508.0
2016.08.29,104305.0,20.0,104320.0,104320.0,104300.0,157.0
2016.08.26,104285.0,0.0,104360.0,104380.0,104275.0,409.0
2016.08.25,104285.0,-105.0,104390.0,104390.0,104285.0,101.0
2016.08.24,104390.0,30.0,104390.0,104390.0,104340.0,220.0
2016.08.23,104360.0,45.0,104355.0,104390.0,104355.0,68.0
2016.08.22,104315.0,-35.0,104275.0,104355.0,104275.0,187.0
2016.08.19,104350.0,-25.0,104275.0,104375.0,104275.0,97.0
2016.08.18,104375.0,50.0,104270.0,104375.0,104270.0,97.0
2016.08.17,104325.0,-10.0,104305.0,104350.0,104305.0,565.0
2016.08.16,104335.0,0.0,104260.0,104355.0,104260.0,316.0
2016.08.12,104335.0,-30.0,104335.0,104335.0,104315.0,571.0
2016.08.11,104365.0,20.0,104385.0,104390.0,104300.0,600.0
2016.08.10,104345.0,85.0,104315.0,104350.0,104230.0,307.0
2016.08.09,104260.0,-10.0,104410.0,104410.0,104160.0,314.0
2016.08.08,104270.0,-35.0,104475.0,104485.0,104215.0,169.0
2016.08.05,104305.0,50.0,104575.0,104575.0,104145.0,233.0
2016.08.04,104255.0,-10.0,104145.0,104265.0,104145.0,1270.0
2016.08.03,104265.0,-55.0,104045.0,104450.0,104045.0,1473.0
2016.08.02,104320.0,60.0,104390.0,104390.0,104280.0,3881.0
2016.08.01,104260.0,5.0,104335.0,104335.0,104260.0,142.0
2016.07.29,104255.0,-25.0,104205.0,104290.0,104200.0,1556.0
2016.07.28,104280.0,70.0,104270.0,104280.0,104190.0,444.0
2016.07.27,104210.0,85.0,104125.0,104210.0,104120.0,423.0
2016.07.26,104125.0,-70.0,104200.0,104210.0,104125.0,229.0
2016.07.25,104195.0,30.0,104195.0,104195.0,104175.0,651.0
2016.07.22,104165.0,20.0,104220.0,104220.0,104080.0,170.0
2016.07.21,104145.0,-15.0,104145.0,104145.0,104065.0,599.0
2016.07.20,104160.0,70.0,104190.0,104190.0,104145.0,295.0
2016.07.19,104090.0,-35.0,104080.0,104175.0,104080.0,413.0
2016.07.18,104125.0,65.0,104155.0,104155.0,104055.0,385.0
2016.07.15,104060.0,-60.0,104070.0,104115.0,104040.0,220.0
2016.07.14,104120.0,5.0,104165.0,104165.0,104070.0,507.0
2016.07.13,104115.0,105.0,104010.0,104130.0,104010.0,221.0
2016.07.12,104010.0,-70.0,104080.0,104100.0,104005.0,1148.0
2016.07.11,104080.0,55.0,104025.0,104095.0,104025.0,58.0
2016.07.08,104025.0,0.0,104085.0,104085.0,104025.0,187.0
2016.07.07,104025.0,-50.0,104100.0,104100.0,104020.0,345.0
2016.07.06,104075.0,25.0,104030.0,104080.0,104030.0,255.0
2016.07.05,104050.0,30.0,104045.0,104050.0,103985.0,267.0
2016.07.04,104020.0,30.0,104045.0,104045.0,103965.0,693.0
2016.07.01,103990.0,30.0,103915.0,103995.0,103895.0,161.0
2016.06.30,103960.0,45.0,103940.0,103960.0,103925.0,108.0
2016.06.29,103915.0,100.0,103835.0,103915.0,103835.0,85.0
2016.06.28,103815.0,-135.0,103965.0,103965.0,103815.0,240.0
2016.06.27,103950.0,115.0,103835.0,104020.0,103835.0,291.0
2016.06.24,103835.0,215.0,103620.0,103845.0,103620.0,435.0
2016.06.23,103620.0,50.0,103595.0,103620.0,103585.0,98.0
2016.06.22,103570.0,5.0,103525.0,103575.0,103505.0,1175.0
2016.06.21,103565.0,0.0,103580.0,103580.0,103500.0,1232.0
2016.06.20,103565.0,-40.0,103545.0,103590.0,103545.0,370.0
2016.06.17,103605.0,-10.0,103580.0,103630.0,103550.0,317.0
2016.06.16,103615.0,40.0,103530.0,103645.0,103530.0,84.0
2016.06.15,103575.0,-5.0,103515.0,103575.0,103515.0,431.0
2016.06.14,103580.0,-40.0,103620.0,103620.0,103515.0,2040.0
2016.06.13,103620.0,30.0,103615.0,103625.0,103545.0,119.0
2016.06.10,103590.0,60.0,103540.0,103590.0,103480.0,196.0
2016.06.09,103530.0,120.0,103390.0,103530.0,103390.0,162.0
2016.06.08,103410.0,20.0,103405.0,103410.0,103370.0,523.0
2016.06.07,104690.0,60.0,104645.0,104690.0,104645.0,142.0
2016.06.03,104630.0,40.0,104595.0,104630.0,104595.0,300.0
2016.06.02,104590.0,10.0,104580.0,104600.0,104580.0,232.0
2016.06.01,104580.0,145.0,104485.0,104580.0,104480.0,274.0
2016.05.31,104435.0,25.0,104340.0,104435.0,104340.0,132.0
2016.05.30,104410.0,-65.0,104410.0,104410.0,104345.0,49.0
2016.05.27,104475.0,-10.0,104475.0,104475.0,104475.0,23.0
2016.05.26,104485.0,10.0,104495.0,104495.0,104380.0,36.0
2016.05.25,104475.0,0.0,104500.0,104500.0,104475.0,111.0
2016.05.24,104475.0,75.0,104445.0,104475.0,104380.0,374.0
2016.05.23,104400.0,0.0,104400.0,104400.0,104400.0,0.0
2016.05.20,104400.0,55.0,104370.0,104400.0,104315.0,206.0
2016.05.19,104345.0,-50.0,104330.0,104370.0,104325.0,404.0
2016.05.18,104395.0,-40.0,104375.0,104435.0,104375.0,290.0
2016.05.17,104435.0,-35.0,104455.0,104460.0,104395.0,125.0
2016.05.16,104470.0,-10.0,104470.0,104470.0,104450.0,666.0
2016.05.13,104480.0,-25.0,104495.0,104495.0,104470.0,226.0
2016.05.12,104505.0,0.0,104505.0,104505.0,104440.0,60.0
2016.05.11,104505.0,-10.0,104530.0,104530.0,104440.0,307.0
2016.05.10,104515.0,15.0,104520.0,104545.0,104515.0,61.0
2016.05.09,104500.0,50.0,104460.0,104500.0,104420.0,872.0
2016.05.04,104450.0,85.0,104425.0,104450.0,104425.0,812.0
2016.05.03,104365.0,85.0,104300.0,104365.0,104300.0,115.0
2016.05.02,104280.0,-75.0,104340.0,104340.0,104280.0,393.0
2016.04.29,104355.0,-20.0,104360.0,104360.0,104355.0,47.0
2016.04.28,104375.0,115.0,104360.0,104380.0,104320.0,623.0
2016.04.27,104260.0,-65.0,104325.0,104325.0,104255.0,274.0
2016.04.26,104325.0,25.0,104320.0,104325.0,104295.0,145.0
2016.04.25,104300.0,20.0,104275.0,104315.0,104240.0,782.0
2016.04.22,104280.0,50.0,104235.0,104280.0,104210.0,100.0
2016.04.21,104230.0,0.0,103970.0,104235.0,103970.0,2992.0
2016.04.20,104230.0,335.0,104200.0,104230.0,104195.0,108.0
2016.04.19,103895.0,-310.0,104125.0,104125.0,103825.0,252.0
2016.04.18,104205.0,30.0,104140.0,104225.0,104140.0,753.0
2016.04.15,104175.0,0.0,104170.0,104175.0,104155.0,38.0
2016.04.14,104175.0,-55.0,104175.0,104175.0,104175.0,57.0
2016.04.12,104230.0,10.0,104230.0,104230.0,104225.0,105.0
2016.04.11,104220.0,15.0,104245.0,104245.0,104220.0,285.0
2016.04.08,104205.0,-20.0,103925.0,104255.0,103925.0,111.0
2016.04.07,104225.0,20.0,104210.0,104230.0,104210.0,22.0
2016.04.06,104205.0,-5.0,104230.0,104230.0,104205.0,1912.0
2016.04.05,104210.0,20.0,104235.0,104235.0,104210.0,1365.0
2016.04.04,104190.0,0.0,104195.0,104195.0,104190.0,70.0
2016.04.01,104190.0,75.0,104115.0,104190.0,104115.0,39.0
2016.03.31,104115.0,30.0,104085.0,104115.0,104085.0,220.0
2016.03.30,104085.0,15.0,104085.0,104085.0,103865.0,23.0
2016.03.29,104070.0,150.0,104070.0,104070.0,104070.0,17.0
2016.03.28,103920.0,-45.0,103730.0,103985.0,103730.0,17.0
2016.03.25,103965.0,-10.0,103690.0,103975.0,103690.0,159.0
2016.03.24,103975.0,325.0,103970.0,103975.0,103970.0,20.0
2016.03.23,103650.0,-270.0,103915.0,103915.0,103650.0,810.0
2016.03.22,103920.0,-10.0,103920.0,103920.0,103915.0,68.0
2016.03.21,103930.0,60.0,103930.0,103930.0,103925.0,113.0
2016.03.18,103870.0,10.0,103780.0,103870.0,103780.0,64.0
2016.03.17,103860.0,80.0,103645.0,103860.0,103645.0,50.0
2016.03.16,103780.0,-15.0,103785.0,103785.0,103495.0,2292.0
2016.03.15,103795.0,25.0,103800.0,103800.0,103700.0,148.0
2016.03.14,103770.0,-20.0,103770.0,103770.0,103770.0,0.0
2016.03.11,103790.0,-105.0,103835.0,103835.0,103790.0,131.0
2016.03.10,103895.0,195.0,103720.0,103895.0,103720.0,55.0
2016.03.09,103700.0,-150.0,103700.0,103960.0,103700.0,104.0
2016.03.08,103850.0,0.0,103850.0,103850.0,103850.0,0.0
2016.03.07,103850.0,180.0,103835.0,103860.0,103670.0,82.0
2016.03.04,103670.0,-210.0,103670.0,103670.0,103670.0,3.0
2016.03.03,103880.0,-75.0,103880.0,103880.0,103670.0,194.0
2016.03.02,103955.0,35.0,103675.0,103955.0,103670.0,41.0
2016.02.29,103920.0,0.0,103925.0,103925.0,103915.0,77.0
2016.02.26,103920.0,25.0,103920.0,103920.0,103920.0,26.0
2016.02.25,103895.0,35.0,103895.0,103895.0,103895.0,4.0
2016.02.24,103860.0,0.0,103860.0,103860.0,103860.0,1.0
2016.02.23,103860.0,5.0,103850.0,103875.0,103850.0,3.0
2016.02.22,103855.0,-45.0,103855.0,103855.0,103855.0,0.0
2016.02.19,103900.0,-15.0,103900.0,103900.0,103900.0,1.0
2016.02.18,103915.0,295.0,103630.0,103915.0,103630.0,283.0
2016.02.17,103620.0,55.0,103620.0,103620.0,103620.0,0.0
2016.02.16,103565.0,-220.0,103785.0,103785.0,103565.0,242.0
2016.02.15,103785.0,-15.0,103485.0,103785.0,103485.0,472.0
2016.02.12,103800.0,-60.0,103580.0,103800.0,103560.0,188.0
2016.02.11,103860.0,400.0,103595.0,103885.0,103595.0,71.0
2016.02.05,103460.0,60.0,103460.0,103460.0,103460.0,96.0
2016.02.04,103400.0,-275.0,103400.0,103400.0,103400.0,11.0
2016.02.03,103675.0,330.0,103675.0,103675.0,103675.0,1.0
2016.02.02,103345.0,45.0,103310.0,103635.0,103310.0,34.0
2016.02.01,103300.0,-150.0,103350.0,103450.0,103295.0,27.0
2016.01.29,103450.0,180.0,103270.0,103450.0,103270.0,174.0
2016.01.28,103270.0,0.0,103270.0,103270.0,103270.0,0.0
2016.01.27,103270.0,0.0,103270.0,103270.0,103270.0,0.0
2016.01.26,103270.0,0.0,103270.0,103270.0,103270.0,0.0
2016.01.25,103270.0,0.0,103270.0,103270.0,103270.0,0.0
2016.01.22,103270.0,315.0,103195.0,103270.0,103195.0,25.0
2016.01.21,102955.0,20.0,102955.0,102955.0,102955.0,540.0
2016.01.20,102935.0,55.0,102885.0,102935.0,102885.0,301.0
2016.01.19,102880.0,30.0,102860.0,102880.0,102860.0,150.0
2016.01.18,102850.0,-40.0,102850.0,102850.0,102850.0,90.0
2016.01.15,102890.0,105.0,102810.0,102890.0,102780.0,101.0
2016.01.14,102785.0,25.0,102825.0,102850.0,102785.0,35.0
2016.01.13,102760.0,30.0,102760.0,102760.0,102760.0,1.0
2016.01.12,102730.0,115.0,102750.0,102750.0,102730.0,160.0
2016.01.11,102615.0,70.0,102615.0,102615.0,102615.0,3.0
2016.01.08,102545.0,-305.0,102790.0,102790.0,102545.0,9752.0
2016.01.07,102850.0,-40.0,102890.0,102890.0,102850.0,38.0
2016.01.06,102890.0,40.0,102890.0,102890.0,102870.0,39.0
2016.01.05,102850.0,20.0,102850.0,102850.0,102850.0,50.0
2016.01.04,102830.0,-35.0,102875.0,102875.0,102830.0,14.0
2015.12.30,102865.0,-10.0,102855.0,102865.0,102635.0,292.0
2015.12.29,102875.0,270.0,102875.0,102875.0,102875.0,30.0
2015.12.28,102605.0,-195.0,102790.0,102790.0,102605.0,19.0
2015.12.24,102800.0,10.0,102790.0,102800.0,102790.0,62.0
2015.12.23,102790.0,205.0,102790.0,102790.0,102790.0,4.0
2015.12.22,102585.0,0.0,102585.0,102585.0,102585.0,0.0
2015.12.21,102585.0,185.0,102565.0,102585.0,102565.0,52.0
2015.12.18,102400.0,15.0,102400.0,102400.0,102400.0,98.0
2015.12.17,102385.0,45.0,102360.0,102385.0,102360.0,148.0
2015.12.16,102340.0,5.0,102340.0,102340.0,102340.0,0.0
2015.12.15,102335.0,10.0,102345.0,102345.0,102335.0,72.0
2015.12.14,102325.0,25.0,102350.0,102480.0,102325.0,137.0
2015.12.11,102300.0,-85.0,102300.0,102310.0,102290.0,315.0
2015.12.10,102385.0,105.0,102385.0,102385.0,102385.0,40.0
2015.12.09,102280.0,55.0,102260.0,102280.0,102260.0,55.0
2015.12.08,102225.0,65.0,102395.0,102395.0,102225.0,57.0
2015.12.07,103460.0,-5.0,103470.0,103475.0,103460.0,71.0
2015.12.04,103465.0,-40.0,103445.0,103470.0,103445.0,371.0
2015.12.03,103505.0,5.0,103505.0,103505.0,103505.0,70.0
2015.12.02,103500.0,-15.0,103500.0,103500.0,103500.0,2.0
2015.12.01,103515.0,55.0,103620.0,103620.0,103450.0,30.0
2015.11.30,103460.0,-5.0,103460.0,103470.0,103460.0,67.0
2015.11.27,103465.0,-35.0,103510.0,103690.0,103465.0,256.0
2015.11.26,103500.0,-15.0,103685.0,103685.0,103500.0,366.0
2015.11.25,103515.0,-30.0,103515.0,103515.0,103515.0,150.0
2015.11.24,103545.0,-5.0,103570.0,103710.0,103545.0,182.0
2015.11.23,103550.0,-95.0,103550.0,103695.0,103550.0,279.0
2015.11.20,103645.0,40.0,103645.0,103645.0,103645.0,1.0
2015.11.19,103605.0,-95.0,103605.0,103605.0,103605.0,1.0
2015.11.18,103700.0,20.0,103600.0,103700.0,103600.0,32.0
2015.11.17,103680.0,75.0,103610.0,103680.0,103610.0,19.0
2015.11.16,103605.0,90.0,103750.0,103750.0,103605.0,11.0
2015.11.13,103515.0,45.0,103540.0,103560.0,103515.0,92.0
2015.11.12,103470.0,-230.0,103695.0,103695.0,103470.0,2.0
2015.11.11,103700.0,200.0,103510.0,103700.0,103510.0,30.0
2015.11.10,103500.0,-200.0,103600.0,103600.0,103470.0,80.0
2015.11.09,103700.0,-240.0,103875.0,103875.0,103700.0,132.0
2015.11.06,103940.0,-40.0,103950.0,103955.0,103940.0,42.0
2015.11.05,103980.0,70.0,103995.0,103995.0,103980.0,4.0
2015.11.04,103910.0,0.0,103910.0,103910.0,103910.0,30.0
2015.11.03,103910.0,10.0,103910.0,103910.0,103910.0,20.0
2015.11.02,103900.0,-125.0,103905.0,104030.0,103900.0,31.0
2015.10.30,104025.0,115.0,104025.0,104025.0,104025.0,100.0
2015.10.29,103910.0,-130.0,103910.0,103910.0,103910.0,10.0
2015.10.28,104040.0,-15.0,104040.0,104040.0,104040.0,100.0
2015.10.27,104055.0,290.0,103845.0,104055.0,103845.0,23.0
2015.10.26,103765.0,-220.0,103940.0,103945.0,103765.0,30700.0
2015.10.23,103985.0,10.0,103925.0,103985.0,103925.0,82.0
2015.10.22,103975.0,0.0,103975.0,103975.0,103975.0,0.0
2015.10.21,103975.0,0.0,104015.0,104015.0,103950.0,267.0
2015.10.20,103975.0,0.0,103975.0,103975.0,103975.0,0.0
2015.10.19,103975.0,25.0,104000.0,104000.0,103930.0,157.0
2015.10.16,103950.0,-60.0,104010.0,104010.0,103950.0,6.0
2015.10.15,104010.0,95.0,103900.0,104010.0,103900.0,52.0
2015.10.14,103915.0,-10.0,103925.0,103925.0,103915.0,123.0
2015.10.13,103925.0,0.0,103925.0,103925.0,103925.0,0.0
2015.10.12,103925.0,-5.0,103975.0,103975.0,103880.0,768.0
2015.10.08,103930.0,-40.0,103975.0,103975.0,103910.0,8.0
2015.10.07,103970.0,-60.0,104055.0,104055.0,103970.0,617.0
2015.10.06,104030.0,0.0,104020.0,104030.0,103955.0,23.0
2015.10.05,104030.0,5.0,104025.0,104055.0,103970.0,354.0
2015.10.02,104025.0,-10.0,104030.0,104030.0,104020.0,111.0
2015.10.01,104035.0,-5.0,104040.0,104040.0,104035.0,11.0
2015.09.30,104040.0,135.0,103925.0,104040.0,103925.0,218.0
2015.09.25,103905.0,-15.0,103905.0,103905.0,103905.0,5.0
2015.09.24,103920.0,-10.0,103945.0,103945.0,103920.0,22.0
2015.09.23,103930.0,-50.0,103980.0,103980.0,103930.0,231.0
2015.09.22,103980.0,15.0,103980.0,103980.0,103980.0,8.0
2015.09.21,103965.0,50.0,103960.0,103965.0,103950.0,2343.0
2015.09.18,103915.0,125.0,103905.0,103915.0,103905.0,3.0
2015.09.17,103790.0,-80.0,103845.0,103845.0,103780.0,59.0
2015.09.16,103870.0,-5.0,103870.0,103870.0,103855.0,62.0
2015.09.15,103875.0,-30.0,103850.0,103875.0,103850.0,33.0
2015.09.14,103905.0,-15.0,103910.0,103910.0,103900.0,52.0
2015.09.11,103920.0,-100.0,103910.0,103920.0,103910.0,358.0
2015.09.10,104020.0,95.0,104000.0,104020.0,103985.0,57.0
2015.09.09,103925.0,25.0,103900.0,103925.0,103900.0,48.0
2015.09.08,103900.0,-100.0,103900.0,103960.0,103900.0,154.0
2015.09.07,104000.0,35.0,104005.0,104005.0,103995.0,51.0
2015.09.04,103965.0,55.0,103910.0,103965.0,103910.0,34.0
2015.09.03,103910.0,100.0,103850.0,103910.0,103850.0,40.0
2015.09.02,103810.0,85.0,103790.0,103810.0,103790.0,42.0
2015.09.01,103725.0,-50.0,103750.0,103750.0,103720.0,178.0
2015.08.31,103775.0,-25.0,103750.0,103810.0,103750.0,554.0
2015.08.28,103800.0,10.0,103835.0,103835.0,103740.0,680.0
2015.08.27,103790.0,45.0,103795.0,103795.0,103755.0,13.0
2015.08.26,103745.0,-25.0,103775.0,103830.0,103745.0,57.0
2015.08.25,103770.0,-45.0,103785.0,103815.0,103770.0,40.0
2015.08.24,103815.0,5.0,103780.0,103830.0,103780.0,316.0
2015.08.21,103810.0,85.0,103745.0,103820.0,103745.0,562.0
2015.08.20,103725.0,-5.0,103730.0,103730.0,103720.0,108.0
2015.08.19,103730.0,0.0,103725.0,103790.0,103725.0,113.0
2015.08.18,103730.0,40.0,103705.0,103775.0,103705.0,423.0
2015.08.17,103690.0,-50.0,103670.0,103720.0,103655.0,458.0
2015.08.13,103740.0,-45.0,103790.0,103790.0,103690.0,681.0
2015.08.12,103785.0,100.0,103700.0,103785.0,103655.0,376.0
2015.08.11,103685.0,105.0,103635.0,103685.0,103575.0,114.0
2015.08.10,103580.0,40.0,103535.0,103580.0,103535.0,39.0
2015.08.07,103540.0,70.0,103500.0,103540.0,103500.0,39.0
2015.08.06,103470.0,20.0,103555.0,103555.0,103470.0,31.0
2015.08.05,103450.0,-90.0,103515.0,103515.0,103450.0,134.0
2015.08.04,103540.0,-35.0,103565.0,103565.0,103540.0,43.0
2015.08.03,103575.0,25.0,103550.0,103575.0,103515.0,296.0
2015.07.31,103550.0,-40.0,103545.0,103550.0,103545.0,145.0
2015.07.30,103590.0,35.0,103605.0,103665.0,103590.0,137.0
2015.07.29,103555.0,-45.0,103555.0,103615.0,103555.0,58.0
2015.07.28,103600.0,-50.0,103665.0,103665.0,103550.0,516.0
2015.07.27,103650.0,55.0,103640.0,103650.0,103585.0,278.0
2015.07.24,103595.0,10.0,103645.0,103645.0,103575.0,28.0
2015.07.23,103585.0,175.0,103550.0,103585.0,103550.0,3.0
2015.07.22,103410.0,-25.0,103410.0,103410.0,103410.0,31.0
2015.07.21,103435.0,90.0,103360.0,103440.0,103355.0,1125.0
2015.07.20,103345.0,25.0,103350.0,103350.0,103340.0,168.0
2015.07.17,103320.0,15.0,103315.0,103320.0,103315.0,1138.0
2015.07.16,103305.0,45.0,103290.0,103330.0,103290.0,281.0
2015.07.15,103260.0,15.0,103260.0,103260.0,103255.0,135.0
2015.07.14,103245.0,-30.0,103310.0,103310.0,103245.0,16.0
2015.07.13,103275.0,-5.0,103260.0,103275.0,103245.0,15.0
2015.07.10,103280.0,-20.0,103275.0,103280.0,103215.0,115.0
2015.07.09,103300.0,90.0,103235.0,103355.0,103235.0,208.0
2015.07.08,103210.0,10.0,103185.0,103270.0,103185.0,278.0
2015.07.07,103200.0,25.0,103190.0,103205.0,103190.0,37.0
2015.07.06,103175.0,10.0,103165.0,103230.0,103160.0,38.0
2015.07.03,103165.0,-5.0,103130.0,103165.0,103130.0,9.0
2015.07.02,103170.0,-35.0,103185.0,103185.0,103125.0,95.0
2015.07.01,103205.0,20.0,103180.0,103205.0,103180.0,62.0
2015.06.30,103185.0,15.0,103170.0,103185.0,103160.0,312.0
2015.06.29,103170.0,50.0,103135.0,103180.0,103135.0,474.0
2015.06.26,103120.0,-15.0,103120.0,103140.0,103120.0,14.0
2015.06.25,103135.0,0.0,103110.0,103135.0,103110.0,57.0
2015.06.24,103135.0,-10.0,103175.0,103175.0,103070.0,193.0
2015.06.23,103145.0,-20.0,103115.0,103155.0,103115.0,56.0
2015.06.22,103165.0,-70.0,103180.0,103205.0,103165.0,1586.0
2015.06.19,103235.0,35.0,103160.0,103235.0,103160.0,111.0
2015.06.18,103200.0,80.0,103130.0,103200.0,103110.0,204.0
2015.06.17,103120.0,-5.0,103120.0,103120.0,103120.0,2.0
2015.06.16,103125.0,-35.0,103170.0,103170.0,103125.0,130.0
2015.06.15,103160.0,-35.0,103200.0,103200.0,103160.0,140.0
2015.06.12,103195.0,90.0,103185.0,103205.0,103185.0,39.0
2015.06.11,103105.0,-75.0,103180.0,103180.0,103105.0,128.0
2015.06.10,103180.0,10.0,103195.0,103255.0,103180.0,268.0
2015.06.09,103170.0,-30.0,103160.0,103260.0,103160.0,127.0
2015.06.08,103200.0,-15.0,103120.0,103200.0,103120.0,247.0
2015.06.05,104910.0,115.0,104780.0,104910.0,104780.0,103.0
2015.06.04,104795.0,-5.0,104765.0,104855.0,104765.0,112.0
2015.06.03,104800.0,-175.0,104880.0,104915.0,104800.0,146.0
2015.06.02,104975.0,130.0,104900.0,104990.0,104890.0,131.0
2015.06.01,104845.0,-80.0,104855.0,104905.0,104840.0,57.0
2015.05.29,104925.0,190.0,104765.0,104925.0,104765.0,200.0
2015.05.28,104735.0,45.0,104755.0,104755.0,104710.0,346.0
2015.05.27,104690.0,10.0,104690.0,104690.0,104690.0,3.0
2015.05.26,104680.0,100.0,104605.0,104695.0,104600.0,91.0
2015.05.22,104580.0,-45.0,104605.0,104660.0,104580.0,27.0
2015.05.21,104625.0,65.0,104615.0,104660.0,104595.0,234.0
2015.05.20,104560.0,60.0,104470.0,104610.0,104470.0,1289.0
2015.05.19,104500.0,-65.0,104480.0,104530.0,104465.0,589.0
2015.05.18,104565.0,130.0,104520.0,104565.0,104520.0,95.0
2015.05.15,104435.0,-90.0,104560.0,104580.0,104435.0,171.0
2015.05.14,104525.0,60.0,104530.0,104530.0,104450.0,46.0
2015.05.13,104465.0,5.0,104385.0,104500.0,104385.0,290.0
2015.05.12,104460.0,-145.0,104480.0,104485.0,104395.0,539.0
2015.05.11,104605.0,115.0,104550.0,104660.0,104550.0,156.0
2015.05.08,104490.0,155.0,104325.0,104490.0,104325.0,134.0
2015.05.07,104335.0,-115.0,104305.0,104410.0,104305.0,109.0
2015.05.06,104450.0,-125.0,104530.0,104530.0,104370.0,405.0
2015.05.04,104575.0,-115.0,104635.0,104635.0,104525.0,1905.0
2015.04.30,104690.0,120.0,104660.0,104735.0,104595.0,876.0
2015.04.29,104570.0,-70.0,104670.0,104670.0,104565.0,100.0
2015.04.28,104640.0,-150.0,104760.0,104760.0,104640.0,192.0
2015.04.27,104790.0,-25.0,104720.0,104800.0,104720.0,201.0
2015.04.24,104815.0,-70.0,104885.0,104885.0,104740.0,445.0
2015.04.23,104885.0,-70.0,104920.0,104920.0,104870.0,374.0
2015.04.22,104955.0,-25.0,104985.0,105005.0,104935.0,40.0
2015.04.21,104980.0,-25.0,105000.0,105000.0,104920.0,270.0
2015.04.20,105005.0,0.0,105000.0,105025.0,105000.0,137.0
2015.04.17,105005.0,60.0,104860.0,105005.0,104860.0,132.0
2015.04.16,104945.0,80.0,104905.0,104945.0,104905.0,333.0
2015.04.15,104865.0,-30.0,104900.0,104910.0,104865.0,45.0
2015.04.14,104895.0,-20.0,104910.0,104910.0,104820.0,419.0
2015.04.13,104915.0,-55.0,104940.0,104950.0,104900.0,304.0
2015.04.10,104970.0,90.0,104985.0,104985.0,104910.0,812.0
2015.04.09,104880.0,10.0,104835.0,104885.0,104835.0,618.0
2015.04.08,104870.0,-95.0,104890.0,104890.0,104810.0,2957.0
2015.04.07,104965.0,115.0,104860.0,104965.0,104860.0,215.0
2015.04.06,104850.0,55.0,104895.0,104905.0,104850.0,154.0
2015.04.03,104795.0,-45.0,104865.0,104865.0,104795.0,522.0
2015.04.02,104840.0,-15.0,104855.0,104855.0,104790.0,244.0
2015.04.01,104855.0,-5.0,104845.0,104855.0,104765.0,179.0
2015.03.31,104860.0,205.0,104725.0,104860.0,104725.0,201.0
2015.03.30,104655.0,-55.0,104715.0,104730.0,104655.0,4065.0
2015.03.27,104710.0,55.0,104655.0,104710.0,104655.0,85.0
2015.03.26,104655.0,60.0,104630.0,104695.0,104630.0,418.0
2015.03.25,104595.0,-30.0,104620.0,104655.0,104570.0,115.0
2015.03.24,104625.0,5.0,104610.0,104625.0,104580.0,178.0
2015.03.23,104620.0,15.0,104590.0,104620.0,104580.0,233.0
2015.03.20,104605.0,85.0,104510.0,104605.0,104510.0,198.0
2015.03.19,104520.0,140.0,104460.0,104535.0,104460.0,116.0
2015.03.18,104380.0,-5.0,104375.0,104380.0,104350.0,60.0
2015.03.17,104385.0,45.0,104335.0,104390.0,104330.0,210.0
2015.03.16,104340.0,-15.0,104365.0,104375.0,104325.0,110.0
2015.03.13,104355.0,60.0,104265.0,104355.0,104265.0,99.0
2015.03.12,104295.0,75.0,104260.0,104395.0,104260.0,597.0
2015.03.11,104220.0,80.0,104210.0,104295.0,104210.0,36.0
2015.03.10,104140.0,55.0,104190.0,104190.0,104135.0,433.0
2015.03.09,104085.0,-90.0,104100.0,104115.0,104075.0,198.0
2015.03.06,104175.0,100.0,104075.0,104175.0,104075.0,128.0
2015.03.05,104075.0,95.0,104070.0,104075.0,104010.0,105.0
2015.03.04,103980.0,55.0,103995.0,104045.0,103980.0,52.0
2015.03.03,103925.0,-60.0,103920.0,103965.0,103920.0,186.0
2015.03.02,103985.0,70.0,103935.0,104010.0,103935.0,175.0
2015.02.27,103915.0,50.0,103860.0,103915.0,103780.0,123.0
2015.02.26,103865.0,25.0,103865.0,103875.0,103805.0,472.0
2015.02.25,103840.0,65.0,103775.0,103865.0,103775.0,211.0
2015.02.24,103775.0,60.0,103730.0,103815.0,103730.0,50.0
2015.02.23,103715.0,-5.0,103720.0,103765.0,103690.0,176.0
2015.02.17,103720.0,30.0,103630.0,103720.0,103630.0,59.0
2015.02.16,103690.0,35.0,103730.0,103730.0,103660.0,30.0
2015.02.13,103655.0,15.0,103660.0,103710.0,103650.0,68.0
2015.02.12,103640.0,-10.0,103665.0,103695.0,103640.0,150.0
2015.02.11,103650.0,-20.0,103655.0,103705.0,103650.0,28.0
2015.02.10,103670.0,-95.0,103845.0,103845.0,103670.0,111.0
2015.02.09,103765.0,-85.0,103820.0,103820.0,103765.0,91.0
2015.02.06,103850.0,-30.0,103830.0,103855.0,103805.0,316.0
2015.02.05,103880.0,40.0,103890.0,103915.0,103880.0,61.0
2015.02.04,103840.0,-40.0,103870.0,103870.0,103755.0,211.0
2015.02.03,103880.0,150.0,103760.0,103885.0,103745.0,208.0
2015.02.02,103730.0,-55.0,103780.0,103825.0,103730.0,1359.0
2015.01.30,103785.0,95.0,103675.0,103785.0,103675.0,380.0
2015.01.29,103690.0,-10.0,103700.0,103700.0,103690.0,7.0
2015.01.28,103700.0,80.0,103650.0,103700.0,103645.0,79.0
2015.01.27,103620.0,-60.0,103580.0,103630.0,103580.0,10.0
2015.01.26,103680.0,60.0,103615.0,103685.0,103615.0,82.0
2015.01.23,103620.0,100.0,103545.0,103620.0,103545.0,242.0
2015.01.22,103520.0,-25.0,103555.0,103555.0,103520.0,99.0
2015.01.21,103545.0,-25.0,103535.0,103595.0,103535.0,179.0
2015.01.20,103570.0,20.0,103580.0,103580.0,103570.0,6.0
2015.01.19,103550.0,-110.0,103550.0,103560.0,103510.0,60.0
2015.01.16,103660.0,85.0,103620.0,103660.0,103615.0,62.0
2015.01.15,103575.0,35.0,103540.0,103575.0,103540.0,53.0
2015.01.14,103540.0,110.0,103510.0,103540.0,103510.0,90.0
2015.01.13,103430.0,-25.0,103535.0,103535.0,103430.0,150.0
2015.01.12,103455.0,55.0,103425.0,103455.0,103425.0,51.0
2015.01.09,103400.0,90.0,103340.0,103400.0,103340.0,84.0
2015.01.08,103310.0,-20.0,103275.0,103310.0,103250.0,83.0
2015.01.07,103330.0,115.0,103260.0,103330.0,103260.0,47.0
2015.01.06,103215.0,75.0,103160.0,103270.0,103160.0,806.0
2015.01.05,103140.0,-5.0,103100.0,103145.0,103100.0,125.0
2015.01.02,103145.0,-25.0,103170.0,103170.0,103075.0,121.0
2014.12.30,103170.0,140.0,103060.0,103170.0,103060.0,528.0
2014.12.29,103030.0,55.0,103040.0,103040.0,103000.0,228.0
2014.12.26,102975.0,-25.0,103060.0,103060.0,102970.0,794.0
2014.12.24,103000.0,-10.0,102910.0,103000.0,102910.0,3.0
2014.12.23,103010.0,45.0,102970.0,103010.0,102970.0,15.0
2014.12.22,102965.0,135.0,102875.0,102975.0,102875.0,162.0
2014.12.19,102830.0,-100.0,102890.0,102890.0,102830.0,47.0
2014.12.18,102930.0,45.0,102880.0,102930.0,102820.0,26.0
2014.12.17,102885.0,-75.0,102995.0,102995.0,102885.0,16.0
2014.12.16,102960.0,-10.0,102955.0,103015.0,102955.0,51.0
2014.12.15,102970.0,-30.0,103000.0,103085.0,102970.0,669.0
2014.12.12,103000.0,65.0,103000.0,103000.0,102940.0,22.0
2014.12.11,102935.0,-45.0,102850.0,102935.0,102785.0,50.0
2014.12.10,102980.0,205.0,103010.0,103010.0,102845.0,97.0
2014.12.09,102775.0,20.0,102720.0,102815.0,102720.0,379.0
2014.12.08,102755.0,-120.0,102875.0,102875.0,102755.0,155.0
2014.12.05,104390.0,110.0,104390.0,104390.0,104390.0,0.0
2014.12.04,104280.0,-255.0,104445.0,104445.0,104280.0,636.0
2014.12.03,104535.0,-70.0,104595.0,104595.0,104530.0,103.0
2014.12.02,104605.0,-30.0,104630.0,104630.0,104605.0,392.0
2014.12.01,104635.0,-15.0,104580.0,104685.0,104580.0,814.0
2014.11.28,104650.0,55.0,104610.0,104650.0,104550.0,341.0
2014.11.27,104595.0,25.0,104530.0,104595.0,104530.0,113.0
2014.11.26,104570.0,30.0,104590.0,104590.0,104570.0,47.0
2014.11.25,104540.0,35.0,104480.0,104540.0,104480.0,88.0
2014.11.24,104505.0,85.0,104425.0,104505.0,104390.0,181.0
2014.11.21,104420.0,-80.0,104420.0,104445.0,104420.0,83.0
2014.11.20,104500.0,75.0,104500.0,104500.0,104500.0,62.0
2014.11.19,104425.0,45.0,104380.0,104440.0,104380.0,3114.0
2014.11.18,104380.0,50.0,104345.0,104425.0,104345.0,331.0
2014.11.17,104330.0,10.0,104315.0,104395.0,104315.0,344.0
2014.11.14,104320.0,-35.0,104290.0,104320.0,104290.0,321.0
2014.11.13,104355.0,35.0,104345.0,104370.0,104345.0,408.0
2014.11.12,104320.0,-90.0,104355.0,104370.0,104305.0,100.0
2014.11.11,104410.0,-140.0,104445.0,104445.0,104385.0,2282.0
2014.11.10,104550.0,-15.0,104590.0,104590.0,104490.0,624.0
2014.11.07,104565.0,-20.0,104590.0,104605.0,104545.0,137.0
2014.11.06,104585.0,75.0,104540.0,104620.0,104540.0,112.0
2014.11.05,104510.0,-60.0,104505.0,104570.0,104505.0,209.0
2014.11.04,104570.0,120.0,104500.0,104575.0,104500.0,430.0
2014.11.03,104450.0,-30.0,104400.0,104475.0,104400.0,1018.0
2014.10.31,104480.0,230.0,104350.0,104480.0,104345.0,124.0
2014.10.30,104250.0,50.0,104290.0,104290.0,104250.0,27.0
2014.10.29,104200.0,0.0,104245.0,104245.0,104200.0,4.0
2014.10.28,104200.0,15.0,104205.0,104205.0,104185.0,1000.0
2014.10.27,104185.0,0.0,104185.0,104185.0,104185.0,1.0
2014.10.24,104185.0,-10.0,104135.0,104185.0,104135.0,67.0
2014.10.23,104195.0,70.0,104125.0,104195.0,104125.0,59.0
2014.10.22,104125.0,45.0,104125.0,104125.0,104060.0,31.0
2014.10.21,104080.0,10.0,104065.0,104125.0,104040.0,209.0
2014.10.20,104070.0,50.0,104060.0,104070.0,104060.0,7.0
2014.10.17,104020.0,-95.0,104115.0,104115.0,104020.0,17.0
2014.10.16,104115.0,55.0,104000.0,104115.0,104000.0,168.0
2014.10.15,104060.0,95.0,103980.0,104060.0,103980.0,951.0
2014.10.14,103965.0,-5.0,103975.0,103975.0,103925.0,77.0
2014.10.13,103970.0,-5.0,103975.0,104000.0,103920.0,170.0
2014.10.10,103975.0,110.0,103870.0,103980.0,103870.0,217.0
2014.10.08,103865.0,-60.0,103880.0,103920.0,103855.0,177.0
2014.10.07,103925.0,50.0,103905.0,103995.0,103860.0,168.0
2014.10.06,103875.0,-65.0,103940.0,103940.0,103865.0,587.0
2014.10.02,103940.0,5.0,103960.0,103995.0,103915.0,163.0
2014.10.01,103935.0,155.0,103795.0,103945.0,103795.0,316.0
2014.09.30,103780.0,120.0,103665.0,103780.0,103665.0,354.0
2014.09.29,103660.0,50.0,103610.0,103725.0,103610.0,287.0
2014.09.26,103610.0,-95.0,103595.0,103735.0,103595.0,292.0
2014.09.25,103705.0,65.0,103685.0,103705.0,103600.0,797.0
2014.09.24,103640.0,30.0,103535.0,103640.0,103535.0,21.0
2014.09.23,103610.0,0.0,103520.0,103610.0,103515.0,104.0
2014.09.22,103610.0,-25.0,103610.0,103610.0,103490.0,183.0
2014.09.19,103635.0,-85.0,103610.0,103680.0,103610.0,700.0
2014.09.18,103720.0,50.0,103620.0,103720.0,103620.0,510.0
2014.09.17,103670.0,15.0,103690.0,103690.0,103640.0,504.0
2014.09.16,103655.0,95.0,103545.0,103655.0,103545.0,263.0
2014.09.15,103560.0,65.0,103490.0,103560.0,103490.0,1168.0
2014.09.12,103495.0,195.0,103330.0,103495.0,103330.0,377.0
2014.09.11,103300.0,25.0,103255.0,103320.0,103235.0,59.0
2014.09.05,103275.0,100.0,103170.0,103280.0,103165.0,51.0
2014.09.04,103175.0,55.0,103180.0,103180.0,103175.0,13.0
2014.09.03,103120.0,-35.0,103170.0,103175.0,103120.0,110.0
2014.09.02,103155.0,-45.0,103155.0,103165.0,103155.0,473.0
2014.09.01,103200.0,-10.0,103135.0,103200.0,103135.0,125.0
2014.08.29,103210.0,40.0,103170.0,103210.0,103170.0,227.0
2014.08.28,103170.0,95.0,103110.0,103170.0,103085.0,178.0
2014.08.27,103075.0,15.0,103060.0,103075.0,103060.0,353.0
2014.08.26,103060.0,65.0,103065.0,103065.0,103060.0,49.0
2014.08.25,102995.0,95.0,102890.0,102995.0,102890.0,18.0
2014.08.22,102900.0,0.0,102900.0,102900.0,102900.0,178.0
2014.08.21,102900.0,-15.0,102930.0,102965.0,102900.0,482.0
2014.08.20,102915.0,40.0,102895.0,102960.0,102895.0,221.0
2014.08.19,102875.0,-50.0,102860.0,102930.0,102860.0,55.0
2014.08.18,102925.0,-70.0,102925.0,102955.0,102925.0,55.0
2014.08.14,102995.0,-85.0,103030.0,103030.0,102990.0,62.0
2014.08.13,103080.0,135.0,103005.0,103090.0,103005.0,225.0
2014.08.12,102945.0,-45.0,102965.0,103000.0,102945.0,194.0
2014.08.11,102990.0,15.0,102955.0,103015.0,102955.0,22.0
2014.08.08,102975.0,85.0,102990.0,103040.0,102965.0,104.0
2014.08.07,102890.0,-15.0,102950.0,102950.0,102890.0,69.0
2014.08.06,102905.0,50.0,102875.0,102905.0,102875.0,278.0
2014.08.05,102855.0,-50.0,102895.0,102895.0,102835.0,201.0
2014.08.04,102905.0,55.0,102905.0,102905.0,102905.0,42.0
2014.08.01,102850.0,-60.0,102925.0,102925.0,102850.0,254.0
2014.07.31,102910.0,30.0,102695.0,102910.0,102695.0,216.0
2014.07.30,102880.0,55.0,102860.0,102915.0,102845.0,118.0
2014.07.29,102825.0,-75.0,102900.0,102900.0,102825.0,393.0
2014.07.28,102900.0,45.0,102920.0,102920.0,102900.0,1247.0
2014.07.25,102855.0,-40.0,102870.0,102900.0,102845.0,93.0
2014.07.24,102895.0,15.0,102850.0,102895.0,102850.0,3.0
2014.07.23,102880.0,60.0,102855.0,102925.0,102855.0,43.0
2014.07.22,102820.0,85.0,102810.0,102820.0,102810.0,88.0
2014.07.21,102735.0,5.0,102730.0,102735.0,102730.0,314.0
2014.07.18,102730.0,-55.0,102680.0,102730.0,102680.0,31.0
2014.07.17,102785.0,260.0,102605.0,102785.0,102605.0,20.0
2014.07.16,102525.0,-10.0,102520.0,102605.0,102470.0,20012.0
2014.07.15,102535.0,50.0,102485.0,102585.0,102485.0,300.0
2014.07.14,102485.0,-20.0,102560.0,102560.0,102485.0,133.0
2014.07.11,102505.0,20.0,102520.0,102580.0,102505.0,631.0
2014.07.10,102485.0,75.0,102480.0,102560.0,102480.0,521.0
2014.07.09,102410.0,-20.0,102325.0,102410.0,102325.0,404.0
2014.07.08,102430.0,0.0,102475.0,102475.0,102430.0,295.0
2014.07.07,102430.0,-5.0,102430.0,102455.0,102430.0,89.0
2014.07.04,102435.0,-30.0,102440.0,102440.0,102435.0,678.0
2014.07.03,102465.0,-10.0,102410.0,102465.0,102410.0,165.0
2014.07.02,102475.0,235.0,102350.0,102475.0,102350.0,9.0
2014.07.01,102240.0,-35.0,102280.0,102300.0,102240.0,125.0
2014.06.30,102275.0,35.0,102215.0,102275.0,102215.0,506.0
2014.06.27,102240.0,55.0,102195.0,102240.0,102195.0,3.0
2014.06.26,102185.0,0.0,102110.0,102185.0,102110.0,343.0
2014.06.25,102185.0,5.0,102130.0,102220.0,102130.0,222.0
2014.06.24,102180.0,-35.0,102120.0,102180.0,102120.0,432.0
2014.06.23,102215.0,55.0,102225.0,102225.0,102215.0,105.0
2014.06.20,102160.0,-5.0,102165.0,102165.0,102115.0,86.0
2014.06.19,102165.0,135.0,102080.0,102165.0,102080.0,375.0
2014.06.18,102030.0,20.0,102020.0,102030.0,102015.0,15.0
2014.06.17,102010.0,10.0,102055.0,102055.0,102000.0,3013.0
2014.06.16,102000.0,20.0,102045.0,102065.0,102000.0,72.0
2014.06.13,101980.0,130.0,101920.0,101980.0,101860.0,3126.0
2014.06.12,101850.0,20.0,101810.0,101850.0,101810.0,5.0
2014.06.11,101830.0,35.0,101825.0,101830.0,101825.0,16.0
2014.06.10,101795.0,45.0,101770.0,101795.0,101715.0,104.0
2014.06.09,101750.0,25.0,101750.0,101760.0,101750.0,7.0
2014.06.05,101725.0,-15.0,101715.0,101730.0,101715.0,167.0
2014.06.03,103500.0,30.0,103430.0,103505.0,103430.0,139.0
2014.06.02,103470.0,-20.0,103470.0,103470.0,103410.0,238.0
2014.05.30,103490.0,65.0,103450.0,103490.0,103450.0,4.0
2014.05.29,103425.0,65.0,103425.0,103425.0,103425.0,3001.0
2014.05.28,103360.0,-40.0,103355.0,103375.0,103355.0,13.0
2014.05.27,103400.0,30.0,103350.0,103400.0,103350.0,107.0
2014.05.26,103370.0,30.0,103370.0,103370.0,103310.0,117.0
2014.05.23,103340.0,50.0,103280.0,103340.0,103280.0,33.0
2014.05.22,103290.0,0.0,103290.0,103290.0,103290.0,10.0
2014.05.21,103290.0,35.0,103290.0,103290.0,103290.0,22.0
2014.05.20,103255.0,0.0,103255.0,103255.0,103255.0,0.0
2014.05.19,103255.0,35.0,103215.0,103280.0,103215.0,128.0
2014.05.16,103220.0,10.0,103220.0,103220.0,103220.0,19.0
2014.05.15,103210.0,85.0,103155.0,103210.0,103155.0,22.0
2014.05.14,103125.0,15.0,103125.0,103125.0,103125.0,5.0
2014.05.13,103110.0,-40.0,103150.0,103150.0,103110.0,8.0
2014.05.12,103150.0,50.0,103150.0,103150.0,103150.0,7.0
2014.05.09,103100.0,0.0,103100.0,103100.0,103100.0,0.0
2014.05.08,103100.0,40.0,103070.0,103100.0,103070.0,170.0
2014.05.07,103060.0,5.0,103005.0,103060.0,103005.0,260.0
2014.05.02,103055.0,200.0,102995.0,103055.0,102990.0,77.0
2014.04.30,102855.0,-45.0,102785.0,102855.0,102785.0,211.0
2014.04.29,102900.0,35.0,102905.0,102905.0,102900.0,21.0
2014.04.28,102865.0,-15.0,102865.0,102890.0,102865.0,178.0
2014.04.25,102880.0,50.0,102840.0,102880.0,102840.0,74.0
2014.04.24,102830.0,25.0,102865.0,102865.0,102830.0,5.0
2014.04.23,102805.0,-35.0,102830.0,102830.0,102805.0,2.0
2014.04.22,102840.0,35.0,102840.0,102840.0,102840.0,42.0
2014.04.21,102805.0,0.0,102805.0,102835.0,102805.0,546.0
2014.04.18,102805.0,-25.0,102835.0,102835.0,102805.0,90.0
2014.04.17,102830.0,35.0,102785.0,102830.0,102785.0,110.0
2014.04.16,102795.0,0.0,102795.0,102795.0,102790.0,2185.0
2014.04.15,102795.0,5.0,102770.0,102795.0,102770.0,94.0
2014.04.14,102790.0,-35.0,102800.0,102800.0,102790.0,11.0
2014.04.11,102825.0,60.0,102795.0,102825.0,102795.0,11.0
2014.04.10,102765.0,15.0,102785.0,102865.0,102765.0,866.0
2014.04.09,102750.0,25.0,102760.0,102760.0,102745.0,1095.0
2014.04.08,102725.0,35.0,102700.0,102725.0,102700.0,89.0
2014.04.07,102690.0,30.0,102680.0,102715.0,102680.0,286.0
2014.04.04,102660.0,0.0,102660.0,102660.0,102660.0,4.0
2014.04.03,102660.0,70.0,102600.0,102660.0,102600.0,33.0
2014.04.02,102590.0,-75.0,102650.0,102650.0,102590.0,12222.0
2014.04.01,102665.0,-10.0,102625.0,102665.0,102605.0,470.0
2014.03.31,102675.0,75.0,102590.0,102675.0,102590.0,593.0
2014.03.28,102600.0,10.0,102600.0,102650.0,102600.0,279.0
2014.03.27,102590.0,80.0,102580.0,102610.0,102580.0,121.0
2014.03.26,102510.0,-10.0,102570.0,102570.0,102510.0,10105.0
2014.03.25,102520.0,10.0,102520.0,102550.0,102520.0,107.0
2014.03.24,102510.0,0.0,102510.0,102510.0,102510.0,0.0
2014.03.21,102510.0,0.0,102510.0,102510.0,102510.0,0.0
2014.03.20,102510.0,-40.0,102490.0,102525.0,102490.0,551.0
2014.03.19,102550.0,0.0,102510.0,102550.0,102510.0,16.0
2014.03.18,102550.0,0.0,102550.0,102550.0,102550.0,387.0
2014.03.17,102550.0,10.0,102550.0,102550.0,102550.0,846.0
2014.03.14,102540.0,105.0,102500.0,102540.0,102500.0,6090.0
2014.03.13,102435.0,60.0,102400.0,102435.0,102400.0,3539.0
2014.03.12,102375.0,-10.0,102375.0,102375.0,102375.0,88.0
2014.03.11,102385.0,65.0,102360.0,102405.0,102360.0,10.0
2014.03.10,102320.0,25.0,102310.0,102320.0,102310.0,7.0
2014.03.07,102295.0,0.0,102295.0,102295.0,102295.0,1.0
2014.03.06,102295.0,65.0,102295.0,102295.0,102295.0,10.0
2014.03.05,102230.0,0.0,102225.0,102230.0,102225.0,3.0
2014.03.04,102230.0,-90.0,102205.0,102240.0,102185.0,425.0
2014.03.03,102320.0,-60.0,102320.0,102320.0,102320.0,972.0
2014.02.28,102380.0,20.0,102345.0,102380.0,102345.0,501.0
2014.02.27,102360.0,35.0,102350.0,102360.0,102290.0,29.0
2014.02.26,102325.0,50.0,102270.0,102325.0,102270.0,301.0
2014.02.25,102275.0,75.0,102275.0,102275.0,102265.0,14.0
2014.02.24,102200.0,20.0,102200.0,102200.0,102200.0,0.0
2014.02.21,102180.0,-90.0,102240.0,102240.0,102180.0,99.0
2014.02.20,102270.0,35.0,102230.0,102270.0,102230.0,1089.0
2014.02.19,102235.0,30.0,102240.0,102240.0,102170.0,209.0
2014.02.18,102205.0,35.0,102180.0,102205.0,102180.0,34.0
2014.02.17,102170.0,-30.0,102170.0,102170.0,102170.0,68.0
2014.02.14,102200.0,50.0,102200.0,102200.0,102200.0,5.0
2014.02.13,102150.0,0.0,102150.0,102150.0,102150.0,1.0
2014.02.12,102150.0,25.0,102160.0,102160.0,102150.0,15.0
2014.02.11,102125.0,50.0,102125.0,102125.0,102125.0,0.0
2014.02.10,102075.0,-60.0,102100.0,102135.0,102075.0,94.0
2014.02.07,102135.0,35.0,102070.0,102135.0,102065.0,66.0
2014.02.06,102100.0,65.0,102040.0,102105.0,102035.0,3113.0
2014.02.05,102035.0,35.0,102035.0,102035.0,102035.0,3204.0
2014.02.04,102000.0,15.0,101990.0,102020.0,101990.0,211.0
2014.02.03,101985.0,20.0,102200.0,102200.0,101950.0,246.0
2014.01.29,101965.0,0.0,101970.0,101970.0,101960.0,359.0
2014.01.28,101965.0,65.0,101895.0,101965.0,101895.0,67.0
2014.01.27,101900.0,25.0,102195.0,102195.0,101885.0,104.0
2014.01.24,101875.0,90.0,101865.0,101920.0,101865.0,160.0
2014.01.23,101785.0,5.0,101795.0,101795.0,101785.0,163.0
2014.01.22,101780.0,-5.0,101810.0,101810.0,101770.0,146.0
2014.01.21,101785.0,65.0,101795.0,101795.0,101725.0,157.0
2014.01.20,101720.0,-30.0,101720.0,101720.0,101720.0,6.0
2014.01.17,101750.0,80.0,101695.0,101750.0,101690.0,913.0
2014.01.16,101670.0,10.0,101695.0,101695.0,101670.0,172.0
2014.01.15,101660.0,60.0,101660.0,101660.0,101660.0,1.0
2014.01.14,101600.0,0.0,101685.0,101685.0,101600.0,44.0
2014.01.13,101600.0,15.0,101630.0,101670.0,101600.0,81.0
2014.01.10,101585.0,10.0,101585.0,101615.0,101585.0,8.0
2014.01.09,101575.0,-80.0,101655.0,101655.0,101575.0,30.0
2014.01.08,101655.0,50.0,101650.0,101655.0,101650.0,12.0
2014.01.07,101605.0,70.0,101615.0,101615.0,101605.0,2.0
2014.01.06,101535.0,65.0,101470.0,101535.0,101460.0,103.0
2014.01.03,101470.0,-30.0,101470.0,101525.0,101410.0,271.0
2014.01.02,101500.0,-125.0,101570.0,101570.0,101440.0,168.0
2013.12.30,101625.0,40.0,101675.0,101675.0,101610.0,203.0
2013.12.27,101585.0,95.0,101490.0,101585.0,101490.0,969.0
2013.12.26,101490.0,10.0,101480.0,101520.0,101480.0,140.0
2013.12.24,101480.0,10.0,101470.0,101480.0,101470.0,5.0
2013.12.23,101470.0,40.0,101470.0,101470.0,101470.0,31.0
2013.12.20,101430.0,-5.0,101430.0,101430.0,101430.0,32.0
2013.12.19,101435.0,0.0,101435.0,101435.0,101435.0,7.0
2013.12.18,101435.0,-15.0,101435.0,101435.0,101430.0,19.0
2013.12.17,101450.0,130.0,101450.0,101450.0,101360.0,325.0
2013.12.16,101320.0,110.0,101310.0,101340.0,101310.0,312.0
2013.12.13,101210.0,100.0,101140.0,101210.0,101135.0,19.0
2013.12.12,101110.0,-40.0,101115.0,101115.0,101110.0,6.0
2013.12.11,101150.0,-20.0,101200.0,101200.0,101150.0,11.0
2013.12.10,101170.0,70.0,101150.0,101170.0,101150.0,10.0
2013.12.09,101100.0,60.0,101050.0,101100.0,101050.0,178.0
2013.12.06,101040.0,10.0,101015.0,101040.0,101005.0,56.0
2013.12.05,102620.0,40.0,102620.0,102620.0,102620.0,0.0
2013.12.04,102580.0,5.0,102580.0,102580.0,102580.0,20.0
2013.12.03,102575.0,0.0,102575.0,102575.0,102575.0,1.0
2013.12.02,102575.0,-40.0,102610.0,102635.0,102575.0,165.0
2013.11.29,102615.0,-85.0,102665.0,102705.0,102615.0,67.0
2013.11.28,102700.0,20.0,102715.0,102715.0,102675.0,3.0
2013.11.27,102680.0,25.0,102680.0,102700.0,102680.0,24.0
2013.11.26,102655.0,-15.0,102675.0,102710.0,102650.0,21.0
2013.11.25,102670.0,60.0,102650.0,102735.0,102650.0,3054.0
2013.11.22,102610.0,0.0,102670.0,102670.0,102610.0,7.0
2013.11.21,102610.0,-65.0,102600.0,102610.0,102550.0,14.0
2013.11.20,102675.0,-20.0,102685.0,102690.0,102625.0,4.0
2013.11.19,102695.0,45.0,102695.0,102695.0,102695.0,15.0
2013.11.18,102650.0,5.0,102650.0,102650.0,102650.0,26.0
2013.11.15,102645.0,5.0,102685.0,102720.0,102645.0,73.0
2013.11.14,102640.0,60.0,102755.0,102755.0,102640.0,6.0
2013.11.13,102580.0,40.0,102570.0,102580.0,102570.0,40.0
2013.11.12,102540.0,0.0,102540.0,102540.0,102540.0,6.0
2013.11.11,102540.0,-160.0,102640.0,102640.0,102540.0,1987.0
2013.11.08,102700.0,20.0,102670.0,102705.0,102670.0,14.0
2013.11.07,102680.0,10.0,102680.0,102680.0,102680.0,0.0
2013.11.06,102670.0,-35.0,102700.0,102700.0,102670.0,162.0
2013.11.05,102705.0,40.0,102760.0,102765.0,102695.0,294.0
2013.11.04,102665.0,-85.0,102740.0,102740.0,102660.0,1869.0
2013.11.01,102750.0,-20.0,101205.0,102790.0,101205.0,57.0
2013.10.31,102770.0,-20.0,102815.0,102815.0,102750.0,102.0
2013.10.30,102790.0,25.0,102815.0,102815.0,102765.0,470.0
2013.10.29,102765.0,-20.0,102785.0,102785.0,102765.0,192.0
2013.10.28,102785.0,0.0,102785.0,102785.0,102730.0,262.0
2013.10.25,102785.0,-15.0,102800.0,102800.0,102785.0,64.0
2013.10.24,102800.0,30.0,102800.0,102820.0,102750.0,915.0
2013.10.23,102770.0,150.0,103040.0,103040.0,102700.0,60.0
2013.10.22,102620.0,5.0,102620.0,102620.0,102620.0,5.0
2013.10.21,102615.0,-50.0,102665.0,102665.0,102615.0,70.0
2013.10.18,102665.0,75.0,102605.0,102670.0,102605.0,187.0
2013.10.17,102590.0,155.0,102600.0,102600.0,102590.0,59.0
2013.10.16,102435.0,-80.0,102495.0,102495.0,102435.0,171.0
2013.10.15,102515.0,-5.0,102515.0,102515.0,102500.0,12.0
2013.10.14,102520.0,-10.0,102525.0,102550.0,102495.0,186.0
2013.10.11,102530.0,-40.0,102510.0,102540.0,102475.0,55.0
2013.10.10,102570.0,5.0,102550.0,102575.0,102510.0,109.0
2013.10.08,102565.0,15.0,102565.0,102565.0,102565.0,42.0
2013.10.07,102550.0,5.0,102560.0,102560.0,102480.0,83.0
2013.10.04,102545.0,0.0,102560.0,102560.0,102545.0,106.0
2013.10.02,102545.0,50.0,102515.0,102545.0,102495.0,5014.0
2013.10.01,102495.0,-40.0,102485.0,102495.0,102465.0,140.0
2013.09.30,102535.0,95.0,102550.0,102550.0,102525.0,151.0
2013.09.27,102440.0,-60.0,102445.0,102445.0,102420.0,287.0
2013.09.26,102500.0,5.0,102500.0,102505.0,102500.0,609.0
2013.09.25,102495.0,-25.0,102515.0,102515.0,102440.0,577.0
2013.09.24,102520.0,-35.0,102560.0,102560.0,102520.0,251.0
2013.09.23,102555.0,105.0,102445.0,102580.0,102445.0,153.0
2013.09.17,102450.0,85.0,102400.0,102450.0,102400.0,147.0
2013.09.16,102365.0,145.0,102350.0,102365.0,102315.0,116.0
2013.09.13,102220.0,-10.0,102245.0,102245.0,102200.0,31.0
2013.09.12,102230.0,90.0,102215.0,102235.0,102210.0,426.0
2013.09.11,102140.0,-10.0,102135.0,102140.0,102125.0,367.0
2013.09.10,102150.0,35.0,102155.0,102160.0,102125.0,314.0
2013.09.09,102115.0,125.0,102120.0,102120.0,102100.0,121.0
2013.09.06,101990.0,-25.0,102050.0,102050.0,101955.0,158.0
2013.09.05,102015.0,-135.0,102145.0,102155.0,102015.0,1206.0
2013.09.04,102150.0,-45.0,102175.0,102175.0,102150.0,378.0
2013.09.03,102195.0,-35.0,102190.0,102220.0,102190.0,80.0
2013.09.02,102230.0,-30.0,102250.0,102250.0,102225.0,123.0
2013.08.30,102260.0,40.0,102240.0,102260.0,102240.0,189.0
2013.08.29,102220.0,50.0,102185.0,102225.0,102170.0,192.0
2013.08.28,102170.0,50.0,102645.0,102645.0,102100.0,98.0
2013.08.27,102120.0,0.0,102115.0,102145.0,102110.0,64.0
2013.08.26,102120.0,120.0,102100.0,102120.0,102100.0,78.0
2013.08.23,102000.0,65.0,102000.0,102035.0,101985.0,22.0
2013.08.22,101935.0,-105.0,101980.0,102000.0,101735.0,8412.0
2013.08.21,102040.0,55.0,102020.0,102040.0,102000.0,390.0
2013.08.20,101985.0,30.0,101955.0,101985.0,101955.0,40.0
2013.08.19,101955.0,5.0,101940.0,101960.0,101940.0,58.0
2013.08.16,101950.0,-35.0,101955.0,101955.0,101950.0,8.0
2013.08.14,101985.0,-35.0,101985.0,101995.0,101985.0,46.0
2013.08.13,102020.0,-10.0,102030.0,102030.0,102020.0,221.0
2013.08.12,102030.0,90.0,101970.0,102030.0,101970.0,183.0
2013.08.09,101940.0,20.0,101930.0,101940.0,101930.0,2.0
2013.08.08,101920.0,70.0,101930.0,101935.0,101885.0,7.0
2013.08.07,101850.0,-20.0,101870.0,101870.0,101850.0,3.0
2013.08.06,101870.0,0.0,101845.0,101870.0,101845.0,71.0
2013.08.05,101870.0,130.0,101835.0,101870.0,101835.0,149.0
2013.08.02,101740.0,-50.0,101765.0,101770.0,101740.0,242.0
2013.08.01,101790.0,80.0,101750.0,101835.0,101750.0,2566.0
2013.07.31,101710.0,-80.0,101790.0,101790.0,101710.0,62.0
2013.07.30,101790.0,-10.0,101790.0,101790.0,101790.0,1.0
2013.07.29,101800.0,145.0,101800.0,101820.0,101740.0,244.0
2013.07.26,101655.0,-30.0,101640.0,101715.0,101640.0,366.0
2013.07.25,101685.0,-55.0,101720.0,101720.0,101685.0,175.0
2013.07.24,101740.0,-5.0,101760.0,101760.0,101735.0,132.0
2013.07.23,101745.0,-30.0,101785.0,101785.0,101700.0,127.0
2013.07.22,101775.0,45.0,101730.0,101800.0,101730.0,60.0
2013.07.19,101730.0,-20.0,101730.0,101730.0,101730.0,4.0
2013.07.18,101750.0,120.0,101675.0,101760.0,101675.0,31.0
2013.07.17,101630.0,-40.0,101665.0,101665.0,101630.0,60.0
2013.07.16,101670.0,70.0,101615.0,101675.0,101615.0,13.0
2013.07.15,101600.0,-40.0,101675.0,101700.0,101600.0,206.0
2013.07.12,101640.0,0.0,101670.0,101670.0,101610.0,37.0
2013.07.11,101640.0,95.0,101675.0,101680.0,101545.0,2040.0
2013.07.10,101545.0,185.0,101430.0,101555.0,101430.0,2018.0
2013.07.09,101360.0,65.0,101440.0,101440.0,101360.0,193.0
2013.07.08,101295.0,-115.0,101280.0,101295.0,101220.0,187.0
2013.07.05,101410.0,5.0,101470.0,101470.0,101410.0,354.0
2013.07.04,101405.0,45.0,101425.0,101425.0,101395.0,2007.0
2013.07.03,101360.0,-40.0,101440.0,101440.0,101360.0,132.0
2013.07.02,101400.0,60.0,101360.0,101400.0,101360.0,2001.0
2013.07.01,101340.0,-150.0,101470.0,101470.0,101340.0,117.0
2013.06.28,101490.0,60.0,101380.0,101490.0,101380.0,495.0
2013.06.27,101430.0,105.0,101395.0,101430.0,101395.0,24.0
2013.06.26,101325.0,0.0,101320.0,101325.0,101320.0,72.0
2013.06.25,101325.0,85.0,101165.0,101325.0,101165.0,266.0
2013.06.24,101240.0,-90.0,101255.0,101255.0,101225.0,78.0
2013.06.21,101330.0,-15.0,101415.0,101450.0,101315.0,2437.0
2013.06.20,101345.0,-435.0,101605.0,101605.0,101345.0,402.0
2013.06.19,101780.0,55.0,101750.0,101780.0,101750.0,6.0
2013.06.18,101725.0,20.0,101665.0,101725.0,101575.0,202845.0
2013.06.17,101705.0,0.0,101705.0,101705.0,101705.0,0.0
2013.06.14,101705.0,65.0,101640.0,101770.0,101640.0,296.0
2013.06.13,101640.0,70.0,101560.0,101640.0,101555.0,4123.0
2013.06.12,101570.0,-130.0,101720.0,101720.0,101570.0,1173.0
2013.06.11,101700.0,20.0,101695.0,101730.0,101695.0,12.0
2013.06.10,101680.0,-15.0,101685.0,101695.0,101650.0,271.0
2013.06.07,101695.0,80.0,101615.0,101730.0,101615.0,10147.0
2013.06.05,101615.0,-90.0,101640.0,101705.0,101615.0,522.0
2013.06.04,103415.0,70.0,103410.0,103415.0,103365.0,118.0
2013.06.03,103345.0,40.0,103360.0,103395.0,103345.0,214.0
2013.05.31,103305.0,-65.0,103365.0,103365.0,103275.0,1242.0
2013.05.30,103370.0,50.0,103340.0,103375.0,103330.0,319.0
2013.05.29,103320.0,-200.0,103435.0,103435.0,103320.0,3457.0
2013.05.28,103520.0,-55.0,103540.0,103560.0,103515.0,42.0
2013.05.27,103575.0,-25.0,103560.0,103610.0,103545.0,928.0
2013.05.24,103600.0,40.0,103480.0,103600.0,103480.0,119.0
2013.05.23,103560.0,60.0,103545.0,103560.0,103460.0,231.0
2013.05.22,103500.0,-70.0,103595.0,103595.0,103495.0,861.0
2013.05.21,103570.0,60.0,103600.0,103600.0,103540.0,504.0
2013.05.20,103510.0,-100.0,103575.0,103575.0,103510.0,159.0
2013.05.16,103610.0,40.0,103560.0,103610.0,103540.0,3799.0
2013.05.15,103570.0,40.0,103570.0,103570.0,103535.0,465.0
2013.05.14,103530.0,20.0,103560.0,103600.0,103530.0,2468.0
2013.05.13,103510.0,-30.0,103545.0,103545.0,103510.0,129.0
2013.05.10,103540.0,-5.0,103540.0,103600.0,103515.0,816.0
2013.05.09,103545.0,40.0,103600.0,103705.0,103545.0,5199.0
2013.05.08,103505.0,-55.0,103585.0,103585.0,103450.0,16261.0
2013.05.07,103560.0,10.0,103515.0,103560.0,103445.0,530.0
2013.05.06,103550.0,-155.0,103680.0,103680.0,103515.0,1260.0
2013.05.03,103705.0,0.0,103705.0,103730.0,103690.0,81.0
2013.05.02,103705.0,100.0,103675.0,103745.0,103670.0,1736.0
2013.04.30,103605.0,35.0,103550.0,103615.0,103545.0,1724.0
2013.04.29,103570.0,45.0,103525.0,103610.0,103525.0,1937.0
2013.04.26,103525.0,70.0,103500.0,103580.0,103455.0,1557.0
2013.04.25,103455.0,85.0,103400.0,103490.0,103400.0,575.0
2013.04.24,103370.0,-15.0,103385.0,103385.0,103330.0,417.0
2013.04.23,103385.0,20.0,103365.0,103390.0,103305.0,11260.0
2013.04.22,103365.0,15.0,103350.0,103375.0,103315.0,11858.0
2013.04.19,103350.0,5.0,103380.0,103430.0,103350.0,623.0
2013.04.18,103345.0,50.0,103325.0,103390.0,103325.0,30720.0
2013.04.17,103295.0,0.0,103300.0,103300.0,103270.0,182.0
2013.04.16,103295.0,85.0,103225.0,103300.0,103225.0,1106.0
2013.04.15,103210.0,80.0,103175.0,103210.0,103155.0,1287.0
2013.04.12,103130.0,-30.0,103160.0,103220.0,103105.0,2455.0
2013.04.11,103160.0,-385.0,103550.0,103550.0,103155.0,1774.0
2013.04.10,103545.0,10.0,103520.0,103545.0,103500.0,186.0
2013.04.09,103535.0,-30.0,103565.0,103570.0,103490.0,471.0
2013.04.08,103565.0,-10.0,103590.0,103595.0,103505.0,522.0
2013.04.05,103575.0,75.0,103495.0,103575.0,103495.0,865.0
2013.04.04,103500.0,55.0,103485.0,103520.0,103455.0,2658.0
2013.04.03,103445.0,-10.0,103435.0,103505.0,103435.0,5576.0
2013.04.02,103455.0,20.0,103415.0,103505.0,103415.0,678.0
2013.04.01,103435.0,130.0,103350.0,103445.0,103295.0,1530.0
2013.03.29,103305.0,-110.0,103400.0,103445.0,103305.0,1735.0
2013.03.28,103415.0,250.0,103220.0,103420.0,103220.0,3749.0
2013.03.27,103165.0,-35.0,103200.0,103200.0,103165.0,2077.0
2013.03.26,103200.0,40.0,103155.0,103200.0,103135.0,1407.0
2013.03.25,103160.0,0.0,103175.0,103210.0,103150.0,909.0
2013.03.22,103160.0,0.0,103170.0,103200.0,103150.0,2585.0
2013.03.21,103160.0,30.0,103130.0,103170.0,103115.0,2033.0
2013.03.20,103130.0,-10.0,103100.0,103155.0,103075.0,837.0
2013.03.19,103140.0,10.0,103130.0,103140.0,103065.0,1064.0
2013.03.18,103130.0,75.0,103075.0,103135.0,103070.0,1257.0
2013.03.15,103055.0,30.0,103050.0,103055.0,103000.0,2235.0
2013.03.14,103025.0,-10.0,103055.0,103065.0,103020.0,791.0
2013.03.13,103035.0,50.0,103030.0,103045.0,102980.0,979.0
2013.03.12,102985.0,125.0,102945.0,103050.0,102940.0,2641.0
2013.03.11,102860.0,-95.0,102910.0,102910.0,102825.0,2382.0
2013.03.08,102955.0,20.0,102940.0,102960.0,102880.0,9343.0
2013.03.07,102935.0,-25.0,102960.0,102970.0,102890.0,1094.0
2013.03.06,102960.0,10.0,102970.0,102970.0,102940.0,4066.0
2013.03.05,102950.0,15.0,102920.0,102950.0,102920.0,733.0
2013.03.04,102935.0,15.0,102900.0,102945.0,102895.0,1106.0
2013.02.28,102920.0,10.0,102940.0,102940.0,102900.0,1119.0
2013.02.27,102910.0,55.0,102860.0,102915.0,102860.0,5889.0
2013.02.26,102855.0,80.0,102755.0,102855.0,102755.0,1869.0
2013.02.25,102775.0,20.0,102795.0,102795.0,102745.0,2921.0
2013.02.22,102755.0,5.0,102760.0,102775.0,102735.0,3595.0
2013.02.21,102750.0,80.0,102695.0,102750.0,102695.0,2355.0
2013.02.20,102670.0,10.0,102700.0,102710.0,102650.0,2368.0
2013.02.19,102660.0,30.0,102630.0,102665.0,102630.0,1296.0
2013.02.18,102630.0,25.0,102550.0,102655.0,102550.0,2432.0
2013.02.15,102605.0,40.0,102585.0,102605.0,102575.0,1155.0
2013.02.14,102565.0,70.0,102490.0,102585.0,102490.0,3950.0
2013.02.13,102495.0,-75.0,102575.0,102585.0,102495.0,8177.0
2013.02.12,102570.0,45.0,102555.0,102570.0,102550.0,17498.0
2013.02.08,102525.0,40.0,102470.0,102535.0,102470.0,838.0
2013.02.07,102485.0,25.0,102480.0,102550.0,102460.0,1610.0
2013.02.06,102460.0,95.0,102425.0,102460.0,102370.0,2718.0
2013.02.05,102365.0,40.0,102315.0,102435.0,102315.0,8227.0
2013.02.04,102325.0,-25.0,102340.0,102340.0,102325.0,3795.0
2013.02.01,102350.0,20.0,102300.0,102365.0,102300.0,9266.0
2013.01.31,102330.0,85.0,102295.0,102385.0,102295.0,2392.0
2013.01.30,102245.0,-70.0,102260.0,102320.0,102230.0,257.0
2013.01.29,102315.0,-65.0,102315.0,102350.0,102250.0,3362.0
2013.01.28,102380.0,115.0,102390.0,102390.0,102260.0,174.0
2013.01.25,102265.0,-35.0,102300.0,102305.0,102265.0,159.0
2013.01.24,102300.0,-5.0,102305.0,102345.0,102300.0,33.0
2013.01.23,102305.0,10.0,102300.0,102305.0,102250.0,206.0
2013.01.22,102295.0,45.0,102245.0,102295.0,102225.0,166.0
2013.01.21,102250.0,40.0,102265.0,102265.0,102250.0,196.0
2013.01.18,102210.0,-30.0,102200.0,102210.0,102200.0,123.0
2013.01.17,102240.0,35.0,102240.0,102240.0,102240.0,6.0
2013.01.16,102205.0,200.0,102060.0,102205.0,102060.0,243.0
2013.01.15,102005.0,-100.0,102060.0,102060.0,102000.0,63.0
2013.01.14,102105.0,105.0,102060.0,102105.0,102060.0,86.0
2013.01.11,102000.0,-60.0,102060.0,102060.0,102000.0,33.0
2013.01.10,102060.0,20.0,102040.0,102150.0,102040.0,85.0
2013.01.09,102040.0,20.0,102060.0,102060.0,101950.0,62.0
2013.01.08,102020.0,40.0,102035.0,102035.0,102020.0,91.0
2013.01.07,101980.0,-60.0,101930.0,102010.0,101930.0,65.0
2013.01.04,102040.0,90.0,101900.0,102040.0,101900.0,50084.0
2013.01.03,101950.0,105.0,101900.0,101950.0,101820.0,95.0
2013.01.02,101845.0,-5.0,101845.0,101845.0,101685.0,1022.0
2012.12.28,101850.0,60.0,101770.0,101885.0,101770.0,69.0
2012.12.27,101790.0,120.0,101770.0,101790.0,101770.0,10012.0
2012.12.26,101670.0,-90.0,101745.0,101745.0,101640.0,44.0
2012.12.24,101760.0,65.0,101770.0,101770.0,101650.0,25.0
2012.12.21,101695.0,0.0,101680.0,101700.0,101640.0,158.0
2012.12.20,101695.0,25.0,101695.0,101695.0,101695.0,1.0
2012.12.18,101670.0,-20.0,101565.0,101670.0,101565.0,95.0
2012.12.17,101690.0,5.0,101705.0,101705.0,101600.0,126.0
2012.12.14,101685.0,-10.0,101630.0,101690.0,101630.0,54.0
2012.12.13,101695.0,-25.0,101720.0,101720.0,101690.0,829.0
2012.12.12,101720.0,20.0,101705.0,101720.0,101610.0,206.0
2012.12.11,101700.0,-20.0,101725.0,101725.0,101700.0,61.0
2012.12.10,101720.0,-45.0,101745.0,101745.0,101580.0,104.0
2012.12.07,101765.0,170.0,101725.0,101765.0,101725.0,5.0
2012.12.06,101595.0,-15.0,101710.0,101710.0,101570.0,788.0
2012.12.05,103545.0,-85.0,103545.0,103550.0,103540.0,100.0
2012.12.04,103630.0,0.0,103630.0,103630.0,103630.0,4.0
2012.12.03,103630.0,30.0,103620.0,103630.0,103545.0,345.0
2012.11.30,103600.0,60.0,103600.0,103600.0,103600.0,100.0
2012.11.29,103540.0,-85.0,103525.0,103550.0,103525.0,131.0
2012.11.28,103625.0,145.0,103600.0,103645.0,103600.0,66.0
2012.11.27,103480.0,-80.0,103545.0,103545.0,103480.0,66.0
2012.11.26,103560.0,-15.0,103575.0,103600.0,103535.0,41.0
2012.11.23,103575.0,25.0,103620.0,103625.0,103550.0,199.0
2012.11.22,103550.0,-10.0,103525.0,103550.0,103525.0,22.0
2012.11.21,103560.0,-40.0,103600.0,103600.0,103500.0,72.0
2012.11.20,103600.0,0.0,103515.0,103650.0,103515.0,94.0
2012.11.19,103600.0,60.0,103540.0,103600.0,103520.0,16.0
2012.11.16,103540.0,-5.0,103610.0,103610.0,103525.0,761.0
2012.11.15,103545.0,5.0,103515.0,103575.0,103515.0,356.0
2012.11.14,103540.0,40.0,103500.0,103540.0,103475.0,182.0
2012.11.13,103500.0,0.0,103500.0,103500.0,103485.0,259.0
2012.11.12,103500.0,-65.0,103500.0,103500.0,103460.0,76.0
2012.11.09,103565.0,-5.0,103520.0,103570.0,103520.0,101.0
2012.11.08,103570.0,70.0,103500.0,103590.0,103485.0,185.0
2012.11.07,103500.0,95.0,103440.0,103565.0,103440.0,64.0
2012.11.06,103405.0,-25.0,103405.0,103405.0,103405.0,10.0
2012.11.05,103430.0,-65.0,103485.0,103485.0,103380.0,12.0
2012.11.02,103495.0,15.0,103495.0,103495.0,103375.0,239.0
2012.11.01,103480.0,15.0,103370.0,103480.0,103370.0,65.0
2012.10.31,103465.0,165.0,103330.0,103465.0,103330.0,52.0
2012.10.30,103300.0,-90.0,103300.0,103300.0,103300.0,4.0
2012.10.29,103390.0,60.0,103300.0,103390.0,103265.0,69.0
2012.10.26,103330.0,115.0,103220.0,103330.0,103220.0,57.0
2012.10.25,103215.0,50.0,103325.0,103325.0,103200.0,213.0
2012.10.24,103165.0,60.0,103175.0,103175.0,103165.0,101.0
2012.10.23,103105.0,-65.0,103130.0,103170.0,103080.0,126.0
2012.10.22,103170.0,40.0,103140.0,103170.0,103120.0,90.0
2012.10.19,103130.0,0.0,103120.0,103130.0,103065.0,13.0
2012.10.18,103130.0,-30.0,103040.0,103130.0,103035.0,118.0
2012.10.17,103160.0,10.0,103175.0,103175.0,103055.0,59.0
2012.10.16,103150.0,-90.0,103220.0,103220.0,103150.0,41.0
2012.10.15,103240.0,80.0,103240.0,103240.0,103240.0,1.0
2012.10.12,103160.0,10.0,103160.0,103160.0,103160.0,0.0
2012.10.11,103150.0,-50.0,103215.0,103215.0,103150.0,61.0
2012.10.10,103200.0,35.0,103140.0,103200.0,103140.0,57.0
2012.10.09,103165.0,-20.0,103170.0,103170.0,103165.0,11.0
2012.10.08,103185.0,-10.0,103190.0,103190.0,103140.0,22.0
2012.10.05,103195.0,5.0,103200.0,103200.0,103140.0,32.0
2012.10.04,103190.0,25.0,103215.0,103215.0,103120.0,21.0
2012.10.02,103165.0,45.0,103095.0,103165.0,103080.0,40.0
2012.09.28,103120.0,0.0,0.0,0.0,0.0,0.0
2012.09.27,103120.0,90.0,103020.0,103125.0,103020.0,56.0
2012.09.26,103030.0,30.0,103000.0,103030.0,103000.0,10.0
2012.09.25,103000.0,-10.0,103010.0,103010.0,103000.0,45.0
2012.09.24,103010.0,30.0,102885.0,103010.0,102885.0,52.0
2012.09.21,102980.0,40.0,102895.0,103010.0,102895.0,54.0
2012.09.20,102940.0,75.0,102825.0,102950.0,102825.0,8.0
2012.09.19,102865.0,20.0,102805.0,102865.0,102805.0,351.0
2012.09.18,102845.0,0.0,102845.0,102845.0,102845.0,1.0
2012.09.17,102845.0,45.0,102800.0,102845.0,102800.0,56.0
2012.09.14,102800.0,-105.0,102860.0,102860.0,102690.0,436.0
2012.09.13,102905.0,-35.0,102940.0,102940.0,102905.0,11.0
2012.09.12,102940.0,15.0,102935.0,102940.0,102935.0,8.0
2012.09.11,102925.0,-90.0,103010.0,103030.0,102925.0,40.0
2012.09.10,103015.0,75.0,103010.0,103015.0,103010.0,133.0
2012.09.07,102940.0,-45.0,102970.0,102990.0,102940.0,449.0
2012.09.06,102985.0,-105.0,103090.0,103120.0,102985.0,109.0
2012.09.05,103090.0,30.0,103090.0,103090.0,102930.0,74.0
2012.09.04,103060.0,-10.0,102975.0,103060.0,102975.0,104.0
2012.09.03,103070.0,45.0,103065.0,103070.0,103060.0,11.0
2012.08.31,103025.0,75.0,102950.0,103025.0,102915.0,113.0
2012.08.30,102950.0,5.0,102830.0,102950.0,102830.0,71.0
2012.08.29,102945.0,65.0,102880.0,102945.0,102880.0,40.0
2012.08.28,102880.0,50.0,102830.0,102885.0,102755.0,129.0
2012.08.27,102830.0,95.0,102735.0,102865.0,102730.0,46.0
2012.08.24,102735.0,-15.0,102810.0,102845.0,102710.0,72.0
2012.08.23,102750.0,45.0,102775.0,102775.0,102640.0,171.0
2012.08.22,102705.0,75.0,102630.0,102705.0,102630.0,2.0
2012.08.21,102630.0,20.0,102595.0,102675.0,102590.0,27.0
2012.08.20,102610.0,25.0,102610.0,102615.0,102490.0,782.0
2012.08.17,102585.0,65.0,102550.0,102590.0,102550.0,94.0
2012.08.16,102520.0,-110.0,102580.0,102580.0,102420.0,289.0
2012.08.14,102630.0,-70.0,102650.0,102650.0,102630.0,30.0
2012.08.13,102700.0,35.0,102665.0,102705.0,102665.0,51.0
2012.08.10,102665.0,0.0,102665.0,102665.0,102665.0,2.0
2012.08.09,102665.0,-50.0,102670.0,102725.0,102665.0,1784.0
2012.08.08,102715.0,5.0,102715.0,102715.0,102715.0,80.0
2012.08.07,102710.0,50.0,102660.0,102710.0,102655.0,52.0
2012.08.06,102660.0,-35.0,102675.0,102675.0,102605.0,14.0
2012.08.03,102695.0,60.0,102695.0,102715.0,102665.0,235.0
2012.08.02,102635.0,200.0,102525.0,102635.0,102525.0,70.0
2012.08.01,102435.0,40.0,102435.0,102435.0,102435.0,68.0
2012.07.31,102395.0,-45.0,102500.0,102500.0,102395.0,289.0
2012.07.30,102440.0,60.0,102245.0,102440.0,102245.0,7.0
2012.07.27,102380.0,-85.0,102405.0,102405.0,102365.0,120.0
2012.07.26,102465.0,10.0,102360.0,102505.0,102360.0,363.0
2012.07.25,102455.0,225.0,102335.0,102455.0,102335.0,61.0
2012.07.24,102230.0,5.0,102270.0,102270.0,102230.0,2.0
2012.07.23,102225.0,215.0,102100.0,102270.0,102100.0,161.0
2012.07.20,102010.0,-80.0,102045.0,102045.0,102010.0,6.0
2012.07.19,102090.0,85.0,101990.0,102090.0,101930.0,34.0
2012.07.18,102005.0,105.0,101885.0,102005.0,101880.0,126.0
2012.07.17,101900.0,70.0,101855.0,101910.0,101810.0,1155.0
2012.07.16,101830.0,35.0,101865.0,101865.0,101830.0,13.0
2012.07.13,101795.0,75.0,101690.0,101800.0,101690.0,204.0
2012.07.12,101720.0,435.0,101365.0,101720.0,101365.0,683.0
2012.07.11,101285.0,20.0,101270.0,101295.0,101270.0,360.0
2012.07.10,101265.0,120.0,101260.0,101265.0,101260.0,50.0
2012.07.09,101145.0,10.0,101220.0,101230.0,101145.0,216.0
2012.07.06,101135.0,65.0,101175.0,101175.0,101105.0,47.0
2012.07.05,101070.0,-30.0,101100.0,101130.0,101070.0,109.0
2012.07.04,101100.0,25.0,101100.0,101100.0,101075.0,69.0
2012.07.03,101075.0,20.0,101060.0,101080.0,101050.0,21.0
2012.07.02,101055.0,-15.0,100990.0,101055.0,100990.0,139.0
2012.06.29,101070.0,45.0,101025.0,101115.0,101025.0,34.0
2012.06.28,101025.0,-45.0,101025.0,101025.0,101025.0,5.0
2012.06.27,101070.0,25.0,101065.0,101070.0,101065.0,20.0
2012.06.26,101045.0,5.0,101035.0,101050.0,101010.0,69.0
2012.06.25,101040.0,30.0,101030.0,101040.0,101030.0,496.0
2012.06.22,101010.0,40.0,101010.0,101010.0,101000.0,8.0
2012.06.21,100970.0,-35.0,100975.0,100975.0,100930.0,8.0
2012.06.20,101005.0,-45.0,101015.0,101015.0,100920.0,30.0
2012.06.19,101050.0,35.0,101045.0,101050.0,101015.0,12.0
2012.06.18,101015.0,-50.0,101015.0,101015.0,100915.0,495.0
2012.06.15,101065.0,-35.0,101045.0,101085.0,100995.0,136.0
2012.06.14,101100.0,105.0,101005.0,101100.0,100990.0,247.0
2012.06.13,100995.0,-30.0,101025.0,101060.0,100995.0,99.0
2012.06.12,101025.0,70.0,100970.0,101025.0,100970.0,124.0
2012.06.11,100955.0,-145.0,101075.0,101075.0,100955.0,878.0
2012.06.08,101100.0,100.0,100970.0,101100.0,100970.0,33.0
2012.06.07,101000.0,50.0,101000.0,101000.0,100890.0,975.0
2012.06.05,100950.0,-20.0,101030.0,101030.0,100940.0,668.0
2012.06.04,103130.0,-10.0,103215.0,103215.0,103130.0,71.0
2012.06.01,103140.0,35.0,103105.0,103140.0,103105.0,18.0
2012.05.31,103105.0,105.0,103005.0,103105.0,103005.0,94.0
2012.05.30,103000.0,15.0,103005.0,103005.0,103000.0,28.0
2012.05.29,102985.0,105.0,103010.0,103010.0,102915.0,117.0
2012.05.25,102880.0,0.0,102975.0,102975.0,102880.0,149.0
2012.05.24,102880.0,30.0,102880.0,102880.0,102880.0,10.0
2012.05.23,102850.0,0.0,102820.0,102850.0,102820.0,17.0
2012.05.22,102850.0,10.0,107520.0,107520.0,102850.0,112.0
2012.05.21,102840.0,115.0,102775.0,102840.0,102775.0,99.0
2012.05.18,102725.0,-55.0,102770.0,102820.0,102725.0,135.0
2012.05.17,102780.0,70.0,102745.0,102815.0,102745.0,278.0
2012.05.16,102710.0,-40.0,102760.0,102760.0,102710.0,92.0
2012.05.15,102750.0,95.0,102715.0,102820.0,102715.0,470.0
2012.05.14,102655.0,40.0,102665.0,102745.0,102650.0,438.0
2012.05.11,102615.0,-55.0,102670.0,102710.0,102615.0,888.0
2012.05.10,102670.0,-20.0,102730.0,102730.0,102670.0,5.0
2012.05.09,102690.0,80.0,102610.0,102690.0,102610.0,100.0
2012.05.08,102610.0,70.0,102665.0,102665.0,102610.0,36.0
2012.05.07,102540.0,-10.0,102540.0,102645.0,102540.0,62.0
2012.05.04,102550.0,35.0,102490.0,102550.0,102450.0,420.0
2012.05.03,102515.0,85.0,102480.0,102515.0,102480.0,72.0
2012.05.02,102430.0,30.0,102445.0,102445.0,102425.0,445.0
2012.04.30,102400.0,20.0,102410.0,102410.0,102320.0,355.0
2012.04.27,102380.0,55.0,102365.0,102380.0,102315.0,33.0
2012.04.26,102325.0,60.0,102310.0,102325.0,102310.0,91.0
2012.04.25,102265.0,10.0,102190.0,102280.0,102190.0,72.0
2012.04.24,102255.0,0.0,102285.0,102285.0,102255.0,114.0
2012.04.23,102255.0,45.0,102230.0,102255.0,102230.0,18.0
2012.04.20,102210.0,0.0,102210.0,102210.0,102210.0,9.0
2012.04.19,102210.0,30.0,102215.0,102215.0,102195.0,44.0
2012.04.18,102180.0,15.0,102140.0,102180.0,102140.0,143.0
2012.04.17,102165.0,0.0,102165.0,102165.0,102165.0,1.0
2012.04.16,102165.0,190.0,102125.0,102165.0,102120.0,4.0
2012.04.13,101975.0,-90.0,102000.0,102090.0,101975.0,150.0
2012.04.12,102065.0,10.0,102055.0,102075.0,102055.0,144.0
2012.04.10,102055.0,125.0,102025.0,102055.0,101975.0,54.0
2012.04.09,101930.0,10.0,102000.0,102050.0,101930.0,46.0
2012.04.06,101920.0,-25.0,101870.0,101920.0,101870.0,12.0
2012.04.05,101945.0,130.0,98995.0,101970.0,98985.0,18312.0
2012.04.04,101815.0,25.0,101815.0,101815.0,101815.0,9.0
2012.04.03,101790.0,20.0,101670.0,101790.0,101670.0,28.0
2012.04.02,101770.0,10.0,101755.0,101795.0,101755.0,110.0
2012.03.30,101760.0,50.0,101680.0,101760.0,101680.0,7.0
2012.03.29,101710.0,140.0,101625.0,101710.0,101625.0,280.0
2012.03.28,101570.0,35.0,101570.0,101570.0,101515.0,14.0
2012.03.27,101535.0,40.0,101515.0,101580.0,101515.0,56.0
2012.03.26,101495.0,-5.0,101560.0,101560.0,101490.0,94.0
2012.03.23,101500.0,0.0,101500.0,101500.0,101500.0,23.0
2012.03.22,101500.0,10.0,101505.0,101540.0,101500.0,164.0
2012.03.21,101490.0,-10.0,101545.0,101545.0,101490.0,24.0
2012.03.20,101500.0,50.0,101450.0,101500.0,101450.0,27.0
2012.03.19,101450.0,-70.0,101550.0,101550.0,101450.0,12.0
2012.03.16,101520.0,-35.0,101530.0,101560.0,101520.0,202.0
2012.03.15,101555.0,-5.0,101570.0,101570.0,101475.0,231.0
2012.03.14,101560.0,-75.0,101635.0,101635.0,101560.0,34.0
2012.03.13,101635.0,105.0,101620.0,101635.0,101555.0,32.0
2012.03.12,101530.0,15.0,101525.0,101605.0,101525.0,89.0
2012.03.09,101515.0,-20.0,101505.0,101515.0,101505.0,104.0
2012.03.08,101535.0,95.0,101500.0,101535.0,101500.0,228.0
2012.03.07,101440.0,50.0,101430.0,101450.0,101430.0,6.0
2012.03.06,101390.0,-15.0,101405.0,101405.0,101380.0,225.0
2012.03.05,101405.0,0.0,101410.0,101480.0,101405.0,30.0
2012.03.02,101405.0,-95.0,101405.0,101405.0,101405.0,1.0
2012.02.29,101500.0,0.0,101505.0,101505.0,101500.0,62.0
2012.02.28,101500.0,40.0,101460.0,101500.0,101400.0,219.0
2012.02.27,101460.0,75.0,101385.0,101460.0,101385.0,52.0
2012.02.24,101385.0,55.0,101385.0,101385.0,101385.0,2.0
2012.02.23,101330.0,30.0,101330.0,101330.0,101330.0,2.0
2012.02.22,101300.0,0.0,101265.0,101360.0,101265.0,430.0
2012.02.21,101300.0,-10.0,101195.0,101335.0,101195.0,81.0
2012.02.20,101310.0,15.0,101275.0,101310.0,101230.0,312.0
2012.02.17,101295.0,65.0,101310.0,101310.0,101295.0,104.0
2012.02.16,101230.0,-5.0,101230.0,101230.0,101230.0,10001.0
2012.02.15,101235.0,105.0,101155.0,101235.0,101145.0,41.0
2012.02.14,101130.0,40.0,101200.0,101230.0,101130.0,44.0
2012.02.13,101090.0,-45.0,101135.0,101135.0,101090.0,169.0
2012.02.10,101135.0,-5.0,101135.0,101135.0,101135.0,7.0
2012.02.09,101140.0,-5.0,101220.0,101220.0,101140.0,23.0
2012.02.08,101145.0,-45.0,101185.0,101185.0,101085.0,44.0
2012.02.07,101190.0,0.0,101190.0,101190.0,101085.0,133.0
2012.02.06,101190.0,-25.0,101190.0,101190.0,101075.0,215.0
2012.02.03,101215.0,45.0,101195.0,101215.0,101095.0,466.0
2012.02.02,101170.0,30.0,101175.0,101175.0,101075.0,16.0
2012.02.01,101140.0,40.0,101100.0,101140.0,101100.0,31.0
2012.01.31,101100.0,25.0,101110.0,101110.0,101100.0,698.0
2012.01.30,101075.0,135.0,100980.0,101075.0,100980.0,229.0
2012.01.27,100940.0,-40.0,101030.0,101030.0,100940.0,13.0
2012.01.26,100980.0,65.0,100920.0,100980.0,100920.0,19.0
2012.01.25,100915.0,15.0,100900.0,100915.0,100900.0,349.0
2012.01.20,100900.0,90.0,100905.0,100905.0,100900.0,243.0
2012.01.19,100810.0,30.0,100830.0,100830.0,100810.0,17.0
2012.01.18,100780.0,-40.0,100770.0,100780.0,100770.0,123.0
2012.01.17,100820.0,20.0,100830.0,100830.0,100820.0,49.0
2012.01.16,100800.0,70.0,100735.0,100800.0,100735.0,21.0
2012.01.13,100730.0,35.0,100740.0,100740.0,100705.0,1020.0
2012.01.12,100695.0,-325.0,100760.0,100760.0,100695.0,16.0
2012.01.11,101020.0,320.0,100940.0,101020.0,100940.0,177.0
2012.01.10,100700.0,0.0,100640.0,100700.0,100640.0,35.0
2012.01.09,100700.0,-20.0,100705.0,100705.0,100675.0,14.0
2012.01.06,100720.0,35.0,100670.0,100720.0,100670.0,15.0
2012.01.05,100685.0,-20.0,100675.0,100740.0,100670.0,38.0
2012.01.04,100705.0,15.0,100650.0,100705.0,100650.0,46.0
2012.01.03,100690.0,85.0,100630.0,100690.0,100620.0,359.0
2012.01.02,100605.0,-50.0,100650.0,100650.0,100605.0,43.0
2011.12.29,100655.0,165.0,100530.0,100680.0,100530.0,19.0
2011.12.28,100490.0,30.0,100500.0,100570.0,100490.0,55.0
2011.12.27,100460.0,-75.0,100465.0,100520.0,100460.0,275.0
2011.12.26,100535.0,60.0,100495.0,100535.0,100495.0,427.0
2011.12.23,100475.0,-25.0,100515.0,100550.0,100475.0,165.0
2011.12.22,100500.0,-80.0,100520.0,100585.0,100500.0,57.0
2011.12.21,100580.0,80.0,100485.0,100580.0,100475.0,55.0
2011.12.20,100500.0,15.0,100420.0,100525.0,100420.0,192.0
2011.12.19,100485.0,-120.0,100650.0,100650.0,100430.0,296.0
2011.12.16,100605.0,-15.0,100640.0,100640.0,100580.0,79.0
2011.12.15,100620.0,60.0,100565.0,100630.0,100560.0,247.0
2011.12.14,100560.0,10.0,100550.0,100560.0,100520.0,25.0
2011.12.13,100550.0,35.0,100530.0,100550.0,100480.0,43.0
2011.12.12,100515.0,70.0,100525.0,100525.0,100440.0,48.0
2011.12.09,100445.0,15.0,100485.0,100520.0,100420.0,211.0
2011.12.08,100430.0,5.0,100520.0,100570.0,100430.0,403.0
2011.12.07,100425.0,10.0,100430.0,100460.0,100425.0,297.0
2011.12.06,102950.0,0.0,102960.0,102960.0,102940.0,250.0
2011.12.05,102950.0,50.0,102920.0,102950.0,102920.0,518.0
2011.12.02,102900.0,0.0,102885.0,102930.0,102875.0,493.0
2011.12.01,102900.0,70.0,102855.0,102920.0,102855.0,212.0
2011.11.30,102830.0,80.0,102735.0,102840.0,102735.0,273.0
2011.11.29,102750.0,45.0,102715.0,102750.0,102715.0,117.0
2011.11.28,102705.0,65.0,102680.0,102705.0,102680.0,53.0
2011.11.25,102640.0,-30.0,102685.0,102685.0,102640.0,83.0
2011.11.24,102670.0,20.0,102670.0,102690.0,102670.0,6.0
2011.11.23,102650.0,85.0,102650.0,102650.0,102650.0,3.0
2011.11.22,102565.0,5.0,102565.0,102565.0,102565.0,1.0
2011.11.21,102560.0,0.0,102555.0,102560.0,102535.0,82.0
2011.11.18,102560.0,130.0,102495.0,102560.0,102495.0,249.0
2011.11.17,102430.0,-40.0,102505.0,102505.0,102430.0,52.0
2011.11.16,102470.0,90.0,102430.0,102500.0,102415.0,198.0
2011.11.15,102380.0,30.0,102340.0,102380.0,102340.0,152.0
2011.11.14,102350.0,-65.0,102375.0,102375.0,102310.0,14.0
2011.11.11,102415.0,70.0,102400.0,102420.0,102355.0,60.0
2011.11.10,102345.0,90.0,102405.0,102405.0,102345.0,11.0
2011.11.09,102255.0,55.0,114900.0,114900.0,102210.0,55.0
2011.11.08,102200.0,60.0,102170.0,102200.0,102170.0,219.0
2011.11.07,102140.0,35.0,102200.0,102200.0,102140.0,156.0
2011.11.04,102105.0,70.0,102105.0,102105.0,102105.0,1.0
2011.11.03,102035.0,0.0,102035.0,102035.0,102035.0,0.0
2011.11.02,101980.0,30.0,101985.0,101995.0,101980.0,3.0
2011.11.01,101950.0,120.0,101915.0,101950.0,101915.0,36.0
2011.10.31,101830.0,60.0,101830.0,101830.0,101830.0,762.0
2011.10.28,101770.0,-70.0,101770.0,101770.0,101770.0,3.0
2011.10.27,101840.0,50.0,101855.0,101920.0,101840.0,128.0
2011.10.26,101790.0,40.0,101790.0,101800.0,101790.0,60.0
2011.10.25,101750.0,-50.0,101760.0,101760.0,101750.0,45.0
2011.10.24,101800.0,-85.0,101800.0,101800.0,101770.0,12.0
2011.10.21,101885.0,40.0,101885.0,101885.0,101885.0,1.0
2011.10.20,101845.0,110.0,101845.0,101845.0,101845.0,100.0
2011.10.19,101735.0,-80.0,101700.0,101735.0,101700.0,51.0
2011.10.18,101815.0,0.0,101815.0,101815.0,101815.0,0.0
2011.10.17,101815.0,-55.0,101800.0,101815.0,101800.0,43.0
2011.10.14,101870.0,50.0,101880.0,101890.0,101870.0,31.0
2011.10.13,101820.0,110.0,101805.0,101820.0,101805.0,41.0
2011.10.12,101710.0,35.0,101690.0,101710.0,101690.0,51.0
2011.10.11,101675.0,5.0,101650.0,101675.0,101650.0,66.0
2011.10.10,101670.0,-40.0,101710.0,101710.0,101670.0,13.0
2011.10.07,101710.0,-30.0,101730.0,101730.0,101685.0,115.0
2011.10.06,101740.0,90.0,101640.0,101745.0,101640.0,120.0
2011.10.05,101650.0,130.0,101630.0,101650.0,101630.0,63.0
2011.10.04,101520.0,60.0,101480.0,101520.0,101470.0,51.0
2011.09.30,101460.0,-10.0,101460.0,101460.0,101460.0,50.0
2011.09.29,101470.0,0.0,101430.0,101470.0,101430.0,60.0
2011.09.28,101470.0,-90.0,101475.0,101490.0,101470.0,41.0
2011.09.27,101560.0,20.0,101500.0,101560.0,101500.0,135.0
2011.09.26,101540.0,45.0,101540.0,101540.0,101540.0,14.0
2011.09.23,101495.0,-25.0,101510.0,101510.0,101495.0,6.0
2011.09.22,101520.0,15.0,101455.0,101520.0,101455.0,6.0
2011.09.21,101505.0,115.0,101410.0,101515.0,101410.0,74.0
2011.09.20,101390.0,-95.0,101375.0,101425.0,101375.0,5.0
2011.09.19,101485.0,-70.0,101595.0,101640.0,101485.0,16.0
2011.09.16,101555.0,-155.0,101615.0,101675.0,101555.0,80.0
2011.09.15,101710.0,70.0,101710.0,101710.0,101710.0,1.0
2011.09.14,101640.0,40.0,101635.0,101675.0,101630.0,42.0
2011.09.09,101600.0,25.0,101590.0,101600.0,101560.0,70.0
2011.09.08,101575.0,65.0,101460.0,101575.0,101460.0,103.0
2011.09.07,101510.0,-90.0,101555.0,101570.0,101510.0,244.0
2011.09.06,101600.0,60.0,101580.0,101620.0,101565.0,142.0
2011.09.05,101540.0,140.0,101510.0,101540.0,101480.0,105.0
2011.09.02,101400.0,60.0,101395.0,101435.0,101390.0,64.0
2011.09.01,101340.0,20.0,101330.0,101340.0,101330.0,9.0
2011.08.31,101320.0,60.0,101320.0,101320.0,101320.0,1.0
2011.08.30,101260.0,-70.0,101230.0,101260.0,101220.0,214.0
2011.08.29,101330.0,-20.0,101320.0,101340.0,101290.0,62.0
2011.08.26,101350.0,-20.0,101350.0,101350.0,101340.0,74.0
2011.08.25,101370.0,80.0,101310.0,101370.0,101310.0,132.0
2011.08.24,101290.0,-40.0,101245.0,101290.0,101245.0,27.0
2011.08.23,101330.0,10.0,101300.0,101340.0,101300.0,205.0
2011.08.22,101320.0,80.0,101305.0,101320.0,101275.0,435.0
2011.08.19,101240.0,-15.0,101255.0,101255.0,101240.0,180.0
2011.08.18,101255.0,55.0,101260.0,101290.0,101255.0,200.0
2011.08.17,101200.0,0.0,101200.0,101200.0,101200.0,0.0
2011.08.16,101250.0,-50.0,101250.0,101250.0,101250.0,39.0
2011.08.12,101300.0,0.0,101300.0,101300.0,101300.0,0.0
2011.08.11,101270.0,0.0,101270.0,101270.0,101270.0,0.0
2011.08.10,101270.0,110.0,101240.0,101270.0,101240.0,481.0
2011.08.09,101160.0,10.0,101235.0,101260.0,101160.0,352.0
2011.08.08,101150.0,65.0,101120.0,101150.0,101120.0,53.0
2011.08.05,101085.0,220.0,100935.0,101085.0,100935.0,71.0
2011.08.04,100865.0,155.0,100775.0,100865.0,100775.0,155.0
2011.08.03,100710.0,155.0,100685.0,100710.0,100685.0,103.0
2011.08.02,100555.0,-25.0,100555.0,100555.0,100555.0,20.0
2011.08.01,100580.0,-50.0,100605.0,100605.0,100580.0,111.0
2011.07.29,100630.0,-35.0,100670.0,100670.0,100630.0,155.0
2011.07.28,100665.0,85.0,100670.0,100670.0,100660.0,152.0
2011.07.27,100580.0,10.0,100565.0,100580.0,100565.0,53.0
2011.07.26,100570.0,-30.0,100600.0,100600.0,100570.0,41.0
2011.07.25,100600.0,-50.0,100640.0,100640.0,100600.0,100.0
2011.07.22,100650.0,-70.0,100620.0,100650.0,100620.0,81.0
2011.07.21,100720.0,30.0,100705.0,100720.0,100705.0,130.0
2011.07.20,100690.0,-40.0,100700.0,100700.0,100680.0,207.0
2011.07.19,100730.0,-10.0,100730.0,100740.0,100730.0,111.0
2011.07.18,100740.0,25.0,100775.0,100775.0,100740.0,22.0
2011.07.15,100715.0,15.0,100705.0,100715.0,100705.0,4.0
2011.07.14,100700.0,25.0,100680.0,100700.0,100680.0,110.0
2011.07.13,100675.0,75.0,100645.0,100675.0,100610.0,164.0
2011.07.12,100600.0,160.0,100490.0,100600.0,100490.0,449.0
2011.07.11,100440.0,75.0,100410.0,100440.0,100405.0,9.0
2011.07.08,100365.0,-50.0,100435.0,100435.0,100365.0,197.0
2011.07.07,100415.0,-30.0,99495.0,100470.0,99495.0,191.0
2011.07.06,100445.0,40.0,100300.0,100445.0,100300.0,6.0
2011.07.05,100405.0,30.0,100390.0,100435.0,100390.0,112.0
2011.07.04,100375.0,0.0,100375.0,100375.0,100375.0,201.0
2011.07.01,100375.0,-15.0,100370.0,100375.0,100370.0,7.0
2011.06.30,100390.0,25.0,100330.0,100390.0,100330.0,202.0
2011.06.29,100365.0,-20.0,100375.0,100375.0,100365.0,31.0
2011.06.28,100385.0,-15.0,100425.0,100425.0,100385.0,190.0
2011.06.27,100400.0,-40.0,100430.0,100430.0,100400.0,97.0
2011.06.24,100440.0,-35.0,100470.0,100470.0,100440.0,27.0
2011.06.23,100475.0,50.0,100475.0,100475.0,100475.0,5.0
2011.06.22,100425.0,25.0,100425.0,100425.0,100425.0,44.0
2011.06.21,100400.0,40.0,100380.0,100400.0,100380.0,104.0
2011.06.20,100360.0,-45.0,100360.0,100360.0,100360.0,100.0
2011.06.17,100405.0,25.0,100425.0,100425.0,100380.0,88.0
2011.06.16,100380.0,95.0,100360.0,100380.0,100360.0,343.0
2011.06.15,100285.0,45.0,100280.0,100320.0,100245.0,117.0
2011.06.14,100240.0,5.0,100275.0,100275.0,100240.0,501.0
2011.06.13,100235.0,-5.0,100235.0,100235.0,100170.0,68.0
2011.06.10,100240.0,-220.0,100340.0,100340.0,100240.0,159.0
2011.06.09,100460.0,95.0,100500.0,100500.0,100440.0,36.0
2011.06.08,100365.0,-20.0,101500.0,101500.0,100365.0,852.0
2011.06.07,101050.0,0.0,101100.0,101140.0,101050.0,139.0
2011.06.03,101050.0,45.0,101015.0,101050.0,101015.0,4.0
2011.06.02,101005.0,165.0,100925.0,101005.0,100925.0,11.0
2011.06.01,100840.0,-110.0,100945.0,100945.0,100820.0,745.0
2011.05.31,100950.0,130.0,100955.0,100960.0,100925.0,59.0
2011.05.30,100820.0,-30.0,101500.0,101500.0,100815.0,26.0
2011.05.27,100850.0,15.0,100845.0,100860.0,100845.0,42.0
2011.05.26,100835.0,110.0,100835.0,100835.0,100835.0,14.0
2011.05.25,100725.0,-5.0,100705.0,100740.0,100705.0,402.0
2011.05.24,100730.0,155.0,100730.0,100730.0,100730.0,24.0
2011.05.23,100575.0,-60.0,100575.0,100575.0,100575.0,59.0
2011.05.20,100635.0,10.0,100635.0,100635.0,100635.0,3.0
2011.05.19,100625.0,50.0,100625.0,100625.0,100625.0,1.0
2011.05.18,100575.0,-55.0,100650.0,100650.0,100575.0,894.0
2011.05.17,100630.0,130.0,100595.0,100630.0,100595.0,6.0
2011.05.16,100500.0,-80.0,100500.0,100500.0,100500.0,5.0
2011.05.13,100580.0,95.0,100460.0,100625.0,100460.0,94.0
2011.05.12,100485.0,200.0,100390.0,100485.0,100390.0,3.0
2011.05.11,100285.0,50.0,100260.0,100285.0,100260.0,21.0
2011.05.09,100235.0,-65.0,100270.0,100280.0,100235.0,33.0
2011.05.06,100300.0,145.0,100250.0,100300.0,100250.0,15.0
2011.05.04,100155.0,-20.0,100205.0,100205.0,100155.0,14.0
2011.05.03,100175.0,35.0,100205.0,100205.0,100175.0,14.0
2011.05.02,100140.0,-20.0,100140.0,100140.0,100140.0,845.0
2011.04.29,100160.0,140.0,100155.0,100170.0,100125.0,81.0
2011.04.28,100020.0,35.0,100015.0,100020.0,100015.0,5.0
2011.04.27,99985.0,-30.0,100010.0,100010.0,99985.0,61.0
2011.04.26,100015.0,55.0,99960.0,100030.0,99960.0,6.0
2011.04.25,99960.0,-100.0,100060.0,100060.0,99960.0,76.0
2011.04.22,100060.0,10.0,100025.0,100060.0,100025.0,17.0
2011.04.21,100050.0,-75.0,100110.0,100110.0,100050.0,237.0
2011.04.20,100125.0,-65.0,100180.0,100180.0,100120.0,329.0
2011.04.19,100190.0,35.0,100135.0,100200.0,100135.0,1995.0
2011.04.18,100155.0,90.0,100155.0,100155.0,100140.0,289.0
2011.04.15,100065.0,10.0,100055.0,100080.0,100055.0,101252.0
