날짜,종가,전일비,시가,고가,저가,거래량
2026.07.16,138025.0,-14975.0,142215.0,143720.0,136640.0,1417378.0
2026.07.15,153000.0,14750.0,149950.0,156500.0,149000.0,1679880.0
2026.07.14,138250.0,2450.0,135570.0,140970.0,127115.0,2956930.0
2026.07.13,135800.0,-22760.0,156230.0,157065.0,135800.0,2147230.0
2026.07.10,158560.0,5525.0,160710.0,161965.0,155000.0,1146300.0
2026.07.09,153035.0,4480.0,156445.0,158470.0,145830.0,1268186.0
2026.07.08,148555.0,-11150.0,151225.0,163095.0,147795.0,2503330.0
2026.07.07,159705.0,-12235.0,167405.0,170785.0,152815.0,1482331.0
2026.07.06,171940.0,-7980.0,179920.0,182500.0,166825.0,1351796.0
2026.07.03,179920.0,9735.0,167960.0,179920.0,157555.0,2839953.0
2026.07.02,170185.0,-20915.0,180000.0,183150.0,167950.0,1996538.0
2026.07.01,191100.0,-2025.0,193950.0,196255.0,183195.0,936229.0
2026.06.30,193125.0,5670.0,187220.0,195985.0,181620.0,962826.0
2026.06.29,187455.0,-2495.0,187565.0,190365.0,180380.0,1315151.0
2026.06.26,189950.0,-12600.0,198715.0,201560.0,181810.0,2808124.0
2026.06.25,202550.0,10030.0,203900.0,205445.0,196925.0,2361061.0
2026.06.24,192520.0,2520.0,190495.0,196390.0,179190.0,3344674.0
2026.06.23,190000.0,-21340.0,210560.0,214365.0,188900.0,3664791.0
2026.06.22,211340.0,6110.0,203100.0,213885.0,202435.0,2103804.0
2026.06.19,205230.0,4910.0,207485.0,213265.0,198100.0,2957949.0
2026.06.18,200320.0,8690.0,192400.0,202280.0,192145.0,3093902.0
2026.06.17,191630.0,4825.0,184515.0,191830.0,184515.0,1136241.0
2026.06.16,186805.0,3885.0,186070.0,187290.0,180200.0,1366623.0
2026.06.15,182920.0,13000.0,180325.0,183300.0,179490.0,1089569.0
2026.06.12,169920.0,4635.0,175925.0,179835.0,169920.0,1097552.0
2026.06.11,165285.0,2630.0,155325.0,165525.0,152105.0,854421.0
2026.06.10,162655.0,-12640.0,167550.0,170750.0,157195.0,1065481.0
2026.06.09,175295.0,18160.0,165495.0,175295.0,157445.0,1720136.0
2026.06.08,157135.0,-15345.0,150950.0,165850.0,150950.0,2075342.0
2026.06.05,172480.0,-12000.0,174280.0,178835.0,167545.0,2531298.0
2026.06.04,184480.0,-4210.0,183920.0,186350.0,180770.0,1883277.0
2026.06.02,188690.0,-5180.0,190620.0,192130.0,179695.0,3346383.0
2026.06.01,193870.0,5930.0,187940.0,195710.0,187000.0,2000418.0
2026.05.29,187940.0,14205.0,178500.0,187940.0,177640.0,2557847.0
2026.05.28,173735.0,3980.0,168800.0,173735.0,162890.0,1376225.0
2026.05.27,169755.0,6225.0,167360.0,175840.0,167245.0,2234176.0
2026.05.26,163530.0,8880.0,158600.0,164470.0,158600.0,1405124.0
2026.05.22,154650.0,2650.0,152715.0,155205.0,150325.0,876430.0
2026.05.21,152000.0,16215.0,141485.0,152250.0,141280.0,1424654.0
2026.05.20,135785.0,-85.0,135780.0,136105.0,130010.0,1927857.0
2026.05.19,135870.0,-6455.0,139315.0,139865.0,132525.0,1087057.0
2026.05.18,142325.0,-2070.0,140900.0,149800.0,132725.0,1969103.0
2026.05.15,144395.0,-5590.0,151700.0,154935.0,139480.0,1698310.0
2026.05.14,149985.0,1180.0,148455.0,151250.0,147600.0,1496941.0
2026.05.13,148805.0,5525.0,137020.0,148805.0,136175.0,1175348.0
2026.05.12,143280.0,-465.0,145385.0,148405.0,134620.0,1644880.0
2026.05.11,143745.0,7755.0,141240.0,145030.0,139100.0,2970144.0
2026.05.08,135990.0,-335.0,131305.0,135990.0,131175.0,2261983.0
2026.05.07,136325.0,2030.0,135140.0,136530.0,129620.0,2247133.0
2026.05.06,134295.0,9960.0,133260.0,134295.0,129590.0,2534890.0
2026.05.04,124335.0,9760.0,117615.0,124335.0,117615.0,2084359.0
2026.04.30,114575.0,-155.0,115770.0,117460.0,114060.0,1265066.0
2026.04.29,114730.0,650.0,112795.0,114935.0,112600.0,852059.0
2026.04.28,114280.0,2860.0,113015.0,115735.0,112820.0,1291778.0
2026.04.27,111420.0,4135.0,108745.0,112375.0,108455.0,801484.0
2026.04.24,107285.0,-300.0,107900.0,108480.0,105355.0,686544.0
2026.04.23,107585.0,-325.0,108155.0,109925.0,104210.0,1050648.0
2026.04.22,107910.0,1575.0,106680.0,107985.0,105455.0,860806.0
2026.04.21,106335.0,4735.0,102145.0,106335.0,102145.0,948300.0
2026.04.20,101600.0,2205.0,99490.0,101610.0,99025.0,809388.0
2026.04.17,99395.0,595.0,98365.0,99490.0,97700.0,707811.0
2026.04.16,98800.0,2450.0,96770.0,98800.0,96015.0,541220.0
2026.04.15,96350.0,3250.0,96820.0,97670.0,95310.0,1092715.0
2026.04.14,93100.0,3585.0,92065.0,94065.0,91650.0,817968.0
2026.04.13,89515.0,445.0,87000.0,89860.0,86985.0,300582.0
2026.04.10,89070.0,1055.0,89245.0,90705.0,89070.0,492277.0
2026.04.09,88015.0,-955.0,88440.0,89135.0,87020.0,218037.0
2026.04.08,88970.0,8225.0,83515.0,89980.0,83515.0,809060.0
2026.04.07,80745.0,835.0,81855.0,82855.0,79580.0,252507.0
2026.04.06,79910.0,1200.0,79270.0,80780.0,78875.0,200152.0
2026.04.03,78710.0,2475.0,78505.0,79315.0,77150.0,265100.0
2026.04.02,76235.0,-3930.0,81050.0,81645.0,74700.0,586243.0
2026.04.01,80165.0,7155.0,78140.0,80590.0,76990.0,409704.0
2026.03.31,73010.0,-4475.0,73895.0,76165.0,72730.0,532618.0
2026.03.30,77485.0,-2655.0,75700.0,77735.0,75055.0,332389.0
2026.03.27,80140.0,-940.0,77950.0,80555.0,76572.0,373197.0
2026.03.26,81080.0,-3920.0,83240.0,83770.0,80605.0,403184.0
2026.03.25,85000.0,920.0,85745.0,87265.0,84470.0,342486.0
2026.03.24,84080.0,3150.0,84925.0,85050.0,80800.0,492170.0
2026.03.23,80930.0,-5875.0,82710.0,82995.0,79805.0,602303.0
2026.03.20,86805.0,-640.0,88000.0,88065.0,86050.0,330018.0
2026.03.19,87445.0,-1685.0,86000.0,88965.0,85860.0,339016.0
2026.03.18,89130.0,5460.0,86015.0,89270.0,85995.0,538037.0
2026.03.17,83670.0,1775.0,84645.0,85265.0,83550.0,401957.0
2026.03.16,81895.0,2385.0,79690.0,81895.0,79250.0,306260.0
2026.03.13,79510.0,-2120.0,77795.0,80450.0,77425.0,388824.0
2026.03.12,81630.0,-880.0,80990.0,82390.0,80385.0,355397.0
2026.03.11,82510.0,695.0,83555.0,85000.0,81330.0,381900.0
2026.03.10,81815.0,5795.0,80940.0,82760.0,79400.0,381312.0
2026.03.09,76020.0,-5980.0,75105.0,76710.0,73050.0,639011.0
2026.03.06,82000.0,-475.0,80375.0,82390.0,78000.0,701681.0
2026.03.05,82475.0,8575.0,83735.0,85505.0,80600.0,972153.0
2026.03.04,73900.0,-9650.0,79100.0,83500.0,72850.0,1675150.0
2026.03.03,83550.0,-10670.0,90500.0,91725.0,83085.0,1336919.0
2026.02.27,94220.0,-815.0,92115.0,95705.0,91885.0,1689889.0
2026.02.26,95035.0,5535.0,90255.0,95035.0,90060.0,1722491.0
2026.02.25,89500.0,2880.0,87625.0,89760.0,86920.0,1424421.0
2026.02.24,86620.0,3720.0,82900.0,86920.0,82370.0,857013.0
2026.02.23,82900.0,1255.0,82765.0,84100.0,81700.0,599838.0
2026.02.20,81645.0,2330.0,79175.0,81645.0,78920.0,689548.0
2026.02.19,79315.0,2450.0,78820.0,79585.0,78490.0,374563.0
2026.02.13,76865.0,-1005.0,77320.0,78280.0,76640.0,403746.0
2026.02.12,77870.0,2610.0,76520.0,77870.0,75795.0,503671.0
2026.02.11,75260.0,765.0,73960.0,75300.0,72800.0,397230.0
2026.02.10,74495.0,-350.0,75495.0,76160.0,74405.0,390285.0
2026.02.09,74845.0,3655.0,74610.0,75500.0,74300.0,342686.0
2026.02.06,71190.0,-1585.0,69900.0,71950.0,68240.0,439654.0
2026.02.05,72775.0,-3530.0,73190.0,74910.0,72105.0,368911.0
2026.02.04,76305.0,1015.0,74275.0,76555.0,73840.0,359714.0
2026.02.03,75290.0,5555.0,72755.0,75290.0,72270.0,448740.0
2026.02.02,69735.0,-5635.0,72935.0,74160.0,69160.0,550649.0
2026.01.30,75370.0,2075.0,72920.0,76265.0,72920.0,434262.0
2026.01.29,73295.0,860.0,73980.0,74335.0,70500.0,266291.0
2026.01.28,72475.0,2475.0,70600.0,72475.0,70600.0,432920.0
2026.01.27,70000.0,2660.0,66940.0,70000.0,66035.0,320208.0
2026.01.26,67340.0,-450.0,67790.0,68070.0,66950.0,190425.0
2026.01.23,67790.0,75.0,68415.0,68800.0,66750.0,349975.0
2026.01.22,67715.0,1805.0,67150.0,68790.0,67105.0,574491.0
2026.01.21,65910.0,230.0,64070.0,66060.0,63690.0,281595.0
2026.01.20,65680.0,-1085.0,66655.0,66890.0,64970.0,339184.0
2026.01.19,66765.0,820.0,65795.0,67020.0,65300.0,434424.0
2026.01.16,65945.0,1155.0,65230.0,66160.0,64705.0,463034.0
2026.01.15,64790.0,710.0,63525.0,64790.0,63120.0,263996.0
2026.01.14,64080.0,335.0,63630.0,64310.0,62995.0,276476.0
2026.01.13,63745.0,700.0,63635.0,63745.0,62685.0,195071.0
2026.01.12,63045.0,405.0,63110.0,63455.0,61905.0,329313.0
2026.01.09,62640.0,-625.0,62635.0,63120.0,61450.0,382379.0
2026.01.08,63265.0,280.0,62190.0,64985.0,62190.0,339809.0
2026.01.07,62985.0,265.0,63825.0,64390.0,61985.0,525679.0
2026.01.06,62720.0,1270.0,61055.0,62720.0,60035.0,397139.0
2026.01.05,61450.0,2435.0,60380.0,61450.0,60005.0,530029.0
2026.01.02,59015.0,2475.0,56665.0,59015.0,56475.0,682051.0
2025.12.30,56540.0,610.0,55875.0,56695.0,55750.0,578240.0
2025.12.29,55930.0,1640.0,55250.0,55930.0,55240.0,345857.0
2025.12.26,54290.0,1030.0,53910.0,54855.0,53910.0,324604.0
2025.12.24,53260.0,250.0,53260.0,53745.0,53165.0,88620.0
2025.12.23,53010.0,10.0,53270.0,53790.0,53010.0,160268.0
2025.12.22,53000.0,1560.0,52560.0,53220.0,52435.0,147112.0
2025.12.19,51440.0,75.0,52555.0,52555.0,51170.0,180272.0
2025.12.18,51365.0,-695.0,50890.0,51780.0,50695.0,94793.0
2025.12.17,52060.0,1160.0,51155.0,52080.0,50710.0,122418.0
2025.12.16,50900.0,-1530.0,52075.0,52300.0,50820.0,180967.0
2025.12.15,52430.0,-1290.0,51550.0,52805.0,51550.0,259498.0
2025.12.12,53720.0,-15.0,53745.0,54170.0,53400.0,202783.0
2025.12.11,53735.0,-920.0,55065.0,55200.0,53735.0,286024.0
2025.12.10,54655.0,490.0,54715.0,55505.0,54435.0,361589.0
2025.12.09,54165.0,-365.0,54390.0,54715.0,54010.0,209962.0
2025.12.08,54530.0,1415.0,53100.0,54530.0,52590.0,356272.0
2025.12.05,53115.0,350.0,52100.0,53115.0,51850.0,110674.0
2025.12.04,52765.0,385.0,51965.0,52765.0,51415.0,87496.0
2025.12.03,52380.0,290.0,52130.0,53060.0,51645.0,215018.0
2025.12.02,52090.0,1145.0,51585.0,52190.0,51365.0,151472.0
2025.12.01,50945.0,185.0,51690.0,51775.0,50300.0,111389.0
2025.11.28,50760.0,-740.0,51960.0,51960.0,50555.0,163876.0
2025.11.27,51500.0,655.0,51310.0,52195.0,51100.0,183519.0
2025.11.26,50845.0,1175.0,49870.0,50875.0,49170.0,137617.0
2025.11.25,49670.0,1005.0,50500.0,50930.0,49190.0,165953.0
2025.11.24,48665.0,270.0,49490.0,49775.0,48270.0,181859.0
2025.11.21,48395.0,-3000.0,48100.0,48980.0,47740.0,267449.0
2025.11.20,51395.0,1120.0,52145.0,52640.0,51340.0,234878.0
2025.11.19,50275.0,-220.0,50380.0,50680.0,48655.0,257893.0
2025.11.18,50495.0,-2580.0,51960.0,52260.0,50320.0,275649.0
2025.11.17,53075.0,1925.0,52660.0,53100.0,52000.0,248488.0
2025.11.14,51150.0,-3685.0,52200.0,52475.0,51125.0,486694.0
2025.11.13,54835.0,140.0,54390.0,54835.0,53835.0,391750.0
2025.11.12,54695.0,445.0,54015.0,54760.0,53500.0,355462.0
2025.11.11,54250.0,1485.0,54235.0,55650.0,53345.0,665715.0
2025.11.10,52765.0,1375.0,51575.0,53435.0,51260.0,260775.0
2025.11.07,51390.0,-1075.0,51200.0,52535.0,50100.0,472454.0
2025.11.06,52465.0,805.0,52915.0,53180.0,51200.0,569978.0
2025.11.05,51660.0,-1720.0,51755.0,52200.0,48675.0,783377.0
2025.11.04,53380.0,-1490.0,54810.0,55170.0,53150.0,709135.0
2025.11.03,54870.0,2615.0,52185.0,54870.0,51840.0,647899.0
2025.10.31,52255.0,-5.0,51555.0,52415.0,51370.0,423603.0
2025.10.30,52260.0,310.0,51935.0,52940.0,51380.0,612778.0
2025.10.29,52035.0,1610.0,50920.0,52035.0,50280.0,382396.0
2025.10.28,50425.0,-520.0,50240.0,50640.0,49360.0,355351.0
2025.10.27,50945.0,1585.0,50585.0,51000.0,50070.0,388188.0
2025.10.24,49360.0,2060.0,48135.0,49400.0,47880.0,391754.0
2025.10.23,47300.0,-390.0,46745.0,48000.0,46355.0,208411.0
2025.10.22,47690.0,490.0,47160.0,47690.0,46400.0,255181.0
2025.10.21,47200.0,-540.0,48325.0,48650.0,47050.0,525089.0
2025.10.20,47740.0,1390.0,46880.0,47740.0,45970.0,417474.0
2025.10.17,46350.0,860.0,45255.0,46945.0,45060.0,547756.0
2025.10.16,45490.0,1605.0,43770.0,45510.0,43680.0,681924.0
2025.10.15,43885.0,1205.0,42980.0,43885.0,42680.0,311288.0
2025.10.14,42680.0,-375.0,43710.0,44235.0,42055.0,691366.0
2025.10.13,43055.0,-365.0,41950.0,43080.0,41795.0,321871.0
2025.10.10,43420.0,2150.0,42325.0,43785.0,42300.0,2696288.0
2025.10.02,41270.0,2450.0,39880.0,41925.0,38820.0,4607113.0
2025.10.01,38820.0,330.0,38585.0,39010.0,38585.0,94359.0
2025.09.30,38490.0,95.0,38465.0,38750.0,38335.0,101802.0
2025.09.29,38395.0,670.0,38165.0,38630.0,38130.0,117825.0
2025.09.26,37725.0,-1585.0,38655.0,38655.0,37450.0,252300.0
2025.09.25,39310.0,-240.0,38955.0,39480.0,38790.0,180158.0
2025.09.24,39550.0,-65.0,39615.0,39710.0,38745.0,153108.0
2025.09.23,39615.0,300.0,39460.0,39775.0,39205.0,637409.0
2025.09.22,39315.0,620.0,38700.0,39435.0,38700.0,770303.0
2025.09.19,38695.0,-25.0,38700.0,38795.0,38315.0,298737.0
2025.09.18,38720.0,1270.0,37825.0,38720.0,37485.0,487186.0
2025.09.17,37450.0,-525.0,37705.0,37725.0,37265.0,166697.0
2025.09.16,37975.0,860.0,37205.0,38175.0,37115.0,189339.0
2025.09.15,37115.0,245.0,37090.0,37415.0,36625.0,194443.0
2025.09.12,36870.0,1565.0,35940.0,36870.0,35940.0,296501.0
2025.09.11,35305.0,465.0,35005.0,35525.0,34935.0,216639.0
2025.09.10,34840.0,935.0,34015.0,34840.0,34005.0,297356.0
2025.09.09,33905.0,705.0,33210.0,33980.0,33210.0,94678.0
2025.09.08,33200.0,295.0,33010.0,33200.0,32980.0,26000.0
2025.09.05,32905.0,200.0,33245.0,33245.0,32905.0,43770.0
2025.09.04,32705.0,225.0,32560.0,32855.0,32560.0,38419.0
2025.09.03,32480.0,390.0,32000.0,32480.0,31960.0,38993.0
2025.09.02,32090.0,460.0,31920.0,32125.0,31820.0,30132.0
2025.09.01,31630.0,-1035.0,31835.0,32205.0,31600.0,30627.0
2025.08.29,32665.0,-75.0,32880.0,33040.0,32530.0,33351.0
2025.08.28,32740.0,340.0,32250.0,32960.0,32090.0,28147.0
2025.08.27,32400.0,-65.0,32460.0,32460.0,32150.0,23284.0
2025.08.26,32465.0,-225.0,32540.0,32640.0,32335.0,21363.0
2025.08.25,32690.0,925.0,32350.0,32690.0,32100.0,46355.0
2025.08.22,31765.0,165.0,31855.0,32025.0,31670.0,20515.0
2025.08.21,31600.0,-530.0,32030.0,32035.0,31600.0,49366.0
2025.08.20,32130.0,-435.0,32030.0,32235.0,31330.0,61603.0
2025.08.19,32565.0,25.0,32595.0,32755.0,32307.0,64469.0
2025.08.18,32540.0,-860.0,33095.0,33095.0,32475.0,67292.0
2025.08.14,33400.0,-50.0,33675.0,33675.0,33100.0,31324.0
2025.08.13,33450.0,755.0,33330.0,33505.0,32940.0,96926.0
2025.08.12,32695.0,-150.0,32755.0,33310.0,32695.0,58151.0
2025.08.11,32845.0,435.0,32660.0,33050.0,32660.0,38142.0
2025.08.08,32410.0,-30.0,32440.0,32750.0,32305.0,46710.0
2025.08.07,32440.0,240.0,32470.0,32475.0,31975.0,35101.0
2025.08.06,32200.0,-335.0,32235.0,32325.0,32005.0,28330.0
2025.08.05,32535.0,820.0,32135.0,32690.0,32135.0,36279.0
2025.08.04,31715.0,315.0,31390.0,31755.0,31200.0,32793.0
2025.08.01,31400.0,-1420.0,32420.0,32420.0,31305.0,49668.0
2025.07.31,32820.0,-25.0,33095.0,33270.0,32705.0,41645.0
2025.07.30,32845.0,770.0,32075.0,33000.0,32060.0,75058.0
2025.07.29,32125.0,65.0,31955.0,32140.0,31450.0,18983.0
2025.07.28,32060.0,355.0,31765.0,32070.0,31665.0,38157.0
2025.07.25,31705.0,-60.0,31790.0,31930.0,31660.0,24685.0
2025.07.24,31765.0,-335.0,32480.0,32555.0,31710.0,38304.0
2025.07.23,32100.0,110.0,31990.0,32100.0,31490.0,22278.0
2025.07.22,31990.0,-635.0,32440.0,32665.0,31820.0,51319.0
2025.07.21,32625.0,205.0,32355.0,32625.0,32335.0,37096.0
2025.07.18,32420.0,210.0,32210.0,32565.0,32100.0,29889.0
2025.07.17,32210.0,-915.0,32975.0,32975.0,31935.0,78555.0
2025.07.16,33125.0,-50.0,33215.0,33230.0,32750.0,43320.0
2025.07.15,33175.0,30.0,33015.0,33175.0,32655.0,35225.0
2025.07.14,33145.0,180.0,32965.0,33340.0,32885.0,57422.0
2025.07.11,32965.0,45.0,32890.0,33665.0,32810.0,100250.0
2025.07.10,32920.0,840.0,32210.0,32920.0,32135.0,61503.0
2025.07.09,32080.0,-15.0,32115.0,32160.0,31605.0,47835.0
2025.07.08,32095.0,585.0,31410.0,32115.0,31410.0,47663.0
2025.07.07,31510.0,-490.0,31710.0,31790.0,31360.0,57151.0
2025.07.04,32000.0,-770.0,32785.0,32785.0,31815.0,74794.0
2025.07.03,32770.0,545.0,32295.0,32770.0,32250.0,68754.0
2025.07.02,32225.0,-410.0,32340.0,32340.0,31705.0,63325.0
2025.07.01,32635.0,115.0,32605.0,33360.0,32575.0,78463.0
2025.06.30,32520.0,235.0,32290.0,32790.0,32290.0,74255.0
2025.06.27,32285.0,-660.0,32905.0,32905.0,32035.0,88198.0
2025.06.26,32945.0,-190.0,33255.0,33525.0,32580.0,110498.0
2025.06.25,33135.0,460.0,33250.0,33505.0,32805.0,168200.0
2025.06.24,32675.0,1775.0,31815.0,32675.0,31505.0,129792.0
2025.06.23,30900.0,140.0,30395.0,31060.0,29825.0,116305.0
2025.06.20,30760.0,835.0,30125.0,30760.0,29860.0,78325.0
2025.06.19,29925.0,-30.0,30160.0,30225.0,29695.0,47817.0
2025.06.18,29955.0,150.0,29475.0,29955.0,29470.0,32906.0
2025.06.17,29805.0,170.0,29685.0,30370.0,29415.0,115472.0
2025.06.16,29635.0,975.0,28715.0,29635.0,28520.0,60224.0
2025.06.13,28660.0,-665.0,29325.0,29330.0,28605.0,69552.0
2025.06.12,29325.0,140.0,29260.0,29530.0,29130.0,53921.0
2025.06.11,29185.0,645.0,28795.0,29255.0,28795.0,48544.0
2025.06.10,28540.0,55.0,28485.0,28675.0,28215.0,51119.0
2025.06.09,28485.0,270.0,28795.0,28860.0,28400.0,63569.0
2025.06.05,28215.0,600.0,28035.0,28665.0,27730.0,62213.0
2025.06.04,27615.0,990.0,27165.0,27830.0,27165.0,109447.0
2025.06.02,26625.0,70.0,26555.0,26800.0,26520.0,14519.0
2025.05.30,26555.0,-430.0,26950.0,26965.0,26510.0,13519.0
2025.05.29,26985.0,420.0,27010.0,27150.0,26745.0,88500.0
2025.05.28,26565.0,905.0,25920.0,26660.0,25750.0,33899.0
2025.05.27,25660.0,-290.0,25790.0,25860.0,25505.0,31078.0
2025.05.26,25950.0,525.0,25490.0,25950.0,25390.0,189461.0
2025.05.23,25425.0,-35.0,25705.0,25730.0,25410.0,6755.0
2025.05.22,25460.0,-525.0,25815.0,25870.0,25395.0,7707.0
2025.05.21,25985.0,95.0,26050.0,26180.0,25880.0,180098.0
2025.05.20,25890.0,-40.0,26305.0,26370.0,25855.0,11506.0
2025.05.19,25930.0,-390.0,26240.0,26240.0,25865.0,48312.0
2025.05.16,26320.0,85.0,26375.0,26515.0,26195.0,164675.0
2025.05.15,26235.0,-435.0,26670.0,26805.0,26180.0,13937.0
2025.05.14,26670.0,450.0,26535.0,26800.0,26445.0,44523.0
2025.05.13,26220.0,25.0,26280.0,26555.0,26150.0,181098.0
2025.05.12,26195.0,915.0,25505.0,26195.0,25505.0,25421.0
2025.05.09,25280.0,-20.0,25460.0,25460.0,25150.0,14405.0
2025.05.08,25300.0,20.0,25380.0,25625.0,25300.0,165522.0
2025.05.07,25280.0,195.0,25280.0,25405.0,25140.0,42357.0
2025.05.02,25085.0,225.0,25000.0,25145.0,24755.0,330414.0
2025.04.30,24860.0,-335.0,25190.0,25190.0,24770.0,171740.0
2025.04.29,25195.0,25.0,25245.0,25425.0,25090.0,10130.0
2025.04.28,25430.0,-180.0,25610.0,25720.0,25385.0,351266.0
2025.04.25,25610.0,345.0,25760.0,25760.0,25550.0,173575.0
2025.04.24,25265.0,-285.0,25550.0,25555.0,25185.0,31113.0
2025.04.23,25550.0,975.0,25065.0,25570.0,25050.0,20010.0
2025.04.22,24575.0,-350.0,24670.0,24770.0,24535.0,178496.0
2025.04.21,24925.0,145.0,24695.0,25085.0,24670.0,10681.0
2025.04.18,24780.0,50.0,24750.0,24805.0,24525.0,2346.0
2025.04.17,24730.0,285.0,24395.0,24730.0,24355.0,13622.0
2025.04.16,24445.0,-705.0,25025.0,25025.0,24395.0,10888.0
2025.04.15,25150.0,230.0,25060.0,25195.0,24975.0,17895.0
2025.04.14,24920.0,220.0,24960.0,25290.0,24780.0,42282.0
2025.04.11,24700.0,-255.0,24445.0,24785.0,24255.0,21815.0
2025.04.10,24955.0,1860.0,25225.0,25225.0,24300.0,76299.0
2025.04.09,23095.0,-575.0,23570.0,23760.0,22925.0,20291.0
2025.04.08,23670.0,25.0,24395.0,24395.0,23565.0,33416.0
2025.04.07,23645.0,-1680.0,24360.0,24375.0,23645.0,43576.0
2025.04.04,25325.0,-510.0,25270.0,25875.0,24955.0,76030.0
2025.04.03,25835.0,-745.0,25665.0,25905.0,25510.0,71416.0
2025.04.02,26580.0,-185.0,26765.0,26885.0,26445.0,22999.0
2025.04.01,26765.0,420.0,26625.0,26805.0,26355.0,37172.0
2025.03.31,26345.0,-1130.0,26930.0,26945.0,26280.0,34155.0
2025.03.28,27475.0,-530.0,27940.0,27940.0,27325.0,57827.0
2025.03.27,28005.0,-590.0,28190.0,28380.0,27985.0,22023.0
2025.03.26,28595.0,600.0,28025.0,28685.0,28025.0,31481.0
2025.03.25,27995.0,-170.0,28385.0,28460.0,27990.0,32701.0
2025.03.24,28165.0,-475.0,28445.0,28450.0,28165.0,27908.0
2025.03.21,28640.0,410.0,28235.0,28685.0,28235.0,46127.0
2025.03.20,28230.0,660.0,27715.0,28275.0,27715.0,24806.0
2025.03.19,27570.0,325.0,27420.0,27830.0,27420.0,34017.0
2025.03.18,27245.0,-275.0,27770.0,27770.0,27205.0,58821.0
2025.03.17,27520.0,570.0,27345.0,27545.0,27305.0,47893.0
2025.03.14,26950.0,5.0,27015.0,27190.0,26815.0,31348.0
2025.03.13,26945.0,-255.0,27390.0,27555.0,26765.0,52915.0
2025.03.12,27200.0,710.0,26705.0,27250.0,26665.0,96113.0
2025.03.11,26490.0,-20.0,25810.0,26635.0,25800.0,42765.0
2025.03.10,26510.0,-265.0,26570.0,26770.0,26445.0,17991.0
2025.03.07,26775.0,-70.0,26575.0,26805.0,26365.0,8705.0
2025.03.06,26845.0,75.0,26800.0,27035.0,26655.0,14318.0
2025.03.05,26770.0,340.0,26715.0,26905.0,26430.0,10202.0
2025.03.04,26430.0,-490.0,26560.0,26675.0,26335.0,41815.0
2025.02.28,26920.0,-1270.0,27455.0,27515.0,26830.0,19481.0
2025.02.27,28190.0,-85.0,28445.0,28485.0,28000.0,16287.0
2025.02.26,28275.0,135.0,28085.0,28310.0,27945.0,23300.0
2025.02.25,28140.0,-440.0,28200.0,28325.0,28120.0,13360.0
2025.02.24,28580.0,-235.0,28350.0,28600.0,28300.0,28789.0
2025.02.21,28815.0,-15.0,28805.0,28815.0,28455.0,25686.0
2025.02.20,28830.0,-260.0,29115.0,29140.0,28700.0,66346.0
2025.02.19,29090.0,995.0,28305.0,29225.0,28305.0,39168.0
2025.02.18,28095.0,-205.0,28300.0,28300.0,27850.0,11815.0
2025.02.17,28300.0,155.0,28260.0,28430.0,28140.0,36201.0
2025.02.14,28145.0,245.0,27900.0,28210.0,27830.0,37660.0
2025.02.13,27900.0,600.0,27300.0,27900.0,27290.0,27978.0
2025.02.12,27300.0,-70.0,27270.0,27380.0,27110.0,16374.0
2025.02.11,27370.0,125.0,27365.0,27545.0,27185.0,24508.0
2025.02.10,27245.0,-40.0,27020.0,27345.0,26775.0,25309.0
2025.02.07,27285.0,-365.0,27605.0,27605.0,27240.0,33737.0
2025.02.06,27650.0,620.0,27210.0,27650.0,27170.0,33165.0
2025.02.05,27030.0,585.0,26680.0,27120.0,26680.0,15956.0
2025.02.04,26445.0,190.0,26480.0,26920.0,26365.0,25944.0
2025.02.03,26255.0,-1110.0,26610.0,26610.0,26020.0,55141.0
2025.01.31,27365.0,-1015.0,29090.0,29090.0,26860.0,46401.0
2025.01.24,28380.0,-40.0,28425.0,28665.0,28185.0,26941.0
2025.01.23,28460.0,-600.0,28945.0,28945.0,28390.0,23378.0
2025.01.22,29060.0,765.0,28295.0,29130.0,28235.0,45200.0
2025.01.21,28295.0,15.0,28330.0,28680.0,27950.0,26001.0
2025.01.20,28280.0,25.0,28475.0,28475.0,28025.0,27678.0
2025.01.17,28255.0,245.0,27935.0,28280.0,27930.0,39231.0
2025.01.16,28010.0,685.0,27810.0,28155.0,27810.0,60339.0
2025.01.15,27325.0,-10.0,27540.0,27790.0,27300.0,13755.0
2025.01.14,27335.0,5.0,27380.0,27575.0,27215.0,11456.0
2025.01.13,27330.0,-810.0,27985.0,27990.0,27330.0,26280.0
2025.01.10,28140.0,-245.0,28435.0,28680.0,28140.0,22747.0
2025.01.09,28385.0,30.0,28555.0,28685.0,28315.0,25513.0
2025.01.08,28355.0,510.0,27650.0,28475.0,27545.0,34981.0
2025.01.07,27845.0,-285.0,28735.0,28735.0,27845.0,29420.0
2025.01.06,28130.0,1195.0,26995.0,28140.0,26995.0,96832.0
2025.01.03,26935.0,955.0,26035.0,27150.0,25820.0,20933.0
2025.01.02,25980.0,-275.0,26115.0,26125.0,25700.0,75062.0
2024.12.30,26255.0,-115.0,26370.0,26545.0,26255.0,8563.0
2024.12.27,26370.0,165.0,26230.0,26540.0,26175.0,22355.0
2024.12.26,26205.0,-280.0,26590.0,26590.0,26205.0,52035.0
2024.12.24,26485.0,-55.0,26575.0,26790.0,26465.0,13081.0
2024.12.23,26540.0,380.0,26185.0,26780.0,26185.0,43099.0
2024.12.20,26160.0,-485.0,26475.0,26475.0,25955.0,11772.0
2024.12.19,26645.0,-905.0,26660.0,26845.0,26570.0,21754.0
2024.12.18,27550.0,520.0,27190.0,27585.0,27180.0,94880.0
2024.12.17,27030.0,-375.0,27405.0,27420.0,26990.0,38657.0
2024.12.16,27405.0,70.0,27565.0,27665.0,27280.0,36126.0
2024.12.13,27335.0,340.0,27115.0,27350.0,26950.0,20983.0
2024.12.12,26995.0,525.0,26555.0,27120.0,26555.0,26221.0
2024.12.11,26470.0,405.0,25705.0,26470.0,25705.0,32370.0
2024.12.10,26065.0,615.0,25750.0,26075.0,25750.0,22251.0
2024.12.09,25450.0,-475.0,25540.0,25960.0,25410.0,58740.0
2024.12.06,25925.0,-300.0,26225.0,26395.0,25480.0,29149.0
2024.12.05,26225.0,240.0,26165.0,26455.0,26100.0,21684.0
2024.12.04,25985.0,-180.0,25670.0,26015.0,25515.0,7037.0
2024.12.03,26165.0,350.0,25930.0,26260.0,25930.0,40958.0
2024.12.02,25815.0,-65.0,26145.0,26190.0,25700.0,27052.0
2024.11.29,25880.0,-710.0,26475.0,26475.0,25755.0,11541.0
2024.11.28,26590.0,-455.0,26855.0,26855.0,26570.0,21945.0
2024.11.27,27045.0,-950.0,27920.0,27920.0,26980.0,20378.0
2024.11.26,27995.0,25.0,27820.0,28100.0,27810.0,7403.0
2024.11.25,27970.0,475.0,27795.0,28170.0,27675.0,237999.0
2024.11.22,27495.0,490.0,27050.0,27695.0,27050.0,229465.0
2024.11.21,27005.0,125.0,26785.0,27170.0,26765.0,7178.0
2024.11.20,26880.0,-5.0,27050.0,27125.0,26855.0,228046.0
2024.11.19,26885.0,-90.0,26945.0,27025.0,26770.0,14535.0
2024.11.18,26975.0,540.0,26705.0,27275.0,26700.0,11231.0
2024.11.15,26435.0,160.0,26045.0,26760.0,26045.0,52282.0
2024.11.14,26275.0,-465.0,27020.0,27090.0,26270.0,17824.0
2024.11.13,26740.0,-680.0,27325.0,27510.0,26705.0,84170.0
2024.11.12,27420.0,-815.0,28135.0,28135.0,27420.0,58960.0
2024.11.11,28235.0,-865.0,29050.0,29050.0,28220.0,14405.0
2024.11.08,29100.0,45.0,29245.0,29565.0,29055.0,19846.0
2024.11.07,29055.0,-95.0,29145.0,29370.0,28805.0,18312.0
2024.11.06,29150.0,-255.0,29835.0,29835.0,28990.0,17443.0
2024.11.05,29405.0,-525.0,29685.0,29780.0,29390.0,31894.0
2024.11.04,29930.0,765.0,29245.0,29930.0,29145.0,32685.0
2024.11.01,29165.0,-170.0,29060.0,29285.0,28955.0,20795.0
2024.10.31,29335.0,-845.0,29700.0,29860.0,29335.0,20044.0
2024.10.30,30180.0,190.0,30080.0,30215.0,29820.0,12124.0
2024.10.29,30040.0,-280.0,30355.0,30355.0,29835.0,30679.0
2024.10.28,30320.0,460.0,29860.0,30350.0,29860.0,8159.0
2024.10.25,29860.0,-95.0,30330.0,30330.0,29700.0,10776.0
2024.10.24,29955.0,-625.0,30440.0,30440.0,29955.0,59432.0
2024.10.23,30580.0,870.0,29710.0,30665.0,29710.0,39083.0
2024.10.22,29710.0,-605.0,30415.0,30415.0,29695.0,27562.0
2024.10.21,30315.0,145.0,30195.0,30495.0,30175.0,33140.0
2024.10.18,30170.0,-605.0,30795.0,30795.0,30030.0,6374.0
2024.10.17,30775.0,435.0,30500.0,30775.0,30445.0,13823.0
2024.10.16,30340.0,-730.0,30460.0,30710.0,30235.0,7578.0
2024.10.15,31070.0,0.0,31390.0,31390.0,30875.0,21815.0
2024.10.14,31070.0,175.0,30845.0,31205.0,30790.0,18598.0
2024.10.11,30895.0,95.0,31245.0,31310.0,30795.0,19934.0
2024.10.10,30800.0,230.0,30765.0,31080.0,30745.0,15048.0
2024.10.08,30570.0,-585.0,30895.0,31000.0,30500.0,14849.0
2024.10.07,31155.0,600.0,30610.0,31155.0,30460.0,10308.0
2024.10.04,30555.0,115.0,30440.0,30885.0,30440.0,10268.0
2024.10.02,30440.0,-560.0,30725.0,30960.0,30380.0,10464.0
2024.09.30,31000.0,-1130.0,32130.0,32195.0,31000.0,51425.0
2024.09.27,32130.0,-130.0,32440.0,32630.0,32130.0,30855.0
2024.09.26,32260.0,1545.0,31545.0,32260.0,31545.0,39635.0
2024.09.25,30715.0,-620.0,31500.0,31715.0,30715.0,9900.0
2024.09.24,31335.0,450.0,31035.0,31335.0,30680.0,16208.0
2024.09.23,30885.0,305.0,30675.0,30940.0,30405.0,14430.0
2024.09.20,30580.0,435.0,30700.0,30810.0,30420.0,24234.0
2024.09.19,30145.0,-400.0,30370.0,30415.0,29385.0,16148.0
2024.09.13,30545.0,-260.0,30755.0,30755.0,30385.0,33209.0
2024.09.12,30805.0,865.0,30540.0,30805.0,30390.0,34344.0
2024.09.11,29940.0,405.0,29580.0,29940.0,29425.0,12815.0
2024.09.10,29535.0,-445.0,30080.0,30080.0,29515.0,9689.0
2024.09.09,29980.0,55.0,29285.0,30020.0,29150.0,15170.0
2024.09.06,29925.0,-805.0,30730.0,30730.0,29850.0,43654.0
2024.09.05,30730.0,230.0,30725.0,31260.0,30530.0,14997.0
2024.09.04,30500.0,-1370.0,30430.0,30910.0,30430.0,56272.0
2024.09.03,31870.0,-285.0,32320.0,32325.0,31870.0,18667.0
2024.09.02,32155.0,355.0,31845.0,32285.0,31630.0,17180.0
2024.08.30,31800.0,285.0,31790.0,31980.0,31560.0,22257.0
2024.08.29,31515.0,-580.0,31200.0,31590.0,31055.0,17548.0
2024.08.28,32095.0,285.0,31980.0,32130.0,31700.0,20176.0
2024.08.27,31810.0,-125.0,31820.0,32170.0,31650.0,11327.0
2024.08.26,31935.0,-310.0,32440.0,32500.0,31820.0,12297.0
2024.08.23,32245.0,-585.0,32300.0,32555.0,32175.0,39992.0
2024.08.22,32830.0,240.0,32675.0,32880.0,32565.0,8548.0
2024.08.21,32590.0,-275.0,32485.0,32730.0,32345.0,43128.0
2024.08.20,32865.0,390.0,32970.0,32970.0,32660.0,15494.0
2024.08.19,32475.0,-640.0,33145.0,33200.0,32345.0,17210.0
2024.08.16,33115.0,1095.0,32880.0,33115.0,32860.0,27618.0
2024.08.14,32020.0,545.0,32130.0,32140.0,31870.0,15371.0
2024.08.13,31475.0,140.0,31305.0,31575.0,31160.0,86893.0
2024.08.12,31335.0,690.0,30965.0,31450.0,30950.0,14786.0
2024.08.09,30645.0,615.0,31045.0,31045.0,30345.0,28439.0
2024.08.08,30030.0,-785.0,30075.0,30435.0,29870.0,23967.0
2024.08.07,30815.0,770.0,29785.0,31055.0,29560.0,48727.0
2024.08.06,30045.0,1170.0,30325.0,30705.0,29595.0,81380.0
2024.08.05,28875.0,-3290.0,31325.0,31325.0,28430.0,163199.0
2024.08.02,32165.0,-1785.0,32795.0,32985.0,32065.0,26287.0
2024.08.01,33950.0,40.0,34355.0,34500.0,33800.0,41289.0
2024.07.31,33910.0,600.0,33165.0,33910.0,33025.0,33552.0
2024.07.30,33310.0,-575.0,33555.0,33660.0,33160.0,21311.0
2024.07.29,33930.0,-30.0,34215.0,34215.0,33800.0,25728.0
2024.07.26,33960.0,45.0,33840.0,34150.0,33630.0,34004.0
2024.07.25,33915.0,-1035.0,34145.0,34220.0,33755.0,71514.0
2024.07.24,34950.0,-160.0,34790.0,35320.0,34500.0,37082.0
2024.07.23,35110.0,-30.0,35645.0,35645.0,34840.0,91401.0
2024.07.22,35140.0,-860.0,36000.0,36000.0,34980.0,70997.0
2024.07.19,36000.0,-270.0,36080.0,36275.0,35765.0,34905.0
2024.07.18,36270.0,-755.0,35970.0,36440.0,35950.0,91936.0
2024.07.17,37025.0,-920.0,37750.0,37790.0,36970.0,43033.0
2024.07.16,37945.0,320.0,37595.0,37970.0,37325.0,78286.0
2024.07.15,37625.0,-15.0,37790.0,37830.0,37435.0,30780.0
2024.07.12,37640.0,-805.0,37800.0,37820.0,37380.0,51001.0
2024.07.11,38445.0,330.0,38265.0,38640.0,38265.0,234039.0
2024.07.10,38115.0,5.0,38075.0,38115.0,37800.0,74961.0
2024.07.09,38110.0,340.0,38075.0,38225.0,37930.0,64396.0
2024.07.08,37770.0,-330.0,38100.0,38200.0,37770.0,118434.0
2024.07.05,38100.0,980.0,37315.0,38220.0,37315.0,440337.0
2024.07.04,37120.0,230.0,37205.0,37310.0,36645.0,58896.0
2024.07.03,36890.0,460.0,36670.0,36905.0,36150.0,35260.0
2024.07.02,36430.0,-565.0,36980.0,37115.0,36380.0,54317.0
2024.07.01,36995.0,105.0,36745.0,37035.0,36710.0,47362.0
2024.06.28,36890.0,140.0,36750.0,36890.0,36585.0,32456.0
2024.06.27,36750.0,-340.0,36560.0,36825.0,36510.0,40735.0
2024.06.26,37090.0,820.0,36310.0,37090.0,36310.0,62639.0
2024.06.25,36270.0,5.0,35810.0,36370.0,35810.0,49257.0
2024.06.24,36265.0,-660.0,36680.0,36680.0,36100.0,80371.0
2024.06.21,36925.0,-340.0,36750.0,37015.0,36750.0,79544.0
2024.06.20,37265.0,90.0,36930.0,37305.0,36930.0,127191.0
2024.06.19,37175.0,710.0,36640.0,37265.0,36640.0,240402.0
2024.06.18,36465.0,595.0,36055.0,36480.0,36055.0,91053.0
2024.06.17,35870.0,-120.0,35890.0,36200.0,35665.0,39642.0
2024.06.14,35990.0,-35.0,36225.0,36370.0,35780.0,74630.0
2024.06.13,36025.0,280.0,36160.0,36570.0,35750.0,309029.0
2024.06.12,35745.0,565.0,35380.0,35855.0,35380.0,90755.0
2024.06.11,35180.0,-60.0,35265.0,35370.0,34910.0,88421.0
2024.06.10,35240.0,-165.0,35280.0,35470.0,35065.0,99505.0
2024.06.07,35405.0,1040.0,34745.0,35410.0,34745.0,64932.0
2024.06.05,34365.0,410.0,34015.0,34485.0,34015.0,65691.0
2024.06.04,33955.0,-370.0,34325.0,34385.0,33905.0,88738.0
2024.06.03,34325.0,565.0,33820.0,34420.0,33820.0,36079.0
2024.05.31,33760.0,-435.0,34275.0,34350.0,33760.0,49130.0
2024.05.30,34195.0,-805.0,34855.0,34855.0,34195.0,34358.0
2024.05.29,35000.0,-435.0,35730.0,35750.0,34985.0,102180.0
2024.05.28,35435.0,215.0,35120.0,35565.0,35080.0,115240.0
2024.05.27,35220.0,585.0,34905.0,35270.0,34755.0,76425.0
2024.05.24,34635.0,-465.0,34830.0,34890.0,34580.0,60369.0
2024.05.23,35100.0,125.0,35190.0,35430.0,34900.0,107661.0
2024.05.22,34975.0,140.0,34845.0,35055.0,34670.0,41347.0
2024.05.21,34835.0,45.0,34945.0,34945.0,34665.0,22481.0
2024.05.20,34790.0,65.0,35000.0,35065.0,34630.0,31686.0
2024.05.17,34725.0,-495.0,35195.0,35300.0,34705.0,69608.0
2024.05.16,35220.0,495.0,35220.0,35450.0,35160.0,116457.0
2024.05.14,34725.0,175.0,34610.0,34760.0,34405.0,58513.0
2024.05.13,34550.0,155.0,34400.0,34550.0,34245.0,33390.0
2024.05.10,34395.0,425.0,34375.0,34485.0,34165.0,57657.0
2024.05.09,33970.0,-545.0,34515.0,34515.0,33970.0,24733.0
2024.05.08,34515.0,45.0,34405.0,34570.0,34240.0,22358.0
2024.05.07,34470.0,855.0,34455.0,34540.0,34310.0,52592.0
2024.05.03,33615.0,-105.0,34040.0,34050.0,33615.0,21570.0
2024.05.02,33720.0,-80.0,33460.0,33835.0,33305.0,18956.0
2024.04.30,33800.0,180.0,33700.0,33935.0,33620.0,37952.0
2024.04.29,33620.0,245.0,33695.0,33825.0,33425.0,125409.0
2024.04.26,33600.0,500.0,33475.0,33660.0,33365.0,29581.0
2024.04.25,33100.0,-1070.0,33565.0,33705.0,33100.0,44862.0
2024.04.24,34170.0,1075.0,33790.0,34170.0,33725.0,45674.0
2024.04.23,33095.0,-145.0,33300.0,33460.0,33025.0,18444.0
2024.04.22,33240.0,380.0,33065.0,33240.0,32605.0,40874.0
2024.04.19,32860.0,-1070.0,33355.0,33355.0,32385.0,49778.0
2024.04.18,33930.0,775.0,33080.0,33950.0,32900.0,60728.0
2024.04.17,33155.0,-165.0,33380.0,33785.0,33155.0,24956.0
2024.04.16,33320.0,-905.0,33930.0,33930.0,33190.0,40007.0
2024.04.15,34225.0,-350.0,34080.0,34465.0,33870.0,77016.0
2024.04.12,34575.0,-235.0,34815.0,35030.0,34515.0,23830.0
2024.04.11,34810.0,135.0,34380.0,34890.0,34070.0,31251.0
2024.04.09,34675.0,-55.0,34765.0,35035.0,34540.0,31121.0
2024.04.08,34730.0,-170.0,35050.0,35050.0,34680.0,29704.0
2024.04.05,34900.0,-660.0,35000.0,35115.0,34730.0,82528.0
2024.04.04,35560.0,875.0,35140.0,35560.0,35140.0,34839.0
2024.04.03,34685.0,-1115.0,35325.0,35325.0,34645.0,114420.0
2024.04.02,35800.0,260.0,35625.0,35980.0,35480.0,98799.0
2024.04.01,35540.0,-55.0,35760.0,36055.0,35515.0,113398.0
2024.03.29,35595.0,225.0,35395.0,35675.0,35130.0,103986.0
2024.03.28,35370.0,-45.0,35290.0,35585.0,35265.0,71556.0
2024.03.27,35415.0,375.0,35040.0,35530.0,35040.0,188575.0
2024.03.26,35040.0,310.0,35080.0,35575.0,34960.0,191007.0
2024.03.25,34730.0,10.0,34855.0,35150.0,34615.0,134147.0
2024.03.22,34720.0,120.0,34590.0,34945.0,34500.0,227461.0
2024.03.21,34600.0,1245.0,34060.0,34635.0,34035.0,412513.0
2024.03.20,33355.0,310.0,33210.0,33495.0,33200.0,59415.0
2024.03.19,33045.0,-200.0,33025.0,33155.0,32745.0,42666.0
2024.03.18,33245.0,165.0,32990.0,33245.0,32875.0,33118.0
2024.03.15,33080.0,-670.0,33285.0,33310.0,32905.0,53990.0
2024.03.14,33750.0,-5.0,33755.0,33950.0,33500.0,84604.0
2024.03.13,33755.0,-30.0,33920.0,34035.0,33680.0,203014.0
2024.03.12,33785.0,660.0,33240.0,33795.0,33230.0,52211.0
2024.03.11,33125.0,-430.0,33015.0,33420.0,33000.0,79878.0
2024.03.08,33555.0,670.0,33300.0,33810.0,33300.0,207239.0
2024.03.07,32885.0,810.0,32285.0,32885.0,32190.0,54963.0
2024.03.06,32075.0,-290.0,32345.0,32345.0,32010.0,60331.0
2024.03.05,32365.0,-335.0,32635.0,32735.0,32365.0,63760.0
2024.03.04,32700.0,470.0,32470.0,32850.0,32450.0,47354.0
2024.02.29,32230.0,-30.0,32010.0,32230.0,31950.0,21309.0
2024.02.28,32260.0,265.0,31995.0,32415.0,31995.0,45111.0
2024.02.27,31995.0,-680.0,32660.0,32660.0,31890.0,27914.0
2024.02.26,32675.0,-190.0,32850.0,33050.0,32565.0,55694.0
2024.02.23,32865.0,-15.0,33400.0,33445.0,32860.0,92262.0
2024.02.22,32880.0,575.0,32690.0,32880.0,32530.0,67897.0
2024.02.21,32305.0,50.0,32340.0,32535.0,32180.0,21273.0
2024.02.20,32255.0,-335.0,32555.0,32555.0,32050.0,47144.0
2024.02.19,32590.0,495.0,32090.0,32650.0,32090.0,62039.0
2024.02.16,32095.0,465.0,31985.0,32150.0,31815.0,51253.0
2024.02.15,31630.0,-140.0,31935.0,32180.0,31630.0,32191.0
2024.02.14,31770.0,-450.0,31730.0,31850.0,31535.0,58339.0
2024.02.13,32220.0,580.0,31640.0,32220.0,31640.0,53755.0
2024.02.08,31640.0,140.0,31615.0,31770.0,31530.0,48135.0
2024.02.07,31500.0,475.0,31190.0,31705.0,31120.0,47664.0
2024.02.06,31025.0,170.0,30855.0,31155.0,30630.0,32882.0
2024.02.05,30855.0,-525.0,31255.0,31255.0,30805.0,24022.0
2024.02.02,31380.0,860.0,30530.0,31380.0,30485.0,34904.0
2024.02.01,30520.0,395.0,29995.0,30520.0,29950.0,66894.0
2024.01.31,30125.0,-300.0,30170.0,30280.0,30040.0,40716.0
2024.01.30,30425.0,45.0,30545.0,30730.0,30335.0,51086.0
2024.01.29,30380.0,270.0,30115.0,30590.0,30060.0,17717.0
2024.01.26,30110.0,-50.0,29960.0,30410.0,29875.0,17854.0
2024.01.25,30160.0,-365.0,30580.0,30580.0,30000.0,50097.0
2024.01.24,30525.0,-180.0,30725.0,30725.0,30175.0,59348.0
2024.01.23,30705.0,30.0,30775.0,30780.0,30335.0,64701.0
2024.01.22,30675.0,-50.0,31090.0,31225.0,30660.0,26747.0
2024.01.19,30725.0,660.0,30545.0,30785.0,30470.0,74942.0
2024.01.18,30065.0,230.0,29890.0,30155.0,29605.0,78487.0
2024.01.17,29835.0,-665.0,30800.0,30800.0,29630.0,46918.0
2024.01.16,30500.0,-505.0,30900.0,30950.0,30455.0,105746.0
2024.01.15,31005.0,90.0,31015.0,31070.0,30825.0,86897.0
2024.01.12,30915.0,-655.0,31395.0,31395.0,30790.0,60696.0
2024.01.11,31570.0,310.0,31305.0,31570.0,31060.0,47984.0
2024.01.10,31260.0,-595.0,32040.0,32040.0,31210.0,71684.0
2024.01.09,31855.0,-155.0,32375.0,32475.0,31785.0,44837.0
2024.01.08,32010.0,-20.0,32050.0,32265.0,31900.0,31954.0
2024.01.05,32030.0,5.0,31995.0,32125.0,31890.0,670778.0
2024.01.04,32025.0,-275.0,32270.0,32400.0,31975.0,83921.0
2024.01.03,32300.0,-1225.0,33250.0,33250.0,32270.0,452453.0
2024.01.02,33525.0,185.0,33330.0,33580.0,32965.0,117897.0
2023.12.28,33340.0,530.0,32810.0,33350.0,32735.0,179207.0
2023.12.27,32810.0,340.0,32630.0,32900.0,32420.0,99413.0
2023.12.26,32470.0,45.0,32535.0,32610.0,32285.0,32080.0
2023.12.22,32425.0,230.0,32410.0,32630.0,32305.0,57321.0
2023.12.21,32195.0,-220.0,32345.0,32345.0,32035.0,68479.0
2023.12.20,32415.0,540.0,32070.0,32440.0,32070.0,704225.0
2023.12.19,31875.0,-125.0,31995.0,31995.0,31830.0,39947.0
2023.12.18,32000.0,-300.0,32300.0,32300.0,31905.0,70885.0
2023.12.15,32300.0,320.0,32165.0,32320.0,32070.0,121115.0
2023.12.14,31980.0,725.0,31915.0,32025.0,31685.0,137589.0
2023.12.13,31255.0,-240.0,31450.0,31620.0,31245.0,49373.0
2023.12.12,31495.0,125.0,31395.0,31615.0,31395.0,76228.0
2023.12.11,31370.0,315.0,31055.0,31395.0,31045.0,21027.0
2023.12.08,31055.0,475.0,30900.0,31150.0,30900.0,55780.0
2023.12.07,30580.0,-195.0,30720.0,30790.0,30540.0,37717.0
2023.12.06,30775.0,-50.0,30825.0,30980.0,30775.0,13966.0
2023.12.05,30825.0,-430.0,31015.0,31155.0,30670.0,89632.0
2023.12.04,31255.0,-165.0,31635.0,31740.0,31255.0,69443.0
2023.12.01,31420.0,-445.0,31780.0,31780.0,31335.0,28803.0
2023.11.30,31865.0,265.0,31530.0,31865.0,31500.0,64624.0
2023.11.29,31600.0,60.0,31480.0,31615.0,31190.0,54677.0
2023.11.28,31540.0,405.0,31290.0,31545.0,31245.0,43338.0
2023.11.27,31135.0,75.0,31060.0,31320.0,31025.0,70127.0
2023.11.24,31060.0,-300.0,31485.0,31495.0,31020.0,75546.0
2023.11.23,31360.0,-250.0,31620.0,31620.0,31285.0,67561.0
2023.11.22,31610.0,-10.0,31480.0,31650.0,31280.0,443148.0
2023.11.21,31620.0,130.0,31630.0,31820.0,31620.0,51049.0
2023.11.20,31490.0,360.0,31010.0,31565.0,31010.0,37470.0
2023.11.17,31130.0,-485.0,31500.0,31500.0,31120.0,40152.0
2023.11.16,31615.0,120.0,31495.0,31615.0,31215.0,27329.0
2023.11.15,31495.0,820.0,31180.0,31495.0,31145.0,82466.0
2023.11.14,30675.0,195.0,30690.0,30960.0,30630.0,39628.0
2023.11.13,30480.0,-50.0,30850.0,31060.0,30480.0,38804.0
2023.11.10,30530.0,-30.0,30455.0,30565.0,30190.0,8662.0
2023.11.09,30560.0,210.0,30605.0,30700.0,30370.0,111077.0
2023.11.08,30350.0,-585.0,31170.0,31340.0,30300.0,65074.0
2023.11.07,30935.0,-740.0,31275.0,31285.0,30570.0,74393.0
2023.11.06,31675.0,1600.0,30485.0,31675.0,30250.0,139823.0
2023.11.03,30075.0,125.0,30150.0,30200.0,29955.0,63613.0
2023.11.02,29950.0,860.0,29675.0,29950.0,29675.0,104351.0
2023.11.01,29090.0,575.0,28755.0,29220.0,28755.0,74200.0
2023.10.31,28515.0,-685.0,29270.0,29380.0,28500.0,69618.0
2023.10.30,29200.0,240.0,28860.0,29405.0,28860.0,55901.0
2023.10.27,28980.0,135.0,28900.0,29135.0,28730.0,28794.0
2023.10.26,28845.0,-1415.0,29405.0,29600.0,28805.0,68743.0
2023.10.25,30260.0,10.0,30325.0,30525.0,30135.0,26372.0
2023.10.24,30250.0,295.0,30185.0,30275.0,29625.0,69918.0
2023.10.23,29955.0,-300.0,30305.0,30335.0,29885.0,76675.0
2023.10.20,30255.0,-265.0,30250.0,30400.0,29965.0,138425.0
2023.10.19,30520.0,-820.0,30760.0,30830.0,30520.0,9234.0
2023.10.18,31340.0,20.0,31115.0,31365.0,30915.0,37283.0
2023.10.17,31320.0,800.0,30830.0,31325.0,30675.0,117275.0
2023.10.16,30520.0,-150.0,30495.0,30715.0,30175.0,54220.0
2023.10.13,30670.0,-220.0,30595.0,30845.0,30595.0,21994.0
2023.10.12,30890.0,565.0,30605.0,30950.0,30580.0,77447.0
2023.10.11,30325.0,390.0,30175.0,30680.0,30175.0,65982.0
2023.10.10,29935.0,550.0,29615.0,30290.0,29615.0,52987.0
2023.10.06,29385.0,-235.0,29760.0,29760.0,29320.0,35435.0
2023.10.05,29620.0,375.0,29840.0,29875.0,29415.0,38017.0
2023.10.04,29245.0,-500.0,29300.0,29390.0,29090.0,46167.0
2023.09.27,29745.0,-155.0,29805.0,29890.0,29580.0,45478.0
2023.09.26,29900.0,-360.0,30440.0,30440.0,29770.0,51843.0
2023.09.25,30260.0,-20.0,30285.0,30385.0,30105.0,31528.0
2023.09.22,30280.0,30.0,29975.0,30305.0,29870.0,34707.0
2023.09.21,30250.0,-570.0,30650.0,30675.0,30135.0,61462.0
2023.09.20,30820.0,0.0,30935.0,30935.0,30615.0,37442.0
2023.09.19,30820.0,-130.0,31185.0,31255.0,30775.0,52933.0
2023.09.18,30950.0,-890.0,31160.0,31600.0,30950.0,58071.0
2023.09.15,31840.0,370.0,31470.0,31860.0,31355.0,56527.0
2023.09.14,31470.0,650.0,30995.0,31470.0,30835.0,68228.0
2023.09.13,30820.0,365.0,30715.0,30995.0,30510.0,45597.0
2023.09.12,30455.0,-135.0,30610.0,30645.0,30410.0,24538.0
2023.09.11,30590.0,-75.0,30665.0,30775.0,30450.0,24157.0
2023.09.08,30665.0,-510.0,31175.0,31175.0,30425.0,69337.0
2023.09.07,31175.0,-85.0,31300.0,31340.0,30945.0,71191.0
2023.09.06,31260.0,-380.0,31720.0,31720.0,31230.0,51758.0
2023.09.05,31640.0,35.0,31680.0,31805.0,31570.0,65380.0
2023.09.04,31605.0,255.0,31555.0,31605.0,31230.0,20140.0
2023.09.01,31350.0,150.0,31285.0,31480.0,31200.0,50848.0
2023.08.31,31200.0,115.0,31200.0,31335.0,31020.0,9039.0
2023.08.30,31085.0,225.0,31110.0,31345.0,31040.0,38004.0
2023.08.29,30860.0,205.0,31000.0,31000.0,30745.0,27555.0
2023.08.28,30655.0,55.0,30635.0,30805.0,30595.0,26870.0
2023.08.25,30600.0,-645.0,30745.0,30805.0,30490.0,284431.0
2023.08.24,31245.0,775.0,31030.0,31430.0,31030.0,70829.0
2023.08.23,30470.0,-100.0,30570.0,30605.0,30290.0,36902.0
2023.08.22,30570.0,90.0,31080.0,31145.0,30435.0,34007.0
2023.08.21,30480.0,-125.0,30780.0,30835.0,30385.0,41006.0
2023.08.18,30605.0,40.0,30390.0,30820.0,30030.0,46627.0
2023.08.17,30565.0,-100.0,30585.0,30680.0,30135.0,42568.0
2023.08.16,30665.0,-270.0,31050.0,31070.0,30600.0,71338.0
2023.08.14,30935.0,-400.0,31335.0,31370.0,30830.0,76590.0
2023.08.11,31335.0,-130.0,31665.0,31925.0,31335.0,28734.0
2023.08.10,31465.0,-315.0,31640.0,31640.0,31140.0,52052.0
2023.08.09,31780.0,445.0,31290.0,31790.0,31290.0,98581.0
2023.08.08,31335.0,-520.0,31795.0,32010.0,31265.0,92655.0
2023.08.07,31855.0,125.0,31730.0,32185.0,31580.0,138926.0
2023.08.04,31730.0,-160.0,31935.0,31935.0,31615.0,155071.0
2023.08.03,31890.0,-605.0,32295.0,32295.0,31660.0,82408.0
2023.08.02,32495.0,-465.0,33060.0,33060.0,32075.0,253758.0
2023.08.01,32960.0,480.0,32230.0,33100.0,32230.0,144624.0
2023.07.31,32480.0,-275.0,32755.0,33005.0,32190.0,148109.0
2023.07.28,32755.0,-160.0,32915.0,32950.0,32390.0,51119.0
2023.07.27,32915.0,745.0,32410.0,32950.0,32270.0,482361.0
2023.07.26,32170.0,-330.0,32500.0,32540.0,31700.0,207981.0
2023.07.25,32500.0,-200.0,32700.0,32705.0,32330.0,105265.0
2023.07.24,32700.0,70.0,32385.0,32730.0,32290.0,64324.0
2023.07.21,32630.0,-320.0,32725.0,32725.0,32350.0,115057.0
2023.07.20,32950.0,-315.0,32985.0,33160.0,32800.0,73319.0
2023.07.19,33265.0,-135.0,33385.0,33505.0,33020.0,397711.0
2023.07.18,33400.0,-55.0,33550.0,33740.0,33185.0,43916.0
2023.07.17,33455.0,-65.0,33280.0,33710.0,33155.0,62682.0
2023.07.14,33520.0,560.0,33105.0,33725.0,33105.0,124438.0
2023.07.13,32960.0,260.0,32785.0,33150.0,32765.0,112264.0
2023.07.12,32700.0,305.0,32460.0,32700.0,32255.0,75181.0
2023.07.11,32395.0,700.0,32030.0,32400.0,32000.0,53006.0
2023.07.10,31695.0,-520.0,32150.0,32340.0,31650.0,150783.0
2023.07.07,32215.0,-500.0,32695.0,33710.0,32155.0,390105.0
2023.07.06,32715.0,-560.0,33250.0,33250.0,32660.0,364197.0
2023.07.05,33275.0,-275.0,33550.0,33630.0,33230.0,349407.0
2023.07.04,33550.0,-145.0,33775.0,33935.0,33475.0,50215.0
2023.07.03,33695.0,770.0,32965.0,33695.0,32965.0,101482.0
2023.06.30,32925.0,-25.0,32950.0,33025.0,32475.0,428443.0
2023.06.29,32950.0,335.0,32590.0,33305.0,32590.0,51630.0
2023.06.28,32615.0,-180.0,32850.0,33000.0,32515.0,52632.0
2023.06.27,32795.0,-65.0,32860.0,32860.0,32515.0,46416.0
2023.06.26,32860.0,150.0,32520.0,32915.0,32520.0,21389.0
2023.06.23,32710.0,-400.0,33110.0,33205.0,32665.0,41236.0
2023.06.22,33110.0,140.0,32705.0,33150.0,32705.0,38048.0
2023.06.21,32970.0,-315.0,33160.0,33505.0,32935.0,62250.0
2023.06.20,33285.0,-85.0,33015.0,33365.0,32875.0,36084.0
2023.06.19,33370.0,-645.0,33835.0,33835.0,33240.0,89398.0
2023.06.16,34015.0,330.0,33880.0,34015.0,33450.0,60310.0
2023.06.15,33685.0,-180.0,33865.0,34000.0,33500.0,73663.0
2023.06.14,33865.0,-190.0,34035.0,34035.0,33615.0,131888.0
2023.06.13,34055.0,610.0,33635.0,34055.0,33635.0,196312.0
2023.06.12,33445.0,-270.0,33670.0,33790.0,33350.0,109216.0
2023.06.09,33715.0,645.0,33005.0,33715.0,32930.0,141011.0
2023.06.08,33070.0,5.0,32775.0,33070.0,32665.0,61995.0
2023.06.07,33065.0,0.0,33070.0,33195.0,33005.0,57804.0
2023.06.05,33065.0,0.0,33080.0,33160.0,32960.0,57404.0
2023.06.02,33065.0,285.0,32865.0,33190.0,32840.0,73066.0
2023.06.01,32780.0,55.0,32415.0,32820.0,32415.0,62456.0
2023.05.31,32725.0,-395.0,32975.0,33170.0,32725.0,196866.0
2023.05.30,33120.0,1060.0,32485.0,33185.0,32475.0,194998.0
2023.05.26,32060.0,510.0,31740.0,32170.0,31730.0,239647.0
2023.05.25,31550.0,225.0,31640.0,31775.0,31485.0,128417.0
2023.05.24,31325.0,-195.0,31295.0,31400.0,31015.0,33705.0
2023.05.23,31520.0,215.0,31290.0,31520.0,31210.0,77220.0
2023.05.22,31305.0,65.0,31405.0,31515.0,31220.0,103955.0
2023.05.19,31240.0,655.0,30830.0,31275.0,30820.0,156555.0
2023.05.18,30585.0,305.0,30380.0,30665.0,30355.0,62579.0
2023.05.17,30280.0,430.0,29945.0,30340.0,29940.0,106389.0
2023.05.16,29850.0,300.0,30060.0,30060.0,29840.0,32451.0
2023.05.15,29550.0,20.0,29530.0,29610.0,29300.0,16816.0
2023.05.12,29530.0,-220.0,29640.0,29730.0,29500.0,43316.0
2023.05.11,29750.0,-15.0,30040.0,30040.0,29690.0,14004.0
2023.05.10,29765.0,-225.0,29990.0,29990.0,29600.0,32915.0
2023.05.09,29990.0,-205.0,30195.0,30195.0,29765.0,33157.0
2023.05.08,30195.0,325.0,30085.0,30270.0,30010.0,82589.0
2023.05.04,29870.0,-110.0,29845.0,30015.0,29705.0,27100.0
2023.05.03,29980.0,-230.0,29895.0,30045.0,29875.0,26053.0
2023.05.02,30210.0,165.0,30045.0,30245.0,29975.0,45741.0
2023.04.28,30045.0,60.0,30330.0,30330.0,29825.0,36595.0
2023.04.27,29985.0,210.0,29830.0,29985.0,29405.0,29885.0
2023.04.26,29955.0,120.0,29835.0,30115.0,29770.0,30689.0
2023.04.25,29835.0,-525.0,30365.0,30505.0,29560.0,92477.0
2023.04.24,30360.0,-280.0,30640.0,30640.0,30230.0,54925.0
2023.04.21,30640.0,-135.0,30870.0,30895.0,30515.0,34140.0
2023.04.20,30775.0,-235.0,30725.0,31020.0,30630.0,53331.0
2023.04.19,31010.0,-120.0,31130.0,31185.0,30885.0,75114.0
2023.04.18,31130.0,-15.0,31085.0,31185.0,30945.0,39418.0
2023.04.17,31145.0,-320.0,31435.0,31435.0,30975.0,91262.0
2023.04.14,31465.0,40.0,31600.0,31720.0,31175.0,59343.0
2023.04.13,31425.0,-80.0,31505.0,31550.0,31235.0,60493.0
2023.04.12,31505.0,135.0,31370.0,31570.0,31005.0,101168.0
2023.04.11,31370.0,285.0,31185.0,31410.0,30970.0,142914.0
2023.04.10,31085.0,210.0,30920.0,31280.0,30845.0,172944.0
2023.04.07,30875.0,590.0,30535.0,30950.0,30440.0,125047.0
2023.04.06,30285.0,-765.0,30890.0,30900.0,30145.0,144036.0
2023.04.05,31050.0,705.0,30355.0,31050.0,30355.0,138717.0
2023.04.04,30345.0,-260.0,30725.0,30725.0,30310.0,83151.0
2023.04.03,30605.0,-115.0,30890.0,30935.0,30430.0,82089.0
2023.03.31,30720.0,320.0,30715.0,30780.0,30505.0,92854.0
2023.03.30,30400.0,115.0,30560.0,30730.0,30350.0,129761.0
2023.03.29,30285.0,0.0,30280.0,30365.0,30070.0,38080.0
2023.03.28,30285.0,365.0,29920.0,30285.0,29810.0,125871.0
2023.03.27,29920.0,-225.0,30200.0,30200.0,29740.0,40402.0
2023.03.24,30145.0,45.0,30115.0,30275.0,29890.0,64683.0
2023.03.23,30100.0,165.0,29750.0,30100.0,29590.0,126132.0
2023.03.22,29935.0,460.0,29665.0,29950.0,29530.0,70767.0
2023.03.21,29475.0,-65.0,29880.0,29880.0,29340.0,35348.0
2023.03.20,29540.0,-405.0,29920.0,29920.0,29455.0,143854.0
2023.03.17,29945.0,475.0,29780.0,30015.0,29640.0,146701.0
2023.03.16,29470.0,85.0,29135.0,29655.0,29000.0,157027.0
2023.03.15,29385.0,195.0,29420.0,29700.0,29265.0,104825.0
2023.03.14,29190.0,-930.0,29815.0,29815.0,29090.0,130995.0
2023.03.13,30120.0,435.0,29610.0,30120.0,29460.0,95083.0
2023.03.10,29685.0,-250.0,29650.0,29735.0,29430.0,127735.0
2023.03.09,29935.0,-420.0,30360.0,30580.0,29920.0,77902.0
2023.03.08,30355.0,-405.0,30650.0,30650.0,30260.0,96764.0
2023.03.07,30760.0,-175.0,30745.0,30960.0,30610.0,59676.0
2023.03.06,30935.0,960.0,30160.0,30960.0,30145.0,112600.0
2023.03.03,29975.0,225.0,29760.0,30035.0,29650.0,52088.0
2023.03.02,29750.0,-35.0,29585.0,29955.0,29535.0,84505.0
2023.02.28,29785.0,115.0,29700.0,30040.0,29620.0,49302.0
2023.02.27,29670.0,-420.0,29520.0,29690.0,29460.0,72666.0
2023.02.24,30090.0,-160.0,30320.0,30465.0,29890.0,111032.0
2023.02.23,30250.0,550.0,29900.0,30380.0,29885.0,146156.0
2023.02.22,29700.0,-595.0,29980.0,29980.0,29615.0,79061.0
2023.02.21,30295.0,-70.0,30320.0,30460.0,30175.0,45777.0
2023.02.20,30365.0,125.0,30105.0,30510.0,29870.0,34213.0
2023.02.17,30240.0,-525.0,30520.0,30645.0,30200.0,78527.0
2023.02.16,30765.0,620.0,30265.0,30835.0,30265.0,106977.0
2023.02.15,30145.0,-455.0,30650.0,30650.0,30045.0,91332.0
2023.02.14,30600.0,655.0,30380.0,30630.0,30200.0,144886.0
2023.02.13,29945.0,-505.0,30340.0,30340.0,29755.0,102722.0
2023.02.10,30450.0,-110.0,30540.0,30540.0,30185.0,66888.0
2023.02.09,30560.0,-45.0,30375.0,30570.0,30235.0,49310.0
2023.02.08,30605.0,875.0,29830.0,30625.0,29830.0,77099.0
2023.02.07,29730.0,160.0,29525.0,29805.0,29350.0,43716.0
2023.02.06,29570.0,-490.0,30005.0,30005.0,29535.0,86417.0
2023.02.03,30060.0,-130.0,30190.0,30190.0,29825.0,45428.0
2023.02.02,30190.0,550.0,30055.0,30280.0,29850.0,123235.0
2023.02.01,29640.0,555.0,29460.0,29665.0,29310.0,89681.0
2023.01.31,29085.0,-555.0,29620.0,29730.0,29045.0,58713.0
2023.01.30,29640.0,-325.0,29970.0,30100.0,29560.0,75857.0
2023.01.27,29965.0,250.0,29715.0,30155.0,29675.0,49995.0
2023.01.26,29715.0,300.0,29415.0,29715.0,29180.0,62959.0
2023.01.25,29415.0,865.0,29075.0,29415.0,29075.0,74968.0
2023.01.20,28550.0,200.0,28490.0,28565.0,28315.0,36877.0
2023.01.19,28350.0,105.0,28110.0,28350.0,28040.0,31241.0
2023.01.18,28245.0,-95.0,28475.0,28475.0,27990.0,43325.0
2023.01.17,28340.0,-155.0,28370.0,28555.0,28205.0,84167.0
2023.01.16,28495.0,90.0,28405.0,28615.0,28330.0,47189.0
2023.01.13,28405.0,60.0,28490.0,28700.0,28325.0,51347.0
2023.01.12,28345.0,-10.0,28600.0,28600.0,28125.0,62842.0
2023.01.11,28355.0,145.0,28495.0,28535.0,28140.0,80410.0
2023.01.10,28210.0,190.0,27865.0,28420.0,27855.0,131095.0
2023.01.09,28020.0,820.0,27520.0,28065.0,27520.0,151243.0
2023.01.06,27200.0,235.0,26635.0,27380.0,26635.0,89295.0
2023.01.05,26965.0,55.0,27095.0,27265.0,26790.0,47366.0
2023.01.04,26910.0,870.0,25775.0,27000.0,25775.0,120722.0
2023.01.03,26040.0,35.0,26110.0,26190.0,25450.0,28250.0
2023.01.02,26005.0,165.0,25970.0,26240.0,25920.0,63319.0
2022.12.29,25840.0,-610.0,26390.0,26390.0,25840.0,34141.0
2022.12.28,26450.0,-255.0,26705.0,26705.0,26345.0,63114.0
2022.12.27,26705.0,-110.0,26650.0,26935.0,26625.0,19417.0
2022.12.26,26815.0,75.0,26920.0,26920.0,26625.0,52728.0
2022.12.23,26740.0,-520.0,26685.0,26890.0,26640.0,47945.0
2022.12.22,27260.0,450.0,27020.0,27260.0,26915.0,70073.0
2022.12.21,26810.0,-240.0,27075.0,27075.0,26730.0,30818.0
2022.12.20,27050.0,-190.0,27155.0,27260.0,26890.0,74216.0
2022.12.19,27240.0,-195.0,27390.0,27580.0,27240.0,56662.0
2022.12.16,27435.0,-270.0,27180.0,27435.0,27120.0,99589.0
2022.12.15,27705.0,-465.0,27915.0,28040.0,27665.0,74055.0
2022.12.14,28170.0,525.0,27765.0,28200.0,27765.0,107457.0
2022.12.13,27645.0,-25.0,27790.0,27995.0,27540.0,42295.0
2022.12.12,27670.0,-200.0,27600.0,27760.0,27510.0,47791.0
2022.12.09,27870.0,115.0,27925.0,27980.0,27695.0,117804.0
2022.12.08,27755.0,-100.0,28020.0,28020.0,27620.0,67890.0
2022.12.07,27855.0,-385.0,28080.0,28120.0,27850.0,80026.0
2022.12.06,28240.0,-150.0,28090.0,28420.0,27985.0,95731.0
2022.12.05,28390.0,-200.0,28640.0,28720.0,28340.0,111186.0
2022.12.02,28590.0,-645.0,29130.0,29130.0,28590.0,98598.0
2022.12.01,29235.0,-35.0,29650.0,29690.0,29195.0,61163.0
2022.11.30,29270.0,665.0,28460.0,29270.0,28400.0,98189.0
2022.11.29,28605.0,-15.0,28410.0,28650.0,28365.0,23377.0
2022.11.28,28620.0,-255.0,28775.0,28775.0,28375.0,63435.0
2022.11.25,28875.0,-135.0,28930.0,29030.0,28775.0,105161.0
2022.11.24,29010.0,425.0,28825.0,29010.0,28690.0,70455.0
2022.11.23,28585.0,285.0,28535.0,28770.0,28445.0,87401.0
2022.11.22,28300.0,-460.0,28530.0,28725.0,28190.0,74747.0
2022.11.21,28760.0,-295.0,29120.0,29120.0,28580.0,72366.0
2022.11.18,29055.0,-45.0,29280.0,29550.0,29040.0,160129.0
2022.11.17,29100.0,-795.0,29525.0,29525.0,29100.0,208696.0
2022.11.16,29895.0,70.0,30040.0,30040.0,29385.0,91768.0
2022.11.15,29825.0,-250.0,30045.0,30070.0,29610.0,86778.0
2022.11.14,30075.0,-90.0,30210.0,30370.0,29960.0,140081.0
2022.11.11,30165.0,1305.0,29940.0,30210.0,29795.0,190465.0
2022.11.10,28860.0,-360.0,28905.0,29100.0,28860.0,54905.0
2022.11.09,29220.0,365.0,28935.0,29260.0,28850.0,128983.0
2022.11.08,28855.0,315.0,28605.0,28870.0,28555.0,96617.0
2022.11.07,28540.0,460.0,28335.0,28545.0,28270.0,73649.0
2022.11.04,28080.0,245.0,27625.0,28175.0,27460.0,45910.0
2022.11.03,27835.0,-45.0,27435.0,28035.0,27325.0,82169.0
2022.11.02,27880.0,-385.0,28055.0,28130.0,27770.0,103883.0
2022.11.01,28265.0,475.0,27720.0,28265.0,27630.0,121210.0
2022.10.31,27790.0,440.0,27700.0,27890.0,27510.0,175381.0
2022.10.28,27350.0,-770.0,27670.0,27820.0,27250.0,155521.0
2022.10.27,28165.0,480.0,27860.0,28235.0,27710.0,57781.0
2022.10.26,27685.0,405.0,27390.0,27770.0,27220.0,127065.0
2022.10.25,27280.0,135.0,27150.0,27515.0,27150.0,82369.0
2022.10.24,27145.0,545.0,27010.0,27205.0,26890.0,102522.0
2022.10.21,26600.0,475.0,26165.0,26780.0,26165.0,158701.0
2022.10.20,26125.0,-440.0,26335.0,26335.0,25795.0,107667.0
2022.10.19,26565.0,-305.0,26925.0,26925.0,26485.0,80725.0
2022.10.18,26870.0,90.0,27040.0,27175.0,26575.0,55067.0
2022.10.17,26780.0,145.0,26360.0,26800.0,26240.0,61767.0
2022.10.14,26635.0,480.0,26560.0,26730.0,26420.0,113726.0
2022.10.13,26155.0,-385.0,26350.0,26545.0,26155.0,130809.0
2022.10.12,26540.0,450.0,26090.0,26555.0,26090.0,134832.0
2022.10.11,26090.0,-240.0,25765.0,26090.0,25565.0,133170.0
2022.10.07,26330.0,-10.0,25980.0,26465.0,25865.0,125907.0
2022.10.06,26340.0,395.0,26085.0,26500.0,26050.0,116621.0
2022.10.05,25945.0,395.0,26285.0,26285.0,25750.0,155565.0
2022.10.04,25550.0,770.0,25175.0,25645.0,25175.0,138905.0
2022.09.30,24780.0,-5.0,24670.0,25015.0,24410.0,145836.0
2022.09.29,24785.0,-60.0,25350.0,25425.0,24745.0,58237.0
2022.09.28,24845.0,-795.0,25550.0,25625.0,24725.0,135969.0
2022.09.27,25640.0,-150.0,25855.0,25855.0,25280.0,81682.0
2022.09.26,25790.0,-635.0,25985.0,26180.0,25775.0,225853.0
2022.09.23,26425.0,-510.0,26935.0,27070.0,26310.0,81295.0
2022.09.22,26935.0,-285.0,26835.0,26995.0,26740.0,267379.0
2022.09.21,27220.0,-325.0,27330.0,27330.0,27015.0,79420.0
2022.09.20,27545.0,115.0,27625.0,27710.0,27330.0,36172.0
2022.09.19,27430.0,-55.0,27535.0,27720.0,27340.0,83375.0
2022.09.16,27485.0,-365.0,27550.0,27560.0,27320.0,156297.0
2022.09.15,27850.0,-210.0,28200.0,28240.0,27765.0,50038.0
2022.09.14,28060.0,-430.0,27535.0,28215.0,27530.0,111479.0
2022.09.13,28490.0,1300.0,27760.0,28575.0,27760.0,172089.0
2022.09.08,27190.0,225.0,27235.0,27365.0,27120.0,103951.0
2022.09.07,26965.0,-395.0,27255.0,27255.0,26830.0,130887.0
2022.09.06,27360.0,-40.0,27465.0,27610.0,27250.0,80570.0
2022.09.05,27400.0,-240.0,27610.0,27705.0,27235.0,180958.0
2022.09.02,27640.0,-45.0,27870.0,27990.0,27555.0,102881.0
2022.09.01,27685.0,-850.0,28110.0,28115.0,27685.0,105169.0
2022.08.31,28535.0,575.0,27705.0,28555.0,27610.0,88868.0
2022.08.30,27960.0,325.0,27745.0,27990.0,27570.0,74986.0
2022.08.29,27635.0,-860.0,27625.0,27760.0,27585.0,135392.0
2022.08.26,28495.0,115.0,28560.0,28745.0,28400.0,57821.0
2022.08.25,28380.0,250.0,28285.0,28380.0,27995.0,55574.0
2022.08.24,28130.0,80.0,28225.0,28340.0,28070.0,55490.0
2022.08.23,28050.0,-525.0,28300.0,28385.0,28030.0,111852.0
2022.08.22,28575.0,-655.0,28805.0,28805.0,28475.0,109999.0
2022.08.19,29230.0,-100.0,29380.0,29480.0,29130.0,82780.0
2022.08.18,29330.0,-130.0,29295.0,29390.0,28975.0,79608.0
2022.08.17,29460.0,-100.0,29560.0,29650.0,29380.0,140147.0
2022.08.16,29560.0,415.0,29395.0,29655.0,29270.0,141133.0
2022.08.12,29145.0,125.0,28905.0,29165.0,28895.0,179206.0
2022.08.11,29020.0,730.0,28670.0,29020.0,28615.0,42617.0
2022.08.10,28290.0,-525.0,28500.0,28515.0,28210.0,92747.0
2022.08.09,28815.0,90.0,28700.0,28830.0,28415.0,87325.0
2022.08.08,28725.0,-310.0,28860.0,28880.0,28590.0,46932.0
2022.08.05,29035.0,160.0,29000.0,29070.0,28875.0,63735.0
2022.08.04,28875.0,300.0,28835.0,28925.0,28745.0,161055.0
2022.08.03,28575.0,230.0,28430.0,28575.0,28280.0,90178.0
2022.08.02,28345.0,-225.0,28630.0,28630.0,28300.0,68932.0
2022.08.01,28570.0,-15.0,28520.0,28670.0,28270.0,633112.0
2022.07.29,28585.0,-215.0,29105.0,29105.0,28360.0,68413.0
2022.07.28,28800.0,270.0,28855.0,28935.0,28625.0,136876.0
2022.07.27,28530.0,-10.0,28530.0,28600.0,28245.0,230498.0
2022.07.26,28540.0,80.0,28350.0,28545.0,28230.0,31126.0
2022.07.25,28460.0,-45.0,28370.0,28700.0,28365.0,86487.0
2022.07.22,28505.0,-325.0,28810.0,28915.0,28475.0,101322.0
2022.07.21,28830.0,350.0,28615.0,28875.0,28445.0,212129.0
2022.07.20,28480.0,450.0,28655.0,28770.0,28390.0,277068.0
2022.07.19,28030.0,-300.0,28145.0,28190.0,27865.0,88473.0
2022.07.18,28330.0,345.0,28160.0,28370.0,28115.0,109467.0
2022.07.15,27985.0,765.0,27475.0,27985.0,27285.0,122740.0
2022.07.14,27220.0,60.0,26925.0,27465.0,26925.0,145442.0
2022.07.13,27160.0,205.0,27170.0,27405.0,27020.0,169204.0
2022.07.12,26955.0,-330.0,27290.0,27290.0,26720.0,177285.0
2022.07.11,27285.0,-155.0,27550.0,27640.0,27225.0,208955.0
2022.07.08,27440.0,-140.0,27765.0,27995.0,27435.0,101432.0
2022.07.07,27580.0,770.0,27075.0,27720.0,27075.0,136113.0
2022.07.06,26810.0,-465.0,27035.0,27255.0,26750.0,231127.0
2022.07.05,27275.0,1005.0,26670.0,27275.0,26595.0,176470.0
2022.07.04,26270.0,-5.0,26395.0,26450.0,25935.0,815500.0
2022.07.01,26275.0,-545.0,27015.0,27070.0,26140.0,178101.0
2022.06.30,26820.0,-925.0,27355.0,27410.0,26820.0,148536.0
2022.06.29,27745.0,-410.0,27700.0,27940.0,27600.0,150821.0
2022.06.28,28155.0,155.0,27840.0,28155.0,27690.0,113291.0
2022.06.27,28000.0,560.0,27850.0,28155.0,27595.0,326703.0
2022.06.24,27440.0,615.0,26715.0,27440.0,26715.0,122564.0
2022.06.23,26825.0,-230.0,27090.0,27300.0,26620.0,353322.0
2022.06.22,27055.0,-1200.0,28300.0,28400.0,27055.0,269313.0
2022.06.21,28255.0,350.0,27905.0,28330.0,27880.0,209044.0
2022.06.20,27905.0,-445.0,28430.0,28430.0,27615.0,265041.0
2022.06.17,28350.0,-220.0,28110.0,28465.0,27890.0,276099.0
2022.06.16,28570.0,245.0,28755.0,29300.0,28480.0,399486.0
2022.06.15,28325.0,-325.0,28505.0,28680.0,28055.0,197091.0
2022.06.14,28650.0,-220.0,28365.0,28815.0,28240.0,216137.0
2022.06.13,28870.0,-1035.0,29230.0,29320.0,28870.0,174413.0
2022.06.10,29905.0,-280.0,29990.0,30070.0,29795.0,52365.0
2022.06.09,30185.0,-70.0,30260.0,30345.0,30050.0,50185.0
2022.06.08,30255.0,90.0,30170.0,30415.0,30100.0,88129.0
2022.06.07,30165.0,-845.0,30860.0,30860.0,30120.0,222052.0
2022.06.03,31010.0,105.0,31245.0,31245.0,30965.0,82703.0
2022.06.02,30905.0,-410.0,31160.0,31160.0,30765.0,104855.0
2022.05.31,31315.0,-60.0,31345.0,31345.0,30890.0,140111.0
2022.05.30,31375.0,555.0,31280.0,31385.0,30980.0,156729.0
2022.05.27,30820.0,345.0,31000.0,31040.0,30765.0,115873.0
2022.05.26,30475.0,-575.0,31000.0,31205.0,30270.0,179080.0
2022.05.25,31050.0,90.0,31100.0,31140.0,30680.0,143899.0
2022.05.24,30960.0,-950.0,31730.0,31730.0,30865.0,146287.0
2022.05.23,31910.0,190.0,31840.0,32000.0,31630.0,110017.0
2022.05.20,31720.0,620.0,31200.0,31815.0,31165.0,98464.0
2022.05.19,31100.0,-625.0,30800.0,31300.0,30800.0,206820.0
2022.05.18,31725.0,300.0,31670.0,31925.0,31475.0,125925.0
2022.05.17,31425.0,465.0,31070.0,31485.0,31070.0,118381.0
2022.05.16,30960.0,-240.0,31440.0,31640.0,30875.0,146745.0
2022.05.13,31200.0,980.0,30410.0,31240.0,30410.0,141602.0
2022.05.12,30220.0,-735.0,30600.0,30805.0,30220.0,189074.0
2022.05.11,30955.0,-165.0,30955.0,31060.0,30615.0,210070.0
2022.05.10,31120.0,170.0,30555.0,31210.0,30370.0,307955.0
2022.05.09,30950.0,-600.0,31370.0,31535.0,30920.0,352806.0
2022.05.06,31550.0,-440.0,31595.0,31640.0,31385.0,142916.0
2022.05.04,31990.0,-70.0,32250.0,32375.0,31880.0,138701.0
2022.05.03,32060.0,-10.0,32080.0,32305.0,32000.0,220676.0
2022.05.02,32070.0,-185.0,31790.0,32070.0,31760.0,177524.0
2022.04.29,32255.0,635.0,31840.0,32335.0,31775.0,339626.0
2022.04.28,31620.0,95.0,31885.0,31885.0,31310.0,242687.0
2022.04.27,31795.0,-390.0,31460.0,31795.0,31400.0,88360.0
2022.04.26,32185.0,240.0,32200.0,32290.0,32015.0,276264.0
2022.04.25,31945.0,-760.0,32205.0,32225.0,31890.0,97845.0
2022.04.22,32705.0,-525.0,32830.0,32845.0,32515.0,208358.0
2022.04.21,33230.0,190.0,33045.0,33440.0,33045.0,122267.0
2022.04.20,33040.0,30.0,33155.0,33155.0,32685.0,336206.0
2022.04.19,33010.0,495.0,32990.0,33150.0,32875.0,95390.0
2022.04.18,32515.0,-245.0,32475.0,32720.0,32475.0,94904.0
2022.04.15,32760.0,-520.0,32870.0,32915.0,32695.0,64937.0
2022.04.14,33280.0,-15.0,33310.0,33365.0,33030.0,73348.0
2022.04.13,33295.0,885.0,32595.0,33305.0,32590.0,95363.0
2022.04.12,32410.0,-185.0,32440.0,32665.0,32345.0,74593.0
2022.04.11,32595.0,-425.0,32860.0,33000.0,32595.0,85287.0
2022.04.08,33020.0,340.0,32725.0,33020.0,32635.0,90221.0
2022.04.07,32680.0,-255.0,32620.0,32745.0,32395.0,138376.0
2022.04.06,32935.0,-625.0,33160.0,33320.0,32910.0,154520.0
2022.04.05,33560.0,165.0,33600.0,33725.0,33475.0,95522.0
2022.04.04,33395.0,20.0,33240.0,33460.0,32965.0,84085.0
2022.04.01,33375.0,-560.0,33685.0,33685.0,33375.0,69916.0
2022.03.31,33935.0,195.0,33690.0,33955.0,33600.0,72093.0
2022.03.30,33740.0,445.0,33820.0,33940.0,33680.0,131249.0
2022.03.29,33295.0,250.0,33290.0,33460.0,33105.0,102835.0
2022.03.28,33045.0,-135.0,33070.0,33255.0,32855.0,123810.0
2022.03.25,33180.0,5.0,33515.0,33515.0,33090.0,77223.0
2022.03.24,33175.0,-325.0,33200.0,33265.0,32890.0,114076.0
2022.03.23,33500.0,235.0,33445.0,33600.0,33220.0,106651.0
2022.03.22,33265.0,265.0,32900.0,33300.0,32835.0,78190.0
2022.03.21,33000.0,-235.0,33415.0,33415.0,32930.0,74396.0
2022.03.18,33235.0,-50.0,33285.0,33345.0,32955.0,145156.0
2022.03.17,33285.0,930.0,33020.0,33380.0,33020.0,206125.0
2022.03.16,32355.0,735.0,32065.0,32355.0,31840.0,138260.0
2022.03.15,31620.0,-410.0,31765.0,31885.0,31550.0,137530.0
2022.03.14,32030.0,-55.0,31880.0,32030.0,31565.0,135927.0
2022.03.11,32085.0,-525.0,32485.0,32545.0,31760.0,157694.0
2022.03.10,32610.0,655.0,32595.0,32725.0,32280.0,174114.0
2022.03.08,31955.0,-445.0,31690.0,32270.0,31670.0,88195.0
2022.03.07,32400.0,-1070.0,32655.0,32685.0,32235.0,203642.0
2022.03.04,33470.0,-915.0,34225.0,34225.0,33380.0,222989.0
2022.03.03,34385.0,700.0,34045.0,34385.0,34035.0,118045.0
2022.03.02,33685.0,-65.0,33745.0,33895.0,33460.0,131081.0
2022.02.28,33750.0,275.0,33340.0,33750.0,33190.0,269281.0
2022.02.25,33475.0,450.0,33430.0,33765.0,33335.0,220779.0
2022.02.24,33025.0,-1215.0,33710.0,33755.0,32955.0,362013.0
2022.02.23,34240.0,425.0,34100.0,34305.0,33815.0,138556.0
2022.02.22,33815.0,-595.0,33815.0,34015.0,33600.0,236431.0
2022.02.21,34410.0,-5.0,33775.0,34410.0,33550.0,231852.0
2022.02.18,34415.0,-170.0,34115.0,34580.0,34085.0,252793.0
2022.02.17,34585.0,395.0,34210.0,34895.0,34135.0,653786.0
2022.02.16,34190.0,670.0,34130.0,34290.0,34020.0,130124.0
2022.02.15,33520.0,-295.0,34025.0,34025.0,33335.0,197347.0
2022.02.14,33815.0,-570.0,34030.0,34095.0,33580.0,195001.0
2022.02.11,34385.0,-320.0,34510.0,34665.0,34260.0,242295.0
2022.02.10,34705.0,285.0,34875.0,35000.0,34500.0,259350.0
2022.02.09,34420.0,400.0,34445.0,34600.0,34300.0,176349.0
2022.02.08,34020.0,35.0,34215.0,34310.0,33745.0,190808.0
2022.02.07,33985.0,-705.0,34495.0,34495.0,33580.0,317289.0
2022.02.04,34690.0,380.0,34270.0,34690.0,34150.0,311175.0
2022.02.03,34310.0,165.0,34700.0,34885.0,34280.0,267701.0
2022.01.28,34145.0,935.0,33400.0,34235.0,32920.0,450081.0
2022.01.27,33210.0,-1430.0,34870.0,34995.0,33110.0,313544.0
2022.01.26,34640.0,-240.0,35020.0,35245.0,34555.0,483787.0
2022.01.25,34880.0,-965.0,35870.0,35895.0,34730.0,456268.0
2022.01.24,35845.0,-165.0,35690.0,35990.0,35495.0,233296.0
2022.01.21,36010.0,-980.0,36480.0,36480.0,35760.0,254704.0
2022.01.20,36990.0,420.0,36410.0,36990.0,36330.0,210080.0
2022.01.19,36570.0,-345.0,36490.0,36900.0,36285.0,156866.0
2022.01.18,36915.0,260.0,36715.0,37110.0,36500.0,171914.0
2022.01.17,36655.0,-485.0,37060.0,37060.0,36305.0,218531.0
2022.01.14,37140.0,-195.0,37105.0,37355.0,36865.0,123983.0
2022.01.13,37335.0,170.0,37310.0,37575.0,37195.0,149134.0
2022.01.12,37165.0,865.0,36655.0,37210.0,36655.0,190192.0
2022.01.11,36300.0,365.0,36350.0,36425.0,36060.0,151344.0
2022.01.10,35935.0,-885.0,36495.0,36555.0,35840.0,201316.0
2022.01.07,36820.0,490.0,36595.0,37000.0,36595.0,138157.0
2022.01.06,36330.0,-710.0,36405.0,36925.0,36170.0,198282.0
2022.01.05,37040.0,-820.0,37680.0,37680.0,36555.0,290523.0
2022.01.04,37860.0,85.0,37820.0,38050.0,37560.0,195748.0
2022.01.03,37775.0,-135.0,38100.0,38195.0,37645.0,183276.0
2021.12.30,37910.0,105.0,37900.0,38160.0,37735.0,203829.0
2021.12.29,37805.0,360.0,37650.0,37935.0,37510.0,280796.0
2021.12.28,37445.0,275.0,37290.0,37480.0,36990.0,141425.0
2021.12.27,37170.0,-275.0,37470.0,37470.0,37070.0,117670.0
2021.12.24,37445.0,280.0,37205.0,37605.0,37205.0,259173.0
2021.12.23,37165.0,650.0,36855.0,37165.0,36535.0,198529.0
2021.12.22,36515.0,240.0,36545.0,36800.0,36400.0,81572.0
2021.12.21,36275.0,630.0,35985.0,36305.0,35700.0,113950.0
2021.12.20,35645.0,-725.0,36235.0,36240.0,35635.0,187821.0
2021.12.17,36370.0,-300.0,36095.0,36465.0,36020.0,142645.0
2021.12.16,36670.0,195.0,36960.0,36960.0,36455.0,126858.0
2021.12.15,36475.0,415.0,35835.0,36475.0,35835.0,85142.0
2021.12.14,36060.0,-855.0,36550.0,36635.0,36060.0,85107.0
2021.12.13,36915.0,215.0,36770.0,37360.0,36770.0,115086.0
2021.12.10,36700.0,-225.0,36500.0,36700.0,36400.0,127585.0
2021.12.09,36925.0,375.0,36595.0,36975.0,36595.0,215637.0
2021.12.08,36550.0,-100.0,36960.0,37405.0,36515.0,260835.0
2021.12.07,36650.0,310.0,36390.0,36650.0,36105.0,137094.0
2021.12.06,36340.0,280.0,35845.0,36425.0,35715.0,186856.0
2021.12.03,36060.0,240.0,35800.0,36190.0,35435.0,181743.0
2021.12.02,35820.0,200.0,35255.0,35950.0,35255.0,409515.0
2021.12.01,35620.0,795.0,35175.0,35750.0,34660.0,322270.0
2021.11.30,34825.0,-740.0,35960.0,36155.0,34415.0,281342.0
2021.11.29,35565.0,-180.0,35010.0,35925.0,35010.0,246590.0
2021.11.26,35745.0,-680.0,36350.0,36520.0,35720.0,173757.0
2021.11.25,36425.0,-520.0,37090.0,37090.0,36400.0,227065.0
2021.11.24,36945.0,-55.0,37000.0,37340.0,36645.0,207283.0
2021.11.23,37000.0,-410.0,37365.0,37365.0,36820.0,288965.0
2021.11.22,37410.0,805.0,36860.0,37455.0,36860.0,443709.0
2021.11.19,36605.0,705.0,36045.0,36605.0,36045.0,265482.0
2021.11.18,35900.0,90.0,35820.0,35925.0,35650.0,147977.0
2021.11.17,35810.0,-185.0,36160.0,36230.0,35765.0,153078.0
2021.11.16,35995.0,155.0,35845.0,36220.0,35690.0,133858.0
2021.11.15,35840.0,735.0,35460.0,35890.0,35460.0,184064.0
2021.11.12,35105.0,215.0,35030.0,35280.0,34925.0,190686.0
2021.11.11,34890.0,-55.0,34675.0,34890.0,34350.0,176329.0
2021.11.10,34945.0,-220.0,35005.0,35135.0,34780.0,166817.0
2021.11.09,35165.0,0.0,35165.0,35445.0,34985.0,172488.0
2021.11.08,35165.0,-5.0,35190.0,35210.0,34660.0,172250.0
2021.11.05,35170.0,115.0,35305.0,35360.0,34830.0,231969.0
2021.11.04,35055.0,470.0,35010.0,35335.0,34925.0,165034.0
2021.11.03,34585.0,-405.0,35130.0,35165.0,34515.0,148704.0
2021.11.02,34990.0,515.0,34645.0,35315.0,34645.0,256646.0
2021.11.01,34475.0,115.0,34485.0,34530.0,34200.0,219171.0
2021.10.29,34360.0,-640.0,35070.0,35200.0,34255.0,218122.0
2021.10.28,35000.0,385.0,34615.0,35280.0,34550.0,190493.0
2021.10.27,34615.0,-155.0,34705.0,34770.0,34470.0,140980.0
2021.10.26,34770.0,595.0,34510.0,34820.0,34450.0,100039.0
2021.10.25,34175.0,-15.0,34125.0,34415.0,33715.0,134363.0
2021.10.22,34190.0,255.0,33855.0,34305.0,33740.0,126624.0
2021.10.21,33935.0,-125.0,34065.0,34155.0,33835.0,235320.0
2021.10.20,34060.0,-240.0,34400.0,34475.0,34060.0,80054.0
2021.10.19,34300.0,490.0,34145.0,34300.0,33980.0,108389.0
2021.10.18,33810.0,-345.0,34400.0,34400.0,33735.0,71086.0
2021.10.15,34155.0,930.0,33725.0,34170.0,33710.0,125564.0
2021.10.14,33225.0,545.0,32850.0,33295.0,32780.0,55800.0
2021.10.13,32680.0,135.0,32470.0,32755.0,32335.0,73163.0
2021.10.12,32545.0,-770.0,33250.0,33250.0,32410.0,123264.0
2021.10.08,33315.0,-30.0,33600.0,33635.0,33210.0,105792.0
2021.10.07,33345.0,330.0,33280.0,33490.0,32970.0,94472.0
2021.10.06,33015.0,-690.0,33950.0,33970.0,32960.0,133001.0
2021.10.05,33705.0,-660.0,33790.0,34000.0,33280.0,127435.0
2021.10.01,34365.0,-760.0,34910.0,34965.0,34365.0,171065.0
2021.09.30,35125.0,275.0,34805.0,35190.0,34500.0,146666.0
2021.09.29,34850.0,-735.0,34945.0,35050.0,34550.0,173068.0
2021.09.28,35585.0,-760.0,36365.0,36365.0,35500.0,140151.0
2021.09.27,36345.0,350.0,35980.0,36440.0,35980.0,140646.0
2021.09.24,35995.0,-115.0,36275.0,36310.0,35875.0,81394.0
2021.09.23,36110.0,-95.0,35930.0,36155.0,35870.0,71752.0
2021.09.17,36205.0,240.0,35860.0,36205.0,35775.0,74609.0
2021.09.16,35965.0,-695.0,36605.0,36665.0,35815.0,179787.0
2021.09.15,36660.0,-145.0,36845.0,36875.0,36455.0,65260.0
2021.09.14,36805.0,265.0,36730.0,37030.0,36690.0,70734.0
2021.09.13,36540.0,-65.0,36425.0,36625.0,36250.0,164462.0
2021.09.10,36605.0,545.0,36240.0,36655.0,36240.0,111084.0
2021.09.09,36060.0,-865.0,36790.0,36860.0,36060.0,231267.0
2021.09.08,36925.0,-25.0,36915.0,36985.0,36665.0,231712.0
2021.09.07,36950.0,-160.0,37155.0,37210.0,36845.0,34059.0
2021.09.06,37110.0,-95.0,37150.0,37215.0,36875.0,57416.0
2021.09.03,37205.0,920.0,36535.0,37245.0,36500.0,156596.0
2021.09.02,36285.0,-895.0,37080.0,37080.0,36285.0,148553.0
2021.09.01,37180.0,110.0,37140.0,37215.0,36750.0,133530.0
2021.08.31,37070.0,980.0,36170.0,37070.0,35975.0,77925.0
2021.08.30,36090.0,-25.0,36550.0,36635.0,36005.0,52615.0
2021.08.27,36115.0,-115.0,36140.0,36345.0,35880.0,71910.0
2021.08.26,36230.0,-210.0,36680.0,36890.0,36155.0,84381.0
2021.08.25,36440.0,20.0,36490.0,36675.0,35970.0,166421.0
2021.08.24,36420.0,265.0,36445.0,36890.0,35875.0,323266.0
2021.08.23,36155.0,165.0,36295.0,36380.0,35760.0,304437.0
2021.08.20,35990.0,-305.0,36350.0,36610.0,35770.0,247039.0
2021.08.19,36295.0,-940.0,36810.0,37060.0,36200.0,220102.0
2021.08.18,37235.0,400.0,36690.0,37345.0,36580.0,106315.0
2021.08.17,36835.0,-375.0,37110.0,37350.0,36620.0,197941.0
2021.08.13,37210.0,-500.0,37660.0,37660.0,36835.0,230285.0
2021.08.12,37710.0,-290.0,37625.0,38000.0,37590.0,257992.0
2021.08.11,38000.0,-705.0,38395.0,38455.0,37840.0,252332.0
2021.08.10,38705.0,-350.0,39150.0,39190.0,38520.0,135347.0
2021.08.09,39055.0,60.0,38995.0,39130.0,38800.0,94088.0
2021.08.06,38995.0,-260.0,39290.0,39375.0,38905.0,207413.0
2021.08.05,39255.0,120.0,39135.0,39365.0,39000.0,303572.0
2021.08.04,39135.0,290.0,39035.0,39160.0,38675.0,276668.0
2021.08.03,38845.0,640.0,38315.0,38900.0,38315.0,235502.0
2021.08.02,38205.0,245.0,38160.0,38245.0,37815.0,223689.0
2021.07.30,37960.0,-700.0,38660.0,38660.0,37905.0,203252.0
2021.07.29,38660.0,150.0,38670.0,38800.0,38490.0,213783.0
2021.07.28,38510.0,-85.0,38520.0,38715.0,38110.0,172639.0
2021.07.27,38595.0,295.0,38525.0,38815.0,38400.0,78722.0
2021.07.26,38300.0,-525.0,39000.0,39000.0,38300.0,122607.0
2021.07.23,38825.0,100.0,38730.0,38855.0,38655.0,96952.0
2021.07.22,38725.0,435.0,38500.0,38770.0,38470.0,123635.0
2021.07.21,38290.0,-155.0,38665.0,38665.0,38115.0,128797.0
2021.07.20,38445.0,-50.0,37995.0,38465.0,37995.0,204536.0
2021.07.19,38495.0,-500.0,38485.0,38570.0,38305.0,282358.0
2021.07.16,38995.0,-285.0,38995.0,39015.0,38750.0,245340.0
2021.07.15,39280.0,450.0,38945.0,39280.0,38840.0,132354.0
2021.07.14,38830.0,-195.0,38880.0,38915.0,38610.0,102092.0
2021.07.13,39025.0,545.0,38625.0,39045.0,38595.0,138167.0
2021.07.12,38480.0,135.0,38640.0,38640.0,38390.0,163637.0
2021.07.09,38345.0,-245.0,38220.0,38390.0,37790.0,354053.0
2021.07.08,38590.0,-640.0,39365.0,39365.0,38575.0,298151.0
2021.07.07,39230.0,-265.0,39520.0,39550.0,39225.0,238116.0
2021.07.06,39495.0,435.0,39090.0,39600.0,39070.0,723426.0
2021.07.05,39060.0,360.0,38800.0,39060.0,38700.0,162165.0
2021.07.02,38700.0,-105.0,38720.0,38995.0,38560.0,83302.0
2021.07.01,38805.0,-5.0,38810.0,38875.0,38660.0,133300.0
2021.06.30,38810.0,400.0,38505.0,38965.0,38505.0,171165.0
2021.06.29,38410.0,-155.0,38610.0,38700.0,38265.0,191596.0
2021.06.28,38565.0,-270.0,38810.0,38880.0,38370.0,220852.0
2021.06.25,38835.0,215.0,38775.0,38965.0,38620.0,375027.0
2021.06.24,38620.0,595.0,38105.0,38625.0,38070.0,369127.0
2021.06.23,38025.0,30.0,38105.0,38150.0,37800.0,99305.0
2021.06.22,37995.0,45.0,38190.0,38235.0,37835.0,52156.0
2021.06.21,37950.0,-140.0,37645.0,38190.0,37460.0,121569.0
2021.06.18,38090.0,290.0,38010.0,38235.0,37905.0,257064.0
2021.06.17,37800.0,-310.0,37800.0,37835.0,37515.0,155951.0
2021.06.16,38110.0,160.0,37845.0,38120.0,37650.0,165305.0
2021.06.15,37950.0,350.0,37740.0,37955.0,37715.0,187894.0
2021.06.14,37600.0,200.0,37400.0,37600.0,37215.0,54586.0
2021.06.11,37400.0,650.0,36995.0,37420.0,36950.0,133142.0
2021.06.10,36750.0,80.0,36745.0,36850.0,36430.0,205250.0
2021.06.09,36670.0,-660.0,37165.0,37165.0,36640.0,149946.0
2021.06.08,37330.0,-325.0,37590.0,37590.0,37190.0,165951.0
2021.06.07,37655.0,85.0,37770.0,37905.0,37465.0,166817.0
2021.06.04,37570.0,-120.0,37480.0,37645.0,37155.0,102741.0
2021.06.03,37690.0,760.0,37050.0,37760.0,37050.0,218181.0
2021.06.02,36930.0,-235.0,37310.0,37310.0,36930.0,129932.0
2021.06.01,37165.0,205.0,36925.0,37385.0,36735.0,179174.0
2021.05.31,36960.0,-255.0,37240.0,37280.0,36640.0,194851.0
2021.05.28,37215.0,135.0,37145.0,37320.0,37045.0,77059.0
2021.05.27,37080.0,-335.0,37495.0,37545.0,36630.0,243895.0
2021.05.26,37415.0,-105.0,37620.0,37690.0,37360.0,119257.0
2021.05.25,37520.0,530.0,37250.0,37565.0,37130.0,108208.0
2021.05.24,36990.0,-495.0,37405.0,37405.0,36905.0,114924.0
2021.05.21,37485.0,205.0,37580.0,37895.0,37320.0,124888.0
2021.05.20,37280.0,160.0,36930.0,37435.0,36930.0,79836.0
2021.05.18,37120.0,425.0,36735.0,37225.0,36670.0,93453.0
2021.05.17,36695.0,-270.0,37195.0,37325.0,36500.0,227260.0
2021.05.14,36965.0,640.0,36635.0,37130.0,36550.0,311309.0
2021.05.13,36325.0,-745.0,36290.0,36600.0,36090.0,265493.0
2021.05.12,37070.0,-735.0,37755.0,37755.0,36820.0,417278.0
2021.05.11,37805.0,-1145.0,38540.0,38580.0,37650.0,482078.0
2021.05.10,38950.0,315.0,38960.0,39020.0,38590.0,248532.0
2021.05.07,38635.0,265.0,38400.0,38805.0,38160.0,151567.0
2021.05.06,38370.0,-480.0,38585.0,38625.0,38140.0,168407.0
2021.05.04,38850.0,380.0,38420.0,38850.0,38280.0,137360.0
2021.05.03,38470.0,-240.0,38500.0,39075.0,38320.0,374132.0
2021.04.30,38710.0,-660.0,39460.0,39460.0,38575.0,269250.0
2021.04.29,39370.0,-95.0,39760.0,39870.0,39175.0,194230.0
2021.04.28,39775.0,-785.0,40560.0,40560.0,39605.0,250029.0
2021.04.27,40560.0,10.0,40670.0,40715.0,40330.0,175546.0
2021.04.26,40550.0,455.0,40350.0,40550.0,40035.0,204767.0
2021.04.23,40095.0,155.0,39600.0,40180.0,39270.0,245687.0
2021.04.22,39940.0,50.0,40240.0,40280.0,39790.0,282054.0
2021.04.21,39890.0,-980.0,40665.0,40665.0,39845.0,502901.0
2021.04.20,40870.0,115.0,40580.0,40870.0,40445.0,270659.0
2021.04.19,40755.0,110.0,40645.0,40910.0,40490.0,262727.0
2021.04.16,40645.0,30.0,40795.0,40870.0,40370.0,368673.0
2021.04.15,40615.0,450.0,40140.0,40690.0,40025.0,555315.0
2021.04.14,40165.0,215.0,40195.0,40330.0,39860.0,217406.0
2021.04.13,39950.0,735.0,39325.0,40115.0,39190.0,156235.0
2021.04.12,39215.0,-375.0,39725.0,39735.0,39100.0,255675.0
2021.04.09,39590.0,-220.0,39875.0,40120.0,39455.0,198702.0
2021.04.08,39810.0,-70.0,39990.0,40000.0,39630.0,288019.0
2021.04.07,39880.0,45.0,40025.0,40190.0,39805.0,240282.0
2021.04.06,39835.0,60.0,40080.0,40190.0,39600.0,321152.0
2021.04.05,39775.0,50.0,39825.0,40010.0,39550.0,830496.0
2021.04.02,39725.0,365.0,39610.0,39795.0,39525.0,368637.0
2021.04.01,39360.0,1015.0,39035.0,39360.0,38775.0,184207.0
2021.03.31,38345.0,-405.0,38790.0,38945.0,38300.0,255965.0
2021.03.30,38750.0,1155.0,37890.0,38765.0,37890.0,207424.0
2021.03.29,37595.0,-285.0,38055.0,38055.0,37430.0,159227.0
2021.03.26,37880.0,145.0,37790.0,37925.0,37360.0,134918.0
2021.03.25,37735.0,75.0,37590.0,37980.0,37395.0,141278.0
2021.03.24,37660.0,45.0,37320.0,37805.0,37245.0,210906.0
2021.03.23,37615.0,-1010.0,38800.0,38870.0,37575.0,189374.0
2021.03.22,38625.0,-160.0,38920.0,38920.0,38360.0,113915.0
2021.03.19,38785.0,-460.0,38465.0,38810.0,38355.0,248397.0
2021.03.18,39245.0,300.0,39440.0,39735.0,39090.0,198817.0
2021.03.17,38945.0,-655.0,39605.0,39605.0,38570.0,208852.0
2021.03.16,39600.0,710.0,39295.0,39660.0,39140.0,189242.0
2021.03.15,38890.0,-520.0,39450.0,39670.0,38890.0,140282.0
2021.03.12,39410.0,760.0,39235.0,39640.0,39140.0,547868.0
2021.03.11,38650.0,1285.0,37620.0,38930.0,37620.0,221737.0
2021.03.10,37365.0,-445.0,38630.0,38730.0,37335.0,189083.0
2021.03.09,37810.0,-345.0,37865.0,38100.0,36815.0,330272.0
2021.03.08,38155.0,-855.0,39325.0,39345.0,38010.0,305521.0
2021.03.05,39010.0,-235.0,38360.0,39205.0,38125.0,290847.0
2021.03.04,39245.0,-1040.0,39510.0,39745.0,38915.0,400088.0
2021.03.03,40285.0,485.0,39730.0,40285.0,39360.0,266820.0
2021.03.02,39800.0,585.0,40235.0,40680.0,39320.0,470424.0
2021.02.26,39215.0,-1515.0,39450.0,39755.0,38830.0,584310.0
2021.02.25,40730.0,1580.0,40150.0,40815.0,39860.0,311296.0
2021.02.24,39150.0,-1045.0,40150.0,40625.0,39050.0,530665.0
2021.02.23,40195.0,-570.0,40010.0,40585.0,39500.0,517559.0
2021.02.22,40765.0,-440.0,41590.0,41700.0,40680.0,435855.0
2021.02.19,41205.0,280.0,40925.0,41235.0,40245.0,783071.0
2021.02.18,40925.0,-905.0,41730.0,41805.0,40815.0,915216.0
2021.02.17,41830.0,-340.0,42120.0,42120.0,41300.0,634168.0
2021.02.16,42170.0,390.0,41855.0,42275.0,41735.0,1301319.0
2021.02.15,41780.0,920.0,41230.0,41840.0,41230.0,1095929.0
2021.02.10,40860.0,390.0,40695.0,40965.0,40225.0,345731.0
2021.02.09,40470.0,190.0,40590.0,41010.0,40365.0,506376.0
2021.02.08,40280.0,-320.0,40620.0,40835.0,40280.0,362400.0
2021.02.05,40600.0,575.0,40145.0,40655.0,39905.0,411727.0
2021.02.04,40025.0,-955.0,40745.0,40745.0,39730.0,639034.0
2021.02.03,40980.0,425.0,40940.0,41140.0,40365.0,447891.0
2021.02.02,40555.0,585.0,40580.0,41125.0,40065.0,572203.0
2021.02.01,39970.0,795.0,38890.0,40025.0,38345.0,510347.0
2021.01.29,39175.0,-1470.0,41245.0,41245.0,39050.0,1056699.0
2021.01.28,40645.0,-1035.0,40500.0,41325.0,40145.0,1590198.0
2021.01.27,41680.0,-220.0,42000.0,42675.0,41440.0,1712692.0
2021.01.26,41900.0,-900.0,42800.0,42815.0,41660.0,1946437.0
2021.01.25,42800.0,860.0,41960.0,42800.0,41805.0,1201256.0
2021.01.22,41940.0,-165.0,42030.0,42470.0,41875.0,1716188.0
2021.01.21,42105.0,1205.0,41050.0,42105.0,40960.0,2700844.0
2021.01.20,40900.0,855.0,40380.0,40900.0,40025.0,720789.0
2021.01.19,40045.0,1080.0,39260.0,40255.0,38765.0,652224.0
2021.01.18,38965.0,-815.0,38935.0,39670.0,38555.0,694012.0
2021.01.15,39780.0,-815.0,40865.0,41165.0,39725.0,1216415.0
2021.01.14,40595.0,240.0,40255.0,40850.0,40020.0,1327870.0
2021.01.13,40355.0,515.0,39835.0,40565.0,39665.0,1282725.0
2021.01.12,39840.0,-180.0,39605.0,40200.0,38500.0,1069191.0
2021.01.11,40020.0,-555.0,40740.0,41815.0,39270.0,2515799.0
2021.01.08,40575.0,1405.0,39370.0,40575.0,39100.0,1998806.0
2021.01.07,39170.0,1410.0,38145.0,39720.0,38050.0,2007402.0
2021.01.06,37760.0,-400.0,38320.0,39020.0,37625.0,2354671.0
2021.01.05,38160.0,510.0,37130.0,38160.0,37005.0,2225043.0
2021.01.04,37650.0,1930.0,35745.0,37685.0,35720.0,1550986.0
2020.12.30,35720.0,835.0,34715.0,35720.0,34455.0,961985.0
2020.12.29,34885.0,1370.0,34080.0,34885.0,34080.0,869872.0
2020.12.28,33515.0,260.0,33360.0,34330.0,33355.0,1608803.0
2020.12.24,33255.0,365.0,33100.0,33345.0,32675.0,716577.0
2020.12.23,32890.0,1500.0,31395.0,33225.0,31100.0,2629299.0
2020.12.22,31390.0,-590.0,31870.0,31870.0,31375.0,571235.0
2020.12.21,31980.0,-185.0,32155.0,32155.0,31585.0,828281.0
2020.12.18,32165.0,-180.0,32370.0,32370.0,31990.0,515160.0
2020.12.17,32345.0,120.0,32195.0,32365.0,31900.0,504442.0
2020.12.16,32225.0,370.0,32050.0,32225.0,31955.0,509476.0
2020.12.15,31855.0,135.0,31720.0,31855.0,31400.0,250323.0
2020.12.14,31720.0,-50.0,31760.0,31875.0,31450.0,414827.0
2020.12.11,31770.0,55.0,31855.0,32020.0,31555.0,645639.0
2020.12.10,31715.0,-315.0,31605.0,32000.0,31340.0,1047291.0
2020.12.09,32030.0,800.0,31565.0,32030.0,31430.0,684294.0
2020.12.08,31230.0,0.0,31295.0,31665.0,31120.0,575348.0
2020.12.07,31230.0,120.0,31290.0,31365.0,30880.0,528213.0
2020.12.04,31110.0,425.0,30740.0,31265.0,30710.0,754329.0
2020.12.03,30685.0,265.0,30445.0,30685.0,30290.0,741513.0
2020.12.02,30420.0,650.0,29900.0,30430.0,29900.0,586967.0
2020.12.01,29770.0,660.0,29270.0,29770.0,29270.0,256517.0
2020.11.30,29110.0,-780.0,29910.0,30000.0,29110.0,680547.0
2020.11.27,29890.0,105.0,29760.0,29915.0,29575.0,351083.0
2020.11.26,29785.0,375.0,29430.0,29785.0,29295.0,432097.0
2020.11.25,29410.0,-360.0,29910.0,30095.0,29115.0,431138.0
2020.11.24,29770.0,310.0,29585.0,29810.0,29405.0,436809.0
2020.11.23,29460.0,650.0,28850.0,29500.0,28785.0,505668.0
2020.11.20,28810.0,-70.0,28865.0,28895.0,28650.0,291086.0
2020.11.19,28880.0,370.0,28455.0,28880.0,28435.0,307507.0
2020.11.18,28510.0,65.0,28585.0,28660.0,28350.0,327554.0
2020.11.17,28445.0,-45.0,28470.0,28635.0,28255.0,308253.0
2020.11.16,28490.0,635.0,28000.0,28490.0,27970.0,661026.0
2020.11.13,27855.0,105.0,27400.0,27920.0,27390.0,399213.0
2020.11.12,27750.0,-25.0,27815.0,27850.0,27600.0,148829.0
2020.11.11,27775.0,15.0,27650.0,27910.0,27620.0,247527.0
2020.11.10,27760.0,10.0,27855.0,27890.0,27495.0,200971.0
2020.11.09,27750.0,525.0,27405.0,27995.0,27400.0,1272019.0
2020.11.06,27225.0,205.0,27080.0,27365.0,27030.0,569254.0
2020.11.05,27020.0,745.0,26555.0,27020.0,26530.0,283509.0
2020.11.04,26275.0,140.0,26385.0,26480.0,26105.0,94561.0
2020.11.03,26135.0,625.0,25555.0,26210.0,25555.0,100173.0
2020.11.02,25510.0,205.0,25400.0,25510.0,25140.0,34822.0
2020.10.30,25305.0,-440.0,25770.0,25900.0,25270.0,82101.0
2020.10.29,25745.0,-280.0,25755.0,25790.0,25445.0,111159.0
2020.10.28,26040.0,-100.0,26130.0,26130.0,25910.0,41454.0
2020.10.27,26140.0,125.0,25910.0,26190.0,25840.0,33767.0
2020.10.26,26015.0,-145.0,26185.0,26375.0,25955.0,39781.0
2020.10.23,26160.0,60.0,26195.0,26310.0,25945.0,48851.0
2020.10.22,26100.0,-390.0,26420.0,26440.0,25970.0,82824.0
2020.10.21,26490.0,-100.0,26680.0,26700.0,26300.0,60742.0
2020.10.20,26590.0,400.0,25945.0,26750.0,25945.0,128037.0
2020.10.19,26190.0,40.0,26280.0,26385.0,26090.0,102663.0
2020.10.16,26150.0,-355.0,26525.0,26640.0,25950.0,70083.0
2020.10.15,26505.0,-330.0,26740.0,26740.0,26315.0,210783.0
2020.10.14,26835.0,-150.0,27105.0,27150.0,26685.0,211227.0
2020.10.13,26985.0,170.0,27065.0,27080.0,26695.0,146247.0
2020.10.12,26815.0,55.0,26950.0,27095.0,26730.0,76335.0
2020.10.08,26760.0,-70.0,26900.0,27060.0,26760.0,234056.0
2020.10.07,26830.0,285.0,26275.0,26830.0,26275.0,83835.0
2020.10.06,26545.0,65.0,26535.0,26800.0,26410.0,96160.0
2020.10.05,26480.0,195.0,26135.0,26570.0,26085.0,59249.0
2020.09.29,26285.0,280.0,26105.0,26490.0,26105.0,78274.0
2020.09.28,26005.0,315.0,25805.0,26050.0,25710.0,47960.0
2020.09.25,25690.0,140.0,25740.0,25865.0,25470.0,76609.0
2020.09.24,25550.0,-715.0,25850.0,26095.0,25475.0,319156.0
2020.09.23,26265.0,95.0,26450.0,26460.0,25455.0,129149.0
2020.09.22,26170.0,-560.0,26670.0,26790.0,25960.0,119639.0
2020.09.21,26730.0,-170.0,26860.0,27135.0,26510.0,246582.0
2020.09.18,26900.0,200.0,26900.0,27035.0,26650.0,189428.0
2020.09.17,26700.0,-140.0,26740.0,27030.0,26570.0,130997.0
2020.09.16,26840.0,-220.0,27050.0,27050.0,26700.0,348026.0
2020.09.15,27060.0,345.0,26835.0,27060.0,26660.0,478705.0
2020.09.14,26715.0,255.0,26665.0,26765.0,26570.0,238065.0
2020.09.11,26460.0,80.0,26380.0,26460.0,26100.0,165713.0
2020.09.10,26380.0,250.0,26380.0,26555.0,26325.0,359442.0
2020.09.09,26130.0,-50.0,25860.0,26350.0,25740.0,172604.0
2020.09.08,26180.0,560.0,25870.0,26180.0,25700.0,130957.0
2020.09.07,25620.0,40.0,25555.0,25745.0,25375.0,68102.0
2020.09.04,25580.0,-350.0,24965.0,25595.0,24965.0,180060.0
2020.09.03,25930.0,285.0,25795.0,26205.0,25795.0,68984.0
2020.09.02,25645.0,60.0,25830.0,25830.0,25330.0,64980.0
2020.09.01,25585.0,245.0,25375.0,25665.0,25220.0,82473.0
2020.08.31,25340.0,-650.0,26145.0,26265.0,25290.0,187862.0
2020.08.28,25990.0,-130.0,26165.0,26280.0,25840.0,442252.0
2020.08.27,26120.0,-10.0,26250.0,26410.0,26025.0,147875.0
2020.08.26,26130.0,100.0,25900.0,26240.0,25600.0,205024.0
2020.08.25,26030.0,290.0,25875.0,26040.0,25680.0,465408.0
2020.08.24,25740.0,485.0,25145.0,25810.0,24905.0,119376.0
2020.08.21,25255.0,715.0,24730.0,25580.0,24730.0,171451.0
2020.08.20,24540.0,-1070.0,25395.0,25495.0,24440.0,168235.0
2020.08.19,25610.0,-80.0,25600.0,25950.0,25505.0,148345.0
2020.08.18,25690.0,-695.0,26300.0,26585.0,25535.0,176733.0
2020.08.14,26385.0,-515.0,26670.0,26675.0,26140.0,217191.0
2020.08.13,26900.0,45.0,26905.0,27235.0,26465.0,618428.0
2020.08.12,26855.0,215.0,26480.0,26855.0,26280.0,281123.0
2020.08.11,26640.0,-160.0,26800.0,26855.0,26570.0,296784.0
2020.08.10,26800.0,205.0,26570.0,26810.0,26185.0,426562.0
2020.08.07,26595.0,270.0,26345.0,26825.0,26300.0,778717.0
2020.08.06,26325.0,175.0,26030.0,26525.0,26005.0,677501.0
2020.08.05,26150.0,780.0,25315.0,26150.0,25245.0,752136.0
2020.08.04,25370.0,290.0,25205.0,25395.0,25145.0,335989.0
2020.08.03,25080.0,230.0,24850.0,25110.0,24640.0,143125.0
2020.07.31,24850.0,-130.0,25035.0,25150.0,24715.0,448926.0
2020.07.30,24980.0,80.0,25070.0,25150.0,24825.0,150525.0
2020.07.29,24910.0,-90.0,25115.0,25180.0,24765.0,969014.0
2020.07.28,25000.0,590.0,24625.0,25125.0,24625.0,529172.0
2020.07.27,24410.0,195.0,24105.0,24455.0,24105.0,100017.0
2020.07.24,24215.0,-265.0,24275.0,24400.0,24110.0,79682.0
2020.07.23,24480.0,-235.0,24740.0,24740.0,24345.0,149146.0
2020.07.22,24715.0,0.0,24510.0,24730.0,24440.0,115490.0
2020.07.21,24715.0,410.0,24500.0,24790.0,24500.0,218608.0
2020.07.20,24305.0,-145.0,24450.0,24450.0,24115.0,164129.0
2020.07.17,24450.0,125.0,24370.0,24455.0,24325.0,40126.0
2020.07.16,24325.0,-295.0,24690.0,24715.0,24190.0,86289.0
2020.07.15,24620.0,285.0,24500.0,24700.0,24405.0,107429.0
2020.07.14,24335.0,125.0,24100.0,24335.0,24005.0,53745.0
2020.07.13,24210.0,225.0,24195.0,24220.0,23965.0,55260.0
2020.07.10,23985.0,-115.0,24100.0,24200.0,23770.0,104227.0
2020.07.09,24100.0,135.0,24005.0,24195.0,23950.0,84357.0
2020.07.08,23965.0,-180.0,24005.0,24305.0,23880.0,90655.0
2020.07.07,24145.0,-360.0,24585.0,24780.0,24050.0,226793.0
2020.07.06,24505.0,520.0,24030.0,24515.0,24015.0,203334.0
2020.07.03,23985.0,255.0,23845.0,23985.0,23760.0,33027.0
2020.07.02,23730.0,95.0,23740.0,23785.0,23470.0,32010.0
2020.07.01,23635.0,130.0,23795.0,23960.0,23535.0,81815.0
2020.06.30,23505.0,130.0,23790.0,23935.0,23505.0,42934.0
2020.06.29,23375.0,-405.0,23380.0,23735.0,23280.0,100867.0
2020.06.26,23780.0,180.0,23850.0,23935.0,23590.0,62210.0
2020.06.25,23600.0,-600.0,23620.0,23950.0,23600.0,92043.0
2020.06.24,24200.0,350.0,23960.0,24420.0,23955.0,226772.0
2020.06.23,23850.0,-35.0,24040.0,24260.0,23635.0,180564.0
2020.06.22,23885.0,-295.0,23895.0,24100.0,23825.0,63447.0
2020.06.19,24180.0,155.0,24090.0,24245.0,23595.0,52812.0
2020.06.18,24025.0,-305.0,24245.0,24245.0,23910.0,69982.0
2020.06.17,24330.0,485.0,23790.0,24330.0,23660.0,357904.0
2020.06.16,23845.0,1240.0,23290.0,23845.0,23120.0,126813.0
2020.06.15,22605.0,-1380.0,23755.0,23885.0,22605.0,241061.0
2020.06.12,23985.0,-700.0,23290.0,24080.0,23290.0,364583.0
2020.06.11,24685.0,-140.0,24750.0,24910.0,24250.0,366438.0
2020.06.10,24825.0,285.0,24505.0,24855.0,24415.0,168390.0
2020.06.09,24540.0,115.0,24600.0,24805.0,24250.0,408795.0
2020.06.08,24425.0,50.0,24560.0,24685.0,24255.0,301331.0
2020.06.05,24375.0,410.0,23945.0,24400.0,23810.0,303816.0
2020.06.04,23965.0,155.0,23960.0,24420.0,23760.0,386083.0
2020.06.03,23810.0,670.0,23290.0,23945.0,23285.0,596939.0
2020.06.02,23140.0,85.0,23115.0,23300.0,23055.0,110849.0
2020.06.01,23055.0,355.0,22700.0,23055.0,22700.0,124643.0
2020.05.29,22700.0,20.0,22570.0,22710.0,22450.0,127076.0
2020.05.28,22680.0,20.0,22920.0,23150.0,22355.0,233745.0
2020.05.27,22660.0,-230.0,22810.0,22950.0,22570.0,115336.0
2020.05.26,22890.0,785.0,22205.0,22955.0,22140.0,271027.0
2020.05.25,22105.0,350.0,21835.0,22115.0,21650.0,114468.0
2020.05.22,21755.0,-460.0,22155.0,22160.0,21640.0,126940.0
2020.05.21,22215.0,35.0,22230.0,22365.0,22095.0,108272.0
2020.05.20,22180.0,215.0,21935.0,22180.0,21820.0,127307.0
2020.05.19,21965.0,495.0,21760.0,22050.0,21760.0,174584.0
2020.05.18,21470.0,260.0,21275.0,21595.0,21010.0,72244.0
2020.05.15,21210.0,10.0,21420.0,21420.0,21065.0,84861.0
2020.05.14,21200.0,-305.0,21285.0,21385.0,21095.0,55618.0
2020.05.13,21505.0,310.0,20765.0,21505.0,20765.0,83655.0
2020.05.12,21195.0,20.0,21205.0,21330.0,20830.0,101412.0
2020.05.11,21175.0,-65.0,21300.0,21480.0,21140.0,100511.0
2020.05.08,21240.0,225.0,21165.0,21400.0,21115.0,138421.0
2020.05.07,21015.0,165.0,20850.0,21065.0,20755.0,42479.0
2020.05.06,20850.0,380.0,20750.0,20875.0,20595.0,62953.0
2020.05.04,20470.0,-600.0,20680.0,20740.0,20455.0,74435.0
2020.04.29,21070.0,160.0,20885.0,21220.0,20885.0,134856.0
2020.04.28,20910.0,145.0,20990.0,21015.0,20705.0,120465.0
2020.04.27,20945.0,300.0,20705.0,21030.0,20700.0,225407.0
2020.04.24,20645.0,-505.0,20850.0,20985.0,20580.0,117630.0
2020.04.23,21150.0,-65.0,21505.0,21505.0,21015.0,230291.0
2020.04.22,21215.0,260.0,20600.0,21215.0,20395.0,1081486.0
2020.04.21,20955.0,-130.0,20855.0,21050.0,20500.0,185511.0
2020.04.20,21085.0,-335.0,21500.0,21530.0,21000.0,179271.0
2020.04.17,21420.0,850.0,20900.0,21930.0,20900.0,320268.0
2020.04.16,20570.0,350.0,19915.0,20625.0,19890.0,319674.0
2020.04.14,20220.0,355.0,20100.0,20365.0,20015.0,139347.0
2020.04.13,19865.0,-620.0,20300.0,20300.0,19855.0,253364.0
2020.04.10,20485.0,-35.0,20520.0,20520.0,20185.0,177994.0
2020.04.09,20520.0,135.0,20630.0,20750.0,20365.0,172095.0
2020.04.08,20385.0,-205.0,20420.0,20820.0,20360.0,229893.0
2020.04.07,20590.0,595.0,20370.0,20700.0,20065.0,151439.0
2020.04.06,19995.0,895.0,19255.0,20000.0,19235.0,314772.0
2020.04.03,19100.0,-80.0,19345.0,19500.0,18905.0,575594.0
2020.04.02,19180.0,305.0,18925.0,19180.0,18515.0,246094.0
2020.04.01,18875.0,-840.0,19610.0,19770.0,18870.0,610369.0
2020.03.31,19715.0,-110.0,20005.0,20090.0,19365.0,568516.0
2020.03.30,19825.0,5.0,19220.0,19985.0,19030.0,159221.0
2020.03.27,19820.0,290.0,20300.0,20435.0,19185.0,304489.0
2020.03.26,19530.0,-570.0,20100.0,20450.0,19500.0,643817.0
2020.03.25,20100.0,1130.0,19995.0,20150.0,19350.0,590781.0
2020.03.24,18970.0,1870.0,17840.0,19000.0,17500.0,574291.0
2020.03.23,17100.0,-990.0,16820.0,17605.0,16705.0,429350.0
2020.03.20,18090.0,1525.0,17305.0,18160.0,16880.0,471727.0
2020.03.19,16565.0,-1545.0,18275.0,18540.0,16095.0,627373.0
2020.03.18,18110.0,-1245.0,19565.0,19675.0,17945.0,679634.0
2020.03.17,19355.0,-475.0,19030.0,20155.0,18955.0,603446.0
2020.03.16,19830.0,-910.0,20775.0,21155.0,19825.0,492903.0
2020.03.13,20740.0,-420.0,19850.0,21265.0,19040.0,607787.0
2020.03.12,21160.0,-885.0,21765.0,21930.0,20700.0,639025.0
2020.03.11,22045.0,-750.0,22855.0,22855.0,21920.0,1969879.0
2020.03.10,22795.0,365.0,22300.0,22895.0,22300.0,593455.0
2020.03.09,22430.0,-1320.0,23000.0,23025.0,22340.0,557678.0
2020.03.06,23750.0,-480.0,23930.0,24055.0,23615.0,789067.0
2020.03.05,24230.0,265.0,24100.0,24355.0,23930.0,323917.0
2020.03.04,23965.0,555.0,23265.0,24015.0,23200.0,317653.0
2020.03.03,23410.0,105.0,23900.0,24090.0,23370.0,535035.0
2020.03.02,23305.0,620.0,22950.0,23500.0,22670.0,363901.0
2020.02.28,22685.0,-1005.0,23165.0,23420.0,22655.0,223401.0
2020.02.27,23690.0,-470.0,24090.0,24245.0,23615.0,407782.0
2020.02.26,24160.0,-565.0,24195.0,24400.0,24015.0,471763.0
2020.02.25,24725.0,55.0,24475.0,24740.0,24250.0,783919.0
2020.02.24,24670.0,-960.0,24975.0,25100.0,24620.0,1062112.0
2020.02.21,25630.0,-380.0,25620.0,25945.0,25555.0,500301.0
2020.02.20,26010.0,-5.0,26150.0,26285.0,25710.0,379718.0
2020.02.19,26015.0,160.0,25965.0,26185.0,25655.0,337871.0
2020.02.18,25855.0,-450.0,26110.0,26235.0,25805.0,642535.0
2020.02.17,26305.0,115.0,26190.0,26390.0,26020.0,503671.0
2020.02.14,26190.0,195.0,26015.0,26280.0,25770.0,600940.0
2020.02.13,25995.0,85.0,26020.0,26290.0,25915.0,579413.0
2020.02.12,25910.0,190.0,25785.0,25990.0,25630.0,489185.0
2020.02.11,25720.0,560.0,25395.0,25875.0,25340.0,819574.0
2020.02.10,25160.0,-115.0,25000.0,25245.0,24855.0,203193.0
2020.02.07,25275.0,-160.0,25435.0,25450.0,25070.0,408298.0
2020.02.06,25435.0,625.0,24955.0,25475.0,24895.0,727024.0
2020.02.05,24810.0,80.0,25015.0,25180.0,24700.0,384045.0
2020.02.04,24730.0,860.0,23945.0,24740.0,23945.0,537672.0
2020.02.03,23870.0,215.0,23330.0,23950.0,23200.0,368713.0
2020.01.31,23655.0,-350.0,24070.0,24380.0,23635.0,266081.0
2020.01.30,24005.0,-540.0,24520.0,24610.0,23900.0,981628.0
2020.01.29,24555.0,245.0,24580.0,24640.0,24315.0,158782.0
2020.01.28,24310.0,-575.0,24025.0,24330.0,24025.0,199296.0
2020.01.23,24885.0,-355.0,25245.0,25245.0,24775.0,302096.0
2020.01.22,25240.0,405.0,24755.0,25290.0,24755.0,546500.0
2020.01.21,24835.0,-235.0,25070.0,25110.0,24820.0,131667.0
2020.01.20,25070.0,370.0,24860.0,25160.0,24860.0,484154.0
2020.01.17,24700.0,80.0,24810.0,24950.0,24590.0,352344.0
2020.01.16,24620.0,235.0,24265.0,24620.0,24200.0,358796.0
2020.01.15,24385.0,-150.0,24505.0,24515.0,24265.0,229515.0
2020.01.14,24535.0,170.0,24390.0,24875.0,24390.0,1929994.0
2020.01.13,24365.0,325.0,24025.0,24370.0,23960.0,1107537.0
2020.01.10,24040.0,390.0,23660.0,24040.0,23650.0,359072.0
2020.01.09,23650.0,450.0,23525.0,23650.0,23440.0,292464.0
2020.01.08,23200.0,-35.0,23235.0,23515.0,23075.0,480500.0
2020.01.07,23235.0,135.0,23140.0,23375.0,23140.0,62990.0
2020.01.06,23100.0,-95.0,22855.0,23145.0,22820.0,78168.0
2020.01.03,23195.0,35.0,23440.0,23600.0,23090.0,307733.0
2020.01.02,23160.0,-195.0,23365.0,23485.0,23160.0,169567.0
2019.12.30,23355.0,-145.0,23550.0,23550.0,23320.0,137285.0
2019.12.27,23500.0,655.0,23045.0,23580.0,23045.0,323708.0
2019.12.26,22845.0,30.0,22815.0,22880.0,22700.0,196750.0
2019.12.24,22815.0,-135.0,22950.0,22965.0,22750.0,572565.0
2019.12.23,22950.0,-80.0,23010.0,23145.0,22845.0,88716.0
2019.12.20,23030.0,165.0,23025.0,23060.0,22880.0,47165.0
2019.12.19,22865.0,25.0,23125.0,23170.0,22800.0,197379.0
2019.12.18,22840.0,-185.0,23100.0,23125.0,22755.0,1177417.0
2019.12.17,23025.0,415.0,22730.0,23100.0,22715.0,257646.0
2019.12.16,22610.0,125.0,22490.0,22650.0,22455.0,167939.0
2019.12.13,22485.0,465.0,22170.0,22550.0,22170.0,109162.0
2019.12.12,22020.0,315.0,21955.0,22060.0,21855.0,64653.0
2019.12.11,21705.0,105.0,21595.0,21765.0,21530.0,104674.0
2019.12.10,21600.0,180.0,21370.0,21610.0,21295.0,87549.0
2019.12.09,21420.0,135.0,21410.0,21475.0,21355.0,83825.0
2019.12.06,21285.0,320.0,21000.0,21285.0,21000.0,177879.0
2019.12.05,20965.0,60.0,21070.0,21185.0,20855.0,95531.0
2019.12.04,20905.0,-345.0,21085.0,21095.0,20800.0,39394.0
2019.12.03,21250.0,-80.0,21185.0,21305.0,21020.0,22920.0
2019.12.02,21330.0,125.0,21355.0,21485.0,21320.0,36976.0
2019.11.29,21205.0,-350.0,21560.0,21560.0,21195.0,102317.0
2019.11.28,21555.0,-160.0,21660.0,21730.0,21525.0,27412.0
2019.11.27,21715.0,10.0,21780.0,21825.0,21555.0,51375.0
2019.11.26,21705.0,80.0,21690.0,21925.0,21690.0,247182.0
2019.11.25,21625.0,190.0,21515.0,21765.0,21515.0,275809.0
2019.11.22,21435.0,145.0,21335.0,21475.0,21335.0,31462.0
2019.11.21,21290.0,-355.0,21590.0,21590.0,21155.0,82005.0
2019.11.20,21645.0,-475.0,22060.0,22060.0,21610.0,118092.0
2019.11.19,22120.0,45.0,22070.0,22140.0,21925.0,132203.0
2019.11.18,22075.0,70.0,22045.0,22225.0,21985.0,177457.0
2019.11.15,22005.0,360.0,21780.0,22040.0,21690.0,73187.0
2019.11.14,21645.0,75.0,21525.0,21710.0,21525.0,48908.0
2019.11.13,21570.0,-35.0,21605.0,21625.0,21495.0,127468.0
2019.11.12,21605.0,190.0,21455.0,21610.0,21335.0,165681.0
2019.11.11,21415.0,-270.0,21685.0,21685.0,21350.0,64291.0
2019.11.08,21685.0,-10.0,21795.0,21880.0,21640.0,15913.0
2019.11.07,21695.0,-90.0,21785.0,21785.0,21560.0,79185.0
2019.11.06,21785.0,-80.0,21820.0,21965.0,21735.0,75171.0
2019.11.05,21865.0,195.0,21755.0,21865.0,21680.0,40914.0
2019.11.04,21670.0,255.0,21580.0,21700.0,21575.0,63930.0
2019.11.01,21415.0,285.0,21085.0,21415.0,21085.0,577268.0
2019.10.31,21130.0,-115.0,21330.0,21425.0,21130.0,971185.0
2019.10.30,21245.0,-165.0,21425.0,21435.0,21175.0,192965.0
2019.10.29,21430.0,-75.0,21580.0,21650.0,21415.0,53401.0
2019.10.28,21505.0,225.0,21425.0,21550.0,21395.0,154260.0
2019.10.25,21280.0,215.0,21200.0,21340.0,21170.0,50136.0
2019.10.24,21065.0,165.0,21040.0,21180.0,20825.0,23685.0
2019.10.23,20900.0,-225.0,21065.0,21065.0,20840.0,28527.0
2019.10.22,21125.0,175.0,21070.0,21145.0,20990.0,25367.0
2019.10.21,20950.0,165.0,20790.0,20960.0,20740.0,48999.0
2019.10.18,20785.0,-240.0,21020.0,21185.0,20705.0,70771.0
2019.10.17,21025.0,-125.0,21150.0,21150.0,20900.0,121712.0
2019.10.16,21150.0,215.0,21125.0,21230.0,21100.0,34384.0
2019.10.15,20935.0,-90.0,20960.0,21035.0,20885.0,32229.0
2019.10.14,21025.0,90.0,21185.0,21280.0,21010.0,28507.0
2019.10.11,20935.0,115.0,21010.0,21015.0,20820.0,170790.0
2019.10.10,20820.0,5.0,20620.0,20895.0,20430.0,25158.0
2019.10.08,20815.0,285.0,20565.0,20845.0,20530.0,421771.0
2019.10.07,20530.0,135.0,20580.0,20650.0,20370.0,24714.0
2019.10.04,20395.0,55.0,20340.0,20655.0,20320.0,285754.0
2019.10.02,20340.0,-485.0,20710.0,20710.0,20340.0,52264.0
2019.10.01,20825.0,85.0,20780.0,20925.0,20735.0,19379.0
2019.09.30,20740.0,160.0,20485.0,20785.0,20400.0,30463.0
2019.09.27,20580.0,-225.0,20605.0,20695.0,20485.0,39004.0
2019.09.26,20805.0,130.0,20835.0,20960.0,20745.0,13894.0
2019.09.25,20675.0,-525.0,21010.0,21010.0,20660.0,22396.0
2019.09.24,21200.0,155.0,21025.0,21200.0,20935.0,102049.0
2019.09.23,21045.0,30.0,20980.0,21065.0,20930.0,18876.0
2019.09.20,21015.0,85.0,20925.0,21045.0,20885.0,16251.0
2019.09.19,20930.0,290.0,20755.0,21000.0,20755.0,143552.0
2019.09.18,20640.0,155.0,20450.0,20700.0,20450.0,28714.0
2019.09.17,20485.0,35.0,20475.0,20610.0,20465.0,16332.0
2019.09.16,20450.0,-155.0,20590.0,20590.0,20325.0,25656.0
2019.09.11,20605.0,-5.0,20760.0,20760.0,20480.0,19006.0
2019.09.10,20610.0,-70.0,20745.0,20745.0,20470.0,63778.0
2019.09.09,20680.0,95.0,20710.0,20770.0,20570.0,16173.0
2019.09.06,20585.0,-15.0,20765.0,20805.0,20545.0,158392.0
2019.09.05,20600.0,405.0,20375.0,20685.0,20355.0,154507.0
2019.09.04,20195.0,305.0,19845.0,20205.0,19845.0,204441.0
2019.09.03,19890.0,-10.0,19895.0,19960.0,19770.0,62039.0
2019.09.02,19900.0,-115.0,19880.0,19985.0,19720.0,15325.0
2019.08.30,20015.0,535.0,19670.0,20035.0,19670.0,8559.0
2019.08.29,19480.0,-140.0,19660.0,19660.0,19370.0,23459.0
2019.08.28,19620.0,195.0,19600.0,19680.0,19485.0,25925.0
2019.08.27,19425.0,140.0,19420.0,19590.0,19370.0,27898.0
2019.08.26,19285.0,-365.0,19300.0,19355.0,19185.0,75722.0
2019.08.23,19650.0,75.0,19525.0,19735.0,19500.0,14181.0
2019.08.22,19575.0,-335.0,19925.0,19925.0,19575.0,48907.0
2019.08.21,19910.0,-80.0,19950.0,20050.0,19890.0,13023.0
2019.08.20,19990.0,175.0,19875.0,20065.0,19800.0,40943.0
2019.08.19,19815.0,-10.0,20095.0,20095.0,19740.0,45338.0
2019.08.16,19825.0,-145.0,19850.0,19850.0,19670.0,489908.0
2019.08.14,19970.0,485.0,19970.0,20085.0,19875.0,387048.0
2019.08.13,19485.0,-215.0,19560.0,19620.0,19480.0,65001.0
2019.08.12,19700.0,195.0,19565.0,19755.0,19530.0,15605.0
2019.08.09,19505.0,320.0,19355.0,19565.0,19290.0,132578.0
2019.08.08,19185.0,-60.0,19340.0,19425.0,19145.0,264296.0
2019.08.07,19245.0,50.0,19430.0,19450.0,19120.0,21783.0
2019.08.06,19195.0,-510.0,19210.0,19585.0,19110.0,46860.0
2019.08.05,19705.0,-490.0,20135.0,20135.0,19705.0,37878.0
2019.08.02,20195.0,-240.0,20055.0,20305.0,20025.0,330593.0
2019.08.01,20435.0,15.0,20210.0,20500.0,20200.0,77242.0
2019.07.31,20420.0,-245.0,20665.0,20665.0,20150.0,29916.0
2019.07.30,20665.0,230.0,20550.0,20710.0,20500.0,15334.0
2019.07.29,20435.0,-420.0,20780.0,20780.0,20375.0,66971.0
2019.07.26,20855.0,35.0,20715.0,20885.0,20660.0,6587.0
2019.07.25,20820.0,-120.0,21005.0,21040.0,20665.0,27019.0
2019.07.24,20940.0,-205.0,21110.0,21335.0,20875.0,212385.0
2019.07.23,21145.0,45.0,21180.0,21365.0,21100.0,349903.0
2019.07.22,21100.0,130.0,20920.0,21130.0,20920.0,55614.0
2019.07.19,20970.0,325.0,20785.0,21025.0,20785.0,46799.0
2019.07.18,20645.0,-35.0,20715.0,20740.0,20565.0,18248.0
2019.07.17,20680.0,-215.0,20780.0,20780.0,20630.0,24544.0
2019.07.16,20895.0,95.0,20785.0,20935.0,20735.0,14724.0
2019.07.15,20800.0,170.0,20630.0,20810.0,20535.0,28370.0
2019.07.12,20630.0,60.0,20565.0,20730.0,20520.0,63420.0
2019.07.11,20570.0,260.0,20515.0,20620.0,20435.0,32662.0
2019.07.10,20310.0,290.0,20200.0,20450.0,20190.0,313075.0
2019.07.09,20020.0,-5.0,20130.0,20165.0,19930.0,13833.0
2019.07.08,20025.0,-475.0,20165.0,20165.0,19865.0,275445.0
2019.07.05,20500.0,-285.0,20780.0,20780.0,20430.0,53703.0
2019.07.04,20785.0,315.0,20510.0,20785.0,20510.0,69025.0
2019.07.03,20470.0,-325.0,20705.0,20820.0,20380.0,106624.0
2019.07.02,20795.0,-30.0,20690.0,20870.0,20600.0,62229.0
2019.07.01,20825.0,-45.0,21010.0,21020.0,20730.0,143994.0
2019.06.28,20870.0,-40.0,20960.0,21000.0,20720.0,10027.0
2019.06.27,20910.0,405.0,20645.0,20985.0,20605.0,121309.0
2019.06.26,20505.0,145.0,20440.0,20570.0,20415.0,60799.0
2019.06.25,20360.0,-100.0,20460.0,20550.0,20315.0,16980.0
2019.06.24,20460.0,20.0,20460.0,20545.0,20390.0,74576.0
2019.06.21,20440.0,-165.0,20535.0,20545.0,20365.0,33048.0
2019.06.20,20605.0,150.0,20530.0,20640.0,20425.0,59917.0
2019.06.19,20455.0,365.0,20400.0,20490.0,20285.0,79181.0
2019.06.18,20090.0,60.0,20055.0,20175.0,20025.0,161498.0
2019.06.17,20030.0,10.0,20035.0,20160.0,19980.0,9551.0
2019.06.14,20020.0,-130.0,19990.0,20080.0,19965.0,41745.0
2019.06.13,20150.0,-155.0,20265.0,20265.0,19975.0,40819.0
2019.06.12,20305.0,-305.0,20560.0,20560.0,20275.0,116155.0
2019.06.11,20610.0,365.0,20245.0,20640.0,20245.0,52155.0
2019.06.10,20245.0,290.0,20125.0,20245.0,19930.0,23594.0
2019.06.07,19955.0,145.0,19790.0,20035.0,19735.0,78607.0
2019.06.05,19810.0,-55.0,20130.0,20190.0,19735.0,21922.0
2019.06.04,19865.0,-225.0,19950.0,19970.0,19840.0,54968.0
2019.06.03,20090.0,465.0,19545.0,20120.0,19505.0,572456.0
2019.05.31,19625.0,90.0,19540.0,19745.0,19435.0,126348.0
2019.05.30,19535.0,290.0,19335.0,19595.0,19335.0,57871.0
2019.05.29,19245.0,-225.0,19350.0,19355.0,19130.0,20653.0
2019.05.28,19470.0,-105.0,19495.0,19675.0,19435.0,24483.0
2019.05.27,19575.0,75.0,19535.0,19720.0,19460.0,13762.0
2019.05.24,19500.0,-140.0,19600.0,19630.0,19440.0,25211.0
2019.05.23,19640.0,-75.0,19660.0,19700.0,19520.0,14992.0
2019.05.22,19715.0,10.0,19790.0,19790.0,19465.0,25789.0
2019.05.21,19705.0,300.0,19405.0,19940.0,19405.0,53392.0
2019.05.20,19405.0,-130.0,19620.0,19720.0,19350.0,36834.0
2019.05.17,19535.0,-155.0,19860.0,19910.0,19485.0,70988.0
2019.05.16,19690.0,-475.0,20115.0,20115.0,19605.0,71524.0
2019.05.15,20165.0,235.0,19945.0,20215.0,19905.0,73660.0
2019.05.14,19930.0,105.0,19650.0,20035.0,19535.0,22157.0
2019.05.13,19825.0,-320.0,19950.0,20135.0,19790.0,114498.0
2019.05.10,20145.0,-60.0,20285.0,20420.0,19865.0,89070.0
2019.05.09,20205.0,-935.0,21045.0,21075.0,20200.0,81790.0
2019.05.08,21140.0,-105.0,20965.0,21245.0,20910.0,22485.0
2019.05.07,21245.0,-240.0,21235.0,21245.0,21045.0,122531.0
2019.05.03,21485.0,-140.0,21625.0,21640.0,21430.0,26524.0
2019.05.02,21625.0,175.0,21345.0,21730.0,21345.0,91695.0
2019.04.30,21450.0,10.0,21415.0,21520.0,21145.0,109250.0
2019.04.29,21440.0,315.0,21165.0,21450.0,21145.0,72396.0
2019.04.26,21395.0,-285.0,21520.0,21590.0,21310.0,211959.0
2019.04.25,21680.0,265.0,21420.0,21740.0,21345.0,95020.0
2019.04.24,21415.0,-460.0,21895.0,21895.0,21270.0,366818.0
2019.04.23,21875.0,-25.0,21905.0,21955.0,21760.0,38864.0
2019.04.22,21900.0,-15.0,21935.0,22080.0,21760.0,50071.0
2019.04.19,21915.0,35.0,21990.0,22130.0,21880.0,65904.0
2019.04.18,21880.0,-385.0,22350.0,22350.0,21810.0,109058.0
2019.04.17,22265.0,110.0,22240.0,22415.0,22180.0,282120.0
2019.04.16,22155.0,30.0,22160.0,22225.0,22020.0,28055.0
2019.04.15,22125.0,140.0,22105.0,22155.0,22025.0,255781.0
2019.04.12,21985.0,-95.0,21945.0,22090.0,21890.0,386013.0
2019.04.11,22080.0,115.0,22060.0,22105.0,21965.0,28656.0
2019.04.10,21965.0,40.0,21765.0,22000.0,21720.0,31309.0
2019.04.09,21925.0,245.0,21765.0,21985.0,21705.0,128018.0
2019.04.08,21680.0,-120.0,21885.0,21905.0,21625.0,65450.0
2019.04.05,21800.0,-65.0,21855.0,21910.0,21720.0,50614.0
2019.04.04,21865.0,0.0,21925.0,22070.0,21725.0,1815828.0
2019.04.03,21865.0,415.0,21450.0,21915.0,21435.0,709912.0
2019.04.02,21450.0,55.0,21530.0,21600.0,21380.0,45472.0
2019.04.01,21395.0,270.0,21275.0,21500.0,21275.0,109604.0
2019.03.29,21125.0,270.0,20940.0,21195.0,20845.0,163947.0
2019.03.28,20855.0,-165.0,20860.0,21035.0,20755.0,1252317.0
2019.03.27,21020.0,170.0,20790.0,21070.0,20620.0,85530.0
2019.03.26,20850.0,60.0,20790.0,20895.0,20690.0,14191.0
2019.03.25,20790.0,-630.0,20985.0,21065.0,20710.0,136279.0
2019.03.22,21420.0,50.0,21520.0,21610.0,21305.0,147865.0
2019.03.21,21370.0,630.0,21050.0,21445.0,21050.0,354823.0
2019.03.20,20740.0,220.0,20530.0,20740.0,20340.0,65733.0
2019.03.19,20520.0,-85.0,20570.0,20630.0,20465.0,29730.0
2019.03.18,20605.0,-120.0,20730.0,20730.0,20530.0,40882.0
2019.03.15,20725.0,165.0,20550.0,20780.0,20550.0,68938.0
2019.03.14,20560.0,5.0,20630.0,20630.0,20460.0,47045.0
2019.03.13,20555.0,-110.0,20600.0,20630.0,20390.0,26518.0
2019.03.12,20665.0,185.0,20680.0,20810.0,20600.0,97754.0
2019.03.11,20480.0,35.0,20450.0,20540.0,20335.0,45140.0
2019.03.08,20445.0,-335.0,20610.0,20700.0,20385.0,48276.0
2019.03.07,20780.0,-85.0,20785.0,21020.0,20680.0,47930.0
2019.03.06,20865.0,-10.0,20800.0,20895.0,20725.0,17749.0
2019.03.05,20875.0,-165.0,20855.0,20935.0,20755.0,92674.0
2019.03.04,21040.0,-105.0,21270.0,21395.0,21020.0,30476.0
2019.02.28,21145.0,-500.0,21615.0,21615.0,21110.0,82384.0
2019.02.27,21645.0,0.0,21630.0,21780.0,21585.0,52055.0
2019.02.26,21645.0,-155.0,21780.0,21805.0,21530.0,40477.0
2019.02.25,21800.0,-30.0,21885.0,21955.0,21670.0,48600.0
2019.02.22,21830.0,40.0,21685.0,21830.0,21535.0,41518.0
2019.02.21,21790.0,-110.0,21745.0,21940.0,21600.0,118577.0
2019.02.20,21900.0,300.0,21675.0,21925.0,21675.0,68457.0
2019.02.19,21600.0,-75.0,21625.0,21765.0,21400.0,42766.0
2019.02.18,21675.0,290.0,21555.0,21720.0,21520.0,67853.0
2019.02.15,21385.0,-500.0,21735.0,21735.0,21305.0,108055.0
2019.02.14,21885.0,315.0,21570.0,21885.0,21430.0,31658.0
2019.02.13,21570.0,100.0,21690.0,21835.0,21570.0,34681.0
2019.02.12,21470.0,320.0,21155.0,21625.0,21135.0,173755.0
2019.02.11,21150.0,255.0,20905.0,21150.0,20830.0,21721.0
2019.02.08,20895.0,-535.0,21250.0,21250.0,20865.0,128363.0
2019.02.07,21430.0,300.0,21385.0,21570.0,21285.0,384168.0
2019.02.01,21130.0,120.0,21095.0,21330.0,21095.0,27141.0
2019.01.31,21010.0,-305.0,21490.0,21515.0,20980.0,578570.0
2019.01.30,21315.0,190.0,21110.0,21335.0,21005.0,25422.0
2019.01.29,21125.0,235.0,20810.0,21125.0,20600.0,58852.0
2019.01.28,20890.0,-245.0,21140.0,21140.0,20790.0,31789.0
2019.01.25,21135.0,950.0,20365.0,21135.0,20365.0,751467.0
2019.01.24,20185.0,205.0,20025.0,20225.0,19915.0,150846.0
2019.01.23,19980.0,85.0,19720.0,20075.0,19700.0,55576.0
2019.01.22,19895.0,-260.0,20200.0,20270.0,19775.0,42269.0
2019.01.21,20155.0,275.0,19940.0,20185.0,19875.0,155332.0
2019.01.18,19880.0,115.0,19905.0,19945.0,19775.0,15746.0
2019.01.17,19765.0,-200.0,20000.0,20010.0,19755.0,24979.0
2019.01.16,19965.0,190.0,19735.0,19965.0,19735.0,36215.0
2019.01.15,19775.0,450.0,19375.0,19785.0,19335.0,318123.0
2019.01.14,19325.0,-310.0,19580.0,19580.0,19290.0,46009.0
2019.01.11,19635.0,290.0,19490.0,19700.0,19460.0,103690.0
2019.01.10,19345.0,165.0,19300.0,19470.0,19210.0,127028.0
2019.01.09,19180.0,720.0,18545.0,19255.0,18545.0,20130.0
2019.01.08,18460.0,-185.0,18495.0,18670.0,18425.0,208641.0
2019.01.07,18645.0,580.0,18390.0,18695.0,18385.0,35962.0
2019.01.04,18065.0,0.0,18095.0,18095.0,17700.0,58062.0
2019.01.03,18065.0,-510.0,18520.0,18520.0,18065.0,84084.0
2019.01.02,18575.0,-225.0,18950.0,19005.0,18530.0,43055.0
2018.12.28,18800.0,10.0,18915.0,18970.0,18740.0,31868.0
2018.12.27,18790.0,485.0,18805.0,18860.0,18665.0,56009.0
2018.12.26,18305.0,-280.0,18225.0,18505.0,18210.0,83202.0
2018.12.24,18585.0,75.0,18455.0,18600.0,18380.0,12507.0
2018.12.21,18510.0,180.0,18285.0,18600.0,18285.0,53153.0
2018.12.20,18330.0,-295.0,18375.0,18395.0,18165.0,43478.0
2018.12.19,18625.0,130.0,18465.0,18640.0,18460.0,21986.0
2018.12.18,18495.0,-330.0,18555.0,18670.0,18430.0,36653.0
2018.12.17,18825.0,210.0,18490.0,18825.0,18490.0,54413.0
2018.12.14,18615.0,-805.0,19135.0,19135.0,18505.0,138020.0
2018.12.13,19420.0,200.0,19225.0,19420.0,19135.0,25056.0
2018.12.12,19220.0,405.0,18975.0,19220.0,18960.0,96466.0
2018.12.11,18815.0,15.0,18890.0,18890.0,18720.0,23796.0
2018.12.10,18800.0,-400.0,18920.0,18945.0,18705.0,94260.0
2018.12.07,19200.0,105.0,19285.0,19410.0,19165.0,32137.0
2018.12.06,19095.0,-680.0,19605.0,19605.0,19050.0,59935.0
2018.12.05,19775.0,-135.0,19560.0,19835.0,19560.0,41482.0
2018.12.04,19910.0,-400.0,20165.0,20210.0,19780.0,66024.0
2018.12.03,20310.0,395.0,20270.0,20325.0,20090.0,59218.0
2018.11.30,19915.0,-385.0,20340.0,20340.0,19870.0,63287.0
2018.11.29,20300.0,135.0,20530.0,20595.0,20265.0,32216.0
2018.11.28,20165.0,220.0,19960.0,20235.0,19940.0,31639.0
2018.11.27,19945.0,145.0,19830.0,19950.0,19650.0,27108.0
2018.11.26,19800.0,570.0,19240.0,19825.0,19240.0,20549.0
2018.11.23,19230.0,-20.0,19315.0,19330.0,19130.0,497179.0
2018.11.22,19250.0,55.0,19155.0,19345.0,19155.0,72249.0
2018.11.21,19195.0,-80.0,18990.0,19195.0,18835.0,34937.0
2018.11.20,19275.0,-440.0,19325.0,19420.0,19165.0,10136.0
2018.11.19,19715.0,55.0,19715.0,19825.0,19580.0,16838.0
2018.11.16,19660.0,-150.0,19890.0,19910.0,19580.0,89489.0
2018.11.15,19810.0,255.0,19620.0,19810.0,19485.0,49692.0
2018.11.14,19555.0,-115.0,19640.0,19760.0,19535.0,19669.0
2018.11.13,19670.0,-315.0,19635.0,19715.0,19345.0,96163.0
2018.11.12,19985.0,245.0,19580.0,20050.0,19580.0,44732.0
2018.11.09,19740.0,-75.0,19760.0,19925.0,19705.0,125872.0
2018.11.08,19815.0,200.0,19970.0,20100.0,19815.0,11790.0
2018.11.07,19615.0,-20.0,19650.0,19855.0,19570.0,1069295.0
2018.11.06,19635.0,-65.0,19670.0,19745.0,19430.0,128586.0
2018.11.05,19700.0,-300.0,19755.0,19760.0,19480.0,85242.0
2018.11.02,20000.0,900.0,19450.0,20000.0,19395.0,139750.0
2018.11.01,19100.0,-10.0,19235.0,19470.0,19100.0,24017.0
2018.10.31,19110.0,190.0,19085.0,19170.0,18830.0,43412.0
2018.10.30,18920.0,645.0,18180.0,19050.0,18130.0,127578.0
2018.10.29,18275.0,-230.0,18630.0,18710.0,18245.0,290427.0
2018.10.26,18505.0,-390.0,18895.0,18895.0,18110.0,17318.0
2018.10.25,18895.0,-475.0,18670.0,18920.0,18400.0,173876.0
2018.10.24,19370.0,-355.0,19820.0,19820.0,19225.0,74502.0
2018.10.23,19725.0,-475.0,20115.0,20115.0,19520.0,101865.0
2018.10.22,20200.0,-35.0,20075.0,20250.0,20010.0,11929.0
2018.10.19,20235.0,235.0,19900.0,20240.0,19755.0,58284.0
2018.10.18,20000.0,-240.0,20150.0,20240.0,19990.0,137682.0
2018.10.17,20240.0,210.0,20385.0,20505.0,20165.0,29732.0
2018.10.16,20030.0,-90.0,20165.0,20305.0,19990.0,60059.0
2018.10.15,20120.0,-270.0,20365.0,20365.0,20025.0,64419.0
2018.10.12,20390.0,580.0,19895.0,20495.0,19830.0,333922.0
2018.10.11,19810.0,-720.0,19920.0,20260.0,19810.0,183625.0
2018.10.10,20530.0,-240.0,20615.0,20675.0,20440.0,61446.0
2018.10.08,20770.0,60.0,20610.0,20955.0,20610.0,21644.0
2018.10.05,20710.0,-140.0,20770.0,20860.0,20590.0,108870.0
2018.10.04,20850.0,-285.0,21150.0,21150.0,20755.0,178218.0
2018.10.02,21135.0,-335.0,21505.0,21545.0,21040.0,586093.0
2018.10.01,21470.0,30.0,21525.0,21590.0,21380.0,108123.0
2018.09.28,21440.0,-285.0,21705.0,21735.0,21400.0,233400.0
2018.09.27,21725.0,-15.0,21690.0,21770.0,21610.0,668581.0
2018.09.21,21740.0,-140.0,21810.0,21855.0,21650.0,84361.0
2018.09.20,21880.0,70.0,21830.0,21995.0,21815.0,73114.0
2018.09.19,21810.0,85.0,21835.0,21870.0,21695.0,29216.0
2018.09.18,21725.0,45.0,21505.0,21750.0,21450.0,27027.0
2018.09.17,21680.0,-140.0,21775.0,21775.0,21505.0,150024.0
2018.09.14,21820.0,510.0,21640.0,21820.0,21615.0,63141.0
2018.09.13,21310.0,-140.0,21420.0,21470.0,21295.0,27953.0
2018.09.12,21450.0,-140.0,21650.0,21650.0,21375.0,42763.0
2018.09.11,21590.0,-55.0,21705.0,21850.0,21555.0,10233.0
2018.09.10,21645.0,65.0,21670.0,21735.0,21600.0,17789.0
2018.09.07,21580.0,-285.0,21595.0,21700.0,21440.0,176194.0
2018.09.06,21865.0,-255.0,21990.0,21995.0,21830.0,137789.0
2018.09.05,22120.0,-360.0,22370.0,22375.0,22065.0,29019.0
2018.09.04,22480.0,245.0,22250.0,22480.0,22235.0,255398.0
2018.09.03,22235.0,-175.0,22400.0,22505.0,22150.0,44160.0
2018.08.31,22410.0,-25.0,22245.0,22410.0,22105.0,99576.0
2018.08.30,22435.0,65.0,22300.0,22515.0,22285.0,81766.0
2018.08.29,22370.0,295.0,22160.0,22380.0,22105.0,105204.0
2018.08.28,22075.0,-200.0,22455.0,22465.0,22040.0,129524.0
2018.08.27,22275.0,305.0,22100.0,22315.0,22035.0,162789.0
2018.08.24,21970.0,10.0,21875.0,22055.0,21715.0,53507.0
2018.08.23,21960.0,295.0,21745.0,21960.0,21675.0,74603.0
2018.08.22,21665.0,140.0,21600.0,21720.0,21490.0,78724.0
2018.08.21,21525.0,505.0,21060.0,21575.0,21060.0,103522.0
2018.08.20,21020.0,-85.0,21215.0,21270.0,20955.0,42282.0
2018.08.17,21105.0,-60.0,21230.0,21280.0,21085.0,28109.0
2018.08.16,21165.0,-245.0,21045.0,21200.0,20880.0,74211.0
2018.08.14,21410.0,95.0,21425.0,21470.0,21280.0,106434.0
2018.08.13,21315.0,-205.0,21295.0,21380.0,21125.0,72338.0
2018.08.10,21520.0,-535.0,21925.0,21925.0,21470.0,42049.0
2018.08.09,22055.0,5.0,22025.0,22055.0,21870.0,405783.0
2018.08.08,22050.0,-75.0,22140.0,22220.0,21980.0,8425.0
2018.08.07,22125.0,350.0,21950.0,22125.0,21870.0,70056.0
2018.08.06,21775.0,-355.0,22100.0,22160.0,21760.0,54678.0
2018.08.03,22130.0,160.0,22120.0,22130.0,21950.0,16737.0
2018.08.02,21970.0,-310.0,22285.0,22385.0,21920.0,106505.0
2018.08.01,22280.0,45.0,22395.0,22400.0,22180.0,36197.0
2018.07.31,22235.0,-25.0,22255.0,22275.0,22125.0,56816.0
2018.07.30,22260.0,-355.0,22560.0,22560.0,22205.0,92134.0
2018.07.27,22615.0,25.0,22490.0,22630.0,22405.0,128879.0
2018.07.26,22590.0,410.0,22385.0,22595.0,22055.0,202345.0
2018.07.25,22180.0,-220.0,22385.0,22560.0,22115.0,92829.0
2018.07.24,22400.0,185.0,22210.0,22405.0,22170.0,135744.0
2018.07.23,22215.0,-550.0,22615.0,22615.0,22105.0,258125.0
2018.07.20,22765.0,-75.0,22825.0,22900.0,22590.0,90588.0
2018.07.19,22840.0,210.0,22750.0,22980.0,22750.0,160104.0
2018.07.18,22630.0,40.0,22735.0,22960.0,22630.0,49979.0
2018.07.17,22590.0,-50.0,22605.0,22690.0,22450.0,43045.0
2018.07.16,22640.0,-225.0,22805.0,22805.0,22555.0,63678.0
2018.07.13,22865.0,275.0,22695.0,22960.0,22695.0,67310.0
2018.07.12,22590.0,120.0,22505.0,22650.0,22370.0,91270.0
2018.07.11,22470.0,-70.0,22455.0,22595.0,22255.0,28966.0
2018.07.10,22540.0,130.0,22565.0,22650.0,22455.0,142621.0
2018.07.09,22410.0,430.0,22025.0,22465.0,22025.0,66228.0
2018.07.06,21980.0,10.0,21895.0,22070.0,21640.0,71413.0
2018.07.05,21970.0,-10.0,21955.0,22065.0,21865.0,31269.0
2018.07.04,21980.0,35.0,22120.0,22260.0,21950.0,202947.0
2018.07.03,21945.0,225.0,21980.0,22055.0,21730.0,241695.0
2018.07.02,21720.0,-440.0,22195.0,22255.0,21720.0,113255.0
2018.06.29,22160.0,210.0,22075.0,22220.0,21865.0,508305.0
2018.06.28,21950.0,-405.0,22140.0,22140.0,21930.0,148670.0
2018.06.27,22355.0,210.0,22220.0,22475.0,22220.0,225749.0
2018.06.26,22145.0,-145.0,21965.0,22155.0,21880.0,137263.0
2018.06.25,22290.0,-110.0,22400.0,22400.0,22185.0,177603.0
2018.06.22,22400.0,210.0,22035.0,22425.0,21980.0,20656.0
2018.06.21,22190.0,-25.0,22325.0,22405.0,22125.0,70592.0
2018.06.20,22215.0,425.0,21900.0,22290.0,21840.0,56303.0
2018.06.19,21790.0,-145.0,21875.0,22075.0,21750.0,31402.0
2018.06.18,21935.0,-470.0,22375.0,22375.0,21705.0,169962.0
2018.06.15,22405.0,-255.0,22760.0,22780.0,22350.0,139701.0
2018.06.14,22660.0,-330.0,22955.0,22995.0,22660.0,323290.0
2018.06.12,22990.0,35.0,23040.0,23040.0,22890.0,43201.0
2018.06.11,22955.0,60.0,22855.0,23000.0,22750.0,179286.0
2018.06.08,22895.0,-40.0,22880.0,22965.0,22800.0,276313.0
2018.06.07,22935.0,40.0,23050.0,23100.0,22885.0,424876.0
2018.06.05,22895.0,120.0,22780.0,22895.0,22725.0,200342.0
2018.06.04,22775.0,25.0,22820.0,22970.0,22760.0,106297.0
2018.06.01,22750.0,105.0,22550.0,22830.0,22420.0,60792.0
2018.05.31,22645.0,-95.0,22815.0,22850.0,22580.0,127898.0
2018.05.30,22740.0,-285.0,23005.0,23005.0,22575.0,176015.0
2018.05.29,23025.0,-50.0,23100.0,23180.0,22960.0,33211.0
2018.05.28,23075.0,-110.0,23145.0,23145.0,22925.0,187589.0
2018.05.25,23185.0,240.0,22885.0,23260.0,22885.0,469119.0
2018.05.24,22945.0,-125.0,23060.0,23070.0,22900.0,332661.0
2018.05.23,23070.0,670.0,22675.0,23105.0,22650.0,524780.0
2018.05.21,22400.0,135.0,22300.0,22465.0,22170.0,118739.0
2018.05.18,22265.0,-5.0,22340.0,22340.0,22120.0,54211.0
2018.05.17,22270.0,-100.0,22465.0,22545.0,22225.0,32645.0
2018.05.16,22370.0,260.0,22105.0,22385.0,22105.0,155266.0
2018.05.15,22110.0,-160.0,22300.0,22300.0,22050.0,142116.0
2018.05.14,22270.0,-125.0,22395.0,22475.0,22195.0,75580.0
2018.05.11,22395.0,40.0,22420.0,22495.0,22305.0,49151.0
2018.05.10,22355.0,255.0,22235.0,22405.0,22235.0,316506.0
2018.05.09,22100.0,165.0,22025.0,22140.0,21860.0,88229.0
2018.05.08,21935.0,-70.0,22155.0,22325.0,21895.0,111936.0
2018.05.04,22005.0,-365.0,22370.0,22370.0,21985.0,40487.0
2018.05.03,22370.0,-40.0,22450.0,22540.0,22310.0,20064.0
2018.05.02,22410.0,-90.0,22605.0,22645.0,22335.0,28739.0
2018.04.30,22500.0,-200.0,22655.0,22660.0,22435.0,53497.0
2018.04.27,22700.0,210.0,22850.0,22885.0,22545.0,147078.0
2018.04.26,22690.0,330.0,22435.0,22800.0,22435.0,1114924.0
2018.04.25,22360.0,-35.0,22200.0,22450.0,22125.0,53284.0
2018.04.24,22395.0,-375.0,22695.0,22695.0,22305.0,188677.0
2018.04.23,22770.0,-35.0,22765.0,22870.0,22660.0,76725.0
2018.04.20,22805.0,-425.0,23020.0,23055.0,22785.0,116472.0
2018.04.19,23230.0,165.0,23170.0,23230.0,23005.0,80273.0
2018.04.18,23065.0,190.0,23080.0,23170.0,23025.0,80983.0
2018.04.17,22875.0,20.0,22870.0,22985.0,22745.0,81621.0
2018.04.16,22855.0,-105.0,22980.0,23005.0,22785.0,80164.0
2018.04.13,22960.0,105.0,23050.0,23125.0,22910.0,225180.0
2018.04.12,22855.0,230.0,22665.0,22955.0,22615.0,41864.0
2018.04.11,22625.0,-55.0,22865.0,22865.0,22570.0,67260.0
2018.04.10,22680.0,-70.0,22675.0,22730.0,22430.0,88922.0
2018.04.09,22750.0,100.0,22600.0,22815.0,22600.0,114870.0
2018.04.06,22650.0,-185.0,22625.0,22710.0,22485.0,200780.0
2018.04.05,22835.0,405.0,22745.0,22960.0,22655.0,224051.0
2018.04.04,22430.0,-735.0,23180.0,23180.0,22390.0,458999.0
2018.04.03,23165.0,-25.0,22920.0,23165.0,22850.0,123970.0
2018.04.02,23190.0,-80.0,23295.0,23430.0,23175.0,62070.0
2018.03.30,23270.0,305.0,23235.0,23500.0,23235.0,168665.0
2018.03.29,22965.0,70.0,22975.0,23045.0,22830.0,686323.0
2018.03.28,22895.0,-430.0,23000.0,23100.0,22825.0,482022.0
2018.03.27,23325.0,-90.0,23605.0,23635.0,23185.0,344293.0
2018.03.26,23415.0,345.0,23035.0,23415.0,22950.0,266901.0
2018.03.23,23070.0,-1075.0,23465.0,23590.0,23030.0,317466.0
2018.03.22,24145.0,100.0,24100.0,24235.0,24000.0,117858.0
2018.03.21,24045.0,-70.0,24105.0,24220.0,23990.0,120278.0
2018.03.20,24115.0,155.0,23790.0,24115.0,23745.0,698110.0
2018.03.19,23960.0,-290.0,24180.0,24290.0,23960.0,159588.0
2018.03.16,24250.0,-20.0,24230.0,24250.0,23935.0,317382.0
2018.03.15,24270.0,50.0,24220.0,24290.0,24000.0,258732.0
2018.03.14,24220.0,10.0,24090.0,24235.0,24010.0,464692.0
2018.03.13,24210.0,550.0,23825.0,24260.0,23785.0,483322.0
2018.03.12,23660.0,270.0,23635.0,23760.0,23570.0,248990.0
2018.03.09,23390.0,400.0,23180.0,23495.0,23150.0,427762.0
2018.03.08,22990.0,265.0,22975.0,22990.0,22750.0,50962.0
2018.03.07,22725.0,40.0,22895.0,23025.0,22685.0,127036.0
2018.03.06,22685.0,720.0,22265.0,22715.0,22260.0,204103.0
2018.03.05,21965.0,-95.0,22130.0,22150.0,21945.0,67764.0
2018.03.02,22060.0,-170.0,22000.0,22160.0,21880.0,73206.0
2018.02.28,22230.0,-440.0,22650.0,22745.0,22200.0,142995.0
2018.02.27,22670.0,50.0,22805.0,22845.0,22650.0,74288.0
2018.02.26,22620.0,-65.0,22855.0,22900.0,22520.0,52618.0
2018.02.23,22685.0,325.0,22490.0,22695.0,22490.0,56037.0
2018.02.22,22360.0,-190.0,22430.0,22540.0,22330.0,124968.0
2018.02.21,22550.0,270.0,22285.0,22570.0,22240.0,52875.0
2018.02.20,22280.0,-370.0,22595.0,22595.0,22225.0,181156.0
2018.02.19,22650.0,105.0,22885.0,22920.0,22425.0,140830.0
2018.02.14,22545.0,175.0,22575.0,22730.0,22425.0,129351.0
2018.02.13,22370.0,500.0,22110.0,22545.0,22090.0,94819.0
2018.02.12,21870.0,350.0,21700.0,21915.0,21660.0,138945.0
2018.02.09,21520.0,-690.0,21600.0,21795.0,21510.0,249727.0
2018.02.08,22210.0,390.0,21950.0,22320.0,21925.0,178005.0
2018.02.07,21820.0,-415.0,22775.0,22775.0,21820.0,160059.0
2018.02.06,22235.0,-370.0,21945.0,22335.0,21770.0,97499.0
2018.02.05,22605.0,-525.0,22700.0,22780.0,22510.0,388252.0
2018.02.02,23130.0,-585.0,23705.0,23705.0,23045.0,339847.0
2018.02.01,23715.0,65.0,23775.0,23870.0,23630.0,141855.0
2018.01.31,23650.0,-55.0,23580.0,23995.0,23540.0,176002.0
2018.01.30,23705.0,-455.0,24055.0,24055.0,23690.0,102444.0
2018.01.29,24160.0,40.0,24210.0,24305.0,24080.0,334089.0
2018.01.26,24120.0,255.0,23945.0,24120.0,23905.0,277271.0
2018.01.25,23865.0,380.0,23580.0,23950.0,23500.0,131411.0
2018.01.24,23485.0,70.0,23490.0,23640.0,23370.0,120167.0
2018.01.23,23415.0,215.0,23225.0,23430.0,23180.0,383309.0
2018.01.22,23200.0,-305.0,23435.0,23435.0,23090.0,267071.0
2018.01.19,23505.0,-425.0,24000.0,24000.0,23450.0,438886.0
2018.01.18,23930.0,180.0,23975.0,24190.0,23830.0,343529.0
2018.01.17,23750.0,-165.0,23915.0,23915.0,23705.0,252512.0
2018.01.16,23915.0,435.0,23510.0,23930.0,23470.0,346614.0
2018.01.15,23480.0,-105.0,23705.0,23710.0,23470.0,283364.0
2018.01.12,23585.0,-60.0,23750.0,23815.0,23260.0,637719.0
2018.01.11,23645.0,-110.0,23755.0,23785.0,23575.0,263140.0
2018.01.10,23755.0,-510.0,24370.0,24370.0,23600.0,498572.0
2018.01.09,24265.0,-125.0,24400.0,24560.0,24120.0,452435.0
2018.01.08,24390.0,55.0,24420.0,24520.0,24250.0,509511.0
2018.01.05,24335.0,465.0,23940.0,24335.0,23930.0,284040.0
2018.01.04,23870.0,-70.0,24060.0,24080.0,23785.0,232765.0
2018.01.03,23940.0,50.0,24035.0,24075.0,23890.0,164328.0
2018.01.02,23890.0,170.0,23775.0,23950.0,23745.0,148766.0
2017.12.28,23720.0,270.0,23460.0,23720.0,23455.0,138051.0
2017.12.27,23450.0,670.0,23070.0,23450.0,23070.0,114422.0
2017.12.26,22780.0,-385.0,23170.0,23215.0,22780.0,186910.0
2017.12.22,23165.0,185.0,22955.0,23200.0,22955.0,315035.0
2017.12.21,22980.0,-570.0,23590.0,23590.0,22970.0,346664.0
2017.12.20,23550.0,-290.0,23850.0,23895.0,23550.0,82675.0
2017.12.19,23840.0,170.0,23785.0,23985.0,23740.0,250316.0
2017.12.18,23670.0,95.0,23575.0,23730.0,23550.0,147006.0
2017.12.15,23575.0,-235.0,23815.0,23890.0,23500.0,121665.0
2017.12.14,23810.0,150.0,23695.0,24020.0,23695.0,148597.0
2017.12.13,23660.0,60.0,23600.0,23665.0,23405.0,252651.0
2017.12.12,23600.0,55.0,23600.0,23655.0,23495.0,122411.0
2017.12.11,23545.0,-25.0,23600.0,23635.0,23380.0,229116.0
2017.12.08,23570.0,295.0,23450.0,23575.0,23365.0,135638.0
2017.12.07,23275.0,135.0,23300.0,23420.0,23055.0,85294.0
2017.12.06,23140.0,-235.0,23380.0,23570.0,23125.0,128398.0
2017.12.05,23375.0,-220.0,23420.0,23555.0,23270.0,215840.0
2017.12.04,23595.0,210.0,23425.0,23595.0,23290.0,375655.0
2017.12.01,23385.0,290.0,23200.0,23480.0,23185.0,198367.0
2017.11.30,23095.0,-840.0,23415.0,23560.0,23010.0,544772.0
2017.11.29,23935.0,-55.0,24035.0,24035.0,23860.0,105597.0
2017.11.28,23990.0,30.0,23980.0,24090.0,23770.0,277376.0
2017.11.27,23960.0,-675.0,24715.0,24715.0,23915.0,648762.0
2017.11.24,24635.0,75.0,24530.0,24635.0,24465.0,357818.0
2017.11.23,24560.0,-285.0,24855.0,24855.0,24555.0,433253.0
2017.11.22,24845.0,295.0,24740.0,24895.0,24705.0,697967.0
2017.11.21,24550.0,410.0,24250.0,24570.0,24225.0,310137.0
2017.11.20,24140.0,-180.0,24415.0,24415.0,24085.0,293933.0
2017.11.17,24320.0,135.0,24430.0,24660.0,24315.0,227890.0
2017.11.16,24185.0,190.0,23955.0,24215.0,23880.0,236498.0
2017.11.15,23995.0,-60.0,24105.0,24105.0,23875.0,231697.0
2017.11.14,24055.0,-10.0,24100.0,24170.0,23960.0,151053.0
2017.11.13,24065.0,-220.0,24265.0,24385.0,24055.0,182883.0
2017.11.10,24285.0,-80.0,24190.0,24370.0,24120.0,420022.0
2017.11.09,24365.0,-195.0,24575.0,24575.0,24210.0,473093.0
2017.11.08,24560.0,180.0,24365.0,24645.0,24300.0,246239.0
2017.11.07,24380.0,-160.0,24535.0,24535.0,24310.0,349974.0
2017.11.06,24540.0,60.0,24455.0,24580.0,24295.0,448280.0
2017.11.03,24480.0,-25.0,24445.0,24550.0,24250.0,635468.0
2017.11.02,24505.0,-115.0,24615.0,24700.0,24375.0,526197.0
2017.11.01,24620.0,455.0,24215.0,24620.0,24195.0,1317860.0
2017.10.31,24165.0,330.0,23835.0,24165.0,23760.0,674054.0
2017.10.30,23835.0,295.0,23715.0,23880.0,23670.0,305356.0
2017.10.27,23540.0,275.0,23280.0,23590.0,23245.0,213726.0
2017.10.26,23265.0,-335.0,23630.0,23720.0,23265.0,245084.0
2017.10.25,23600.0,-35.0,23640.0,23745.0,23530.0,275403.0
2017.10.24,23635.0,-310.0,23895.0,23950.0,23600.0,434088.0
2017.10.23,23945.0,355.0,23795.0,23945.0,23730.0,423370.0
2017.10.20,23590.0,280.0,23400.0,23650.0,23400.0,323438.0
2017.10.19,23310.0,-210.0,23490.0,23655.0,23310.0,387998.0
2017.10.18,23520.0,-125.0,23645.0,23800.0,23445.0,291939.0
2017.10.17,23645.0,180.0,23580.0,23760.0,23555.0,446760.0
2017.10.16,23465.0,-190.0,23645.0,23855.0,23320.0,546647.0
2017.10.13,23655.0,-265.0,23900.0,23920.0,23570.0,425049.0
2017.10.12,23920.0,35.0,23900.0,23985.0,23795.0,532641.0
2017.10.11,23885.0,315.0,23710.0,23885.0,23605.0,434194.0
2017.10.10,23570.0,660.0,23275.0,23695.0,23265.0,627568.0
2017.09.29,22910.0,215.0,22725.0,22940.0,22710.0,161687.0
2017.09.28,22695.0,-130.0,23015.0,23025.0,22650.0,369382.0
2017.09.27,22825.0,-45.0,22970.0,23000.0,22810.0,224316.0
2017.09.26,22870.0,-495.0,23110.0,23260.0,22775.0,501301.0
2017.09.25,23365.0,185.0,23105.0,23475.0,23105.0,273222.0
2017.09.22,23180.0,-160.0,23245.0,23530.0,23050.0,446544.0
2017.09.21,23340.0,-20.0,23315.0,23435.0,23105.0,464500.0
2017.09.20,23360.0,40.0,23360.0,23500.0,23130.0,555771.0
2017.09.19,23320.0,-235.0,23460.0,23530.0,23175.0,550483.0
2017.09.18,23555.0,525.0,23090.0,23555.0,23090.0,541377.0
2017.09.15,23030.0,135.0,22795.0,23035.0,22740.0,497448.0
2017.09.14,22895.0,345.0,22600.0,22895.0,22600.0,616956.0
2017.09.13,22550.0,340.0,22260.0,22700.0,22195.0,2164331.0
2017.09.12,22210.0,75.0,22205.0,22285.0,22095.0,650058.0
2017.09.11,22135.0,325.0,22005.0,22150.0,21990.0,381579.0
2017.09.08,21810.0,15.0,21850.0,21945.0,21760.0,175466.0
2017.09.07,21795.0,190.0,21700.0,21890.0,21620.0,1067917.0
2017.09.06,21605.0,215.0,21390.0,21610.0,21375.0,335753.0
2017.09.05,21390.0,370.0,21095.0,21440.0,21095.0,166962.0
2017.09.04,21020.0,-255.0,20715.0,21175.0,20715.0,102267.0
2017.09.01,21275.0,-30.0,21370.0,21405.0,21135.0,117643.0
2017.08.31,21305.0,-75.0,21350.0,21395.0,21235.0,76637.0
2017.08.30,21380.0,430.0,21045.0,21380.0,21045.0,84839.0
2017.08.29,20950.0,-75.0,20900.0,20950.0,20640.0,54918.0
2017.08.28,21025.0,-230.0,21185.0,21275.0,21005.0,103897.0
2017.08.25,21255.0,-5.0,21290.0,21335.0,21200.0,344989.0
2017.08.24,21260.0,130.0,21145.0,21300.0,21120.0,371088.0
2017.08.23,21130.0,50.0,21210.0,21285.0,21085.0,87715.0
2017.08.22,21080.0,175.0,21015.0,21095.0,20940.0,64805.0
2017.08.21,20905.0,30.0,20870.0,20965.0,20810.0,50890.0
2017.08.18,20875.0,75.0,20590.0,20900.0,20500.0,52344.0
2017.08.17,20800.0,50.0,20750.0,20905.0,20745.0,60861.0
2017.08.16,20750.0,265.0,20815.0,20815.0,20680.0,183044.0
2017.08.14,20485.0,415.0,20345.0,20485.0,20225.0,108117.0
2017.08.11,20070.0,-405.0,20010.0,20225.0,19955.0,219215.0
2017.08.10,20475.0,-20.0,20415.0,20560.0,20265.0,66367.0
2017.08.09,20495.0,-480.0,20740.0,20765.0,20450.0,129971.0
2017.08.08,20975.0,245.0,20820.0,21015.0,20770.0,78376.0
2017.08.07,20730.0,155.0,20595.0,20815.0,20580.0,81093.0
2017.08.04,20575.0,-5.0,20625.0,20805.0,20485.0,61187.0
2017.08.03,20580.0,-480.0,21060.0,21070.0,20480.0,1309404.0
2017.08.02,21060.0,345.0,20975.0,21100.0,20945.0,774434.0
2017.08.01,20715.0,-20.0,20630.0,20880.0,20505.0,123275.0
2017.07.31,20735.0,315.0,20270.0,20735.0,20270.0,76604.0
2017.07.28,20420.0,-820.0,21200.0,21200.0,20420.0,1285556.0
2017.07.27,21270.0,115.0,21100.0,21440.0,21100.0,199113.0
2017.07.26,21155.0,-545.0,21690.0,21690.0,21120.0,792483.0
2017.07.25,21700.0,-300.0,21950.0,22005.0,21650.0,373646.0
2017.07.24,22000.0,10.0,21990.0,22030.0,21880.0,200077.0
2017.07.21,21990.0,0.0,21860.0,22030.0,21860.0,319890.0
2017.07.20,21990.0,65.0,22010.0,22010.0,21800.0,324133.0
2017.07.19,21925.0,-105.0,22090.0,22100.0,21830.0,246340.0
2017.07.18,22030.0,40.0,22010.0,22100.0,21985.0,183526.0
2017.07.17,21990.0,175.0,22040.0,22070.0,21875.0,145959.0
2017.07.14,21815.0,-130.0,22050.0,22105.0,21785.0,1109956.0
2017.07.13,21945.0,420.0,21670.0,22065.0,21645.0,485865.0
2017.07.12,21525.0,-100.0,21650.0,21705.0,21490.0,163871.0
2017.07.11,21625.0,255.0,21415.0,21625.0,21270.0,104091.0
2017.07.10,21370.0,-135.0,21615.0,21615.0,21370.0,90480.0
2017.07.07,21505.0,-225.0,21600.0,21725.0,21480.0,183443.0
2017.07.06,21730.0,-75.0,21900.0,21940.0,21605.0,218162.0
2017.07.05,21805.0,350.0,21455.0,21835.0,21425.0,223577.0
2017.07.04,21455.0,85.0,21370.0,21600.0,21285.0,228846.0
2017.07.03,21370.0,-270.0,21650.0,21695.0,21310.0,295366.0
2017.06.30,21640.0,-190.0,21565.0,21690.0,21475.0,904640.0
2017.06.29,21830.0,170.0,21830.0,21990.0,21725.0,1394557.0
2017.06.28,21660.0,-530.0,21920.0,22015.0,21600.0,1074353.0
2017.06.27,22190.0,90.0,22100.0,22250.0,21950.0,732258.0
2017.06.26,22100.0,470.0,21730.0,22100.0,21650.0,679661.0
2017.06.23,21630.0,285.0,21380.0,21630.0,21280.0,322261.0
2017.06.22,21345.0,-35.0,21455.0,21570.0,21340.0,274487.0
2017.06.21,21380.0,100.0,20965.0,21380.0,20855.0,417943.0
2017.06.20,21280.0,-5.0,21575.0,21660.0,21180.0,402976.0
2017.06.19,21285.0,325.0,21015.0,21285.0,20960.0,297940.0
2017.06.16,20960.0,-45.0,21000.0,21170.0,20815.0,117100.0
2017.06.15,21005.0,180.0,20835.0,21035.0,20735.0,303001.0
2017.06.14,20825.0,25.0,20985.0,21065.0,20745.0,170407.0
2017.06.13,20800.0,210.0,20485.0,20845.0,20485.0,233220.0
2017.06.12,20590.0,-670.0,20870.0,20955.0,20530.0,458183.0
2017.06.09,21260.0,565.0,20815.0,21260.0,20730.0,290260.0
2017.06.08,20695.0,185.0,20525.0,20750.0,20510.0,117017.0
2017.06.07,20510.0,-25.0,20605.0,20665.0,20480.0,83790.0
2017.06.05,20535.0,35.0,20545.0,20600.0,20490.0,186348.0
2017.06.02,20500.0,420.0,20140.0,20500.0,20140.0,618513.0
2017.06.01,20080.0,-80.0,20210.0,20210.0,20000.0,132539.0
2017.05.31,20160.0,-150.0,20225.0,20410.0,20115.0,379433.0
2017.05.30,20310.0,-120.0,20480.0,20505.0,20145.0,629758.0
2017.05.29,20430.0,190.0,20365.0,20595.0,20285.0,167525.0
2017.05.26,20240.0,205.0,20075.0,20315.0,20010.0,253550.0
2017.05.25,20035.0,115.0,20025.0,20035.0,19875.0,55700.0
2017.05.24,19920.0,190.0,19875.0,19945.0,19860.0,37242.0
2017.05.23,19730.0,-65.0,19875.0,19915.0,19725.0,47788.0
2017.05.22,19795.0,205.0,19710.0,19815.0,19685.0,147413.0
2017.05.19,19590.0,-75.0,19655.0,19730.0,19560.0,173059.0
2017.05.18,19665.0,-85.0,19475.0,19705.0,19470.0,79936.0
2017.05.17,19750.0,75.0,19625.0,19800.0,19625.0,56701.0
2017.05.16,19675.0,-45.0,19890.0,19925.0,19670.0,104630.0
2017.05.15,19720.0,15.0,19705.0,19795.0,19600.0,130991.0
2017.05.12,19705.0,-45.0,19795.0,19900.0,19630.0,185750.0
2017.05.11,19750.0,240.0,19580.0,19805.0,19465.0,715664.0
2017.05.10,19510.0,-400.0,19920.0,20130.0,19430.0,110284.0
2017.05.08,19910.0,495.0,19470.0,19910.0,19380.0,147504.0
2017.05.04,19415.0,290.0,19240.0,19415.0,19210.0,115536.0
2017.05.02,19125.0,210.0,19045.0,19230.0,18985.0,166542.0
2017.04.28,18915.0,105.0,18955.0,19110.0,18840.0,131193.0
2017.04.27,18810.0,0.0,18855.0,18855.0,18620.0,68123.0
2017.04.26,18970.0,100.0,19030.0,19095.0,18950.0,116585.0
2017.04.25,18870.0,220.0,18650.0,18870.0,18590.0,62441.0
2017.04.24,18650.0,95.0,18640.0,18715.0,18525.0,85249.0
2017.04.21,18555.0,170.0,18410.0,18605.0,18410.0,33296.0
2017.04.20,18385.0,170.0,18265.0,18385.0,18205.0,22313.0
2017.04.19,18215.0,-85.0,18340.0,18370.0,18205.0,16472.0
2017.04.18,18300.0,105.0,18310.0,18360.0,18155.0,10891.0
2017.04.17,18195.0,-160.0,18405.0,18405.0,18195.0,32737.0
2017.04.14,18355.0,-140.0,18355.0,18460.0,18250.0,104092.0
2017.04.13,18495.0,335.0,18150.0,18495.0,18150.0,39194.0
2017.04.12,18160.0,55.0,18100.0,18175.0,18030.0,29254.0
2017.04.11,18105.0,-175.0,18250.0,18250.0,18015.0,1443534.0
2017.04.10,18280.0,-135.0,18420.0,18420.0,18245.0,332372.0
2017.04.07,18415.0,45.0,18365.0,18445.0,18270.0,339697.0
2017.04.06,18370.0,-155.0,18465.0,18465.0,18270.0,358284.0
2017.04.05,18525.0,-70.0,18495.0,18555.0,18390.0,1106993.0
2017.04.04,18595.0,-60.0,18655.0,18700.0,18560.0,45796.0
2017.04.03,18655.0,225.0,18460.0,18655.0,18420.0,1828699.0
2017.03.31,18430.0,-125.0,18510.0,18520.0,18415.0,19729.0
2017.03.30,18555.0,-65.0,18670.0,18745.0,18445.0,36438.0
2017.03.29,18620.0,215.0,18510.0,18620.0,18410.0,103392.0
2017.03.28,18405.0,-45.0,18555.0,18555.0,18270.0,41114.0
2017.03.27,18450.0,5.0,18440.0,18565.0,18375.0,14904.0
2017.03.24,18445.0,25.0,18470.0,18575.0,18380.0,580471.0
2017.03.23,18420.0,50.0,18370.0,18485.0,18350.0,39770.0
2017.03.22,18370.0,135.0,18155.0,18380.0,18155.0,173967.0
2017.03.21,18235.0,320.0,18095.0,18280.0,18000.0,53779.0
2017.03.20,17915.0,-85.0,17965.0,17965.0,17855.0,22104.0
2017.03.17,18000.0,0.0,18020.0,18020.0,17895.0,59402.0
2017.03.16,18000.0,45.0,18085.0,18180.0,17955.0,35421.0
2017.03.15,17955.0,-65.0,17875.0,17980.0,17830.0,163661.0
2017.03.14,18020.0,120.0,18010.0,18020.0,17880.0,56597.0
2017.03.13,17900.0,405.0,17515.0,17915.0,17515.0,64202.0
2017.03.10,17495.0,115.0,17300.0,17500.0,17300.0,27067.0
2017.03.09,17380.0,-110.0,17490.0,17520.0,17355.0,13012.0
2017.03.08,17490.0,25.0,17465.0,17535.0,17400.0,300109.0
2017.03.07,17465.0,65.0,17350.0,17485.0,17275.0,14053.0
2017.03.06,17400.0,205.0,17150.0,17430.0,17150.0,20039.0
2017.03.03,17195.0,-75.0,17235.0,17285.0,17070.0,18864.0
2017.03.02,17270.0,400.0,17115.0,17320.0,17040.0,28961.0
2017.02.28,16870.0,-40.0,16910.0,17060.0,16870.0,28235.0
2017.02.27,16910.0,-235.0,17105.0,17105.0,16845.0,35251.0
2017.02.24,17145.0,-410.0,17500.0,17500.0,17115.0,61084.0
2017.02.23,17555.0,-5.0,17575.0,17585.0,17435.0,64032.0
2017.02.22,17560.0,75.0,17530.0,17580.0,17500.0,20426.0
2017.02.21,17485.0,235.0,17220.0,17505.0,17185.0,41103.0
2017.02.20,17250.0,125.0,17190.0,17280.0,17125.0,26460.0
2017.02.17,17125.0,-45.0,17110.0,17225.0,17070.0,357321.0
2017.02.16,17170.0,205.0,16955.0,17170.0,16955.0,41831.0
2017.02.15,16965.0,5.0,16875.0,16985.0,16790.0,20356.0
2017.02.14,16960.0,-225.0,17200.0,17200.0,16830.0,319575.0
2017.02.13,17185.0,-45.0,17215.0,17240.0,17140.0,42399.0
2017.02.10,17230.0,-285.0,17510.0,17510.0,17230.0,55448.0
2017.02.09,17515.0,-115.0,17505.0,17575.0,17400.0,371382.0
2017.02.08,17630.0,55.0,17575.0,17630.0,17380.0,40086.0
2017.02.07,17575.0,-45.0,17660.0,17660.0,17520.0,16133.0
2017.02.06,17620.0,0.0,17690.0,17690.0,17525.0,22251.0
2017.02.03,17620.0,180.0,17535.0,17620.0,17370.0,16375.0
2017.02.02,17440.0,-150.0,17555.0,17650.0,17435.0,18948.0
2017.02.01,17590.0,180.0,17515.0,17615.0,17470.0,17386.0
2017.01.31,17410.0,0.0,17375.0,17530.0,17335.0,19499.0
2017.01.26,17410.0,210.0,17230.0,17420.0,17230.0,23787.0
2017.01.25,17200.0,150.0,17120.0,17290.0,17105.0,22749.0
2017.01.24,17050.0,20.0,17085.0,17170.0,16970.0,44221.0
2017.01.23,17030.0,135.0,16895.0,17030.0,16755.0,63436.0
2017.01.20,16895.0,-50.0,16870.0,16895.0,16780.0,10301.0
2017.01.19,16945.0,180.0,16935.0,17000.0,16800.0,19952.0
2017.01.18,16765.0,-50.0,16775.0,16810.0,16595.0,16384.0
2017.01.17,16815.0,50.0,16640.0,16860.0,16640.0,30747.0
2017.01.16,16765.0,-235.0,16870.0,16915.0,16620.0,32111.0
2017.01.13,17000.0,-210.0,17050.0,17090.0,16910.0,622086.0
2017.01.12,17210.0,80.0,17130.0,17210.0,17040.0,35149.0
2017.01.11,17130.0,315.0,16930.0,17180.0,16920.0,57477.0
2017.01.10,16815.0,-15.0,16830.0,16875.0,16740.0,24297.0
2017.01.09,16830.0,275.0,16615.0,16885.0,16615.0,72940.0
2017.01.06,16555.0,125.0,16535.0,16655.0,16515.0,126163.0
2017.01.05,16430.0,-5.0,16485.0,16555.0,16410.0,24379.0
2017.01.04,16435.0,-40.0,16430.0,16520.0,16410.0,81630.0
2017.01.03,16475.0,270.0,15905.0,16480.0,15905.0,62350.0
2017.01.02,16205.0,100.0,16100.0,16260.0,16030.0,17900.0
2016.12.29,16105.0,80.0,16020.0,16115.0,15950.0,4848.0
2016.12.28,16025.0,15.0,16080.0,16110.0,16015.0,22613.0
2016.12.27,16010.0,20.0,16000.0,16020.0,15935.0,6096.0
2016.12.26,15990.0,90.0,15980.0,15990.0,15915.0,9053.0
2016.12.23,15900.0,-80.0,15995.0,16020.0,15895.0,5767.0
2016.12.22,15980.0,-10.0,16040.0,16105.0,15895.0,214846.0
2016.12.21,15990.0,15.0,15955.0,16085.0,15915.0,20925.0
2016.12.20,15975.0,35.0,15980.0,15980.0,15865.0,17819.0
2016.12.19,15940.0,-70.0,15990.0,16025.0,15875.0,25166.0
2016.12.16,16010.0,195.0,15865.0,16025.0,15800.0,32918.0
2016.12.15,15815.0,55.0,15705.0,15840.0,15680.0,11244.0
2016.12.14,15760.0,65.0,15780.0,15850.0,15745.0,20907.0
2016.12.13,15695.0,50.0,15520.0,15710.0,15520.0,1610.0
2016.12.12,15645.0,-115.0,15695.0,15715.0,15565.0,17261.0
2016.12.09,15760.0,40.0,15745.0,15760.0,15670.0,9663.0
2016.12.08,15720.0,315.0,15665.0,15805.0,15580.0,147642.0
2016.12.07,15405.0,55.0,15385.0,15485.0,15385.0,15676.0
2016.12.06,15350.0,230.0,15280.0,15400.0,15280.0,7972.0
2016.12.05,15120.0,-25.0,15055.0,15180.0,15025.0,10752.0
2016.12.02,15145.0,-195.0,15250.0,15250.0,15090.0,16876.0
2016.12.01,15340.0,-50.0,15345.0,15395.0,15295.0,10086.0
2016.11.30,15390.0,115.0,15255.0,15450.0,15240.0,182118.0
2016.11.29,15275.0,40.0,15200.0,15310.0,15165.0,35054.0
2016.11.28,15235.0,120.0,15115.0,15290.0,15110.0,12877.0
2016.11.25,15115.0,25.0,15150.0,15170.0,15085.0,5830.0
2016.11.24,15090.0,-205.0,15155.0,15170.0,15065.0,16733.0
2016.11.23,15295.0,60.0,15205.0,15295.0,15170.0,1333.0
2016.11.22,15235.0,340.0,15045.0,15235.0,14990.0,46758.0
2016.11.21,14895.0,-20.0,14855.0,14925.0,14815.0,4275.0
2016.11.18,14915.0,100.0,14885.0,14915.0,14820.0,10438.0
2016.11.17,14815.0,85.0,14730.0,14815.0,14710.0,8849.0
2016.11.16,14730.0,290.0,14540.0,14730.0,14540.0,2603.0
2016.11.15,14440.0,-25.0,14510.0,14625.0,14440.0,20474.0
2016.11.14,14465.0,-190.0,14655.0,14685.0,14465.0,4097.0
2016.11.11,14655.0,-525.0,14845.0,14845.0,14635.0,15215.0
2016.11.10,15180.0,340.0,15025.0,15180.0,15025.0,7005.0
2016.11.09,14840.0,-365.0,15310.0,15310.0,14665.0,1277.0
2016.11.08,15205.0,5.0,15275.0,15275.0,15185.0,1034.0
2016.11.07,15200.0,210.0,15140.0,15275.0,15140.0,68118.0
2016.11.04,14990.0,-95.0,15070.0,15070.0,14990.0,8321.0
2016.11.03,15085.0,-50.0,15115.0,15140.0,15010.0,7743.0
2016.11.02,15135.0,-225.0,15295.0,15295.0,15090.0,4436.0
2016.11.01,15360.0,10.0,15320.0,15360.0,15260.0,4989.0
2016.10.31,15350.0,-95.0,15445.0,15500.0,15315.0,11282.0
2016.10.28,15445.0,50.0,15575.0,15575.0,15395.0,16418.0
2016.10.27,15395.0,45.0,15480.0,15515.0,15395.0,13341.0
2016.10.26,15350.0,40.0,15305.0,15350.0,15275.0,4056.0
2016.10.25,15310.0,35.0,15295.0,15340.0,15295.0,10110.0
2016.10.24,15275.0,50.0,15310.0,15325.0,15195.0,7843.0
2016.10.21,15225.0,-85.0,15250.0,15250.0,15195.0,8211.0
2016.10.20,15310.0,75.0,15305.0,15310.0,15220.0,5253.0
2016.10.19,15235.0,-135.0,15340.0,15360.0,15235.0,8730.0
2016.10.18,15370.0,-50.0,15425.0,15430.0,15290.0,10225.0
2016.10.17,15420.0,40.0,15365.0,15425.0,15260.0,9636.0
2016.10.14,15380.0,160.0,15200.0,15380.0,15200.0,14091.0
2016.10.13,15220.0,-120.0,15390.0,15405.0,15220.0,13960.0
2016.10.12,15340.0,-70.0,15320.0,15405.0,15270.0,18752.0
2016.10.11,15410.0,-290.0,15655.0,15700.0,15350.0,13656.0
2016.10.10,15700.0,25.0,15590.0,15730.0,15575.0,18714.0
2016.10.07,15675.0,-110.0,15825.0,15825.0,15660.0,29091.0
2016.10.06,15785.0,125.0,15880.0,15920.0,15745.0,43151.0
2016.10.05,15660.0,145.0,15490.0,15685.0,15395.0,5628.0
2016.10.04,15515.0,115.0,15555.0,15565.0,15445.0,10709.0
2016.09.30,15400.0,-160.0,15435.0,15435.0,15320.0,14341.0
2016.09.29,15560.0,135.0,15425.0,15600.0,15420.0,21406.0
2016.09.28,15425.0,-15.0,15440.0,15535.0,15400.0,12096.0
2016.09.27,15440.0,225.0,15165.0,15475.0,15125.0,11555.0
2016.09.26,15215.0,-85.0,15290.0,15310.0,15200.0,11143.0
2016.09.23,15300.0,-115.0,15310.0,15360.0,15265.0,14773.0
2016.09.22,15415.0,210.0,15365.0,15475.0,15315.0,2702.0
2016.09.21,15205.0,105.0,15190.0,15255.0,15185.0,15283.0
2016.09.20,15100.0,-55.0,15155.0,15205.0,15035.0,8038.0
2016.09.19,15155.0,270.0,14990.0,15175.0,14990.0,17005.0
2016.09.13,14885.0,235.0,14870.0,14955.0,14840.0,17210.0
2016.09.12,14650.0,-625.0,14840.0,14880.0,14640.0,18102.0
2016.09.09,15275.0,-280.0,15425.0,15425.0,15210.0,42330.0
2016.09.08,15555.0,-15.0,15570.0,15620.0,15445.0,41173.0
2016.09.07,15570.0,-5.0,15575.0,15645.0,15530.0,38200.0
2016.09.06,15575.0,155.0,15420.0,15575.0,15420.0,52726.0
2016.09.05,15420.0,260.0,15265.0,15420.0,15265.0,347325.0
2016.09.02,15160.0,75.0,15080.0,15160.0,15050.0,14860.0
2016.09.01,15085.0,-220.0,15170.0,15180.0,15000.0,35697.0
2016.08.31,15305.0,-5.0,15370.0,15370.0,15265.0,10541.0
2016.08.30,15310.0,30.0,15330.0,15395.0,15270.0,9706.0
2016.08.29,15280.0,10.0,15165.0,15280.0,15120.0,9166.0
2016.08.26,15270.0,-45.0,15195.0,15300.0,15195.0,12436.0
2016.08.25,15315.0,-55.0,15300.0,15380.0,15220.0,25914.0
2016.08.24,15370.0,-100.0,15480.0,15480.0,15280.0,13751.0
2016.08.23,15470.0,0.0,15465.0,15490.0,15395.0,58228.0
2016.08.22,15470.0,20.0,15450.0,15495.0,15390.0,41997.0
2016.08.19,15450.0,200.0,15250.0,15450.0,15250.0,60147.0
2016.08.18,15250.0,370.0,14960.0,15250.0,14930.0,80574.0
2016.08.17,14880.0,-45.0,14805.0,14910.0,14785.0,110124.0
2016.08.16,14925.0,5.0,14995.0,15085.0,14890.0,17669.0
2016.08.12,14920.0,-55.0,14910.0,15020.0,14865.0,5771.0
2016.08.11,14975.0,145.0,14830.0,14975.0,14745.0,7589.0
2016.08.10,14830.0,-150.0,14970.0,14980.0,14760.0,28880.0
2016.08.09,14980.0,125.0,14855.0,14980.0,14810.0,10721.0
2016.08.08,14855.0,135.0,14775.0,14915.0,14750.0,63955.0
2016.08.05,14720.0,310.0,14545.0,14735.0,14530.0,131840.0
2016.08.04,14410.0,60.0,14450.0,14485.0,14390.0,15237.0
2016.08.03,14350.0,-115.0,14290.0,14460.0,14290.0,13876.0
2016.08.02,14465.0,-120.0,14525.0,14525.0,14425.0,25086.0
2016.08.01,14585.0,110.0,14620.0,14650.0,14490.0,64623.0
2016.07.29,14475.0,145.0,14375.0,14540.0,14375.0,34132.0
2016.07.28,14330.0,-5.0,14450.0,14455.0,14275.0,23295.0
2016.07.27,14335.0,70.0,14270.0,14385.0,14270.0,49399.0
2016.07.26,14265.0,145.0,14135.0,14265.0,14070.0,58025.0
2016.07.25,14120.0,-55.0,14175.0,14260.0,14120.0,48149.0
2016.07.22,14175.0,0.0,14135.0,14175.0,14080.0,52325.0
2016.07.21,14175.0,60.0,14190.0,14255.0,14155.0,58745.0
2016.07.20,14115.0,-125.0,14240.0,14240.0,14105.0,37211.0
2016.07.19,14240.0,-25.0,14300.0,14340.0,14190.0,60058.0
2016.07.18,14265.0,-20.0,14270.0,14295.0,14225.0,45442.0
2016.07.15,14285.0,-5.0,14410.0,14440.0,14225.0,86822.0
2016.07.14,14290.0,120.0,14170.0,14295.0,14135.0,77020.0
2016.07.13,14170.0,100.0,14225.0,14290.0,14110.0,68929.0
2016.07.12,14070.0,-65.0,14160.0,14195.0,14005.0,36889.0
2016.07.11,14135.0,190.0,14050.0,14185.0,14040.0,7591.0
2016.07.08,13945.0,70.0,13935.0,14005.0,13910.0,42832.0
2016.07.07,13875.0,240.0,13750.0,13920.0,13725.0,58431.0
2016.07.06,13635.0,-415.0,13920.0,13935.0,13585.0,76757.0
2016.07.05,14050.0,35.0,13985.0,14060.0,13985.0,33164.0
2016.07.04,14015.0,70.0,13910.0,14045.0,13880.0,13404.0
2016.07.01,13945.0,215.0,13785.0,13945.0,13705.0,6024.0
2016.06.30,13730.0,195.0,13640.0,13745.0,13535.0,14432.0
2016.06.29,13535.0,135.0,13550.0,13595.0,13485.0,29927.0
2016.06.28,13400.0,105.0,13210.0,13400.0,13210.0,14521.0
2016.06.27,13295.0,-190.0,13315.0,13390.0,13295.0,9311.0
2016.06.24,13485.0,-335.0,14015.0,14015.0,13300.0,35015.0
2016.06.23,13820.0,120.0,13750.0,13840.0,13730.0,12636.0
2016.06.22,13700.0,130.0,13590.0,13715.0,13525.0,17822.0
2016.06.21,13570.0,80.0,13485.0,13570.0,13395.0,1313.0
2016.06.20,13490.0,155.0,13485.0,13540.0,13415.0,26043.0
2016.06.17,13335.0,10.0,13405.0,13460.0,13335.0,3913.0
2016.06.16,13325.0,-135.0,13540.0,13540.0,13320.0,12917.0
2016.06.15,13460.0,115.0,13460.0,13505.0,13375.0,45023.0
2016.06.14,13345.0,50.0,13210.0,13345.0,13200.0,2083.0
2016.06.13,13295.0,-245.0,13330.0,13345.0,13275.0,17008.0
2016.06.10,13540.0,0.0,13590.0,13630.0,13480.0,5383.0
2016.06.09,13540.0,50.0,13575.0,13630.0,13495.0,87478.0
2016.06.08,13490.0,80.0,13520.0,13520.0,13400.0,12241.0
2016.06.07,13410.0,190.0,13375.0,13445.0,13375.0,10490.0
2016.06.03,13220.0,-115.0,13275.0,13330.0,13220.0,8778.0
2016.06.02,13335.0,-20.0,13435.0,13480.0,13335.0,3811.0
2016.06.01,13355.0,-70.0,13335.0,13420.0,13210.0,13155.0
2016.05.31,13425.0,115.0,13320.0,13425.0,13225.0,10496.0
2016.05.30,13310.0,-5.0,13360.0,13360.0,13310.0,2210.0
2016.05.27,13315.0,150.0,13240.0,13335.0,13155.0,9312.0
2016.05.26,13165.0,-15.0,13180.0,13200.0,13155.0,1634.0
2016.05.25,13180.0,145.0,13105.0,13225.0,13080.0,22112.0
2016.05.24,13035.0,-5.0,13110.0,13110.0,13035.0,962.0
2016.05.23,13040.0,110.0,12955.0,13050.0,12945.0,10110.0
2016.05.20,12930.0,-25.0,12940.0,12940.0,12895.0,2416.0
2016.05.19,12955.0,5.0,12935.0,12960.0,12890.0,1272.0
2016.05.18,12950.0,-15.0,12875.0,12950.0,12820.0,1915.0
2016.05.17,12965.0,90.0,12980.0,12980.0,12930.0,8697.0
2016.05.16,12875.0,35.0,12865.0,12930.0,12825.0,606.0
2016.05.13,12840.0,-75.0,12930.0,12930.0,12815.0,604603.0
2016.05.12,12915.0,-40.0,12945.0,12945.0,12850.0,486093.0
2016.05.11,12955.0,-110.0,13045.0,13085.0,12900.0,2172.0
2016.05.10,13065.0,80.0,13005.0,13065.0,13000.0,723.0
2016.05.09,12985.0,-25.0,13025.0,13025.0,12930.0,2799.0
2016.05.04,13010.0,-35.0,12985.0,13025.0,12985.0,907.0
2016.05.03,13045.0,80.0,13035.0,13060.0,13035.0,100.0
2016.05.02,12965.0,-15.0,12995.0,12995.0,12960.0,361.0
2016.04.29,12980.0,-45.0,13030.0,13030.0,12950.0,412.0
2016.04.28,13025.0,-210.0,13235.0,13235.0,13025.0,1912.0
2016.04.27,13355.0,-55.0,13385.0,13395.0,13345.0,1516.0
2016.04.26,13410.0,70.0,13350.0,13475.0,13350.0,836.0
2016.04.25,13340.0,55.0,13305.0,13340.0,13275.0,2782.0
2016.04.22,13285.0,-90.0,13325.0,13330.0,13230.0,2002.0
2016.04.21,13375.0,90.0,13300.0,13375.0,13295.0,2686.0
2016.04.20,13285.0,-30.0,13315.0,13345.0,13230.0,4383.0
2016.04.19,13315.0,25.0,13325.0,13385.0,13265.0,4789.0
2016.04.18,13290.0,-115.0,13380.0,13380.0,13290.0,570.0
2016.04.15,13405.0,30.0,13445.0,13445.0,13320.0,2794.0
2016.04.14,13375.0,60.0,13535.0,13535.0,13340.0,2175.0
2016.04.12,13315.0,75.0,13305.0,13340.0,13220.0,1981.0
2016.04.11,13240.0,55.0,13200.0,13240.0,13145.0,1724.0
2016.04.08,13185.0,55.0,13060.0,13185.0,13055.0,1357.0
2016.04.07,13130.0,50.0,13185.0,13210.0,13085.0,101729.0
2016.04.06,13080.0,-50.0,13155.0,13155.0,13055.0,1226.0
2016.04.05,13130.0,-145.0,13270.0,13270.0,13130.0,906.0
2016.04.04,13275.0,135.0,13230.0,13345.0,13220.0,1901.0
2016.04.01,13140.0,-160.0,13315.0,13315.0,13135.0,1672.0
2016.03.31,13300.0,-135.0,13420.0,13440.0,13300.0,1756.0
2016.03.30,13435.0,170.0,13400.0,13490.0,13360.0,1809.0
2016.03.29,13265.0,80.0,13210.0,13265.0,13210.0,160.0
2016.03.28,13185.0,-80.0,13185.0,13185.0,13185.0,451.0
2016.03.25,13265.0,-115.0,13355.0,13355.0,13200.0,4135.0
2016.03.24,13380.0,-105.0,13500.0,13500.0,13365.0,3500.0
2016.03.23,13485.0,-70.0,13550.0,13615.0,13485.0,3361.0
2016.03.22,13555.0,135.0,13445.0,13585.0,13445.0,154947.0
2016.03.21,13420.0,75.0,13465.0,13540.0,13375.0,265254.0
2016.03.18,13345.0,30.0,13455.0,13455.0,13345.0,136588.0
2016.03.17,13315.0,15.0,13430.0,13480.0,13305.0,129718.0
2016.03.16,13300.0,-130.0,13385.0,13400.0,13295.0,1332.0
2016.03.15,13430.0,30.0,13530.0,13530.0,13430.0,823.0
2016.03.14,13400.0,-70.0,13525.0,13525.0,13335.0,3317.0
2016.03.11,13470.0,115.0,13405.0,13500.0,13405.0,1642.0
2016.03.10,13355.0,220.0,13220.0,13380.0,13220.0,1521.0
2016.03.09,13135.0,45.0,13015.0,13135.0,12985.0,761.0
2016.03.08,13090.0,-150.0,13160.0,13205.0,13090.0,1301.0
2016.03.07,13240.0,-75.0,13315.0,13360.0,13240.0,2107.0
2016.03.04,13315.0,-65.0,13335.0,13355.0,13290.0,2051.0
2016.03.03,13380.0,95.0,13375.0,13380.0,13285.0,3262.0
2016.03.02,13285.0,165.0,13250.0,13325.0,13245.0,682.0
2016.02.29,13120.0,-10.0,13080.0,13120.0,13060.0,773.0
2016.02.26,13130.0,-10.0,13085.0,13130.0,13085.0,506.0
2016.02.25,13140.0,40.0,13270.0,13270.0,13045.0,2793.0
2016.02.24,13100.0,65.0,13100.0,13180.0,13090.0,4140.0
2016.02.23,13035.0,85.0,13020.0,13075.0,12985.0,1711.0
2016.02.22,12950.0,-45.0,12990.0,12995.0,12950.0,728.0
2016.02.19,12995.0,-30.0,12980.0,12995.0,12875.0,369.0
2016.02.18,13025.0,100.0,13065.0,13065.0,12935.0,795.0
2016.02.17,12925.0,135.0,12850.0,12955.0,12825.0,605.0
2016.02.16,12790.0,280.0,12790.0,12790.0,12790.0,157.0
2016.02.15,12510.0,215.0,12470.0,12510.0,12420.0,1551.0
2016.02.12,12295.0,-40.0,12350.0,12425.0,12260.0,1304.0
2016.02.11,12335.0,-455.0,12425.0,12500.0,12320.0,228558.0
2016.02.05,12790.0,45.0,12810.0,12890.0,12790.0,24417.0
2016.02.04,12745.0,130.0,12675.0,12745.0,12675.0,5043.0
2016.02.03,12615.0,-210.0,12620.0,12625.0,12560.0,1457.0
2016.02.02,12825.0,-180.0,12910.0,12910.0,12820.0,613.0
2016.02.01,13005.0,175.0,12870.0,13015.0,12865.0,194030.0
2016.01.29,12830.0,-175.0,12725.0,12830.0,12630.0,437340.0
2016.01.28,13005.0,-220.0,12950.0,13005.0,12860.0,790.0
2016.01.27,13225.0,225.0,13115.0,13225.0,13035.0,4353.0
2016.01.26,13000.0,-195.0,13060.0,13060.0,13000.0,170.0
2016.01.25,13195.0,120.0,13120.0,13195.0,13075.0,1967.0
2016.01.22,13075.0,395.0,12860.0,13075.0,12860.0,2584.0
2016.01.21,12680.0,-95.0,12785.0,12835.0,12680.0,4451.0
2016.01.20,12775.0,-235.0,13045.0,13050.0,12775.0,2417.0
2016.01.19,13010.0,-70.0,13035.0,13055.0,12990.0,3554.0
2016.01.18,13080.0,-5.0,12895.0,13080.0,12875.0,2966.0
2016.01.15,13085.0,30.0,13250.0,13250.0,13000.0,7357.0
2016.01.14,13055.0,-155.0,12985.0,13105.0,12970.0,2940.0
2016.01.13,13210.0,180.0,13130.0,13210.0,13100.0,3838.0
2016.01.12,13030.0,-65.0,13130.0,13210.0,13005.0,10638.0
2016.01.11,13095.0,-185.0,13110.0,13160.0,13070.0,6672.0
2016.01.08,13280.0,-85.0,13260.0,13300.0,13185.0,3507.0
2016.01.07,13365.0,20.0,13365.0,13405.0,13350.0,3200.0
2016.01.06,13345.0,-165.0,13390.0,13445.0,13335.0,745.0
2016.01.05,13510.0,90.0,13490.0,13585.0,13425.0,5050.0
2016.01.04,13420.0,-400.0,13670.0,13670.0,13420.0,2617.0
2015.12.30,13820.0,55.0,13725.0,13820.0,13725.0,2317.0
2015.12.29,13765.0,150.0,13645.0,13800.0,13645.0,1350.0
2015.12.28,13615.0,-405.0,13735.0,13740.0,13615.0,2918.0
2015.12.24,14020.0,-80.0,14100.0,14100.0,14020.0,793.0
2015.12.23,14100.0,125.0,13960.0,14100.0,13960.0,8450.0
2015.12.22,13975.0,135.0,13785.0,13975.0,13785.0,1575.0
2015.12.21,13840.0,85.0,13705.0,13840.0,13705.0,1892.0
2015.12.18,13755.0,-160.0,13730.0,13765.0,13730.0,1132.0
2015.12.17,13915.0,-25.0,14000.0,14030.0,13850.0,1162.0
2015.12.16,13940.0,305.0,13905.0,13940.0,13905.0,739.0
2015.12.15,13635.0,60.0,13610.0,13635.0,13610.0,1497.0
2015.12.14,13575.0,-195.0,13560.0,13575.0,13495.0,629.0
2015.12.11,13770.0,50.0,13815.0,13820.0,13755.0,16815.0
2015.12.10,13720.0,35.0,13715.0,13725.0,13685.0,6096.0
2015.12.09,13685.0,30.0,13670.0,13720.0,13670.0,4770.0
2015.12.08,13655.0,-175.0,13740.0,13740.0,13650.0,1233.0
2015.12.07,13830.0,-70.0,13885.0,13900.0,13830.0,3907.0
2015.12.04,13900.0,30.0,13730.0,13900.0,13730.0,725.0
2015.12.03,13870.0,-135.0,13895.0,13910.0,13830.0,3163.0
2015.12.02,14005.0,-40.0,14130.0,14140.0,14005.0,2679.0
2015.12.01,14045.0,40.0,14030.0,14065.0,14010.0,657.0
2015.11.30,14005.0,-245.0,14120.0,14120.0,13975.0,2987.0
2015.11.27,14250.0,-30.0,14305.0,14350.0,14245.0,2359.0
2015.11.26,14280.0,240.0,14085.0,14385.0,14075.0,3209.0
2015.11.25,14040.0,160.0,13995.0,14040.0,13955.0,3093.0
2015.11.24,13880.0,95.0,13835.0,13880.0,13760.0,1410.0
2015.11.23,13785.0,-10.0,13740.0,13830.0,13740.0,4358.0
2015.11.20,13795.0,205.0,13800.0,13830.0,13795.0,683.0
2015.11.19,13590.0,95.0,13530.0,13635.0,13495.0,967.0
2015.11.18,13495.0,120.0,13375.0,13495.0,13375.0,1220.0
2015.11.17,13375.0,185.0,13285.0,13375.0,13280.0,2070.0
2015.11.16,13190.0,-240.0,13270.0,13270.0,13190.0,1956.0
2015.11.13,13430.0,-130.0,13455.0,13455.0,13430.0,1844.0
2015.11.12,13560.0,40.0,13580.0,13580.0,13560.0,182.0
2015.11.11,13520.0,-10.0,13485.0,13555.0,13485.0,1163.0
2015.11.10,13530.0,-165.0,13620.0,13620.0,13530.0,10231.0
2015.11.09,13695.0,-35.0,13680.0,13695.0,13630.0,2240.0
2015.11.06,13730.0,-110.0,13755.0,13755.0,13645.0,4366.0
2015.11.05,13840.0,50.0,13800.0,13875.0,13780.0,6616.0
2015.11.04,13790.0,55.0,13770.0,13790.0,13715.0,2407.0
2015.11.03,13735.0,-75.0,13860.0,13860.0,13730.0,426.0
2015.11.02,13810.0,275.0,13705.0,13810.0,13660.0,1225.0
2015.10.30,13535.0,-180.0,13590.0,13635.0,13535.0,965.0
2015.10.29,13715.0,90.0,13715.0,14000.0,13655.0,11707.0
2015.10.28,13625.0,35.0,13595.0,13625.0,13520.0,1696.0
2015.10.27,13590.0,-125.0,13635.0,13635.0,13575.0,2167.0
2015.10.26,13715.0,0.0,13745.0,13745.0,13625.0,2656.0
2015.10.23,13715.0,85.0,13740.0,13790.0,13640.0,5329.0
2015.10.22,13630.0,-205.0,13815.0,13815.0,13585.0,1298.0
2015.10.21,13835.0,60.0,13725.0,13885.0,13725.0,17396.0
2015.10.20,13775.0,50.0,13820.0,13825.0,13775.0,1108.0
2015.10.19,13725.0,-70.0,13715.0,13750.0,13710.0,3788.0
2015.10.16,13795.0,-15.0,13810.0,13830.0,13750.0,9375.0
2015.10.15,13810.0,230.0,13520.0,13855.0,13520.0,3930.0
2015.10.14,13580.0,-25.0,13650.0,13650.0,13500.0,3679.0
2015.10.13,13605.0,-120.0,13685.0,13685.0,13605.0,1158.0
2015.10.12,13725.0,85.0,13740.0,13740.0,13705.0,6357.0
2015.10.08,13640.0,60.0,13745.0,13760.0,13610.0,1227.0
2015.10.07,13580.0,365.0,13350.0,13595.0,13350.0,1905.0
2015.10.06,13215.0,210.0,13245.0,13260.0,13200.0,2162.0
2015.10.05,13005.0,60.0,13115.0,13115.0,13005.0,3535.0
2015.10.02,12945.0,-35.0,13000.0,13000.0,12910.0,1455.0
2015.10.01,12980.0,195.0,12805.0,12990.0,12805.0,1146.0
2015.09.30,12785.0,160.0,12560.0,12790.0,12560.0,2576.0
2015.09.25,12625.0,-65.0,12660.0,12660.0,12600.0,962.0
2015.09.24,12690.0,-125.0,12720.0,12720.0,12690.0,961.0
2015.09.23,12815.0,-30.0,12720.0,12820.0,12720.0,1647.0
2015.09.22,12845.0,-80.0,12925.0,12925.0,12815.0,1350.0
2015.09.21,12925.0,-195.0,12940.0,13005.0,12875.0,1926.0
2015.09.18,13120.0,75.0,13045.0,13120.0,12920.0,4228.0
2015.09.17,13045.0,150.0,12950.0,13065.0,12950.0,1446.0
2015.09.16,12895.0,315.0,12705.0,12895.0,12700.0,1387.0
2015.09.15,12580.0,20.0,12555.0,12580.0,12520.0,2702.0
2015.09.14,12560.0,-190.0,12750.0,12750.0,12560.0,1100.0
2015.09.11,12750.0,-80.0,12830.0,12830.0,12750.0,1909.0
2015.09.10,12830.0,30.0,12795.0,12845.0,12795.0,3446.0
2015.09.09,12800.0,190.0,12765.0,12860.0,12765.0,606.0
2015.09.08,12610.0,40.0,12545.0,12610.0,12540.0,935.0
2015.09.07,12570.0,0.0,12560.0,12570.0,12530.0,2681.0
2015.09.04,12570.0,-30.0,12630.0,12630.0,12560.0,442.0
2015.09.03,12600.0,230.0,12500.0,12600.0,12500.0,1358.0
2015.09.02,12370.0,-85.0,12310.0,12370.0,12310.0,682.0
2015.09.01,12455.0,-105.0,12525.0,12525.0,12455.0,1825.0
2015.08.31,12560.0,-65.0,12500.0,12560.0,12485.0,1281.0
2015.08.28,12625.0,295.0,12600.0,12625.0,12520.0,1031.0
2015.08.27,12330.0,165.0,12240.0,12355.0,12240.0,955.0
2015.08.26,12165.0,185.0,11935.0,12165.0,11935.0,1958.0
2015.08.25,11980.0,155.0,11935.0,12065.0,11935.0,101291.0
2015.08.24,11825.0,-265.0,11965.0,12045.0,11660.0,5905.0
2015.08.21,12090.0,-310.0,12135.0,12150.0,12090.0,364.0
2015.08.20,12400.0,-35.0,12435.0,12450.0,12400.0,1150.0
2015.08.19,12435.0,-200.0,12635.0,12635.0,12435.0,797.0
2015.08.18,12635.0,-145.0,12760.0,12760.0,12620.0,3178.0
2015.08.17,12780.0,-255.0,13035.0,13035.0,12760.0,3315.0
2015.08.13,13035.0,175.0,12920.0,13035.0,12920.0,12179.0
2015.08.12,12860.0,-35.0,12870.0,12925.0,12840.0,1082.0
2015.08.11,12895.0,80.0,13000.0,13055.0,12895.0,843.0
2015.08.10,12815.0,-55.0,12855.0,12855.0,12760.0,6331.0
2015.08.07,12870.0,-145.0,13000.0,13005.0,12870.0,3620.0
2015.08.06,13015.0,-185.0,13220.0,13220.0,13015.0,886.0
2015.08.05,13200.0,-100.0,13295.0,13330.0,13195.0,3922.0
2015.08.04,13300.0,175.0,13120.0,13315.0,13120.0,16270.0
2015.08.03,13125.0,-10.0,13150.0,13150.0,13015.0,3996.0
2015.07.31,13135.0,-50.0,13170.0,13255.0,13080.0,2010.0
2015.07.30,13185.0,-595.0,13570.0,13570.0,13185.0,5606.0
2015.07.29,13820.0,50.0,13805.0,13940.0,13780.0,3586.0
2015.07.28,13770.0,-105.0,13725.0,13770.0,13610.0,3597.0
2015.07.27,13875.0,10.0,13805.0,13875.0,13780.0,8918.0
2015.07.24,13865.0,-120.0,13890.0,13955.0,13840.0,5284.0
2015.07.23,13985.0,-60.0,14145.0,14160.0,13985.0,2679.0
2015.07.22,14045.0,-205.0,14100.0,14140.0,14035.0,3964.0
2015.07.21,14250.0,80.0,14260.0,14285.0,14110.0,5593.0
2015.07.20,14170.0,-125.0,14310.0,14310.0,14170.0,3629.0
2015.07.17,14295.0,-5.0,14465.0,14465.0,14170.0,7383.0
2015.07.16,14300.0,290.0,14020.0,14300.0,14020.0,6253.0
2015.07.15,14010.0,215.0,13900.0,14010.0,13845.0,5917.0
2015.07.14,13795.0,-380.0,14025.0,14035.0,13790.0,12746.0
2015.07.13,14175.0,65.0,14120.0,14175.0,14075.0,3417.0
2015.07.10,14110.0,35.0,14175.0,14175.0,13990.0,6899.0
2015.07.09,14075.0,10.0,13965.0,14100.0,13760.0,2112.0
2015.07.08,14065.0,-60.0,14130.0,14200.0,14025.0,2425.0
2015.07.07,14125.0,105.0,14075.0,14190.0,14040.0,2535.0
2015.07.06,14020.0,-390.0,14245.0,14245.0,14000.0,8280.0
2015.07.03,14410.0,-25.0,14510.0,14510.0,14310.0,7288.0
2015.07.02,14435.0,-70.0,14525.0,14525.0,14430.0,4050.0
2015.07.01,14505.0,65.0,14430.0,14510.0,14305.0,5667.0
2015.06.30,14440.0,-30.0,14300.0,14440.0,14300.0,2886.0
2015.06.29,14470.0,-110.0,14380.0,14470.0,14305.0,10954.0
2015.06.26,14580.0,-75.0,14520.0,14650.0,14520.0,2144.0
2015.06.25,14655.0,-105.0,14705.0,14715.0,14600.0,5776.0
2015.06.24,14760.0,-5.0,14795.0,14795.0,14700.0,1198.0
2015.06.23,14765.0,100.0,14840.0,14840.0,14765.0,2765.0
2015.06.22,14665.0,30.0,14685.0,14685.0,14585.0,7207.0
2015.06.19,14635.0,15.0,14660.0,14660.0,14585.0,304.0
2015.06.18,14620.0,-35.0,14675.0,14730.0,14620.0,2445.0
2015.06.17,14655.0,135.0,14590.0,14655.0,14585.0,1131.0
2015.06.16,14520.0,-275.0,14750.0,14750.0,14500.0,2648.0
2015.06.15,14795.0,15.0,14665.0,14800.0,14665.0,5911.0
2015.06.12,14780.0,85.0,14830.0,14830.0,14740.0,2786.0
2015.06.11,14695.0,-10.0,14815.0,14815.0,14650.0,2023.0
2015.06.10,14705.0,-240.0,14995.0,14995.0,14705.0,11454.0
2015.06.09,14945.0,-150.0,15035.0,15035.0,14900.0,4112.0
2015.06.08,15095.0,-35.0,15190.0,15190.0,15055.0,3314.0
2015.06.05,15130.0,-135.0,15160.0,15220.0,15130.0,10674.0
2015.06.04,15265.0,-130.0,15335.0,15335.0,15250.0,3162.0
2015.06.03,15395.0,-315.0,15585.0,15600.0,15390.0,3863.0
2015.06.02,15710.0,140.0,15700.0,15740.0,15600.0,4773.0
2015.06.01,15570.0,-30.0,15535.0,15575.0,15535.0,3277.0
2015.05.29,15600.0,90.0,15550.0,15695.0,15550.0,7803.0
2015.05.28,15510.0,95.0,15560.0,15665.0,15505.0,4509.0
2015.05.27,15415.0,-190.0,15460.0,15515.0,15345.0,6396.0
2015.05.26,15605.0,150.0,15610.0,15620.0,15505.0,40276.0
2015.05.22,15455.0,220.0,15295.0,15455.0,15240.0,4519.0
2015.05.21,15235.0,-215.0,15450.0,15450.0,15175.0,2074.0
2015.05.20,15450.0,125.0,15415.0,15450.0,15335.0,8789.0
2015.05.19,15325.0,135.0,15235.0,15325.0,15235.0,749.0
2015.05.18,15190.0,-10.0,15215.0,15215.0,15050.0,5694.0
2015.05.15,15200.0,-80.0,15380.0,15380.0,15200.0,4703.0
2015.05.14,15280.0,185.0,15190.0,15280.0,15110.0,2735.0
2015.05.13,15095.0,-25.0,15135.0,15145.0,15090.0,4012.0
2015.05.12,15120.0,-65.0,15170.0,15185.0,15090.0,5638.0
2015.05.11,15185.0,5.0,15295.0,15295.0,15160.0,15178.0
2015.05.08,15180.0,-50.0,15220.0,15310.0,15125.0,3916.0
2015.05.07,15230.0,75.0,15040.0,15230.0,15030.0,3388.0
2015.05.06,15155.0,-290.0,15360.0,15360.0,15060.0,10730.0
2015.05.04,15445.0,-200.0,15635.0,15635.0,15440.0,8662.0
2015.04.30,15645.0,-165.0,15700.0,15760.0,15590.0,6906.0
2015.04.29,15810.0,-30.0,15860.0,15860.0,15680.0,5190.0
2015.04.28,15950.0,20.0,15965.0,15980.0,15885.0,8500.0
2015.04.27,15930.0,-80.0,16070.0,16115.0,15890.0,10036.0
2015.04.24,16010.0,-240.0,16280.0,16345.0,15970.0,9887.0
2015.04.23,16250.0,245.0,16115.0,16255.0,16070.0,18660.0
2015.04.22,16005.0,105.0,15955.0,16070.0,15920.0,28976.0
2015.04.21,15900.0,80.0,15845.0,15900.0,15805.0,7401.0
2015.04.20,15820.0,-130.0,15860.0,15860.0,15785.0,10908.0
2015.04.17,15950.0,-65.0,16040.0,16040.0,15915.0,7628.0
2015.04.16,16015.0,120.0,15990.0,16040.0,15905.0,13808.0
2015.04.15,15895.0,60.0,15865.0,15915.0,15840.0,11741.0
2015.04.14,15835.0,60.0,15755.0,15855.0,15725.0,8070.0
2015.04.13,15775.0,-40.0,15845.0,15845.0,15675.0,12956.0
2015.04.10,15815.0,125.0,15690.0,15820.0,15690.0,39124.0
2015.04.09,15690.0,65.0,15535.0,15690.0,15535.0,6371.0
2015.04.08,15625.0,-70.0,15695.0,15695.0,15575.0,5739.0
2015.04.07,15695.0,-50.0,15880.0,15880.0,15665.0,7062.0
2015.04.06,15745.0,50.0,15750.0,15835.0,15740.0,26809.0
2015.04.03,15695.0,-40.0,15700.0,15740.0,15605.0,23831.0
2015.04.02,15735.0,-40.0,15750.0,15750.0,15620.0,28953.0
2015.04.01,15775.0,-125.0,15825.0,15860.0,15750.0,4506.0
2015.03.31,15900.0,-115.0,16120.0,16120.0,15850.0,11576.0
2015.03.30,16015.0,80.0,16010.0,16015.0,15930.0,10410.0
2015.03.27,15935.0,-20.0,15920.0,15995.0,15880.0,7908.0
2015.03.26,15955.0,-390.0,16145.0,16170.0,15955.0,3911.0
2015.03.25,16345.0,10.0,16335.0,16370.0,16245.0,100281.0
2015.03.24,16335.0,0.0,16255.0,16335.0,16180.0,6927.0
2015.03.23,16335.0,265.0,16145.0,16335.0,16145.0,93782.0
2015.03.20,16070.0,95.0,16025.0,16080.0,15980.0,9029.0
2015.03.19,15975.0,-165.0,16240.0,16240.0,15965.0,7337.0
2015.03.18,16140.0,-5.0,16075.0,16150.0,16075.0,25107.0
2015.03.17,16145.0,295.0,15890.0,16150.0,15890.0,22418.0
2015.03.16,15850.0,220.0,15785.0,15860.0,15745.0,8766.0
2015.03.13,15630.0,80.0,15660.0,15700.0,15630.0,3538.0
2015.03.12,15550.0,-100.0,15670.0,15730.0,15550.0,7448.0
2015.03.11,15650.0,80.0,15480.0,15650.0,15450.0,4081.0
2015.03.10,15570.0,-155.0,15760.0,15770.0,15525.0,100514.0
2015.03.09,15725.0,-305.0,15880.0,15900.0,15675.0,8807.0
2015.03.06,16030.0,30.0,15980.0,16030.0,15965.0,8860.0
2015.03.05,16000.0,0.0,15910.0,16000.0,15895.0,8815.0
2015.03.04,16000.0,45.0,15885.0,16000.0,15820.0,12883.0
2015.03.03,15955.0,0.0,15970.0,15970.0,15855.0,7856.0
2015.03.02,15955.0,105.0,15910.0,15955.0,15805.0,39395.0
2015.02.27,15850.0,40.0,15850.0,15865.0,15780.0,5213.0
2015.02.26,15810.0,-30.0,15825.0,15825.0,15720.0,3814.0
2015.02.25,15840.0,-75.0,15875.0,15875.0,15745.0,12932.0
2015.02.24,15915.0,105.0,15880.0,15960.0,15865.0,5199.0
2015.02.23,15810.0,-115.0,15925.0,15970.0,15735.0,13847.0
2015.02.17,15925.0,-60.0,15875.0,15925.0,15835.0,7619.0
2015.02.16,15985.0,-10.0,15985.0,15995.0,15890.0,8480.0
2015.02.13,15995.0,30.0,15950.0,16100.0,15890.0,8619.0
2015.02.12,15965.0,-20.0,15950.0,15970.0,15770.0,5021.0
2015.02.11,15985.0,165.0,15920.0,15985.0,15825.0,3879.0
2015.02.10,15820.0,-245.0,16035.0,16035.0,15765.0,59633.0
2015.02.09,16065.0,-60.0,15970.0,16085.0,15970.0,8458.0
2015.02.06,16125.0,-5.0,16020.0,16125.0,15985.0,4984.0
2015.02.05,16130.0,-185.0,16235.0,16255.0,16025.0,10656.0
2015.02.04,16315.0,210.0,16200.0,16315.0,16200.0,5761.0
2015.02.03,16105.0,0.0,16120.0,16120.0,16030.0,6222.0
2015.02.02,16105.0,-180.0,16150.0,16160.0,16015.0,11799.0
2015.01.30,16285.0,-45.0,16335.0,16335.0,16150.0,13166.0
2015.01.29,16330.0,-330.0,16385.0,16430.0,16300.0,24217.0
2015.01.28,16710.0,40.0,16585.0,16710.0,16570.0,15426.0
2015.01.27,16670.0,145.0,16585.0,16670.0,16505.0,36441.0
2015.01.26,16525.0,130.0,16410.0,16525.0,16260.0,25127.0
2015.01.23,16395.0,120.0,16380.0,16395.0,16280.0,22208.0
2015.01.22,16275.0,-175.0,16440.0,16440.0,16180.0,10885.0
2015.01.21,16450.0,140.0,16230.0,16450.0,16230.0,13757.0
2015.01.20,16310.0,150.0,16220.0,16315.0,16140.0,106796.0
2015.01.19,16160.0,20.0,16210.0,16230.0,16070.0,19152.0
2015.01.16,16140.0,-265.0,16165.0,16165.0,16020.0,6801.0
2015.01.15,16405.0,155.0,16250.0,16405.0,16230.0,23836.0
2015.01.14,16250.0,50.0,16170.0,16310.0,16150.0,16660.0
2015.01.13,16200.0,-135.0,16160.0,16200.0,16065.0,23514.0
2015.01.12,16335.0,100.0,16130.0,16390.0,16130.0,45598.0
2015.01.09,16235.0,45.0,16345.0,16420.0,16235.0,13695.0
2015.01.08,16190.0,410.0,15870.0,16190.0,15870.0,3304.0
2015.01.07,15780.0,0.0,15760.0,15840.0,15665.0,13868.0
2015.01.06,15780.0,-175.0,15790.0,15845.0,15725.0,47437.0
2015.01.05,15955.0,155.0,15755.0,15960.0,15740.0,21662.0
2015.01.02,15800.0,125.0,15815.0,15815.0,15790.0,4819.0
2014.12.30,15675.0,-210.0,15890.0,15890.0,15665.0,3249.0
2014.12.29,15885.0,55.0,15865.0,15955.0,15770.0,82250.0
2014.12.26,15830.0,-5.0,15835.0,15840.0,15820.0,8289.0
2014.12.24,15835.0,0.0,15835.0,15835.0,15835.0,2443.0
2014.12.23,15835.0,-120.0,15915.0,15915.0,15830.0,2840.0
2014.12.22,15955.0,145.0,15900.0,15970.0,15750.0,10243.0
2014.12.19,15810.0,410.0,15720.0,15810.0,15720.0,622.0
2014.12.18,15400.0,-70.0,15525.0,15580.0,15400.0,2917.0
2014.12.17,15470.0,-80.0,15515.0,15515.0,15470.0,6632.0
2014.12.16,15550.0,-145.0,15525.0,15550.0,15525.0,2284.0
2014.12.15,15695.0,20.0,15520.0,15695.0,15470.0,8796.0
2014.12.12,15675.0,120.0,15555.0,15675.0,15555.0,6540.0
2014.12.11,15555.0,-255.0,15700.0,15700.0,15555.0,5333.0
2014.12.10,15810.0,-280.0,15970.0,15970.0,15785.0,12540.0
2014.12.09,16090.0,70.0,16065.0,16090.0,16065.0,3029.0
2014.12.08,16020.0,115.0,16010.0,16040.0,15990.0,5751.0
2014.12.05,15905.0,-20.0,15925.0,15930.0,15890.0,8975.0
2014.12.04,15925.0,165.0,15865.0,15925.0,15830.0,14490.0
2014.12.03,15760.0,35.0,15800.0,15840.0,15750.0,2448.0
2014.12.02,15725.0,-90.0,15670.0,15790.0,15670.0,24167.0
2014.12.01,15815.0,-30.0,15815.0,15815.0,15815.0,8471.0
2014.11.28,15845.0,-40.0,15850.0,15860.0,15845.0,5076.0
2014.11.27,15885.0,105.0,15965.0,15965.0,15815.0,5951.0
2014.11.26,15780.0,55.0,15725.0,15795.0,15705.0,4024.0
2014.11.25,15725.0,105.0,15810.0,15810.0,15710.0,6301.0
2014.11.24,15620.0,-185.0,15865.0,15865.0,15620.0,7743.0
2014.11.21,15805.0,140.0,15805.0,15805.0,15805.0,2635.0
2014.11.20,15665.0,35.0,15680.0,15680.0,15665.0,5795.0
2014.11.19,15630.0,-10.0,15660.0,15660.0,15630.0,1267.0
2014.11.18,15640.0,270.0,15515.0,15690.0,15510.0,5344.0
2014.11.17,15370.0,-225.0,15430.0,15430.0,15340.0,15425.0
2014.11.14,15595.0,-35.0,15585.0,15595.0,15570.0,2625.0
2014.11.13,15630.0,-145.0,15770.0,15770.0,15630.0,3673.0
2014.11.12,15775.0,75.0,15715.0,15865.0,15605.0,4158.0
2014.11.11,15700.0,-20.0,15700.0,15700.0,15685.0,5775.0
2014.11.10,15720.0,310.0,15525.0,15720.0,15490.0,22870.0
2014.11.07,15410.0,5.0,15385.0,15415.0,15350.0,4131.0
2014.11.06,15405.0,-35.0,15445.0,15445.0,15400.0,2597.0
2014.11.05,15440.0,-80.0,15460.0,15460.0,15350.0,10350.0
2014.11.04,15520.0,-25.0,15630.0,15630.0,15425.0,2218.0
2014.11.03,15545.0,40.0,15580.0,15580.0,15435.0,9334.0
2014.10.31,15505.0,135.0,15435.0,15550.0,15390.0,1580.0
2014.10.30,15370.0,30.0,15380.0,15380.0,15265.0,3024.0
2014.10.29,15340.0,140.0,15200.0,15345.0,15145.0,2820.0
2014.10.28,15200.0,230.0,15055.0,15200.0,15030.0,5097.0
2014.10.27,14970.0,-175.0,14960.0,14970.0,14960.0,11505.0
2014.10.24,15145.0,-100.0,15080.0,15145.0,15080.0,3222.0
2014.10.23,15245.0,-65.0,15365.0,15375.0,15245.0,3634.0
2014.10.22,15310.0,315.0,15260.0,15310.0,15235.0,3692.0
2014.10.21,14995.0,-110.0,15055.0,15055.0,14985.0,3213.0
2014.10.20,15105.0,360.0,14905.0,15105.0,14850.0,10823.0
2014.10.17,14745.0,-230.0,14870.0,14870.0,14700.0,14912.0
2014.10.16,14975.0,30.0,14975.0,14975.0,14975.0,4699.0
2014.10.15,14945.0,-5.0,15100.0,15100.0,14940.0,23780.0
2014.10.14,14950.0,170.0,14775.0,14955.0,14755.0,7073.0
2014.10.13,14780.0,-85.0,14580.0,14815.0,14550.0,8460.0
2014.10.10,14865.0,-445.0,14955.0,14985.0,14850.0,38937.0
2014.10.08,15310.0,-15.0,15205.0,15375.0,15205.0,20922.0
2014.10.07,15325.0,120.0,15290.0,15325.0,15200.0,3802.0
2014.10.06,15205.0,-310.0,15650.0,15650.0,15160.0,15684.0
2014.10.02,15515.0,-50.0,15495.0,15695.0,15415.0,8612.0
2014.10.01,15565.0,-280.0,15775.0,15775.0,15565.0,9691.0
2014.09.30,15845.0,-185.0,15980.0,15980.0,15750.0,6262.0
2014.09.29,16030.0,55.0,16015.0,16230.0,15980.0,6884.0
2014.09.26,15975.0,175.0,15900.0,16040.0,15900.0,13391.0
2014.09.25,15800.0,-35.0,15835.0,15880.0,15730.0,13997.0
2014.09.24,15835.0,85.0,15645.0,15835.0,15600.0,3263.0
2014.09.23,15750.0,50.0,15570.0,15750.0,15570.0,7893.0
2014.09.22,15700.0,-80.0,15685.0,15705.0,15595.0,13480.0
2014.09.19,15780.0,-25.0,15850.0,15880.0,15760.0,1971.0
2014.09.18,15805.0,55.0,15900.0,15910.0,15685.0,21590.0
2014.09.17,15750.0,175.0,15690.0,15750.0,15625.0,4558.0
2014.09.16,15575.0,205.0,15360.0,15575.0,15360.0,5599.0
2014.09.15,15370.0,-165.0,15530.0,15530.0,15360.0,13552.0
2014.09.12,15535.0,70.0,15570.0,15600.0,15505.0,6666.0
2014.09.11,15465.0,20.0,15705.0,15705.0,15465.0,40311.0
2014.09.05,15445.0,-35.0,15555.0,15555.0,15435.0,12086.0
2014.09.04,15480.0,70.0,15520.0,15585.0,15475.0,6262.0
2014.09.03,15410.0,-395.0,15725.0,15725.0,15400.0,4537.0
2014.09.02,15805.0,-175.0,15900.0,15900.0,15780.0,3469.0
2014.09.01,15980.0,-70.0,16060.0,16060.0,15895.0,11486.0
2014.08.29,16050.0,25.0,16010.0,16050.0,15970.0,5454.0
2014.08.28,16025.0,30.0,16090.0,16105.0,15945.0,64612.0
2014.08.27,15995.0,-80.0,16105.0,16120.0,15980.0,3685.0
2014.08.26,16075.0,-10.0,16120.0,16120.0,16015.0,129822.0
2014.08.25,16085.0,85.0,15975.0,16085.0,15905.0,102245.0
2014.08.22,16000.0,-65.0,16085.0,16130.0,15920.0,9936.0
2014.08.21,16065.0,-115.0,16130.0,16130.0,15995.0,8369.0
2014.08.20,16180.0,80.0,16240.0,16240.0,16100.0,13033.0
2014.08.19,16100.0,65.0,16115.0,16190.0,16085.0,4413.0
2014.08.18,16035.0,65.0,16175.0,16175.0,15965.0,20811.0
2014.08.14,15970.0,-115.0,16200.0,16220.0,15970.0,22987.0
2014.08.13,16085.0,185.0,15905.0,16085.0,15905.0,9313.0
2014.08.12,15900.0,-105.0,16055.0,16095.0,15845.0,27512.0
2014.08.11,16005.0,65.0,16085.0,16115.0,15985.0,34782.0
2014.08.08,15940.0,-140.0,16095.0,16095.0,15800.0,16935.0
2014.08.07,16080.0,-60.0,16140.0,16145.0,16000.0,10533.0
2014.08.06,16140.0,-130.0,16210.0,16245.0,16070.0,7737.0
2014.08.05,16270.0,-240.0,16490.0,16490.0,16270.0,22615.0
2014.08.04,16510.0,290.0,16350.0,16510.0,16305.0,9048.0
2014.08.01,16220.0,-10.0,16000.0,16260.0,16000.0,11467.0
2014.07.31,16230.0,-175.0,16295.0,16330.0,16055.0,7814.0
2014.07.30,16405.0,310.0,16075.0,16455.0,16075.0,5898.0
2014.07.29,16095.0,-185.0,16150.0,16150.0,15970.0,10877.0
2014.07.28,16280.0,-55.0,16500.0,16500.0,16225.0,14354.0
2014.07.25,16335.0,-80.0,16410.0,16435.0,16325.0,9382.0
2014.07.24,16415.0,-70.0,16450.0,16455.0,16345.0,7228.0
2014.07.23,16485.0,-280.0,16620.0,16625.0,16450.0,7520.0
2014.07.22,16765.0,150.0,16600.0,16765.0,16550.0,87161.0
2014.07.21,16615.0,-105.0,16860.0,16860.0,16535.0,11840.0
2014.07.18,16720.0,-65.0,16575.0,16720.0,16570.0,9535.0
2014.07.17,16785.0,75.0,16835.0,16835.0,16700.0,6208.0
2014.07.16,16710.0,-35.0,16815.0,16815.0,16580.0,7656.0
2014.07.15,16745.0,205.0,16600.0,16760.0,16600.0,20835.0
2014.07.14,16540.0,145.0,16435.0,16540.0,16400.0,10011.0
2014.07.11,16395.0,-195.0,16380.0,16430.0,16290.0,36774.0
2014.07.10,16590.0,-45.0,16650.0,16685.0,16535.0,48066.0
2014.07.09,16635.0,-315.0,16750.0,16790.0,16565.0,24442.0
2014.07.08,16950.0,75.0,16975.0,16975.0,16750.0,10196.0
2014.07.07,16875.0,65.0,16760.0,16875.0,16710.0,10019.0
2014.07.04,16810.0,-125.0,16935.0,16935.0,16710.0,27248.0
2014.07.03,16935.0,5.0,16875.0,16950.0,16815.0,13874.0
2014.07.02,16930.0,245.0,16825.0,16960.0,16825.0,15761.0
2014.07.01,16685.0,75.0,16515.0,16685.0,16510.0,21481.0
2014.06.30,16610.0,95.0,16525.0,16620.0,16525.0,10214.0
2014.06.27,16515.0,-195.0,16610.0,16610.0,16445.0,5245.0
2014.06.26,16710.0,25.0,16685.0,16730.0,16570.0,4821.0
2014.06.25,16685.0,-95.0,16820.0,16820.0,16595.0,8794.0
2014.06.24,16780.0,140.0,16630.0,16815.0,16625.0,2770.0
2014.06.23,16640.0,215.0,16490.0,16670.0,16490.0,8964.0
2014.06.20,16425.0,-205.0,16545.0,16560.0,16375.0,7204.0
2014.06.19,16630.0,140.0,16565.0,16630.0,16505.0,5294.0
2014.06.18,16490.0,-235.0,16585.0,16675.0,16490.0,177269.0
2014.06.17,16725.0,165.0,16560.0,16725.0,16560.0,24992.0
2014.06.16,16560.0,120.0,16430.0,16560.0,16340.0,12303.0
2014.06.13,16440.0,-145.0,16415.0,16470.0,16410.0,12948.0
2014.06.12,16585.0,-30.0,16660.0,16670.0,16545.0,4078.0
2014.06.11,16615.0,5.0,16630.0,16730.0,16575.0,5433.0
2014.06.10,16610.0,320.0,16365.0,16655.0,16365.0,18712.0
2014.06.09,16290.0,-30.0,16450.0,16540.0,16225.0,11864.0
2014.06.05,16320.0,150.0,16305.0,16330.0,16210.0,11738.0
2014.06.03,16170.0,60.0,16165.0,16230.0,16155.0,1645.0
2014.06.02,16110.0,65.0,16075.0,16220.0,16075.0,5607.0
2014.05.30,16045.0,-5.0,16045.0,16160.0,16020.0,5770.0
2014.05.29,16050.0,100.0,16030.0,16075.0,16030.0,6361.0
2014.05.28,15950.0,125.0,15915.0,16020.0,15825.0,4413.0
2014.05.27,15825.0,25.0,15835.0,15835.0,15730.0,4598.0
2014.05.26,15800.0,-60.0,15880.0,15880.0,15800.0,7690.0
2014.05.23,15860.0,-55.0,15855.0,15905.0,15855.0,2538.0
2014.05.22,15915.0,25.0,15975.0,16035.0,15895.0,7294.0
2014.05.21,15890.0,110.0,15855.0,15950.0,15855.0,4391.0
2014.05.20,15780.0,165.0,15730.0,15800.0,15705.0,186857.0
2014.05.19,15615.0,-120.0,15710.0,15710.0,15615.0,4206.0
2014.05.16,15735.0,-70.0,15695.0,15745.0,15615.0,6185.0
2014.05.15,15805.0,45.0,15790.0,15850.0,15765.0,9662.0
2014.05.14,15760.0,80.0,15645.0,15760.0,15645.0,6342.0
2014.05.13,15680.0,310.0,15590.0,15680.0,15585.0,2783.0
2014.05.12,15370.0,200.0,15365.0,15370.0,15365.0,16702.0
2014.05.09,15170.0,-10.0,15250.0,15250.0,15170.0,1824.0
2014.05.08,15180.0,-130.0,15325.0,15340.0,15180.0,8399.0
2014.05.07,15310.0,-120.0,15430.0,15430.0,15265.0,36812.0
2014.05.02,15430.0,145.0,15455.0,15510.0,15370.0,144243.0
2014.04.30,15285.0,-90.0,15505.0,15505.0,15270.0,6006.0
2014.04.29,15375.0,-220.0,15420.0,15515.0,15330.0,144963.0
2014.04.28,15645.0,-65.0,15635.0,15645.0,15550.0,16535.0
2014.04.25,15710.0,-170.0,15965.0,15965.0,15695.0,5617.0
2014.04.24,15880.0,-60.0,15965.0,15965.0,15855.0,5806.0
2014.04.23,15940.0,-20.0,16020.0,16025.0,15935.0,1791.0
2014.04.22,15960.0,200.0,15755.0,15960.0,15755.0,2966.0
2014.04.21,15760.0,115.0,15700.0,15760.0,15605.0,8326.0
2014.04.18,15645.0,170.0,15625.0,15735.0,15610.0,6627.0
2014.04.17,15475.0,-125.0,15625.0,15625.0,15435.0,21645.0
2014.04.16,15600.0,250.0,15365.0,15625.0,15365.0,6848.0
2014.04.15,15350.0,-95.0,15450.0,15450.0,15350.0,2851.0
2014.04.14,15445.0,190.0,15285.0,15460.0,15270.0,6114.0
2014.04.11,15255.0,-215.0,15255.0,15330.0,15210.0,3652.0
2014.04.10,15470.0,55.0,15525.0,15545.0,15455.0,96924.0
2014.04.09,15415.0,50.0,15410.0,15435.0,15395.0,2492.0
2014.04.08,15365.0,15.0,15320.0,15365.0,15285.0,2418.0
2014.04.07,15350.0,-150.0,15470.0,15470.0,15260.0,23361.0
2014.04.04,15500.0,-15.0,15515.0,15540.0,15495.0,5901.0
2014.04.03,15515.0,-40.0,15505.0,15620.0,15475.0,19349.0
2014.04.02,15555.0,175.0,15490.0,15555.0,15410.0,77830.0
2014.04.01,15380.0,185.0,15230.0,15380.0,15215.0,31429.0
2014.03.31,15195.0,-85.0,15255.0,15255.0,15170.0,3890.0
2014.03.28,15280.0,60.0,15205.0,15280.0,15170.0,22880.0
2014.03.27,15220.0,-30.0,15200.0,15235.0,15140.0,13164.0
2014.03.26,15250.0,70.0,15255.0,15290.0,15120.0,2709.0
2014.03.25,15180.0,-190.0,15225.0,15225.0,15145.0,2750.0
2014.03.24,15370.0,35.0,15335.0,15420.0,15285.0,4916.0
2014.03.21,15335.0,190.0,15210.0,15335.0,15200.0,1172.0
2014.03.20,15145.0,-85.0,15230.0,15230.0,15125.0,2891.0
2014.03.19,15230.0,55.0,15195.0,15270.0,15165.0,11122.0
2014.03.18,15175.0,240.0,15105.0,15190.0,15100.0,5062.0
2014.03.17,14935.0,-95.0,15020.0,15020.0,14925.0,49630.0
2014.03.14,15030.0,-195.0,14990.0,15155.0,14975.0,54519.0
2014.03.13,15225.0,210.0,15095.0,15235.0,15090.0,4991.0
2014.03.12,15015.0,-240.0,15140.0,15140.0,15015.0,3849.0
2014.03.11,15255.0,-15.0,15255.0,15255.0,15245.0,2502.0
2014.03.10,15270.0,-80.0,15395.0,15395.0,15270.0,43091.0
2014.03.07,15350.0,-115.0,15465.0,15530.0,15310.0,32477.0
2014.03.06,15465.0,-5.0,15480.0,15495.0,15385.0,7507.0
2014.03.05,15470.0,180.0,15425.0,15490.0,15380.0,63130.0
2014.03.04,15290.0,70.0,15220.0,15290.0,15220.0,2412.0
2014.03.03,15220.0,-35.0,15090.0,15310.0,15070.0,305273.0
2014.02.28,15255.0,25.0,15250.0,15320.0,15220.0,313087.0
2014.02.27,15230.0,150.0,15110.0,15270.0,15080.0,37546.0
2014.02.26,15080.0,125.0,15020.0,15105.0,15015.0,61553.0
2014.02.25,14955.0,190.0,14870.0,14960.0,14865.0,88183.0
2014.02.24,14765.0,-130.0,14990.0,14990.0,14765.0,2557.0
2014.02.21,14895.0,175.0,14935.0,14935.0,14895.0,875.0
2014.02.20,14720.0,-275.0,14890.0,14890.0,14720.0,631.0
2014.02.19,14995.0,5.0,14985.0,14995.0,14935.0,1648.0
2014.02.18,14990.0,20.0,14950.0,15015.0,14895.0,14464.0
2014.02.17,14970.0,-90.0,15110.0,15175.0,14970.0,3192.0
2014.02.14,15060.0,65.0,15010.0,15100.0,15010.0,2015.0
2014.02.13,14995.0,-15.0,15025.0,15025.0,14980.0,1407.0
2014.02.12,15010.0,180.0,14895.0,15010.0,14895.0,31138.0
2014.02.11,14830.0,70.0,14840.0,14890.0,14830.0,1224.0
2014.02.10,14760.0,-55.0,14925.0,14925.0,14760.0,5927.0
2014.02.07,14815.0,85.0,14810.0,14865.0,14770.0,13849.0
2014.02.06,14730.0,500.0,14680.0,14735.0,14680.0,3973.0
2014.02.05,14230.0,50.0,14250.0,14250.0,14155.0,46241.0
2014.02.04,14180.0,-235.0,14225.0,14225.0,14120.0,17723.0
2014.02.03,14415.0,-180.0,14565.0,14565.0,14410.0,1528.0
2014.01.29,14595.0,130.0,14595.0,14595.0,14595.0,486.0
2014.01.28,14465.0,-20.0,14360.0,14465.0,14360.0,164.0
2014.01.27,14485.0,-200.0,14435.0,14485.0,14390.0,1431.0
2014.01.24,14685.0,-120.0,14775.0,14775.0,14660.0,877.0
2014.01.23,14805.0,-140.0,15040.0,15040.0,14800.0,3814.0
2014.01.22,14945.0,-55.0,14850.0,14950.0,14800.0,1405.0
2014.01.21,15000.0,-10.0,15015.0,15015.0,14910.0,309336.0
2014.01.20,15010.0,140.0,14885.0,15010.0,14875.0,346.0
2014.01.17,14870.0,-95.0,14935.0,14945.0,14860.0,1859.0
2014.01.16,14965.0,130.0,15020.0,15070.0,14920.0,3134.0
2014.01.15,14835.0,55.0,14905.0,14905.0,14810.0,1211.0
2014.01.14,14780.0,10.0,14860.0,14860.0,14780.0,3132.0
2014.01.13,14770.0,-115.0,14920.0,14920.0,14770.0,462.0
2014.01.10,14885.0,85.0,14825.0,14885.0,14675.0,26931.0
2014.01.09,14800.0,-120.0,14900.0,14900.0,14800.0,17206.0
2014.01.08,14920.0,-65.0,15095.0,15095.0,14865.0,23383.0
2014.01.07,14985.0,100.0,14885.0,15015.0,14885.0,33196.0
2014.01.06,14885.0,145.0,14865.0,14885.0,14865.0,1087.0
2014.01.03,14740.0,-160.0,14885.0,14900.0,14680.0,8463.0
2014.01.02,14900.0,-350.0,15400.0,15400.0,14900.0,5193.0
2013.12.30,15250.0,-105.0,15350.0,15350.0,15160.0,5103.0
2013.12.27,15355.0,270.0,15270.0,15385.0,15270.0,1644.0
2013.12.26,15085.0,-215.0,15285.0,15285.0,15085.0,2523.0
2013.12.24,15300.0,50.0,15350.0,15385.0,15290.0,13316.0
2013.12.23,15250.0,70.0,15190.0,15350.0,15180.0,354833.0
2013.12.20,15180.0,55.0,15125.0,15180.0,15065.0,726.0
2013.12.19,15125.0,110.0,15115.0,15125.0,15115.0,662.0
2013.12.18,15015.0,-160.0,15235.0,15235.0,15015.0,22506.0
2013.12.17,15175.0,70.0,15320.0,15320.0,15170.0,3235.0
2013.12.16,15105.0,50.0,15200.0,15200.0,15075.0,3891.0
2013.12.13,15055.0,0.0,15055.0,15055.0,15055.0,1136.0
2013.12.12,15055.0,-130.0,15075.0,15075.0,15055.0,2180.0
2013.12.11,15185.0,-80.0,15275.0,15330.0,15180.0,11259.0
2013.12.10,15265.0,0.0,15320.0,15320.0,15185.0,3404.0
2013.12.09,15265.0,170.0,15255.0,15290.0,15220.0,11687.0
2013.12.06,15095.0,200.0,14980.0,15185.0,14980.0,359.0
2013.12.05,14895.0,-40.0,14980.0,14980.0,14860.0,15355.0
2013.12.04,14935.0,-85.0,15050.0,15050.0,14865.0,1111.0
2013.12.03,15020.0,-160.0,15125.0,15270.0,15020.0,9477.0
2013.12.02,15180.0,-120.0,15455.0,15455.0,15180.0,4026.0
2013.11.29,15300.0,-120.0,15420.0,15420.0,15285.0,3713.0
2013.11.28,15420.0,420.0,15175.0,15420.0,15175.0,3715.0
2013.11.27,15000.0,240.0,14840.0,15000.0,14795.0,1379.0
2013.11.26,14760.0,55.0,14730.0,14785.0,14720.0,1064.0
2013.11.25,14705.0,145.0,14655.0,14795.0,14655.0,5813.0
2013.11.22,14560.0,175.0,14400.0,14560.0,14400.0,3264.0
2013.11.21,14385.0,-175.0,14450.0,14475.0,14265.0,3061.0
2013.11.20,14560.0,-10.0,14570.0,14625.0,14555.0,1974.0
2013.11.19,14570.0,-110.0,14605.0,14620.0,14570.0,917.0
2013.11.18,14680.0,55.0,14635.0,14680.0,14580.0,5801.0
2013.11.15,14625.0,295.0,14370.0,14625.0,14370.0,1352.0
2013.11.14,14330.0,255.0,14340.0,14430.0,14295.0,7992.0
2013.11.13,14075.0,-265.0,14265.0,14265.0,14075.0,986.0
2013.11.12,14340.0,245.0,14250.0,14365.0,14250.0,6074.0
2013.11.11,14095.0,0.0,14105.0,14140.0,14095.0,2765.0
2013.11.08,14095.0,-255.0,14300.0,14300.0,14060.0,1061.0
2013.11.07,14350.0,-80.0,14345.0,14360.0,14295.0,4269.0
2013.11.06,14430.0,-145.0,14430.0,14515.0,14320.0,29144.0
2013.11.05,14575.0,-150.0,14670.0,14670.0,14560.0,5849.0
2013.11.04,14725.0,30.0,14700.0,14725.0,14685.0,1472.0
2013.11.01,14695.0,165.0,14575.0,14745.0,14560.0,14148.0
2013.10.31,14530.0,-310.0,14650.0,14715.0,14530.0,3396.0
2013.10.30,14840.0,90.0,14710.0,14870.0,14635.0,145942.0
2013.10.29,14850.0,10.0,14845.0,14850.0,14785.0,2396.0
2013.10.28,14840.0,155.0,14730.0,14850.0,14730.0,9235.0
2013.10.25,14685.0,-250.0,14860.0,14860.0,14645.0,2247.0
2013.10.24,14935.0,90.0,14815.0,14935.0,14770.0,6718.0
2013.10.23,14845.0,-215.0,15100.0,15100.0,14835.0,7981.0
2013.10.22,15060.0,-190.0,15230.0,15230.0,15040.0,57617.0
2013.10.21,15250.0,80.0,15290.0,15330.0,15170.0,6245.0
2013.10.18,15170.0,240.0,15025.0,15170.0,15025.0,7025.0
2013.10.17,14930.0,160.0,14825.0,14930.0,14825.0,4413.0
2013.10.16,14770.0,-215.0,15000.0,15060.0,14750.0,6111.0
2013.10.15,14985.0,190.0,14930.0,14985.0,14880.0,2704.0
2013.10.14,14795.0,65.0,14730.0,14795.0,14730.0,1672.0
2013.10.11,14730.0,100.0,14735.0,14800.0,14700.0,2491.0
2013.10.10,14630.0,155.0,14490.0,14630.0,14490.0,3845.0
2013.10.08,14475.0,0.0,14400.0,14475.0,14400.0,2264.0
2013.10.07,14475.0,150.0,14405.0,14480.0,14395.0,2449.0
2013.10.04,14325.0,-25.0,14400.0,14400.0,14210.0,4118.0
2013.10.02,14350.0,95.0,14425.0,14430.0,14350.0,839.0
2013.10.01,14255.0,-65.0,14320.0,14340.0,14230.0,3218.0
2013.09.30,14320.0,-50.0,14295.0,14320.0,14295.0,367.0
2013.09.27,14370.0,0.0,14465.0,14465.0,14370.0,815.0
2013.09.26,14370.0,160.0,14300.0,14370.0,14300.0,1214.0
2013.09.25,14210.0,-60.0,14315.0,14315.0,14210.0,1211.0
2013.09.24,14270.0,120.0,14165.0,14270.0,14165.0,3191.0
2013.09.23,14150.0,90.0,14175.0,14190.0,14135.0,4439.0
2013.09.17,14060.0,-115.0,14155.0,14155.0,14055.0,498.0
2013.09.16,14175.0,130.0,14185.0,14215.0,14095.0,1985.0
2013.09.13,14045.0,-50.0,14150.0,14170.0,14045.0,5998.0
2013.09.12,14095.0,25.0,14145.0,14195.0,14035.0,1127.0
2013.09.11,14070.0,10.0,14145.0,14145.0,14015.0,1299.0
2013.09.10,14060.0,175.0,13990.0,14060.0,13940.0,10026.0
2013.09.09,13885.0,265.0,13835.0,13885.0,13825.0,9143.0
2013.09.06,13620.0,-20.0,13690.0,13740.0,13605.0,73563.0
2013.09.05,13640.0,15.0,13640.0,13645.0,13630.0,899.0
2013.09.04,13625.0,-15.0,13580.0,13625.0,13515.0,151.0
2013.09.03,13640.0,65.0,13690.0,13690.0,13640.0,86.0
2013.09.02,13575.0,30.0,13600.0,13645.0,13575.0,2326.0
2013.08.30,13545.0,215.0,13630.0,13670.0,13525.0,25920.0
2013.08.29,13330.0,125.0,13415.0,13415.0,13310.0,42557.0
2013.08.28,13205.0,-75.0,13110.0,13220.0,13110.0,51265.0
2013.08.27,13280.0,-25.0,13280.0,13280.0,13280.0,752.0
2013.08.26,13305.0,150.0,13275.0,13305.0,13275.0,732.0
2013.08.23,13155.0,105.0,13130.0,13260.0,13130.0,1811.0
2013.08.22,13050.0,15.0,12995.0,13050.0,12995.0,23.0
2013.08.21,13035.0,-120.0,13175.0,13230.0,13035.0,20.0
2013.08.20,13155.0,-170.0,13425.0,13425.0,13145.0,713.0
2013.08.19,13325.0,-30.0,13355.0,13355.0,13325.0,194.0
2013.08.16,13355.0,-90.0,13305.0,13385.0,13295.0,579.0
2013.08.14,13445.0,160.0,13400.0,13480.0,13400.0,3708.0
2013.08.13,13285.0,230.0,13275.0,13305.0,13275.0,30381.0
2013.08.12,13055.0,-70.0,13140.0,13140.0,13055.0,160.0
2013.08.09,13125.0,85.0,13000.0,13140.0,13000.0,27437.0
2013.08.08,13040.0,-100.0,13050.0,13055.0,13005.0,746.0
2013.08.07,13140.0,-15.0,13140.0,13140.0,13140.0,70.0
2013.08.06,13155.0,-40.0,13155.0,13155.0,13155.0,54.0
2013.08.05,13195.0,35.0,13190.0,13195.0,13155.0,850.0
2013.08.02,13160.0,-30.0,13255.0,13255.0,13155.0,1427.0
2013.08.01,13190.0,0.0,13175.0,13200.0,13130.0,106.0
2013.07.31,13190.0,15.0,13200.0,13200.0,13160.0,168.0
2013.07.30,13175.0,50.0,13125.0,13190.0,13125.0,3780.0
2013.07.29,13125.0,-130.0,13255.0,13255.0,13115.0,940.0
2013.07.26,13255.0,-100.0,13355.0,13355.0,13255.0,21195.0
2013.07.25,13355.0,50.0,13405.0,13405.0,13350.0,20170.0
2013.07.24,13305.0,90.0,13285.0,13320.0,13280.0,5214.0
2013.07.23,13215.0,260.0,13095.0,13215.0,13095.0,3512.0
2013.07.22,12955.0,-115.0,13160.0,13160.0,12955.0,11469.0
2013.07.19,13070.0,-165.0,13235.0,13235.0,13070.0,2.0
2013.07.18,13235.0,20.0,13235.0,13235.0,13235.0,9.0
2013.07.17,13215.0,55.0,13130.0,13220.0,13130.0,5379.0
2013.07.16,13160.0,-20.0,13220.0,13220.0,13160.0,115.0
2013.07.15,13180.0,45.0,12970.0,13255.0,12960.0,2302.0
2013.07.12,13135.0,90.0,13135.0,13160.0,13135.0,1194.0
2013.07.11,13045.0,315.0,12910.0,13045.0,12905.0,1040.0
2013.07.10,12730.0,-75.0,12805.0,12830.0,12730.0,231.0
2013.07.09,12805.0,180.0,12750.0,12805.0,12750.0,110.0
2013.07.08,12625.0,-235.0,12815.0,12815.0,12605.0,82.0
2013.07.05,12860.0,-85.0,13040.0,13040.0,12860.0,1404.0
2013.07.04,12945.0,0.0,12945.0,12945.0,12945.0,6.0
2013.07.03,12945.0,-260.0,13265.0,13530.0,12945.0,2034.0
2013.07.02,13205.0,-200.0,13370.0,13370.0,13205.0,1292.0
2013.07.01,13405.0,30.0,13325.0,13405.0,13300.0,386.0
2013.06.28,13375.0,175.0,13285.0,13375.0,13240.0,150.0
2013.06.27,13200.0,410.0,13005.0,13200.0,13005.0,1823.0
2013.06.26,12790.0,200.0,12910.0,12910.0,12725.0,100048.0
2013.06.25,12590.0,-395.0,12850.0,12915.0,12590.0,1394.0
2013.06.24,12985.0,-55.0,13080.0,13080.0,12985.0,30843.0
2013.06.21,13040.0,-265.0,12855.0,13100.0,12855.0,132.0
2013.06.20,13305.0,-385.0,13400.0,13400.0,13305.0,48.0
2013.06.19,13690.0,180.0,13660.0,13690.0,13660.0,951.0
2013.06.18,13510.0,30.0,13475.0,13515.0,13460.0,1919.0
2013.06.17,13480.0,-75.0,13555.0,13555.0,13480.0,1015.0
2013.06.14,13555.0,-65.0,13700.0,13710.0,13555.0,14994.0
2013.06.13,13620.0,-135.0,13755.0,13755.0,13610.0,1106.0
2013.06.12,13755.0,-145.0,13875.0,13875.0,13755.0,124.0
2013.06.11,13900.0,-80.0,13980.0,13980.0,13900.0,59.0
2013.06.10,13980.0,130.0,13920.0,13995.0,13920.0,78.0
2013.06.07,13850.0,-405.0,14130.0,14140.0,13850.0,275.0
2013.06.05,14255.0,-160.0,14415.0,14415.0,14255.0,24.0
2013.06.04,14415.0,-40.0,14515.0,14515.0,14365.0,306.0
2013.06.03,14455.0,-180.0,14550.0,14615.0,14455.0,4221.0
2013.05.31,14635.0,170.0,14630.0,14650.0,14560.0,229.0
2013.05.30,14465.0,-105.0,14470.0,14530.0,14465.0,4163.0
2013.05.29,14570.0,270.0,14480.0,14570.0,14400.0,2015.0
2013.05.28,14300.0,-60.0,14350.0,14400.0,12460.0,455200.0
2013.05.27,14360.0,100.0,14290.0,14360.0,14290.0,51.0
2013.05.24,14260.0,75.0,14260.0,14270.0,14240.0,2249.0
2013.05.23,14185.0,-155.0,14350.0,14360.0,14185.0,4700.0
2013.05.22,14340.0,70.0,14390.0,14390.0,14330.0,15587.0
2013.05.21,14270.0,-110.0,14380.0,14425.0,14250.0,568.0
2013.05.20,14380.0,10.0,14480.0,14480.0,14380.0,283.0
2013.05.16,14370.0,290.0,14210.0,14420.0,14210.0,10588.0
2013.05.15,14080.0,50.0,14040.0,14080.0,14040.0,33.0
2013.05.14,14030.0,215.0,13885.0,14045.0,13885.0,1154.0
2013.05.13,13815.0,-95.0,13805.0,13815.0,13805.0,55.0
2013.05.10,13910.0,-180.0,14050.0,14055.0,13910.0,6098.0
2013.05.09,14090.0,150.0,13990.0,14090.0,13980.0,12616.0
2013.05.08,13940.0,-60.0,13970.0,14000.0,13885.0,4605.0
2013.05.07,14000.0,-120.0,14025.0,14025.0,14000.0,87.0
2013.05.06,14120.0,30.0,14265.0,14265.0,14120.0,36.0
2013.05.03,14090.0,-60.0,14150.0,14150.0,14090.0,3020.0
2013.05.02,14150.0,-105.0,14180.0,14180.0,14150.0,249.0
2013.04.30,14255.0,225.0,14060.0,14305.0,14060.0,50869.0
2013.04.29,14030.0,-80.0,14110.0,14110.0,14030.0,2356820.0
2013.04.26,14130.0,40.0,14130.0,14165.0,14130.0,163.0
2013.04.25,14090.0,55.0,14105.0,14105.0,14090.0,3014.0
2013.04.24,14035.0,120.0,14110.0,14110.0,13980.0,77.0
2013.04.23,13915.0,-90.0,13980.0,13980.0,13915.0,863807.0
2013.04.22,14005.0,215.0,13865.0,14005.0,13835.0,14215.0
2013.04.19,13790.0,170.0,13620.0,13790.0,13620.0,807.0
2013.04.18,13620.0,-420.0,13810.0,13840.0,13620.0,6310.0
2013.04.17,14040.0,10.0,14185.0,14185.0,13965.0,50.0
2013.04.16,14030.0,-35.0,13910.0,14080.0,13875.0,58285.0
2013.04.15,14065.0,80.0,13850.0,14065.0,13850.0,1947.0
2013.04.12,13985.0,-75.0,14095.0,14105.0,13950.0,22581.0
2013.04.11,14060.0,270.0,13845.0,14060.0,13845.0,5962.0
2013.04.10,13790.0,100.0,13760.0,13830.0,13730.0,306.0
2013.04.09,13690.0,25.0,13640.0,13690.0,13510.0,1061.0
2013.04.08,13665.0,-70.0,13740.0,13740.0,13665.0,385.0
2013.04.05,13735.0,-155.0,13810.0,13810.0,13725.0,464.0
2013.04.04,13890.0,-145.0,13920.0,13940.0,13810.0,62.0
2013.04.03,14035.0,65.0,13970.0,14035.0,13950.0,5761.0
2013.04.02,13970.0,-90.0,14080.0,14080.0,13970.0,7695.0
2013.04.01,14060.0,-40.0,14155.0,14155.0,14015.0,53.0
2013.03.29,14100.0,125.0,14050.0,14100.0,14030.0,433.0
2013.03.28,13975.0,-80.0,14055.0,14055.0,13975.0,208.0
2013.03.27,14055.0,70.0,13985.0,14055.0,13945.0,134.0
2013.03.26,13985.0,55.0,13960.0,14000.0,13960.0,37.0
2013.03.25,13930.0,230.0,13880.0,13930.0,13880.0,1094.0
2013.03.22,13700.0,5.0,13700.0,13700.0,13700.0,0.0
2013.03.21,13695.0,-70.0,13770.0,13810.0,13695.0,3357.0
2013.03.20,13765.0,-35.0,13760.0,13765.0,13760.0,11.0
2013.03.19,13800.0,140.0,13760.0,13930.0,13760.0,26830.0
2013.03.18,13660.0,-185.0,13675.0,13730.0,13635.0,26342.0
2013.03.15,13845.0,-20.0,13950.0,13950.0,13800.0,20488.0
2013.03.14,13865.0,15.0,13865.0,13880.0,13815.0,69.0
2013.03.13,13850.0,115.0,13755.0,13855.0,13755.0,11837.0
2013.03.12,13735.0,-130.0,13890.0,13890.0,13735.0,122.0
2013.03.11,13865.0,65.0,13795.0,13890.0,13730.0,17.0
2013.03.08,13800.0,-70.0,13770.0,13865.0,13770.0,788.0
2013.03.07,13870.0,-10.0,13855.0,13900.0,13855.0,2290.0
2013.03.06,13880.0,-5.0,14030.0,14030.0,13870.0,1582.0
2013.03.05,13885.0,150.0,13900.0,13930.0,13870.0,669.0
2013.03.04,13735.0,-5.0,13760.0,13800.0,13735.0,93.0
2013.02.28,13740.0,60.0,13690.0,13830.0,13690.0,567.0
2013.02.27,13680.0,55.0,13800.0,13800.0,13660.0,248.0
2013.02.26,13625.0,-70.0,13490.0,13655.0,13490.0,438957.0
2013.02.25,13695.0,55.0,13645.0,13710.0,13640.0,73.0
2013.02.22,13640.0,-50.0,13580.0,13740.0,13580.0,479.0
2013.02.21,13690.0,80.0,13615.0,13700.0,13570.0,2770.0
2013.02.20,13610.0,375.0,13440.0,13670.0,13395.0,562.0
2013.02.19,13235.0,-35.0,13280.0,13330.0,13235.0,3354.0
2013.02.18,13270.0,15.0,13235.0,13275.0,13140.0,1287513.0
2013.02.15,13255.0,85.0,13270.0,13270.0,13255.0,41.0
2013.02.14,13170.0,35.0,13225.0,13225.0,13170.0,10092.0
2013.02.13,13135.0,190.0,13050.0,13180.0,13050.0,251.0
2013.02.12,12945.0,-20.0,13020.0,13025.0,12930.0,22228.0
2013.02.08,12965.0,105.0,12975.0,13035.0,12935.0,1015.0
2013.02.07,12860.0,180.0,12790.0,12860.0,12790.0,149.0
2013.02.06,12680.0,-25.0,12700.0,12730.0,12680.0,318.0
2013.02.05,12705.0,-180.0,12765.0,12765.0,12600.0,34585.0
2013.02.04,12885.0,-95.0,12975.0,12975.0,12840.0,3621.0
2013.02.01,12980.0,-35.0,13010.0,13010.0,12880.0,41294.0
2013.01.31,13015.0,30.0,12945.0,13015.0,12935.0,589.0
2013.01.30,12985.0,60.0,12990.0,13060.0,12925.0,160.0
2013.01.29,12925.0,115.0,12905.0,12935.0,12810.0,4647.0
2013.01.28,12810.0,-90.0,12830.0,12845.0,12780.0,25015.0
2013.01.25,12900.0,-190.0,12925.0,12925.0,12785.0,268.0
2013.01.24,13090.0,-205.0,13100.0,13140.0,13040.0,455.0
2013.01.23,13295.0,-30.0,13400.0,13400.0,13295.0,24943.0
2013.01.22,13325.0,160.0,13265.0,13325.0,13185.0,102.0
2013.01.21,13165.0,-30.0,13190.0,13265.0,13165.0,76.0
2013.01.18,13195.0,105.0,13230.0,13230.0,13085.0,6721.0
2013.01.17,13090.0,-140.0,13205.0,13205.0,13070.0,2256.0
2013.01.16,13230.0,-90.0,13320.0,13320.0,13230.0,330.0
2013.01.15,13320.0,-210.0,13530.0,13530.0,13305.0,165.0
2013.01.14,13530.0,-55.0,13475.0,13535.0,13475.0,401.0
2013.01.11,13585.0,75.0,13620.0,13665.0,13450.0,3943.0
2013.01.10,13510.0,35.0,13505.0,13510.0,13505.0,114.0
2013.01.09,13475.0,-140.0,13555.0,13620.0,13475.0,95.0
2013.01.08,13615.0,-55.0,13585.0,13670.0,13585.0,349.0
2013.01.07,13670.0,55.0,13615.0,13695.0,13565.0,208.0
2013.01.04,13615.0,-145.0,13745.0,13745.0,13585.0,21604.0
2013.01.03,13760.0,-70.0,13855.0,13855.0,13700.0,832.0
2013.01.02,13830.0,355.0,13655.0,13830.0,13635.0,11723.0
2012.12.28,13475.0,185.0,13290.0,13485.0,13290.0,423.0
2012.12.27,13290.0,-10.0,13300.0,13315.0,13220.0,9401.0
2012.12.26,13300.0,90.0,13300.0,15100.0,13200.0,73471.0
2012.12.24,13210.0,5.0,13210.0,13210.0,13210.0,0.0
2012.12.21,13205.0,-125.0,13250.0,13250.0,13130.0,36364.0
2012.12.20,13330.0,-105.0,13555.0,13555.0,13330.0,4013.0
2012.12.18,13435.0,40.0,13470.0,13470.0,13390.0,24566.0
2012.12.17,13395.0,-180.0,13530.0,13530.0,13395.0,302849.0
2012.12.14,13575.0,-25.0,13600.0,13600.0,13560.0,389.0
2012.12.13,13600.0,170.0,13505.0,13600.0,13485.0,810.0
2012.12.12,13430.0,-110.0,13525.0,13575.0,13430.0,56.0
2012.12.11,13540.0,-85.0,13625.0,13625.0,13520.0,17527.0
2012.12.10,13625.0,80.0,13605.0,13625.0,13530.0,281.0
2012.12.07,13545.0,170.0,13550.0,13550.0,13540.0,365.0
2012.12.06,13375.0,-155.0,13505.0,13505.0,13345.0,2801.0
2012.12.05,13530.0,-5.0,13550.0,13550.0,13505.0,517.0
2012.12.04,13535.0,50.0,13465.0,13540.0,13465.0,33.0
2012.12.03,13485.0,-10.0,13495.0,13530.0,13440.0,14893.0
2012.11.30,13495.0,80.0,13450.0,13495.0,13425.0,43222.0
2012.11.29,13415.0,-85.0,13560.0,13560.0,13415.0,2406.0
2012.11.28,13500.0,-85.0,13490.0,13515.0,13460.0,1099.0
2012.11.27,13585.0,-5.0,13655.0,13655.0,13505.0,1199.0
2012.11.26,13590.0,-105.0,13740.0,13765.0,13580.0,724.0
2012.11.23,13695.0,170.0,13595.0,13695.0,13555.0,12.0
2012.11.22,13525.0,210.0,13400.0,13525.0,13400.0,1146.0
2012.11.21,13315.0,-125.0,13450.0,13450.0,13290.0,1681.0
2012.11.20,13440.0,285.0,13300.0,13440.0,13285.0,2257.0
2012.11.19,13155.0,110.0,13090.0,13170.0,13075.0,3102.0
2012.11.16,13045.0,-115.0,13210.0,13210.0,12965.0,129.0
2012.11.15,13160.0,-135.0,13185.0,13185.0,13120.0,27.0
2012.11.14,13295.0,75.0,13350.0,13350.0,13275.0,5.0
2012.11.13,13220.0,-35.0,13240.0,13255.0,13195.0,1592.0
2012.11.12,13255.0,-35.0,13255.0,13255.0,13255.0,70981.0
2012.11.09,13290.0,-15.0,13145.0,13290.0,13145.0,108.0
2012.11.08,13305.0,-110.0,13280.0,13305.0,13240.0,75.0
2012.11.07,13415.0,85.0,13370.0,13415.0,13285.0,71054.0
2012.11.06,13330.0,30.0,13270.0,13330.0,13190.0,1309.0
2012.11.05,13300.0,90.0,13255.0,13340.0,13200.0,1518.0
2012.11.02,13210.0,235.0,13200.0,13235.0,13200.0,161.0
2012.11.01,12975.0,-40.0,12990.0,12990.0,12920.0,121.0
2012.10.31,13015.0,60.0,13010.0,13015.0,12960.0,545.0
2012.10.30,12955.0,90.0,12955.0,12955.0,12955.0,20.0
2012.10.29,12865.0,175.0,12860.0,12900.0,12860.0,37.0
2012.10.26,12690.0,-170.0,12835.0,12835.0,12690.0,54.0
2012.10.25,12860.0,95.0,12900.0,12910.0,12860.0,211.0
2012.10.24,12765.0,55.0,12655.0,12830.0,12600.0,263.0
2012.10.23,12710.0,-105.0,12860.0,12860.0,12710.0,47.0
2012.10.22,12815.0,-40.0,12655.0,12815.0,12655.0,506.0
2012.10.19,12855.0,-10.0,12875.0,12875.0,12855.0,2.0
2012.10.18,12865.0,-95.0,12900.0,12900.0,12865.0,282.0
2012.10.17,12960.0,160.0,12945.0,12995.0,12930.0,71426.0
2012.10.16,12800.0,300.0,12680.0,12800.0,12680.0,518237.0
2012.10.15,12500.0,-100.0,12590.0,12590.0,12480.0,84.0
2012.10.12,12600.0,0.0,12600.0,12600.0,12600.0,100786.0
2012.10.11,12600.0,-150.0,12630.0,12700.0,12510.0,171039.0
2012.10.10,12750.0,-330.0,12825.0,12825.0,12750.0,4519.0
2012.10.09,13080.0,-35.0,13070.0,13080.0,13060.0,150.0
2012.10.08,13115.0,15.0,13090.0,13120.0,13015.0,277.0
2012.10.05,13100.0,45.0,13200.0,13200.0,13060.0,87.0
2012.10.04,13055.0,-75.0,13145.0,13145.0,13025.0,3651.0
2012.10.02,13130.0,15.0,13120.0,13145.0,13120.0,3.0
2012.09.28,13115.0,115.0,13055.0,13120.0,13055.0,1952.0
2012.09.27,13000.0,130.0,12960.0,13000.0,12945.0,30.0
2012.09.26,12870.0,-185.0,12950.0,12970.0,12870.0,134.0
2012.09.25,13055.0,-230.0,13205.0,13230.0,13055.0,54.0
2012.09.24,13285.0,65.0,13150.0,13290.0,13140.0,62.0
2012.09.21,13220.0,45.0,13335.0,13335.0,13170.0,81.0
2012.09.20,13175.0,-50.0,13260.0,13305.0,13175.0,1173.0
2012.09.19,13225.0,100.0,13100.0,13295.0,13100.0,2316.0
2012.09.18,13125.0,-40.0,13080.0,13235.0,13080.0,3070.0
2012.09.17,13165.0,-55.0,13260.0,13260.0,13090.0,1305.0
2012.09.14,13220.0,320.0,13200.0,13250.0,13150.0,10260.0
2012.09.13,12900.0,-20.0,12900.0,12910.0,12835.0,319.0
2012.09.12,12920.0,160.0,12835.0,12920.0,12825.0,2951.0
2012.09.11,12760.0,40.0,12695.0,12760.0,12695.0,13.0
2012.09.10,12720.0,-105.0,12785.0,12815.0,12720.0,202.0
2012.09.07,12825.0,335.0,12725.0,12825.0,12725.0,133.0
2012.09.06,12490.0,55.0,12420.0,12500.0,12420.0,189.0
2012.09.05,12435.0,-50.0,12525.0,12540.0,12435.0,1265.0
2012.09.04,12485.0,60.0,12425.0,12510.0,12425.0,1500.0
2012.09.03,12425.0,-120.0,12490.0,12540.0,12315.0,4970.0
2012.08.31,12545.0,120.0,12450.0,12575.0,12450.0,6269.0
2012.08.30,12425.0,-225.0,12480.0,12555.0,12425.0,1117.0
2012.08.29,12650.0,210.0,12520.0,12650.0,12520.0,1140.0
2012.08.28,12440.0,45.0,12505.0,12505.0,12440.0,75.0
2012.08.27,12395.0,-190.0,12480.0,12480.0,12395.0,112.0
2012.08.24,12585.0,-200.0,12685.0,12695.0,12585.0,144.0
2012.08.23,12785.0,-5.0,12750.0,12800.0,12730.0,552.0
2012.08.22,12790.0,-115.0,12810.0,12820.0,12675.0,84.0
2012.08.21,12905.0,155.0,12850.0,12920.0,12850.0,4021.0
2012.08.20,12750.0,-5.0,12670.0,12750.0,12670.0,2255.0
2012.08.17,12755.0,-60.0,12815.0,12815.0,12700.0,3820.0
2012.08.16,12815.0,-75.0,12990.0,12990.0,12815.0,2280.0
2012.08.14,12890.0,115.0,12850.0,12890.0,12840.0,2371.0
2012.08.13,12775.0,-95.0,12870.0,12870.0,12725.0,120.0
2012.08.10,12870.0,10.0,12860.0,12905.0,12840.0,1072.0
2012.08.09,12860.0,55.0,12740.0,12920.0,12740.0,43645.0
2012.08.08,12805.0,130.0,12855.0,12865.0,12795.0,79.0
2012.08.07,12675.0,-35.0,12650.0,12675.0,12630.0,2185.0
2012.08.06,12710.0,280.0,12695.0,12715.0,12660.0,75345.0
2012.08.03,12430.0,-65.0,12295.0,12440.0,12295.0,10403.0
2012.08.02,12495.0,-90.0,12580.0,12580.0,12495.0,129.0
2012.08.01,12585.0,-150.0,12515.0,12635.0,12515.0,17221.0
2012.07.31,12735.0,365.0,12400.0,12735.0,12400.0,357.0
2012.07.30,12370.0,125.0,12380.0,12430.0,12370.0,243.0
2012.07.27,12245.0,555.0,12010.0,12245.0,12010.0,228.0
2012.07.26,11690.0,20.0,11665.0,11690.0,11665.0,355.0
2012.07.25,11670.0,-150.0,11620.0,11710.0,11575.0,1154.0
2012.07.24,11820.0,35.0,11770.0,11820.0,11770.0,44.0
2012.07.23,11785.0,-215.0,11820.0,11820.0,11650.0,517.0
2012.07.20,12000.0,100.0,11965.0,12000.0,11965.0,401.0
2012.07.19,11900.0,270.0,11860.0,11900.0,11845.0,1672.0
2012.07.18,11630.0,-320.0,11935.0,11935.0,11610.0,15.0
2012.07.17,11950.0,55.0,11855.0,11950.0,11780.0,20196.0
2012.07.16,11895.0,-105.0,11995.0,11995.0,11895.0,5.0
2012.07.13,12000.0,225.0,11775.0,12000.0,11660.0,68.0
2012.07.12,11775.0,-225.0,12000.0,12000.0,11775.0,52.0
2012.07.11,12000.0,-20.0,12020.0,12020.0,12000.0,4.0
2012.07.10,12020.0,-110.0,12130.0,12130.0,12020.0,2773.0
2012.07.09,12130.0,-215.0,12180.0,12180.0,12130.0,2.0
2012.07.06,12345.0,-135.0,12345.0,12345.0,12345.0,250.0
2012.07.05,12480.0,15.0,12465.0,12480.0,12465.0,6684.0
2012.07.04,12465.0,130.0,12385.0,12465.0,12385.0,4404.0
2012.07.03,12335.0,80.0,12425.0,12425.0,12335.0,1650.0
2012.07.02,12255.0,-95.0,12350.0,12350.0,12200.0,18092.0
2012.06.29,12350.0,310.0,12040.0,12350.0,12040.0,770.0
2012.06.28,12040.0,-100.0,12140.0,12190.0,12035.0,686.0
2012.06.27,12140.0,100.0,12040.0,12140.0,11950.0,6215.0
2012.06.26,12040.0,45.0,11995.0,12050.0,11945.0,7839.0
2012.06.25,11995.0,-355.0,12310.0,12310.0,11995.0,825.0
2012.06.22,12350.0,-250.0,12460.0,12460.0,12310.0,229.0
2012.06.21,12600.0,-70.0,12740.0,12745.0,12600.0,70.0
2012.06.20,12670.0,135.0,12720.0,12730.0,12670.0,4356.0
2012.06.19,12535.0,-10.0,12485.0,12535.0,12485.0,3.0
2012.06.18,12545.0,195.0,12655.0,12655.0,12545.0,70.0
2012.06.15,12350.0,-170.0,12520.0,12520.0,12350.0,56.0
2012.06.14,12520.0,-50.0,12555.0,12555.0,12520.0,3.0
2012.06.13,12570.0,-30.0,12670.0,12670.0,12520.0,1312.0
2012.06.12,12600.0,40.0,12370.0,12600.0,12370.0,5674.0
2012.06.11,12560.0,245.0,12565.0,12565.0,12545.0,32.0
2012.06.08,12315.0,-40.0,12405.0,12405.0,12290.0,52.0
2012.06.07,12355.0,445.0,12250.0,12400.0,12250.0,1585.0
2012.06.05,11910.0,120.0,11865.0,11910.0,11865.0,3358.0
2012.06.04,11790.0,-410.0,11780.0,11850.0,11685.0,4555.0
2012.06.01,12200.0,125.0,12150.0,12245.0,12150.0,2100.0
2012.05.31,12075.0,-175.0,12095.0,12095.0,11990.0,161.0
2012.05.30,12250.0,35.0,12215.0,12250.0,12065.0,10184.0
2012.05.29,12215.0,200.0,11980.0,12215.0,11955.0,105.0
2012.05.25,12015.0,135.0,12150.0,12150.0,12010.0,234.0
2012.05.24,11880.0,-25.0,11890.0,11890.0,11880.0,82.0
2012.05.23,11905.0,-195.0,12070.0,12070.0,11880.0,75.0
2012.05.22,12100.0,185.0,12150.0,12155.0,12010.0,16317.0
2012.05.21,11915.0,155.0,11985.0,11985.0,11890.0,548.0
2012.05.18,11760.0,-450.0,11980.0,11980.0,11735.0,438.0
2012.05.17,12210.0,125.0,12185.0,12210.0,12070.0,226.0
2012.05.16,12085.0,-535.0,12605.0,12605.0,12055.0,442.0
2012.05.15,12620.0,-250.0,12795.0,12810.0,12620.0,506.0
2012.05.14,12870.0,-125.0,12990.0,12990.0,12870.0,1483.0
2012.05.11,12995.0,-335.0,13205.0,13210.0,12940.0,202.0
2012.05.10,13330.0,30.0,13245.0,13350.0,13245.0,243.0
2012.05.09,13300.0,140.0,13160.0,13300.0,13160.0,187.0
2012.05.08,13160.0,-35.0,13290.0,13290.0,13155.0,593.0
2012.05.07,13195.0,-290.0,13275.0,13275.0,13165.0,4037.0
2012.05.04,13485.0,-30.0,13425.0,13485.0,13385.0,615.0
2012.05.03,13515.0,-40.0,13545.0,13585.0,13470.0,27315.0
2012.05.02,13555.0,-15.0,13580.0,13580.0,13545.0,1020.0
2012.04.30,13570.0,25.0,13630.0,13640.0,13565.0,126.0
2012.04.27,13545.0,255.0,13465.0,13545.0,13450.0,108.0
2012.04.26,13350.0,-5.0,13540.0,13540.0,13320.0,4311.0
2012.04.25,13355.0,40.0,13425.0,13525.0,13350.0,3996.0
2012.04.24,13315.0,-70.0,13325.0,13325.0,13245.0,203.0
2012.04.23,13385.0,-15.0,13400.0,13435.0,13305.0,222.0
2012.04.20,13400.0,-210.0,13475.0,13475.0,13350.0,2289.0
2012.04.19,13610.0,135.0,13545.0,13610.0,13490.0,16835.0
2012.04.18,13475.0,125.0,13500.0,13500.0,13475.0,520.0
2012.04.17,13350.0,-90.0,13425.0,13425.0,13350.0,54.0
2012.04.16,13440.0,-40.0,13440.0,13440.0,13405.0,159.0
2012.04.13,13480.0,280.0,13430.0,13480.0,13430.0,371.0
2012.04.12,13200.0,-250.0,13385.0,13385.0,13150.0,481.0
2012.04.10,13450.0,-105.0,13550.0,13550.0,13410.0,581.0
2012.04.09,13555.0,-295.0,13790.0,13790.0,13555.0,141.0
2012.04.06,13850.0,0.0,13850.0,13865.0,13830.0,76.0
2012.04.05,13850.0,165.0,13610.0,13850.0,13600.0,10.0
2012.04.04,13685.0,-215.0,13900.0,13900.0,13665.0,19023.0
2012.04.03,13900.0,155.0,13780.0,13910.0,13780.0,212.0
2012.04.02,13745.0,95.0,13650.0,13745.0,13600.0,483.0
2012.03.30,13650.0,-70.0,13720.0,13720.0,13620.0,162.0
2012.03.29,13720.0,-150.0,13815.0,13815.0,13690.0,105.0
2012.03.28,13870.0,-125.0,13905.0,13960.0,13870.0,1728.0
2012.03.27,13995.0,195.0,13925.0,13995.0,13900.0,5104.0
2012.03.26,13800.0,45.0,13890.0,13910.0,13760.0,2258.0
2012.03.23,13755.0,-80.0,13700.0,13770.0,13700.0,334.0
2012.03.22,13835.0,15.0,13800.0,13870.0,13800.0,282.0
2012.03.21,13820.0,40.0,13710.0,13830.0,13710.0,22.0
2012.03.20,13780.0,0.0,13805.0,13805.0,13780.0,86.0
2012.03.19,13780.0,10.0,13760.0,13840.0,13745.0,1257.0
2012.03.16,13770.0,-20.0,13895.0,13895.0,13755.0,63.0
2012.03.15,13790.0,-35.0,13775.0,13820.0,13740.0,1272.0
2012.03.14,13825.0,160.0,13770.0,13875.0,13770.0,21.0
2012.03.13,13665.0,25.0,13620.0,13665.0,13620.0,490.0
2012.03.12,13640.0,0.0,13640.0,13640.0,13640.0,1.0
2012.03.09,13640.0,185.0,13565.0,13640.0,13565.0,207.0
2012.03.08,13455.0,260.0,13330.0,13480.0,13330.0,1079.0
2012.03.07,13195.0,-130.0,13195.0,13195.0,13195.0,4.0
2012.03.06,13325.0,0.0,13330.0,13380.0,13175.0,14850.0
2012.03.05,13325.0,-120.0,13450.0,13450.0,13310.0,230.0
2012.03.02,13445.0,-55.0,13555.0,13565.0,13445.0,1440.0
2012.02.29,13500.0,230.0,13425.0,13500.0,13425.0,210.0
2012.02.28,13270.0,175.0,13300.0,13350.0,13250.0,105.0
2012.02.27,13095.0,-150.0,13275.0,13275.0,13095.0,401.0
2012.02.24,13245.0,90.0,13130.0,13280.0,13130.0,2844.0
2012.02.23,13155.0,-195.0,13255.0,13255.0,13150.0,1903.0
2012.02.22,13350.0,55.0,13330.0,13385.0,13315.0,828.0
2012.02.21,13295.0,65.0,13295.0,13390.0,13180.0,64.0
2012.02.20,13230.0,-165.0,13440.0,13440.0,13230.0,84.0
2012.02.17,13395.0,145.0,13415.0,13435.0,13390.0,1700.0
2012.02.16,13250.0,-120.0,13330.0,13375.0,13215.0,873.0
2012.02.15,13370.0,240.0,13310.0,13410.0,13300.0,313.0
2012.02.14,13130.0,160.0,13060.0,13130.0,13060.0,1151.0
2012.02.13,12970.0,100.0,12905.0,13000.0,12905.0,205.0
2012.02.10,12870.0,-30.0,12945.0,12955.0,12870.0,746.0
2012.02.09,12900.0,90.0,12860.0,12900.0,12730.0,1065.0
2012.02.08,12810.0,145.0,12700.0,12880.0,12700.0,4005.0
2012.02.07,12665.0,-160.0,12845.0,12845.0,12630.0,449.0
2012.02.06,12825.0,-20.0,12950.0,12950.0,12825.0,207.0
2012.02.03,12845.0,-205.0,13005.0,13005.0,12765.0,469.0
2012.02.02,13050.0,175.0,13050.0,13100.0,12910.0,15183.0
2012.02.01,12875.0,165.0,12720.0,12875.0,12690.0,6422.0
2012.01.31,12710.0,-50.0,12780.0,12800.0,12710.0,13516.0
2012.01.30,12760.0,-5.0,12785.0,12900.0,12680.0,10503.0
2012.01.27,12765.0,35.0,12660.0,12780.0,12590.0,1339.0
2012.01.26,12730.0,40.0,12665.0,12730.0,12625.0,351.0
2012.01.25,12690.0,70.0,12585.0,12795.0,12585.0,1131.0
2012.01.20,12620.0,240.0,12475.0,12620.0,12445.0,3763.0
2012.01.19,12380.0,380.0,12170.0,12380.0,12170.0,1389.0
2012.01.18,12000.0,-95.0,12160.0,12160.0,11990.0,2014.0
2012.01.17,12095.0,-30.0,12175.0,12190.0,12070.0,1281.0
2012.01.16,12125.0,-15.0,12100.0,12125.0,11990.0,477.0
2012.01.13,12140.0,150.0,12130.0,12145.0,12125.0,58.0
2012.01.12,11990.0,-5.0,11995.0,11995.0,11990.0,29.0
2012.01.11,11995.0,-20.0,11995.0,11995.0,11995.0,14.0
2012.01.10,12015.0,185.0,11835.0,12015.0,11835.0,708.0
2012.01.09,11830.0,30.0,11910.0,11910.0,11730.0,643.0
2012.01.06,11800.0,-230.0,11960.0,12010.0,11800.0,56.0
2012.01.05,12030.0,-50.0,12125.0,12125.0,12030.0,136.0
2012.01.04,12080.0,-135.0,12320.0,12320.0,12080.0,2066.0
2012.01.03,12215.0,330.0,12020.0,12215.0,12020.0,238.0
2012.01.02,11885.0,105.0,11720.0,11960.0,11720.0,1549.0
2011.12.29,11780.0,105.0,11605.0,11805.0,11600.0,491.0
2011.12.28,11675.0,60.0,11645.0,11675.0,11635.0,87.0
2011.12.27,11615.0,-140.0,11750.0,11750.0,11525.0,5136.0
2011.12.26,11755.0,-40.0,11825.0,11830.0,11755.0,21.0
2011.12.23,11795.0,95.0,11815.0,11860.0,11795.0,171.0
2011.12.22,11700.0,-15.0,11680.0,11700.0,11665.0,34.0
2011.12.21,11715.0,445.0,11575.0,11715.0,11570.0,64.0
2011.12.20,11270.0,25.0,11315.0,11315.0,11245.0,68.0
2011.12.19,11245.0,-445.0,11610.0,11610.0,11000.0,2391.0
2011.12.16,11690.0,20.0,11700.0,11700.0,11690.0,16.0
2011.12.15,11670.0,-155.0,11740.0,11785.0,11670.0,13736.0
2011.12.14,11825.0,-195.0,11865.0,11905.0,11780.0,443.0
2011.12.13,12020.0,10.0,11960.0,12085.0,11880.0,6000.0
2011.12.12,12010.0,350.0,11880.0,12010.0,11880.0,279.0
2011.12.09,11660.0,-250.0,11675.0,11740.0,11620.0,1092.0
2011.12.08,11910.0,-90.0,11885.0,11950.0,11795.0,7700.0
2011.12.07,12000.0,50.0,11970.0,12020.0,11970.0,732.0
2011.12.06,11950.0,-120.0,12035.0,12085.0,11925.0,16807.0
2011.12.05,12070.0,40.0,12160.0,12160.0,12065.0,817.0
2011.12.02,12030.0,-110.0,12055.0,12150.0,12030.0,24002.0
2011.12.01,12140.0,355.0,12150.0,12190.0,12100.0,778.0
2011.11.30,11785.0,-50.0,11735.0,11820.0,11735.0,312.0
2011.11.29,11835.0,325.0,11650.0,11835.0,11585.0,894.0
2011.11.28,11510.0,505.0,11205.0,11515.0,11205.0,17900.0
2011.11.25,11005.0,-135.0,11080.0,11080.0,11005.0,12.0
2011.11.24,11140.0,65.0,11050.0,11140.0,10985.0,43.0
2011.11.23,11075.0,-330.0,11305.0,11305.0,11075.0,185.0
2011.11.22,11405.0,85.0,11220.0,11405.0,11215.0,251.0
2011.11.21,11320.0,-90.0,11270.0,11320.0,11220.0,146.0
2011.11.18,11410.0,-260.0,11435.0,11490.0,11400.0,198.0
2011.11.17,11670.0,235.0,11585.0,11670.0,11535.0,863.0
2011.11.16,11435.0,-115.0,11640.0,11745.0,11435.0,2124.0
2011.11.15,11550.0,-85.0,11515.0,11650.0,11515.0,12218.0
2011.11.14,11635.0,270.0,11575.0,11685.0,11575.0,1776.0
2011.11.11,11365.0,255.0,11230.0,11415.0,11150.0,326.0
2011.11.10,11110.0,-540.0,11340.0,11340.0,11110.0,3128.0
2011.11.09,11650.0,55.0,11605.0,11740.0,11565.0,6555.0
2011.11.08,11595.0,-180.0,11730.0,11765.0,11595.0,553.0
2011.11.07,11775.0,-45.0,11850.0,11890.0,11775.0,5065.0
2011.11.04,11820.0,385.0,11540.0,11820.0,11540.0,800.0
2011.11.03,11435.0,-300.0,11640.0,11640.0,11380.0,363.0
2011.11.02,11735.0,-165.0,11570.0,11735.0,11570.0,1168.0
2011.11.01,11900.0,100.0,11690.0,11955.0,11680.0,35010.0
2011.10.31,11800.0,45.0,11755.0,11920.0,11755.0,6832.0
2011.10.28,11755.0,-85.0,11870.0,11880.0,11640.0,9818.0
2011.10.27,11840.0,-85.0,11900.0,12040.0,11810.0,921.0
2011.10.26,11925.0,50.0,11770.0,11930.0,11765.0,2033.0
2011.10.25,11875.0,-75.0,11945.0,12010.0,11860.0,1249.0
2011.10.24,11950.0,285.0,11770.0,11950.0,11630.0,3161.0
2011.10.21,11665.0,340.0,11355.0,11725.0,11355.0,7679.0
2011.10.20,11325.0,-100.0,11320.0,11630.0,11320.0,263.0
2011.10.19,11425.0,80.0,11365.0,11425.0,11220.0,7734.0
2011.10.18,11345.0,-75.0,11200.0,11400.0,11200.0,3377.0
2011.10.17,11420.0,85.0,11400.0,11450.0,11320.0,18408.0
2011.10.14,11335.0,70.0,11150.0,11335.0,11110.0,4344.0
2011.10.13,11265.0,15.0,11300.0,11370.0,11225.0,3722.0
2011.10.12,11250.0,200.0,11070.0,11250.0,10950.0,1050.0
2011.10.11,11050.0,-35.0,11235.0,11235.0,11020.0,4531.0
2011.10.10,11085.0,275.0,10915.0,11145.0,10895.0,8468.0
2011.10.07,10810.0,-65.0,10960.0,11030.0,10750.0,10262.0
2011.10.06,10875.0,545.0,10770.0,10955.0,10770.0,740.0
2011.10.05,10330.0,-120.0,10455.0,10550.0,10330.0,196.0
2011.10.04,10450.0,-190.0,10200.0,10450.0,10125.0,16084.0
2011.09.30,10640.0,30.0,10610.0,10685.0,10450.0,395.0
2011.09.29,10610.0,425.0,10155.0,10675.0,10155.0,2508.0
2011.09.28,10185.0,35.0,10255.0,10265.0,10185.0,169.0
2011.09.27,10150.0,405.0,10045.0,10150.0,10040.0,65.0
2011.09.26,9745.0,-130.0,9775.0,9920.0,9745.0,196.0
2011.09.23,9875.0,-505.0,9965.0,10125.0,9875.0,22250.0
2011.09.22,10380.0,-265.0,10325.0,10415.0,10290.0,314.0
2011.09.21,10645.0,85.0,10560.0,10775.0,10560.0,1675.0
2011.09.20,10560.0,265.0,10260.0,10560.0,10200.0,622.0
2011.09.19,10295.0,105.0,10325.0,10360.0,10220.0,7024.0
2011.09.16,10190.0,305.0,10180.0,10190.0,10180.0,6926.0
2011.09.15,9885.0,135.0,10040.0,10050.0,9885.0,1351.0
2011.09.14,9750.0,-300.0,9985.0,9985.0,9750.0,1521.0
2011.09.09,10050.0,0.0,10165.0,10165.0,10000.0,845.0
2011.09.08,10050.0,-100.0,10165.0,10165.0,10050.0,6.0
2011.09.07,10150.0,490.0,9790.0,10180.0,9790.0,28993.0
2011.09.06,9660.0,-165.0,9585.0,9690.0,9580.0,146.0
2011.09.05,9825.0,-425.0,10035.0,10045.0,9805.0,1993.0
2011.09.02,10250.0,-45.0,10250.0,10300.0,10250.0,117.0
2011.09.01,10295.0,65.0,10305.0,10535.0,10295.0,2012.0
2011.08.31,10230.0,140.0,10000.0,10230.0,9950.0,3056.0
2011.08.30,10090.0,50.0,10145.0,10185.0,10090.0,700.0
2011.08.29,10040.0,370.0,9665.0,10040.0,9665.0,11456.0
2011.08.26,9670.0,25.0,9585.0,9675.0,9535.0,253.0
2011.08.25,9645.0,175.0,9705.0,9740.0,9610.0,207.0
2011.08.24,9470.0,-165.0,9630.0,9630.0,9340.0,879.0
2011.08.23,9635.0,355.0,9300.0,9635.0,9300.0,1418.0
2011.08.22,9280.0,20.0,9230.0,9445.0,9190.0,15396.0
2011.08.19,9260.0,-590.0,9450.0,9455.0,9260.0,1418.0
2011.08.18,9850.0,-330.0,10185.0,10185.0,9790.0,1684.0
2011.08.17,10180.0,-100.0,10300.0,10310.0,10180.0,542.0
2011.08.16,10280.0,350.0,10250.0,10280.0,10135.0,1397.0
2011.08.12,9930.0,-335.0,10305.0,10305.0,9930.0,15228.0
2011.08.11,10265.0,155.0,9560.0,10335.0,9560.0,24160.0
2011.08.10,10110.0,180.0,10310.0,10310.0,10050.0,379.0
2011.08.09,9930.0,-495.0,10055.0,10055.0,9500.0,607.0
2011.08.08,10425.0,-490.0,10680.0,10855.0,10105.0,31501.0
2011.08.05,10915.0,-505.0,10740.0,11065.0,10665.0,30917.0
2011.08.04,11420.0,-280.0,11725.0,11740.0,11420.0,10099.0
2011.08.03,11700.0,-330.0,11785.0,11805.0,11650.0,2488.0
2011.08.02,12030.0,-275.0,12130.0,12130.0,11990.0,21352.0
2011.08.01,12305.0,325.0,12050.0,12330.0,12050.0,36534.0
2011.07.29,11980.0,-30.0,12055.0,12080.0,11980.0,1679.0
2011.07.28,12010.0,-165.0,11925.0,12035.0,11925.0,3361.0
2011.07.27,12175.0,-20.0,12140.0,12175.0,12045.0,58282.0
2011.07.26,12195.0,105.0,12130.0,12200.0,12090.0,14370.0
2011.07.25,12090.0,-165.0,12160.0,12160.0,12045.0,24873.0
2011.07.22,12255.0,0.0,12360.0,12360.0,12200.0,2920.0
2011.07.21,12255.0,-45.0,12305.0,12305.0,12180.0,17160.0
2011.07.20,12300.0,345.0,12150.0,12390.0,12150.0,20490.0
2011.07.19,11955.0,155.0,11725.0,12000.0,11725.0,19200.0
2011.07.18,11800.0,-125.0,11900.0,11900.0,11770.0,1496.0
2011.07.15,11925.0,135.0,11900.0,11990.0,11880.0,36676.0
2011.07.14,11790.0,-100.0,11850.0,11850.0,11685.0,101672.0
2011.07.13,11890.0,-110.0,11940.0,11965.0,11840.0,3811.0
2011.07.12,12000.0,-320.0,12185.0,12190.0,11985.0,12907.0
2011.07.11,12320.0,-140.0,12385.0,12395.0,12320.0,2162.0
2011.07.08,12460.0,0.0,12480.0,12480.0,12440.0,6463.0
2011.07.07,12460.0,-75.0,12485.0,12510.0,12445.0,12522.0
2011.07.06,12535.0,-185.0,12635.0,12635.0,12450.0,27844.0
2011.07.05,12720.0,205.0,12530.0,12720.0,12475.0,35404.0
2011.07.04,12515.0,180.0,12475.0,12790.0,12450.0,8385.0
2011.07.01,12335.0,360.0,12155.0,12360.0,12155.0,1808.0
2011.06.30,11975.0,-40.0,12030.0,12030.0,11950.0,1269.0
2011.06.29,12015.0,45.0,12125.0,12145.0,11950.0,22383.0
2011.06.28,11970.0,-145.0,12120.0,12195.0,11970.0,17092.0
2011.06.27,12115.0,-175.0,12210.0,12210.0,12045.0,44134.0
2011.06.24,12290.0,315.0,12020.0,12335.0,11955.0,29593.0
2011.06.23,11975.0,-10.0,11980.0,12015.0,11920.0,7228.0
2011.06.22,11985.0,95.0,12050.0,12115.0,11985.0,18267.0
2011.06.21,11890.0,265.0,11745.0,11890.0,11705.0,43696.0
2011.06.20,11625.0,-55.0,11675.0,11765.0,11600.0,787.0
2011.06.17,11680.0,-335.0,12015.0,12015.0,11535.0,1193.0
2011.06.16,12015.0,-180.0,12035.0,12095.0,11995.0,9671.0
2011.06.15,12195.0,5.0,12225.0,12250.0,12100.0,9242.0
2011.06.14,12190.0,100.0,12100.0,12275.0,12090.0,11625.0
2011.06.13,12090.0,-55.0,12065.0,12140.0,11990.0,6267.0
2011.06.10,12145.0,-420.0,12575.0,12575.0,12145.0,6692.0
2011.06.09,12565.0,-5.0,12555.0,12640.0,12555.0,24067.0
2011.06.08,12570.0,-90.0,12770.0,12795.0,12570.0,35649.0
2011.06.07,12660.0,75.0,12475.0,12665.0,12435.0,18929.0
2011.06.03,12585.0,-75.0,12710.0,12710.0,12520.0,1767.0
2011.06.02,12660.0,-335.0,12800.0,12830.0,12640.0,3262.0
2011.06.01,12995.0,-80.0,13080.0,13100.0,12995.0,853.0
2011.05.31,13075.0,175.0,12935.0,13150.0,12935.0,61937.0
2011.05.30,12900.0,-360.0,13245.0,13245.0,12850.0,22958.0
2011.05.27,13260.0,70.0,13145.0,13310.0,13100.0,20019.0
2011.05.26,13190.0,310.0,12980.0,13190.0,12980.0,16743.0
2011.05.25,12880.0,-150.0,13050.0,13095.0,12835.0,1383.0
2011.05.24,13030.0,-100.0,13070.0,13115.0,13030.0,2041.0
2011.05.23,13130.0,-365.0,13430.0,13435.0,13130.0,3556.0
2011.05.20,13495.0,105.0,13395.0,13535.0,13390.0,24552.0
2011.05.19,13390.0,-350.0,13755.0,13790.0,13390.0,5772.0
2011.05.18,13740.0,-85.0,13805.0,13805.0,13695.0,3719.0
2011.05.17,13825.0,-135.0,13885.0,13890.0,13750.0,9623.0
2011.05.16,13960.0,-150.0,14165.0,14165.0,13900.0,24367.0
2011.05.13,14110.0,165.0,14000.0,14145.0,13995.0,4554.0
2011.05.12,13945.0,40.0,13850.0,14030.0,13850.0,19441.0
2011.05.11,13905.0,165.0,13770.0,13910.0,13765.0,32299.0
2011.05.09,13740.0,0.0,13790.0,13820.0,13700.0,6627.0
2011.05.06,13740.0,-125.0,13665.0,13775.0,13615.0,3399.0
2011.05.04,13865.0,-360.0,14140.0,14140.0,13840.0,8061.0
2011.05.03,14225.0,-15.0,14220.0,14255.0,14150.0,3458.0
2011.05.02,14240.0,395.0,13910.0,14240.0,13910.0,7756.0
2011.04.29,13845.0,-180.0,13910.0,13995.0,13735.0,53870.0
2011.04.28,14025.0,-130.0,14200.0,14250.0,14000.0,41483.0
2011.04.27,14155.0,35.0,14260.0,14380.0,14100.0,47854.0
2011.04.26,14120.0,-150.0,14280.0,14535.0,14040.0,99715.0
2011.04.25,14270.0,-85.0,14355.0,14395.0,14070.0,12779.0
2011.04.22,14355.0,-300.0,14400.0,14405.0,14250.0,47337.0
2011.04.21,14655.0,440.0,14440.0,14655.0,14350.0,76628.0
2011.04.20,14215.0,585.0,13880.0,14245.0,13860.0,17471.0
2011.04.19,13630.0,115.0,13420.0,13630.0,13420.0,8522.0
2011.04.18,13515.0,-45.0,13645.0,13645.0,13515.0,5024.0
2011.04.15,13560.0,-30.0,13615.0,13650.0,13560.0,1770.0
2011.04.14,13590.0,80.0,13540.0,13590.0,13490.0,5048.0
2011.04.13,13510.0,200.0,13335.0,13510.0,13335.0,6408.0
2011.04.12,13310.0,-235.0,13490.0,13490.0,13300.0,4840.0
2011.04.11,13545.0,105.0,13505.0,13595.0,13505.0,4285.0
2011.04.08,13440.0,-10.0,13460.0,13535.0,13400.0,1968.0
2011.04.07,13450.0,-120.0,13600.0,13635.0,13450.0,5391.0
2011.04.06,13570.0,-190.0,13725.0,13725.0,13545.0,14847.0
