날짜,종가,전일비,시가,고가,저가,거래량
2026.07.13,16970.0,-345.0,17150.0,17190.0,16925.0,8495.0
2026.07.10,17315.0,175.0,17270.0,17345.0,17250.0,6452.0
2026.07.09,17140.0,-195.0,17115.0,17140.0,16950.0,14699.0
2026.07.08,17335.0,-20.0,17260.0,17355.0,17185.0,8675.0
2026.07.07,17355.0,-145.0,17530.0,17565.0,17330.0,14328.0
2026.07.06,17500.0,-110.0,17680.0,17680.0,17485.0,10617.0
2026.07.03,17610.0,465.0,17345.0,17710.0,17345.0,24946.0
2026.07.02,17145.0,470.0,16955.0,17150.0,16940.0,13837.0
2026.07.01,16675.0,-175.0,16840.0,16885.0,16670.0,8931.0
2026.06.30,16850.0,-200.0,16915.0,16915.0,16590.0,16720.0
2026.06.29,17050.0,250.0,16925.0,17110.0,16920.0,9499.0
2026.06.26,16800.0,75.0,16845.0,16910.0,16700.0,26449.0
2026.06.25,16725.0,-535.0,16890.0,16890.0,16665.0,36361.0
2026.06.24,17260.0,-110.0,17365.0,17365.0,17125.0,15412.0
2026.06.23,17370.0,-450.0,17805.0,17805.0,17365.0,31090.0
2026.06.22,17820.0,270.0,17525.0,17925.0,17525.0,19687.0
2026.06.19,17550.0,-710.0,17825.0,17835.0,17490.0,29189.0
2026.06.18,18260.0,-200.0,17590.0,18400.0,17550.0,101589.0
2026.06.17,18460.0,70.0,18430.0,18555.0,18390.0,17999.0
2026.06.16,18390.0,20.0,18375.0,18450.0,18355.0,17954.0
2026.06.15,18370.0,580.0,18315.0,18505.0,18300.0,27593.0
2026.06.12,17790.0,400.0,17970.0,18000.0,17770.0,18773.0
2026.06.11,17390.0,-505.0,17235.0,17500.0,17105.0,19232.0
2026.06.10,17895.0,-565.0,17940.0,17950.0,17670.0,30235.0
2026.06.09,18460.0,165.0,18355.0,18500.0,18320.0,14089.0
2026.06.08,18295.0,-650.0,18450.0,18560.0,18205.0,27435.0
2026.06.05,18945.0,-145.0,19090.0,19090.0,18945.0,12545.0
2026.06.04,19090.0,-350.0,19105.0,19155.0,19010.0,19148.0
2026.06.02,19440.0,105.0,19185.0,19440.0,19155.0,45611.0
2026.06.01,19335.0,-15.0,19420.0,19490.0,19315.0,43700.0
2026.05.29,19350.0,530.0,19260.0,19390.0,19255.0,39206.0
2026.05.28,18820.0,-465.0,19135.0,19135.0,18680.0,51614.0
2026.05.27,19285.0,-160.0,19440.0,19470.0,19275.0,51545.0
2026.05.26,19445.0,15.0,19505.0,19700.0,19430.0,34591.0
2026.05.22,19430.0,20.0,19450.0,19495.0,19400.0,29131.0
2026.05.21,19410.0,225.0,19185.0,19655.0,19185.0,25239.0
2026.05.20,19185.0,-325.0,19285.0,19350.0,19100.0,31633.0
2026.05.19,19510.0,10.0,19715.0,19805.0,19500.0,20093.0
2026.05.18,19500.0,-200.0,19595.0,19595.0,19270.0,35988.0
2026.05.15,19700.0,-720.0,20210.0,20210.0,19615.0,42816.0
2026.05.14,20420.0,-55.0,20420.0,20480.0,20345.0,29589.0
2026.05.13,20475.0,65.0,20510.0,20580.0,20410.0,34393.0
2026.05.12,20410.0,290.0,20645.0,20695.0,20385.0,65923.0
2026.05.11,20120.0,-285.0,20240.0,20270.0,20030.0,66465.0
2026.05.08,20405.0,110.0,20295.0,20415.0,20210.0,43790.0
2026.05.07,20295.0,345.0,20160.0,20320.0,20115.0,53515.0
2026.05.06,19950.0,210.0,19685.0,19960.0,19580.0,52373.0
2026.05.04,19740.0,250.0,19790.0,19880.0,19740.0,37264.0
2026.04.30,19490.0,-170.0,19535.0,19610.0,19400.0,57166.0
2026.04.29,19660.0,-160.0,19705.0,19735.0,19605.0,33716.0
2026.04.28,19820.0,-380.0,20160.0,20165.0,19765.0,45380.0
2026.04.27,20200.0,195.0,20005.0,20295.0,20005.0,43201.0
2026.04.24,20005.0,-170.0,20155.0,20160.0,19960.0,28607.0
2026.04.23,20175.0,-250.0,20280.0,20430.0,20115.0,41428.0
2026.04.22,20425.0,-85.0,20365.0,20450.0,20280.0,45094.0
2026.04.21,20510.0,-90.0,20685.0,20755.0,20500.0,34323.0
2026.04.20,20600.0,5.0,20470.0,20745.0,20425.0,29552.0
2026.04.17,20595.0,-185.0,20620.0,20655.0,20495.0,31033.0
2026.04.16,20780.0,50.0,20815.0,20830.0,20725.0,40952.0
2026.04.15,20730.0,295.0,20850.0,20950.0,20702.0,32239.0
2026.04.14,20435.0,210.0,20370.0,20495.0,20350.0,32800.0
2026.04.13,20225.0,-135.0,20055.0,20255.0,19945.0,18179.0
2026.04.10,20360.0,140.0,20355.0,20470.0,20305.0,24236.0
2026.04.09,20220.0,-475.0,20700.0,20700.0,20045.0,28208.0
2026.04.08,20695.0,855.0,20695.0,20795.0,20550.0,42339.0
2026.04.07,19840.0,-65.0,19910.0,19960.0,19765.0,15963.0
2026.04.06,19905.0,-20.0,19805.0,19995.0,19700.0,24073.0
2026.04.03,19925.0,285.0,19740.0,20100.0,19740.0,15934.0
2026.04.02,19640.0,-545.0,20420.0,20595.0,19495.0,75061.0
2026.04.01,20185.0,665.0,20125.0,20290.0,20025.0,43667.0
2026.03.31,19520.0,115.0,19400.0,19855.0,19170.0,41827.0
2026.03.30,19405.0,305.0,19065.0,19405.0,18845.0,41744.0
2026.03.27,19100.0,55.0,19045.0,19170.0,18705.0,31768.0
2026.03.26,19045.0,-490.0,19320.0,19485.0,18915.0,36280.0
2026.03.25,19535.0,735.0,19310.0,19760.0,19310.0,48757.0
2026.03.24,18800.0,640.0,19005.0,19110.0,18395.0,48898.0
2026.03.23,18160.0,-1960.0,19125.0,19150.0,18160.0,143382.0
2026.03.20,20120.0,-510.0,19980.0,20330.0,19880.0,89681.0
2026.03.19,20630.0,-870.0,21480.0,21485.0,20630.0,65635.0
2026.03.18,21500.0,-35.0,21515.0,21535.0,21350.0,54647.0
2026.03.17,21535.0,-115.0,21640.0,21715.0,21510.0,46666.0
2026.03.16,21650.0,-385.0,21575.0,21720.0,21430.0,59135.0
2026.03.13,22035.0,-225.0,22090.0,22170.0,21995.0,25294.0
2026.03.12,22260.0,-295.0,22255.0,22330.0,22100.0,29422.0
2026.03.11,22555.0,80.0,22490.0,22625.0,22490.0,51385.0
2026.03.10,22475.0,385.0,22215.0,22510.0,22197.0,69925.0
2026.03.09,22090.0,5.0,21770.0,22125.0,21615.0,95391.0
2026.03.06,22085.0,90.0,21995.0,22255.0,21820.0,59966.0
2026.03.05,21995.0,-155.0,22200.0,22365.0,21920.0,141267.0
2026.03.04,22150.0,-755.0,22070.0,22400.0,21820.0,218086.0
2026.03.03,22905.0,340.0,23095.0,23340.0,22765.0,202952.0
2026.02.27,22565.0,-15.0,22565.0,22600.0,22465.0,107071.0
2026.02.26,22580.0,-45.0,22465.0,22615.0,22385.0,109015.0
2026.02.25,22625.0,165.0,22460.0,22690.0,22270.0,106461.0
2026.02.24,22460.0,65.0,22780.0,22780.0,22290.0,121583.0
2026.02.23,22395.0,810.0,22375.0,22500.0,22250.0,153855.0
2026.02.20,21585.0,120.0,21465.0,21600.0,21440.0,95209.0
2026.02.19,21465.0,165.0,21315.0,21500.0,21255.0,110034.0
2026.02.13,21300.0,-595.0,21145.0,21445.0,21010.0,87850.0
2026.02.12,21895.0,165.0,21855.0,21950.0,21760.0,77738.0
2026.02.11,21730.0,10.0,21705.0,21800.0,21675.0,254795.0
2026.02.10,21720.0,-15.0,21830.0,21845.0,21650.0,130248.0
2026.02.09,21735.0,900.0,21490.0,21925.0,21240.0,164430.0
2026.02.06,20835.0,-400.0,20025.0,21000.0,18450.0,250755.0
2026.02.05,21235.0,-890.0,21905.0,21910.0,20515.0,301672.0
2026.02.04,22125.0,945.0,21655.0,22260.0,21540.0,303593.0
2026.02.03,21180.0,1460.0,20670.0,21180.0,20595.0,345183.0
2026.02.02,19720.0,-3615.0,20855.0,21545.0,19650.0,857820.0
2026.01.30,23335.0,-1930.0,24740.0,24850.0,23070.0,836576.0
2026.01.29,25265.0,1580.0,24975.0,25265.0,24615.0,571012.0
2026.01.28,23685.0,725.0,23335.0,23725.0,23205.0,325605.0
2026.01.27,22960.0,115.0,22705.0,22980.0,22530.0,403311.0
2026.01.26,22845.0,700.0,22670.0,24220.0,22630.0,489477.0
2026.01.23,22145.0,635.0,22110.0,22210.0,22020.0,162953.0
2026.01.22,21510.0,-310.0,21275.0,21515.0,21205.0,346997.0
2026.01.21,21820.0,695.0,21400.0,21820.0,21360.0,330747.0
2026.01.20,21125.0,230.0,20945.0,21150.0,20890.0,131729.0
2026.01.19,20895.0,325.0,20855.0,20935.0,20810.0,135384.0
2026.01.16,20570.0,120.0,20555.0,20590.0,20465.0,96604.0
2026.01.15,20450.0,-160.0,20615.0,20635.0,20335.0,196870.0
2026.01.14,20610.0,300.0,20420.0,20650.0,20415.0,99059.0
2026.01.13,20310.0,95.0,20345.0,20385.0,20240.0,79939.0
2026.01.12,20215.0,615.0,19985.0,20270.0,19965.0,106845.0
2026.01.09,19600.0,205.0,19450.0,19615.0,19445.0,41086.0
2026.01.08,19395.0,-205.0,19605.0,19675.0,19360.0,89756.0
2026.01.07,19600.0,-25.0,19770.0,19835.0,19530.0,86771.0
2026.01.06,19625.0,290.0,19495.0,19675.0,19440.0,66424.0
2026.01.05,19335.0,160.0,19135.0,19375.0,19085.0,81650.0
2026.01.02,19175.0,-35.0,19075.0,19195.0,18970.0,54727.0
2025.12.30,19210.0,-545.0,18915.0,19270.0,18890.0,106414.0
2025.12.29,19755.0,-40.0,20015.0,20015.0,19610.0,138841.0
2025.12.26,19850.0,95.0,19800.0,19945.0,19760.0,88685.0
2025.12.24,19755.0,190.0,19785.0,19900.0,19650.0,115749.0
2025.12.23,19565.0,260.0,19540.0,19780.0,19510.0,90916.0
2025.12.22,19305.0,405.0,19080.0,19310.0,19035.0,55520.0
2025.12.19,18900.0,-85.0,18940.0,18940.0,18775.0,39403.0
2025.12.18,18985.0,35.0,19060.0,19495.0,18885.0,53880.0
2025.12.17,18950.0,315.0,18720.0,18955.0,18720.0,38126.0
2025.12.16,18635.0,-265.0,18775.0,18900.0,18615.0,41653.0
2025.12.15,18900.0,205.0,18700.0,18900.0,18650.0,49076.0
2025.12.12,18695.0,365.0,18635.0,18695.0,18615.0,46726.0
2025.12.11,18330.0,10.0,18435.0,18485.0,18305.0,33815.0
2025.12.10,18320.0,235.0,18315.0,18360.0,18265.0,27315.0
2025.12.09,18085.0,-150.0,18235.0,18235.0,18055.0,15904.0
2025.12.08,18235.0,-50.0,18225.0,18265.0,18180.0,33167.0
2025.12.05,18285.0,185.0,18145.0,18295.0,18135.0,20239.0
2025.12.04,18100.0,-105.0,18205.0,18265.0,18080.0,18564.0
2025.12.03,18205.0,5.0,18125.0,18290.0,18100.0,19905.0
2025.12.02,18200.0,-100.0,18300.0,18300.0,18100.0,32862.0
2025.12.01,18300.0,345.0,18260.0,18440.0,18225.0,57781.0
2025.11.28,17955.0,85.0,17870.0,18000.0,17870.0,15485.0
2025.11.27,17870.0,-10.0,17950.0,17950.0,17830.0,12740.0
2025.11.26,17880.0,110.0,17775.0,17925.0,17745.0,17227.0
2025.11.25,17770.0,390.0,18000.0,18000.0,17390.0,20489.0
2025.11.24,17380.0,95.0,17435.0,17445.0,17310.0,15501.0
2025.11.21,17285.0,-200.0,18005.0,18005.0,17285.0,16995.0
2025.11.20,17485.0,-85.0,17680.0,17695.0,17360.0,19894.0
2025.11.19,17570.0,380.0,17455.0,17587.0,17415.0,21698.0
2025.11.18,17190.0,-245.0,17325.0,17345.0,17160.0,26462.0
2025.11.17,17435.0,-545.0,17590.0,17610.0,17370.0,45341.0
2025.11.14,17980.0,-175.0,18010.0,18120.0,17955.0,54330.0
2025.11.13,18155.0,485.0,18090.0,18180.0,17977.0,71127.0
2025.11.12,17670.0,-80.0,17805.0,17820.0,17625.0,36303.0
2025.11.11,17750.0,285.0,17665.0,17820.0,17665.0,41921.0
2025.11.10,17465.0,345.0,17200.0,17470.0,17200.0,35245.0
2025.11.07,17120.0,25.0,17090.0,17150.0,17055.0,51150.0
2025.11.06,17095.0,110.0,17030.0,17105.0,16980.0,39639.0
2025.11.05,16985.0,-40.0,16830.0,17015.0,16790.0,46149.0
2025.11.04,17025.0,-195.0,17140.0,17145.0,16975.0,33684.0
2025.11.03,17220.0,25.0,17205.0,17227.0,16970.0,34762.0
2025.10.31,17195.0,230.0,17300.0,17300.0,17090.0,28054.0
2025.10.30,16965.0,-35.0,16945.0,17050.0,16785.0,55156.0
2025.10.29,17000.0,90.0,16935.0,17045.0,16885.0,50236.0
2025.10.28,16910.0,-530.0,17060.0,17165.0,16905.0,90832.0
2025.10.27,17440.0,-65.0,17385.0,17525.0,17320.0,106874.0
2025.10.24,17505.0,-185.0,17675.0,17750.0,17495.0,64671.0
2025.10.23,17690.0,-10.0,17500.0,17700.0,17425.0,75470.0
2025.10.22,17700.0,-825.0,17485.0,17735.0,17155.0,164302.0
2025.10.21,18525.0,405.0,18670.0,18740.0,18482.0,105613.0
2025.10.20,18120.0,-640.0,18180.0,18305.0,18080.0,136073.0
2025.10.17,18760.0,565.0,18770.0,18800.0,18380.0,170792.0
2025.10.16,18195.0,155.0,18105.0,18275.0,18040.0,141232.0
2025.10.15,18040.0,270.0,17915.0,18060.0,17860.0,80724.0
2025.10.14,17770.0,245.0,17900.0,18080.0,17710.0,170691.0
2025.10.13,17525.0,495.0,17370.0,18800.0,17300.0,147387.0
2025.10.10,17030.0,335.0,19770.0,19770.0,16930.0,147891.0
2025.10.02,16695.0,105.0,16590.0,16700.0,16580.0,70017.0
2025.10.01,16590.0,-65.0,16635.0,16700.0,16575.0,79236.0
2025.09.30,16655.0,190.0,16465.0,16675.0,16465.0,59356.0
2025.09.29,16465.0,365.0,16210.0,16465.0,16200.0,60035.0
2025.09.26,16100.0,15.0,16090.0,16135.0,16075.0,27539.0
2025.09.25,16085.0,-135.0,16080.0,16110.0,16010.0,34122.0
2025.09.24,16220.0,50.0,16190.0,16990.0,16105.0,46064.0
2025.09.23,16170.0,280.0,16085.0,16180.0,16085.0,33577.0
2025.09.22,15890.0,285.0,15855.0,15890.0,15805.0,45357.0
2025.09.19,15605.0,20.0,15530.0,15685.0,15525.0,18387.0
2025.09.18,15585.0,-200.0,15735.0,15735.0,15550.0,32341.0
2025.09.17,15785.0,-45.0,15870.0,15875.0,15740.0,41210.0
2025.09.16,15830.0,170.0,15755.0,15855.0,15755.0,25770.0
2025.09.15,15660.0,-50.0,15655.0,15690.0,15595.0,24877.0
2025.09.12,15710.0,135.0,15600.0,15725.0,15575.0,29311.0
2025.09.11,15575.0,-55.0,15640.0,15645.0,15525.0,26562.0
2025.09.10,15630.0,-50.0,15590.0,15635.0,15510.0,44824.0
2025.09.09,15680.0,270.0,15605.0,16510.0,15550.0,61474.0
2025.09.08,15410.0,95.0,15375.0,15440.0,15360.0,24519.0
2025.09.05,15315.0,75.0,15315.0,15350.0,15285.0,16669.0
2025.09.04,15240.0,-50.0,15315.0,15385.0,15160.0,19352.0
2025.09.03,15290.0,145.0,15295.0,15370.0,15255.0,23610.0
2025.09.02,15145.0,55.0,15130.0,15210.0,15115.0,18408.0
2025.09.01,15090.0,365.0,14895.0,15090.0,14890.0,16379.0
2025.08.29,14725.0,85.0,14715.0,14750.0,14715.0,6515.0
2025.08.28,14640.0,90.0,14660.0,14660.0,14595.0,8944.0
2025.08.27,14550.0,40.0,14570.0,14610.0,14505.0,4856.0
2025.08.26,14510.0,-5.0,14435.0,14565.0,14390.0,5927.0
2025.08.25,14515.0,185.0,14485.0,14525.0,14455.0,5672.0
2025.08.22,14330.0,-25.0,14350.0,14385.0,14310.0,6098.0
2025.08.21,14355.0,75.0,14355.0,14405.0,14350.0,4338.0
2025.08.20,14280.0,-85.0,14250.0,14290.0,14205.0,6971.0
2025.08.19,14365.0,-55.0,14360.0,14390.0,14332.0,8193.0
2025.08.18,14420.0,-65.0,14485.0,14485.0,14295.0,6438.0
2025.08.14,14485.0,5.0,14515.0,14555.0,14470.0,9010.0
2025.08.13,14480.0,80.0,14400.0,14480.0,14400.0,8849.0
2025.08.12,14400.0,-175.0,14365.0,14455.0,14365.0,16377.0
2025.08.11,14575.0,-235.0,14685.0,14685.0,14575.0,17756.0
2025.08.08,14810.0,180.0,14805.0,14895.0,14760.0,8883.0
2025.08.07,14630.0,70.0,14590.0,14630.0,14550.0,4861.0
2025.08.06,14560.0,35.0,14555.0,14600.0,14535.0,5309.0
2025.08.05,14525.0,80.0,14515.0,14580.0,14510.0,14009.0
2025.08.04,14445.0,295.0,14425.0,15770.0,14380.0,17663.0
2025.08.01,14150.0,-60.0,14150.0,14180.0,14100.0,7827.0
2025.07.31,14210.0,-160.0,14370.0,14370.0,14120.0,10808.0
2025.07.30,14370.0,0.0,14400.0,14405.0,14365.0,12133.0
2025.07.29,14370.0,-60.0,14430.0,14430.0,14290.0,6705.0
2025.07.28,14430.0,-110.0,14425.0,14450.0,14375.0,8184.0
2025.07.25,14540.0,-100.0,14580.0,14615.0,14530.0,5338.0
2025.07.24,14640.0,-215.0,14720.0,14720.0,14615.0,7726.0
2025.07.23,14855.0,155.0,14850.0,14900.0,14845.0,11054.0
2025.07.22,14700.0,130.0,14730.0,14740.0,14675.0,16533.0
2025.07.21,14570.0,135.0,14510.0,14575.0,14480.0,14195.0
2025.07.18,14435.0,15.0,14440.0,14465.0,14430.0,25960.0
2025.07.17,14420.0,-40.0,14465.0,14485.0,14420.0,8894.0
2025.07.16,14460.0,-70.0,14435.0,14460.0,14385.0,9561.0
2025.07.15,14530.0,-90.0,14470.0,14600.0,14470.0,7120.0
2025.07.14,14620.0,135.0,14615.0,14660.0,14605.0,7455.0
2025.07.11,14485.0,135.0,14425.0,14485.0,14385.0,11829.0
2025.07.10,14350.0,115.0,14335.0,14370.0,14290.0,3736.0
2025.07.09,14235.0,-165.0,14285.0,14320.0,14200.0,8782.0
2025.07.08,14400.0,90.0,14380.0,14425.0,14365.0,4855.0
2025.07.07,14310.0,-140.0,14375.0,14410.0,14280.0,14382.0
2025.07.04,14450.0,-45.0,14425.0,14470.0,14385.0,4235.0
2025.07.03,14495.0,80.0,14485.0,14535.0,14415.0,7490.0
2025.07.02,14415.0,50.0,14440.0,14930.0,14395.0,13194.0
2025.07.01,14365.0,165.0,14330.0,15000.0,14285.0,9549.0
2025.06.30,14200.0,-85.0,14285.0,14285.0,14075.0,9922.0
2025.06.27,14285.0,-145.0,14385.0,14395.0,14250.0,8360.0
2025.06.26,14430.0,55.0,14425.0,14465.0,14410.0,12490.0
2025.06.25,14375.0,-20.0,14380.0,14380.0,14325.0,12649.0
2025.06.24,14395.0,-115.0,14420.0,14515.0,14395.0,20040.0
2025.06.23,14510.0,75.0,14530.0,14565.0,14455.0,14725.0
2025.06.20,14435.0,-75.0,14570.0,14570.0,14435.0,12347.0
2025.06.19,14510.0,-170.0,14680.0,14680.0,14510.0,12670.0
2025.06.18,14680.0,-10.0,14690.0,14735.0,14615.0,11080.0
2025.06.17,14690.0,-95.0,14785.0,14800.0,14615.0,20873.0
2025.06.16,14785.0,-45.0,14930.0,14955.0,14785.0,25725.0
2025.06.13,14830.0,225.0,14715.0,14930.0,14715.0,29880.0
2025.06.12,14605.0,130.0,14595.0,14625.0,14575.0,7363.0
2025.06.11,14475.0,65.0,14460.0,14490.0,14440.0,2537.0
2025.06.10,14410.0,20.0,14415.0,14435.0,14320.0,7194.0
2025.06.09,14390.0,-160.0,14415.0,14415.0,14315.0,13724.0
2025.06.05,14550.0,20.0,14570.0,14610.0,14520.0,4166.0
2025.06.04,14530.0,160.0,14580.0,14600.0,14515.0,12078.0
2025.06.02,14370.0,160.0,14300.0,14370.0,14230.0,7024.0
2025.05.30,14210.0,60.0,14330.0,14330.0,14180.0,4341.0
2025.05.29,14150.0,-140.0,14110.0,14175.0,14050.0,10504.0
2025.05.28,14290.0,-85.0,14320.0,14320.0,14230.0,9161.0
2025.05.27,14375.0,-105.0,14480.0,14485.0,14330.0,6275.0
2025.05.26,14480.0,80.0,14490.0,14520.0,14415.0,6208.0
2025.05.23,14400.0,-60.0,14310.0,14400.0,14250.0,3051.0
2025.05.22,14460.0,95.0,14385.0,14530.0,14380.0,8018.0
2025.05.21,14365.0,435.0,14250.0,14370.0,14230.0,6280.0
2025.05.20,13930.0,-60.0,14005.0,14005.0,13900.0,6662.0
2025.05.19,13990.0,25.0,13990.0,14085.0,13885.0,9267.0
2025.05.16,13965.0,340.0,13995.0,14050.0,13870.0,8611.0
2025.05.15,13625.0,-390.0,13845.0,13865.0,13545.0,19581.0
2025.05.14,14015.0,-65.0,14105.0,14135.0,13995.0,10640.0
2025.05.13,14080.0,-140.0,14055.0,14165.0,13965.0,27076.0
2025.05.12,14220.0,-130.0,14285.0,14285.0,14155.0,10116.0
2025.05.09,14350.0,-125.0,14355.0,14355.0,14120.0,17444.0
2025.05.08,14475.0,-235.0,14685.0,14760.0,14440.0,9054.0
2025.05.07,14710.0,565.0,14750.0,14775.0,14590.0,18063.0
2025.05.02,14145.0,-250.0,14040.0,14170.0,14000.0,12762.0
2025.04.30,14395.0,-50.0,14445.0,14500.0,14360.0,3253.0
2025.04.29,14445.0,110.0,14515.0,14545.0,14385.0,6279.0
2025.04.28,14335.0,-65.0,14400.0,14440.0,14225.0,19394.0
2025.04.25,14400.0,0.0,14620.0,14655.0,14345.0,15253.0
2025.04.24,14400.0,-60.0,14390.0,14570.0,14360.0,9191.0
2025.04.23,14460.0,-670.0,14505.0,14715.0,14430.0,37441.0
2025.04.22,15130.0,680.0,14880.0,15300.0,14815.0,34765.0
2025.04.21,14450.0,-30.0,14475.0,14475.0,14410.0,11097.0
2025.04.18,14480.0,-85.0,14280.0,14480.0,14275.0,13805.0
2025.04.17,14565.0,470.0,14520.0,14565.0,14515.0,12231.0
2025.04.16,14095.0,55.0,14145.0,14145.0,14065.0,8014.0
2025.04.15,14040.0,-130.0,14055.0,14075.0,13965.0,4765.0
2025.04.14,14170.0,335.0,14175.0,14180.0,14057.0,17383.0
2025.04.11,13835.0,450.0,13395.0,13850.0,13395.0,11472.0
2025.04.10,13385.0,345.0,13900.0,13900.0,13385.0,13508.0
2025.04.09,13040.0,75.0,12965.0,13600.0,12965.0,8038.0
2025.04.08,12965.0,-180.0,13145.0,13625.0,12930.0,10493.0
2025.04.07,13145.0,-450.0,13500.0,13500.0,13005.0,27283.0
2025.04.04,13595.0,-285.0,13875.0,13875.0,13595.0,32458.0
2025.04.03,13880.0,65.0,14000.0,14000.0,13870.0,18025.0
2025.04.02,13815.0,-30.0,13845.0,13845.0,13780.0,22266.0
2025.04.01,13845.0,150.0,13820.0,13850.0,13720.0,13159.0
2025.03.31,13695.0,95.0,13600.0,13710.0,13600.0,20091.0
2025.03.28,13600.0,190.0,13510.0,13610.0,13510.0,19834.0
2025.03.27,13410.0,-20.0,13500.0,13500.0,13395.0,3630.0
2025.03.26,13430.0,85.0,13620.0,13620.0,13345.0,9522.0
2025.03.25,13345.0,-35.0,13380.0,13380.0,13340.0,1789.0
2025.03.24,13380.0,-115.0,13505.0,13505.0,13360.0,8870.0
2025.03.21,13495.0,5.0,13470.0,13505.0,13465.0,4394.0
2025.03.20,13490.0,0.0,13565.0,13565.0,13435.0,7508.0
2025.03.19,13490.0,185.0,13335.0,13525.0,13335.0,16787.0
2025.03.18,13305.0,-15.0,13350.0,13360.0,13300.0,9274.0
2025.03.17,13320.0,20.0,13340.0,13340.0,13300.0,30865.0
2025.03.14,13300.0,225.0,13265.0,13340.0,13265.0,11030.0
2025.03.13,13075.0,125.0,13045.0,13100.0,13045.0,5951.0
2025.03.12,12950.0,85.0,12875.0,12970.0,12875.0,19062.0
2025.03.11,12865.0,-60.0,12800.0,12875.0,12775.0,6966.0
2025.03.10,12925.0,-40.0,12960.0,12965.0,12905.0,7747.0
2025.03.07,12965.0,-40.0,12980.0,12980.0,12965.0,6793.0
2025.03.06,13005.0,30.0,13300.0,13300.0,12970.0,11105.0
2025.03.05,12975.0,145.0,12955.0,12980.0,12955.0,7945.0
2025.03.04,12830.0,105.0,12825.0,12845.0,12825.0,23531.0
2025.02.28,12725.0,-145.0,12755.0,12795.0,12680.0,22702.0
2025.02.27,12870.0,-55.0,13305.0,13340.0,12510.0,5853.0
2025.02.26,12925.0,-130.0,12965.0,13000.0,12925.0,9450.0
2025.02.25,13055.0,-30.0,13115.0,13125.0,13055.0,9829.0
2025.02.24,13085.0,20.0,13065.0,13090.0,13005.0,8115.0
2025.02.21,13065.0,-85.0,13145.0,13165.0,13055.0,23915.0
2025.02.20,13150.0,40.0,13095.0,13150.0,13080.0,18609.0
2025.02.19,13110.0,130.0,13115.0,13130.0,13065.0,31661.0
2025.02.18,12980.0,90.0,12915.0,12990.0,12885.0,18004.0
2025.02.17,12890.0,-265.0,12845.0,12945.0,12840.0,49694.0
2025.02.14,13155.0,105.0,13035.0,13155.0,13005.0,16896.0
2025.02.13,13050.0,120.0,12990.0,13075.0,12980.0,13745.0
2025.02.12,12930.0,-125.0,12975.0,12975.0,12895.0,15351.0
2025.02.11,13055.0,110.0,13045.0,13140.0,13000.0,28512.0
2025.02.10,12945.0,55.0,12825.0,12945.0,12815.0,16213.0
2025.02.07,12890.0,-20.0,12900.0,13085.0,12870.0,5439.0
2025.02.06,12910.0,-15.0,12900.0,12925.0,12890.0,18333.0
2025.02.05,12925.0,215.0,12855.0,12925.0,12830.0,14302.0
2025.02.04,12710.0,140.0,12740.0,12780.0,12710.0,18399.0
2025.02.03,12570.0,-90.0,12660.0,13650.0,12520.0,11916.0
2025.01.31,12660.0,215.0,12600.0,12735.0,12475.0,9817.0
2025.01.24,12445.0,90.0,12415.0,12450.0,12330.0,4492.0
2025.01.23,12355.0,-5.0,12180.0,12415.0,12180.0,2267.0
2025.01.22,12360.0,75.0,12340.0,12400.0,12335.0,4204.0
2025.01.21,12285.0,-15.0,12245.0,12300.0,12190.0,2253.0
2025.01.20,12300.0,5.0,12245.0,12300.0,12225.0,4883.0
2025.01.17,12295.0,45.0,12330.0,12340.0,12290.0,6405.0
2025.01.16,12250.0,160.0,12255.0,12285.0,12225.0,5802.0
2025.01.15,12090.0,75.0,12030.0,12090.0,12030.0,4966.0
2025.01.14,12015.0,-165.0,12035.0,12045.0,12015.0,4162.0
2025.01.13,12180.0,45.0,12350.0,12650.0,12165.0,6538.0
2025.01.10,12135.0,110.0,12080.0,12135.0,12080.0,6273.0
2025.01.09,12025.0,70.0,12015.0,12030.0,11990.0,6753.0
2025.01.08,11955.0,15.0,11940.0,11980.0,11915.0,2077.0
2025.01.07,11940.0,80.0,11880.0,11945.0,11870.0,6734.0
2025.01.06,11860.0,-90.0,11910.0,11940.0,11810.0,2665.0
2025.01.03,11950.0,180.0,11795.0,11980.0,11795.0,2567.0
2025.01.02,11770.0,-50.0,11820.0,11820.0,11760.0,6375.0
2024.12.30,11820.0,-65.0,11990.0,11990.0,11800.0,5460.0
2024.12.27,11885.0,70.0,11825.0,11905.0,11825.0,5536.0
2024.12.26,11815.0,30.0,11945.0,11945.0,11735.0,3084.0
2024.12.24,11785.0,40.0,11805.0,11805.0,11745.0,1461.0
2024.12.23,11745.0,90.0,11475.0,11750.0,11475.0,19442.0
2024.12.20,11655.0,-185.0,11605.0,11665.0,11605.0,2875.0
2024.12.19,11840.0,-105.0,11880.0,11915.0,11785.0,4409.0
2024.12.18,11945.0,-25.0,11960.0,11975.0,11935.0,1520.0
2024.12.17,11970.0,-25.0,11985.0,11985.0,11965.0,4962.0
2024.12.16,11995.0,-150.0,12180.0,12180.0,11935.0,5261.0
2024.12.13,12145.0,-225.0,12200.0,12205.0,12110.0,9339.0
2024.12.12,12370.0,90.0,12345.0,12415.0,12345.0,12587.0
2024.12.11,12280.0,200.0,12130.0,12335.0,12130.0,13063.0
2024.12.10,12080.0,135.0,12110.0,12110.0,12040.0,4313.0
2024.12.09,11945.0,-10.0,11970.0,12000.0,11920.0,11320.0
2024.12.06,11955.0,-40.0,11965.0,11990.0,11830.0,6090.0
2024.12.05,11995.0,-5.0,12000.0,12025.0,11955.0,6909.0
2024.12.04,12000.0,50.0,12055.0,12055.0,11935.0,11533.0
2024.12.03,11950.0,-60.0,11970.0,11970.0,11900.0,7421.0
2024.12.02,12010.0,0.0,12010.0,12015.0,11980.0,6558.0
2024.11.29,12010.0,140.0,11915.0,12025.0,11890.0,7445.0
2024.11.28,11870.0,-45.0,11915.0,11915.0,11825.0,5675.0
2024.11.27,11915.0,55.0,12215.0,12215.0,11860.0,1436.0
2024.11.26,11860.0,-215.0,11880.0,11890.0,11780.0,11849.0
2024.11.25,12075.0,-60.0,12300.0,12300.0,12005.0,15963.0
2024.11.22,12135.0,75.0,12140.0,12155.0,12060.0,4200.0
2024.11.21,12060.0,140.0,12045.0,12060.0,12010.0,4782.0
2024.11.20,11920.0,20.0,11975.0,11975.0,11920.0,4719.0
2024.11.19,11900.0,170.0,11890.0,11900.0,11830.0,8322.0
2024.11.18,11730.0,135.0,11705.0,11755.0,11580.0,4203.0
2024.11.15,11595.0,25.0,11665.0,11665.0,11580.0,8455.0
2024.11.14,11570.0,-265.0,11800.0,11800.0,11550.0,5913.0
2024.11.13,11835.0,45.0,11790.0,12010.0,11790.0,2623.0
2024.11.12,11790.0,-320.0,11990.0,11990.0,11790.0,10205.0
2024.11.11,12110.0,-90.0,12200.0,12200.0,12080.0,5748.0
2024.11.08,12200.0,145.0,12295.0,12310.0,12200.0,4186.0
2024.11.07,12055.0,-285.0,12110.0,12190.0,12000.0,12590.0
2024.11.06,12340.0,-115.0,12510.0,12510.0,12340.0,13591.0
2024.11.05,12455.0,-35.0,12460.0,12460.0,12405.0,7907.0
2024.11.04,12490.0,-55.0,12495.0,12495.0,12450.0,4307.0
2024.11.01,12545.0,-185.0,12565.0,12565.0,12490.0,6946.0
2024.10.31,12730.0,20.0,12790.0,12790.0,12710.0,10596.0
2024.10.30,12710.0,120.0,12710.0,12715.0,12645.0,8260.0
2024.10.29,12590.0,60.0,12530.0,12620.0,12525.0,5232.0
2024.10.28,12530.0,45.0,12525.0,12530.0,12450.0,6725.0
2024.10.25,12485.0,-60.0,12555.0,12555.0,12445.0,6953.0
2024.10.24,12545.0,-95.0,12500.0,12545.0,12430.0,6277.0
2024.10.23,12640.0,80.0,12645.0,12650.0,12560.0,18052.0
2024.10.22,12560.0,30.0,12515.0,12560.0,12470.0,7197.0
2024.10.21,12530.0,240.0,12465.0,12565.0,12400.0,8932.0
2024.10.18,12290.0,50.0,12295.0,12295.0,12260.0,4133.0
2024.10.17,12240.0,50.0,12200.0,12245.0,12195.0,1928.0
2024.10.16,12190.0,100.0,12175.0,12190.0,12105.0,1913.0
2024.10.15,12090.0,-120.0,12140.0,12140.0,12055.0,2504.0
2024.10.14,12210.0,150.0,12125.0,12210.0,12060.0,2783.0
2024.10.11,12060.0,160.0,12010.0,12065.0,11995.0,2246.0
2024.10.10,11900.0,-155.0,11940.0,11940.0,11855.0,4326.0
2024.10.08,12055.0,-20.0,12105.0,12105.0,12040.0,3085.0
2024.10.07,12075.0,-90.0,12200.0,12200.0,12075.0,5128.0
2024.10.04,12165.0,105.0,12175.0,12175.0,12100.0,4076.0
2024.10.02,12060.0,-15.0,12050.0,12145.0,12015.0,8282.0
2024.09.30,12075.0,-90.0,12130.0,12130.0,12070.0,4383.0
2024.09.27,12165.0,-15.0,12545.0,12545.0,12150.0,11756.0
2024.09.26,12180.0,10.0,12185.0,12185.0,12145.0,5508.0
2024.09.25,12170.0,95.0,12205.0,12225.0,12160.0,11336.0
2024.09.24,12075.0,10.0,12055.0,12080.0,11995.0,2140.0
2024.09.23,12065.0,140.0,12035.0,12080.0,11965.0,5501.0
2024.09.20,11925.0,60.0,11865.0,11925.0,11805.0,8248.0
2024.09.19,11865.0,105.0,11770.0,11865.0,11675.0,9849.0
2024.09.13,11760.0,245.0,11690.0,11760.0,11690.0,3075.0
2024.09.12,11515.0,-15.0,11515.0,11515.0,11470.0,1352.0
2024.09.11,11530.0,90.0,11485.0,11540.0,11485.0,689.0
2024.09.10,11440.0,-20.0,11460.0,11475.0,11425.0,259.0
2024.09.09,11460.0,-90.0,11450.0,11480.0,11420.0,1202.0
2024.09.06,11550.0,60.0,11495.0,11560.0,11495.0,2925.0
2024.09.05,11490.0,65.0,11425.0,11490.0,11405.0,3438.0
2024.09.04,11425.0,-55.0,11475.0,11475.0,11410.0,839.0
2024.09.03,11480.0,0.0,11505.0,11505.0,11425.0,1242.0
2024.09.02,11480.0,-120.0,11565.0,11565.0,11450.0,2906.0
2024.08.30,11600.0,0.0,11590.0,11625.0,11575.0,1966.0
2024.08.29,11600.0,15.0,11545.0,11605.0,11520.0,17324.0
2024.08.28,11585.0,-5.0,11605.0,11645.0,11560.0,13057.0
2024.08.27,11590.0,45.0,11550.0,11595.0,11545.0,11873.0
2024.08.26,11545.0,70.0,11550.0,11600.0,11540.0,12349.0
2024.08.23,11475.0,-50.0,11450.0,11490.0,11380.0,10461.0
2024.08.22,11525.0,-50.0,11565.0,11585.0,11470.0,6758.0
2024.08.21,11575.0,70.0,11510.0,11580.0,11510.0,2318.0
2024.08.20,11505.0,-30.0,11565.0,11565.0,11505.0,4155.0
2024.08.19,11535.0,285.0,11450.0,11550.0,11445.0,5104.0
2024.08.16,11250.0,-50.0,11325.0,11325.0,11230.0,2240.0
2024.08.14,11300.0,30.0,11295.0,11350.0,11290.0,544.0
2024.08.13,11270.0,120.0,11300.0,11385.0,11260.0,2071.0
2024.08.12,11150.0,-5.0,11155.0,11155.0,11085.0,50558.0
2024.08.09,11155.0,175.0,11225.0,11225.0,11100.0,305.0
2024.08.08,10980.0,-5.0,11010.0,11010.0,10905.0,535.0
2024.08.07,10985.0,-95.0,11060.0,11060.0,10915.0,1150.0
2024.08.06,11080.0,-90.0,11160.0,11160.0,11000.0,1332.0
2024.08.05,11170.0,-100.0,11270.0,11270.0,11165.0,4001.0
2024.08.02,11270.0,35.0,11275.0,11275.0,11230.0,2630.0
2024.08.01,11235.0,85.0,11225.0,11290.0,11180.0,1837.0
2024.07.31,11150.0,145.0,11165.0,11165.0,11105.0,1805.0
2024.07.30,11005.0,-30.0,11035.0,11040.0,10950.0,720.0
2024.07.29,11035.0,135.0,11060.0,11125.0,11005.0,1268.0
2024.07.26,10900.0,-180.0,10965.0,10985.0,10900.0,2006.0
2024.07.25,11080.0,-115.0,11260.0,11260.0,10960.0,2316.0
2024.07.24,11195.0,85.0,11165.0,11210.0,11165.0,558.0
2024.07.23,11110.0,-10.0,11155.0,11175.0,11080.0,2368.0
2024.07.22,11120.0,-215.0,11335.0,11335.0,11120.0,3671.0
2024.07.19,11335.0,-130.0,11465.0,11465.0,11225.0,3992.0
2024.07.18,11465.0,-50.0,11505.0,11505.0,11430.0,3231.0
2024.07.17,11515.0,180.0,11490.0,11605.0,11440.0,15567.0
2024.07.16,11335.0,75.0,11285.0,11335.0,11285.0,5464.0
2024.07.15,11260.0,-10.0,11270.0,11275.0,11200.0,4268.0
2024.07.12,11270.0,145.0,11260.0,11295.0,11250.0,4620.0
2024.07.11,11125.0,60.0,11145.0,11145.0,11080.0,2624.0
2024.07.10,11065.0,-35.0,11100.0,11110.0,11040.0,2726.0
2024.07.09,11100.0,-80.0,11120.0,11120.0,11060.0,1435.0
2024.07.08,11180.0,145.0,11160.0,11185.0,11160.0,4745.0
2024.07.05,11035.0,-20.0,11100.0,11100.0,11005.0,3998.0
2024.07.04,11055.0,145.0,11080.0,11080.0,11015.0,1133.0
2024.07.03,10910.0,0.0,10930.0,10935.0,10875.0,1028.0
2024.07.02,10910.0,35.0,10905.0,10920.0,10860.0,2656.0
2024.07.01,10875.0,45.0,10865.0,10875.0,10830.0,826.0
2024.06.28,10830.0,50.0,10875.0,10880.0,10815.0,651.0
2024.06.27,10780.0,-30.0,10820.0,10820.0,10720.0,1099.0
2024.06.26,10810.0,-100.0,10900.0,10900.0,10805.0,1713.0
2024.06.25,10910.0,-10.0,10920.0,10945.0,10870.0,942.0
2024.06.24,10920.0,-190.0,11050.0,11050.0,10885.0,2866.0
2024.06.21,11110.0,70.0,11130.0,11130.0,11055.0,1999.0
2024.06.20,11040.0,110.0,10930.0,11040.0,10920.0,2116.0
2024.06.19,10930.0,30.0,10900.0,10950.0,10900.0,708.0
2024.06.18,10900.0,70.0,10855.0,10900.0,10855.0,966.0
2024.06.17,10830.0,45.0,10970.0,10970.0,10830.0,2084.0
2024.06.14,10785.0,-180.0,10835.0,10835.0,10750.0,3115.0
2024.06.13,10965.0,80.0,11000.0,11025.0,10965.0,1647.0
2024.06.12,10885.0,95.0,10825.0,10900.0,10825.0,2782.0
2024.06.11,10790.0,-15.0,10820.0,10890.0,10790.0,2851.0
2024.06.10,10805.0,-425.0,10900.0,10900.0,10790.0,4282.0
2024.06.07,11230.0,230.0,11085.0,11250.0,11085.0,8677.0
2024.06.05,11000.0,-100.0,10995.0,11030.0,10925.0,5564.0
2024.06.04,11100.0,105.0,11055.0,11135.0,11055.0,12209.0
2024.06.03,10995.0,-125.0,10975.0,11000.0,10975.0,4051.0
2024.05.31,11120.0,80.0,11030.0,11120.0,11030.0,12043.0
2024.05.30,11040.0,-155.0,11160.0,11160.0,11025.0,2448.0
2024.05.29,11195.0,70.0,11140.0,11230.0,11140.0,6154.0
2024.05.28,11125.0,30.0,10990.0,11185.0,10985.0,23619.0
2024.05.27,11095.0,55.0,10995.0,11100.0,10995.0,4243.0
2024.05.24,11040.0,-90.0,11070.0,11070.0,10935.0,2950.0
2024.05.23,11130.0,-245.0,11375.0,11375.0,11105.0,7409.0
2024.05.22,11375.0,-45.0,11505.0,11505.0,11360.0,2813.0
2024.05.21,11420.0,-135.0,11560.0,11560.0,11365.0,4272.0
2024.05.20,11555.0,330.0,11345.0,11570.0,11345.0,7907.0
2024.05.17,11225.0,-30.0,11255.0,11255.0,11145.0,4607.0
2024.05.16,11255.0,245.0,11190.0,11290.0,11190.0,6718.0
2024.05.14,11010.0,-45.0,10955.0,11015.0,10955.0,925.0
2024.05.13,11055.0,-15.0,11070.0,11100.0,11055.0,1652.0
2024.05.10,11070.0,190.0,10990.0,11070.0,10910.0,5651.0
2024.05.09,10880.0,-10.0,10855.0,10880.0,10815.0,790.0
2024.05.08,10890.0,-10.0,10890.0,10890.0,10835.0,1062.0
2024.05.07,10900.0,85.0,10880.0,10955.0,10880.0,2057.0
2024.05.03,10815.0,-20.0,10830.0,10835.0,10790.0,2200.0
2024.05.02,10835.0,-190.0,10880.0,10885.0,10805.0,5144.0
2024.04.30,11025.0,75.0,11015.0,11035.0,11015.0,2201.0
2024.04.29,10950.0,-45.0,11000.0,11000.0,10925.0,2111.0
2024.04.26,10995.0,90.0,10950.0,11020.0,10935.0,4480.0
2024.04.25,10905.0,-40.0,10940.0,10960.0,10900.0,1105.0
2024.04.24,10945.0,-105.0,10990.0,10990.0,10910.0,5584.0
2024.04.23,11050.0,-115.0,11130.0,11130.0,11050.0,6718.0
2024.04.22,11165.0,-80.0,11360.0,11360.0,11130.0,4464.0
2024.04.19,11245.0,0.0,11245.0,11440.0,11245.0,6768.0
2024.04.18,11245.0,-25.0,11270.0,11270.0,11160.0,5466.0
2024.04.17,11270.0,45.0,11285.0,11310.0,11245.0,6120.0
2024.04.16,11225.0,85.0,11205.0,11325.0,11205.0,8027.0
2024.04.15,11140.0,-145.0,11255.0,11255.0,11085.0,9573.0
2024.04.12,11285.0,250.0,11120.0,11300.0,11065.0,11089.0
2024.04.11,11035.0,-25.0,11020.0,11075.0,10970.0,7047.0
2024.04.09,11060.0,35.0,11015.0,11065.0,11015.0,10304.0
2024.04.08,11025.0,345.0,10870.0,11070.0,10805.0,10771.0
2024.04.05,10680.0,-120.0,10720.0,10795.0,10640.0,3417.0
2024.04.04,10800.0,20.0,10860.0,10860.0,10780.0,5394.0
2024.04.03,10780.0,225.0,10620.0,10785.0,10620.0,16386.0
2024.04.02,10555.0,5.0,10550.0,10555.0,10500.0,13364.0
2024.04.01,10550.0,140.0,10345.0,10585.0,10345.0,3627.0
2024.03.29,10410.0,125.0,10385.0,10435.0,10385.0,4535.0
2024.03.28,10285.0,125.0,10300.0,10300.0,10195.0,4229.0
2024.03.27,10160.0,-20.0,10180.0,10180.0,10125.0,1420.0
2024.03.26,10180.0,20.0,10185.0,10200.0,10170.0,1590.0
2024.03.25,10160.0,-45.0,10220.0,10220.0,10145.0,1236.0
2024.03.22,10205.0,-90.0,10285.0,10345.0,10140.0,2058.0
2024.03.21,10295.0,160.0,10255.0,10390.0,10195.0,3366.0
2024.03.20,10135.0,5.0,10130.0,10140.0,10110.0,854.0
2024.03.19,10130.0,65.0,10120.0,10175.0,10120.0,1189.0
2024.03.18,10065.0,-95.0,10160.0,10160.0,10065.0,922.0
2024.03.15,10160.0,15.0,10140.0,10160.0,10135.0,570.0
2024.03.14,10145.0,50.0,10180.0,10230.0,10145.0,6247.0
2024.03.13,10095.0,-70.0,10155.0,10155.0,10075.0,2658.0
2024.03.12,10165.0,-20.0,10205.0,10240.0,10165.0,2348.0
2024.03.11,10185.0,55.0,10195.0,10225.0,10170.0,5084.0
2024.03.08,10130.0,65.0,10165.0,10170.0,10110.0,11244.0
2024.03.07,10065.0,120.0,10015.0,10105.0,10015.0,8937.0
2024.03.06,9945.0,30.0,10015.0,10020.0,9940.0,3266.0
2024.03.05,9915.0,155.0,9935.0,9940.0,9915.0,8500.0
2024.03.04,9760.0,230.0,9805.0,9810.0,9760.0,9597.0
2024.02.29,9530.0,-10.0,9560.0,9560.0,9500.0,1518.0
2024.02.28,9540.0,-10.0,9545.0,9550.0,9535.0,494.0
2024.02.27,9550.0,-10.0,9560.0,9560.0,9500.0,293.0
2024.02.26,9560.0,40.0,9590.0,9590.0,9510.0,1322.0
2024.02.23,9520.0,-50.0,9525.0,9555.0,9500.0,969.0
2024.02.22,9570.0,5.0,9570.0,9570.0,9545.0,372.0
2024.02.21,9565.0,95.0,9570.0,9570.0,9525.0,636.0
2024.02.20,9470.0,-35.0,9655.0,9655.0,9455.0,3091.0
2024.02.19,9505.0,70.0,9565.0,9565.0,9470.0,3862.0
2024.02.16,9435.0,25.0,9500.0,9500.0,9410.0,603.0
2024.02.15,9410.0,20.0,9410.0,9410.0,9390.0,1677.0
2024.02.14,9390.0,-150.0,9475.0,9475.0,9380.0,3284.0
2024.02.13,9540.0,-15.0,9555.0,9555.0,9470.0,5306.0
2024.02.08,9555.0,10.0,9545.0,9610.0,9545.0,496.0
2024.02.07,9545.0,-20.0,9550.0,9610.0,9545.0,561.0
2024.02.06,9565.0,-20.0,9585.0,9585.0,9510.0,568.0
2024.02.05,9585.0,-110.0,9695.0,9695.0,9570.0,926.0
2024.02.02,9695.0,35.0,9660.0,9700.0,9650.0,1576.0
2024.02.01,9660.0,40.0,9690.0,9690.0,9595.0,574.0
2024.01.31,9620.0,-15.0,9635.0,9640.0,9620.0,333.0
2024.01.30,9635.0,90.0,9605.0,9640.0,9580.0,989.0
2024.01.29,9545.0,-30.0,9575.0,9575.0,9520.0,610.0
2024.01.26,9575.0,80.0,9520.0,9580.0,9520.0,473.0
2024.01.25,9495.0,-95.0,9590.0,9590.0,9490.0,3567.0
2024.01.24,9590.0,20.0,9605.0,9605.0,9570.0,640.0
2024.01.23,9570.0,0.0,9570.0,9580.0,9545.0,902.0
2024.01.22,9570.0,-10.0,9580.0,9635.0,9565.0,3285.0
2024.01.19,9580.0,25.0,9555.0,9610.0,9555.0,574.0
2024.01.18,9555.0,-35.0,9535.0,9555.0,9520.0,1295.0
2024.01.17,9590.0,-135.0,9615.0,9650.0,9545.0,6695.0
2024.01.16,9725.0,-5.0,9730.0,9755.0,9725.0,435.0
2024.01.15,9730.0,85.0,9785.0,9785.0,9670.0,5006.0
2024.01.12,9645.0,0.0,9605.0,9670.0,9595.0,1842.0
2024.01.11,9645.0,40.0,9605.0,9645.0,9605.0,2343.0
2024.01.10,9605.0,-45.0,9640.0,9640.0,9605.0,477.0
2024.01.09,9650.0,-10.0,9660.0,9675.0,9630.0,3035.0
2024.01.08,9660.0,-55.0,9720.0,9730.0,9600.0,1315.0
2024.01.05,9715.0,15.0,9700.0,9730.0,9700.0,876.0
2024.01.04,9700.0,-110.0,9715.0,9715.0,9660.0,687.0
2024.01.03,9810.0,-45.0,9765.0,9820.0,9765.0,912.0
2024.01.02,9855.0,-75.0,9815.0,9870.0,9790.0,7373.0
2023.12.28,9930.0,85.0,9890.0,9940.0,9890.0,2126.0
2023.12.27,9845.0,5.0,9840.0,9890.0,9840.0,1138.0
2023.12.26,9840.0,60.0,9855.0,9860.0,9800.0,5668.0
2023.12.22,9780.0,30.0,9800.0,9810.0,9780.0,1614.0
2023.12.21,9750.0,5.0,9745.0,9750.0,9740.0,625.0
2023.12.20,9745.0,70.0,9760.0,9760.0,9715.0,1369.0
2023.12.19,9675.0,40.0,9715.0,9720.0,9655.0,1362.0
2023.12.18,9635.0,-75.0,9710.0,9710.0,9605.0,656.0
2023.12.15,9710.0,25.0,9725.0,9740.0,9685.0,1860.0
2023.12.14,9685.0,250.0,9650.0,9700.0,9645.0,2421.0
2023.12.13,9435.0,-75.0,9510.0,9510.0,9430.0,1489.0
2023.12.12,9510.0,-65.0,9525.0,9525.0,9425.0,3779.0
2023.12.11,9575.0,-125.0,9615.0,9615.0,9510.0,3026.0
2023.12.08,9700.0,-10.0,9710.0,9720.0,9675.0,861.0
2023.12.07,9710.0,25.0,9695.0,9740.0,9695.0,817.0
2023.12.06,9685.0,-55.0,9740.0,9740.0,9660.0,874.0
2023.12.05,9740.0,-205.0,9795.0,9795.0,9695.0,1876.0
2023.12.04,9945.0,145.0,9985.0,9985.0,9935.0,2758.0
2023.12.01,9800.0,-25.0,9815.0,9815.0,9795.0,1021.0
2023.11.30,9825.0,-10.0,9835.0,9855.0,9815.0,586.0
2023.11.29,9835.0,125.0,9830.0,9865.0,9810.0,4665.0
2023.11.28,9710.0,0.0,9710.0,9710.0,9685.0,746.0
2023.11.27,9710.0,130.0,9615.0,9720.0,9615.0,4122.0
2023.11.24,9580.0,-25.0,9590.0,9600.0,9550.0,489.0
2023.11.23,9605.0,-15.0,9615.0,9615.0,9560.0,411.0
2023.11.22,9620.0,65.0,9610.0,9630.0,9580.0,856.0
2023.11.21,9555.0,25.0,9530.0,9575.0,9505.0,2260.0
2023.11.20,9530.0,-25.0,9485.0,9550.0,9485.0,1178.0
2023.11.17,9555.0,95.0,9545.0,9555.0,9535.0,1449.0
2023.11.16,9460.0,-10.0,9470.0,9470.0,9440.0,76.0
2023.11.15,9470.0,95.0,9435.0,9470.0,9420.0,467.0
2023.11.14,9375.0,65.0,9420.0,9420.0,9325.0,186.0
2023.11.13,9310.0,-110.0,9355.0,9355.0,9275.0,361.0
2023.11.10,9420.0,45.0,9320.0,9435.0,9320.0,1186.0
2023.11.09,9375.0,-65.0,9400.0,9410.0,9350.0,1017.0
2023.11.08,9440.0,-25.0,9465.0,9465.0,9405.0,2470.0
2023.11.07,9465.0,-65.0,9545.0,9545.0,9445.0,3766.0
2023.11.06,9530.0,-20.0,9550.0,9555.0,9515.0,4119.0
2023.11.03,9550.0,15.0,9560.0,9560.0,9520.0,10212.0
2023.11.02,9535.0,-20.0,9575.0,9575.0,9535.0,1149.0
2023.11.01,9555.0,-110.0,9630.0,9630.0,9530.0,2494.0
2023.10.31,9665.0,20.0,9700.0,9700.0,9650.0,11188.0
2023.10.30,9645.0,35.0,9635.0,9710.0,9635.0,6584.0
2023.10.27,9610.0,0.0,9620.0,9620.0,9595.0,1093.0
2023.10.26,9610.0,60.0,9590.0,9615.0,9575.0,1815.0
2023.10.25,9550.0,-5.0,9540.0,9550.0,9505.0,2652.0
2023.10.24,9555.0,5.0,9590.0,9590.0,9500.0,1094.0
2023.10.23,9550.0,-10.0,9600.0,9600.0,9510.0,1488.0
2023.10.20,9560.0,145.0,9455.0,9570.0,9455.0,14786.0
2023.10.19,9415.0,30.0,9450.0,9450.0,9400.0,2279.0
2023.10.18,9385.0,90.0,9330.0,9395.0,9295.0,1865.0
2023.10.17,9295.0,35.0,9300.0,9300.0,9260.0,286.0
2023.10.16,9260.0,170.0,9315.0,9320.0,9255.0,4655.0
2023.10.13,9090.0,-5.0,9065.0,9090.0,9035.0,1036.0
2023.10.12,9095.0,65.0,9080.0,9095.0,9060.0,1854.0
2023.10.11,9030.0,30.0,9055.0,9055.0,9005.0,1054.0
2023.10.10,9000.0,200.0,9055.0,9055.0,8975.0,8247.0
2023.10.06,8800.0,-70.0,8820.0,8830.0,8800.0,1999.0
2023.10.05,8870.0,-30.0,8845.0,9090.0,8835.0,1784.0
2023.10.04,8900.0,-440.0,9140.0,9140.0,8850.0,11470.0
2023.09.27,9340.0,25.0,9300.0,9340.0,9230.0,2973.0
2023.09.26,9315.0,-60.0,9385.0,9385.0,9315.0,349.0
2023.09.25,9375.0,10.0,9385.0,9405.0,9370.0,829.0
2023.09.22,9365.0,-115.0,9390.0,9390.0,9335.0,674.0
2023.09.21,9480.0,55.0,9485.0,9485.0,9470.0,2804.0
2023.09.20,9425.0,-5.0,9420.0,9435.0,9395.0,450.0
2023.09.19,9430.0,55.0,9465.0,9465.0,9400.0,470.0
2023.09.18,9375.0,60.0,9375.0,9395.0,9360.0,1510.0
2023.09.15,9315.0,-10.0,9320.0,9320.0,9300.0,1128.0
2023.09.14,9325.0,-20.0,9325.0,9325.0,9310.0,477.0
2023.09.13,9345.0,-40.0,9355.0,9355.0,9340.0,844.0
2023.09.12,9385.0,5.0,9435.0,9435.0,9375.0,1897.0
2023.09.11,9380.0,5.0,9345.0,9385.0,9345.0,102.0
2023.09.08,9375.0,-25.0,9385.0,9385.0,9360.0,276.0
2023.09.07,9400.0,-45.0,9440.0,9440.0,9380.0,1060.0
2023.09.06,9445.0,-85.0,9500.0,9500.0,9430.0,252.0
2023.09.05,9530.0,-10.0,9555.0,9555.0,9500.0,1130.0
2023.09.04,9540.0,25.0,9555.0,9555.0,9510.0,391.0
2023.09.01,9515.0,-50.0,9580.0,9580.0,9515.0,619.0
2023.08.31,9565.0,35.0,9605.0,9605.0,9560.0,726.0
2023.08.30,9530.0,70.0,9570.0,9570.0,9525.0,1023.0
2023.08.29,9460.0,25.0,9420.0,9475.0,9420.0,584.0
2023.08.28,9435.0,-30.0,9435.0,9435.0,9430.0,843.0
2023.08.25,9465.0,20.0,9465.0,9470.0,9425.0,820.0
2023.08.24,9445.0,100.0,9480.0,9480.0,9440.0,992.0
2023.08.23,9345.0,15.0,9345.0,9345.0,9330.0,745.0
2023.08.22,9330.0,70.0,9285.0,9335.0,9285.0,453.0
2023.08.21,9260.0,-10.0,9270.0,9270.0,9260.0,687.0
2023.08.18,9270.0,-25.0,9280.0,9280.0,9260.0,1033.0
2023.08.17,9295.0,-30.0,9325.0,9325.0,9285.0,986.0
2023.08.16,9325.0,-35.0,9360.0,9360.0,9300.0,572.0
2023.08.14,9360.0,-30.0,9370.0,9370.0,9345.0,544.0
2023.08.11,9390.0,-5.0,9390.0,9390.0,9380.0,676.0
2023.08.10,9395.0,-40.0,9425.0,9425.0,9385.0,1255.0
2023.08.09,9435.0,-60.0,9450.0,9455.0,9400.0,7078.0
2023.08.08,9495.0,-25.0,9485.0,9515.0,9465.0,7767.0
2023.08.07,9520.0,0.0,9540.0,9555.0,9520.0,428.0
2023.08.04,9520.0,-15.0,9470.0,9520.0,9470.0,544.0
2023.08.03,9535.0,-50.0,9585.0,9585.0,9510.0,350.0
2023.08.02,9585.0,-125.0,9615.0,9615.0,9580.0,1194.0
2023.08.01,9710.0,70.0,9695.0,9720.0,9695.0,2278.0
2023.07.31,9640.0,40.0,9640.0,9640.0,9635.0,2749.0
2023.07.28,9600.0,-135.0,9650.0,9650.0,9570.0,7184.0
2023.07.27,9735.0,55.0,9710.0,9750.0,9710.0,7575.0
2023.07.26,9680.0,20.0,9675.0,9715.0,9675.0,1675.0
2023.07.25,9660.0,-20.0,9645.0,9700.0,9645.0,3086.0
2023.07.24,9680.0,-15.0,9730.0,9730.0,9675.0,642.0
2023.07.21,9695.0,-70.0,9730.0,9735.0,9695.0,1757.0
2023.07.20,9765.0,5.0,9760.0,9800.0,9760.0,1328.0
2023.07.19,9760.0,115.0,9725.0,9760.0,9725.0,3623.0
2023.07.18,9645.0,-45.0,9680.0,9690.0,9635.0,2098.0
2023.07.17,9690.0,10.0,9710.0,9710.0,9685.0,7701.0
2023.07.14,9680.0,30.0,9675.0,9700.0,9675.0,1466.0
2023.07.13,9650.0,115.0,9650.0,9665.0,9645.0,2001.0
2023.07.12,9535.0,15.0,9545.0,9545.0,9535.0,1113.0
2023.07.11,9520.0,25.0,9520.0,9520.0,9490.0,245.0
2023.07.10,9495.0,85.0,9470.0,9525.0,9470.0,480.0
2023.07.07,9410.0,-105.0,9445.0,9445.0,9410.0,692.0
2023.07.06,9515.0,5.0,9510.0,9515.0,9510.0,756.0
2023.07.05,9510.0,20.0,9495.0,9510.0,9495.0,505.0
2023.07.04,9490.0,-20.0,9500.0,9500.0,9490.0,201.0
2023.07.03,9510.0,95.0,9445.0,9510.0,9445.0,643.0
2023.06.30,9415.0,-50.0,9430.0,9435.0,9390.0,576.0
2023.06.29,9465.0,10.0,9465.0,9465.0,9420.0,1105.0
2023.06.28,9455.0,-60.0,9475.0,9475.0,9435.0,921.0
2023.06.27,9515.0,-5.0,9525.0,9530.0,9510.0,1705.0
2023.06.26,9520.0,45.0,9475.0,9540.0,9475.0,484.0
2023.06.23,9475.0,-80.0,9485.0,9485.0,9420.0,1439.0
2023.06.22,9555.0,-10.0,9560.0,9575.0,9520.0,1391.0
2023.06.21,9565.0,-125.0,9615.0,9615.0,9565.0,1449.0
2023.06.20,9690.0,-40.0,9720.0,9720.0,9670.0,1092.0
2023.06.19,9730.0,15.0,9710.0,9750.0,9710.0,1123.0
2023.06.16,9715.0,100.0,9690.0,9735.0,9685.0,894.0
2023.06.15,9615.0,-55.0,9685.0,9685.0,9580.0,7553.0
2023.06.14,9670.0,-80.0,9675.0,9680.0,9660.0,590.0
2023.06.13,9750.0,-15.0,9765.0,9770.0,9720.0,871.0
2023.06.12,9765.0,-25.0,9780.0,9780.0,9740.0,776.0
2023.06.09,9790.0,105.0,9750.0,9795.0,9750.0,659.0
2023.06.08,9685.0,-80.0,9700.0,9700.0,9675.0,1115.0
2023.06.07,9765.0,75.0,9765.0,9795.0,9745.0,1285.0
2023.06.05,9690.0,-170.0,9745.0,9745.0,9670.0,1803.0
2023.06.02,9860.0,70.0,9860.0,9860.0,9805.0,3279.0
2023.06.01,9790.0,25.0,9800.0,9800.0,9755.0,1755.0
2023.05.31,9765.0,125.0,9720.0,9765.0,9715.0,1698.0
2023.05.30,9640.0,-25.0,9660.0,9665.0,9625.0,1653.0
2023.05.26,9665.0,-70.0,9695.0,9695.0,9635.0,1879.0
2023.05.25,9735.0,-115.0,9805.0,9805.0,9720.0,7556.0
2023.05.24,9850.0,60.0,9800.0,9855.0,9800.0,955.0
2023.05.23,9790.0,-55.0,9845.0,9845.0,9760.0,1075.0
2023.05.22,9845.0,50.0,9850.0,9890.0,9835.0,1550.0
2023.05.19,9795.0,-75.0,9855.0,9855.0,9720.0,2361.0
2023.05.18,9870.0,-70.0,9915.0,9915.0,9870.0,858.0
2023.05.17,9940.0,-85.0,9975.0,9975.0,9920.0,865.0
2023.05.16,10025.0,-20.0,10075.0,10090.0,10025.0,10206.0
2023.05.15,10045.0,20.0,10055.0,10060.0,10040.0,1398.0
2023.05.12,10025.0,-110.0,10040.0,10100.0,10015.0,2017.0
2023.05.11,10135.0,-80.0,10215.0,10220.0,10135.0,1952.0
2023.05.10,10215.0,45.0,10180.0,10250.0,10180.0,1128.0
2023.05.09,10170.0,10.0,10160.0,10175.0,10145.0,3979.0
2023.05.08,10160.0,-80.0,10240.0,10240.0,10115.0,1742.0
2023.05.04,10240.0,120.0,10170.0,10320.0,10150.0,12600.0
2023.05.03,10120.0,165.0,10175.0,10175.0,10085.0,2750.0
2023.05.02,9955.0,-50.0,9995.0,9995.0,9945.0,3428.0
2023.04.28,10005.0,-35.0,10040.0,10040.0,9985.0,358.0
2023.04.27,10040.0,20.0,10050.0,10050.0,9960.0,1173.0
2023.04.26,10020.0,-45.0,10095.0,10095.0,10010.0,1462.0
2023.04.25,10065.0,125.0,9980.0,10065.0,9980.0,2270.0
2023.04.24,9940.0,-100.0,9935.0,9965.0,9935.0,4462.0
2023.04.21,10040.0,5.0,10065.0,10110.0,10035.0,3331.0
2023.04.20,10035.0,-10.0,10045.0,10045.0,10010.0,2024.0
2023.04.19,10045.0,5.0,10080.0,10090.0,10040.0,1657.0
2023.04.18,10040.0,-85.0,10085.0,10085.0,10035.0,2900.0
2023.04.17,10125.0,-80.0,10185.0,10185.0,10055.0,5973.0
2023.04.14,10205.0,30.0,10155.0,10205.0,10090.0,4074.0
2023.04.13,10175.0,5.0,10170.0,10175.0,10090.0,4417.0
2023.04.12,10170.0,50.0,10120.0,10190.0,10085.0,7276.0
2023.04.11,10120.0,110.0,10055.0,10180.0,10055.0,5837.0
2023.04.10,10010.0,-100.0,10110.0,10110.0,9975.0,5576.0
2023.04.07,10110.0,-25.0,10135.0,10135.0,10110.0,6122.0
2023.04.06,10135.0,-35.0,10170.0,10200.0,10095.0,6311.0
2023.04.05,10170.0,230.0,10095.0,10170.0,10095.0,11532.0
2023.04.04,9940.0,70.0,9995.0,10005.0,9935.0,4695.0
2023.04.03,9870.0,-45.0,9910.0,9910.0,9870.0,3759.0
2023.03.31,9915.0,65.0,9870.0,9955.0,9870.0,2920.0
2023.03.30,9850.0,40.0,9885.0,9885.0,9780.0,4821.0
2023.03.29,9810.0,20.0,9870.0,9870.0,9810.0,5272.0
2023.03.28,9790.0,-105.0,9845.0,9870.0,9775.0,4636.0
2023.03.27,9895.0,-85.0,10015.0,10015.0,9860.0,7098.0
2023.03.24,9980.0,75.0,9970.0,10020.0,9970.0,4899.0
2023.03.23,9905.0,175.0,9810.0,9905.0,9810.0,17166.0
2023.03.22,9730.0,-175.0,9755.0,9775.0,9705.0,2736.0
2023.03.21,9905.0,0.0,9905.0,9935.0,9870.0,12475.0
2023.03.20,9905.0,255.0,9830.0,9915.0,9830.0,16964.0
2023.03.17,9650.0,90.0,9565.0,9650.0,9565.0,6585.0
2023.03.16,9560.0,35.0,9610.0,9610.0,9545.0,15628.0
2023.03.15,9525.0,-75.0,9550.0,9565.0,9485.0,13026.0
2023.03.14,9600.0,165.0,9640.0,9640.0,9545.0,26870.0
2023.03.13,9435.0,265.0,9350.0,9470.0,9350.0,17724.0
2023.03.10,9170.0,65.0,9130.0,9180.0,9105.0,1329.0
2023.03.09,9105.0,20.0,9090.0,9110.0,9045.0,423.0
2023.03.08,9085.0,-210.0,9120.0,9120.0,9065.0,2702.0
2023.03.07,9295.0,5.0,9290.0,9300.0,9235.0,1537.0
2023.03.06,9290.0,45.0,9225.0,9290.0,9225.0,2894.0
2023.03.03,9245.0,10.0,9260.0,9260.0,9185.0,1209.0
2023.03.02,9235.0,90.0,9265.0,9265.0,9200.0,987.0
2023.02.28,9145.0,45.0,9185.0,9185.0,9135.0,490.0
2023.02.27,9100.0,-105.0,9140.0,9150.0,9100.0,1654.0
2023.02.24,9205.0,-25.0,9120.0,9215.0,9120.0,952.0
2023.02.23,9230.0,-25.0,9270.0,9270.0,9165.0,932.0
2023.02.22,9255.0,-40.0,9280.0,9280.0,9235.0,2146.0
2023.02.21,9295.0,-20.0,9310.0,9315.0,9280.0,566.0
2023.02.20,9315.0,105.0,9230.0,9325.0,9230.0,6444.0
2023.02.17,9210.0,-60.0,9270.0,9270.0,9210.0,1346.0
2023.02.16,9270.0,-60.0,9300.0,9300.0,9250.0,2564.0
2023.02.15,9330.0,-55.0,9370.0,9380.0,9315.0,1330.0
2023.02.14,9385.0,-30.0,9385.0,9405.0,9340.0,1204.0
2023.02.13,9415.0,-25.0,9440.0,9440.0,9340.0,8790.0
2023.02.10,9440.0,-105.0,9465.0,9465.0,9405.0,1436.0
2023.02.09,9545.0,80.0,9540.0,9555.0,9460.0,3940.0
2023.02.08,9465.0,10.0,9455.0,9465.0,9425.0,1900.0
2023.02.07,9455.0,10.0,9385.0,9475.0,9385.0,857.0
2023.02.06,9445.0,-235.0,9515.0,9515.0,9365.0,8718.0
2023.02.03,9680.0,-120.0,9735.0,9735.0,9670.0,5892.0
2023.02.02,9800.0,25.0,9815.0,9815.0,9745.0,1108.0
2023.02.01,9775.0,35.0,9755.0,9825.0,9750.0,1920.0
2023.01.31,9740.0,-50.0,9790.0,9790.0,9730.0,2025.0
2023.01.30,9790.0,-30.0,9790.0,9805.0,9740.0,4243.0
2023.01.27,9820.0,-10.0,9830.0,9850.0,9820.0,1966.0
2023.01.26,9830.0,10.0,9820.0,9915.0,9790.0,6782.0
2023.01.25,9820.0,15.0,9805.0,9895.0,9800.0,4781.0
2023.01.20,9805.0,75.0,9780.0,9810.0,9765.0,2209.0
2023.01.19,9730.0,40.0,9725.0,9730.0,9680.0,1968.0
2023.01.18,9690.0,-30.0,9720.0,9720.0,9650.0,1892.0
2023.01.17,9720.0,-50.0,9865.0,9865.0,9720.0,5540.0
2023.01.16,9770.0,100.0,9675.0,9810.0,9675.0,20010.0
2023.01.13,9670.0,80.0,9630.0,9685.0,9630.0,4196.0
2023.01.12,9590.0,0.0,9595.0,9595.0,9545.0,2222.0
2023.01.11,9590.0,15.0,9575.0,9590.0,9510.0,1800.0
2023.01.10,9575.0,-10.0,9565.0,9580.0,9510.0,3826.0
2023.01.09,9585.0,165.0,9535.0,9585.0,9520.0,3405.0
2023.01.06,9420.0,-155.0,9405.0,9500.0,9380.0,8856.0
2023.01.05,9575.0,0.0,9500.0,9585.0,9485.0,7620.0
2023.01.04,9575.0,75.0,9505.0,9575.0,9505.0,5350.0
2023.01.03,9500.0,25.0,9355.0,9505.0,9325.0,7124.0
2023.01.02,9475.0,185.0,9300.0,9475.0,9300.0,12232.0
2022.12.29,9290.0,-15.0,9290.0,9310.0,9260.0,8084.0
2022.12.28,9305.0,50.0,9295.0,9305.0,9255.0,6864.0
2022.12.27,9255.0,-20.0,9250.0,9260.0,9245.0,1000.0
2022.12.26,9275.0,35.0,9240.0,9280.0,9240.0,362.0
2022.12.23,9240.0,-135.0,9195.0,9245.0,9195.0,2994.0
2022.12.22,9375.0,20.0,9360.0,9380.0,9350.0,862.0
2022.12.21,9355.0,145.0,9380.0,9380.0,9310.0,2295.0
2022.12.20,9210.0,-35.0,9210.0,9245.0,9155.0,1655.0
2022.12.19,9245.0,140.0,9155.0,9250.0,9155.0,2573.0
2022.12.16,9105.0,-135.0,9155.0,9155.0,9090.0,2485.0
2022.12.15,9240.0,-85.0,9325.0,9330.0,9200.0,3052.0
2022.12.14,9325.0,90.0,9300.0,9360.0,9280.0,976.0
2022.12.13,9235.0,0.0,9180.0,9235.0,9135.0,2069.0
2022.12.12,9235.0,-5.0,9240.0,9275.0,9225.0,1315.0
2022.12.09,9240.0,25.0,9150.0,9270.0,9150.0,1450.0
2022.12.08,9215.0,85.0,9180.0,9220.0,9170.0,2410.0
2022.12.07,9130.0,30.0,9100.0,9160.0,9095.0,8310.0
2022.12.06,9100.0,-190.0,9095.0,9115.0,9055.0,1626.0
2022.12.05,9290.0,-35.0,9270.0,9300.0,9230.0,21640.0
2022.12.02,9325.0,230.0,9235.0,9325.0,9195.0,18137.0
2022.12.01,9095.0,90.0,9000.0,9140.0,9000.0,19068.0
2022.11.30,9005.0,-25.0,9015.0,9015.0,8950.0,808.0
2022.11.29,9030.0,60.0,8905.0,9040.0,8905.0,609.0
2022.11.28,8970.0,-50.0,9020.0,9035.0,8955.0,11275.0
2022.11.25,9020.0,60.0,8985.0,9065.0,8980.0,705.0
2022.11.24,8960.0,95.0,9035.0,9035.0,8960.0,1916.0
2022.11.23,8865.0,-120.0,8970.0,8980.0,8860.0,7754.0
2022.11.22,8985.0,45.0,8950.0,8995.0,8945.0,1563.0
2022.11.21,8940.0,-50.0,8985.0,8985.0,8940.0,1984.0
2022.11.18,8990.0,-30.0,8975.0,9050.0,8975.0,3008.0
2022.11.17,9020.0,-40.0,9065.0,9120.0,9010.0,1445.0
2022.11.16,9060.0,-20.0,9085.0,9145.0,9055.0,5081.0
2022.11.15,9080.0,45.0,9085.0,9100.0,9060.0,2452.0
2022.11.14,9035.0,-60.0,9100.0,9100.0,9025.0,2745.0
2022.11.11,9095.0,310.0,9000.0,9110.0,8985.0,6426.0
2022.11.10,8785.0,-20.0,8760.0,8850.0,8760.0,3795.0
2022.11.09,8805.0,135.0,8825.0,8825.0,8775.0,1640.0
2022.11.08,8670.0,25.0,8645.0,8715.0,8645.0,1070.0
2022.11.07,8645.0,145.0,8685.0,8700.0,8610.0,851.0
2022.11.04,8500.0,50.0,8395.0,8505.0,8390.0,940.0
2022.11.03,8450.0,-80.0,8505.0,8505.0,8390.0,1254.0
2022.11.02,8530.0,85.0,8500.0,8530.0,8470.0,836.0
2022.11.01,8445.0,5.0,8440.0,8480.0,8415.0,3354.0
2022.10.31,8440.0,-115.0,8795.0,8795.0,8435.0,1317.0
2022.10.28,8555.0,-30.0,8575.0,8575.0,8525.0,2748.0
2022.10.27,8585.0,50.0,8585.0,8590.0,8535.0,325.0
2022.10.26,8535.0,55.0,8535.0,8535.0,8480.0,154.0
2022.10.25,8480.0,-15.0,8515.0,8545.0,8430.0,738.0
2022.10.24,8495.0,155.0,8495.0,8505.0,8480.0,1209.0
2022.10.21,8340.0,-50.0,8315.0,8380.0,8315.0,444.0
2022.10.20,8390.0,-60.0,8375.0,8400.0,8330.0,1719.0
2022.10.19,8450.0,-30.0,8475.0,8505.0,8450.0,543.0
2022.10.18,8480.0,-10.0,8525.0,8525.0,8450.0,922.0
2022.10.17,8490.0,-125.0,8435.0,8495.0,8435.0,1167.0
2022.10.14,8615.0,100.0,8565.0,8615.0,8550.0,223.0
2022.10.13,8515.0,-65.0,8575.0,8610.0,8510.0,689.0
2022.10.12,8580.0,-35.0,8595.0,8610.0,8575.0,830.0
2022.10.11,8615.0,-205.0,8640.0,8640.0,8560.0,1869.0
2022.10.07,8820.0,-35.0,8855.0,8855.0,8815.0,2645.0
2022.10.06,8855.0,-45.0,8865.0,8885.0,8810.0,1515.0
2022.10.05,8900.0,105.0,8870.0,8945.0,8855.0,2642.0
2022.10.04,8795.0,295.0,8590.0,8795.0,8590.0,20254.0
2022.09.30,8500.0,55.0,8540.0,8540.0,8500.0,795.0
2022.09.29,8445.0,105.0,8555.0,8555.0,8405.0,1270.0
2022.09.28,8340.0,-40.0,8380.0,8395.0,8300.0,1300.0
2022.09.27,8380.0,-10.0,8305.0,8385.0,8305.0,1407.0
2022.09.26,8390.0,-230.0,8495.0,8495.0,8380.0,2341.0
2022.09.23,8620.0,80.0,8575.0,8620.0,8575.0,1268.0
2022.09.22,8540.0,-70.0,8555.0,8590.0,8540.0,1341.0
2022.09.21,8610.0,-25.0,8600.0,8610.0,8540.0,973.0
2022.09.20,8635.0,45.0,8615.0,8635.0,8585.0,1211.0
2022.09.19,8590.0,0.0,8595.0,8660.0,8585.0,2502.0
2022.09.16,8590.0,-125.0,8620.0,8620.0,8590.0,9285.0
2022.09.15,8715.0,-65.0,8715.0,8770.0,8695.0,1869.0
2022.09.14,8780.0,-95.0,8795.0,8795.0,8710.0,705.0
2022.09.13,8875.0,80.0,8855.0,8875.0,8840.0,1423.0
2022.09.08,8795.0,110.0,8815.0,8815.0,8735.0,2173.0
2022.09.07,8685.0,-115.0,8715.0,8715.0,8650.0,712.0
2022.09.06,8800.0,110.0,8825.0,8825.0,8765.0,822.0
2022.09.05,8690.0,20.0,8685.0,8710.0,8665.0,1909.0
2022.09.02,8670.0,-25.0,8685.0,8685.0,8655.0,1200.0
2022.09.01,8695.0,-130.0,8780.0,8780.0,8635.0,11949.0
2022.08.31,8825.0,-25.0,8835.0,8840.0,8810.0,2756.0
2022.08.30,8850.0,0.0,8850.0,8900.0,8850.0,639.0
2022.08.29,8850.0,-210.0,8930.0,8930.0,8850.0,5893.0
2022.08.26,9060.0,-5.0,9060.0,9060.0,8985.0,1625.0
2022.08.25,9065.0,75.0,8990.0,9065.0,8990.0,774.0
2022.08.24,8990.0,15.0,8975.0,9015.0,8970.0,1287.0
2022.08.23,8975.0,-30.0,8930.0,8985.0,8930.0,1304.0
2022.08.22,9005.0,-90.0,9010.0,9020.0,9000.0,1063.0
2022.08.19,9095.0,-10.0,9080.0,9095.0,9005.0,3405.0
2022.08.18,9105.0,-85.0,9125.0,9125.0,9095.0,888.0
2022.08.17,9190.0,-10.0,9150.0,9200.0,9130.0,827.0
2022.08.16,9200.0,0.0,9195.0,9200.0,9135.0,1705.0
2022.08.12,9200.0,-80.0,9250.0,9250.0,9200.0,1972.0
2022.08.11,9280.0,5.0,9275.0,9280.0,9260.0,1255.0
2022.08.10,9275.0,5.0,9290.0,9290.0,9260.0,757.0
2022.08.09,9270.0,100.0,9185.0,9275.0,9180.0,18543.0
2022.08.08,9170.0,-100.0,9195.0,9195.0,9165.0,1158.0
2022.08.05,9270.0,115.0,9155.0,9290.0,9155.0,20354.0
2022.08.04,9155.0,-15.0,9165.0,9165.0,9145.0,2868.0
2022.08.03,9170.0,0.0,9170.0,9170.0,9160.0,740.0
2022.08.02,9170.0,50.0,9090.0,9185.0,9090.0,1907.0
2022.08.01,9120.0,-65.0,9160.0,9165.0,9100.0,1353.0
2022.07.29,9185.0,260.0,9000.0,9185.0,8980.0,15603.0
2022.07.28,8925.0,80.0,8845.0,8925.0,8845.0,1518.0
2022.07.27,8845.0,-30.0,8865.0,8865.0,8840.0,863.0
2022.07.26,8875.0,-50.0,8875.0,8875.0,8870.0,433.0
2022.07.25,8925.0,75.0,8905.0,8950.0,8855.0,3018.0
2022.07.22,8850.0,70.0,8855.0,8855.0,8845.0,1475.0
2022.07.21,8780.0,-25.0,8790.0,8815.0,8765.0,6406.0
2022.07.20,8805.0,-25.0,8755.0,8840.0,8755.0,1657.0
2022.07.19,8830.0,-30.0,8860.0,8860.0,8740.0,1190.0
2022.07.18,8860.0,35.0,8805.0,8875.0,8795.0,778.0
2022.07.15,8825.0,-95.0,8905.0,8905.0,8785.0,846.0
2022.07.14,8920.0,-5.0,8895.0,8950.0,8880.0,1277.0
2022.07.13,8925.0,-30.0,8940.0,8940.0,8855.0,475.0
2022.07.12,8955.0,-50.0,8980.0,8980.0,8870.0,2952.0
2022.07.11,9005.0,-15.0,9000.0,9015.0,8995.0,1052.0
2022.07.08,9020.0,50.0,9005.0,9050.0,8995.0,6194.0
2022.07.07,8970.0,-150.0,9060.0,9060.0,8970.0,5235.0
2022.07.06,9120.0,-210.0,9290.0,9315.0,9100.0,3951.0
2022.07.05,9330.0,-110.0,9380.0,9380.0,9330.0,2261.0
2022.07.04,9440.0,90.0,9415.0,9545.0,9415.0,7908.0
2022.07.01,9350.0,-115.0,9390.0,9405.0,9305.0,1162.0
2022.06.30,9465.0,-30.0,9490.0,9490.0,9455.0,609.0
2022.06.29,9495.0,5.0,9515.0,9515.0,9480.0,1704.0
2022.06.28,9490.0,-85.0,9570.0,9570.0,9485.0,1326.0
2022.06.27,9575.0,35.0,9500.0,9585.0,9470.0,1511.0
2022.06.24,9540.0,-15.0,9600.0,9600.0,9445.0,1229.0
2022.06.23,9555.0,-10.0,9565.0,9565.0,9525.0,238.0
2022.06.22,9565.0,-45.0,9525.0,9620.0,9505.0,1175.0
2022.06.21,9610.0,10.0,9655.0,9655.0,9515.0,1764.0
2022.06.20,9600.0,-45.0,9700.0,9700.0,9525.0,4567.0
2022.06.17,9645.0,80.0,9570.0,9660.0,9500.0,5965.0
2022.06.16,9565.0,135.0,9440.0,9595.0,9440.0,745.0
2022.06.15,9430.0,-130.0,9485.0,9520.0,9430.0,2939.0
2022.06.14,9560.0,-180.0,9595.0,9595.0,9450.0,1091.0
2022.06.13,9740.0,90.0,9725.0,9785.0,9720.0,7493.0
2022.06.10,9650.0,-25.0,9675.0,9675.0,9640.0,725.0
2022.06.09,9675.0,5.0,9670.0,9700.0,9590.0,950.0
2022.06.08,9670.0,35.0,9705.0,9705.0,9600.0,10102.0
2022.06.07,9635.0,-145.0,9840.0,9840.0,9635.0,5026.0
2022.06.03,9780.0,105.0,9650.0,9835.0,9650.0,2289.0
2022.06.02,9675.0,-25.0,9645.0,9690.0,9580.0,501.0
2022.05.31,9700.0,30.0,9670.0,9720.0,9670.0,680.0
2022.05.30,9670.0,35.0,9635.0,9685.0,9600.0,1483.0
2022.05.27,9635.0,-35.0,9750.0,9750.0,9625.0,747.0
2022.05.26,9670.0,-50.0,9720.0,9815.0,9610.0,932.0
2022.05.25,9720.0,20.0,9655.0,9735.0,9655.0,271.0
2022.05.24,9700.0,40.0,9745.0,9745.0,9640.0,713.0
2022.05.23,9660.0,80.0,9680.0,9680.0,9570.0,2121.0
2022.05.20,9580.0,105.0,9620.0,9620.0,9560.0,543.0
2022.05.19,9475.0,-40.0,9510.0,9510.0,9405.0,611.0
2022.05.18,9515.0,-120.0,9700.0,9700.0,9500.0,1170.0
2022.05.17,9635.0,120.0,9560.0,9645.0,9515.0,4188.0
2022.05.16,9515.0,-40.0,9635.0,9635.0,9430.0,3747.0
2022.05.13,9555.0,-70.0,9710.0,9710.0,9415.0,1506.0
2022.05.12,9625.0,100.0,9490.0,9690.0,9490.0,1815.0
2022.05.11,9525.0,-175.0,9750.0,9750.0,9505.0,3560.0
2022.05.10,9700.0,-25.0,9750.0,9750.0,9630.0,3407.0
2022.05.09,9725.0,-55.0,9775.0,9780.0,9715.0,3517.0
2022.05.06,9780.0,25.0,9755.0,9800.0,9695.0,5163.0
2022.05.04,9755.0,-65.0,9820.0,9835.0,9745.0,4558.0
2022.05.03,9820.0,-45.0,9870.0,9880.0,9770.0,882.0
2022.05.02,9865.0,-85.0,9950.0,9950.0,9845.0,1969.0
2022.04.29,9950.0,35.0,9920.0,9950.0,9920.0,507.0
2022.04.28,9915.0,-45.0,9960.0,9960.0,9900.0,2021.0
2022.04.27,9960.0,0.0,9950.0,9985.0,9880.0,2196.0
2022.04.26,9960.0,-60.0,10020.0,10030.0,9960.0,2928.0
2022.04.25,10020.0,-240.0,10270.0,10270.0,10020.0,7215.0
2022.04.22,10260.0,10.0,10200.0,10285.0,10175.0,3185.0
2022.04.21,10250.0,15.0,10240.0,10275.0,10175.0,2705.0
2022.04.20,10235.0,-205.0,10445.0,10445.0,10235.0,1656.0
2022.04.19,10440.0,-30.0,10480.0,10490.0,10440.0,2391.0
2022.04.18,10470.0,155.0,10375.0,10475.0,10375.0,6990.0
2022.04.15,10315.0,-20.0,10335.0,10365.0,10295.0,2829.0
2022.04.14,10335.0,5.0,10330.0,10405.0,10330.0,9305.0
2022.04.13,10330.0,40.0,10290.0,10390.0,10290.0,2793.0
2022.04.12,10290.0,0.0,10355.0,10355.0,10250.0,5788.0
2022.04.11,10290.0,190.0,10240.0,10310.0,10190.0,18144.0
2022.04.08,10100.0,5.0,10095.0,10135.0,10075.0,2137.0
2022.04.07,10095.0,-25.0,10120.0,10120.0,10090.0,2065.0
2022.04.06,10120.0,-25.0,10205.0,10205.0,10065.0,3094.0
2022.04.05,10145.0,55.0,10140.0,10150.0,10140.0,3080.0
2022.04.04,10090.0,-90.0,10225.0,10225.0,10065.0,1494.0
2022.04.01,10180.0,70.0,10225.0,10225.0,10150.0,2056.0
2022.03.31,10110.0,0.0,10225.0,10225.0,10100.0,2293.0
2022.03.30,10110.0,-30.0,10105.0,10125.0,10060.0,5306.0
2022.03.29,10140.0,-90.0,10220.0,10220.0,10105.0,3080.0
2022.03.28,10230.0,-120.0,10385.0,10385.0,10215.0,3048.0
2022.03.25,10350.0,130.0,10300.0,10360.0,10235.0,7669.0
2022.03.24,10220.0,85.0,10325.0,10325.0,10200.0,2799.0
2022.03.23,10135.0,-70.0,10215.0,10215.0,10100.0,3162.0
2022.03.22,10205.0,45.0,10175.0,10235.0,10170.0,3673.0
2022.03.21,10160.0,-40.0,10135.0,10170.0,10085.0,5724.0
2022.03.18,10200.0,0.0,10200.0,10260.0,10195.0,1046.0
2022.03.17,10200.0,100.0,10135.0,10210.0,10130.0,8371.0
2022.03.16,10100.0,-70.0,10170.0,10170.0,10085.0,2198.0
2022.03.15,10170.0,-275.0,10440.0,10440.0,10155.0,11346.0
2022.03.14,10445.0,-70.0,10510.0,10510.0,10405.0,9994.0
2022.03.11,10515.0,45.0,10480.0,10575.0,10480.0,6241.0
2022.03.10,10470.0,-70.0,10460.0,10490.0,10385.0,18274.0
2022.03.08,10540.0,50.0,10490.0,10575.0,10445.0,13004.0
2022.03.07,10490.0,300.0,10485.0,10545.0,10460.0,14309.0
2022.03.04,10190.0,40.0,10175.0,10260.0,10175.0,6135.0
2022.03.03,10150.0,-40.0,10190.0,10190.0,10135.0,12179.0
2022.03.02,10190.0,165.0,10105.0,10255.0,10105.0,16214.0
2022.02.28,10025.0,-30.0,10075.0,10075.0,9995.0,5078.0
2022.02.25,10055.0,-175.0,10095.0,10095.0,9990.0,12619.0
2022.02.24,10230.0,275.0,10070.0,10250.0,10020.0,19638.0
2022.02.23,9955.0,-85.0,10000.0,10000.0,9950.0,7966.0
2022.02.22,10040.0,120.0,9965.0,10065.0,9965.0,15927.0
2022.02.21,9920.0,0.0,10035.0,10035.0,9910.0,9756.0
2022.02.18,9920.0,60.0,9915.0,10000.0,9895.0,6653.0
2022.02.17,9860.0,110.0,9755.0,9870.0,9755.0,10408.0
2022.02.16,9750.0,-135.0,9710.0,9755.0,9695.0,14745.0
2022.02.15,9885.0,215.0,9740.0,9900.0,9740.0,21453.0
2022.02.14,9670.0,135.0,9650.0,9675.0,9535.0,7333.0
2022.02.11,9535.0,-80.0,9610.0,9610.0,9535.0,4249.0
2022.02.10,9615.0,20.0,9590.0,9615.0,9590.0,3235.0
2022.02.09,9595.0,60.0,9535.0,9615.0,9535.0,3223.0
2022.02.08,9535.0,30.0,9505.0,9545.0,9505.0,8283.0
2022.02.07,9505.0,60.0,9520.0,9520.0,9470.0,3408.0
2022.02.04,9445.0,-40.0,9515.0,9515.0,9430.0,2402.0
2022.02.03,9485.0,40.0,9400.0,9495.0,9390.0,4240.0
2022.01.28,9445.0,-70.0,9515.0,9515.0,9390.0,2173.0
2022.01.27,9515.0,-215.0,9665.0,9665.0,9515.0,4311.0
2022.01.26,9730.0,30.0,9710.0,9760.0,9710.0,3264.0
2022.01.25,9700.0,-15.0,9685.0,9700.0,9665.0,13034.0
2022.01.24,9715.0,5.0,9710.0,9720.0,9640.0,4415.0
2022.01.21,9710.0,5.0,9710.0,9725.0,9690.0,4991.0
2022.01.20,9705.0,155.0,9600.0,9720.0,9600.0,8027.0
2022.01.19,9550.0,10.0,9540.0,9555.0,9520.0,1090.0
2022.01.18,9540.0,-10.0,9550.0,9555.0,9530.0,2098.0
2022.01.17,9550.0,-35.0,9590.0,9590.0,9520.0,1239.0
2022.01.14,9585.0,-5.0,9590.0,9590.0,9535.0,4585.0
2022.01.13,9590.0,45.0,9545.0,9590.0,9545.0,2171.0
2022.01.12,9545.0,70.0,9535.0,9550.0,9525.0,6578.0
2022.01.11,9475.0,70.0,9430.0,9475.0,9430.0,3254.0
2022.01.10,9405.0,20.0,9440.0,9440.0,9385.0,1875.0
2022.01.07,9385.0,-90.0,9415.0,9415.0,9350.0,2627.0
2022.01.06,9475.0,-55.0,9530.0,9530.0,9470.0,2001.0
2022.01.05,9530.0,30.0,9515.0,9540.0,9515.0,4040.0
2022.01.04,9500.0,-80.0,9580.0,9580.0,9460.0,6688.0
2022.01.03,9580.0,125.0,9595.0,9610.0,9565.0,8951.0
2021.12.30,9455.0,-55.0,9555.0,9555.0,9455.0,3000.0
2021.12.29,9510.0,-10.0,9530.0,9530.0,9505.0,2978.0
2021.12.28,9520.0,5.0,9545.0,9545.0,9510.0,2518.0
2021.12.27,9515.0,5.0,9525.0,9525.0,9485.0,5016.0
2021.12.24,9510.0,25.0,9505.0,9520.0,9505.0,2640.0
2021.12.23,9485.0,70.0,9430.0,9505.0,9430.0,6539.0
2021.12.22,9415.0,0.0,9415.0,9415.0,9400.0,2382.0
2021.12.21,9415.0,-25.0,9430.0,9430.0,9365.0,2556.0
2021.12.20,9440.0,-40.0,9480.0,9480.0,9420.0,3018.0
2021.12.17,9480.0,130.0,9445.0,9490.0,9445.0,3184.0
2021.12.16,9350.0,50.0,9370.0,9370.0,9320.0,1702.0
2021.12.15,9300.0,-95.0,9335.0,9335.0,9260.0,5914.0
2021.12.14,9395.0,35.0,9360.0,9400.0,9360.0,1094.0
2021.12.13,9360.0,45.0,9380.0,9395.0,9330.0,2553.0
2021.12.10,9315.0,-75.0,9400.0,9400.0,9315.0,2924.0
2021.12.09,9390.0,-45.0,9345.0,9400.0,9345.0,2433.0
2021.12.08,9435.0,85.0,9355.0,9435.0,9355.0,3241.0
2021.12.07,9350.0,-35.0,9380.0,9385.0,9320.0,2888.0
2021.12.06,9385.0,75.0,9300.0,9415.0,9300.0,4142.0
2021.12.03,9310.0,-80.0,9345.0,9345.0,9300.0,4434.0
2021.12.02,9390.0,-45.0,9400.0,9400.0,9345.0,3873.0
2021.12.01,9435.0,0.0,9370.0,9435.0,9325.0,4643.0
2021.11.30,9435.0,-60.0,9440.0,9450.0,9400.0,9356.0
2021.11.29,9495.0,-40.0,9535.0,9535.0,9450.0,8183.0
2021.11.26,9535.0,30.0,9520.0,9535.0,9450.0,3999.0
2021.11.25,9505.0,30.0,9475.0,9515.0,9475.0,3498.0
2021.11.24,9475.0,-100.0,9180.0,9505.0,9180.0,3761.0
2021.11.23,9575.0,-200.0,9780.0,9780.0,9550.0,15581.0
2021.11.22,9775.0,-90.0,9715.0,9805.0,9715.0,5869.0
2021.11.19,9865.0,0.0,9865.0,9880.0,9830.0,2488.0
2021.11.18,9865.0,50.0,9880.0,9935.0,9865.0,4133.0
2021.11.17,9815.0,-105.0,9860.0,9860.0,9790.0,11800.0
2021.11.16,9920.0,90.0,9850.0,9920.0,9850.0,5866.0
2021.11.15,9830.0,-15.0,9880.0,9900.0,9825.0,4347.0
2021.11.12,9845.0,25.0,9865.0,9905.0,9830.0,10430.0
2021.11.11,9820.0,145.0,9685.0,9820.0,9685.0,19139.0
2021.11.10,9675.0,10.0,9665.0,9705.0,9665.0,4337.0
2021.11.09,9665.0,25.0,9650.0,9690.0,9635.0,4309.0
2021.11.08,9640.0,135.0,9545.0,9640.0,9545.0,13119.0
2021.11.05,9505.0,125.0,9435.0,9525.0,9435.0,6004.0
2021.11.04,9380.0,-60.0,9440.0,9440.0,9370.0,2545.0
2021.11.03,9440.0,-95.0,9525.0,9525.0,9425.0,3663.0
2021.11.02,9535.0,85.0,9475.0,9535.0,9475.0,3580.0
2021.11.01,9450.0,-75.0,9475.0,9475.0,9420.0,2338.0
2021.10.29,9525.0,-20.0,9545.0,9545.0,9515.0,1886.0
2021.10.28,9545.0,45.0,9500.0,9545.0,9500.0,6293.0
2021.10.27,9500.0,-95.0,9535.0,9535.0,9480.0,6385.0
2021.10.26,9595.0,30.0,9590.0,9610.0,9580.0,8667.0
2021.10.25,9565.0,95.0,9550.0,9565.0,9505.0,10389.0
2021.10.22,9470.0,-15.0,9495.0,9495.0,9445.0,2854.0
2021.10.21,9485.0,65.0,9490.0,9490.0,9475.0,2892.0
2021.10.20,9420.0,30.0,9425.0,9425.0,9340.0,3537.0
2021.10.19,9390.0,35.0,9355.0,9405.0,9335.0,7686.0
2021.10.18,9355.0,-95.0,9420.0,9420.0,9335.0,4806.0
2021.10.15,9450.0,5.0,9495.0,9495.0,9450.0,3938.0
2021.10.14,9445.0,155.0,9430.0,9450.0,9410.0,7783.0
2021.10.13,9290.0,5.0,9285.0,9290.0,9260.0,822.0
2021.10.12,9285.0,5.0,9390.0,9390.0,9215.0,4943.0
2021.10.08,9280.0,-5.0,9235.0,9280.0,9235.0,1909.0
2021.10.07,9285.0,25.0,9280.0,9315.0,9275.0,7351.0
2021.10.06,9260.0,-30.0,9305.0,9305.0,9230.0,5256.0
2021.10.05,9290.0,50.0,9280.0,9345.0,9280.0,16346.0
2021.10.01,9240.0,125.0,9255.0,9270.0,9205.0,5544.0
2021.09.30,9115.0,-75.0,9110.0,9130.0,9105.0,6270.0
2021.09.29,9190.0,-30.0,9180.0,9205.0,9160.0,7428.0
2021.09.28,9220.0,-50.0,9210.0,9260.0,9210.0,6022.0
2021.09.27,9270.0,20.0,9275.0,9300.0,9245.0,2208.0
2021.09.24,9250.0,-60.0,9275.0,9275.0,9225.0,3717.0
2021.09.23,9310.0,-20.0,9395.0,9395.0,9295.0,4172.0
2021.09.17,9330.0,-145.0,9290.0,9330.0,9240.0,11248.0
2021.09.16,9475.0,-80.0,9530.0,9530.0,9465.0,3708.0
2021.09.15,9555.0,50.0,9550.0,9565.0,9525.0,1498.0
2021.09.14,9505.0,5.0,9550.0,9555.0,9415.0,2969.0
2021.09.13,9500.0,-60.0,9545.0,9545.0,9480.0,3561.0
2021.09.10,9560.0,45.0,9635.0,9645.0,9510.0,1452.0
2021.09.09,9515.0,-45.0,9560.0,9600.0,9500.0,3501.0
2021.09.08,9560.0,-105.0,9555.0,9585.0,9525.0,5935.0
2021.09.07,9665.0,-20.0,9655.0,9700.0,9645.0,13804.0
2021.09.06,9685.0,95.0,9680.0,9690.0,9675.0,7893.0
2021.09.03,9590.0,-5.0,9620.0,9620.0,9585.0,2000.0
2021.09.02,9595.0,-25.0,9620.0,9620.0,9590.0,4454.0
2021.09.01,9620.0,-5.0,9600.0,9620.0,9575.0,3445.0
2021.08.31,9625.0,15.0,9610.0,9625.0,9580.0,5259.0
2021.08.30,9610.0,75.0,9620.0,9655.0,9600.0,5790.0
2021.08.27,9535.0,90.0,9480.0,9535.0,9475.0,9975.0
2021.08.26,9445.0,-65.0,9510.0,9510.0,9445.0,1504.0
2021.08.25,9510.0,-30.0,9530.0,9540.0,9495.0,2912.0
2021.08.24,9540.0,85.0,9535.0,9540.0,9520.0,6717.0
2021.08.23,9455.0,5.0,9515.0,9515.0,9380.0,3499.0
2021.08.20,9450.0,30.0,9395.0,9485.0,9395.0,20262.0
2021.08.19,9420.0,-75.0,9495.0,9495.0,9390.0,5957.0
2021.08.18,9495.0,-5.0,9500.0,9500.0,9445.0,3149.0
2021.08.17,9500.0,205.0,9460.0,9500.0,9450.0,19031.0
2021.08.13,9295.0,5.0,9290.0,9310.0,9265.0,7159.0
2021.08.12,9290.0,80.0,9320.0,9320.0,9250.0,6458.0
2021.08.11,9210.0,-40.0,9200.0,9230.0,9170.0,10280.0
2021.08.10,9250.0,-60.0,9305.0,9305.0,9195.0,8323.0
2021.08.09,9310.0,-305.0,9175.0,9310.0,9115.0,35299.0
2021.08.06,9615.0,-55.0,9655.0,9655.0,9595.0,3885.0
2021.08.05,9670.0,5.0,9650.0,9675.0,9650.0,3917.0
2021.08.04,9665.0,0.0,9620.0,9675.0,9620.0,2375.0
2021.08.03,9665.0,0.0,9665.0,9685.0,9645.0,3117.0
2021.08.02,9665.0,-95.0,9730.0,9730.0,9645.0,7402.0
2021.07.30,9760.0,70.0,9700.0,9785.0,9700.0,7199.0
2021.07.29,9690.0,65.0,9630.0,9690.0,9630.0,4724.0
2021.07.28,9625.0,30.0,9595.0,9635.0,9565.0,5358.0
2021.07.27,9595.0,-50.0,9630.0,9630.0,9580.0,11821.0
2021.07.26,9645.0,5.0,9660.0,9660.0,9600.0,8033.0
2021.07.23,9640.0,35.0,9625.0,9660.0,9625.0,5702.0
2021.07.22,9605.0,-85.0,9650.0,9650.0,9605.0,5434.0
2021.07.21,9690.0,-15.0,9665.0,9690.0,9630.0,4231.0
2021.07.20,9705.0,45.0,9650.0,9710.0,9645.0,8602.0
2021.07.19,9660.0,-140.0,9740.0,9740.0,9655.0,6723.0
2021.07.16,9800.0,0.0,9820.0,9830.0,9780.0,5102.0
2021.07.15,9800.0,75.0,9750.0,9835.0,9750.0,10562.0
2021.07.14,9725.0,30.0,9670.0,9735.0,9670.0,7556.0
2021.07.13,9695.0,35.0,9700.0,9720.0,9675.0,12793.0
2021.07.12,9660.0,20.0,9715.0,9715.0,9660.0,4892.0
2021.07.09,9640.0,0.0,9655.0,9685.0,9630.0,13267.0
2021.07.08,9640.0,-50.0,9705.0,9705.0,9625.0,4729.0
2021.07.07,9690.0,-15.0,9700.0,9700.0,9630.0,10985.0
2021.07.06,9705.0,85.0,9620.0,9725.0,9610.0,9841.0
2021.07.05,9620.0,60.0,9565.0,9630.0,9565.0,14529.0
2021.07.02,9560.0,0.0,9560.0,9560.0,9520.0,2855.0
2021.07.01,9560.0,105.0,9470.0,9565.0,9470.0,12522.0
2021.06.30,9455.0,-90.0,9545.0,9545.0,9440.0,27461.0
2021.06.29,9545.0,-30.0,9575.0,9575.0,9535.0,11981.0
2021.06.28,9575.0,45.0,9590.0,9590.0,9500.0,10419.0
2021.06.25,9530.0,-15.0,9545.0,9545.0,9505.0,7286.0
2021.06.24,9545.0,-15.0,9565.0,9565.0,9530.0,11025.0
2021.06.23,9560.0,-10.0,9530.0,9580.0,9520.0,9642.0
2021.06.22,9570.0,25.0,9550.0,9585.0,9550.0,23900.0
2021.06.21,9545.0,-20.0,9515.0,9545.0,9480.0,17552.0
2021.06.18,9565.0,-215.0,9575.0,9585.0,9500.0,30403.0
2021.06.17,9780.0,-240.0,9850.0,9850.0,9770.0,21806.0
2021.06.16,10020.0,-45.0,10045.0,10045.0,9990.0,13177.0
2021.06.15,10065.0,20.0,10045.0,10065.0,10010.0,12017.0
2021.06.14,10045.0,-195.0,10135.0,10135.0,10035.0,13087.0
2021.06.11,10240.0,90.0,10200.0,10240.0,10200.0,5209.0
2021.06.10,10150.0,-20.0,10170.0,10170.0,10130.0,5400.0
2021.06.09,10170.0,-40.0,10205.0,10215.0,10170.0,9244.0
2021.06.08,10210.0,90.0,10205.0,10235.0,10195.0,11194.0
2021.06.07,10120.0,55.0,10155.0,10185.0,10120.0,18622.0
2021.06.04,10065.0,-130.0,10080.0,10080.0,9985.0,22012.0
2021.06.03,10195.0,-5.0,10255.0,10280.0,10195.0,11079.0
2021.06.02,10200.0,-120.0,10205.0,10245.0,10195.0,11020.0
2021.06.01,10320.0,55.0,10290.0,10320.0,10260.0,17998.0
2021.05.31,10265.0,85.0,10230.0,10290.0,10230.0,12445.0
2021.05.28,10180.0,-25.0,10250.0,10250.0,10165.0,12043.0
2021.05.27,10205.0,-65.0,10240.0,10240.0,10180.0,30351.0
2021.05.26,10270.0,160.0,10200.0,10285.0,10200.0,24372.0
2021.05.25,10110.0,-40.0,10150.0,10150.0,10100.0,20191.0
2021.05.24,10150.0,40.0,10175.0,10175.0,10120.0,18399.0
2021.05.21,10110.0,-10.0,10120.0,10130.0,10075.0,17122.0
2021.05.20,10120.0,-10.0,10135.0,10135.0,10050.0,31279.0
2021.05.18,10130.0,115.0,10120.0,10150.0,10100.0,23767.0
2021.05.17,10015.0,150.0,9955.0,10020.0,9940.0,33418.0
2021.05.14,9865.0,50.0,9885.0,9885.0,9805.0,7283.0
2021.05.13,9815.0,-70.0,9855.0,9855.0,9780.0,14740.0
2021.05.12,9885.0,-25.0,9925.0,9925.0,9860.0,7531.0
2021.05.11,9910.0,-20.0,9895.0,9920.0,9875.0,19773.0
2021.05.10,9930.0,110.0,9910.0,9940.0,9880.0,27882.0
2021.05.07,9820.0,155.0,9795.0,9845.0,9790.0,45260.0
2021.05.06,9665.0,25.0,9590.0,9665.0,9590.0,5212.0
2021.05.04,9640.0,80.0,9575.0,9685.0,9575.0,11824.0
2021.05.03,9560.0,30.0,9505.0,9560.0,9505.0,9603.0
2021.04.30,9530.0,-70.0,9570.0,9570.0,9505.0,8207.0
2021.04.29,9600.0,75.0,9580.0,9630.0,9580.0,23887.0
2021.04.28,9525.0,-65.0,9590.0,9590.0,9510.0,5103.0
2021.04.27,9590.0,20.0,9595.0,9605.0,9555.0,8198.0
2021.04.26,9570.0,-40.0,9565.0,9595.0,9555.0,8867.0
2021.04.23,9610.0,-45.0,9675.0,9675.0,9600.0,10013.0
2021.04.22,9655.0,50.0,9685.0,9685.0,9645.0,25704.0
2021.04.21,9605.0,75.0,9580.0,9605.0,9555.0,43408.0
2021.04.20,9530.0,-35.0,9565.0,9565.0,9505.0,30402.0
2021.04.19,9565.0,70.0,9495.0,9595.0,9495.0,25986.0
2021.04.16,9495.0,110.0,9425.0,9510.0,9425.0,7556.0
2021.04.15,9385.0,-5.0,9390.0,9390.0,9340.0,4100.0
2021.04.14,9390.0,115.0,9385.0,9405.0,9365.0,9692.0
2021.04.13,9275.0,-85.0,9360.0,9360.0,9270.0,6463.0
2021.04.12,9360.0,-45.0,9395.0,9395.0,9335.0,13024.0
2021.04.09,9405.0,25.0,9355.0,9450.0,9355.0,11520.0
2021.04.08,9380.0,30.0,9350.0,9385.0,9320.0,4039.0
2021.04.07,9350.0,5.0,9350.0,9375.0,9340.0,6557.0
2021.04.06,9345.0,70.0,9300.0,9355.0,9295.0,7413.0
2021.04.05,9275.0,-10.0,9285.0,9310.0,9250.0,18093.0
2021.04.02,9285.0,85.0,9300.0,9300.0,9280.0,9140.0
2021.04.01,9200.0,145.0,9170.0,9210.0,9160.0,7571.0
2021.03.31,9055.0,-125.0,9180.0,9190.0,9015.0,17149.0
2021.03.30,9180.0,-115.0,9215.0,9225.0,9160.0,10194.0
2021.03.29,9295.0,-15.0,9355.0,9355.0,9290.0,6511.0
2021.03.26,9310.0,-30.0,9340.0,9340.0,9285.0,3972.0
2021.03.25,9340.0,10.0,9330.0,9360.0,9330.0,2922.0
2021.03.24,9330.0,-55.0,9315.0,9355.0,9295.0,8505.0
2021.03.23,9385.0,25.0,9385.0,9400.0,9340.0,6053.0
2021.03.22,9360.0,-75.0,9475.0,9475.0,9350.0,5264.0
2021.03.19,9435.0,10.0,9420.0,9435.0,9375.0,2421.0
2021.03.18,9425.0,40.0,9415.0,9500.0,9415.0,20543.0
2021.03.17,9385.0,-25.0,9375.0,9395.0,9355.0,5618.0
2021.03.16,9410.0,90.0,9365.0,9410.0,9365.0,12636.0
2021.03.15,9320.0,35.0,9325.0,9375.0,9305.0,13532.0
2021.03.12,9285.0,-95.0,9390.0,9390.0,9270.0,13949.0
2021.03.11,9380.0,115.0,9285.0,9395.0,9285.0,14699.0
2021.03.10,9265.0,125.0,9155.0,9315.0,9155.0,8166.0
2021.03.09,9140.0,-85.0,9145.0,9145.0,9080.0,13452.0
2021.03.08,9225.0,50.0,9175.0,9270.0,9175.0,7459.0
2021.03.05,9175.0,-125.0,9160.0,9175.0,9115.0,13900.0
2021.03.04,9300.0,-90.0,9265.0,9325.0,9245.0,10724.0
2021.03.03,9390.0,80.0,9430.0,9430.0,9390.0,7925.0
2021.03.02,9310.0,-260.0,9550.0,9550.0,9250.0,24947.0
2021.02.26,9570.0,-205.0,9775.0,9775.0,9540.0,18265.0
2021.02.25,9775.0,-30.0,9795.0,9815.0,9755.0,16203.0
2021.02.24,9805.0,-60.0,9865.0,9865.0,9800.0,14482.0
2021.02.23,9865.0,135.0,9740.0,9890.0,9740.0,40933.0
2021.02.22,9730.0,110.0,9720.0,9735.0,9675.0,17808.0
2021.02.19,9620.0,-55.0,9710.0,9710.0,9555.0,25583.0
2021.02.18,9675.0,-35.0,9615.0,9690.0,9615.0,10707.0
2021.02.17,9710.0,-185.0,9930.0,9930.0,9690.0,19872.0
2021.02.16,9895.0,15.0,9880.0,9910.0,9855.0,5887.0
2021.02.15,9880.0,-95.0,9880.0,9915.0,9860.0,18152.0
2021.02.10,9975.0,0.0,9905.0,9995.0,9905.0,8931.0
2021.02.09,9975.0,145.0,9930.0,9995.0,9910.0,8190.0
2021.02.08,9830.0,100.0,9850.0,9855.0,9790.0,11236.0
2021.02.05,9730.0,-125.0,9855.0,9855.0,9695.0,23873.0
2021.02.04,9855.0,-85.0,9935.0,9935.0,9825.0,12214.0
2021.02.03,9940.0,-170.0,10100.0,10100.0,9915.0,20968.0
2021.02.02,10110.0,-60.0,10130.0,10155.0,10085.0,30752.0
2021.02.01,10170.0,215.0,10120.0,10170.0,10070.0,38576.0
2021.01.29,9955.0,85.0,9960.0,9965.0,9905.0,21019.0
2021.01.28,9870.0,-80.0,9895.0,9895.0,9850.0,12270.0
2021.01.27,9950.0,-10.0,9940.0,9955.0,9910.0,5963.0
2021.01.26,9960.0,15.0,10045.0,10045.0,9950.0,6845.0
2021.01.25,9945.0,-60.0,9995.0,10000.0,9945.0,15966.0
2021.01.22,10005.0,-85.0,10075.0,10075.0,9990.0,8957.0
2021.01.21,10090.0,140.0,10005.0,10090.0,10005.0,23195.0
2021.01.20,9950.0,65.0,9900.0,9960.0,9880.0,11812.0
2021.01.19,9885.0,0.0,9875.0,9915.0,9855.0,7873.0
2021.01.18,9885.0,-50.0,9995.0,9995.0,9710.0,15717.0
2021.01.15,9935.0,20.0,9925.0,9985.0,9925.0,7595.0
2021.01.14,9915.0,-100.0,10100.0,10100.0,9860.0,37934.0
2021.01.13,10015.0,30.0,9985.0,10025.0,9965.0,18757.0
2021.01.12,9985.0,95.0,9890.0,10020.0,9890.0,21554.0
2021.01.11,9890.0,-425.0,10200.0,10200.0,9760.0,63362.0
2021.01.08,10315.0,-50.0,10365.0,10365.0,10310.0,25434.0
2021.01.07,10365.0,-140.0,10505.0,10505.0,10105.0,170031.0
2021.01.06,10505.0,0.0,10525.0,10560.0,10470.0,29312.0
2021.01.05,10505.0,90.0,10500.0,10530.0,10470.0,23266.0
2021.01.04,10415.0,250.0,10200.0,10415.0,10200.0,39538.0
2020.12.30,10165.0,0.0,10145.0,10195.0,10125.0,10219.0
2020.12.29,10165.0,-35.0,10160.0,10180.0,10140.0,6548.0
2020.12.28,10200.0,70.0,10130.0,10275.0,10130.0,15174.0
2020.12.24,10130.0,75.0,10385.0,10385.0,10085.0,8184.0
2020.12.23,10055.0,-95.0,10150.0,10150.0,10020.0,14046.0
2020.12.22,10150.0,-185.0,10175.0,10205.0,10130.0,15285.0
2020.12.21,10335.0,165.0,10170.0,10335.0,10170.0,12997.0
2020.12.18,10170.0,85.0,10105.0,10200.0,10105.0,9207.0
2020.12.17,10085.0,110.0,10050.0,10085.0,10035.0,15578.0
2020.12.16,9975.0,110.0,9900.0,9985.0,9900.0,5123.0
2020.12.15,9865.0,25.0,9815.0,9875.0,9785.0,6462.0
2020.12.14,9840.0,5.0,9835.0,9865.0,9835.0,5692.0
2020.12.11,9835.0,-15.0,9945.0,9945.0,9835.0,5211.0
2020.12.10,9850.0,-135.0,9980.0,9980.0,9825.0,10967.0
2020.12.09,9985.0,-50.0,10035.0,10035.0,9965.0,10233.0
2020.12.08,10035.0,135.0,9950.0,10040.0,9950.0,11829.0
2020.12.07,9900.0,-10.0,9935.0,9935.0,9815.0,9113.0
2020.12.04,9910.0,20.0,9940.0,9940.0,9905.0,5790.0
2020.12.03,9890.0,135.0,9755.0,9895.0,9755.0,9619.0
2020.12.02,9755.0,180.0,9720.0,9760.0,9720.0,9845.0
2020.12.01,9575.0,75.0,9655.0,9660.0,9480.0,4418.0
2020.11.30,9500.0,-235.0,9725.0,9725.0,9455.0,15913.0
2020.11.27,9735.0,45.0,9860.0,9860.0,9660.0,4283.0
2020.11.26,9690.0,0.0,9890.0,9895.0,9675.0,3951.0
2020.11.25,9690.0,-95.0,9745.0,9745.0,9645.0,7729.0
2020.11.24,9785.0,-265.0,9890.0,9890.0,9730.0,37827.0
2020.11.23,10050.0,20.0,10050.0,10070.0,10015.0,3806.0
2020.11.20,10030.0,5.0,9935.0,10040.0,9935.0,4013.0
2020.11.19,10025.0,-75.0,10090.0,10090.0,9990.0,1791.0
2020.11.18,10100.0,-55.0,10155.0,10155.0,10030.0,35868.0
2020.11.17,10155.0,-10.0,10165.0,10200.0,10125.0,425.0
2020.11.16,10165.0,65.0,10200.0,10200.0,10115.0,22279.0
2020.11.13,10100.0,100.0,10100.0,10125.0,10035.0,1648.0
2020.11.12,10000.0,-85.0,10200.0,10200.0,9990.0,21104.0
2020.11.11,10085.0,-60.0,10145.0,10160.0,10055.0,23229.0
2020.11.10,10145.0,-425.0,9975.0,10150.0,9975.0,9129.0
2020.11.09,10570.0,95.0,10530.0,10580.0,10490.0,2055.0
2020.11.06,10475.0,225.0,10425.0,10495.0,10425.0,15145.0
2020.11.05,10250.0,30.0,10305.0,10305.0,10195.0,1889.0
2020.11.04,10220.0,35.0,10185.0,10295.0,10140.0,3619.0
2020.11.03,10185.0,25.0,10165.0,10215.0,10160.0,1176.0
2020.11.02,10160.0,95.0,10065.0,10160.0,10020.0,12212.0
2020.10.30,10065.0,-15.0,10195.0,10195.0,10015.0,1338.0
2020.10.29,10080.0,-180.0,10205.0,10205.0,10060.0,2139.0
2020.10.28,10260.0,0.0,10185.0,10270.0,10100.0,2281.0
2020.10.27,10260.0,105.0,10145.0,10270.0,10145.0,2623.0
2020.10.26,10155.0,-130.0,10115.0,10265.0,10115.0,32409.0
2020.10.23,10285.0,-25.0,10105.0,10300.0,10105.0,1134.0
2020.10.22,10310.0,15.0,10295.0,10390.0,10295.0,1407.0
2020.10.21,10295.0,95.0,10185.0,10360.0,10185.0,1894.0
2020.10.20,10200.0,-65.0,10200.0,10270.0,10180.0,2799.0
2020.10.19,10265.0,10.0,10245.0,10265.0,10200.0,2561.0
2020.10.16,10255.0,55.0,10220.0,10255.0,10220.0,3950.0
2020.10.15,10200.0,-10.0,10295.0,10295.0,10150.0,1914.0
2020.10.14,10210.0,-140.0,10345.0,10345.0,10155.0,1888.0
2020.10.13,10350.0,-80.0,10515.0,10515.0,10320.0,12683.0
2020.10.12,10430.0,260.0,10305.0,10445.0,10305.0,29209.0
2020.10.08,10170.0,-20.0,10165.0,10170.0,10140.0,1983.0
2020.10.07,10190.0,-55.0,10245.0,10245.0,10035.0,6541.0
2020.10.06,10245.0,60.0,10185.0,10355.0,10185.0,12798.0
2020.10.05,10185.0,25.0,10200.0,10900.0,10185.0,8215.0
2020.09.29,10160.0,210.0,10025.0,10175.0,10025.0,6837.0
2020.09.28,9950.0,-65.0,10015.0,10020.0,9940.0,3929.0
2020.09.25,10015.0,140.0,10100.0,10100.0,10000.0,4222.0
2020.09.24,9875.0,-250.0,10100.0,10100.0,9855.0,25903.0
2020.09.23,10125.0,-190.0,10350.0,10350.0,10125.0,5512.0
2020.09.22,10315.0,-275.0,10580.0,10580.0,10260.0,6792.0
2020.09.21,10590.0,-90.0,10645.0,10660.0,10585.0,2416.0
2020.09.18,10680.0,150.0,10565.0,10685.0,10565.0,3065.0
2020.09.17,10530.0,-170.0,10700.0,10705.0,10525.0,3023.0
2020.09.16,10700.0,-10.0,10705.0,10705.0,10610.0,1483.0
2020.09.15,10710.0,170.0,10540.0,10715.0,10540.0,11656.0
2020.09.14,10540.0,-60.0,10600.0,10600.0,10520.0,4647.0
2020.09.11,10600.0,5.0,10635.0,10635.0,10555.0,1797.0
2020.09.10,10595.0,75.0,10565.0,10615.0,10560.0,4025.0
2020.09.09,10520.0,0.0,10480.0,10520.0,10475.0,5750.0
2020.09.08,10520.0,-10.0,10290.0,10575.0,10290.0,12964.0
2020.09.07,10530.0,-55.0,10585.0,10590.0,10500.0,6254.0
2020.09.04,10585.0,-5.0,10225.0,10630.0,10225.0,15906.0
2020.09.03,10590.0,-195.0,10660.0,10670.0,10505.0,13958.0
2020.09.02,10785.0,-65.0,11000.0,11000.0,10705.0,11152.0
2020.09.01,10850.0,125.0,10810.0,10870.0,10725.0,18509.0
2020.08.31,10725.0,160.0,10955.0,10955.0,10710.0,13840.0
2020.08.28,10565.0,-50.0,10415.0,10620.0,10415.0,21180.0
2020.08.27,10615.0,180.0,10440.0,10700.0,10440.0,11323.0
2020.08.26,10435.0,-90.0,10525.0,10525.0,10430.0,11404.0
2020.08.25,10525.0,-5.0,10470.0,10530.0,10470.0,9760.0
2020.08.24,10530.0,-110.0,10295.0,10595.0,10295.0,11245.0
2020.08.21,10640.0,25.0,10615.0,10695.0,10570.0,18959.0
2020.08.20,10615.0,-235.0,10550.0,10665.0,10470.0,29562.0
2020.08.19,10850.0,-60.0,11340.0,11340.0,10845.0,14056.0
2020.08.18,10910.0,280.0,10815.0,10915.0,10770.0,20186.0
2020.08.14,10630.0,110.0,10740.0,10740.0,10620.0,11810.0
2020.08.13,10520.0,160.0,10390.0,10535.0,10390.0,22617.0
2020.08.12,10360.0,-605.0,10455.0,10455.0,10135.0,70099.0
2020.08.11,10965.0,-145.0,11110.0,11150.0,10965.0,34674.0
2020.08.10,11110.0,-165.0,11015.0,11160.0,11010.0,30710.0
2020.08.07,11275.0,40.0,11415.0,11420.0,11150.0,93848.0
2020.08.06,11235.0,165.0,11500.0,11500.0,11100.0,78861.0
2020.08.05,11070.0,355.0,10825.0,11080.0,10825.0,64569.0
2020.08.04,10715.0,-35.0,10800.0,10800.0,10650.0,14867.0
2020.08.03,10750.0,5.0,10745.0,10750.0,10700.0,24578.0
2020.07.31,10745.0,95.0,10650.0,10745.0,10545.0,19204.0
2020.07.30,10650.0,20.0,10725.0,10725.0,10555.0,31969.0
2020.07.29,10630.0,25.0,10850.0,10855.0,10560.0,39320.0
2020.07.28,10605.0,35.0,11485.0,11485.0,10500.0,94017.0
2020.07.27,10570.0,280.0,10830.0,13000.0,10420.0,56463.0
2020.07.24,10290.0,85.0,10270.0,10400.0,10250.0,43005.0
2020.07.23,10205.0,80.0,10235.0,10875.0,10145.0,41657.0
2020.07.22,10125.0,275.0,10830.0,10830.0,10080.0,39764.0
2020.07.21,9850.0,85.0,9770.0,9875.0,9770.0,13686.0
2020.07.20,9765.0,55.0,9580.0,9765.0,9580.0,8543.0
2020.07.17,9710.0,-60.0,9995.0,9995.0,9645.0,7954.0
2020.07.16,9770.0,10.0,9770.0,9820.0,9755.0,5926.0
2020.07.15,9760.0,15.0,9610.0,9795.0,9610.0,18953.0
2020.07.14,9745.0,-40.0,9890.0,9890.0,9710.0,19547.0
2020.07.13,9785.0,60.0,9725.0,9790.0,9725.0,18509.0
2020.07.10,9725.0,-100.0,9800.0,9800.0,9710.0,18780.0
2020.07.09,9825.0,95.0,9740.0,9840.0,9740.0,17223.0
2020.07.08,9730.0,70.0,9710.0,9735.0,9710.0,3605.0
2020.07.07,9660.0,70.0,9595.0,9670.0,9595.0,17254.0
2020.07.06,9590.0,-20.0,9700.0,9700.0,9575.0,20304.0
2020.07.03,9610.0,20.0,9640.0,9640.0,9555.0,3406.0
2020.07.02,9590.0,-110.0,9700.0,9700.0,9575.0,12291.0
2020.07.01,9700.0,120.0,9565.0,9710.0,9565.0,2415.0
2020.06.30,9580.0,5.0,9380.0,9590.0,9380.0,1834.0
2020.06.29,9575.0,45.0,9580.0,9615.0,9560.0,1969.0
2020.06.26,9530.0,-10.0,9615.0,9615.0,9230.0,2087.0
2020.06.25,9540.0,-30.0,9390.0,9545.0,9390.0,1325.0
2020.06.24,9570.0,70.0,9515.0,9600.0,9515.0,1798.0
2020.06.23,9500.0,-5.0,9525.0,9525.0,9460.0,1530.0
2020.06.22,9505.0,175.0,9385.0,9530.0,9380.0,5537.0
2020.06.19,9330.0,-35.0,9245.0,9330.0,9245.0,1702.0
2020.06.18,9365.0,5.0,9385.0,9385.0,9300.0,1389.0
2020.06.17,9360.0,60.0,9300.0,9370.0,9300.0,1431.0
2020.06.16,9300.0,-35.0,9335.0,9335.0,9280.0,1034.0
2020.06.15,9335.0,0.0,9335.0,9335.0,9300.0,6039.0
2020.06.12,9335.0,-35.0,9370.0,9370.0,9280.0,3304.0
2020.06.11,9370.0,90.0,9295.0,9410.0,9290.0,3172.0
2020.06.10,9280.0,90.0,9280.0,9295.0,9240.0,1642.0
2020.06.09,9190.0,15.0,9160.0,9215.0,9160.0,2200.0
2020.06.08,9175.0,-85.0,9310.0,9310.0,9050.0,4657.0
2020.06.05,9260.0,35.0,9225.0,9290.0,9225.0,5130.0
2020.06.04,9225.0,-150.0,9350.0,9350.0,9210.0,4944.0
2020.06.03,9375.0,-85.0,9465.0,9465.0,9320.0,3967.0
2020.06.02,9460.0,-100.0,9520.0,9520.0,9445.0,21987.0
2020.06.01,9560.0,270.0,9430.0,9580.0,9430.0,49835.0
2020.05.29,9290.0,-25.0,9315.0,9320.0,9285.0,1429.0
2020.05.28,9315.0,40.0,9270.0,9315.0,9270.0,2614.0
2020.05.27,9275.0,-145.0,9420.0,9420.0,9255.0,5901.0
2020.05.26,9420.0,25.0,9560.0,9565.0,9395.0,3221.0
2020.05.25,9395.0,35.0,9365.0,9425.0,9345.0,4817.0
2020.05.22,9360.0,-75.0,9250.0,9385.0,9250.0,4971.0
2020.05.21,9435.0,-80.0,9515.0,9515.0,9435.0,2585.0
2020.05.20,9515.0,100.0,9450.0,9530.0,9450.0,6638.0
2020.05.19,9415.0,-145.0,9560.0,9560.0,9360.0,4559.0
2020.05.18,9560.0,175.0,9460.0,9600.0,9460.0,5939.0
2020.05.15,9385.0,150.0,9250.0,9390.0,9250.0,13801.0
2020.05.14,9235.0,80.0,9275.0,9275.0,9200.0,1772.0
2020.05.13,9155.0,5.0,9225.0,9225.0,9125.0,1471.0
2020.05.12,9150.0,-10.0,9155.0,9160.0,9095.0,2472.0
2020.05.11,9160.0,-115.0,9275.0,9275.0,9160.0,4446.0
2020.05.08,9275.0,200.0,9180.0,9280.0,9180.0,3396.0
2020.05.07,9075.0,-75.0,9370.0,9370.0,9040.0,2731.0
2020.05.06,9150.0,-15.0,9190.0,9190.0,9115.0,3252.0
2020.05.04,9165.0,-70.0,9060.0,9165.0,9060.0,3132.0
2020.04.29,9235.0,40.0,9245.0,9245.0,9190.0,13072.0
2020.04.28,9195.0,-165.0,9255.0,9260.0,9170.0,14098.0
2020.04.27,9360.0,-20.0,9435.0,9435.0,9340.0,5728.0
2020.04.24,9380.0,30.0,9430.0,9430.0,9350.0,15621.0
2020.04.23,9350.0,205.0,9160.0,9380.0,9160.0,23085.0
2020.04.22,9145.0,0.0,9150.0,9180.0,9070.0,7993.0
2020.04.21,9145.0,45.0,9110.0,9190.0,9110.0,8286.0
2020.04.20,9100.0,-110.0,9160.0,9160.0,9035.0,5086.0
2020.04.17,9210.0,-210.0,9135.0,9330.0,9135.0,11157.0
2020.04.16,9420.0,-65.0,9485.0,9485.0,9320.0,19049.0
2020.04.14,9485.0,160.0,9395.0,9570.0,9395.0,12468.0
2020.04.13,9325.0,-240.0,9345.0,9370.0,9260.0,51918.0
2020.04.10,9565.0,505.0,9220.0,9625.0,9220.0,9814.0
2020.04.09,9060.0,-25.0,9120.0,9120.0,9005.0,5136.0
2020.04.08,9085.0,-15.0,9095.0,9095.0,8620.0,14200.0
2020.04.07,9100.0,255.0,9210.0,9210.0,9060.0,18588.0
2020.04.06,8845.0,15.0,8880.0,8880.0,8790.0,12154.0
2020.04.03,8830.0,270.0,8780.0,8830.0,8770.0,13202.0
2020.04.02,8560.0,-15.0,8560.0,8560.0,8495.0,22121.0
2020.04.01,8575.0,-195.0,8760.0,8760.0,8555.0,3024.0
2020.03.31,8770.0,-10.0,8780.0,8780.0,8760.0,5681.0
2020.03.30,8780.0,-105.0,8885.0,8990.0,8780.0,10389.0
2020.03.27,8885.0,155.0,8870.0,8885.0,8350.0,16752.0
2020.03.26,8730.0,-285.0,9020.0,9020.0,8705.0,11048.0
2020.03.25,9015.0,455.0,9505.0,9995.0,8925.0,51357.0
2020.03.24,8560.0,525.0,8290.0,8675.0,8290.0,18363.0
2020.03.23,8035.0,-70.0,8030.0,8070.0,7990.0,1837.0
2020.03.20,8105.0,155.0,8250.0,8250.0,7905.0,3232.0
2020.03.19,7950.0,-145.0,8315.0,8315.0,7840.0,7893.0
2020.03.18,8095.0,70.0,8465.0,8465.0,8095.0,8448.0
2020.03.17,8025.0,-380.0,8170.0,8190.0,8005.0,24844.0
2020.03.16,8405.0,-230.0,8810.0,9500.0,8265.0,6348.0
2020.03.13,8635.0,-265.0,8875.0,8875.0,8355.0,51495.0
2020.03.12,8900.0,-155.0,9105.0,9105.0,8885.0,4216.0
2020.03.11,9055.0,20.0,9050.0,9115.0,9025.0,5176.0
2020.03.10,9035.0,-75.0,9110.0,9120.0,9035.0,2472.0
2020.03.09,9110.0,-20.0,9210.0,9300.0,9065.0,10398.0
2020.03.06,9130.0,160.0,9000.0,9150.0,9000.0,2852.0
2020.03.05,8970.0,-20.0,8990.0,8990.0,8925.0,582.0
2020.03.04,8990.0,250.0,8895.0,9000.0,8895.0,1340.0
2020.03.03,8740.0,-10.0,8700.0,8765.0,8700.0,22624.0
2020.03.02,8750.0,-250.0,9000.0,9000.0,8600.0,24641.0
2020.02.28,9000.0,-40.0,9045.0,9045.0,8980.0,3828.0
2020.02.27,9040.0,-25.0,9025.0,9045.0,8985.0,1922.0
2020.02.26,9065.0,-145.0,9395.0,9395.0,9035.0,3046.0
2020.02.25,9210.0,115.0,9225.0,9270.0,9205.0,21093.0
2020.02.24,9095.0,140.0,8965.0,9110.0,8965.0,7771.0
2020.02.21,8955.0,60.0,8720.0,8960.0,8720.0,6847.0
2020.02.20,8895.0,70.0,8850.0,8895.0,8850.0,7659.0
2020.02.19,8825.0,105.0,8880.0,8880.0,8805.0,8395.0
2020.02.18,8720.0,10.0,8700.0,8720.0,8700.0,1969.0
2020.02.17,8710.0,-5.0,8715.0,8715.0,8710.0,1377.0
2020.02.14,8715.0,55.0,8885.0,8885.0,8655.0,827.0
2020.02.13,8660.0,0.0,8675.0,8675.0,8615.0,903.0
2020.02.12,8660.0,-10.0,8660.0,8660.0,8610.0,455.0
2020.02.11,8670.0,30.0,8675.0,8730.0,8670.0,2408.0
2020.02.10,8640.0,-35.0,8895.0,8895.0,8640.0,732.0
2020.02.07,8675.0,55.0,8680.0,8680.0,8670.0,1267.0
2020.02.06,8620.0,60.0,8985.0,8985.0,8610.0,2935.0
2020.02.05,8560.0,-125.0,8770.0,8770.0,8545.0,1125.0
2020.02.04,8685.0,-35.0,8720.0,8720.0,8680.0,3049.0
2020.02.03,8720.0,-65.0,8715.0,8760.0,8715.0,2047.0
2020.01.31,8785.0,150.0,8635.0,8785.0,8635.0,2913.0
2020.01.30,8635.0,-55.0,8690.0,8695.0,8635.0,2399.0
2020.01.29,8690.0,-75.0,8765.0,8765.0,8640.0,1205.0
2020.01.28,8765.0,175.0,8700.0,8765.0,8700.0,20225.0
2020.01.23,8590.0,-10.0,8650.0,8650.0,8590.0,1778.0
2020.01.22,8600.0,-40.0,8655.0,8655.0,8595.0,605.0
2020.01.21,8640.0,-5.0,8620.0,8640.0,8615.0,1552.0
2020.01.20,8645.0,55.0,8620.0,8650.0,8620.0,3835.0
2020.01.17,8590.0,5.0,8650.0,8650.0,8560.0,1920.0
2020.01.16,8585.0,20.0,8570.0,8600.0,8570.0,4200.0
2020.01.15,8565.0,0.0,8600.0,8600.0,8560.0,163.0
2020.01.14,8565.0,-95.0,8660.0,8660.0,8565.0,2963.0
2020.01.13,8660.0,75.0,8705.0,8705.0,8620.0,4766.0
2020.01.10,8585.0,-45.0,8705.0,8705.0,8580.0,1566.0
2020.01.09,8630.0,-125.0,8625.0,8630.0,8625.0,10184.0
2020.01.08,8755.0,85.0,8650.0,8765.0,8650.0,13712.0
2020.01.07,8670.0,55.0,8625.0,8690.0,8625.0,9891.0
2020.01.06,8615.0,150.0,8575.0,8645.0,8575.0,10357.0
2020.01.03,8465.0,30.0,8455.0,8475.0,8455.0,3594.0
2020.01.02,8435.0,30.0,8425.0,8485.0,8425.0,1785.0
2019.12.30,8405.0,10.0,8405.0,8415.0,8405.0,695.0
2019.12.27,8395.0,60.0,8390.0,8400.0,8390.0,1000.0
2019.12.26,8335.0,85.0,8335.0,8360.0,8335.0,4606.0
2019.12.24,8250.0,60.0,8300.0,8300.0,8240.0,1579.0
2019.12.23,8190.0,-45.0,8235.0,8235.0,8190.0,433.0
2019.12.20,8235.0,60.0,8200.0,8260.0,8200.0,2084.0
2019.12.19,8175.0,-30.0,8300.0,8300.0,8170.0,162.0
2019.12.18,8205.0,5.0,8200.0,8235.0,8175.0,1287.0
2019.12.17,8200.0,0.0,8200.0,8200.0,8180.0,984.0
2019.12.16,8200.0,45.0,8180.0,8240.0,8180.0,111.0
2019.12.13,8155.0,-35.0,8190.0,8190.0,8145.0,203.0
2019.12.12,8190.0,50.0,8200.0,8200.0,8190.0,294.0
2019.12.11,8140.0,10.0,8160.0,8160.0,8140.0,911.0
2019.12.10,8130.0,15.0,8135.0,8140.0,8080.0,8158.0
2019.12.09,8115.0,-80.0,8140.0,8140.0,8105.0,340.0
2019.12.06,8195.0,10.0,8190.0,8195.0,8190.0,257.0
2019.12.05,8185.0,-45.0,8185.0,8230.0,8170.0,522.0
2019.12.04,8230.0,90.0,8175.0,8250.0,8175.0,2068.0
2019.12.03,8140.0,-60.0,8185.0,8185.0,8140.0,1251.0
2019.12.02,8200.0,60.0,8140.0,8200.0,8140.0,2074.0
2019.11.29,8140.0,0.0,8175.0,8175.0,8080.0,102.0
2019.11.28,8140.0,-15.0,8175.0,8175.0,8080.0,1072.0
2019.11.27,8155.0,70.0,8110.0,8165.0,8095.0,1736.0
2019.11.26,8085.0,-65.0,8175.0,8175.0,8070.0,4023.0
2019.11.25,8150.0,-45.0,8165.0,8165.0,8150.0,396.0
2019.11.22,8195.0,-35.0,8195.0,8195.0,8180.0,294.0
2019.11.21,8230.0,30.0,8200.0,8250.0,8170.0,589.0
2019.11.20,8200.0,-5.0,8210.0,8245.0,8180.0,4522.0
2019.11.19,8205.0,40.0,8065.0,8210.0,8065.0,890.0
2019.11.18,8165.0,0.0,8165.0,8165.0,8130.0,2341.0
2019.11.15,8165.0,0.0,8180.0,8185.0,8100.0,738.0
2019.11.14,8165.0,45.0,8125.0,8165.0,8125.0,190.0
2019.11.13,8120.0,10.0,8110.0,8155.0,8110.0,1011.0
2019.11.12,8110.0,-50.0,8150.0,8150.0,8110.0,699.0
2019.11.11,8160.0,-15.0,8320.0,8320.0,8145.0,583.0
2019.11.08,8175.0,-155.0,8190.0,8220.0,8150.0,2157.0
2019.11.07,8330.0,55.0,8350.0,8350.0,8300.0,488.0
2019.11.06,8275.0,-150.0,8500.0,8500.0,8275.0,1811.0
2019.11.05,8425.0,-45.0,8500.0,8500.0,8395.0,7282.0
2019.11.04,8470.0,10.0,8435.0,8485.0,8430.0,1209.0
2019.11.01,8460.0,105.0,8400.0,8480.0,8400.0,1202.0
2019.10.31,8355.0,-5.0,8410.0,8410.0,8355.0,1558.0
2019.10.30,8360.0,20.0,8400.0,8400.0,8350.0,1560.0
2019.10.29,8340.0,-110.0,8255.0,8380.0,8255.0,344.0
2019.10.28,8450.0,15.0,8435.0,8450.0,8420.0,937.0
2019.10.25,8435.0,105.0,8360.0,8440.0,8360.0,11221.0
2019.10.24,8330.0,10.0,8340.0,8355.0,8310.0,20399.0
2019.10.23,8320.0,30.0,8050.0,8320.0,8050.0,17553.0
2019.10.22,8290.0,-50.0,8340.0,8340.0,8285.0,2227.0
2019.10.21,8340.0,20.0,8350.0,8350.0,8325.0,890.0
2019.10.18,8320.0,-40.0,8425.0,8425.0,8310.0,16070.0
2019.10.17,8360.0,70.0,8410.0,8410.0,8290.0,1740.0
2019.10.16,8290.0,-40.0,8300.0,8300.0,8270.0,1927.0
2019.10.15,8330.0,0.0,8430.0,8430.0,8330.0,750.0
2019.10.14,8330.0,-30.0,8390.0,8390.0,8300.0,343.0
2019.10.11,8360.0,-75.0,8440.0,8440.0,8340.0,4947.0
2019.10.10,8435.0,85.0,8445.0,8450.0,8410.0,1032.0
2019.10.08,8350.0,-80.0,8430.0,8430.0,8325.0,1948.0
2019.10.07,8430.0,-5.0,8210.0,8455.0,8210.0,795.0
2019.10.04,8435.0,135.0,8310.0,8460.0,8310.0,6182.0
2019.10.02,8300.0,100.0,8455.0,8455.0,8260.0,1569.0
2019.10.01,8200.0,-175.0,8275.0,8280.0,8200.0,1822.0
2019.09.30,8375.0,-95.0,8465.0,8465.0,8370.0,1751.0
2019.09.27,8470.0,-10.0,8480.0,8495.0,8450.0,1483.0
2019.09.26,8480.0,-105.0,8600.0,8600.0,8435.0,1931.0
2019.09.25,8585.0,25.0,8620.0,8660.0,8570.0,10390.0
2019.09.24,8560.0,25.0,8560.0,8595.0,8550.0,1039.0
2019.09.23,8535.0,75.0,8460.0,8550.0,8460.0,13547.0
2019.09.20,8460.0,30.0,8480.0,8480.0,8400.0,2018.0
2019.09.19,8430.0,0.0,8430.0,8430.0,8340.0,4607.0
2019.09.18,8430.0,55.0,8415.0,8470.0,8410.0,719.0
2019.09.17,8375.0,-115.0,8600.0,8600.0,8375.0,9007.0
2019.09.16,8490.0,65.0,8425.0,8495.0,8425.0,3371.0
2019.09.11,8425.0,65.0,8510.0,8510.0,8365.0,6576.0
2019.09.10,8360.0,-155.0,8515.0,8515.0,8345.0,9483.0
2019.09.09,8515.0,-45.0,8560.0,8560.0,8480.0,6632.0
2019.09.06,8560.0,-165.0,8710.0,8710.0,8535.0,7268.0
2019.09.05,8725.0,5.0,8720.0,8795.0,8715.0,8712.0
2019.09.04,8720.0,115.0,8730.0,8750.0,8620.0,24629.0
2019.09.03,8605.0,0.0,8625.0,8625.0,8590.0,23144.0
2019.09.02,8605.0,-20.0,8635.0,8635.0,8600.0,4373.0
2019.08.30,8625.0,-105.0,8690.0,8690.0,8545.0,6567.0
2019.08.29,8730.0,70.0,8735.0,8735.0,8675.0,9479.0
2019.08.28,8660.0,80.0,8645.0,8680.0,8605.0,8547.0
2019.08.27,8580.0,-70.0,9500.0,9500.0,8550.0,12111.0
2019.08.26,8650.0,250.0,8465.0,8690.0,8465.0,18077.0
2019.08.23,8400.0,-20.0,8420.0,8420.0,8395.0,3730.0
2019.08.22,8420.0,5.0,8545.0,8545.0,8405.0,2170.0
2019.08.21,8415.0,35.0,8480.0,8480.0,8410.0,1364.0
2019.08.20,8380.0,-90.0,8470.0,8470.0,8355.0,5326.0
2019.08.19,8470.0,-50.0,8650.0,8650.0,8430.0,6926.0
2019.08.16,8520.0,90.0,8650.0,8650.0,8515.0,21929.0
2019.08.14,8430.0,-125.0,8550.0,8550.0,8395.0,16305.0
2019.08.13,8555.0,145.0,8410.0,8555.0,8410.0,32947.0
2019.08.12,8410.0,-40.0,8450.0,8450.0,8400.0,9625.0
2019.08.09,8450.0,25.0,8475.0,8475.0,8400.0,12346.0
2019.08.08,8425.0,85.0,8370.0,8480.0,8370.0,37026.0
2019.08.07,8340.0,110.0,8290.0,8375.0,8290.0,18946.0
2019.08.06,8230.0,50.0,8265.0,8295.0,8180.0,18487.0
2019.08.05,8180.0,140.0,8035.0,8195.0,8035.0,5713.0
2019.08.02,8040.0,120.0,8030.0,8070.0,8025.0,987.0
2019.08.01,7920.0,-150.0,7750.0,7985.0,7750.0,4614.0
2019.07.31,8070.0,80.0,8175.0,8175.0,8010.0,1962.0
2019.07.30,7990.0,0.0,8035.0,8035.0,7975.0,36023.0
2019.07.29,7990.0,0.0,7990.0,7990.0,7960.0,294.0
2019.07.26,7990.0,-30.0,7990.0,7995.0,7930.0,1012.0
2019.07.25,8020.0,5.0,7985.0,8025.0,7980.0,291.0
2019.07.24,8015.0,45.0,7995.0,8020.0,7990.0,450.0
2019.07.23,7970.0,-80.0,8030.0,8030.0,7970.0,2884.0
2019.07.22,8050.0,-40.0,8100.0,8100.0,7970.0,4371.0
2019.07.19,8090.0,80.0,8070.0,8100.0,8070.0,1823.0
2019.07.18,8010.0,65.0,8025.0,8025.0,7985.0,1539.0
2019.07.17,7945.0,5.0,7940.0,7945.0,7920.0,590.0
2019.07.16,7940.0,5.0,7935.0,7940.0,7920.0,176.0
2019.07.15,7935.0,55.0,7950.0,7950.0,7880.0,2079.0
2019.07.12,7880.0,-45.0,7925.0,7925.0,7825.0,127.0
2019.07.11,7925.0,165.0,7910.0,7985.0,7910.0,1214.0
2019.07.10,7760.0,-50.0,7765.0,7800.0,7760.0,292.0
2019.07.09,7810.0,-30.0,7835.0,7835.0,7770.0,1139.0
2019.07.08,7840.0,-95.0,7810.0,7990.0,7790.0,407.0
2019.07.05,7935.0,-15.0,7950.0,7950.0,7905.0,40.0
2019.07.04,7950.0,-5.0,7955.0,7985.0,7940.0,343.0
2019.07.03,7955.0,145.0,7900.0,8005.0,7900.0,1541.0
2019.07.02,7810.0,15.0,7795.0,7815.0,7725.0,1161.0
2019.07.01,7795.0,-85.0,7825.0,7825.0,7765.0,1975.0
2019.06.28,7880.0,45.0,7915.0,7915.0,7825.0,232.0
2019.06.27,7835.0,-20.0,8085.0,8085.0,7835.0,2027.0
2019.06.26,7855.0,-170.0,8025.0,8025.0,7855.0,1711.0
2019.06.25,8025.0,150.0,7880.0,8030.0,7880.0,6131.0
2019.06.24,7875.0,10.0,7900.0,7925.0,7835.0,2671.0
2019.06.21,7865.0,110.0,7790.0,7920.0,7790.0,8749.0
2019.06.20,7755.0,190.0,7595.0,7785.0,7595.0,3655.0
2019.06.19,7565.0,15.0,7350.0,7565.0,7350.0,1361.0
2019.06.18,7550.0,0.0,7550.0,7550.0,7495.0,481.0
2019.06.17,7550.0,-15.0,7585.0,7585.0,7495.0,141.0
2019.06.14,7565.0,80.0,7520.0,7585.0,7520.0,2172.0
2019.06.13,7485.0,0.0,7485.0,7490.0,7485.0,334.0
2019.06.12,7485.0,35.0,7450.0,7485.0,7450.0,201.0
2019.06.11,7450.0,-30.0,7435.0,7480.0,7430.0,383.0
2019.06.10,7480.0,-5.0,7485.0,7500.0,7480.0,1373.0
2019.06.07,7485.0,30.0,7460.0,7490.0,7460.0,460.0
2019.06.05,7455.0,30.0,7425.0,7455.0,7425.0,2692.0
2019.06.04,7425.0,65.0,7370.0,7440.0,7360.0,4469.0
2019.06.03,7360.0,130.0,7150.0,7385.0,7150.0,3309.0
2019.05.31,7230.0,5.0,7225.0,7230.0,7220.0,377.0
2019.05.30,7225.0,45.0,7200.0,7225.0,7180.0,837.0
2019.05.29,7180.0,-20.0,7240.0,7245.0,7175.0,397.0
2019.05.28,7200.0,-65.0,7160.0,7240.0,7160.0,1867.0
2019.05.27,7265.0,45.0,7220.0,7265.0,7220.0,190.0
2019.05.24,7220.0,35.0,7200.0,7225.0,7200.0,238.0
2019.05.23,7185.0,0.0,7185.0,7185.0,7150.0,314.0
2019.05.22,7185.0,-35.0,7220.0,7220.0,7180.0,260.0
2019.05.21,7220.0,-5.0,7225.0,7225.0,7200.0,469.0
2019.05.20,7225.0,-50.0,7230.0,7230.0,7210.0,386.0
2019.05.17,7275.0,-65.0,7285.0,7285.0,7235.0,206.0
2019.05.16,7340.0,25.0,7285.0,7350.0,7280.0,882.0
2019.05.15,7315.0,0.0,7315.0,7315.0,7305.0,308.0
2019.05.14,7315.0,75.0,7365.0,7385.0,7300.0,1790.0
2019.05.13,7240.0,-30.0,7270.0,7295.0,7240.0,521.0
2019.05.10,7270.0,10.0,7285.0,7285.0,7270.0,142.0
2019.05.09,7260.0,-30.0,7270.0,7270.0,7260.0,119199.0
2019.05.08,7290.0,65.0,7325.0,7325.0,7240.0,2944.0
2019.05.07,7225.0,40.0,7230.0,7255.0,7220.0,2387.0
2019.05.03,7185.0,-40.0,7195.0,7215.0,7150.0,5489.0
2019.05.02,7225.0,-60.0,7250.0,7255.0,7195.0,1265.0
2019.04.30,7285.0,20.0,7285.0,7285.0,7225.0,759.0
2019.04.29,7265.0,35.0,7270.0,7270.0,7255.0,743.0
2019.04.26,7230.0,-20.0,7270.0,7270.0,7215.0,3268.0
2019.04.25,7250.0,40.0,7250.0,7250.0,7200.0,259.0
2019.04.24,7210.0,-15.0,7220.0,7220.0,7190.0,19371.0
2019.04.23,7225.0,-5.0,7220.0,7265.0,7185.0,206001.0
2019.04.22,7230.0,25.0,7280.0,7280.0,7220.0,100059.0
2019.04.19,7205.0,5.0,7265.0,7265.0,7205.0,1043.0
2019.04.18,7200.0,-50.0,7295.0,7295.0,7200.0,93876.0
2019.04.17,7250.0,-60.0,7350.0,7350.0,7200.0,15715.0
2019.04.16,7310.0,0.0,7350.0,7350.0,7290.0,30352.0
2019.04.15,7310.0,-50.0,7345.0,7345.0,7300.0,81979.0
2019.04.12,7360.0,-20.0,7360.0,7360.0,7295.0,494.0
2019.04.11,7380.0,0.0,7385.0,7390.0,7380.0,345.0
2019.04.10,7380.0,5.0,7375.0,7380.0,7355.0,196.0
2019.04.09,7375.0,-5.0,7335.0,7400.0,7335.0,507.0
2019.04.08,7380.0,40.0,7340.0,7380.0,7310.0,1857.0
2019.04.05,7340.0,-20.0,7360.0,7360.0,7310.0,60.0
2019.04.04,7360.0,15.0,7370.0,7370.0,7360.0,210.0
2019.04.03,7345.0,20.0,7365.0,7365.0,7345.0,475.0
2019.04.02,7325.0,-30.0,7345.0,7345.0,7320.0,576.0
2019.04.01,7355.0,0.0,7375.0,7375.0,7345.0,690.0
2019.03.29,7355.0,-100.0,7455.0,7455.0,7345.0,733.0
2019.03.28,7455.0,5.0,7500.0,7500.0,7410.0,729.0
2019.03.27,7450.0,-35.0,7485.0,7500.0,7450.0,450.0
2019.03.26,7485.0,5.0,7495.0,7500.0,7480.0,472.0
2019.03.25,7480.0,60.0,7440.0,7485.0,7440.0,679.0
2019.03.22,7420.0,35.0,7485.0,7485.0,7420.0,159.0
2019.03.21,7385.0,-50.0,7770.0,7770.0,7385.0,2995.0
2019.03.20,7435.0,35.0,7435.0,7435.0,7410.0,217.0
2019.03.19,7400.0,-45.0,7405.0,7435.0,7380.0,66.0
2019.03.18,7445.0,40.0,7395.0,7445.0,7395.0,169.0
2019.03.15,7405.0,-35.0,7495.0,7495.0,7340.0,1482.0
2019.03.14,7440.0,15.0,7425.0,7490.0,7425.0,403.0
2019.03.13,7425.0,40.0,7495.0,7495.0,7365.0,3726.0
2019.03.12,7385.0,-35.0,7540.0,7540.0,7330.0,352.0
2019.03.11,7420.0,95.0,7465.0,7465.0,7365.0,3217.0
2019.03.08,7325.0,-25.0,7485.0,7485.0,7325.0,15141.0
2019.03.07,7350.0,5.0,7350.0,7365.0,7350.0,234.0
2019.03.06,7345.0,-5.0,7505.0,7505.0,7325.0,724.0
2019.03.05,7350.0,-80.0,7430.0,7430.0,7350.0,1723.0
2019.03.04,7430.0,-120.0,7580.0,7580.0,7365.0,2060.0
2019.02.28,7550.0,-35.0,7645.0,7645.0,7550.0,430.0
2019.02.27,7585.0,5.0,7615.0,7615.0,7545.0,363.0
2019.02.26,7580.0,-5.0,7600.0,7600.0,7570.0,158.0
2019.02.25,7585.0,-15.0,7725.0,7725.0,7450.0,391.0
2019.02.22,7600.0,-100.0,7730.0,7730.0,7575.0,676.0
2019.02.21,7700.0,35.0,7685.0,7700.0,7660.0,457.0
2019.02.20,7665.0,100.0,7580.0,7680.0,7580.0,3142.0
2019.02.19,7565.0,30.0,7580.0,7580.0,7525.0,356.0
2019.02.18,7535.0,35.0,7510.0,7560.0,7510.0,359.0
2019.02.15,7500.0,20.0,7510.0,7510.0,7480.0,1173.0
2019.02.14,7480.0,-40.0,7420.0,7480.0,7420.0,338.0
2019.02.13,7520.0,0.0,7425.0,7520.0,7425.0,481.0
2019.02.12,7520.0,-40.0,7525.0,7525.0,7515.0,278.0
2019.02.11,7560.0,95.0,7495.0,7560.0,7495.0,4395.0
2019.02.08,7465.0,-15.0,7470.0,7470.0,7465.0,226.0
2019.02.07,7480.0,-70.0,7535.0,7535.0,7470.0,693.0
2019.02.01,7550.0,35.0,7405.0,7550.0,7405.0,2366.0
2019.01.31,7515.0,5.0,7530.0,7530.0,7080.0,1505.0
2019.01.30,7510.0,50.0,7515.0,7515.0,7480.0,122947.0
2019.01.29,7460.0,30.0,7460.0,7460.0,7450.0,201.0
2019.01.28,7430.0,90.0,7355.0,7430.0,7355.0,412.0
2019.01.25,7340.0,-10.0,7350.0,7350.0,7320.0,9.0
2019.01.24,7350.0,0.0,7360.0,7380.0,7350.0,196.0
2019.01.23,7350.0,0.0,7380.0,7380.0,7345.0,151.0
2019.01.22,7350.0,20.0,7330.0,7350.0,7320.0,1798.0
2019.01.21,7330.0,-60.0,7390.0,7390.0,7325.0,316.0
2019.01.18,7390.0,-20.0,7390.0,7390.0,7385.0,70.0
2019.01.17,7410.0,10.0,7400.0,7410.0,7395.0,2365.0
2019.01.16,7400.0,0.0,7400.0,7415.0,7380.0,1709.0
2019.01.15,7400.0,-25.0,7425.0,7425.0,7385.0,779.0
2019.01.14,7425.0,10.0,7415.0,7430.0,7415.0,2052.0
2019.01.11,7415.0,-5.0,7425.0,7425.0,7410.0,374.0
2019.01.10,7420.0,40.0,7345.0,7420.0,7345.0,1442.0
2019.01.09,7380.0,-10.0,7420.0,7420.0,7335.0,2539.0
2019.01.08,7390.0,-25.0,7415.0,7420.0,7385.0,65.0
2019.01.07,7415.0,-10.0,7210.0,7420.0,7210.0,3966.0
2019.01.04,7425.0,0.0,7500.0,7500.0,7425.0,5127.0
2019.01.03,7425.0,25.0,7530.0,7530.0,7400.0,392.0
2019.01.02,7400.0,30.0,7425.0,7425.0,7335.0,4189.0
2018.12.28,7370.0,70.0,7300.0,7370.0,7300.0,535.0
2018.12.27,7300.0,-20.0,7350.0,7350.0,7255.0,1974.0
2018.12.26,7320.0,100.0,7105.0,7330.0,7105.0,2458.0
2018.12.24,7220.0,20.0,7270.0,7270.0,7190.0,978.0
2018.12.21,7200.0,45.0,7200.0,7205.0,7185.0,1234.0
2018.12.20,7155.0,0.0,7110.0,7160.0,7110.0,7.0
2018.12.19,7155.0,0.0,7155.0,7155.0,7135.0,932.0
2018.12.18,7155.0,25.0,7160.0,7160.0,7125.0,672.0
2018.12.17,7130.0,-30.0,7140.0,7140.0,7080.0,390.0
2018.12.14,7160.0,0.0,7060.0,7160.0,7060.0,393.0
2018.12.13,7160.0,0.0,7160.0,7160.0,7125.0,163.0
2018.12.12,7160.0,0.0,7160.0,7160.0,7120.0,2221.0
2018.12.11,7160.0,-30.0,7115.0,7160.0,7115.0,6.0
2018.12.10,7190.0,40.0,7150.0,7190.0,7140.0,165.0
2018.12.07,7150.0,-10.0,7150.0,7150.0,7150.0,105.0
2018.12.06,7160.0,105.0,7100.0,7170.0,7100.0,351.0
2018.12.05,7055.0,-85.0,7140.0,7140.0,7055.0,3171.0
2018.12.04,7140.0,95.0,7040.0,7140.0,7040.0,993.0
2018.12.03,7045.0,0.0,7045.0,7050.0,6995.0,115.0
2018.11.30,7045.0,0.0,7055.0,7055.0,6995.0,2111.0
2018.11.29,7045.0,30.0,7045.0,7045.0,7015.0,99.0
2018.11.28,7015.0,10.0,6970.0,7015.0,6970.0,310.0
2018.11.27,7005.0,-65.0,7060.0,7065.0,7000.0,565.0
2018.11.26,7070.0,30.0,7070.0,7070.0,7005.0,218.0
2018.11.23,7040.0,-50.0,7050.0,7100.0,7040.0,738.0
2018.11.22,7090.0,60.0,7030.0,7090.0,7030.0,77.0
2018.11.21,7030.0,0.0,7040.0,7040.0,6990.0,1707.0
2018.11.20,7030.0,20.0,7025.0,7030.0,7020.0,295.0
2018.11.19,7010.0,-5.0,7015.0,7015.0,7010.0,161.0
2018.11.16,7015.0,50.0,6965.0,7015.0,6965.0,249.0
2018.11.15,6965.0,20.0,6945.0,6975.0,6925.0,187.0
2018.11.14,6945.0,-10.0,6945.0,6950.0,6930.0,799.0
2018.11.13,6955.0,-30.0,6950.0,6960.0,6940.0,1062.0
2018.11.12,6985.0,-65.0,7000.0,7000.0,6970.0,633.0
2018.11.09,7050.0,-40.0,7075.0,7075.0,7015.0,267.0
2018.11.08,7090.0,-15.0,7095.0,7095.0,7045.0,16.0
2018.11.07,7105.0,-10.0,7110.0,7110.0,7045.0,3579.0
2018.11.06,7115.0,-10.0,7075.0,7125.0,7075.0,1504.0
2018.11.05,7125.0,45.0,7085.0,7140.0,7085.0,156.0
2018.11.02,7080.0,20.0,7080.0,7120.0,7075.0,1223.0
2018.11.01,7060.0,10.0,7035.0,7060.0,7020.0,2743.0
2018.10.31,7050.0,-60.0,7305.0,7305.0,7030.0,2625.0
2018.10.30,7110.0,-35.0,7185.0,7185.0,7090.0,1801.0
2018.10.29,7145.0,50.0,7095.0,7145.0,7095.0,2099.0
2018.10.26,7095.0,-55.0,7150.0,7150.0,7075.0,805.0
2018.10.25,7150.0,20.0,7160.0,7170.0,7100.0,1570.0
2018.10.24,7130.0,30.0,7130.0,7140.0,7125.0,668.0
2018.10.23,7100.0,-10.0,7090.0,7100.0,7060.0,781.0
2018.10.22,7110.0,5.0,7110.0,7110.0,7100.0,164.0
2018.10.19,7105.0,10.0,7090.0,7105.0,7090.0,255.0
2018.10.18,7095.0,0.0,7100.0,7100.0,7055.0,394.0
2018.10.17,7095.0,-5.0,7100.0,7110.0,7080.0,1135.0
2018.10.16,7100.0,30.0,7070.0,7100.0,7070.0,1359.0
2018.10.15,7070.0,10.0,7060.0,7075.0,7060.0,828.0
2018.10.12,7060.0,135.0,7015.0,7060.0,7015.0,4459.0
2018.10.11,6925.0,55.0,6925.0,6935.0,6870.0,1124.0
2018.10.10,6870.0,-80.0,6920.0,6920.0,6870.0,1892.0
2018.10.08,6950.0,-10.0,6960.0,7000.0,6890.0,10994.0
2018.10.05,6960.0,5.0,6955.0,6965.0,6920.0,437.0
2018.10.04,6955.0,20.0,7015.0,7015.0,6935.0,3020.0
2018.10.02,6935.0,15.0,6920.0,6935.0,6915.0,34.0
2018.10.01,6920.0,50.0,6935.0,6935.0,6855.0,598.0
2018.09.28,6870.0,-75.0,6950.0,6950.0,6870.0,1765.0
2018.09.27,6945.0,-70.0,6950.0,6965.0,6940.0,892.0
2018.09.21,7015.0,20.0,6945.0,7020.0,6945.0,788.0
2018.09.20,6995.0,75.0,6920.0,6995.0,6920.0,641.0
2018.09.19,6920.0,-30.0,6950.0,6950.0,6895.0,319.0
2018.09.18,6950.0,85.0,6940.0,6950.0,6880.0,716.0
2018.09.17,6865.0,-120.0,6985.0,6985.0,6860.0,829.0
2018.09.14,6985.0,-5.0,6975.0,6985.0,6920.0,1076.0
2018.09.13,6990.0,70.0,6995.0,6995.0,6930.0,336.0
2018.09.12,6920.0,-10.0,6920.0,6930.0,6870.0,752.0
2018.09.11,6930.0,70.0,6935.0,6945.0,6875.0,1425.0
2018.09.10,6860.0,-90.0,6890.0,6930.0,6860.0,1344.0
2018.09.07,6950.0,60.0,6975.0,6975.0,6905.0,634.0
2018.09.06,6890.0,-25.0,6915.0,6915.0,6890.0,385.0
2018.09.05,6915.0,-45.0,6925.0,6935.0,6860.0,2332.0
2018.09.04,6960.0,-15.0,6985.0,6985.0,6910.0,2060.0
2018.09.03,6975.0,-10.0,6975.0,6975.0,6900.0,531.0
2018.08.31,6985.0,-10.0,6985.0,6990.0,6920.0,669.0
2018.08.30,6995.0,45.0,7020.0,7020.0,6930.0,1224.0
2018.08.29,6950.0,-100.0,6955.0,7020.0,6950.0,433.0
2018.08.28,7050.0,75.0,7000.0,7050.0,6990.0,308.0
2018.08.27,6975.0,45.0,6890.0,7000.0,6890.0,2742.0
2018.08.24,6930.0,35.0,6905.0,6930.0,6855.0,164.0
2018.08.23,6895.0,-50.0,6945.0,6965.0,6885.0,1360.0
2018.08.22,6945.0,20.0,6930.0,6945.0,6915.0,342.0
2018.08.21,6925.0,60.0,6905.0,6970.0,6905.0,510.0
2018.08.20,6865.0,25.0,6840.0,6900.0,6840.0,998.0
2018.08.17,6840.0,-30.0,6885.0,6885.0,6795.0,2832.0
2018.08.16,6870.0,-70.0,6865.0,6880.0,6760.0,3968.0
2018.08.14,6940.0,-120.0,7045.0,7045.0,6925.0,2535.0
2018.08.13,7060.0,-15.0,7195.0,7195.0,7010.0,939.0
2018.08.10,7075.0,-10.0,7085.0,7090.0,7045.0,632.0
2018.08.09,7085.0,-15.0,7100.0,7100.0,7045.0,1984.0
2018.08.08,7100.0,55.0,7045.0,7100.0,7045.0,739.0
2018.08.07,7045.0,-10.0,7055.0,7055.0,7020.0,486.0
2018.08.06,7055.0,-15.0,7125.0,7125.0,7055.0,713.0
2018.08.03,7070.0,-70.0,7140.0,7140.0,7010.0,3417.0
2018.08.02,7140.0,45.0,7095.0,7140.0,7075.0,1197.0
2018.08.01,7095.0,-55.0,7150.0,7150.0,7095.0,1040.0
2018.07.31,7150.0,-5.0,7175.0,7175.0,7100.0,163.0
2018.07.30,7155.0,-5.0,7275.0,7275.0,7085.0,1606.0
2018.07.27,7160.0,-60.0,7175.0,7175.0,7120.0,247.0
2018.07.26,7220.0,40.0,7170.0,7230.0,7155.0,768.0
2018.07.25,7180.0,30.0,7150.0,7180.0,7125.0,482.0
2018.07.24,7150.0,-5.0,7115.0,7160.0,7090.0,1792.0
2018.07.23,7155.0,35.0,7175.0,7185.0,7155.0,1911.0
2018.07.20,7120.0,5.0,7110.0,7140.0,7080.0,471.0
2018.07.19,7115.0,-70.0,7185.0,7185.0,7115.0,1258.0
2018.07.18,7185.0,-110.0,7295.0,7295.0,7140.0,1234.0
2018.07.17,7295.0,-10.0,7305.0,7305.0,7230.0,223.0
2018.07.16,7305.0,-30.0,7300.0,7305.0,7300.0,167.0
2018.07.13,7335.0,15.0,7330.0,7335.0,7260.0,895.0
2018.07.12,7320.0,-50.0,7305.0,7320.0,7245.0,288.0
2018.07.11,7370.0,-20.0,7385.0,7385.0,7295.0,90.0
2018.07.10,7390.0,0.0,7390.0,7390.0,7340.0,851.0
2018.07.09,7390.0,-10.0,7400.0,7400.0,7335.0,897.0
2018.07.06,7400.0,25.0,7405.0,7405.0,7315.0,351.0
2018.07.05,7375.0,-5.0,7380.0,7380.0,7330.0,269.0
2018.07.04,7380.0,150.0,7390.0,7390.0,7335.0,3071.0
2018.07.03,7230.0,-125.0,7260.0,7305.0,7230.0,876.0
2018.07.02,7355.0,25.0,7165.0,7385.0,7165.0,4162.0
2018.06.29,7330.0,-55.0,7545.0,7545.0,7280.0,688.0
2018.06.28,7385.0,-5.0,7390.0,7390.0,7320.0,270.0
2018.06.27,7390.0,-75.0,7430.0,7430.0,7335.0,5008.0
2018.06.26,7465.0,0.0,7480.0,7480.0,7405.0,83.0
2018.06.25,7465.0,-20.0,7500.0,7510.0,7395.0,1969.0
2018.06.22,7485.0,30.0,7495.0,7495.0,7420.0,1814.0
2018.06.21,7455.0,-60.0,7580.0,7580.0,7400.0,1843.0
2018.06.20,7515.0,-55.0,7650.0,7650.0,7455.0,692.0
2018.06.19,7570.0,5.0,7600.0,7600.0,7505.0,1889.0
2018.06.18,7565.0,-95.0,7740.0,7740.0,7500.0,641.0
2018.06.15,7660.0,40.0,7645.0,7660.0,7645.0,15.0
2018.06.14,7620.0,5.0,7750.0,7750.0,7620.0,331.0
2018.06.12,7615.0,-10.0,7735.0,7735.0,7610.0,125.0
2018.06.11,7625.0,-15.0,7740.0,7740.0,7615.0,1020.0
2018.06.08,7640.0,25.0,7745.0,7745.0,7605.0,102.0
2018.06.07,7615.0,-5.0,7745.0,7745.0,7605.0,56.0
2018.06.05,7620.0,20.0,7625.0,7625.0,7545.0,240.0
2018.06.04,7600.0,-45.0,7805.0,7805.0,7555.0,817.0
2018.06.01,7645.0,0.0,7645.0,7645.0,7645.0,2.0
2018.05.31,7645.0,-5.0,7645.0,7645.0,7645.0,2.0
2018.05.30,7650.0,-10.0,7670.0,7685.0,7615.0,152.0
2018.05.29,7660.0,5.0,7655.0,7660.0,7595.0,67.0
2018.05.28,7655.0,-35.0,7570.0,7675.0,7570.0,466.0
2018.05.25,7690.0,50.0,7710.0,7710.0,7670.0,308.0
2018.05.24,7640.0,45.0,7595.0,7640.0,7585.0,371.0
2018.05.23,7595.0,20.0,7755.0,7755.0,7595.0,285.0
2018.05.21,7575.0,0.0,7575.0,7575.0,7575.0,3.0
2018.05.18,7575.0,-45.0,7620.0,7620.0,7565.0,257.0
2018.05.17,7620.0,-15.0,7620.0,7620.0,7610.0,238.0
2018.05.16,7635.0,-95.0,7675.0,7675.0,7590.0,524.0
2018.05.15,7730.0,-45.0,7730.0,7730.0,7730.0,2.0
2018.05.14,7775.0,0.0,7775.0,7775.0,7775.0,3.0
2018.05.11,7775.0,25.0,7740.0,7785.0,7735.0,122.0
2018.05.10,7750.0,20.0,7685.0,7750.0,7685.0,232.0
2018.05.09,7730.0,-20.0,7695.0,7760.0,7695.0,737.0
2018.05.08,7750.0,50.0,7710.0,7750.0,7700.0,170.0
2018.05.04,7700.0,-25.0,7680.0,7700.0,7680.0,580.0
2018.05.03,7725.0,-15.0,7720.0,7730.0,7680.0,1621.0
2018.05.02,7740.0,-55.0,7960.0,7960.0,7710.0,90.0
2018.04.30,7795.0,25.0,7755.0,7820.0,7755.0,916.0
2018.04.27,7770.0,0.0,7770.0,7770.0,7725.0,588.0
2018.04.26,7770.0,-70.0,7825.0,7825.0,7770.0,159.0
2018.04.25,7840.0,-5.0,7815.0,7865.0,7815.0,376.0
2018.04.24,7845.0,-35.0,7845.0,7845.0,7810.0,262.0
2018.04.23,7880.0,-75.0,7905.0,7905.0,7880.0,131.0
2018.04.20,7955.0,-40.0,7900.0,7965.0,7900.0,480.0
2018.04.19,7995.0,100.0,8000.0,8005.0,7940.0,536.0
2018.04.18,7895.0,-40.0,7900.0,7955.0,7890.0,2790.0
2018.04.17,7935.0,0.0,7935.0,7935.0,7885.0,70.0
2018.04.16,7935.0,85.0,7935.0,7940.0,7880.0,252.0
2018.04.13,7850.0,-70.0,7835.0,7890.0,7835.0,54.0
2018.04.12,7920.0,50.0,7930.0,7935.0,7920.0,235.0
2018.04.11,7870.0,45.0,7870.0,7880.0,7865.0,746.0
2018.04.10,7825.0,5.0,7910.0,7910.0,7825.0,136.0
2018.04.09,7820.0,-20.0,7810.0,7820.0,7810.0,39.0
2018.04.06,7840.0,-5.0,7870.0,7875.0,7800.0,132.0
2018.04.05,7845.0,25.0,7885.0,7885.0,7785.0,1062.0
2018.04.04,7820.0,-40.0,7995.0,7995.0,7820.0,802.0
2018.04.03,7860.0,55.0,7880.0,7955.0,7860.0,1668.0
2018.04.02,7805.0,25.0,7610.0,7805.0,7610.0,614.0
2018.03.30,7780.0,-65.0,7980.0,7980.0,7765.0,61.0
2018.03.29,7845.0,-100.0,7975.0,7975.0,7775.0,279.0
2018.03.28,7945.0,-25.0,7975.0,7975.0,7895.0,548.0
2018.03.27,7970.0,65.0,7970.0,7970.0,7945.0,1316.0
2018.03.26,7905.0,10.0,7925.0,7945.0,7905.0,998.0
2018.03.23,7895.0,65.0,7885.0,7895.0,7840.0,1495.0
2018.03.22,7830.0,70.0,7880.0,7900.0,7830.0,5055.0
2018.03.21,7760.0,15.0,7765.0,7765.0,7705.0,631.0
2018.03.20,7745.0,55.0,7890.0,7890.0,7735.0,229.0
2018.03.19,7690.0,-70.0,7720.0,7720.0,7690.0,522.0
2018.03.16,7760.0,-110.0,7765.0,7810.0,7735.0,577.0
2018.03.15,7870.0,0.0,7985.0,7985.0,7795.0,389.0
2018.03.14,7870.0,30.0,7740.0,7870.0,7740.0,452.0
2018.03.13,7840.0,5.0,7995.0,7995.0,7770.0,131.0
2018.03.12,7835.0,85.0,7855.0,7855.0,7785.0,1420.0
2018.03.09,7750.0,-60.0,7870.0,7870.0,7750.0,737.0
2018.03.08,7810.0,-40.0,7765.0,7875.0,7765.0,311.0
2018.03.07,7850.0,15.0,7955.0,7955.0,7850.0,774.0
2018.03.06,7835.0,-30.0,7875.0,7875.0,7775.0,1852.0
2018.03.05,7865.0,55.0,7980.0,7980.0,7825.0,847.0
2018.03.02,7810.0,-10.0,7970.0,7970.0,7765.0,102.0
2018.02.28,7820.0,-100.0,7995.0,7995.0,7755.0,1575.0
2018.02.27,7920.0,30.0,7980.0,7980.0,7855.0,139.0
2018.02.26,7890.0,15.0,7880.0,7890.0,7820.0,842.0
2018.02.23,7875.0,70.0,8000.0,8000.0,7815.0,3063.0
2018.02.22,7805.0,0.0,8005.0,8005.0,7800.0,5860.0
2018.02.21,7805.0,-145.0,7950.0,7950.0,7805.0,1064.0
2018.02.20,7950.0,5.0,8005.0,8005.0,7890.0,2609.0
2018.02.19,7945.0,75.0,7965.0,8025.0,7940.0,4550.0
2018.02.14,7870.0,5.0,7965.0,7965.0,7860.0,775.0
2018.02.13,7865.0,50.0,7970.0,7970.0,7805.0,166.0
2018.02.12,7815.0,-20.0,7965.0,7965.0,7800.0,965.0
2018.02.09,7835.0,110.0,7955.0,7955.0,7765.0,9615.0
2018.02.08,7725.0,-130.0,7855.0,7855.0,7725.0,5648.0
2018.02.07,7855.0,-140.0,8110.0,8115.0,7825.0,5871.0
2018.02.06,7995.0,80.0,7915.0,7995.0,7905.0,2499.0
2018.02.05,7915.0,-120.0,8050.0,8050.0,7855.0,2240.0
2018.02.02,8035.0,40.0,8020.0,8050.0,7975.0,1215.0
2018.02.01,7995.0,25.0,8010.0,8030.0,7985.0,150.0
2018.01.31,7970.0,15.0,7985.0,7985.0,7915.0,377.0
2018.01.30,7955.0,-80.0,8160.0,8160.0,7955.0,864.0
2018.01.29,8035.0,-45.0,8160.0,8165.0,7970.0,1790.0
2018.01.26,8080.0,-35.0,8120.0,8120.0,8030.0,413.0
2018.01.25,8115.0,165.0,8045.0,8115.0,8040.0,2857.0
2018.01.24,7950.0,20.0,7960.0,7960.0,7950.0,245.0
2018.01.23,7930.0,35.0,7905.0,7930.0,7905.0,1621.0
2018.01.22,7895.0,-5.0,7940.0,7940.0,7895.0,325.0
2018.01.19,7900.0,20.0,7885.0,7910.0,7880.0,628.0
2018.01.18,7880.0,-45.0,7925.0,7940.0,7870.0,441.0
2018.01.17,7925.0,-60.0,8060.0,8060.0,7925.0,1830.0
2018.01.16,7985.0,10.0,7940.0,8025.0,7940.0,2437.0
2018.01.15,7975.0,30.0,7935.0,7995.0,7935.0,5386.0
2018.01.12,7945.0,95.0,7855.0,7945.0,7855.0,333.0
2018.01.11,7850.0,70.0,7830.0,7890.0,7830.0,1822.0
2018.01.10,7780.0,-70.0,7850.0,7850.0,7780.0,716.0
2018.01.09,7850.0,15.0,7835.0,7850.0,7835.0,165.0
2018.01.08,7835.0,-30.0,7925.0,7925.0,7835.0,3290.0
2018.01.05,7865.0,65.0,7915.0,7915.0,7855.0,5396.0
2018.01.04,7800.0,-30.0,7830.0,7830.0,7780.0,2146.0
2018.01.03,7830.0,5.0,7925.0,7925.0,7800.0,4763.0
2018.01.02,7825.0,105.0,7760.0,7825.0,7760.0,3336.0
2017.12.28,7720.0,80.0,7670.0,7720.0,7670.0,1695.0
2017.12.27,7640.0,10.0,7640.0,7685.0,7640.0,136.0
2017.12.26,7630.0,40.0,7595.0,7630.0,7590.0,716.0
2017.12.22,7590.0,0.0,7540.0,7590.0,7540.0,181.0
2017.12.21,7590.0,50.0,7540.0,7590.0,7540.0,208.0
2017.12.20,7540.0,20.0,7560.0,7560.0,7510.0,213.0
2017.12.19,7520.0,10.0,7550.0,7550.0,7520.0,90.0
2017.12.18,7510.0,10.0,7500.0,7515.0,7465.0,476.0
2017.12.15,7500.0,20.0,7460.0,7500.0,7460.0,163.0
2017.12.14,7480.0,80.0,7400.0,7480.0,7400.0,3136.0
2017.12.13,7400.0,-5.0,7425.0,7440.0,7385.0,587.0
2017.12.12,7405.0,-10.0,7640.0,7640.0,7405.0,432.0
2017.12.11,7415.0,-40.0,7470.0,7470.0,7410.0,4831.0
2017.12.08,7455.0,-50.0,7470.0,7470.0,7415.0,390.0
2017.12.07,7505.0,-25.0,7500.0,7565.0,7500.0,1158.0
2017.12.06,7530.0,-80.0,7560.0,7585.0,7530.0,1297.0
2017.12.05,7610.0,-25.0,7610.0,7645.0,7610.0,52.0
2017.12.04,7635.0,-25.0,7565.0,7655.0,7565.0,694.0
2017.12.01,7660.0,10.0,7605.0,7660.0,7600.0,392.0
2017.11.30,7650.0,-80.0,7700.0,7700.0,7645.0,1054.0
2017.11.29,7730.0,-45.0,7775.0,7775.0,7730.0,812.0
2017.11.28,7775.0,5.0,7790.0,7790.0,7770.0,125.0
2017.11.27,7770.0,-10.0,7760.0,7770.0,7710.0,532.0
2017.11.24,7780.0,5.0,7715.0,7785.0,7715.0,304.0
2017.11.23,7775.0,90.0,7745.0,7775.0,7710.0,9845.0
2017.11.22,7685.0,-10.0,7695.0,7695.0,7665.0,880.0
2017.11.21,7695.0,-35.0,7700.0,7700.0,7675.0,376.0
2017.11.20,7730.0,30.0,7745.0,7760.0,7725.0,1523.0
2017.11.17,7700.0,60.0,7660.0,7700.0,7660.0,600.0
2017.11.16,7640.0,-30.0,7645.0,7670.0,7635.0,1486.0
2017.11.15,7670.0,-10.0,7680.0,7680.0,7670.0,29.0
2017.11.14,7680.0,-15.0,7695.0,7695.0,7660.0,225.0
2017.11.13,7695.0,-50.0,7690.0,7695.0,7680.0,568.0
2017.11.10,7745.0,5.0,7745.0,7750.0,7695.0,1581.0
2017.11.09,7740.0,80.0,7660.0,7745.0,7660.0,1015.0
2017.11.08,7660.0,-20.0,7610.0,7660.0,7610.0,784.0
2017.11.07,7680.0,30.0,7680.0,7730.0,7680.0,521.0
2017.11.06,7650.0,0.0,7650.0,7650.0,7630.0,86.0
2017.11.03,7650.0,-35.0,7685.0,7685.0,7650.0,9528.0
2017.11.02,7685.0,0.0,7720.0,7720.0,7685.0,43.0
2017.11.01,7685.0,5.0,7650.0,7685.0,7590.0,9140.0
2017.10.31,7680.0,30.0,7645.0,7700.0,7640.0,1379.0
2017.10.30,7650.0,5.0,7675.0,7675.0,7610.0,451.0
2017.10.27,7645.0,-50.0,7695.0,7695.0,7575.0,12375.0
2017.10.26,7695.0,45.0,7565.0,7695.0,7565.0,821.0
2017.10.25,7650.0,-45.0,7695.0,7695.0,7645.0,6073.0
2017.10.24,7695.0,10.0,7690.0,7725.0,7690.0,6321.0
2017.10.23,7685.0,-70.0,7705.0,7705.0,7670.0,396.0
2017.10.20,7755.0,25.0,7800.0,7800.0,7735.0,456.0
2017.10.19,7730.0,-25.0,7740.0,7740.0,7665.0,4619.0
2017.10.18,7755.0,-35.0,7760.0,7770.0,7705.0,200.0
2017.10.17,7790.0,-90.0,7830.0,7830.0,7755.0,1264.0
2017.10.16,7880.0,45.0,7965.0,7965.0,7825.0,176.0
2017.10.13,7835.0,25.0,7995.0,7995.0,7800.0,618.0
2017.10.12,7810.0,70.0,7760.0,7810.0,7760.0,466.0
2017.10.11,7740.0,-30.0,7740.0,7805.0,7740.0,2322.0
2017.10.10,7770.0,5.0,7770.0,7770.0,7755.0,404.0
2017.09.29,7765.0,55.0,7715.0,7775.0,7710.0,286.0
2017.09.28,7710.0,-80.0,7740.0,7740.0,7710.0,543.0
2017.09.27,7790.0,-110.0,7850.0,7850.0,7790.0,3221.0
2017.09.26,7900.0,85.0,7805.0,7910.0,7805.0,452.0
2017.09.25,7815.0,40.0,7810.0,7825.0,7755.0,6790.0
2017.09.22,7775.0,-65.0,7805.0,7825.0,7770.0,1188.0
2017.09.21,7840.0,-60.0,7845.0,7865.0,7840.0,533.0
2017.09.20,7900.0,-5.0,7900.0,7935.0,7885.0,185.0
2017.09.19,7905.0,-40.0,8045.0,8045.0,7895.0,279.0
2017.09.18,7945.0,-65.0,7975.0,7980.0,7915.0,2836.0
2017.09.15,8010.0,20.0,7855.0,8075.0,7855.0,2419.0
2017.09.14,7990.0,-60.0,8020.0,8020.0,7955.0,2214.0
2017.09.13,8050.0,55.0,8010.0,8050.0,8010.0,853.0
2017.09.12,7995.0,-80.0,8035.0,8040.0,7965.0,29021.0
2017.09.11,8075.0,-80.0,8100.0,8100.0,8045.0,5645.0
2017.09.08,8155.0,55.0,8100.0,8185.0,8100.0,2546.0
2017.09.07,8100.0,-15.0,8115.0,8115.0,8035.0,9082.0
2017.09.06,8115.0,30.0,8120.0,8125.0,8080.0,9855.0
2017.09.05,8085.0,-5.0,8100.0,8100.0,8065.0,6053.0
2017.09.04,8090.0,135.0,7990.0,8110.0,7990.0,35297.0
2017.09.01,7955.0,100.0,7950.0,8000.0,7950.0,3290.0
2017.08.31,7855.0,-65.0,7920.0,7920.0,7835.0,1707.0
2017.08.30,7920.0,-40.0,7880.0,7930.0,7880.0,2231.0
2017.08.29,7960.0,150.0,7875.0,7980.0,7875.0,6093.0
2017.08.28,7810.0,40.0,7775.0,7810.0,7775.0,3858.0
2017.08.25,7770.0,-40.0,7795.0,7795.0,7730.0,954.0
2017.08.24,7810.0,35.0,7775.0,7810.0,7775.0,95.0
2017.08.23,7775.0,5.0,7730.0,7775.0,7730.0,363.0
2017.08.22,7770.0,30.0,7765.0,7770.0,7750.0,645.0
2017.08.21,7740.0,-35.0,7775.0,7790.0,7725.0,1278.0
2017.08.18,7775.0,25.0,7800.0,7810.0,7760.0,854.0
2017.08.17,7750.0,65.0,7740.0,7815.0,7730.0,983.0
2017.08.16,7685.0,-85.0,7710.0,7710.0,7645.0,1488.0
2017.08.14,7770.0,-30.0,7825.0,7825.0,7745.0,1962.0
2017.08.11,7800.0,80.0,7720.0,7820.0,7720.0,19250.0
2017.08.10,7720.0,115.0,7695.0,7720.0,7680.0,3839.0
2017.08.09,7605.0,30.0,7575.0,7650.0,7575.0,603.0
2017.08.08,7575.0,25.0,7550.0,7575.0,7550.0,1172.0
2017.08.07,7550.0,-95.0,7645.0,7645.0,7545.0,1002.0
2017.08.04,7645.0,60.0,7625.0,7645.0,7615.0,492.0
2017.08.03,7585.0,-60.0,7645.0,7645.0,7580.0,2539.0
2017.08.02,7645.0,-10.0,7655.0,7655.0,7620.0,362.0
2017.08.01,7655.0,30.0,7690.0,7690.0,7630.0,1141.0
2017.07.31,7625.0,45.0,7560.0,7690.0,7560.0,3826.0
2017.07.28,7580.0,-40.0,7590.0,7620.0,7575.0,5352.0
2017.07.27,7620.0,75.0,7590.0,7640.0,7590.0,738.0
2017.07.26,7545.0,-10.0,7555.0,7565.0,7510.0,4233.0
2017.07.25,7555.0,-40.0,7530.0,7590.0,7530.0,527.0
2017.07.24,7595.0,100.0,7525.0,7595.0,7525.0,1124.0
2017.07.21,7495.0,50.0,7475.0,7525.0,7475.0,921.0
2017.07.20,7445.0,0.0,7445.0,7510.0,7445.0,1103.0
2017.07.19,7445.0,-30.0,7475.0,7525.0,7445.0,1301.0
2017.07.18,7475.0,20.0,7500.0,7500.0,7470.0,172.0
2017.07.17,7455.0,90.0,7460.0,7460.0,7400.0,6133.0
2017.07.14,7365.0,-20.0,7410.0,7410.0,7325.0,391.0
2017.07.13,7385.0,20.0,7390.0,7395.0,7370.0,884.0
2017.07.12,7365.0,60.0,7385.0,7385.0,7365.0,177.0
2017.07.11,7305.0,-20.0,7310.0,7335.0,7305.0,802.0
2017.07.10,7325.0,-70.0,7355.0,7355.0,7290.0,979.0
2017.07.07,7395.0,0.0,7410.0,7410.0,7395.0,1789.0
2017.07.06,7395.0,10.0,7385.0,7430.0,7385.0,1548.0
2017.07.05,7385.0,-55.0,7440.0,7455.0,7385.0,1944.0
2017.07.04,7440.0,-80.0,7435.0,7445.0,7365.0,10109.0
2017.07.03,7520.0,-50.0,7630.0,7630.0,7465.0,5081.0
2017.06.30,7570.0,-5.0,7575.0,7580.0,7515.0,2062.0
2017.06.29,7575.0,0.0,7575.0,7625.0,7570.0,2583.0
2017.06.28,7575.0,15.0,7600.0,7600.0,7545.0,66.0
2017.06.27,7560.0,-35.0,7595.0,7595.0,7550.0,344.0
2017.06.26,7595.0,5.0,7595.0,7640.0,7590.0,274.0
2017.06.23,7590.0,25.0,7595.0,7595.0,7550.0,238.0
2017.06.22,7565.0,20.0,7550.0,7595.0,7545.0,321.0
2017.06.21,7545.0,15.0,7510.0,7545.0,7510.0,654.0
2017.06.20,7530.0,-95.0,7615.0,7615.0,7530.0,594.0
2017.06.19,7625.0,-5.0,7635.0,7635.0,7620.0,436.0
2017.06.16,7630.0,-50.0,7680.0,7680.0,7460.0,3458.0
2017.06.15,7680.0,5.0,7700.0,7700.0,7680.0,227.0
2017.06.14,7675.0,-20.0,7660.0,7675.0,7660.0,129.0
2017.06.13,7695.0,-40.0,7720.0,7720.0,7695.0,1022.0
2017.06.12,7735.0,-55.0,7925.0,7925.0,7725.0,170.0
2017.06.09,7790.0,-85.0,7750.0,7790.0,7750.0,2119.0
2017.06.08,7875.0,25.0,7885.0,7885.0,7805.0,2296.0
2017.06.07,7850.0,70.0,7810.0,7875.0,7810.0,15540.0
2017.06.05,7780.0,90.0,7785.0,7790.0,7640.0,1140.0
2017.06.02,7690.0,0.0,7655.0,7695.0,7655.0,120.0
2017.06.01,7690.0,-5.0,7695.0,7705.0,7680.0,935.0
2017.05.31,7695.0,-65.0,7665.0,7695.0,7665.0,356.0
2017.05.30,7760.0,65.0,7690.0,7760.0,7685.0,256.0
2017.05.29,7695.0,0.0,7700.0,7720.0,7695.0,493.0
2017.05.26,7695.0,0.0,7695.0,7695.0,7635.0,531.0
2017.05.25,7695.0,125.0,7630.0,7700.0,7630.0,15493.0
2017.05.24,7570.0,-120.0,7645.0,7650.0,7570.0,1543.0
2017.05.23,7690.0,60.0,7665.0,7700.0,7660.0,1405.0
2017.05.22,7630.0,50.0,7610.0,7630.0,7600.0,337.0
2017.05.19,7580.0,-75.0,7570.0,7620.0,7555.0,10935.0
2017.05.18,7655.0,55.0,7700.0,7700.0,7505.0,2955.0
2017.05.17,7600.0,85.0,7780.0,7780.0,7550.0,681.0
2017.05.16,7515.0,40.0,7530.0,7530.0,7485.0,1284.0
2017.05.15,7475.0,-25.0,7750.0,7750.0,7440.0,10860.0
2017.05.12,7500.0,35.0,7800.0,7800.0,7470.0,2092.0
2017.05.11,7465.0,30.0,7655.0,7655.0,7435.0,1100.0
2017.05.10,7435.0,-20.0,7700.0,7700.0,7405.0,527.0
2017.05.08,7455.0,-45.0,7460.0,7480.0,7455.0,3019.0
2017.05.04,7500.0,-170.0,7700.0,7700.0,7490.0,1472.0
2017.05.02,7670.0,-70.0,7615.0,7690.0,7615.0,467.0
2017.04.28,7740.0,0.0,7740.0,7750.0,7740.0,115.0
2017.04.27,7740.0,0.0,7740.0,7770.0,7710.0,166.0
2017.04.26,7740.0,-40.0,7755.0,7755.0,7690.0,123.0
2017.04.25,7780.0,-30.0,7995.0,7995.0,7710.0,2153.0
2017.04.24,7810.0,-25.0,7765.0,7830.0,7765.0,1244.0
2017.04.21,7835.0,-15.0,7845.0,7845.0,7810.0,533.0
2017.04.20,7850.0,-20.0,7870.0,7870.0,7850.0,176.0
2017.04.19,7870.0,-5.0,7870.0,7875.0,7860.0,453.0
2017.04.18,7875.0,-40.0,7720.0,7900.0,7720.0,4063.0
2017.04.17,7915.0,175.0,7945.0,7945.0,7910.0,3217.0
2017.04.14,7740.0,-130.0,7700.0,7900.0,7700.0,1009.0
2017.04.13,7870.0,15.0,7855.0,7940.0,7855.0,2079.0
2017.04.12,7855.0,125.0,7735.0,7875.0,7735.0,7074.0
2017.04.11,7730.0,0.0,7740.0,7740.0,7730.0,115.0
2017.04.10,7730.0,-25.0,7745.0,7745.0,7675.0,8578.0
2017.04.07,7755.0,20.0,7740.0,7795.0,7720.0,4961.0
2017.04.06,7735.0,-15.0,7695.0,7735.0,7680.0,2326.0
2017.04.05,7750.0,40.0,7720.0,7755.0,7720.0,100252.0
2017.04.04,7710.0,60.0,7690.0,7720.0,7690.0,2284.0
2017.04.03,7650.0,-10.0,7655.0,7665.0,7650.0,732.0
2017.03.31,7660.0,-30.0,7565.0,7675.0,7565.0,459.0
2017.03.30,7690.0,-5.0,7695.0,7700.0,7690.0,45.0
2017.03.29,7695.0,-30.0,7725.0,7725.0,7645.0,239.0
2017.03.28,7725.0,15.0,7800.0,7800.0,7680.0,3439.0
2017.03.27,7710.0,95.0,7615.0,7730.0,7615.0,58232.0
2017.03.24,7615.0,-10.0,7600.0,7625.0,7600.0,540749.0
2017.03.23,7625.0,15.0,7610.0,7625.0,7610.0,690.0
2017.03.22,7610.0,50.0,7605.0,7615.0,7605.0,860.0
2017.03.21,7560.0,10.0,7560.0,7570.0,7560.0,1088.0
2017.03.20,7550.0,20.0,7525.0,7555.0,7525.0,366.0
2017.03.17,7530.0,-15.0,7520.0,7530.0,7510.0,1599.0
2017.03.16,7545.0,155.0,7465.0,7550.0,7465.0,2432.0
2017.03.15,7390.0,-20.0,7400.0,7400.0,7340.0,157.0
2017.03.14,7410.0,10.0,7410.0,7410.0,7410.0,392.0
2017.03.13,7400.0,65.0,7430.0,7430.0,7370.0,139.0
2017.03.10,7335.0,-100.0,7400.0,7400.0,7330.0,1182.0
2017.03.09,7435.0,-40.0,7475.0,7475.0,7080.0,1263.0
2017.03.08,7475.0,-105.0,7520.0,7530.0,7460.0,2374.0
2017.03.07,7580.0,-20.0,7600.0,7600.0,7525.0,1916.0
2017.03.06,7600.0,20.0,7670.0,7670.0,7590.0,587.0
2017.03.03,7580.0,-90.0,7425.0,7635.0,7425.0,803.0
2017.03.02,7670.0,-90.0,7725.0,7725.0,7670.0,431.0
2017.02.28,7760.0,35.0,7735.0,7795.0,7700.0,2138.0
2017.02.27,7725.0,15.0,7790.0,7790.0,7725.0,1424.0
2017.02.24,7710.0,75.0,7740.0,7740.0,7675.0,1539.0
2017.02.23,7635.0,-5.0,7635.0,7640.0,7605.0,1773.0
2017.02.22,7640.0,40.0,7690.0,7690.0,7600.0,1345.0
2017.02.21,7600.0,-15.0,7685.0,7685.0,7595.0,180.0
2017.02.20,7615.0,-5.0,7515.0,7660.0,7515.0,453.0
2017.02.17,7620.0,30.0,7650.0,7650.0,7610.0,5202.0
2017.02.16,7590.0,50.0,7585.0,7640.0,7585.0,5417.0
2017.02.15,7540.0,-50.0,7590.0,7590.0,7540.0,4267.0
2017.02.14,7590.0,15.0,7630.0,7630.0,7540.0,4748.0
2017.02.13,7575.0,5.0,7580.0,7620.0,7560.0,3517.0
2017.02.10,7570.0,-100.0,7595.0,7595.0,7515.0,21295.0
2017.02.09,7670.0,40.0,7660.0,7670.0,7615.0,712.0
2017.02.08,7630.0,5.0,7650.0,7650.0,7565.0,3042.0
2017.02.07,7625.0,55.0,7650.0,7650.0,7575.0,3197.0
2017.02.06,7570.0,60.0,7650.0,7650.0,7500.0,2283.0
2017.02.03,7510.0,-35.0,7650.0,7650.0,7450.0,3707.0
2017.02.02,7545.0,-20.0,7650.0,7650.0,7505.0,4653.0
2017.02.01,7565.0,120.0,7555.0,7570.0,7555.0,3701.0
2017.01.31,7445.0,65.0,7375.0,7445.0,7300.0,2162.0
2017.01.26,7380.0,-65.0,7270.0,7415.0,7270.0,4394.0
2017.01.25,7445.0,-80.0,7555.0,7555.0,7430.0,1841.0
2017.01.24,7525.0,25.0,7640.0,7640.0,7150.0,6007.0
2017.01.23,7500.0,80.0,7465.0,7500.0,7465.0,4252.0
2017.01.20,7420.0,5.0,7455.0,7455.0,7395.0,674.0
2017.01.19,7415.0,-60.0,7565.0,7565.0,7415.0,1735.0
2017.01.18,7475.0,15.0,7565.0,7565.0,7470.0,2436.0
2017.01.17,7460.0,55.0,7405.0,7460.0,7395.0,3909.0
2017.01.16,7405.0,30.0,7365.0,7410.0,7365.0,3446.0
2017.01.13,7375.0,5.0,7405.0,7405.0,7345.0,557.0
2017.01.12,7370.0,15.0,7400.0,7400.0,7215.0,5097.0
2017.01.11,7355.0,45.0,7345.0,7365.0,7305.0,2149.0
2017.01.10,7310.0,30.0,7280.0,7340.0,7280.0,2852.0
2017.01.09,7280.0,-5.0,7285.0,7285.0,7220.0,1840.0
2017.01.06,7285.0,-20.0,7325.0,7340.0,7000.0,16721.0
2017.01.05,7305.0,100.0,7210.0,7310.0,7085.0,4324.0
2017.01.04,7205.0,70.0,7210.0,7210.0,7150.0,3720.0
2017.01.03,7135.0,-50.0,7200.0,7200.0,7100.0,5968.0
2017.01.02,7185.0,95.0,7090.0,7185.0,7090.0,1890.0
2016.12.29,7090.0,0.0,7095.0,7125.0,7090.0,4224.0
2016.12.28,7090.0,20.0,7070.0,7090.0,7020.0,1438.0
2016.12.27,7070.0,0.0,7035.0,7070.0,7020.0,363.0
2016.12.26,7070.0,45.0,6975.0,7070.0,6975.0,205.0
2016.12.23,7025.0,0.0,7015.0,7025.0,7015.0,868.0
2016.12.22,7025.0,-35.0,7035.0,7035.0,7010.0,2080.0
2016.12.21,7060.0,10.0,7050.0,7065.0,7020.0,426.0
2016.12.20,7050.0,-25.0,7140.0,7140.0,7005.0,2410.0
2016.12.19,7075.0,70.0,7005.0,7080.0,7005.0,1058.0
2016.12.16,7005.0,-115.0,7080.0,7080.0,6925.0,5095.0
2016.12.15,7120.0,-120.0,7200.0,7200.0,7080.0,12369.0
2016.12.14,7240.0,15.0,7250.0,7250.0,7225.0,7313.0
2016.12.13,7225.0,20.0,7265.0,7265.0,7215.0,1190.0
2016.12.12,7205.0,-60.0,7225.0,7225.0,7190.0,1819.0
2016.12.09,7265.0,-60.0,7320.0,7320.0,7250.0,2577.0
2016.12.08,7325.0,75.0,7320.0,7345.0,7320.0,327.0
2016.12.07,7250.0,-45.0,7270.0,7270.0,7250.0,1584.0
2016.12.06,7295.0,5.0,7280.0,7300.0,7280.0,4290.0
2016.12.05,7290.0,20.0,7275.0,7305.0,7275.0,367.0
2016.12.02,7270.0,-20.0,7290.0,7300.0,7240.0,1004.0
2016.12.01,7290.0,-90.0,7285.0,7295.0,7215.0,4433.0
2016.11.30,7380.0,-20.0,7250.0,7455.0,7250.0,1907.0
2016.11.29,7400.0,0.0,7400.0,7400.0,7360.0,206.0
2016.11.28,7400.0,90.0,7400.0,7400.0,7350.0,1873.0
2016.11.25,7310.0,-45.0,7280.0,7335.0,7270.0,1113.0
2016.11.24,7355.0,-165.0,7435.0,7435.0,7310.0,6002.0
2016.11.23,7520.0,-10.0,7525.0,7525.0,7465.0,2274.0
2016.11.22,7530.0,10.0,7540.0,7550.0,7520.0,2864.0
2016.11.21,7520.0,30.0,7490.0,7525.0,7490.0,2790.0
2016.11.18,7490.0,-55.0,7480.0,7540.0,7465.0,3793.0
2016.11.17,7545.0,-90.0,7700.0,7700.0,7545.0,844.0
2016.11.16,7635.0,55.0,7510.0,7650.0,7510.0,1359.0
2016.11.15,7580.0,5.0,7590.0,7645.0,7540.0,1728.0
2016.11.14,7575.0,-300.0,7650.0,7650.0,7540.0,12140.0
2016.11.11,7875.0,-155.0,7755.0,7915.0,7755.0,5172.0
2016.11.10,8030.0,-160.0,7900.0,8035.0,7860.0,8914.0
2016.11.09,8190.0,230.0,7900.0,8320.0,7895.0,28871.0
2016.11.08,7960.0,-70.0,7990.0,7990.0,7925.0,365.0
2016.11.07,8030.0,-40.0,7890.0,8055.0,7890.0,6812.0
2016.11.04,8070.0,-30.0,7960.0,8110.0,7960.0,2448.0
2016.11.03,8100.0,50.0,8075.0,8150.0,8075.0,1545.0
2016.11.02,8050.0,120.0,7935.0,8065.0,7935.0,5655.0
2016.11.01,7930.0,50.0,7880.0,7950.0,7880.0,437.0
2016.10.31,7880.0,-10.0,7890.0,7960.0,7875.0,831.0
2016.10.28,7890.0,25.0,7865.0,7905.0,7865.0,807.0
2016.10.27,7865.0,-60.0,7870.0,7875.0,7845.0,474.0
2016.10.26,7925.0,100.0,7855.0,7930.0,7850.0,905.0
2016.10.25,7825.0,0.0,7825.0,7825.0,7825.0,6.0
2016.10.24,7825.0,-20.0,7865.0,7865.0,7790.0,337.0
2016.10.21,7845.0,-55.0,7900.0,7900.0,7840.0,1589.0
2016.10.20,7900.0,55.0,7900.0,7905.0,7845.0,379.0
2016.10.19,7845.0,0.0,7845.0,7850.0,7845.0,17.0
2016.10.18,7845.0,35.0,7810.0,7845.0,7810.0,1317.0
2016.10.17,7810.0,0.0,7800.0,7810.0,7765.0,1661.0
2016.10.14,7810.0,-25.0,7850.0,7850.0,7780.0,2233.0
2016.10.13,7835.0,20.0,7805.0,7845.0,7800.0,597.0
2016.10.12,7815.0,-15.0,7830.0,7830.0,7735.0,741.0
2016.10.11,7830.0,-40.0,7825.0,7830.0,7775.0,547.0
2016.10.10,7870.0,85.0,7855.0,7870.0,7800.0,647.0
2016.10.07,7785.0,-95.0,7810.0,7810.0,7735.0,5995.0
2016.10.06,7880.0,-50.0,7910.0,7910.0,7850.0,849.0
2016.10.05,7930.0,-250.0,8000.0,8000.0,7900.0,2907.0
2016.10.04,8180.0,-40.0,8220.0,8220.0,8165.0,1317.0
2016.09.30,8220.0,-40.0,8195.0,8270.0,8195.0,21.0
2016.09.29,8260.0,40.0,8320.0,8320.0,8220.0,397.0
2016.09.28,8220.0,-95.0,8285.0,8285.0,8205.0,1240.0
2016.09.27,8315.0,0.0,8315.0,8315.0,8315.0,426.0
2016.09.26,8315.0,0.0,8315.0,8380.0,8315.0,275.0
2016.09.23,8315.0,45.0,8330.0,8355.0,8305.0,985.0
2016.09.22,8270.0,70.0,8400.0,8400.0,8270.0,2439.0
2016.09.21,8200.0,-45.0,8245.0,8245.0,8190.0,2689.0
2016.09.20,8245.0,50.0,8195.0,8245.0,8195.0,3.0
2016.09.19,8195.0,-55.0,8205.0,8205.0,8170.0,891.0
2016.09.13,8250.0,20.0,8250.0,8310.0,8250.0,73.0
2016.09.12,8230.0,-145.0,8305.0,8305.0,8230.0,414.0
2016.09.09,8375.0,-50.0,8440.0,8440.0,8305.0,148.0
2016.09.08,8425.0,0.0,8425.0,8425.0,8425.0,484.0
2016.09.07,8425.0,105.0,8405.0,8470.0,8405.0,3490.0
2016.09.06,8320.0,60.0,8260.0,8325.0,8260.0,938.0
2016.09.05,8260.0,60.0,8200.0,8260.0,8200.0,1383.0
2016.09.02,8200.0,40.0,8200.0,8200.0,8200.0,71.0
2016.09.01,8160.0,0.0,8160.0,8160.0,8120.0,1339.0
2016.08.31,8160.0,-75.0,8200.0,8200.0,8140.0,326.0
2016.08.30,8235.0,80.0,8240.0,8240.0,8200.0,1283.0
2016.08.29,8155.0,-35.0,8130.0,8245.0,8130.0,2184.0
2016.08.26,8190.0,-80.0,8250.0,8250.0,8180.0,3437.0
2016.08.25,8270.0,-15.0,8275.0,8275.0,8260.0,95.0
2016.08.24,8285.0,-20.0,8360.0,8360.0,8285.0,1368.0
2016.08.23,8305.0,30.0,8365.0,8365.0,8300.0,590.0
2016.08.22,8275.0,-125.0,8400.0,8400.0,8275.0,2369.0
2016.08.19,8400.0,-40.0,8410.0,8440.0,8400.0,1126.0
2016.08.18,8440.0,10.0,8480.0,8480.0,8420.0,1460.0
2016.08.17,8430.0,0.0,8430.0,8430.0,8400.0,145.0
2016.08.16,8430.0,10.0,8425.0,8430.0,8390.0,1184.0
2016.08.12,8420.0,-35.0,8440.0,8440.0,8360.0,1581.0
2016.08.11,8455.0,-40.0,8480.0,8480.0,8455.0,144.0
2016.08.10,8495.0,180.0,8290.0,8495.0,8290.0,4802.0
2016.08.09,8315.0,-25.0,8275.0,8400.0,8275.0,703.0
2016.08.08,8340.0,-220.0,8470.0,8470.0,8325.0,528.0
2016.08.05,8560.0,45.0,8515.0,8570.0,8500.0,2866.0
2016.08.04,8515.0,-50.0,8600.0,8600.0,8490.0,747.0
2016.08.03,8565.0,95.0,8470.0,8600.0,8470.0,2703.0
2016.08.02,8470.0,-10.0,8475.0,8515.0,8445.0,6679.0
2016.08.01,8480.0,45.0,8450.0,8485.0,8450.0,422.0
2016.07.29,8435.0,-15.0,8450.0,8455.0,8400.0,769.0
2016.07.28,8450.0,150.0,8305.0,8470.0,8305.0,2564.0
2016.07.27,8300.0,30.0,8395.0,8395.0,8240.0,459.0
2016.07.26,8270.0,-30.0,8390.0,8390.0,8265.0,1402.0
2016.07.25,8300.0,5.0,8300.0,8300.0,8245.0,695.0
2016.07.22,8295.0,65.0,8300.0,8420.0,8295.0,1435.0
2016.07.21,8230.0,-170.0,8405.0,8405.0,8195.0,4985.0
2016.07.20,8400.0,10.0,8515.0,8515.0,8390.0,1434.0
2016.07.19,8390.0,-5.0,8440.0,8440.0,8365.0,1528.0
2016.07.18,8395.0,5.0,8430.0,8430.0,8375.0,895.0
2016.07.15,8390.0,-20.0,8440.0,8440.0,8375.0,1864.0
2016.07.14,8410.0,-20.0,8435.0,8515.0,8405.0,1777.0
2016.07.13,8430.0,-125.0,8540.0,8540.0,8335.0,24069.0
2016.07.12,8555.0,-50.0,8595.0,8595.0,8495.0,4380.0
2016.07.11,8605.0,50.0,8635.0,8635.0,8565.0,1920.0
2016.07.08,8555.0,-25.0,8575.0,8575.0,8470.0,4361.0
2016.07.07,8580.0,-15.0,9000.0,9000.0,8560.0,3573.0
2016.07.06,8595.0,135.0,8590.0,8640.0,8545.0,6150.0
2016.07.05,8460.0,-25.0,8585.0,8585.0,8430.0,2574.0
2016.07.04,8485.0,135.0,8390.0,8560.0,8390.0,7651.0
2016.07.01,8350.0,100.0,8280.0,8350.0,8245.0,13264.0
2016.06.30,8250.0,20.0,8315.0,8315.0,8230.0,1365.0
2016.06.29,8230.0,30.0,8090.0,8235.0,8090.0,9538.0
2016.06.28,8200.0,-80.0,8385.0,8385.0,8180.0,21156.0
2016.06.27,8280.0,35.0,8570.0,8570.0,8215.0,38626.0
2016.06.24,8245.0,340.0,7815.0,8465.0,7705.0,65139.0
2016.06.23,7905.0,30.0,7990.0,7990.0,7825.0,2706.0
2016.06.22,7875.0,-145.0,7995.0,7995.0,7865.0,721.0
2016.06.21,8020.0,50.0,7930.0,8035.0,7930.0,2995.0
2016.06.20,7970.0,-30.0,8060.0,8060.0,7960.0,721.0
2016.06.17,8000.0,-145.0,7875.0,8015.0,7875.0,4265.0
2016.06.16,8145.0,170.0,8110.0,8145.0,8030.0,13574.0
2016.06.15,7975.0,-5.0,8010.0,8010.0,7960.0,5137.0
2016.06.14,7980.0,10.0,8010.0,8015.0,7980.0,6102.0
2016.06.13,7970.0,75.0,7920.0,7980.0,7920.0,1899.0
2016.06.10,7895.0,25.0,7870.0,7985.0,7860.0,15237.0
2016.06.09,7870.0,140.0,7760.0,7900.0,7760.0,1693.0
2016.06.08,7730.0,-20.0,7700.0,7750.0,7700.0,1177.0
2016.06.07,7750.0,185.0,7640.0,7775.0,7640.0,2029.0
2016.06.03,7565.0,-10.0,7545.0,7570.0,7540.0,1067.0
2016.06.02,7575.0,-15.0,7555.0,7580.0,7555.0,85.0
2016.06.01,7590.0,75.0,7470.0,7590.0,7470.0,695.0
2016.05.31,7515.0,5.0,7495.0,7570.0,7495.0,2191.0
2016.05.30,7510.0,-55.0,7545.0,7545.0,7485.0,1634.0
2016.05.27,7565.0,-65.0,7620.0,7620.0,7550.0,1719.0
2016.05.26,7630.0,-45.0,7660.0,7695.0,7630.0,2530.0
2016.05.25,7675.0,-95.0,7720.0,7720.0,7605.0,785.0
2016.05.24,7770.0,0.0,7800.0,7800.0,7740.0,250.0
2016.05.23,7770.0,15.0,7770.0,7835.0,7770.0,759.0
2016.05.20,7755.0,-75.0,7840.0,7840.0,7755.0,8491.0
2016.05.19,7830.0,-130.0,7945.0,7945.0,7830.0,1585.0
2016.05.18,7960.0,-10.0,7945.0,7970.0,7945.0,1080.0
2016.05.17,7970.0,25.0,7875.0,8000.0,7875.0,1286.0
2016.05.16,7945.0,-10.0,7955.0,7975.0,7920.0,1472.0
2016.05.13,7955.0,-30.0,7935.0,7955.0,7910.0,500.0
2016.05.12,7985.0,45.0,7955.0,8010.0,7955.0,537.0
2016.05.11,7940.0,75.0,7865.0,7940.0,7860.0,341.0
2016.05.10,7865.0,-160.0,7955.0,7955.0,7840.0,1786.0
2016.05.09,8025.0,35.0,7985.0,8060.0,7985.0,1104.0
2016.05.04,7990.0,-95.0,8110.0,8110.0,7980.0,1056.0
2016.05.03,8085.0,-40.0,8125.0,8125.0,8085.0,1105.0
2016.05.02,8125.0,170.0,8005.0,8130.0,8005.0,3034.0
2016.04.29,7955.0,150.0,7850.0,8005.0,7850.0,2796.0
2016.04.28,7805.0,55.0,7760.0,7805.0,7760.0,816.0
2016.04.27,7750.0,-10.0,7760.0,7770.0,7745.0,610.0
2016.04.26,7760.0,70.0,7705.0,7790.0,7705.0,1377.0
2016.04.25,7690.0,-125.0,7740.0,7740.0,7665.0,560.0
2016.04.22,7815.0,15.0,7810.0,7825.0,7800.0,852.0
2016.04.21,7800.0,-10.0,7800.0,7800.0,7760.0,552.0
2016.04.20,7810.0,160.0,7860.0,7865.0,7770.0,7109.0
2016.04.19,7650.0,-45.0,7715.0,7715.0,7645.0,171.0
2016.04.18,7695.0,30.0,7665.0,7695.0,7645.0,1408.0
2016.04.15,7665.0,25.0,7695.0,7695.0,7590.0,1882.0
2016.04.14,7640.0,-115.0,7775.0,7780.0,7640.0,675.0
2016.04.12,7755.0,30.0,7770.0,7770.0,7750.0,113.0
2016.04.11,7725.0,85.0,7765.0,7765.0,7670.0,1305.0
2016.04.08,7640.0,65.0,7595.0,7645.0,7595.0,629.0
2016.04.07,7575.0,-35.0,7545.0,7600.0,7545.0,355.0
2016.04.06,7610.0,35.0,7630.0,7630.0,7610.0,336.0
2016.04.05,7575.0,25.0,7500.0,7575.0,7500.0,1736.0
2016.04.04,7550.0,-50.0,7505.0,7580.0,7505.0,90.0
2016.04.01,7600.0,-30.0,7630.0,7630.0,7595.0,5962.0
2016.03.31,7630.0,-55.0,7650.0,7650.0,7590.0,136.0
2016.03.30,7685.0,125.0,7615.0,7690.0,7615.0,1743.0
2016.03.29,7560.0,-5.0,7520.0,7585.0,7520.0,170.0
2016.03.28,7565.0,-95.0,7560.0,7565.0,7520.0,1093.0
2016.03.25,7660.0,135.0,7600.0,7660.0,7545.0,1063.0
2016.03.24,7525.0,-175.0,7600.0,7600.0,7525.0,1970.0
2016.03.23,7700.0,-45.0,7760.0,7780.0,7660.0,289.0
2016.03.22,7745.0,-5.0,7760.0,7760.0,7700.0,359.0
2016.03.21,7750.0,-100.0,7800.0,7805.0,7705.0,2654.0
2016.03.18,7850.0,80.0,7805.0,7860.0,7800.0,2041.0
2016.03.17,7770.0,140.0,7715.0,7770.0,7715.0,1233.0
2016.03.16,7630.0,5.0,7670.0,7670.0,7575.0,152.0
2016.03.15,7625.0,-130.0,7680.0,7680.0,7595.0,6472.0
2016.03.14,7755.0,-85.0,7685.0,7795.0,7685.0,1252.0
2016.03.11,7840.0,110.0,7795.0,7910.0,7795.0,7556.0
2016.03.10,7730.0,10.0,7680.0,7740.0,7680.0,3305.0
2016.03.09,7720.0,-105.0,7855.0,7855.0,7720.0,4584.0
2016.03.08,7825.0,30.0,7795.0,7875.0,7775.0,5568.0
2016.03.07,7795.0,15.0,7760.0,7815.0,7760.0,1539.0
2016.03.04,7780.0,160.0,7735.0,7810.0,7725.0,21839.0
2016.03.03,7620.0,75.0,7580.0,7630.0,7580.0,2409.0
2016.03.02,7545.0,5.0,7570.0,7625.0,7545.0,1971.0
2016.02.29,7540.0,-95.0,7600.0,7600.0,7510.0,1547.0
2016.02.26,7635.0,10.0,7645.0,7645.0,7610.0,2256.0
2016.02.25,7625.0,35.0,7500.0,7625.0,7500.0,3699.0
2016.02.24,7590.0,10.0,7600.0,7605.0,7590.0,3839.0
2016.02.23,7580.0,25.0,7465.0,7600.0,7465.0,6449.0
2016.02.22,7555.0,0.0,7565.0,7600.0,7555.0,1688.0
2016.02.19,7555.0,100.0,7555.0,7600.0,7555.0,2844.0
2016.02.18,7455.0,-15.0,7470.0,7505.0,7450.0,9801.0
2016.02.17,7470.0,70.0,7535.0,7535.0,7395.0,45401.0
2016.02.16,7400.0,-135.0,7495.0,7495.0,7400.0,5194.0
2016.02.15,7535.0,-175.0,7710.0,7710.0,7525.0,15401.0
2016.02.12,7710.0,195.0,7780.0,7780.0,7670.0,27126.0
2016.02.11,7515.0,345.0,7280.0,7515.0,7280.0,22816.0
2016.02.05,7170.0,90.0,7300.0,7300.0,7130.0,1880.0
2016.02.04,7080.0,60.0,7065.0,7085.0,7065.0,940.0
2016.02.03,7020.0,20.0,7055.0,7055.0,6955.0,249.0
2016.02.02,7000.0,20.0,7000.0,7000.0,6955.0,2865.0
2016.02.01,6980.0,80.0,6870.0,6990.0,6870.0,1406.0
2016.01.29,6900.0,-50.0,6890.0,6950.0,6890.0,585.0
2016.01.28,6950.0,-10.0,6960.0,7005.0,6950.0,836.0
2016.01.27,6960.0,25.0,6905.0,6965.0,6905.0,1795.0
2016.01.26,6935.0,125.0,6845.0,6940.0,6845.0,371.0
2016.01.25,6810.0,-30.0,6845.0,6850.0,6805.0,841.0
2016.01.22,6840.0,0.0,6885.0,6885.0,6795.0,551.0
2016.01.21,6840.0,100.0,6845.0,6845.0,6785.0,781.0
2016.01.20,6740.0,-15.0,6720.0,6780.0,6720.0,1427.0
2016.01.19,6755.0,0.0,6755.0,6755.0,6715.0,1059.0
2016.01.18,6755.0,15.0,6740.0,6800.0,6740.0,260.0
2016.01.15,6740.0,-70.0,6655.0,6740.0,6655.0,704.0
2016.01.14,6810.0,75.0,6860.0,6860.0,6760.0,740.0
2016.01.13,6735.0,-65.0,6700.0,6765.0,6700.0,933.0
2016.01.12,6800.0,-15.0,6765.0,6825.0,6765.0,197.0
2016.01.11,6815.0,-45.0,6920.0,6920.0,6815.0,573.0
2016.01.08,6860.0,40.0,6920.0,6920.0,6850.0,6483.0
2016.01.07,6820.0,160.0,6745.0,6820.0,6740.0,4065.0
2016.01.06,6660.0,-45.0,6655.0,6710.0,6655.0,132.0
2016.01.05,6705.0,55.0,6650.0,6710.0,6630.0,766.0
2016.01.04,6650.0,-15.0,6665.0,6665.0,6600.0,440.0
2015.12.30,6665.0,45.0,6670.0,6670.0,6625.0,31.0
2015.12.29,6620.0,-25.0,6645.0,6665.0,6600.0,1699.0
2015.12.28,6645.0,-50.0,6640.0,6670.0,6640.0,4401.0
2015.12.24,6695.0,0.0,6695.0,6695.0,6640.0,654.0
2015.12.23,6695.0,30.0,6665.0,6695.0,6640.0,133.0
2015.12.22,6665.0,5.0,6670.0,6680.0,6665.0,694.0
2015.12.21,6660.0,80.0,6600.0,6660.0,6585.0,1818.0
2015.12.18,6580.0,-70.0,6585.0,6585.0,6550.0,3411.0
2015.12.17,6650.0,10.0,6640.0,6680.0,6630.0,109.0
2015.12.16,6640.0,10.0,6620.0,6640.0,6620.0,60.0
2015.12.15,6630.0,-10.0,6570.0,6635.0,6545.0,112.0
2015.12.14,6640.0,-30.0,6670.0,6670.0,6640.0,881.0
2015.12.11,6670.0,-15.0,6685.0,6685.0,6615.0,3473.0
2015.12.10,6685.0,25.0,6705.0,6705.0,6650.0,1087.0
2015.12.09,6660.0,-30.0,6710.0,6710.0,6655.0,167.0
2015.12.08,6690.0,-35.0,6695.0,6695.0,6640.0,160.0
2015.12.07,6725.0,105.0,6665.0,6780.0,6665.0,979.0
2015.12.04,6620.0,55.0,6665.0,6665.0,6570.0,1475.0
2015.12.03,6565.0,-100.0,6610.0,6610.0,6530.0,1824.0
2015.12.02,6665.0,20.0,6700.0,6700.0,6625.0,232.0
2015.12.01,6645.0,50.0,6665.0,6665.0,6600.0,120.0
2015.11.30,6595.0,-65.0,6635.0,6635.0,6535.0,1819.0
2015.11.27,6660.0,-30.0,6785.0,6785.0,6650.0,1340.0
2015.11.26,6690.0,0.0,6690.0,6690.0,6680.0,774.0
2015.11.25,6690.0,25.0,6830.0,6830.0,6690.0,524.0
2015.11.24,6665.0,0.0,6740.0,6740.0,6640.0,823.0
2015.11.23,6665.0,-75.0,6740.0,6740.0,6660.0,7569.0
2015.11.20,6740.0,20.0,6780.0,6780.0,6695.0,885.0
2015.11.19,6720.0,45.0,6610.0,6720.0,6610.0,3503.0
2015.11.18,6675.0,-60.0,6700.0,6700.0,6640.0,1755.0
2015.11.17,6735.0,-90.0,6795.0,6795.0,6715.0,1756.0
2015.11.16,6825.0,70.0,6820.0,6825.0,6800.0,1833.0
2015.11.13,6755.0,-35.0,6800.0,6800.0,6730.0,1020.0
2015.11.12,6790.0,-20.0,6820.0,6820.0,6780.0,1333.0
2015.11.11,6810.0,-15.0,6815.0,6815.0,6775.0,3229.0
2015.11.10,6825.0,-15.0,6830.0,6830.0,6820.0,3941.0
2015.11.09,6840.0,-105.0,6855.0,6855.0,6805.0,4666.0
2015.11.06,6945.0,-5.0,6920.0,6945.0,6920.0,2950.0
2015.11.05,6950.0,-70.0,6970.0,6970.0,6900.0,3868.0
2015.11.04,7020.0,-80.0,7035.0,7035.0,7010.0,1773.0
2015.11.03,7100.0,0.0,7095.0,7100.0,7050.0,283.0
2015.11.02,7100.0,-50.0,7100.0,7125.0,7100.0,826.0
2015.10.30,7150.0,-80.0,7215.0,7215.0,7100.0,1719.0
2015.10.29,7230.0,-30.0,7280.0,7280.0,7220.0,1806.0
2015.10.28,7260.0,25.0,7245.0,7315.0,7230.0,151.0
2015.10.27,7235.0,-40.0,7200.0,7255.0,7200.0,1802.0
2015.10.26,7275.0,15.0,7200.0,7285.0,7200.0,320.0
2015.10.23,7260.0,-20.0,7270.0,7270.0,7230.0,974.0
2015.10.22,7280.0,-35.0,7290.0,7290.0,7225.0,3288.0
2015.10.21,7315.0,0.0,7375.0,7375.0,7315.0,475.0
2015.10.20,7315.0,-25.0,7325.0,7325.0,7290.0,4885.0
2015.10.19,7340.0,-20.0,7310.0,7345.0,7300.0,636.0
2015.10.16,7360.0,-40.0,7430.0,7430.0,7345.0,2033.0
2015.10.15,7400.0,55.0,7360.0,7425.0,7360.0,2422.0
2015.10.14,7345.0,120.0,7300.0,7350.0,7255.0,5644.0
2015.10.13,7225.0,-35.0,7250.0,7280.0,7180.0,6401.0
2015.10.12,7260.0,120.0,7200.0,7260.0,7185.0,9598.0
2015.10.08,7140.0,-30.0,7220.0,7220.0,7130.0,318.0
2015.10.07,7170.0,60.0,7175.0,7175.0,7140.0,6533.0
2015.10.06,7110.0,20.0,7150.0,7150.0,7070.0,3417.0
2015.10.05,7090.0,155.0,7130.0,7130.0,7050.0,3788.0
2015.10.02,6935.0,-20.0,6980.0,6980.0,6880.0,3929.0
2015.10.01,6955.0,-80.0,6990.0,6990.0,6920.0,2910.0
2015.09.30,7035.0,-75.0,7080.0,7080.0,7000.0,395.0
2015.09.25,7110.0,90.0,7195.0,7195.0,7105.0,8002.0
2015.09.24,7020.0,-5.0,7050.0,7050.0,7020.0,237.0
2015.09.23,7025.0,-65.0,6925.0,7025.0,6925.0,1004.0
2015.09.22,7090.0,5.0,7120.0,7120.0,7035.0,179.0
2015.09.21,7085.0,40.0,7115.0,7115.0,7070.0,1909.0
2015.09.18,7045.0,105.0,7105.0,7105.0,6995.0,1770.0
2015.09.17,6940.0,100.0,6910.0,7000.0,6910.0,2386.0
2015.09.16,6840.0,-60.0,6920.0,6920.0,6830.0,1149.0
2015.09.15,6900.0,-10.0,6940.0,6940.0,6900.0,1146.0
2015.09.14,6910.0,-30.0,6940.0,6940.0,6900.0,592.0
2015.09.11,6940.0,25.0,6855.0,6950.0,6855.0,257.0
2015.09.10,6915.0,-90.0,6820.0,6915.0,6820.0,1581.0
2015.09.09,7005.0,20.0,6925.0,7005.0,6925.0,554.0
2015.09.08,6985.0,-20.0,7010.0,7010.0,6890.0,1489.0
2015.09.07,7005.0,40.0,7030.0,7030.0,6925.0,235.0
2015.09.04,6965.0,-30.0,7045.0,7045.0,6960.0,726.0
2015.09.03,6995.0,-40.0,7090.0,7090.0,6995.0,4525.0
2015.09.02,7035.0,-75.0,7000.0,7085.0,7000.0,332.0
2015.09.01,7110.0,55.0,7095.0,7110.0,7025.0,4300.0
2015.08.31,7055.0,65.0,7300.0,7300.0,7030.0,1081.0
2015.08.28,6990.0,-10.0,7040.0,7040.0,6990.0,692.0
2015.08.27,7000.0,-20.0,7010.0,7010.0,6940.0,773.0
2015.08.26,7020.0,-130.0,7145.0,7145.0,7020.0,758.0
2015.08.25,7150.0,-45.0,7215.0,7215.0,7125.0,3088.0
2015.08.24,7195.0,-60.0,7165.0,7255.0,7165.0,5570.0
2015.08.21,7255.0,135.0,7245.0,7260.0,7165.0,8530.0
2015.08.20,7120.0,150.0,7090.0,7130.0,7035.0,2112.0
2015.08.19,6970.0,30.0,7005.0,7005.0,6915.0,1882.0
2015.08.18,6940.0,-10.0,7020.0,7020.0,6940.0,1491.0
2015.08.17,6950.0,-50.0,7015.0,7015.0,6950.0,468.0
2015.08.13,7000.0,60.0,7040.0,7040.0,6975.0,1125.0
2015.08.12,6940.0,115.0,6945.0,6945.0,6895.0,2168.0
2015.08.11,6825.0,0.0,6945.0,6945.0,6820.0,4666.0
2015.08.10,6825.0,30.0,6800.0,6825.0,6800.0,115.0
2015.08.07,6795.0,10.0,6820.0,6820.0,6765.0,976.0
2015.08.06,6785.0,5.0,6780.0,6785.0,6720.0,3995.0
2015.08.05,6780.0,15.0,6810.0,6810.0,6760.0,1152.0
2015.08.04,6765.0,-55.0,6720.0,6765.0,6720.0,1420.0
2015.08.03,6820.0,40.0,6750.0,6820.0,6750.0,1164.0
2015.07.31,6780.0,-45.0,6830.0,6830.0,6770.0,784.0
2015.07.30,6825.0,-15.0,6875.0,6875.0,6805.0,864.0
2015.07.29,6840.0,10.0,6870.0,6870.0,6790.0,2002.0
2015.07.28,6830.0,5.0,6850.0,6850.0,6780.0,2234.0
2015.07.27,6825.0,45.0,6860.0,6860.0,6820.0,343.0
2015.07.24,6780.0,-75.0,6835.0,6835.0,6725.0,3849.0
2015.07.23,6855.0,40.0,6860.0,6865.0,6830.0,453.0
2015.07.22,6815.0,-65.0,6920.0,6920.0,6805.0,2362.0
2015.07.21,6880.0,-30.0,6885.0,6900.0,6850.0,1634.0
2015.07.20,6910.0,-230.0,7085.0,7085.0,6800.0,16457.0
2015.07.17,7140.0,-15.0,7170.0,7175.0,7130.0,5116.0
2015.07.16,7155.0,-30.0,7205.0,7205.0,7150.0,351.0
2015.07.15,7185.0,-40.0,7260.0,7260.0,7175.0,2870.0
2015.07.14,7225.0,-25.0,7265.0,7265.0,7225.0,514.0
2015.07.13,7250.0,50.0,7300.0,7300.0,7250.0,534.0
2015.07.10,7200.0,5.0,7280.0,7280.0,7170.0,5067.0
2015.07.09,7195.0,30.0,7245.0,7245.0,7175.0,2021.0
2015.07.08,7165.0,-145.0,7240.0,7240.0,7165.0,6817.0
2015.07.07,7310.0,10.0,7300.0,7320.0,7280.0,1246.0
2015.07.06,7300.0,-5.0,7365.0,7365.0,7300.0,3190.0
2015.07.03,7305.0,50.0,7300.0,7305.0,7250.0,3278.0
2015.07.02,7255.0,-85.0,7340.0,7340.0,7250.0,3873.0
2015.07.01,7340.0,-25.0,7400.0,7400.0,7340.0,633.0
2015.06.30,7365.0,5.0,7385.0,7385.0,7350.0,1591.0
2015.06.29,7360.0,5.0,7450.0,7450.0,7345.0,22737.0
2015.06.26,7355.0,5.0,7390.0,7390.0,7300.0,1162.0
2015.06.25,7350.0,-25.0,7365.0,7380.0,7350.0,345.0
2015.06.24,7375.0,-20.0,7405.0,7405.0,7340.0,699.0
2015.06.23,7395.0,-95.0,7465.0,7465.0,7380.0,1648.0
2015.06.22,7490.0,20.0,7445.0,7490.0,7445.0,831.0
2015.06.19,7470.0,50.0,7435.0,7515.0,7435.0,2867.0
2015.06.18,7420.0,85.0,7455.0,7455.0,7420.0,266.0
2015.06.17,7335.0,-35.0,7440.0,7440.0,7335.0,2400.0
2015.06.16,7370.0,-25.0,7395.0,7395.0,7370.0,1216.0
2015.06.15,7395.0,-15.0,7400.0,7410.0,7380.0,597.0
2015.06.12,7410.0,-15.0,7430.0,7430.0,7395.0,2330.0
2015.06.11,7425.0,75.0,7460.0,7460.0,7365.0,4579.0
2015.06.10,7350.0,-35.0,7410.0,7410.0,7350.0,885.0
2015.06.09,7385.0,35.0,7380.0,7395.0,7360.0,2418.0
2015.06.08,7350.0,-45.0,7375.0,7375.0,7350.0,1686.0
2015.06.05,7395.0,-50.0,7400.0,7400.0,7350.0,3325.0
2015.06.04,7445.0,-55.0,7460.0,7460.0,7380.0,2034.0
2015.06.03,7500.0,25.0,7475.0,7505.0,7475.0,325.0
2015.06.02,7475.0,-10.0,7485.0,7490.0,7445.0,2164.0
2015.06.01,7485.0,0.0,7485.0,7500.0,7485.0,468.0
2015.05.29,7485.0,5.0,7490.0,7500.0,7450.0,1869.0
2015.05.28,7480.0,-10.0,7480.0,7480.0,7460.0,573.0
2015.05.27,7490.0,-105.0,7515.0,7515.0,7460.0,1491.0
2015.05.26,7595.0,-15.0,7615.0,7645.0,7530.0,2538.0
2015.05.22,7610.0,-20.0,7610.0,7610.0,7600.0,318.0
2015.05.21,7630.0,30.0,7535.0,7630.0,7535.0,677.0
2015.05.20,7600.0,-90.0,7650.0,7650.0,7530.0,3580.0
2015.05.19,7690.0,-10.0,7700.0,7715.0,7680.0,202.0
2015.05.18,7700.0,20.0,7750.0,7750.0,7675.0,2644.0
2015.05.15,7680.0,20.0,7660.0,7690.0,7625.0,9054.0
2015.05.14,7660.0,170.0,7555.0,7660.0,7555.0,104678.0
2015.05.13,7490.0,70.0,7445.0,7495.0,7430.0,3284.0
2015.05.12,7420.0,-50.0,7460.0,7460.0,7410.0,3668.0
2015.05.11,7470.0,35.0,7505.0,7505.0,7435.0,1672.0
2015.05.08,7435.0,-30.0,7435.0,7435.0,7405.0,30.0
2015.05.07,7465.0,-55.0,7390.0,7485.0,7390.0,3956.0
2015.05.06,7520.0,125.0,7530.0,7530.0,7495.0,990.0
2015.05.04,7395.0,-150.0,7420.0,7420.0,7350.0,2994.0
2015.04.30,7545.0,-45.0,7585.0,7585.0,7520.0,870.0
2015.04.29,7590.0,50.0,7540.0,7595.0,7540.0,3579.0
2015.04.28,7540.0,120.0,7470.0,7540.0,7470.0,1664.0
2015.04.27,7420.0,-30.0,7420.0,7420.0,7355.0,7568.0
2015.04.24,7450.0,10.0,7500.0,7500.0,7405.0,509.0
2015.04.23,7440.0,-35.0,7465.0,7465.0,7410.0,1776.0
2015.04.22,7475.0,-15.0,7525.0,7525.0,7460.0,769.0
2015.04.21,7490.0,-60.0,7515.0,7515.0,7440.0,3772.0
2015.04.20,7550.0,20.0,7565.0,7565.0,7540.0,2868.0
2015.04.17,7530.0,-15.0,7550.0,7550.0,7460.0,1278.0
2015.04.16,7545.0,55.0,7580.0,7580.0,7520.0,194.0
2015.04.15,7490.0,-15.0,7495.0,7495.0,7440.0,4091.0
2015.04.14,7505.0,-45.0,7550.0,7550.0,7505.0,1692.0
2015.04.13,7550.0,70.0,7530.0,7580.0,7530.0,885.0
2015.04.10,7480.0,-20.0,7510.0,7510.0,7440.0,730.0
2015.04.09,7500.0,-90.0,7545.0,7545.0,7500.0,2153.0
2015.04.08,7590.0,0.0,7590.0,7590.0,7550.0,269.0
2015.04.07,7590.0,-10.0,7555.0,7635.0,7555.0,1897.0
2015.04.06,7600.0,90.0,7610.0,7670.0,7595.0,1190.0
2015.04.03,7510.0,-25.0,7535.0,7535.0,7445.0,168.0
2015.04.02,7535.0,85.0,7500.0,7540.0,7500.0,1101.0
2015.04.01,7450.0,20.0,7480.0,7480.0,7450.0,288.0
2015.03.31,7430.0,-60.0,7475.0,7475.0,7430.0,1223.0
2015.03.30,7490.0,-40.0,7525.0,7525.0,7475.0,1284.0
2015.03.27,7530.0,0.0,7535.0,7595.0,7525.0,1845.0
2015.03.26,7530.0,70.0,7535.0,7535.0,7525.0,93.0
2015.03.25,7460.0,-5.0,7525.0,7525.0,7460.0,1452.0
2015.03.24,7465.0,60.0,7510.0,7510.0,7465.0,445.0
2015.03.23,7405.0,35.0,7440.0,7470.0,7390.0,1353.0
2015.03.20,7370.0,20.0,7380.0,7390.0,7325.0,5915.0
2015.03.19,7350.0,150.0,7375.0,7375.0,7315.0,719.0
2015.03.18,7200.0,-20.0,7250.0,7250.0,7200.0,1180.0
2015.03.17,7220.0,-55.0,7290.0,7290.0,7220.0,1138.0
2015.03.16,7275.0,5.0,7295.0,7295.0,7225.0,902.0
2015.03.13,7270.0,5.0,7285.0,7285.0,7250.0,1253.0
2015.03.12,7265.0,-25.0,7280.0,7280.0,7210.0,5494.0
2015.03.11,7290.0,-10.0,7335.0,7335.0,7290.0,1632.0
2015.03.10,7300.0,-60.0,7365.0,7365.0,7270.0,2192.0
2015.03.09,7360.0,-160.0,7380.0,7380.0,7330.0,2068.0
2015.03.06,7520.0,-40.0,7535.0,7535.0,7465.0,1413.0
2015.03.05,7560.0,-20.0,7550.0,7565.0,7525.0,213.0
2015.03.04,7580.0,-15.0,7595.0,7595.0,7505.0,1311.0
2015.03.03,7595.0,-45.0,7615.0,7615.0,7505.0,638.0
2015.03.02,7640.0,70.0,7580.0,7680.0,7580.0,538.0
2015.02.27,7570.0,10.0,7570.0,7570.0,7570.0,1111.0
2015.02.26,7560.0,-55.0,7620.0,7620.0,7560.0,590.0
2015.02.25,7615.0,65.0,7580.0,7615.0,7580.0,388.0
2015.02.24,7550.0,-15.0,7600.0,7600.0,7540.0,2803.0
2015.02.23,7565.0,-190.0,7620.0,7620.0,7535.0,2523.0
2015.02.17,7755.0,-10.0,7810.0,7810.0,7735.0,1690.0
2015.02.16,7765.0,45.0,7770.0,7770.0,7720.0,683.0
2015.02.13,7720.0,45.0,7740.0,7740.0,7700.0,259.0
2015.02.12,7675.0,-115.0,7715.0,7715.0,7670.0,714.0
2015.02.11,7790.0,-35.0,7805.0,7805.0,7710.0,2976.0
2015.02.10,7825.0,35.0,7790.0,7830.0,7790.0,534.0
2015.02.09,7790.0,-180.0,7780.0,7790.0,7770.0,609.0
2015.02.06,7970.0,-15.0,7990.0,7990.0,7905.0,248.0
2015.02.05,7985.0,40.0,8035.0,8035.0,7940.0,2148.0
2015.02.04,7945.0,-15.0,7980.0,7980.0,7875.0,1977.0
2015.02.03,7960.0,-60.0,8050.0,8050.0,7955.0,2911.0
2015.02.02,8020.0,105.0,7990.0,8060.0,7985.0,4990.0
2015.01.30,7915.0,-175.0,7950.0,7950.0,7860.0,2721.0
2015.01.29,8090.0,0.0,8090.0,8090.0,8060.0,188.0
2015.01.28,8090.0,50.0,8155.0,8155.0,8090.0,105.0
2015.01.27,8040.0,-130.0,8205.0,8205.0,7970.0,695.0
2015.01.26,8170.0,40.0,8150.0,8195.0,8135.0,834.0
2015.01.23,8130.0,-20.0,8155.0,8190.0,8130.0,1612.0
2015.01.22,8150.0,-60.0,8190.0,8190.0,8085.0,2422.0
2015.01.21,8210.0,170.0,8100.0,8220.0,8100.0,15981.0
2015.01.20,8040.0,10.0,7945.0,8135.0,7945.0,1510.0
2015.01.19,8030.0,130.0,7975.0,8040.0,7970.0,14200.0
2015.01.16,7900.0,175.0,7840.0,7930.0,7840.0,450.0
2015.01.15,7725.0,5.0,7725.0,7725.0,7725.0,10.0
2015.01.14,7720.0,30.0,7750.0,7750.0,7720.0,175.0
2015.01.13,7690.0,35.0,7675.0,7740.0,7675.0,603.0
2015.01.12,7655.0,50.0,7655.0,7700.0,7655.0,817.0
2015.01.09,7605.0,5.0,7605.0,7605.0,7540.0,718.0
2015.01.08,7600.0,-30.0,7630.0,7630.0,7575.0,1655.0
2015.01.07,7630.0,130.0,7570.0,7665.0,7570.0,976.0
2015.01.06,7500.0,80.0,7500.0,7505.0,7500.0,1102.0
2015.01.05,7420.0,-35.0,7450.0,7450.0,7420.0,319.0
2015.01.02,7455.0,35.0,7355.0,7455.0,7355.0,803.0
2014.12.30,7420.0,-55.0,7425.0,7450.0,7420.0,558.0
2014.12.29,7475.0,135.0,7495.0,7495.0,7435.0,20325.0
2014.12.26,7340.0,-20.0,7400.0,7400.0,7340.0,371.0
2014.12.24,7360.0,-5.0,7365.0,7395.0,7360.0,20075.0
2014.12.23,7365.0,-135.0,7420.0,7420.0,7365.0,87.0
2014.12.22,7500.0,-5.0,7505.0,7505.0,7500.0,176.0
2014.12.19,7505.0,60.0,7505.0,7505.0,7505.0,772.0
2014.12.18,7445.0,-70.0,7445.0,7445.0,7445.0,2424.0
2014.12.17,7515.0,40.0,7535.0,7535.0,7510.0,274.0
2014.12.16,7475.0,-190.0,7535.0,7535.0,7475.0,692.0
2014.12.15,7665.0,-60.0,7700.0,7700.0,7650.0,3409.0
2014.12.12,7725.0,-5.0,7725.0,7725.0,7720.0,55.0
2014.12.11,7730.0,0.0,7730.0,7730.0,7720.0,238.0
2014.12.10,7730.0,200.0,7670.0,7795.0,7670.0,2175.0
2014.12.09,7530.0,105.0,7530.0,7530.0,7530.0,32.0
2014.12.08,7425.0,-95.0,7490.0,7490.0,7425.0,862.0
2014.12.05,7520.0,-65.0,7580.0,7580.0,7520.0,637.0
2014.12.04,7585.0,85.0,7550.0,7585.0,7540.0,1007.0
2014.12.03,7500.0,-50.0,7525.0,7525.0,7465.0,329.0
2014.12.02,7550.0,360.0,7510.0,7550.0,7510.0,833.0
2014.12.01,7190.0,-230.0,7245.0,7245.0,7180.0,434.0
2014.11.28,7420.0,-60.0,7480.0,7480.0,7420.0,784.0
2014.11.27,7480.0,-95.0,7570.0,7570.0,7480.0,2025.0
2014.11.26,7575.0,75.0,7580.0,7580.0,7575.0,6.0
2014.11.25,7500.0,0.0,7520.0,7550.0,7500.0,512.0
2014.11.24,7500.0,60.0,7520.0,7520.0,7495.0,156.0
2014.11.21,7440.0,45.0,7415.0,7440.0,7415.0,490.0
2014.11.20,7395.0,-85.0,7355.0,7395.0,7355.0,54.0
2014.11.19,7480.0,90.0,7480.0,7480.0,7445.0,1456.0
2014.11.18,7390.0,-45.0,7435.0,7435.0,7390.0,254.0
2014.11.17,7435.0,215.0,7360.0,7445.0,7360.0,269.0
2014.11.14,7220.0,-40.0,7320.0,7320.0,7220.0,141.0
2014.11.13,7260.0,-30.0,7260.0,7260.0,7260.0,1253.0
2014.11.12,7290.0,30.0,7330.0,7330.0,7290.0,3073.0
2014.11.11,7260.0,-40.0,7260.0,7260.0,7190.0,523.0
2014.11.10,7300.0,160.0,7270.0,7300.0,7270.0,1267.0
2014.11.07,7140.0,-35.0,7140.0,7180.0,7140.0,186.0
2014.11.06,7175.0,-180.0,7195.0,7195.0,7150.0,1537.0
2014.11.05,7355.0,55.0,7300.0,7355.0,7300.0,47.0
2014.11.04,7300.0,5.0,7385.0,7385.0,7300.0,42.0
2014.11.03,7295.0,-265.0,7320.0,7320.0,7250.0,2573.0
2014.10.31,7560.0,-35.0,7560.0,7560.0,7515.0,373.0
2014.10.30,7595.0,-155.0,7655.0,7655.0,7595.0,158.0
2014.10.29,7750.0,15.0,7755.0,7755.0,7750.0,16.0
2014.10.28,7735.0,-10.0,7770.0,7770.0,7735.0,7.0
2014.10.27,7745.0,-15.0,7745.0,7745.0,7745.0,508.0
2014.10.24,7760.0,-65.0,7760.0,7760.0,7760.0,72.0
2014.10.23,7825.0,5.0,7860.0,7860.0,7825.0,22.0
2014.10.22,7820.0,20.0,7905.0,7905.0,7820.0,105.0
2014.10.21,7800.0,15.0,7890.0,7890.0,7800.0,89.0
2014.10.20,7785.0,-10.0,7820.0,7820.0,7725.0,267.0
2014.10.17,7795.0,-40.0,7840.0,7840.0,7795.0,119.0
2014.10.16,7835.0,70.0,7785.0,7835.0,7745.0,2010.0
2014.10.15,7765.0,20.0,7745.0,7765.0,7745.0,28.0
2014.10.14,7745.0,30.0,7735.0,7785.0,7735.0,41.0
2014.10.13,7715.0,-10.0,7690.0,7730.0,7690.0,108.0
2014.10.10,7725.0,140.0,7640.0,7725.0,7640.0,985.0
2014.10.08,7585.0,-5.0,7585.0,7605.0,7585.0,3026.0
2014.10.07,7590.0,85.0,7520.0,7590.0,7520.0,324.0
2014.10.06,7505.0,-165.0,7535.0,7535.0,7480.0,300.0
2014.10.02,7670.0,40.0,7625.0,7670.0,7625.0,123.0
2014.10.01,7630.0,-60.0,7655.0,7655.0,7625.0,150.0
2014.09.30,7690.0,-5.0,7690.0,7690.0,7690.0,39.0
2014.09.29,7695.0,-40.0,7695.0,7695.0,7695.0,86.0
2014.09.26,7735.0,45.0,7695.0,7735.0,7695.0,33.0
2014.09.25,7690.0,-45.0,7690.0,7690.0,7690.0,213.0
2014.09.24,7735.0,45.0,7775.0,7775.0,7730.0,318.0
2014.09.23,7690.0,0.0,7690.0,7690.0,7680.0,106.0
2014.09.22,7690.0,-100.0,7725.0,7725.0,7665.0,399.0
2014.09.19,7790.0,15.0,7825.0,7825.0,7785.0,18.0
2014.09.18,7775.0,-85.0,7775.0,7775.0,7740.0,961.0
2014.09.17,7860.0,10.0,7890.0,7890.0,7855.0,158.0
2014.09.16,7850.0,25.0,7880.0,7880.0,7795.0,216.0
2014.09.15,7825.0,-60.0,7850.0,7850.0,7800.0,440.0
2014.09.12,7885.0,-25.0,7920.0,7920.0,7885.0,1621.0
2014.09.11,7910.0,-100.0,7975.0,7975.0,7910.0,227.0
2014.09.05,8010.0,-60.0,8035.0,8035.0,8010.0,235.0
2014.09.04,8070.0,10.0,8100.0,8100.0,8065.0,112.0
2014.09.03,8060.0,-120.0,8055.0,8060.0,8050.0,179.0
2014.09.02,8180.0,0.0,8210.0,8210.0,8175.0,110.0
2014.09.01,8180.0,-25.0,8210.0,8210.0,8150.0,30.0
2014.08.29,8205.0,45.0,8225.0,8225.0,8205.0,225.0
2014.08.28,8160.0,45.0,8115.0,8160.0,8115.0,8.0
2014.08.27,8115.0,10.0,8115.0,8115.0,8115.0,7.0
2014.08.26,8105.0,-20.0,8125.0,8125.0,8105.0,277.0
2014.08.25,8125.0,-5.0,8125.0,8125.0,8120.0,49.0
2014.08.22,8130.0,-70.0,8130.0,8130.0,8130.0,111.0
2014.08.21,8200.0,20.0,8200.0,8200.0,8190.0,290.0
2014.08.20,8180.0,-70.0,8260.0,8260.0,8180.0,44.0
2014.08.19,8250.0,-10.0,8250.0,8250.0,8250.0,30.0
2014.08.18,8260.0,-60.0,8260.0,8260.0,8260.0,10.0
2014.08.14,8320.0,0.0,8320.0,8330.0,8320.0,79.0
2014.08.13,8320.0,0.0,8365.0,8365.0,8275.0,37.0
2014.08.12,8320.0,50.0,8270.0,8320.0,8270.0,16.0
2014.08.11,8270.0,-75.0,8365.0,8365.0,8270.0,718.0
2014.08.08,8345.0,30.0,8315.0,8345.0,8255.0,6070.0
2014.08.07,8315.0,115.0,8260.0,8315.0,8260.0,90.0
2014.08.06,8200.0,-20.0,8265.0,8265.0,8140.0,342.0
2014.08.05,8220.0,-45.0,8255.0,8255.0,8220.0,98.0
2014.08.04,8265.0,60.0,8290.0,8290.0,8265.0,16.0
2014.08.01,8205.0,-85.0,8205.0,8205.0,8145.0,536.0
2014.07.31,8290.0,-25.0,8330.0,8330.0,8290.0,58.0
2014.07.30,8315.0,-30.0,8340.0,8340.0,8300.0,93.0
2014.07.29,8345.0,-5.0,8345.0,8345.0,8290.0,35.0
2014.07.28,8350.0,120.0,8375.0,8375.0,8350.0,868.0
2014.07.25,8230.0,-120.0,8260.0,8260.0,8225.0,597.0
2014.07.24,8350.0,-20.0,8375.0,8375.0,8350.0,411.0
2014.07.23,8370.0,-25.0,8395.0,8395.0,8370.0,55.0
2014.07.22,8395.0,65.0,8430.0,8430.0,8390.0,588.0
2014.07.21,8330.0,-60.0,8390.0,8390.0,8325.0,46.0
2014.07.18,8390.0,110.0,8490.0,8490.0,8385.0,112.0
2014.07.17,8280.0,50.0,8260.0,8280.0,8260.0,221.0
2014.07.16,8230.0,-140.0,8290.0,8290.0,8230.0,2525.0
2014.07.15,8370.0,-150.0,8370.0,8370.0,8320.0,207.0
2014.07.14,8520.0,20.0,8490.0,8545.0,8490.0,41.0
2014.07.11,8500.0,35.0,8485.0,8560.0,8485.0,2416.0
2014.07.10,8465.0,85.0,8405.0,8470.0,8405.0,332.0
2014.07.09,8380.0,-50.0,8420.0,8430.0,8380.0,1073.0
2014.07.08,8430.0,-10.0,8450.0,8450.0,8375.0,395.0
2014.07.07,8440.0,45.0,8470.0,8470.0,8385.0,64.0
2014.07.04,8395.0,-40.0,8445.0,8445.0,8395.0,85.0
2014.07.03,8435.0,15.0,8435.0,8455.0,8435.0,482.0
2014.07.02,8420.0,5.0,8415.0,8425.0,8415.0,243.0
2014.07.01,8415.0,15.0,8390.0,8430.0,8390.0,507.0
2014.06.30,8400.0,25.0,8400.0,8400.0,8360.0,447.0
2014.06.27,8375.0,0.0,8400.0,8400.0,8365.0,214.0
2014.06.26,8375.0,-5.0,8380.0,8400.0,8375.0,239.0
2014.06.25,8380.0,30.0,8380.0,8380.0,8380.0,6.0
2014.06.24,8350.0,-5.0,8400.0,8400.0,8350.0,530.0
2014.06.23,8355.0,-5.0,8315.0,8360.0,8315.0,211.0
2014.06.20,8360.0,265.0,8320.0,8360.0,8320.0,2039.0
2014.06.19,8095.0,45.0,8145.0,8145.0,8095.0,317.0
2014.06.18,8050.0,5.0,8050.0,8050.0,8050.0,363.0
2014.06.17,8045.0,-55.0,8095.0,8095.0,8045.0,1391.0
2014.06.16,8100.0,55.0,8050.0,8100.0,8050.0,299.0
2014.06.13,8045.0,25.0,8040.0,8050.0,8025.0,2588.0
2014.06.12,8020.0,10.0,8040.0,8040.0,7960.0,9.0
2014.06.11,8010.0,55.0,8040.0,8040.0,7955.0,528.0
2014.06.10,7955.0,-10.0,7990.0,7990.0,7900.0,330.0
2014.06.09,7965.0,55.0,7930.0,7965.0,7930.0,343.0
2014.06.05,7910.0,-20.0,7970.0,7970.0,7885.0,705.0
2014.06.03,7930.0,65.0,7930.0,7930.0,7930.0,6.0
2014.06.02,7865.0,-125.0,7950.0,7950.0,7860.0,723.0
2014.05.30,7990.0,0.0,8005.0,8005.0,7980.0,44.0
2014.05.29,7990.0,-35.0,7990.0,7990.0,7935.0,541.0
2014.05.28,8025.0,-115.0,8050.0,8050.0,8000.0,207.0
2014.05.27,8140.0,0.0,8140.0,8140.0,8140.0,310.0
2014.05.26,8140.0,-75.0,8140.0,8140.0,8140.0,7.0
2014.05.23,8215.0,80.0,8245.0,8245.0,8215.0,9.0
2014.05.22,8135.0,-15.0,8230.0,8230.0,8135.0,2.0
2014.05.21,8150.0,0.0,8150.0,8150.0,8150.0,0.0
2014.05.20,8150.0,-40.0,8200.0,8200.0,8145.0,4.0
2014.05.19,8190.0,-40.0,8220.0,8220.0,8130.0,115.0
2014.05.16,8230.0,0.0,8170.0,8230.0,8170.0,305.0
2014.05.15,8230.0,10.0,8280.0,8290.0,8230.0,719.0
2014.05.14,8220.0,-5.0,8250.0,8250.0,8220.0,8.0
2014.05.13,8225.0,95.0,8135.0,8225.0,8135.0,24.0
2014.05.12,8130.0,-40.0,8160.0,8160.0,8130.0,34.0
2014.05.09,8170.0,-15.0,8170.0,8170.0,8170.0,51.0
2014.05.08,8185.0,-45.0,8210.0,8210.0,8125.0,43.0
2014.05.07,8230.0,100.0,8230.0,8235.0,8230.0,30.0
2014.05.02,8130.0,-90.0,8150.0,8150.0,8130.0,516.0
2014.04.30,8220.0,25.0,8250.0,8250.0,8165.0,521.0
2014.04.29,8195.0,-20.0,8260.0,8260.0,8170.0,158.0
2014.04.28,8215.0,70.0,8315.0,8315.0,8215.0,529.0
2014.04.25,8145.0,-5.0,8245.0,8245.0,8145.0,695.0
2014.04.24,8150.0,-5.0,8150.0,8150.0,8150.0,279.0
2014.04.23,8155.0,-25.0,8150.0,8155.0,8090.0,11.0
2014.04.22,8180.0,-20.0,8210.0,8210.0,8120.0,242.0
2014.04.21,8200.0,10.0,8200.0,8200.0,8200.0,7.0
2014.04.18,8190.0,-75.0,8170.0,8190.0,8170.0,25.0
2014.04.17,8265.0,10.0,8265.0,8265.0,8205.0,139.0
2014.04.16,8255.0,-150.0,8285.0,8285.0,8195.0,744.0
2014.04.15,8405.0,40.0,8440.0,8440.0,8345.0,28.0
2014.04.14,8365.0,60.0,8365.0,8425.0,8365.0,81.0
2014.04.11,8305.0,-15.0,8390.0,8390.0,8305.0,947.0
2014.04.10,8320.0,60.0,8350.0,8350.0,8320.0,16.0
2014.04.09,8260.0,5.0,8260.0,8320.0,8260.0,386.0
2014.04.08,8255.0,-10.0,8255.0,8255.0,8195.0,1175.0
2014.04.07,8265.0,100.0,8280.0,8280.0,8215.0,1695.0
2014.04.04,8165.0,-35.0,8150.0,8165.0,8105.0,402.0
2014.04.03,8200.0,110.0,8200.0,8200.0,8150.0,168.0
2014.04.02,8090.0,-70.0,8145.0,8145.0,8090.0,277.0
2014.04.01,8160.0,-15.0,8160.0,8160.0,8160.0,26.0
2014.03.31,8175.0,-35.0,8170.0,8230.0,8170.0,207.0
2014.03.28,8210.0,-65.0,8235.0,8235.0,8165.0,193.0
2014.03.27,8275.0,-40.0,8295.0,8295.0,8225.0,355.0
2014.03.26,8315.0,0.0,8315.0,8315.0,8315.0,3.0
2014.03.25,8315.0,-60.0,8315.0,8315.0,8270.0,578.0
2014.03.24,8375.0,-25.0,8430.0,8430.0,8375.0,248.0
2014.03.21,8400.0,-60.0,8385.0,8455.0,8385.0,2062.0
2014.03.20,8460.0,-150.0,8470.0,8470.0,8385.0,532.0
2014.03.19,8610.0,-85.0,8560.0,8615.0,8560.0,1198.0
2014.03.18,8695.0,-60.0,8635.0,8695.0,8635.0,1467.0
2014.03.17,8755.0,55.0,8740.0,8800.0,8740.0,497.0
2014.03.14,8700.0,15.0,8670.0,8700.0,8670.0,13306.0
2014.03.13,8685.0,115.0,8625.0,8685.0,8625.0,1495.0
2014.03.12,8570.0,105.0,8520.0,8585.0,8520.0,13890.0
2014.03.11,8465.0,20.0,8520.0,8520.0,8465.0,311.0
2014.03.10,8445.0,-115.0,8455.0,8505.0,8445.0,858.0
2014.03.07,8560.0,50.0,8525.0,8585.0,8525.0,163.0
2014.03.06,8510.0,40.0,8515.0,8515.0,8465.0,244.0
2014.03.05,8470.0,-130.0,8430.0,8525.0,8430.0,720.0
2014.03.04,8600.0,55.0,8620.0,8630.0,8565.0,876.0
2014.03.03,8545.0,55.0,8485.0,8545.0,8485.0,155.0
2014.02.28,8490.0,0.0,8490.0,8490.0,8490.0,254.0
2014.02.27,8490.0,-80.0,8510.0,8510.0,8430.0,464.0
2014.02.26,8570.0,80.0,8520.0,8580.0,8520.0,239.0
2014.02.25,8490.0,100.0,8560.0,8560.0,8490.0,506.0
2014.02.24,8390.0,-5.0,8510.0,8510.0,8390.0,67.0
2014.02.21,8395.0,-5.0,8420.0,8455.0,8395.0,3737.0
2014.02.20,8400.0,-40.0,8400.0,8400.0,8370.0,81.0
2014.02.19,8440.0,-15.0,8500.0,8500.0,8440.0,29.0
2014.02.18,8455.0,35.0,8455.0,8515.0,8455.0,4005.0
2014.02.17,8420.0,165.0,8375.0,8420.0,8375.0,1024.0
2014.02.14,8255.0,90.0,8200.0,8255.0,8200.0,853.0
2014.02.13,8165.0,-20.0,8185.0,8185.0,8160.0,940.0
2014.02.12,8185.0,130.0,8125.0,8190.0,8125.0,291.0
2014.02.11,8055.0,40.0,8110.0,8110.0,8055.0,100.0
2014.02.10,8015.0,10.0,8100.0,8100.0,8015.0,27.0
2014.02.07,8005.0,45.0,7945.0,8005.0,7945.0,35.0
2014.02.06,7960.0,-5.0,7965.0,8015.0,7955.0,294.0
2014.02.05,7965.0,-30.0,7965.0,7965.0,7960.0,3886.0
2014.02.04,7995.0,125.0,7930.0,7995.0,7930.0,724.0
2014.02.03,7870.0,-95.0,7875.0,7875.0,7815.0,87.0
2014.01.29,7965.0,-35.0,7905.0,7965.0,7905.0,121.0
2014.01.28,8000.0,-50.0,8000.0,8000.0,7940.0,512.0
2014.01.27,8050.0,45.0,8120.0,8120.0,8050.0,1214.0
2014.01.24,8005.0,130.0,7980.0,8030.0,7980.0,351.0
2014.01.23,7875.0,-50.0,7895.0,7895.0,7875.0,27.0
2014.01.22,7925.0,-55.0,7925.0,7925.0,7915.0,158.0
2014.01.21,7980.0,15.0,7965.0,7985.0,7965.0,267.0
2014.01.20,7965.0,45.0,7985.0,7985.0,7965.0,825.0
2014.01.17,7920.0,-5.0,7920.0,7920.0,7920.0,4.0
2014.01.16,7925.0,-5.0,7980.0,7980.0,7855.0,61.0
2014.01.15,7930.0,-50.0,7975.0,7975.0,7880.0,171.0
2014.01.14,7980.0,75.0,7915.0,7985.0,7915.0,339.0
2014.01.13,7905.0,75.0,7875.0,7960.0,7875.0,328.0
2014.01.10,7830.0,70.0,7770.0,7830.0,7770.0,176.0
2014.01.09,7760.0,-80.0,7840.0,7840.0,7760.0,174.0
2014.01.08,7840.0,-5.0,7750.0,7840.0,7750.0,167.0
2014.01.07,7845.0,20.0,7930.0,7930.0,7845.0,90.0
2014.01.06,7825.0,15.0,7930.0,7930.0,7825.0,484.0
2014.01.03,7810.0,60.0,7770.0,7830.0,7770.0,136.0
2014.01.02,7750.0,35.0,7770.0,7770.0,7750.0,439.0
2013.12.30,7715.0,50.0,7770.0,7770.0,7710.0,577.0
2013.12.27,7665.0,-35.0,7700.0,7700.0,7665.0,318.0
2013.12.26,7700.0,115.0,7700.0,7700.0,7700.0,15.0
2013.12.24,7585.0,-75.0,7670.0,7670.0,7585.0,172.0
2013.12.23,7660.0,30.0,7690.0,7690.0,7650.0,367.0
2013.12.20,7630.0,-140.0,7650.0,7650.0,7630.0,497.0
2013.12.19,7770.0,-100.0,7790.0,7790.0,7710.0,204.0
2013.12.18,7870.0,-30.0,7870.0,7870.0,7845.0,38.0
2013.12.17,7900.0,60.0,7900.0,7900.0,7850.0,54.0
2013.12.16,7840.0,75.0,7800.0,7855.0,7800.0,26.0
2013.12.13,7765.0,-185.0,7745.0,7805.0,7745.0,506.0
2013.12.12,7950.0,-25.0,7985.0,7985.0,7950.0,86.0
2013.12.11,7975.0,195.0,7985.0,7985.0,7960.0,9520.0
2013.12.10,7780.0,-15.0,7855.0,7855.0,7780.0,116.0
2013.12.09,7795.0,20.0,7845.0,7845.0,7750.0,45.0
2013.12.06,7775.0,-40.0,7815.0,7815.0,7775.0,105.0
2013.12.05,7815.0,65.0,7915.0,7915.0,7815.0,228.0
2013.12.04,7750.0,-15.0,7755.0,7755.0,7695.0,2966.0
2013.12.03,7765.0,-180.0,7850.0,7850.0,7660.0,810.0
2013.12.02,7945.0,10.0,7885.0,7945.0,7885.0,436.0
2013.11.29,7935.0,55.0,7935.0,7935.0,7870.0,348.0
2013.11.28,7880.0,-40.0,7880.0,7880.0,7855.0,134.0
2013.11.27,7920.0,-65.0,7940.0,7940.0,7870.0,474.0
2013.11.26,7985.0,125.0,7900.0,7985.0,7900.0,501.0
2013.11.25,7860.0,-60.0,7920.0,7920.0,7845.0,469.0
2013.11.22,7920.0,0.0,7960.0,7960.0,7900.0,194.0
2013.11.21,7920.0,-190.0,7960.0,7960.0,7880.0,1450.0
2013.11.20,8110.0,5.0,8145.0,8145.0,8060.0,207.0
2013.11.19,8105.0,-110.0,8105.0,8105.0,8100.0,892.0
2013.11.18,8215.0,25.0,8230.0,8230.0,8155.0,69.0
2013.11.15,8190.0,50.0,8215.0,8215.0,8130.0,2083.0
2013.11.14,8140.0,50.0,8205.0,8205.0,8120.0,34.0
2013.11.13,8090.0,-70.0,8095.0,8095.0,8090.0,360.0
2013.11.12,8160.0,-50.0,8180.0,8180.0,8160.0,4321.0
2013.11.11,8210.0,-145.0,8265.0,8265.0,8210.0,5091.0
2013.11.08,8355.0,-55.0,8320.0,8375.0,8315.0,6254.0
2013.11.07,8410.0,50.0,8415.0,8415.0,8350.0,38.0
2013.11.06,8360.0,10.0,8360.0,8360.0,8330.0,30.0
2013.11.05,8350.0,20.0,8305.0,8400.0,8305.0,106.0
2013.11.04,8330.0,-130.0,8430.0,8430.0,8330.0,186.0
2013.11.01,8460.0,-115.0,8490.0,8490.0,8445.0,237.0
2013.10.31,8575.0,40.0,8505.0,8585.0,8505.0,432.0
2013.10.30,8535.0,-50.0,8585.0,8585.0,8535.0,3095.0
2013.10.29,8585.0,10.0,8590.0,8640.0,8585.0,421.0
2013.10.28,8575.0,-25.0,8685.0,8685.0,8575.0,533.0
2013.10.25,8600.0,100.0,8650.0,8650.0,8555.0,443.0
2013.10.24,8500.0,-50.0,8570.0,8570.0,8490.0,56.0
2013.10.23,8550.0,150.0,8500.0,8550.0,8460.0,2315.0
2013.10.22,8400.0,-20.0,8445.0,8445.0,8400.0,351.0
2013.10.21,8420.0,50.0,8455.0,8455.0,8360.0,1500.0
2013.10.18,8370.0,235.0,8440.0,8440.0,8370.0,1161.0
2013.10.17,8135.0,40.0,8220.0,8220.0,8130.0,208.0
2013.10.16,8095.0,0.0,8180.0,8180.0,8095.0,1049.0
2013.10.15,8095.0,-30.0,8005.0,8105.0,8005.0,6468.0
2013.10.14,8125.0,-110.0,8175.0,8175.0,8080.0,463.0
2013.10.11,8235.0,-105.0,8255.0,8255.0,8230.0,1045.0
2013.10.10,8340.0,-125.0,8345.0,8345.0,8340.0,153.0
2013.10.08,8465.0,125.0,8400.0,8470.0,8400.0,204.0
2013.10.07,8340.0,-60.0,8435.0,8435.0,8335.0,2228.0
2013.10.04,8400.0,185.0,8315.0,8400.0,8315.0,2775.0
2013.10.02,8215.0,-250.0,8250.0,8250.0,8175.0,1787.0
2013.10.01,8465.0,-70.0,8495.0,8495.0,8460.0,318.0
2013.09.30,8535.0,100.0,8570.0,8570.0,8480.0,113.0
2013.09.27,8435.0,15.0,8485.0,8485.0,8400.0,261.0
2013.09.26,8420.0,-25.0,8400.0,8475.0,8400.0,1136.0
2013.09.25,8445.0,0.0,8445.0,8445.0,8445.0,114.0
2013.09.24,8445.0,-55.0,8470.0,8470.0,8390.0,929.0
2013.09.23,8500.0,125.0,8390.0,8500.0,8390.0,127.0
2013.09.17,8375.0,-125.0,8390.0,8390.0,8375.0,139.0
2013.09.16,8500.0,40.0,8415.0,8500.0,8415.0,237.0
2013.09.13,8460.0,-270.0,8355.0,8460.0,8355.0,1552.0
2013.09.12,8730.0,-5.0,8645.0,8730.0,8645.0,1462.0
2013.09.11,8735.0,-85.0,8760.0,8760.0,8675.0,379.0
2013.09.10,8820.0,-30.0,8840.0,8875.0,8820.0,810.0
2013.09.09,8850.0,90.0,8810.0,8890.0,8810.0,892.0
2013.09.06,8760.0,-80.0,8780.0,8780.0,8700.0,2418.0
2013.09.05,8840.0,-150.0,8920.0,8920.0,8840.0,3689.0
2013.09.04,8990.0,70.0,9070.0,9070.0,8990.0,607.0
2013.09.03,8920.0,40.0,8970.0,8970.0,8885.0,526.0
2013.09.02,8880.0,-110.0,8880.0,8890.0,8820.0,1039.0
2013.08.30,8990.0,15.0,8905.0,8990.0,8905.0,1632.0
2013.08.29,8975.0,-80.0,9120.0,9120.0,8975.0,4222.0
2013.08.28,9055.0,155.0,9105.0,9105.0,9045.0,792.0
2013.08.27,8900.0,25.0,9005.0,9005.0,8900.0,310.0
2013.08.26,8875.0,150.0,8845.0,8900.0,8845.0,1812.0
2013.08.23,8725.0,70.0,8710.0,8780.0,8710.0,81.0
2013.08.22,8655.0,-30.0,8655.0,8655.0,8650.0,327.0
2013.08.21,8685.0,125.0,8685.0,8740.0,8680.0,279.0
2013.08.20,8560.0,-230.0,8745.0,8745.0,8560.0,5029.0
2013.08.19,8790.0,155.0,8705.0,8820.0,8705.0,1827.0
2013.08.16,8635.0,305.0,8615.0,8650.0,8615.0,16584.0
2013.08.14,8330.0,-105.0,8335.0,8385.0,8330.0,6075.0
2013.08.13,8435.0,55.0,8400.0,8435.0,8400.0,77.0
2013.08.12,8380.0,175.0,8335.0,8405.0,8335.0,1686.0
2013.08.09,8205.0,125.0,8190.0,8270.0,8190.0,1086.0
2013.08.08,8080.0,30.0,8100.0,8100.0,8025.0,958.0
2013.08.07,8050.0,-160.0,8090.0,8090.0,8050.0,271.0
2013.08.06,8210.0,-60.0,8200.0,8220.0,8200.0,61.0
2013.08.05,8270.0,45.0,8270.0,8270.0,8220.0,6.0
2013.08.02,8225.0,-60.0,8225.0,8225.0,8215.0,673.0
2013.08.01,8285.0,-50.0,8260.0,8335.0,8230.0,169.0
2013.07.31,8335.0,-5.0,8350.0,8350.0,8295.0,59.0
2013.07.30,8340.0,-25.0,8340.0,8340.0,8285.0,23.0
2013.07.29,8365.0,-55.0,8365.0,8365.0,8350.0,480.0
2013.07.26,8420.0,100.0,8420.0,8420.0,8360.0,3202.0
2013.07.25,8320.0,-145.0,8330.0,8330.0,8250.0,530.0
2013.07.24,8465.0,115.0,8395.0,8465.0,8395.0,442.0
2013.07.23,8350.0,125.0,8355.0,8390.0,8350.0,1212.0
2013.07.22,8225.0,130.0,8220.0,8285.0,8205.0,2781.0
2013.07.19,8095.0,45.0,8020.0,8105.0,8020.0,3250.0
2013.07.18,8050.0,-65.0,8055.0,8055.0,8050.0,28.0
2013.07.17,8115.0,0.0,8160.0,8160.0,8105.0,525.0
2013.07.16,8115.0,10.0,8115.0,8115.0,8050.0,2235.0
2013.07.15,8105.0,-5.0,8100.0,8160.0,8100.0,10576.0
2013.07.12,8110.0,75.0,8065.0,8145.0,8050.0,2158.0
2013.07.11,8035.0,220.0,8020.0,8125.0,8020.0,497.0
2013.07.10,7815.0,-25.0,7840.0,7890.0,7815.0,2361.0
2013.07.09,7840.0,135.0,7805.0,7845.0,7750.0,13787.0
2013.07.08,7705.0,-200.0,7705.0,7710.0,7700.0,401.0
2013.07.05,7905.0,-40.0,7920.0,7920.0,7905.0,537.0
2013.07.04,7945.0,55.0,7965.0,7965.0,7890.0,1134.0
2013.07.03,7890.0,-55.0,7900.0,7900.0,7880.0,669.0
2013.07.02,7945.0,80.0,7945.0,7945.0,7885.0,1197.0
2013.07.01,7865.0,270.0,7795.0,7865.0,7790.0,3021.0
2013.06.28,7595.0,-235.0,7620.0,7620.0,7550.0,18908.0
2013.06.27,7830.0,-125.0,7760.0,7830.0,7760.0,3430.0
2013.06.26,7955.0,-80.0,8035.0,8060.0,7875.0,33421.0
2013.06.25,8035.0,-75.0,8095.0,8095.0,8035.0,10598.0
2013.06.24,8110.0,30.0,8210.0,8210.0,8100.0,24545.0
2013.06.21,8080.0,-465.0,8120.0,8120.0,8015.0,13939.0
2013.06.20,8545.0,-115.0,8570.0,8570.0,8470.0,1844.0
2013.06.19,8660.0,-80.0,8690.0,8695.0,8630.0,148.0
2013.06.18,8740.0,-30.0,8740.0,8800.0,8740.0,4652.0
2013.06.17,8770.0,-15.0,8785.0,8785.0,8770.0,8.0
2013.06.14,8785.0,50.0,8785.0,8785.0,8725.0,1638.0
2013.06.13,8735.0,5.0,8730.0,8775.0,8715.0,1647.0
2013.06.12,8730.0,-60.0,8745.0,8745.0,8670.0,1388.0
2013.06.11,8790.0,10.0,8785.0,8790.0,8730.0,1580.0
2013.06.10,8780.0,-150.0,8825.0,8825.0,8760.0,358.0
2013.06.07,8930.0,60.0,8910.0,8975.0,8910.0,83.0
2013.06.05,8870.0,-45.0,8820.0,8885.0,8820.0,4569.0
2013.06.04,8915.0,50.0,8930.0,8975.0,8915.0,401.0
2013.06.03,8865.0,-75.0,8865.0,8865.0,8830.0,370.0
2013.05.31,8940.0,80.0,8930.0,9000.0,8930.0,13586.0
2013.05.30,8860.0,50.0,8850.0,8860.0,8790.0,15399.0
2013.05.29,8810.0,-25.0,8780.0,8810.0,8720.0,1011.0
2013.05.28,8835.0,30.0,8805.0,8875.0,8795.0,12492.0
2013.05.27,8805.0,-75.0,8805.0,8805.0,8745.0,431.0
2013.05.24,8880.0,185.0,8770.0,8885.0,8770.0,69116.0
2013.05.23,8695.0,-60.0,8695.0,8695.0,8695.0,2402.0
2013.05.22,8755.0,-45.0,8685.0,8755.0,8685.0,255.0
2013.05.21,8800.0,250.0,8775.0,8830.0,8770.0,6521.0
2013.05.20,8550.0,-330.0,8560.0,8560.0,8500.0,3994.0
2013.05.16,8880.0,-180.0,8855.0,8880.0,8820.0,3118.0
2013.05.15,9060.0,-85.0,9105.0,9110.0,9050.0,3910.0
2013.05.14,9145.0,-5.0,9130.0,9145.0,9090.0,13822.0
2013.05.13,9150.0,-150.0,9315.0,9315.0,9130.0,841.0
2013.05.10,9300.0,-35.0,9220.0,9300.0,9220.0,4854.0
2013.05.09,9335.0,75.0,9315.0,9370.0,9315.0,517.0
2013.05.08,9260.0,-65.0,9250.0,9260.0,9200.0,591.0
2013.05.07,9325.0,-65.0,9360.0,9360.0,9275.0,4299.0
2013.05.06,9390.0,-10.0,9385.0,9400.0,9360.0,244.0
2013.05.03,9400.0,150.0,9335.0,9400.0,9280.0,2597.0
2013.05.02,9250.0,-150.0,9235.0,9250.0,9195.0,1637.0
2013.04.30,9400.0,40.0,9420.0,9420.0,9335.0,344.0
2013.04.29,9360.0,0.0,9260.0,9360.0,9260.0,615.0
2013.04.26,9360.0,240.0,9400.0,9495.0,9325.0,2325.0
2013.04.25,9120.0,35.0,9120.0,9155.0,9100.0,1507.0
2013.04.24,9085.0,25.0,8990.0,9085.0,8955.0,700.0
2013.04.23,9060.0,85.0,9025.0,9065.0,8980.0,1911.0
2013.04.22,8975.0,85.0,8890.0,9000.0,8890.0,6631.0
2013.04.19,8890.0,125.0,8985.0,8985.0,8720.0,478.0
2013.04.18,8765.0,-55.0,8800.0,8805.0,8660.0,1499.0
2013.04.17,8820.0,200.0,9040.0,9040.0,8740.0,4230.0
2013.04.16,8620.0,-680.0,9160.0,9160.0,8500.0,48975.0
2013.04.15,9300.0,-705.0,9945.0,9945.0,9190.0,15438.0
2013.04.12,10005.0,-20.0,10060.0,10060.0,10005.0,82.0
2013.04.11,10025.0,-150.0,10015.0,10025.0,9995.0,1597.0
2013.04.10,10175.0,85.0,10150.0,10175.0,10150.0,865.0
2013.04.09,10090.0,0.0,10090.0,10090.0,10050.0,6113.0
2013.04.08,10090.0,130.0,10100.0,10110.0,10080.0,430.0
2013.04.05,9960.0,10.0,9910.0,9960.0,9910.0,664.0
2013.04.04,9950.0,-125.0,10015.0,10015.0,9950.0,2115.0
2013.04.03,10075.0,-160.0,10120.0,10120.0,10055.0,6823.0
2013.04.02,10235.0,15.0,10235.0,10240.0,10235.0,1566.0
2013.04.01,10220.0,15.0,10195.0,10315.0,10150.0,4179.0
2013.03.29,10205.0,-145.0,10300.0,10300.0,10205.0,1004.0
2013.03.28,10350.0,75.0,10350.0,10350.0,10295.0,354.0
2013.03.27,10275.0,-35.0,10310.0,10325.0,10270.0,5071.0
2013.03.26,10310.0,-60.0,10355.0,10355.0,10295.0,777.0
2013.03.25,10370.0,-20.0,10335.0,10400.0,10275.0,4815.0
2013.03.22,10390.0,80.0,10375.0,10390.0,10375.0,684.0
2013.03.21,10310.0,-40.0,10365.0,10365.0,10305.0,70.0
2013.03.20,10350.0,20.0,10345.0,10400.0,10345.0,907.0
2013.03.19,10330.0,70.0,10300.0,10355.0,10295.0,21136.0
2013.03.18,10260.0,0.0,10295.0,10330.0,10260.0,14196.0
2013.03.15,10260.0,-10.0,10270.0,10270.0,10220.0,537.0
2013.03.14,10270.0,-20.0,10210.0,10270.0,10210.0,1036.0
2013.03.13,10290.0,55.0,10300.0,10300.0,10250.0,40.0
2013.03.12,10235.0,20.0,10215.0,10240.0,10215.0,711.0
2013.03.11,10215.0,25.0,10215.0,10215.0,10170.0,1153.0
2013.03.08,10190.0,-50.0,10195.0,10195.0,10180.0,18983.0
2013.03.07,10240.0,45.0,10180.0,10240.0,10180.0,23358.0
2013.03.06,10195.0,45.0,10155.0,10195.0,10155.0,88.0
2013.03.05,10150.0,-5.0,10110.0,10180.0,10110.0,271.0
2013.03.04,10155.0,-110.0,10165.0,10205.0,10155.0,389.0
2013.02.28,10265.0,-170.0,10320.0,10320.0,10265.0,1013.0
2013.02.27,10435.0,195.0,10375.0,10435.0,10375.0,3174.0
2013.02.26,10240.0,50.0,10285.0,10290.0,10240.0,1883.0
2013.02.25,10190.0,45.0,10145.0,10190.0,10145.0,3943.0
2013.02.22,10145.0,0.0,10190.0,10200.0,10145.0,280.0
2013.02.21,10145.0,-225.0,10100.0,10150.0,10100.0,6569.0
2013.02.20,10370.0,-90.0,10370.0,10370.0,10365.0,1486.0
2013.02.19,10460.0,25.0,10450.0,10460.0,10400.0,1236.0
2013.02.18,10435.0,-155.0,10435.0,10435.0,10430.0,3979.0
2013.02.15,10590.0,-70.0,10590.0,10590.0,10580.0,314.0
2013.02.14,10660.0,-50.0,10645.0,10660.0,10645.0,851.0
2013.02.13,10710.0,40.0,10720.0,10720.0,10660.0,166.0
2013.02.12,10670.0,-115.0,10610.0,10690.0,10610.0,1528.0
2013.02.08,10785.0,-55.0,10850.0,10850.0,10785.0,160.0
2013.02.07,10840.0,25.0,10890.0,10890.0,10835.0,137.0
2013.02.06,10815.0,-15.0,10870.0,10870.0,10810.0,239.0
2013.02.05,10830.0,10.0,10880.0,10880.0,10820.0,310.0
2013.02.04,10820.0,25.0,10825.0,10825.0,10775.0,662.0
2013.02.01,10795.0,-50.0,10795.0,10795.0,10735.0,3108.0
2013.01.31,10845.0,50.0,10880.0,10890.0,10835.0,78.0
2013.01.30,10795.0,65.0,10795.0,10795.0,10735.0,683.0
2013.01.29,10730.0,-10.0,10730.0,10730.0,10710.0,515.0
2013.01.28,10740.0,-90.0,10755.0,10755.0,10725.0,113.0
2013.01.25,10830.0,-110.0,10840.0,10840.0,10770.0,852.0
2013.01.24,10940.0,-10.0,10940.0,10940.0,10880.0,1522.0
2013.01.23,10950.0,35.0,10990.0,10990.0,10930.0,285.0
2013.01.22,10915.0,-35.0,10965.0,10965.0,10905.0,301.0
2013.01.21,10950.0,40.0,10910.0,10950.0,10910.0,856.0
2013.01.18,10910.0,60.0,10945.0,10945.0,10900.0,505.0
2013.01.17,10850.0,-35.0,10910.0,10910.0,10850.0,1059.0
2013.01.16,10885.0,90.0,10885.0,10885.0,10850.0,1198.0
2013.01.15,10795.0,65.0,10795.0,10795.0,10790.0,23.0
2013.01.14,10730.0,-80.0,10740.0,10765.0,10730.0,267.0
2013.01.11,10810.0,165.0,10820.0,10820.0,10760.0,667.0
2013.01.10,10645.0,-85.0,10695.0,10695.0,10645.0,2158.0
2013.01.09,10730.0,110.0,10750.0,10750.0,10690.0,1340.0
2013.01.08,10620.0,-60.0,10620.0,10625.0,10615.0,160.0
2013.01.07,10680.0,-40.0,10725.0,10725.0,10640.0,3146.0
2013.01.04,10720.0,-200.0,10720.0,10720.0,10660.0,485.0
2013.01.03,10920.0,140.0,10830.0,10920.0,10830.0,560.0
2013.01.02,10780.0,20.0,10780.0,10780.0,10765.0,551.0
2012.12.28,10760.0,70.0,10755.0,10765.0,10705.0,379.0
2012.12.27,10690.0,5.0,10690.0,10690.0,10630.0,258.0
2012.12.26,10685.0,-15.0,10685.0,10685.0,10635.0,394.0
2012.12.24,10700.0,95.0,10700.0,10700.0,10695.0,547.0
2012.12.21,10605.0,-160.0,10620.0,10630.0,10560.0,14851.0
2012.12.20,10765.0,-205.0,10720.0,10790.0,10720.0,1507.0
2012.12.18,10970.0,-40.0,11030.0,11030.0,10970.0,451.0
2012.12.17,11010.0,-20.0,11010.0,11010.0,10995.0,264.0
2012.12.14,11030.0,-15.0,11030.0,11030.0,11030.0,30.0
2012.12.13,11045.0,-65.0,11125.0,11125.0,11000.0,13365.0
2012.12.12,11110.0,25.0,11110.0,11110.0,11065.0,1510.0
2012.12.11,11085.0,45.0,11135.0,11135.0,11085.0,1429.0
2012.12.10,11040.0,30.0,11090.0,11090.0,11040.0,791.0
2012.12.07,11010.0,5.0,11070.0,11070.0,10850.0,700.0
2012.12.06,11005.0,-35.0,11005.0,11005.0,10950.0,771.0
2012.12.05,11040.0,-95.0,11050.0,11050.0,10985.0,926.0
2012.12.04,11135.0,-45.0,11185.0,11185.0,11075.0,676.0
2012.12.03,11180.0,-75.0,11180.0,11180.0,11130.0,115.0
2012.11.30,11255.0,80.0,11245.0,11255.0,11240.0,230.0
2012.11.29,11175.0,-155.0,11200.0,11215.0,11170.0,463.0
2012.11.28,11330.0,-30.0,11295.0,11335.0,11295.0,1113.0
2012.11.27,11360.0,15.0,11340.0,11395.0,11340.0,231.0
2012.11.26,11345.0,175.0,11345.0,11395.0,11345.0,641.0
2012.11.23,11170.0,-15.0,11180.0,11190.0,11170.0,43360.0
2012.11.22,11185.0,10.0,11180.0,11240.0,11180.0,18267.0
2012.11.21,11175.0,-55.0,11195.0,11195.0,11115.0,11351.0
2012.11.20,11230.0,155.0,11170.0,11230.0,11170.0,2191.0
2012.11.19,11075.0,-15.0,11125.0,11125.0,11065.0,163.0
2012.11.16,11090.0,-60.0,11085.0,11135.0,11085.0,2001.0
2012.11.15,11150.0,0.0,11145.0,11200.0,11145.0,4267.0
2012.11.14,11150.0,15.0,11145.0,11150.0,11145.0,332.0
2012.11.13,11135.0,-100.0,11130.0,11185.0,11125.0,2497.0
2012.11.12,11235.0,25.0,11180.0,11235.0,11180.0,1195.0
2012.11.09,11210.0,150.0,11165.0,11210.0,11165.0,1579.0
2012.11.08,11060.0,-105.0,11100.0,11120.0,11060.0,612.0
2012.11.07,11165.0,320.0,11090.0,11165.0,11025.0,28235.0
2012.11.06,10845.0,-5.0,10840.0,10890.0,10840.0,660.0
2012.11.05,10850.0,-260.0,10850.0,10865.0,10815.0,169.0
2012.11.02,11110.0,15.0,11125.0,11125.0,11090.0,71.0
2012.11.01,11095.0,25.0,11080.0,11105.0,11080.0,130.0
2012.10.31,11070.0,20.0,11070.0,11070.0,11025.0,127.0
2012.10.30,11050.0,-10.0,11045.0,11055.0,11045.0,245.0
2012.10.29,11060.0,0.0,11085.0,11095.0,11060.0,131.0
2012.10.26,11060.0,30.0,11085.0,11085.0,11055.0,39.0
2012.10.25,11030.0,-130.0,11030.0,11030.0,11000.0,171.0
2012.10.24,11160.0,-25.0,11115.0,11160.0,11115.0,865.0
2012.10.23,11185.0,60.0,11140.0,11185.0,11140.0,126.0
2012.10.22,11125.0,-135.0,11095.0,11130.0,11095.0,876.0
2012.10.19,11260.0,-70.0,11240.0,11280.0,11240.0,196.0
2012.10.18,11330.0,35.0,11330.0,11330.0,11305.0,47.0
2012.10.17,11295.0,65.0,11325.0,11325.0,11275.0,1136.0
2012.10.16,11230.0,-60.0,11190.0,11230.0,11190.0,851.0
2012.10.15,11290.0,-155.0,11305.0,11305.0,11250.0,1238.0
2012.10.12,11445.0,15.0,11430.0,11445.0,11430.0,82.0
2012.10.11,11430.0,-10.0,11390.0,11430.0,11390.0,1311.0
2012.10.10,11440.0,-40.0,11375.0,11440.0,11375.0,1525.0
2012.10.09,11480.0,-75.0,11515.0,11520.0,11480.0,6674.0
2012.10.08,11555.0,-95.0,11525.0,11555.0,11515.0,1506.0
2012.10.05,11650.0,115.0,11580.0,11650.0,11580.0,1788.0
2012.10.04,11535.0,-30.0,11565.0,11565.0,11535.0,111.0
2012.10.02,11565.0,-15.0,11565.0,11565.0,11520.0,3200.0
2012.09.28,11580.0,210.0,11500.0,11580.0,11500.0,2466.0
2012.09.27,11370.0,-30.0,11400.0,11400.0,11240.0,14442.0
2012.09.26,11400.0,-50.0,11360.0,11400.0,11360.0,620.0
2012.09.25,11450.0,35.0,11400.0,11455.0,11400.0,4148.0
2012.09.24,11415.0,-85.0,11500.0,11500.0,11380.0,279.0
2012.09.21,11500.0,50.0,11455.0,11500.0,11455.0,1216.0
2012.09.20,11450.0,-50.0,11500.0,11500.0,11450.0,590.0
2012.09.19,11500.0,100.0,11470.0,11500.0,11445.0,1563.0
2012.09.18,11400.0,-140.0,11450.0,11450.0,11360.0,2300.0
2012.09.17,11540.0,10.0,11545.0,11545.0,11530.0,52071.0
2012.09.14,11530.0,345.0,11520.0,11545.0,11445.0,16765.0
2012.09.13,11185.0,-50.0,11200.0,11215.0,11185.0,85.0
2012.09.12,11235.0,25.0,11250.0,11250.0,11225.0,2009.0
2012.09.11,11210.0,-50.0,11230.0,11245.0,11190.0,4329.0
2012.09.10,11260.0,325.0,11230.0,11275.0,11230.0,11309.0
2012.09.07,10935.0,-75.0,11020.0,11020.0,10935.0,3538.0
2012.09.06,11010.0,70.0,10940.0,11010.0,10940.0,433.0
2012.09.05,10940.0,-45.0,11005.0,11005.0,10940.0,1223.0
2012.09.04,10985.0,55.0,10930.0,10990.0,10925.0,2319.0
2012.09.03,10930.0,295.0,10865.0,10950.0,10865.0,3748.0
2012.08.31,10635.0,-55.0,10680.0,10680.0,10635.0,269.0
2012.08.30,10690.0,-85.0,10690.0,10690.0,10665.0,86.0
2012.08.29,10775.0,75.0,10720.0,10775.0,10720.0,165.0
2012.08.28,10700.0,-90.0,10725.0,10725.0,10700.0,427.0
2012.08.27,10790.0,90.0,10830.0,10830.0,10770.0,6194.0
2012.08.24,10700.0,30.0,10540.0,10750.0,10540.0,4328.0
2012.08.23,10670.0,140.0,10600.0,10690.0,10600.0,1532.0
2012.08.22,10530.0,135.0,10485.0,10535.0,10485.0,4126.0
2012.08.21,10395.0,30.0,10355.0,10395.0,10355.0,456.0
2012.08.20,10365.0,50.0,10370.0,10370.0,10320.0,28.0
2012.08.17,10315.0,50.0,10305.0,10350.0,10305.0,3019.0
2012.08.16,10265.0,-45.0,10270.0,10275.0,10260.0,1627.0
2012.08.14,10310.0,-35.0,10305.0,10315.0,10270.0,516.0
2012.08.13,10345.0,35.0,10355.0,10355.0,10345.0,24.0
2012.08.10,10310.0,-5.0,10355.0,10355.0,10310.0,17.0
2012.08.09,10315.0,5.0,10310.0,10315.0,10310.0,494.0
2012.08.08,10310.0,40.0,10335.0,10335.0,10280.0,58.0
2012.08.07,10270.0,5.0,10270.0,10270.0,10270.0,4.0
2012.08.06,10265.0,135.0,10280.0,10280.0,10230.0,388.0
2012.08.03,10130.0,-105.0,10160.0,10160.0,10115.0,210.0
2012.08.02,10235.0,-85.0,10240.0,10240.0,10195.0,102.0
2012.08.01,10320.0,-75.0,10290.0,10320.0,10290.0,207.0
2012.07.31,10395.0,80.0,10340.0,10395.0,10340.0,328.0
2012.07.30,10315.0,5.0,10380.0,10380.0,10310.0,1671.0
2012.07.27,10310.0,90.0,10320.0,10320.0,10280.0,27.0
2012.07.26,10220.0,140.0,10205.0,10220.0,10195.0,253.0
2012.07.25,10080.0,30.0,10050.0,10110.0,10050.0,241.0
2012.07.24,10050.0,-40.0,10090.0,10090.0,10045.0,321.0
2012.07.23,10090.0,-20.0,10110.0,10120.0,10090.0,431.0
2012.07.20,10110.0,20.0,10080.0,10110.0,10075.0,142.0
2012.07.19,10090.0,-10.0,10065.0,10090.0,10055.0,46.0
2012.07.18,10100.0,-55.0,10130.0,10130.0,10100.0,53.0
2012.07.17,10155.0,0.0,10155.0,10155.0,10130.0,226.0
2012.07.16,10155.0,110.0,10130.0,10155.0,10090.0,91.0
2012.07.13,10045.0,20.0,10040.0,10045.0,10040.0,33.0
2012.07.12,10025.0,-35.0,10060.0,10060.0,10020.0,452.0
2012.07.11,10060.0,-75.0,10040.0,10060.0,10020.0,36.0
2012.07.10,10135.0,30.0,10110.0,10135.0,10110.0,286.0
2012.07.09,10105.0,-110.0,10100.0,10105.0,10070.0,7.0
2012.07.06,10215.0,-125.0,10280.0,10280.0,10215.0,73.0
2012.07.05,10340.0,10.0,10310.0,10345.0,10310.0,114.0
2012.07.04,10330.0,65.0,10315.0,10360.0,10315.0,323.0
2012.07.03,10265.0,100.0,10165.0,10265.0,10165.0,1045.0
2012.07.02,10165.0,160.0,10160.0,10180.0,10145.0,327.0
2012.06.29,10005.0,-70.0,9850.0,10005.0,9850.0,414.0
2012.06.28,10075.0,65.0,10020.0,10075.0,10020.0,1403.0
2012.06.27,10010.0,-120.0,10065.0,10065.0,10010.0,613.0
2012.06.26,10130.0,80.0,10160.0,10160.0,10100.0,320.0
2012.06.25,10050.0,65.0,10015.0,10050.0,10010.0,264.0
2012.06.22,9985.0,-280.0,10020.0,10020.0,9970.0,3442.0
2012.06.21,10265.0,-110.0,10280.0,10280.0,10235.0,455.0
2012.06.20,10375.0,-40.0,10390.0,10390.0,10370.0,1028.0
2012.06.19,10415.0,45.0,10395.0,10420.0,10395.0,630.0
2012.06.18,10370.0,-15.0,10295.0,10415.0,10295.0,2439.0
2012.06.15,10385.0,0.0,10385.0,10400.0,10355.0,765.0
2012.06.14,10385.0,90.0,10340.0,10385.0,10340.0,1411.0
2012.06.13,10295.0,85.0,10370.0,10370.0,10295.0,234.0
2012.06.12,10210.0,-55.0,10250.0,10250.0,10210.0,311.0
2012.06.11,10265.0,145.0,10260.0,10270.0,10220.0,729.0
2012.06.08,10120.0,-310.0,10250.0,10250.0,10045.0,1628.0
2012.06.07,10430.0,90.0,10465.0,10465.0,10410.0,1206.0
2012.06.05,10340.0,-40.0,10380.0,10380.0,10300.0,507.0
2012.06.04,10380.0,440.0,10325.0,10380.0,10310.0,1786.0
2012.06.01,9940.0,-70.0,10000.0,10000.0,9925.0,1504.0
2012.05.31,10010.0,65.0,10035.0,10035.0,9990.0,1323.0
2012.05.30,9945.0,-180.0,9980.0,9980.0,9920.0,269.0
2012.05.29,10125.0,140.0,10125.0,10125.0,10060.0,63.0
2012.05.25,9985.0,-5.0,10000.0,10010.0,9960.0,559.0
2012.05.24,9990.0,-20.0,10020.0,10020.0,9990.0,367.0
2012.05.23,10010.0,-190.0,10075.0,10075.0,9965.0,136.0
2012.05.22,10200.0,-55.0,10245.0,10245.0,10165.0,178.0
2012.05.21,10255.0,195.0,10240.0,10255.0,10195.0,1375.0
2012.05.18,10060.0,170.0,10080.0,10100.0,10010.0,2497.0
2012.05.17,9890.0,30.0,9885.0,9890.0,9855.0,1007.0
2012.05.16,9860.0,-120.0,9935.0,9935.0,9850.0,1141.0
2012.05.15,9980.0,-175.0,10035.0,10035.0,9980.0,220.0
2012.05.14,10155.0,-20.0,10190.0,10190.0,10155.0,116.0
2012.05.11,10175.0,-105.0,10280.0,10280.0,10175.0,160.0
2012.05.10,10280.0,20.0,10270.0,10280.0,10250.0,277.0
2012.05.09,10260.0,-295.0,10290.0,10330.0,10240.0,843.0
2012.05.08,10555.0,25.0,10575.0,10575.0,10555.0,363.0
2012.05.07,10530.0,15.0,10575.0,10575.0,10515.0,288.0
2012.05.04,10515.0,-115.0,10560.0,10560.0,10510.0,693.0
2012.05.03,10630.0,-90.0,10685.0,10685.0,10630.0,39.0
2012.05.02,10720.0,-5.0,10745.0,10745.0,10710.0,149.0
2012.04.30,10725.0,70.0,10775.0,10775.0,10710.0,593.0
2012.04.27,10655.0,35.0,10720.0,10720.0,10655.0,120.0
2012.04.26,10620.0,60.0,10625.0,10625.0,10615.0,68.0
2012.04.25,10560.0,-5.0,10610.0,10610.0,10560.0,822.0
2012.04.24,10565.0,-80.0,10600.0,10600.0,10555.0,24.0
2012.04.23,10645.0,20.0,10665.0,10665.0,10645.0,79.0
2012.04.20,10625.0,30.0,10665.0,10665.0,10620.0,60.0
2012.04.19,10595.0,-75.0,10670.0,10670.0,10595.0,1236.0
2012.04.18,10670.0,-5.0,10720.0,10720.0,10645.0,415.0
2012.04.17,10675.0,10.0,10710.0,10710.0,10675.0,16.0
2012.04.16,10665.0,-155.0,10755.0,10755.0,10660.0,204.0
2012.04.13,10820.0,135.0,10850.0,10855.0,10815.0,1127.0
2012.04.12,10685.0,-25.0,10695.0,10705.0,10685.0,898.0
2012.04.10,10710.0,-70.0,10655.0,10720.0,10655.0,437.0
2012.04.09,10780.0,235.0,10740.0,10780.0,10710.0,387.0
2012.04.06,10545.0,15.0,10580.0,10600.0,10540.0,61.0
2012.04.05,10530.0,-135.0,10575.0,10575.0,10500.0,919.0
2012.04.04,10665.0,-235.0,10740.0,10740.0,10665.0,1255.0
2012.04.03,10900.0,105.0,10840.0,10925.0,10840.0,1272.0
2012.04.02,10795.0,35.0,10810.0,10810.0,10795.0,36.0
2012.03.30,10760.0,-35.0,10785.0,10785.0,10760.0,165.0
2012.03.29,10795.0,-55.0,10795.0,10795.0,10735.0,738.0
2012.03.28,10850.0,-105.0,10920.0,10920.0,10850.0,156.0
2012.03.27,10955.0,210.0,10940.0,10955.0,10905.0,550.0
2012.03.26,10745.0,150.0,10835.0,10835.0,10735.0,312.0
2012.03.23,10595.0,-105.0,10670.0,10670.0,10595.0,835.0
2012.03.22,10700.0,-10.0,10730.0,10735.0,10695.0,222.0
2012.03.21,10710.0,-65.0,10740.0,10740.0,10660.0,646.0
2012.03.20,10775.0,-25.0,10830.0,10830.0,10760.0,21474.0
2012.03.19,10800.0,20.0,10790.0,10800.0,10750.0,449.0
2012.03.16,10780.0,110.0,10695.0,10780.0,10695.0,187.0
2012.03.15,10670.0,-250.0,10720.0,10720.0,10655.0,1010.0
2012.03.14,10920.0,-165.0,10920.0,10925.0,10900.0,506.0
2012.03.13,11085.0,-15.0,11070.0,11085.0,11040.0,23523.0
2012.03.12,11100.0,10.0,11170.0,11170.0,11100.0,240.0
2012.03.09,11090.0,160.0,11080.0,11090.0,11020.0,561.0
2012.03.08,10930.0,45.0,10995.0,10995.0,10920.0,1036.0
2012.03.07,10885.0,-145.0,10910.0,10910.0,10815.0,14455.0
2012.03.06,11030.0,-110.0,11035.0,11080.0,11025.0,1209.0
2012.03.05,11140.0,-160.0,11175.0,11175.0,11140.0,670.0
2012.03.02,11300.0,-380.0,11500.0,11580.0,11280.0,2784.0
2012.02.29,11680.0,165.0,11695.0,11730.0,11680.0,11262.0
2012.02.28,11515.0,-30.0,11545.0,11545.0,11515.0,147.0
2012.02.27,11545.0,-30.0,11570.0,11580.0,11545.0,1154.0
2012.02.24,11575.0,125.0,11610.0,11610.0,11560.0,1227.0
2012.02.23,11450.0,100.0,11480.0,11480.0,11420.0,966.0
2012.02.22,11350.0,150.0,11400.0,11400.0,11340.0,176.0
2012.02.21,11200.0,-15.0,11235.0,11235.0,11190.0,196.0
2012.02.20,11215.0,55.0,11230.0,11230.0,11170.0,281.0
2012.02.17,11160.0,60.0,11135.0,11185.0,11130.0,482.0
2012.02.16,11100.0,-45.0,11200.0,11200.0,11100.0,92.0
2012.02.15,11145.0,25.0,11125.0,11145.0,11070.0,780.0
2012.02.14,11120.0,-70.0,11180.0,11180.0,11115.0,114.0
2012.02.13,11190.0,-60.0,11250.0,11250.0,11145.0,41.0
2012.02.10,11250.0,20.0,11230.0,11290.0,11230.0,3444.0
2012.02.09,11230.0,-70.0,11165.0,11230.0,11165.0,2770.0
2012.02.08,11300.0,120.0,11315.0,11335.0,11265.0,1886.0
2012.02.07,11180.0,115.0,11130.0,11205.0,11130.0,5988.0
2012.02.06,11065.0,-310.0,11220.0,11220.0,11065.0,5394.0
2012.02.03,11375.0,55.0,11400.0,11400.0,11335.0,1555.0
2012.02.02,11320.0,70.0,11285.0,11350.0,11285.0,2056.0
2012.02.01,11250.0,55.0,11195.0,11255.0,11195.0,710.0
2012.01.31,11195.0,10.0,11155.0,11220.0,11155.0,386.0
2012.01.30,11185.0,25.0,11195.0,11215.0,11160.0,312.0
2012.01.27,11160.0,165.0,11200.0,11200.0,11160.0,1419.0
2012.01.26,10995.0,250.0,10960.0,11060.0,10960.0,18977.0
2012.01.25,10745.0,105.0,10780.0,10780.0,10745.0,811.0
2012.01.20,10640.0,-55.0,10695.0,10695.0,10610.0,782.0
2012.01.19,10695.0,80.0,10720.0,10720.0,10620.0,302.0
2012.01.18,10615.0,-5.0,10685.0,10685.0,10585.0,221.0
2012.01.17,10620.0,135.0,10620.0,10625.0,10535.0,1809.0
2012.01.16,10485.0,-75.0,10480.0,10525.0,10480.0,272.0
2012.01.13,10560.0,-15.0,10565.0,10610.0,10485.0,4981.0
2012.01.12,10575.0,35.0,10565.0,10575.0,10560.0,125.0
2012.01.11,10540.0,160.0,10440.0,10540.0,10440.0,2480.0
2012.01.10,10380.0,65.0,10330.0,10380.0,10330.0,102.0
2012.01.09,10315.0,-65.0,10365.0,10365.0,10265.0,6013.0
2012.01.06,10380.0,15.0,10360.0,10380.0,10360.0,1276.0
2012.01.05,10365.0,135.0,10300.0,10365.0,10300.0,2744.0
2012.01.04,10230.0,110.0,10520.0,10520.0,10225.0,815.0
2012.01.03,10120.0,55.0,10080.0,10120.0,10080.0,1139.0
2012.01.02,10065.0,125.0,9975.0,10070.0,9975.0,544.0
2011.12.29,9940.0,-260.0,9985.0,9985.0,9905.0,3358.0
2011.12.28,10200.0,-25.0,10225.0,10225.0,10190.0,174.0
2011.12.27,10225.0,-85.0,10310.0,10325.0,10220.0,653.0
2011.12.26,10310.0,-45.0,10350.0,10350.0,10250.0,216.0
2011.12.23,10355.0,35.0,10300.0,10355.0,10300.0,273.0
2011.12.22,10320.0,-100.0,10350.0,10350.0,10320.0,433.0
2011.12.21,10420.0,185.0,10355.0,10420.0,10355.0,65.0
2011.12.20,10235.0,35.0,10235.0,10235.0,10230.0,127.0
2011.12.19,10200.0,-30.0,10260.0,10280.0,10185.0,2058.0
2011.12.16,10230.0,100.0,10150.0,10240.0,10130.0,6087.0
2011.12.15,10130.0,-485.0,10240.0,10240.0,10110.0,8698.0
2011.12.14,10615.0,-85.0,10600.0,10615.0,10540.0,1066.0
2011.12.13,10700.0,-245.0,10720.0,10765.0,10660.0,2377.0
2011.12.12,10945.0,-80.0,11050.0,11080.0,10945.0,1294.0
2011.12.09,11025.0,-175.0,11020.0,11085.0,11020.0,290.0
2011.12.08,11200.0,50.0,11255.0,11255.0,11200.0,1044.0
2011.12.07,11150.0,90.0,11200.0,11200.0,11140.0,206.0
2011.12.06,11060.0,-190.0,11095.0,11145.0,11060.0,2879.0
2011.12.05,11250.0,10.0,11300.0,11340.0,11250.0,215.0
2011.12.02,11240.0,0.0,11220.0,11290.0,11220.0,909.0
2011.12.01,11240.0,120.0,11230.0,11305.0,11230.0,6531.0
2011.11.30,11120.0,115.0,11040.0,11130.0,11040.0,54.0
2011.11.29,11005.0,55.0,11000.0,11050.0,10980.0,1296.0
2011.11.28,10950.0,35.0,10875.0,11000.0,10875.0,112.0
2011.11.25,10915.0,-20.0,10935.0,10935.0,10885.0,1446.0
2011.11.24,10935.0,-130.0,10940.0,10940.0,10870.0,4023.0
2011.11.23,11065.0,205.0,11065.0,11065.0,11055.0,5569.0
2011.11.22,10860.0,-245.0,10870.0,10905.0,10840.0,266.0
2011.11.21,11105.0,5.0,11100.0,11105.0,11085.0,22.0
2011.11.18,11100.0,-365.0,11085.0,11190.0,11085.0,318.0
2011.11.17,11465.0,0.0,11465.0,11465.0,11465.0,27.0
2011.11.16,11465.0,15.0,11505.0,11540.0,11440.0,966.0
2011.11.15,11450.0,-140.0,11505.0,11510.0,11450.0,302.0
2011.11.14,11590.0,130.0,11605.0,11620.0,11580.0,908.0
2011.11.11,11460.0,0.0,11395.0,11460.0,11345.0,244.0
2011.11.10,11460.0,-145.0,11460.0,11520.0,11460.0,1006.0
2011.11.09,11605.0,-5.0,11620.0,11655.0,11590.0,115.0
2011.11.08,11610.0,180.0,11640.0,11640.0,11610.0,1397.0
2011.11.07,11430.0,0.0,11430.0,11430.0,11430.0,29.0
2011.11.04,11430.0,165.0,11395.0,11430.0,11380.0,2269.0
2011.11.03,11265.0,65.0,11260.0,11295.0,11200.0,594.0
2011.11.02,11200.0,-30.0,11125.0,11210.0,11115.0,873.0
2011.11.01,11230.0,25.0,11200.0,11250.0,11190.0,1988.0
2011.10.31,11205.0,-175.0,11400.0,11400.0,11180.0,700.0
2011.10.28,11380.0,175.0,11440.0,11445.0,11375.0,1721.0
2011.10.27,11205.0,160.0,11180.0,11240.0,11180.0,2126.0
2011.10.26,11045.0,310.0,11090.0,11090.0,11030.0,2054.0
2011.10.25,10735.0,5.0,10730.0,10750.0,10695.0,200.0
2011.10.24,10730.0,245.0,10505.0,10730.0,10485.0,1418.0
2011.10.21,10485.0,15.0,10470.0,10545.0,10470.0,2282.0
2011.10.20,10470.0,-310.0,10680.0,10680.0,10465.0,1659.0
2011.10.19,10780.0,-25.0,10790.0,10795.0,10770.0,2575.0
2011.10.18,10805.0,-95.0,10890.0,10890.0,10805.0,1422.0
2011.10.17,10900.0,115.0,10940.0,10940.0,10870.0,176.0
2011.10.14,10785.0,-95.0,10785.0,10810.0,10770.0,975.0
2011.10.13,10880.0,45.0,10880.0,10940.0,10880.0,6386.0
2011.10.12,10835.0,-45.0,10775.0,10845.0,10775.0,962.0
2011.10.11,10880.0,175.0,10510.0,10930.0,10485.0,5393.0
2011.10.10,10705.0,-75.0,10695.0,10730.0,10650.0,847.0
2011.10.07,10780.0,180.0,10675.0,10780.0,10675.0,2076.0
2011.10.06,10600.0,125.0,10650.0,10650.0,10540.0,497.0
2011.10.05,10475.0,-285.0,10485.0,10550.0,10460.0,2578.0
2011.10.04,10760.0,225.0,10800.0,10800.0,10710.0,1148.0
2011.09.30,10535.0,65.0,10480.0,10595.0,10480.0,2241.0
2011.09.29,10470.0,-120.0,10255.0,10510.0,10255.0,1639.0
2011.09.28,10590.0,-5.0,10730.0,10730.0,10575.0,3584.0
2011.09.27,10595.0,440.0,10250.0,10600.0,10220.0,11559.0
2011.09.26,10155.0,-1095.0,10655.0,10680.0,10155.0,21010.0
2011.09.23,11250.0,-540.0,11405.0,11405.0,11240.0,13462.0
2011.09.22,11790.0,-205.0,11845.0,11845.0,11780.0,2036.0
2011.09.21,11995.0,230.0,11900.0,12020.0,11890.0,3037.0
2011.09.20,11765.0,-330.0,11845.0,11845.0,11765.0,3075.0
2011.09.19,12095.0,335.0,12135.0,12135.0,12065.0,3723.0
2011.09.16,11760.0,-275.0,11855.0,11900.0,11745.0,5610.0
2011.09.15,12035.0,-155.0,12160.0,12160.0,12020.0,5097.0
2011.09.14,12190.0,-265.0,12270.0,12280.0,12175.0,9215.0
2011.09.09,12455.0,200.0,12455.0,12455.0,12365.0,3209.0
2011.09.08,12255.0,-15.0,12085.0,12275.0,12085.0,7170.0
2011.09.07,12270.0,-515.0,12510.0,12510.0,12250.0,10522.0
2011.09.06,12785.0,250.0,12680.0,12785.0,12620.0,7339.0
2011.09.05,12535.0,405.0,12610.0,12610.0,12495.0,5277.0
2011.09.02,12130.0,-45.0,12120.0,12175.0,12120.0,1165.0
2011.09.01,12175.0,-25.0,12220.0,12220.0,12125.0,7780.0
2011.08.31,12200.0,240.0,12150.0,12205.0,12145.0,16091.0
2011.08.30,11960.0,-190.0,11980.0,11980.0,11905.0,10594.0
2011.08.29,12150.0,325.0,12150.0,12150.0,12100.0,3872.0
2011.08.26,11825.0,245.0,11820.0,11885.0,11760.0,5975.0
2011.08.25,11580.0,-720.0,11635.0,11750.0,11530.0,14630.0
2011.08.24,12300.0,-415.0,12290.0,12375.0,12235.0,9380.0
2011.08.23,12715.0,105.0,12785.0,12785.0,12635.0,19625.0
2011.08.22,12610.0,360.0,12395.0,12610.0,12395.0,25539.0
2011.08.19,12250.0,370.0,12140.0,12255.0,12090.0,14555.0
2011.08.18,11880.0,85.0,11830.0,11905.0,11830.0,644.0
2011.08.17,11795.0,95.0,11790.0,11865.0,11790.0,328.0
2011.08.16,11700.0,50.0,11695.0,11750.0,11685.0,7316.0
2011.08.12,11650.0,-165.0,11590.0,11670.0,11570.0,4087.0
2011.08.11,11815.0,285.0,12000.0,12010.0,11755.0,3930.0
2011.08.10,11530.0,-115.0,11645.0,11650.0,11510.0,8376.0
2011.08.09,11645.0,195.0,11490.0,11645.0,11480.0,30933.0
2011.08.08,11450.0,480.0,11230.0,11450.0,11170.0,21183.0
2011.08.05,10970.0,-255.0,11050.0,11060.0,10970.0,4066.0
2011.08.04,11225.0,140.0,11160.0,11230.0,11160.0,3342.0
2011.08.03,11085.0,240.0,11140.0,11140.0,11075.0,1732.0
2011.08.02,10845.0,15.0,10840.0,10895.0,10840.0,2569.0
2011.08.01,10830.0,-50.0,10880.0,10880.0,10795.0,3256.0
2011.07.29,10880.0,10.0,10880.0,10890.0,10880.0,4424.0
2011.07.28,10870.0,-35.0,10845.0,10900.0,10845.0,1527.0
2011.07.27,10905.0,20.0,10890.0,10940.0,10890.0,1823.0
2011.07.26,10885.0,-5.0,10890.0,10905.0,10860.0,1276.0
2011.07.25,10890.0,225.0,10855.0,10910.0,10855.0,3432.0
2011.07.22,10665.0,-120.0,10730.0,10730.0,10665.0,1761.0
2011.07.21,10785.0,90.0,10740.0,10790.0,10735.0,935.0
2011.07.20,10695.0,-135.0,10725.0,10730.0,10615.0,10666.0
2011.07.19,10830.0,65.0,10830.0,10830.0,10745.0,10723.0
2011.07.18,10765.0,145.0,10700.0,10770.0,10700.0,1120.0
2011.07.15,10620.0,25.0,10620.0,10620.0,10595.0,1714.0
2011.07.14,10595.0,205.0,10605.0,10665.0,10575.0,7928.0
2011.07.13,10390.0,80.0,10400.0,10425.0,10380.0,4611.0
2011.07.12,10310.0,-40.0,10360.0,10360.0,10305.0,2580.0
2011.07.11,10350.0,80.0,10300.0,10350.0,10295.0,1984.0
2011.07.08,10270.0,50.0,10295.0,10295.0,10230.0,488.0
2011.07.07,10220.0,100.0,10140.0,10220.0,10120.0,933.0
2011.07.06,10120.0,150.0,10080.0,10120.0,10080.0,720.0
2011.07.05,9970.0,45.0,9935.0,9970.0,9925.0,604.0
2011.07.04,9925.0,-55.0,9920.0,9935.0,9910.0,947.0
2011.07.01,9980.0,-85.0,10020.0,10020.0,9965.0,1936.0
2011.06.30,10065.0,95.0,10045.0,10085.0,10040.0,474.0
2011.06.29,9970.0,0.0,9960.0,9975.0,9950.0,1381.0
2011.06.28,9970.0,-20.0,9970.0,9970.0,9955.0,540.0
2011.06.27,9990.0,-180.0,9980.0,9990.0,9965.0,1442.0
2011.06.24,10170.0,-170.0,10170.0,10170.0,10140.0,529.0
2011.06.23,10340.0,30.0,10350.0,10350.0,10300.0,706.0
2011.06.22,10310.0,45.0,10310.0,10320.0,10310.0,167.0
2011.06.21,10265.0,0.0,10265.0,10300.0,10265.0,492.0
2011.06.20,10265.0,100.0,10265.0,10265.0,10250.0,7228.0
2011.06.17,10165.0,-10.0,10175.0,10175.0,10165.0,546.0
2011.06.16,10175.0,5.0,10170.0,10215.0,10170.0,540.0
2011.06.15,10170.0,65.0,10185.0,10185.0,10150.0,202.0
2011.06.14,10105.0,-130.0,10100.0,10105.0,10060.0,1727.0
2011.06.13,10235.0,-115.0,10180.0,10240.0,10180.0,2184.0
2011.06.10,10350.0,40.0,10335.0,10350.0,10335.0,404.0
2011.06.09,10310.0,-5.0,10305.0,10310.0,10300.0,3955.0
2011.06.08,10315.0,-15.0,10330.0,10370.0,10310.0,1490.0
2011.06.07,10330.0,80.0,10345.0,10345.0,10310.0,1209.0
2011.06.03,10250.0,-85.0,10250.0,10250.0,10220.0,398.0
2011.06.02,10335.0,5.0,10310.0,10345.0,10300.0,768.0
2011.06.01,10330.0,-20.0,10330.0,10365.0,10320.0,1098.0
2011.05.31,10350.0,-15.0,10350.0,10380.0,10350.0,980.0
2011.05.30,10365.0,85.0,10325.0,10365.0,10320.0,4541.0
2011.05.27,10280.0,-30.0,10255.0,10280.0,10235.0,4545.0
2011.05.26,10310.0,100.0,10290.0,10335.0,10285.0,2739.0
2011.05.25,10210.0,80.0,10145.0,10215.0,10145.0,1339.0
2011.05.24,10130.0,80.0,10100.0,10130.0,10090.0,1807.0
2011.05.23,10050.0,55.0,10085.0,10100.0,10045.0,3534.0
2011.05.20,9995.0,10.0,10000.0,10000.0,9970.0,2244.0
2011.05.19,9985.0,50.0,9970.0,10025.0,9970.0,7780.0
2011.05.18,9935.0,5.0,9900.0,9935.0,9870.0,2185.0
2011.05.17,9930.0,-20.0,9930.0,9950.0,9895.0,3590.0
2011.05.16,9950.0,-105.0,9995.0,9995.0,9940.0,5414.0
2011.05.13,10055.0,-20.0,10065.0,10065.0,10040.0,3485.0
2011.05.12,10075.0,-200.0,10075.0,10075.0,10035.0,3275.0
2011.05.11,10275.0,260.0,10220.0,10275.0,10220.0,4253.0
2011.05.09,10015.0,25.0,9985.0,10020.0,9985.0,2831.0
2011.05.06,9990.0,-645.0,10005.0,10010.0,9985.0,12528.0
2011.05.04,10635.0,-245.0,10705.0,10720.0,10635.0,22146.0
2011.05.03,10880.0,-80.0,10880.0,10880.0,10835.0,11520.0
2011.05.02,10960.0,190.0,10930.0,10965.0,10925.0,14070.0
2011.04.29,10770.0,115.0,10765.0,10770.0,10755.0,9623.0
2011.04.28,10655.0,90.0,10650.0,10655.0,10615.0,4499.0
2011.04.27,10565.0,-140.0,10600.0,10610.0,10530.0,9061.0
2011.04.26,10705.0,75.0,10695.0,10705.0,10640.0,14987.0
2011.04.25,10630.0,35.0,10610.0,10630.0,10600.0,17587.0
2011.04.22,10595.0,105.0,10580.0,10595.0,10550.0,12230.0
2011.04.21,10490.0,45.0,10475.0,10490.0,10450.0,12169.0
2011.04.20,10445.0,60.0,10435.0,10445.0,10400.0,9292.0
2011.04.19,10385.0,70.0,10375.0,10390.0,10350.0,13691.0
2011.04.18,10315.0,120.0,10370.0,10370.0,10200.0,10774.0
2011.04.15,10195.0,155.0,10080.0,10195.0,10080.0,12032.0
2011.04.14,10040.0,0.0,10040.0,10040.0,10015.0,2122.0
2011.04.13,10040.0,-45.0,10020.0,10040.0,9985.0,12280.0
2011.04.12,10085.0,-100.0,10130.0,10130.0,10060.0,17330.0
2011.04.11,10185.0,115.0,10110.0,10185.0,10110.0,29039.0
2011.04.08,10070.0,70.0,10070.0,10070.0,10045.0,21686.0
