날짜,종가,전일비,시가,고가,저가,거래량
2026.06.17,32575.0,-210.0,32780.0,32860.0,32385.0,12545.0
2026.06.16,32785.0,-115.0,32855.0,32870.0,32520.0,15558.0
2026.06.15,32900.0,495.0,32900.0,33000.0,32690.0,19926.0
2026.06.12,32405.0,480.0,32705.0,32785.0,32400.0,21457.0
2026.06.11,31925.0,-135.0,31795.0,32070.0,31510.0,23810.0
2026.06.10,32060.0,355.0,32375.0,32450.0,31920.0,15762.0
2026.06.09,31705.0,-855.0,32125.0,32125.0,31665.0,20845.0
2026.06.08,32560.0,-345.0,32820.0,32890.0,32560.0,29610.0
2026.06.05,32905.0,900.0,32775.0,33030.0,32775.0,29810.0
2026.06.04,32005.0,-245.0,31985.0,32205.0,31860.0,41070.0
2026.06.02,32250.0,-665.0,32200.0,32250.0,31950.0,24286.0
2026.06.01,32915.0,190.0,32805.0,33155.0,32725.0,38541.0
2026.05.29,32725.0,560.0,32415.0,32725.0,32410.0,16596.0
2026.05.28,32165.0,15.0,32270.0,32400.0,32160.0,20544.0
2026.05.27,32150.0,-305.0,32440.0,32440.0,32095.0,27812.0
2026.05.26,32455.0,-20.0,32475.0,32705.0,32455.0,23993.0
2026.05.22,32475.0,430.0,32340.0,32550.0,32340.0,14884.0
2026.05.21,32045.0,695.0,31570.0,32090.0,31565.0,17749.0
2026.05.20,31350.0,240.0,31315.0,31450.0,31180.0,18674.0
2026.05.19,31110.0,-340.0,30855.0,31450.0,30855.0,18992.0
2026.05.18,31450.0,-795.0,31630.0,31630.0,31385.0,24208.0
2026.05.15,32245.0,-505.0,32550.0,32550.0,32245.0,40430.0
2026.05.14,32750.0,150.0,32615.0,32815.0,32000.0,52415.0
2026.05.13,32600.0,780.0,32570.0,32650.0,32315.0,31240.0
2026.05.12,31820.0,225.0,31630.0,31890.0,31630.0,41694.0
2026.05.11,31595.0,-65.0,31660.0,31660.0,31320.0,45058.0
2026.05.08,31660.0,-90.0,31215.0,31660.0,31165.0,30430.0
2026.05.07,31750.0,405.0,31530.0,31750.0,31370.0,36819.0
2026.05.06,31345.0,430.0,31715.0,31725.0,31175.0,36452.0
2026.05.04,30915.0,85.0,31010.0,31100.0,30885.0,50365.0
2026.04.30,30830.0,-485.0,31305.0,31340.0,30830.0,26221.0
2026.04.29,31315.0,-30.0,31345.0,31345.0,31160.0,21169.0
2026.04.28,31345.0,-135.0,31470.0,31470.0,31335.0,27043.0
2026.04.27,31480.0,-710.0,32190.0,32190.0,31455.0,31697.0
2026.04.24,32190.0,-135.0,32700.0,32700.0,31935.0,30348.0
2026.04.23,32325.0,-225.0,32350.0,32475.0,32250.0,36115.0
2026.04.22,32550.0,35.0,32550.0,32580.0,32465.0,35674.0
2026.04.21,32515.0,-30.0,32575.0,32700.0,32480.0,26561.0
2026.04.20,32545.0,75.0,32425.0,32670.0,32395.0,18953.0
2026.04.17,32470.0,-55.0,32470.0,32470.0,32325.0,18272.0
2026.04.16,32525.0,220.0,32530.0,32575.0,32235.0,25938.0
2026.04.15,32305.0,455.0,32375.0,32450.0,32285.0,24814.0
2026.04.14,31850.0,460.0,32005.0,32090.0,31850.0,35609.0
2026.04.13,31390.0,-295.0,31685.0,31685.0,31210.0,10169.0
2026.04.10,31685.0,135.0,31850.0,31850.0,31545.0,12197.0
2026.04.09,31550.0,-225.0,32330.0,32330.0,31475.0,13121.0
2026.04.08,31775.0,230.0,32545.0,32575.0,31305.0,23413.0
2026.04.07,31545.0,-260.0,31825.0,31825.0,31540.0,20027.0
2026.04.06,31805.0,75.0,31750.0,31950.0,31750.0,19175.0
2026.04.03,31730.0,55.0,31940.0,32000.0,31730.0,13835.0
2026.04.02,31675.0,-290.0,32170.0,32200.0,31665.0,29952.0
2026.04.01,31965.0,935.0,32285.0,32290.0,31470.0,20460.0
2026.03.31,31030.0,615.0,30810.0,31380.0,30630.0,30880.0
2026.03.30,30415.0,-990.0,30095.0,30495.0,30090.0,86631.0
2026.03.27,31405.0,175.0,31320.0,31410.0,31240.0,26583.0
2026.03.26,31230.0,750.0,31110.0,31340.0,31110.0,30429.0
2026.03.25,30480.0,135.0,30400.0,30600.0,30385.0,14421.0
2026.03.24,30345.0,-135.0,30450.0,30565.0,30290.0,11227.0
2026.03.23,30480.0,-445.0,30610.0,30610.0,30335.0,23798.0
2026.03.20,30925.0,175.0,30650.0,30935.0,30650.0,10662.0
2026.03.19,30750.0,-545.0,30925.0,31105.0,30505.0,13225.0
2026.03.18,31295.0,220.0,31125.0,31295.0,31125.0,13356.0
2026.03.17,31075.0,-85.0,31210.0,31295.0,31075.0,15964.0
2026.03.16,31160.0,30.0,31130.0,31285.0,30995.0,15450.0
2026.03.13,31130.0,-235.0,31000.0,31130.0,30930.0,11973.0
2026.03.12,31365.0,-235.0,31330.0,31515.0,30550.0,83741.0
2026.03.11,31600.0,130.0,31440.0,31840.0,31405.0,17209.0
2026.03.10,31470.0,875.0,31495.0,31495.0,31225.0,27431.0
2026.03.09,30595.0,-570.0,30855.0,30855.0,30480.0,22415.0
2026.03.06,31165.0,-375.0,31430.0,31435.0,31070.0,30074.0
2026.03.05,31540.0,460.0,31690.0,31745.0,31095.0,27279.0
2026.03.04,31080.0,-485.0,31565.0,31755.0,31080.0,58591.0
2026.03.03,31565.0,470.0,31365.0,31705.0,31365.0,55321.0
2026.02.27,31095.0,-175.0,31270.0,31270.0,30900.0,36655.0
2026.02.26,31270.0,-365.0,31095.0,31340.0,30960.0,117467.0
2026.02.25,31635.0,275.0,31425.0,31940.0,31425.0,98511.0
2026.02.24,31360.0,390.0,30970.0,31500.0,30970.0,27377.0
2026.02.23,30970.0,-510.0,31345.0,31345.0,30955.0,32839.0
2026.02.20,31480.0,180.0,31305.0,31535.0,31305.0,43434.0
2026.02.19,31300.0,720.0,31240.0,31390.0,30705.0,41648.0
2026.02.13,30580.0,-345.0,30800.0,30800.0,30555.0,25046.0
2026.02.12,30925.0,-170.0,30955.0,31100.0,30900.0,24955.0
2026.02.11,31095.0,-355.0,31335.0,31335.0,31090.0,33932.0
2026.02.10,31450.0,-180.0,31615.0,31615.0,31325.0,31283.0
2026.02.09,31630.0,860.0,31845.0,31885.0,31610.0,38198.0
2026.02.06,30770.0,-670.0,30390.0,31440.0,30390.0,50677.0
2026.02.05,31440.0,495.0,30955.0,31485.0,30955.0,68769.0
2026.02.04,30945.0,-135.0,31010.0,31055.0,30820.0,36128.0
2026.02.03,31080.0,685.0,31180.0,31180.0,31017.0,60479.0
2026.02.02,30395.0,-130.0,30435.0,30780.0,30325.0,70435.0
2026.01.30,30525.0,-135.0,30660.0,30700.0,30525.0,44873.0
2026.01.29,30660.0,-450.0,30775.0,30775.0,30350.0,64300.0
2026.01.28,31110.0,-325.0,31395.0,31395.0,31005.0,73543.0
2026.01.27,31435.0,470.0,31125.0,31445.0,31125.0,51532.0
2026.01.26,30965.0,-1035.0,31280.0,31280.0,30800.0,86578.0
2026.01.23,32000.0,305.0,32000.0,32070.0,31880.0,38250.0
2026.01.22,31695.0,845.0,31545.0,31695.0,31530.0,60683.0
2026.01.21,30850.0,185.0,30990.0,30990.0,30720.0,31986.0
2026.01.20,30665.0,-45.0,30645.0,30790.0,30535.0,45620.0
2026.01.19,30710.0,-315.0,30700.0,30710.0,30550.0,59916.0
2026.01.16,31025.0,-255.0,30910.0,31025.0,30785.0,65110.0
2026.01.15,31280.0,200.0,31100.0,31310.0,31040.0,36515.0
2026.01.14,31080.0,75.0,31005.0,31180.0,30975.0,53481.0
2026.01.13,31005.0,-190.0,30950.0,31015.0,30795.0,49131.0
2026.01.12,31195.0,335.0,30855.0,31195.0,30680.0,72037.0
2026.01.09,30860.0,-385.0,30795.0,30870.0,30625.0,58244.0
2026.01.08,31245.0,800.0,31235.0,31415.0,31230.0,56551.0
2026.01.07,30445.0,745.0,30285.0,30605.0,30285.0,86748.0
2026.01.06,29700.0,-415.0,29735.0,29775.0,29640.0,57648.0
2026.01.05,30115.0,-180.0,30260.0,30260.0,30110.0,69373.0
2026.01.02,30295.0,-90.0,30155.0,30330.0,30070.0,55950.0
2025.12.30,30385.0,-5.0,30190.0,30385.0,30070.0,28638.0
2025.12.29,30390.0,-405.0,30720.0,30720.0,30390.0,52970.0
2025.12.26,30955.0,80.0,30885.0,31215.0,30770.0,56475.0
2025.12.24,30875.0,-775.0,31455.0,31520.0,30865.0,51063.0
2025.12.23,31650.0,230.0,31495.0,31750.0,31495.0,47074.0
2025.12.22,31420.0,1035.0,31200.0,31440.0,31065.0,43888.0
2025.12.19,30385.0,-425.0,30800.0,30810.0,30200.0,43402.0
2025.12.18,30810.0,40.0,30460.0,30810.0,30460.0,20203.0
2025.12.17,30770.0,120.0,30605.0,30800.0,30525.0,33714.0
2025.12.16,30650.0,-355.0,30750.0,30980.0,30550.0,53824.0
2025.12.15,31005.0,-45.0,30985.0,31135.0,30855.0,53728.0
2025.12.12,31050.0,540.0,30550.0,31085.0,30550.0,34328.0
2025.12.11,30510.0,160.0,30500.0,30620.0,30400.0,93918.0
2025.12.10,30350.0,-500.0,30320.0,30440.0,30200.0,49875.0
2025.12.09,30850.0,-200.0,30890.0,31025.0,30765.0,45552.0
2025.12.08,31050.0,-140.0,31095.0,31130.0,30800.0,70975.0
2025.12.05,31190.0,-125.0,31260.0,31325.0,31145.0,54601.0
2025.12.04,31315.0,730.0,31010.0,31320.0,31010.0,52586.0
2025.12.03,30585.0,-175.0,30525.0,30675.0,30375.0,77461.0
2025.12.02,30760.0,-525.0,30665.0,31040.0,30660.0,91129.0
2025.12.01,31285.0,-500.0,31415.0,31755.0,31070.0,146732.0
2025.11.28,31785.0,110.0,31340.0,32300.0,31125.0,82951.0
2025.11.27,31675.0,375.0,31425.0,31925.0,31415.0,83430.0
2025.11.26,31300.0,540.0,31060.0,31975.0,30800.0,91832.0
2025.11.25,30760.0,150.0,30685.0,30880.0,30685.0,45834.0
2025.11.24,30610.0,645.0,30380.0,32320.0,30245.0,79472.0
2025.11.21,29965.0,-465.0,29770.0,29965.0,29630.0,56024.0
2025.11.20,30430.0,235.0,30205.0,30475.0,30195.0,57778.0
2025.11.19,30195.0,305.0,30160.0,30250.0,29945.0,55048.0
2025.11.18,29890.0,160.0,29700.0,30090.0,29700.0,57203.0
2025.11.17,29730.0,335.0,29420.0,29830.0,29305.0,33554.0
2025.11.14,29395.0,-600.0,29505.0,29735.0,29115.0,67665.0
2025.11.13,29995.0,225.0,29795.0,30020.0,29600.0,73975.0
2025.11.12,29770.0,1065.0,29485.0,29805.0,29435.0,62294.0
2025.11.11,28705.0,335.0,28640.0,28800.0,28385.0,34576.0
2025.11.10,28370.0,60.0,28435.0,28440.0,28250.0,37306.0
2025.11.07,28310.0,-45.0,28320.0,28450.0,28230.0,32998.0
2025.11.06,28355.0,680.0,28065.0,28375.0,28010.0,49142.0
2025.11.05,27675.0,-40.0,27715.0,27800.0,27350.0,46993.0
2025.11.04,27715.0,-515.0,27795.0,27895.0,27715.0,38643.0
2025.11.03,28230.0,225.0,28115.0,28430.0,28115.0,53535.0
2025.10.31,28005.0,545.0,27950.0,28095.0,27950.0,30180.0
2025.10.30,27460.0,-420.0,27385.0,27515.0,27315.0,37477.0
2025.10.29,27880.0,175.0,27915.0,27920.0,27675.0,42079.0
2025.10.28,27705.0,165.0,27695.0,27775.0,27625.0,39158.0
2025.10.27,27540.0,270.0,27625.0,27635.0,27270.0,38033.0
2025.10.24,27270.0,0.0,27215.0,27285.0,27135.0,38814.0
2025.10.23,27270.0,-160.0,27030.0,27285.0,26975.0,39402.0
2025.10.22,27430.0,-85.0,27445.0,27445.0,27295.0,29095.0
2025.10.21,27515.0,470.0,27380.0,27515.0,27370.0,30596.0
2025.10.20,27045.0,370.0,26950.0,27130.0,26930.0,40565.0
2025.10.17,26675.0,-230.0,26910.0,26910.0,26655.0,37638.0
2025.10.16,26905.0,235.0,27000.0,27000.0,26825.0,37086.0
2025.10.15,26670.0,305.0,26695.0,26750.0,26580.0,47143.0
2025.10.14,26365.0,-515.0,26625.0,26680.0,26307.0,52560.0
2025.10.13,26880.0,150.0,26760.0,26915.0,26710.0,51097.0
2025.10.10,26730.0,980.0,26715.0,26800.0,26135.0,84005.0
2025.10.02,25750.0,695.0,25705.0,25805.0,25500.0,59082.0
2025.10.01,25055.0,215.0,25010.0,25120.0,24985.0,47402.0
2025.09.30,24840.0,255.0,24835.0,24860.0,24565.0,33770.0
2025.09.29,24585.0,195.0,24710.0,24755.0,24580.0,36665.0
2025.09.26,24390.0,-245.0,24360.0,24395.0,24295.0,29649.0
2025.09.25,24635.0,-65.0,24575.0,24695.0,24455.0,30228.0
2025.09.24,24700.0,30.0,24660.0,24700.0,24540.0,33811.0
2025.09.23,24670.0,80.0,24620.0,24725.0,24620.0,40547.0
2025.09.22,24590.0,-175.0,24630.0,24690.0,24555.0,38066.0
2025.09.19,24765.0,440.0,24645.0,24825.0,24640.0,60269.0
2025.09.18,24325.0,295.0,24085.0,24330.0,24030.0,34752.0
2025.09.17,24030.0,-45.0,24060.0,24095.0,23975.0,31813.0
2025.09.16,24075.0,-275.0,24145.0,24145.0,24060.0,60251.0
2025.09.15,24350.0,-370.0,24405.0,24405.0,24305.0,53344.0
2025.09.12,24720.0,395.0,24770.0,24770.0,24685.0,37562.0
2025.09.11,24325.0,-275.0,24260.0,24355.0,24205.0,47892.0
2025.09.10,24600.0,120.0,24490.0,24665.0,24490.0,39002.0
2025.09.09,24480.0,-305.0,24485.0,24495.0,24325.0,51173.0
2025.09.08,24785.0,415.0,24665.0,24815.0,24650.0,45245.0
2025.09.05,24370.0,-35.0,24470.0,24470.0,24300.0,20408.0
2025.09.04,24405.0,15.0,24400.0,24500.0,24305.0,46865.0
2025.09.03,24390.0,590.0,24260.0,24490.0,24180.0,43825.0
2025.09.02,23800.0,-115.0,23915.0,23955.0,23785.0,32567.0
2025.09.01,23915.0,-75.0,23970.0,24040.0,23890.0,14293.0
2025.08.29,23990.0,50.0,23940.0,23990.0,23730.0,27785.0
2025.08.28,23940.0,-105.0,23985.0,23985.0,23790.0,29409.0
2025.08.27,24045.0,360.0,24070.0,24100.0,24005.0,11527.0
2025.08.26,23685.0,-365.0,23735.0,23775.0,23545.0,21860.0
2025.08.25,24050.0,140.0,24185.0,24185.0,23980.0,26660.0
2025.08.22,23910.0,-45.0,24200.0,24215.0,23910.0,29550.0
2025.08.21,23955.0,250.0,24090.0,24100.0,23870.0,36260.0
2025.08.20,23705.0,-80.0,23805.0,23805.0,23645.0,37426.0
2025.08.19,23785.0,70.0,23895.0,23895.0,23715.0,33797.0
2025.08.18,23715.0,345.0,23685.0,23985.0,23685.0,63759.0
2025.08.14,23370.0,385.0,23385.0,23430.0,23300.0,58297.0
2025.08.13,22985.0,280.0,23000.0,23000.0,22945.0,11846.0
2025.08.12,22705.0,-55.0,22875.0,22875.0,22650.0,27149.0
2025.08.11,22760.0,60.0,22765.0,22880.0,22755.0,26058.0
2025.08.08,22700.0,120.0,22650.0,22700.0,22605.0,23831.0
2025.08.07,22580.0,-285.0,22740.0,22740.0,22575.0,18046.0
2025.08.06,22865.0,-425.0,22955.0,22990.0,22820.0,31816.0
2025.08.05,23290.0,460.0,23300.0,23325.0,23180.0,69326.0
2025.08.04,22830.0,25.0,22805.0,22840.0,22770.0,36667.0
2025.08.01,22805.0,-300.0,22705.0,22860.0,22650.0,40426.0
2025.07.31,23105.0,195.0,23145.0,23260.0,23085.0,32546.0
2025.07.30,22910.0,-90.0,22925.0,22925.0,22735.0,19359.0
2025.07.29,23000.0,-225.0,22915.0,23030.0,22910.0,25385.0
2025.07.28,23225.0,190.0,23135.0,23225.0,23135.0,18064.0
2025.07.25,23035.0,35.0,22920.0,23060.0,22880.0,13681.0
2025.07.24,23000.0,150.0,23100.0,23100.0,22940.0,38163.0
2025.07.23,22850.0,560.0,22800.0,22850.0,22635.0,43270.0
2025.07.22,22290.0,-140.0,22295.0,22430.0,22235.0,30142.0
2025.07.21,22430.0,-400.0,22530.0,22540.0,22425.0,27594.0
2025.07.18,22830.0,55.0,22790.0,22855.0,22780.0,24018.0
2025.07.17,22775.0,535.0,22695.0,22895.0,22625.0,42255.0
2025.07.16,22240.0,-470.0,22175.0,22245.0,22125.0,39815.0
2025.07.15,22710.0,410.0,22660.0,22745.0,22635.0,40015.0
2025.07.14,22300.0,-425.0,22210.0,22330.0,22140.0,26549.0
2025.07.11,22725.0,390.0,22530.0,23425.0,22430.0,42868.0
2025.07.10,22335.0,490.0,22360.0,22415.0,22310.0,48228.0
2025.07.09,21845.0,260.0,21845.0,21880.0,21760.0,15241.0
2025.07.08,21585.0,-120.0,21665.0,21665.0,21525.0,17304.0
2025.07.07,21705.0,40.0,21755.0,21840.0,21665.0,22969.0
2025.07.04,21665.0,15.0,21650.0,21825.0,21635.0,19843.0
2025.07.03,21650.0,325.0,21620.0,21705.0,21445.0,26615.0
2025.07.02,21325.0,225.0,21295.0,21395.0,21175.0,21660.0
2025.07.01,21100.0,5.0,21075.0,21110.0,20940.0,19430.0
2025.06.30,21095.0,-105.0,21305.0,21305.0,21010.0,18613.0
2025.06.27,21200.0,-25.0,21205.0,21230.0,21080.0,11790.0
2025.06.26,21225.0,-60.0,21120.0,21255.0,21100.0,33907.0
2025.06.25,21285.0,95.0,21190.0,21400.0,21160.0,33936.0
2025.06.24,21190.0,-105.0,21155.0,21235.0,21110.0,28793.0
2025.06.23,21295.0,145.0,21150.0,21295.0,20960.0,26924.0
2025.06.20,21150.0,-100.0,21270.0,21295.0,21100.0,8816.0
2025.06.19,21250.0,180.0,21210.0,21370.0,21105.0,24903.0
2025.06.18,21070.0,-175.0,21200.0,21250.0,21060.0,21115.0
2025.06.17,21245.0,-205.0,21250.0,21260.0,21155.0,19977.0
2025.06.16,21450.0,185.0,21495.0,21640.0,21390.0,14785.0
2025.06.13,21265.0,-35.0,21455.0,21455.0,21160.0,20106.0
2025.06.12,21300.0,-350.0,21650.0,21650.0,21300.0,16042.0
2025.06.11,21650.0,335.0,21470.0,21650.0,21470.0,23678.0
2025.06.10,21315.0,195.0,21380.0,21500.0,21235.0,42733.0
2025.06.09,21120.0,255.0,21265.0,21280.0,21055.0,17170.0
2025.06.05,20865.0,-190.0,20970.0,20970.0,20830.0,14324.0
2025.06.04,21055.0,325.0,20960.0,21150.0,20960.0,28866.0
2025.06.02,20730.0,-270.0,20700.0,20745.0,20635.0,15413.0
2025.05.30,21000.0,5.0,21285.0,21350.0,20835.0,20845.0
2025.05.29,20995.0,170.0,20995.0,21130.0,20905.0,18789.0
2025.05.28,20825.0,-55.0,20995.0,20995.0,20800.0,11537.0
2025.05.27,20880.0,90.0,20665.0,20880.0,20550.0,5222.0
2025.05.26,20790.0,80.0,20710.0,20825.0,20660.0,14352.0
2025.05.23,20710.0,-65.0,20800.0,20800.0,20660.0,20076.0
2025.05.22,20775.0,-455.0,20710.0,20865.0,20580.0,11816.0
2025.05.21,21230.0,245.0,21395.0,21395.0,21185.0,13667.0
2025.05.20,20985.0,400.0,20995.0,21105.0,20940.0,24117.0
2025.05.19,20585.0,100.0,20840.0,20840.0,20470.0,24159.0
2025.05.16,20485.0,370.0,20280.0,20625.0,20280.0,24210.0
2025.05.15,20115.0,-795.0,21130.0,21130.0,20070.0,46346.0
2025.05.14,20910.0,-190.0,20820.0,21405.0,20735.0,20182.0
2025.05.13,21100.0,705.0,21130.0,21145.0,21005.0,28367.0
2025.05.12,20395.0,-260.0,20370.0,20400.0,20335.0,21322.0
2025.05.09,20655.0,-140.0,20550.0,21090.0,20490.0,26981.0
2025.05.08,20795.0,15.0,20505.0,20840.0,20460.0,40765.0
2025.05.07,20780.0,-1040.0,21575.0,21575.0,20500.0,42208.0
2025.05.02,21820.0,-150.0,21975.0,22165.0,21820.0,5998.0
2025.04.30,21970.0,-175.0,22070.0,22070.0,21965.0,7469.0
2025.04.29,22145.0,280.0,22190.0,22235.0,22060.0,20592.0
2025.04.28,21865.0,-270.0,21905.0,21905.0,21700.0,10456.0
2025.04.25,22135.0,535.0,22235.0,22235.0,21900.0,4112.0
2025.04.24,21600.0,-15.0,21540.0,21665.0,21520.0,5906.0
2025.04.23,21615.0,900.0,21695.0,21695.0,21520.0,18175.0
2025.04.22,20715.0,85.0,20525.0,20740.0,20525.0,7699.0
2025.04.21,20630.0,-170.0,20800.0,20800.0,20400.0,6984.0
2025.04.18,20800.0,300.0,20795.0,20805.0,20715.0,4988.0
2025.04.17,20500.0,-80.0,20455.0,20900.0,20455.0,8443.0
2025.04.16,20580.0,-405.0,20980.0,20980.0,20450.0,8827.0
2025.04.15,20985.0,275.0,20985.0,21145.0,20880.0,9560.0
2025.04.14,20710.0,230.0,20640.0,20815.0,20610.0,26337.0
2025.04.11,20480.0,-450.0,20255.0,20725.0,19940.0,15025.0
2025.04.10,20930.0,830.0,21660.0,21660.0,20760.0,16555.0
2025.04.09,20100.0,-1045.0,20080.0,20355.0,19895.0,34960.0
2025.04.08,21145.0,1145.0,20845.0,21275.0,20745.0,9378.0
2025.04.07,20000.0,-1665.0,20935.0,21660.0,19900.0,35017.0
2025.04.04,21665.0,-370.0,22025.0,22030.0,21555.0,15610.0
2025.04.03,22035.0,-255.0,22100.0,22190.0,21960.0,9694.0
2025.04.02,22290.0,-575.0,22375.0,22375.0,22175.0,13844.0
2025.04.01,22865.0,-195.0,23005.0,23005.0,22760.0,11525.0
2025.03.31,23060.0,-325.0,23340.0,23340.0,22970.0,11143.0
2025.03.28,23385.0,65.0,23450.0,23455.0,23385.0,6055.0
2025.03.27,23320.0,-395.0,23375.0,23465.0,23275.0,8674.0
2025.03.26,23715.0,-425.0,23780.0,23810.0,23665.0,9876.0
2025.03.25,24140.0,100.0,24155.0,24230.0,24140.0,13000.0
2025.03.24,24040.0,355.0,23735.0,24100.0,23735.0,18691.0
2025.03.21,23685.0,-295.0,23900.0,23900.0,23675.0,12933.0
2025.03.20,23980.0,290.0,23965.0,23990.0,23800.0,9582.0
2025.03.19,23690.0,-215.0,23685.0,23720.0,23590.0,6398.0
2025.03.18,23905.0,575.0,23740.0,23955.0,23735.0,13859.0
2025.03.17,23330.0,-110.0,23900.0,23900.0,23330.0,16835.0
2025.03.14,23440.0,-130.0,23695.0,23695.0,23440.0,5356.0
2025.03.13,23570.0,-110.0,23525.0,23790.0,23525.0,5039.0
2025.03.12,23680.0,-330.0,23680.0,23795.0,23640.0,15257.0
2025.03.11,24010.0,165.0,23985.0,24025.0,23610.0,26189.0
2025.03.10,23845.0,-5.0,23910.0,23965.0,23660.0,32376.0
2025.03.07,23850.0,145.0,23915.0,23915.0,23845.0,7095.0
2025.03.06,23705.0,65.0,24195.0,24195.0,23705.0,6874.0
2025.03.05,23640.0,-70.0,23730.0,23890.0,23635.0,14394.0
2025.03.04,23710.0,-215.0,23695.0,23755.0,23695.0,12350.0
2025.02.28,23925.0,200.0,23700.0,23925.0,23575.0,20923.0
2025.02.27,23725.0,-250.0,23805.0,23805.0,23725.0,10899.0
2025.02.26,23975.0,5.0,23800.0,23995.0,23800.0,9554.0
2025.02.25,23970.0,-145.0,23965.0,23990.0,23885.0,13453.0
2025.02.24,24115.0,-70.0,24190.0,24245.0,24055.0,22323.0
2025.02.21,24185.0,125.0,24145.0,24255.0,24145.0,20463.0
2025.02.20,24060.0,80.0,24165.0,24205.0,24040.0,14729.0
2025.02.19,23980.0,-20.0,24000.0,24045.0,23965.0,19274.0
2025.02.18,24000.0,-25.0,23995.0,24065.0,23920.0,12239.0
2025.02.17,24025.0,205.0,23875.0,24035.0,23830.0,18184.0
2025.02.14,23820.0,105.0,23910.0,24000.0,23820.0,37451.0
2025.02.13,23715.0,195.0,23830.0,23830.0,23615.0,15346.0
2025.02.12,23520.0,-290.0,23450.0,23560.0,23365.0,17913.0
2025.02.11,23810.0,-265.0,23845.0,23845.0,23670.0,26573.0
2025.02.10,24075.0,-250.0,23975.0,24325.0,23890.0,16291.0
2025.02.07,24325.0,-420.0,24435.0,24435.0,24260.0,18485.0
2025.02.06,24745.0,900.0,24715.0,24760.0,24600.0,40817.0
2025.02.05,23845.0,-315.0,24185.0,24185.0,23845.0,35904.0
2025.02.04,24160.0,500.0,24035.0,24220.0,23990.0,32672.0
2025.02.03,23660.0,-620.0,24170.0,24170.0,23600.0,31000.0
2025.01.31,24280.0,655.0,23950.0,24420.0,23950.0,59627.0
2025.01.24,23625.0,290.0,23770.0,23770.0,23625.0,20102.0
2025.01.23,23335.0,-155.0,23365.0,23455.0,23320.0,8354.0
2025.01.22,23490.0,770.0,22600.0,23500.0,22600.0,37588.0
2025.01.21,22720.0,-260.0,22710.0,22890.0,22655.0,74017.0
2025.01.20,22980.0,-25.0,23100.0,23120.0,22930.0,16599.0
2025.01.17,23005.0,-105.0,23110.0,23130.0,22955.0,8508.0
2025.01.16,23110.0,320.0,22990.0,23180.0,22990.0,13258.0
2025.01.15,22790.0,-520.0,22815.0,22840.0,22760.0,16791.0
2025.01.14,23310.0,290.0,23285.0,23355.0,23230.0,14537.0
2025.01.13,23020.0,-380.0,23400.0,23400.0,22955.0,17077.0
2025.01.10,23400.0,135.0,23100.0,23405.0,23100.0,15348.0
2025.01.09,23265.0,-295.0,23520.0,23520.0,23235.0,15130.0
2025.01.08,23560.0,305.0,23345.0,23560.0,23345.0,13860.0
2025.01.07,23255.0,-315.0,23475.0,23475.0,23165.0,22174.0
2025.01.06,23570.0,250.0,23515.0,23605.0,23425.0,19032.0
2025.01.03,23320.0,90.0,23305.0,23620.0,23235.0,26662.0
2025.01.02,23230.0,-220.0,23360.0,23380.0,23140.0,23949.0
2024.12.30,23450.0,-135.0,23585.0,23585.0,23305.0,12211.0
2024.12.27,23585.0,50.0,23670.0,23885.0,23550.0,18321.0
2024.12.26,23545.0,215.0,23460.0,23575.0,23370.0,17842.0
2024.12.24,23330.0,270.0,23385.0,23385.0,23215.0,23782.0
2024.12.23,23060.0,295.0,23185.0,23185.0,22980.0,13185.0
2024.12.20,22765.0,-255.0,22865.0,22915.0,22700.0,25350.0
2024.12.19,23020.0,-690.0,23150.0,23150.0,22960.0,15576.0
2024.12.18,23710.0,85.0,23785.0,23785.0,23680.0,10923.0
2024.12.17,23625.0,260.0,23610.0,23625.0,23560.0,17065.0
2024.12.16,23365.0,-305.0,23455.0,23475.0,23310.0,18842.0
2024.12.13,23670.0,-285.0,23560.0,23715.0,23560.0,24813.0
2024.12.12,23955.0,-125.0,24330.0,24330.0,23895.0,16583.0
2024.12.11,24080.0,-85.0,24165.0,24165.0,24045.0,16991.0
2024.12.10,24165.0,-175.0,24350.0,24350.0,24125.0,38917.0
2024.12.09,24340.0,475.0,24075.0,24420.0,24055.0,47293.0
2024.12.06,23865.0,-35.0,23865.0,23980.0,23750.0,14836.0
2024.12.05,23900.0,100.0,23900.0,23915.0,23845.0,11940.0
2024.12.04,23800.0,-155.0,23660.0,23890.0,23660.0,18871.0
2024.12.03,23955.0,135.0,23895.0,23975.0,23885.0,9738.0
2024.12.02,23820.0,-85.0,23845.0,23910.0,23755.0,16194.0
2024.11.29,23905.0,10.0,23825.0,23940.0,23790.0,10240.0
2024.11.28,23895.0,375.0,23635.0,23900.0,23635.0,15550.0
2024.11.27,23520.0,-65.0,23595.0,23600.0,23505.0,17248.0
2024.11.26,23585.0,130.0,23595.0,23690.0,23505.0,44690.0
2024.11.25,23455.0,435.0,23400.0,23485.0,23335.0,54957.0
2024.11.22,23020.0,290.0,22995.0,23030.0,22930.0,23011.0
2024.11.21,22730.0,100.0,22800.0,22845.0,22675.0,15210.0
2024.11.20,22630.0,145.0,22575.0,22680.0,22490.0,31858.0
2024.11.19,22485.0,-245.0,22500.0,22535.0,22465.0,22600.0
2024.11.18,22730.0,-935.0,23670.0,23675.0,22645.0,48068.0
2024.11.15,23665.0,-725.0,23960.0,23960.0,23665.0,14692.0
2024.11.14,24390.0,-10.0,24265.0,24445.0,24265.0,13925.0
2024.11.13,24400.0,-635.0,24695.0,24695.0,24280.0,55614.0
2024.11.12,25035.0,-160.0,25170.0,25195.0,25030.0,26017.0
2024.11.11,25195.0,510.0,24960.0,25195.0,24750.0,28259.0
2024.11.08,24685.0,30.0,24655.0,24730.0,24605.0,29964.0
2024.11.07,24655.0,30.0,24630.0,24740.0,24565.0,24269.0
2024.11.06,24625.0,735.0,24065.0,24750.0,24065.0,18510.0
2024.11.05,23890.0,95.0,23875.0,23935.0,23760.0,12600.0
2024.11.04,23795.0,160.0,23720.0,23875.0,23720.0,8703.0
2024.11.01,23635.0,-240.0,23620.0,23640.0,23570.0,14593.0
2024.10.31,23875.0,-225.0,24000.0,24000.0,23870.0,12102.0
2024.10.30,24100.0,-35.0,24140.0,24150.0,24090.0,8055.0
2024.10.29,24135.0,180.0,24075.0,24170.0,24075.0,12083.0
2024.10.28,23955.0,-25.0,23980.0,23980.0,23945.0,9072.0
2024.10.25,23980.0,20.0,23895.0,23990.0,23795.0,16060.0
2024.10.24,23960.0,-230.0,24190.0,24190.0,23910.0,28247.0
2024.10.23,24190.0,145.0,24170.0,24230.0,24125.0,28554.0
2024.10.22,24045.0,-250.0,24220.0,24220.0,24000.0,26979.0
2024.10.21,24295.0,30.0,24295.0,24345.0,24250.0,12874.0
2024.10.18,24265.0,-125.0,24395.0,24395.0,24240.0,13503.0
2024.10.17,24390.0,345.0,24100.0,24390.0,24100.0,31714.0
2024.10.16,24045.0,140.0,23925.0,24100.0,23920.0,21056.0
2024.10.15,23905.0,310.0,23835.0,23945.0,23775.0,20470.0
2024.10.14,23595.0,415.0,23540.0,23595.0,23540.0,13711.0
2024.10.11,23180.0,5.0,23190.0,23285.0,23175.0,11284.0
2024.10.10,23175.0,130.0,23170.0,23280.0,23170.0,9218.0
2024.10.08,23045.0,-230.0,23275.0,23275.0,23000.0,13655.0
2024.10.07,23275.0,450.0,23145.0,23310.0,23115.0,27259.0
2024.10.04,22825.0,-105.0,22930.0,22940.0,22685.0,14464.0
2024.10.02,22930.0,145.0,23025.0,23035.0,22905.0,23832.0
2024.09.30,22785.0,-170.0,22920.0,22955.0,22730.0,23672.0
2024.09.27,22955.0,-345.0,22970.0,22975.0,22845.0,26444.0
2024.09.26,23300.0,25.0,23135.0,23300.0,22985.0,30135.0
2024.09.25,23275.0,-180.0,23310.0,23310.0,23210.0,20899.0
2024.09.24,23455.0,-415.0,23655.0,23655.0,23275.0,347935.0
2024.09.23,23870.0,-270.0,23930.0,24015.0,23775.0,246716.0
2024.09.20,24140.0,5.0,24140.0,24200.0,24000.0,23118.0
2024.09.19,24135.0,540.0,23610.0,24145.0,23610.0,45982.0
2024.09.13,23595.0,-55.0,23695.0,23695.0,23555.0,11118.0
2024.09.12,23650.0,110.0,23675.0,23675.0,23575.0,9031.0
2024.09.11,23540.0,60.0,23720.0,23720.0,23360.0,8400.0
2024.09.10,23480.0,245.0,23385.0,23600.0,23385.0,10060.0
2024.09.09,23235.0,220.0,23105.0,23725.0,22990.0,260457.0
2024.09.06,23015.0,-315.0,23330.0,23330.0,23015.0,21123.0
2024.09.05,23330.0,-50.0,23390.0,23670.0,23310.0,25504.0
2024.09.04,23380.0,-640.0,23510.0,23690.0,23380.0,60818.0
2024.09.03,24020.0,95.0,23995.0,24050.0,23865.0,12570.0
2024.09.02,23925.0,60.0,23885.0,23990.0,23885.0,11866.0
2024.08.30,23865.0,-65.0,23930.0,23930.0,23840.0,87771.0
2024.08.29,23930.0,85.0,24025.0,24025.0,23895.0,18956.0
2024.08.28,23845.0,-75.0,23920.0,23920.0,23795.0,13403.0
2024.08.27,23920.0,115.0,24180.0,24180.0,23810.0,26189.0
2024.08.26,23805.0,-105.0,23850.0,23850.0,23710.0,21990.0
2024.08.23,23910.0,-295.0,23995.0,24005.0,23690.0,42517.0
2024.08.22,24205.0,365.0,23960.0,24210.0,23960.0,22669.0
2024.08.21,23840.0,-70.0,23860.0,23860.0,23680.0,17318.0
2024.08.20,23910.0,470.0,23740.0,23975.0,23740.0,436997.0
2024.08.19,23440.0,-410.0,23605.0,23655.0,23280.0,33349.0
2024.08.16,23850.0,195.0,23680.0,23940.0,23680.0,36819.0
2024.08.14,23655.0,110.0,23655.0,23705.0,23590.0,28289.0
2024.08.13,23545.0,-90.0,23515.0,23550.0,23420.0,29035.0
2024.08.12,23635.0,155.0,23395.0,23725.0,23360.0,37070.0
2024.08.09,23480.0,480.0,23680.0,23680.0,23405.0,26818.0
2024.08.08,23000.0,-425.0,22930.0,23130.0,22915.0,19791.0
2024.08.07,23425.0,165.0,23270.0,23610.0,23245.0,95313.0
2024.08.06,23260.0,955.0,22250.0,23360.0,22250.0,86887.0
2024.08.05,22305.0,-1560.0,23835.0,23835.0,22145.0,85533.0
2024.08.02,23865.0,-555.0,24370.0,24370.0,23865.0,53194.0
2024.08.01,24420.0,-485.0,24465.0,24545.0,24185.0,36742.0
2024.07.31,24905.0,-60.0,24710.0,24905.0,24545.0,22949.0
2024.07.30,24965.0,-245.0,24855.0,24965.0,24695.0,35401.0
2024.07.29,25210.0,260.0,24995.0,25215.0,24950.0,52900.0
2024.07.26,24950.0,160.0,24855.0,24960.0,24800.0,35833.0
2024.07.25,24790.0,330.0,24305.0,24810.0,24305.0,24620.0
2024.07.24,24460.0,-240.0,24705.0,24705.0,24320.0,24085.0
2024.07.23,24700.0,240.0,24560.0,24725.0,24560.0,27239.0
2024.07.22,24460.0,-140.0,24465.0,24465.0,24190.0,39710.0
2024.07.19,24600.0,-330.0,24515.0,24600.0,24365.0,40509.0
2024.07.18,24930.0,20.0,24590.0,24930.0,24590.0,61836.0
2024.07.17,24910.0,245.0,24935.0,25010.0,24825.0,72673.0
2024.07.16,24665.0,145.0,24605.0,24685.0,24600.0,38278.0
2024.07.15,24520.0,220.0,24325.0,24560.0,24310.0,63153.0
2024.07.12,24300.0,575.0,23785.0,24300.0,23785.0,62669.0
2024.07.11,23725.0,235.0,23545.0,23805.0,23545.0,19883.0
2024.07.10,23490.0,170.0,23375.0,23570.0,23375.0,19667.0
2024.07.09,23320.0,340.0,23650.0,23650.0,23060.0,14609.0
2024.07.08,22980.0,260.0,22735.0,22980.0,22725.0,36313.0
2024.07.05,22720.0,5.0,22710.0,22730.0,22600.0,11419.0
2024.07.04,22715.0,-295.0,22880.0,22880.0,22685.0,21149.0
2024.07.03,23010.0,-280.0,23075.0,23075.0,22935.0,27690.0
2024.07.02,23290.0,115.0,23175.0,23290.0,23000.0,20266.0
2024.07.01,23175.0,-20.0,23175.0,23215.0,23050.0,16740.0
2024.06.28,23195.0,85.0,23220.0,23325.0,23110.0,36526.0
2024.06.27,23110.0,-420.0,23460.0,23460.0,23105.0,27859.0
2024.06.26,23530.0,-160.0,23690.0,23725.0,23510.0,20456.0
2024.06.25,23690.0,440.0,23495.0,23695.0,23430.0,60459.0
2024.06.24,23250.0,395.0,23020.0,23250.0,23020.0,28841.0
2024.06.21,22855.0,175.0,22870.0,22870.0,22750.0,24566.0
2024.06.20,22680.0,275.0,22405.0,22680.0,22405.0,20191.0
2024.06.19,22405.0,-265.0,22540.0,22555.0,22345.0,24255.0
2024.06.18,22670.0,-95.0,22765.0,22765.0,22515.0,23617.0
2024.06.17,22765.0,-185.0,22950.0,22980.0,22700.0,19331.0
2024.06.14,22950.0,180.0,22785.0,22950.0,22785.0,16774.0
2024.06.13,22770.0,10.0,22935.0,22945.0,22760.0,14551.0
2024.06.12,22760.0,50.0,22755.0,22840.0,22730.0,16070.0
2024.06.11,22710.0,55.0,22680.0,22805.0,22650.0,21426.0
2024.06.10,22655.0,15.0,22820.0,22820.0,22605.0,34551.0
2024.06.07,22640.0,215.0,22655.0,22810.0,22600.0,9038.0
2024.06.05,22425.0,-5.0,22430.0,22565.0,22380.0,7672.0
2024.06.04,22430.0,325.0,22360.0,22450.0,22340.0,10607.0
2024.06.03,22105.0,-30.0,22300.0,22400.0,22105.0,15708.0
2024.05.31,22135.0,550.0,22115.0,22240.0,22000.0,19121.0
2024.05.30,21585.0,-220.0,21805.0,21805.0,21500.0,12880.0
2024.05.29,21805.0,-305.0,21990.0,21990.0,21730.0,18039.0
2024.05.28,22110.0,80.0,22050.0,22170.0,22020.0,9447.0
2024.05.27,22030.0,-130.0,22280.0,22280.0,21955.0,12823.0
2024.05.24,22160.0,-350.0,22320.0,22320.0,22155.0,6977.0
2024.05.23,22510.0,230.0,22495.0,22555.0,22410.0,15544.0
2024.05.22,22280.0,25.0,22395.0,22395.0,22280.0,5191.0
2024.05.21,22255.0,205.0,22365.0,22375.0,22255.0,112990.0
2024.05.20,22050.0,40.0,22000.0,22070.0,21995.0,8453.0
2024.05.17,22010.0,130.0,22015.0,22070.0,22010.0,24456.0
2024.05.16,21880.0,-90.0,22055.0,22215.0,21880.0,13457.0
2024.05.14,21970.0,185.0,21950.0,22075.0,21945.0,7352.0
2024.05.13,21785.0,-125.0,21860.0,21870.0,21740.0,7261.0
2024.05.10,21910.0,-95.0,21985.0,21990.0,21865.0,8204.0
2024.05.09,22005.0,140.0,21895.0,22025.0,21820.0,48394.0
2024.05.08,21865.0,-45.0,21910.0,22025.0,21825.0,13492.0
2024.05.07,21910.0,320.0,21800.0,21910.0,21690.0,62374.0
2024.05.03,21590.0,195.0,21600.0,21765.0,21505.0,16984.0
2024.05.02,21395.0,125.0,21480.0,21600.0,21395.0,21568.0
2024.04.30,21270.0,270.0,21280.0,21285.0,21170.0,10272.0
2024.04.29,21000.0,215.0,20940.0,21095.0,20935.0,8915.0
2024.04.26,20785.0,-60.0,20870.0,20900.0,20755.0,17585.0
2024.04.25,20845.0,-165.0,21065.0,21065.0,20765.0,5125.0
2024.04.24,21010.0,170.0,21005.0,21075.0,20840.0,7996.0
2024.04.23,20840.0,210.0,20845.0,20855.0,20775.0,5976.0
2024.04.22,20630.0,235.0,20530.0,20800.0,20415.0,9484.0
2024.04.19,20395.0,-420.0,20775.0,20775.0,20325.0,26788.0
2024.04.18,20815.0,-190.0,20925.0,20925.0,20755.0,18554.0
2024.04.17,21005.0,-180.0,21135.0,21140.0,21005.0,12989.0
2024.04.16,21185.0,-155.0,21280.0,21380.0,21145.0,15362.0
2024.04.15,21340.0,-355.0,21375.0,21375.0,21150.0,11053.0
2024.04.12,21695.0,345.0,21590.0,21710.0,21465.0,12805.0
2024.04.11,21350.0,-25.0,21400.0,21400.0,21310.0,9435.0
2024.04.09,21375.0,40.0,21335.0,21385.0,21320.0,6850.0
2024.04.08,21335.0,160.0,21265.0,21335.0,21175.0,6265.0
2024.04.05,21175.0,-205.0,21380.0,21380.0,21130.0,21761.0
2024.04.04,21380.0,-60.0,21435.0,21435.0,21380.0,8757.0
2024.04.03,21440.0,-535.0,21475.0,21475.0,21385.0,16869.0
2024.04.02,21975.0,-145.0,22090.0,22090.0,21880.0,22743.0
2024.04.01,22120.0,125.0,21920.0,22135.0,21920.0,11719.0
2024.03.29,21995.0,45.0,22135.0,22135.0,21950.0,9122.0
2024.03.28,21950.0,225.0,22000.0,22100.0,21910.0,22619.0
2024.03.27,21725.0,150.0,21700.0,21725.0,21600.0,18055.0
2024.03.26,21575.0,80.0,21615.0,21675.0,21520.0,12429.0
2024.03.25,21495.0,-185.0,21720.0,21735.0,21495.0,20439.0
2024.03.22,21680.0,85.0,21595.0,21725.0,21505.0,9527.0
2024.03.21,21595.0,95.0,21595.0,21605.0,21485.0,14330.0
2024.03.20,21500.0,80.0,21585.0,21585.0,21415.0,8737.0
2024.03.19,21420.0,-110.0,21380.0,21420.0,21285.0,7941.0
2024.03.18,21530.0,230.0,21440.0,21530.0,21220.0,7436.0
2024.03.15,21300.0,-260.0,21490.0,21490.0,21170.0,24565.0
2024.03.14,21560.0,210.0,21475.0,21560.0,21370.0,18629.0
2024.03.13,21350.0,-195.0,21450.0,21450.0,21320.0,18778.0
2024.03.12,21545.0,30.0,21515.0,21550.0,21470.0,37701.0
2024.03.11,21515.0,-85.0,21600.0,21635.0,21500.0,18535.0
2024.03.08,21600.0,-135.0,21695.0,21695.0,21600.0,25527.0
2024.03.07,21735.0,-5.0,21860.0,21860.0,21650.0,17595.0
2024.03.06,21740.0,-135.0,21800.0,21885.0,21730.0,28895.0
2024.03.05,21875.0,-280.0,22135.0,22135.0,21760.0,61260.0
2024.03.04,22155.0,-30.0,22200.0,22200.0,22085.0,45016.0
2024.02.29,22185.0,-350.0,22175.0,22250.0,22110.0,25588.0
2024.02.28,22535.0,420.0,22465.0,22570.0,22410.0,42277.0
2024.02.27,22115.0,190.0,22100.0,22175.0,22010.0,22807.0
2024.02.26,21925.0,265.0,21885.0,21995.0,21885.0,21846.0
2024.02.23,21660.0,10.0,21770.0,21770.0,21650.0,11234.0
2024.02.22,21650.0,160.0,21555.0,21790.0,21475.0,28071.0
2024.02.21,21490.0,-185.0,21600.0,21600.0,21440.0,11066.0
2024.02.20,21675.0,-10.0,21610.0,21745.0,21590.0,10663.0
2024.02.19,21685.0,-60.0,22060.0,22060.0,21590.0,10451.0
2024.02.16,21745.0,345.0,21495.0,21750.0,21495.0,12582.0
2024.02.15,21400.0,200.0,21280.0,21420.0,21270.0,12862.0
2024.02.14,21200.0,-330.0,21155.0,21240.0,21015.0,20987.0
2024.02.13,21530.0,325.0,21410.0,21530.0,21410.0,20120.0
2024.02.08,21205.0,-365.0,21300.0,21300.0,21175.0,16404.0
2024.02.07,21570.0,200.0,21565.0,21635.0,21515.0,18731.0
2024.02.06,21370.0,-45.0,21485.0,21530.0,21355.0,17286.0
2024.02.05,21415.0,-360.0,21605.0,21605.0,21335.0,18851.0
2024.02.02,21775.0,295.0,21765.0,21870.0,21480.0,16534.0
2024.02.01,21480.0,-265.0,21605.0,21605.0,21445.0,22820.0
2024.01.31,21745.0,-120.0,21860.0,21860.0,21390.0,28471.0
2024.01.30,21865.0,205.0,22000.0,22015.0,21865.0,30529.0
2024.01.29,21660.0,90.0,21545.0,21710.0,21545.0,14405.0
2024.01.26,21570.0,0.0,21750.0,21755.0,21515.0,10897.0
2024.01.25,21570.0,-380.0,21670.0,21670.0,21495.0,18368.0
2024.01.24,21950.0,355.0,21785.0,21960.0,21775.0,26977.0
2024.01.23,21595.0,-95.0,21690.0,21740.0,21580.0,20698.0
2024.01.22,21690.0,85.0,21605.0,21760.0,21575.0,32404.0
2024.01.19,21605.0,-155.0,21640.0,21660.0,21515.0,36292.0
2024.01.18,21760.0,-45.0,21840.0,21875.0,21665.0,16277.0
2024.01.17,21805.0,-20.0,21730.0,21910.0,21710.0,20090.0
2024.01.16,21825.0,-5.0,21745.0,21860.0,21720.0,13816.0
2024.01.15,21830.0,265.0,21600.0,21840.0,21560.0,19672.0
2024.01.12,21565.0,-350.0,21605.0,21610.0,21505.0,28318.0
2024.01.11,21915.0,-85.0,21900.0,21920.0,21820.0,33039.0
2024.01.10,22000.0,35.0,21965.0,22050.0,21965.0,31039.0
2024.01.09,21965.0,495.0,21820.0,21965.0,21770.0,20284.0
2024.01.08,21470.0,-35.0,21420.0,21485.0,21380.0,25262.0
2024.01.05,21505.0,115.0,21390.0,21510.0,21390.0,22264.0
2024.01.04,21390.0,-135.0,21325.0,21500.0,21210.0,45495.0
2024.01.03,21525.0,530.0,21365.0,21550.0,21350.0,48096.0
2024.01.02,20995.0,60.0,20940.0,21050.0,20720.0,52734.0
2023.12.28,20935.0,185.0,21015.0,21015.0,20790.0,27141.0
2023.12.27,20750.0,215.0,20570.0,21500.0,20570.0,22640.0
2023.12.26,20565.0,450.0,20140.0,20580.0,20140.0,30022.0
2023.12.22,20115.0,150.0,20000.0,20120.0,19990.0,11942.0
2023.12.21,19965.0,-395.0,19910.0,19965.0,19800.0,11097.0
2023.12.20,20360.0,260.0,20145.0,20430.0,20145.0,10978.0
2023.12.19,20100.0,-140.0,20230.0,20230.0,19985.0,8034.0
2023.12.18,20240.0,-45.0,20285.0,20285.0,20100.0,6108.0
2023.12.15,20285.0,15.0,20595.0,20595.0,20060.0,7419.0
2023.12.14,20270.0,580.0,20045.0,20280.0,20045.0,14892.0
2023.12.13,19690.0,285.0,19430.0,19700.0,19430.0,14039.0
2023.12.12,19405.0,165.0,19430.0,19490.0,19355.0,7421.0
2023.12.11,19240.0,10.0,19235.0,19270.0,19215.0,4806.0
2023.12.08,19230.0,-240.0,19410.0,19445.0,19220.0,17287.0
2023.12.07,19470.0,200.0,19315.0,19510.0,19315.0,10698.0
2023.12.06,19270.0,140.0,19130.0,19280.0,19115.0,11298.0
2023.12.05,19130.0,315.0,19000.0,19190.0,18905.0,9414.0
2023.12.04,18815.0,145.0,18670.0,18850.0,18670.0,7074.0
2023.12.01,18670.0,420.0,18640.0,18670.0,18490.0,7132.0
2023.11.30,18250.0,210.0,18095.0,18280.0,18095.0,9371.0
2023.11.29,18040.0,-150.0,18020.0,18070.0,17945.0,6148.0
2023.11.28,18190.0,-190.0,18350.0,18350.0,18120.0,6248.0
2023.11.27,18380.0,80.0,18310.0,18415.0,18300.0,3514.0
2023.11.24,18300.0,130.0,18280.0,18300.0,18240.0,1833.0
2023.11.23,18170.0,100.0,18105.0,18275.0,18105.0,1726.0
2023.11.22,18070.0,-125.0,18090.0,18090.0,18005.0,2774.0
2023.11.21,18195.0,210.0,18180.0,18215.0,18050.0,8428.0
2023.11.20,17985.0,105.0,17885.0,18185.0,17885.0,4748.0
2023.11.17,17880.0,-230.0,18110.0,18110.0,17800.0,4861.0
2023.11.16,18110.0,-150.0,18285.0,18285.0,18100.0,4994.0
2023.11.15,18260.0,-5.0,18330.0,18335.0,18190.0,7841.0
2023.11.14,18265.0,205.0,18120.0,18270.0,18060.0,2427.0
2023.11.13,18060.0,60.0,18000.0,18070.0,17935.0,2207.0
2023.11.10,18000.0,-360.0,18320.0,18320.0,17930.0,4725.0
2023.11.09,18360.0,-335.0,18645.0,18645.0,18315.0,6869.0
2023.11.08,18695.0,95.0,18620.0,18720.0,18485.0,5161.0
2023.11.07,18600.0,-65.0,18665.0,18665.0,18350.0,2014.0
2023.11.06,18665.0,145.0,18790.0,18815.0,18605.0,3835.0
2023.11.03,18520.0,-35.0,18750.0,18750.0,18435.0,5510.0
2023.11.02,18555.0,155.0,18405.0,18735.0,18405.0,3136.0
2023.11.01,18400.0,160.0,18265.0,18455.0,18245.0,3395.0
2023.10.31,18240.0,-15.0,18280.0,18290.0,18125.0,1672.0
2023.10.30,18255.0,-495.0,18750.0,18750.0,18215.0,2584.0
2023.10.27,18750.0,220.0,18730.0,18750.0,18650.0,3435.0
2023.10.26,18530.0,-315.0,18845.0,18845.0,18500.0,6012.0
2023.10.25,18845.0,260.0,18895.0,18895.0,18735.0,4680.0
2023.10.24,18585.0,-330.0,18915.0,18915.0,18585.0,3096.0
2023.10.23,18915.0,70.0,18850.0,19005.0,18850.0,3208.0
2023.10.20,18845.0,-535.0,19250.0,19250.0,18845.0,5953.0
2023.10.19,19380.0,-165.0,19510.0,19515.0,19350.0,1761.0
2023.10.18,19545.0,-210.0,19755.0,19775.0,19505.0,2261.0
2023.10.17,19755.0,70.0,19740.0,19795.0,19645.0,2964.0
2023.10.16,19685.0,145.0,19565.0,19740.0,19565.0,5367.0
2023.10.13,19540.0,-155.0,19695.0,19695.0,19505.0,2019.0
2023.10.12,19695.0,30.0,19665.0,19700.0,19635.0,2979.0
2023.10.11,19665.0,55.0,19615.0,19670.0,19615.0,1813.0
2023.10.10,19610.0,70.0,19540.0,19655.0,19450.0,5260.0
2023.10.06,19540.0,140.0,19505.0,19645.0,19485.0,3131.0
2023.10.05,19400.0,65.0,19550.0,19550.0,19265.0,3468.0
2023.10.04,19335.0,-475.0,19800.0,19800.0,19290.0,4311.0
2023.09.27,19810.0,370.0,19790.0,19810.0,19735.0,4403.0
2023.09.26,19440.0,5.0,19505.0,19570.0,19305.0,6028.0
2023.09.25,19435.0,-210.0,19645.0,19645.0,19350.0,5136.0
2023.09.22,19645.0,-20.0,19660.0,19660.0,19545.0,2956.0
2023.09.21,19665.0,-100.0,19765.0,19765.0,19615.0,2100.0
2023.09.20,19765.0,175.0,19595.0,19800.0,19595.0,1912.0
2023.09.19,19590.0,-320.0,19900.0,19900.0,19570.0,3289.0
2023.09.18,19910.0,-175.0,19775.0,19995.0,19775.0,2367.0
2023.09.15,20085.0,40.0,20045.0,20130.0,20000.0,2062.0
2023.09.14,20045.0,-70.0,20115.0,20115.0,19850.0,3222.0
2023.09.13,20115.0,40.0,20160.0,20160.0,19930.0,4592.0
2023.09.12,20075.0,55.0,20020.0,20105.0,19915.0,4679.0
2023.09.11,20020.0,-15.0,20035.0,20190.0,19975.0,1669.0
2023.09.08,20035.0,5.0,20030.0,20035.0,19885.0,1543.0
2023.09.07,20030.0,10.0,20395.0,20395.0,19905.0,7056.0
2023.09.06,20020.0,-165.0,19910.0,20200.0,19910.0,3309.0
2023.09.05,20185.0,35.0,20490.0,20490.0,20145.0,1496.0
2023.09.04,20150.0,180.0,19890.0,20265.0,19890.0,4837.0
2023.09.01,19970.0,-285.0,20165.0,20165.0,19955.0,5316.0
2023.08.31,20255.0,155.0,20100.0,20310.0,20095.0,5315.0
2023.08.30,20100.0,150.0,20080.0,20195.0,20060.0,5936.0
2023.08.29,19950.0,-110.0,20160.0,20160.0,19930.0,3650.0
2023.08.28,20060.0,225.0,19955.0,20060.0,19940.0,3950.0
2023.08.25,19835.0,-100.0,19900.0,19935.0,19785.0,2334.0
2023.08.24,19935.0,-265.0,20200.0,20200.0,19910.0,12889.0
2023.08.23,20200.0,140.0,20220.0,20220.0,20060.0,4730.0
2023.08.22,20060.0,225.0,20040.0,20140.0,20040.0,4107.0
2023.08.21,19835.0,65.0,19775.0,19940.0,19775.0,11687.0
2023.08.18,19770.0,-230.0,20000.0,20000.0,19730.0,7034.0
2023.08.17,20000.0,-80.0,20075.0,20075.0,19850.0,8747.0
2023.08.16,20080.0,-20.0,20105.0,20205.0,20060.0,8203.0
2023.08.14,20100.0,120.0,20065.0,20150.0,20065.0,10405.0
2023.08.11,19980.0,65.0,19965.0,20020.0,19915.0,4255.0
2023.08.10,19915.0,105.0,19930.0,19930.0,19815.0,11156.0
2023.08.09,19810.0,375.0,19620.0,19885.0,19620.0,6421.0
2023.08.08,19435.0,-175.0,19500.0,19535.0,19385.0,8399.0
2023.08.07,19610.0,40.0,19570.0,19705.0,19540.0,6458.0
2023.08.04,19570.0,190.0,19380.0,19575.0,19380.0,7189.0
2023.08.03,19380.0,25.0,19355.0,19465.0,19300.0,3652.0
2023.08.02,19355.0,-175.0,19695.0,19695.0,19230.0,5555.0
2023.08.01,19530.0,165.0,19530.0,19530.0,19285.0,5720.0
2023.07.31,19365.0,205.0,19385.0,19465.0,19255.0,5641.0
2023.07.28,19160.0,-140.0,19465.0,19465.0,19080.0,5778.0
2023.07.27,19300.0,45.0,19245.0,19380.0,19140.0,7804.0
2023.07.26,19255.0,-90.0,19315.0,19315.0,19205.0,5943.0
2023.07.25,19345.0,-235.0,19495.0,19495.0,19320.0,7113.0
2023.07.24,19580.0,5.0,19845.0,19845.0,19570.0,6104.0
2023.07.21,19575.0,205.0,19470.0,19590.0,19355.0,6859.0
2023.07.20,19370.0,90.0,19470.0,19470.0,19250.0,4750.0
2023.07.19,19280.0,235.0,19210.0,19300.0,19180.0,8152.0
2023.07.18,19045.0,-105.0,19310.0,19310.0,19045.0,8917.0
2023.07.17,19150.0,55.0,19095.0,19155.0,19055.0,11244.0
2023.07.14,19095.0,-70.0,19180.0,19180.0,19095.0,4001.0
2023.07.13,19165.0,-75.0,19280.0,19280.0,19160.0,9162.0
2023.07.12,19240.0,-140.0,19355.0,19355.0,19240.0,3126.0
2023.07.11,19380.0,300.0,19935.0,19935.0,19265.0,3503.0
2023.07.10,19080.0,-235.0,19120.0,19125.0,19040.0,5330.0
2023.07.07,19315.0,-150.0,19465.0,19465.0,19305.0,5398.0
2023.07.06,19465.0,70.0,19440.0,19630.0,19430.0,7103.0
2023.07.05,19395.0,-80.0,19425.0,19515.0,19360.0,4736.0
2023.07.04,19475.0,-175.0,19600.0,19600.0,19420.0,8960.0
2023.07.03,19650.0,-60.0,19710.0,19800.0,19645.0,5700.0
2023.06.30,19710.0,30.0,19695.0,19750.0,19660.0,3405.0
2023.06.29,19680.0,225.0,19605.0,19700.0,19605.0,3973.0
2023.06.28,19455.0,-215.0,19675.0,19675.0,19310.0,5794.0
2023.06.27,19670.0,-225.0,19885.0,19885.0,19670.0,3814.0
2023.06.26,19895.0,-110.0,20000.0,20040.0,19845.0,3565.0
2023.06.23,20005.0,160.0,19940.0,20075.0,19940.0,5502.0
2023.06.22,19845.0,-100.0,19955.0,19990.0,19820.0,5375.0
2023.06.21,19945.0,80.0,19880.0,19975.0,19870.0,3638.0
2023.06.20,19865.0,-65.0,19705.0,19930.0,19705.0,3979.0
2023.06.19,19930.0,95.0,19845.0,19960.0,19845.0,2685.0
2023.06.16,19835.0,50.0,19945.0,19945.0,19775.0,7783.0
2023.06.15,19785.0,-50.0,19835.0,19835.0,19630.0,12197.0
2023.06.14,19835.0,215.0,19860.0,19865.0,19655.0,6609.0
2023.06.13,19620.0,-145.0,19765.0,19810.0,19615.0,5062.0
2023.06.12,19765.0,-115.0,19780.0,19810.0,19710.0,8371.0
2023.06.09,19880.0,100.0,19530.0,20405.0,19530.0,9539.0
2023.06.08,19780.0,-220.0,20525.0,20525.0,19770.0,6318.0
2023.06.07,20000.0,110.0,19890.0,20005.0,19820.0,9517.0
2023.06.05,19890.0,200.0,19780.0,19985.0,19780.0,4154.0
2023.06.02,19690.0,-190.0,19755.0,19800.0,19690.0,9390.0
2023.06.01,19880.0,220.0,19630.0,19935.0,19630.0,7661.0
2023.05.31,19660.0,-270.0,19930.0,19930.0,19600.0,11634.0
2023.05.30,19930.0,5.0,20135.0,20135.0,19805.0,6802.0
2023.05.26,19925.0,-205.0,20130.0,20130.0,19875.0,4151.0
2023.05.25,20130.0,-170.0,20300.0,20300.0,20000.0,7359.0
2023.05.24,20300.0,60.0,20350.0,20400.0,20300.0,11063.0
2023.05.23,20240.0,35.0,20230.0,20355.0,20230.0,11201.0
2023.05.22,20205.0,-90.0,20295.0,20495.0,20170.0,16973.0
2023.05.19,20295.0,-40.0,20335.0,20395.0,20135.0,13388.0
2023.05.18,20335.0,-95.0,20430.0,20540.0,20300.0,11078.0
2023.05.17,20430.0,-380.0,20695.0,20695.0,20430.0,9114.0
2023.05.16,20810.0,220.0,20605.0,20980.0,20605.0,47562.0
2023.05.15,20590.0,-40.0,20635.0,20635.0,20200.0,40931.0
2023.05.12,20630.0,-50.0,20680.0,20720.0,20585.0,4044.0
2023.05.11,20680.0,125.0,20640.0,20750.0,20540.0,4747.0
2023.05.10,20555.0,105.0,20550.0,20655.0,20515.0,3008.0
2023.05.09,20450.0,-195.0,20695.0,20695.0,20410.0,6250.0
2023.05.08,20645.0,-25.0,20485.0,20750.0,20485.0,4500.0
2023.05.04,20670.0,195.0,20490.0,20735.0,20490.0,4825.0
2023.05.03,20475.0,-290.0,20710.0,20710.0,20440.0,4712.0
2023.05.02,20765.0,365.0,20465.0,20845.0,20465.0,8214.0
2023.04.28,20400.0,-160.0,20565.0,20565.0,20125.0,7568.0
2023.04.27,20560.0,220.0,20215.0,20595.0,20215.0,11856.0
2023.04.26,20340.0,-460.0,20800.0,20800.0,20205.0,14752.0
2023.04.25,20800.0,-75.0,20745.0,20895.0,20715.0,11501.0
2023.04.24,20875.0,185.0,20725.0,20920.0,20725.0,7276.0
2023.04.21,20690.0,45.0,20650.0,20690.0,20465.0,9641.0
2023.04.20,20645.0,190.0,20610.0,20800.0,20550.0,14845.0
2023.04.19,20455.0,-110.0,20565.0,20625.0,20380.0,11493.0
2023.04.18,20565.0,250.0,20475.0,20625.0,20475.0,12762.0
2023.04.17,20315.0,15.0,20300.0,20340.0,20205.0,4213.0
2023.04.14,20300.0,220.0,20350.0,20590.0,20220.0,10248.0
2023.04.13,20080.0,-130.0,20210.0,20340.0,20015.0,7143.0
2023.04.12,20210.0,35.0,20180.0,20380.0,20180.0,12111.0
2023.04.11,20175.0,-100.0,20275.0,20360.0,20115.0,9676.0
2023.04.10,20275.0,40.0,20315.0,20315.0,20185.0,4359.0
2023.04.07,20235.0,285.0,20090.0,20375.0,20090.0,8720.0
2023.04.06,19950.0,30.0,19930.0,20000.0,19920.0,4606.0
2023.04.05,19920.0,-80.0,20000.0,20015.0,19830.0,5933.0
2023.04.04,20000.0,235.0,19900.0,20000.0,19820.0,6511.0
2023.04.03,19765.0,310.0,19505.0,19895.0,19505.0,6223.0
2023.03.31,19455.0,-55.0,19490.0,19545.0,19365.0,4268.0
2023.03.30,19510.0,175.0,19400.0,19700.0,19335.0,4877.0
2023.03.29,19335.0,125.0,19230.0,19365.0,19175.0,11542.0
2023.03.28,19210.0,-15.0,19240.0,19245.0,19120.0,7356.0
2023.03.27,19225.0,390.0,18875.0,19240.0,18875.0,6027.0
2023.03.24,18835.0,180.0,18680.0,18850.0,18680.0,11603.0
2023.03.23,18655.0,-735.0,19390.0,19390.0,18600.0,12203.0
2023.03.22,19390.0,60.0,19330.0,19470.0,19160.0,5622.0
2023.03.21,19330.0,240.0,19110.0,19355.0,19110.0,11727.0
2023.03.20,19090.0,-305.0,19335.0,19335.0,19090.0,7134.0
2023.03.17,19395.0,0.0,19395.0,19525.0,19275.0,1893.0
2023.03.16,19395.0,-70.0,19455.0,19615.0,19350.0,2534.0
2023.03.15,19465.0,255.0,19240.0,19565.0,19240.0,8012.0
2023.03.14,19210.0,325.0,18905.0,19215.0,18905.0,9093.0
2023.03.13,18885.0,-345.0,18310.0,19080.0,18020.0,9828.0
2023.03.10,19230.0,-345.0,19575.0,19575.0,19210.0,2423.0
2023.03.09,19575.0,-90.0,19585.0,19590.0,19455.0,4075.0
2023.03.08,19665.0,-40.0,19790.0,19790.0,19455.0,2028.0
2023.03.07,19705.0,55.0,19795.0,19795.0,19570.0,4052.0
2023.03.06,19650.0,90.0,19575.0,19915.0,19575.0,7738.0
2023.03.03,19560.0,-70.0,19795.0,19795.0,19550.0,6027.0
2023.03.02,19630.0,-145.0,20015.0,20015.0,19610.0,4566.0
2023.02.28,19775.0,-75.0,19850.0,19865.0,19715.0,3840.0
2023.02.27,19850.0,10.0,19845.0,19850.0,19455.0,4461.0
2023.02.24,19840.0,-60.0,19750.0,19840.0,19605.0,3659.0
2023.02.23,19900.0,35.0,20050.0,20050.0,19900.0,3136.0
2023.02.22,19865.0,-355.0,20020.0,20020.0,19835.0,3742.0
2023.02.21,20220.0,-15.0,20290.0,20290.0,20130.0,2276.0
2023.02.20,20235.0,280.0,20135.0,20395.0,20040.0,3815.0
2023.02.17,19955.0,-90.0,20045.0,20075.0,19830.0,5705.0
2023.02.16,20045.0,150.0,20180.0,20180.0,19965.0,6852.0
2023.02.15,19895.0,80.0,19760.0,19950.0,19760.0,3750.0
2023.02.14,19815.0,110.0,19780.0,20035.0,19780.0,3856.0
2023.02.13,19705.0,150.0,19555.0,19745.0,19555.0,5247.0
2023.02.10,19555.0,-95.0,19600.0,19620.0,19520.0,2576.0
2023.02.09,19650.0,-290.0,19885.0,19885.0,19610.0,7677.0
2023.02.08,19940.0,95.0,19880.0,20005.0,19800.0,9319.0
2023.02.07,19845.0,110.0,19825.0,19915.0,19785.0,4712.0
2023.02.06,19735.0,255.0,19555.0,19760.0,19555.0,4122.0
2023.02.03,19480.0,-20.0,19555.0,19555.0,19350.0,29329.0
2023.02.02,19500.0,-70.0,19950.0,19950.0,19500.0,5482.0
2023.02.01,19570.0,80.0,19525.0,19760.0,19525.0,3149.0
2023.01.31,19490.0,-255.0,19745.0,19745.0,19420.0,5181.0
2023.01.30,19745.0,-190.0,19850.0,19860.0,19525.0,7260.0
2023.01.27,19935.0,55.0,19880.0,19950.0,19605.0,3711.0
2023.01.26,19880.0,255.0,19715.0,19900.0,19705.0,5798.0
2023.01.25,19625.0,180.0,19515.0,19920.0,19515.0,5662.0
2023.01.20,19445.0,-180.0,19580.0,19585.0,19405.0,2735.0
2023.01.19,19625.0,-150.0,19970.0,19970.0,19610.0,1810.0
2023.01.18,19775.0,0.0,19775.0,20000.0,19690.0,1841.0
2023.01.17,19775.0,20.0,19955.0,19955.0,19735.0,2729.0
2023.01.16,19755.0,105.0,19765.0,19995.0,19710.0,2354.0
2023.01.13,19650.0,215.0,19625.0,19860.0,19520.0,5789.0
2023.01.12,19435.0,-35.0,19670.0,19670.0,19380.0,7695.0
2023.01.11,19470.0,330.0,19445.0,19540.0,19355.0,2641.0
2023.01.10,19140.0,-530.0,19325.0,19355.0,19050.0,3578.0
2023.01.09,19670.0,85.0,19685.0,19685.0,19575.0,2544.0
2023.01.06,19585.0,-35.0,20000.0,20000.0,19585.0,6233.0
2023.01.05,19620.0,-5.0,19790.0,19805.0,19450.0,4229.0
2023.01.04,19625.0,-170.0,19715.0,19715.0,19480.0,4341.0
2023.01.03,19795.0,110.0,19685.0,19800.0,19540.0,2774.0
2023.01.02,19685.0,570.0,19120.0,19970.0,19120.0,4282.0
2022.12.29,19115.0,-150.0,19165.0,19265.0,19115.0,2270.0
2022.12.28,19265.0,-580.0,19450.0,19450.0,19200.0,6784.0
2022.12.27,19855.0,-15.0,19870.0,19950.0,19710.0,2438.0
2022.12.26,19870.0,-135.0,20005.0,20005.0,19845.0,1905.0
2022.12.23,20005.0,-125.0,20170.0,20170.0,19965.0,5152.0
2022.12.22,20130.0,100.0,20410.0,20410.0,20050.0,1632.0
2022.12.21,20030.0,550.0,20230.0,20230.0,19860.0,1810.0
2022.12.20,19480.0,-755.0,20145.0,20145.0,19480.0,12527.0
2022.12.19,20235.0,-325.0,20360.0,20620.0,20215.0,2607.0
2022.12.16,20560.0,-355.0,20750.0,20935.0,20505.0,7195.0
2022.12.15,20915.0,275.0,20740.0,20965.0,20740.0,2770.0
2022.12.14,20640.0,155.0,20960.0,20960.0,20515.0,1588.0
2022.12.13,20485.0,35.0,20450.0,20660.0,20410.0,4633.0
2022.12.12,20450.0,-400.0,20155.0,20480.0,20155.0,2117.0
2022.12.09,20850.0,180.0,21105.0,21105.0,20705.0,5200.0
2022.12.08,20670.0,100.0,20730.0,20940.0,20625.0,5777.0
2022.12.07,20570.0,-245.0,20750.0,20775.0,20555.0,1422.0
2022.12.06,20815.0,-35.0,20560.0,20820.0,20560.0,11096.0
2022.12.05,20850.0,100.0,20950.0,21145.0,20835.0,5456.0
2022.12.02,20750.0,0.0,20785.0,20935.0,20680.0,4037.0
2022.12.01,20750.0,325.0,20660.0,20965.0,20620.0,7788.0
2022.11.30,20425.0,-285.0,20585.0,20625.0,20410.0,3806.0
2022.11.29,20710.0,-45.0,20740.0,20965.0,20710.0,5500.0
2022.11.28,20755.0,45.0,20710.0,20900.0,20705.0,4754.0
2022.11.25,20710.0,-60.0,20765.0,20910.0,20710.0,1879.0
2022.11.24,20770.0,-225.0,20990.0,21090.0,20770.0,5915.0
2022.11.23,20995.0,0.0,21070.0,21215.0,20995.0,5627.0
2022.11.22,20995.0,5.0,21015.0,21125.0,20995.0,3975.0
2022.11.21,20990.0,200.0,20865.0,21040.0,20865.0,7142.0
2022.11.18,20790.0,-95.0,20885.0,20935.0,20755.0,3397.0
2022.11.17,20885.0,80.0,20805.0,21220.0,20660.0,10890.0
2022.11.16,20805.0,55.0,20750.0,20805.0,20625.0,26529.0
2022.11.15,20750.0,70.0,20690.0,20890.0,20605.0,4972.0
2022.11.14,20680.0,-180.0,20685.0,20750.0,20460.0,18549.0
2022.11.11,20860.0,55.0,21485.0,21485.0,20800.0,14398.0
2022.11.10,20805.0,-65.0,20530.0,20805.0,20530.0,11964.0
2022.11.09,20870.0,-25.0,20900.0,21180.0,20750.0,9413.0
2022.11.08,20895.0,-105.0,21025.0,21205.0,20880.0,7700.0
2022.11.07,21000.0,-315.0,21085.0,21195.0,20985.0,4927.0
2022.11.04,21315.0,50.0,21405.0,21425.0,21255.0,6191.0
2022.11.03,21265.0,-295.0,21205.0,21405.0,21205.0,11342.0
2022.11.02,21560.0,90.0,21480.0,21660.0,21480.0,16378.0
2022.11.01,21470.0,0.0,21475.0,21615.0,21395.0,18566.0
2022.10.31,21470.0,840.0,21490.0,21495.0,21395.0,18788.0
2022.10.28,20630.0,-410.0,20740.0,20740.0,20525.0,9492.0
2022.10.27,21040.0,605.0,20945.0,21190.0,20945.0,52576.0
2022.10.26,20435.0,-125.0,20565.0,21040.0,20325.0,11412.0
2022.10.25,20560.0,-10.0,20660.0,20785.0,20530.0,11392.0
2022.10.24,20570.0,615.0,20445.0,20615.0,20440.0,17964.0
2022.10.21,19955.0,15.0,19870.0,19990.0,19760.0,11584.0
2022.10.20,19940.0,-760.0,20050.0,20050.0,19810.0,10698.0
2022.10.19,20700.0,-150.0,20975.0,20975.0,20700.0,7322.0
2022.10.18,20850.0,350.0,20720.0,20950.0,20710.0,16179.0
2022.10.17,20500.0,-65.0,20555.0,20555.0,20345.0,6123.0
2022.10.14,20565.0,495.0,20425.0,20600.0,20405.0,11406.0
2022.10.13,20070.0,-55.0,20220.0,20220.0,20045.0,3807.0
2022.10.12,20125.0,255.0,20045.0,20200.0,20010.0,7964.0
2022.10.11,19870.0,-355.0,20075.0,20075.0,19785.0,8969.0
2022.10.07,20225.0,-65.0,20290.0,20325.0,20200.0,3098.0
2022.10.06,20290.0,-110.0,20590.0,20595.0,20280.0,9132.0
2022.10.05,20400.0,215.0,20620.0,20625.0,20325.0,9465.0
2022.10.04,20185.0,320.0,20375.0,20435.0,20175.0,7745.0
2022.09.30,19865.0,-260.0,20070.0,20070.0,19740.0,8926.0
2022.09.29,20125.0,690.0,19955.0,20335.0,19955.0,15907.0
2022.09.28,19435.0,125.0,19460.0,19520.0,19310.0,8533.0
2022.09.27,19310.0,-20.0,19250.0,19310.0,19175.0,4717.0
2022.09.26,19330.0,-20.0,19270.0,19450.0,19255.0,6082.0
2022.09.23,19350.0,-60.0,19505.0,19505.0,19335.0,5819.0
2022.09.22,19410.0,-415.0,19315.0,19415.0,19280.0,4256.0
2022.09.21,19825.0,-115.0,19815.0,19860.0,19765.0,4858.0
2022.09.20,19940.0,-30.0,19970.0,20005.0,19850.0,10932.0
2022.09.19,19970.0,-130.0,20090.0,20105.0,19945.0,16619.0
2022.09.16,20100.0,-210.0,20310.0,20370.0,20090.0,6630.0
2022.09.15,20310.0,160.0,20205.0,20405.0,20205.0,11582.0
2022.09.14,20150.0,-595.0,20150.0,20230.0,20085.0,20771.0
2022.09.13,20745.0,705.0,20715.0,20810.0,20695.0,19969.0
2022.09.08,20040.0,610.0,19800.0,20040.0,19800.0,11056.0
2022.09.07,19430.0,-320.0,19390.0,19450.0,19280.0,5652.0
2022.09.06,19750.0,145.0,19540.0,19750.0,19540.0,10151.0
2022.09.05,19605.0,-150.0,19545.0,19615.0,19455.0,6226.0
2022.09.02,19755.0,710.0,19690.0,19755.0,19630.0,8584.0
2022.09.01,19045.0,-115.0,19035.0,19095.0,18955.0,7897.0
2022.08.31,19160.0,-255.0,19240.0,19290.0,19155.0,8753.0
2022.08.30,19415.0,175.0,19415.0,19455.0,19320.0,5892.0
2022.08.29,19240.0,-600.0,19480.0,19480.0,19090.0,27503.0
2022.08.26,19840.0,-270.0,20060.0,20060.0,19830.0,6540.0
2022.08.25,20110.0,385.0,19910.0,20125.0,19910.0,28933.0
2022.08.24,19725.0,75.0,19800.0,19800.0,19605.0,11211.0
2022.08.23,19650.0,-195.0,19650.0,19725.0,19650.0,13728.0
2022.08.22,19845.0,-25.0,19860.0,19895.0,19680.0,10781.0
2022.08.19,19870.0,-185.0,19985.0,20050.0,19860.0,11186.0
2022.08.18,20055.0,-320.0,19985.0,20070.0,19950.0,11561.0
2022.08.17,20375.0,-215.0,20465.0,20465.0,20265.0,25865.0
2022.08.16,20590.0,595.0,20580.0,20630.0,20510.0,34732.0
2022.08.12,19995.0,-340.0,20075.0,20100.0,19930.0,13690.0
2022.08.11,20335.0,445.0,20240.0,20390.0,20185.0,20995.0
2022.08.10,19890.0,-350.0,19945.0,19970.0,19845.0,9920.0
2022.08.09,20240.0,175.0,20200.0,20300.0,20140.0,37514.0
2022.08.08,20065.0,355.0,19900.0,20075.0,19895.0,24807.0
2022.08.05,19710.0,375.0,19660.0,19770.0,19635.0,27759.0
2022.08.04,19335.0,640.0,19235.0,19340.0,19230.0,31566.0
2022.08.03,18695.0,310.0,18745.0,18745.0,18575.0,8685.0
2022.08.02,18385.0,-310.0,18550.0,18550.0,18355.0,11034.0
2022.08.01,18695.0,-400.0,18855.0,18855.0,18685.0,16729.0
2022.07.29,19095.0,240.0,18935.0,19100.0,18935.0,5326.0
2022.07.28,18855.0,-365.0,19010.0,19010.0,18845.0,19138.0
2022.07.27,19220.0,440.0,18790.0,19240.0,18790.0,11836.0
2022.07.26,18780.0,-50.0,18860.0,18860.0,18765.0,9082.0
2022.07.25,18830.0,-270.0,18775.0,18860.0,18740.0,18521.0
2022.07.22,19100.0,-70.0,19220.0,19220.0,19000.0,7948.0
2022.07.21,19170.0,-140.0,19290.0,19290.0,19130.0,12848.0
2022.07.20,19310.0,540.0,18775.0,19310.0,18775.0,19730.0
2022.07.19,18770.0,-615.0,18880.0,18885.0,18705.0,12205.0
2022.07.18,19385.0,340.0,19110.0,19390.0,19110.0,15715.0
2022.07.15,19045.0,-5.0,19005.0,19115.0,18965.0,19328.0
2022.07.14,19050.0,-40.0,18890.0,19095.0,18890.0,18700.0
2022.07.13,19090.0,40.0,19030.0,19125.0,19000.0,26139.0
2022.07.12,19050.0,-125.0,19025.0,19190.0,19025.0,13008.0
2022.07.11,19175.0,5.0,19210.0,19295.0,19115.0,15506.0
2022.07.08,19170.0,300.0,19100.0,19220.0,19100.0,13290.0
2022.07.07,18870.0,95.0,18785.0,18920.0,18785.0,18991.0
2022.07.06,18775.0,285.0,18750.0,18920.0,18745.0,16019.0
2022.07.05,18490.0,255.0,18245.0,18490.0,18245.0,12123.0
2022.07.04,18235.0,470.0,18210.0,18320.0,18170.0,9515.0
2022.07.01,17765.0,-120.0,17860.0,17905.0,17665.0,6442.0
2022.06.30,17885.0,-90.0,18220.0,18230.0,17885.0,5822.0
2022.06.29,17975.0,-325.0,17790.0,17975.0,17790.0,17303.0
2022.06.28,18300.0,30.0,18280.0,18320.0,18100.0,7290.0
2022.06.27,18270.0,-45.0,18315.0,18345.0,18165.0,7771.0
2022.06.24,18315.0,840.0,17975.0,18335.0,17975.0,25271.0
2022.06.23,17475.0,540.0,17265.0,17505.0,17265.0,8774.0
2022.06.22,16935.0,-20.0,17180.0,17180.0,16925.0,12335.0
2022.06.21,16955.0,105.0,16850.0,16995.0,16850.0,1891.0
2022.06.20,16850.0,725.0,16610.0,16870.0,16610.0,33013.0
2022.06.17,16125.0,-140.0,15920.0,16210.0,15920.0,4312.0
2022.06.16,16265.0,105.0,16400.0,16520.0,16265.0,4593.0
2022.06.15,16160.0,-115.0,16150.0,16225.0,16030.0,7757.0
2022.06.14,16275.0,20.0,16180.0,16305.0,16055.0,14712.0
2022.06.13,16255.0,-745.0,16715.0,16715.0,16255.0,15233.0
2022.06.10,17000.0,-360.0,16880.0,17015.0,16850.0,25811.0
2022.06.09,17360.0,110.0,17380.0,17450.0,17310.0,5602.0
2022.06.08,17250.0,510.0,17220.0,17330.0,17215.0,11318.0
2022.06.07,16740.0,-135.0,16875.0,16875.0,16705.0,15627.0
2022.06.03,16875.0,-95.0,16940.0,16970.0,16835.0,7897.0
2022.06.02,16970.0,-390.0,17320.0,17320.0,16860.0,21362.0
2022.05.31,17360.0,-240.0,17640.0,17640.0,17350.0,6202.0
2022.05.30,17600.0,510.0,17525.0,17630.0,17460.0,7809.0
2022.05.27,17090.0,-20.0,17290.0,17290.0,17055.0,2739.0
2022.05.26,17110.0,-45.0,17130.0,17205.0,17050.0,3071.0
2022.05.25,17155.0,175.0,17120.0,17175.0,17055.0,2082.0
2022.05.24,16980.0,-505.0,17325.0,17325.0,16970.0,4119.0
2022.05.23,17485.0,185.0,17375.0,17500.0,17375.0,15616.0
2022.05.20,17300.0,285.0,17250.0,17360.0,17200.0,7327.0
2022.05.19,17015.0,-340.0,16880.0,17015.0,16850.0,6202.0
2022.05.18,17355.0,255.0,17365.0,17450.0,17345.0,6069.0
2022.05.17,17100.0,185.0,17085.0,17160.0,17015.0,2430.0
2022.05.16,16915.0,250.0,16930.0,17065.0,16850.0,5075.0
2022.05.13,16665.0,605.0,16480.0,16730.0,16480.0,14456.0
2022.05.12,16060.0,-600.0,16045.0,16160.0,15910.0,11689.0
2022.05.11,16660.0,320.0,16430.0,16690.0,16430.0,8155.0
2022.05.10,16340.0,-435.0,16170.0,16340.0,16000.0,12941.0
2022.05.09,16775.0,-775.0,17065.0,17065.0,16670.0,20355.0
2022.05.06,17550.0,-325.0,17550.0,17600.0,17460.0,4895.0
2022.05.04,17875.0,5.0,17865.0,17890.0,17815.0,3227.0
2022.05.03,17870.0,180.0,17755.0,17900.0,17755.0,7399.0
2022.05.02,17690.0,-65.0,17420.0,17705.0,17420.0,6378.0
2022.04.29,17755.0,-540.0,17935.0,17935.0,17720.0,15739.0
2022.04.28,18295.0,85.0,17950.0,18320.0,17950.0,49489.0
2022.04.27,18210.0,-250.0,17845.0,18210.0,17845.0,8696.0
2022.04.26,18460.0,395.0,18405.0,18535.0,18390.0,4536.0
2022.04.25,18065.0,-445.0,18220.0,18220.0,18035.0,6199.0
2022.04.22,18510.0,-445.0,18500.0,18535.0,18390.0,9521.0
2022.04.21,18955.0,230.0,18850.0,19035.0,18780.0,26660.0
2022.04.20,18725.0,-75.0,18805.0,18805.0,18640.0,11037.0
2022.04.19,18800.0,-210.0,18720.0,18840.0,18680.0,16655.0
2022.04.18,19010.0,-185.0,19090.0,19090.0,18955.0,8916.0
2022.04.15,19195.0,-145.0,19225.0,19250.0,19070.0,6378.0
2022.04.14,19340.0,310.0,19165.0,19370.0,19165.0,11278.0
2022.04.13,19030.0,-10.0,18975.0,19030.0,18880.0,5286.0
2022.04.12,19040.0,-280.0,19065.0,19075.0,18965.0,7780.0
2022.04.11,19320.0,-85.0,19360.0,19375.0,19230.0,11780.0
2022.04.08,19405.0,310.0,19320.0,19420.0,19295.0,15675.0
2022.04.07,19095.0,60.0,19025.0,19095.0,19000.0,6190.0
2022.04.06,19035.0,-230.0,19070.0,19100.0,18955.0,14587.0
2022.04.05,19265.0,125.0,19240.0,19305.0,19200.0,27996.0
2022.04.04,19140.0,375.0,18685.0,19140.0,18685.0,20730.0
2022.04.01,18765.0,-55.0,18715.0,18895.0,18620.0,6969.0
2022.03.31,18820.0,-110.0,18775.0,18945.0,18640.0,20005.0
2022.03.30,18930.0,380.0,18880.0,18965.0,18850.0,10395.0
2022.03.29,18550.0,75.0,18590.0,18610.0,18500.0,4161.0
2022.03.28,18475.0,-295.0,18535.0,18535.0,18420.0,11831.0
2022.03.25,18770.0,145.0,18755.0,18770.0,18675.0,4976.0
2022.03.24,18625.0,-145.0,18500.0,18625.0,18425.0,9909.0
2022.03.23,18770.0,305.0,18735.0,18825.0,18725.0,9164.0
2022.03.22,18465.0,-130.0,18535.0,18535.0,18435.0,8593.0
2022.03.21,18595.0,390.0,18655.0,18655.0,18565.0,9746.0
2022.03.18,18205.0,125.0,18190.0,18315.0,18105.0,3847.0
2022.03.17,18080.0,250.0,18100.0,18300.0,18045.0,12516.0
2022.03.16,17830.0,240.0,17615.0,17855.0,17615.0,13183.0
2022.03.15,17590.0,-205.0,17660.0,17660.0,17515.0,18960.0
2022.03.14,17795.0,-115.0,17705.0,17860.0,17605.0,6784.0
2022.03.11,17910.0,-80.0,17790.0,17970.0,17790.0,6471.0
2022.03.10,17990.0,620.0,17850.0,18060.0,17850.0,4258.0
2022.03.08,17370.0,100.0,17300.0,17540.0,17300.0,8696.0
2022.03.07,17270.0,-305.0,17175.0,17350.0,17175.0,8782.0
2022.03.04,17575.0,-250.0,17640.0,17650.0,17265.0,5833.0
2022.03.03,17825.0,60.0,17750.0,17825.0,17700.0,3068.0
2022.03.02,17765.0,315.0,17575.0,17790.0,17575.0,7492.0
2022.02.28,17450.0,40.0,17370.0,17515.0,17365.0,8258.0
2022.02.25,17410.0,645.0,17360.0,17475.0,17325.0,7671.0
2022.02.24,16765.0,-765.0,17095.0,17100.0,16650.0,18637.0
2022.02.23,17530.0,410.0,17455.0,17540.0,17390.0,5299.0
2022.02.22,17120.0,-450.0,17150.0,17195.0,17090.0,7331.0
2022.02.21,17570.0,-260.0,17325.0,17580.0,17260.0,8226.0
2022.02.18,17830.0,-305.0,17815.0,17875.0,17700.0,8984.0
2022.02.17,18135.0,-115.0,18195.0,18205.0,18035.0,4233.0
2022.02.16,18250.0,355.0,18220.0,18250.0,18195.0,6894.0
2022.02.15,17895.0,-235.0,17900.0,17940.0,17735.0,10095.0
2022.02.14,18130.0,-45.0,18175.0,18225.0,18120.0,6379.0
2022.02.11,18175.0,-515.0,18360.0,18360.0,18130.0,8909.0
2022.02.10,18690.0,290.0,18655.0,18755.0,18655.0,8340.0
2022.02.09,18400.0,90.0,18325.0,18435.0,18300.0,3706.0
2022.02.08,18310.0,100.0,18345.0,18385.0,18245.0,7108.0
2022.02.07,18210.0,-215.0,18190.0,18235.0,18040.0,10571.0
2022.02.04,18425.0,265.0,18315.0,18455.0,18175.0,12639.0
2022.02.03,18160.0,515.0,18035.0,18170.0,18035.0,13264.0
2022.01.28,17645.0,225.0,17500.0,17660.0,17370.0,11697.0
2022.01.27,17420.0,-500.0,17830.0,17830.0,17320.0,10946.0
2022.01.26,17920.0,70.0,17840.0,17950.0,17780.0,15785.0
2022.01.25,17850.0,-185.0,17995.0,18035.0,17725.0,35505.0
2022.01.24,18035.0,55.0,17935.0,18060.0,17880.0,14844.0
2022.01.21,17980.0,-450.0,18050.0,18430.0,17875.0,16241.0
2022.01.20,18430.0,15.0,18270.0,18435.0,18230.0,10875.0
2022.01.19,18415.0,-615.0,18565.0,18570.0,18350.0,22280.0
2022.01.18,19030.0,-185.0,19215.0,19235.0,19000.0,8620.0
2022.01.17,19215.0,175.0,19195.0,19270.0,19185.0,9157.0
2022.01.14,19040.0,-375.0,18970.0,19065.0,18915.0,17981.0
2022.01.13,19415.0,-445.0,19440.0,19475.0,19400.0,22096.0
2022.01.12,19860.0,230.0,19800.0,19875.0,19735.0,7913.0
2022.01.11,19630.0,70.0,19740.0,19740.0,19610.0,7970.0
2022.01.10,19560.0,-240.0,19505.0,19620.0,19460.0,13074.0
2022.01.07,19800.0,190.0,19790.0,19980.0,19750.0,10473.0
2022.01.06,19610.0,-725.0,19775.0,19790.0,19545.0,46931.0
2022.01.05,20335.0,-585.0,20435.0,20445.0,20295.0,19315.0
2022.01.04,20920.0,90.0,20890.0,20945.0,20890.0,9182.0
2022.01.03,20830.0,120.0,20710.0,20840.0,20685.0,18545.0
2021.12.30,20710.0,60.0,20650.0,20725.0,20600.0,8600.0
2021.12.29,20650.0,-95.0,20665.0,20740.0,20640.0,15289.0
2021.12.28,20750.0,-370.0,20850.0,20855.0,20655.0,32328.0
2021.12.27,21120.0,140.0,21025.0,21185.0,21025.0,10179.0
2021.12.24,20980.0,110.0,21130.0,21155.0,20980.0,15605.0
2021.12.23,20870.0,-180.0,20965.0,20975.0,20860.0,15342.0
2021.12.22,21050.0,-130.0,21055.0,21065.0,20975.0,16917.0
2021.12.21,21180.0,345.0,20995.0,21180.0,20935.0,20097.0
2021.12.20,20835.0,470.0,20900.0,20950.0,20805.0,15747.0
2021.12.17,20365.0,-415.0,20395.0,20510.0,20365.0,16598.0
2021.12.16,20780.0,495.0,20715.0,20785.0,20650.0,12206.0
2021.12.15,20285.0,25.0,20200.0,20300.0,19720.0,17577.0
2021.12.14,20260.0,280.0,20245.0,20330.0,20235.0,12538.0
2021.12.13,19980.0,-210.0,20035.0,20035.0,19965.0,18048.0
2021.12.10,20190.0,-320.0,20130.0,20245.0,20120.0,45825.0
2021.12.09,20510.0,105.0,20545.0,20560.0,20495.0,13665.0
2021.12.08,20405.0,630.0,20330.0,20430.0,20320.0,24587.0
2021.12.07,19775.0,-230.0,19710.0,19785.0,19660.0,18401.0
2021.12.06,20005.0,-435.0,19965.0,20105.0,19965.0,19750.0
2021.12.03,20440.0,85.0,20360.0,20440.0,20255.0,11960.0
2021.12.02,20355.0,-700.0,20445.0,20450.0,20335.0,22626.0
2021.12.01,21055.0,45.0,21015.0,21080.0,20885.0,19460.0
2021.11.30,21010.0,-325.0,21335.0,21335.0,20945.0,21401.0
2021.11.29,21335.0,445.0,21365.0,21420.0,21130.0,56895.0
2021.11.26,20890.0,-140.0,21030.0,21030.0,20840.0,18030.0
2021.11.25,21030.0,115.0,21030.0,21030.0,20880.0,9229.0
2021.11.24,20915.0,-25.0,20950.0,20950.0,20860.0,7197.0
2021.11.23,20940.0,-185.0,21105.0,21105.0,20890.0,18526.0
2021.11.22,21125.0,65.0,21190.0,21215.0,21075.0,19531.0
2021.11.19,21060.0,55.0,20880.0,21080.0,20870.0,11617.0
2021.11.18,21005.0,10.0,20995.0,21030.0,20930.0,9882.0
2021.11.17,20995.0,80.0,20920.0,21050.0,20920.0,17944.0
2021.11.16,20915.0,-140.0,21015.0,21015.0,20860.0,31039.0
2021.11.15,21055.0,10.0,21130.0,21130.0,20995.0,21400.0
2021.11.12,21045.0,-75.0,21100.0,21135.0,21000.0,22165.0
2021.11.11,21120.0,-195.0,21195.0,21215.0,21075.0,31776.0
2021.11.10,21315.0,-190.0,21175.0,21330.0,21175.0,20306.0
2021.11.09,21505.0,-15.0,21620.0,21620.0,21460.0,29945.0
2021.11.08,21520.0,-710.0,21610.0,21610.0,21520.0,37969.0
2021.11.05,22230.0,-335.0,22120.0,22235.0,22120.0,16109.0
2021.11.04,22565.0,410.0,22450.0,22570.0,22450.0,19792.0
2021.11.03,22155.0,295.0,22000.0,22160.0,21990.0,18914.0
2021.11.02,21860.0,270.0,21795.0,21935.0,21795.0,16746.0
2021.11.01,21590.0,200.0,21540.0,21660.0,21440.0,16185.0
2021.10.29,21390.0,150.0,21470.0,21470.0,21355.0,13128.0
2021.10.28,21240.0,-300.0,21290.0,21290.0,21100.0,18427.0
2021.10.27,21540.0,45.0,21485.0,21545.0,21405.0,9056.0
2021.10.26,21495.0,200.0,21400.0,21545.0,21400.0,11969.0
2021.10.25,21295.0,-140.0,21435.0,21435.0,21210.0,11163.0
2021.10.22,21435.0,85.0,21450.0,21500.0,21400.0,18385.0
2021.10.21,21350.0,60.0,21325.0,21350.0,21250.0,4475.0
2021.10.20,21290.0,100.0,21405.0,21405.0,21285.0,9560.0
2021.10.19,21190.0,-390.0,21340.0,21340.0,21180.0,36875.0
2021.10.18,21580.0,-70.0,21510.0,21600.0,21470.0,11036.0
2021.10.15,21650.0,210.0,21560.0,21700.0,21560.0,8076.0
2021.10.14,21440.0,-60.0,21560.0,21560.0,21430.0,14183.0
2021.10.13,21500.0,-65.0,21540.0,21580.0,21460.0,7001.0
2021.10.12,21565.0,20.0,21545.0,21570.0,21415.0,3821.0
2021.10.08,21545.0,265.0,21530.0,21605.0,21420.0,11601.0
2021.10.07,21280.0,-165.0,21380.0,21380.0,21215.0,12119.0
2021.10.06,21445.0,35.0,21410.0,21475.0,21300.0,7959.0
2021.10.05,21410.0,-660.0,21245.0,21430.0,21240.0,20856.0
2021.10.01,22070.0,60.0,22050.0,22195.0,22050.0,15985.0
2021.09.30,22010.0,-140.0,22090.0,22180.0,22005.0,14054.0
2021.09.29,22150.0,-540.0,22335.0,22335.0,22110.0,20637.0
2021.09.28,22690.0,-210.0,22800.0,22825.0,22635.0,16281.0
2021.09.27,22900.0,-395.0,23025.0,23025.0,22845.0,22285.0
2021.09.24,23295.0,215.0,23205.0,23310.0,23150.0,10121.0
2021.09.23,23080.0,-10.0,23090.0,23120.0,22980.0,8928.0
2021.09.17,23090.0,215.0,22960.0,23170.0,22960.0,11300.0
2021.09.16,22875.0,85.0,22975.0,22975.0,22800.0,16576.0
2021.09.15,22790.0,-105.0,22895.0,22895.0,22730.0,20115.0
2021.09.14,22895.0,-330.0,23225.0,23225.0,22850.0,17697.0
2021.09.13,23225.0,-5.0,23230.0,23230.0,23005.0,15655.0
2021.09.10,23230.0,140.0,23090.0,23285.0,23090.0,9741.0
2021.09.09,23090.0,-215.0,23115.0,23165.0,22990.0,12107.0
2021.09.08,23305.0,55.0,23280.0,23310.0,23090.0,30613.0
2021.09.07,23250.0,60.0,23245.0,23290.0,23200.0,9269.0
2021.09.06,23190.0,60.0,23190.0,23225.0,23015.0,14535.0
2021.09.03,23130.0,155.0,23130.0,23240.0,23065.0,27282.0
2021.09.02,22975.0,230.0,22850.0,23030.0,22850.0,17674.0
2021.09.01,22745.0,5.0,22770.0,22845.0,22700.0,35907.0
2021.08.31,22740.0,-165.0,22875.0,22875.0,22725.0,30313.0
2021.08.30,22905.0,50.0,22855.0,22905.0,22810.0,12343.0
2021.08.27,22855.0,-35.0,22890.0,22950.0,22845.0,11344.0
2021.08.26,22890.0,-5.0,22895.0,22950.0,22835.0,22169.0
2021.08.25,22895.0,0.0,22890.0,22895.0,22745.0,11276.0
2021.08.24,22895.0,395.0,22815.0,23000.0,22815.0,26174.0
2021.08.23,22500.0,380.0,22280.0,22500.0,22280.0,33677.0
2021.08.20,22120.0,-425.0,22125.0,22155.0,22020.0,37323.0
2021.08.19,22545.0,-280.0,22545.0,22645.0,22375.0,35248.0
2021.08.18,22825.0,425.0,22900.0,22970.0,22665.0,22152.0
2021.08.17,22400.0,-190.0,22370.0,22445.0,22300.0,18190.0
2021.08.13,22590.0,225.0,22405.0,22695.0,22405.0,51973.0
2021.08.12,22365.0,-565.0,22265.0,22365.0,22145.0,66054.0
2021.08.11,22930.0,-250.0,23100.0,23215.0,22680.0,53755.0
2021.08.10,23180.0,745.0,22940.0,23200.0,22940.0,41568.0
2021.08.09,22435.0,-375.0,22450.0,22460.0,22320.0,29495.0
2021.08.06,22810.0,500.0,22640.0,22845.0,22615.0,33200.0
2021.08.05,22310.0,310.0,22135.0,22415.0,22135.0,29850.0
2021.08.04,22000.0,250.0,21960.0,22110.0,21960.0,26096.0
2021.08.03,21750.0,-20.0,21595.0,21805.0,21595.0,10349.0
2021.08.02,21770.0,235.0,21795.0,21880.0,21680.0,12496.0
2021.07.30,21535.0,-175.0,21565.0,21625.0,21295.0,12454.0
2021.07.29,21710.0,335.0,22020.0,22020.0,21635.0,13504.0
2021.07.28,21375.0,-170.0,21465.0,21465.0,21245.0,8365.0
2021.07.27,21545.0,-365.0,21660.0,21660.0,21500.0,15815.0
2021.07.26,21910.0,180.0,21865.0,22095.0,21865.0,17489.0
2021.07.23,21730.0,105.0,21840.0,21840.0,21695.0,8162.0
2021.07.22,21625.0,10.0,21710.0,21820.0,21620.0,28120.0
2021.07.21,21615.0,200.0,21580.0,21690.0,21550.0,8693.0
2021.07.20,21415.0,400.0,21495.0,21495.0,21325.0,16540.0
2021.07.19,21015.0,140.0,20905.0,21130.0,20905.0,20142.0
2021.07.16,20875.0,-65.0,20940.0,20940.0,20835.0,6482.0
2021.07.15,20940.0,-370.0,21100.0,21100.0,20910.0,20102.0
2021.07.14,21310.0,-160.0,21420.0,21420.0,21135.0,12354.0
2021.07.13,21470.0,-125.0,21595.0,21595.0,21360.0,13665.0
2021.07.12,21595.0,315.0,21625.0,21625.0,21500.0,15555.0
2021.07.09,21280.0,200.0,21135.0,21400.0,21135.0,21043.0
2021.07.08,21080.0,-300.0,21285.0,21285.0,21030.0,27901.0
2021.07.07,21380.0,-185.0,21470.0,21470.0,21180.0,16696.0
2021.07.06,21565.0,10.0,21555.0,21660.0,21555.0,6646.0
2021.07.05,21555.0,-180.0,21660.0,21660.0,21505.0,15229.0
2021.07.02,21735.0,350.0,21520.0,21735.0,21520.0,14845.0
2021.07.01,21385.0,55.0,21475.0,21475.0,21285.0,25920.0
2021.06.30,21330.0,70.0,21365.0,21420.0,21225.0,20365.0
2021.06.29,21260.0,30.0,21250.0,21350.0,21235.0,9023.0
2021.06.28,21230.0,180.0,21090.0,21245.0,21090.0,13939.0
2021.06.25,21050.0,100.0,21230.0,21230.0,21000.0,13271.0
2021.06.24,20950.0,-85.0,20940.0,21070.0,20940.0,9424.0
2021.06.23,21035.0,95.0,21000.0,21060.0,20900.0,19507.0
2021.06.22,20940.0,105.0,20855.0,20975.0,20855.0,6443.0
2021.06.21,20835.0,35.0,20800.0,20840.0,20695.0,6795.0
2021.06.18,20800.0,285.0,20720.0,20915.0,20720.0,10708.0
2021.06.17,20515.0,-85.0,20430.0,20600.0,20400.0,7212.0
2021.06.16,20600.0,-230.0,20625.0,20640.0,20495.0,9532.0
2021.06.15,20830.0,-60.0,20960.0,20960.0,20800.0,13292.0
2021.06.14,20890.0,40.0,20770.0,20990.0,20770.0,12755.0
2021.06.11,20850.0,280.0,20875.0,21065.0,20850.0,17874.0
2021.06.10,20570.0,275.0,20565.0,20650.0,20565.0,15075.0
2021.06.09,20295.0,-70.0,20325.0,20395.0,20295.0,7494.0
2021.06.08,20365.0,865.0,20300.0,20380.0,20275.0,43693.0
2021.06.07,19500.0,135.0,19515.0,19690.0,19490.0,6891.0
2021.06.04,19365.0,-35.0,19450.0,19450.0,19365.0,5236.0
2021.06.03,19400.0,35.0,19475.0,19480.0,19375.0,8533.0
2021.06.02,19365.0,-125.0,19410.0,19410.0,19285.0,11987.0
2021.06.01,19490.0,-45.0,19555.0,19555.0,19440.0,5380.0
2021.05.31,19535.0,-40.0,19580.0,19685.0,19520.0,5008.0
2021.05.28,19575.0,115.0,19545.0,19670.0,19490.0,4754.0
2021.05.27,19460.0,35.0,19540.0,19540.0,19400.0,6201.0
2021.05.26,19425.0,-205.0,19570.0,19570.0,19385.0,9927.0
2021.05.25,19630.0,-165.0,19705.0,19705.0,19600.0,6166.0
2021.05.24,19795.0,10.0,19805.0,19805.0,19680.0,5040.0
2021.05.21,19785.0,290.0,19770.0,19860.0,19770.0,19463.0
2021.05.20,19495.0,-215.0,19415.0,19540.0,19415.0,8010.0
2021.05.18,19710.0,165.0,19715.0,19775.0,19670.0,6754.0
2021.05.17,19545.0,340.0,19490.0,19570.0,19375.0,4630.0
2021.05.14,19205.0,110.0,19065.0,19305.0,19025.0,10997.0
2021.05.13,19095.0,90.0,19065.0,19280.0,19040.0,11325.0
2021.05.12,19005.0,135.0,19020.0,19175.0,18960.0,8173.0
2021.05.11,18870.0,-485.0,19010.0,19010.0,18800.0,20390.0
2021.05.10,19355.0,30.0,19200.0,19410.0,19200.0,8047.0
2021.05.07,19325.0,-115.0,19310.0,19355.0,19195.0,9343.0
2021.05.06,19440.0,-540.0,19445.0,19455.0,19280.0,13417.0
2021.05.04,19980.0,0.0,19990.0,20065.0,19915.0,3990.0
2021.05.03,19980.0,135.0,20000.0,20085.0,19880.0,10522.0
2021.04.30,19845.0,-400.0,19780.0,19865.0,19780.0,12083.0
2021.04.29,20245.0,105.0,20280.0,20305.0,20025.0,9665.0
2021.04.28,20140.0,-145.0,20165.0,20295.0,20140.0,11768.0
2021.04.27,20285.0,345.0,20205.0,20295.0,20205.0,18291.0
2021.04.26,19940.0,-60.0,20055.0,20070.0,19910.0,6800.0
2021.04.23,20000.0,80.0,19945.0,20000.0,19900.0,11445.0
2021.04.22,19920.0,310.0,19850.0,19990.0,19830.0,11373.0
2021.04.21,19610.0,30.0,19530.0,19610.0,19455.0,8645.0
2021.04.20,19580.0,-270.0,19660.0,19670.0,19545.0,15142.0
2021.04.19,19850.0,125.0,19705.0,19850.0,19700.0,10074.0
2021.04.16,19725.0,55.0,19745.0,19820.0,19670.0,14394.0
2021.04.15,19670.0,355.0,19435.0,19695.0,19435.0,15539.0
2021.04.14,19315.0,195.0,19300.0,19395.0,19235.0,9918.0
2021.04.13,19120.0,-255.0,19185.0,19185.0,19050.0,18900.0
2021.04.12,19375.0,-10.0,19290.0,19375.0,19260.0,8951.0
2021.04.09,19385.0,-60.0,19445.0,19445.0,19280.0,12407.0
2021.04.08,19445.0,-165.0,19400.0,19445.0,19200.0,10187.0
2021.04.07,19610.0,-170.0,19715.0,19715.0,19540.0,6127.0
2021.04.06,19780.0,-40.0,19900.0,19900.0,19775.0,8353.0
2021.04.05,19820.0,-70.0,19890.0,19890.0,19815.0,5931.0
2021.04.02,19890.0,205.0,19950.0,19950.0,19835.0,5597.0
2021.04.01,19685.0,415.0,19625.0,19710.0,19515.0,10078.0
2021.03.31,19270.0,-55.0,19325.0,19335.0,19200.0,15008.0
2021.03.30,19325.0,-90.0,19415.0,19415.0,19240.0,16772.0
2021.03.29,19415.0,-185.0,19500.0,19500.0,19355.0,18552.0
2021.03.26,19600.0,205.0,19445.0,19630.0,19445.0,3800.0
2021.03.25,19395.0,-580.0,19300.0,19445.0,19280.0,16651.0
2021.03.24,19975.0,-380.0,19775.0,20020.0,19775.0,13081.0
2021.03.23,20355.0,15.0,20450.0,20600.0,20340.0,16519.0
2021.03.22,20340.0,355.0,20200.0,20395.0,20200.0,15813.0
2021.03.19,19985.0,-555.0,20105.0,20135.0,19870.0,15999.0
2021.03.18,20540.0,110.0,20430.0,20650.0,20430.0,5541.0
2021.03.17,20430.0,-30.0,20625.0,20625.0,20410.0,7132.0
2021.03.16,20460.0,185.0,20420.0,20640.0,20420.0,11432.0
2021.03.15,20275.0,-80.0,20305.0,20440.0,20275.0,12779.0
2021.03.12,20355.0,235.0,20395.0,20510.0,20350.0,9575.0
2021.03.11,20120.0,185.0,20040.0,20140.0,20000.0,4703.0
2021.03.10,19935.0,325.0,19910.0,19975.0,19785.0,7926.0
2021.03.09,19610.0,235.0,19395.0,19610.0,19270.0,23865.0
2021.03.08,19375.0,280.0,19455.0,19665.0,19375.0,13312.0
2021.03.05,19095.0,-460.0,19210.0,19225.0,19050.0,15779.0
2021.03.04,19555.0,-865.0,19655.0,19665.0,19470.0,28516.0
2021.03.03,20420.0,-290.0,20250.0,20470.0,20250.0,10377.0
2021.03.02,20710.0,575.0,20460.0,20740.0,20460.0,10250.0
2021.02.26,20135.0,-640.0,20235.0,20405.0,20095.0,30428.0
2021.02.25,20775.0,615.0,20650.0,20805.0,20535.0,10372.0
2021.02.24,20160.0,-665.0,20455.0,20635.0,20160.0,15338.0
2021.02.23,20825.0,-230.0,20980.0,20980.0,20780.0,17925.0
2021.02.22,21055.0,65.0,21350.0,21350.0,21055.0,20343.0
2021.02.19,20990.0,-410.0,21180.0,21180.0,20970.0,15108.0
2021.02.18,21400.0,-35.0,21380.0,21495.0,21340.0,13274.0
2021.02.17,21435.0,-395.0,21490.0,21490.0,21140.0,43796.0
2021.02.16,21830.0,5.0,21905.0,21905.0,21780.0,11952.0
2021.02.15,21825.0,-270.0,21905.0,21905.0,21790.0,35895.0
2021.02.10,22095.0,-25.0,21905.0,22135.0,21905.0,31674.0
2021.02.09,22120.0,160.0,22130.0,22320.0,22085.0,40652.0
2021.02.08,21960.0,315.0,21860.0,21980.0,21755.0,17886.0
2021.02.05,21645.0,605.0,21340.0,21730.0,21340.0,34340.0
2021.02.04,21040.0,-150.0,21045.0,21195.0,21025.0,15726.0
2021.02.03,21190.0,10.0,21185.0,21285.0,21185.0,19229.0
2021.02.02,21180.0,485.0,20950.0,21185.0,20910.0,17976.0
2021.02.01,20695.0,395.0,20705.0,20910.0,20490.0,21044.0
2021.01.29,20300.0,-280.0,20685.0,20745.0,20300.0,8199.0
2021.01.28,20580.0,-400.0,20325.0,20620.0,20240.0,26836.0
2021.01.27,20980.0,-170.0,21150.0,21155.0,20955.0,22045.0
2021.01.26,21150.0,-40.0,21310.0,21365.0,21135.0,25294.0
2021.01.25,21190.0,405.0,20950.0,21240.0,20935.0,24290.0
2021.01.22,20785.0,-315.0,20655.0,20840.0,20605.0,22584.0
2021.01.21,21100.0,230.0,20875.0,21110.0,20875.0,15464.0
2021.01.20,20870.0,160.0,20870.0,21035.0,20855.0,38476.0
2021.01.19,20710.0,215.0,20535.0,20735.0,20535.0,21145.0
2021.01.18,20495.0,120.0,20470.0,20575.0,20430.0,24326.0
2021.01.15,20375.0,295.0,20345.0,20480.0,20345.0,47258.0
2021.01.14,20080.0,100.0,20000.0,20100.0,19980.0,15517.0
2021.01.13,19980.0,-20.0,20030.0,20095.0,19970.0,16513.0
2021.01.12,20000.0,130.0,19950.0,20075.0,19950.0,50513.0
2021.01.11,19870.0,30.0,19900.0,20045.0,19855.0,50921.0
2021.01.08,19840.0,470.0,19805.0,20030.0,19755.0,41975.0
2021.01.07,19370.0,620.0,19100.0,19390.0,19100.0,34906.0
2021.01.06,18750.0,-100.0,18870.0,18945.0,18610.0,36829.0
2021.01.05,18850.0,-50.0,18900.0,18940.0,18775.0,23090.0
2021.01.04,18900.0,-330.0,19120.0,19120.0,18895.0,28261.0
2020.12.30,19230.0,-290.0,19205.0,19235.0,19160.0,21981.0
2020.12.29,19520.0,-290.0,19450.0,19555.0,19415.0,21535.0
2020.12.28,19820.0,-160.0,19860.0,19970.0,19770.0,26266.0
2020.12.24,19980.0,0.0,20040.0,20135.0,19950.0,33201.0
2020.12.23,19980.0,80.0,20015.0,20105.0,19940.0,50252.0
2020.12.22,19900.0,-55.0,19910.0,20080.0,19880.0,45104.0
2020.12.21,19955.0,405.0,19680.0,19965.0,19670.0,40808.0
2020.12.18,19550.0,250.0,19495.0,19655.0,19495.0,33252.0
2020.12.17,19300.0,-100.0,19305.0,19430.0,19230.0,24772.0
2020.12.16,19400.0,110.0,19410.0,19460.0,19320.0,23570.0
2020.12.15,19290.0,340.0,19150.0,19365.0,19145.0,66496.0
2020.12.14,18950.0,130.0,18935.0,18950.0,18885.0,23133.0
2020.12.11,18820.0,270.0,18865.0,18865.0,18705.0,27555.0
2020.12.10,18550.0,-240.0,18450.0,18655.0,18450.0,15210.0
2020.12.09,18790.0,350.0,18820.0,18820.0,18730.0,35389.0
2020.12.08,18440.0,-40.0,18460.0,18510.0,18385.0,16071.0
2020.12.07,18480.0,70.0,18485.0,18615.0,18440.0,11625.0
2020.12.04,18410.0,-85.0,18675.0,18675.0,18410.0,14260.0
2020.12.03,18495.0,20.0,18430.0,18545.0,18415.0,12716.0
2020.12.02,18475.0,-225.0,18705.0,18705.0,18405.0,21083.0
2020.12.01,18700.0,440.0,18460.0,18740.0,18450.0,45105.0
2020.11.30,18260.0,410.0,18240.0,18460.0,18240.0,26710.0
2020.11.27,17850.0,-40.0,17900.0,17900.0,17780.0,14108.0
2020.11.26,17890.0,20.0,17815.0,17945.0,17815.0,9883.0
2020.11.25,17870.0,-150.0,17955.0,17960.0,17800.0,25657.0
2020.11.24,18020.0,10.0,18095.0,18095.0,17900.0,11007.0
2020.11.23,18010.0,100.0,17940.0,18035.0,17905.0,14527.0
2020.11.20,17910.0,45.0,17870.0,17910.0,17790.0,11905.0
2020.11.19,17865.0,-105.0,17705.0,17865.0,17630.0,22611.0
2020.11.18,17970.0,-195.0,18125.0,18125.0,17970.0,26417.0
2020.11.17,18165.0,-120.0,18185.0,18240.0,18130.0,21373.0
2020.11.16,18285.0,275.0,18180.0,18335.0,18180.0,16834.0
2020.11.13,18010.0,50.0,18010.0,18025.0,17940.0,8121.0
2020.11.12,17960.0,105.0,17930.0,18015.0,17900.0,7850.0
2020.11.11,17855.0,180.0,17805.0,17895.0,17740.0,7611.0
2020.11.10,17675.0,-645.0,18785.0,18785.0,17465.0,121181.0
2020.11.09,18320.0,115.0,18325.0,18415.0,18215.0,26340.0
2020.11.06,18205.0,-570.0,18340.0,18395.0,18160.0,20013.0
2020.11.05,18775.0,830.0,18500.0,18840.0,18410.0,130676.0
2020.11.04,17945.0,680.0,17395.0,18170.0,17395.0,15364.0
2020.11.03,17265.0,15.0,17300.0,17305.0,17160.0,8867.0
2020.11.02,17250.0,95.0,17140.0,17260.0,16585.0,7348.0
2020.10.30,17155.0,-490.0,17415.0,17415.0,17090.0,11376.0
2020.10.29,17645.0,-155.0,17570.0,17645.0,17345.0,11272.0
2020.10.28,17800.0,80.0,17665.0,17825.0,17665.0,6183.0
2020.10.27,17720.0,-45.0,17610.0,17770.0,17610.0,6474.0
2020.10.26,17765.0,-125.0,17875.0,17875.0,17765.0,5865.0
2020.10.23,17890.0,190.0,17980.0,17980.0,17820.0,10458.0
2020.10.22,17700.0,-355.0,17665.0,17700.0,17620.0,17516.0
2020.10.21,18055.0,-265.0,18200.0,18200.0,18005.0,7941.0
2020.10.20,18320.0,-300.0,18290.0,18380.0,18160.0,8111.0
2020.10.19,18620.0,115.0,18760.0,18760.0,18570.0,3081.0
2020.10.16,18505.0,-290.0,18650.0,18650.0,18410.0,7742.0
2020.10.15,18795.0,-385.0,18870.0,18950.0,18740.0,11523.0
2020.10.14,19180.0,125.0,19075.0,19200.0,19075.0,28213.0
2020.10.13,19055.0,55.0,19000.0,19100.0,18980.0,21486.0
2020.10.12,19000.0,165.0,18900.0,19000.0,18895.0,23188.0
2020.10.08,18835.0,350.0,18875.0,18890.0,18800.0,22894.0
2020.10.07,18485.0,-130.0,18565.0,18595.0,18485.0,17809.0
2020.10.06,18615.0,505.0,18795.0,18795.0,18540.0,21097.0
2020.10.05,18110.0,-240.0,18315.0,18315.0,18105.0,6357.0
2020.09.29,18350.0,165.0,18355.0,18425.0,18255.0,9930.0
2020.09.28,18185.0,320.0,18165.0,18280.0,18125.0,19334.0
2020.09.25,17865.0,-15.0,17880.0,17935.0,17785.0,11652.0
2020.09.24,17880.0,-220.0,17830.0,17965.0,17810.0,11315.0
2020.09.23,18100.0,275.0,17965.0,18100.0,17965.0,13433.0
2020.09.22,17825.0,-435.0,17865.0,18085.0,17825.0,13570.0
2020.09.21,18260.0,-160.0,18305.0,18450.0,18140.0,15930.0
2020.09.18,18420.0,180.0,18265.0,18430.0,18265.0,14606.0
2020.09.17,18240.0,-410.0,18570.0,18630.0,18150.0,15072.0
2020.09.16,18650.0,165.0,18490.0,18695.0,18490.0,20933.0
2020.09.15,18485.0,695.0,18225.0,18530.0,18185.0,24603.0
2020.09.14,17790.0,20.0,17770.0,17830.0,17595.0,6640.0
2020.09.11,17770.0,-5.0,17675.0,17770.0,17435.0,23803.0
2020.09.10,17775.0,195.0,17730.0,17830.0,17730.0,9247.0
2020.09.09,17580.0,-185.0,17295.0,17730.0,17295.0,15970.0
2020.09.08,17765.0,65.0,17795.0,17795.0,17660.0,10277.0
2020.09.07,17700.0,-155.0,17835.0,17840.0,17515.0,23475.0
2020.09.04,17855.0,-745.0,17700.0,17900.0,17700.0,38456.0
2020.09.03,18600.0,80.0,18715.0,18715.0,18555.0,51434.0
2020.09.02,18520.0,-265.0,18385.0,18520.0,18250.0,36818.0
2020.09.01,18785.0,325.0,18695.0,18800.0,18590.0,22792.0
2020.08.31,18460.0,65.0,18370.0,18465.0,18265.0,31987.0
2020.08.28,18395.0,195.0,18190.0,18425.0,18190.0,28484.0
2020.08.27,18200.0,-225.0,18445.0,18445.0,18190.0,16978.0
2020.08.26,18425.0,260.0,18250.0,18440.0,18250.0,26421.0
2020.08.25,18165.0,-290.0,18215.0,18215.0,18060.0,43067.0
2020.08.24,18455.0,65.0,18455.0,18455.0,18230.0,26627.0
2020.08.21,18390.0,75.0,18300.0,18435.0,18290.0,11030.0
2020.08.20,18315.0,-305.0,18275.0,18370.0,18265.0,13286.0
2020.08.19,18620.0,-110.0,18665.0,18665.0,18505.0,12734.0
2020.08.18,18730.0,145.0,18625.0,18820.0,18625.0,28868.0
2020.08.14,18585.0,230.0,18360.0,18585.0,18360.0,12161.0
2020.08.13,18355.0,85.0,18340.0,18405.0,18275.0,18307.0
2020.08.12,18270.0,-370.0,18320.0,18320.0,18125.0,19782.0
2020.08.11,18640.0,-140.0,18700.0,18700.0,18525.0,24140.0
2020.08.10,18780.0,5.0,18780.0,18805.0,18720.0,23053.0
2020.08.07,18775.0,-125.0,18835.0,18870.0,18755.0,34565.0
2020.08.06,18900.0,-165.0,19090.0,19090.0,18865.0,37273.0
2020.08.05,19065.0,-220.0,19005.0,19150.0,19005.0,37953.0
2020.08.04,19285.0,540.0,19035.0,19300.0,19030.0,24426.0
2020.08.03,18745.0,-555.0,19290.0,19290.0,18575.0,40358.0
2020.07.31,19300.0,295.0,19200.0,19300.0,18990.0,11531.0
2020.07.30,19005.0,-235.0,19070.0,19070.0,18900.0,24579.0
2020.07.29,19240.0,-360.0,19175.0,19335.0,19160.0,29736.0
2020.07.28,19600.0,545.0,19505.0,19700.0,19385.0,46659.0
2020.07.27,19055.0,-275.0,19145.0,19145.0,18835.0,20890.0
2020.07.24,19330.0,-485.0,19445.0,19500.0,19285.0,42511.0
2020.07.23,19815.0,-40.0,19640.0,19945.0,19640.0,30161.0
2020.07.22,19855.0,-610.0,19720.0,19935.0,19700.0,62007.0
2020.07.21,20465.0,410.0,20200.0,20515.0,20170.0,28051.0
2020.07.20,20055.0,285.0,20080.0,20195.0,20005.0,25490.0
2020.07.17,19770.0,50.0,19710.0,19870.0,19605.0,15525.0
2020.07.16,19720.0,20.0,19795.0,19865.0,19630.0,21786.0
2020.07.15,19700.0,315.0,19595.0,19785.0,19595.0,55442.0
2020.07.14,19385.0,-50.0,19110.0,19385.0,19110.0,40103.0
2020.07.13,19435.0,20.0,19405.0,19560.0,19385.0,11385.0
2020.07.10,19415.0,-35.0,19465.0,19615.0,19350.0,27629.0
2020.07.09,19450.0,0.0,19480.0,19575.0,19400.0,12309.0
2020.07.08,19450.0,175.0,19280.0,19450.0,19280.0,16528.0
2020.07.07,19275.0,-155.0,19290.0,19445.0,19265.0,16220.0
2020.07.06,19430.0,120.0,19440.0,19475.0,19305.0,12326.0
2020.07.03,19310.0,185.0,19235.0,19365.0,19155.0,11919.0
2020.07.02,19125.0,85.0,19145.0,19245.0,19070.0,9446.0
2020.07.01,19040.0,235.0,19000.0,19070.0,18925.0,4858.0
2020.06.30,18805.0,10.0,18835.0,18835.0,18730.0,7575.0
2020.06.29,18795.0,-480.0,18750.0,18825.0,18700.0,14914.0
2020.06.26,19275.0,240.0,19260.0,19420.0,19110.0,20238.0
2020.06.25,19035.0,-400.0,18850.0,19140.0,18850.0,29698.0
2020.06.24,19435.0,15.0,19425.0,19525.0,19285.0,32663.0
2020.06.23,19420.0,-200.0,19440.0,19480.0,19095.0,43753.0
2020.06.22,19620.0,680.0,19000.0,19630.0,19000.0,42417.0
2020.06.19,18940.0,260.0,18750.0,18940.0,18740.0,9526.0
2020.06.18,18680.0,40.0,18605.0,18765.0,18585.0,17376.0
2020.06.17,18640.0,80.0,18565.0,18740.0,18565.0,8657.0
2020.06.16,18560.0,970.0,18435.0,18620.0,18300.0,20001.0
2020.06.15,17590.0,-455.0,17825.0,17935.0,17590.0,20050.0
2020.06.12,18045.0,-250.0,17825.0,18045.0,17000.0,22829.0
2020.06.11,18295.0,-265.0,18465.0,18485.0,18240.0,16114.0
2020.06.10,18560.0,-10.0,18650.0,18650.0,18450.0,15424.0
2020.06.09,18570.0,25.0,18620.0,18620.0,18390.0,25128.0
2020.06.08,18545.0,-30.0,18575.0,18590.0,18410.0,22322.0
2020.06.05,18575.0,-205.0,18445.0,18615.0,18430.0,22306.0
2020.06.04,18780.0,-275.0,18750.0,18865.0,18695.0,18015.0
2020.06.03,19055.0,-115.0,19065.0,19140.0,19040.0,17584.0
2020.06.02,19170.0,-110.0,19105.0,19170.0,19025.0,25599.0
2020.06.01,19280.0,265.0,19385.0,19385.0,19150.0,14215.0
2020.05.29,19015.0,90.0,19040.0,19070.0,18920.0,17560.0
2020.05.28,18925.0,-60.0,18985.0,18985.0,18880.0,16797.0
2020.05.27,18985.0,-595.0,18815.0,19575.0,18760.0,43161.0
2020.05.26,19580.0,120.0,19550.0,19595.0,19460.0,20852.0
2020.05.25,19460.0,500.0,19200.0,19470.0,19180.0,12402.0
2020.05.22,18960.0,-225.0,19085.0,19200.0,18865.0,12854.0
2020.05.21,19185.0,355.0,19135.0,19190.0,19080.0,34686.0
2020.05.20,18830.0,-290.0,18820.0,18905.0,18600.0,27224.0
2020.05.19,19120.0,5.0,19095.0,19155.0,18985.0,22954.0
2020.05.18,19115.0,675.0,18925.0,19115.0,18890.0,9320.0
2020.05.15,18440.0,-35.0,18555.0,18555.0,18360.0,7446.0
2020.05.14,18475.0,-350.0,18425.0,18540.0,18360.0,20994.0
2020.05.13,18825.0,-240.0,18685.0,18825.0,18610.0,21553.0
2020.05.12,19065.0,740.0,18970.0,19085.0,18900.0,13868.0
2020.05.11,18325.0,35.0,18155.0,18330.0,18155.0,19694.0
2020.05.08,18290.0,-10.0,18155.0,18300.0,17995.0,20319.0
2020.05.07,18300.0,160.0,18160.0,18300.0,18160.0,10530.0
2020.05.06,18140.0,885.0,18140.0,18140.0,17855.0,15802.0
2020.05.04,17255.0,-700.0,17095.0,17255.0,17055.0,13569.0
2020.04.29,17955.0,-115.0,17960.0,17960.0,17715.0,8498.0
2020.04.28,18070.0,-100.0,18190.0,18220.0,18000.0,14550.0
2020.04.27,18170.0,625.0,18100.0,18325.0,17880.0,13109.0
2020.04.24,17545.0,-155.0,17650.0,17650.0,17465.0,6279.0
2020.04.23,17700.0,130.0,17695.0,17700.0,17580.0,9437.0
2020.04.22,17570.0,-590.0,17675.0,17735.0,17415.0,33942.0
2020.04.21,18160.0,435.0,17950.0,18160.0,17925.0,17390.0
2020.04.20,17725.0,400.0,17610.0,17725.0,17445.0,18106.0
2020.04.17,17325.0,625.0,17550.0,17550.0,17230.0,30051.0
2020.04.16,16700.0,140.0,16495.0,16700.0,16330.0,18610.0
2020.04.14,16560.0,570.0,16275.0,16575.0,16175.0,5894.0
2020.04.13,15990.0,-115.0,16105.0,16105.0,15840.0,5904.0
2020.04.10,16105.0,-85.0,16235.0,16235.0,16070.0,5285.0
2020.04.09,16190.0,510.0,16050.0,16190.0,15895.0,9730.0
2020.04.08,15680.0,-370.0,15815.0,15820.0,15570.0,12987.0
2020.04.07,16050.0,165.0,16035.0,16100.0,15850.0,7552.0
2020.04.06,15885.0,510.0,15660.0,15885.0,15520.0,8078.0
2020.04.03,15375.0,220.0,15445.0,15470.0,15260.0,7167.0
2020.04.02,15155.0,70.0,15235.0,15235.0,14875.0,6558.0
2020.04.01,15085.0,-315.0,15405.0,15405.0,15050.0,6277.0
2020.03.31,15400.0,255.0,15580.0,15675.0,15325.0,9134.0
2020.03.30,15145.0,95.0,14765.0,15190.0,14525.0,9772.0
2020.03.27,15050.0,500.0,15300.0,15385.0,14875.0,8043.0
2020.03.26,14550.0,-190.0,14620.0,14740.0,14400.0,5406.0
2020.03.25,14740.0,40.0,14900.0,14900.0,14460.0,9803.0
2020.03.24,14700.0,445.0,14715.0,14930.0,14370.0,2297.0
2020.03.23,14255.0,-725.0,14255.0,14275.0,13715.0,4348.0
2020.03.20,14980.0,620.0,14380.0,15135.0,14380.0,5616.0
2020.03.19,14360.0,530.0,14215.0,14870.0,14000.0,7817.0
2020.03.18,13830.0,-280.0,14225.0,14340.0,13830.0,6629.0
2020.03.17,14110.0,-55.0,13485.0,14135.0,13465.0,2410.0
2020.03.16,14165.0,90.0,14245.0,14245.0,14090.0,2003.0
2020.03.13,14075.0,-345.0,13425.0,14395.0,13425.0,6707.0
2020.03.12,14420.0,-920.0,15095.0,15095.0,14210.0,5428.0
2020.03.11,15340.0,-595.0,15910.0,15910.0,15280.0,7106.0
2020.03.10,15935.0,-445.0,16110.0,16110.0,15500.0,14838.0
2020.03.09,16380.0,-215.0,16320.0,16380.0,16115.0,14288.0
2020.03.06,16595.0,-165.0,16445.0,16630.0,16440.0,8331.0
2020.03.05,16760.0,645.0,16565.0,16810.0,16565.0,20244.0
2020.03.04,16115.0,-430.0,16190.0,16190.0,16015.0,23867.0
2020.03.03,16545.0,765.0,16585.0,16585.0,16440.0,5202.0
2020.03.02,15780.0,-280.0,16035.0,16090.0,15780.0,9958.0
2020.02.28,16060.0,-710.0,15845.0,16100.0,15845.0,6190.0
2020.02.27,16770.0,220.0,16715.0,16800.0,16680.0,3038.0
2020.02.26,16550.0,-355.0,16650.0,16650.0,16480.0,4511.0
2020.02.25,16905.0,-470.0,17015.0,17015.0,16860.0,14398.0
2020.02.24,17375.0,100.0,17315.0,17385.0,17315.0,3479.0
2020.02.21,17275.0,50.0,17225.0,17290.0,17170.0,7847.0
2020.02.20,17225.0,245.0,17105.0,17230.0,17055.0,5514.0
2020.02.19,16980.0,80.0,16970.0,17000.0,16870.0,21474.0
2020.02.18,16900.0,60.0,16895.0,16935.0,16840.0,4067.0
2020.02.17,16840.0,45.0,16795.0,16840.0,16790.0,3359.0
2020.02.14,16795.0,-45.0,16735.0,16795.0,16725.0,5520.0
2020.02.13,16840.0,25.0,16850.0,16905.0,16825.0,9299.0
2020.02.12,16815.0,-65.0,16860.0,16860.0,16780.0,10517.0
2020.02.11,16880.0,145.0,16960.0,16960.0,16830.0,7833.0
2020.02.10,16735.0,-160.0,16865.0,16865.0,16725.0,11419.0
2020.02.07,16895.0,175.0,16805.0,16910.0,16805.0,5796.0
2020.02.06,16720.0,320.0,16870.0,16870.0,16660.0,14788.0
2020.02.05,16400.0,440.0,16215.0,16405.0,16215.0,4993.0
2020.02.04,15960.0,75.0,16145.0,16145.0,15945.0,6254.0
2020.02.03,15885.0,-145.0,16000.0,16000.0,15770.0,10971.0
2020.01.31,16030.0,-65.0,16005.0,16035.0,15955.0,1237.0
2020.01.30,16095.0,70.0,16155.0,16155.0,16080.0,1953.0
2020.01.29,16025.0,135.0,16105.0,16105.0,16015.0,3661.0
2020.01.28,15890.0,-490.0,16015.0,16015.0,15830.0,1901.0
2020.01.23,16380.0,20.0,16360.0,16400.0,16285.0,1469.0
2020.01.22,16360.0,-135.0,16425.0,16440.0,16355.0,975.0
2020.01.21,16495.0,40.0,16455.0,16495.0,16390.0,3170.0
2020.01.20,16455.0,-50.0,16535.0,16535.0,16395.0,508.0
2020.01.17,16505.0,120.0,16525.0,16525.0,16460.0,1290.0
2020.01.16,16385.0,80.0,16365.0,16400.0,16355.0,1755.0
2020.01.15,16305.0,240.0,16320.0,16330.0,16260.0,3176.0
2020.01.14,16065.0,-165.0,16125.0,16125.0,15875.0,6613.0
2020.01.13,16230.0,-120.0,16345.0,16345.0,16210.0,1993.0
2020.01.10,16350.0,190.0,16320.0,16375.0,16265.0,1386.0
2020.01.09,16160.0,5.0,16320.0,16320.0,16155.0,2734.0
2020.01.08,16155.0,-50.0,16185.0,16350.0,16125.0,1383.0
2020.01.07,16205.0,65.0,16270.0,16270.0,16095.0,506.0
2020.01.06,16140.0,-90.0,16140.0,16150.0,15975.0,6935.0
2020.01.03,16230.0,-15.0,16235.0,16295.0,16155.0,2891.0
2020.01.02,16245.0,-105.0,16250.0,16265.0,16195.0,858.0
2019.12.30,16350.0,-275.0,16425.0,16445.0,16305.0,1135.0
2019.12.27,16625.0,-105.0,16695.0,16695.0,16500.0,4410.0
2019.12.26,16740.0,90.0,16655.0,16740.0,16650.0,899.0
2019.12.24,16650.0,185.0,16485.0,16695.0,16485.0,5327.0
2019.12.23,16465.0,155.0,16345.0,16465.0,16345.0,596.0
2019.12.20,16310.0,50.0,16310.0,16485.0,16310.0,1711.0
2019.12.19,16260.0,-150.0,16410.0,16410.0,16260.0,1157.0
2019.12.18,16410.0,-75.0,16460.0,16475.0,16335.0,3556.0
2019.12.17,16485.0,10.0,16615.0,16620.0,16430.0,1676.0
2019.12.16,16475.0,65.0,16445.0,16490.0,16435.0,1633.0
2019.12.13,16410.0,-130.0,16540.0,16540.0,16340.0,6624.0
2019.12.12,16540.0,-110.0,16570.0,16570.0,16470.0,1879.0
2019.12.11,16650.0,150.0,16535.0,16730.0,16535.0,12072.0
2019.12.10,16500.0,-65.0,16550.0,16550.0,16485.0,7380.0
2019.12.09,16565.0,205.0,16490.0,16615.0,16490.0,1280.0
2019.12.06,16360.0,-255.0,16290.0,16445.0,16290.0,10807.0
2019.12.05,16615.0,15.0,16605.0,16750.0,16570.0,15631.0
2019.12.04,16600.0,295.0,16440.0,16600.0,16440.0,8472.0
2019.12.03,16305.0,-120.0,16270.0,16330.0,16240.0,10527.0
2019.12.02,16425.0,95.0,16330.0,16460.0,16320.0,24769.0
2019.11.29,16330.0,5.0,16400.0,16400.0,16290.0,5444.0
2019.11.28,16325.0,175.0,16460.0,16460.0,16285.0,27171.0
2019.11.27,16150.0,45.0,16110.0,16195.0,16110.0,7135.0
2019.11.26,16105.0,385.0,16000.0,16215.0,16000.0,24011.0
2019.11.25,15720.0,85.0,15735.0,15840.0,15700.0,8591.0
2019.11.22,15635.0,45.0,15665.0,15710.0,15595.0,9603.0
2019.11.21,15590.0,200.0,15510.0,15590.0,15510.0,34550.0
2019.11.20,15390.0,275.0,15320.0,15500.0,15320.0,14455.0
2019.11.19,15115.0,25.0,15090.0,15115.0,15070.0,9097.0
2019.11.18,15090.0,110.0,15080.0,15100.0,15075.0,1299.0
2019.11.15,14980.0,-60.0,15040.0,15040.0,14930.0,991.0
2019.11.14,15040.0,50.0,15015.0,15040.0,15000.0,8776.0
2019.11.13,14990.0,55.0,14945.0,14990.0,14945.0,10314.0
2019.11.12,14935.0,-5.0,14940.0,14950.0,14840.0,3402.0
2019.11.11,14940.0,295.0,14820.0,14940.0,14820.0,4029.0
2019.11.08,14645.0,-20.0,14665.0,14665.0,14540.0,1182.0
2019.11.07,14665.0,-95.0,14750.0,14750.0,14575.0,13143.0
2019.11.06,14760.0,-70.0,14740.0,14800.0,14715.0,1788.0
2019.11.05,14830.0,10.0,14820.0,14870.0,14730.0,3100.0
2019.11.04,14820.0,170.0,14720.0,14880.0,14720.0,5358.0
2019.11.01,14650.0,125.0,14650.0,14655.0,14565.0,2276.0
2019.10.31,14525.0,-115.0,14700.0,14700.0,14510.0,1048.0
2019.10.30,14640.0,185.0,14585.0,14650.0,14585.0,828.0
2019.10.29,14455.0,20.0,14535.0,14655.0,14455.0,5586.0
2019.10.28,14435.0,0.0,14460.0,14475.0,14435.0,1473.0
2019.10.25,14435.0,-15.0,14450.0,14520.0,14420.0,433.0
2019.10.24,14450.0,-5.0,14455.0,14480.0,14360.0,1775.0
2019.10.23,14455.0,310.0,14325.0,14480.0,14325.0,5268.0
2019.10.22,14145.0,70.0,14230.0,14265.0,14140.0,4205.0
2019.10.21,14075.0,-175.0,14200.0,14200.0,14050.0,3825.0
2019.10.18,14250.0,25.0,14225.0,14250.0,14190.0,127.0
2019.10.17,14225.0,-45.0,14250.0,14250.0,14115.0,996.0
2019.10.16,14270.0,290.0,14055.0,14280.0,14055.0,3708.0
2019.10.15,13980.0,55.0,13945.0,13995.0,13945.0,276.0
2019.10.14,13925.0,105.0,13915.0,13945.0,13860.0,2902.0
2019.10.11,13820.0,120.0,13835.0,13835.0,13720.0,2380.0
2019.10.10,13700.0,-210.0,13755.0,13755.0,13630.0,1745.0
2019.10.08,13910.0,-75.0,13975.0,13975.0,13910.0,1200.0
2019.10.07,13985.0,110.0,13810.0,13990.0,13810.0,359.0
2019.10.04,13875.0,30.0,13850.0,13910.0,13845.0,2033.0
2019.10.02,13845.0,-160.0,13830.0,13845.0,13795.0,795.0
2019.10.01,14005.0,80.0,13930.0,14010.0,13930.0,4207.0
2019.09.30,13925.0,-160.0,14015.0,14015.0,13925.0,3513.0
2019.09.27,14085.0,-260.0,14110.0,14110.0,14000.0,1539.0
2019.09.26,14345.0,-25.0,14355.0,14360.0,14300.0,2720.0
2019.09.25,14370.0,-230.0,14380.0,14380.0,14340.0,3340.0
2019.09.24,14600.0,-50.0,14495.0,14635.0,14495.0,4144.0
2019.09.23,14650.0,85.0,14585.0,14725.0,14585.0,937.0
2019.09.20,14565.0,20.0,14665.0,14665.0,14500.0,17396.0
2019.09.19,14545.0,-55.0,14605.0,14615.0,14500.0,3780.0
2019.09.18,14600.0,75.0,14660.0,14660.0,14565.0,857.0
2019.09.17,14525.0,180.0,14435.0,14645.0,14435.0,1869.0
2019.09.16,14345.0,-25.0,14520.0,14520.0,14340.0,1740.0
2019.09.11,14370.0,155.0,14295.0,14370.0,14295.0,736.0
2019.09.10,14215.0,-30.0,14255.0,14255.0,14165.0,16854.0
2019.09.09,14245.0,-55.0,14335.0,14335.0,14220.0,1203.0
2019.09.06,14300.0,125.0,14370.0,14370.0,14250.0,1726.0
2019.09.05,14175.0,-125.0,14290.0,14300.0,14085.0,13187.0
2019.09.04,14300.0,-235.0,14350.0,14350.0,14290.0,4910.0
2019.09.03,14535.0,25.0,14520.0,14630.0,14520.0,559.0
2019.09.02,14510.0,-70.0,14565.0,14635.0,14500.0,1040.0
2019.08.30,14580.0,45.0,14700.0,14710.0,14575.0,528.0
2019.08.29,14535.0,115.0,14510.0,14630.0,14510.0,2151.0
2019.08.28,14420.0,-210.0,14340.0,14475.0,14340.0,1565.0
2019.08.27,14630.0,155.0,14690.0,14690.0,14580.0,471.0
2019.08.26,14475.0,-420.0,14650.0,14650.0,14400.0,932.0
2019.08.23,14895.0,5.0,14770.0,14900.0,14770.0,513.0
2019.08.22,14890.0,210.0,14905.0,14920.0,14820.0,2091.0
2019.08.21,14680.0,-240.0,14900.0,14900.0,14665.0,1470.0
2019.08.20,14920.0,125.0,14890.0,15080.0,14890.0,5042.0
2019.08.19,14795.0,240.0,14810.0,14810.0,14760.0,2335.0
2019.08.16,14555.0,-345.0,14610.0,14615.0,14470.0,1172.0
2019.08.14,14900.0,145.0,14805.0,14900.0,14805.0,10037.0
2019.08.13,14755.0,-115.0,14870.0,14870.0,14735.0,2046.0
2019.08.12,14870.0,-5.0,14875.0,14890.0,14870.0,976.0
2019.08.09,14875.0,250.0,14875.0,14900.0,14870.0,1552.0
2019.08.08,14625.0,-15.0,14650.0,14725.0,14625.0,639.0
2019.08.07,14640.0,190.0,14615.0,14710.0,14615.0,2430.0
2019.08.06,14450.0,-365.0,14470.0,14470.0,14235.0,6931.0
2019.08.05,14815.0,55.0,14725.0,14865.0,14670.0,12716.0
2019.08.02,14760.0,200.0,14695.0,14875.0,14695.0,7701.0
2019.08.01,14560.0,-125.0,14560.0,14685.0,14550.0,966.0
2019.07.31,14685.0,95.0,14685.0,14695.0,14595.0,2521.0
2019.07.30,14590.0,-10.0,14640.0,14640.0,14460.0,6098.0
2019.07.29,14600.0,130.0,14610.0,14610.0,14550.0,6662.0
2019.07.26,14470.0,-130.0,14410.0,14480.0,14375.0,9299.0
2019.07.25,14600.0,160.0,14510.0,14600.0,14480.0,3335.0
2019.07.24,14440.0,-30.0,14495.0,14560.0,14400.0,21509.0
2019.07.23,14470.0,-30.0,14520.0,14520.0,14450.0,11509.0
2019.07.22,14500.0,-125.0,14350.0,14500.0,14350.0,784.0
2019.07.19,14625.0,55.0,14630.0,14630.0,14590.0,1095.0
2019.07.18,14570.0,-15.0,14585.0,14585.0,14560.0,833.0
2019.07.17,14585.0,50.0,14535.0,14585.0,14465.0,2786.0
2019.07.16,14535.0,65.0,14585.0,14690.0,14535.0,8232.0
2019.07.15,14470.0,-300.0,14675.0,14675.0,14460.0,6825.0
2019.07.12,14770.0,-100.0,14755.0,14770.0,14665.0,937.0
2019.07.11,14870.0,-70.0,14975.0,14980.0,14750.0,2001.0
2019.07.10,14940.0,70.0,14935.0,15080.0,14920.0,6173.0
2019.07.09,14870.0,-110.0,14945.0,14945.0,14745.0,4229.0
2019.07.08,14980.0,-295.0,15140.0,15140.0,14940.0,4823.0
2019.07.05,15275.0,40.0,15240.0,15275.0,15240.0,7739.0
2019.07.04,15235.0,275.0,15105.0,15280.0,15105.0,40350.0
2019.07.03,14960.0,80.0,14860.0,14990.0,14860.0,10552.0
2019.07.02,14880.0,200.0,14900.0,14960.0,14805.0,12396.0
2019.07.01,14680.0,250.0,14735.0,14735.0,14560.0,2921.0
2019.06.28,14430.0,75.0,14405.0,14540.0,14405.0,1895.0
2019.06.27,14355.0,-100.0,14370.0,14370.0,14330.0,1019.0
2019.06.26,14455.0,-55.0,14535.0,14535.0,14450.0,1934.0
2019.06.25,14510.0,-185.0,14480.0,14510.0,14400.0,1883.0
2019.06.24,14695.0,20.0,14745.0,14845.0,14690.0,6723.0
2019.06.21,14675.0,-65.0,14555.0,14810.0,14555.0,2482.0
2019.06.20,14740.0,-50.0,14810.0,14840.0,14740.0,4630.0
2019.06.19,14790.0,170.0,14670.0,14800.0,14670.0,6709.0
2019.06.18,14620.0,300.0,14730.0,14730.0,14595.0,7950.0
2019.06.17,14320.0,15.0,14170.0,14330.0,14170.0,2053.0
2019.06.14,14305.0,110.0,14300.0,14320.0,14300.0,3481.0
2019.06.13,14195.0,-45.0,14300.0,14350.0,14195.0,928.0
2019.06.12,14240.0,-70.0,14205.0,14250.0,14165.0,923.0
2019.06.11,14310.0,0.0,14310.0,14355.0,14265.0,411.0
2019.06.10,14310.0,225.0,14230.0,14380.0,14230.0,1674.0
2019.06.07,14085.0,-75.0,14160.0,14160.0,13965.0,488.0
2019.06.05,14160.0,170.0,14115.0,14190.0,14115.0,266.0
2019.06.04,13990.0,135.0,13885.0,13990.0,13885.0,86.0
2019.06.03,13855.0,-350.0,13995.0,13995.0,13820.0,3399.0
2019.05.31,14205.0,35.0,14220.0,14220.0,14170.0,463.0
2019.05.30,14170.0,-225.0,14215.0,14225.0,14170.0,748.0
2019.05.29,14395.0,-130.0,14340.0,14400.0,14215.0,343.0
2019.05.28,14525.0,65.0,14500.0,14525.0,14485.0,843.0
2019.05.27,14460.0,5.0,14345.0,14480.0,14315.0,2552.0
2019.05.24,14455.0,10.0,14455.0,14485.0,14320.0,1028.0
2019.05.23,14445.0,-135.0,14580.0,14580.0,14440.0,1382.0
2019.05.22,14580.0,360.0,14545.0,14580.0,14485.0,4713.0
2019.05.21,14220.0,-170.0,14345.0,14345.0,14165.0,2288.0
2019.05.20,14390.0,-160.0,14515.0,14515.0,14360.0,2824.0
2019.05.17,14550.0,165.0,14450.0,14570.0,14450.0,920.0
2019.05.16,14385.0,85.0,14400.0,14415.0,14340.0,527.0
2019.05.15,14300.0,175.0,14120.0,14330.0,14005.0,1192.0
2019.05.14,14125.0,-400.0,14000.0,14125.0,14000.0,4027.0
2019.05.13,14525.0,25.0,14520.0,14535.0,14440.0,450.0
2019.05.10,14500.0,35.0,14560.0,14580.0,14470.0,1005.0
2019.05.09,14465.0,10.0,14455.0,14615.0,14405.0,6426.0
2019.05.08,14455.0,-325.0,14500.0,14500.0,14345.0,1510.0
2019.05.07,14780.0,230.0,14705.0,14960.0,14620.0,28653.0
2019.05.03,14550.0,155.0,14545.0,14555.0,14510.0,3086.0
2019.05.02,14395.0,-305.0,14470.0,14470.0,14245.0,6137.0
2019.04.30,14700.0,115.0,14585.0,14700.0,14500.0,1736.0
2019.04.29,14585.0,85.0,14500.0,14600.0,14500.0,16988.0
2019.04.26,14500.0,145.0,14495.0,14560.0,14410.0,11308.0
2019.04.25,14355.0,-70.0,14415.0,14415.0,14205.0,42555.0
2019.04.24,14425.0,425.0,14200.0,14425.0,14200.0,13978.0
2019.04.23,14000.0,-15.0,13965.0,14020.0,13965.0,1943.0
2019.04.22,14015.0,50.0,13950.0,14025.0,13935.0,10617.0
2019.04.19,13965.0,-50.0,14000.0,14000.0,13950.0,6804.0
2019.04.18,14015.0,-570.0,14300.0,14300.0,13965.0,11322.0
2019.04.17,14585.0,-140.0,14635.0,14635.0,14555.0,8822.0
2019.04.16,14725.0,-20.0,14585.0,14735.0,14585.0,7213.0
2019.04.15,14745.0,-190.0,14810.0,14810.0,14730.0,6752.0
2019.04.12,14935.0,-285.0,14985.0,14985.0,14885.0,5875.0
2019.04.11,15220.0,185.0,15055.0,15240.0,15055.0,19699.0
2019.04.10,15035.0,-265.0,15100.0,15100.0,14950.0,3603.0
2019.04.09,15300.0,-15.0,15295.0,15315.0,15255.0,17302.0
2019.04.08,15315.0,265.0,15150.0,15315.0,15150.0,4797.0
2019.04.05,15050.0,-40.0,15095.0,15095.0,14910.0,4035.0
2019.04.04,15090.0,130.0,15000.0,15095.0,14990.0,1905.0
2019.04.03,14960.0,85.0,14880.0,14975.0,14880.0,2116.0
2019.04.02,14875.0,35.0,14870.0,14900.0,14860.0,6136.0
2019.04.01,14840.0,355.0,14720.0,14885.0,14710.0,1878.0
2019.03.29,14485.0,80.0,14615.0,14615.0,14470.0,675.0
2019.03.28,14405.0,-280.0,14385.0,14530.0,14375.0,1445.0
2019.03.27,14685.0,270.0,14690.0,14695.0,14545.0,2619.0
2019.03.26,14415.0,15.0,14400.0,14415.0,14345.0,3550.0
2019.03.25,14400.0,-435.0,14535.0,14535.0,14295.0,1964.0
2019.03.22,14835.0,-65.0,14820.0,14845.0,14755.0,19326.0
2019.03.21,14900.0,-150.0,14940.0,14940.0,14760.0,2124.0
2019.03.20,15050.0,-20.0,15000.0,15050.0,14945.0,1620.0
2019.03.19,15070.0,-35.0,15020.0,15105.0,15010.0,1267.0
2019.03.18,15105.0,170.0,15180.0,15180.0,15060.0,4944.0
2019.03.15,14935.0,-120.0,14920.0,15000.0,14910.0,9361.0
2019.03.14,15055.0,325.0,15080.0,15080.0,14915.0,3064.0
2019.03.13,14730.0,25.0,14760.0,14855.0,14670.0,3758.0
2019.03.12,14705.0,250.0,14590.0,14710.0,14590.0,4299.0
2019.03.11,14455.0,-35.0,14455.0,14455.0,14385.0,10049.0
2019.03.08,14490.0,-55.0,14510.0,14510.0,14415.0,1553.0
2019.03.07,14545.0,-430.0,14505.0,14550.0,14415.0,8809.0
2019.03.06,14975.0,-65.0,15015.0,15025.0,14880.0,4171.0
2019.03.05,15040.0,-140.0,15100.0,15100.0,14990.0,3824.0
2019.03.04,15180.0,205.0,15215.0,15215.0,15120.0,20065.0
2019.02.28,14975.0,220.0,14945.0,14985.0,14940.0,3006.0
2019.02.27,14755.0,15.0,14735.0,14755.0,14720.0,11867.0
2019.02.26,14740.0,185.0,14645.0,14800.0,14645.0,809.0
2019.02.25,14555.0,240.0,14540.0,14575.0,14440.0,1870.0
2019.02.22,14315.0,-230.0,14310.0,14410.0,14300.0,1113.0
2019.02.21,14545.0,-95.0,14605.0,14630.0,14530.0,913.0
2019.02.20,14640.0,-60.0,14755.0,14755.0,14520.0,1463.0
2019.02.19,14700.0,45.0,14665.0,14705.0,14665.0,948.0
2019.02.18,14655.0,195.0,14685.0,14685.0,14645.0,2968.0
2019.02.15,14460.0,100.0,14490.0,14490.0,14415.0,4754.0
2019.02.14,14360.0,-5.0,14365.0,14410.0,14350.0,3232.0
2019.02.13,14365.0,95.0,14395.0,14395.0,14300.0,1074.0
2019.02.12,14270.0,70.0,14300.0,14300.0,14165.0,2604.0
2019.02.11,14200.0,150.0,14180.0,14215.0,14090.0,5171.0
2019.02.08,14050.0,-340.0,14280.0,14280.0,14025.0,596.0
2019.02.07,14390.0,115.0,14430.0,14430.0,14350.0,160.0
2019.02.01,14275.0,195.0,14175.0,14330.0,14175.0,1371.0
2019.01.31,14080.0,0.0,14085.0,14115.0,14080.0,1487.0
2019.01.30,14080.0,35.0,14085.0,14100.0,13975.0,977.0
2019.01.29,14045.0,-175.0,14085.0,14085.0,14045.0,346.0
2019.01.28,14220.0,10.0,14355.0,14355.0,14220.0,171.0
2019.01.25,14210.0,-10.0,14195.0,14240.0,14135.0,470.0
2019.01.24,14220.0,-150.0,14295.0,14295.0,14210.0,1418.0
2019.01.23,14370.0,-160.0,14455.0,14455.0,14280.0,2287.0
2019.01.22,14530.0,-10.0,14530.0,14540.0,14515.0,1658.0
2019.01.21,14540.0,210.0,14580.0,14580.0,14470.0,1667.0
2019.01.18,14330.0,155.0,14310.0,14375.0,14310.0,1286.0
2019.01.17,14175.0,-55.0,14230.0,14230.0,14150.0,1247.0
2019.01.16,14230.0,145.0,14225.0,14325.0,14220.0,1590.0
2019.01.15,14085.0,-160.0,14155.0,14155.0,14030.0,881.0
2019.01.14,14245.0,60.0,14200.0,14275.0,14195.0,1294.0
2019.01.11,14185.0,105.0,14150.0,14315.0,14150.0,2066.0
2019.01.10,14080.0,75.0,14135.0,14135.0,13985.0,766.0
2019.01.09,14005.0,155.0,13995.0,14025.0,13965.0,1326.0
2019.01.08,13850.0,475.0,13755.0,13895.0,13750.0,3687.0
2019.01.07,13375.0,480.0,13355.0,13475.0,13350.0,843.0
2019.01.04,12895.0,115.0,12825.0,12900.0,12820.0,91.0
2019.01.03,12780.0,30.0,12750.0,12800.0,12735.0,6518.0
2019.01.02,12750.0,285.0,12700.0,12760.0,12695.0,1143.0
2018.12.28,12465.0,50.0,12415.0,12495.0,12415.0,367.0
2018.12.27,12415.0,670.0,12575.0,12575.0,12405.0,1590.0
2018.12.26,11755.0,-260.0,11865.0,11865.0,11750.0,2399.0
2018.12.24,12015.0,-445.0,12045.0,12045.0,11945.0,2507.0
2018.12.21,12460.0,-210.0,12565.0,12565.0,12455.0,898.0
2018.12.20,12670.0,-325.0,12650.0,12770.0,12650.0,3939.0
2018.12.19,12995.0,-305.0,13050.0,13050.0,12965.0,1832.0
2018.12.18,13300.0,-150.0,13330.0,13330.0,13200.0,2529.0
2018.12.17,13450.0,-215.0,13540.0,13545.0,13445.0,1515.0
2018.12.14,13665.0,-250.0,13765.0,13765.0,13665.0,2724.0
2018.12.13,13915.0,100.0,13825.0,13970.0,13825.0,1030.0
2018.12.12,13815.0,115.0,13690.0,13820.0,13690.0,3917.0
2018.12.11,13700.0,5.0,13830.0,13830.0,13680.0,261.0
2018.12.10,13695.0,-345.0,13720.0,13720.0,13650.0,252.0
2018.12.07,14040.0,5.0,14060.0,14060.0,13935.0,7092.0
2018.12.06,14035.0,125.0,13910.0,14035.0,13860.0,1102.0
2018.12.05,13910.0,-395.0,13950.0,13950.0,13750.0,713.0
2018.12.04,14305.0,-25.0,14330.0,14440.0,14270.0,1376.0
2018.12.03,14330.0,260.0,14175.0,14425.0,14175.0,548.0
2018.11.30,14070.0,-5.0,14075.0,14115.0,14020.0,1355.0
2018.11.29,14075.0,210.0,14110.0,14180.0,14075.0,226.0
2018.11.28,13865.0,20.0,13825.0,13915.0,13800.0,3818.0
2018.11.27,13845.0,205.0,13910.0,13965.0,13845.0,410.0
2018.11.26,13640.0,-20.0,13780.0,13780.0,13640.0,351.0
2018.11.23,13660.0,60.0,13700.0,13700.0,13545.0,9318.0
2018.11.22,13600.0,40.0,13455.0,13655.0,13455.0,4785.0
2018.11.21,13560.0,-50.0,13410.0,13590.0,13410.0,2367.0
2018.11.20,13610.0,-345.0,13735.0,13735.0,13560.0,1707.0
2018.11.19,13955.0,145.0,13810.0,13965.0,13810.0,140356.0
2018.11.16,13810.0,260.0,13800.0,13840.0,13800.0,319.0
2018.11.15,13550.0,-330.0,13615.0,13615.0,13515.0,1842.0
2018.11.14,13880.0,-10.0,13875.0,13880.0,13685.0,525.0
2018.11.13,13890.0,-405.0,14030.0,14030.0,13870.0,564.0
2018.11.12,14295.0,-265.0,14400.0,14400.0,14290.0,796.0
2018.11.09,14560.0,-40.0,14365.0,14590.0,14365.0,1067.0
2018.11.08,14600.0,330.0,14420.0,14605.0,14420.0,539.0
2018.11.07,14270.0,15.0,14255.0,14310.0,14255.0,938.0
2018.11.06,14255.0,85.0,14240.0,14255.0,14170.0,133.0
2018.11.05,14170.0,-145.0,14165.0,14240.0,14135.0,1425.0
2018.11.02,14315.0,385.0,14235.0,14425.0,14235.0,3529.0
2018.11.01,13930.0,130.0,13880.0,13975.0,13845.0,2475.0
2018.10.31,13800.0,60.0,13920.0,13920.0,13790.0,324.0
2018.10.30,13740.0,-40.0,13780.0,13790.0,13635.0,2645.0
2018.10.29,13780.0,0.0,13880.0,13880.0,13750.0,1372.0
2018.10.26,13780.0,75.0,13910.0,13975.0,13780.0,6272.0
2018.10.25,13705.0,-825.0,13540.0,13725.0,13540.0,4677.0
2018.10.24,14530.0,-50.0,14565.0,14565.0,14460.0,2076.0
2018.10.23,14580.0,-170.0,14500.0,14640.0,14500.0,196.0
2018.10.22,14750.0,-280.0,14825.0,14825.0,14665.0,1453.0
2018.10.19,15030.0,-120.0,15025.0,15100.0,14960.0,725.0
2018.10.18,15150.0,-60.0,15210.0,15300.0,15150.0,1660.0
2018.10.17,15210.0,750.0,15035.0,15225.0,15005.0,3927.0
2018.10.16,14460.0,-245.0,14490.0,14665.0,14450.0,2218.0
2018.10.15,14705.0,190.0,14765.0,14820.0,14695.0,4692.0
2018.10.12,14515.0,-295.0,14640.0,14640.0,14490.0,4872.0
2018.10.11,14810.0,-530.0,14970.0,14970.0,14780.0,7485.0
2018.10.10,15340.0,-145.0,15340.0,15340.0,15300.0,805.0
2018.10.08,15485.0,-150.0,15590.0,15590.0,15400.0,739.0
2018.10.05,15635.0,-315.0,15505.0,15660.0,15505.0,14869.0
2018.10.04,15950.0,180.0,16085.0,16085.0,15895.0,4075.0
2018.10.02,15770.0,-145.0,15810.0,15810.0,15770.0,1628.0
2018.10.01,15915.0,40.0,15960.0,15960.0,15780.0,10059.0
2018.09.28,15875.0,150.0,15800.0,15880.0,15770.0,7315.0
2018.09.27,15725.0,70.0,15825.0,15825.0,15505.0,3991.0
2018.09.21,15655.0,290.0,15540.0,15680.0,15540.0,11830.0
2018.09.20,15365.0,-140.0,15490.0,15490.0,15330.0,4004.0
2018.09.19,15505.0,150.0,15520.0,15545.0,15470.0,13131.0
2018.09.18,15355.0,-265.0,15470.0,15470.0,15345.0,6160.0
2018.09.17,15620.0,70.0,15470.0,15620.0,15395.0,2800.0
2018.09.14,15550.0,120.0,15465.0,15585.0,15440.0,8178.0
2018.09.13,15430.0,-160.0,15500.0,15505.0,15355.0,704.0
2018.09.12,15590.0,15.0,15560.0,15600.0,15525.0,3128.0
2018.09.11,15575.0,15.0,15465.0,15675.0,15465.0,1707.0
2018.09.10,15560.0,-50.0,15555.0,15610.0,15460.0,1223.0
2018.09.07,15610.0,-175.0,15645.0,15645.0,15500.0,1892.0
2018.09.06,15785.0,-20.0,15740.0,15800.0,15720.0,1829.0
2018.09.05,15805.0,-205.0,15860.0,15905.0,15800.0,3760.0
2018.09.04,16010.0,100.0,15945.0,16010.0,15945.0,4472.0
2018.09.03,15910.0,5.0,15905.0,15970.0,15885.0,1182.0
2018.08.31,15905.0,55.0,15850.0,15980.0,15840.0,1872.0
2018.08.30,15850.0,225.0,15720.0,15850.0,15720.0,4011.0
2018.08.29,15625.0,60.0,15565.0,15630.0,15495.0,1132.0
2018.08.28,15565.0,200.0,15505.0,15570.0,15500.0,1277.0
2018.08.27,15365.0,80.0,15435.0,15435.0,15285.0,509.0
2018.08.24,15285.0,-235.0,15475.0,15520.0,15285.0,1931.0
2018.08.23,15520.0,240.0,15450.0,15560.0,15450.0,633.0
2018.08.22,15280.0,130.0,15300.0,15350.0,15275.0,567.0
2018.08.21,15150.0,-60.0,15270.0,15270.0,15115.0,2044.0
2018.08.20,15210.0,-40.0,15255.0,15300.0,15180.0,5711.0
2018.08.17,15250.0,-35.0,15445.0,15445.0,15250.0,6884.0
2018.08.16,15285.0,-190.0,15315.0,15395.0,15240.0,1329.0
2018.08.14,15475.0,-110.0,15545.0,15550.0,15450.0,1980.0
2018.08.13,15585.0,145.0,15520.0,15620.0,15515.0,361.0
2018.08.10,15440.0,10.0,15400.0,15530.0,15385.0,1477.0
2018.08.09,15430.0,-155.0,15480.0,15485.0,15400.0,1086.0
2018.08.08,15585.0,100.0,15520.0,15585.0,15485.0,2329.0
2018.08.07,15485.0,65.0,15490.0,15505.0,15355.0,2078.0
2018.08.06,15420.0,-245.0,15535.0,15535.0,15420.0,2798.0
2018.08.03,15665.0,135.0,15550.0,15700.0,15540.0,2420.0
2018.08.02,15530.0,150.0,15385.0,15530.0,15385.0,2505.0
2018.08.01,15380.0,505.0,15155.0,15380.0,15155.0,2776.0
2018.07.31,14875.0,-180.0,15020.0,15020.0,14860.0,6512.0
2018.07.30,15055.0,-430.0,15170.0,15170.0,15035.0,1851.0
2018.07.27,15485.0,-55.0,15520.0,15525.0,15425.0,4883.0
2018.07.26,15540.0,-70.0,15660.0,15670.0,15505.0,6021.0
2018.07.25,15610.0,-30.0,15740.0,15740.0,15510.0,2912.0
2018.07.24,15640.0,-30.0,15705.0,15740.0,15620.0,966.0
2018.07.23,15670.0,-10.0,15685.0,15700.0,15605.0,2185.0
2018.07.20,15680.0,40.0,15645.0,15700.0,15635.0,5645.0
2018.07.19,15640.0,5.0,15635.0,15685.0,15565.0,2743.0
2018.07.18,15635.0,230.0,15635.0,15705.0,15560.0,3061.0
2018.07.17,15405.0,-310.0,15615.0,15615.0,15365.0,4151.0
2018.07.16,15715.0,135.0,15610.0,15715.0,15550.0,6891.0
2018.07.13,15580.0,230.0,15500.0,15600.0,15500.0,977.0
2018.07.12,15350.0,180.0,15220.0,15350.0,15220.0,2009.0
2018.07.11,15170.0,-35.0,15205.0,15240.0,15155.0,2092.0
2018.07.10,15205.0,115.0,15140.0,15220.0,15135.0,6161.0
2018.07.09,15090.0,455.0,15100.0,15110.0,15035.0,5922.0
2018.07.06,14635.0,190.0,14610.0,14705.0,14565.0,5441.0
2018.07.05,14445.0,10.0,14435.0,14520.0,14435.0,1604.0
2018.07.04,14435.0,-40.0,14475.0,14530.0,14430.0,1157.0
2018.07.03,14475.0,160.0,14460.0,14550.0,14440.0,5064.0
2018.07.02,14315.0,195.0,14265.0,14360.0,14265.0,770.0
2018.06.29,14120.0,-5.0,14145.0,14200.0,14120.0,180.0
2018.06.28,14125.0,-225.0,14125.0,14145.0,14020.0,2770.0
2018.06.27,14350.0,-5.0,14295.0,14350.0,14270.0,2293.0
2018.06.26,14355.0,-235.0,14465.0,14465.0,14290.0,7088.0
2018.06.25,14590.0,0.0,14590.0,14640.0,14560.0,4273.0
2018.06.22,14590.0,-150.0,14670.0,14670.0,14520.0,7321.0
2018.06.21,14740.0,315.0,14615.0,14805.0,14615.0,11479.0
2018.06.20,14425.0,155.0,14290.0,14515.0,14290.0,11026.0
2018.06.19,14270.0,-50.0,14305.0,14305.0,14195.0,2674.0
2018.06.18,14320.0,80.0,14215.0,14370.0,14215.0,9166.0
2018.06.15,14240.0,300.0,14065.0,14310.0,14065.0,9780.0
2018.06.14,13940.0,95.0,13865.0,13970.0,13865.0,4383.0
2018.06.12,13845.0,0.0,13845.0,13885.0,13760.0,836.0
2018.06.11,13845.0,105.0,13875.0,13890.0,13780.0,3732.0
2018.06.08,13740.0,-120.0,13775.0,13800.0,13665.0,1182.0
2018.06.07,13860.0,245.0,13865.0,13865.0,13785.0,4408.0
2018.06.05,13615.0,-125.0,13735.0,13735.0,13615.0,1249.0
2018.06.04,13740.0,30.0,13775.0,13820.0,13715.0,1603.0
2018.06.01,13710.0,-5.0,13735.0,13735.0,13600.0,1306.0
2018.05.31,13715.0,225.0,13695.0,13720.0,13660.0,3501.0
2018.05.30,13490.0,-110.0,13550.0,13610.0,13490.0,3081.0
2018.05.29,13600.0,100.0,13505.0,13605.0,13480.0,7007.0
2018.05.28,13500.0,30.0,13615.0,13615.0,13460.0,1391.0
2018.05.25,13470.0,-55.0,13525.0,13635.0,13470.0,1997.0
2018.05.24,13525.0,90.0,13480.0,13615.0,13480.0,1067.0
2018.05.23,13435.0,-265.0,13600.0,13600.0,13420.0,1399.0
2018.05.21,13700.0,140.0,13550.0,13700.0,13550.0,2044.0
2018.05.18,13560.0,-15.0,13590.0,13630.0,13560.0,1204.0
2018.05.17,13575.0,145.0,13545.0,13580.0,13515.0,54373.0
2018.05.16,13430.0,-85.0,13460.0,13535.0,13395.0,2005.0
2018.05.15,13515.0,155.0,13440.0,13555.0,13440.0,27640.0
2018.05.14,13360.0,310.0,13320.0,13380.0,13285.0,20390.0
2018.05.11,13050.0,-55.0,13035.0,13055.0,13000.0,55125.0
2018.05.10,13105.0,110.0,13185.0,13185.0,13055.0,220449.0
2018.05.09,12995.0,-20.0,12980.0,13020.0,12925.0,96280.0
2018.05.08,13015.0,195.0,12970.0,13055.0,12960.0,119411.0
2018.05.04,12820.0,-170.0,12835.0,12835.0,12755.0,42917.0
2018.05.03,12990.0,-180.0,13015.0,13030.0,12920.0,908.0
2018.05.02,13170.0,-110.0,13105.0,13170.0,13005.0,160088.0
2018.04.30,13280.0,-5.0,13285.0,13285.0,13145.0,2914.0
2018.04.27,13285.0,170.0,13345.0,13350.0,13225.0,73211.0
2018.04.26,13115.0,105.0,13020.0,13115.0,13020.0,2965.0
2018.04.25,13010.0,-250.0,13135.0,13135.0,13010.0,3746.0
2018.04.24,13260.0,70.0,13185.0,13260.0,13145.0,13322.0
2018.04.23,13190.0,-95.0,13185.0,13190.0,13070.0,135228.0
2018.04.20,13285.0,-70.0,13200.0,13285.0,13175.0,8754.0
2018.04.19,13355.0,-40.0,13380.0,13465.0,13350.0,3334.0
2018.04.18,13395.0,180.0,13450.0,13450.0,13330.0,3878.0
2018.04.17,13215.0,-125.0,13315.0,13315.0,13145.0,1071.0
2018.04.16,13340.0,-5.0,13355.0,13360.0,13235.0,1154.0
2018.04.13,13345.0,110.0,13300.0,13410.0,13295.0,6441.0
2018.04.12,13235.0,40.0,13220.0,13250.0,13090.0,2949.0
2018.04.11,13195.0,215.0,13195.0,13200.0,13105.0,37746.0
2018.04.10,12980.0,295.0,12835.0,13125.0,12830.0,146473.0
2018.04.09,12685.0,-400.0,12705.0,12720.0,12660.0,10863.0
2018.04.06,13085.0,-110.0,13015.0,13100.0,12970.0,1740.0
2018.04.05,13195.0,370.0,13105.0,13195.0,13075.0,3341.0
2018.04.04,12825.0,100.0,12800.0,12840.0,12720.0,2102.0
2018.04.03,12725.0,-535.0,12795.0,12795.0,12720.0,6474.0
2018.04.02,13260.0,-90.0,13360.0,13360.0,13160.0,3270.0
2018.03.30,13350.0,60.0,13295.0,13375.0,13295.0,5612.0
2018.03.29,13290.0,70.0,13295.0,13305.0,13270.0,3481.0
2018.03.28,13220.0,-390.0,13265.0,13280.0,13170.0,5398.0
2018.03.27,13610.0,215.0,13640.0,13670.0,13600.0,3467.0
2018.03.26,13395.0,-280.0,13420.0,13420.0,13365.0,12740.0
2018.03.23,13675.0,-270.0,13630.0,13730.0,13630.0,2194.0
2018.03.22,13945.0,25.0,13920.0,13945.0,13850.0,431.0
2018.03.21,13920.0,40.0,13940.0,13940.0,13805.0,1041.0
2018.03.20,13880.0,-260.0,13965.0,13965.0,13860.0,2368.0
2018.03.19,14140.0,100.0,14065.0,14145.0,14065.0,7068.0
2018.03.16,14040.0,-150.0,14200.0,14200.0,14040.0,435.0
2018.03.15,14190.0,-65.0,14250.0,14280.0,14190.0,1095.0
2018.03.14,14255.0,-50.0,14305.0,14305.0,14250.0,1326.0
2018.03.13,14305.0,-5.0,14310.0,14320.0,14225.0,1467.0
2018.03.12,14310.0,165.0,14300.0,14330.0,14300.0,1168.0
2018.03.09,14145.0,95.0,14085.0,14170.0,14050.0,2914.0
2018.03.08,14050.0,150.0,14065.0,14065.0,13940.0,1203.0
2018.03.07,13900.0,-130.0,14040.0,14040.0,13900.0,769.0
2018.03.06,14030.0,85.0,13960.0,14045.0,13950.0,777.0
2018.03.05,13945.0,310.0,13945.0,13945.0,13815.0,1715.0
2018.03.02,13635.0,-345.0,13690.0,13690.0,13600.0,2852.0
2018.02.28,13980.0,-65.0,13895.0,14005.0,13895.0,1772.0
2018.02.27,14045.0,45.0,14090.0,14090.0,14000.0,2064.0
2018.02.26,14000.0,215.0,13960.0,14030.0,13900.0,1351.0
2018.02.23,13785.0,-85.0,13875.0,13875.0,13750.0,626.0
2018.02.22,13870.0,30.0,13845.0,13870.0,13785.0,2358.0
2018.02.21,13840.0,-60.0,13825.0,13855.0,13805.0,1252.0
2018.02.20,13900.0,25.0,13900.0,13920.0,13780.0,449.0
2018.02.19,13875.0,225.0,14000.0,14000.0,13775.0,6671.0
2018.02.14,13650.0,-70.0,13720.0,13735.0,13650.0,603.0
2018.02.13,13720.0,210.0,13695.0,13720.0,13600.0,465.0
2018.02.12,13510.0,20.0,13540.0,13540.0,13485.0,1499.0
2018.02.09,13490.0,-530.0,13520.0,13520.0,13450.0,3778.0
2018.02.08,14020.0,125.0,14005.0,14035.0,13905.0,1234.0
2018.02.07,13895.0,120.0,13930.0,13990.0,13830.0,7770.0
2018.02.06,13775.0,-575.0,13710.0,13855.0,13710.0,6525.0
2018.02.05,14350.0,-100.0,14305.0,14405.0,14285.0,3266.0
2018.02.02,14450.0,0.0,14440.0,14530.0,14395.0,4035.0
2018.02.01,14450.0,-200.0,14375.0,14525.0,14375.0,5944.0
2018.01.31,14650.0,-255.0,14630.0,14685.0,14535.0,18336.0
2018.01.30,14905.0,35.0,14900.0,14935.0,14850.0,2850.0
2018.01.29,14870.0,220.0,14820.0,15010.0,14740.0,5243.0
2018.01.26,14650.0,180.0,14580.0,14650.0,14580.0,1981.0
2018.01.25,14470.0,-245.0,14590.0,14590.0,14410.0,5520.0
2018.01.24,14715.0,195.0,14670.0,14745.0,14670.0,4067.0
2018.01.23,14520.0,500.0,14455.0,14520.0,14420.0,5821.0
2018.01.22,14020.0,55.0,14065.0,14070.0,13960.0,2004.0
2018.01.19,13965.0,-70.0,14005.0,14020.0,13905.0,6740.0
2018.01.18,14035.0,130.0,14015.0,14045.0,14015.0,3177.0
2018.01.17,13905.0,-115.0,13825.0,13910.0,13825.0,2215.0
2018.01.16,14020.0,60.0,13980.0,14035.0,13975.0,2136.0
2018.01.15,13960.0,15.0,13955.0,13995.0,13875.0,3446.0
2018.01.12,13945.0,-5.0,14025.0,14025.0,13860.0,5220.0
2018.01.11,13950.0,40.0,13955.0,13960.0,13910.0,1335.0
2018.01.10,13910.0,295.0,13890.0,13930.0,13870.0,2648.0
2018.01.09,13615.0,-175.0,13600.0,13625.0,13525.0,8526.0
2018.01.08,13790.0,30.0,13740.0,13810.0,13690.0,3944.0
2018.01.05,13760.0,-110.0,13750.0,13765.0,13720.0,7733.0
2018.01.04,13870.0,140.0,13885.0,13940.0,13810.0,6571.0
2018.01.03,13730.0,430.0,13620.0,13730.0,13600.0,3027.0
2018.01.02,13300.0,-250.0,13380.0,13410.0,13300.0,3660.0
2017.12.28,13550.0,-45.0,13595.0,13600.0,13535.0,2219.0
2017.12.27,13595.0,140.0,13535.0,13605.0,13495.0,2924.0
2017.12.26,13455.0,-120.0,13605.0,13605.0,13455.0,9715.0
2017.12.22,13575.0,65.0,13605.0,13605.0,13530.0,3442.0
2017.12.21,13510.0,15.0,13560.0,13580.0,13445.0,13198.0
2017.12.20,13495.0,-80.0,13545.0,13545.0,13480.0,3733.0
2017.12.19,13575.0,-85.0,13600.0,13620.0,13490.0,5507.0
2017.12.18,13660.0,215.0,13610.0,13665.0,13575.0,2644.0
2017.12.15,13445.0,-175.0,13475.0,13475.0,13370.0,2901.0
2017.12.14,13620.0,50.0,13650.0,13650.0,13575.0,831.0
2017.12.13,13570.0,-75.0,13600.0,13610.0,13545.0,1941.0
2017.12.12,13645.0,-5.0,13655.0,13655.0,13600.0,1213.0
2017.12.11,13650.0,265.0,13670.0,13670.0,13560.0,757.0
2017.12.08,13385.0,255.0,13375.0,13420.0,13330.0,739.0
2017.12.07,13130.0,-120.0,13220.0,13220.0,13130.0,2517.0
2017.12.06,13250.0,-20.0,13200.0,13260.0,13135.0,1972.0
2017.12.05,13270.0,-275.0,13325.0,13325.0,13220.0,2640.0
2017.12.04,13545.0,70.0,13490.0,13545.0,13390.0,4152.0
2017.12.01,13475.0,285.0,13440.0,13485.0,13420.0,7288.0
2017.11.30,13190.0,5.0,13160.0,13275.0,13140.0,5601.0
2017.11.29,13185.0,-40.0,13250.0,13255.0,13125.0,4002.0
2017.11.28,13225.0,-90.0,13220.0,13290.0,13130.0,6886.0
2017.11.27,13315.0,10.0,13305.0,13360.0,13260.0,1026.0
2017.11.24,13305.0,-5.0,13310.0,13325.0,13260.0,1718.0
2017.11.23,13310.0,10.0,13315.0,13370.0,13300.0,3730.0
2017.11.22,13300.0,45.0,13345.0,13345.0,13265.0,1574.0
2017.11.21,13255.0,-185.0,13320.0,14045.0,13255.0,7471.0
2017.11.20,13440.0,55.0,13415.0,13445.0,13375.0,1228.0
2017.11.17,13385.0,145.0,13280.0,13395.0,13280.0,2639.0
2017.11.16,13240.0,-80.0,13305.0,13305.0,13215.0,4323.0
2017.11.15,13320.0,-280.0,13395.0,13395.0,13320.0,5519.0
2017.11.14,13600.0,-120.0,13630.0,13630.0,13585.0,8156.0
2017.11.13,13720.0,80.0,13710.0,13725.0,13700.0,1704.0
2017.11.10,13640.0,-30.0,13640.0,13655.0,13625.0,1873.0
2017.11.09,13670.0,-80.0,13690.0,13690.0,13640.0,2293.0
2017.11.08,13750.0,-15.0,13720.0,13750.0,13635.0,5391.0
2017.11.07,13765.0,-110.0,13815.0,13815.0,13660.0,8587.0
2017.11.06,13875.0,230.0,13865.0,13890.0,13795.0,7372.0
2017.11.03,13645.0,10.0,13635.0,13645.0,13605.0,4494.0
2017.11.02,13635.0,-105.0,13620.0,13640.0,13590.0,3831.0
2017.11.01,13740.0,-175.0,13800.0,13800.0,13720.0,7052.0
2017.10.31,13915.0,-30.0,13990.0,13990.0,13870.0,3619.0
2017.10.30,13945.0,10.0,14025.0,14025.0,13900.0,4146.0
2017.10.27,13935.0,-255.0,13905.0,13945.0,13880.0,16370.0
2017.10.26,14190.0,-170.0,14230.0,14230.0,14175.0,5906.0
2017.10.25,14360.0,-135.0,14375.0,14400.0,14345.0,1127.0
2017.10.24,14495.0,-205.0,14525.0,14530.0,14450.0,5264.0
2017.10.23,14700.0,-175.0,14710.0,14760.0,14690.0,6037.0
2017.10.20,14875.0,-10.0,14885.0,14895.0,14785.0,3014.0
2017.10.19,14885.0,-110.0,14900.0,14930.0,14885.0,1922.0
2017.10.18,14995.0,135.0,14945.0,15010.0,14945.0,2040.0
2017.10.17,14860.0,-5.0,14895.0,14930.0,14845.0,42964.0
2017.10.16,14865.0,-60.0,14880.0,14880.0,14830.0,3010.0
2017.10.13,14925.0,-125.0,14975.0,14975.0,14910.0,702.0
2017.10.12,15050.0,-75.0,15070.0,15090.0,15025.0,1316.0
2017.10.11,15125.0,20.0,15105.0,15150.0,15045.0,2686.0
2017.10.10,15105.0,290.0,15130.0,15135.0,15085.0,4066.0
2017.09.29,14815.0,-40.0,14825.0,14830.0,14815.0,472.0
2017.09.28,14855.0,215.0,14805.0,14855.0,14700.0,3398.0
2017.09.27,14640.0,-70.0,14615.0,14640.0,14615.0,147.0
2017.09.26,14710.0,140.0,14720.0,14720.0,14710.0,355.0
2017.09.25,14570.0,-80.0,14700.0,14700.0,14535.0,316.0
2017.09.22,14650.0,-105.0,14695.0,14755.0,14650.0,609.0
2017.09.21,14755.0,170.0,14665.0,14770.0,14665.0,1366.0
2017.09.20,14585.0,-30.0,14620.0,14620.0,14530.0,2052.0
2017.09.19,14615.0,-5.0,14655.0,14665.0,14585.0,3125.0
2017.09.18,14620.0,-90.0,14710.0,14710.0,14615.0,1029.0
2017.09.15,14710.0,-15.0,14770.0,14770.0,14705.0,4443.0
2017.09.14,14725.0,10.0,14720.0,14825.0,14720.0,7386.0
2017.09.13,14715.0,-60.0,14775.0,14825.0,14715.0,1069.0
2017.09.12,14775.0,-35.0,14790.0,14805.0,14710.0,3561.0
2017.09.11,14810.0,20.0,14755.0,14810.0,14680.0,738.0
2017.09.08,14790.0,90.0,14800.0,14830.0,14700.0,2195.0
2017.09.07,14700.0,-60.0,14830.0,14870.0,14700.0,1355.0
2017.09.06,14760.0,-100.0,14760.0,14760.0,14690.0,7926.0
2017.09.05,14860.0,0.0,14850.0,14875.0,14795.0,6327.0
2017.09.04,14860.0,230.0,14705.0,14860.0,14705.0,10900.0
2017.09.01,14630.0,305.0,14640.0,14645.0,14580.0,8797.0
2017.08.31,14325.0,365.0,14215.0,14325.0,14200.0,4506.0
2017.08.30,13960.0,-20.0,13980.0,13980.0,13895.0,385.0
2017.08.29,13980.0,340.0,13920.0,13980.0,13895.0,3256.0
2017.08.28,13640.0,-150.0,13670.0,13670.0,13580.0,880.0
2017.08.25,13790.0,140.0,13835.0,13850.0,13790.0,4060.0
2017.08.24,13650.0,-135.0,13655.0,13665.0,13640.0,583.0
2017.08.23,13785.0,250.0,13710.0,13785.0,13710.0,3518.0
2017.08.22,13535.0,-30.0,13595.0,13595.0,13535.0,5554.0
2017.08.21,13565.0,-60.0,13560.0,13570.0,13540.0,2016.0
2017.08.18,13625.0,-195.0,13570.0,13645.0,13570.0,2702.0
2017.08.17,13820.0,-10.0,13820.0,13825.0,13745.0,806.0
2017.08.16,13830.0,155.0,13720.0,13830.0,13720.0,530.0
2017.08.14,13675.0,35.0,13675.0,13675.0,13640.0,591.0
2017.08.11,13640.0,-360.0,13650.0,13690.0,13600.0,1055.0
2017.08.10,14000.0,95.0,13910.0,14000.0,13910.0,6175.0
2017.08.09,13905.0,-75.0,13855.0,13980.0,13855.0,5947.0
2017.08.08,13980.0,35.0,14005.0,14005.0,13940.0,298.0
2017.08.07,13945.0,85.0,13845.0,13950.0,13845.0,301.0
2017.08.04,13860.0,-115.0,13920.0,13920.0,13840.0,650.0
2017.08.03,13975.0,65.0,13970.0,13980.0,13940.0,1512.0
2017.08.02,13910.0,-30.0,13810.0,13910.0,13810.0,2172.0
2017.08.01,13940.0,-175.0,13975.0,13980.0,13910.0,970.0
2017.07.31,14115.0,75.0,14160.0,14175.0,14070.0,129.0
2017.07.28,14040.0,-165.0,13950.0,14040.0,13920.0,467.0
2017.07.27,14205.0,-25.0,14210.0,14215.0,14170.0,836.0
2017.07.26,14230.0,-70.0,14165.0,14230.0,14165.0,1034.0
2017.07.25,14300.0,150.0,14230.0,14310.0,14230.0,841.0
2017.07.24,14150.0,0.0,14150.0,14210.0,14150.0,1498.0
2017.07.21,14150.0,90.0,14165.0,14165.0,14080.0,2651.0
2017.07.20,14060.0,215.0,14075.0,14075.0,14005.0,490.0
2017.07.19,13845.0,-25.0,13805.0,13870.0,13805.0,2259.0
2017.07.18,13870.0,-75.0,13935.0,13935.0,13855.0,1070.0
2017.07.17,13945.0,-95.0,14000.0,14000.0,13905.0,602.0
2017.07.14,14040.0,65.0,14005.0,14070.0,14005.0,843.0
2017.07.13,13975.0,0.0,13980.0,13990.0,13975.0,2395.0
2017.07.12,13975.0,35.0,13945.0,13980.0,13930.0,2515.0
2017.07.11,13940.0,-80.0,13950.0,13965.0,13880.0,8018.0
2017.07.10,14020.0,0.0,14070.0,14085.0,14020.0,321.0
2017.07.07,14020.0,-280.0,14065.0,14065.0,14005.0,2802.0
2017.07.06,14300.0,295.0,14160.0,14300.0,14160.0,842.0
2017.07.05,14005.0,45.0,13960.0,14015.0,13945.0,312.0
2017.07.04,13960.0,95.0,13945.0,13965.0,13935.0,4146.0
2017.07.03,13865.0,-130.0,14010.0,14010.0,13810.0,3034.0
2017.06.30,13995.0,-130.0,13965.0,14025.0,13950.0,1210.0
2017.06.29,14125.0,230.0,14190.0,14190.0,14090.0,4487.0
2017.06.28,13895.0,-335.0,13825.0,13895.0,13825.0,2109.0
2017.06.27,14230.0,-25.0,14230.0,14230.0,14125.0,4880.0
2017.06.26,14255.0,30.0,14260.0,14260.0,14170.0,6452.0
2017.06.23,14225.0,180.0,14225.0,14290.0,14215.0,6807.0
2017.06.22,14045.0,510.0,14080.0,14085.0,14045.0,11901.0
2017.06.21,13535.0,215.0,13460.0,13540.0,13460.0,15440.0
2017.06.20,13320.0,360.0,13265.0,13330.0,13265.0,4328.0
2017.06.19,12960.0,-40.0,13000.0,13000.0,12940.0,256.0
2017.06.16,13000.0,-10.0,12970.0,13040.0,12945.0,4960.0
2017.06.15,13010.0,25.0,12985.0,13010.0,12960.0,1244.0
2017.06.14,12985.0,50.0,12940.0,13000.0,12940.0,1283.0
2017.06.13,12935.0,5.0,12920.0,12985.0,12920.0,970.0
2017.06.12,12930.0,-30.0,12930.0,12960.0,12910.0,1374.0
2017.06.09,12960.0,55.0,12925.0,12960.0,12905.0,2349.0
2017.06.08,12905.0,45.0,12890.0,12935.0,12885.0,5313.0
2017.06.07,12860.0,-130.0,12830.0,12865.0,12830.0,842.0
2017.06.05,12990.0,175.0,12935.0,12995.0,12915.0,3868.0
2017.06.02,12815.0,290.0,12725.0,12815.0,12725.0,5524.0
2017.06.01,12525.0,25.0,12585.0,12585.0,12525.0,1917.0
2017.05.31,12500.0,-150.0,12535.0,12535.0,12490.0,4628.0
2017.05.30,12650.0,5.0,12640.0,12720.0,12640.0,239.0
2017.05.29,12645.0,-110.0,12690.0,12690.0,12620.0,1941.0
2017.05.26,12755.0,35.0,12715.0,12765.0,12700.0,5358.0
2017.05.25,12720.0,-75.0,12800.0,12800.0,12690.0,1486.0
2017.05.24,12795.0,-25.0,12830.0,12840.0,12790.0,1258.0
2017.05.23,12820.0,100.0,12740.0,12820.0,12730.0,323.0
2017.05.22,12720.0,-220.0,12765.0,12765.0,12705.0,1112.0
2017.05.19,12940.0,205.0,12920.0,12970.0,12890.0,1275.0
2017.05.18,12735.0,-220.0,12655.0,12760.0,12655.0,2511.0
2017.05.17,12955.0,65.0,12920.0,12955.0,12895.0,1852.0
2017.05.16,12890.0,-20.0,12910.0,12920.0,12830.0,751.0
2017.05.15,12910.0,-5.0,12935.0,12950.0,12910.0,1744.0
2017.05.12,12915.0,15.0,12900.0,12915.0,12825.0,592.0
2017.05.11,12900.0,-120.0,12995.0,12995.0,12850.0,2851.0
2017.05.10,13020.0,-45.0,12990.0,13020.0,12965.0,1286.0
2017.05.08,13065.0,-85.0,13135.0,13135.0,13065.0,1149.0
2017.05.04,13150.0,-80.0,13150.0,13175.0,13095.0,1272.0
2017.05.02,13230.0,35.0,13275.0,13290.0,13195.0,1136.0
2017.04.28,13195.0,65.0,13150.0,13195.0,13085.0,3238.0
2017.04.27,13130.0,120.0,13040.0,13130.0,13040.0,3051.0
2017.04.26,13010.0,115.0,13005.0,13035.0,12995.0,6612.0
2017.04.25,12895.0,140.0,12920.0,12990.0,12890.0,9981.0
2017.04.24,12755.0,-150.0,12805.0,12805.0,12690.0,11678.0
2017.04.21,12905.0,-20.0,12970.0,12970.0,12905.0,124.0
2017.04.20,12925.0,55.0,12970.0,12970.0,12850.0,593.0
2017.04.19,12870.0,-150.0,12885.0,12885.0,12810.0,472.0
2017.04.18,13020.0,75.0,12945.0,13020.0,12870.0,3826.0
2017.04.17,12945.0,-25.0,12925.0,12945.0,12875.0,2188.0
2017.04.14,12970.0,240.0,12830.0,12975.0,12830.0,3959.0
2017.04.13,12730.0,-115.0,12845.0,12855.0,12730.0,4497.0
2017.04.12,12845.0,-170.0,12940.0,12990.0,12845.0,2997.0
2017.04.11,13015.0,0.0,12960.0,13015.0,12960.0,258.0
2017.04.10,13015.0,175.0,12885.0,13035.0,12885.0,1928.0
2017.04.07,12840.0,50.0,12775.0,12885.0,12765.0,2214.0
2017.04.06,12790.0,-80.0,12695.0,12790.0,12695.0,8766.0
2017.04.05,12870.0,55.0,12845.0,12870.0,12780.0,180560.0
2017.04.04,12815.0,-25.0,12775.0,12815.0,12750.0,58.0
2017.04.03,12840.0,-40.0,12860.0,12860.0,12745.0,1862.0
2017.03.31,12880.0,0.0,12850.0,12895.0,12825.0,1359.0
2017.03.30,12880.0,115.0,12805.0,12880.0,12805.0,996.0
2017.03.29,12765.0,-40.0,12755.0,12780.0,12740.0,2695.0
2017.03.28,12805.0,125.0,12755.0,12810.0,12740.0,6259.0
2017.03.27,12680.0,-30.0,12700.0,12700.0,12680.0,1732.0
2017.03.24,12710.0,-15.0,12620.0,12715.0,12620.0,1366.0
2017.03.23,12725.0,40.0,12710.0,12745.0,12710.0,10106.0
2017.03.22,12685.0,-320.0,12685.0,12710.0,12670.0,9181.0
2017.03.21,13005.0,40.0,12965.0,13030.0,12965.0,11651.0
2017.03.20,12965.0,-250.0,13065.0,13065.0,12965.0,15588.0
2017.03.17,13215.0,-180.0,13245.0,13245.0,13185.0,6127.0
2017.03.16,13395.0,65.0,13345.0,13395.0,13345.0,23825.0
2017.03.15,13330.0,-125.0,13445.0,13445.0,13330.0,3660.0
2017.03.14,13455.0,-10.0,13465.0,13520.0,13445.0,61841.0
2017.03.13,13465.0,-60.0,13520.0,13535.0,13465.0,62493.0
2017.03.10,13525.0,55.0,13530.0,13540.0,13480.0,7813.0
2017.03.09,13470.0,250.0,13400.0,13470.0,13400.0,2057.0
2017.03.08,13220.0,-220.0,13275.0,13275.0,13185.0,4965.0
2017.03.07,13440.0,-195.0,13535.0,13535.0,13400.0,4212.0
2017.03.06,13635.0,155.0,13650.0,13655.0,13585.0,2910.0
2017.03.03,13480.0,65.0,13430.0,13480.0,13390.0,5374.0
2017.03.02,13415.0,245.0,13305.0,13415.0,13305.0,6054.0
2017.02.28,13170.0,310.0,13195.0,13195.0,13135.0,11866.0
2017.02.27,12860.0,45.0,12865.0,12865.0,12840.0,858.0
2017.02.24,12815.0,-55.0,12895.0,12895.0,12775.0,1896.0
2017.02.23,12870.0,-150.0,12955.0,12955.0,12870.0,646.0
2017.02.22,13020.0,-160.0,13100.0,13100.0,12990.0,2974.0
2017.02.21,13180.0,30.0,13195.0,13195.0,13140.0,52170.0
2017.02.20,13150.0,65.0,13160.0,13235.0,13120.0,1586.0
2017.02.17,13085.0,-15.0,13085.0,13125.0,13050.0,2893.0
2017.02.16,13100.0,155.0,13120.0,13130.0,13035.0,3878.0
2017.02.15,12945.0,240.0,12960.0,12960.0,12860.0,1582.0
2017.02.14,12705.0,-95.0,12800.0,12840.0,12705.0,190.0
2017.02.13,12800.0,0.0,12800.0,12810.0,12740.0,528.0
2017.02.10,12800.0,160.0,12775.0,12800.0,12775.0,698.0
2017.02.09,12640.0,-20.0,12655.0,12655.0,12615.0,26729.0
2017.02.08,12660.0,-10.0,12600.0,12660.0,12600.0,643.0
2017.02.07,12670.0,55.0,12615.0,12670.0,12610.0,217324.0
2017.02.06,12615.0,35.0,12605.0,12615.0,12535.0,5032.0
2017.02.03,12580.0,-25.0,12575.0,12580.0,12520.0,419.0
2017.02.02,12605.0,-10.0,12650.0,12650.0,12580.0,2119.0
2017.02.01,12615.0,310.0,12495.0,12615.0,12485.0,5865.0
2017.01.31,12305.0,-90.0,12320.0,12390.0,12250.0,3345.0
2017.01.26,12395.0,60.0,12365.0,12395.0,12340.0,5305.0
2017.01.25,12335.0,-30.0,12350.0,12350.0,12300.0,823.0
2017.01.24,12365.0,-110.0,12390.0,12390.0,12300.0,442.0
2017.01.23,12475.0,-95.0,12525.0,12525.0,12430.0,590.0
2017.01.20,12570.0,-150.0,12630.0,12645.0,12560.0,509.0
2017.01.19,12720.0,175.0,12725.0,12755.0,12715.0,2862.0
2017.01.18,12545.0,-330.0,12570.0,12570.0,12460.0,11554.0
2017.01.17,12875.0,-25.0,12920.0,12970.0,12875.0,478.0
2017.01.16,12900.0,40.0,12925.0,12925.0,12900.0,292.0
2017.01.13,12860.0,5.0,12890.0,12890.0,12820.0,993.0
2017.01.12,12855.0,-480.0,13000.0,13000.0,12815.0,1836.0
2017.01.11,13335.0,90.0,13400.0,13400.0,13320.0,1014.0
2017.01.10,13245.0,55.0,13390.0,13400.0,13225.0,19308.0
2017.01.09,13190.0,265.0,13050.0,13190.0,13050.0,6319.0
2017.01.06,12925.0,30.0,12905.0,12925.0,12880.0,462.0
2017.01.05,12895.0,135.0,13055.0,13055.0,12895.0,3272.0
2017.01.04,12760.0,270.0,12715.0,12770.0,12710.0,5553.0
2017.01.03,12490.0,-35.0,12495.0,12520.0,12475.0,4706.0
2017.01.02,12525.0,-135.0,12545.0,12545.0,12480.0,1451.0
2016.12.29,12660.0,-160.0,12705.0,12705.0,12640.0,274.0
2016.12.28,12820.0,30.0,12790.0,12820.0,12750.0,1814.0
2016.12.27,12790.0,5.0,12790.0,12815.0,12790.0,953.0
2016.12.26,12785.0,240.0,12810.0,12810.0,12725.0,2753.0
2016.12.23,12545.0,50.0,12505.0,12565.0,12495.0,2254.0
2016.12.22,12495.0,-155.0,12535.0,12535.0,12470.0,419.0
2016.12.21,12650.0,155.0,12670.0,12680.0,12585.0,162435.0
2016.12.20,12495.0,-140.0,12535.0,12535.0,12460.0,507.0
2016.12.19,12635.0,90.0,12560.0,12635.0,12560.0,1408.0
2016.12.16,12545.0,120.0,12555.0,12575.0,12525.0,429.0
2016.12.15,12425.0,125.0,12265.0,12450.0,12265.0,7821.0
2016.12.14,12300.0,105.0,12250.0,12300.0,12200.0,326.0
2016.12.13,12195.0,-125.0,12190.0,12265.0,12180.0,3360.0
2016.12.12,12320.0,90.0,12355.0,12375.0,12300.0,11085.0
2016.12.09,12230.0,190.0,12160.0,12235.0,12150.0,2464.0
2016.12.08,12040.0,-500.0,12185.0,12185.0,12025.0,3871.0
2016.12.07,12540.0,105.0,12520.0,12540.0,12520.0,765.0
2016.12.06,12435.0,15.0,12420.0,12435.0,12415.0,558.0
2016.12.05,12420.0,120.0,12375.0,12425.0,12375.0,1502.0
2016.12.02,12300.0,-200.0,12330.0,12360.0,12225.0,3803.0
2016.12.01,12500.0,-295.0,12605.0,12605.0,12500.0,5454.0
2016.11.30,12795.0,10.0,12780.0,12795.0,12720.0,651.0
2016.11.29,12785.0,-175.0,12840.0,12840.0,12705.0,3222.0
2016.11.28,12960.0,-80.0,13045.0,13045.0,12945.0,1835.0
2016.11.25,13040.0,-50.0,13105.0,13105.0,13015.0,1315.0
2016.11.24,13090.0,205.0,13040.0,13095.0,13040.0,1901.0
2016.11.23,12885.0,-285.0,12950.0,12960.0,12820.0,3925.0
2016.11.22,13170.0,-30.0,13220.0,13220.0,13155.0,1916.0
2016.11.21,13200.0,-90.0,13160.0,13200.0,13080.0,401082.0
2016.11.18,13290.0,130.0,13255.0,13300.0,13245.0,2034.0
2016.11.17,13160.0,-85.0,13045.0,13165.0,13040.0,1683.0
2016.11.16,13245.0,-130.0,13330.0,13330.0,13205.0,4925.0
2016.11.15,13375.0,230.0,13355.0,13375.0,13295.0,10240.0
2016.11.14,13145.0,0.0,13045.0,13195.0,13045.0,8370.0
2016.11.11,13145.0,300.0,12995.0,13245.0,12995.0,16141.0
2016.11.10,12845.0,1080.0,12775.0,12900.0,12775.0,24930.0
2016.11.09,11765.0,145.0,11605.0,11820.0,11590.0,69364.0
2016.11.08,11620.0,330.0,11650.0,11650.0,11610.0,3172.0
2016.11.07,11290.0,220.0,11195.0,11290.0,11195.0,568.0
2016.11.04,11070.0,-290.0,11025.0,11095.0,11025.0,7189.0
2016.11.03,11360.0,-310.0,11415.0,11415.0,11330.0,4227.0
2016.11.02,11670.0,225.0,11655.0,11680.0,11605.0,40522.0
2016.11.01,11445.0,-215.0,11505.0,11505.0,11405.0,6569.0
2016.10.31,11660.0,-220.0,11730.0,11730.0,11605.0,44166.0
2016.10.28,11880.0,95.0,11860.0,11880.0,11815.0,1176.0
2016.10.27,11785.0,35.0,11770.0,11835.0,11735.0,351.0
2016.10.26,11750.0,-40.0,11770.0,11770.0,11670.0,265.0
2016.10.25,11790.0,-40.0,11795.0,11845.0,11760.0,4908.0
2016.10.24,11830.0,-105.0,11935.0,11935.0,11825.0,2256.0
2016.10.21,11935.0,170.0,11765.0,11950.0,11765.0,3017.0
2016.10.20,11765.0,-40.0,11735.0,11765.0,11685.0,2464.0
2016.10.19,11805.0,75.0,11830.0,11830.0,11780.0,1200.0
2016.10.18,11730.0,-90.0,11760.0,11770.0,11720.0,7785.0
2016.10.17,11820.0,-175.0,11715.0,11865.0,11715.0,5315.0
2016.10.14,11995.0,25.0,12035.0,12035.0,11950.0,763.0
2016.10.13,11970.0,-175.0,11870.0,11980.0,11860.0,2249.0
2016.10.12,12145.0,-385.0,12140.0,12155.0,12125.0,4950.0
2016.10.11,12530.0,245.0,12495.0,12540.0,12495.0,2113.0
2016.10.10,12285.0,-95.0,12340.0,12340.0,12260.0,603.0
2016.10.07,12380.0,-240.0,12400.0,12400.0,12330.0,1973.0
2016.10.06,12620.0,95.0,12600.0,12620.0,12555.0,567.0
2016.10.05,12525.0,60.0,12485.0,12540.0,12465.0,85.0
2016.10.04,12465.0,225.0,12435.0,12465.0,12405.0,590.0
2016.09.30,12240.0,-390.0,12270.0,12325.0,12200.0,6242.0
2016.09.29,12630.0,-65.0,12560.0,12630.0,12550.0,4323.0
2016.09.28,12695.0,110.0,12740.0,12740.0,12695.0,169.0
2016.09.27,12585.0,-205.0,12700.0,12750.0,12585.0,3497.0
2016.09.26,12790.0,-10.0,12800.0,12800.0,12710.0,430.0
2016.09.23,12800.0,20.0,12840.0,12910.0,12800.0,3213.0
2016.09.22,12780.0,-50.0,12935.0,12935.0,12675.0,2322.0
2016.09.21,12830.0,195.0,12875.0,12875.0,12700.0,3345.0
2016.09.20,12635.0,0.0,12650.0,12710.0,12605.0,2555.0
2016.09.19,12635.0,185.0,12695.0,12710.0,12630.0,161687.0
2016.09.13,12450.0,395.0,12435.0,12490.0,12320.0,5079.0
2016.09.12,12055.0,-225.0,12075.0,12075.0,11975.0,1827.0
2016.09.09,12280.0,80.0,12300.0,12300.0,12240.0,165221.0
2016.09.08,12200.0,70.0,12110.0,12200.0,12110.0,3333.0
2016.09.07,12130.0,0.0,12225.0,12225.0,12100.0,1556.0
2016.09.06,12130.0,-10.0,12140.0,12140.0,12040.0,626.0
2016.09.05,12140.0,-150.0,12280.0,12280.0,12110.0,3505.0
2016.09.02,12290.0,-35.0,12300.0,12310.0,12280.0,2519.0
2016.09.01,12325.0,-30.0,12255.0,12325.0,12240.0,1323.0
2016.08.31,12355.0,-85.0,12400.0,12415.0,12355.0,703.0
2016.08.30,12440.0,-100.0,12410.0,12440.0,12400.0,586.0
2016.08.29,12540.0,200.0,12490.0,12590.0,12490.0,2825.0
2016.08.26,12340.0,-155.0,12400.0,12400.0,12330.0,1906.0
2016.08.25,12495.0,-470.0,12555.0,12580.0,12490.0,7643.0
2016.08.24,12965.0,75.0,12920.0,13000.0,12920.0,1066.0
2016.08.23,12890.0,145.0,12960.0,12990.0,12885.0,471.0
2016.08.22,12745.0,15.0,12680.0,12745.0,12650.0,2035.0
2016.08.19,12730.0,190.0,12560.0,12740.0,12560.0,2233.0
2016.08.18,12540.0,-55.0,12565.0,12565.0,12540.0,690.0
2016.08.17,12595.0,-60.0,12570.0,12600.0,12405.0,1720.0
2016.08.16,12655.0,140.0,12655.0,12700.0,12620.0,1492.0
2016.08.12,12515.0,90.0,12550.0,12550.0,12490.0,600.0
2016.08.11,12425.0,-100.0,12300.0,12435.0,12300.0,5712.0
2016.08.10,12525.0,-175.0,12660.0,12690.0,12525.0,4195.0
2016.08.09,12700.0,-190.0,12760.0,12760.0,12665.0,8446.0
2016.08.08,12890.0,90.0,12860.0,12915.0,12835.0,6985.0
2016.08.05,12800.0,-110.0,12830.0,12830.0,12775.0,951.0
2016.08.04,12910.0,105.0,12945.0,12945.0,12905.0,871.0
2016.08.03,12805.0,115.0,12745.0,12805.0,12745.0,1915.0
2016.08.02,12690.0,120.0,12700.0,12720.0,12640.0,8121.0
2016.08.01,12570.0,105.0,12610.0,12610.0,12500.0,2504.0
2016.07.29,12465.0,-45.0,12565.0,12565.0,12465.0,2536.0
2016.07.28,12510.0,210.0,12595.0,12595.0,12500.0,13504.0
2016.07.27,12300.0,-110.0,12405.0,12405.0,12295.0,2975.0
2016.07.26,12410.0,40.0,12435.0,12440.0,12205.0,8753.0
2016.07.25,12370.0,20.0,12395.0,12400.0,12365.0,32241.0
2016.07.22,12350.0,50.0,12335.0,12385.0,12335.0,17617.0
2016.07.21,12300.0,275.0,12260.0,12340.0,12260.0,14337.0
2016.07.20,12025.0,-95.0,12025.0,12100.0,12020.0,1901.0
2016.07.19,12120.0,35.0,12100.0,12185.0,12090.0,4771.0
2016.07.18,12085.0,230.0,12095.0,12095.0,12025.0,844.0
2016.07.15,11855.0,-120.0,11990.0,12000.0,11850.0,4913.0
2016.07.14,11975.0,-200.0,12085.0,12085.0,11975.0,3048.0
2016.07.13,12175.0,55.0,12155.0,12205.0,12155.0,1037.0
2016.07.12,12120.0,-100.0,12160.0,12180.0,12080.0,4264.0
2016.07.11,12220.0,100.0,12280.0,12280.0,12130.0,1264.0
2016.07.08,12120.0,80.0,12035.0,12165.0,12035.0,163375.0
2016.07.07,12040.0,180.0,12055.0,12055.0,11995.0,6877.0
2016.07.06,11860.0,5.0,11810.0,11905.0,11780.0,129934.0
2016.07.05,11855.0,45.0,11810.0,11890.0,11800.0,1950.0
2016.07.04,11810.0,215.0,11745.0,11830.0,11725.0,5123.0
2016.07.01,11595.0,0.0,11665.0,11665.0,11585.0,3863.0
2016.06.30,11595.0,110.0,11600.0,11650.0,11590.0,7958.0
2016.06.29,11485.0,185.0,11480.0,11545.0,11470.0,31020.0
2016.06.28,11300.0,-350.0,11220.0,11330.0,11215.0,33384.0
2016.06.27,11650.0,-25.0,11500.0,11665.0,11500.0,3517.0
2016.06.24,11675.0,120.0,11765.0,11930.0,11655.0,124819.0
2016.06.23,11555.0,-150.0,11780.0,11780.0,11555.0,6511.0
2016.06.22,11705.0,-140.0,11600.0,11720.0,11600.0,13277.0
2016.06.21,11845.0,85.0,11820.0,11845.0,11770.0,4081.0
2016.06.20,11760.0,-285.0,11805.0,11805.0,11710.0,64244.0
2016.06.17,12045.0,-5.0,12015.0,12060.0,12000.0,17915.0
2016.06.16,12050.0,-5.0,12060.0,12060.0,12000.0,3012.0
2016.06.15,12055.0,-45.0,12070.0,12105.0,12050.0,14564.0
2016.06.14,12100.0,-145.0,12245.0,12245.0,12090.0,25457.0
2016.06.13,12245.0,-165.0,12200.0,12270.0,12130.0,20014.0
2016.06.10,12410.0,-160.0,12390.0,12445.0,12340.0,2117.0
2016.06.09,12570.0,-30.0,12605.0,12605.0,12520.0,2323.0
2016.06.08,12600.0,-390.0,12710.0,12710.0,12560.0,18030.0
2016.06.07,12990.0,-225.0,13255.0,13255.0,12965.0,2153.0
2016.06.03,13215.0,215.0,13165.0,13255.0,13160.0,19872.0
2016.06.02,13000.0,10.0,13030.0,13070.0,13000.0,1318.0
2016.06.01,12990.0,195.0,12950.0,13000.0,12920.0,24045.0
2016.05.31,12795.0,-10.0,12800.0,12800.0,12790.0,1891.0
2016.05.30,12805.0,255.0,12660.0,12835.0,12635.0,6599.0
2016.05.27,12550.0,-100.0,12600.0,12600.0,12525.0,1294.0
2016.05.26,12650.0,150.0,12660.0,12665.0,12610.0,32982.0
2016.05.25,12500.0,175.0,12605.0,12610.0,12500.0,6387.0
2016.05.24,12325.0,90.0,12290.0,12335.0,12265.0,19084.0
2016.05.23,12235.0,190.0,12265.0,12265.0,12165.0,3524.0
2016.05.20,12045.0,-135.0,11945.0,12045.0,11945.0,275.0
2016.05.19,12180.0,215.0,12100.0,12185.0,12100.0,6286.0
2016.05.18,11965.0,-30.0,11940.0,11975.0,11910.0,3197.0
2016.05.17,11995.0,285.0,12015.0,12015.0,11955.0,1575.0
2016.05.16,11710.0,140.0,11685.0,11710.0,11645.0,732.0
2016.05.13,11570.0,-100.0,11525.0,11580.0,11510.0,4569.0
2016.05.12,11670.0,-425.0,11725.0,11725.0,11660.0,20899.0
2016.05.11,12095.0,115.0,12080.0,12110.0,11980.0,3776.0
2016.05.10,11980.0,340.0,11985.0,11985.0,11920.0,1023.0
2016.05.09,11640.0,-320.0,11875.0,11875.0,11605.0,18460.0
2016.05.04,11960.0,-120.0,11900.0,11960.0,11900.0,7653.0
2016.05.03,12080.0,145.0,12005.0,12090.0,12005.0,1040.0
2016.05.02,11935.0,-340.0,12005.0,12025.0,11920.0,15788.0
2016.04.29,12275.0,-95.0,12245.0,12295.0,12215.0,7231.0
2016.04.28,12370.0,-240.0,12490.0,12490.0,12370.0,11622.0
2016.04.27,12610.0,-215.0,12555.0,12620.0,12555.0,3288.0
2016.04.26,12825.0,-55.0,12815.0,12830.0,12790.0,1427.0
2016.04.25,12880.0,150.0,12815.0,12915.0,12815.0,21145.0
2016.04.22,12730.0,345.0,12680.0,12745.0,12680.0,676.0
2016.04.21,12385.0,-15.0,12400.0,12425.0,12350.0,952.0
2016.04.20,12400.0,-255.0,12440.0,12440.0,12320.0,5504.0
2016.04.19,12655.0,35.0,12810.0,12810.0,12640.0,4266.0
2016.04.18,12620.0,0.0,12605.0,12630.0,12550.0,1276.0
2016.04.15,12620.0,-75.0,12695.0,12695.0,12620.0,3645.0
2016.04.14,12695.0,475.0,12555.0,12705.0,12535.0,2804.0
2016.04.12,12220.0,-220.0,12240.0,12240.0,12115.0,5614.0
2016.04.11,12440.0,-135.0,12500.0,12515.0,12435.0,5973.0
2016.04.08,12575.0,-350.0,12640.0,12725.0,12555.0,91737.0
2016.04.07,12925.0,710.0,12860.0,12925.0,12850.0,6918.0
2016.04.06,12215.0,0.0,12210.0,12280.0,12210.0,6171.0
2016.04.05,12215.0,135.0,12205.0,12230.0,12145.0,36796.0
2016.04.04,12080.0,260.0,12060.0,12105.0,12030.0,14012.0
2016.04.01,11820.0,295.0,11650.0,11820.0,11650.0,20004.0
2016.03.31,11525.0,-150.0,11590.0,11590.0,11465.0,3794.0
2016.03.30,11675.0,85.0,11695.0,11695.0,11630.0,4308.0
2016.03.29,11590.0,-170.0,11645.0,11645.0,11540.0,5713.0
2016.03.28,11760.0,-35.0,11790.0,11800.0,11760.0,4085.0
2016.03.25,11795.0,105.0,11700.0,11810.0,11700.0,917.0
2016.03.24,11690.0,-365.0,11670.0,11700.0,11660.0,14448.0
2016.03.23,12055.0,380.0,11820.0,12060.0,11820.0,20898.0
2016.03.22,11675.0,120.0,11700.0,11780.0,11675.0,10480.0
2016.03.21,11555.0,180.0,11475.0,11615.0,11475.0,32193.0
2016.03.18,11375.0,-200.0,11435.0,11435.0,11300.0,6469.0
2016.03.17,11575.0,-190.0,11750.0,11750.0,11560.0,7089.0
2016.03.16,11765.0,-425.0,11715.0,11785.0,11715.0,12450.0
2016.03.15,12190.0,5.0,12210.0,12210.0,12175.0,4304.0
2016.03.14,12185.0,235.0,12255.0,12255.0,12175.0,2503.0
2016.03.11,11950.0,-195.0,12070.0,12120.0,11950.0,1618.0
2016.03.10,12145.0,-270.0,12270.0,12270.0,12140.0,5199.0
2016.03.09,12415.0,-345.0,12315.0,12420.0,12315.0,2012.0
2016.03.08,12760.0,340.0,12700.0,12780.0,12660.0,1591.0
2016.03.07,12420.0,-60.0,12395.0,12435.0,12375.0,2563.0
2016.03.04,12480.0,-300.0,12595.0,12595.0,12480.0,4453.0
2016.03.03,12780.0,-5.0,12910.0,12910.0,12780.0,1980.0
2016.03.02,12785.0,95.0,12810.0,12865.0,12785.0,3504.0
2016.02.29,12690.0,145.0,12705.0,12745.0,12690.0,675.0
2016.02.26,12545.0,-5.0,12615.0,12615.0,12540.0,51.0
2016.02.25,12550.0,70.0,12545.0,12550.0,12515.0,221.0
2016.02.24,12480.0,-270.0,12455.0,12490.0,12455.0,543.0
2016.02.23,12750.0,70.0,12775.0,12775.0,12710.0,209.0
2016.02.22,12680.0,110.0,12635.0,12680.0,12625.0,10455.0
2016.02.19,12570.0,-225.0,12435.0,12570.0,12435.0,403.0
2016.02.18,12795.0,360.0,12760.0,12805.0,12745.0,947.0
2016.02.17,12435.0,455.0,12295.0,12440.0,12285.0,14085.0
2016.02.16,11980.0,85.0,11960.0,12005.0,11940.0,11207.0
2016.02.15,11895.0,305.0,11945.0,11945.0,11885.0,599.0
2016.02.12,11590.0,-195.0,11520.0,11590.0,11455.0,2714.0
2016.02.11,11785.0,-640.0,11825.0,11825.0,11660.0,1222.0
2016.02.05,12425.0,-25.0,12480.0,12480.0,12350.0,540.0
2016.02.04,12450.0,-15.0,12445.0,12475.0,12415.0,1136.0
2016.02.03,12465.0,-125.0,12365.0,12465.0,12365.0,1150.0
2016.02.02,12590.0,-20.0,12665.0,12675.0,12590.0,3829.0
2016.02.01,12610.0,190.0,12450.0,12700.0,12450.0,2585.0
2016.01.29,12420.0,-555.0,12770.0,12770.0,12420.0,2478.0
2016.01.28,12975.0,-350.0,12915.0,12995.0,12915.0,217.0
2016.01.27,13325.0,-25.0,13285.0,13330.0,13280.0,979.0
2016.01.26,13350.0,-145.0,13295.0,13350.0,13295.0,1514.0
2016.01.25,13495.0,325.0,13585.0,13585.0,13425.0,6078.0
2016.01.22,13170.0,-425.0,13320.0,13320.0,13155.0,5898.0
2016.01.21,13595.0,340.0,13550.0,13595.0,13460.0,1137.0
2016.01.20,13255.0,-205.0,13185.0,13255.0,13125.0,168.0
2016.01.19,13460.0,-30.0,13480.0,13515.0,13460.0,90.0
2016.01.18,13490.0,-450.0,13600.0,13605.0,13480.0,44774.0
2016.01.15,13940.0,510.0,13935.0,13940.0,13830.0,590.0
2016.01.14,13430.0,-830.0,13675.0,13675.0,13430.0,979.0
2016.01.13,14260.0,210.0,14080.0,14260.0,14060.0,515.0
2016.01.12,14050.0,-560.0,14085.0,14090.0,13885.0,1131.0
2016.01.11,14610.0,65.0,14210.0,14610.0,14210.0,7202.0
2016.01.08,14545.0,-500.0,14510.0,14545.0,14435.0,16450.0
2016.01.07,15045.0,-320.0,15085.0,15150.0,15020.0,4214.0
2016.01.06,15365.0,100.0,15235.0,15365.0,15235.0,972.0
2016.01.05,15265.0,-425.0,15265.0,15300.0,15235.0,4358.0
2016.01.04,15690.0,-95.0,15600.0,15775.0,15600.0,1158.0
2015.12.30,15785.0,320.0,15700.0,15785.0,15700.0,733.0
2015.12.29,15465.0,-55.0,15425.0,15465.0,15425.0,135.0
2015.12.28,15520.0,15.0,15575.0,15575.0,15515.0,963.0
2015.12.24,15505.0,200.0,15520.0,15530.0,15505.0,172.0
2015.12.23,15305.0,5.0,15275.0,15305.0,15245.0,158.0
2015.12.22,15300.0,60.0,15350.0,15355.0,15300.0,144.0
2015.12.21,15240.0,-160.0,15350.0,15350.0,15190.0,254.0
2015.12.18,15400.0,-245.0,15400.0,15435.0,15380.0,59.0
2015.12.17,15645.0,415.0,15510.0,15655.0,15510.0,451.0
2015.12.16,15230.0,325.0,15265.0,15265.0,15230.0,43.0
2015.12.15,14905.0,25.0,14855.0,14905.0,14855.0,1065.0
2015.12.14,14880.0,-370.0,14875.0,14880.0,14840.0,10643.0
2015.12.11,15250.0,165.0,15275.0,15275.0,15180.0,262.0
2015.12.10,15085.0,-210.0,14960.0,15085.0,14960.0,20042.0
2015.12.09,15295.0,275.0,15045.0,15295.0,15045.0,1291.0
2015.12.08,15020.0,-135.0,14905.0,15020.0,14905.0,275.0
2015.12.07,15155.0,525.0,15010.0,15175.0,15010.0,300412.0
2015.12.04,14630.0,-615.0,14710.0,14715.0,14620.0,207473.0
2015.12.03,15245.0,-120.0,15185.0,15310.0,15185.0,6191.0
2015.12.02,15365.0,165.0,15230.0,15365.0,15230.0,55.0
2015.12.01,15200.0,-235.0,15210.0,15210.0,15175.0,47.0
2015.11.30,15435.0,200.0,15370.0,15435.0,15370.0,159.0
2015.11.27,15235.0,-15.0,15245.0,15310.0,15235.0,95.0
2015.11.26,15250.0,215.0,15150.0,15250.0,15150.0,258.0
2015.11.25,15035.0,-180.0,15095.0,15095.0,15010.0,421.0
2015.11.24,15215.0,125.0,15255.0,15255.0,15180.0,26.0
2015.11.23,15090.0,10.0,15145.0,15165.0,15090.0,119.0
2015.11.20,15080.0,-300.0,15210.0,15210.0,15080.0,350.0
2015.11.19,15380.0,220.0,15535.0,15535.0,15380.0,403.0
2015.11.18,15160.0,320.0,15090.0,15170.0,15090.0,24.0
2015.11.17,14840.0,130.0,14840.0,14850.0,14840.0,40.0
2015.11.16,14710.0,100.0,14595.0,14710.0,14590.0,188.0
2015.11.13,14610.0,-275.0,14480.0,14610.0,14480.0,75.0
2015.11.12,14885.0,-65.0,14825.0,14885.0,14715.0,388.0
2015.11.11,14950.0,-5.0,15000.0,15050.0,14950.0,114.0
2015.11.10,14955.0,25.0,15000.0,15000.0,14920.0,669.0
2015.11.09,14930.0,150.0,14820.0,14970.0,14820.0,1005.0
2015.11.06,14780.0,-220.0,14830.0,14845.0,14750.0,324.0
2015.11.05,15000.0,25.0,15050.0,15080.0,14980.0,1064.0
2015.11.04,14975.0,0.0,15070.0,15070.0,14920.0,667.0
2015.11.03,14975.0,480.0,15020.0,15110.0,14960.0,315.0
2015.11.02,14495.0,-205.0,14615.0,14620.0,14495.0,678.0
2015.10.30,14700.0,-90.0,14765.0,14765.0,14640.0,402.0
2015.10.29,14790.0,330.0,14715.0,14860.0,14640.0,747.0
2015.10.28,14460.0,335.0,14445.0,14590.0,14445.0,588.0
2015.10.27,14125.0,85.0,14020.0,14125.0,14020.0,88.0
2015.10.26,14040.0,480.0,13915.0,14090.0,13915.0,3307.0
2015.10.23,13560.0,-60.0,13635.0,13635.0,13470.0,961.0
2015.10.22,13620.0,0.0,13620.0,13620.0,13620.0,5.0
2015.10.21,13620.0,-400.0,13495.0,13635.0,13495.0,557.0
2015.10.20,14020.0,160.0,13930.0,14030.0,13930.0,219220.0
2015.10.19,13860.0,-60.0,13920.0,13970.0,13785.0,143.0
2015.10.16,13920.0,510.0,13910.0,13920.0,13900.0,1850.0
2015.10.15,13410.0,-75.0,13400.0,13505.0,13400.0,1549.0
2015.10.14,13485.0,-390.0,13515.0,13545.0,13465.0,464.0
2015.10.13,13875.0,25.0,13890.0,13925.0,13865.0,148.0
2015.10.12,13850.0,-175.0,14025.0,14025.0,13850.0,299.0
2015.10.08,14025.0,185.0,14000.0,14045.0,13950.0,2102.0
2015.10.07,13840.0,-525.0,13740.0,13840.0,13740.0,2111.0
2015.10.06,14365.0,-175.0,14440.0,14440.0,14355.0,204.0
2015.10.05,14540.0,440.0,14580.0,14600.0,14440.0,352.0
2015.10.02,14100.0,180.0,14055.0,14150.0,14055.0,149.0
2015.10.01,13920.0,395.0,14035.0,14055.0,13920.0,1071.0
2015.09.30,13525.0,-1780.0,13965.0,13965.0,13500.0,4895.0
2015.09.25,15305.0,-245.0,15355.0,15365.0,15300.0,95.0
2015.09.24,15550.0,-60.0,15620.0,15620.0,15550.0,67.0
2015.09.23,15610.0,-185.0,15620.0,15645.0,15600.0,509.0
2015.09.22,15795.0,-665.0,15750.0,15795.0,15675.0,407.0
2015.09.21,16460.0,-90.0,16340.0,16465.0,16340.0,41.0
2015.09.18,16550.0,250.0,16510.0,16660.0,16510.0,7947.0
2015.09.17,16300.0,-320.0,16395.0,16400.0,16275.0,7903.0
2015.09.16,16620.0,210.0,16600.0,16620.0,16600.0,2280.0
2015.09.15,16410.0,-5.0,16410.0,16410.0,16410.0,2.0
2015.09.14,16415.0,115.0,16465.0,16465.0,16405.0,252.0
2015.09.11,16300.0,340.0,16300.0,16300.0,16300.0,1.0
2015.09.10,15960.0,-470.0,16035.0,16035.0,15890.0,16072.0
2015.09.09,16430.0,570.0,16470.0,16470.0,16390.0,201.0
2015.09.08,15860.0,-55.0,16010.0,16010.0,15840.0,14240.0
2015.09.07,15915.0,135.0,15895.0,15980.0,15895.0,420.0
2015.09.04,15780.0,-285.0,15840.0,15840.0,15770.0,366.0
2015.09.03,16065.0,585.0,15980.0,16065.0,15980.0,10913.0
2015.09.02,15480.0,-250.0,15365.0,15480.0,15365.0,11734.0
2015.09.01,15730.0,-680.0,15915.0,15920.0,15730.0,4188.0
2015.08.31,16410.0,220.0,16300.0,16410.0,16300.0,1116.0
2015.08.28,16190.0,335.0,16200.0,16200.0,16190.0,376.0
2015.08.27,15855.0,665.0,15875.0,15970.0,15830.0,5655.0
2015.08.26,15190.0,-40.0,15195.0,15265.0,15180.0,1126.0
2015.08.25,15230.0,-725.0,15190.0,15230.0,15105.0,25876.0
2015.08.24,15955.0,-480.0,16005.0,16010.0,15925.0,2301.0
2015.08.21,16435.0,-580.0,16675.0,16675.0,16310.0,1372.0
2015.08.20,17015.0,-75.0,17035.0,17035.0,16980.0,863.0
2015.08.19,17090.0,-195.0,17090.0,17160.0,17060.0,2342.0
2015.08.18,17285.0,390.0,17295.0,17295.0,17230.0,2756.0
2015.08.17,16895.0,-75.0,16795.0,16895.0,16795.0,230.0
2015.08.13,16970.0,-160.0,17070.0,17075.0,16970.0,225.0
2015.08.12,17130.0,-10.0,17010.0,17140.0,16975.0,2123.0
2015.08.11,17140.0,325.0,16865.0,17140.0,16865.0,697.0
2015.08.10,16815.0,-185.0,16920.0,16920.0,16790.0,621.0
2015.08.07,17000.0,-660.0,17050.0,17050.0,16925.0,12927.0
2015.08.06,17660.0,-15.0,17720.0,17785.0,17660.0,1106.0
2015.08.05,17675.0,160.0,17600.0,17675.0,17595.0,271.0
2015.08.04,17515.0,25.0,17530.0,17565.0,17515.0,1158.0
2015.08.03,17490.0,110.0,17495.0,17500.0,17400.0,395.0
2015.07.31,17380.0,105.0,17310.0,17400.0,17310.0,314.0
2015.07.30,17275.0,-105.0,17210.0,17275.0,17130.0,1364.0
2015.07.29,17380.0,340.0,17355.0,17400.0,17345.0,650.0
2015.07.28,17040.0,-220.0,17160.0,17160.0,17005.0,1278.0
2015.07.27,17260.0,-750.0,17380.0,17390.0,17260.0,1410.0
2015.07.24,18010.0,-35.0,18045.0,18045.0,17905.0,536.0
2015.07.23,18045.0,205.0,17800.0,18050.0,17800.0,425.0
2015.07.22,17840.0,-250.0,18035.0,18035.0,17840.0,1320.0
2015.07.21,18090.0,95.0,18000.0,18110.0,18000.0,684.0
2015.07.20,17995.0,185.0,17835.0,17995.0,17835.0,1962.0
2015.07.17,17810.0,200.0,17885.0,17885.0,17740.0,429.0
2015.07.16,17610.0,215.0,17470.0,17610.0,17470.0,4192.0
2015.07.15,17395.0,420.0,17420.0,17420.0,17325.0,437.0
2015.07.14,16975.0,430.0,16740.0,16975.0,16740.0,8917.0
2015.07.13,16545.0,255.0,16290.0,16575.0,16290.0,1185.0
2015.07.10,16290.0,155.0,16265.0,16330.0,16240.0,909.0
2015.07.09,16135.0,-470.0,16235.0,16235.0,16130.0,454.0
2015.07.08,16605.0,60.0,16505.0,16705.0,16505.0,1337.0
2015.07.07,16545.0,190.0,16490.0,16555.0,16435.0,1680.0
2015.07.06,16355.0,45.0,16355.0,16410.0,16340.0,584.0
2015.07.03,16310.0,-10.0,16255.0,16310.0,16225.0,203.0
2015.07.02,16320.0,130.0,16205.0,16340.0,16205.0,3290.0
2015.07.01,16190.0,360.0,16150.0,16245.0,16150.0,3277.0
2015.06.30,15830.0,-650.0,16005.0,16005.0,15810.0,1828.0
2015.06.29,16480.0,45.0,16310.0,16480.0,16310.0,8592.0
2015.06.26,16435.0,-5.0,16320.0,16490.0,16320.0,5954.0
2015.06.25,16440.0,-265.0,16440.0,16470.0,16415.0,7701.0
2015.06.24,16705.0,80.0,16625.0,16715.0,16625.0,3074.0
2015.06.23,16625.0,330.0,16490.0,16625.0,16490.0,590.0
2015.06.22,16295.0,-105.0,16350.0,16350.0,16250.0,2519.0
2015.06.19,16400.0,460.0,16345.0,16400.0,16295.0,1737.0
2015.06.18,15940.0,-50.0,16055.0,16140.0,15915.0,710.0
2015.06.17,15990.0,-4715.0,16050.0,16050.0,15945.0,5550.0
2015.06.16,20705.0,4775.0,15900.0,20705.0,15890.0,763.0
2015.06.15,15930.0,-165.0,15885.0,15930.0,15885.0,49.0
2015.06.12,16095.0,215.0,16060.0,16095.0,15995.0,217.0
2015.06.11,15880.0,135.0,15850.0,15965.0,15850.0,409.0
2015.06.10,15745.0,-260.0,15900.0,15900.0,15740.0,653.0
2015.06.09,16005.0,-145.0,15995.0,16035.0,15955.0,470.0
2015.06.08,16150.0,380.0,16035.0,16150.0,16035.0,10815.0
2015.06.05,15770.0,-140.0,15825.0,15825.0,15770.0,181.0
2015.06.04,15910.0,175.0,15765.0,15910.0,15765.0,324.0
2015.06.03,15735.0,-190.0,15780.0,15785.0,15720.0,164.0
2015.06.02,15925.0,20.0,15865.0,15960.0,15865.0,4217.0
2015.06.01,15905.0,20.0,15825.0,15960.0,15825.0,8838.0
2015.05.29,15885.0,-45.0,15890.0,15890.0,15860.0,63.0
2015.05.28,15930.0,280.0,16000.0,16005.0,15930.0,904.0
2015.05.27,15650.0,-140.0,15645.0,15715.0,15645.0,14974.0
2015.05.26,15790.0,190.0,15730.0,15790.0,15725.0,4192.0
2015.05.22,15600.0,-45.0,15620.0,15620.0,15595.0,121.0
2015.05.21,15645.0,105.0,15670.0,15675.0,15630.0,1616.0
2015.05.20,15540.0,115.0,15345.0,15550.0,15345.0,1343.0
2015.05.19,15425.0,225.0,15440.0,15475.0,15425.0,378.0
2015.05.18,15200.0,15.0,15185.0,15210.0,15185.0,621.0
2015.05.15,15185.0,115.0,15245.0,15290.0,15185.0,743.0
2015.05.14,15070.0,-100.0,15145.0,15145.0,15070.0,155.0
2015.05.13,15170.0,5.0,15080.0,15205.0,15080.0,313.0
2015.05.12,15165.0,45.0,15170.0,15205.0,15155.0,672.0
2015.05.11,15120.0,405.0,15055.0,15120.0,15050.0,1355.0
2015.05.08,14715.0,105.0,14680.0,14805.0,14680.0,1017.0
2015.05.07,14610.0,240.0,14500.0,14615.0,14500.0,1000.0
2015.05.06,14370.0,-230.0,14410.0,14410.0,14370.0,87.0
2015.05.04,14600.0,90.0,14600.0,14630.0,14600.0,248.0
2015.04.30,14510.0,0.0,14500.0,14540.0,14500.0,210.0
2015.04.29,14510.0,-215.0,14540.0,14540.0,14475.0,1514.0
2015.04.28,14725.0,-690.0,14710.0,14750.0,14705.0,1136.0
2015.04.27,15415.0,-250.0,15355.0,15435.0,15220.0,969.0
2015.04.24,15665.0,165.0,15655.0,15665.0,15600.0,1836.0
2015.04.23,15500.0,0.0,15460.0,15560.0,15460.0,995.0
2015.04.22,15500.0,190.0,15570.0,15580.0,15500.0,1309.0
2015.04.21,15310.0,105.0,15140.0,15310.0,15140.0,326.0
2015.04.20,15205.0,-280.0,15185.0,15240.0,15185.0,712.0
2015.04.17,15485.0,-15.0,15545.0,15545.0,15450.0,420.0
2015.04.16,15500.0,95.0,15500.0,15500.0,15440.0,1685.0
2015.04.15,15405.0,-35.0,15400.0,15470.0,15400.0,1247.0
2015.04.14,15440.0,-65.0,15510.0,15510.0,15435.0,443.0
2015.04.13,15505.0,240.0,15450.0,15505.0,15380.0,1707.0
2015.04.10,15265.0,125.0,15205.0,15300.0,15205.0,1410.0
2015.04.09,15140.0,390.0,15100.0,15260.0,15100.0,2109.0
2015.04.08,14750.0,140.0,14610.0,14830.0,14610.0,4013.0
2015.04.07,14610.0,15.0,14545.0,14645.0,14545.0,553.0
2015.04.06,14595.0,-130.0,14700.0,14700.0,14555.0,419.0
2015.04.03,14725.0,-50.0,14715.0,14725.0,14635.0,541.0
2015.04.02,14775.0,-225.0,14815.0,14835.0,14750.0,625.0
2015.04.01,15000.0,-430.0,15070.0,15070.0,14915.0,3506.0
2015.03.31,15430.0,225.0,15230.0,15490.0,15230.0,1051.0
2015.03.30,15205.0,310.0,15115.0,15225.0,15100.0,1197.0
2015.03.27,14895.0,-65.0,14840.0,14920.0,14840.0,192.0
2015.03.26,14960.0,-565.0,16125.0,16125.0,14775.0,8154.0
2015.03.25,15525.0,-185.0,15600.0,15600.0,15490.0,2719.0
2015.03.24,15710.0,-505.0,15890.0,15890.0,15650.0,4579.0
2015.03.23,16215.0,35.0,16250.0,16280.0,16175.0,1173.0
2015.03.20,16180.0,355.0,16105.0,16250.0,16100.0,3691.0
2015.03.19,15825.0,-100.0,16000.0,16015.0,15710.0,2339.0
2015.03.18,15925.0,195.0,15880.0,15925.0,15860.0,558.0
2015.03.17,15730.0,245.0,15695.0,15800.0,15695.0,5016.0
2015.03.16,15485.0,135.0,15415.0,15485.0,15405.0,690.0
2015.03.13,15350.0,130.0,15330.0,15365.0,15330.0,4246.0
2015.03.12,15220.0,55.0,15230.0,15330.0,15210.0,1591.0
2015.03.11,15165.0,0.0,15155.0,15200.0,15130.0,1355.0
2015.03.10,15165.0,150.0,15105.0,15180.0,15100.0,138.0
2015.03.09,15015.0,-40.0,14885.0,15025.0,14885.0,6605.0
2015.03.06,15055.0,285.0,15080.0,15125.0,15055.0,776.0
2015.03.05,14770.0,140.0,14745.0,14775.0,14740.0,503.0
2015.03.04,14630.0,-100.0,14665.0,14665.0,14610.0,2416.0
2015.03.03,14730.0,75.0,14730.0,14800.0,14720.0,1094.0
2015.03.02,14655.0,-105.0,14675.0,14720.0,14645.0,970.0
2015.02.27,14760.0,55.0,14775.0,14800.0,14760.0,2865.0
2015.02.26,14705.0,170.0,14745.0,14750.0,14665.0,260.0
2015.02.25,14535.0,-250.0,14705.0,14705.0,14520.0,851.0
2015.02.24,14785.0,80.0,14780.0,14795.0,14755.0,1022.0
2015.02.23,14705.0,645.0,14575.0,14720.0,14575.0,2665.0
2015.02.17,14060.0,-15.0,14055.0,14070.0,14055.0,163.0
2015.02.16,14075.0,225.0,13965.0,14075.0,13965.0,745.0
2015.02.13,13850.0,-65.0,13935.0,13935.0,13840.0,522.0
2015.02.12,13915.0,150.0,13835.0,13915.0,13830.0,1029.0
2015.02.11,13765.0,305.0,13700.0,13780.0,13700.0,5468.0
2015.02.10,13460.0,-220.0,13520.0,13520.0,13460.0,932.0
2015.02.09,13680.0,-170.0,13635.0,13725.0,13635.0,8106.0
2015.02.06,13850.0,310.0,13725.0,13850.0,13725.0,117.0
2015.02.05,13540.0,-155.0,13390.0,13540.0,13390.0,2088.0
2015.02.04,13695.0,-190.0,13800.0,13800.0,13690.0,265.0
2015.02.03,13885.0,-160.0,13955.0,13955.0,13830.0,225.0
2015.02.02,14045.0,110.0,13890.0,14045.0,13830.0,68.0
2015.01.30,13935.0,160.0,13935.0,13970.0,13920.0,6428.0
2015.01.29,13775.0,-190.0,13640.0,13790.0,13640.0,182.0
2015.01.28,13965.0,-25.0,13965.0,13980.0,13885.0,77.0
2015.01.27,13990.0,210.0,13950.0,14000.0,13950.0,26.0
2015.01.26,13780.0,25.0,13690.0,13780.0,13690.0,64.0
2015.01.23,13755.0,85.0,13725.0,13780.0,13720.0,596.0
2015.01.22,13670.0,-170.0,13630.0,13670.0,13630.0,158.0
2015.01.21,13840.0,315.0,13845.0,13900.0,13825.0,428.0
2015.01.20,13525.0,-20.0,13520.0,13570.0,13520.0,18.0
2015.01.19,13545.0,435.0,13510.0,13545.0,13485.0,708.0
2015.01.16,13110.0,-370.0,13640.0,13640.0,13015.0,1729.0
2015.01.15,13480.0,55.0,13480.0,13485.0,13480.0,310.0
2015.01.14,13425.0,25.0,13430.0,13430.0,13425.0,6.0
2015.01.13,13400.0,-10.0,13465.0,13465.0,13360.0,1983.0
2015.01.12,13410.0,-95.0,13400.0,13410.0,13370.0,928.0
2015.01.09,13505.0,-5.0,13500.0,13605.0,13500.0,20099.0
2015.01.08,13510.0,470.0,13505.0,13525.0,13505.0,293.0
2015.01.07,13040.0,-255.0,13020.0,13040.0,13020.0,468.0
2015.01.06,13295.0,-115.0,13410.0,13410.0,13295.0,2671.0
2015.01.05,13410.0,20.0,13405.0,13410.0,13375.0,244.0
2015.01.02,13390.0,35.0,13325.0,13410.0,13325.0,1547.0
2014.12.30,13355.0,60.0,13315.0,13355.0,13315.0,360.0
2014.12.29,13295.0,265.0,13140.0,13300.0,13140.0,908.0
2014.12.26,13030.0,140.0,13070.0,13075.0,12995.0,282.0
2014.12.24,12890.0,-555.0,12865.0,12890.0,12830.0,1923.0
2014.12.23,13445.0,-280.0,13380.0,13445.0,13380.0,2308.0
2014.12.22,13725.0,80.0,13750.0,13790.0,13715.0,232.0
2014.12.19,13645.0,420.0,13605.0,13645.0,13605.0,1231.0
2014.12.18,13225.0,625.0,13090.0,13225.0,13090.0,143.0
2014.12.17,12600.0,-185.0,12625.0,12625.0,12590.0,570.0
2014.12.16,12785.0,-580.0,12910.0,12910.0,12785.0,1345.0
2014.12.15,13365.0,-135.0,13345.0,13365.0,13340.0,700.0
2014.12.12,13500.0,125.0,13470.0,13500.0,13470.0,147.0
2014.12.11,13375.0,-360.0,13430.0,13430.0,13325.0,833.0
2014.12.10,13735.0,-55.0,13785.0,13785.0,13720.0,1357.0
2014.12.09,13790.0,160.0,13800.0,13830.0,13790.0,1374.0
2014.12.08,13630.0,175.0,13540.0,13630.0,13540.0,875.0
2014.12.05,13455.0,-145.0,13500.0,13500.0,13420.0,244.0
2014.12.04,13600.0,110.0,13565.0,13600.0,13565.0,737.0
2014.12.03,13490.0,370.0,13380.0,13520.0,13380.0,2170.0
2014.12.02,13120.0,-255.0,13220.0,13220.0,13105.0,298.0
2014.12.01,13375.0,110.0,13365.0,13395.0,13350.0,176.0
2014.11.28,13265.0,50.0,13235.0,13265.0,13235.0,346.0
2014.11.27,13215.0,125.0,13245.0,13245.0,13210.0,3.0
2014.11.26,13090.0,-65.0,13070.0,13105.0,13070.0,211.0
2014.11.25,13155.0,215.0,13135.0,13210.0,13135.0,56.0
2014.11.24,12940.0,0.0,12900.0,12940.0,12900.0,49.0
2014.11.21,12940.0,0.0,12965.0,12965.0,12940.0,170.0
2014.11.20,12940.0,85.0,12855.0,13000.0,12825.0,100547.0
2014.11.19,12855.0,345.0,12800.0,12855.0,12800.0,83.0
2014.11.18,12510.0,30.0,12505.0,12510.0,12505.0,26.0
2014.11.17,12480.0,-275.0,12545.0,12545.0,12480.0,61.0
2014.11.14,12755.0,-135.0,12770.0,12815.0,12755.0,210.0
2014.11.13,12890.0,10.0,12815.0,12890.0,12815.0,100024.0
2014.11.12,12880.0,125.0,12845.0,12880.0,12845.0,206.0
2014.11.11,12755.0,290.0,12620.0,12755.0,12620.0,188.0
2014.11.10,12465.0,-175.0,12510.0,12515.0,12465.0,100.0
2014.11.07,12640.0,245.0,12575.0,12660.0,12575.0,37.0
2014.11.06,12395.0,-65.0,12380.0,12405.0,12380.0,97.0
2014.11.05,12460.0,-205.0,12510.0,12510.0,12450.0,390.0
2014.11.04,12665.0,60.0,12685.0,12695.0,12630.0,160196.0
2014.11.03,12605.0,255.0,12520.0,12625.0,12520.0,21.0
2014.10.31,12350.0,245.0,12405.0,12405.0,12350.0,52.0
2014.10.30,12105.0,-20.0,12125.0,12125.0,12105.0,2.0
2014.10.29,12125.0,115.0,12160.0,12160.0,12120.0,1061.0
2014.10.28,12010.0,15.0,12085.0,12085.0,12010.0,614.0
2014.10.27,11995.0,175.0,12015.0,12015.0,11980.0,1869.0
2014.10.24,11820.0,290.0,11825.0,11865.0,11805.0,10603.0
2014.10.23,11530.0,-15.0,11530.0,11530.0,11530.0,0.0
2014.10.22,11545.0,300.0,11585.0,11585.0,11545.0,11.0
2014.10.21,11245.0,155.0,11255.0,11255.0,11205.0,421.0
2014.10.20,11090.0,130.0,11135.0,11140.0,11090.0,102.0
2014.10.17,10960.0,225.0,10950.0,10970.0,10945.0,508.0
2014.10.16,10735.0,-10.0,10800.0,10800.0,10730.0,377.0
2014.10.15,10745.0,-55.0,10785.0,10785.0,10745.0,165.0
2014.10.14,10800.0,-285.0,10830.0,10830.0,10795.0,59.0
2014.10.13,11085.0,-225.0,11125.0,11125.0,11065.0,41.0
2014.10.10,11310.0,50.0,11290.0,11335.0,11290.0,80.0
2014.10.08,11260.0,-195.0,11260.0,11260.0,11260.0,1.0
2014.10.07,11455.0,-170.0,11430.0,11455.0,11425.0,10.0
2014.10.06,11625.0,385.0,11525.0,11635.0,11525.0,30028.0
2014.10.02,11240.0,-245.0,11325.0,11325.0,11240.0,160.0
2014.10.01,11485.0,-30.0,11410.0,11485.0,11410.0,2.0
2014.09.30,11515.0,-5.0,11515.0,11515.0,11515.0,1.0
2014.09.29,11520.0,225.0,11420.0,11520.0,11420.0,10111.0
2014.09.26,11295.0,-230.0,11290.0,11295.0,11265.0,214.0
2014.09.25,11525.0,350.0,11480.0,11535.0,11470.0,208.0
2014.09.24,11175.0,-20.0,11180.0,11180.0,11175.0,3.0
2014.09.23,11195.0,-135.0,11240.0,11240.0,11195.0,6.0
2014.09.22,11330.0,20.0,11290.0,11330.0,11290.0,2.0
2014.09.19,11310.0,75.0,11280.0,11310.0,11280.0,16.0
2014.09.18,11235.0,195.0,11235.0,11235.0,11200.0,5.0
2014.09.17,11040.0,180.0,11070.0,11070.0,11040.0,3.0
2014.09.16,10860.0,-215.0,10930.0,10930.0,10860.0,61.0
2014.09.15,11075.0,-135.0,11085.0,11085.0,11075.0,2.0
2014.09.12,11210.0,-25.0,11235.0,11250.0,11210.0,274.0
2014.09.11,11235.0,255.0,11125.0,11235.0,11125.0,30001.0
2014.09.05,10980.0,-85.0,10975.0,10985.0,10965.0,8.0
2014.09.04,11065.0,-70.0,11090.0,11090.0,11065.0,7.0
2014.09.03,11135.0,55.0,11105.0,11145.0,11105.0,902.0
2014.09.02,11080.0,0.0,11080.0,11080.0,11080.0,15.0
2014.09.01,11080.0,105.0,11105.0,11105.0,11080.0,43.0
2014.08.29,10975.0,-50.0,10995.0,10995.0,10975.0,59.0
2014.08.28,11025.0,-55.0,11070.0,11070.0,11020.0,1880.0
2014.08.27,11080.0,135.0,11090.0,11090.0,11080.0,800024.0
