날짜,종가,전일비,시가,고가,저가,거래량
2026.07.15,20710.0,-55.0,20765.0,21000.0,20265.0,2178.0
2026.07.14,20765.0,375.0,20315.0,20900.0,20315.0,15210.0
2026.07.13,20390.0,-25.0,20445.0,20520.0,20310.0,13759.0
2026.07.10,20415.0,-85.0,20420.0,20675.0,20315.0,3453.0
2026.07.09,20500.0,-105.0,20605.0,20605.0,20400.0,1296.0
2026.07.08,20605.0,250.0,20360.0,21250.0,20360.0,10143.0
2026.07.07,20355.0,-430.0,20500.0,20515.0,20315.0,7449.0
2026.07.06,20785.0,-10.0,20795.0,21000.0,20245.0,4250.0
2026.07.03,20795.0,500.0,20900.0,20900.0,20270.0,6735.0
2026.07.02,20295.0,85.0,21100.0,21100.0,20180.0,9556.0
2026.07.01,20210.0,-285.0,21250.0,21250.0,20155.0,2032.0
2026.06.30,20495.0,-105.0,20600.0,20900.0,20340.0,3659.0
2026.06.29,20600.0,520.0,20630.0,20630.0,20125.0,6776.0
2026.06.26,20080.0,-580.0,20850.0,20850.0,19950.0,9265.0
2026.06.25,20660.0,330.0,20635.0,20785.0,20400.0,14676.0
2026.06.24,20330.0,1270.0,19890.0,20400.0,19500.0,15773.0
2026.06.23,19060.0,-790.0,19850.0,19950.0,18235.0,16845.0
2026.06.22,19850.0,95.0,19755.0,19850.0,19360.0,4941.0
2026.06.19,19755.0,-355.0,20120.0,20760.0,19725.0,6124.0
2026.06.18,20110.0,-245.0,20355.0,20895.0,20040.0,1303.0
2026.06.17,20355.0,85.0,20190.0,20700.0,20190.0,6974.0
2026.06.16,20270.0,-475.0,20250.0,20800.0,20135.0,3697.0
2026.06.15,20745.0,515.0,20295.0,20810.0,20295.0,1732.0
2026.06.12,20230.0,110.0,20120.0,20360.0,19890.0,3992.0
2026.06.11,20120.0,115.0,19900.0,20545.0,19900.0,4213.0
2026.06.10,20005.0,105.0,19900.0,20635.0,19820.0,3022.0
2026.06.09,19900.0,-80.0,19980.0,20120.0,19675.0,5227.0
2026.06.08,19980.0,185.0,19795.0,20205.0,19795.0,6140.0
2026.06.05,19795.0,130.0,19700.0,20215.0,19700.0,3402.0
2026.06.04,19665.0,-130.0,20180.0,20395.0,19650.0,5962.0
2026.06.02,19795.0,-225.0,20020.0,20020.0,19630.0,3056.0
2026.06.01,20020.0,70.0,19950.0,20415.0,19500.0,10186.0
2026.05.29,19950.0,70.0,19880.0,20030.0,19880.0,6625.0
2026.05.28,19880.0,-115.0,19920.0,20040.0,19785.0,5084.0
2026.05.27,19995.0,-290.0,20280.0,20280.0,19090.0,4400.0
2026.05.26,20285.0,380.0,19960.0,20300.0,19960.0,6951.0
2026.05.22,19905.0,155.0,19765.0,20325.0,19765.0,6933.0
2026.05.21,19750.0,15.0,19735.0,20035.0,19605.0,5256.0
2026.05.20,19735.0,90.0,19645.0,19750.0,19575.0,7683.0
2026.05.19,19645.0,265.0,19460.0,19725.0,19460.0,3815.0
2026.05.18,19380.0,-110.0,19490.0,19830.0,19100.0,3803.0
2026.05.15,19490.0,-185.0,19600.0,19730.0,19450.0,11663.0
2026.05.14,19675.0,-80.0,19680.0,19815.0,19655.0,9455.0
2026.05.13,19755.0,180.0,19580.0,19795.0,19580.0,10920.0
2026.05.12,19575.0,-105.0,19680.0,19680.0,19525.0,6803.0
2026.05.11,19680.0,-90.0,19690.0,19690.0,19600.0,12740.0
2026.05.08,19770.0,-150.0,19920.0,19920.0,19665.0,6736.0
2026.05.07,19920.0,-175.0,19615.0,20015.0,19615.0,4083.0
2026.05.06,20095.0,65.0,19660.0,20100.0,19660.0,6777.0
2026.05.04,20030.0,325.0,19720.0,20050.0,19720.0,8296.0
2026.04.30,19705.0,-190.0,19820.0,19995.0,19520.0,17288.0
2026.04.29,19895.0,205.0,19695.0,19900.0,19695.0,3628.0
2026.04.28,19690.0,-5.0,19695.0,19790.0,19300.0,28613.0
2026.04.27,19695.0,-200.0,20035.0,20035.0,19570.0,4908.0
2026.04.24,19895.0,250.0,19690.0,19945.0,19690.0,10453.0
2026.04.23,19645.0,-285.0,19935.0,19935.0,19510.0,11887.0
2026.04.22,19930.0,60.0,19870.0,19940.0,19822.0,7069.0
2026.04.21,19870.0,135.0,19770.0,19940.0,19770.0,5333.0
2026.04.20,19735.0,-25.0,19760.0,19760.0,19630.0,4337.0
2026.04.17,19760.0,75.0,19700.0,19800.0,19700.0,2416.0
2026.04.16,19685.0,-30.0,19715.0,19745.0,19300.0,8761.0
2026.04.15,19715.0,-85.0,20095.0,20095.0,19700.0,3463.0
2026.04.14,19800.0,175.0,19630.0,19810.0,19630.0,5741.0
2026.04.13,19625.0,-295.0,19920.0,19920.0,19540.0,2156.0
2026.04.10,19920.0,75.0,20430.0,20430.0,19845.0,3149.0
2026.04.09,19845.0,-430.0,20635.0,20635.0,19730.0,3071.0
2026.04.08,20275.0,675.0,19610.0,20275.0,19610.0,7796.0
2026.04.07,19600.0,-90.0,19690.0,19690.0,19550.0,2946.0
2026.04.06,19690.0,30.0,19660.0,19760.0,19540.0,2387.0
2026.04.03,19660.0,405.0,19270.0,19715.0,19270.0,4543.0
2026.04.02,19255.0,-490.0,20335.0,20450.0,19215.0,5400.0
2026.04.01,19745.0,130.0,19850.0,20270.0,19615.0,4401.0
2026.03.31,19615.0,240.0,19300.0,19680.0,19300.0,2585.0
2026.03.30,19375.0,-245.0,19040.0,19400.0,19030.0,3973.0
2026.03.27,19620.0,310.0,19310.0,19625.0,19310.0,2775.0
2026.03.26,19310.0,-115.0,19425.0,19455.0,19290.0,2677.0
2026.03.25,19425.0,340.0,19280.0,19550.0,19280.0,1846.0
2026.03.24,19085.0,310.0,19055.0,19200.0,19005.0,2972.0
2026.03.23,18775.0,-500.0,19275.0,19275.0,18775.0,3994.0
2026.03.20,19275.0,-35.0,19310.0,19700.0,19250.0,2531.0
2026.03.19,19310.0,-355.0,19665.0,19665.0,19280.0,2348.0
2026.03.18,19665.0,275.0,19600.0,19710.0,19525.0,6590.0
2026.03.17,19390.0,-70.0,19660.0,19660.0,19250.0,3071.0
2026.03.16,19460.0,45.0,19420.0,19530.0,19420.0,2712.0
2026.03.13,19415.0,130.0,19285.0,19435.0,19285.0,1390.0
2026.03.12,19285.0,-275.0,19560.0,19560.0,19090.0,4542.0
2026.03.11,19560.0,40.0,19685.0,19685.0,19505.0,3701.0
2026.03.10,19520.0,355.0,19560.0,19560.0,19460.0,5748.0
2026.03.09,19165.0,-640.0,19800.0,19800.0,19140.0,6296.0
2026.03.06,19805.0,-120.0,19920.0,19920.0,19735.0,10973.0
2026.03.05,19925.0,275.0,19660.0,20075.0,19660.0,12742.0
2026.03.04,19650.0,-320.0,18925.0,19935.0,18925.0,12145.0
2026.03.03,19970.0,-175.0,20145.0,20145.0,19700.0,12543.0
2026.02.27,20145.0,15.0,20130.0,20225.0,20115.0,13229.0
2026.02.26,20130.0,15.0,20535.0,20535.0,20075.0,4675.0
2026.02.25,20115.0,-20.0,20240.0,20240.0,20020.0,4099.0
2026.02.24,20135.0,80.0,20055.0,20170.0,20005.0,4177.0
2026.02.23,20055.0,-200.0,20260.0,20260.0,20025.0,4691.0
2026.02.20,20255.0,80.0,20185.0,20300.0,20150.0,9351.0
2026.02.19,20175.0,85.0,20535.0,20535.0,20115.0,9506.0
2026.02.13,20090.0,-220.0,20310.0,20520.0,20090.0,6017.0
2026.02.12,20310.0,65.0,20250.0,20310.0,20250.0,2257.0
2026.02.11,20245.0,240.0,20220.0,20280.0,20070.0,7344.0
2026.02.10,20005.0,-150.0,20155.0,20155.0,19990.0,8072.0
2026.02.09,20155.0,385.0,19890.0,20280.0,19890.0,4650.0
2026.02.06,19770.0,-255.0,19265.0,19770.0,19265.0,9072.0
2026.02.05,20025.0,270.0,19895.0,20090.0,19765.0,6752.0
2026.02.04,19755.0,150.0,19655.0,19790.0,19655.0,2822.0
2026.02.03,19605.0,430.0,19375.0,19695.0,19375.0,5739.0
2026.02.02,19175.0,-160.0,19340.0,19475.0,19145.0,9965.0
2026.01.30,19335.0,-165.0,19500.0,19700.0,19285.0,5135.0
2026.01.29,19500.0,25.0,19475.0,19710.0,19340.0,5281.0
2026.01.28,19475.0,100.0,19170.0,19505.0,19165.0,15595.0
2026.01.27,19375.0,190.0,19200.0,19375.0,19200.0,9510.0
2026.01.26,19185.0,-105.0,19290.0,19455.0,19000.0,3570.0
2026.01.23,19290.0,-75.0,19365.0,19365.0,19225.0,3862.0
2026.01.22,19365.0,400.0,19190.0,19400.0,19190.0,7006.0
2026.01.21,18965.0,95.0,18860.0,19010.0,18860.0,4711.0
2026.01.20,18870.0,-40.0,18910.0,18965.0,18835.0,10382.0
2026.01.19,18910.0,-360.0,19270.0,19270.0,18875.0,7002.0
2026.01.16,19270.0,155.0,19125.0,19270.0,19125.0,12551.0
2026.01.15,19115.0,315.0,18815.0,19115.0,18815.0,10070.0
2026.01.14,18800.0,30.0,18770.0,18835.0,18770.0,4322.0
2026.01.13,18770.0,40.0,18900.0,18900.0,18720.0,4167.0
2026.01.12,18730.0,-70.0,18805.0,18870.0,18730.0,4765.0
2026.01.09,18800.0,360.0,18705.0,18845.0,18705.0,1803.0
2026.01.08,18440.0,-365.0,18800.0,18800.0,18440.0,8970.0
2026.01.07,18805.0,115.0,18900.0,18900.0,18750.0,4798.0
2026.01.06,18690.0,95.0,18535.0,18720.0,18535.0,4718.0
2026.01.05,18595.0,110.0,18485.0,18615.0,18485.0,6046.0
2026.01.02,18485.0,60.0,18970.0,18970.0,18350.0,6878.0
2025.12.30,18425.0,-70.0,18495.0,18695.0,18405.0,8422.0
2025.12.29,18495.0,-65.0,18745.0,18950.0,18460.0,2328.0
2025.12.26,18745.0,110.0,19190.0,19190.0,18625.0,4133.0
2025.12.24,18635.0,-65.0,18700.0,18700.0,18560.0,2737.0
2025.12.23,18700.0,-15.0,18260.0,18735.0,18260.0,2388.0
2025.12.22,18715.0,25.0,18690.0,18720.0,18690.0,2431.0
2025.12.19,18690.0,5.0,18685.0,18700.0,18585.0,3100.0
2025.12.18,18685.0,75.0,18610.0,18750.0,18610.0,3412.0
2025.12.17,18610.0,0.0,18605.0,18635.0,18540.0,1997.0
2025.12.16,18610.0,-150.0,18760.0,18760.0,18560.0,3623.0
2025.12.15,18760.0,50.0,18895.0,18895.0,18665.0,3788.0
2025.12.12,18710.0,200.0,18650.0,18770.0,18650.0,1113.0
2025.12.11,18510.0,150.0,18550.0,18655.0,18485.0,4490.0
2025.12.10,18360.0,30.0,18330.0,18390.0,18330.0,3996.0
2025.12.09,18330.0,-50.0,18380.0,18380.0,18285.0,2504.0
2025.12.08,18380.0,10.0,18365.0,18470.0,18325.0,9339.0
2025.12.05,18370.0,25.0,18345.0,18460.0,18330.0,1970.0
2025.12.04,18345.0,60.0,18350.0,18425.0,18340.0,1725.0
2025.12.03,18285.0,-250.0,18535.0,18535.0,18255.0,4759.0
2025.12.02,18535.0,-70.0,18605.0,18605.0,18425.0,3956.0
2025.12.01,18605.0,55.0,18560.0,18710.0,18560.0,9232.0
2025.11.28,18550.0,45.0,18515.0,18625.0,18500.0,1893.0
2025.11.27,18505.0,135.0,18500.0,18635.0,18500.0,5183.0
2025.11.26,18370.0,215.0,18360.0,18480.0,18360.0,3256.0
2025.11.25,18155.0,50.0,18240.0,18240.0,18155.0,3865.0
2025.11.24,18105.0,260.0,18375.0,18375.0,18095.0,5039.0
2025.11.21,17845.0,-140.0,17975.0,18995.0,17765.0,26381.0
2025.11.20,17985.0,-85.0,18065.0,18065.0,17915.0,3256.0
2025.11.19,18070.0,65.0,18490.0,18490.0,18055.0,1190.0
2025.11.18,18005.0,-310.0,18505.0,18505.0,17985.0,1530.0
2025.11.17,18315.0,55.0,18260.0,18325.0,18190.0,8329.0
2025.11.14,18260.0,-155.0,18410.0,18410.0,18250.0,3871.0
2025.11.13,18415.0,15.0,18505.0,18505.0,18410.0,3445.0
2025.11.12,18400.0,155.0,18340.0,18505.0,18340.0,6093.0
2025.11.11,18245.0,80.0,18170.0,18330.0,18170.0,3591.0
2025.11.10,18165.0,155.0,18105.0,18235.0,18105.0,3537.0
2025.11.07,18010.0,10.0,17980.0,18290.0,17970.0,3889.0
2025.11.06,18000.0,70.0,18025.0,18110.0,18000.0,5925.0
2025.11.05,17930.0,-35.0,17940.0,17960.0,17905.0,7415.0
2025.11.04,17965.0,-155.0,18115.0,18115.0,17965.0,4781.0
2025.11.03,18120.0,-95.0,18695.0,18695.0,18055.0,3231.0
2025.10.31,18215.0,-65.0,18280.0,18280.0,18085.0,6076.0
2025.10.30,18280.0,-80.0,18385.0,18385.0,18205.0,6979.0
2025.10.29,18360.0,-150.0,18310.0,18475.0,18310.0,4032.0
2025.10.28,18510.0,-15.0,18490.0,18625.0,18490.0,3272.0
2025.10.27,18525.0,160.0,18505.0,18550.0,18495.0,5705.0
2025.10.24,18365.0,20.0,18450.0,18450.0,18355.0,2193.0
2025.10.23,18345.0,-10.0,18355.0,18450.0,18330.0,2351.0
2025.10.22,18355.0,15.0,18555.0,18555.0,18345.0,3863.0
2025.10.21,18340.0,125.0,18240.0,18465.0,18240.0,7166.0
2025.10.20,18215.0,130.0,18610.0,18610.0,18200.0,3050.0
2025.10.17,18085.0,-280.0,18350.0,18350.0,17965.0,3452.0
2025.10.16,18365.0,35.0,18365.0,18470.0,18330.0,5310.0
2025.10.15,18330.0,215.0,18120.0,18410.0,18120.0,7289.0
2025.10.14,18115.0,75.0,18355.0,18355.0,18065.0,6370.0
2025.10.13,18040.0,-235.0,18275.0,18275.0,17622.0,6783.0
2025.10.10,18275.0,-320.0,18595.0,18650.0,17000.0,9344.0
2025.10.02,18595.0,115.0,18515.0,18625.0,18515.0,3681.0
2025.10.01,18480.0,70.0,18730.0,18730.0,18465.0,5013.0
2025.09.30,18410.0,-90.0,18500.0,18985.0,18385.0,3916.0
2025.09.29,18500.0,215.0,18580.0,18580.0,18400.0,2581.0
2025.09.26,18285.0,-65.0,18345.0,18345.0,18215.0,2824.0
2025.09.25,18350.0,15.0,18340.0,18485.0,18340.0,3670.0
2025.09.24,18335.0,95.0,18305.0,18440.0,18305.0,6391.0
2025.09.23,18240.0,-30.0,18265.0,18265.0,18215.0,4901.0
2025.09.22,18270.0,-110.0,18200.0,18360.0,18200.0,7188.0
2025.09.19,18380.0,135.0,18685.0,18685.0,18285.0,6533.0
2025.09.18,18245.0,85.0,18220.0,18345.0,18210.0,5548.0
2025.09.17,18160.0,-100.0,18200.0,18255.0,18115.0,4250.0
2025.09.16,18260.0,-80.0,18420.0,18420.0,18215.0,3087.0
2025.09.15,18340.0,-90.0,18430.0,18455.0,18210.0,8333.0
2025.09.12,18430.0,85.0,18415.0,18555.0,18395.0,6423.0
2025.09.11,18345.0,50.0,18745.0,18745.0,18255.0,3157.0
2025.09.10,18295.0,-60.0,18335.0,18750.0,18245.0,3069.0
2025.09.09,18355.0,-95.0,18745.0,18745.0,18210.0,3963.0
2025.09.08,18450.0,60.0,18735.0,18735.0,18310.0,9692.0
2025.09.05,18390.0,55.0,18745.0,18745.0,18330.0,6128.0
2025.09.04,18335.0,-5.0,18740.0,18740.0,18235.0,4688.0
2025.09.03,18340.0,-100.0,18970.0,18970.0,18245.0,4236.0
2025.09.02,18440.0,40.0,18480.0,18480.0,18345.0,2826.0
2025.09.01,18400.0,130.0,18500.0,18500.0,18295.0,7554.0
2025.08.29,18270.0,-105.0,18490.0,18490.0,18205.0,7540.0
2025.08.28,18375.0,115.0,18300.0,18660.0,18300.0,3382.0
2025.08.27,18260.0,-10.0,18690.0,18690.0,18260.0,4693.0
2025.08.26,18270.0,-155.0,18445.0,18445.0,18270.0,2161.0
2025.08.25,18425.0,400.0,18395.0,18450.0,17510.0,10209.0
2025.08.22,18025.0,-50.0,18280.0,18280.0,18005.0,2206.0
2025.08.21,18075.0,75.0,18015.0,18165.0,18015.0,2616.0
2025.08.20,18000.0,130.0,17935.0,18125.0,17935.0,10212.0
2025.08.19,17870.0,-15.0,18160.0,18160.0,17845.0,6555.0
2025.08.18,17885.0,40.0,17880.0,17970.0,17725.0,63227.0
2025.08.14,17845.0,65.0,17935.0,18160.0,17690.0,79810.0
2025.08.13,17780.0,185.0,18055.0,18055.0,17745.0,13715.0
2025.08.12,17595.0,-30.0,17625.0,18100.0,17565.0,5190.0
2025.08.11,17625.0,45.0,18100.0,18100.0,17615.0,4737.0
2025.08.08,17580.0,55.0,17600.0,17645.0,17575.0,2630.0
2025.08.07,17525.0,-80.0,17590.0,17605.0,17525.0,3166.0
2025.08.06,17605.0,50.0,17560.0,18095.0,17560.0,4179.0
2025.08.05,17555.0,75.0,17550.0,17675.0,17545.0,3608.0
2025.08.04,17480.0,-35.0,17545.0,17545.0,17455.0,2188.0
2025.08.01,17515.0,-105.0,17620.0,17620.0,17495.0,4536.0
2025.07.31,17620.0,-225.0,17840.0,17840.0,17570.0,3389.0
2025.07.30,17845.0,45.0,17775.0,17875.0,17750.0,8030.0
2025.07.29,17800.0,-175.0,17975.0,17975.0,17725.0,3717.0
2025.07.28,17975.0,45.0,17910.0,18010.0,17900.0,3310.0
2025.07.25,17930.0,-25.0,18120.0,18120.0,17800.0,5666.0
2025.07.24,17955.0,85.0,18130.0,18130.0,17955.0,3980.0
2025.07.23,17870.0,275.0,17820.0,17960.0,17660.0,8877.0
2025.07.22,17595.0,-15.0,17615.0,17690.0,17555.0,4663.0
2025.07.21,17610.0,80.0,17940.0,17940.0,17595.0,3768.0
2025.07.18,17530.0,-20.0,18060.0,18060.0,17505.0,14967.0
2025.07.17,17550.0,60.0,17490.0,17590.0,17490.0,4411.0
2025.07.16,17490.0,-255.0,17745.0,17745.0,17375.0,3760.0
2025.07.15,17745.0,10.0,18095.0,18095.0,17680.0,3882.0
2025.07.14,17735.0,-120.0,17845.0,17845.0,17670.0,3958.0
2025.07.11,17855.0,135.0,18145.0,18145.0,17745.0,4314.0
2025.07.10,17720.0,5.0,18140.0,18140.0,17655.0,6226.0
2025.07.09,17715.0,90.0,17675.0,17715.0,17675.0,3535.0
2025.07.08,17625.0,-245.0,17705.0,17710.0,17610.0,6990.0
2025.07.07,17870.0,85.0,17880.0,17880.0,17780.0,1445.0
2025.07.04,17785.0,70.0,17770.0,17815.0,17770.0,10212.0
2025.07.03,17715.0,5.0,17720.0,17815.0,17715.0,11518.0
2025.07.02,17710.0,345.0,17565.0,17710.0,17565.0,6914.0
2025.07.01,17365.0,125.0,17250.0,17375.0,17250.0,3727.0
2025.06.30,17240.0,45.0,17200.0,17260.0,17200.0,4443.0
2025.06.27,17195.0,150.0,17265.0,17265.0,17175.0,2767.0
2025.06.26,17045.0,-170.0,17215.0,17215.0,17005.0,2629.0
2025.06.25,17215.0,55.0,17125.0,17285.0,17125.0,5307.0
2025.06.24,17160.0,195.0,17085.0,17195.0,16975.0,6211.0
2025.06.23,16965.0,40.0,16900.0,17000.0,16900.0,4686.0
2025.06.20,16925.0,-5.0,16830.0,16945.0,16830.0,5489.0
2025.06.19,16930.0,25.0,16910.0,17010.0,16815.0,8785.0
2025.06.18,16905.0,-110.0,17020.0,17020.0,16875.0,2894.0
2025.06.17,17015.0,65.0,17110.0,17120.0,17010.0,2301.0
2025.06.16,16950.0,-265.0,17115.0,17115.0,16930.0,3032.0
2025.06.13,17215.0,105.0,17125.0,17225.0,17125.0,5502.0
2025.06.12,17110.0,-10.0,17140.0,17155.0,17085.0,1060.0
2025.06.11,17120.0,45.0,17120.0,17200.0,17115.0,7055.0
2025.06.10,17075.0,70.0,17090.0,17095.0,17000.0,3590.0
2025.06.09,17005.0,80.0,17105.0,17105.0,17000.0,55684.0
2025.06.05,16925.0,-160.0,17590.0,17590.0,16880.0,1171.0
2025.06.04,17085.0,105.0,17000.0,17110.0,17000.0,3023.0
2025.06.02,16980.0,30.0,17045.0,17050.0,16980.0,10079.0
2025.05.30,16950.0,-15.0,16970.0,17050.0,16895.0,5068.0
2025.05.29,16965.0,-150.0,17005.0,17005.0,16860.0,6112.0
2025.05.28,17115.0,175.0,16970.0,17180.0,16970.0,1787.0
2025.05.27,16940.0,-20.0,16990.0,16990.0,16855.0,2101.0
2025.05.26,16960.0,25.0,16850.0,16960.0,16850.0,2815.0
2025.05.23,16935.0,-35.0,16935.0,16935.0,16825.0,4644.0
2025.05.22,16970.0,-330.0,17250.0,17560.0,16595.0,2997.0
2025.05.21,17300.0,-95.0,17400.0,17400.0,17295.0,5282.0
2025.05.20,17395.0,70.0,17430.0,17435.0,17330.0,1734.0
2025.05.19,17325.0,85.0,17260.0,17440.0,17260.0,10732.0
2025.05.16,17240.0,200.0,17100.0,17255.0,17100.0,4949.0
2025.05.15,17040.0,-110.0,17080.0,17080.0,16940.0,2104.0
2025.05.14,17150.0,-10.0,17240.0,17495.0,17135.0,2706.0
2025.05.13,17160.0,250.0,17095.0,17200.0,17095.0,3867.0
2025.05.12,16910.0,-25.0,16915.0,16915.0,16850.0,6387.0
2025.05.09,16935.0,65.0,16870.0,16940.0,16855.0,2210.0
2025.05.08,16870.0,35.0,16950.0,16950.0,16800.0,8117.0
2025.05.07,16835.0,80.0,16920.0,17005.0,16765.0,1289.0
2025.05.02,16755.0,-140.0,16750.0,16755.0,16660.0,7547.0
2025.04.30,16895.0,115.0,16865.0,16895.0,16785.0,2555.0
2025.04.29,16780.0,175.0,16620.0,16790.0,16620.0,3521.0
2025.04.28,16605.0,-155.0,16725.0,16740.0,16555.0,4568.0
2025.04.25,16760.0,165.0,16810.0,16810.0,16635.0,3136.0
2025.04.24,16595.0,20.0,16650.0,16650.0,16560.0,2090.0
2025.04.23,16575.0,425.0,16580.0,16585.0,16475.0,8364.0
2025.04.22,16150.0,-265.0,16150.0,16150.0,16015.0,5329.0
2025.04.21,16415.0,85.0,16430.0,16430.0,16325.0,728.0
2025.04.18,16330.0,95.0,16535.0,16535.0,16245.0,707.0
2025.04.17,16235.0,-70.0,16310.0,16310.0,16200.0,1632.0
2025.04.16,16305.0,-55.0,16455.0,16455.0,16305.0,3146.0
2025.04.15,16360.0,145.0,16470.0,16485.0,16350.0,3124.0
2025.04.14,16215.0,235.0,16440.0,16440.0,16080.0,2488.0
2025.04.11,15980.0,-465.0,16445.0,16445.0,15850.0,2952.0
2025.04.10,16445.0,960.0,16195.0,16445.0,16195.0,3400.0
2025.04.09,15485.0,-290.0,15540.0,15540.0,15345.0,2842.0
2025.04.08,15775.0,-210.0,16035.0,16035.0,15770.0,3477.0
2025.04.07,15985.0,-925.0,16015.0,16015.0,15665.0,6310.0
2025.04.04,16910.0,-690.0,17000.0,17000.0,16770.0,3145.0
2025.04.03,17600.0,40.0,17625.0,17625.0,17480.0,2505.0
2025.04.02,17560.0,-30.0,17580.0,17580.0,17490.0,1649.0
2025.04.01,17590.0,175.0,17610.0,17610.0,17500.0,2553.0
2025.03.31,17415.0,-120.0,17415.0,17415.0,17340.0,1493.0
2025.03.28,17535.0,35.0,17270.0,17555.0,17270.0,4093.0
2025.03.27,17500.0,50.0,17520.0,17570.0,17490.0,2092.0
2025.03.26,17450.0,-65.0,17480.0,17480.0,17385.0,1842.0
2025.03.25,17515.0,150.0,17565.0,17580.0,17365.0,2214.0
2025.03.24,17365.0,-135.0,17505.0,17505.0,17285.0,5002.0
2025.03.21,17500.0,115.0,17385.0,17535.0,17330.0,159533.0
2025.03.20,17385.0,30.0,17360.0,17575.0,17100.0,3308.0
2025.03.19,17355.0,0.0,17345.0,17405.0,17090.0,4060.0
2025.03.18,17355.0,170.0,17520.0,17520.0,17355.0,7252.0
2025.03.17,17185.0,275.0,17025.0,17310.0,17025.0,6369.0
2025.03.14,16910.0,-60.0,16920.0,17000.0,16885.0,3860.0
2025.03.13,16970.0,-65.0,17000.0,17045.0,16920.0,3052.0
2025.03.12,17035.0,-225.0,17160.0,17160.0,17025.0,1698.0
2025.03.11,17260.0,-115.0,17365.0,17365.0,17230.0,6939.0
2025.03.10,17375.0,75.0,17485.0,17485.0,17360.0,9432.0
2025.03.07,17300.0,-55.0,17235.0,17345.0,17160.0,6588.0
2025.03.06,17355.0,5.0,17350.0,17965.0,16900.0,10026.0
2025.03.05,17350.0,-480.0,17470.0,17470.0,17300.0,4000.0
2025.03.04,17830.0,170.0,17910.0,17910.0,17770.0,8201.0
2025.02.28,17660.0,-75.0,17750.0,17750.0,17655.0,3274.0
2025.02.27,17735.0,-65.0,17600.0,17815.0,17600.0,4523.0
2025.02.26,17800.0,20.0,17840.0,17840.0,17745.0,3651.0
2025.02.25,17780.0,60.0,17925.0,17925.0,17725.0,4387.0
2025.02.24,17720.0,-185.0,17865.0,17865.0,17695.0,7022.0
2025.02.21,17905.0,70.0,17835.0,17905.0,17785.0,11834.0
2025.02.20,17835.0,85.0,17810.0,17870.0,17810.0,20591.0
2025.02.19,17750.0,150.0,17885.0,17885.0,17745.0,3666.0
2025.02.18,17600.0,-10.0,17610.0,17655.0,17590.0,5756.0
2025.02.17,17610.0,-5.0,17695.0,17695.0,17575.0,6256.0
2025.02.14,17615.0,130.0,17690.0,17705.0,17590.0,7732.0
2025.02.13,17485.0,-55.0,17525.0,17540.0,17440.0,5996.0
2025.02.12,17540.0,15.0,17610.0,17635.0,17525.0,6276.0
2025.02.11,17525.0,20.0,17560.0,17560.0,17410.0,6078.0
2025.02.10,17505.0,-50.0,17555.0,17555.0,17470.0,2965.0
2025.02.07,17555.0,20.0,17615.0,17615.0,17520.0,3915.0
2025.02.06,17535.0,70.0,17460.0,17600.0,17460.0,5639.0
2025.02.05,17465.0,10.0,17455.0,17495.0,17405.0,3200.0
2025.02.04,17455.0,-55.0,17560.0,17560.0,17420.0,4103.0
2025.02.03,17510.0,-175.0,17625.0,17625.0,17230.0,10098.0
2025.01.31,17685.0,125.0,17765.0,17765.0,17615.0,6326.0
2025.01.24,17560.0,15.0,17750.0,17750.0,17490.0,5514.0
2025.01.23,17545.0,-200.0,17585.0,17585.0,17420.0,8021.0
2025.01.22,17745.0,125.0,17685.0,17805.0,17685.0,14579.0
2025.01.21,17620.0,75.0,17640.0,17640.0,17555.0,6253.0
2025.01.20,17545.0,115.0,17465.0,17650.0,17450.0,9027.0
2025.01.17,17430.0,115.0,17395.0,17500.0,17390.0,7275.0
2025.01.16,17315.0,265.0,17295.0,17385.0,17080.0,2913.0
2025.01.15,17050.0,210.0,16875.0,17090.0,16875.0,3201.0
2025.01.14,16840.0,-5.0,16940.0,16940.0,16785.0,5833.0
2025.01.13,16845.0,-235.0,17295.0,17295.0,16705.0,4394.0
2025.01.10,17080.0,0.0,17080.0,17120.0,17015.0,3578.0
2025.01.09,17080.0,-15.0,17130.0,17130.0,17005.0,4680.0
2025.01.08,17095.0,-30.0,17120.0,17125.0,17005.0,3910.0
2025.01.07,17125.0,-130.0,17255.0,17255.0,17020.0,2210.0
2025.01.06,17255.0,95.0,17160.0,17260.0,17160.0,5768.0
2025.01.03,17160.0,-30.0,17160.0,17160.0,17110.0,3486.0
2025.01.02,17190.0,-90.0,17190.0,17190.0,17065.0,12431.0
2024.12.30,17280.0,-70.0,17295.0,17295.0,17165.0,4950.0
2024.12.27,17350.0,-20.0,17380.0,17385.0,17345.0,7540.0
2024.12.26,17370.0,100.0,17395.0,17395.0,17255.0,7345.0
2024.12.24,17270.0,50.0,17260.0,17955.0,17085.0,8324.0
2024.12.23,17220.0,215.0,17235.0,17235.0,17080.0,5286.0
2024.12.20,17005.0,-55.0,17000.0,17005.0,16635.0,6981.0
2024.12.19,17060.0,-405.0,17040.0,17060.0,17000.0,11299.0
2024.12.18,17465.0,-145.0,17565.0,17565.0,17455.0,6328.0
2024.12.17,17610.0,-210.0,17720.0,17720.0,17590.0,11301.0
2024.12.16,17820.0,-20.0,17820.0,17820.0,17695.0,5097.0
2024.12.13,17840.0,-30.0,17865.0,17865.0,17720.0,3737.0
2024.12.12,17870.0,-105.0,17930.0,17930.0,17755.0,6493.0
2024.12.11,17975.0,0.0,17975.0,18030.0,17815.0,1883.0
2024.12.10,17975.0,-235.0,18105.0,18105.0,17940.0,11684.0
2024.12.09,18210.0,-110.0,18285.0,18285.0,18090.0,5637.0
2024.12.06,18320.0,25.0,18295.0,18320.0,18295.0,2887.0
2024.12.05,18295.0,-75.0,19900.0,19900.0,18175.0,7738.0
2024.12.04,18370.0,-105.0,18475.0,18475.0,18245.0,7632.0
2024.12.03,18475.0,-205.0,18680.0,18685.0,18320.0,7050.0
2024.12.02,18680.0,10.0,18685.0,18685.0,18585.0,6779.0
2024.11.29,18670.0,-5.0,18700.0,18700.0,18600.0,7495.0
2024.11.28,18675.0,-15.0,18700.0,18700.0,18665.0,3341.0
2024.11.27,18690.0,-10.0,18720.0,18720.0,18565.0,9224.0
2024.11.26,18700.0,170.0,18570.0,18700.0,18570.0,12787.0
2024.11.25,18530.0,160.0,18545.0,18545.0,18375.0,9841.0
2024.11.22,18370.0,245.0,18145.0,18385.0,18145.0,9658.0
2024.11.21,18125.0,50.0,17985.0,18125.0,17985.0,3816.0
2024.11.20,18075.0,60.0,18015.0,18095.0,17970.0,3336.0
2024.11.19,18015.0,15.0,18165.0,18170.0,18015.0,6436.0
2024.11.18,18000.0,20.0,17975.0,18045.0,17930.0,1620.0
2024.11.15,17980.0,-50.0,17990.0,17990.0,17875.0,4067.0
2024.11.14,18030.0,100.0,17930.0,18035.0,17915.0,4573.0
2024.11.13,17930.0,-120.0,17765.0,18035.0,17765.0,3687.0
2024.11.12,18050.0,40.0,18090.0,18095.0,18030.0,7507.0
2024.11.11,18010.0,160.0,17860.0,18010.0,17860.0,6717.0
2024.11.08,17850.0,-240.0,17990.0,17990.0,17840.0,5761.0
2024.11.07,18090.0,560.0,18105.0,18105.0,17970.0,11962.0
2024.11.06,17530.0,110.0,17700.0,17700.0,17510.0,3926.0
2024.11.05,17420.0,50.0,17420.0,17420.0,17310.0,2278.0
2024.11.04,17370.0,-240.0,17460.0,17460.0,17335.0,3332.0
2024.11.01,17610.0,95.0,17475.0,17615.0,17475.0,3981.0
2024.10.31,17515.0,195.0,17550.0,17555.0,17450.0,7302.0
2024.10.30,17320.0,-320.0,17430.0,17430.0,17315.0,6114.0
2024.10.29,17640.0,180.0,17660.0,17660.0,17550.0,3836.0
2024.10.28,17460.0,-170.0,17500.0,17500.0,17355.0,4468.0
2024.10.25,17630.0,45.0,17640.0,17655.0,17545.0,4429.0
2024.10.24,17585.0,-5.0,17670.0,17670.0,17585.0,8940.0
2024.10.23,17590.0,-110.0,17735.0,17735.0,17565.0,7181.0
2024.10.22,17700.0,-130.0,17745.0,17745.0,17650.0,6453.0
2024.10.21,17830.0,30.0,17820.0,17905.0,17790.0,7196.0
2024.10.18,17800.0,-30.0,17865.0,17865.0,17750.0,9939.0
2024.10.17,17830.0,110.0,17800.0,18280.0,17800.0,7572.0
2024.10.16,17720.0,40.0,17685.0,17740.0,17625.0,4079.0
2024.10.15,17680.0,105.0,17690.0,17690.0,17600.0,7364.0
2024.10.14,17575.0,225.0,17570.0,17580.0,17460.0,7928.0
2024.10.11,17350.0,-35.0,17385.0,17385.0,17270.0,5865.0
2024.10.10,17385.0,35.0,17470.0,17470.0,17350.0,4232.0
2024.10.08,17350.0,-110.0,17455.0,17455.0,17300.0,7019.0
2024.10.07,17460.0,-10.0,17590.0,17590.0,17460.0,5343.0
2024.10.04,17470.0,-120.0,17555.0,17555.0,17370.0,5126.0
2024.10.02,17590.0,-40.0,18090.0,18090.0,17510.0,5703.0
2024.09.30,17630.0,180.0,17670.0,17690.0,17505.0,4741.0
2024.09.27,17450.0,100.0,17560.0,17565.0,17445.0,59272.0
2024.09.26,17350.0,-215.0,17585.0,17585.0,17350.0,7538.0
2024.09.25,17565.0,-5.0,17570.0,17570.0,17440.0,7378.0
2024.09.24,17570.0,125.0,17450.0,17595.0,17450.0,2685.0
2024.09.23,17445.0,40.0,17410.0,17530.0,17395.0,12322.0
2024.09.20,17405.0,110.0,17310.0,17560.0,17310.0,13782.0
2024.09.19,17295.0,300.0,17130.0,17410.0,17130.0,3854.0
2024.09.13,16995.0,-80.0,17075.0,17140.0,16995.0,3318.0
2024.09.12,17075.0,-60.0,17120.0,17120.0,16940.0,2413.0
2024.09.11,17135.0,-80.0,17200.0,17200.0,17035.0,2057.0
2024.09.10,17215.0,330.0,16960.0,17215.0,16960.0,3564.0
2024.09.09,16885.0,-200.0,17035.0,17035.0,16880.0,5826.0
2024.09.06,17085.0,-100.0,17185.0,17225.0,17085.0,4015.0
2024.09.05,17185.0,5.0,17345.0,17345.0,17185.0,4453.0
2024.09.04,17180.0,-100.0,17280.0,17320.0,17180.0,6049.0
2024.09.03,17280.0,15.0,17270.0,17400.0,17270.0,3612.0
2024.09.02,17265.0,5.0,17275.0,17400.0,17265.0,5610.0
2024.08.30,17260.0,75.0,17250.0,17265.0,17150.0,5104.0
2024.08.29,17185.0,15.0,17170.0,17190.0,17065.0,4921.0
2024.08.28,17170.0,-55.0,17210.0,17210.0,17035.0,3485.0
2024.08.27,17225.0,30.0,17215.0,17240.0,17110.0,5478.0
2024.08.26,17195.0,305.0,16905.0,17200.0,16905.0,9521.0
2024.08.23,16890.0,0.0,16890.0,16965.0,16890.0,2689.0
2024.08.22,16890.0,5.0,16960.0,16960.0,16885.0,3009.0
2024.08.21,16885.0,-55.0,16895.0,16895.0,16745.0,4290.0
2024.08.20,16940.0,235.0,16900.0,16960.0,16810.0,5884.0
2024.08.19,16705.0,-5.0,16865.0,16865.0,16705.0,5643.0
2024.08.16,16710.0,155.0,16810.0,16810.0,16565.0,2849.0
2024.08.14,16555.0,185.0,16555.0,16555.0,16420.0,4700.0
2024.08.13,16370.0,75.0,16300.0,16385.0,16300.0,1449.0
2024.08.12,16295.0,10.0,16420.0,16440.0,16295.0,5536.0
2024.08.09,16285.0,55.0,16430.0,16430.0,16285.0,8017.0
2024.08.08,16230.0,-30.0,16260.0,16260.0,16105.0,1893.0
2024.08.07,16260.0,110.0,16150.0,16265.0,16150.0,2286.0
2024.08.06,16150.0,-330.0,16210.0,16210.0,16010.0,10619.0
2024.08.05,16480.0,-265.0,16665.0,16665.0,16065.0,14814.0
2024.08.02,16745.0,-150.0,16885.0,16885.0,16510.0,4551.0
2024.08.01,16895.0,0.0,16980.0,16980.0,16825.0,8544.0
2024.07.31,16895.0,45.0,16960.0,16960.0,16880.0,3076.0
2024.07.30,16850.0,90.0,16760.0,16860.0,16750.0,3329.0
2024.07.29,16760.0,50.0,16725.0,16905.0,16725.0,7644.0
2024.07.26,16710.0,80.0,16630.0,16715.0,16630.0,7615.0
2024.07.25,16630.0,180.0,16500.0,16630.0,16500.0,4575.0
2024.07.24,16450.0,-55.0,16505.0,16505.0,16450.0,9755.0
2024.07.23,16505.0,35.0,16545.0,16600.0,16470.0,5354.0
2024.07.22,16470.0,-160.0,16610.0,16610.0,16420.0,8632.0
2024.07.19,16630.0,-350.0,16710.0,16710.0,16490.0,12967.0
2024.07.18,16980.0,370.0,16660.0,17205.0,16635.0,13134.0
2024.07.17,16610.0,370.0,16350.0,16610.0,16350.0,10388.0
2024.07.16,16240.0,60.0,16200.0,16345.0,16195.0,60762.0
2024.07.15,16180.0,115.0,16340.0,16340.0,16075.0,9176.0
2024.07.12,16065.0,310.0,15935.0,16105.0,15850.0,6339.0
2024.07.11,15755.0,165.0,15750.0,15895.0,15750.0,10056.0
2024.07.10,15590.0,30.0,15695.0,15695.0,15590.0,3535.0
2024.07.09,15560.0,-105.0,15700.0,15705.0,15560.0,3215.0
2024.07.08,15665.0,-10.0,15675.0,15675.0,15540.0,2564.0
2024.07.05,15675.0,55.0,15750.0,15750.0,15610.0,5370.0
2024.07.04,15620.0,-20.0,15780.0,15780.0,15620.0,3660.0
2024.07.03,15640.0,10.0,15785.0,15785.0,15640.0,6867.0
2024.07.02,15630.0,-170.0,15745.0,15745.0,15590.0,1469.0
2024.07.01,15800.0,110.0,15800.0,15805.0,15700.0,2108.0
2024.06.28,15690.0,-80.0,15720.0,15730.0,15590.0,1324.0
2024.06.27,15770.0,0.0,15630.0,15770.0,15630.0,1640.0
2024.06.26,15770.0,-85.0,15845.0,15845.0,15690.0,2601.0
2024.06.25,15855.0,205.0,15855.0,15995.0,15855.0,4282.0
2024.06.24,15650.0,0.0,15660.0,15770.0,15645.0,1575.0
2024.06.21,15650.0,75.0,15695.0,15765.0,15580.0,7699.0
2024.06.20,15575.0,-15.0,15620.0,15625.0,15560.0,3573.0
2024.06.19,15590.0,105.0,15610.0,15700.0,15560.0,2372.0
2024.06.18,15485.0,20.0,15565.0,15575.0,15485.0,3846.0
2024.06.17,15465.0,-105.0,15550.0,15550.0,15430.0,3685.0
2024.06.14,15570.0,-35.0,15695.0,15695.0,15555.0,4424.0
2024.06.13,15605.0,5.0,15610.0,15735.0,15605.0,4305.0
2024.06.12,15600.0,-75.0,15650.0,15835.0,15600.0,5127.0
2024.06.11,15675.0,-20.0,15695.0,15715.0,15675.0,2383.0
2024.06.10,15695.0,-65.0,15695.0,15830.0,15690.0,4306.0
2024.06.07,15760.0,-105.0,15845.0,15890.0,15760.0,15572.0
2024.06.05,15865.0,-40.0,15900.0,15975.0,15865.0,10060.0
2024.06.04,15905.0,-125.0,16060.0,16060.0,15905.0,8072.0
2024.06.03,16030.0,295.0,15895.0,16175.0,15895.0,8435.0
2024.05.31,15735.0,215.0,15700.0,15880.0,15700.0,13033.0
2024.05.30,15520.0,-200.0,15675.0,15675.0,15520.0,7080.0
2024.05.29,15720.0,-145.0,15835.0,15865.0,15720.0,8008.0
2024.05.28,15865.0,-5.0,15875.0,15985.0,15865.0,3477.0
2024.05.27,15870.0,-10.0,16040.0,16040.0,15865.0,9539.0
2024.05.24,15880.0,-295.0,15965.0,15965.0,15850.0,6303.0
2024.05.23,16175.0,-120.0,16175.0,16175.0,16050.0,4597.0
2024.05.22,16295.0,20.0,16275.0,16310.0,16275.0,3160.0
2024.05.21,16275.0,-65.0,16330.0,16330.0,16150.0,5513.0
2024.05.20,16340.0,25.0,16315.0,16345.0,16230.0,4602.0
2024.05.17,16315.0,0.0,16310.0,16320.0,16195.0,8918.0
2024.05.16,16315.0,130.0,16210.0,16330.0,16185.0,15823.0
2024.05.14,16185.0,160.0,16160.0,16185.0,16040.0,8788.0
2024.05.13,16025.0,25.0,16065.0,16260.0,16025.0,5432.0
2024.05.10,16000.0,105.0,15980.0,16055.0,15920.0,8226.0
2024.05.09,15895.0,75.0,16000.0,16010.0,15865.0,8566.0
2024.05.08,15820.0,15.0,15850.0,15950.0,15820.0,9151.0
2024.05.07,15805.0,75.0,15735.0,15805.0,15735.0,10450.0
2024.05.03,15730.0,135.0,15740.0,15740.0,15600.0,6707.0
2024.05.02,15595.0,-35.0,15630.0,15635.0,15490.0,6008.0
2024.04.30,15630.0,35.0,15745.0,15745.0,15585.0,3658.0
2024.04.29,15595.0,-85.0,15575.0,15675.0,15555.0,4284.0
2024.04.26,15680.0,-20.0,15680.0,15680.0,15545.0,6288.0
2024.04.25,15700.0,30.0,15680.0,15770.0,15670.0,1836.0
2024.04.24,15670.0,190.0,15635.0,15670.0,15545.0,4276.0
2024.04.23,15480.0,10.0,15470.0,15605.0,15470.0,1525.0
2024.04.22,15470.0,240.0,15350.0,15475.0,15350.0,1145.0
2024.04.19,15230.0,60.0,15170.0,15295.0,15040.0,7388.0
2024.04.18,15170.0,70.0,15100.0,15200.0,15030.0,2634.0
2024.04.17,15100.0,-5.0,15105.0,15110.0,15095.0,1427.0
2024.04.16,15105.0,-250.0,15285.0,15285.0,15105.0,4006.0
2024.04.15,15355.0,-145.0,15380.0,15380.0,15205.0,4207.0
2024.04.12,15500.0,-80.0,15580.0,15580.0,15400.0,4600.0
2024.04.11,15580.0,-195.0,15645.0,15645.0,15450.0,1983.0
2024.04.09,15775.0,70.0,15730.0,15885.0,15730.0,4375.0
2024.04.08,15705.0,50.0,15780.0,15815.0,15675.0,2035.0
2024.04.05,15655.0,-230.0,15805.0,15805.0,15650.0,6071.0
2024.04.04,15885.0,-15.0,15905.0,15905.0,15840.0,6850.0
2024.04.03,15900.0,-90.0,15915.0,15915.0,15855.0,7105.0
2024.04.02,15990.0,20.0,15970.0,15995.0,15970.0,3507.0
2024.04.01,15970.0,-20.0,15995.0,16085.0,15970.0,4435.0
2024.03.29,15990.0,140.0,15995.0,16020.0,15975.0,4336.0
2024.03.28,15850.0,240.0,15770.0,16000.0,15770.0,5022.0
2024.03.27,15610.0,10.0,15600.0,15620.0,15490.0,2420.0
2024.03.26,15600.0,-65.0,15705.0,15730.0,15600.0,3745.0
2024.03.25,15665.0,-20.0,15740.0,15740.0,15565.0,5336.0
2024.03.22,15685.0,55.0,15750.0,15840.0,15650.0,4684.0
2024.03.21,15630.0,95.0,15680.0,15735.0,15600.0,1271.0
2024.03.20,15535.0,95.0,15475.0,15570.0,15440.0,2529.0
2024.03.19,15440.0,10.0,15455.0,15470.0,15345.0,1711.0
2024.03.18,15430.0,20.0,15460.0,15460.0,15375.0,1336.0
2024.03.15,15410.0,-165.0,15585.0,15585.0,15400.0,5159.0
2024.03.14,15575.0,40.0,15600.0,15600.0,15550.0,1862.0
2024.03.13,15535.0,-35.0,15540.0,15540.0,15410.0,3243.0
2024.03.12,15570.0,180.0,15480.0,15605.0,15475.0,3484.0
2024.03.11,15390.0,10.0,15420.0,15420.0,15385.0,4419.0
2024.03.08,15380.0,20.0,15465.0,15485.0,15375.0,3510.0
2024.03.07,15360.0,90.0,15415.0,15415.0,15280.0,1753.0
2024.03.06,15270.0,40.0,15280.0,15290.0,15260.0,1165.0
2024.03.05,15230.0,155.0,15130.0,15275.0,15130.0,5857.0
2024.03.04,15075.0,-15.0,15125.0,15125.0,15010.0,3467.0
2024.02.29,15090.0,-5.0,15120.0,15120.0,14965.0,3253.0
2024.02.28,15095.0,120.0,15115.0,15115.0,14985.0,1985.0
2024.02.27,14975.0,-120.0,15040.0,15040.0,14855.0,2309.0
2024.02.26,15095.0,45.0,15060.0,15145.0,15010.0,4701.0
2024.02.23,15050.0,95.0,15095.0,15095.0,14960.0,1437.0
2024.02.22,14955.0,-45.0,15090.0,15090.0,14955.0,4313.0
2024.02.21,15000.0,-25.0,15000.0,15000.0,14900.0,1534.0
2024.02.20,15025.0,85.0,15020.0,15025.0,15005.0,1572.0
2024.02.19,14940.0,-25.0,14965.0,15035.0,14920.0,2291.0
2024.02.16,14965.0,140.0,14900.0,15100.0,14900.0,2402.0
2024.02.15,14825.0,55.0,14775.0,14850.0,14730.0,2828.0
2024.02.14,14770.0,-275.0,15345.0,15345.0,14745.0,3174.0
2024.02.13,15045.0,210.0,15070.0,15070.0,15010.0,3413.0
2024.02.08,14835.0,20.0,14820.0,14845.0,14820.0,2430.0
2024.02.07,14815.0,10.0,14805.0,14825.0,14780.0,8226.0
2024.02.06,14805.0,-205.0,14845.0,14845.0,14800.0,4378.0
2024.02.05,15010.0,-40.0,15030.0,15030.0,15000.0,2420.0
2024.02.02,15050.0,45.0,15095.0,15095.0,15005.0,2639.0
2024.02.01,15005.0,-145.0,15030.0,15030.0,14975.0,1481.0
2024.01.31,15150.0,-45.0,15195.0,15215.0,15150.0,1179.0
2024.01.30,15195.0,25.0,15200.0,15210.0,15130.0,1946.0
2024.01.29,15170.0,120.0,15050.0,15190.0,15050.0,2581.0
2024.01.26,15050.0,185.0,15205.0,15205.0,15050.0,7331.0
2024.01.25,14865.0,-90.0,14960.0,14980.0,14845.0,14126.0
2024.01.24,14955.0,30.0,14955.0,15060.0,14955.0,1864.0
2024.01.23,14925.0,-40.0,15000.0,15040.0,14925.0,3316.0
2024.01.22,14965.0,105.0,14985.0,14990.0,14875.0,1694.0
2024.01.19,14860.0,-30.0,14805.0,14870.0,14750.0,2365.0
2024.01.18,14890.0,-135.0,14960.0,14960.0,14855.0,765.0
2024.01.17,15025.0,-115.0,15140.0,15140.0,15000.0,3090.0
2024.01.16,15140.0,80.0,15060.0,15160.0,15060.0,982.0
2024.01.15,15060.0,-5.0,15075.0,15075.0,15060.0,11643.0
2024.01.12,15065.0,-210.0,14985.0,15200.0,14985.0,17564.0
2024.01.11,15275.0,30.0,15245.0,15340.0,15225.0,7962.0
2024.01.10,15245.0,-145.0,15380.0,15380.0,15230.0,11497.0
2024.01.09,15390.0,100.0,15450.0,15475.0,15390.0,18580.0
2024.01.08,15290.0,100.0,15210.0,15370.0,15210.0,4844.0
2024.01.05,15190.0,-85.0,15275.0,15285.0,15190.0,4597.0
2024.01.04,15275.0,-80.0,15305.0,15305.0,15120.0,9049.0
2024.01.03,15355.0,155.0,15395.0,15425.0,15300.0,5759.0
2024.01.02,15200.0,0.0,15200.0,15210.0,15180.0,4778.0
2023.12.28,15200.0,-75.0,15200.0,15315.0,15190.0,2391.0
2023.12.27,15275.0,135.0,15160.0,15330.0,15160.0,3819.0
2023.12.26,15140.0,90.0,15225.0,15245.0,15100.0,4745.0
2023.12.22,15050.0,25.0,15180.0,15190.0,15050.0,2936.0
2023.12.21,15025.0,-285.0,15045.0,15055.0,15025.0,4947.0
2023.12.20,15310.0,95.0,15320.0,15350.0,15200.0,2070.0
2023.12.19,15215.0,-5.0,15225.0,15225.0,15065.0,2505.0
2023.12.18,15220.0,5.0,15445.0,15445.0,15065.0,4034.0
2023.12.15,15215.0,130.0,15175.0,15255.0,15175.0,15993.0
2023.12.14,15085.0,355.0,15025.0,15170.0,15025.0,4047.0
2023.12.13,14730.0,-80.0,14800.0,14800.0,14725.0,2357.0
2023.12.12,14810.0,75.0,14740.0,14860.0,14735.0,2629.0
2023.12.11,14735.0,95.0,14660.0,14780.0,14645.0,7708.0
2023.12.08,14640.0,70.0,14580.0,14695.0,14580.0,1120.0
2023.12.07,14570.0,-65.0,14670.0,14675.0,14555.0,11392.0
2023.12.06,14635.0,-85.0,14650.0,14650.0,14635.0,3208.0
2023.12.05,14720.0,5.0,14700.0,14745.0,14695.0,2193.0
2023.12.04,14715.0,215.0,14675.0,14745.0,14635.0,2751.0
2023.12.01,14500.0,110.0,14420.0,14505.0,14370.0,2856.0
2023.11.30,14390.0,145.0,14405.0,14410.0,14270.0,297.0
2023.11.29,14245.0,-30.0,14365.0,14365.0,14215.0,1070.0
2023.11.28,14275.0,15.0,14270.0,14335.0,14270.0,4628.0
2023.11.27,14260.0,10.0,14370.0,14370.0,14225.0,1061.0
2023.11.24,14250.0,-65.0,14315.0,14315.0,14240.0,1133.0
2023.11.23,14315.0,85.0,14300.0,14315.0,14230.0,632.0
2023.11.22,14230.0,-65.0,14270.0,14270.0,14100.0,928.0
2023.11.21,14295.0,65.0,14295.0,14295.0,14230.0,3779.0
2023.11.20,14230.0,115.0,14175.0,14270.0,14175.0,632.0
2023.11.17,14115.0,-70.0,14245.0,14245.0,14115.0,3436.0
2023.11.16,14185.0,-10.0,14220.0,14220.0,14185.0,4141.0
2023.11.15,14195.0,410.0,14220.0,14220.0,14110.0,2437.0
2023.11.14,13785.0,-85.0,13830.0,13830.0,13780.0,988.0
2023.11.13,13870.0,90.0,13865.0,13875.0,13855.0,409.0
2023.11.10,13780.0,-130.0,13800.0,13800.0,13775.0,669.0
2023.11.09,13910.0,-85.0,14045.0,14045.0,13900.0,883.0
2023.11.08,13995.0,-75.0,13995.0,13995.0,13990.0,2595.0
2023.11.07,14070.0,-45.0,14090.0,14090.0,13965.0,710.0
2023.11.06,14115.0,115.0,13940.0,14185.0,13940.0,2181.0
2023.11.03,14000.0,265.0,13890.0,14030.0,13885.0,1776.0
2023.11.02,13735.0,85.0,13655.0,13735.0,13655.0,1140.0
2023.11.01,13650.0,70.0,13675.0,13675.0,13540.0,1400.0
2023.10.31,13580.0,135.0,13550.0,13580.0,13460.0,576.0
2023.10.30,13445.0,-205.0,13485.0,13485.0,13400.0,1160.0
2023.10.27,13650.0,130.0,13610.0,13680.0,13610.0,2517.0
2023.10.26,13520.0,-150.0,13665.0,13665.0,13520.0,1060.0
2023.10.25,13670.0,150.0,13675.0,13685.0,13660.0,343.0
2023.10.24,13520.0,-115.0,13540.0,13540.0,13510.0,898.0
2023.10.23,13635.0,-240.0,13705.0,13705.0,13545.0,846.0
2023.10.20,13875.0,-170.0,13875.0,13880.0,13870.0,2108.0
2023.10.19,14045.0,-155.0,14200.0,14200.0,13905.0,2063.0
2023.10.18,14200.0,235.0,14240.0,14240.0,14095.0,381.0
2023.10.17,13965.0,15.0,14115.0,14115.0,13950.0,950.0
2023.10.16,13950.0,-15.0,13955.0,13955.0,13950.0,858.0
2023.10.13,13965.0,-45.0,13980.0,13980.0,13945.0,654.0
2023.10.12,14010.0,20.0,14140.0,14220.0,14005.0,2402.0
2023.10.11,13990.0,205.0,13935.0,14065.0,13935.0,1642.0
2023.10.10,13785.0,65.0,13820.0,13925.0,13785.0,1429.0
2023.10.06,13720.0,10.0,13705.0,13720.0,13655.0,992.0
2023.10.05,13710.0,-10.0,13720.0,13720.0,13705.0,1841.0
2023.10.04,13720.0,-450.0,13795.0,13985.0,13710.0,2469.0
2023.09.27,14170.0,-250.0,14155.0,14170.0,14125.0,1895.0
2023.09.26,14420.0,5.0,14445.0,14445.0,14310.0,2521.0
2023.09.25,14415.0,-65.0,14425.0,14425.0,14295.0,1604.0
2023.09.22,14480.0,-70.0,14470.0,14665.0,14470.0,938.0
2023.09.21,14550.0,-165.0,14675.0,14675.0,14525.0,1843.0
2023.09.20,14715.0,-30.0,14715.0,14715.0,14700.0,1482.0
2023.09.19,14745.0,110.0,14635.0,14750.0,14635.0,1334.0
2023.09.18,14635.0,-60.0,14690.0,14730.0,14635.0,619.0
2023.09.15,14695.0,165.0,14795.0,14795.0,14690.0,1539.0
2023.09.14,14530.0,5.0,14525.0,14540.0,14525.0,415.0
2023.09.13,14525.0,-40.0,14570.0,14575.0,14525.0,1240.0
2023.09.12,14565.0,-5.0,14570.0,14570.0,14495.0,928.0
2023.09.11,14570.0,90.0,14490.0,14590.0,14465.0,353.0
2023.09.08,14480.0,-40.0,14480.0,14480.0,14400.0,1112.0
2023.09.07,14520.0,-90.0,14525.0,14525.0,14390.0,631.0
2023.09.06,14610.0,-190.0,14610.0,14610.0,14600.0,1796.0
2023.09.05,14800.0,80.0,14715.0,14800.0,14715.0,1398.0
2023.09.04,14720.0,25.0,14790.0,14790.0,14715.0,1851.0
2023.09.01,14695.0,-100.0,14795.0,14795.0,14670.0,1748.0
2023.08.31,14795.0,85.0,14710.0,14805.0,14695.0,1029.0
2023.08.30,14710.0,130.0,14710.0,14770.0,14710.0,1640.0
2023.08.29,14580.0,100.0,14770.0,14770.0,14575.0,1731.0
2023.08.28,14480.0,-50.0,14530.0,14595.0,14475.0,4742.0
2023.08.25,14530.0,-60.0,14545.0,14545.0,14455.0,1107.0
2023.08.24,14590.0,120.0,14480.0,14590.0,14440.0,1922.0
2023.08.23,14470.0,-85.0,14485.0,14485.0,14450.0,1470.0
2023.08.22,14555.0,45.0,14555.0,14555.0,14525.0,1258.0
2023.08.21,14510.0,-75.0,14585.0,14590.0,14500.0,1431.0
2023.08.18,14585.0,85.0,14585.0,14585.0,14510.0,2436.0
2023.08.17,14500.0,-185.0,14505.0,14625.0,14490.0,4186.0
2023.08.16,14685.0,-300.0,15100.0,15100.0,14600.0,2388.0
2023.08.14,14985.0,5.0,14985.0,15080.0,14980.0,1153.0
2023.08.11,14980.0,-85.0,15065.0,15065.0,14920.0,647.0
2023.08.10,15065.0,-40.0,15065.0,15065.0,15025.0,478.0
2023.08.09,15105.0,0.0,15105.0,15105.0,14980.0,545.0
2023.08.08,15105.0,5.0,15100.0,15185.0,15100.0,910.0
2023.08.07,15100.0,0.0,15095.0,15100.0,15020.0,1762.0
2023.08.04,15100.0,-70.0,15170.0,15195.0,15080.0,3253.0
2023.08.03,15170.0,-160.0,15280.0,15280.0,15160.0,1581.0
2023.08.02,15330.0,15.0,15330.0,15335.0,15280.0,2158.0
2023.08.01,15315.0,35.0,15315.0,15450.0,15310.0,1377.0
2023.07.31,15280.0,-50.0,15330.0,15330.0,15280.0,2172.0
2023.07.28,15330.0,-70.0,15340.0,15340.0,15200.0,1081.0
2023.07.27,15400.0,85.0,15415.0,15485.0,15390.0,1233.0
2023.07.26,15315.0,25.0,15380.0,15385.0,15295.0,1539.0
2023.07.25,15290.0,70.0,15280.0,15385.0,15280.0,2982.0
2023.07.24,15220.0,30.0,15235.0,15235.0,15215.0,2694.0
2023.07.21,15190.0,55.0,15165.0,15235.0,15165.0,1759.0
2023.07.20,15135.0,150.0,15195.0,15200.0,15135.0,2256.0
2023.07.19,14985.0,20.0,15170.0,15170.0,14980.0,2454.0
2023.07.18,14965.0,-80.0,15045.0,15045.0,14880.0,1286.0
2023.07.17,15045.0,-105.0,15045.0,15060.0,14930.0,1609.0
2023.07.14,15150.0,65.0,15150.0,15190.0,15140.0,2952.0
2023.07.13,15085.0,125.0,15095.0,15100.0,15060.0,1365.0
2023.07.12,14960.0,180.0,15035.0,15035.0,14955.0,2140.0
2023.07.11,14780.0,-60.0,14870.0,14870.0,14745.0,737.0
2023.07.10,14840.0,5.0,14885.0,14885.0,14735.0,358.0
2023.07.07,14835.0,-10.0,14840.0,14840.0,14720.0,1596.0
2023.07.06,14845.0,-60.0,14970.0,14970.0,14845.0,2550.0
2023.07.05,14905.0,-110.0,15015.0,15020.0,14905.0,2315.0
2023.07.04,15015.0,230.0,14930.0,15015.0,14905.0,1016.0
2023.07.03,14785.0,-20.0,14810.0,14900.0,14785.0,3506.0
2023.06.30,14805.0,80.0,14725.0,14805.0,14690.0,2695.0
2023.06.29,14725.0,-90.0,14725.0,14725.0,14710.0,1165.0
2023.06.28,14815.0,215.0,14890.0,14890.0,14685.0,2623.0
2023.06.27,14600.0,115.0,14700.0,14700.0,14580.0,1431.0
2023.06.26,14485.0,-225.0,14710.0,14710.0,14450.0,1238.0
2023.06.23,14710.0,-20.0,14940.0,14940.0,14570.0,974.0
2023.06.22,14730.0,-25.0,14855.0,14855.0,14730.0,2649.0
2023.06.21,14755.0,-225.0,14850.0,14850.0,14745.0,3144.0
2023.06.20,14980.0,55.0,15020.0,15035.0,14965.0,609.0
2023.06.19,14925.0,-10.0,15015.0,15015.0,14925.0,928.0
2023.06.16,14935.0,190.0,14985.0,15015.0,14930.0,3593.0
2023.06.15,14745.0,-90.0,14950.0,14950.0,14725.0,3388.0
2023.06.14,14835.0,20.0,15015.0,15015.0,14835.0,3468.0
2023.06.13,14815.0,-45.0,14900.0,14900.0,14755.0,901.0
2023.06.12,14860.0,50.0,14875.0,14875.0,14745.0,1690.0
2023.06.09,14810.0,-25.0,14940.0,14940.0,14800.0,4047.0
2023.06.08,14835.0,225.0,14830.0,14925.0,14830.0,2670.0
2023.06.07,14610.0,55.0,14645.0,14710.0,14560.0,1814.0
2023.06.05,14555.0,300.0,14745.0,14745.0,14510.0,1904.0
2023.06.02,14255.0,35.0,14275.0,14275.0,14250.0,1318.0
2023.06.01,14220.0,-140.0,14740.0,14740.0,14205.0,2532.0
2023.05.31,14360.0,-15.0,14405.0,14405.0,14250.0,1810.0
2023.05.30,14375.0,-30.0,14400.0,14405.0,14300.0,2323.0
2023.05.26,14405.0,-85.0,14355.0,14405.0,14310.0,1798.0
2023.05.25,14490.0,-140.0,14650.0,14650.0,14460.0,872.0
2023.05.24,14630.0,-10.0,14580.0,14630.0,14555.0,1117.0
2023.05.23,14640.0,35.0,14770.0,14770.0,14640.0,1109.0
2023.05.22,14605.0,-50.0,14615.0,14615.0,14595.0,5580.0
2023.05.19,14655.0,25.0,14630.0,14660.0,14630.0,1158.0
2023.05.18,14630.0,190.0,14630.0,14760.0,14515.0,8988.0
2023.05.17,14440.0,-250.0,14625.0,14625.0,14420.0,9912.0
2023.05.16,14690.0,0.0,14765.0,14765.0,14670.0,2972.0
2023.05.15,14690.0,5.0,14710.0,14710.0,14680.0,444.0
2023.05.12,14685.0,-150.0,14685.0,14685.0,14640.0,1899.0
2023.05.11,14835.0,-20.0,14945.0,14945.0,14810.0,2527.0
2023.05.10,14855.0,-65.0,14865.0,14865.0,14735.0,2123.0
2023.05.09,14920.0,-30.0,14950.0,15245.0,14900.0,1268.0
2023.05.08,14950.0,40.0,14955.0,15160.0,14910.0,830.0
2023.05.04,14910.0,-115.0,14910.0,14910.0,14900.0,1250.0
2023.05.03,15025.0,-210.0,15610.0,15610.0,15020.0,1993.0
2023.05.02,15235.0,-45.0,15330.0,15330.0,15235.0,40188.0
2023.04.28,15280.0,130.0,15160.0,15310.0,15160.0,324.0
2023.04.27,15150.0,-195.0,15345.0,15345.0,15020.0,1737.0
2023.04.26,15345.0,-80.0,15355.0,15355.0,15280.0,2037.0
2023.04.25,15425.0,15.0,15285.0,15510.0,15285.0,3180.0
2023.04.24,15410.0,-60.0,15470.0,15525.0,15410.0,1873.0
2023.04.21,15470.0,-145.0,15585.0,15585.0,15270.0,3841.0
2023.04.20,15615.0,30.0,15475.0,15740.0,15475.0,1053.0
2023.04.19,15585.0,-120.0,15705.0,15705.0,15585.0,2832.0
2023.04.18,15705.0,85.0,15670.0,15725.0,15610.0,1686.0
2023.04.17,15620.0,45.0,15510.0,15620.0,15490.0,2162.0
2023.04.14,15575.0,60.0,15570.0,15645.0,15570.0,1098.0
2023.04.13,15515.0,-100.0,15560.0,15620.0,15515.0,2434.0
2023.04.12,15615.0,135.0,15485.0,15615.0,15485.0,1366.0
2023.04.11,15480.0,40.0,15555.0,15575.0,15480.0,1547.0
2023.04.10,15440.0,15.0,15425.0,15510.0,15425.0,3810.0
2023.04.07,15425.0,-15.0,15440.0,15515.0,15420.0,2216.0
2023.04.06,15440.0,110.0,15480.0,15520.0,15405.0,1447.0
2023.04.05,15330.0,-115.0,15395.0,15395.0,15250.0,5801.0
2023.04.04,15445.0,60.0,15475.0,15475.0,15410.0,1903.0
2023.04.03,15385.0,95.0,15425.0,15470.0,15385.0,1147.0
2023.03.31,15290.0,125.0,15210.0,15320.0,15210.0,887.0
2023.03.30,15165.0,220.0,15155.0,15200.0,15155.0,773.0
2023.03.29,14945.0,80.0,14980.0,15015.0,14945.0,1702.0
2023.03.28,14865.0,75.0,14810.0,14975.0,14810.0,1345.0
2023.03.27,14790.0,200.0,14685.0,14805.0,14685.0,1027.0
2023.03.24,14590.0,-175.0,14670.0,14670.0,14500.0,1135.0
2023.03.23,14765.0,-280.0,15135.0,15135.0,14720.0,1536.0
2023.03.22,15045.0,180.0,15005.0,15130.0,15005.0,2934.0
2023.03.21,14865.0,150.0,14865.0,14985.0,14865.0,1443.0
2023.03.20,14715.0,-215.0,14845.0,14845.0,14680.0,2752.0
2023.03.17,14930.0,45.0,15165.0,15165.0,14865.0,2486.0
2023.03.16,14885.0,-140.0,15000.0,15000.0,14805.0,1653.0
2023.03.15,15025.0,175.0,15010.0,15045.0,14915.0,1978.0
2023.03.14,14850.0,-285.0,14850.0,14850.0,14810.0,1857.0
2023.03.13,15135.0,-295.0,15010.0,15135.0,15010.0,10481.0
2023.03.10,15430.0,-320.0,15740.0,15740.0,15360.0,1213.0
2023.03.09,15750.0,-20.0,15690.0,15750.0,15690.0,369.0
2023.03.08,15770.0,-270.0,16650.0,16650.0,15725.0,2641.0
2023.03.07,16040.0,85.0,16065.0,16065.0,15955.0,1102.0
2023.03.06,15955.0,50.0,16150.0,16150.0,15950.0,3315.0
2023.03.03,15905.0,105.0,15910.0,15910.0,15800.0,768.0
2023.03.02,15800.0,-155.0,15955.0,15955.0,15760.0,1511.0
2023.02.28,15955.0,-30.0,15990.0,16060.0,15955.0,2145.0
2023.02.27,15985.0,-30.0,16100.0,16100.0,15985.0,4586.0
2023.02.24,16015.0,-80.0,16095.0,16135.0,16010.0,1310.0
2023.02.23,16095.0,-50.0,16045.0,16095.0,16045.0,971.0
2023.02.22,16145.0,-205.0,16105.0,16155.0,16090.0,3557.0
2023.02.21,16350.0,-5.0,16465.0,16465.0,16350.0,1218.0
2023.02.20,16355.0,45.0,16325.0,16465.0,16325.0,2873.0
2023.02.17,16310.0,-180.0,16430.0,16430.0,16310.0,2783.0
2023.02.16,16490.0,80.0,16550.0,16550.0,16440.0,628.0
2023.02.15,16410.0,-95.0,16505.0,16515.0,16410.0,430.0
2023.02.14,16505.0,170.0,16630.0,16630.0,16505.0,2602.0
2023.02.13,16335.0,115.0,16465.0,16465.0,16335.0,3926.0
2023.02.10,16220.0,-135.0,16310.0,16310.0,16120.0,1134.0
2023.02.09,16355.0,-190.0,16435.0,16435.0,16350.0,499.0
2023.02.08,16545.0,80.0,16485.0,16550.0,16480.0,1005.0
2023.02.07,16465.0,5.0,16500.0,16510.0,16395.0,2300.0
2023.02.06,16460.0,-130.0,16585.0,16585.0,16460.0,2056.0
2023.02.03,16590.0,20.0,16590.0,16710.0,16590.0,1535.0
2023.02.02,16570.0,80.0,16555.0,16655.0,16555.0,5761.0
2023.02.01,16490.0,115.0,16615.0,16615.0,16490.0,3250.0
2023.01.31,16375.0,-30.0,16405.0,16415.0,16300.0,718.0
2023.01.30,16405.0,-75.0,16540.0,16540.0,16405.0,544.0
2023.01.27,16480.0,70.0,16465.0,16590.0,16460.0,20217.0
2023.01.26,16410.0,65.0,16350.0,16460.0,16345.0,755.0
2023.01.25,16345.0,270.0,16085.0,16470.0,16085.0,3863.0
2023.01.20,16075.0,-45.0,16145.0,16145.0,16020.0,623.0
2023.01.19,16120.0,-375.0,16495.0,16495.0,16065.0,389.0
2023.01.18,16495.0,20.0,16500.0,16500.0,16365.0,2887.0
2023.01.17,16475.0,-50.0,16600.0,16600.0,16470.0,593.0
2023.01.16,16525.0,45.0,16635.0,16635.0,16485.0,928.0
2023.01.13,16480.0,-10.0,16500.0,16645.0,16480.0,7107.0
2023.01.12,16490.0,60.0,16655.0,16655.0,16490.0,1498.0
2023.01.11,16430.0,45.0,16435.0,16440.0,16385.0,259.0
2023.01.10,16385.0,-20.0,16390.0,16390.0,16295.0,901.0
2023.01.09,16405.0,375.0,16355.0,16485.0,16355.0,9049.0
2023.01.06,16030.0,-125.0,16165.0,16165.0,16030.0,9808.0
2023.01.05,16155.0,100.0,16365.0,16365.0,16155.0,5208.0
2023.01.04,16055.0,20.0,16095.0,16095.0,15975.0,15746.0
2023.01.03,16035.0,-30.0,16110.0,16110.0,15990.0,928.0
2023.01.02,16065.0,115.0,15985.0,16110.0,15985.0,892.0
2022.12.29,15950.0,-175.0,16205.0,16205.0,15915.0,1821.0
2022.12.28,16125.0,80.0,16140.0,16200.0,16125.0,2680.0
2022.12.27,16045.0,-15.0,16070.0,16100.0,16045.0,3365.0
2022.12.26,16060.0,135.0,16110.0,16180.0,16060.0,1926.0
2022.12.23,15925.0,-90.0,15995.0,15995.0,15875.0,2976.0
2022.12.22,16015.0,190.0,16020.0,16140.0,16015.0,2006.0
2022.12.21,15825.0,40.0,15940.0,15945.0,15825.0,2152.0
2022.12.20,15785.0,-80.0,15855.0,15855.0,15780.0,4508.0
2022.12.19,15865.0,-165.0,15895.0,15940.0,15820.0,1676.0
2022.12.16,16030.0,-300.0,16105.0,16105.0,15965.0,1785.0
2022.12.15,16330.0,-70.0,16370.0,16370.0,16325.0,618.0
2022.12.14,16400.0,90.0,16330.0,16460.0,16330.0,2976.0
2022.12.13,16310.0,225.0,16335.0,16430.0,16310.0,1217.0
2022.12.12,16085.0,-65.0,16150.0,16160.0,16040.0,2495.0
2022.12.09,16150.0,-65.0,16660.0,16660.0,16150.0,2891.0
2022.12.08,16215.0,130.0,16220.0,16220.0,16205.0,385.0
2022.12.07,16085.0,-185.0,16730.0,16730.0,16085.0,3381.0
2022.12.06,16270.0,-325.0,16590.0,16590.0,16175.0,23606.0
2022.12.05,16595.0,75.0,16605.0,16605.0,16525.0,868.0
2022.12.02,16520.0,-70.0,16640.0,16640.0,16520.0,1363.0
2022.12.01,16590.0,210.0,16660.0,16720.0,16590.0,5594.0
2022.11.30,16380.0,20.0,16370.0,16425.0,16365.0,616.0
2022.11.29,16360.0,-240.0,16370.0,16370.0,16250.0,542.0
2022.11.28,16600.0,40.0,16600.0,16610.0,16515.0,3332.0
2022.11.25,16560.0,-10.0,16565.0,16565.0,16470.0,1205.0
2022.11.24,16570.0,100.0,16580.0,16585.0,16480.0,2638.0
2022.11.23,16470.0,175.0,16450.0,16555.0,16450.0,2301.0
2022.11.22,16295.0,35.0,16400.0,16400.0,16210.0,820.0
2022.11.21,16260.0,275.0,16355.0,16355.0,16170.0,668.0
2022.11.18,15985.0,-135.0,16100.0,16100.0,15985.0,2267.0
2022.11.17,16120.0,-25.0,16155.0,16155.0,16055.0,381.0
2022.11.16,16145.0,65.0,16260.0,16260.0,16145.0,1365.0
2022.11.15,16080.0,-120.0,16195.0,16195.0,16055.0,982.0
2022.11.14,16200.0,-15.0,16215.0,16300.0,16200.0,4910.0
2022.11.11,16215.0,620.0,16105.0,16260.0,15790.0,3996.0
2022.11.10,15595.0,-210.0,15665.0,15665.0,15525.0,1654.0
2022.11.09,15805.0,5.0,15845.0,15925.0,15805.0,1879.0
2022.11.08,15800.0,30.0,15825.0,15825.0,15740.0,777.0
2022.11.07,15770.0,300.0,15725.0,15820.0,15710.0,20056.0
2022.11.04,15470.0,-90.0,15560.0,15560.0,15455.0,19961.0
2022.11.03,15560.0,-305.0,15565.0,18000.0,15560.0,22714.0
2022.11.02,15865.0,70.0,15915.0,15915.0,15780.0,792.0
2022.11.01,15795.0,-80.0,15875.0,15875.0,15715.0,595.0
2022.10.31,15875.0,425.0,15685.0,16145.0,15685.0,2244.0
2022.10.28,15450.0,0.0,15465.0,15545.0,15450.0,1067.0
2022.10.27,15450.0,45.0,15420.0,15460.0,15355.0,44652.0
2022.10.26,15405.0,325.0,15275.0,15415.0,15275.0,1175.0
2022.10.25,15080.0,105.0,15100.0,15200.0,15065.0,542.0
2022.10.24,14975.0,310.0,14895.0,14975.0,14895.0,1338.0
2022.10.21,14665.0,-190.0,15020.0,15020.0,14635.0,399.0
2022.10.20,14855.0,-135.0,14990.0,14990.0,14775.0,251.0
2022.10.19,14990.0,250.0,14905.0,14990.0,14905.0,702.0
2022.10.18,14740.0,170.0,14745.0,14750.0,14660.0,863.0
2022.10.17,14570.0,-80.0,14745.0,14745.0,14455.0,1584.0
2022.10.14,14650.0,400.0,14745.0,14745.0,14650.0,581.0
2022.10.13,14250.0,-200.0,15195.0,15195.0,14250.0,680.0
2022.10.12,14450.0,-60.0,14460.0,14460.0,14410.0,733.0
2022.10.11,14510.0,-310.0,14670.0,14670.0,14475.0,319.0
2022.10.07,14820.0,-245.0,14830.0,14830.0,14740.0,1213.0
2022.10.06,15065.0,15.0,15055.0,15095.0,15045.0,165.0
2022.10.05,15050.0,400.0,15115.0,15180.0,15050.0,8705.0
2022.10.04,14650.0,145.0,14525.0,14690.0,14525.0,2130.0
2022.09.30,14505.0,-285.0,14485.0,14505.0,14450.0,1385.0
2022.09.29,14790.0,230.0,14770.0,14820.0,14680.0,1049.0
2022.09.28,14560.0,-90.0,14580.0,14580.0,14530.0,662.0
2022.09.27,14650.0,-330.0,14720.0,14720.0,14585.0,2056.0
2022.09.26,14980.0,-370.0,15300.0,15300.0,14915.0,2679.0
2022.09.23,15350.0,-120.0,15360.0,15360.0,15330.0,1124.0
2022.09.22,15470.0,-105.0,15400.0,15470.0,15400.0,1260.0
2022.09.21,15575.0,-315.0,16650.0,16650.0,15575.0,1566.0
2022.09.20,15890.0,155.0,16645.0,16645.0,15820.0,4362.0
2022.09.19,15735.0,-155.0,16655.0,16655.0,15725.0,732.0
2022.09.16,15890.0,-110.0,15865.0,15890.0,15855.0,485.0
2022.09.15,16000.0,-30.0,16000.0,16000.0,15970.0,320.0
2022.09.14,16030.0,-470.0,15900.0,16045.0,15900.0,1351.0
2022.09.13,16500.0,515.0,16465.0,16570.0,16465.0,3462.0
2022.09.08,15985.0,215.0,15810.0,16085.0,15810.0,728.0
2022.09.07,15770.0,-100.0,15875.0,15875.0,15755.0,339.0
2022.09.06,15870.0,-5.0,15655.0,15870.0,15655.0,917.0
2022.09.05,15875.0,-60.0,15900.0,15900.0,15830.0,539.0
2022.09.02,15935.0,15.0,15960.0,15960.0,15860.0,1616.0
2022.09.01,15920.0,-195.0,15940.0,15940.0,15920.0,1125.0
2022.08.31,16115.0,-210.0,16320.0,16320.0,16075.0,786.0
2022.08.30,16325.0,0.0,16325.0,16325.0,16315.0,1459.0
2022.08.29,16325.0,-320.0,16430.0,16430.0,16270.0,21594.0
2022.08.26,16645.0,85.0,16895.0,16895.0,16645.0,3511.0
2022.08.25,16560.0,90.0,16470.0,16560.0,16470.0,2412.0
2022.08.24,16470.0,10.0,16470.0,16555.0,16470.0,3542.0
2022.08.23,16460.0,-360.0,16435.0,16850.0,16430.0,7911.0
2022.08.22,16820.0,-55.0,16845.0,16845.0,16750.0,9894.0
2022.08.19,16875.0,5.0,16755.0,16935.0,16755.0,602.0
2022.08.18,16870.0,-30.0,16805.0,16905.0,16805.0,2447.0
2022.08.17,16900.0,140.0,16770.0,16900.0,16770.0,1632.0
2022.08.16,16760.0,235.0,16600.0,16825.0,16600.0,2906.0
2022.08.12,16525.0,125.0,16430.0,16590.0,16430.0,13089.0
2022.08.11,16400.0,185.0,16400.0,16475.0,16400.0,4725.0
2022.08.10,16215.0,145.0,16190.0,16240.0,16190.0,2288.0
2022.08.09,16070.0,65.0,16030.0,16230.0,16030.0,1275.0
2022.08.08,16005.0,-10.0,16015.0,16105.0,16005.0,1837.0
2022.08.05,16015.0,-115.0,16470.0,16470.0,16000.0,3765.0
2022.08.04,16130.0,-20.0,16185.0,16220.0,16130.0,2152.0
2022.08.03,16150.0,-30.0,16180.0,16180.0,16055.0,1217.0
2022.08.02,16180.0,0.0,16180.0,16310.0,16180.0,1871.0
2022.08.01,16180.0,140.0,16045.0,16250.0,16045.0,10837.0
2022.07.29,16040.0,175.0,16070.0,16160.0,16040.0,880.0
2022.07.28,15865.0,25.0,16070.0,16070.0,15865.0,2132.0
2022.07.27,15840.0,-45.0,15900.0,15900.0,15780.0,1504.0
2022.07.26,15885.0,150.0,15900.0,15900.0,15775.0,2679.0
2022.07.25,15735.0,35.0,15740.0,15740.0,15690.0,501.0
2022.07.22,15700.0,-80.0,15755.0,15755.0,15620.0,799.0
2022.07.21,15780.0,80.0,15720.0,15790.0,15660.0,1327.0
2022.07.20,15700.0,265.0,15635.0,15835.0,15635.0,1559.0
2022.07.19,15435.0,-135.0,15845.0,15845.0,15435.0,1982.0
2022.07.18,15570.0,290.0,15900.0,15900.0,15490.0,3572.0
2022.07.15,15280.0,-180.0,15335.0,15335.0,15235.0,3692.0
2022.07.14,15460.0,-110.0,15470.0,15525.0,15460.0,332.0
2022.07.13,15570.0,-50.0,15620.0,15655.0,15570.0,2220.0
2022.07.12,15620.0,-25.0,15685.0,15705.0,15620.0,1832.0
2022.07.11,15645.0,-55.0,15745.0,15745.0,15645.0,2323.0
2022.07.08,15700.0,75.0,15750.0,15795.0,15700.0,797.0
2022.07.07,15625.0,-25.0,15590.0,15640.0,15545.0,356.0
2022.07.06,15650.0,-200.0,15605.0,15650.0,15580.0,1251.0
2022.07.05,15850.0,10.0,15945.0,15945.0,15845.0,2133.0
2022.07.04,15840.0,110.0,15890.0,15955.0,15840.0,4435.0
2022.07.01,15730.0,-60.0,15730.0,15730.0,15610.0,1145.0
2022.06.30,15790.0,-75.0,15755.0,15790.0,15725.0,318.0
2022.06.29,15865.0,-175.0,15865.0,15865.0,15755.0,1908.0
2022.06.28,16040.0,255.0,15945.0,16040.0,15920.0,2430.0
2022.06.27,15785.0,375.0,15805.0,15855.0,15735.0,12602.0
2022.06.24,15410.0,65.0,15415.0,15425.0,15350.0,2327.0
2022.06.23,15345.0,-10.0,15380.0,15380.0,15290.0,7976.0
2022.06.22,15355.0,245.0,15355.0,15450.0,15355.0,3649.0
2022.06.21,15110.0,85.0,15140.0,15140.0,15035.0,1164.0
2022.06.20,15025.0,-175.0,15150.0,15150.0,15025.0,5308.0
2022.06.17,15200.0,-470.0,15205.0,15250.0,15135.0,4529.0
2022.06.16,15670.0,75.0,15695.0,15695.0,15600.0,2009.0
2022.06.15,15595.0,-295.0,17165.0,17165.0,15590.0,4869.0
2022.06.14,15890.0,-615.0,16065.0,16065.0,15765.0,8354.0
2022.06.13,16505.0,-240.0,16445.0,16540.0,16405.0,4956.0
2022.06.10,16745.0,-410.0,16800.0,16800.0,16675.0,2233.0
2022.06.09,17155.0,-205.0,17110.0,17155.0,17100.0,2190.0
2022.06.08,17360.0,105.0,17280.0,17460.0,17280.0,5985.0
2022.06.07,17255.0,-10.0,17230.0,17255.0,17180.0,2593.0
2022.06.03,17265.0,125.0,17215.0,17270.0,17215.0,25599.0
2022.06.02,17140.0,-235.0,17365.0,17365.0,17105.0,10196.0
2022.05.31,17375.0,-20.0,17395.0,17445.0,17315.0,7474.0
2022.05.30,17395.0,230.0,17215.0,17450.0,17215.0,4603.0
2022.05.27,17165.0,195.0,17300.0,17300.0,17095.0,4276.0
2022.05.26,16970.0,230.0,16910.0,17035.0,16910.0,4071.0
2022.05.25,16740.0,85.0,16740.0,16860.0,16740.0,2677.0
2022.05.24,16655.0,150.0,16625.0,16755.0,16625.0,6867.0
2022.05.23,16505.0,-10.0,16505.0,16505.0,16490.0,991.0
2022.05.20,16515.0,-135.0,17695.0,17695.0,16500.0,3866.0
2022.05.19,16650.0,-340.0,16580.0,16655.0,16580.0,2662.0
2022.05.18,16990.0,245.0,16950.0,17080.0,16950.0,1098.0
2022.05.17,16745.0,95.0,16720.0,16745.0,16665.0,1859.0
2022.05.16,16650.0,245.0,16945.0,16945.0,16570.0,9379.0
2022.05.13,16405.0,-10.0,16420.0,16425.0,16365.0,2992.0
2022.05.12,16415.0,-40.0,16420.0,16420.0,16355.0,7696.0
2022.05.11,16455.0,-130.0,16890.0,16890.0,16430.0,896.0
2022.05.10,16585.0,-250.0,16545.0,16630.0,16545.0,1643.0
2022.05.09,16835.0,35.0,16900.0,16900.0,16765.0,5483.0
2022.05.06,16800.0,155.0,16675.0,16800.0,16675.0,2320.0
2022.05.04,16645.0,180.0,17055.0,17055.0,16490.0,1475.0
2022.05.03,16465.0,25.0,16465.0,16465.0,16445.0,4111.0
2022.05.02,16440.0,-385.0,16440.0,16440.0,16420.0,4377.0
2022.04.29,16825.0,85.0,16515.0,16920.0,16515.0,937.0
2022.04.28,16740.0,10.0,16730.0,16745.0,16715.0,3947.0
2022.04.27,16730.0,-265.0,16740.0,16740.0,16500.0,3789.0
2022.04.26,16995.0,-70.0,16995.0,16995.0,16895.0,7992.0
2022.04.25,17065.0,-365.0,17070.0,17070.0,17020.0,3301.0
2022.04.22,17430.0,-140.0,17595.0,17600.0,17430.0,4907.0
2022.04.21,17570.0,230.0,17500.0,17585.0,17490.0,20228.0
2022.04.20,17340.0,220.0,17315.0,17400.0,17055.0,34559.0
2022.04.19,17120.0,45.0,17175.0,17200.0,17085.0,26547.0
2022.04.18,17075.0,25.0,17145.0,17145.0,17055.0,4966.0
2022.04.15,17050.0,-50.0,17100.0,17100.0,17045.0,51136.0
2022.04.14,17100.0,-15.0,17120.0,17120.0,17080.0,2537.0
2022.04.13,17115.0,75.0,17150.0,17150.0,17040.0,3897.0
2022.04.12,17040.0,45.0,17020.0,17085.0,17020.0,1742.0
2022.04.11,16995.0,-145.0,17115.0,17140.0,16995.0,13340.0
2022.04.08,17140.0,-15.0,17155.0,17155.0,17030.0,1897.0
2022.04.07,17155.0,205.0,17150.0,17155.0,17010.0,74430.0
2022.04.06,16950.0,-15.0,16965.0,16995.0,16920.0,3777.0
2022.04.05,16965.0,-155.0,17175.0,17175.0,16965.0,10122.0
2022.04.04,17120.0,175.0,17020.0,17120.0,17020.0,12649.0
2022.04.01,16945.0,-195.0,17020.0,17025.0,16940.0,14367.0
2022.03.31,17140.0,0.0,17240.0,17240.0,17105.0,11146.0
2022.03.30,17140.0,85.0,17200.0,17270.0,17120.0,34159.0
2022.03.29,17055.0,-20.0,17100.0,17100.0,17020.0,10233.0
2022.03.28,17075.0,230.0,16915.0,17200.0,16910.0,19010.0
2022.03.25,16845.0,170.0,16695.0,16985.0,16695.0,42768.0
2022.03.24,16675.0,-190.0,16830.0,16830.0,16675.0,10669.0
2022.03.23,16865.0,-5.0,16955.0,16955.0,16825.0,3315.0
2022.03.22,16870.0,210.0,16735.0,16870.0,16735.0,4531.0
2022.03.21,16660.0,-125.0,16795.0,16795.0,16660.0,11913.0
2022.03.18,16785.0,235.0,16900.0,17030.0,16675.0,10792.0
2022.03.17,16550.0,70.0,16690.0,16690.0,16550.0,5295.0
2022.03.16,16480.0,10.0,16990.0,16990.0,16405.0,4000.0
2022.03.15,16470.0,60.0,16420.0,16470.0,16380.0,1606.0
2022.03.14,16410.0,70.0,16425.0,16425.0,16280.0,6770.0
2022.03.11,16340.0,-90.0,16485.0,16485.0,16340.0,4689.0
2022.03.10,16430.0,5.0,16445.0,16445.0,16350.0,2537.0
2022.03.08,16425.0,-85.0,16850.0,16850.0,16280.0,13258.0
2022.03.07,16510.0,-25.0,16555.0,16570.0,16510.0,15390.0
2022.03.04,16535.0,105.0,16680.0,16680.0,16535.0,4344.0
2022.03.03,16430.0,270.0,16485.0,16575.0,16425.0,9442.0
2022.03.02,16160.0,-195.0,16555.0,16555.0,16070.0,1808.0
2022.02.28,16355.0,370.0,16950.0,16950.0,16355.0,2648.0
2022.02.25,15985.0,-100.0,15955.0,15985.0,15950.0,3598.0
2022.02.24,16085.0,-200.0,16205.0,16205.0,15950.0,7276.0
2022.02.23,16285.0,-5.0,16285.0,16285.0,16155.0,1936.0
2022.02.22,16290.0,-10.0,16405.0,16405.0,16270.0,968.0
2022.02.21,16300.0,-150.0,16405.0,16405.0,16300.0,2209.0
2022.02.18,16450.0,-170.0,16620.0,16620.0,16320.0,2668.0
2022.02.17,16620.0,-25.0,16700.0,16985.0,16410.0,4566.0
2022.02.16,16645.0,135.0,16510.0,16645.0,16475.0,7671.0
2022.02.15,16510.0,-45.0,16510.0,16530.0,16215.0,8066.0
2022.02.14,16555.0,55.0,16500.0,16560.0,16480.0,8184.0
2022.02.11,16500.0,-310.0,16685.0,16685.0,16385.0,11862.0
2022.02.10,16810.0,175.0,16730.0,16820.0,16675.0,14358.0
2022.02.09,16635.0,0.0,16880.0,16880.0,16585.0,5989.0
2022.02.08,16635.0,-80.0,16765.0,16765.0,16555.0,3211.0
2022.02.07,16715.0,165.0,16945.0,16945.0,16460.0,8890.0
2022.02.04,16550.0,-285.0,16750.0,16750.0,16455.0,11501.0
2022.02.03,16835.0,650.0,16550.0,16850.0,16550.0,28462.0
2022.01.28,16185.0,135.0,16295.0,16295.0,16075.0,5795.0
2022.01.27,16050.0,-165.0,16295.0,16295.0,16015.0,2627.0
2022.01.26,16215.0,140.0,16080.0,16270.0,16080.0,2401.0
2022.01.25,16075.0,-150.0,16350.0,16350.0,16070.0,5286.0
2022.01.24,16225.0,-25.0,16250.0,16250.0,16055.0,6501.0
2022.01.21,16250.0,-300.0,16455.0,16455.0,16250.0,11104.0
2022.01.20,16550.0,-80.0,16630.0,16630.0,16455.0,6817.0
2022.01.19,16630.0,-190.0,16815.0,16815.0,16630.0,11774.0
2022.01.18,16820.0,-30.0,16910.0,16910.0,16815.0,4568.0
2022.01.17,16850.0,0.0,16810.0,16935.0,16810.0,14526.0
2022.01.14,16850.0,0.0,16850.0,16875.0,16795.0,49593.0
2022.01.13,16850.0,125.0,16825.0,16870.0,16710.0,30379.0
2022.01.12,16725.0,70.0,16845.0,16845.0,16655.0,30153.0
2022.01.11,16655.0,15.0,16725.0,16835.0,16640.0,42106.0
2022.01.10,16640.0,130.0,16655.0,16690.0,16010.0,49603.0
2022.01.07,16510.0,110.0,16510.0,16680.0,16400.0,34165.0
2022.01.06,16400.0,-90.0,16490.0,16545.0,16400.0,22137.0
2022.01.05,16490.0,140.0,16480.0,16625.0,16350.0,41687.0
2022.01.04,16350.0,120.0,16235.0,16385.0,16235.0,10989.0
2022.01.03,16230.0,75.0,16155.0,16275.0,16155.0,8090.0
2021.12.30,16155.0,40.0,16155.0,16255.0,16155.0,6712.0
2021.12.29,16115.0,100.0,16105.0,16235.0,16015.0,83015.0
2021.12.28,16015.0,160.0,16010.0,16190.0,16010.0,4586.0
2021.12.27,15855.0,0.0,15860.0,15965.0,15855.0,16979.0
2021.12.24,15855.0,80.0,15975.0,15975.0,15855.0,6433.0
2021.12.23,15775.0,35.0,15775.0,15930.0,15775.0,21713.0
2021.12.22,15740.0,180.0,15845.0,15860.0,15710.0,987.0
2021.12.21,15560.0,-190.0,15950.0,15950.0,15505.0,9392.0
2021.12.20,15750.0,-175.0,15955.0,15955.0,15670.0,2249.0
2021.12.17,15925.0,150.0,15905.0,16040.0,15905.0,6010.0
2021.12.16,15775.0,40.0,16000.0,16000.0,15750.0,1208.0
2021.12.15,15735.0,50.0,15780.0,15780.0,15605.0,1569.0
2021.12.14,15685.0,-85.0,15760.0,15765.0,15580.0,64345.0
2021.12.13,15770.0,35.0,15680.0,15825.0,15680.0,1768.0
2021.12.10,15735.0,-15.0,15705.0,15750.0,15600.0,4516.0
2021.12.09,15750.0,40.0,15710.0,15765.0,15700.0,2598.0
2021.12.08,15710.0,-75.0,15830.0,15830.0,15695.0,1045.0
2021.12.07,15785.0,250.0,15685.0,15870.0,15550.0,1258.0
2021.12.06,15535.0,150.0,15335.0,15585.0,15335.0,1065.0
2021.12.03,15385.0,165.0,15465.0,15570.0,15320.0,2787.0
2021.12.02,15220.0,-110.0,15230.0,15230.0,15125.0,2181.0
2021.12.01,15330.0,-160.0,15335.0,15335.0,15200.0,2111.0
2021.11.30,15490.0,-55.0,15545.0,15645.0,15490.0,15800.0
2021.11.29,15545.0,-305.0,15610.0,15610.0,15450.0,5411.0
2021.11.26,15850.0,-90.0,15840.0,15855.0,15840.0,4638.0
2021.11.25,15940.0,85.0,16085.0,16085.0,15860.0,6098.0
2021.11.24,15855.0,115.0,15970.0,15970.0,15855.0,3804.0
2021.11.23,15740.0,125.0,15795.0,15980.0,15735.0,11205.0
2021.11.22,15615.0,-175.0,15785.0,15785.0,15565.0,10086.0
2021.11.19,15790.0,-25.0,16030.0,16030.0,15755.0,2216.0
2021.11.18,15815.0,-65.0,15875.0,15875.0,15785.0,6949.0
2021.11.17,15880.0,-65.0,15985.0,15985.0,15870.0,8993.0
2021.11.16,15945.0,105.0,16045.0,16045.0,15930.0,14098.0
2021.11.15,15840.0,-20.0,15880.0,15960.0,15840.0,8696.0
2021.11.12,15860.0,40.0,15955.0,16000.0,15860.0,8155.0
2021.11.11,15820.0,10.0,15795.0,15920.0,15795.0,20033.0
2021.11.10,15810.0,25.0,15790.0,15910.0,15790.0,12003.0
2021.11.09,15785.0,-40.0,15880.0,15905.0,15785.0,12194.0
2021.11.08,15825.0,170.0,15825.0,15900.0,15790.0,9351.0
2021.11.05,15655.0,-100.0,15755.0,15795.0,15655.0,8971.0
2021.11.04,15755.0,95.0,15670.0,15885.0,15670.0,10036.0
2021.11.03,15660.0,-60.0,15905.0,15905.0,15660.0,6669.0
2021.11.02,15720.0,25.0,15700.0,15825.0,15700.0,2005.0
2021.11.01,15695.0,20.0,15590.0,15740.0,15590.0,2210.0
2021.10.29,15675.0,-45.0,15700.0,15840.0,15670.0,2886.0
2021.10.28,15720.0,-275.0,15725.0,15725.0,15580.0,6826.0
2021.10.27,15995.0,190.0,15800.0,16010.0,15765.0,25360.0
2021.10.26,15805.0,-10.0,15850.0,16050.0,15805.0,11296.0
2021.10.25,15815.0,-15.0,15900.0,15940.0,15810.0,6260.0
2021.10.22,15830.0,-10.0,15900.0,15900.0,15760.0,2664.0
2021.10.21,15840.0,195.0,15840.0,15980.0,15840.0,8855.0
2021.10.20,15645.0,-30.0,15890.0,15890.0,15645.0,5657.0
2021.10.19,15675.0,-15.0,15650.0,15800.0,15650.0,7196.0
2021.10.18,15690.0,60.0,15795.0,15795.0,15680.0,3310.0
2021.10.15,15630.0,245.0,15690.0,15700.0,15630.0,16070.0
2021.10.14,15385.0,20.0,15410.0,15500.0,15385.0,3545.0
2021.10.13,15365.0,-195.0,15455.0,15575.0,15365.0,6318.0
2021.10.12,15560.0,-90.0,15635.0,15635.0,15390.0,4168.0
2021.10.08,15650.0,50.0,15605.0,15660.0,15600.0,1513.0
2021.10.07,15600.0,160.0,15675.0,15690.0,15485.0,7796.0
2021.10.06,15440.0,20.0,15570.0,15675.0,15430.0,8539.0
2021.10.05,15420.0,270.0,15205.0,15525.0,15205.0,5902.0
2021.10.01,15150.0,-335.0,15335.0,15335.0,15110.0,5523.0
2021.09.30,15485.0,120.0,15480.0,15485.0,15460.0,1036.0
2021.09.29,15365.0,-50.0,15415.0,15415.0,15275.0,1998.0
2021.09.28,15415.0,35.0,15415.0,15560.0,15415.0,11869.0
2021.09.27,15380.0,-40.0,15415.0,15415.0,15285.0,2649.0
2021.09.24,15420.0,200.0,15225.0,15470.0,15225.0,2937.0
2021.09.23,15220.0,-140.0,15255.0,15255.0,15160.0,2378.0
2021.09.17,15360.0,-115.0,15385.0,15475.0,15350.0,4934.0
2021.09.16,15475.0,10.0,15500.0,15740.0,15475.0,4524.0
2021.09.15,15465.0,-110.0,15465.0,15470.0,15370.0,18334.0
2021.09.14,15575.0,140.0,15510.0,15635.0,15450.0,1760.0
2021.09.13,15435.0,-140.0,15515.0,15515.0,15290.0,5177.0
2021.09.10,15575.0,45.0,15500.0,15575.0,15405.0,6750.0
2021.09.09,15530.0,-140.0,15650.0,15650.0,15480.0,2431.0
2021.09.08,15670.0,-80.0,15675.0,15675.0,15525.0,14626.0
2021.09.07,15750.0,85.0,15700.0,15835.0,15595.0,3883.0
2021.09.06,15665.0,-155.0,15685.0,15730.0,15595.0,3360.0
2021.09.03,15820.0,110.0,15710.0,15835.0,15710.0,4301.0
2021.09.02,15710.0,-5.0,15540.0,15715.0,15530.0,8202.0
2021.09.01,15715.0,185.0,15545.0,15785.0,15545.0,5817.0
2021.08.31,15530.0,-65.0,15770.0,15770.0,15515.0,10281.0
2021.08.30,15595.0,-80.0,15740.0,15745.0,15595.0,5181.0
2021.08.27,15675.0,95.0,15580.0,15680.0,15440.0,9515.0
2021.08.26,15580.0,45.0,15575.0,15820.0,15575.0,15970.0
2021.08.25,15535.0,65.0,15590.0,15635.0,15490.0,3918.0
2021.08.24,15470.0,60.0,15520.0,15700.0,15465.0,4460.0
2021.08.23,15410.0,140.0,15500.0,15595.0,15405.0,5225.0
2021.08.20,15270.0,-100.0,15370.0,15510.0,15255.0,4487.0
2021.08.19,15370.0,-195.0,15620.0,15625.0,15370.0,9009.0
2021.08.18,15565.0,-65.0,15630.0,15700.0,15555.0,4525.0
2021.08.17,15630.0,-15.0,15645.0,15725.0,15630.0,14492.0
2021.08.13,15645.0,10.0,15640.0,15770.0,15620.0,16452.0
2021.08.12,15635.0,150.0,15635.0,15885.0,15635.0,11601.0
2021.08.11,15485.0,75.0,15555.0,15645.0,15485.0,15265.0
2021.08.10,15410.0,10.0,15490.0,15590.0,15350.0,13388.0
2021.08.09,15400.0,150.0,15465.0,15470.0,15365.0,9092.0
2021.08.06,15250.0,-60.0,15350.0,15425.0,15250.0,10937.0
2021.08.05,15310.0,-30.0,15340.0,15340.0,15110.0,4264.0
2021.08.04,15340.0,205.0,15300.0,15400.0,15300.0,27788.0
2021.08.03,15135.0,-5.0,15330.0,15330.0,15135.0,8121.0
2021.08.02,15140.0,-125.0,15385.0,15385.0,15125.0,33742.0
2021.07.30,15265.0,-15.0,15305.0,15425.0,15265.0,8185.0
2021.07.29,15280.0,30.0,15400.0,15400.0,15245.0,2093.0
2021.07.28,15250.0,110.0,15300.0,15345.0,15215.0,3352.0
2021.07.27,15140.0,115.0,15155.0,15290.0,15140.0,4557.0
2021.07.26,15025.0,100.0,15025.0,15130.0,15005.0,9752.0
2021.07.23,14925.0,-245.0,15175.0,15180.0,14920.0,14712.0
2021.07.22,15170.0,70.0,15400.0,15400.0,15115.0,4411.0
2021.07.21,15100.0,130.0,15360.0,15360.0,14935.0,19854.0
2021.07.20,14970.0,-205.0,14970.0,15000.0,14800.0,11632.0
2021.07.19,15175.0,-225.0,15325.0,15325.0,15160.0,13401.0
2021.07.16,15400.0,140.0,15310.0,15410.0,15280.0,5313.0
2021.07.15,15260.0,-20.0,15305.0,15425.0,15260.0,6119.0
2021.07.14,15280.0,-300.0,15430.0,15455.0,15235.0,19904.0
2021.07.13,15580.0,175.0,15600.0,15655.0,15450.0,21695.0
2021.07.12,15405.0,170.0,15550.0,15550.0,15385.0,12139.0
2021.07.09,15235.0,-45.0,15280.0,15295.0,15200.0,6127.0
2021.07.08,15280.0,-105.0,15385.0,15385.0,15260.0,10472.0
2021.07.07,15385.0,-65.0,15440.0,15440.0,15345.0,8248.0
2021.07.06,15450.0,35.0,15460.0,15515.0,15430.0,8318.0
2021.07.05,15415.0,-110.0,15525.0,15550.0,15415.0,9127.0
2021.07.02,15525.0,110.0,15440.0,15630.0,15440.0,6245.0
2021.07.01,15415.0,-15.0,15360.0,15540.0,15360.0,5410.0
2021.06.30,15430.0,-55.0,15470.0,15470.0,15255.0,13122.0
2021.06.29,15485.0,-105.0,15585.0,15585.0,15460.0,13626.0
2021.06.28,15590.0,15.0,15700.0,15720.0,15570.0,16811.0
2021.06.25,15575.0,210.0,15450.0,15575.0,15425.0,11719.0
2021.06.24,15365.0,-10.0,15425.0,15430.0,15315.0,8761.0
2021.06.23,15375.0,-60.0,15495.0,15495.0,15280.0,45898.0
2021.06.22,15435.0,165.0,15620.0,15620.0,15410.0,12222.0
2021.06.21,15270.0,-375.0,15280.0,15280.0,15145.0,31733.0
2021.06.18,15645.0,-305.0,15610.0,15645.0,15500.0,48801.0
2021.06.17,15950.0,-50.0,15915.0,15950.0,15725.0,5832.0
2021.06.16,16000.0,130.0,16005.0,16130.0,15875.0,29412.0
2021.06.15,15870.0,-75.0,15930.0,15945.0,15825.0,16792.0
2021.06.14,15945.0,-75.0,15990.0,16070.0,15935.0,23569.0
2021.06.11,16020.0,0.0,15935.0,16085.0,15935.0,30050.0
2021.06.10,16020.0,-100.0,15975.0,16125.0,15975.0,11178.0
2021.06.09,16120.0,140.0,16015.0,16165.0,16015.0,17560.0
2021.06.08,15980.0,-15.0,16025.0,16145.0,15930.0,39467.0
2021.06.07,15995.0,-5.0,16070.0,16185.0,15985.0,36144.0
2021.06.04,16000.0,90.0,16080.0,16080.0,15930.0,14348.0
2021.06.03,15910.0,-70.0,15990.0,16130.0,15910.0,63287.0
2021.06.02,15980.0,-40.0,15970.0,16110.0,15920.0,40057.0
2021.06.01,16020.0,170.0,15825.0,16030.0,15820.0,15509.0
2021.05.31,15850.0,-105.0,15885.0,16000.0,15845.0,50202.0
2021.05.28,15955.0,130.0,15935.0,16040.0,15845.0,14547.0
2021.05.27,15825.0,-5.0,15820.0,15890.0,15750.0,8246.0
2021.05.26,15830.0,-210.0,15805.0,15850.0,15770.0,38555.0
2021.05.25,16040.0,30.0,16000.0,16150.0,15900.0,30042.0
2021.05.24,16010.0,10.0,15990.0,16110.0,15905.0,35134.0
2021.05.21,16000.0,-10.0,15975.0,16060.0,15910.0,37830.0
2021.05.20,16010.0,-205.0,15910.0,16010.0,15910.0,25292.0
2021.05.18,16215.0,200.0,16170.0,16315.0,16120.0,33287.0
2021.05.17,16015.0,-105.0,16200.0,16315.0,16000.0,189750.0
2021.05.14,16120.0,325.0,15835.0,16125.0,15835.0,73484.0
2021.05.13,15795.0,-305.0,15695.0,15850.0,15670.0,52386.0
2021.05.12,16100.0,-205.0,16000.0,16105.0,15965.0,41096.0
2021.05.11,16305.0,120.0,16170.0,16305.0,16130.0,83869.0
2021.05.10,16185.0,-5.0,16130.0,16200.0,16065.0,56928.0
2021.05.07,16190.0,290.0,16040.0,16190.0,16030.0,85398.0
2021.05.06,15900.0,-10.0,15905.0,15950.0,15850.0,61944.0
2021.05.04,15910.0,175.0,15800.0,15910.0,15730.0,60161.0
2021.05.03,15735.0,55.0,15580.0,15740.0,15580.0,94662.0
2021.04.30,15680.0,175.0,15670.0,15765.0,15610.0,27709.0
2021.04.29,15505.0,115.0,15555.0,15555.0,15465.0,4347.0
2021.04.28,15390.0,-160.0,15440.0,15505.0,15390.0,38617.0
2021.04.27,15550.0,55.0,15545.0,15560.0,15440.0,15980.0
2021.04.26,15495.0,30.0,15500.0,15590.0,15485.0,46554.0
2021.04.23,15465.0,-205.0,15460.0,15465.0,15345.0,31944.0
2021.04.22,15670.0,190.0,15525.0,15675.0,15525.0,19622.0
2021.04.21,15480.0,-95.0,15330.0,15515.0,15330.0,110040.0
2021.04.20,15575.0,-95.0,15505.0,15575.0,15485.0,31095.0
2021.04.19,15670.0,100.0,15535.0,15800.0,15535.0,30011.0
2021.04.16,15570.0,75.0,15565.0,15620.0,15470.0,66881.0
2021.04.15,15495.0,110.0,15360.0,15495.0,15320.0,30189.0
2021.04.14,15385.0,90.0,15295.0,15390.0,15290.0,15009.0
2021.04.13,15295.0,15.0,15355.0,15450.0,15285.0,29555.0
2021.04.12,15280.0,-40.0,15320.0,15375.0,15265.0,20753.0
2021.04.09,15320.0,-35.0,15260.0,15330.0,15170.0,28539.0
2021.04.08,15355.0,-50.0,15315.0,15400.0,15310.0,22630.0
2021.04.07,15405.0,150.0,15315.0,15405.0,15310.0,17160.0
2021.04.06,15255.0,-45.0,15265.0,15390.0,15255.0,29135.0
2021.04.05,15300.0,0.0,15300.0,15300.0,15205.0,5066.0
2021.04.02,15300.0,115.0,15165.0,15305.0,15135.0,52071.0
2021.04.01,15185.0,-55.0,15070.0,15185.0,15070.0,20522.0
2021.03.31,15240.0,150.0,15100.0,15245.0,15100.0,20734.0
2021.03.30,15090.0,-180.0,15120.0,15225.0,15085.0,65769.0
2021.03.29,15270.0,235.0,15040.0,15280.0,15040.0,40704.0
2021.03.26,15035.0,265.0,14865.0,15035.0,14865.0,11683.0
2021.03.25,14770.0,10.0,14675.0,14785.0,14675.0,5060.0
2021.03.24,14760.0,-215.0,14645.0,14760.0,14645.0,22204.0
2021.03.23,14975.0,-75.0,14975.0,14980.0,14830.0,5860.0
2021.03.22,15050.0,-50.0,15045.0,15050.0,14880.0,15095.0
2021.03.19,15100.0,-85.0,14990.0,15135.0,14985.0,30957.0
2021.03.18,15185.0,105.0,15145.0,15185.0,14975.0,36751.0
2021.03.17,15080.0,-200.0,14950.0,15080.0,14910.0,63176.0
2021.03.16,15280.0,85.0,15260.0,15295.0,15160.0,31229.0
2021.03.15,15195.0,225.0,14980.0,15230.0,14980.0,48526.0
2021.03.12,14970.0,80.0,14840.0,14990.0,14815.0,19415.0
2021.03.11,14890.0,190.0,14870.0,15100.0,14820.0,33635.0
2021.03.10,14700.0,-240.0,14605.0,14770.0,14525.0,32438.0
2021.03.09,14940.0,425.0,14800.0,14960.0,14720.0,150429.0
2021.03.08,14515.0,375.0,14435.0,14515.0,14390.0,4304.0
2021.03.05,14140.0,-130.0,14055.0,14140.0,14015.0,2881.0
2021.03.04,14270.0,120.0,14180.0,14270.0,14145.0,8917.0
2021.03.03,14150.0,-20.0,14090.0,14870.0,14055.0,5355.0
2021.03.02,14170.0,115.0,14070.0,14195.0,14070.0,23807.0
2021.02.26,14055.0,-295.0,13935.0,14060.0,13935.0,17985.0
2021.02.25,14350.0,360.0,14225.0,14350.0,14225.0,27146.0
2021.02.24,13990.0,-20.0,14030.0,14115.0,13990.0,8767.0
2021.02.23,14010.0,145.0,14040.0,14050.0,13920.0,9399.0
2021.02.22,13865.0,170.0,13855.0,13890.0,13765.0,3569.0
2021.02.19,13695.0,-60.0,13635.0,13700.0,13585.0,13382.0
2021.02.18,13755.0,50.0,13760.0,13760.0,13650.0,1443.0
2021.02.17,13705.0,155.0,13580.0,13705.0,13580.0,3472.0
2021.02.16,13550.0,50.0,13465.0,13580.0,13465.0,1452.0
2021.02.15,13500.0,-15.0,13515.0,13540.0,13460.0,3540.0
2021.02.10,13515.0,0.0,13475.0,13515.0,13435.0,3172.0
2021.02.09,13515.0,195.0,13480.0,13520.0,13415.0,11168.0
2021.02.08,13320.0,145.0,13320.0,13360.0,13245.0,3669.0
2021.02.05,13175.0,110.0,13280.0,13280.0,13165.0,5993.0
2021.02.04,13065.0,45.0,13145.0,13145.0,13030.0,1166.0
2021.02.03,13020.0,150.0,12955.0,13030.0,12915.0,1051.0
2021.02.02,12870.0,135.0,12810.0,12885.0,12805.0,3238.0
2021.02.01,12735.0,-165.0,12735.0,12735.0,12715.0,2861.0
2021.01.29,12900.0,-60.0,13015.0,13015.0,12885.0,13550.0
2021.01.28,12960.0,-235.0,12860.0,12970.0,12860.0,2161.0
2021.01.27,13195.0,25.0,13215.0,13215.0,13105.0,2941.0
2021.01.26,13170.0,-5.0,13145.0,13185.0,13145.0,1541.0
2021.01.25,13175.0,-45.0,13100.0,13180.0,13085.0,3102.0
2021.01.22,13220.0,-95.0,13145.0,13230.0,13120.0,3442.0
2021.01.21,13315.0,25.0,13240.0,13320.0,13240.0,3263.0
2021.01.20,13290.0,-10.0,13255.0,13335.0,13255.0,4943.0
2021.01.19,13300.0,45.0,13205.0,13315.0,13205.0,470.0
2021.01.18,13255.0,-65.0,13215.0,13300.0,13190.0,3333.0
2021.01.15,13320.0,45.0,13285.0,13380.0,13285.0,3978.0
2021.01.14,13275.0,-30.0,13195.0,13275.0,13170.0,4886.0
2021.01.13,13305.0,260.0,13195.0,13305.0,13195.0,914.0
2021.01.12,13045.0,45.0,13075.0,13110.0,13045.0,6886.0
2021.01.11,13000.0,-80.0,13025.0,13080.0,12995.0,5201.0
2021.01.08,13080.0,55.0,13155.0,13155.0,13045.0,5426.0
2021.01.07,13025.0,475.0,13025.0,13090.0,13025.0,12863.0
2021.01.06,12550.0,80.0,12500.0,12600.0,12500.0,5425.0
2021.01.05,12470.0,-110.0,12490.0,12490.0,12380.0,5175.0
2021.01.04,12580.0,135.0,12580.0,12690.0,12580.0,6528.0
2020.12.30,12445.0,-55.0,12420.0,12470.0,12390.0,7914.0
2020.12.29,12500.0,-30.0,12510.0,12590.0,12495.0,3491.0
2020.12.28,12530.0,10.0,12545.0,12560.0,12525.0,2163.0
2020.12.24,12520.0,140.0,12525.0,12525.0,12460.0,6280.0
2020.12.23,12380.0,-80.0,12320.0,12390.0,12285.0,4308.0
2020.12.22,12460.0,-95.0,12465.0,12470.0,12420.0,3379.0
2020.12.21,12555.0,-15.0,12565.0,12565.0,12490.0,1193.0
2020.12.18,12570.0,-70.0,12575.0,12640.0,12540.0,3671.0
2020.12.17,12640.0,-45.0,12600.0,12645.0,12600.0,1356.0
2020.12.16,12685.0,245.0,12640.0,12685.0,12605.0,2503.0
2020.12.15,12440.0,-160.0,12550.0,12550.0,12435.0,4828.0
2020.12.14,12600.0,-100.0,12610.0,12655.0,12555.0,3967.0
2020.12.11,12700.0,-25.0,12675.0,12710.0,12655.0,6817.0
2020.12.10,12725.0,0.0,12660.0,12730.0,12625.0,2634.0
2020.12.09,12725.0,40.0,12645.0,12725.0,12640.0,4691.0
2020.12.08,12685.0,-80.0,12605.0,12685.0,12605.0,3020.0
2020.12.07,12765.0,170.0,12740.0,12775.0,12665.0,3760.0
2020.12.04,12595.0,55.0,12550.0,12595.0,12545.0,9416.0
2020.12.03,12540.0,120.0,12500.0,12540.0,12500.0,2641.0
2020.12.02,12420.0,160.0,12350.0,12460.0,12350.0,10362.0
2020.12.01,12260.0,-275.0,12285.0,12285.0,12260.0,12241.0
2020.11.30,12535.0,0.0,12530.0,12540.0,12505.0,1370.0
2020.11.27,12535.0,-110.0,12535.0,12635.0,12530.0,4685.0
2020.11.26,12645.0,-25.0,12575.0,12645.0,12530.0,9523.0
2020.11.25,12670.0,290.0,12500.0,12745.0,12500.0,11599.0
2020.11.24,12380.0,220.0,12360.0,12385.0,12300.0,7046.0
2020.11.23,12160.0,-55.0,12160.0,12160.0,12060.0,2205.0
2020.11.20,12215.0,5.0,12130.0,12215.0,12115.0,1721.0
2020.11.19,12210.0,-150.0,12120.0,12210.0,12090.0,8097.0
2020.11.18,12360.0,30.0,12295.0,12365.0,12295.0,4761.0
2020.11.17,12330.0,315.0,12335.0,12370.0,12305.0,4960.0
2020.11.16,12015.0,220.0,12040.0,12075.0,11800.0,2767.0
2020.11.13,11795.0,-265.0,11965.0,11965.0,11770.0,5317.0
2020.11.12,12060.0,-115.0,12010.0,12070.0,12010.0,3487.0
2020.11.11,12175.0,215.0,12070.0,12175.0,12070.0,10411.0
2020.11.10,11960.0,735.0,11955.0,11975.0,11870.0,11302.0
2020.11.09,11225.0,-65.0,11180.0,11235.0,10905.0,1379.0
2020.11.06,11290.0,160.0,11395.0,11395.0,11290.0,1273.0
2020.11.05,11130.0,-255.0,11135.0,11135.0,11110.0,2318.0
2020.11.04,11385.0,180.0,11505.0,11505.0,11305.0,3840.0
2020.11.03,11205.0,295.0,11180.0,11205.0,11105.0,3345.0
2020.11.02,10910.0,-10.0,10915.0,10915.0,10815.0,594.0
2020.10.30,10920.0,150.0,10895.0,10920.0,10815.0,1655.0
2020.10.29,10770.0,-335.0,10770.0,10770.0,10670.0,3750.0
2020.10.28,11105.0,-160.0,11050.0,11105.0,11050.0,997.0
2020.10.27,11265.0,-180.0,11320.0,11320.0,11225.0,2811.0
2020.10.26,11445.0,0.0,11455.0,11500.0,11445.0,7926.0
2020.10.23,11445.0,130.0,11315.0,11520.0,11315.0,1971.0
2020.10.22,11315.0,15.0,11245.0,11315.0,11215.0,1782.0
2020.10.21,11300.0,35.0,11310.0,11335.0,11300.0,655.0
2020.10.20,11265.0,-100.0,11275.0,11275.0,11240.0,975.0
2020.10.19,11365.0,55.0,11340.0,11405.0,11305.0,4722.0
2020.10.16,11310.0,10.0,11370.0,11370.0,11310.0,845.0
2020.10.15,11300.0,-40.0,11305.0,11305.0,11235.0,499.0
2020.10.14,11340.0,-110.0,11340.0,11345.0,11310.0,581.0
2020.10.13,11450.0,100.0,11415.0,11480.0,11415.0,11338.0
2020.10.12,11350.0,40.0,11405.0,11430.0,11340.0,3792.0
2020.10.08,11310.0,220.0,11275.0,11310.0,11215.0,4729.0
2020.10.07,11090.0,-5.0,11095.0,11095.0,11055.0,469.0
2020.10.06,11095.0,215.0,11120.0,11120.0,11055.0,1444.0
2020.10.05,10880.0,90.0,10790.0,11005.0,10790.0,1675.0
2020.09.29,10790.0,210.0,10815.0,10815.0,10750.0,854.0
2020.09.28,10580.0,50.0,10665.0,10665.0,10580.0,984.0
2020.09.25,10530.0,125.0,10545.0,10545.0,10445.0,1355.0
2020.09.24,10405.0,-320.0,10620.0,10620.0,10395.0,2842.0
2020.09.23,10725.0,-20.0,10665.0,10725.0,10620.0,1363.0
2020.09.22,10745.0,-255.0,10725.0,10750.0,10645.0,2223.0
2020.09.21,11000.0,-115.0,11050.0,11050.0,10940.0,352.0
2020.09.18,11115.0,0.0,11115.0,11140.0,11080.0,1001.0
2020.09.17,11115.0,60.0,11120.0,11225.0,11110.0,2555.0
2020.09.16,11055.0,20.0,11040.0,11150.0,10960.0,1324.0
2020.09.15,11035.0,40.0,11100.0,11100.0,11030.0,5273.0
2020.09.14,10995.0,55.0,11045.0,11045.0,10950.0,631.0
2020.09.11,10940.0,-155.0,10825.0,10940.0,10820.0,1163.0
2020.09.10,11095.0,70.0,11000.0,11105.0,10990.0,1621.0
2020.09.09,11025.0,-60.0,11030.0,11030.0,10930.0,2413.0
2020.09.08,11085.0,-65.0,11150.0,11170.0,11070.0,1227.0
2020.09.07,11150.0,65.0,11070.0,11150.0,11070.0,445.0
2020.09.04,11085.0,-185.0,11095.0,11100.0,11015.0,13648.0
2020.09.03,11270.0,180.0,11170.0,11360.0,11170.0,2699.0
2020.09.02,11090.0,40.0,11050.0,11105.0,10950.0,2392.0
2020.09.01,11050.0,-110.0,11155.0,11155.0,10955.0,2335.0
2020.08.31,11160.0,50.0,11110.0,11190.0,11085.0,3119.0
2020.08.28,11110.0,120.0,11105.0,11160.0,11005.0,1159.0
2020.08.27,10990.0,-85.0,11020.0,11070.0,10920.0,1763.0
2020.08.26,11075.0,-110.0,11095.0,11210.0,11020.0,10820.0
2020.08.25,11185.0,275.0,11090.0,11195.0,11090.0,6175.0
2020.08.24,10910.0,-105.0,11000.0,11000.0,10815.0,1897.0
2020.08.21,11015.0,0.0,10940.0,11015.0,10905.0,2111.0
2020.08.20,11015.0,-65.0,11055.0,11055.0,10990.0,3784.0
2020.08.19,11080.0,-100.0,11060.0,11090.0,10985.0,1388.0
2020.08.18,11180.0,-115.0,11275.0,11275.0,11180.0,3407.0
2020.08.14,11295.0,-140.0,11195.0,11305.0,11195.0,1023.0
2020.08.13,11435.0,145.0,11435.0,11435.0,11340.0,2812.0
2020.08.12,11290.0,50.0,11245.0,11330.0,11240.0,12298.0
2020.08.11,11240.0,185.0,11310.0,11310.0,11190.0,1797.0
2020.08.10,11055.0,165.0,11045.0,11220.0,11045.0,3544.0
2020.08.07,10890.0,-90.0,10930.0,10980.0,10880.0,1738.0
2020.08.06,10980.0,30.0,10975.0,11060.0,10885.0,2455.0
2020.08.05,10950.0,0.0,10920.0,11005.0,10900.0,1430.0
2020.08.04,10950.0,100.0,10870.0,10955.0,10870.0,3113.0
2020.08.03,10850.0,-55.0,10905.0,10945.0,10845.0,1372.0
2020.07.31,10905.0,-130.0,11000.0,11000.0,10895.0,569.0
2020.07.30,11035.0,185.0,10980.0,11060.0,10980.0,1256.0
2020.07.29,10850.0,-100.0,10910.0,10910.0,10850.0,9829.0
2020.07.28,10950.0,-25.0,10945.0,10975.0,10915.0,2404.0
2020.07.27,10975.0,-5.0,10870.0,10975.0,10865.0,1719.0
2020.07.24,10980.0,75.0,10875.0,11060.0,10875.0,11939.0
2020.07.23,10905.0,-15.0,10905.0,11000.0,10905.0,1583.0
2020.07.22,10920.0,115.0,10900.0,10930.0,10840.0,4163.0
2020.07.21,10805.0,-100.0,10690.0,10805.0,10690.0,27202.0
2020.07.20,10905.0,-10.0,10990.0,10990.0,10820.0,1190.0
2020.07.17,10915.0,130.0,10885.0,10965.0,10825.0,1240.0
2020.07.16,10785.0,220.0,10575.0,11275.0,10575.0,5380.0
2020.07.15,10565.0,110.0,10615.0,10690.0,10565.0,5911.0
2020.07.14,10455.0,-25.0,10545.0,10545.0,10455.0,4817.0
2020.07.13,10480.0,270.0,10425.0,10530.0,10425.0,7151.0
2020.07.10,10210.0,-260.0,10235.0,10235.0,10170.0,4688.0
2020.07.09,10470.0,-30.0,10455.0,10515.0,10375.0,768.0
2020.07.08,10500.0,-90.0,10420.0,10515.0,10420.0,2104.0
2020.07.07,10590.0,-75.0,10615.0,10710.0,10590.0,6247.0
2020.07.06,10665.0,115.0,10610.0,10665.0,10530.0,10296.0
2020.07.03,10550.0,0.0,10575.0,10595.0,10530.0,1267.0
2020.07.02,10550.0,10.0,10515.0,10550.0,10440.0,1597.0
2020.07.01,10540.0,145.0,10675.0,10675.0,10540.0,2581.0
2020.06.30,10395.0,95.0,10475.0,10525.0,10395.0,8161.0
2020.06.29,10300.0,-265.0,10275.0,10300.0,10200.0,9563.0
2020.06.26,10565.0,95.0,10585.0,10585.0,10530.0,5745.0
2020.06.25,10470.0,-330.0,10345.0,10470.0,10345.0,16513.0
2020.06.24,10800.0,-45.0,10825.0,10825.0,10780.0,2653.0
2020.06.23,10845.0,0.0,10845.0,10845.0,10815.0,3580.0
2020.06.22,10845.0,-40.0,10795.0,10855.0,10795.0,7365.0
2020.06.19,10885.0,-60.0,10875.0,10965.0,10860.0,5925.0
2020.06.18,10945.0,-100.0,10915.0,10975.0,10900.0,4083.0
2020.06.17,11045.0,140.0,10900.0,11075.0,10900.0,10262.0
2020.06.16,10905.0,315.0,10845.0,10910.0,10800.0,7563.0
2020.06.15,10590.0,-150.0,10770.0,10890.0,10590.0,19598.0
2020.06.12,10740.0,-655.0,10635.0,10740.0,10550.0,32155.0
2020.06.11,11395.0,-320.0,11710.0,11710.0,11290.0,10674.0
2020.06.10,11715.0,-265.0,11720.0,11720.0,11570.0,8015.0
2020.06.09,11980.0,295.0,11945.0,12025.0,11895.0,26696.0
2020.06.08,11685.0,355.0,11415.0,11690.0,11415.0,18235.0
2020.06.05,11330.0,140.0,11270.0,11330.0,11215.0,8604.0
2020.06.04,11190.0,160.0,12700.0,12700.0,11045.0,11713.0
2020.06.03,11030.0,170.0,10965.0,11030.0,10915.0,8334.0
2020.06.02,10860.0,65.0,10935.0,10935.0,10500.0,2529.0
2020.06.01,10795.0,60.0,10780.0,10795.0,10720.0,5852.0
2020.05.29,10735.0,-105.0,10820.0,10820.0,10720.0,6223.0
2020.05.28,10840.0,315.0,10700.0,10895.0,10700.0,11101.0
2020.05.27,10525.0,195.0,10550.0,10575.0,10450.0,12609.0
2020.05.26,10330.0,5.0,10300.0,10340.0,10250.0,4911.0
2020.05.25,10325.0,70.0,10335.0,10335.0,10255.0,1351.0
2020.05.22,10255.0,-60.0,10260.0,10300.0,10250.0,1400.0
2020.05.21,10315.0,190.0,10315.0,10350.0,10255.0,1803.0
2020.05.20,10125.0,-75.0,10200.0,10200.0,10005.0,2211.0
2020.05.19,10200.0,315.0,10090.0,10265.0,10090.0,6872.0
2020.05.18,9885.0,125.0,9890.0,9890.0,9805.0,2614.0
2020.05.15,9760.0,-55.0,9900.0,9950.0,9760.0,2146.0
2020.05.14,9815.0,-240.0,9835.0,9835.0,9800.0,10384.0
2020.05.13,10055.0,-115.0,10000.0,10090.0,10000.0,1588.0
2020.05.12,10170.0,-90.0,10255.0,10255.0,10125.0,5532.0
2020.05.11,10260.0,155.0,10075.0,10315.0,10075.0,7880.0
2020.05.08,10105.0,25.0,10280.0,10280.0,10050.0,7503.0
2020.05.07,10080.0,-220.0,10010.0,10100.0,9965.0,12247.0
2020.05.06,10300.0,65.0,10635.0,10635.0,10245.0,5372.0
2020.05.04,10235.0,-305.0,10235.0,10235.0,10125.0,4953.0
2020.04.29,10540.0,170.0,10520.0,10590.0,10520.0,5453.0
2020.04.28,10370.0,205.0,10460.0,10500.0,10335.0,4608.0
2020.04.27,10165.0,175.0,10140.0,10250.0,10050.0,4083.0
2020.04.24,9990.0,-75.0,10075.0,10075.0,9950.0,3088.0
2020.04.23,10065.0,30.0,10085.0,10160.0,10000.0,5980.0
2020.04.22,10035.0,-135.0,9830.0,10035.0,9830.0,10288.0
2020.04.21,10170.0,-330.0,10340.0,10340.0,10155.0,4714.0
2020.04.20,10500.0,-140.0,10645.0,10645.0,10500.0,9670.0
2020.04.17,10640.0,375.0,10155.0,10650.0,10100.0,22854.0
2020.04.16,10265.0,-385.0,10265.0,10615.0,10210.0,8596.0
2020.04.14,10650.0,95.0,10700.0,10730.0,10410.0,8325.0
2020.04.13,10555.0,-45.0,10760.0,10760.0,10555.0,8659.0
2020.04.10,10600.0,390.0,10550.0,10720.0,10530.0,17221.0
2020.04.09,10210.0,530.0,10000.0,10300.0,9450.0,7469.0
2020.04.08,9680.0,-10.0,9800.0,9905.0,9615.0,10595.0
2020.04.07,9690.0,205.0,9940.0,9940.0,9585.0,7339.0
2020.04.06,9485.0,245.0,9100.0,9500.0,8950.0,17656.0
2020.04.03,9240.0,40.0,9230.0,9280.0,9140.0,4916.0
2020.04.02,9200.0,-540.0,9115.0,9200.0,9055.0,10611.0
2020.04.01,9740.0,-215.0,9740.0,9740.0,9665.0,4044.0
2020.03.31,9955.0,230.0,9975.0,9975.0,9890.0,5719.0
2020.03.30,9725.0,-125.0,9735.0,9735.0,9525.0,9829.0
2020.03.27,9850.0,660.0,9815.0,9865.0,9750.0,7915.0
2020.03.26,9190.0,535.0,9100.0,9190.0,8985.0,4750.0
2020.03.25,8655.0,485.0,8710.0,8710.0,8545.0,9911.0
2020.03.24,8170.0,-270.0,8440.0,8440.0,7865.0,18766.0
2020.03.23,8440.0,-535.0,8465.0,8800.0,8350.0,1815.0
2020.03.20,8975.0,-240.0,8865.0,9300.0,8865.0,11688.0
2020.03.19,9215.0,-400.0,9175.0,9300.0,9175.0,6478.0
2020.03.18,9615.0,-80.0,9715.0,10200.0,9605.0,3232.0
2020.03.17,9695.0,-45.0,9730.0,9800.0,9200.0,4882.0
2020.03.16,9740.0,-30.0,9800.0,10360.0,9740.0,8462.0
2020.03.13,9770.0,-825.0,9745.0,9815.0,9430.0,14041.0
2020.03.12,10595.0,-830.0,10910.0,10910.0,10595.0,12832.0
2020.03.11,11425.0,-105.0,11530.0,11645.0,11425.0,13217.0
2020.03.10,11530.0,-610.0,11450.0,11890.0,11070.0,32592.0
2020.03.09,12140.0,-365.0,12255.0,12255.0,12140.0,2768.0
2020.03.06,12505.0,-380.0,12505.0,12505.0,12390.0,7319.0
2020.03.05,12885.0,450.0,13035.0,13035.0,12790.0,12604.0
2020.03.04,12435.0,-285.0,12435.0,12435.0,12405.0,16970.0
2020.03.03,12720.0,590.0,12705.0,12750.0,12600.0,9748.0
2020.03.02,12130.0,-240.0,12130.0,12130.0,12100.0,4747.0
2020.02.28,12370.0,-585.0,12950.0,12950.0,12255.0,10792.0
2020.02.27,12955.0,-175.0,13030.0,13030.0,12890.0,708.0
2020.02.26,13130.0,-450.0,13580.0,13580.0,13065.0,1845.0
2020.02.25,13580.0,-320.0,13585.0,13585.0,13555.0,2381.0
2020.02.24,13900.0,-150.0,13955.0,13955.0,13840.0,1074.0
2020.02.21,14050.0,35.0,14025.0,14050.0,13950.0,1612.0
2020.02.20,14015.0,50.0,13990.0,14015.0,13900.0,1027.0
2020.02.19,13965.0,-20.0,14000.0,14000.0,13900.0,1059.0
2020.02.18,13985.0,-55.0,14040.0,14040.0,13935.0,729.0
2020.02.17,14040.0,-5.0,14050.0,14050.0,13980.0,2976.0
2020.02.14,14045.0,-40.0,14015.0,14080.0,13970.0,3253.0
2020.02.13,14085.0,0.0,14105.0,14105.0,14070.0,1195.0
2020.02.12,14085.0,75.0,14055.0,14085.0,14050.0,5406.0
2020.02.11,14010.0,120.0,13950.0,14010.0,13895.0,1603.0
2020.02.10,13890.0,-170.0,14100.0,14100.0,13835.0,5453.0
2020.02.07,14060.0,-35.0,14065.0,14065.0,13950.0,1290.0
2020.02.06,14095.0,190.0,13980.0,14095.0,13980.0,2723.0
2020.02.05,13905.0,100.0,13880.0,13905.0,13835.0,3957.0
2020.02.04,13805.0,50.0,13850.0,13850.0,13740.0,844.0
2020.02.03,13755.0,-210.0,13755.0,13755.0,13730.0,3086.0
2020.01.31,13965.0,30.0,13940.0,13965.0,13900.0,1929.0
2020.01.30,13935.0,-65.0,13940.0,13940.0,13870.0,2454.0
2020.01.29,14000.0,110.0,13975.0,14000.0,13905.0,726.0
2020.01.28,13890.0,-285.0,13895.0,14185.0,13790.0,4343.0
2020.01.23,14175.0,0.0,14175.0,14175.0,14065.0,2546.0
2020.01.22,14175.0,-45.0,14175.0,14175.0,14100.0,15393.0
2020.01.21,14220.0,-10.0,14230.0,14230.0,14125.0,563.0
2020.01.20,14230.0,80.0,14205.0,14230.0,14055.0,7118.0
2020.01.17,14150.0,110.0,14145.0,14170.0,14065.0,3101.0
2020.01.16,14040.0,0.0,14020.0,14040.0,14015.0,218.0
2020.01.15,14040.0,75.0,14010.0,14040.0,14010.0,856.0
2020.01.14,13965.0,40.0,13990.0,14005.0,13950.0,9631.0
2020.01.13,13925.0,-10.0,13925.0,13925.0,13850.0,1219.0
2020.01.10,13935.0,35.0,13925.0,13940.0,13890.0,7945.0
2020.01.09,13900.0,110.0,13870.0,13900.0,13835.0,1359.0
2020.01.08,13790.0,-10.0,13840.0,13840.0,13750.0,2955.0
2020.01.07,13800.0,-45.0,13855.0,13880.0,13770.0,2269.0
2020.01.06,13845.0,-40.0,13820.0,13860.0,13775.0,14484.0
2020.01.03,13885.0,-80.0,13975.0,13975.0,13885.0,2792.0
2020.01.02,13965.0,5.0,13960.0,13990.0,13950.0,2066.0
2019.12.30,13960.0,-40.0,14000.0,14000.0,13890.0,1947.0
2019.12.27,14000.0,105.0,13960.0,14015.0,13950.0,495.0
2019.12.26,13895.0,-70.0,13965.0,13965.0,13885.0,5600.0
2019.12.24,13965.0,-10.0,14015.0,14015.0,13960.0,1854.0
2019.12.23,13975.0,70.0,14025.0,14025.0,13935.0,16656.0
2019.12.20,13905.0,-5.0,13895.0,13910.0,13845.0,459.0
2019.12.19,13910.0,45.0,13930.0,13930.0,13865.0,1569.0
2019.12.18,13865.0,0.0,13865.0,13865.0,13850.0,291.0
2019.12.17,13865.0,105.0,13870.0,13890.0,13780.0,972.0
2019.12.16,13760.0,-40.0,13780.0,13780.0,13670.0,173.0
2019.12.13,13800.0,120.0,13795.0,13805.0,13715.0,839.0
2019.12.12,13680.0,35.0,13605.0,13680.0,13605.0,565.0
2019.12.11,13645.0,-5.0,13650.0,13650.0,13540.0,414.0
2019.12.10,13650.0,40.0,13655.0,13655.0,13635.0,659.0
2019.12.09,13610.0,35.0,13700.0,13700.0,13585.0,871.0
2019.12.06,13575.0,20.0,13585.0,13585.0,13475.0,234.0
2019.12.05,13555.0,65.0,13495.0,13555.0,13460.0,440.0
2019.12.04,13490.0,-110.0,13500.0,13500.0,13390.0,1779.0
2019.12.03,13600.0,-65.0,13600.0,13600.0,13575.0,2822.0
2019.12.02,13665.0,-10.0,13550.0,13665.0,13550.0,8710.0
2019.11.29,13675.0,5.0,13745.0,13745.0,13635.0,141.0
2019.11.28,13670.0,-5.0,13715.0,13715.0,13560.0,3431.0
2019.11.27,13675.0,-15.0,13655.0,13680.0,13580.0,3827.0
2019.11.26,13690.0,60.0,13690.0,13690.0,13630.0,822.0
2019.11.25,13630.0,45.0,13630.0,13630.0,13600.0,757.0
2019.11.22,13585.0,-5.0,13585.0,13585.0,13560.0,4169.0
2019.11.21,13590.0,-10.0,13590.0,13590.0,13560.0,720.0
2019.11.20,13600.0,-100.0,13600.0,13600.0,13535.0,3659.0
2019.11.19,13700.0,75.0,13695.0,13715.0,13695.0,379.0
2019.11.18,13625.0,-35.0,13730.0,13730.0,13625.0,4799.0
2019.11.15,13660.0,-5.0,13600.0,13665.0,13600.0,455.0
2019.11.14,13665.0,-20.0,13640.0,13665.0,13640.0,2748.0
2019.11.13,13685.0,-5.0,13685.0,13685.0,13650.0,16106.0
2019.11.12,13690.0,-65.0,13690.0,13690.0,13660.0,10125.0
2019.11.11,13755.0,115.0,13755.0,13755.0,13675.0,9360.0
2019.11.08,13640.0,-10.0,13700.0,13720.0,13625.0,13720.0
2019.11.07,13650.0,-85.0,13700.0,13700.0,13650.0,15887.0
2019.11.06,13735.0,10.0,13715.0,13740.0,13715.0,4658.0
2019.11.05,13725.0,65.0,13710.0,13730.0,13630.0,2927.0
2019.11.04,13660.0,245.0,13665.0,13665.0,13555.0,6143.0
2019.11.01,13415.0,-185.0,13495.0,13495.0,13395.0,5395.0
2019.10.31,13600.0,-25.0,13605.0,13605.0,13505.0,37.0
2019.10.30,13625.0,135.0,13625.0,13625.0,13600.0,264.0
2019.10.29,13490.0,-115.0,13605.0,13605.0,13490.0,3280.0
2019.10.28,13605.0,30.0,13605.0,13605.0,13505.0,811.0
2019.10.25,13575.0,10.0,13570.0,13580.0,13465.0,970.0
2019.10.24,13565.0,0.0,13570.0,13570.0,13565.0,4.0
2019.10.23,13565.0,150.0,13455.0,13565.0,13455.0,678.0
2019.10.22,13415.0,0.0,13415.0,13520.0,13415.0,604.0
2019.10.21,13415.0,125.0,13445.0,13445.0,13335.0,441.0
2019.10.18,13290.0,20.0,13405.0,13405.0,13290.0,627.0
2019.10.17,13270.0,-110.0,13380.0,13380.0,13270.0,628.0
2019.10.16,13380.0,160.0,13290.0,13395.0,13290.0,451.0
2019.10.15,13220.0,-120.0,13315.0,13320.0,13220.0,361.0
2019.10.14,13340.0,105.0,13380.0,13380.0,13340.0,203.0
2019.10.11,13235.0,110.0,13125.0,13235.0,13125.0,55.0
2019.10.10,13125.0,-40.0,13030.0,13125.0,13025.0,205.0
2019.10.08,13165.0,-50.0,13220.0,13220.0,13160.0,195.0
2019.10.07,13215.0,45.0,13330.0,13330.0,13215.0,1044.0
2019.10.04,13170.0,-125.0,13175.0,13175.0,13170.0,152.0
2019.10.02,13295.0,-200.0,13360.0,13360.0,13295.0,305.0
2019.10.01,13495.0,0.0,13430.0,13495.0,13430.0,317.0
2019.09.30,13495.0,100.0,13400.0,13495.0,13400.0,307.0
2019.09.27,13395.0,10.0,13505.0,13505.0,13395.0,183.0
2019.09.26,13385.0,90.0,13395.0,13460.0,13385.0,552.0
2019.09.25,13295.0,-65.0,13300.0,13370.0,13295.0,478.0
2019.09.24,13360.0,-50.0,13465.0,13465.0,13360.0,602.0
2019.09.23,13410.0,-50.0,13420.0,13420.0,13310.0,495.0
2019.09.20,13460.0,-35.0,13460.0,13460.0,13450.0,310.0
2019.09.19,13495.0,-5.0,13500.0,13500.0,13495.0,299.0
2019.09.18,13500.0,5.0,13520.0,13520.0,13500.0,54.0
2019.09.17,13495.0,-5.0,13500.0,13500.0,13495.0,817.0
2019.09.16,13500.0,190.0,13315.0,13500.0,13315.0,1016.0
2019.09.11,13310.0,50.0,13310.0,13410.0,13310.0,1746.0
2019.09.10,13260.0,145.0,13170.0,13265.0,13170.0,641.0
2019.09.09,13115.0,50.0,12935.0,13195.0,12935.0,611.0
2019.09.06,13065.0,145.0,13135.0,13135.0,13020.0,1053.0
2019.09.05,12920.0,140.0,12940.0,13020.0,12915.0,270.0
2019.09.04,12780.0,-120.0,12890.0,12890.0,12780.0,115.0
2019.09.03,12900.0,-30.0,12930.0,12930.0,12820.0,38.0
2019.09.02,12930.0,70.0,12930.0,12930.0,12875.0,79.0
2019.08.30,12860.0,230.0,12880.0,12880.0,12770.0,701.0
2019.08.29,12630.0,60.0,12745.0,12745.0,12630.0,1994.0
2019.08.28,12570.0,-70.0,12630.0,12635.0,12525.0,155.0
2019.08.27,12640.0,120.0,12720.0,12720.0,12640.0,145.0
2019.08.26,12520.0,-315.0,12625.0,12625.0,12520.0,331.0
2019.08.23,12835.0,5.0,12835.0,12930.0,12835.0,216.0
2019.08.22,12830.0,50.0,12915.0,12915.0,12805.0,230.0
2019.08.21,12780.0,-125.0,12780.0,12785.0,12675.0,522.0
2019.08.20,12905.0,145.0,12795.0,12905.0,12795.0,1104.0
2019.08.19,12760.0,195.0,12765.0,12765.0,12655.0,310.0
2019.08.16,12565.0,-245.0,12585.0,12585.0,12470.0,1202.0
2019.08.14,12810.0,70.0,12785.0,12890.0,12785.0,226.0
2019.08.13,12740.0,-160.0,12755.0,12755.0,12640.0,892.0
2019.08.12,12900.0,-105.0,12905.0,12905.0,12790.0,225.0
2019.08.09,13005.0,180.0,12895.0,13010.0,12895.0,762.0
2019.08.08,12825.0,-25.0,12825.0,12825.0,12790.0,460.0
2019.08.07,12850.0,220.0,12735.0,12850.0,12735.0,1419.0
2019.08.06,12630.0,-400.0,13025.0,13025.0,12630.0,6387.0
2019.08.05,13030.0,-95.0,13060.0,13060.0,12945.0,404.0
2019.08.02,13125.0,-140.0,13010.0,13125.0,13010.0,406.0
2019.08.01,13265.0,0.0,13265.0,13270.0,13265.0,314.0
2019.07.31,13265.0,-120.0,13370.0,13370.0,13265.0,585.0
2019.07.30,13385.0,-5.0,13385.0,13385.0,13305.0,15515.0
2019.07.29,13390.0,90.0,13290.0,13390.0,13290.0,471.0
2019.07.26,13300.0,-10.0,13245.0,13300.0,13245.0,76.0
2019.07.25,13310.0,10.0,13305.0,13310.0,13305.0,230.0
2019.07.24,13300.0,65.0,13315.0,13315.0,13300.0,112.0
2019.07.23,13235.0,-40.0,13240.0,13240.0,13230.0,135.0
2019.07.22,13275.0,-55.0,13280.0,13280.0,13180.0,112.0
2019.07.19,13330.0,165.0,13245.0,13330.0,13220.0,270.0
2019.07.18,13165.0,-135.0,13260.0,13260.0,13165.0,206.0
2019.07.17,13300.0,-15.0,13250.0,13300.0,13250.0,224.0
2019.07.16,13315.0,15.0,13370.0,13370.0,13315.0,424.0
2019.07.15,13300.0,5.0,13375.0,13375.0,13280.0,225.0
2019.07.12,13295.0,20.0,13300.0,13300.0,13185.0,2052.0
2019.07.11,13275.0,115.0,13290.0,13290.0,13275.0,228.0
2019.07.10,13160.0,-30.0,13190.0,13190.0,13160.0,29.0
2019.07.09,13190.0,-40.0,13195.0,13195.0,13190.0,170.0
2019.07.08,13230.0,-65.0,13335.0,13335.0,13230.0,522.0
2019.07.05,13295.0,70.0,13295.0,13295.0,13295.0,195.0
2019.07.04,13225.0,115.0,13230.0,13265.0,13225.0,808.0
2019.07.03,13110.0,5.0,13205.0,13205.0,13110.0,808.0
2019.07.02,13105.0,5.0,13150.0,13150.0,13105.0,413.0
2019.07.01,13100.0,110.0,13065.0,13100.0,13065.0,680.0
2019.06.28,12990.0,0.0,12990.0,12990.0,12960.0,21.0
2019.06.27,12990.0,0.0,12990.0,12990.0,12880.0,948.0
2019.06.26,12990.0,-5.0,12995.0,12995.0,12990.0,27.0
2019.06.25,12995.0,-65.0,13060.0,13070.0,12995.0,191.0
2019.06.24,13060.0,-25.0,13130.0,13160.0,13060.0,623.0
2019.06.21,13085.0,90.0,13090.0,13090.0,13080.0,178.0
2019.06.20,12995.0,5.0,12995.0,13020.0,12990.0,83.0
2019.06.19,12990.0,90.0,12900.0,12990.0,12880.0,2259.0
2019.06.18,12900.0,-45.0,12900.0,12900.0,12795.0,99.0
2019.06.17,12945.0,70.0,12950.0,12950.0,12845.0,87.0
2019.06.14,12875.0,5.0,12870.0,12900.0,12870.0,46.0
2019.06.13,12870.0,30.0,12870.0,12870.0,12840.0,44.0
2019.06.12,12840.0,5.0,12865.0,12865.0,12840.0,129.0
2019.06.11,12835.0,90.0,12840.0,12840.0,12830.0,89.0
2019.06.10,12745.0,0.0,12845.0,12845.0,12745.0,339.0
2019.06.07,12745.0,115.0,12835.0,12835.0,12745.0,226.0
2019.06.05,12630.0,245.0,12620.0,12735.0,12620.0,212.0
2019.06.04,12385.0,75.0,12490.0,12490.0,12380.0,44.0
2019.06.03,12310.0,-165.0,12305.0,12310.0,12300.0,384.0
2019.05.31,12475.0,-20.0,12475.0,12475.0,12400.0,131.0
2019.05.30,12495.0,-85.0,12500.0,12500.0,12385.0,252.0
2019.05.29,12580.0,-195.0,12585.0,12585.0,12575.0,668.0
2019.05.28,12775.0,10.0,12775.0,12775.0,12680.0,45.0
2019.05.27,12765.0,0.0,12765.0,12765.0,12665.0,28.0
2019.05.24,12765.0,10.0,12765.0,12765.0,12760.0,51.0
2019.05.23,12755.0,-110.0,12870.0,12870.0,12755.0,179.0
2019.05.22,12865.0,0.0,12880.0,12960.0,12865.0,99.0
2019.05.21,12865.0,-70.0,12875.0,12875.0,12865.0,311.0
2019.05.20,12935.0,-50.0,12935.0,12935.0,12835.0,222.0
2019.05.17,12985.0,45.0,12985.0,12985.0,12980.0,133.0
2019.05.16,12940.0,40.0,12890.0,12940.0,12840.0,151.0
2019.05.15,12900.0,60.0,12805.0,12920.0,12805.0,338.0
2019.05.14,12840.0,-215.0,12840.0,12840.0,12800.0,296.0
2019.05.13,13055.0,95.0,13050.0,13060.0,12955.0,483.0
2019.05.10,12960.0,-60.0,12960.0,12960.0,12950.0,219.0
2019.05.09,13020.0,20.0,12990.0,13020.0,12980.0,508.0
2019.05.08,13000.0,-140.0,13115.0,13115.0,13000.0,421.0
2019.05.07,13140.0,-20.0,13135.0,13240.0,13135.0,512.0
2019.05.03,13160.0,-5.0,13155.0,13160.0,13070.0,383.0
2019.05.02,13165.0,-105.0,13210.0,13210.0,12975.0,142557.0
2019.04.30,13270.0,-10.0,13280.0,13285.0,13170.0,1450.0
2019.04.29,13280.0,85.0,13295.0,13295.0,13185.0,42.0
2019.04.26,13195.0,35.0,13200.0,13200.0,13105.0,152.0
2019.04.25,13160.0,-120.0,13260.0,13260.0,13145.0,1080.0
2019.04.24,13280.0,80.0,13240.0,13285.0,13240.0,151.0
2019.04.23,13200.0,-40.0,13205.0,13205.0,13095.0,398.0
2019.04.22,13240.0,0.0,13270.0,13270.0,12515.0,1391.0
2019.04.19,13240.0,-15.0,13240.0,13240.0,13130.0,15.0
2019.04.18,13255.0,5.0,13245.0,13255.0,13155.0,347.0
2019.04.17,13250.0,125.0,13155.0,13265.0,13155.0,416.0
2019.04.16,13125.0,-95.0,13220.0,13220.0,13110.0,507.0
2019.04.15,13220.0,60.0,13275.0,13275.0,13165.0,505.0
2019.04.12,13160.0,110.0,13195.0,13195.0,13160.0,18.0
2019.04.11,13050.0,-55.0,13105.0,13105.0,13045.0,889.0
2019.04.10,13105.0,-10.0,13000.0,13105.0,13000.0,429.0
2019.04.09,13115.0,-80.0,13195.0,13210.0,13115.0,1434.0
2019.04.08,13195.0,105.0,13240.0,13240.0,13125.0,1122.0
2019.04.05,13090.0,-10.0,13045.0,13095.0,13040.0,5170.0
2019.04.04,13100.0,115.0,12995.0,13100.0,12995.0,685.0
2019.04.03,12985.0,-15.0,12995.0,12995.0,12985.0,32.0
2019.04.02,13000.0,35.0,13000.0,13100.0,13000.0,342.0
2019.04.01,12965.0,155.0,12975.0,12975.0,12865.0,313.0
2019.03.29,12810.0,-5.0,12905.0,12905.0,12800.0,1923.0
2019.03.28,12815.0,-55.0,12820.0,12900.0,12815.0,167.0
2019.03.27,12870.0,50.0,12975.0,12975.0,12870.0,90.0
2019.03.26,12820.0,5.0,12805.0,12820.0,12710.0,4911.0
2019.03.25,12815.0,-205.0,12820.0,12820.0,12800.0,136.0
2019.03.22,13020.0,150.0,12910.0,13020.0,12910.0,584.0
2019.03.21,12870.0,-90.0,12865.0,12875.0,12860.0,877.0
2019.03.20,12960.0,0.0,12965.0,12965.0,12850.0,2410.0
2019.03.19,12960.0,-25.0,13020.0,13020.0,12950.0,313.0
2019.03.18,12985.0,60.0,12925.0,12990.0,12910.0,431.0
2019.03.15,12925.0,0.0,12935.0,12935.0,12825.0,819.0
2019.03.14,12925.0,15.0,12930.0,12930.0,12870.0,631.0
2019.03.13,12910.0,15.0,12905.0,12920.0,12905.0,151.0
2019.03.12,12895.0,170.0,12900.0,12900.0,12790.0,221.0
2019.03.11,12725.0,0.0,12725.0,12725.0,12725.0,624.0
2019.03.08,12725.0,-95.0,12705.0,12725.0,12655.0,270.0
2019.03.07,12820.0,-50.0,12820.0,12820.0,12715.0,61.0
2019.03.06,12870.0,-15.0,12880.0,12880.0,12870.0,207.0
2019.03.05,12885.0,-30.0,12780.0,12890.0,12780.0,169.0
2019.03.04,12915.0,130.0,12925.0,12925.0,12815.0,608.0
2019.02.28,12785.0,-85.0,12895.0,12895.0,12785.0,69.0
2019.02.27,12870.0,80.0,12825.0,12870.0,12820.0,155.0
2019.02.26,12790.0,-155.0,12790.0,12900.0,12790.0,1120.0
2019.02.25,12945.0,100.0,12845.0,12945.0,12845.0,581.0
2019.02.22,12845.0,55.0,12745.0,12845.0,12745.0,309.0
2019.02.21,12790.0,0.0,12800.0,12800.0,12775.0,159.0
2019.02.20,12790.0,90.0,12795.0,12795.0,12690.0,431.0
2019.02.19,12700.0,-15.0,12630.0,12740.0,12630.0,929.0
2019.02.18,12715.0,70.0,12745.0,12745.0,12635.0,96.0
2019.02.15,12645.0,-70.0,12645.0,12650.0,12645.0,69.0
2019.02.14,12715.0,40.0,12705.0,12720.0,12655.0,823.0
2019.02.13,12675.0,105.0,12580.0,12675.0,12570.0,821.0
2019.02.12,12570.0,110.0,12575.0,12575.0,12465.0,539.0
2019.02.11,12460.0,15.0,12455.0,12570.0,12455.0,518.0
2019.02.08,12445.0,-125.0,12555.0,12555.0,12445.0,92.0
2019.02.07,12570.0,30.0,12500.0,12570.0,12455.0,2433.0
2019.02.01,12540.0,265.0,12545.0,12545.0,12435.0,81.0
2019.01.31,12275.0,-35.0,12350.0,12385.0,12275.0,138.0
2019.01.30,12310.0,40.0,12270.0,12310.0,12270.0,59.0
2019.01.29,12270.0,-35.0,12270.0,12270.0,12160.0,52.0
2019.01.28,12305.0,25.0,12310.0,12310.0,12305.0,162.0
2019.01.25,12280.0,10.0,12275.0,12280.0,12275.0,3280.0
2019.01.24,12270.0,40.0,12165.0,12275.0,12165.0,516.0
2019.01.23,12230.0,-130.0,12230.0,12230.0,12230.0,83.0
2019.01.22,12360.0,-5.0,12360.0,12365.0,12250.0,731.0
2019.01.21,12365.0,135.0,12365.0,12365.0,12250.0,139.0
2019.01.18,12230.0,205.0,12225.0,12230.0,12120.0,91.0
2019.01.17,12025.0,-110.0,12135.0,12135.0,12025.0,7949.0
2019.01.16,12135.0,65.0,12140.0,12140.0,12135.0,8769.0
2019.01.15,12070.0,5.0,12065.0,12070.0,12065.0,72.0
2019.01.14,12065.0,-120.0,12180.0,12180.0,12065.0,431.0
2019.01.11,12185.0,80.0,12105.0,12185.0,12105.0,186.0
2019.01.10,12105.0,45.0,12100.0,12105.0,11990.0,1972.0
2019.01.09,12060.0,90.0,12100.0,12100.0,12000.0,1362.0
2019.01.08,11970.0,65.0,11905.0,11970.0,11905.0,236.0
2019.01.07,11905.0,290.0,11800.0,11905.0,11795.0,691.0
2019.01.04,11615.0,-130.0,11600.0,11620.0,11495.0,8741.0
2019.01.03,11745.0,90.0,11655.0,11745.0,11640.0,2724.0
2019.01.02,11655.0,55.0,11655.0,11700.0,11655.0,751.0
2018.12.28,11600.0,40.0,11720.0,11720.0,11600.0,1795.0
2018.12.27,11560.0,325.0,11630.0,11635.0,11560.0,2318.0
2018.12.26,11235.0,-385.0,11240.0,11240.0,11200.0,1388.0
2018.12.24,11620.0,-140.0,11620.0,11620.0,11510.0,214.0
2018.12.21,11760.0,0.0,11650.0,11760.0,11650.0,175.0
2018.12.20,11760.0,-115.0,11875.0,11875.0,11760.0,9136.0
2018.12.19,11875.0,-195.0,11995.0,11995.0,11875.0,6354.0
2018.12.18,12070.0,-305.0,12080.0,12080.0,11955.0,1578.0
2018.12.17,12375.0,-125.0,12380.0,12380.0,12330.0,106.0
2018.12.14,12500.0,-10.0,12390.0,12500.0,12390.0,11.0
2018.12.13,12510.0,50.0,12390.0,12510.0,12390.0,561.0
2018.12.12,12460.0,5.0,12460.0,12460.0,12455.0,82.0
2018.12.11,12455.0,85.0,12335.0,12460.0,12335.0,452.0
2018.12.10,12370.0,-180.0,12365.0,12485.0,12365.0,44.0
2018.12.07,12550.0,-125.0,12610.0,12610.0,12495.0,63.0
2018.12.06,12675.0,105.0,12675.0,12680.0,12555.0,2885.0
2018.12.05,12570.0,-250.0,12675.0,12675.0,12450.0,1735.0
2018.12.04,12820.0,0.0,12820.0,12945.0,12820.0,6799.0
2018.12.03,12820.0,95.0,12725.0,12825.0,12705.0,5152.0
2018.11.30,12725.0,-15.0,12730.0,12730.0,12610.0,403.0
2018.11.29,12740.0,110.0,12740.0,12745.0,12730.0,1713.0
2018.11.28,12630.0,60.0,12630.0,12630.0,12520.0,44.0
2018.11.27,12570.0,150.0,12570.0,12575.0,12455.0,814.0
2018.11.26,12420.0,-75.0,12420.0,12420.0,12375.0,31.0
2018.11.23,12495.0,5.0,12375.0,12495.0,12375.0,21.0
2018.11.22,12490.0,100.0,12490.0,12495.0,12365.0,7717.0
2018.11.21,12390.0,-355.0,12305.0,12515.0,12305.0,896.0
2018.11.20,12745.0,-25.0,12745.0,12745.0,12740.0,1150.0
2018.11.19,12770.0,75.0,12650.0,12770.0,12650.0,107.0
2018.11.16,12695.0,35.0,12695.0,12695.0,12570.0,284.0
2018.11.15,12660.0,-50.0,12660.0,12665.0,12655.0,5233.0
2018.11.14,12710.0,30.0,12755.0,12755.0,12680.0,18.0
2018.11.13,12680.0,-160.0,12800.0,13575.0,12680.0,1472.0
2018.11.12,12840.0,-125.0,12885.0,12885.0,12835.0,224.0
2018.11.09,12965.0,-50.0,12965.0,12965.0,12885.0,19.0
2018.11.08,13015.0,155.0,13015.0,13015.0,12890.0,1733.0
2018.11.07,12860.0,90.0,12820.0,12860.0,12815.0,4966.0
2018.11.06,12770.0,145.0,12730.0,12770.0,12730.0,1770.0
2018.11.05,12625.0,-15.0,12560.0,12625.0,12560.0,6391.0
2018.11.02,12640.0,185.0,12580.0,12645.0,12580.0,965.0
2018.11.01,12455.0,-130.0,12570.0,12570.0,12450.0,1336.0
2018.10.31,12585.0,170.0,12515.0,12665.0,12470.0,306.0
2018.10.30,12415.0,80.0,12305.0,12425.0,12305.0,2367.0
2018.10.29,12335.0,-205.0,12335.0,12335.0,12220.0,1058.0
2018.10.26,12540.0,60.0,12540.0,12540.0,12430.0,161.0
2018.10.25,12480.0,-35.0,12360.0,12480.0,12360.0,5039.0
2018.10.24,12515.0,-185.0,12630.0,12630.0,12515.0,2947.0
2018.10.23,12700.0,-95.0,12705.0,12705.0,12660.0,1588.0
2018.10.22,12795.0,55.0,12680.0,12795.0,12680.0,166.0
2018.10.19,12740.0,-45.0,12655.0,12740.0,12655.0,1983.0
2018.10.18,12785.0,-35.0,12725.0,12785.0,12725.0,1022.0
2018.10.17,12820.0,175.0,12820.0,12820.0,12710.0,50.0
2018.10.16,12645.0,-5.0,12645.0,12645.0,12530.0,5845.0
2018.10.15,12650.0,35.0,12650.0,12650.0,12645.0,5977.0
2018.10.12,12615.0,-185.0,12760.0,13345.0,12600.0,1101.0
2018.10.11,12800.0,-340.0,13000.0,13000.0,12795.0,3263.0
2018.10.10,13140.0,-20.0,13145.0,13145.0,13030.0,237.0
2018.10.08,13160.0,60.0,13165.0,13170.0,13100.0,693.0
2018.10.05,13100.0,-50.0,13145.0,13145.0,13025.0,449.0
2018.10.04,13150.0,130.0,13025.0,13150.0,13025.0,7375.0
2018.10.02,13020.0,-95.0,13010.0,13135.0,13010.0,11340.0
2018.10.01,13115.0,70.0,13060.0,13115.0,12990.0,5807.0
2018.09.28,13045.0,5.0,13040.0,13045.0,13040.0,521.0
2018.09.27,13040.0,-250.0,13045.0,13045.0,13015.0,2630.0
2018.09.21,13290.0,45.0,13245.0,13290.0,13185.0,297.0
2018.09.20,13245.0,-85.0,13245.0,13245.0,13120.0,645.0
2018.09.19,13330.0,140.0,13330.0,13330.0,13205.0,422.0
2018.09.18,13190.0,-130.0,13315.0,13315.0,13190.0,8326.0
2018.09.17,13320.0,140.0,13320.0,13320.0,13195.0,8127.0
2018.09.14,13180.0,-110.0,13295.0,13305.0,13180.0,8022.0
2018.09.13,13290.0,20.0,13275.0,13305.0,13170.0,95.0
2018.09.12,13270.0,100.0,13270.0,13270.0,13155.0,2021.0
2018.09.11,13170.0,-50.0,13280.0,13285.0,13170.0,7259.0
2018.09.10,13220.0,-70.0,13225.0,13225.0,13110.0,48.0
2018.09.07,13290.0,-10.0,13180.0,13290.0,13175.0,1940.0
2018.09.06,13300.0,70.0,13230.0,13305.0,13195.0,11766.0
2018.09.05,13230.0,5.0,13230.0,13260.0,13220.0,7060.0
2018.09.04,13225.0,75.0,13150.0,13235.0,13115.0,3967.0
2018.09.03,13150.0,5.0,13140.0,13505.0,13015.0,76066.0
2018.08.31,13145.0,-85.0,13155.0,13155.0,13030.0,2831.0
2018.08.30,13230.0,30.0,13200.0,13230.0,13095.0,3232.0
2018.08.29,13200.0,-30.0,13200.0,13200.0,13195.0,2603.0
2018.08.28,13230.0,20.0,13210.0,13235.0,13210.0,1368.0
2018.08.27,13210.0,35.0,13210.0,13210.0,13085.0,4525.0
2018.08.24,13175.0,-15.0,13110.0,13175.0,13110.0,317.0
2018.08.23,13190.0,-15.0,13195.0,13195.0,13190.0,523.0
2018.08.22,13205.0,0.0,13205.0,13205.0,13175.0,178.0
2018.08.21,13205.0,0.0,13205.0,13205.0,13205.0,779.0
2018.08.20,13205.0,180.0,13100.0,13205.0,13025.0,4298.0
2018.08.17,13025.0,90.0,13020.0,13135.0,13020.0,146.0
2018.08.16,12935.0,-40.0,12975.0,12975.0,12870.0,890.0
2018.08.14,12975.0,-25.0,12975.0,12975.0,12950.0,107.0
2018.08.13,13000.0,-40.0,13005.0,13005.0,13000.0,134.0
2018.08.10,13040.0,0.0,13040.0,13040.0,12940.0,247.0
2018.08.09,13040.0,-15.0,13040.0,13040.0,12925.0,447.0
2018.08.08,13055.0,0.0,13055.0,13055.0,12980.0,592.0
2018.08.07,13055.0,125.0,13055.0,13060.0,12930.0,1693.0
2018.08.06,12930.0,70.0,13055.0,13055.0,12925.0,2892.0
2018.08.03,12860.0,-65.0,12970.0,12970.0,12860.0,394.0
2018.08.02,12925.0,-5.0,12930.0,12930.0,12870.0,1834.0
2018.08.01,12930.0,15.0,12920.0,13045.0,12920.0,1696.0
2018.07.31,12915.0,0.0,12880.0,12915.0,12815.0,4739.0
2018.07.30,12915.0,-50.0,12935.0,12935.0,12915.0,37.0
2018.07.27,12965.0,90.0,12965.0,12965.0,12845.0,136.0
2018.07.26,12875.0,135.0,12880.0,12880.0,12875.0,345.0
2018.07.25,12740.0,-80.0,12855.0,12855.0,12730.0,870.0
2018.07.24,12820.0,15.0,12815.0,12820.0,12815.0,57.0
2018.07.23,12805.0,-110.0,12840.0,12840.0,12805.0,52.0
2018.07.20,12915.0,35.0,12920.0,12920.0,12795.0,1414.0
2018.07.19,12880.0,0.0,12820.0,12880.0,12755.0,972.0
2018.07.18,12880.0,10.0,12755.0,12880.0,12755.0,177.0
2018.07.17,12870.0,-50.0,12550.0,13095.0,12550.0,472.0
2018.07.16,12920.0,110.0,12920.0,12920.0,12790.0,5318.0
2018.07.13,12810.0,-65.0,12875.0,12925.0,12795.0,1920.0
2018.07.12,12875.0,0.0,12875.0,12875.0,12865.0,326.0
2018.07.11,12875.0,-10.0,12885.0,12885.0,12875.0,190.0
2018.07.10,12885.0,0.0,12885.0,12885.0,12870.0,345.0
2018.07.09,12885.0,0.0,12885.0,12885.0,12870.0,459.0
2018.07.06,12885.0,80.0,12800.0,12885.0,12800.0,1208.0
2018.07.05,12805.0,130.0,12795.0,12805.0,12775.0,2260.0
2018.07.04,12675.0,-125.0,12720.0,12835.0,12625.0,15489.0
2018.07.03,12800.0,-5.0,12800.0,12805.0,12750.0,646.0
2018.07.02,12805.0,25.0,12800.0,13095.0,12795.0,51411.0
2018.06.29,12780.0,0.0,12780.0,12780.0,12780.0,7.0
2018.06.28,12780.0,-20.0,12720.0,12780.0,12720.0,78.0
2018.06.27,12800.0,10.0,12755.0,12815.0,12755.0,136.0
2018.06.26,12790.0,-30.0,12795.0,12795.0,12760.0,119.0
2018.06.25,12820.0,50.0,12820.0,12820.0,12815.0,71.0
2018.06.22,12770.0,-70.0,12770.0,12770.0,12755.0,48.0
2018.06.21,12840.0,15.0,12840.0,12840.0,12750.0,7863.0
2018.06.20,12825.0,125.0,12815.0,12830.0,12710.0,90.0
2018.06.19,12700.0,-105.0,12820.0,12820.0,12700.0,4071.0
2018.06.18,12805.0,20.0,12800.0,12805.0,12695.0,392.0
2018.06.15,12785.0,25.0,12785.0,12785.0,12675.0,53.0
2018.06.14,12760.0,45.0,12760.0,12760.0,12650.0,68.0
2018.06.12,12715.0,-100.0,12815.0,12835.0,12715.0,8048.0
2018.06.11,12815.0,150.0,12815.0,12815.0,12805.0,109.0
2018.06.08,12665.0,-65.0,12780.0,12780.0,12665.0,359.0
2018.06.07,12730.0,120.0,12745.0,12745.0,12625.0,438.0
2018.06.05,12610.0,15.0,12610.0,12700.0,12610.0,6578.0
2018.06.04,12595.0,-105.0,12710.0,12710.0,12590.0,10366.0
2018.06.01,12700.0,-70.0,12700.0,12700.0,12700.0,6.0
2018.05.31,12770.0,130.0,12690.0,12805.0,12685.0,1958.0
2018.05.30,12640.0,-65.0,12520.0,12640.0,12520.0,1003.0
2018.05.29,12705.0,0.0,12705.0,12705.0,12705.0,38.0
2018.05.28,12705.0,-45.0,12585.0,12705.0,12585.0,180.0
2018.05.25,12750.0,30.0,12720.0,12750.0,12630.0,1642.0
2018.05.24,12720.0,15.0,12710.0,12720.0,12620.0,10.0
2018.05.23,12705.0,170.0,12705.0,12705.0,12585.0,382.0
2018.05.21,12535.0,-155.0,12655.0,12655.0,12535.0,2442.0
2018.05.18,12690.0,120.0,12690.0,12690.0,12570.0,308.0
2018.05.17,12570.0,-60.0,12630.0,12700.0,12570.0,54.0
2018.05.16,12630.0,-30.0,12640.0,12640.0,12520.0,59.0
2018.05.15,12660.0,5.0,12650.0,12660.0,12545.0,170.0
2018.05.14,12655.0,20.0,12660.0,12660.0,12540.0,163.0
2018.05.11,12635.0,225.0,12640.0,12640.0,12520.0,911.0
2018.05.10,12410.0,-55.0,12465.0,12520.0,12410.0,25.0
2018.05.09,12465.0,-90.0,12470.0,12470.0,12360.0,24.0
2018.05.08,12555.0,90.0,12555.0,12555.0,12435.0,639.0
2018.05.04,12465.0,-10.0,12470.0,12475.0,12465.0,16399.0
2018.05.03,12475.0,-35.0,12355.0,12480.0,12355.0,1431.0
2018.05.02,12510.0,-145.0,12510.0,12510.0,12510.0,44.0
2018.04.30,12655.0,150.0,12655.0,12655.0,12540.0,76.0
2018.04.27,12505.0,5.0,12625.0,12625.0,12505.0,253.0
2018.04.26,12500.0,-20.0,12540.0,12540.0,12500.0,12.0
2018.04.25,12520.0,-45.0,12520.0,12520.0,12400.0,149.0
2018.04.24,12565.0,150.0,12565.0,12565.0,12445.0,1571.0
2018.04.23,12415.0,-180.0,12515.0,12515.0,12415.0,70.0
2018.04.20,12595.0,-65.0,12475.0,12595.0,12475.0,5402.0
2018.04.19,12660.0,0.0,12660.0,12660.0,12655.0,87.0
2018.04.18,12660.0,130.0,12580.0,12660.0,12580.0,383.0
2018.04.17,12530.0,45.0,12530.0,12530.0,12500.0,282.0
2018.04.16,12485.0,25.0,12370.0,12485.0,12365.0,199.0
2018.04.13,12460.0,-20.0,12340.0,12460.0,12340.0,35.0
2018.04.12,12480.0,80.0,12400.0,12480.0,12400.0,49.0
2018.04.11,12400.0,30.0,12385.0,12400.0,12385.0,166.0
2018.04.10,12370.0,0.0,12370.0,12370.0,12370.0,94.0
2018.04.09,12370.0,-85.0,12370.0,12370.0,12370.0,336.0
2018.04.06,12455.0,85.0,12455.0,12465.0,12455.0,62.0
2018.04.05,12370.0,120.0,12350.0,12370.0,12350.0,41.0
2018.04.04,12250.0,25.0,12255.0,12300.0,12250.0,100.0
2018.04.03,12225.0,-195.0,12135.0,12225.0,12135.0,49.0
2018.04.02,12420.0,0.0,12325.0,12420.0,12320.0,170.0
2018.03.30,12420.0,230.0,12385.0,12425.0,12315.0,526.0
2018.03.29,12190.0,-100.0,12265.0,12285.0,12185.0,476.0
2018.03.28,12290.0,0.0,12180.0,12290.0,12180.0,156.0
2018.03.27,12290.0,210.0,12305.0,12305.0,12290.0,4239.0
2018.03.26,12080.0,-210.0,12090.0,12090.0,12030.0,689.0
2018.03.23,12290.0,-205.0,12290.0,12290.0,12270.0,1043.0
2018.03.22,12495.0,5.0,12495.0,12495.0,12375.0,369.0
2018.03.21,12490.0,100.0,12495.0,12495.0,12490.0,838.0
2018.03.20,12390.0,-140.0,12515.0,12515.0,12390.0,216.0
2018.03.19,12530.0,-35.0,12655.0,12655.0,12530.0,13.0
2018.03.16,12565.0,5.0,12560.0,12565.0,12550.0,450.0
2018.03.15,12560.0,-70.0,12560.0,12560.0,12440.0,1814.0
2018.03.14,12630.0,-40.0,12630.0,12630.0,12610.0,95.0
2018.03.13,12670.0,-15.0,12555.0,12670.0,12555.0,36.0
2018.03.12,12685.0,120.0,12565.0,12685.0,12560.0,226.0
2018.03.09,12565.0,5.0,12560.0,12565.0,12410.0,3398.0
2018.03.08,12560.0,-50.0,12560.0,12560.0,12525.0,1321.0
2018.03.07,12610.0,-10.0,12615.0,12615.0,12600.0,31.0
2018.03.06,12620.0,155.0,12485.0,12620.0,12485.0,110.0
2018.03.05,12465.0,65.0,12450.0,12465.0,12310.0,424.0
2018.03.02,12400.0,-250.0,12400.0,12400.0,12335.0,153.0
2018.02.28,12650.0,-120.0,12670.0,12670.0,12505.0,189.0
2018.02.27,12770.0,0.0,12770.0,12770.0,12675.0,211.0
2018.02.26,12770.0,235.0,12770.0,12770.0,12755.0,211.0
2018.02.23,12535.0,15.0,12545.0,12545.0,12535.0,3948.0
2018.02.22,12520.0,-90.0,12520.0,12520.0,12520.0,141.0
2018.02.21,12610.0,15.0,12610.0,12610.0,12595.0,683.0
2018.02.20,12595.0,15.0,12610.0,12610.0,12595.0,204.0
2018.02.19,12580.0,130.0,12480.0,12735.0,12480.0,1410.0
2018.02.14,12450.0,200.0,12450.0,12450.0,12295.0,7257.0
2018.02.13,12250.0,155.0,12325.0,12405.0,12250.0,494.0
2018.02.12,12095.0,-10.0,11950.0,12295.0,11950.0,1324.0
2018.02.09,12105.0,-360.0,12115.0,12115.0,12005.0,538.0
2018.02.08,12465.0,-5.0,12465.0,12470.0,12350.0,10259.0
2018.02.07,12470.0,65.0,12470.0,12470.0,12400.0,919.0
2018.02.06,12405.0,-345.0,12415.0,12415.0,12290.0,4635.0
2018.02.05,12750.0,-330.0,12855.0,12855.0,12750.0,3371.0
2018.02.02,13080.0,10.0,13080.0,13080.0,13030.0,851.0
2018.02.01,13070.0,-55.0,13020.0,13125.0,13020.0,758.0
2018.01.31,13125.0,-110.0,13020.0,13125.0,13020.0,1554.0
2018.01.30,13235.0,-115.0,13350.0,13350.0,13200.0,2985.0
2018.01.29,13350.0,115.0,13230.0,13355.0,13230.0,2596.0
2018.01.26,13235.0,55.0,13235.0,13235.0,13130.0,2857.0
2018.01.25,13180.0,0.0,13180.0,13180.0,13170.0,5430.0
2018.01.24,13180.0,0.0,13215.0,13215.0,13165.0,1920.0
2018.01.23,13180.0,50.0,13125.0,13185.0,13075.0,3234.0
2018.01.22,13130.0,200.0,13025.0,13130.0,13025.0,6522.0
2018.01.19,12930.0,-170.0,13035.0,13035.0,12930.0,2933.0
2018.01.18,13100.0,205.0,12995.0,13100.0,12995.0,5784.0
2018.01.17,12895.0,-210.0,13000.0,13000.0,12895.0,2974.0
2018.01.16,13105.0,-5.0,13105.0,13105.0,13000.0,8029.0
2018.01.15,13110.0,195.0,13020.0,13110.0,12945.0,15532.0
2018.01.12,12915.0,110.0,12900.0,13000.0,12895.0,5819.0
2018.01.11,12805.0,-90.0,12880.0,12880.0,12805.0,122.0
2018.01.10,12895.0,45.0,12800.0,12895.0,12800.0,852.0
2018.01.09,12850.0,-25.0,12845.0,12875.0,12845.0,275.0
2018.01.08,12875.0,120.0,12775.0,13015.0,12765.0,3291.0
2018.01.05,12755.0,-50.0,12805.0,12805.0,12745.0,169.0
2018.01.04,12805.0,0.0,12855.0,12855.0,12755.0,2016.0
2018.01.03,12805.0,0.0,12790.0,12805.0,12790.0,345.0
2018.01.02,12805.0,0.0,12800.0,12805.0,12795.0,4071.0
2017.12.28,12805.0,0.0,12790.0,12805.0,12790.0,60.0
2017.12.27,12805.0,0.0,12820.0,12820.0,12790.0,451.0
2017.12.26,12805.0,30.0,12770.0,12805.0,12705.0,364.0
2017.12.22,12775.0,5.0,12775.0,12775.0,12770.0,15837.0
2017.12.21,12770.0,-10.0,12770.0,12770.0,12750.0,344.0
2017.12.20,12780.0,0.0,12775.0,12780.0,12770.0,1300.0
2017.12.19,12780.0,-10.0,12775.0,12790.0,12775.0,430.0
2017.12.18,12790.0,80.0,12830.0,12830.0,12775.0,261.0
2017.12.15,12710.0,-95.0,12705.0,12710.0,12705.0,5494.0
2017.12.14,12805.0,45.0,12695.0,12805.0,12695.0,7933.0
2017.12.13,12760.0,-60.0,12760.0,12760.0,12755.0,819.0
2017.12.12,12820.0,110.0,12720.0,12820.0,12720.0,2584.0
2017.12.11,12710.0,-10.0,12800.0,12800.0,12700.0,42.0
2017.12.08,12720.0,95.0,12695.0,12720.0,12635.0,256.0
2017.12.07,12625.0,0.0,12620.0,12625.0,12580.0,260.0
2017.12.06,12625.0,-90.0,12575.0,12670.0,12575.0,901.0
2017.12.05,12715.0,0.0,12785.0,12785.0,12715.0,1538.0
2017.12.04,12715.0,-30.0,12715.0,12715.0,12615.0,459.0
2017.12.01,12745.0,145.0,12655.0,12755.0,12645.0,18448.0
2017.11.30,12600.0,0.0,12605.0,12605.0,12575.0,3008.0
2017.11.29,12600.0,185.0,12415.0,12600.0,12415.0,799.0
2017.11.28,12415.0,0.0,12415.0,12415.0,12355.0,710.0
2017.11.27,12415.0,15.0,12415.0,12415.0,12400.0,980.0
2017.11.24,12400.0,-25.0,12415.0,12425.0,12375.0,994.0
2017.11.23,12425.0,-5.0,12425.0,12425.0,12325.0,259.0
2017.11.22,12430.0,135.0,12430.0,12430.0,12330.0,565.0
2017.11.21,12295.0,15.0,12350.0,12395.0,12295.0,172.0
2017.11.20,12280.0,-15.0,12295.0,12380.0,12280.0,161.0
2017.11.17,12295.0,-20.0,12300.0,12380.0,12280.0,198.0
2017.11.16,12315.0,-15.0,12215.0,12315.0,12215.0,223.0
2017.11.15,12330.0,-30.0,12330.0,12330.0,12315.0,70.0
2017.11.14,12360.0,60.0,12280.0,12385.0,12280.0,13537.0
2017.11.13,12300.0,55.0,12245.0,12320.0,12245.0,24.0
2017.11.10,12245.0,-85.0,12330.0,12330.0,12235.0,512.0
2017.11.09,12330.0,0.0,12330.0,12330.0,12330.0,31.0
2017.11.08,12330.0,20.0,12230.0,12330.0,12230.0,1437.0
2017.11.07,12310.0,-15.0,12325.0,12325.0,12225.0,394.0
2017.11.06,12325.0,-10.0,12325.0,12325.0,12225.0,483.0
2017.11.03,12335.0,30.0,12320.0,12335.0,12235.0,375.0
2017.11.02,12305.0,-5.0,12315.0,12315.0,12205.0,529.0
2017.11.01,12310.0,0.0,12325.0,12325.0,12290.0,72.0
2017.10.31,12310.0,-55.0,12310.0,12310.0,12300.0,107.0
2017.10.30,12365.0,25.0,12345.0,12365.0,12330.0,12073.0
2017.10.27,12340.0,95.0,12350.0,12350.0,12340.0,367.0
2017.10.26,12245.0,-150.0,12330.0,12330.0,12225.0,4378.0
2017.10.25,12395.0,5.0,12390.0,12395.0,12390.0,1113.0
2017.10.24,12390.0,-20.0,12390.0,12390.0,12370.0,931.0
2017.10.23,12410.0,70.0,12340.0,12410.0,12340.0,643.0
2017.10.20,12340.0,15.0,12325.0,12355.0,12325.0,10248.0
2017.10.19,12325.0,-5.0,12325.0,12325.0,12315.0,638.0
2017.10.18,12330.0,25.0,12330.0,12330.0,12330.0,8.0
2017.10.17,12305.0,-35.0,12335.0,12335.0,12240.0,1496.0
2017.10.16,12340.0,40.0,12340.0,12340.0,12245.0,1166.0
2017.10.13,12300.0,75.0,12255.0,12325.0,12255.0,1264.0
2017.10.12,12225.0,-25.0,12225.0,12255.0,12225.0,191.0
2017.10.11,12250.0,30.0,12250.0,12250.0,11675.0,50.0
2017.10.10,12220.0,35.0,12170.0,12220.0,12125.0,517.0
2017.09.29,12185.0,40.0,12145.0,12185.0,12090.0,386.0
2017.09.28,12145.0,-5.0,12145.0,12145.0,12140.0,1138.0
2017.09.27,12150.0,-15.0,12150.0,12150.0,12140.0,401.0
2017.09.26,12165.0,80.0,12145.0,12165.0,12140.0,477.0
2017.09.25,12085.0,5.0,12085.0,12095.0,12070.0,3925.0
2017.09.22,12080.0,50.0,12065.0,12080.0,12065.0,660.0
2017.09.21,12030.0,-75.0,12105.0,12105.0,12030.0,98.0
2017.09.20,12105.0,5.0,12105.0,12105.0,12100.0,147.0
2017.09.19,12100.0,0.0,12100.0,12100.0,12085.0,28.0
2017.09.18,12100.0,45.0,12105.0,12105.0,12100.0,60.0
2017.09.15,12055.0,15.0,12040.0,12055.0,12035.0,48.0
2017.09.14,12040.0,75.0,11945.0,12040.0,11945.0,102.0
2017.09.13,11965.0,-85.0,11945.0,12040.0,11945.0,280.0
2017.09.12,12050.0,200.0,11955.0,12050.0,11955.0,1437.0
2017.09.11,11850.0,-15.0,11840.0,11865.0,11835.0,49.0
2017.09.08,11865.0,-10.0,11865.0,11865.0,11790.0,96.0
2017.09.07,11875.0,55.0,11880.0,11880.0,11810.0,80.0
2017.09.06,11820.0,-100.0,11875.0,11875.0,11780.0,45.0
2017.09.05,11920.0,75.0,11940.0,11940.0,11920.0,488.0
2017.09.04,11845.0,45.0,11845.0,11860.0,11845.0,235.0
2017.09.01,11800.0,-20.0,11820.0,11820.0,11800.0,21.0
2017.08.31,11820.0,-45.0,11780.0,11865.0,11780.0,908.0
2017.08.30,11865.0,-20.0,11770.0,11865.0,11770.0,502.0
2017.08.29,11885.0,35.0,11850.0,11885.0,11835.0,32.0
2017.08.28,11850.0,35.0,11870.0,11870.0,11850.0,19.0
2017.08.25,11815.0,-10.0,11800.0,11815.0,11800.0,69.0
2017.08.24,11825.0,-15.0,11730.0,11825.0,11730.0,655.0
2017.08.23,11840.0,95.0,11755.0,11840.0,11745.0,558.0
2017.08.22,11745.0,25.0,11680.0,11745.0,11665.0,1312.0
2017.08.21,11720.0,-15.0,11730.0,11730.0,11715.0,241.0
2017.08.18,11735.0,-155.0,11720.0,11740.0,11700.0,218.0
2017.08.17,11890.0,25.0,11880.0,11895.0,11880.0,134.0
2017.08.16,11865.0,60.0,11770.0,11865.0,11770.0,52.0
2017.08.14,11805.0,55.0,11790.0,11805.0,11765.0,179.0
2017.08.11,11750.0,-210.0,11805.0,11845.0,11750.0,3017.0
2017.08.10,11960.0,-35.0,11960.0,11960.0,11950.0,301.0
2017.08.09,11995.0,-15.0,11995.0,12000.0,11995.0,177.0
2017.08.08,12010.0,5.0,12010.0,12010.0,12005.0,1160.0
2017.08.07,12005.0,30.0,11985.0,12005.0,11930.0,615.0
2017.08.04,11975.0,80.0,11895.0,11980.0,11895.0,924.0
2017.08.03,11895.0,-25.0,11985.0,11990.0,11895.0,211.0
2017.08.02,11920.0,5.0,11920.0,11920.0,11920.0,260.0
2017.08.01,11915.0,45.0,11910.0,12005.0,11910.0,218.0
2017.07.31,11870.0,-155.0,11960.0,11960.0,11870.0,408.0
2017.07.28,12025.0,25.0,11945.0,12025.0,11945.0,45.0
2017.07.27,12000.0,-50.0,12000.0,12000.0,11995.0,469.0
2017.07.26,12050.0,110.0,12050.0,12050.0,11960.0,233.0
2017.07.25,11940.0,-15.0,11975.0,11990.0,11900.0,186.0
2017.07.24,11955.0,-80.0,12030.0,12045.0,11955.0,2088.0
2017.07.21,12035.0,35.0,11945.0,12035.0,11945.0,55.0
2017.07.20,12000.0,150.0,12000.0,12000.0,11905.0,352.0
2017.07.19,11850.0,-85.0,11910.0,11910.0,11850.0,146.0
2017.07.18,11935.0,25.0,11900.0,11935.0,11900.0,1231.0
2017.07.17,11910.0,50.0,11870.0,11910.0,11870.0,241.0
2017.07.14,11860.0,0.0,11800.0,11860.0,11800.0,293.0
2017.07.13,11860.0,50.0,11810.0,11860.0,11810.0,105.0
2017.07.12,11810.0,-5.0,11815.0,11815.0,11810.0,66.0
2017.07.11,11815.0,0.0,11815.0,11815.0,11815.0,33.0
2017.07.10,11815.0,0.0,11855.0,11855.0,11815.0,6.0
2017.07.07,11815.0,-90.0,11815.0,11815.0,11800.0,46.0
2017.07.06,11905.0,0.0,11920.0,11920.0,11905.0,6.0
2017.07.05,11905.0,-90.0,11995.0,11995.0,11905.0,31.0
2017.07.04,11995.0,150.0,11900.0,11995.0,11900.0,71.0
2017.07.03,11845.0,-15.0,11940.0,11940.0,11845.0,272.0
2017.06.30,11860.0,-50.0,11910.0,11910.0,11860.0,17.0
2017.06.29,11910.0,50.0,11910.0,11920.0,11910.0,22.0
2017.06.28,11860.0,-75.0,11935.0,11950.0,11860.0,46.0
2017.06.27,11935.0,-35.0,12030.0,12030.0,11935.0,269.0
2017.06.26,11970.0,100.0,11895.0,11975.0,11890.0,38.0
2017.06.23,11870.0,0.0,11865.0,11890.0,11865.0,59.0
2017.06.22,11870.0,-95.0,11965.0,11965.0,11865.0,1470.0
2017.06.21,11965.0,-135.0,12055.0,12055.0,11960.0,62.0
2017.06.20,12100.0,-35.0,12135.0,12135.0,12050.0,180.0
2017.06.19,12135.0,145.0,12040.0,12135.0,12040.0,504.0
2017.06.16,11990.0,-10.0,12000.0,12000.0,11990.0,6.0
2017.06.15,12000.0,0.0,12000.0,12000.0,11980.0,129.0
2017.06.14,12000.0,0.0,12000.0,12000.0,11975.0,721.0
2017.06.13,12000.0,-5.0,11935.0,12000.0,11935.0,255.0
2017.06.12,12005.0,120.0,11910.0,12005.0,11910.0,852.0
2017.06.09,11885.0,125.0,11920.0,11920.0,11795.0,964.0
2017.06.08,11760.0,10.0,11755.0,11925.0,11755.0,346.0
2017.06.07,11750.0,-185.0,11750.0,11915.0,11750.0,192.0
2017.06.05,11935.0,75.0,11915.0,11935.0,11855.0,548.0
2017.06.02,11860.0,130.0,11855.0,11870.0,11855.0,478.0
2017.06.01,11730.0,-40.0,11770.0,11770.0,11730.0,50990.0
2017.05.31,11770.0,-55.0,11770.0,11820.0,11770.0,99.0
2017.05.30,11825.0,-10.0,11830.0,11835.0,11810.0,121.0
2017.05.29,11835.0,100.0,11740.0,11835.0,11740.0,261.0
2017.05.26,11735.0,20.0,11735.0,11825.0,11735.0,4973.0
2017.05.25,11715.0,-35.0,11750.0,11760.0,11685.0,89.0
2017.05.24,11750.0,80.0,11755.0,11755.0,11660.0,44.0
2017.05.23,11670.0,0.0,11670.0,11685.0,11670.0,108.0
2017.05.22,11670.0,90.0,11660.0,11670.0,11650.0,220.0
2017.05.19,11580.0,10.0,11570.0,11580.0,11490.0,153.0
2017.05.18,11570.0,-105.0,11580.0,11580.0,11480.0,554.0
2017.05.17,11675.0,-65.0,11690.0,11690.0,11595.0,552.0
2017.05.16,11740.0,55.0,11740.0,11740.0,11715.0,78.0
2017.05.15,11685.0,75.0,11620.0,11685.0,11620.0,21.0
2017.05.12,11610.0,-175.0,11705.0,11705.0,11610.0,41.0
2017.05.11,11785.0,50.0,11690.0,11785.0,11690.0,177.0
2017.05.10,11735.0,-55.0,11640.0,11735.0,11640.0,509.0
2017.05.08,11790.0,65.0,11695.0,11790.0,11695.0,100.0
2017.05.04,11725.0,0.0,11725.0,11725.0,11715.0,235.0
2017.05.02,11725.0,-140.0,11665.0,11730.0,11665.0,663.0
2017.04.28,11865.0,-5.0,11865.0,11865.0,11845.0,341.0
2017.04.27,11870.0,-55.0,11880.0,11880.0,11795.0,113.0
2017.04.26,11925.0,75.0,11850.0,11935.0,11845.0,871.0
2017.04.25,11850.0,135.0,11765.0,11850.0,11755.0,76.0
2017.04.24,11715.0,-35.0,11730.0,11730.0,11645.0,37.0
2017.04.21,11750.0,135.0,11750.0,11750.0,11690.0,26.0
2017.04.20,11615.0,-110.0,11705.0,11705.0,11615.0,125.0
2017.04.19,11725.0,-5.0,11725.0,11725.0,11695.0,55.0
2017.04.18,11730.0,80.0,11730.0,11730.0,11650.0,205.0
2017.04.17,11650.0,5.0,11650.0,11655.0,11650.0,433.0
2017.04.14,11645.0,-80.0,11655.0,11655.0,11645.0,252.0
2017.04.13,11725.0,10.0,11700.0,11730.0,11700.0,13.0
2017.04.12,11715.0,5.0,11710.0,11760.0,11710.0,36.0
2017.04.11,11710.0,30.0,11710.0,11710.0,11710.0,2.0
2017.04.10,11680.0,-30.0,11635.0,11680.0,11635.0,510.0
2017.04.07,11710.0,55.0,11710.0,11710.0,11710.0,22.0
2017.04.06,11655.0,-20.0,11655.0,11655.0,11655.0,387.0
2017.04.05,11675.0,25.0,11675.0,11675.0,11675.0,100.0
2017.04.04,11650.0,-50.0,11650.0,11650.0,11620.0,194.0
2017.04.03,11700.0,0.0,11700.0,11710.0,11700.0,1083.0
2017.03.31,11700.0,10.0,11690.0,11720.0,11690.0,20.0
2017.03.30,11690.0,5.0,11690.0,11690.0,11690.0,48.0
2017.03.29,11685.0,95.0,11635.0,11685.0,11635.0,142.0
2017.03.28,11590.0,-30.0,11550.0,11595.0,11550.0,164.0
2017.03.27,11620.0,-35.0,11645.0,11645.0,11595.0,14.0
2017.03.24,11655.0,0.0,11655.0,11655.0,11610.0,164.0
2017.03.23,11655.0,20.0,11635.0,11655.0,11635.0,36.0
2017.03.22,11635.0,-105.0,11635.0,11635.0,11610.0,134.0
2017.03.21,11740.0,-10.0,11700.0,11740.0,11700.0,226.0
2017.03.20,11750.0,-5.0,11750.0,11780.0,11750.0,71.0
2017.03.17,11755.0,-70.0,11765.0,11765.0,11755.0,186.0
2017.03.16,11825.0,155.0,11775.0,11825.0,11775.0,4468.0
2017.03.15,11670.0,-40.0,11680.0,11680.0,11670.0,789.0
2017.03.14,11710.0,15.0,11695.0,11710.0,11695.0,134.0
2017.03.13,11695.0,50.0,11650.0,11695.0,11650.0,295.0
2017.03.10,11645.0,-5.0,11650.0,11650.0,11595.0,131.0
2017.03.09,11650.0,-70.0,11660.0,11660.0,11620.0,470.0
2017.03.08,11720.0,-85.0,11765.0,11765.0,11720.0,289.0
2017.03.07,11805.0,-40.0,11815.0,11815.0,11805.0,857.0
2017.03.06,11845.0,0.0,11850.0,11850.0,11820.0,396.0
2017.03.03,11845.0,-15.0,11845.0,11845.0,11795.0,433.0
2017.03.02,11860.0,85.0,11700.0,11900.0,11700.0,2146.0
2017.02.28,11775.0,5.0,11775.0,11775.0,11770.0,767.0
2017.02.27,11770.0,35.0,11740.0,11775.0,11725.0,182.0
2017.02.24,11735.0,40.0,11705.0,11735.0,11705.0,324.0
2017.02.23,11695.0,-20.0,11700.0,11700.0,11655.0,316.0
2017.02.22,11715.0,85.0,11670.0,11715.0,11670.0,798.0
2017.02.21,11630.0,-10.0,11645.0,11645.0,11630.0,23.0
2017.02.20,11640.0,-15.0,11640.0,11640.0,11595.0,295.0
2017.02.17,11655.0,15.0,11640.0,11655.0,11640.0,129.0
2017.02.16,11640.0,20.0,11640.0,11640.0,11620.0,167.0
2017.02.15,11620.0,-5.0,11620.0,11620.0,11600.0,384.0
2017.02.14,11625.0,105.0,11575.0,11630.0,11575.0,258.0
2017.02.13,11520.0,10.0,11510.0,11575.0,11510.0,2100.0
2017.02.10,11510.0,75.0,11460.0,11515.0,11460.0,14.0
2017.02.09,11435.0,-30.0,11480.0,11480.0,11430.0,370.0
2017.02.08,11465.0,-15.0,11965.0,14920.0,11415.0,1994.0
2017.02.07,11480.0,-60.0,11480.0,11480.0,11430.0,98.0
2017.02.06,11540.0,75.0,11485.0,11540.0,11485.0,1284.0
2017.02.03,11465.0,50.0,11465.0,11465.0,11415.0,3000.0
2017.02.02,11415.0,-80.0,11495.0,11495.0,11365.0,118.0
2017.02.01,11495.0,105.0,11480.0,11495.0,11480.0,155.0
2017.01.31,11390.0,-165.0,11420.0,11420.0,11390.0,342.0
2017.01.26,11555.0,160.0,11500.0,11555.0,11500.0,625.0
2017.01.25,11395.0,50.0,11390.0,11440.0,11390.0,9.0
2017.01.24,11345.0,-35.0,11115.0,11345.0,11115.0,105.0
2017.01.23,11380.0,55.0,11380.0,11380.0,11325.0,235.0
2017.01.20,11325.0,-15.0,11320.0,11325.0,11270.0,191.0
2017.01.19,11340.0,0.0,11340.0,11340.0,11340.0,19.0
2017.01.18,11340.0,0.0,11320.0,11340.0,11320.0,39.0
2017.01.17,11340.0,-10.0,11350.0,11380.0,11340.0,108.0
2017.01.16,11350.0,-30.0,11385.0,11385.0,11340.0,65.0
2017.01.13,11380.0,-50.0,11480.0,11480.0,11380.0,146.0
2017.01.12,11430.0,70.0,11365.0,11430.0,11365.0,136.0
2017.01.11,11360.0,50.0,11360.0,11360.0,11295.0,356.0
2017.01.10,11310.0,-165.0,11375.0,11375.0,11310.0,126.0
2017.01.09,11475.0,5.0,11485.0,11485.0,11475.0,98.0
2017.01.06,11470.0,15.0,11470.0,11470.0,11470.0,77.0
2017.01.05,11455.0,20.0,11505.0,11505.0,11445.0,308.0
2017.01.04,11435.0,95.0,11400.0,11435.0,11370.0,674.0
2017.01.03,11340.0,30.0,11310.0,11340.0,11305.0,153.0
2017.01.02,11310.0,-20.0,11305.0,11370.0,11305.0,388.0
2016.12.29,11330.0,-115.0,11375.0,11375.0,11330.0,911.0
2016.12.28,11445.0,-15.0,11470.0,11490.0,11445.0,2622.0
2016.12.27,11460.0,5.0,11460.0,11460.0,11460.0,408.0
2016.12.26,11455.0,5.0,11450.0,11455.0,11410.0,701.0
2016.12.23,11450.0,0.0,11460.0,11460.0,11450.0,74.0
2016.12.22,11450.0,-50.0,11430.0,11470.0,11430.0,111.0
2016.12.21,11500.0,80.0,11505.0,11505.0,11460.0,59.0
2016.12.20,11420.0,30.0,11410.0,11455.0,11410.0,61.0
2016.12.19,11390.0,0.0,11400.0,11430.0,11385.0,896.0
2016.12.16,11390.0,50.0,11390.0,11390.0,11345.0,377.0
2016.12.15,11340.0,-115.0,11300.0,11340.0,11295.0,685.0
2016.12.14,11455.0,35.0,11450.0,11495.0,11450.0,321.0
2016.12.13,11420.0,-10.0,11420.0,11420.0,11420.0,50.0
2016.12.12,11430.0,85.0,11370.0,11435.0,11370.0,125.0
2016.12.09,11345.0,-5.0,11350.0,11350.0,11345.0,45.0
2016.12.08,11350.0,155.0,11305.0,11350.0,11305.0,274.0
2016.12.07,11195.0,35.0,11170.0,11210.0,11170.0,82.0
2016.12.06,11160.0,60.0,11160.0,11160.0,11120.0,73.0
2016.12.05,11100.0,-30.0,11105.0,11105.0,11065.0,205.0
2016.12.02,11130.0,30.0,11105.0,11130.0,11105.0,135.0
2016.12.01,11100.0,-65.0,11100.0,11100.0,11095.0,82.0
2016.11.30,11165.0,50.0,11120.0,11165.0,11120.0,203.0
2016.11.29,11115.0,-50.0,11160.0,11160.0,11115.0,62.0
2016.11.28,11165.0,115.0,11050.0,11165.0,11050.0,210.0
2016.11.25,11050.0,-40.0,11090.0,11090.0,11050.0,137.0
2016.11.24,11090.0,-25.0,11090.0,11090.0,11090.0,13.0
2016.11.23,11115.0,85.0,11030.0,11115.0,11030.0,635.0
2016.11.22,11030.0,105.0,11265.0,11265.0,11025.0,249.0
2016.11.21,10925.0,-10.0,10925.0,10925.0,10925.0,127.0
2016.11.18,10935.0,-10.0,10945.0,10945.0,10925.0,510.0
2016.11.17,10945.0,-50.0,10945.0,10945.0,10900.0,10.0
2016.11.16,10995.0,110.0,10885.0,10995.0,10885.0,1695.0
2016.11.15,10885.0,110.0,10775.0,10885.0,10775.0,797.0
2016.11.14,10775.0,35.0,10740.0,10780.0,10740.0,53.0
2016.11.11,10740.0,-30.0,10770.0,10775.0,10740.0,40.0
2016.11.10,10770.0,145.0,10750.0,10770.0,10725.0,475.0
2016.11.09,10625.0,15.0,10650.0,10650.0,10625.0,2590.0
2016.11.08,10610.0,200.0,10565.0,10610.0,10565.0,779.0
2016.11.07,10410.0,-20.0,10400.0,10410.0,10400.0,2930.0
2016.11.04,10430.0,-15.0,10430.0,10430.0,10425.0,14.0
2016.11.03,10445.0,-110.0,10530.0,10530.0,10410.0,269.0
2016.11.02,10555.0,-115.0,10555.0,10555.0,10550.0,91.0
2016.11.01,10670.0,55.0,10660.0,10695.0,10660.0,62.0
2016.10.31,10615.0,25.0,10610.0,10615.0,10580.0,412.0
2016.10.28,10590.0,-75.0,10700.0,10700.0,10555.0,415.0
2016.10.27,10665.0,15.0,10650.0,10665.0,10630.0,471.0
2016.10.26,10650.0,0.0,10650.0,10665.0,10650.0,214.0
2016.10.25,10650.0,5.0,10665.0,10665.0,10650.0,239.0
2016.10.24,10645.0,-25.0,10645.0,10645.0,10645.0,35.0
2016.10.21,10670.0,-20.0,10670.0,10670.0,10670.0,147.0
2016.10.20,10690.0,0.0,10690.0,10720.0,10690.0,27.0
2016.10.19,10690.0,30.0,10675.0,10690.0,10675.0,55.0
2016.10.18,10660.0,-15.0,10660.0,10660.0,10660.0,63.0
2016.10.17,10675.0,0.0,10675.0,10675.0,10675.0,104.0
2016.10.14,10675.0,-5.0,10675.0,10675.0,10630.0,37.0
2016.10.13,10680.0,40.0,10650.0,10680.0,10650.0,494.0
2016.10.12,10640.0,-110.0,10640.0,10640.0,10620.0,211.0
2016.10.11,10750.0,45.0,10750.0,10750.0,10740.0,91.0
2016.10.10,10705.0,-45.0,10705.0,10705.0,10700.0,17.0
2016.10.07,10750.0,15.0,10735.0,10750.0,10735.0,14.0
2016.10.06,10735.0,20.0,10735.0,10735.0,10690.0,294.0
2016.10.05,10715.0,-125.0,10715.0,10715.0,10715.0,99.0
2016.10.04,10840.0,-20.0,10845.0,10845.0,10840.0,19.0
2016.09.30,10860.0,-80.0,10860.0,10860.0,10860.0,67.0
2016.09.29,10940.0,35.0,10950.0,10950.0,10940.0,128.0
2016.09.28,10905.0,0.0,10860.0,10905.0,10860.0,5.0
2016.09.27,10905.0,-75.0,10900.0,10905.0,10900.0,706.0
2016.09.26,10980.0,-55.0,11035.0,11035.0,10980.0,49.0
2016.09.23,11035.0,115.0,10995.0,11035.0,10995.0,66.0
2016.09.22,10920.0,140.0,10920.0,10965.0,10920.0,174.0
2016.09.21,10780.0,-20.0,10780.0,10780.0,10780.0,53.0
2016.09.20,10800.0,65.0,10760.0,10800.0,10760.0,1021.0
2016.09.19,10735.0,-115.0,10735.0,10735.0,10715.0,162.0
2016.09.13,10850.0,145.0,10815.0,10850.0,10815.0,128.0
2016.09.12,10705.0,-325.0,10705.0,10705.0,10705.0,813.0
2016.09.09,11030.0,55.0,10975.0,11030.0,10975.0,1013.0
2016.09.08,10975.0,-30.0,11005.0,11020.0,10975.0,185.0
2016.09.07,11005.0,40.0,11010.0,11010.0,11005.0,50.0
2016.09.06,10965.0,15.0,10950.0,10965.0,10920.0,156.0
2016.09.05,10950.0,95.0,10920.0,10950.0,10920.0,94.0
2016.09.02,10855.0,-35.0,10855.0,10860.0,10855.0,21.0
2016.09.01,10890.0,20.0,10870.0,10890.0,10855.0,428.0
2016.08.31,10870.0,-50.0,10895.0,10895.0,10870.0,649.0
2016.08.30,10920.0,70.0,10750.0,10950.0,10750.0,385.0
2016.08.29,10850.0,-120.0,10875.0,10875.0,10850.0,559.0
2016.08.26,10970.0,35.0,10970.0,10970.0,10970.0,21.0
2016.08.25,10935.0,-50.0,11050.0,11050.0,10905.0,16.0
2016.08.24,10985.0,15.0,10950.0,10985.0,10950.0,29.0
2016.08.23,10970.0,-15.0,10970.0,10970.0,10970.0,784.0
2016.08.22,10985.0,-65.0,11000.0,11000.0,10950.0,1022.0
2016.08.19,11050.0,115.0,11020.0,11050.0,11020.0,535.0
2016.08.18,10935.0,25.0,10970.0,10970.0,10935.0,4.0
2016.08.17,10910.0,-80.0,10990.0,10990.0,10875.0,299.0
2016.08.16,10990.0,20.0,10970.0,10990.0,10970.0,21.0
2016.08.12,10970.0,15.0,11005.0,11005.0,10970.0,599.0
2016.08.11,10955.0,25.0,10955.0,10955.0,10955.0,82.0
2016.08.10,10930.0,-50.0,10965.0,10965.0,10930.0,294.0
2016.08.09,10980.0,-10.0,10930.0,10995.0,10930.0,33.0
2016.08.08,10990.0,50.0,10990.0,10990.0,10965.0,85.0
2016.08.05,10940.0,0.0,10860.0,10940.0,10860.0,411.0
2016.08.04,10940.0,15.0,10940.0,10940.0,10940.0,321.0
2016.08.03,10925.0,-35.0,10940.0,10940.0,10860.0,18.0
2016.08.02,10960.0,-35.0,10990.0,10995.0,10960.0,23.0
2016.08.01,10995.0,-5.0,11000.0,11000.0,10970.0,40.0
2016.07.29,11000.0,10.0,10935.0,11000.0,10935.0,114.0
2016.07.28,10990.0,-35.0,10925.0,10990.0,10925.0,49.0
2016.07.27,11025.0,-10.0,11025.0,11025.0,10980.0,212.0
2016.07.26,11035.0,-40.0,11035.0,11035.0,10975.0,201.0
2016.07.25,11075.0,65.0,11075.0,11075.0,11055.0,133.0
2016.07.22,11010.0,40.0,11010.0,11010.0,10970.0,510.0
2016.07.21,10970.0,-60.0,11030.0,11035.0,10970.0,401.0
2016.07.20,11030.0,-25.0,11030.0,11030.0,11030.0,100.0
2016.07.19,11055.0,50.0,11055.0,11055.0,11015.0,174.0
2016.07.18,11005.0,20.0,11070.0,11070.0,11005.0,624.0
2016.07.15,10985.0,0.0,11045.0,11045.0,10985.0,116.0
2016.07.14,10985.0,20.0,10975.0,10985.0,10975.0,44.0
2016.07.13,10965.0,75.0,10960.0,10965.0,10960.0,104.0
2016.07.12,10890.0,0.0,10890.0,10955.0,10890.0,103.0
2016.07.11,10890.0,125.0,10910.0,10910.0,10845.0,20.0
2016.07.08,10765.0,-30.0,10765.0,10765.0,10765.0,7.0
2016.07.07,10795.0,75.0,10840.0,10840.0,10795.0,87.0
2016.07.06,10720.0,-120.0,10720.0,10720.0,10720.0,2.0
2016.07.05,10840.0,65.0,10840.0,10840.0,10780.0,96.0
2016.07.04,10775.0,5.0,10615.0,10780.0,10615.0,47.0
2016.07.01,10770.0,205.0,10770.0,10825.0,10770.0,1270.0
2016.06.30,10565.0,155.0,10630.0,10630.0,10565.0,699.0
2016.06.29,10410.0,65.0,10405.0,10410.0,10405.0,302.0
2016.06.28,10345.0,-160.0,10315.0,10345.0,10285.0,520.0
2016.06.27,10505.0,-200.0,10705.0,10705.0,10440.0,193.0
2016.06.24,10705.0,100.0,10745.0,10745.0,10705.0,779.0
2016.06.23,10605.0,15.0,10565.0,10605.0,10565.0,5.0
2016.06.22,10590.0,-25.0,10630.0,10630.0,10590.0,957.0
2016.06.21,10615.0,90.0,10575.0,10615.0,10575.0,31.0
2016.06.20,10525.0,25.0,10565.0,10565.0,10525.0,21.0
2016.06.17,10500.0,-10.0,10500.0,10500.0,10500.0,54.0
2016.06.16,10510.0,-20.0,10510.0,10510.0,10510.0,0.0
2016.06.15,10530.0,0.0,10400.0,10530.0,10400.0,21.0
2016.06.14,10530.0,-45.0,10530.0,10530.0,10530.0,0.0
2016.06.13,10575.0,-75.0,10615.0,10615.0,10575.0,204.0
2016.06.10,10650.0,-25.0,10690.0,10690.0,10650.0,99.0
2016.06.09,10675.0,70.0,10635.0,10675.0,10635.0,13.0
2016.06.08,10605.0,35.0,10605.0,10645.0,10605.0,24.0
2016.06.07,10570.0,95.0,10570.0,10575.0,10570.0,160.0
2016.06.03,10475.0,30.0,10475.0,10500.0,10475.0,112.0
2016.06.02,10445.0,-5.0,10450.0,10450.0,10445.0,5.0
2016.06.01,10450.0,0.0,10450.0,10450.0,10415.0,16.0
2016.05.31,10450.0,45.0,10450.0,10450.0,10450.0,1.0
2016.05.30,10405.0,0.0,10410.0,10410.0,10405.0,18.0
2016.05.27,10405.0,30.0,10365.0,10405.0,10365.0,2.0
2016.05.26,10375.0,65.0,10335.0,10375.0,10335.0,42.0
2016.05.25,10310.0,110.0,10275.0,10310.0,10275.0,45.0
2016.05.24,10200.0,10.0,10200.0,10200.0,10200.0,126.0
2016.05.23,10190.0,50.0,10190.0,10190.0,10190.0,25.0
2016.05.20,10140.0,-35.0,10180.0,10180.0,10140.0,528.0
2016.05.19,10175.0,-80.0,10175.0,10175.0,10175.0,29.0
2016.05.18,10255.0,-125.0,10255.0,10255.0,10255.0,17.0
2016.05.17,10380.0,70.0,10380.0,10380.0,10380.0,1.0
2016.05.16,10310.0,-90.0,10310.0,10310.0,10270.0,167.0
2016.05.13,10400.0,50.0,10365.0,10400.0,10365.0,155.0
2016.05.12,10350.0,-50.0,10320.0,10360.0,10320.0,212.0
2016.05.11,10400.0,100.0,10410.0,10410.0,10370.0,26.0
2016.05.10,10300.0,-5.0,10305.0,10305.0,10300.0,47.0
2016.05.09,10305.0,-15.0,10305.0,10305.0,10265.0,12.0
2016.05.04,10320.0,-50.0,10320.0,10320.0,10320.0,19.0
2016.05.03,10370.0,50.0,10410.0,10410.0,10370.0,79.0
2016.05.02,10320.0,0.0,10450.0,10450.0,10320.0,540.0
2016.04.29,10320.0,-70.0,10360.0,10360.0,10320.0,54.0
2016.04.28,10390.0,100.0,10390.0,10390.0,10390.0,56.0
2016.04.27,10290.0,30.0,10285.0,10325.0,10285.0,47.0
2016.04.26,10260.0,-20.0,10220.0,10260.0,10220.0,15.0
2016.04.25,10280.0,95.0,10240.0,10280.0,10240.0,10.0
2016.04.22,10185.0,-135.0,10185.0,10185.0,10185.0,72.0
2016.04.21,10320.0,-60.0,10320.0,10320.0,10320.0,52.0
2016.04.20,10380.0,45.0,10380.0,10415.0,10380.0,227.0
2016.04.19,10335.0,45.0,10350.0,10350.0,10335.0,22.0
2016.04.18,10290.0,25.0,10280.0,10290.0,10280.0,71.0
2016.04.15,10265.0,-50.0,10260.0,10265.0,10260.0,238.0
2016.04.14,10315.0,135.0,10225.0,10315.0,10225.0,36.0
2016.04.12,10180.0,-10.0,10180.0,10180.0,10180.0,274.0
2016.04.11,10190.0,45.0,10190.0,10195.0,10190.0,60.0
2016.04.08,10145.0,-85.0,10120.0,10145.0,10120.0,16.0
2016.04.07,10230.0,70.0,10205.0,10230.0,10205.0,1497.0
2016.04.06,10160.0,-105.0,10165.0,10165.0,10160.0,136.0
2016.04.05,10265.0,-85.0,10260.0,10290.0,10260.0,517.0
2016.04.04,10350.0,50.0,10350.0,10350.0,10345.0,227.0
2016.04.01,10300.0,0.0,10280.0,10305.0,10280.0,53186.0
2016.03.31,10300.0,0.0,10275.0,10300.0,10275.0,306.0
2016.03.30,10300.0,140.0,10275.0,10300.0,10275.0,143.0
2016.03.29,10160.0,-10.0,10190.0,10190.0,10160.0,505001.0
2016.03.28,10170.0,20.0,10300.0,10300.0,10145.0,61.0
2016.03.25,10150.0,25.0,10145.0,10150.0,10145.0,153.0
2016.03.24,10125.0,-105.0,10165.0,10165.0,10125.0,4.0
2016.03.23,10230.0,-30.0,10185.0,10230.0,10185.0,63.0
2016.03.22,10260.0,35.0,10270.0,10270.0,10225.0,70.0
2016.03.21,10225.0,-75.0,10220.0,10265.0,10220.0,20.0
2016.03.18,10300.0,85.0,10255.0,10300.0,10255.0,285.0
2016.03.17,10215.0,80.0,10200.0,10215.0,10170.0,39.0
2016.03.16,10135.0,-5.0,10090.0,10135.0,10090.0,7.0
2016.03.15,10140.0,-10.0,10250.0,10250.0,10100.0,153.0
2016.03.14,10150.0,55.0,10140.0,10150.0,10140.0,62.0
2016.03.11,10095.0,50.0,10060.0,10105.0,10060.0,130.0
2016.03.10,10045.0,45.0,10040.0,10045.0,10040.0,138.0
2016.03.09,10000.0,-40.0,10005.0,10005.0,10000.0,164.0
2016.03.08,10040.0,60.0,10020.0,10040.0,10020.0,210.0
2016.03.07,9980.0,50.0,9980.0,10020.0,9980.0,689.0
2016.03.04,9930.0,95.0,9850.0,9945.0,9850.0,788.0
2016.03.03,9835.0,35.0,9850.0,9850.0,9820.0,1170.0
2016.03.02,9800.0,130.0,9790.0,9800.0,9740.0,432.0
2016.02.29,9670.0,-105.0,9730.0,9730.0,9670.0,114.0
2016.02.26,9775.0,45.0,9765.0,9800.0,9765.0,290.0
2016.02.25,9730.0,85.0,9685.0,9730.0,9685.0,872.0
2016.02.24,9645.0,-115.0,9750.0,9750.0,9645.0,105.0
2016.02.23,9760.0,160.0,9705.0,9765.0,9705.0,287.0
2016.02.22,9600.0,-5.0,9700.0,9700.0,9600.0,82.0
2016.02.19,9605.0,5.0,9605.0,9605.0,9605.0,258.0
2016.02.18,9600.0,90.0,9600.0,9600.0,9570.0,301.0
2016.02.17,9510.0,105.0,9485.0,9510.0,9460.0,32385.0
2016.02.16,9405.0,10.0,9395.0,9410.0,9395.0,32338.0
2016.02.15,9395.0,130.0,9365.0,9395.0,9365.0,275.0
2016.02.12,9265.0,-130.0,9285.0,9285.0,9255.0,167.0
2016.02.11,9395.0,-60.0,9365.0,9395.0,9365.0,258.0
2016.02.05,9455.0,-15.0,9445.0,9475.0,9445.0,11.0
2016.02.04,9470.0,100.0,9470.0,9475.0,9470.0,32.0
2016.02.03,9370.0,-85.0,9370.0,9370.0,9370.0,58.0
2016.02.02,9455.0,25.0,9430.0,9455.0,9425.0,245.0
2016.02.01,9430.0,195.0,9470.0,9470.0,9410.0,49.0
2016.01.29,9235.0,105.0,9480.0,9480.0,9205.0,158.0
2016.01.28,9130.0,-30.0,9130.0,9130.0,9130.0,171.0
2016.01.27,9160.0,140.0,9150.0,9160.0,9130.0,28.0
2016.01.26,9020.0,-155.0,9020.0,9020.0,9020.0,53.0
2016.01.25,9175.0,180.0,9150.0,9180.0,9150.0,189.0
2016.01.22,8995.0,20.0,9020.0,9020.0,8975.0,509.0
2016.01.21,8975.0,-135.0,8980.0,8980.0,8975.0,107.0
2016.01.20,9110.0,0.0,9135.0,9135.0,9110.0,126.0
2016.01.19,9110.0,-10.0,9255.0,9255.0,9110.0,146.0
2016.01.18,9120.0,-120.0,9480.0,9660.0,9090.0,194.0
2016.01.15,9240.0,145.0,9240.0,9240.0,9210.0,84.0
2016.01.14,9095.0,-135.0,9095.0,9095.0,9065.0,109.0
2016.01.13,9230.0,15.0,9230.0,9230.0,9200.0,68.0
2016.01.12,9215.0,15.0,9215.0,9215.0,9210.0,168.0
2016.01.11,9200.0,-75.0,9200.0,9200.0,9170.0,2349.0
2016.01.08,9275.0,-140.0,9275.0,9275.0,9255.0,2483.0
2016.01.07,9415.0,-130.0,9440.0,9440.0,9410.0,126.0
2016.01.06,9545.0,80.0,9545.0,9545.0,9525.0,7.0
2016.01.05,9465.0,-80.0,9485.0,9485.0,9455.0,170.0
2016.01.04,9545.0,-175.0,9720.0,9720.0,9540.0,523.0
2015.12.30,9720.0,60.0,9695.0,9720.0,9690.0,33.0
2015.12.29,9660.0,20.0,9640.0,9660.0,9630.0,84.0
2015.12.28,9640.0,-35.0,9665.0,9665.0,9635.0,33.0
2015.12.24,9675.0,140.0,9675.0,9675.0,9645.0,462.0
2015.12.23,9535.0,105.0,9505.0,9535.0,9505.0,385.0
2015.12.22,9430.0,45.0,9890.0,9890.0,9410.0,118.0
2015.12.21,9385.0,-150.0,9900.0,9900.0,9385.0,512.0
2015.12.18,9535.0,-75.0,9535.0,9535.0,9505.0,753.0
2015.12.17,9610.0,160.0,9600.0,9630.0,9600.0,101.0
2015.12.16,9450.0,80.0,9450.0,9480.0,9450.0,5065.0
2015.12.15,9370.0,20.0,9360.0,9370.0,9345.0,5122.0
2015.12.14,9350.0,-120.0,9350.0,9350.0,9350.0,188.0
2015.12.11,9470.0,-35.0,9470.0,9470.0,9470.0,72.0
2015.12.10,9505.0,-50.0,9505.0,9505.0,9505.0,65.0
2015.12.09,9555.0,-60.0,9525.0,9555.0,9525.0,2138.0
2015.12.08,9615.0,-55.0,9615.0,9615.0,9615.0,2072.0
2015.12.07,9670.0,150.0,9880.0,9880.0,9640.0,82.0
2015.12.04,9520.0,-115.0,9520.0,9520.0,9520.0,138.0
2015.12.03,9635.0,-155.0,9635.0,9635.0,9635.0,107.0
2015.12.02,9790.0,70.0,9770.0,9790.0,9770.0,88.0
2015.12.01,9720.0,0.0,9690.0,9720.0,9690.0,88.0
2015.11.30,9720.0,10.0,9690.0,9720.0,9690.0,121.0
2015.11.27,9710.0,0.0,9710.0,9710.0,9685.0,268.0
2015.11.26,9710.0,25.0,9680.0,9710.0,9680.0,92.0
2015.11.25,9685.0,0.0,9715.0,9715.0,9685.0,631.0
2015.11.24,9685.0,5.0,9685.0,9685.0,9660.0,13.0
2015.11.23,9680.0,30.0,9650.0,9680.0,9650.0,391.0
2015.11.20,9650.0,35.0,9235.0,9655.0,9235.0,21.0
2015.11.19,9615.0,110.0,9625.0,9625.0,9595.0,146.0
2015.11.18,9505.0,-80.0,9475.0,9505.0,9475.0,43.0
2015.11.17,9585.0,160.0,9555.0,9585.0,9555.0,152.0
2015.11.16,9425.0,-70.0,9250.0,9425.0,9250.0,91.0
2015.11.13,9495.0,-140.0,9475.0,9495.0,9475.0,228.0
2015.11.12,9635.0,-10.0,9655.0,9655.0,9625.0,56.0
2015.11.11,9645.0,45.0,9615.0,9645.0,9615.0,43.0
2015.11.10,9600.0,-50.0,9600.0,9600.0,9600.0,89.0
2015.11.09,9650.0,-130.0,9650.0,9650.0,9650.0,134.0
2015.11.06,9780.0,-15.0,9750.0,9780.0,9750.0,15.0
2015.11.05,9795.0,-20.0,9795.0,9795.0,9765.0,47.0
2015.11.04,9815.0,35.0,9815.0,9815.0,9790.0,61.0
2015.11.03,9780.0,100.0,9795.0,9795.0,9765.0,77.0
2015.11.02,9680.0,-15.0,9800.0,9800.0,9675.0,19.0
2015.10.30,9695.0,-25.0,9695.0,9695.0,9695.0,90.0
2015.10.29,9720.0,45.0,9710.0,9720.0,9710.0,43.0
2015.10.28,9675.0,-40.0,9645.0,9675.0,9645.0,250.0
2015.10.27,9715.0,-55.0,9735.0,9735.0,9710.0,63.0
2015.10.26,9770.0,0.0,9770.0,9770.0,9770.0,36.0
2015.10.23,9770.0,150.0,9770.0,9770.0,9765.0,232.0
2015.10.22,9620.0,-35.0,9620.0,9620.0,9620.0,82.0
2015.10.21,9655.0,15.0,9625.0,9655.0,9625.0,63.0
2015.10.20,9640.0,-10.0,9640.0,9640.0,9640.0,31.0
2015.10.19,9650.0,40.0,9620.0,9650.0,9620.0,19.0
2015.10.16,9610.0,110.0,9580.0,9610.0,9580.0,16.0
2015.10.15,9500.0,-60.0,9500.0,9520.0,9500.0,6355.0
2015.10.14,9560.0,-20.0,9530.0,9560.0,9530.0,13.0
2015.10.13,9580.0,-15.0,9605.0,9605.0,9580.0,370.0
2015.10.12,9595.0,120.0,9565.0,9595.0,9565.0,207.0
2015.10.08,9475.0,60.0,9475.0,9475.0,9455.0,294.0
2015.10.07,9415.0,-25.0,9480.0,9480.0,9415.0,90.0
2015.10.06,9440.0,190.0,9410.0,9440.0,9410.0,737.0
2015.10.05,9250.0,120.0,9250.0,9250.0,9220.0,73.0
2015.10.02,9130.0,-55.0,9140.0,9140.0,9130.0,72.0
2015.10.01,9185.0,165.0,9185.0,9185.0,9135.0,253.0
2015.09.30,9020.0,-105.0,9200.0,9200.0,9000.0,148.0
2015.09.25,9125.0,25.0,9095.0,9125.0,9095.0,11.0
2015.09.24,9100.0,-20.0,9100.0,9100.0,9100.0,721.0
2015.09.23,9120.0,-90.0,9120.0,9120.0,9100.0,51.0
2015.09.22,9210.0,40.0,9210.0,9210.0,9180.0,966.0
2015.09.21,9170.0,-125.0,9295.0,9295.0,9140.0,175.0
2015.09.18,9295.0,20.0,9295.0,9295.0,9270.0,99.0
2015.09.17,9275.0,125.0,9245.0,9275.0,9245.0,146.0
2015.09.16,9150.0,85.0,9130.0,9160.0,9130.0,148.0
2015.09.15,9065.0,-5.0,9070.0,9070.0,9040.0,63.0
2015.09.14,9070.0,10.0,9085.0,9085.0,9055.0,64.0
2015.09.11,9060.0,15.0,9060.0,9060.0,9060.0,54.0
2015.09.10,9045.0,-105.0,9045.0,9045.0,9040.0,82.0
2015.09.09,9150.0,220.0,8900.0,9155.0,8900.0,696.0
2015.09.08,8930.0,-30.0,8925.0,8955.0,8925.0,17.0
2015.09.07,8960.0,-100.0,8960.0,8960.0,8930.0,693.0
2015.09.04,9060.0,40.0,9060.0,9065.0,9060.0,990.0
2015.09.03,9020.0,70.0,9005.0,9030.0,9005.0,269.0
2015.09.02,8950.0,-240.0,8960.0,8960.0,8950.0,1989.0
2015.09.01,9190.0,-70.0,9190.0,9195.0,9190.0,31.0
2015.08.31,9260.0,40.0,9230.0,9260.0,9230.0,15.0
2015.08.28,9220.0,235.0,9190.0,9220.0,9190.0,714.0
2015.08.27,8985.0,160.0,8985.0,9015.0,8985.0,3143.0
2015.08.26,8825.0,-180.0,9100.0,9100.0,8800.0,4413.0
2015.08.25,9005.0,-310.0,9350.0,9350.0,8995.0,1953.0
2015.08.24,9315.0,-220.0,9340.0,9340.0,9310.0,250.0
2015.08.21,9535.0,-110.0,9535.0,9535.0,9505.0,381.0
2015.08.20,9645.0,-35.0,9645.0,9645.0,9645.0,47.0
2015.08.19,9680.0,-55.0,9680.0,9710.0,9680.0,2311.0
2015.08.18,9735.0,70.0,9735.0,9735.0,9705.0,141.0
2015.08.17,9665.0,15.0,9695.0,9695.0,9665.0,25.0
2015.08.13,9650.0,40.0,9660.0,9660.0,9630.0,38.0
2015.08.12,9610.0,-35.0,9700.0,9700.0,9580.0,161.0
2015.08.11,9645.0,90.0,9645.0,9645.0,9615.0,584.0
2015.08.10,9555.0,25.0,9525.0,9555.0,9525.0,86.0
2015.08.07,9530.0,-30.0,9560.0,9560.0,9530.0,155.0
2015.08.06,9560.0,35.0,9770.0,9770.0,9560.0,27.0
2015.08.05,9525.0,-50.0,9650.0,9650.0,9525.0,94.0
2015.08.04,9575.0,-15.0,9575.0,9575.0,9575.0,29.0
2015.08.03,9590.0,-5.0,9590.0,9590.0,9560.0,81.0
2015.07.31,9595.0,20.0,9550.0,9595.0,9550.0,73.0
2015.07.30,9575.0,60.0,9580.0,9580.0,9530.0,28.0
2015.07.29,9515.0,95.0,9515.0,9515.0,9465.0,30.0
2015.07.28,9420.0,0.0,9400.0,9420.0,9400.0,37.0
2015.07.27,9420.0,-85.0,9420.0,9420.0,9410.0,381.0
2015.07.24,9505.0,-75.0,9505.0,9505.0,9500.0,805.0
2015.07.23,9580.0,0.0,9580.0,9580.0,9580.0,85.0
2015.07.22,9580.0,-60.0,9580.0,9580.0,9580.0,230.0
2015.07.21,9640.0,-10.0,9650.0,9650.0,9620.0,47.0
2015.07.20,9650.0,-105.0,9680.0,9680.0,9650.0,65.0
2015.07.17,9755.0,75.0,9755.0,9755.0,9725.0,237.0
2015.07.16,9680.0,-25.0,9660.0,9680.0,9650.0,25.0
2015.07.15,9705.0,20.0,9705.0,9705.0,9685.0,17.0
2015.07.14,9685.0,70.0,9615.0,9685.0,9615.0,967.0
2015.07.13,9615.0,80.0,9500.0,9615.0,9500.0,26.0
2015.07.10,9535.0,-10.0,9550.0,9550.0,9535.0,117.0
2015.07.09,9545.0,-80.0,9555.0,9555.0,9525.0,211.0
2015.07.08,9625.0,95.0,9550.0,9630.0,9550.0,239.0
2015.07.07,9530.0,-30.0,9530.0,9530.0,9500.0,104.0
2015.07.06,9560.0,0.0,9600.0,9600.0,9530.0,218.0
2015.07.03,9560.0,35.0,9530.0,9560.0,9530.0,31.0
2015.07.02,9525.0,50.0,9525.0,9530.0,9500.0,443.0
2015.07.01,9475.0,-10.0,9475.0,9475.0,9475.0,1683.0
2015.06.30,9485.0,-160.0,9485.0,9485.0,9460.0,769.0
2015.06.29,9645.0,55.0,9590.0,9645.0,9590.0,75.0
2015.06.26,9590.0,-55.0,9590.0,9590.0,9560.0,361.0
2015.06.25,9645.0,-70.0,9645.0,9645.0,9635.0,163.0
2015.06.24,9715.0,-10.0,9715.0,9715.0,9710.0,53.0
2015.06.23,9725.0,0.0,9725.0,9755.0,9725.0,69.0
2015.06.22,9725.0,-45.0,9770.0,9770.0,9695.0,380.0
2015.06.19,9770.0,85.0,9745.0,9775.0,9745.0,105.0
2015.06.18,9685.0,35.0,9685.0,9685.0,9655.0,336.0
2015.06.17,9650.0,50.0,9600.0,9650.0,9600.0,453.0
2015.06.16,9600.0,-280.0,9600.0,9600.0,9575.0,448.0
2015.06.15,9880.0,145.0,9650.0,9880.0,9625.0,317.0
2015.06.12,9735.0,45.0,9700.0,9735.0,9650.0,213.0
2015.06.11,9690.0,95.0,9600.0,9690.0,9600.0,60.0
2015.06.10,9595.0,-5.0,9600.0,9600.0,9590.0,724.0
2015.06.09,9600.0,-35.0,9620.0,9620.0,9570.0,515.0
2015.06.08,9635.0,-40.0,9635.0,9635.0,9630.0,1044.0
2015.06.05,9675.0,-70.0,9675.0,9675.0,9670.0,112.0
2015.06.04,9745.0,-35.0,9880.0,9880.0,9715.0,362.0
2015.06.03,9780.0,-35.0,9780.0,9780.0,9750.0,603.0
2015.06.02,9815.0,0.0,9815.0,9815.0,9785.0,1507.0
2015.06.01,9815.0,-65.0,9820.0,9820.0,9790.0,234.0
2015.05.29,9880.0,20.0,9860.0,9880.0,9850.0,235.0
2015.05.28,9860.0,45.0,9830.0,9865.0,9830.0,75.0
2015.05.27,9815.0,-95.0,9930.0,9930.0,9815.0,2231.0
2015.05.26,9910.0,-20.0,9910.0,9910.0,9880.0,969.0
2015.05.22,9930.0,15.0,9915.0,9935.0,9910.0,18.0
2015.05.21,9915.0,15.0,9900.0,9915.0,9885.0,294.0
2015.05.20,9900.0,-15.0,9900.0,9905.0,9875.0,192.0
2015.05.19,9915.0,35.0,9915.0,9915.0,9890.0,211.0
2015.05.18,9880.0,35.0,9845.0,9880.0,9845.0,668.0
2015.05.15,9845.0,90.0,9850.0,9850.0,9825.0,54.0
2015.05.14,9755.0,-15.0,9755.0,9755.0,9725.0,382.0
2015.05.13,9770.0,-25.0,9790.0,9790.0,9770.0,295.0
2015.05.12,9795.0,-45.0,9795.0,9795.0,9765.0,101.0
2015.05.11,9840.0,95.0,9770.0,9840.0,9770.0,295.0
2015.05.08,9745.0,5.0,9770.0,9770.0,9715.0,48.0
2015.05.07,9740.0,-30.0,9720.0,9740.0,9710.0,1134.0
2015.05.06,9770.0,-105.0,9760.0,9770.0,9740.0,439.0
2015.05.04,9875.0,-25.0,10000.0,10000.0,9845.0,150.0
2015.04.30,9900.0,-35.0,9995.0,9995.0,9870.0,1221.0
2015.04.29,9935.0,60.0,9935.0,9935.0,9905.0,64.0
2015.04.28,9875.0,-80.0,9875.0,9875.0,9875.0,176.0
2015.04.27,9955.0,40.0,9910.0,9955.0,9910.0,35.0
2015.04.24,9915.0,15.0,9945.0,9945.0,9915.0,304.0
2015.04.23,9900.0,25.0,9875.0,9900.0,9875.0,358.0
2015.04.22,9875.0,-55.0,9875.0,9875.0,9875.0,205.0
2015.04.21,9930.0,85.0,9900.0,9930.0,9900.0,274.0
2015.04.20,9845.0,-75.0,9820.0,9845.0,9815.0,596.0
2015.04.17,9920.0,-35.0,9890.0,9960.0,9890.0,19.0
2015.04.16,9955.0,60.0,9925.0,9955.0,9925.0,506.0
2015.04.15,9895.0,45.0,9840.0,9905.0,9840.0,79.0
2015.04.14,9850.0,-40.0,9850.0,9850.0,9820.0,863.0
2015.04.13,9890.0,50.0,9910.0,9910.0,9880.0,333.0
2015.04.10,9840.0,10.0,9850.0,9850.0,9820.0,783.0
2015.04.09,9830.0,-20.0,9830.0,9830.0,9815.0,200.0
2015.04.08,9850.0,-65.0,9850.0,9850.0,9820.0,950.0
2015.04.07,9915.0,115.0,9935.0,9935.0,9885.0,1235.0
2015.04.06,9800.0,10.0,9800.0,9800.0,9770.0,284.0
2015.04.03,9790.0,20.0,9730.0,9800.0,9730.0,240.0
2015.04.02,9770.0,-10.0,9775.0,9775.0,9750.0,242.0
2015.04.01,9780.0,-35.0,9790.0,9790.0,9750.0,2594.0
2015.03.31,9815.0,95.0,9800.0,9830.0,9800.0,219.0
2015.03.30,9720.0,20.0,9720.0,9720.0,9710.0,2673.0
2015.03.27,9700.0,-40.0,9700.0,9700.0,9700.0,196.0
2015.03.26,9740.0,-100.0,9730.0,9740.0,9730.0,320.0
2015.03.25,9840.0,-85.0,9840.0,9840.0,9830.0,176.0
2015.03.24,9925.0,40.0,9895.0,9925.0,9895.0,7736.0
2015.03.23,9885.0,105.0,9900.0,9900.0,9860.0,93.0
2015.03.20,9780.0,-60.0,9780.0,9780.0,9750.0,473.0
2015.03.19,9840.0,165.0,9850.0,9850.0,9810.0,581.0
2015.03.18,9675.0,0.0,9675.0,9675.0,9675.0,138.0
2015.03.17,9675.0,115.0,9685.0,9685.0,9675.0,114.0
2015.03.16,9560.0,-75.0,9570.0,9570.0,9530.0,516.0
2015.03.13,9635.0,130.0,9635.0,9635.0,9605.0,1817.0
2015.03.12,9505.0,-30.0,9560.0,9560.0,9505.0,568.0
2015.03.11,9535.0,-110.0,9580.0,9580.0,9525.0,506.0
2015.03.10,9645.0,30.0,9690.0,9690.0,9640.0,440.0
2015.03.09,9615.0,-190.0,9650.0,9650.0,9585.0,2146.0
2015.03.06,9805.0,20.0,9840.0,9840.0,9800.0,190.0
2015.03.05,9785.0,-55.0,9820.0,9820.0,9755.0,2646.0
2015.03.04,9840.0,-20.0,9810.0,9850.0,9810.0,589.0
2015.03.03,9860.0,-45.0,9890.0,9890.0,9840.0,554.0
2015.03.02,9905.0,-15.0,9910.0,9910.0,9900.0,239.0
2015.02.27,9920.0,-45.0,9940.0,9940.0,9905.0,149.0
2015.02.26,9965.0,-55.0,9980.0,9980.0,9935.0,518.0
2015.02.25,10020.0,30.0,10030.0,10030.0,10000.0,211.0
2015.02.24,9990.0,0.0,10050.0,10050.0,9990.0,236.0
2015.02.23,9990.0,70.0,10010.0,10010.0,9990.0,680.0
2015.02.17,9920.0,-20.0,9920.0,9920.0,9890.0,301.0
2015.02.16,9940.0,-25.0,9950.0,9950.0,9930.0,220.0
2015.02.13,9965.0,65.0,9970.0,9970.0,9935.0,487.0
2015.02.12,9900.0,-75.0,9900.0,9900.0,9890.0,505181.0
2015.02.11,9975.0,100.0,9990.0,9990.0,9950.0,402.0
2015.02.10,9875.0,-50.0,9890.0,9890.0,9875.0,379.0
2015.02.09,9925.0,-155.0,9940.0,9940.0,9900.0,354.0
2015.02.06,10080.0,85.0,10080.0,10080.0,10050.0,189.0
2015.02.05,9995.0,-80.0,10010.0,10010.0,9995.0,97.0
2015.02.04,10075.0,120.0,10090.0,10090.0,10050.0,462.0
2015.02.03,9955.0,95.0,9925.0,9955.0,9925.0,763.0
2015.02.02,9860.0,-160.0,9860.0,9860.0,9860.0,1043.0
2015.01.30,10020.0,110.0,10020.0,10020.0,9990.0,1231.0
2015.01.29,9910.0,-105.0,9950.0,9950.0,9910.0,239.0
2015.01.28,10015.0,-55.0,10020.0,10020.0,10005.0,2269.0
2015.01.27,10070.0,20.0,10080.0,10080.0,10070.0,70.0
2015.01.26,10050.0,-30.0,10050.0,10055.0,10050.0,627.0
