날짜,종가,전일비,시가,고가,저가,거래량
2026.08.03,19450.0,-120.0,19840.0,19840.0,19350.0,49021.0
2026.07.31,19570.0,-110.0,19650.0,19950.0,19550.0,55448.0
2026.07.30,19680.0,45.0,19670.0,19775.0,19620.0,30521.0
2026.07.29,19635.0,-315.0,19510.0,19845.0,19510.0,57069.0
2026.07.28,19950.0,45.0,19945.0,20060.0,19875.0,46909.0
2026.07.27,19905.0,-530.0,20130.0,20135.0,19800.0,66992.0
2026.07.24,20435.0,105.0,20470.0,20505.0,20310.0,28791.0
2026.07.23,20330.0,10.0,20320.0,20445.0,20305.0,28204.0
2026.07.22,20320.0,460.0,20125.0,20320.0,20100.0,20547.0
2026.07.21,19860.0,-250.0,19905.0,19980.0,19815.0,53699.0
2026.07.20,20110.0,830.0,20050.0,20140.0,20020.0,47871.0
2026.07.16,19280.0,-355.0,19610.0,19610.0,19280.0,9207.0
2026.07.15,19635.0,-125.0,19760.0,19800.0,19635.0,21031.0
2026.07.14,19760.0,95.0,19745.0,19935.0,19715.0,48553.0
2026.07.13,19665.0,520.0,19250.0,19665.0,19250.0,24025.0
2026.07.10,19145.0,-295.0,19265.0,19320.0,19145.0,27542.0
2026.07.09,19440.0,180.0,19415.0,19585.0,19380.0,30517.0
2026.07.08,19260.0,235.0,19395.0,19425.0,19235.0,13788.0
2026.07.07,19025.0,90.0,18920.0,19025.0,18885.0,41784.0
2026.07.06,18935.0,-5.0,19050.0,19050.0,18880.0,16571.0
2026.07.03,18940.0,-105.0,19175.0,19175.0,18940.0,61045.0
2026.07.02,19045.0,-155.0,19140.0,19140.0,19020.0,10956.0
2026.07.01,19200.0,-60.0,19260.0,19260.0,19080.0,21788.0
2026.06.30,19260.0,-120.0,19250.0,19350.0,19245.0,8106.0
2026.06.29,19380.0,30.0,19350.0,19460.0,19225.0,22526.0
2026.06.26,19350.0,265.0,19485.0,19515.0,19285.0,36743.0
2026.06.25,19085.0,-355.0,19155.0,19250.0,19050.0,19068.0
2026.06.24,19440.0,225.0,19370.0,19500.0,19340.0,12849.0
2026.06.23,19215.0,150.0,19285.0,19490.0,19180.0,21525.0
2026.06.22,19065.0,-15.0,19240.0,19240.0,18920.0,45029.0
2026.06.19,19080.0,-90.0,19150.0,19150.0,18985.0,37220.0
2026.06.18,19170.0,-90.0,19260.0,19295.0,19140.0,54742.0
2026.06.17,19260.0,-60.0,19320.0,19335.0,19200.0,44913.0
2026.06.16,19320.0,-405.0,19435.0,19485.0,19320.0,48559.0
2026.06.15,19725.0,-345.0,20045.0,20045.0,19660.0,81387.0
2026.06.12,20070.0,-545.0,20280.0,20280.0,20070.0,55199.0
2026.06.11,20615.0,380.0,20495.0,20710.0,20490.0,17359.0
2026.06.10,20235.0,-15.0,20250.0,20355.0,20105.0,33519.0
2026.06.09,20250.0,-575.0,20665.0,20675.0,20250.0,52861.0
2026.06.08,20825.0,-140.0,20865.0,20920.0,20730.0,131754.0
2026.06.05,20965.0,265.0,20735.0,21050.0,20735.0,61761.0
2026.06.04,20700.0,780.0,20655.0,20750.0,20630.0,36936.0
2026.06.02,19920.0,370.0,20050.0,20130.0,19915.0,29931.0
2026.06.01,19550.0,-75.0,19500.0,19705.0,19500.0,48645.0
2026.05.29,19625.0,-395.0,19745.0,19745.0,19575.0,48177.0
2026.05.28,20020.0,125.0,19890.0,20105.0,19755.0,99487.0
2026.05.27,19895.0,-425.0,20070.0,20135.0,19855.0,47057.0
2026.05.26,20320.0,-335.0,19425.0,20610.0,19425.0,94119.0
2026.05.22,20655.0,-150.0,20755.0,20755.0,20570.0,101710.0
2026.05.21,20805.0,-500.0,20645.0,20820.0,20425.0,159459.0
2026.05.20,21305.0,145.0,21430.0,21430.0,21250.0,97931.0
2026.05.19,21160.0,290.0,20930.0,21170.0,20925.0,114657.0
2026.05.18,20870.0,535.0,20765.0,20880.0,20685.0,184406.0
2026.05.15,20335.0,505.0,20025.0,20355.0,20025.0,120428.0
2026.05.14,19830.0,110.0,19835.0,19870.0,19760.0,53415.0
2026.05.13,19720.0,45.0,19920.0,19950.0,19720.0,48407.0
2026.05.12,19675.0,585.0,19420.0,19675.0,19420.0,54039.0
2026.05.11,19090.0,120.0,18970.0,19090.0,18925.0,55157.0
2026.05.08,18970.0,-175.0,18870.0,19070.0,18705.0,111120.0
2026.05.07,19145.0,-720.0,19170.0,19240.0,19075.0,108637.0
2026.05.06,19865.0,-15.0,20090.0,20090.0,19820.0,118227.0
2026.05.04,19880.0,-515.0,20185.0,20190.0,19880.0,134441.0
2026.04.30,20395.0,540.0,20380.0,20455.0,20200.0,266536.0
2026.04.29,19855.0,365.0,19690.0,19855.0,19670.0,110895.0
2026.04.28,19490.0,-5.0,19555.0,19560.0,19410.0,57960.0
2026.04.27,19495.0,-85.0,19580.0,19715.0,19385.0,90808.0
2026.04.24,19580.0,120.0,19810.0,19810.0,19510.0,49274.0
2026.04.23,19460.0,480.0,19325.0,19572.0,19325.0,127047.0
2026.04.22,18980.0,145.0,19090.0,19180.0,18940.0,80142.0
2026.04.21,18835.0,-295.0,18995.0,18995.0,18740.0,81651.0
2026.04.20,19130.0,-255.0,19145.0,19145.0,19055.0,135541.0
2026.04.17,19385.0,350.0,19350.0,19410.0,19315.0,76784.0
2026.04.16,19035.0,-85.0,19050.0,19150.0,18995.0,84651.0
2026.04.15,19120.0,-480.0,19110.0,19120.0,18960.0,141418.0
2026.04.14,19600.0,-685.0,19675.0,19675.0,19515.0,159025.0
2026.04.13,20285.0,625.0,19865.0,20725.0,19865.0,108551.0
2026.04.10,19660.0,-390.0,19795.0,19795.0,19590.0,88185.0
2026.04.09,20050.0,570.0,19935.0,20150.0,19920.0,90787.0
2026.04.08,19480.0,-1500.0,19565.0,19785.0,19345.0,413296.0
2026.04.07,20980.0,215.0,20835.0,21095.0,20765.0,151783.0
2026.04.06,20765.0,-10.0,20925.0,21080.0,20685.0,147363.0
2026.04.03,20775.0,-660.0,21015.0,21015.0,20680.0,181028.0
2026.04.02,21435.0,365.0,20790.0,21570.0,20300.0,566963.0
2026.04.01,21070.0,-1170.0,21530.0,21535.0,21070.0,434925.0
2026.03.31,22240.0,-160.0,22305.0,22470.0,21825.0,365946.0
2026.03.30,22400.0,645.0,22260.0,22845.0,22205.0,622817.0
2026.03.27,21755.0,290.0,21605.0,22000.0,21590.0,207247.0
2026.03.26,21465.0,370.0,21260.0,21465.0,21230.0,136704.0
2026.03.25,21095.0,155.0,20995.0,21125.0,20830.0,149959.0
2026.03.24,20940.0,-25.0,20705.0,21050.0,20705.0,154697.0
2026.03.23,20965.0,310.0,20660.0,20970.0,20635.0,215409.0
2026.03.20,20655.0,280.0,20565.0,20655.0,20465.0,113996.0
2026.03.19,20375.0,525.0,20400.0,20450.0,20285.0,145682.0
2026.03.18,19850.0,-195.0,20050.0,20135.0,19850.0,89651.0
2026.03.17,20045.0,10.0,20025.0,20095.0,19880.0,152614.0
2026.03.16,20035.0,175.0,19865.0,20095.0,19865.0,144005.0
2026.03.13,19860.0,275.0,19930.0,19930.0,19785.0,194123.0
2026.03.12,19585.0,740.0,19445.0,19680.0,19405.0,165159.0
2026.03.11,18845.0,-125.0,18885.0,18945.0,18730.0,182327.0
2026.03.10,18970.0,-800.0,18985.0,19165.0,18825.0,330347.0
2026.03.09,19770.0,360.0,19935.0,22200.0,19645.0,822173.0
2026.03.06,19410.0,195.0,19450.0,19500.0,19255.0,105962.0
2026.03.05,19215.0,-125.0,18990.0,19235.0,18840.0,210510.0
2026.03.04,19340.0,-175.0,19795.0,19800.0,19180.0,228308.0
2026.03.03,19515.0,1260.0,19650.0,19685.0,19405.0,383399.0
2026.02.27,18255.0,130.0,18130.0,18350.0,18130.0,38416.0
2026.02.26,18125.0,-205.0,17995.0,18200.0,17995.0,43871.0
2026.02.25,18330.0,-230.0,18490.0,18490.0,18225.0,45081.0
2026.02.24,18560.0,260.0,18395.0,18610.0,18395.0,68866.0
2026.02.23,18300.0,-385.0,18415.0,18460.0,18290.0,79883.0
2026.02.20,18685.0,175.0,18660.0,18685.0,18525.0,117537.0
2026.02.19,18510.0,540.0,18395.0,18560.0,18395.0,69998.0
2026.02.13,17970.0,-560.0,18215.0,18240.0,17970.0,54767.0
2026.02.12,18530.0,290.0,18425.0,18645.0,18420.0,63854.0
2026.02.11,18240.0,-25.0,18265.0,18310.0,18215.0,43188.0
2026.02.10,18265.0,85.0,18180.0,18365.0,18080.0,56188.0
2026.02.09,18180.0,395.0,18085.0,18305.0,18085.0,39949.0
2026.02.06,17785.0,-150.0,17935.0,18005.0,17380.0,105214.0
2026.02.05,17935.0,420.0,17860.0,18140.0,17860.0,107462.0
2026.02.04,17515.0,640.0,17440.0,17535.0,17345.0,56847.0
2026.02.03,16875.0,-40.0,16915.0,17065.0,16855.0,30564.0
2026.02.02,16915.0,0.0,17125.0,17300.0,16835.0,85214.0
2026.01.30,16915.0,70.0,16940.0,17100.0,16765.0,46900.0
2026.01.29,16845.0,275.0,16675.0,16895.0,16575.0,65270.0
2026.01.28,16570.0,-150.0,16680.0,16700.0,16560.0,44671.0
2026.01.27,16720.0,5.0,16660.0,16760.0,16550.0,49648.0
2026.01.26,16715.0,-35.0,16575.0,16715.0,16555.0,46517.0
2026.01.23,16750.0,125.0,16630.0,16760.0,16630.0,38932.0
2026.01.22,16625.0,235.0,16640.0,16770.0,16625.0,55117.0
2026.01.21,16390.0,50.0,16340.0,16585.0,16270.0,37476.0
2026.01.20,16340.0,-25.0,16355.0,16360.0,16135.0,24693.0
2026.01.19,16365.0,-55.0,16245.0,16365.0,16155.0,65912.0
2026.01.16,16420.0,-75.0,16345.0,16420.0,16210.0,30694.0
2026.01.15,16495.0,305.0,16315.0,16495.0,16300.0,87380.0
2026.01.14,16190.0,305.0,16150.0,16240.0,16120.0,53192.0
2026.01.13,15885.0,-55.0,15890.0,15965.0,15850.0,42334.0
2026.01.12,15940.0,80.0,15860.0,15940.0,15795.0,72563.0
2026.01.09,15860.0,565.0,15700.0,15860.0,15700.0,36555.0
2026.01.08,15295.0,-135.0,15305.0,15305.0,15205.0,30148.0
2026.01.07,15430.0,-460.0,15445.0,15460.0,15365.0,69189.0
2026.01.06,15890.0,-65.0,15945.0,15945.0,15770.0,45361.0
2026.01.05,15955.0,815.0,15460.0,16085.0,15360.0,188958.0
2026.01.02,15140.0,180.0,14980.0,15165.0,14970.0,14645.0
2025.12.30,14960.0,225.0,14850.0,14960.0,14835.0,15239.0
2025.12.29,14735.0,-190.0,14885.0,14885.0,14705.0,9260.0
2025.12.26,14925.0,-110.0,15010.0,15050.0,14785.0,12089.0
2025.12.24,15035.0,-220.0,15415.0,15415.0,15025.0,12511.0
2025.12.23,15255.0,325.0,15155.0,15270.0,15155.0,17614.0
2025.12.22,14930.0,-190.0,15065.0,15125.0,14930.0,43586.0
2025.12.19,15120.0,-300.0,15120.0,15145.0,15000.0,18464.0
2025.12.18,15420.0,365.0,15230.0,15425.0,15225.0,20236.0
2025.12.17,15055.0,-245.0,14915.0,15055.0,14855.0,40147.0
2025.12.16,15300.0,-160.0,15335.0,15335.0,15240.0,22035.0
2025.12.15,15460.0,-110.0,15545.0,15565.0,15430.0,6524.0
2025.12.12,15570.0,10.0,15640.0,15640.0,15537.0,16074.0
2025.12.11,15560.0,50.0,15625.0,15635.0,15495.0,7875.0
2025.12.10,15510.0,45.0,15465.0,15530.0,15425.0,9000.0
2025.12.09,15465.0,-115.0,15485.0,15485.0,15345.0,11613.0
2025.12.08,15580.0,-15.0,15595.0,15630.0,15545.0,9010.0
2025.12.05,15595.0,15.0,15625.0,15740.0,15595.0,12159.0
2025.12.04,15580.0,290.0,15460.0,15585.0,15460.0,5965.0
2025.12.03,15290.0,-190.0,15335.0,15360.0,15210.0,5053.0
2025.12.02,15480.0,170.0,15420.0,15595.0,15420.0,14827.0
2025.12.01,15310.0,165.0,15220.0,15345.0,15220.0,33384.0
2025.11.28,15145.0,55.0,15090.0,15165.0,15040.0,5994.0
2025.11.27,15090.0,100.0,15045.0,15140.0,15045.0,8770.0
2025.11.26,14990.0,-110.0,14975.0,15015.0,14885.0,7887.0
2025.11.25,15100.0,-170.0,15185.0,15185.0,15080.0,21197.0
2025.11.24,15270.0,255.0,15160.0,15290.0,15160.0,4732.0
2025.11.21,15015.0,-335.0,15080.0,15115.0,14965.0,13387.0
2025.11.20,15350.0,-10.0,15350.0,15485.0,15315.0,44336.0
2025.11.19,15360.0,180.0,15380.0,15380.0,15250.0,22227.0
2025.11.18,15180.0,-245.0,15305.0,15305.0,15070.0,14422.0
2025.11.17,15425.0,270.0,15395.0,15520.0,15395.0,67078.0
2025.11.14,15155.0,-145.0,15485.0,15490.0,15155.0,13090.0
2025.11.13,15300.0,-220.0,15365.0,15425.0,15280.0,42652.0
2025.11.12,15520.0,270.0,15435.0,15565.0,15435.0,23649.0
2025.11.11,15250.0,150.0,15130.0,15315.0,15130.0,18589.0
2025.11.10,15100.0,225.0,15290.0,15295.0,15090.0,56443.0
2025.11.07,14875.0,275.0,14780.0,14890.0,14780.0,20843.0
2025.11.06,14600.0,5.0,14595.0,14725.0,14515.0,14149.0
2025.11.05,14595.0,0.0,14635.0,14635.0,14400.0,15264.0
2025.11.04,14595.0,0.0,14605.0,14715.0,14565.0,13890.0
2025.11.03,14595.0,115.0,14620.0,14725.0,14560.0,14524.0
2025.10.31,14480.0,-105.0,14530.0,14535.0,14425.0,7192.0
2025.10.30,14585.0,-5.0,14590.0,14645.0,14530.0,13428.0
2025.10.29,14590.0,-175.0,14620.0,14620.0,14490.0,9897.0
2025.10.28,14765.0,55.0,14715.0,14790.0,14640.0,22669.0
2025.10.27,14710.0,-115.0,14775.0,14775.0,14665.0,19388.0
2025.10.24,14825.0,10.0,14845.0,14855.0,14755.0,26201.0
2025.10.23,14815.0,370.0,14690.0,14815.0,14635.0,43053.0
2025.10.22,14445.0,-25.0,14455.0,14455.0,14325.0,10788.0
2025.10.21,14470.0,240.0,14320.0,14470.0,14285.0,18442.0
2025.10.20,14230.0,190.0,14205.0,14255.0,14140.0,15338.0
2025.10.17,14040.0,-235.0,14120.0,14160.0,14015.0,14881.0
2025.10.16,14275.0,5.0,14270.0,14285.0,14195.0,29447.0
2025.10.15,14270.0,-50.0,14310.0,14370.0,14255.0,15619.0
2025.10.14,14320.0,-10.0,14330.0,14435.0,14245.0,29488.0
2025.10.13,14330.0,-195.0,14260.0,14365.0,14245.0,36039.0
2025.10.10,14525.0,-80.0,14585.0,14585.0,14430.0,22666.0
2025.10.02,14605.0,55.0,14570.0,14630.0,14500.0,22746.0
2025.10.01,14550.0,-180.0,14505.0,14635.0,14505.0,8456.0
2025.09.30,14730.0,-190.0,14650.0,14730.0,14645.0,6975.0
2025.09.29,14920.0,-30.0,15050.0,15130.0,14920.0,18178.0
2025.09.26,14950.0,315.0,14835.0,15020.0,14835.0,35765.0
2025.09.25,14635.0,200.0,14660.0,14715.0,14635.0,31769.0
2025.09.24,14435.0,295.0,14380.0,14510.0,14380.0,37146.0
2025.09.23,14140.0,-15.0,14270.0,14270.0,14135.0,12531.0
2025.09.22,14155.0,-265.0,14420.0,14420.0,14085.0,35744.0
2025.09.19,14420.0,30.0,14390.0,14470.0,14320.0,13696.0
2025.09.18,14390.0,125.0,14330.0,14410.0,14315.0,12179.0
2025.09.17,14265.0,210.0,14255.0,14330.0,14240.0,21547.0
2025.09.16,14055.0,-170.0,14165.0,14165.0,14035.0,10454.0
2025.09.15,14225.0,-20.0,14270.0,14270.0,14170.0,5001.0
2025.09.12,14245.0,-45.0,14245.0,14255.0,14215.0,8819.0
2025.09.11,14290.0,250.0,14235.0,14315.0,14230.0,5896.0
2025.09.10,14040.0,40.0,13960.0,14085.0,13945.0,5680.0
2025.09.09,14000.0,-80.0,14045.0,14045.0,13910.0,8222.0
2025.09.08,14080.0,-190.0,14090.0,14090.0,13990.0,8549.0
2025.09.05,14270.0,85.0,14265.0,14280.0,14240.0,4771.0
2025.09.04,14185.0,-275.0,14230.0,14235.0,14145.0,21720.0
2025.09.03,14460.0,-60.0,14560.0,14560.0,14450.0,8327.0
2025.09.02,14520.0,190.0,14515.0,14535.0,14460.0,14557.0
2025.09.01,14330.0,5.0,14360.0,14475.0,14330.0,56595.0
2025.08.29,14325.0,115.0,14220.0,14445.0,14220.0,18517.0
2025.08.28,14210.0,70.0,14295.0,14295.0,14205.0,18685.0
2025.08.27,14140.0,-20.0,14205.0,14230.0,14120.0,10867.0
2025.08.26,14160.0,60.0,14120.0,14180.0,14105.0,8703.0
2025.08.25,14100.0,265.0,14025.0,14100.0,14025.0,18901.0
2025.08.22,13835.0,-5.0,13985.0,13985.0,13835.0,16665.0
2025.08.21,13840.0,140.0,13880.0,13880.0,13775.0,14928.0
2025.08.20,13700.0,50.0,13670.0,13725.0,13670.0,6878.0
2025.08.19,13650.0,-35.0,13730.0,13730.0,13630.0,2256.0
2025.08.18,13685.0,-50.0,13735.0,13805.0,13670.0,9034.0
2025.08.14,13735.0,170.0,13750.0,13750.0,13675.0,4569.0
2025.08.13,13565.0,-35.0,13635.0,13635.0,13550.0,5865.0
2025.08.12,13600.0,-125.0,13640.0,13665.0,13555.0,19134.0
2025.08.11,13725.0,20.0,13675.0,13725.0,13620.0,10445.0
2025.08.08,13705.0,25.0,13680.0,13705.0,13600.0,7177.0
2025.08.07,13680.0,-220.0,13900.0,13900.0,13625.0,16086.0
2025.08.06,13900.0,5.0,13855.0,13905.0,13755.0,5721.0
2025.08.05,13895.0,130.0,13820.0,13895.0,13715.0,19575.0
2025.08.04,13765.0,-435.0,13860.0,13860.0,13700.0,11830.0
2025.08.01,14200.0,185.0,14040.0,14200.0,14040.0,30001.0
2025.07.31,14015.0,-175.0,14225.0,14325.0,14015.0,11105.0
2025.07.30,14190.0,90.0,14335.0,14390.0,14190.0,29301.0
2025.07.29,14100.0,-55.0,14275.0,14350.0,14100.0,55605.0
2025.07.28,14155.0,110.0,14045.0,14155.0,13995.0,29467.0
2025.07.25,14045.0,175.0,13880.0,14045.0,13880.0,26567.0
2025.07.24,13870.0,70.0,13880.0,13915.0,13795.0,6682.0
2025.07.23,13800.0,120.0,13895.0,13895.0,13650.0,9659.0
2025.07.22,13680.0,-320.0,13730.0,13735.0,13600.0,32250.0
2025.07.21,14000.0,-130.0,14060.0,14060.0,13875.0,23830.0
2025.07.18,14130.0,190.0,13980.0,14140.0,13980.0,21121.0
2025.07.17,13940.0,-20.0,14100.0,14100.0,13880.0,13322.0
2025.07.16,13960.0,-80.0,13860.0,13960.0,13860.0,7081.0
2025.07.15,14040.0,-410.0,14115.0,14115.0,14015.0,23840.0
2025.07.14,14450.0,445.0,14140.0,14455.0,14140.0,55068.0
2025.07.11,14005.0,-30.0,14010.0,14085.0,13990.0,84911.0
2025.07.10,14035.0,-75.0,14100.0,14100.0,13970.0,23163.0
2025.07.09,14110.0,500.0,14010.0,14120.0,14010.0,47013.0
2025.07.08,13610.0,-175.0,13755.0,13755.0,13605.0,30699.0
2025.07.07,13785.0,30.0,13645.0,13785.0,13540.0,9993.0
2025.07.04,13755.0,55.0,13850.0,13900.0,13755.0,7565.0
2025.07.03,13700.0,185.0,13770.0,13770.0,13650.0,12083.0
2025.07.02,13515.0,85.0,13430.0,13545.0,13375.0,23000.0
2025.07.01,13430.0,-30.0,13360.0,13495.0,13290.0,7220.0
2025.06.30,13460.0,-180.0,13505.0,13505.0,13400.0,18907.0
2025.06.27,13640.0,225.0,13580.0,13715.0,13475.0,31158.0
2025.06.26,13415.0,-100.0,13600.0,13600.0,13325.0,21302.0
2025.06.25,13515.0,85.0,13535.0,13575.0,13465.0,12257.0
2025.06.24,13430.0,-830.0,13470.0,13550.0,12840.0,83575.0
2025.06.23,14260.0,345.0,14135.0,14450.0,14135.0,86420.0
2025.06.20,13915.0,-140.0,14045.0,14045.0,13875.0,38332.0
2025.06.19,14055.0,45.0,14040.0,14055.0,13940.0,24689.0
2025.06.18,14010.0,145.0,14130.0,14135.0,14010.0,29001.0
2025.06.17,13865.0,-185.0,13970.0,13975.0,13720.0,43289.0
2025.06.16,14050.0,-305.0,14190.0,14200.0,13960.0,51903.0
2025.06.13,14355.0,800.0,13505.0,14665.0,13450.0,114670.0
2025.06.12,13555.0,50.0,13560.0,13660.0,13480.0,18205.0
2025.06.11,13505.0,370.0,13400.0,13505.0,13330.0,21744.0
2025.06.10,13135.0,-50.0,13185.0,13197.0,13085.0,14071.0
2025.06.09,13185.0,270.0,13110.0,13185.0,13095.0,20191.0
2025.06.05,12915.0,-265.0,13000.0,13020.0,12850.0,18921.0
2025.06.04,13180.0,155.0,13285.0,13335.0,13100.0,5223.0
2025.06.02,13025.0,-40.0,13065.0,13120.0,12960.0,6953.0
2025.05.30,13065.0,-180.0,13265.0,13265.0,13035.0,11350.0
2025.05.29,13245.0,20.0,13240.0,13275.0,13165.0,8253.0
2025.05.28,13225.0,235.0,13185.0,13225.0,13075.0,10667.0
2025.05.27,12990.0,-75.0,13200.0,13200.0,12970.0,10413.0
2025.05.26,13065.0,45.0,13040.0,13180.0,13005.0,8535.0
2025.05.23,13020.0,-125.0,13135.0,13135.0,13015.0,6185.0
2025.05.22,13145.0,-325.0,13025.0,13190.0,13025.0,17263.0
2025.05.21,13470.0,-135.0,13470.0,13565.0,13460.0,9170.0
2025.05.20,13605.0,-230.0,13685.0,13685.0,13557.0,12513.0
2025.05.19,13835.0,-30.0,13900.0,13900.0,13775.0,13261.0
2025.05.16,13865.0,105.0,13985.0,13985.0,13815.0,6761.0
2025.05.15,13760.0,-410.0,14175.0,14175.0,13730.0,7142.0
2025.05.14,14170.0,205.0,14105.0,14170.0,14100.0,8717.0
2025.05.13,13965.0,300.0,14045.0,14045.0,13855.0,6339.0
2025.05.12,13665.0,230.0,13595.0,13700.0,13375.0,32688.0
2025.05.09,13435.0,210.0,13395.0,13585.0,13300.0,22990.0
2025.05.08,13225.0,-20.0,13225.0,13235.0,13100.0,30223.0
2025.05.07,13245.0,-150.0,12950.0,13245.0,12950.0,41340.0
2025.05.02,13395.0,-275.0,13745.0,13745.0,13395.0,29292.0
2025.04.30,13670.0,-225.0,13835.0,13840.0,13650.0,6606.0
2025.04.29,13895.0,15.0,13885.0,13965.0,13850.0,15019.0
2025.04.28,13880.0,-45.0,13845.0,13885.0,13740.0,1943.0
2025.04.25,13925.0,345.0,13705.0,13930.0,13650.0,32110.0
2025.04.24,13580.0,-95.0,13545.0,13600.0,13485.0,3549.0
2025.04.23,13675.0,550.0,13580.0,13675.0,13450.0,18273.0
2025.04.22,13125.0,-350.0,13460.0,13615.0,13120.0,6675.0
2025.04.21,13475.0,-85.0,13560.0,13560.0,13370.0,10008.0
2025.04.18,13560.0,215.0,13540.0,13560.0,13440.0,4571.0
2025.04.17,13345.0,260.0,13210.0,13345.0,13210.0,17782.0
2025.04.16,13085.0,-135.0,13220.0,13290.0,13070.0,4270.0
2025.04.15,13220.0,-45.0,13255.0,13255.0,13155.0,5576.0
2025.04.14,13265.0,-135.0,13435.0,13435.0,13140.0,37176.0
2025.04.11,13400.0,-540.0,13200.0,13425.0,12975.0,152960.0
2025.04.10,13940.0,845.0,13450.0,14125.0,13450.0,30367.0
2025.04.09,13095.0,-475.0,12990.0,13100.0,12880.0,14096.0
2025.04.08,13570.0,315.0,13335.0,13605.0,13335.0,12693.0
2025.04.07,13255.0,-1210.0,13305.0,13440.0,13155.0,12562.0
2025.04.04,14465.0,-1445.0,14845.0,14850.0,14465.0,22378.0
2025.04.03,15910.0,-160.0,15640.0,15955.0,15355.0,19879.0
2025.04.02,16070.0,85.0,16025.0,16140.0,16025.0,6153.0
2025.04.01,15985.0,145.0,16010.0,16065.0,15975.0,9229.0
2025.03.31,15840.0,50.0,15895.0,15895.0,15730.0,6306.0
2025.03.28,15790.0,-55.0,15845.0,15895.0,15780.0,49687.0
2025.03.27,15845.0,-85.0,16060.0,16060.0,15845.0,55786.0
2025.03.26,15930.0,130.0,15990.0,16025.0,15870.0,17407.0
2025.03.25,15800.0,140.0,15880.0,15955.0,15790.0,22055.0
2025.03.24,15660.0,-65.0,15725.0,15755.0,15610.0,8558.0
2025.03.21,15725.0,90.0,15700.0,15830.0,15700.0,12723.0
2025.03.20,15635.0,335.0,15635.0,15685.0,15580.0,26291.0
2025.03.19,15300.0,-20.0,15320.0,15365.0,15300.0,11380.0
2025.03.18,15320.0,250.0,15185.0,15325.0,15100.0,13239.0
2025.03.17,15070.0,320.0,15150.0,15160.0,14995.0,18906.0
2025.03.14,14750.0,10.0,14510.0,14820.0,14510.0,14012.0
2025.03.13,14740.0,15.0,14725.0,14825.0,14705.0,5110.0
2025.03.12,14725.0,-175.0,14850.0,14850.0,14705.0,14586.0
2025.03.11,14900.0,210.0,14800.0,14900.0,14720.0,17302.0
2025.03.10,14690.0,250.0,14535.0,14730.0,14520.0,75422.0
2025.03.07,14440.0,165.0,14360.0,14610.0,14360.0,10223.0
2025.03.06,14275.0,-355.0,14620.0,14620.0,14240.0,6778.0
2025.03.05,14630.0,-190.0,14770.0,14770.0,14590.0,12411.0
2025.03.04,14820.0,-260.0,14945.0,14945.0,14550.0,18548.0
2025.02.28,15080.0,190.0,14940.0,15125.0,14940.0,14457.0
2025.02.27,14890.0,15.0,14880.0,14890.0,14820.0,6592.0
2025.02.26,14875.0,-230.0,14930.0,14930.0,14825.0,5574.0
2025.02.25,15105.0,130.0,15030.0,15120.0,15030.0,3830.0
2025.02.24,14975.0,-370.0,15115.0,15165.0,14960.0,9998.0
2025.02.21,15345.0,50.0,15415.0,15450.0,15345.0,11335.0
2025.02.20,15295.0,95.0,15300.0,15345.0,15235.0,10212.0
2025.02.19,15200.0,60.0,15255.0,15300.0,15175.0,12331.0
2025.02.18,15140.0,105.0,15040.0,15140.0,15035.0,10079.0
2025.02.17,15035.0,5.0,15075.0,15075.0,14975.0,37420.0
2025.02.14,15030.0,50.0,15090.0,15105.0,15025.0,14458.0
2025.02.13,14980.0,-410.0,15170.0,15170.0,14980.0,12810.0
2025.02.12,15390.0,40.0,15400.0,15445.0,15340.0,10748.0
2025.02.11,15350.0,315.0,15230.0,15355.0,15230.0,18345.0
2025.02.10,15035.0,115.0,15010.0,15070.0,14920.0,10043.0
2025.02.07,14920.0,-280.0,14990.0,15010.0,14865.0,10174.0
2025.02.06,15200.0,40.0,15160.0,15245.0,15090.0,13547.0
2025.02.05,15160.0,260.0,15170.0,15275.0,15135.0,9996.0
2025.02.04,14900.0,-125.0,15025.0,15335.0,14780.0,53615.0
2025.02.03,15025.0,-240.0,14995.0,15140.0,14945.0,57525.0
2025.01.31,15265.0,-105.0,15190.0,15310.0,15080.0,26265.0
2025.01.24,15370.0,70.0,15330.0,15415.0,15320.0,23120.0
2025.01.23,15300.0,-240.0,15390.0,15400.0,15270.0,34585.0
2025.01.22,15540.0,-210.0,15605.0,15700.0,15375.0,60911.0
2025.01.21,15750.0,-40.0,15785.0,15785.0,15365.0,51269.0
2025.01.20,15790.0,-5.0,15975.0,15975.0,15785.0,44375.0
2025.01.17,15795.0,165.0,15730.0,15850.0,15730.0,41398.0
2025.01.16,15630.0,80.0,15650.0,15760.0,15600.0,31248.0
2025.01.15,15550.0,125.0,15445.0,15550.0,15445.0,18513.0
2025.01.14,15425.0,70.0,15500.0,15500.0,15330.0,19062.0
2025.01.13,15355.0,315.0,15125.0,15370.0,15125.0,51854.0
2025.01.10,15040.0,30.0,15010.0,15040.0,14910.0,6871.0
2025.01.09,15010.0,15.0,15040.0,15040.0,14905.0,7567.0
2025.01.08,14995.0,290.0,14740.0,15000.0,14740.0,19180.0
2025.01.07,14705.0,-185.0,14865.0,14870.0,14670.0,11485.0
2025.01.06,14890.0,40.0,14950.0,15065.0,14890.0,19010.0
2025.01.03,14850.0,195.0,14705.0,14870.0,14705.0,17185.0
2025.01.02,14655.0,130.0,14625.0,14725.0,14610.0,30351.0
2024.12.30,14525.0,35.0,14490.0,14555.0,14460.0,21822.0
2024.12.27,14490.0,40.0,14450.0,14650.0,14410.0,15367.0
2024.12.26,14450.0,110.0,14345.0,14505.0,14345.0,9258.0
2024.12.24,14340.0,50.0,14290.0,14355.0,14260.0,12968.0
2024.12.23,14290.0,290.0,14000.0,14290.0,14000.0,9315.0
2024.12.20,14000.0,-120.0,14050.0,14050.0,13945.0,14550.0
2024.12.19,14120.0,-320.0,14130.0,14130.0,14060.0,8218.0
2024.12.18,14440.0,-80.0,14485.0,14485.0,14410.0,5804.0
2024.12.17,14520.0,-310.0,14525.0,14525.0,14440.0,12426.0
2024.12.16,14830.0,-85.0,14840.0,14840.0,14750.0,13604.0
2024.12.13,14915.0,-85.0,14930.0,14950.0,14865.0,3347.0
2024.12.12,15000.0,-75.0,15050.0,15055.0,14970.0,7581.0
2024.12.11,15075.0,55.0,14975.0,15075.0,14910.0,16307.0
2024.12.10,15020.0,-120.0,15135.0,15135.0,14955.0,27783.0
2024.12.09,15140.0,-100.0,14985.0,15210.0,14985.0,22399.0
2024.12.06,15240.0,120.0,15185.0,15270.0,15135.0,10317.0
2024.12.05,15120.0,-295.0,15185.0,15185.0,15085.0,12707.0
2024.12.04,15415.0,10.0,15305.0,15500.0,15190.0,31369.0
2024.12.03,15405.0,-170.0,15410.0,15410.0,15310.0,9562.0
2024.12.02,15575.0,190.0,15385.0,15600.0,15385.0,15462.0
2024.11.29,15385.0,-15.0,15395.0,15450.0,15350.0,39458.0
2024.11.28,15400.0,10.0,15450.0,15450.0,15315.0,6899.0
2024.11.27,15390.0,-45.0,15435.0,15445.0,15370.0,15067.0
2024.11.26,15435.0,-280.0,15490.0,15505.0,15410.0,104151.0
2024.11.25,15715.0,-65.0,15835.0,15855.0,15675.0,32207.0
2024.11.22,15780.0,105.0,15730.0,15860.0,15730.0,36046.0
2024.11.21,15675.0,285.0,15430.0,15685.0,15430.0,34151.0
2024.11.20,15390.0,-110.0,15425.0,15445.0,15325.0,26393.0
2024.11.19,15500.0,180.0,15495.0,15510.0,15445.0,16323.0
2024.11.18,15320.0,145.0,15185.0,15420.0,15185.0,16824.0
2024.11.15,15175.0,-165.0,15385.0,15445.0,15175.0,47731.0
2024.11.14,15340.0,-45.0,15255.0,15430.0,15255.0,16214.0
2024.11.13,15385.0,95.0,15300.0,15385.0,15100.0,20666.0
2024.11.12,15290.0,155.0,15160.0,15410.0,15160.0,38031.0
2024.11.11,15135.0,235.0,15200.0,15230.0,15100.0,50976.0
2024.11.08,14900.0,-305.0,15200.0,15200.0,14900.0,29361.0
2024.11.07,15205.0,785.0,15135.0,15285.0,14515.0,104078.0
2024.11.06,14420.0,110.0,14375.0,14625.0,14355.0,52198.0
2024.11.05,14310.0,205.0,14325.0,14355.0,14270.0,7805.0
2024.11.04,14105.0,-145.0,14240.0,14240.0,14070.0,22798.0
2024.11.01,14250.0,75.0,14195.0,14265.0,14195.0,5830.0
2024.10.31,14175.0,-50.0,14275.0,14275.0,14090.0,13082.0
2024.10.30,14225.0,-150.0,14250.0,14295.0,14200.0,5836.0
2024.10.29,14375.0,85.0,14410.0,14415.0,14300.0,7197.0
2024.10.28,14290.0,-170.0,14290.0,14390.0,14290.0,31871.0
2024.10.25,14460.0,5.0,14450.0,14500.0,14405.0,7425.0
2024.10.24,14455.0,-25.0,14480.0,14535.0,14440.0,5109.0
2024.10.23,14480.0,60.0,14470.0,14520.0,14435.0,6831.0
2024.10.22,14420.0,-50.0,14450.0,14485.0,14395.0,11938.0
2024.10.21,14470.0,-50.0,14520.0,14520.0,14385.0,52616.0
2024.10.18,14520.0,95.0,14455.0,14590.0,14455.0,10994.0
2024.10.17,14425.0,140.0,14420.0,14425.0,14335.0,9039.0
2024.10.16,14285.0,-265.0,14225.0,14395.0,14225.0,15821.0
2024.10.15,14550.0,0.0,14450.0,14550.0,13610.0,107199.0
2024.10.14,14550.0,90.0,14480.0,14605.0,14425.0,31609.0
2024.10.11,14460.0,-20.0,14500.0,14580.0,14435.0,36665.0
2024.10.10,14480.0,-150.0,14465.0,14500.0,14420.0,47994.0
2024.10.08,14630.0,50.0,14655.0,14705.0,14570.0,91753.0
2024.10.07,14580.0,230.0,14500.0,14630.0,14485.0,2010810.0
2024.10.04,14350.0,415.0,14250.0,14410.0,14235.0,97656.0
2024.10.02,13935.0,525.0,13415.0,13995.0,13415.0,102372.0
2024.09.30,13410.0,225.0,13350.0,13410.0,13215.0,11390.0
2024.09.27,13185.0,-270.0,13150.0,13185.0,13060.0,24810.0
2024.09.26,13455.0,-265.0,13610.0,13620.0,13215.0,57097.0
2024.09.25,13720.0,-240.0,13800.0,13800.0,13695.0,5977.0
2024.09.24,13960.0,185.0,13880.0,13965.0,13860.0,13454.0
2024.09.23,13775.0,80.0,13690.0,13785.0,13660.0,7238.0
2024.09.20,13695.0,125.0,13600.0,13695.0,13585.0,14785.0
2024.09.19,13570.0,480.0,13475.0,13570.0,13125.0,25327.0
2024.09.13,13090.0,-45.0,13150.0,13190.0,13075.0,31521.0
2024.09.12,13135.0,-115.0,13155.0,13155.0,13035.0,794040.0
2024.09.11,13250.0,-170.0,13350.0,13350.0,13120.0,46546.0
2024.09.10,13420.0,130.0,13375.0,13510.0,13345.0,25231.0
2024.09.09,13290.0,-75.0,13355.0,13375.0,13275.0,30754.0
2024.09.06,13365.0,-205.0,13445.0,13505.0,13345.0,10387.0
2024.09.05,13570.0,-175.0,13645.0,13645.0,13530.0,101290.0
2024.09.04,13745.0,-425.0,14170.0,14170.0,13690.0,41697.0
2024.09.03,14170.0,115.0,14080.0,14170.0,14075.0,7885.0
2024.09.02,14055.0,-70.0,14180.0,14265.0,14000.0,8432.0
2024.08.30,14125.0,240.0,13895.0,14150.0,13895.0,168057.0
2024.08.29,13885.0,-105.0,13980.0,13980.0,13850.0,1506.0
2024.08.28,13990.0,-55.0,14020.0,14020.0,13925.0,6021.0
2024.08.27,14045.0,155.0,14030.0,14045.0,13965.0,8454.0
2024.08.26,13890.0,10.0,13940.0,13940.0,13835.0,5741.0
2024.08.23,13880.0,150.0,13785.0,13880.0,13765.0,20068.0
2024.08.22,13730.0,60.0,13670.0,13750.0,13365.0,62474.0
2024.08.21,13670.0,-315.0,13700.0,13700.0,13600.0,24633.0
2024.08.20,13985.0,80.0,14035.0,14040.0,13905.0,9590.0
2024.08.19,13905.0,-320.0,14205.0,14205.0,13900.0,8947.0
2024.08.16,14225.0,105.0,14425.0,14600.0,14220.0,8216.0
2024.08.14,14120.0,-145.0,14155.0,14155.0,14040.0,6780.0
2024.08.13,14265.0,-50.0,14330.0,14330.0,14190.0,8526.0
2024.08.12,14315.0,215.0,14225.0,14315.0,14125.0,25007.0
2024.08.09,14100.0,105.0,14370.0,14370.0,13990.0,7884.0
2024.08.08,13995.0,25.0,13995.0,14025.0,13940.0,22000.0
2024.08.07,13970.0,45.0,13920.0,13990.0,13830.0,24208.0
2024.08.06,13925.0,-15.0,13870.0,14015.0,13870.0,57805.0
2024.08.05,13940.0,-575.0,14070.0,14200.0,13940.0,122074.0
2024.08.02,14515.0,-375.0,14600.0,14610.0,14500.0,47849.0
2024.08.01,14890.0,-135.0,14965.0,14965.0,14790.0,13489.0
2024.07.31,15025.0,365.0,14960.0,15025.0,14955.0,50207.0
2024.07.30,14660.0,-210.0,14745.0,14745.0,14645.0,30942.0
2024.07.29,14870.0,85.0,14905.0,14905.0,14790.0,5281.0
2024.07.26,14785.0,305.0,14810.0,14810.0,14725.0,8222.0
2024.07.25,14480.0,-120.0,14600.0,14600.0,14465.0,7480.0
2024.07.24,14600.0,-215.0,14730.0,14730.0,14550.0,8761.0
2024.07.23,14815.0,-185.0,14910.0,14910.0,14755.0,23426.0
2024.07.22,15000.0,-50.0,15000.0,15050.0,14940.0,28161.0
2024.07.19,15050.0,-10.0,15070.0,15070.0,14995.0,10978.0
2024.07.18,15060.0,230.0,15030.0,15080.0,14950.0,51633.0
2024.07.17,14830.0,25.0,14860.0,14860.0,14820.0,18850.0
2024.07.16,14805.0,225.0,14705.0,14815.0,14670.0,38553.0
2024.07.15,14580.0,75.0,14545.0,14595.0,14490.0,47513.0
2024.07.12,14505.0,135.0,14420.0,14505.0,14420.0,19826.0
2024.07.11,14370.0,55.0,14335.0,14455.0,14335.0,44185.0
2024.07.10,14315.0,-115.0,14410.0,14410.0,14240.0,380022.0
2024.07.09,14430.0,15.0,14415.0,14430.0,14360.0,8380.0
2024.07.08,14415.0,-185.0,14530.0,14530.0,14370.0,11831.0
2024.07.05,14600.0,10.0,14690.0,14715.0,14585.0,23004.0
2024.07.04,14590.0,-165.0,14755.0,14780.0,14590.0,17462.0
2024.07.03,14755.0,-55.0,14825.0,14855.0,14725.0,57634.0
2024.07.02,14810.0,100.0,14770.0,14840.0,14745.0,5945.0
2024.07.01,14710.0,15.0,14695.0,14770.0,14655.0,11140.0
2024.06.28,14695.0,55.0,14725.0,14725.0,14635.0,10735.0
2024.06.27,14640.0,-195.0,14780.0,14780.0,14625.0,11737.0
2024.06.26,14835.0,45.0,14790.0,14875.0,14745.0,10296.0
2024.06.25,14790.0,370.0,14715.0,14795.0,14710.0,20782.0
2024.06.24,14420.0,-150.0,14570.0,14665.0,14355.0,9702.0
2024.06.21,14570.0,360.0,14455.0,14595.0,14455.0,368709.0
2024.06.20,14210.0,70.0,14235.0,14240.0,14145.0,8470.0
2024.06.19,14140.0,50.0,14250.0,14250.0,14125.0,10891.0
2024.06.18,14090.0,85.0,14145.0,14145.0,14070.0,4185.0
2024.06.17,14005.0,-65.0,14125.0,14125.0,14005.0,7824.0
2024.06.14,14070.0,-145.0,14125.0,14125.0,14070.0,6481.0
2024.06.13,14215.0,-315.0,14590.0,14590.0,14185.0,9431.0
2024.06.12,14530.0,25.0,14505.0,14535.0,14310.0,9515.0
2024.06.11,14505.0,115.0,14415.0,14505.0,14400.0,9756.0
2024.06.10,14390.0,5.0,14385.0,14425.0,14320.0,12938.0
2024.06.07,14385.0,5.0,14380.0,14420.0,14380.0,4768.0
2024.06.05,14380.0,0.0,14250.0,14380.0,14250.0,50486.0
2024.06.04,14380.0,-440.0,14485.0,14485.0,14350.0,25833.0
2024.06.03,14820.0,220.0,14870.0,14885.0,14765.0,12505.0
2024.05.31,14600.0,100.0,14540.0,14600.0,14465.0,8828.0
2024.05.30,14500.0,-150.0,14500.0,14500.0,14395.0,25820.0
2024.05.29,14650.0,140.0,14605.0,14650.0,14605.0,7424.0
2024.05.28,14510.0,10.0,14560.0,14560.0,14480.0,14738.0
2024.05.27,14500.0,10.0,14535.0,14535.0,14465.0,6066.0
2024.05.24,14490.0,-10.0,14525.0,14525.0,14460.0,10213.0
2024.05.23,14500.0,-285.0,14610.0,14610.0,14480.0,16563.0
2024.05.22,14785.0,-95.0,14880.0,14880.0,14750.0,8011.0
2024.05.21,14880.0,-110.0,14955.0,14970.0,14880.0,6137.0
2024.05.20,14990.0,195.0,14795.0,14995.0,14795.0,20862.0
2024.05.17,14795.0,35.0,14715.0,14795.0,14680.0,18529.0
2024.05.16,14760.0,-195.0,14910.0,14910.0,14755.0,10403.0
2024.05.14,14955.0,20.0,14940.0,15005.0,14900.0,688367.0
2024.05.13,14935.0,-245.0,15025.0,15025.0,14910.0,5360.0
2024.05.10,15180.0,340.0,14935.0,15200.0,14815.0,31955.0
2024.05.09,14840.0,-50.0,14875.0,14875.0,14750.0,7953.0
2024.05.08,14890.0,175.0,14750.0,14890.0,14715.0,29364.0
2024.05.07,14715.0,60.0,14670.0,14790.0,14670.0,12043.0
2024.05.03,14655.0,-90.0,14835.0,14835.0,14640.0,20223.0
2024.05.02,14745.0,-735.0,14735.0,14810.0,14730.0,30299.0
2024.04.30,15480.0,235.0,15320.0,15480.0,15200.0,30017.0
2024.04.29,15245.0,-235.0,15395.0,15395.0,15245.0,24844.0
2024.04.26,15480.0,100.0,15405.0,15535.0,15405.0,12278.0
2024.04.25,15380.0,10.0,15370.0,15440.0,15370.0,7596.0
2024.04.24,15370.0,40.0,15385.0,15470.0,15280.0,20378.0
2024.04.23,15330.0,40.0,15305.0,15345.0,15305.0,16062.0
2024.04.22,15290.0,-20.0,15270.0,15300.0,15170.0,12721.0
2024.04.19,15310.0,195.0,15125.0,15530.0,15045.0,95915.0
2024.04.18,15115.0,-185.0,15175.0,15175.0,15005.0,39980.0
2024.04.17,15300.0,-385.0,15350.0,15350.0,14450.0,99386.0
2024.04.16,15685.0,165.0,15355.0,15685.0,15350.0,69110.0
2024.04.15,15520.0,-195.0,15650.0,16315.0,15195.0,84120.0
2024.04.12,15715.0,120.0,15595.0,15765.0,15595.0,55696.0
2024.04.11,15595.0,215.0,15460.0,15625.0,15455.0,53489.0
2024.04.09,15380.0,35.0,15305.0,15435.0,15305.0,694994.0
2024.04.08,15345.0,95.0,15300.0,15390.0,15220.0,29353.0
2024.04.05,15250.0,50.0,15260.0,15290.0,15215.0,47119.0
2024.04.04,15200.0,65.0,15250.0,15250.0,15150.0,16487.0
2024.04.03,15135.0,85.0,15105.0,15215.0,15045.0,34954.0
2024.04.02,15050.0,175.0,15010.0,15060.0,14945.0,48160.0
2024.04.01,14875.0,-5.0,14905.0,14905.0,14655.0,23965.0
2024.03.29,14880.0,260.0,14925.0,14925.0,14710.0,25574.0
2024.03.28,14620.0,265.0,14635.0,14655.0,14505.0,255891.0
2024.03.27,14355.0,30.0,14420.0,14420.0,14315.0,26857.0
2024.03.26,14325.0,-175.0,14590.0,14590.0,14295.0,122193.0
2024.03.25,14500.0,180.0,14470.0,14500.0,14320.0,20817.0
2024.03.22,14320.0,110.0,14230.0,14380.0,14230.0,14046.0
2024.03.21,14210.0,-65.0,14275.0,14300.0,14170.0,32680.0
2024.03.20,14275.0,125.0,14315.0,14360.0,14265.0,31905.0
2024.03.19,14150.0,125.0,14135.0,14195.0,14100.0,13154.0
2024.03.18,14025.0,120.0,14135.0,14135.0,14025.0,45559.0
2024.03.15,13905.0,205.0,13800.0,13985.0,13765.0,26421.0
2024.03.14,13700.0,145.0,13650.0,13750.0,13650.0,16433.0
2024.03.13,13555.0,95.0,13470.0,13555.0,13450.0,26047.0
2024.03.12,13460.0,140.0,13500.0,13500.0,13425.0,16999.0
2024.03.11,13320.0,-125.0,13445.0,13445.0,13280.0,21903.0
2024.03.08,13445.0,25.0,13475.0,13495.0,13400.0,20574.0
2024.03.07,13420.0,50.0,13450.0,13450.0,13335.0,20578.0
2024.03.06,13370.0,90.0,13480.0,13480.0,13350.0,10390.0
2024.03.05,13280.0,-140.0,13340.0,13340.0,13205.0,29434.0
2024.03.04,13420.0,220.0,13410.0,13490.0,13355.0,30916.0
2024.02.29,13200.0,-35.0,13235.0,13245.0,13185.0,26647.0
2024.02.28,13235.0,-40.0,13275.0,13275.0,13190.0,16008.0
2024.02.27,13275.0,50.0,13345.0,13345.0,13240.0,12907.0
2024.02.26,13225.0,-70.0,13305.0,13305.0,13190.0,7034.0
2024.02.23,13295.0,35.0,13260.0,13295.0,13225.0,16655.0
2024.02.22,13260.0,150.0,13300.0,13340.0,13260.0,26041.0
2024.02.21,13110.0,-90.0,13155.0,13155.0,13045.0,9884.0
2024.02.20,13200.0,65.0,13265.0,13290.0,13175.0,34227.0
2024.02.19,13135.0,-50.0,13245.0,13245.0,13070.0,16305.0
2024.02.16,13185.0,280.0,13105.0,13215.0,13105.0,13802.0
2024.02.15,12905.0,-65.0,12910.0,12910.0,12820.0,20878.0
2024.02.14,12970.0,-10.0,12990.0,13000.0,12880.0,10957.0
2024.02.13,12980.0,60.0,13000.0,13000.0,12965.0,24311.0
2024.02.08,12920.0,70.0,13020.0,13020.0,12890.0,3371.0
2024.02.07,12850.0,-50.0,12905.0,12925.0,12845.0,4642.0
2024.02.06,12900.0,-175.0,13000.0,13000.0,12810.0,12450.0
2024.02.05,13075.0,205.0,13005.0,13075.0,12890.0,33355.0
2024.02.02,12870.0,-95.0,12940.0,12940.0,12830.0,17444.0
2024.02.01,12965.0,-225.0,12990.0,13045.0,12885.0,17455.0
2024.01.31,13190.0,195.0,13080.0,13205.0,13075.0,24130.0
2024.01.30,12995.0,-70.0,13095.0,13095.0,12980.0,20003.0
2024.01.29,13065.0,55.0,13160.0,13175.0,13065.0,27833.0
2024.01.26,13010.0,255.0,13020.0,13055.0,12935.0,29683.0
2024.01.25,12755.0,140.0,12835.0,12835.0,12720.0,8228.0
2024.01.24,12615.0,65.0,12680.0,12680.0,12540.0,14718.0
2024.01.23,12550.0,120.0,12575.0,12575.0,12500.0,23068.0
2024.01.22,12430.0,0.0,12555.0,12555.0,12365.0,37224.0
2024.01.19,12430.0,-185.0,12540.0,12540.0,12375.0,18607.0
2024.01.18,12615.0,10.0,12565.0,12615.0,12480.0,37944.0
2024.01.17,12605.0,-255.0,12615.0,12650.0,12510.0,16772.0
2024.01.16,12860.0,120.0,12740.0,12860.0,12705.0,43206.0
2024.01.15,12740.0,105.0,12690.0,12740.0,12625.0,30052.0
2024.01.12,12635.0,75.0,12735.0,12735.0,12600.0,13779.0
2024.01.11,12560.0,-230.0,12595.0,12595.0,12535.0,35286.0
2024.01.10,12790.0,-80.0,12845.0,12845.0,12645.0,42890.0
2024.01.09,12870.0,25.0,12805.0,12870.0,12740.0,31640.0
2024.01.08,12845.0,-145.0,13010.0,13010.0,12845.0,17463.0
2024.01.05,12990.0,-190.0,13005.0,13025.0,12910.0,9942.0
2024.01.04,13180.0,330.0,13110.0,13200.0,13110.0,26424.0
2024.01.03,12850.0,85.0,12970.0,12970.0,12840.0,10771.0
2024.01.02,12765.0,-90.0,12775.0,12840.0,12660.0,14639.0
2023.12.28,12855.0,-10.0,12935.0,12935.0,12750.0,12670.0
2023.12.27,12865.0,65.0,12930.0,12930.0,12815.0,7474.0
2023.12.26,12800.0,-90.0,12875.0,12875.0,12750.0,10040.0
2023.12.22,12890.0,100.0,12970.0,12970.0,12775.0,17756.0
2023.12.21,12790.0,-140.0,12825.0,12825.0,12750.0,15929.0
2023.12.20,12930.0,80.0,13035.0,13035.0,12910.0,18521.0
2023.12.19,12850.0,150.0,12765.0,12850.0,12750.0,9992.0
2023.12.18,12700.0,-20.0,12720.0,12810.0,12635.0,10140.0
2023.12.15,12720.0,405.0,12560.0,12740.0,12555.0,261419.0
2023.12.14,12315.0,-40.0,12355.0,12375.0,12310.0,92220.0
2023.12.13,12355.0,-195.0,12340.0,12390.0,12245.0,34565.0
2023.12.12,12550.0,0.0,12555.0,12560.0,12510.0,14462.0
2023.12.11,12550.0,165.0,12500.0,12585.0,12470.0,8410.0
2023.12.08,12385.0,-190.0,12480.0,12480.0,12310.0,26392.0
2023.12.07,12575.0,-50.0,12505.0,12580.0,12465.0,14144.0
2023.12.06,12625.0,-240.0,12695.0,12695.0,12580.0,13773.0
2023.12.05,12865.0,65.0,12800.0,12890.0,12800.0,6637.0
2023.12.04,12800.0,30.0,12790.0,12840.0,12745.0,10744.0
2023.12.01,12770.0,120.0,12695.0,12810.0,12665.0,10833.0
2023.11.30,12650.0,-40.0,12595.0,12650.0,12490.0,15569.0
2023.11.29,12690.0,-10.0,12700.0,12700.0,12615.0,5156.0
2023.11.28,12700.0,-120.0,12820.0,12820.0,12650.0,19923.0
2023.11.27,12820.0,65.0,12845.0,12850.0,12765.0,4028.0
2023.11.24,12755.0,90.0,12670.0,12760.0,12670.0,4872.0
2023.11.23,12665.0,-70.0,12735.0,12735.0,12625.0,10422.0
2023.11.22,12735.0,45.0,12685.0,12745.0,12670.0,4614.0
2023.11.21,12690.0,10.0,12680.0,12700.0,12640.0,6509.0
2023.11.20,12680.0,195.0,12825.0,12825.0,12670.0,10288.0
2023.11.17,12485.0,-285.0,12675.0,12850.0,12455.0,11420.0
2023.11.16,12770.0,-105.0,12830.0,12830.0,12750.0,7503.0
2023.11.15,12875.0,-170.0,13080.0,13080.0,12800.0,8979.0
2023.11.14,13045.0,225.0,12945.0,13045.0,12945.0,11553.0
2023.11.13,12820.0,230.0,12795.0,12830.0,12750.0,15119.0
2023.11.10,12590.0,-100.0,12795.0,12795.0,12520.0,8257.0
2023.11.09,12690.0,-45.0,12690.0,12695.0,12515.0,17044.0
2023.11.08,12735.0,-265.0,12825.0,12825.0,12530.0,21558.0
2023.11.07,13000.0,-155.0,13160.0,13160.0,12870.0,18909.0
2023.11.06,13155.0,-380.0,13500.0,13500.0,13065.0,33356.0
2023.11.03,13535.0,200.0,13520.0,13675.0,13475.0,11926.0
2023.11.02,13335.0,-140.0,13270.0,13420.0,13270.0,20492.0
2023.11.01,13475.0,60.0,13480.0,13500.0,13415.0,20796.0
2023.10.31,13415.0,225.0,13235.0,13435.0,13235.0,13378.0
2023.10.30,13190.0,-580.0,13390.0,13390.0,13180.0,29483.0
2023.10.27,13770.0,-25.0,13665.0,13770.0,13645.0,30080.0
2023.10.26,13795.0,60.0,13740.0,13835.0,13740.0,10430.0
2023.10.25,13735.0,-205.0,13775.0,13775.0,13610.0,30245.0
2023.10.24,13940.0,-215.0,13995.0,14115.0,13875.0,24733.0
2023.10.23,14155.0,-430.0,14250.0,14250.0,14110.0,41958.0
2023.10.20,14585.0,45.0,14610.0,14650.0,14535.0,28606.0
2023.10.19,14540.0,90.0,14570.0,14570.0,14480.0,25025.0
2023.10.18,14450.0,205.0,14520.0,14590.0,14435.0,45024.0
2023.10.17,14245.0,55.0,14205.0,14255.0,14205.0,17718.0
2023.10.16,14190.0,335.0,14220.0,14250.0,14140.0,56459.0
2023.10.13,13855.0,220.0,13820.0,13865.0,13820.0,15400.0
2023.10.12,13635.0,-255.0,13745.0,13745.0,13635.0,24435.0
2023.10.11,13890.0,-50.0,13955.0,13955.0,13850.0,21155.0
2023.10.10,13940.0,520.0,13610.0,13965.0,13610.0,40641.0
2023.10.06,13420.0,-90.0,13440.0,13455.0,13390.0,19499.0
2023.10.05,13510.0,-560.0,13585.0,13585.0,13450.0,57465.0
2023.10.04,14070.0,-315.0,14615.0,14615.0,14030.0,24385.0
2023.09.27,14385.0,205.0,14130.0,14385.0,14130.0,152911.0
2023.09.26,14180.0,260.0,14130.0,14235.0,14090.0,111830.0
2023.09.25,13920.0,-50.0,13970.0,13970.0,13870.0,125913.0
2023.09.22,13970.0,-85.0,13945.0,13975.0,13910.0,116690.0
2023.09.21,14055.0,0.0,14095.0,14100.0,14010.0,103154.0
2023.09.20,14055.0,-325.0,14200.0,14200.0,14010.0,113090.0
2023.09.19,14380.0,235.0,14325.0,14380.0,14225.0,91031.0
2023.09.18,14145.0,-205.0,14250.0,14250.0,14130.0,112023.0
2023.09.15,14350.0,165.0,14370.0,14430.0,14350.0,108293.0
2023.09.14,14185.0,-165.0,14275.0,14275.0,14125.0,99385.0
2023.09.13,14350.0,385.0,14290.0,14360.0,14260.0,113507.0
2023.09.12,13965.0,-170.0,14045.0,14045.0,13925.0,89748.0
2023.09.11,14135.0,105.0,14100.0,14205.0,14100.0,101709.0
2023.09.08,14030.0,-50.0,14095.0,14105.0,14010.0,76186.0
2023.09.07,14080.0,-15.0,14125.0,14200.0,14070.0,95961.0
2023.09.06,14095.0,70.0,14070.0,14180.0,14065.0,71236.0
2023.09.05,14025.0,140.0,14160.0,14165.0,13930.0,58229.0
2023.09.04,13885.0,220.0,13975.0,13975.0,13870.0,71723.0
2023.09.01,13665.0,-80.0,13680.0,13685.0,13615.0,39176.0
2023.08.31,13745.0,80.0,13685.0,13745.0,13630.0,13035.0
2023.08.30,13665.0,115.0,13565.0,13665.0,13565.0,7169.0
2023.08.29,13550.0,55.0,13605.0,13605.0,13525.0,12270.0
2023.08.28,13495.0,135.0,13510.0,13510.0,13460.0,12191.0
2023.08.25,13360.0,0.0,13255.0,13380.0,13255.0,24406.0
2023.08.24,13360.0,-235.0,13535.0,13535.0,13360.0,26128.0
2023.08.23,13595.0,-95.0,13665.0,13685.0,13580.0,6444.0
2023.08.22,13690.0,-230.0,13820.0,13820.0,13670.0,14003.0
2023.08.21,13920.0,220.0,13785.0,13920.0,13770.0,37857.0
2023.08.18,13700.0,155.0,13545.0,13710.0,13545.0,17821.0
2023.08.17,13545.0,-20.0,13560.0,13600.0,13475.0,16919.0
2023.08.16,13565.0,-300.0,13620.0,13700.0,13565.0,48049.0
2023.08.14,13865.0,185.0,13950.0,13960.0,13865.0,43520.0
2023.08.11,13680.0,115.0,13640.0,13690.0,13610.0,44357.0
2023.08.10,13565.0,185.0,13580.0,13630.0,13500.0,18613.0
2023.08.09,13380.0,10.0,13405.0,13460.0,13380.0,15669.0
2023.08.08,13370.0,135.0,13360.0,13370.0,13280.0,13046.0
2023.08.07,13235.0,-50.0,13400.0,13400.0,13140.0,13166.0
2023.08.04,13285.0,275.0,13155.0,13285.0,13150.0,12917.0
2023.08.03,13010.0,-185.0,13100.0,13100.0,13010.0,14276.0
2023.08.02,13195.0,85.0,13100.0,13265.0,13100.0,29422.0
2023.08.01,13110.0,270.0,12985.0,13110.0,12970.0,10481.0
2023.07.31,12840.0,130.0,12775.0,12840.0,12730.0,5703.0
2023.07.28,12710.0,-160.0,12825.0,12825.0,12700.0,6348.0
2023.07.27,12870.0,70.0,12800.0,12875.0,12740.0,15606.0
2023.07.26,12800.0,0.0,12795.0,12850.0,12785.0,16366.0
2023.07.25,12800.0,275.0,12830.0,12850.0,12800.0,22791.0
2023.07.24,12525.0,-80.0,12610.0,12655.0,12525.0,8818.0
2023.07.21,12605.0,385.0,12420.0,12605.0,12420.0,22797.0
2023.07.20,12220.0,125.0,12150.0,12230.0,12150.0,11176.0
2023.07.19,12095.0,115.0,12130.0,12150.0,12085.0,9989.0
2023.07.18,11980.0,40.0,11980.0,12030.0,11935.0,8355.0
2023.07.17,11940.0,-385.0,12075.0,12075.0,11925.0,18002.0
2023.07.14,12325.0,-195.0,12490.0,12490.0,12290.0,13446.0
2023.07.13,12520.0,-10.0,12570.0,12570.0,12485.0,15087.0
2023.07.12,12530.0,235.0,12520.0,12565.0,12520.0,41447.0
2023.07.11,12295.0,30.0,12305.0,12365.0,12260.0,2934.0
2023.07.10,12265.0,205.0,12180.0,12285.0,12180.0,2510.0
2023.07.07,12060.0,-200.0,12160.0,12160.0,12040.0,13690.0
2023.07.06,12260.0,-155.0,12310.0,12370.0,12260.0,2340.0
2023.07.05,12415.0,35.0,12370.0,12465.0,12370.0,4688.0
2023.07.04,12380.0,15.0,12410.0,12465.0,12365.0,1419.0
2023.07.03,12365.0,-75.0,12450.0,12450.0,12365.0,13370.0
2023.06.30,12440.0,210.0,12405.0,12440.0,12370.0,12965.0
2023.06.29,12230.0,160.0,12125.0,12230.0,12120.0,5622.0
2023.06.28,12070.0,100.0,11970.0,12080.0,11970.0,12144.0
2023.06.27,11970.0,215.0,11990.0,12050.0,11970.0,7877.0
2023.06.26,11755.0,-10.0,11790.0,11860.0,11705.0,6325.0
2023.06.23,11765.0,-150.0,11805.0,11860.0,11745.0,14839.0
2023.06.22,11915.0,140.0,11925.0,11930.0,11890.0,3001.0
2023.06.21,11775.0,-40.0,11805.0,11825.0,11760.0,2639.0
2023.06.20,11815.0,-20.0,11905.0,11950.0,11790.0,75271.0
2023.06.19,11835.0,-75.0,12380.0,12380.0,11830.0,15229.0
2023.06.16,11910.0,-50.0,11900.0,11985.0,11850.0,8833.0
2023.06.15,11960.0,-130.0,12035.0,12035.0,11815.0,3887.0
2023.06.14,12090.0,190.0,12010.0,12090.0,11870.0,16446.0
2023.06.13,11900.0,-145.0,11935.0,11980.0,11860.0,12885.0
2023.06.12,12045.0,-245.0,12245.0,12245.0,12005.0,31624.0
2023.06.09,12290.0,-145.0,12365.0,12365.0,12225.0,14581.0
2023.06.08,12435.0,400.0,12330.0,12435.0,12325.0,27821.0
2023.06.07,12035.0,-175.0,12135.0,12135.0,11995.0,4626.0
2023.06.05,12210.0,420.0,12120.0,12290.0,12120.0,8230.0
2023.06.02,11790.0,-75.0,11835.0,11860.0,11745.0,13841.0
2023.06.01,11865.0,-150.0,12015.0,12015.0,11670.0,7324.0
2023.05.31,12015.0,-65.0,11970.0,12015.0,11845.0,10041.0
2023.05.30,12080.0,-120.0,12200.0,12225.0,12040.0,4826.0
2023.05.26,12200.0,-190.0,12230.0,12230.0,12150.0,7676.0
2023.05.25,12390.0,-45.0,12460.0,12460.0,12295.0,8837.0
2023.05.24,12435.0,295.0,12255.0,12435.0,12255.0,18875.0
2023.05.23,12140.0,55.0,12155.0,12165.0,12125.0,7072.0
2023.05.22,12085.0,-275.0,12430.0,12430.0,12055.0,10795.0
2023.05.19,12360.0,195.0,12270.0,12360.0,12225.0,6155.0
2023.05.18,12165.0,200.0,12150.0,12195.0,12100.0,8625.0
2023.05.17,11965.0,-400.0,12280.0,12280.0,11965.0,12007.0
2023.05.16,12365.0,110.0,12295.0,12375.0,12265.0,2398.0
2023.05.15,12255.0,45.0,12320.0,12320.0,12110.0,3937.0
2023.05.12,12210.0,-140.0,12280.0,12280.0,12170.0,8938.0
2023.05.11,12350.0,-10.0,12330.0,12355.0,12225.0,5638.0
2023.05.10,12360.0,-10.0,12400.0,12420.0,12330.0,2934.0
2023.05.09,12370.0,-95.0,12450.0,12455.0,12330.0,8635.0
2023.05.08,12465.0,175.0,12290.0,12465.0,12290.0,12762.0
2023.05.04,12290.0,-330.0,12000.0,12365.0,11920.0,14453.0
2023.05.03,12620.0,-560.0,12610.0,12645.0,12575.0,11527.0
2023.05.02,13180.0,-15.0,13195.0,13245.0,13175.0,4693.0
2023.04.28,13195.0,80.0,13195.0,13245.0,13120.0,5105.0
2023.04.27,13115.0,-195.0,13290.0,13290.0,13075.0,7264.0
2023.04.26,13310.0,-95.0,13405.0,13405.0,13205.0,12979.0
2023.04.25,13405.0,290.0,13390.0,13455.0,13365.0,11753.0
2023.04.24,13115.0,-155.0,13240.0,13240.0,13105.0,12924.0
2023.04.21,13270.0,110.0,13185.0,13295.0,13110.0,13426.0
2023.04.20,13160.0,-200.0,13350.0,13380.0,13085.0,29516.0
2023.04.19,13360.0,105.0,13250.0,13360.0,13250.0,17707.0
2023.04.18,13255.0,-105.0,12710.0,13350.0,12710.0,14506.0
2023.04.17,13360.0,125.0,13245.0,13405.0,13245.0,10466.0
2023.04.14,13235.0,-15.0,13305.0,13305.0,13205.0,5850.0
2023.04.13,13250.0,-150.0,13420.0,13420.0,13235.0,8749.0
2023.04.12,13400.0,120.0,13325.0,13460.0,13325.0,35003.0
2023.04.11,13280.0,215.0,13190.0,13285.0,13190.0,11792.0
2023.04.10,13065.0,-90.0,13000.0,13120.0,13000.0,26526.0
2023.04.07,13155.0,-110.0,13085.0,13175.0,13025.0,12109.0
2023.04.06,13265.0,205.0,13200.0,13280.0,13150.0,30670.0
2023.04.05,13060.0,-310.0,13195.0,13195.0,13045.0,22071.0
2023.04.04,13370.0,115.0,13255.0,13370.0,13230.0,20540.0
2023.04.03,13255.0,775.0,12700.0,13515.0,12700.0,57372.0
2023.03.31,12480.0,-10.0,12405.0,12490.0,12390.0,21843.0
2023.03.30,12490.0,140.0,12405.0,12560.0,12405.0,7681.0
2023.03.29,12350.0,275.0,12110.0,12350.0,12110.0,26086.0
2023.03.28,12075.0,200.0,11965.0,12075.0,11960.0,45359.0
2023.03.27,11875.0,115.0,11770.0,11875.0,11770.0,11706.0
2023.03.24,11760.0,60.0,11750.0,11760.0,11565.0,24532.0
2023.03.23,11700.0,-585.0,12350.0,12350.0,11660.0,58962.0
2023.03.22,12285.0,505.0,11985.0,12310.0,11985.0,21684.0
2023.03.21,11780.0,250.0,11700.0,11900.0,11700.0,13924.0
2023.03.20,11530.0,-310.0,11740.0,11750.0,11510.0,30220.0
2023.03.17,11840.0,10.0,11700.0,11980.0,11700.0,23569.0
2023.03.16,11830.0,-610.0,12100.0,12100.0,11690.0,49019.0
2023.03.15,12440.0,245.0,12105.0,12725.0,12105.0,10964.0
2023.03.14,12195.0,-315.0,12365.0,12365.0,12130.0,21859.0
2023.03.13,12510.0,-275.0,12820.0,12820.0,12505.0,10159.0
2023.03.10,12785.0,-250.0,13005.0,13005.0,12785.0,13073.0
2023.03.09,13035.0,-105.0,13145.0,13145.0,12955.0,6031.0
2023.03.08,13140.0,-110.0,13165.0,13230.0,13050.0,11387.0
2023.03.07,13250.0,205.0,13150.0,13250.0,13150.0,16532.0
2023.03.06,13045.0,5.0,13150.0,13150.0,13005.0,16142.0
2023.03.03,13040.0,0.0,13275.0,13275.0,13010.0,5655.0
2023.03.02,13040.0,-90.0,13125.0,13125.0,12980.0,10367.0
2023.02.28,13130.0,210.0,13015.0,13150.0,12960.0,14150.0
2023.02.27,12920.0,0.0,12790.0,12965.0,12790.0,16730.0
2023.02.24,12920.0,230.0,12790.0,12925.0,12750.0,10495.0
2023.02.23,12690.0,-20.0,12700.0,12725.0,12680.0,8103.0
2023.02.22,12710.0,-55.0,12650.0,12780.0,12650.0,7864.0
2023.02.21,12765.0,-100.0,13290.0,13290.0,12685.0,11320.0
2023.02.20,12865.0,-260.0,12870.0,12875.0,12740.0,23896.0
2023.02.17,13125.0,-220.0,13205.0,13245.0,13125.0,10514.0
2023.02.16,13345.0,-5.0,13290.0,13345.0,12980.0,19515.0
2023.02.15,13350.0,80.0,13365.0,13460.0,13350.0,20480.0
2023.02.14,13270.0,-100.0,13365.0,13365.0,12935.0,20840.0
2023.02.13,13370.0,495.0,13100.0,13370.0,13100.0,50557.0
2023.02.10,12875.0,-85.0,13000.0,13000.0,12830.0,8177.0
2023.02.09,12960.0,30.0,12910.0,12970.0,12825.0,22469.0
2023.02.08,12930.0,310.0,12735.0,12975.0,12735.0,24317.0
2023.02.07,12620.0,90.0,12485.0,12640.0,12460.0,15096.0
2023.02.06,12530.0,175.0,12370.0,12530.0,12370.0,20776.0
2023.02.03,12355.0,-245.0,12005.0,12560.0,12005.0,19766.0
2023.02.02,12600.0,-290.0,12865.0,12865.0,12595.0,41117.0
2023.02.01,12890.0,75.0,12820.0,12925.0,12820.0,9368.0
2023.01.31,12815.0,-165.0,13160.0,13160.0,12755.0,22478.0
2023.01.30,12980.0,-180.0,13155.0,13155.0,12950.0,19867.0
2023.01.27,13160.0,295.0,13140.0,13230.0,13140.0,12336.0
2023.01.26,12865.0,25.0,12835.0,12985.0,12830.0,9260.0
2023.01.25,12840.0,-45.0,12875.0,12940.0,12830.0,12682.0
2023.01.20,12885.0,395.0,12555.0,12885.0,12555.0,7873.0
2023.01.19,12490.0,-385.0,13135.0,13135.0,12465.0,10854.0
2023.01.18,12875.0,105.0,12850.0,12980.0,12825.0,28661.0
2023.01.17,12770.0,35.0,12720.0,12775.0,12695.0,19064.0
2023.01.16,12735.0,-110.0,12875.0,12875.0,12690.0,20597.0
2023.01.13,12845.0,170.0,12880.0,12880.0,12795.0,10809.0
2023.01.12,12675.0,100.0,12770.0,12770.0,12655.0,11263.0
2023.01.11,12575.0,-5.0,12605.0,12700.0,12535.0,12857.0
2023.01.10,12580.0,-100.0,12420.0,12665.0,12420.0,4645.0
2023.01.09,12680.0,-20.0,12830.0,12835.0,12675.0,15559.0
2023.01.06,12700.0,185.0,12650.0,12785.0,12645.0,9772.0
2023.01.05,12515.0,45.0,12505.0,12580.0,12445.0,10683.0
2023.01.04,12470.0,-480.0,12430.0,12590.0,12430.0,11808.0
2023.01.03,12950.0,-45.0,13085.0,13140.0,12855.0,6783.0
2023.01.02,12995.0,400.0,12645.0,13085.0,12645.0,7988.0
2022.12.29,12595.0,-400.0,12985.0,12985.0,12545.0,15691.0
2022.12.28,12995.0,-5.0,13020.0,13085.0,12935.0,14655.0
2022.12.27,13000.0,-10.0,13035.0,13085.0,12880.0,8184.0
2022.12.26,13010.0,355.0,12755.0,13035.0,12755.0,8908.0
2022.12.23,12655.0,-240.0,12900.0,12900.0,12655.0,10917.0
2022.12.22,12895.0,230.0,12870.0,12930.0,12820.0,10512.0
2022.12.21,12665.0,235.0,12530.0,12665.0,12505.0,3226.0
2022.12.20,12430.0,-150.0,12555.0,12715.0,12430.0,21403.0
2022.12.19,12580.0,-320.0,12900.0,12900.0,12580.0,12170.0
2022.12.16,12900.0,15.0,12890.0,12980.0,12885.0,7956.0
2022.12.15,12885.0,25.0,13280.0,13280.0,12800.0,12073.0
2022.12.14,12860.0,15.0,12860.0,12970.0,12815.0,27797.0
2022.12.13,12845.0,415.0,12550.0,12890.0,12550.0,36616.0
2022.12.12,12430.0,-300.0,12735.0,12735.0,12430.0,17989.0
2022.12.09,12730.0,-205.0,12935.0,12935.0,12730.0,17822.0
2022.12.08,12935.0,-65.0,12900.0,13000.0,12900.0,12166.0
2022.12.07,13000.0,-225.0,13225.0,13225.0,12900.0,24652.0
2022.12.06,13225.0,-60.0,13100.0,13255.0,13070.0,29198.0
2022.12.05,13285.0,-240.0,13525.0,13600.0,13270.0,21895.0
2022.12.02,13525.0,-180.0,13770.0,13770.0,13500.0,20806.0
2022.12.01,13705.0,-295.0,13855.0,13950.0,13705.0,35946.0
2022.11.30,14000.0,125.0,14025.0,14030.0,13830.0,16825.0
2022.11.29,13875.0,-135.0,13780.0,13980.0,13675.0,16766.0
2022.11.28,14010.0,-140.0,14290.0,14290.0,13945.0,18656.0
2022.11.25,14150.0,-65.0,14215.0,14280.0,14075.0,15819.0
2022.11.24,14215.0,-305.0,14260.0,14330.0,14160.0,10555.0
2022.11.23,14520.0,390.0,14725.0,14760.0,14510.0,17237.0
2022.11.22,14130.0,-65.0,14085.0,14285.0,14085.0,5912.0
2022.11.21,14195.0,-100.0,14275.0,14275.0,14075.0,11801.0
2022.11.18,14295.0,125.0,14170.0,14405.0,14170.0,8066.0
2022.11.17,14170.0,-200.0,13925.0,14180.0,13925.0,6472.0
2022.11.16,14370.0,310.0,14060.0,14370.0,14060.0,12241.0
2022.11.15,14060.0,-195.0,14085.0,14200.0,14060.0,27962.0
2022.11.14,14255.0,165.0,14030.0,14400.0,14015.0,37760.0
2022.11.11,14090.0,130.0,14395.0,14395.0,13920.0,36193.0
2022.11.10,13960.0,-650.0,14045.0,14045.0,13825.0,41556.0
2022.11.09,14610.0,-310.0,15320.0,15320.0,14450.0,33035.0
2022.11.08,14920.0,-60.0,15120.0,15120.0,14920.0,38303.0
2022.11.07,14980.0,20.0,15695.0,15695.0,14875.0,41000.0
2022.11.04,14960.0,400.0,14645.0,15500.0,14645.0,38017.0
2022.11.03,14560.0,-435.0,14860.0,14860.0,14475.0,42777.0
2022.11.02,14995.0,175.0,14875.0,15100.0,14875.0,47960.0
2022.11.01,14820.0,90.0,14785.0,14845.0,14730.0,27834.0
2022.10.31,14730.0,170.0,14605.0,14870.0,14580.0,25485.0
2022.10.28,14560.0,-110.0,14870.0,14870.0,14345.0,50004.0
2022.10.27,14670.0,200.0,14845.0,14845.0,14540.0,37485.0
2022.10.26,14470.0,-205.0,14665.0,14670.0,14355.0,34615.0
2022.10.25,14675.0,75.0,14650.0,14755.0,14555.0,38108.0
2022.10.24,14600.0,540.0,14105.0,14670.0,14105.0,40561.0
2022.10.21,14060.0,-20.0,14080.0,14235.0,13940.0,45983.0
2022.10.20,14080.0,550.0,13795.0,14160.0,13795.0,68681.0
2022.10.19,13530.0,10.0,13530.0,13665.0,13325.0,30978.0
2022.10.18,13520.0,150.0,13750.0,13750.0,13400.0,23298.0
2022.10.17,13370.0,-420.0,13555.0,13685.0,13270.0,32304.0
2022.10.14,13790.0,515.0,13500.0,13860.0,13500.0,62816.0
2022.10.13,13275.0,0.0,13430.0,13430.0,13135.0,13240.0
2022.10.12,13275.0,-85.0,13440.0,13440.0,13110.0,43030.0
2022.10.11,13360.0,-15.0,13355.0,13370.0,13265.0,22992.0
2022.10.07,13375.0,310.0,13475.0,13570.0,13350.0,86218.0
2022.10.06,13065.0,230.0,13435.0,13435.0,13065.0,58911.0
2022.10.05,12835.0,100.0,12930.0,13015.0,12835.0,34114.0
2022.10.04,12735.0,680.0,12600.0,12750.0,12585.0,18775.0
2022.09.30,12055.0,50.0,12120.0,12240.0,11910.0,22848.0
2022.09.29,12005.0,650.0,11820.0,12120.0,11820.0,28623.0
2022.09.28,11355.0,-145.0,11735.0,11735.0,11205.0,33759.0
2022.09.27,11500.0,-10.0,11360.0,11575.0,11360.0,31328.0
2022.09.26,11510.0,-965.0,11860.0,11900.0,11465.0,42124.0
2022.09.23,12475.0,-5.0,12470.0,12475.0,12420.0,13634.0
2022.09.22,12480.0,60.0,12395.0,12545.0,12210.0,30431.0
2022.09.21,12420.0,-115.0,12435.0,12585.0,12360.0,22758.0
2022.09.20,12535.0,-25.0,12600.0,12670.0,12535.0,17327.0
2022.09.19,12560.0,-250.0,12720.0,12720.0,12410.0,21976.0
2022.09.16,12810.0,-370.0,13080.0,13080.0,12755.0,63955.0
2022.09.15,13180.0,490.0,13095.0,13195.0,13055.0,65324.0
2022.09.14,12690.0,-210.0,12550.0,12855.0,12550.0,29924.0
2022.09.13,12900.0,380.0,12705.0,13070.0,12705.0,52487.0
2022.09.08,12520.0,10.0,12355.0,12585.0,12355.0,24751.0
2022.09.07,12510.0,-465.0,12780.0,12780.0,12395.0,44317.0
2022.09.06,12975.0,-60.0,12990.0,13095.0,12885.0,28194.0
2022.09.05,13035.0,420.0,12780.0,13055.0,12680.0,42918.0
2022.09.02,12615.0,155.0,12265.0,12770.0,12265.0,38519.0
2022.09.01,12460.0,-210.0,12365.0,12670.0,12365.0,56671.0
2022.08.31,12670.0,-420.0,12660.0,12715.0,12580.0,108357.0
2022.08.30,13090.0,70.0,13120.0,13210.0,13025.0,94179.0
2022.08.29,13020.0,120.0,12620.0,13055.0,12620.0,80684.0
2022.08.26,12900.0,-120.0,13030.0,13050.0,12900.0,30509.0
2022.08.25,13020.0,185.0,12875.0,13025.0,12865.0,63903.0
2022.08.24,12835.0,390.0,12815.0,12850.0,12665.0,121405.0
2022.08.23,12445.0,285.0,12285.0,12450.0,12285.0,67602.0
2022.08.22,12160.0,80.0,12085.0,12285.0,12085.0,58691.0
2022.08.19,12080.0,255.0,12020.0,12220.0,12000.0,111372.0
2022.08.18,11825.0,205.0,11695.0,11860.0,11630.0,36417.0
2022.08.17,11620.0,145.0,11670.0,11670.0,11525.0,129490.0
2022.08.16,11475.0,-250.0,10800.0,11660.0,10800.0,69899.0
2022.08.12,11725.0,280.0,11660.0,11875.0,11655.0,49003.0
2022.08.11,11445.0,75.0,11355.0,11445.0,11270.0,38388.0
2022.08.10,11370.0,195.0,11285.0,11420.0,11285.0,22189.0
2022.08.09,11175.0,65.0,11110.0,11230.0,11045.0,20239.0
2022.08.08,11110.0,190.0,11030.0,11125.0,10895.0,33271.0
2022.08.05,10920.0,-400.0,11100.0,11100.0,10705.0,43819.0
2022.08.04,11320.0,-380.0,11460.0,11460.0,11220.0,27422.0
2022.08.03,11700.0,0.0,11700.0,11760.0,11670.0,16412.0
2022.08.02,11700.0,-50.0,11610.0,11700.0,11455.0,58293.0
2022.08.01,11750.0,270.0,11715.0,11955.0,11685.0,35195.0
2022.07.29,11480.0,175.0,11185.0,11480.0,11185.0,15320.0
2022.07.28,11305.0,55.0,11250.0,11450.0,11250.0,41671.0
2022.07.27,11250.0,40.0,11030.0,11250.0,11030.0,35259.0
2022.07.26,11210.0,525.0,11150.0,11275.0,11075.0,72777.0
2022.07.25,10685.0,-320.0,10990.0,10990.0,10670.0,36057.0
2022.07.22,11005.0,60.0,10945.0,11005.0,10830.0,18545.0
2022.07.21,10945.0,-90.0,11095.0,11175.0,10945.0,12220.0
2022.07.20,11035.0,280.0,11030.0,11035.0,10930.0,15961.0
2022.07.19,10755.0,295.0,10630.0,10785.0,10630.0,24880.0
2022.07.18,10460.0,165.0,10465.0,10680.0,10460.0,41262.0
2022.07.15,10295.0,-205.0,10295.0,10430.0,10295.0,7526.0
2022.07.14,10500.0,100.0,10375.0,10500.0,10375.0,4030.0
2022.07.13,10400.0,-220.0,10390.0,10455.0,10320.0,19149.0
2022.07.12,10620.0,20.0,10700.0,10790.0,10560.0,21428.0
2022.07.11,10600.0,-95.0,10695.0,10700.0,10600.0,9003.0
2022.07.08,10695.0,445.0,10565.0,10765.0,10565.0,22240.0
2022.07.07,10250.0,-335.0,10405.0,10495.0,10250.0,62855.0
2022.07.06,10585.0,-605.0,10530.0,10765.0,10530.0,30311.0
2022.07.05,11190.0,130.0,11065.0,11190.0,10885.0,22080.0
2022.07.04,11060.0,270.0,10795.0,11060.0,10795.0,21973.0
2022.07.01,10790.0,-325.0,10655.0,10860.0,10650.0,120301.0
2022.06.30,11115.0,-350.0,10975.0,11195.0,10950.0,53586.0
2022.06.29,11465.0,365.0,11250.0,11530.0,11250.0,99651.0
2022.06.28,11100.0,430.0,11000.0,11145.0,10900.0,55117.0
2022.06.27,10670.0,10.0,10690.0,10765.0,10550.0,97390.0
2022.06.24,10660.0,-335.0,10680.0,10745.0,10560.0,86170.0
2022.06.23,10995.0,-60.0,10980.0,11020.0,10695.0,82542.0
2022.06.22,11055.0,-15.0,11415.0,11515.0,11050.0,119285.0
2022.06.21,11070.0,270.0,10800.0,11140.0,10800.0,94259.0
2022.06.20,10800.0,-680.0,10820.0,11095.0,10615.0,167334.0
2022.06.17,11480.0,-795.0,11790.0,11790.0,11375.0,83492.0
2022.06.16,12275.0,-250.0,12340.0,12340.0,12090.0,162961.0
2022.06.15,12525.0,-75.0,12415.0,12585.0,12415.0,55772.0
2022.06.14,12600.0,-445.0,12405.0,12650.0,12390.0,114014.0
2022.06.13,13045.0,-475.0,13250.0,13300.0,12970.0,63618.0
2022.06.10,13520.0,-265.0,13480.0,13570.0,13385.0,79616.0
2022.06.09,13785.0,200.0,13605.0,13785.0,13460.0,121786.0
2022.06.08,13585.0,340.0,13310.0,13605.0,13310.0,226285.0
2022.06.07,13245.0,455.0,12980.0,13245.0,12900.0,60625.0
2022.06.03,12790.0,-110.0,12615.0,12895.0,12600.0,55406.0
2022.06.02,12900.0,-235.0,12910.0,12910.0,12670.0,33859.0
2022.05.31,13135.0,295.0,12875.0,13135.0,12825.0,49205.0
2022.05.30,12840.0,-15.0,12915.0,12995.0,12805.0,44919.0
2022.05.27,12855.0,60.0,12900.0,12900.0,12685.0,39932.0
2022.05.26,12795.0,375.0,12575.0,12860.0,12540.0,67449.0
2022.05.25,12420.0,85.0,12400.0,12425.0,12340.0,172039.0
2022.05.24,12335.0,135.0,12425.0,12425.0,12220.0,178217.0
2022.05.23,12200.0,180.0,12190.0,12300.0,12090.0,37797.0
2022.05.20,12020.0,-175.0,12085.0,12085.0,11900.0,26135.0
2022.05.19,12195.0,-330.0,11810.0,12195.0,11810.0,59403.0
2022.05.18,12525.0,180.0,12390.0,12560.0,12365.0,64644.0
2022.05.17,12345.0,405.0,12190.0,12375.0,12190.0,61554.0
2022.05.16,11940.0,25.0,12060.0,12125.0,11800.0,54207.0
2022.05.13,11915.0,230.0,11695.0,11930.0,11695.0,42194.0
2022.05.12,11685.0,40.0,11645.0,11750.0,11500.0,63478.0
2022.05.11,11645.0,230.0,11415.0,11645.0,11275.0,54231.0
2022.05.10,11415.0,-855.0,11500.0,11500.0,11155.0,105824.0
2022.05.09,12270.0,400.0,12125.0,12270.0,12125.0,71644.0
2022.05.06,11870.0,320.0,11710.0,11975.0,11710.0,51913.0
2022.05.04,11550.0,335.0,11270.0,11675.0,11270.0,51356.0
2022.05.03,11215.0,0.0,11380.0,11380.0,11155.0,38433.0
2022.05.02,11215.0,-190.0,11305.0,11305.0,11015.0,27039.0
2022.04.29,11405.0,255.0,11215.0,11560.0,11215.0,54616.0
2022.04.28,11150.0,330.0,10895.0,11150.0,10895.0,20000.0
2022.04.27,10820.0,110.0,10715.0,10945.0,10715.0,21006.0
2022.04.26,10710.0,0.0,10710.0,10845.0,10650.0,25769.0
2022.04.25,10710.0,-635.0,11200.0,11200.0,10710.0,56145.0
2022.04.22,11345.0,-335.0,11440.0,11440.0,11300.0,25467.0
2022.04.21,11680.0,-5.0,11685.0,11685.0,11520.0,31546.0
2022.04.20,11685.0,-100.0,11770.0,11770.0,11585.0,34027.0
2022.04.19,11785.0,215.0,11600.0,11790.0,11600.0,41270.0
2022.04.18,11570.0,-90.0,11660.0,11785.0,11550.0,41865.0
2022.04.15,11660.0,220.0,11485.0,11660.0,11485.0,48193.0
2022.04.14,11440.0,165.0,11330.0,11485.0,11330.0,19377.0
2022.04.13,11275.0,60.0,11435.0,11445.0,11230.0,43384.0
2022.04.12,11215.0,-70.0,11265.0,11265.0,10960.0,36979.0
2022.04.11,11285.0,305.0,11100.0,11335.0,11100.0,40390.0
2022.04.08,10980.0,185.0,10930.0,11010.0,10905.0,20791.0
2022.04.07,10795.0,10.0,10765.0,10905.0,10765.0,20423.0
2022.04.06,10785.0,-120.0,10895.0,10895.0,10785.0,10513.0
2022.04.05,10905.0,5.0,10905.0,11000.0,10885.0,24736.0
2022.04.04,10900.0,30.0,10870.0,10910.0,10840.0,26767.0
2022.04.01,10870.0,-160.0,10890.0,10970.0,10655.0,34896.0
2022.03.31,11030.0,355.0,10875.0,11030.0,10645.0,81555.0
2022.03.30,10675.0,0.0,10670.0,10895.0,10595.0,122203.0
2022.03.29,10675.0,-135.0,10770.0,10825.0,10675.0,48632.0
2022.03.28,10810.0,45.0,10945.0,10950.0,10805.0,49044.0
2022.03.25,10765.0,50.0,10800.0,10875.0,10705.0,99290.0
2022.03.24,10715.0,115.0,10800.0,10895.0,10710.0,60060.0
2022.03.23,10600.0,-150.0,10700.0,10700.0,10555.0,78304.0
2022.03.22,10750.0,365.0,10885.0,10885.0,10735.0,97269.0
2022.03.21,10385.0,85.0,10295.0,10400.0,10185.0,61312.0
2022.03.18,10300.0,325.0,10260.0,10355.0,10225.0,175057.0
2022.03.17,9975.0,-210.0,10020.0,10160.0,9900.0,154445.0
2022.03.16,10185.0,-25.0,10075.0,10230.0,10060.0,121263.0
2022.03.15,10210.0,-780.0,10745.0,10745.0,10210.0,159748.0
2022.03.14,10990.0,5.0,10985.0,10995.0,10870.0,57957.0
2022.03.11,10985.0,370.0,11015.0,11030.0,10910.0,113882.0
2022.03.10,10615.0,-545.0,10540.0,10765.0,9995.0,201119.0
2022.03.08,11160.0,90.0,11215.0,11285.0,10730.0,177636.0
2022.03.07,11070.0,785.0,10685.0,11070.0,10685.0,168343.0
2022.03.04,10285.0,35.0,10250.0,10330.0,10250.0,47007.0
2022.03.03,10250.0,165.0,10135.0,10260.0,10135.0,40253.0
2022.03.02,10085.0,315.0,9970.0,10090.0,9930.0,64527.0
2022.02.28,9770.0,440.0,9625.0,9770.0,9625.0,109348.0
2022.02.25,9330.0,-175.0,9410.0,9410.0,9220.0,89243.0
2022.02.24,9505.0,255.0,9325.0,9575.0,9325.0,203684.0
2022.02.23,9250.0,-245.0,9445.0,9445.0,9210.0,31000.0
2022.02.22,9495.0,135.0,9350.0,9920.0,9350.0,83905.0
2022.02.21,9360.0,-90.0,9430.0,9540.0,9360.0,42196.0
2022.02.18,9450.0,-100.0,9555.0,9610.0,9445.0,99270.0
2022.02.17,9550.0,130.0,9490.0,9640.0,9475.0,137563.0
2022.02.16,9420.0,-150.0,9390.0,9475.0,9370.0,232149.0
2022.02.15,9570.0,-365.0,9665.0,9665.0,9545.0,47170.0
2022.02.14,9935.0,430.0,9910.0,9955.0,9730.0,94161.0
2022.02.11,9505.0,-60.0,9560.0,9565.0,9505.0,26739.0
2022.02.10,9565.0,35.0,9645.0,9645.0,9550.0,49699.0
2022.02.09,9530.0,-315.0,9555.0,9675.0,9495.0,80139.0
2022.02.08,9845.0,105.0,9805.0,10010.0,9740.0,58924.0
2022.02.07,9740.0,145.0,9630.0,9740.0,9630.0,54603.0
2022.02.04,9595.0,-40.0,9660.0,9660.0,9500.0,101178.0
2022.02.03,9635.0,205.0,9450.0,9660.0,9450.0,122844.0
2022.01.28,9430.0,285.0,9315.0,9435.0,9265.0,50921.0
2022.01.27,9145.0,-40.0,9235.0,9290.0,9050.0,61119.0
2022.01.26,9185.0,335.0,9160.0,9205.0,8995.0,101498.0
2022.01.25,8850.0,20.0,8880.0,8880.0,8700.0,102199.0
2022.01.24,8830.0,15.0,8815.0,8830.0,8700.0,63801.0
2022.01.21,8815.0,-270.0,8940.0,8940.0,8790.0,101032.0
2022.01.20,9085.0,-120.0,9000.0,9165.0,8895.0,68089.0
2022.01.19,9205.0,15.0,9100.0,9225.0,9010.0,73970.0
2022.01.18,9190.0,115.0,8975.0,9190.0,8975.0,57136.0
2022.01.17,9075.0,275.0,9000.0,9085.0,8985.0,43841.0
2022.01.14,8800.0,-10.0,8795.0,8800.0,8705.0,19292.0
2022.01.13,8810.0,-50.0,8775.0,8850.0,8770.0,62982.0
2022.01.12,8860.0,275.0,8785.0,8860.0,8780.0,65397.0
2022.01.11,8585.0,-30.0,8615.0,8645.0,8585.0,34504.0
2022.01.10,8615.0,65.0,8560.0,8655.0,8560.0,76880.0
2022.01.07,8550.0,255.0,8485.0,8550.0,8470.0,76118.0
2022.01.06,8295.0,0.0,8315.0,8350.0,8230.0,608422.0
2022.01.05,8295.0,245.0,8255.0,8335.0,8245.0,250879.0
2022.01.04,8050.0,215.0,8070.0,8070.0,8000.0,20020.0
2022.01.03,7835.0,55.0,7820.0,7840.0,7780.0,8604.0
2021.12.30,7780.0,-90.0,7720.0,7820.0,7720.0,3115.0
2021.12.29,7870.0,20.0,7855.0,7880.0,7825.0,9327.0
2021.12.28,7850.0,190.0,7790.0,7875.0,7790.0,27237.0
2021.12.27,7660.0,-10.0,7700.0,7705.0,7630.0,4671.0
2021.12.24,7670.0,-40.0,7710.0,7710.0,7635.0,5785.0
2021.12.23,7710.0,40.0,7700.0,7720.0,7695.0,2043.0
2021.12.22,7670.0,95.0,7680.0,7680.0,7605.0,4915.0
2021.12.21,7575.0,190.0,7450.0,7580.0,7425.0,14697.0
2021.12.20,7385.0,-200.0,7530.0,7530.0,7375.0,17769.0
2021.12.17,7585.0,-65.0,7665.0,7680.0,7585.0,6101.0
2021.12.16,7650.0,65.0,7560.0,7705.0,7560.0,6411.0
2021.12.15,7585.0,-70.0,7650.0,7650.0,7570.0,3512.0
2021.12.14,7655.0,-280.0,7700.0,7700.0,7615.0,5211.0
2021.12.13,7935.0,120.0,7910.0,7950.0,7895.0,4827.0
2021.12.10,7815.0,-70.0,7840.0,7840.0,7705.0,8393.0
2021.12.09,7885.0,30.0,7875.0,7910.0,7800.0,10210.0
2021.12.08,7855.0,80.0,7805.0,7870.0,7790.0,4018.0
2021.12.07,7775.0,55.0,7745.0,8045.0,7710.0,70969.0
2021.12.06,7720.0,50.0,7555.0,7730.0,7555.0,16308.0
2021.12.03,7670.0,195.0,7555.0,7745.0,7555.0,33563.0
2021.12.02,7475.0,-115.0,7480.0,7500.0,7360.0,20783.0
2021.12.01,7590.0,35.0,7485.0,7595.0,7475.0,28053.0
2021.11.30,7555.0,-290.0,7720.0,7795.0,7485.0,75719.0
2021.11.29,7845.0,-80.0,7720.0,7955.0,7685.0,124644.0
2021.11.26,7925.0,-85.0,8035.0,8035.0,7915.0,118933.0
2021.11.25,8010.0,115.0,7975.0,8025.0,7975.0,18691.0
2021.11.24,7895.0,250.0,7810.0,7905.0,7810.0,21885.0
2021.11.23,7645.0,85.0,7670.0,7740.0,7645.0,30132.0
2021.11.22,7560.0,-245.0,7610.0,7610.0,7545.0,17721.0
2021.11.19,7805.0,0.0,7800.0,7880.0,7790.0,142216.0
2021.11.18,7805.0,-165.0,7830.0,7885.0,7775.0,28495.0
2021.11.17,7970.0,0.0,7990.0,7990.0,7945.0,22545.0
2021.11.16,7970.0,65.0,7865.0,7995.0,7865.0,78451.0
2021.11.15,7905.0,-15.0,7920.0,7965.0,7885.0,17597.0
2021.11.12,7920.0,-40.0,7960.0,8005.0,7915.0,25808.0
2021.11.11,7960.0,-155.0,7975.0,7995.0,7925.0,21785.0
2021.11.10,8115.0,35.0,8150.0,8150.0,8095.0,21625.0
2021.11.09,8080.0,-30.0,8125.0,8145.0,8045.0,38341.0
2021.11.08,8110.0,130.0,8025.0,8115.0,8025.0,41265.0
2021.11.05,7980.0,30.0,7930.0,8015.0,7930.0,19825.0
2021.11.04,7950.0,-60.0,7975.0,7975.0,7875.0,15674.0
2021.11.03,8010.0,-50.0,8050.0,8050.0,7950.0,53352.0
2021.11.02,8060.0,175.0,8015.0,8120.0,8015.0,80520.0
2021.11.01,7885.0,-60.0,7870.0,7945.0,7850.0,25315.0
2021.10.29,7945.0,105.0,7840.0,7955.0,7840.0,15897.0
2021.10.28,7840.0,-230.0,7915.0,7930.0,7825.0,86692.0
2021.10.27,8070.0,55.0,8050.0,8090.0,8030.0,24128.0
2021.10.26,8015.0,15.0,8100.0,8100.0,8000.0,26346.0
2021.10.25,8000.0,85.0,7950.0,8010.0,7930.0,15286.0
2021.10.22,7915.0,-200.0,7985.0,8010.0,7900.0,35216.0
2021.10.21,8115.0,120.0,8100.0,8115.0,8005.0,35687.0
2021.10.20,7995.0,30.0,7960.0,8045.0,7955.0,27270.0
2021.10.19,7965.0,-50.0,7930.0,8020.0,7920.0,56979.0
2021.10.18,8015.0,105.0,7920.0,8020.0,7920.0,57347.0
2021.10.15,7910.0,45.0,7880.0,7950.0,7880.0,27283.0
2021.10.14,7865.0,-50.0,7830.0,7865.0,7775.0,201185.0
2021.10.13,7915.0,-50.0,7885.0,7960.0,7875.0,14875.0
2021.10.12,7965.0,260.0,7915.0,7970.0,7855.0,108935.0
2021.10.08,7705.0,75.0,7635.0,7725.0,7635.0,26926.0
2021.10.07,7630.0,-40.0,7455.0,7875.0,7455.0,76337.0
2021.10.06,7670.0,35.0,7685.0,7705.0,7585.0,78542.0
2021.10.05,7635.0,385.0,7495.0,7670.0,7495.0,355739.0
2021.10.01,7250.0,-150.0,7330.0,7350.0,7205.0,148364.0
2021.09.30,7400.0,90.0,7365.0,7400.0,7265.0,65327.0
2021.09.29,7310.0,-30.0,7325.0,7365.0,7285.0,88234.0
2021.09.28,7340.0,250.0,7225.0,7345.0,7225.0,82353.0
2021.09.27,7090.0,125.0,6980.0,7090.0,6965.0,81995.0
2021.09.24,6965.0,195.0,6900.0,6970.0,6865.0,94852.0
2021.09.23,6770.0,-35.0,6830.0,6830.0,6725.0,22629.0
2021.09.17,6805.0,20.0,6785.0,6805.0,6740.0,17219.0
2021.09.16,6785.0,175.0,6765.0,6825.0,6765.0,19638.0
2021.09.15,6610.0,-110.0,6635.0,6635.0,6565.0,4257.0
2021.09.14,6720.0,180.0,6665.0,6735.0,6665.0,33741.0
2021.09.13,6540.0,35.0,6490.0,6540.0,6490.0,8039.0
2021.09.10,6505.0,60.0,6455.0,6515.0,6455.0,2218.0
2021.09.09,6445.0,-120.0,6500.0,6500.0,6445.0,9531.0
2021.09.08,6565.0,15.0,6550.0,6565.0,6500.0,8166.0
2021.09.07,6550.0,10.0,6540.0,6565.0,6505.0,2553.0
2021.09.06,6540.0,-60.0,6595.0,6595.0,6505.0,6448.0
2021.09.03,6600.0,160.0,6550.0,6600.0,6490.0,19028.0
2021.09.02,6440.0,-105.0,6450.0,6460.0,6390.0,13453.0
2021.09.01,6545.0,-110.0,6595.0,6600.0,6530.0,9085.0
2021.08.31,6655.0,-55.0,6640.0,6675.0,6580.0,70923.0
2021.08.30,6710.0,135.0,6630.0,6725.0,6630.0,47840.0
2021.08.27,6575.0,-25.0,6555.0,6575.0,6520.0,25356.0
2021.08.26,6600.0,75.0,6530.0,6630.0,6530.0,10505.0
2021.08.25,6525.0,30.0,6520.0,6575.0,6475.0,3774.0
2021.08.24,6495.0,155.0,6440.0,6500.0,6440.0,26898.0
2021.08.23,6340.0,50.0,6315.0,6360.0,6240.0,39171.0
2021.08.20,6290.0,-115.0,6225.0,6290.0,6225.0,8575.0
2021.08.19,6405.0,-210.0,6495.0,6495.0,6335.0,7621.0
2021.08.18,6615.0,-60.0,6635.0,6635.0,6510.0,4612.0
2021.08.17,6675.0,-75.0,6705.0,6705.0,6565.0,13584.0
2021.08.13,6750.0,35.0,6780.0,6795.0,6750.0,23068.0
2021.08.12,6715.0,50.0,6720.0,6735.0,6695.0,13136.0
2021.08.11,6665.0,90.0,6735.0,6740.0,6650.0,5614.0
2021.08.10,6575.0,-45.0,6620.0,6620.0,6530.0,12016.0
2021.08.09,6620.0,25.0,6540.0,6655.0,6540.0,6130.0
2021.08.06,6595.0,30.0,6620.0,6620.0,6525.0,2914.0
2021.08.05,6565.0,-85.0,6595.0,6595.0,6510.0,14469.0
2021.08.04,6650.0,5.0,6670.0,6790.0,6650.0,18433.0
2021.08.03,6645.0,-50.0,6575.0,6655.0,6575.0,5131.0
2021.08.02,6695.0,-15.0,6710.0,6710.0,6650.0,3507.0
2021.07.30,6710.0,-35.0,6745.0,6750.0,6645.0,6775.0
2021.07.29,6745.0,45.0,6700.0,6745.0,6690.0,17574.0
2021.07.28,6700.0,-35.0,6700.0,6705.0,6650.0,10754.0
2021.07.27,6735.0,135.0,6680.0,6755.0,6670.0,39403.0
2021.07.26,6600.0,-25.0,6625.0,6625.0,6505.0,30992.0
2021.07.23,6625.0,-55.0,6665.0,6665.0,6575.0,15380.0
2021.07.22,6680.0,230.0,6615.0,6710.0,6575.0,62237.0
2021.07.21,6450.0,50.0,6475.0,6495.0,6445.0,11154.0
2021.07.20,6400.0,-175.0,6375.0,6425.0,6345.0,28598.0
2021.07.19,6575.0,-180.0,6705.0,6705.0,6495.0,25038.0
2021.07.16,6755.0,-120.0,6820.0,6820.0,6725.0,22578.0
2021.07.15,6875.0,-155.0,6895.0,6910.0,6770.0,30139.0
2021.07.14,7030.0,-40.0,7070.0,7070.0,6985.0,17331.0
2021.07.13,7070.0,-30.0,7155.0,7155.0,7070.0,17083.0
2021.07.12,7100.0,80.0,7070.0,7140.0,7055.0,13735.0
2021.07.09,7020.0,-5.0,7025.0,7025.0,6930.0,19785.0
2021.07.08,7025.0,-45.0,6920.0,7035.0,6920.0,24180.0
2021.07.07,7070.0,-245.0,7050.0,7120.0,7010.0,61700.0
2021.07.06,7315.0,75.0,7310.0,7330.0,7265.0,230553.0
2021.07.05,7240.0,-50.0,7300.0,7300.0,7180.0,16773.0
2021.07.02,7290.0,140.0,7240.0,7330.0,7240.0,33742.0
2021.07.01,7150.0,110.0,7090.0,7195.0,7090.0,18246.0
2021.06.30,7040.0,-55.0,7095.0,7095.0,7030.0,34336.0
2021.06.29,7095.0,-180.0,7230.0,7240.0,7055.0,83512.0
2021.06.28,7275.0,25.0,7265.0,7345.0,7265.0,12325.0
2021.06.25,7250.0,-10.0,7260.0,7305.0,7225.0,37189.0
2021.06.24,7260.0,20.0,7250.0,7295.0,7200.0,23717.0
2021.06.23,7240.0,75.0,7185.0,7245.0,7185.0,14562.0
2021.06.22,7165.0,310.0,7100.0,7185.0,7100.0,51396.0
2021.06.21,6855.0,-190.0,6965.0,6965.0,6840.0,32929.0
2021.06.18,7045.0,-255.0,7150.0,7150.0,7030.0,54665.0
2021.06.17,7300.0,50.0,7250.0,7335.0,7210.0,250006.0
2021.06.16,7250.0,130.0,7225.0,7285.0,7225.0,220853.0
2021.06.15,7120.0,-20.0,7110.0,7155.0,7105.0,28594.0
2021.06.14,7140.0,20.0,7120.0,7160.0,7120.0,7636.0
2021.06.11,7120.0,-60.0,7185.0,7185.0,7110.0,14700.0
2021.06.10,7180.0,-70.0,7190.0,7210.0,7165.0,7869.0
2021.06.09,7250.0,100.0,7170.0,7250.0,7170.0,72676.0
2021.06.08,7150.0,-5.0,7155.0,7170.0,7110.0,40453.0
2021.06.07,7155.0,0.0,7185.0,7195.0,7155.0,31394.0
2021.06.04,7155.0,20.0,7135.0,7165.0,7120.0,47092.0
2021.06.03,7135.0,145.0,7025.0,7155.0,7025.0,54592.0
2021.06.02,6990.0,225.0,6935.0,6990.0,6935.0,42773.0
2021.06.01,6765.0,25.0,6740.0,6775.0,6700.0,10567.0
2021.05.31,6740.0,-85.0,6825.0,6830.0,6710.0,20966.0
2021.05.28,6825.0,60.0,6800.0,6855.0,6790.0,26062.0
2021.05.27,6765.0,20.0,6755.0,6800.0,6740.0,16683.0
2021.05.26,6745.0,-105.0,6825.0,6830.0,6660.0,24808.0
2021.05.25,6850.0,-30.0,6880.0,6915.0,6840.0,9648.0
2021.05.24,6880.0,70.0,6810.0,6910.0,6810.0,24468.0
2021.05.21,6810.0,-90.0,6900.0,6900.0,6810.0,18734.0
2021.05.20,6900.0,-325.0,7135.0,7135.0,6845.0,43653.0
2021.05.18,7225.0,165.0,7160.0,7230.0,7160.0,99960.0
2021.05.17,7060.0,240.0,6980.0,7085.0,6980.0,106438.0
2021.05.14,6820.0,-120.0,6885.0,6885.0,6745.0,26568.0
2021.05.13,6940.0,65.0,6830.0,6995.0,6830.0,25645.0
2021.05.12,6875.0,-120.0,6995.0,6995.0,6840.0,23668.0
2021.05.11,6995.0,10.0,6960.0,7035.0,6960.0,21894.0
2021.05.10,6985.0,60.0,6915.0,7030.0,6915.0,60489.0
2021.05.07,6925.0,-10.0,6900.0,6945.0,6885.0,28262.0
2021.05.06,6935.0,265.0,6750.0,6940.0,6750.0,275874.0
2021.05.04,6670.0,200.0,6590.0,6670.0,6590.0,35616.0
2021.05.03,6470.0,-105.0,6500.0,6500.0,6400.0,24442.0
2021.04.30,6575.0,65.0,6520.0,6575.0,6520.0,17325.0
2021.04.29,6510.0,205.0,6490.0,6515.0,6430.0,25322.0
2021.04.28,6305.0,55.0,6290.0,6385.0,6265.0,19382.0
2021.04.27,6250.0,20.0,6295.0,6295.0,6200.0,37880.0
2021.04.26,6230.0,-70.0,6295.0,6300.0,6210.0,17689.0
2021.04.23,6300.0,-15.0,6315.0,6315.0,6210.0,75740.0
2021.04.22,6315.0,75.0,6230.0,6500.0,6230.0,5602.0
2021.04.21,6240.0,-140.0,6380.0,6380.0,6190.0,18247.0
2021.04.20,6380.0,25.0,6410.0,6410.0,6345.0,13569.0
2021.04.19,6355.0,-90.0,6440.0,6440.0,6335.0,19492.0
2021.04.16,6445.0,-45.0,6485.0,6485.0,6365.0,50341.0
2021.04.15,6490.0,145.0,6505.0,6515.0,6450.0,36667.0
2021.04.14,6345.0,35.0,6320.0,6360.0,6255.0,85826.0
2021.04.13,6310.0,-25.0,6310.0,6335.0,6270.0,22461.0
2021.04.12,6335.0,-30.0,6365.0,6365.0,6310.0,40388.0
2021.04.09,6365.0,-95.0,6435.0,6445.0,6345.0,18301.0
2021.04.08,6460.0,-10.0,6440.0,6530.0,6440.0,13646.0
2021.04.07,6470.0,-30.0,6500.0,6500.0,6450.0,42017.0
2021.04.06,6500.0,-180.0,6610.0,6610.0,6430.0,31199.0
2021.04.05,6680.0,65.0,6570.0,6695.0,6570.0,23347.0
2021.04.02,6615.0,160.0,6530.0,6670.0,6530.0,18284.0
2021.04.01,6455.0,-95.0,6545.0,6545.0,6435.0,19262.0
2021.03.31,6550.0,-65.0,6615.0,6625.0,6540.0,31116.0
2021.03.30,6615.0,-75.0,6680.0,6680.0,6595.0,23098.0
2021.03.29,6690.0,150.0,6620.0,6745.0,6620.0,223344.0
2021.03.26,6540.0,50.0,6560.0,6585.0,6510.0,37180.0
2021.03.25,6490.0,170.0,6460.0,6540.0,6455.0,64981.0
2021.03.24,6320.0,-120.0,6380.0,6395.0,6265.0,49719.0
2021.03.23,6440.0,-60.0,6425.0,6465.0,6390.0,46352.0
2021.03.22,6500.0,-10.0,6450.0,6510.0,6420.0,66232.0
2021.03.19,6510.0,-285.0,6435.0,6560.0,6435.0,74883.0
2021.03.18,6795.0,-45.0,6890.0,6890.0,6725.0,110576.0
2021.03.17,6840.0,-160.0,6945.0,6945.0,6710.0,114909.0
2021.03.16,7000.0,-150.0,7140.0,7140.0,6970.0,92485.0
2021.03.15,7150.0,155.0,6945.0,7190.0,6945.0,124448.0
2021.03.12,6995.0,-125.0,7060.0,7165.0,6965.0,66057.0
2021.03.11,7120.0,250.0,6960.0,7190.0,6960.0,340958.0
2021.03.10,6870.0,-230.0,6905.0,6960.0,6785.0,170795.0
2021.03.09,7100.0,60.0,7040.0,7100.0,6960.0,118388.0
2021.03.08,7040.0,320.0,6840.0,7050.0,6840.0,250431.0
2021.03.05,6720.0,205.0,6550.0,6730.0,6550.0,385152.0
2021.03.04,6515.0,115.0,6400.0,6530.0,6400.0,150245.0
2021.03.03,6400.0,55.0,6345.0,6415.0,6290.0,74553.0
2021.03.02,6345.0,-120.0,6445.0,6455.0,6290.0,119486.0
2021.02.26,6465.0,85.0,6055.0,6465.0,6055.0,376974.0
2021.02.25,6380.0,220.0,6255.0,6395.0,6255.0,361973.0
2021.02.24,6160.0,75.0,6105.0,6185.0,6100.0,203478.0
2021.02.23,6085.0,210.0,5940.0,6125.0,5940.0,759041.0
2021.02.22,5875.0,125.0,5770.0,5915.0,5770.0,98258.0
2021.02.19,5750.0,-115.0,5680.0,5870.0,5680.0,350556.0
2021.02.18,5865.0,25.0,5855.0,5885.0,5835.0,403662.0
2021.02.17,5840.0,75.0,5820.0,5845.0,5770.0,151270.0
2021.02.16,5765.0,-15.0,5785.0,5810.0,5685.0,52353.0
2021.02.15,5780.0,5.0,5775.0,5800.0,5600.0,166753.0
2021.02.10,5775.0,0.0,5670.0,5780.0,5665.0,70117.0
2021.02.09,5775.0,90.0,5710.0,5795.0,5710.0,137235.0
2021.02.08,5685.0,95.0,5630.0,5685.0,5590.0,55603.0
2021.02.05,5590.0,100.0,5495.0,5600.0,5495.0,44552.0
2021.02.04,5490.0,120.0,5420.0,5525.0,5420.0,73738.0
2021.02.03,5370.0,60.0,5320.0,5370.0,5295.0,17422.0
2021.02.02,5310.0,75.0,5265.0,5310.0,5230.0,51919.0
2021.02.01,5235.0,10.0,5225.0,5235.0,5130.0,25353.0
2021.01.29,5225.0,75.0,5185.0,5265.0,5185.0,51603.0
2021.01.28,5150.0,-40.0,5170.0,5200.0,5115.0,69526.0
2021.01.27,5190.0,-125.0,5310.0,5310.0,5080.0,65120.0
2021.01.26,5315.0,-115.0,5230.0,5410.0,5230.0,78429.0
2021.01.25,5430.0,-160.0,5560.0,5560.0,5400.0,70104.0
2021.01.22,5590.0,-150.0,5670.0,5670.0,5460.0,91807.0
2021.01.21,5740.0,55.0,5650.0,5740.0,5650.0,132917.0
2021.01.20,5685.0,150.0,5595.0,5715.0,5595.0,72919.0
2021.01.19,5535.0,50.0,5555.0,5555.0,5470.0,36627.0
2021.01.18,5485.0,-225.0,5650.0,5650.0,5480.0,55966.0
2021.01.15,5710.0,100.0,5675.0,5720.0,5675.0,161622.0
2021.01.14,5610.0,40.0,5480.0,5625.0,5480.0,145867.0
2021.01.13,5570.0,135.0,5480.0,5575.0,5480.0,127558.0
2021.01.12,5435.0,65.0,5230.0,5440.0,5230.0,136919.0
2021.01.11,5370.0,50.0,5320.0,5405.0,5310.0,74968.0
2021.01.08,5320.0,140.0,5230.0,5395.0,5230.0,234676.0
2021.01.07,5180.0,150.0,5100.0,5220.0,5100.0,98449.0
2021.01.06,5030.0,140.0,5040.0,5045.0,5010.0,87071.0
2021.01.05,4890.0,-5.0,4895.0,4925.0,4830.0,32370.0
2021.01.04,4895.0,15.0,4855.0,4920.0,4855.0,50560.0
2020.12.30,4880.0,-55.0,4980.0,4980.0,4835.0,56513.0
2020.12.29,4935.0,5.0,4775.0,4950.0,4775.0,17524.0
2020.12.28,4930.0,-105.0,5010.0,5010.0,4925.0,21481.0
2020.12.24,5035.0,85.0,5045.0,5055.0,5020.0,68616.0
2020.12.23,4950.0,35.0,4905.0,4950.0,4825.0,24561.0
2020.12.22,4915.0,-140.0,5045.0,5045.0,4910.0,47496.0
2020.12.21,5055.0,-45.0,5110.0,5110.0,4960.0,45561.0
2020.12.18,5100.0,-15.0,5115.0,5115.0,5045.0,26145.0
2020.12.17,5115.0,10.0,5195.0,5195.0,5050.0,19312.0
2020.12.16,5105.0,30.0,5180.0,5180.0,5060.0,45257.0
2020.12.15,5075.0,-150.0,5145.0,5145.0,5035.0,23623.0
2020.12.14,5225.0,-5.0,5225.0,5225.0,5190.0,36176.0
2020.12.11,5230.0,160.0,5230.0,5250.0,5180.0,84634.0
2020.12.10,5070.0,-25.0,5120.0,5155.0,5005.0,57974.0
2020.12.09,5095.0,75.0,5110.0,5110.0,5035.0,35476.0
2020.12.08,5020.0,-80.0,5100.0,5100.0,4955.0,25362.0
2020.12.07,5100.0,135.0,5110.0,5145.0,5075.0,41959.0
2020.12.04,4965.0,5.0,5000.0,5000.0,4850.0,34072.0
2020.12.03,4960.0,115.0,4895.0,4990.0,4895.0,16311.0
2020.12.02,4845.0,-15.0,4990.0,4990.0,4600.0,42414.0
2020.12.01,4860.0,-160.0,4870.0,4875.0,4835.0,128649.0
2020.11.30,5020.0,-60.0,5060.0,5070.0,5000.0,25241.0
2020.11.27,5080.0,-45.0,5220.0,5220.0,5020.0,46927.0
2020.11.26,5125.0,-40.0,5165.0,5165.0,5055.0,74795.0
2020.11.25,5165.0,185.0,5150.0,5260.0,5130.0,152084.0
2020.11.24,4980.0,275.0,4850.0,5015.0,4815.0,183739.0
2020.11.23,4705.0,25.0,4680.0,4705.0,4610.0,58434.0
2020.11.20,4680.0,10.0,4685.0,4715.0,4630.0,18076.0
2020.11.19,4670.0,-85.0,4650.0,4675.0,4600.0,32738.0
2020.11.18,4755.0,25.0,4715.0,4755.0,4650.0,19715.0
2020.11.17,4730.0,175.0,4845.0,4845.0,4575.0,87725.0
2020.11.16,4555.0,210.0,4365.0,4560.0,4365.0,102584.0
2020.11.13,4345.0,-140.0,4480.0,4480.0,4275.0,19122.0
2020.11.12,4485.0,-25.0,4420.0,4490.0,4420.0,45073.0
2020.11.11,4510.0,290.0,4340.0,4510.0,4310.0,87907.0
2020.11.10,4220.0,360.0,4185.0,4320.0,4185.0,200811.0
2020.11.09,3860.0,-100.0,3950.0,3950.0,3860.0,65012.0
2020.11.06,3960.0,-40.0,4045.0,4070.0,3920.0,14188.0
2020.11.05,4000.0,-25.0,4040.0,4040.0,3860.0,20605.0
2020.11.04,4025.0,0.0,4040.0,4040.0,3990.0,33788.0
2020.11.03,4025.0,135.0,3945.0,4035.0,3945.0,18385.0
2020.11.02,3890.0,110.0,3860.0,3890.0,3780.0,6941.0
2020.10.30,3780.0,20.0,3840.0,3850.0,3780.0,30535.0
2020.10.29,3760.0,-165.0,3850.0,3850.0,3760.0,89290.0
2020.10.28,3925.0,-35.0,3960.0,3960.0,3910.0,15486.0
2020.10.27,3960.0,-150.0,4060.0,4060.0,3950.0,43170.0
2020.10.26,4110.0,-30.0,4140.0,4140.0,4095.0,4375.0
2020.10.23,4140.0,145.0,4095.0,4160.0,4095.0,11539.0
2020.10.22,3995.0,-70.0,4005.0,4005.0,3975.0,9530.0
2020.10.21,4065.0,20.0,4095.0,4095.0,4060.0,3211.0
2020.10.20,4045.0,-95.0,4135.0,4135.0,4035.0,11368.0
2020.10.19,4140.0,-110.0,4220.0,4220.0,4110.0,15832.0
2020.10.16,4250.0,65.0,4200.0,4250.0,4200.0,4357.0
2020.10.15,4185.0,0.0,4275.0,4275.0,4175.0,7372.0
2020.10.14,4185.0,-40.0,4225.0,4225.0,4015.0,18981.0
2020.10.13,4225.0,10.0,4235.0,4235.0,4170.0,5049.0
2020.10.12,4215.0,35.0,4295.0,4300.0,4150.0,19771.0
2020.10.08,4180.0,45.0,4200.0,4200.0,4135.0,7091.0
2020.10.07,4135.0,-55.0,4180.0,4180.0,4100.0,29260.0
2020.10.06,4190.0,95.0,4200.0,4200.0,4100.0,35767.0
2020.10.05,4095.0,-240.0,4440.0,4440.0,4070.0,97665.0
2020.09.29,4335.0,75.0,4385.0,4385.0,4330.0,67938.0
2020.09.28,4260.0,10.0,4250.0,4265.0,4250.0,6031.0
2020.09.25,4250.0,-15.0,4265.0,4275.0,4210.0,19517.0
2020.09.24,4265.0,-170.0,4390.0,4390.0,4200.0,25777.0
2020.09.23,4435.0,-20.0,4450.0,4450.0,4360.0,7061.0
2020.09.22,4455.0,-150.0,4360.0,4475.0,4360.0,8844.0
2020.09.21,4605.0,-50.0,4645.0,4645.0,4575.0,10112.0
2020.09.18,4655.0,40.0,4615.0,4680.0,4605.0,5703.0
2020.09.17,4615.0,55.0,4585.0,4700.0,4565.0,5612.0
2020.09.16,4560.0,-45.0,4570.0,4570.0,4440.0,15293.0
2020.09.15,4605.0,10.0,4595.0,4615.0,4585.0,4440.0
2020.09.14,4595.0,-5.0,4650.0,4650.0,4405.0,16256.0
2020.09.11,4600.0,-155.0,4600.0,4610.0,4580.0,30093.0
2020.09.10,4755.0,25.0,4760.0,4760.0,4700.0,12068.0
2020.09.09,4730.0,-165.0,4710.0,4740.0,4670.0,33758.0
2020.09.08,4895.0,55.0,4850.0,4900.0,4805.0,17848.0
2020.09.07,4840.0,-65.0,4880.0,4880.0,4800.0,9121.0
2020.09.04,4905.0,-60.0,4925.0,4945.0,4730.0,27912.0
2020.09.03,4965.0,-5.0,4975.0,4975.0,4910.0,41532.0
2020.09.02,4970.0,-25.0,4960.0,4975.0,4940.0,25292.0
2020.09.01,4995.0,-75.0,5050.0,5050.0,4955.0,7635.0
2020.08.31,5070.0,45.0,5100.0,5110.0,5025.0,26519.0
2020.08.28,5025.0,35.0,5020.0,5025.0,4970.0,26480.0
2020.08.27,4990.0,-105.0,5020.0,5020.0,4950.0,20540.0
2020.08.26,5095.0,-45.0,5140.0,5140.0,5060.0,8335.0
2020.08.25,5140.0,115.0,5100.0,5140.0,5070.0,8775.0
2020.08.24,5025.0,-75.0,5020.0,5030.0,5000.0,27924.0
2020.08.21,5100.0,5.0,5050.0,5100.0,5015.0,14219.0
2020.08.20,5095.0,-45.0,5125.0,5125.0,5030.0,18446.0
2020.08.19,5140.0,-125.0,5285.0,5285.0,5120.0,56638.0
2020.08.18,5265.0,5.0,5285.0,5290.0,5200.0,75168.0
2020.08.14,5260.0,-75.0,5305.0,5305.0,5220.0,278922.0
2020.08.13,5335.0,-25.0,5465.0,5465.0,5330.0,70892.0
2020.08.12,5360.0,-35.0,5390.0,5390.0,5280.0,191846.0
2020.08.11,5395.0,160.0,5260.0,5410.0,5260.0,201971.0
2020.08.10,5235.0,85.0,5125.0,5235.0,5120.0,114401.0
2020.08.07,5150.0,0.0,5150.0,5155.0,5100.0,11930.0
2020.08.06,5150.0,50.0,5150.0,5150.0,5120.0,10478.0
2020.08.05,5100.0,40.0,5150.0,5150.0,5075.0,22975.0
2020.08.04,5060.0,35.0,5030.0,5100.0,5030.0,6177.0
2020.08.03,5025.0,-120.0,5250.0,5250.0,4940.0,33062.0
2020.07.31,5145.0,-85.0,5200.0,5200.0,5120.0,5499.0
2020.07.30,5230.0,-10.0,5265.0,5265.0,5230.0,11461.0
2020.07.29,5240.0,-30.0,5250.0,5250.0,5180.0,6450.0
2020.07.28,5270.0,15.0,5330.0,5330.0,5230.0,3012.0
2020.07.27,5255.0,5.0,5310.0,5310.0,5225.0,6345.0
2020.07.24,5250.0,-15.0,5330.0,5330.0,5230.0,9348.0
2020.07.23,5265.0,-35.0,5300.0,5300.0,5240.0,15783.0
2020.07.22,5300.0,160.0,5300.0,5330.0,5275.0,34339.0
2020.07.21,5140.0,-60.0,5175.0,5180.0,5115.0,21646.0
2020.07.20,5200.0,-40.0,5240.0,5245.0,5180.0,6324.0
2020.07.17,5240.0,5.0,5290.0,5290.0,5205.0,8934.0
2020.07.16,5235.0,80.0,5285.0,5285.0,5210.0,20866.0
2020.07.15,5155.0,80.0,5175.0,5250.0,5100.0,20496.0
2020.07.14,5075.0,5.0,5070.0,5100.0,5000.0,24163.0
2020.07.13,5070.0,105.0,5075.0,5120.0,4950.0,18292.0
2020.07.10,4965.0,-210.0,4900.0,5020.0,4900.0,32023.0
2020.07.09,5175.0,-55.0,5230.0,5250.0,5160.0,25433.0
2020.07.08,5230.0,-200.0,5325.0,5325.0,5230.0,41726.0
2020.07.07,5430.0,10.0,5420.0,5430.0,5300.0,16520.0
2020.07.06,5420.0,30.0,5390.0,5420.0,5375.0,30467.0
2020.07.03,5390.0,80.0,5220.0,5395.0,5220.0,24499.0
2020.07.02,5310.0,-45.0,5320.0,5325.0,5265.0,11589.0
2020.07.01,5355.0,15.0,5380.0,5380.0,5335.0,18374.0
2020.06.30,5340.0,160.0,5380.0,5380.0,5255.0,6332.0
2020.06.29,5180.0,-170.0,5130.0,5275.0,5130.0,33501.0
2020.06.26,5350.0,-10.0,5500.0,5500.0,5350.0,18944.0
2020.06.25,5360.0,-295.0,5470.0,5470.0,5170.0,46926.0
2020.06.24,5655.0,-40.0,5655.0,5690.0,5630.0,34061.0
2020.06.23,5695.0,-20.0,5800.0,5800.0,5660.0,13638.0
2020.06.22,5715.0,-45.0,5760.0,5760.0,5685.0,28175.0
2020.06.19,5760.0,90.0,5745.0,5775.0,5705.0,43301.0
2020.06.18,5670.0,-40.0,5655.0,5670.0,5550.0,27553.0
2020.06.17,5710.0,5.0,5800.0,5845.0,5700.0,30769.0
2020.06.16,5705.0,225.0,5675.0,5715.0,5600.0,101398.0
2020.06.15,5480.0,-50.0,5355.0,5620.0,5355.0,127413.0
2020.06.12,5530.0,-410.0,5400.0,5570.0,5350.0,150315.0
2020.06.11,5940.0,-395.0,6035.0,6090.0,5910.0,177743.0
2020.06.10,6335.0,-110.0,6365.0,6365.0,6210.0,48784.0
2020.06.09,6445.0,150.0,6445.0,6750.0,6430.0,110242.0
2020.06.08,6295.0,315.0,6280.0,6295.0,6200.0,71737.0
2020.06.05,5980.0,60.0,5890.0,5990.0,5805.0,115242.0
2020.06.04,5920.0,95.0,5885.0,5965.0,5845.0,55613.0
2020.06.03,5825.0,145.0,5770.0,5840.0,5770.0,138089.0
2020.06.02,5680.0,40.0,5670.0,5735.0,5655.0,32997.0
2020.06.01,5640.0,-65.0,5785.0,5785.0,5630.0,102472.0
2020.05.29,5705.0,-35.0,5695.0,5720.0,5635.0,41018.0
2020.05.28,5740.0,5.0,5770.0,5780.0,5675.0,48052.0
2020.05.27,5735.0,25.0,5710.0,5735.0,5680.0,125609.0
2020.05.26,5710.0,110.0,5610.0,5710.0,5600.0,69047.0
2020.05.25,5600.0,120.0,5510.0,5640.0,5480.0,82762.0
2020.05.22,5480.0,-125.0,5625.0,5625.0,5480.0,62421.0
2020.05.21,5605.0,125.0,5540.0,5610.0,5540.0,114565.0
2020.05.20,5480.0,-10.0,5440.0,5485.0,5350.0,34244.0
2020.05.19,5490.0,210.0,5450.0,5575.0,5450.0,135309.0
2020.05.18,5280.0,-25.0,5310.0,5375.0,5210.0,86472.0
2020.05.15,5305.0,85.0,5385.0,5385.0,5235.0,59297.0
2020.05.14,5220.0,-210.0,5330.0,5330.0,5190.0,76794.0
2020.05.13,5430.0,-80.0,5500.0,5500.0,5325.0,63491.0
2020.05.12,5510.0,-75.0,5710.0,5710.0,5480.0,61215.0
2020.05.11,5585.0,175.0,5530.0,5645.0,5530.0,113835.0
2020.05.08,5410.0,115.0,5355.0,5450.0,5355.0,122724.0
2020.05.07,5295.0,-200.0,5475.0,5475.0,5290.0,109747.0
2020.05.06,5495.0,230.0,5615.0,5620.0,5450.0,93157.0
2020.05.04,5265.0,-135.0,5080.0,5305.0,5080.0,58004.0
2020.04.29,5400.0,380.0,5115.0,5405.0,5115.0,215826.0
2020.04.28,5020.0,-130.0,5220.0,5220.0,5020.0,70373.0
2020.04.27,5150.0,-15.0,5330.0,5330.0,5150.0,47947.0
2020.04.24,5165.0,125.0,5290.0,5290.0,5110.0,101956.0
2020.04.23,5040.0,330.0,4810.0,5040.0,4810.0,215470.0
2020.04.22,4710.0,-140.0,4690.0,4750.0,4645.0,78002.0
2020.04.21,4850.0,50.0,4790.0,4920.0,4650.0,81714.0
2020.04.20,4800.0,155.0,4850.0,4890.0,4795.0,122738.0
2020.04.17,4645.0,-130.0,4565.0,4660.0,4565.0,201659.0
2020.04.16,4775.0,-220.0,4880.0,4880.0,4735.0,66646.0
2020.04.14,4995.0,-35.0,5030.0,5030.0,4920.0,68448.0
2020.04.13,5030.0,25.0,4940.0,5045.0,4940.0,81817.0
2020.04.10,5005.0,-20.0,5025.0,5045.0,4795.0,57603.0
2020.04.09,5025.0,310.0,4850.0,5095.0,4850.0,115586.0
2020.04.08,4715.0,60.0,4655.0,4715.0,4655.0,44024.0
2020.04.07,4655.0,-135.0,4910.0,4930.0,4615.0,57593.0
2020.04.06,4790.0,415.0,4500.0,4790.0,4360.0,57737.0
2020.04.03,4375.0,-25.0,4790.0,4790.0,4375.0,60010.0
2020.04.02,4400.0,105.0,4535.0,4635.0,4125.0,68797.0
2020.04.01,4295.0,-40.0,4335.0,4335.0,4255.0,7437.0
2020.03.31,4335.0,160.0,4175.0,4400.0,4175.0,4974.0
2020.03.30,4175.0,-140.0,4200.0,4200.0,4020.0,14892.0
2020.03.27,4315.0,50.0,4600.0,4600.0,4315.0,13023.0
2020.03.26,4265.0,35.0,4320.0,4320.0,4235.0,20422.0
2020.03.25,4230.0,335.0,4200.0,4250.0,4100.0,25013.0
2020.03.24,3895.0,25.0,3870.0,3955.0,3870.0,10782.0
2020.03.23,3870.0,-35.0,3500.0,3915.0,3500.0,13889.0
2020.03.20,3905.0,205.0,3950.0,3960.0,3800.0,17926.0
2020.03.19,3700.0,-310.0,4050.0,4050.0,3555.0,40937.0
2020.03.18,4010.0,-215.0,4225.0,4225.0,4010.0,4054.0
2020.03.17,4225.0,50.0,4000.0,4300.0,4000.0,14652.0
2020.03.16,4175.0,-50.0,4300.0,4445.0,4175.0,26026.0
2020.03.13,4225.0,-475.0,4320.0,4385.0,4025.0,24375.0
2020.03.12,4700.0,-265.0,4900.0,4900.0,4620.0,26029.0
2020.03.11,4965.0,-170.0,5140.0,5140.0,4890.0,94203.0
2020.03.10,5135.0,-770.0,5430.0,5430.0,4680.0,206528.0
2020.03.09,5905.0,-295.0,5850.0,5950.0,5805.0,11593.0
2020.03.06,6200.0,-125.0,6250.0,6250.0,6170.0,2629.0
2020.03.05,6325.0,55.0,6350.0,6400.0,6325.0,9761.0
2020.03.04,6270.0,-235.0,6400.0,6400.0,6210.0,16124.0
2020.03.03,6505.0,200.0,6575.0,6575.0,6410.0,3494.0
2020.03.02,6305.0,-55.0,6325.0,6390.0,6305.0,7009.0
2020.02.28,6360.0,-370.0,6650.0,6650.0,6290.0,3892.0
2020.02.27,6730.0,-190.0,6800.0,6800.0,6650.0,4513.0
2020.02.26,6920.0,-280.0,7165.0,7165.0,6910.0,2240.0
2020.02.25,7200.0,-350.0,7255.0,7255.0,7170.0,3231.0
2020.02.24,7550.0,-30.0,7535.0,7565.0,7520.0,2170.0
2020.02.21,7580.0,-5.0,7580.0,7615.0,7550.0,2292.0
2020.02.20,7585.0,150.0,7515.0,7600.0,7485.0,3723.0
2020.02.19,7435.0,-60.0,7430.0,7445.0,7370.0,4659.0
2020.02.18,7495.0,55.0,7440.0,7495.0,7440.0,4765.0
2020.02.17,7440.0,-30.0,7375.0,7445.0,7375.0,1475.0
2020.02.14,7470.0,-60.0,7510.0,7510.0,7470.0,48.0
2020.02.13,7530.0,140.0,7470.0,7530.0,7455.0,7239.0
2020.02.12,7390.0,40.0,7365.0,7430.0,7365.0,3916.0
2020.02.11,7350.0,-85.0,7390.0,7390.0,7330.0,3419.0
2020.02.10,7435.0,-55.0,7480.0,7485.0,7420.0,304.0
2020.02.07,7490.0,-45.0,7500.0,7500.0,7430.0,740.0
2020.02.06,7535.0,210.0,7435.0,7560.0,7435.0,2672.0
2020.02.05,7325.0,45.0,7310.0,7330.0,7310.0,1778.0
2020.02.04,7280.0,-140.0,7405.0,7405.0,7270.0,1365.0
2020.02.03,7420.0,-190.0,7465.0,7465.0,7405.0,545.0
2020.01.31,7610.0,85.0,7615.0,7615.0,7550.0,3108.0
2020.01.30,7525.0,-40.0,7500.0,7525.0,7475.0,113.0
2020.01.29,7565.0,45.0,7520.0,7565.0,7520.0,434.0
2020.01.28,7520.0,-280.0,7760.0,7760.0,7465.0,583.0
2020.01.23,7800.0,-35.0,7825.0,7825.0,7790.0,376.0
2020.01.22,7835.0,-120.0,7890.0,7890.0,7835.0,414.0
2020.01.21,7955.0,30.0,7900.0,8000.0,7895.0,1793.0
2020.01.20,7925.0,-85.0,7975.0,7975.0,7915.0,633.0
2020.01.17,8010.0,-10.0,8020.0,8030.0,8005.0,26.0
2020.01.16,8020.0,45.0,8010.0,8020.0,7935.0,1105.0
2020.01.15,7975.0,10.0,8070.0,8070.0,7975.0,1426.0
2020.01.14,7965.0,10.0,7925.0,8020.0,7925.0,2034.0
2020.01.13,7955.0,-160.0,7980.0,8050.0,7950.0,2483.0
2020.01.10,8115.0,110.0,8040.0,8115.0,8040.0,5531.0
2020.01.09,8005.0,-245.0,8325.0,8325.0,7980.0,4535.0
2020.01.08,8250.0,65.0,8260.0,8300.0,8195.0,12427.0
2020.01.07,8185.0,-20.0,8210.0,8245.0,8175.0,356.0
2020.01.06,8205.0,5.0,8205.0,8235.0,8195.0,8932.0
2020.01.03,8200.0,170.0,8085.0,8220.0,8085.0,3138.0
2020.01.02,8030.0,-30.0,8020.0,8085.0,8010.0,1579.0
2019.12.30,8060.0,-75.0,8090.0,8090.0,8030.0,2958.0
2019.12.27,8135.0,50.0,8075.0,8135.0,8065.0,1911.0
2019.12.26,8085.0,-75.0,8085.0,8145.0,8065.0,1419.0
2019.12.24,8160.0,155.0,8090.0,8160.0,8080.0,1727.0
2019.12.23,8005.0,0.0,8065.0,8075.0,7960.0,9549.0
2019.12.20,8005.0,-20.0,8030.0,8030.0,8005.0,683.0
2019.12.19,8025.0,35.0,8020.0,8025.0,8000.0,2369.0
2019.12.18,7990.0,60.0,7990.0,8000.0,7965.0,2168.0
2019.12.17,7930.0,5.0,8020.0,8030.0,7925.0,6413.0
2019.12.16,7925.0,-5.0,7945.0,7945.0,7860.0,9916.0
2019.12.13,7930.0,10.0,8020.0,8020.0,7925.0,920.0
2019.12.12,7920.0,-80.0,7900.0,7970.0,7895.0,5148.0
2019.12.11,8000.0,20.0,7910.0,8000.0,7910.0,1985.0
2019.12.10,7980.0,70.0,7895.0,7990.0,7895.0,383.0
2019.12.09,7910.0,80.0,7850.0,7990.0,7850.0,535.0
2019.12.06,7830.0,25.0,7815.0,7835.0,7750.0,520.0
2019.12.05,7805.0,100.0,7810.0,7890.0,7805.0,110.0
2019.12.04,7705.0,-80.0,7670.0,7760.0,7670.0,725.0
2019.12.03,7785.0,35.0,7770.0,7825.0,7765.0,392.0
2019.12.02,7750.0,-85.0,7800.0,7825.0,7750.0,3152.0
2019.11.29,7835.0,-45.0,7880.0,7885.0,7835.0,896.0
2019.11.28,7880.0,40.0,7840.0,7885.0,7840.0,114.0
2019.11.27,7840.0,-80.0,7825.0,7845.0,7825.0,1028.0
2019.11.26,7920.0,15.0,7900.0,7920.0,7825.0,320.0
2019.11.25,7905.0,-40.0,7910.0,7915.0,7845.0,1736.0
2019.11.22,7945.0,115.0,7935.0,7945.0,7865.0,4712.0
2019.11.21,7830.0,140.0,7700.0,7830.0,7700.0,6782.0
2019.11.20,7690.0,-105.0,7700.0,7700.0,7645.0,1081.0
2019.11.19,7795.0,-80.0,7795.0,7800.0,7760.0,594.0
2019.11.18,7875.0,85.0,7885.0,7885.0,7815.0,189.0
2019.11.15,7790.0,-105.0,7835.0,7845.0,7790.0,953.0
2019.11.14,7895.0,35.0,7885.0,7895.0,7885.0,300.0
2019.11.13,7860.0,-60.0,7915.0,7915.0,7860.0,701.0
2019.11.12,7920.0,-30.0,7855.0,7930.0,7850.0,939.0
2019.11.11,7950.0,45.0,7905.0,7955.0,7905.0,610.0
2019.11.08,7905.0,100.0,7955.0,7970.0,7885.0,16669.0
2019.11.07,7805.0,-215.0,7790.0,7865.0,7790.0,1424.0
2019.11.06,8020.0,15.0,8035.0,8035.0,7985.0,533.0
2019.11.05,8005.0,295.0,7900.0,8025.0,7900.0,13766.0
2019.11.04,7710.0,110.0,7650.0,7740.0,7650.0,5391.0
2019.11.01,7600.0,-30.0,7620.0,7650.0,7600.0,95.0
2019.10.31,7630.0,-200.0,7690.0,7690.0,7555.0,3085.0
2019.10.30,7830.0,40.0,7830.0,7850.0,7795.0,300.0
2019.10.29,7790.0,-15.0,7790.0,7795.0,7725.0,325.0
2019.10.28,7805.0,-30.0,7835.0,7865.0,7795.0,695.0
2019.10.25,7835.0,-10.0,7840.0,7840.0,7760.0,208.0
2019.10.24,7845.0,35.0,7790.0,7845.0,7790.0,164.0
2019.10.23,7810.0,125.0,7810.0,7810.0,7800.0,155.0
2019.10.22,7685.0,130.0,7625.0,7695.0,7625.0,918.0
2019.10.21,7555.0,-105.0,7630.0,7630.0,7555.0,472.0
2019.10.18,7660.0,-20.0,7655.0,7660.0,7605.0,287.0
2019.10.17,7680.0,-120.0,7705.0,7705.0,7675.0,819.0
2019.10.16,7800.0,45.0,7785.0,7800.0,7785.0,49.0
2019.10.15,7755.0,55.0,7760.0,7760.0,7745.0,6712.0
2019.10.14,7700.0,15.0,7690.0,7760.0,7680.0,740.0
2019.10.11,7685.0,55.0,7700.0,7700.0,7660.0,782.0
2019.10.10,7630.0,-40.0,7650.0,7655.0,7595.0,3525.0
2019.10.08,7670.0,-100.0,7695.0,7695.0,7640.0,678.0
2019.10.07,7770.0,60.0,7760.0,7775.0,7690.0,1190.0
2019.10.04,7710.0,-100.0,7760.0,7760.0,7705.0,860.0
2019.10.02,7810.0,-160.0,7900.0,7900.0,7800.0,535.0
2019.10.01,7970.0,-100.0,8020.0,8020.0,7935.0,655.0
2019.09.30,8070.0,-20.0,8080.0,8080.0,8070.0,413.0
2019.09.27,8090.0,-40.0,8090.0,8105.0,8020.0,806.0
2019.09.26,8130.0,-40.0,8115.0,8200.0,8115.0,499.0
2019.09.25,8170.0,-70.0,8080.0,8180.0,8080.0,466.0
2019.09.24,8240.0,35.0,8230.0,8245.0,8200.0,168.0
2019.09.23,8205.0,65.0,8175.0,8230.0,8175.0,231.0
2019.09.20,8140.0,-65.0,8220.0,8245.0,8140.0,2026.0
2019.09.19,8205.0,-10.0,8200.0,8270.0,8200.0,4080.0
2019.09.18,8215.0,-130.0,8300.0,8300.0,8205.0,8512.0
2019.09.17,8345.0,125.0,8350.0,8410.0,8320.0,13048.0
2019.09.16,8220.0,120.0,8165.0,8235.0,8120.0,67072.0
2019.09.11,8100.0,45.0,8055.0,8100.0,8055.0,2637.0
2019.09.10,8055.0,215.0,7970.0,8055.0,7965.0,687.0
2019.09.09,7840.0,-35.0,7875.0,7875.0,7840.0,860.0
2019.09.06,7875.0,60.0,7825.0,7890.0,7825.0,28.0
2019.09.05,7815.0,40.0,7800.0,7815.0,7800.0,105.0
2019.09.04,7775.0,-80.0,7700.0,7775.0,7700.0,818.0
2019.09.03,7855.0,35.0,7860.0,7860.0,7850.0,2610.0
2019.09.02,7820.0,60.0,7830.0,7830.0,7745.0,298.0
2019.08.30,7760.0,70.0,7755.0,7800.0,7755.0,4.0
2019.08.29,7690.0,155.0,7665.0,7690.0,7665.0,22.0
2019.08.28,7535.0,-75.0,7535.0,7535.0,7535.0,17.0
2019.08.27,7610.0,35.0,7665.0,7670.0,7610.0,870.0
2019.08.26,7575.0,-295.0,7655.0,7660.0,7575.0,1459.0
2019.08.23,7870.0,55.0,7875.0,7880.0,7865.0,302.0
2019.08.22,7815.0,15.0,7800.0,7815.0,7800.0,136.0
2019.08.21,7800.0,-115.0,7835.0,7840.0,7775.0,249.0
2019.08.20,7915.0,170.0,7770.0,7940.0,7770.0,37600.0
2019.08.19,7745.0,80.0,7745.0,7745.0,7740.0,96.0
2019.08.16,7665.0,-380.0,7620.0,7690.0,7620.0,472.0
2019.08.14,8045.0,35.0,8030.0,8050.0,8030.0,72.0
2019.08.13,8010.0,-90.0,8000.0,8010.0,7995.0,22.0
2019.08.12,8100.0,-60.0,8075.0,8105.0,8075.0,322.0
2019.08.09,8160.0,235.0,8100.0,8165.0,8090.0,273.0
2019.08.08,7925.0,-100.0,7960.0,7960.0,7925.0,198.0
2019.08.07,8025.0,60.0,8015.0,8025.0,7955.0,105.0
2019.08.06,7965.0,-250.0,8050.0,8055.0,7945.0,723.0
2019.08.05,8215.0,-55.0,8210.0,8280.0,8135.0,402.0
2019.08.02,8270.0,-115.0,8255.0,8270.0,8235.0,138.0
2019.08.01,8385.0,45.0,8350.0,8390.0,8345.0,131.0
2019.07.31,8340.0,90.0,8400.0,8400.0,8325.0,451.0
2019.07.30,8250.0,-85.0,8305.0,8305.0,8235.0,147.0
2019.07.29,8335.0,-55.0,8355.0,8355.0,8280.0,5840.0
2019.07.26,8390.0,-60.0,8385.0,8395.0,8335.0,475.0
2019.07.25,8450.0,40.0,8455.0,8460.0,8395.0,320.0
2019.07.24,8410.0,10.0,8425.0,8430.0,8405.0,145.0
2019.07.23,8400.0,45.0,8380.0,8400.0,8330.0,651.0
2019.07.22,8355.0,70.0,8350.0,8355.0,8300.0,381.0
2019.07.19,8285.0,-30.0,8210.0,8290.0,8195.0,284.0
2019.07.18,8315.0,-85.0,8360.0,8360.0,8255.0,1540.0
2019.07.17,8400.0,-25.0,8430.0,8430.0,8390.0,477.0
2019.07.16,8425.0,-160.0,8520.0,8520.0,8425.0,591.0
2019.07.15,8585.0,100.0,8580.0,8585.0,8505.0,1281.0
2019.07.12,8485.0,55.0,8525.0,8535.0,8465.0,1673.0
2019.07.11,8430.0,-10.0,8485.0,8490.0,8430.0,405.0
2019.07.10,8440.0,75.0,8365.0,8445.0,8365.0,912.0
2019.07.09,8365.0,5.0,8360.0,8410.0,8350.0,373.0
2019.07.08,8360.0,25.0,8380.0,8415.0,8335.0,4573.0
2019.07.05,8335.0,-5.0,8340.0,8340.0,8285.0,133.0
2019.07.04,8340.0,45.0,8325.0,8340.0,8295.0,2034.0
2019.07.03,8295.0,-50.0,8275.0,8300.0,8255.0,3788.0
2019.07.02,8345.0,25.0,8315.0,8395.0,8315.0,9848.0
2019.07.01,8320.0,90.0,8300.0,8340.0,8255.0,202.0
2019.06.28,8230.0,-75.0,8275.0,8275.0,8200.0,63.0
2019.06.27,8305.0,130.0,8295.0,8310.0,8230.0,382.0
2019.06.26,8175.0,-55.0,8180.0,8195.0,8120.0,9029.0
2019.06.25,8230.0,-50.0,8220.0,8230.0,8200.0,387.0
2019.06.24,8280.0,-5.0,8390.0,8390.0,8265.0,3732.0
2019.06.21,8285.0,175.0,8210.0,8300.0,8210.0,331.0
2019.06.20,8110.0,-65.0,8210.0,8210.0,8065.0,368.0
2019.06.19,8175.0,55.0,8200.0,8235.0,8165.0,516.0
2019.06.18,8120.0,10.0,8120.0,8180.0,8105.0,1446.0
2019.06.17,8110.0,-45.0,8105.0,8110.0,8050.0,162.0
2019.06.14,8155.0,105.0,8130.0,8165.0,8090.0,293.0
2019.06.13,8050.0,-100.0,8100.0,8100.0,8045.0,15.0
2019.06.12,8150.0,75.0,8140.0,8150.0,8140.0,22.0
2019.06.11,8075.0,-70.0,8140.0,8160.0,8065.0,141.0
2019.06.10,8145.0,70.0,8100.0,8150.0,8100.0,251.0
2019.06.07,8075.0,40.0,8075.0,8080.0,8065.0,159.0
2019.06.05,8035.0,110.0,8030.0,8035.0,8030.0,83.0
2019.06.04,7925.0,105.0,7825.0,7925.0,7825.0,53.0
2019.06.03,7820.0,-180.0,7980.0,7980.0,7795.0,166.0
2019.05.31,8000.0,-85.0,8000.0,8010.0,7990.0,93.0
2019.05.30,8085.0,-70.0,8105.0,8105.0,8070.0,295.0
2019.05.29,8155.0,5.0,8155.0,8155.0,8155.0,15.0
2019.05.28,8150.0,-40.0,8195.0,8220.0,8145.0,450.0
2019.05.27,8190.0,-15.0,8205.0,8210.0,8180.0,902.0
2019.05.24,8205.0,-270.0,8145.0,8220.0,8140.0,691.0
2019.05.23,8475.0,-155.0,8420.0,8490.0,8420.0,817.0
2019.05.22,8630.0,80.0,8630.0,8630.0,8580.0,434.0
2019.05.21,8550.0,10.0,8550.0,8555.0,8495.0,135.0
2019.05.20,8540.0,-40.0,8535.0,8550.0,8525.0,177.0
2019.05.17,8580.0,65.0,8545.0,8610.0,8540.0,4897.0
2019.05.16,8515.0,-20.0,8535.0,8535.0,8510.0,863.0
2019.05.15,8535.0,125.0,8530.0,8540.0,8465.0,763.0
2019.05.14,8410.0,-80.0,8435.0,8435.0,8405.0,88.0
2019.05.13,8490.0,75.0,8475.0,8545.0,8465.0,201.0
2019.05.10,8415.0,-10.0,8485.0,8500.0,8405.0,702.0
2019.05.09,8425.0,35.0,8385.0,8450.0,8385.0,1826.0
2019.05.08,8390.0,-70.0,8435.0,8435.0,8365.0,430.0
2019.05.07,8460.0,85.0,8420.0,8480.0,8420.0,214.0
2019.05.03,8375.0,-125.0,8455.0,8455.0,8340.0,751.0
2019.05.02,8500.0,-175.0,8675.0,8675.0,8455.0,318.0
2019.04.30,8675.0,35.0,8640.0,8705.0,8635.0,251.0
2019.04.29,8640.0,-155.0,8730.0,8730.0,8610.0,931.0
2019.04.26,8795.0,-15.0,8785.0,8805.0,8730.0,888.0
2019.04.25,8810.0,-35.0,8745.0,8810.0,8735.0,950.0
2019.04.24,8845.0,5.0,8860.0,8895.0,8800.0,3351.0
2019.04.23,8840.0,205.0,8880.0,8880.0,8800.0,1971.0
2019.04.22,8635.0,-5.0,8585.0,8690.0,8580.0,405.0
2019.04.19,8640.0,25.0,8610.0,8640.0,8610.0,84.0
2019.04.18,8615.0,0.0,8665.0,8685.0,8595.0,5646.0
2019.04.17,8615.0,35.0,8620.0,8700.0,8615.0,278.0
2019.04.16,8580.0,-85.0,8560.0,8630.0,8560.0,84.0
2019.04.15,8665.0,45.0,8675.0,8675.0,8615.0,1169.0
2019.04.12,8620.0,-65.0,8700.0,8700.0,8620.0,601.0
2019.04.11,8685.0,45.0,8680.0,8700.0,8645.0,93.0
2019.04.10,8640.0,-130.0,8700.0,8700.0,8640.0,671.0
2019.04.09,8770.0,80.0,8710.0,8775.0,8710.0,41.0
2019.04.08,8690.0,140.0,8705.0,8750.0,8650.0,5633.0
2019.04.05,8550.0,75.0,8500.0,8550.0,8500.0,111.0
2019.04.04,8475.0,-55.0,8445.0,8480.0,8440.0,8800.0
2019.04.03,8530.0,-65.0,8555.0,8555.0,8475.0,3505.0
2019.04.02,8595.0,185.0,8460.0,8600.0,8460.0,2420.0
2019.04.01,8410.0,-20.0,8475.0,8475.0,8390.0,2684.0
2019.03.29,8430.0,20.0,8480.0,8495.0,8430.0,33.0
2019.03.28,8410.0,-55.0,8450.0,8450.0,8410.0,24912.0
2019.03.27,8465.0,90.0,8470.0,8530.0,8465.0,1671.0
2019.03.26,8375.0,25.0,8380.0,8380.0,8320.0,460.0
2019.03.25,8350.0,-210.0,8345.0,8405.0,8345.0,427.0
2019.03.22,8560.0,110.0,8525.0,8595.0,8525.0,114.0
2019.03.21,8450.0,45.0,8445.0,8515.0,8445.0,338.0
2019.03.20,8405.0,-25.0,8450.0,8450.0,8405.0,162.0
2019.03.19,8430.0,40.0,8470.0,8485.0,8425.0,329.0
2019.03.18,8390.0,20.0,8350.0,8395.0,8330.0,198.0
2019.03.15,8370.0,30.0,8405.0,8425.0,8335.0,818.0
2019.03.14,8340.0,50.0,8375.0,8380.0,8325.0,2477.0
2019.03.13,8290.0,65.0,8270.0,8295.0,8270.0,49.0
2019.03.12,8225.0,100.0,8275.0,8275.0,8170.0,60.0
2019.03.11,8125.0,-115.0,8090.0,8135.0,8065.0,395.0
2019.03.08,8240.0,-60.0,8265.0,8295.0,8235.0,82052.0
2019.03.07,8300.0,-70.0,8260.0,8300.0,8250.0,240.0
2019.03.06,8370.0,-40.0,8395.0,8395.0,8340.0,1121.0
2019.03.05,8410.0,50.0,8380.0,8415.0,8370.0,151.0
2019.03.04,8360.0,95.0,8345.0,8400.0,8345.0,126.0
2019.02.28,8265.0,0.0,8275.0,8295.0,8250.0,81.0
2019.02.27,8265.0,-5.0,8265.0,8265.0,8260.0,181.0
2019.02.26,8270.0,-30.0,8225.0,8295.0,8225.0,5728.0
2019.02.25,8300.0,0.0,8295.0,8300.0,8245.0,373.0
2019.02.22,8300.0,-100.0,8315.0,8315.0,8235.0,4217.0
2019.02.21,8400.0,25.0,8380.0,8415.0,8365.0,154.0
2019.02.20,8375.0,45.0,8385.0,8385.0,8320.0,2161.0
2019.02.19,8330.0,20.0,8315.0,8395.0,8315.0,263.0
2019.02.18,8310.0,110.0,8310.0,8365.0,8300.0,429.0
2019.02.15,8200.0,-30.0,8205.0,8270.0,8200.0,896.0
2019.02.14,8230.0,150.0,8160.0,8235.0,8160.0,2678.0
2019.02.13,8080.0,80.0,8115.0,8115.0,8070.0,50.0
2019.02.12,8000.0,0.0,8030.0,8035.0,7975.0,92.0
2019.02.11,8000.0,-20.0,7990.0,8005.0,7935.0,332.0
2019.02.08,8020.0,-140.0,8060.0,8065.0,7975.0,7523.0
2019.02.07,8160.0,90.0,8150.0,8210.0,8150.0,380.0
2019.02.01,8070.0,105.0,8030.0,8075.0,8005.0,152.0
2019.01.31,7965.0,110.0,7915.0,7985.0,7910.0,8819.0
2019.01.30,7855.0,-25.0,7910.0,7910.0,7855.0,10038.0
2019.01.29,7880.0,-40.0,7900.0,7905.0,7815.0,6034.0
2019.01.28,7920.0,15.0,7980.0,7980.0,7920.0,711.0
2019.01.25,7905.0,0.0,7885.0,7945.0,7880.0,500.0
2019.01.24,7905.0,-70.0,7885.0,7910.0,7850.0,205.0
2019.01.23,7975.0,-205.0,7930.0,7975.0,7930.0,390.0
2019.01.22,8180.0,80.0,8105.0,8180.0,8105.0,260.0
2019.01.21,8100.0,145.0,8040.0,8150.0,8040.0,524.0
2019.01.18,7955.0,65.0,8000.0,8000.0,7900.0,115.0
2019.01.17,7890.0,65.0,7825.0,7890.0,7815.0,326.0
2019.01.16,7825.0,-35.0,7865.0,7910.0,7825.0,1115.0
2019.01.15,7860.0,-35.0,7810.0,7865.0,7810.0,431.0
2019.01.14,7895.0,-10.0,7870.0,7900.0,7815.0,10203.0
2019.01.11,7905.0,80.0,7920.0,7925.0,7905.0,1089.0
2019.01.10,7825.0,50.0,7900.0,7900.0,7825.0,308.0
2019.01.09,7775.0,105.0,7795.0,7800.0,7775.0,12156.0
2019.01.08,7670.0,125.0,7675.0,7745.0,7645.0,497.0
2019.01.07,7545.0,175.0,7700.0,7700.0,7545.0,248.0
2019.01.04,7370.0,-70.0,7425.0,7425.0,7335.0,2092.0
2019.01.03,7440.0,210.0,7475.0,7490.0,7440.0,301.0
2019.01.02,7230.0,-60.0,7270.0,7285.0,7205.0,743.0
2018.12.28,7290.0,40.0,7245.0,7310.0,7245.0,183.0
2018.12.27,7250.0,375.0,7075.0,7285.0,7075.0,6400.0
2018.12.26,6875.0,-285.0,6880.0,6890.0,6805.0,15008.0
2018.12.24,7160.0,-60.0,7175.0,7180.0,7150.0,254.0
2018.12.21,7220.0,-200.0,7220.0,7240.0,7210.0,397.0
2018.12.20,7420.0,-100.0,7475.0,7475.0,7410.0,463.0
2018.12.19,7520.0,-225.0,7575.0,7575.0,7470.0,6000.0
2018.12.18,7745.0,-155.0,7760.0,7760.0,7715.0,188.0
2018.12.17,7900.0,-185.0,7885.0,7905.0,7840.0,331.0
2018.12.14,8085.0,125.0,7955.0,8085.0,7955.0,1528.0
2018.12.13,7960.0,-50.0,8020.0,8020.0,7960.0,216.0
2018.12.12,8010.0,0.0,7940.0,8010.0,7930.0,12482.0
2018.12.11,8010.0,-115.0,8015.0,8020.0,7950.0,150.0
2018.12.10,8125.0,0.0,8105.0,8125.0,8040.0,300.0
2018.12.07,8125.0,-135.0,8115.0,8125.0,8085.0,91.0
2018.12.06,8260.0,20.0,8240.0,8265.0,8170.0,1999.0
2018.12.05,8240.0,-120.0,8135.0,8240.0,8135.0,168.0
2018.12.04,8360.0,85.0,8420.0,8420.0,8360.0,28938.0
2018.12.03,8275.0,-85.0,8310.0,8310.0,8275.0,49367.0
2018.11.30,8360.0,120.0,8375.0,8375.0,8285.0,659.0
2018.11.29,8240.0,80.0,8335.0,8340.0,8240.0,2040.0
2018.11.28,8160.0,-110.0,8230.0,8230.0,8160.0,22.0
2018.11.27,8270.0,145.0,8230.0,8270.0,8230.0,3047.0
2018.11.26,8125.0,-290.0,8140.0,8140.0,8080.0,3862.0
2018.11.23,8415.0,85.0,8405.0,8415.0,8400.0,33.0
2018.11.22,8330.0,50.0,8420.0,8420.0,8320.0,5409.0
2018.11.21,8280.0,-245.0,8220.0,8300.0,8220.0,267.0
2018.11.20,8525.0,35.0,8470.0,8540.0,8470.0,9249.0
2018.11.19,8490.0,25.0,8720.0,8720.0,8455.0,525.0
2018.11.16,8465.0,125.0,8450.0,8470.0,8410.0,9081.0
2018.11.15,8340.0,-45.0,8360.0,8365.0,8300.0,7376.0
2018.11.14,8385.0,-190.0,8375.0,8385.0,8310.0,6190.0
2018.11.13,8575.0,-195.0,8570.0,8585.0,8540.0,6077.0
2018.11.12,8770.0,15.0,8680.0,8770.0,8680.0,5248.0
2018.11.09,8755.0,-50.0,8640.0,8755.0,8640.0,5098.0
2018.11.08,8805.0,35.0,8775.0,8880.0,8775.0,5385.0
2018.11.07,8770.0,95.0,8690.0,8770.0,8690.0,487.0
2018.11.06,8675.0,75.0,8695.0,8735.0,8655.0,849.0
2018.11.05,8600.0,20.0,8525.0,8605.0,8515.0,264.0
2018.11.02,8580.0,-55.0,8575.0,8635.0,8575.0,60.0
2018.11.01,8635.0,95.0,8675.0,8675.0,8595.0,23.0
2018.10.31,8540.0,120.0,8615.0,8615.0,8540.0,53.0
2018.10.30,8420.0,-170.0,8460.0,8460.0,8420.0,1108.0
2018.10.29,8590.0,-95.0,8600.0,8600.0,8515.0,330.0
2018.10.26,8685.0,150.0,8600.0,8685.0,8595.0,418.0
2018.10.25,8535.0,-290.0,8690.0,8690.0,8450.0,16329.0
2018.10.24,8825.0,-285.0,8855.0,8855.0,8770.0,278.0
2018.10.23,9110.0,-25.0,9085.0,9110.0,9060.0,58.0
2018.10.22,9135.0,-55.0,9155.0,9155.0,9110.0,402.0
2018.10.19,9190.0,-125.0,9280.0,9295.0,9155.0,664.0
2018.10.18,9315.0,25.0,9265.0,9315.0,9265.0,262.0
2018.10.17,9290.0,50.0,9400.0,9400.0,9290.0,305.0
2018.10.16,9240.0,-55.0,9250.0,9250.0,9235.0,117.0
2018.10.15,9295.0,-30.0,9325.0,9375.0,9295.0,1351.0
2018.10.12,9325.0,-310.0,9520.0,9520.0,9300.0,368.0
2018.10.11,9635.0,-275.0,9890.0,9890.0,9600.0,11548.0
2018.10.10,9910.0,100.0,9920.0,10005.0,9890.0,2948.0
2018.10.08,9810.0,15.0,9800.0,9900.0,9790.0,3794.0
2018.10.05,9795.0,-55.0,9800.0,9875.0,9790.0,7904.0
2018.10.04,9850.0,160.0,9740.0,9925.0,9740.0,14587.0
2018.10.02,9690.0,240.0,9690.0,9710.0,9620.0,451.0
2018.10.01,9450.0,0.0,9515.0,9525.0,9445.0,514.0
2018.09.28,9450.0,-25.0,9565.0,9575.0,9450.0,617.0
2018.09.27,9475.0,60.0,9445.0,9595.0,9445.0,1806.0
2018.09.21,9415.0,20.0,9450.0,9450.0,9350.0,320.0
2018.09.20,9395.0,40.0,9445.0,9475.0,9395.0,329.0
2018.09.19,9355.0,20.0,9385.0,9450.0,9350.0,580.0
2018.09.18,9335.0,-50.0,9365.0,9410.0,9335.0,1523.0
2018.09.17,9385.0,95.0,9290.0,9415.0,9290.0,1405.0
2018.09.14,9290.0,-35.0,9230.0,9300.0,9220.0,2442.0
2018.09.13,9325.0,-5.0,9310.0,9325.0,9300.0,473.0
2018.09.12,9330.0,165.0,9210.0,9330.0,9210.0,577.0
2018.09.11,9165.0,-75.0,9165.0,9190.0,9120.0,1584.0
2018.09.10,9240.0,45.0,9160.0,9250.0,9160.0,241.0
2018.09.07,9195.0,-95.0,9110.0,9195.0,9110.0,101.0
2018.09.06,9290.0,5.0,9260.0,9330.0,9260.0,107.0
2018.09.05,9285.0,-5.0,9345.0,9345.0,9250.0,540.0
2018.09.04,9290.0,65.0,9320.0,9340.0,9270.0,513.0
2018.09.03,9225.0,-150.0,9315.0,9315.0,9220.0,2232.0
2018.08.31,9375.0,50.0,9325.0,9375.0,9325.0,136.0
2018.08.30,9325.0,-5.0,9385.0,9385.0,9305.0,1964.0
2018.08.29,9330.0,-30.0,9270.0,9335.0,9255.0,3450.0
2018.08.28,9360.0,85.0,9300.0,9400.0,9300.0,2340.0
2018.08.27,9275.0,-55.0,9375.0,9375.0,9275.0,1107.0
2018.08.24,9330.0,-35.0,9360.0,9360.0,9325.0,55.0
2018.08.23,9365.0,160.0,9330.0,9370.0,9290.0,443.0
2018.08.22,9205.0,75.0,9270.0,9270.0,9205.0,147.0
2018.08.21,9130.0,15.0,9130.0,9215.0,9130.0,238.0
2018.08.20,9115.0,-55.0,9100.0,9150.0,9090.0,969.0
2018.08.17,9170.0,0.0,9205.0,9205.0,9160.0,274.0
2018.08.16,9170.0,-270.0,9250.0,9250.0,9135.0,365.0
2018.08.14,9440.0,-200.0,9575.0,9575.0,9430.0,1869.0
2018.08.13,9640.0,170.0,9625.0,9650.0,9565.0,143.0
2018.08.10,9470.0,20.0,9510.0,9520.0,9435.0,599.0
2018.08.09,9450.0,-100.0,9470.0,9560.0,9450.0,492.0
2018.08.08,9550.0,-5.0,9535.0,9630.0,9535.0,2428.0
2018.08.07,9555.0,-15.0,9620.0,9630.0,9555.0,971.0
2018.08.06,9570.0,-5.0,9580.0,9585.0,9560.0,596.0
2018.08.03,9575.0,-70.0,9595.0,9660.0,9575.0,10383.0
2018.08.02,9645.0,-50.0,9630.0,9645.0,9575.0,250.0
2018.08.01,9695.0,0.0,9730.0,9730.0,9655.0,14037.0
2018.07.31,9695.0,75.0,9685.0,9765.0,9670.0,9613.0
2018.07.30,9620.0,-120.0,9680.0,9680.0,9580.0,5896.0
2018.07.27,9740.0,150.0,9700.0,9760.0,9665.0,2763.0
2018.07.26,9590.0,45.0,9565.0,9670.0,9565.0,1163.0
2018.07.25,9545.0,-15.0,9650.0,9650.0,9545.0,2138.0
2018.07.24,9560.0,-20.0,9580.0,9580.0,9500.0,1106.0
2018.07.23,9580.0,-5.0,9520.0,9580.0,9465.0,4256.0
2018.07.20,9585.0,35.0,9655.0,9675.0,9585.0,508.0
2018.07.19,9550.0,5.0,9535.0,9630.0,9535.0,108.0
2018.07.18,9545.0,-35.0,9595.0,9600.0,9515.0,122.0
2018.07.17,9580.0,-170.0,9625.0,9630.0,9510.0,668.0
2018.07.16,9750.0,120.0,9670.0,9750.0,9660.0,1966.0
2018.07.13,9630.0,50.0,9565.0,9640.0,9560.0,3180.0
2018.07.12,9580.0,-220.0,9580.0,9690.0,9570.0,12142.0
2018.07.11,9800.0,160.0,9735.0,9800.0,9730.0,5183.0
2018.07.10,9640.0,180.0,9590.0,9680.0,9590.0,2019.0
2018.07.09,9460.0,20.0,9540.0,9545.0,9445.0,14953.0
2018.07.06,9440.0,-90.0,9530.0,9530.0,9440.0,2892.0
2018.07.05,9530.0,75.0,9425.0,9540.0,9425.0,2272.0
2018.07.04,9455.0,60.0,9535.0,9535.0,9445.0,3484.0
2018.07.03,9395.0,-160.0,9505.0,9505.0,9390.0,8410.0
2018.07.02,9555.0,20.0,9465.0,9635.0,9465.0,4833.0
2018.06.29,9535.0,-5.0,9540.0,9540.0,9470.0,1097.0
2018.06.28,9540.0,100.0,9525.0,9570.0,9520.0,5253.0
2018.06.27,9440.0,225.0,9375.0,9445.0,9355.0,1555.0
2018.06.26,9215.0,-225.0,9215.0,9315.0,9210.0,619.0
2018.06.25,9440.0,185.0,9260.0,9500.0,9260.0,32545.0
2018.06.22,9255.0,-175.0,9250.0,9255.0,9245.0,134.0
2018.06.21,9430.0,150.0,9350.0,9430.0,9340.0,1753.0
2018.06.20,9280.0,-50.0,9310.0,9375.0,9280.0,951.0
2018.06.19,9330.0,55.0,9395.0,9395.0,9295.0,6853.0
2018.06.18,9275.0,-65.0,9165.0,9280.0,9165.0,1746.0
2018.06.15,9340.0,105.0,9330.0,9340.0,9295.0,3588.0
2018.06.14,9235.0,-55.0,9235.0,9305.0,9230.0,2759.0
2018.06.12,9290.0,-5.0,9330.0,9335.0,9255.0,1439.0
2018.06.11,9295.0,-5.0,9300.0,9305.0,9215.0,2689.0
2018.06.08,9300.0,170.0,9305.0,9310.0,9260.0,1204.0
2018.06.07,9130.0,30.0,9065.0,9130.0,9065.0,56.0
2018.06.05,9100.0,-130.0,9135.0,9135.0,9100.0,576.0
2018.06.04,9230.0,10.0,9150.0,9230.0,9135.0,212.0
2018.06.01,9220.0,-10.0,9220.0,9220.0,9135.0,813.0
2018.05.31,9230.0,155.0,9235.0,9300.0,9230.0,686.0
2018.05.30,9075.0,20.0,9075.0,9075.0,9065.0,439.0
2018.05.29,9055.0,45.0,9040.0,9060.0,9040.0,526.0
2018.05.28,9010.0,-290.0,9215.0,9215.0,8950.0,1874.0
2018.05.25,9300.0,-105.0,9325.0,9325.0,9230.0,2774.0
2018.05.24,9405.0,0.0,9385.0,9475.0,9380.0,1504.0
2018.05.23,9405.0,-75.0,9455.0,9455.0,9385.0,8743.0
2018.05.21,9480.0,-50.0,9440.0,9565.0,9440.0,14721.0
2018.05.18,9530.0,125.0,9475.0,9540.0,9475.0,8388.0
2018.05.17,9405.0,35.0,9370.0,9450.0,9355.0,2843.0
2018.05.16,9370.0,55.0,9360.0,9445.0,9360.0,4938.0
2018.05.15,9315.0,120.0,9315.0,9375.0,9280.0,5135.0
2018.05.14,9195.0,-45.0,9280.0,9280.0,9180.0,7449.0
2018.05.11,9240.0,55.0,9230.0,9250.0,9220.0,2243.0
2018.05.10,9185.0,110.0,9200.0,9290.0,9185.0,10678.0
2018.05.09,9075.0,110.0,9060.0,9140.0,9055.0,6103.0
2018.05.08,8965.0,35.0,8985.0,9065.0,8965.0,2405.0
2018.05.04,8930.0,0.0,8930.0,8985.0,8930.0,1149.0
2018.05.03,8930.0,40.0,8950.0,8955.0,8920.0,1896.0
2018.05.02,8890.0,0.0,8810.0,8950.0,8810.0,2900.0
2018.04.30,8890.0,-160.0,8945.0,8945.0,8870.0,1602.0
2018.04.27,9050.0,40.0,9080.0,9135.0,9045.0,5064.0
2018.04.26,9010.0,130.0,8955.0,9020.0,8935.0,1910.0
2018.04.25,8880.0,-75.0,8840.0,8960.0,8835.0,2975.0
2018.04.24,8955.0,85.0,8960.0,9000.0,8940.0,14669.0
2018.04.23,8870.0,10.0,8915.0,8915.0,8830.0,779.0
2018.04.20,8860.0,65.0,8870.0,8930.0,8850.0,3690.0
2018.04.19,8795.0,70.0,8855.0,8855.0,8795.0,1807.0
2018.04.18,8725.0,45.0,8765.0,8765.0,8700.0,1418.0
2018.04.17,8680.0,-30.0,8700.0,8755.0,8680.0,1456.0
2018.04.16,8710.0,190.0,8620.0,8720.0,8620.0,1794.0
2018.04.13,8520.0,-5.0,8590.0,8605.0,8520.0,6705.0
2018.04.12,8525.0,110.0,8495.0,8605.0,8490.0,6232.0
2018.04.11,8415.0,210.0,8220.0,8490.0,8220.0,34506.0
2018.04.10,8205.0,25.0,8165.0,8215.0,8165.0,1297.0
2018.04.09,8180.0,-105.0,8205.0,8205.0,8130.0,546.0
2018.04.06,8285.0,150.0,8245.0,8290.0,8235.0,6148.0
2018.04.05,8135.0,70.0,8065.0,8135.0,8065.0,256.0
2018.04.04,8065.0,125.0,8080.0,8130.0,8050.0,7152.0
2018.04.03,7940.0,-175.0,7960.0,7965.0,7890.0,2419.0
2018.04.02,8115.0,-15.0,8170.0,8670.0,8040.0,33839.0
2018.03.30,8130.0,110.0,8110.0,8135.0,8110.0,386.0
2018.03.29,8020.0,-115.0,8025.0,8025.0,8000.0,572.0
2018.03.28,8135.0,-155.0,8215.0,8235.0,8125.0,711.0
2018.03.27,8290.0,65.0,8235.0,8310.0,8235.0,467.0
2018.03.26,8225.0,-50.0,8225.0,8235.0,8145.0,2097.0
2018.03.23,8275.0,-25.0,8220.0,8275.0,8190.0,614.0
2018.03.22,8300.0,135.0,8255.0,8370.0,8255.0,1960.0
2018.03.21,8165.0,95.0,8155.0,8165.0,8150.0,1286.0
2018.03.20,8070.0,-150.0,8095.0,8095.0,8030.0,4403.0
2018.03.19,8220.0,120.0,8210.0,8225.0,8145.0,1393.0
2018.03.16,8100.0,-15.0,8115.0,8125.0,8070.0,1951.0
2018.03.15,8115.0,-30.0,8140.0,8150.0,8065.0,2395.0
2018.03.14,8145.0,-45.0,8200.0,8205.0,8125.0,172.0
2018.03.13,8190.0,-50.0,8245.0,8245.0,8190.0,2422.0
2018.03.12,8240.0,105.0,8260.0,8260.0,8235.0,624.0
2018.03.09,8135.0,0.0,8130.0,8145.0,8110.0,1702.0
2018.03.08,8135.0,-65.0,8140.0,8140.0,8125.0,891.0
2018.03.07,8200.0,-50.0,8190.0,8200.0,8095.0,92.0
2018.03.06,8250.0,135.0,8215.0,8255.0,8210.0,1664.0
2018.03.05,8115.0,-55.0,8170.0,8170.0,8105.0,1477.0
2018.03.02,8170.0,-120.0,8200.0,8200.0,8100.0,961.0
2018.02.28,8290.0,-90.0,8360.0,8365.0,8265.0,763.0
2018.02.27,8380.0,5.0,8440.0,8440.0,8380.0,9318.0
2018.02.26,8375.0,140.0,8435.0,8435.0,8320.0,6969.0
2018.02.23,8235.0,55.0,8250.0,8250.0,8160.0,248.0
2018.02.22,8180.0,-85.0,8160.0,8190.0,8150.0,625.0
2018.02.21,8265.0,5.0,8260.0,8270.0,8250.0,2936.0
2018.02.20,8260.0,20.0,8260.0,8265.0,8240.0,466.0
2018.02.19,8240.0,-10.0,8280.0,8280.0,8165.0,4187.0
2018.02.14,8250.0,-90.0,8305.0,8305.0,8195.0,1286.0
2018.02.13,8340.0,150.0,8230.0,8340.0,8230.0,772.0
2018.02.12,8190.0,-95.0,8205.0,8205.0,8160.0,963.0
2018.02.09,8285.0,-230.0,8390.0,8390.0,8210.0,5447.0
2018.02.08,8515.0,-150.0,8540.0,8545.0,8500.0,2169.0
2018.02.07,8665.0,75.0,8655.0,8665.0,8600.0,958.0
2018.02.06,8590.0,-325.0,8635.0,8665.0,8560.0,5624.0
2018.02.05,8915.0,-360.0,9030.0,9030.0,8880.0,3082.0
2018.02.02,9275.0,140.0,9135.0,9275.0,9105.0,3410.0
2018.02.01,9135.0,35.0,9125.0,9140.0,8800.0,39403.0
2018.01.31,9100.0,-155.0,9150.0,9150.0,8825.0,26027.0
2018.01.30,9255.0,-150.0,9285.0,9325.0,9240.0,6000.0
2018.01.29,9405.0,60.0,9415.0,9415.0,9325.0,8764.0
2018.01.26,9345.0,35.0,9380.0,9385.0,9295.0,11908.0
2018.01.25,9310.0,-180.0,9420.0,9425.0,9310.0,4999.0
2018.01.24,9490.0,-20.0,9520.0,9540.0,9470.0,20662.0
2018.01.23,9510.0,275.0,9415.0,9515.0,9415.0,7427.0
2018.01.22,9235.0,-35.0,9300.0,9310.0,9225.0,13710.0
2018.01.19,9270.0,-50.0,9325.0,9325.0,9210.0,6155.0
2018.01.18,9320.0,20.0,9400.0,9410.0,9260.0,27742.0
2018.01.17,9300.0,-45.0,9290.0,9320.0,9150.0,17155.0
2018.01.16,9345.0,-25.0,9410.0,9415.0,9300.0,23747.0
2018.01.15,9370.0,70.0,9305.0,9380.0,9305.0,10034.0
2018.01.12,9300.0,205.0,9245.0,9300.0,9205.0,2293.0
2018.01.11,9095.0,-105.0,9125.0,9185.0,9080.0,4812.0
2018.01.10,9200.0,5.0,9195.0,9200.0,9065.0,13167.0
2018.01.09,9195.0,60.0,9170.0,9210.0,9075.0,15093.0
2018.01.08,9135.0,135.0,8990.0,9150.0,8990.0,25053.0
2018.01.05,9000.0,-45.0,9105.0,9110.0,8970.0,4450.0
2018.01.04,9045.0,125.0,8930.0,9090.0,8930.0,20812.0
2018.01.03,8920.0,170.0,8770.0,8920.0,8770.0,34088.0
2018.01.02,8750.0,20.0,8705.0,8755.0,8655.0,5946.0
2017.12.28,8730.0,-75.0,8735.0,8750.0,8705.0,926.0
2017.12.27,8805.0,-45.0,8775.0,8900.0,8775.0,2838.0
2017.12.26,8850.0,5.0,8750.0,8865.0,8750.0,3371.0
2017.12.22,8845.0,250.0,8745.0,8845.0,8735.0,6626.0
2017.12.21,8595.0,130.0,8600.0,8600.0,8585.0,1891.0
2017.12.20,8465.0,-50.0,8495.0,8575.0,8465.0,434.0
2017.12.19,8515.0,65.0,8500.0,8515.0,8490.0,5535.0
2017.12.18,8450.0,-35.0,8460.0,8555.0,8440.0,715.0
2017.12.15,8485.0,-65.0,8485.0,8575.0,8445.0,261.0
2017.12.14,8550.0,-40.0,8565.0,8570.0,8445.0,129.0
2017.12.13,8590.0,50.0,8600.0,8630.0,8500.0,121.0
2017.12.12,8540.0,-45.0,8520.0,8645.0,8510.0,1254.0
2017.12.11,8585.0,65.0,8480.0,8585.0,8480.0,1014.0
2017.12.08,8520.0,35.0,8540.0,8540.0,8410.0,805.0
2017.12.07,8485.0,-25.0,8390.0,8490.0,8390.0,138.0
2017.12.06,8510.0,-80.0,8590.0,8600.0,8505.0,164.0
2017.12.05,8590.0,25.0,8590.0,8590.0,8575.0,285.0
2017.12.04,8565.0,40.0,8550.0,8565.0,8495.0,3280.0
2017.12.01,8525.0,215.0,8440.0,8555.0,8435.0,1082.0
2017.11.30,8310.0,15.0,8375.0,8425.0,8305.0,1046.0
2017.11.29,8295.0,10.0,8345.0,8355.0,8295.0,20.0
2017.11.28,8285.0,-125.0,8320.0,8330.0,8215.0,517.0
2017.11.27,8410.0,75.0,8335.0,8415.0,8335.0,1656.0
2017.11.24,8335.0,-40.0,8365.0,8370.0,8325.0,965.0
2017.11.23,8375.0,20.0,8355.0,8395.0,8355.0,1908.0
2017.11.22,8355.0,-30.0,8370.0,8380.0,8340.0,1699.0
2017.11.21,8385.0,-65.0,8405.0,8850.0,8375.0,15657.0
2017.11.20,8450.0,120.0,8425.0,8450.0,8330.0,3490.0
2017.11.17,8330.0,-115.0,8420.0,8420.0,8325.0,2122.0
2017.11.16,8445.0,-80.0,8490.0,8490.0,8445.0,126.0
2017.11.15,8525.0,-185.0,8585.0,8635.0,8525.0,1339.0
2017.11.14,8710.0,-160.0,8735.0,8820.0,8705.0,699.0
2017.11.13,8870.0,-60.0,8870.0,8870.0,8870.0,1595.0
2017.11.10,8930.0,145.0,8940.0,8945.0,8820.0,1602.0
2017.11.09,8785.0,-115.0,8890.0,8890.0,8785.0,2186.0
2017.11.08,8900.0,80.0,8815.0,8930.0,8815.0,1055.0
2017.11.07,8820.0,120.0,8750.0,8895.0,8750.0,7388.0
2017.11.06,8700.0,95.0,8710.0,8765.0,8680.0,433.0
2017.11.03,8605.0,-140.0,8650.0,8710.0,8595.0,343.0
2017.11.02,8745.0,190.0,8745.0,8745.0,8635.0,3661.0
2017.11.01,8555.0,-110.0,8680.0,8680.0,8555.0,180.0
2017.10.31,8665.0,85.0,8590.0,8675.0,8565.0,288.0
2017.10.30,8580.0,-85.0,8675.0,8675.0,8555.0,1004.0
2017.10.27,8665.0,150.0,8540.0,8690.0,8540.0,134.0
2017.10.26,8515.0,-85.0,8580.0,8625.0,8515.0,1088.0
2017.10.25,8600.0,-75.0,8600.0,8720.0,8595.0,7722.0
2017.10.24,8675.0,30.0,8640.0,8680.0,8600.0,157.0
2017.10.23,8645.0,-110.0,8775.0,8805.0,8645.0,2588.0
2017.10.20,8755.0,30.0,8655.0,8770.0,8595.0,1134.0
2017.10.19,8725.0,35.0,8635.0,8755.0,8635.0,277.0
2017.10.18,8690.0,-15.0,8685.0,8830.0,8685.0,586.0
2017.10.17,8705.0,-90.0,8845.0,8845.0,8685.0,1285.0
2017.10.16,8795.0,55.0,8645.0,8795.0,8635.0,528.0
2017.10.13,8740.0,-15.0,8760.0,8800.0,8690.0,699.0
2017.10.12,8755.0,-30.0,8850.0,8880.0,8750.0,6337.0
2017.10.11,8785.0,45.0,8715.0,8850.0,8715.0,525.0
2017.10.10,8740.0,-180.0,8930.0,8930.0,8740.0,8040.0
2017.09.29,8920.0,25.0,8900.0,8925.0,8850.0,13307.0
2017.09.28,8895.0,125.0,8835.0,8895.0,8830.0,18950.0
2017.09.27,8770.0,-10.0,8730.0,8770.0,8730.0,4452.0
2017.09.26,8780.0,210.0,8690.0,8800.0,8690.0,17059.0
2017.09.25,8570.0,-25.0,8580.0,8700.0,8560.0,2836.0
2017.09.22,8595.0,-5.0,8585.0,8660.0,8535.0,4350.0
2017.09.21,8600.0,160.0,8600.0,8670.0,8530.0,3905.0
2017.09.20,8440.0,10.0,8520.0,8600.0,8435.0,8987.0
2017.09.19,8430.0,25.0,8510.0,8510.0,8415.0,10210.0
2017.09.18,8405.0,-40.0,8450.0,8520.0,8390.0,1065.0
2017.09.15,8445.0,40.0,8415.0,8520.0,8380.0,32848.0
2017.09.14,8405.0,85.0,8320.0,8410.0,8320.0,41202.0
2017.09.13,8320.0,115.0,8300.0,8320.0,8225.0,13863.0
2017.09.12,8205.0,-30.0,8200.0,8310.0,8195.0,271.0
2017.09.11,8235.0,45.0,8215.0,8240.0,8090.0,2090.0
2017.09.08,8190.0,-5.0,8240.0,8290.0,8175.0,846.0
2017.09.07,8195.0,90.0,8200.0,8285.0,8180.0,12737.0
2017.09.06,8105.0,75.0,8055.0,8190.0,8055.0,1053.0
2017.09.05,8030.0,-15.0,8045.0,8140.0,8030.0,2752.0
2017.09.04,8045.0,45.0,8020.0,8155.0,8015.0,3843.0
2017.09.01,8000.0,-5.0,8020.0,8020.0,7960.0,354.0
2017.08.31,8005.0,30.0,7980.0,8005.0,7900.0,789.0
2017.08.30,7975.0,-25.0,7870.0,7975.0,7870.0,3978.0
2017.08.29,8000.0,5.0,7995.0,8015.0,7900.0,6940.0
2017.08.28,7995.0,-20.0,8000.0,8005.0,7990.0,3384.0
2017.08.25,8015.0,5.0,8015.0,8030.0,8010.0,1191.0
2017.08.24,8010.0,-5.0,8000.0,8015.0,7990.0,8917.0
2017.08.23,8015.0,40.0,8025.0,8025.0,7970.0,4808.0
2017.08.22,7975.0,-80.0,8000.0,8000.0,7905.0,9711.0
2017.08.21,8055.0,25.0,8040.0,8060.0,8040.0,7381.0
2017.08.18,8030.0,-70.0,8030.0,8040.0,7990.0,24141.0
2017.08.17,8100.0,-115.0,8140.0,8140.0,8050.0,31712.0
2017.08.16,8215.0,-65.0,8225.0,8235.0,8135.0,1560.0
2017.08.14,8280.0,-80.0,8310.0,8310.0,8150.0,4956.0
2017.08.11,8360.0,-105.0,8360.0,8385.0,8265.0,4381.0
2017.08.10,8465.0,60.0,8440.0,8475.0,8375.0,457.0
2017.08.09,8405.0,85.0,8395.0,8405.0,8290.0,1722.0
2017.08.08,8320.0,-115.0,8355.0,8355.0,8225.0,601.0
2017.08.07,8435.0,65.0,8420.0,8435.0,8325.0,589.0
2017.08.04,8370.0,-55.0,8390.0,8390.0,8365.0,91.0
2017.08.03,8425.0,0.0,8365.0,8530.0,8365.0,1476.0
2017.08.02,8425.0,30.0,8400.0,8455.0,8395.0,218.0
2017.08.01,8395.0,-85.0,8480.0,8490.0,8365.0,5799.0
2017.07.31,8480.0,-35.0,8495.0,8495.0,8470.0,123.0
2017.07.28,8515.0,165.0,8470.0,8515.0,8420.0,686.0
2017.07.27,8350.0,30.0,8355.0,8360.0,8255.0,2788.0
2017.07.26,8320.0,60.0,8305.0,8380.0,8300.0,1084.0
2017.07.25,8260.0,45.0,8250.0,8270.0,8180.0,2526.0
2017.07.24,8215.0,-145.0,8315.0,8315.0,8215.0,1043.0
2017.07.21,8360.0,-100.0,8400.0,8400.0,8360.0,6002.0
2017.07.20,8460.0,160.0,8360.0,8465.0,8360.0,6533.0
2017.07.19,8300.0,-55.0,8310.0,8315.0,8195.0,8505.0
2017.07.18,8355.0,-40.0,8395.0,8395.0,8355.0,1617.0
2017.07.17,8395.0,25.0,8410.0,8410.0,8315.0,1378.0
2017.07.14,8370.0,0.0,8430.0,8430.0,8370.0,1591.0
2017.07.13,8370.0,-55.0,8400.0,8400.0,8315.0,1039.0
2017.07.12,8425.0,15.0,8435.0,8435.0,8410.0,813.0
2017.07.11,8410.0,30.0,8395.0,8410.0,8395.0,1248.0
2017.07.10,8380.0,-50.0,8415.0,8415.0,8350.0,1118.0
2017.07.07,8430.0,-115.0,8460.0,8460.0,8410.0,783.0
2017.07.06,8545.0,-125.0,8545.0,8550.0,8390.0,15779.0
2017.07.05,8670.0,95.0,8605.0,8670.0,8545.0,3946.0
2017.07.04,8575.0,195.0,8605.0,8605.0,8550.0,12519.0
2017.07.03,8380.0,-35.0,8440.0,8465.0,8355.0,1967.0
2017.06.30,8415.0,30.0,8425.0,8425.0,8380.0,2196.0
2017.06.29,8385.0,85.0,8365.0,8385.0,8275.0,20756.0
2017.06.28,8300.0,-5.0,8330.0,8340.0,8220.0,10793.0
2017.06.27,8305.0,-20.0,8255.0,8305.0,8225.0,1397.0
2017.06.26,8325.0,20.0,8300.0,8335.0,8250.0,12250.0
2017.06.23,8305.0,10.0,8290.0,8315.0,8240.0,31973.0
2017.06.22,8295.0,-170.0,8305.0,8310.0,8200.0,4997.0
2017.06.21,8465.0,-50.0,8440.0,8470.0,8355.0,2049.0
2017.06.20,8515.0,-20.0,8455.0,8530.0,8425.0,26728.0
2017.06.19,8535.0,120.0,8445.0,8540.0,8430.0,5274.0
2017.06.16,8415.0,10.0,8390.0,8425.0,8290.0,3540.0
2017.06.15,8405.0,-150.0,8370.0,8405.0,8365.0,1859.0
2017.06.14,8555.0,115.0,8475.0,8580.0,8470.0,16847.0
2017.06.13,8440.0,75.0,8540.0,8545.0,8435.0,8632.0
2017.06.12,8365.0,155.0,8355.0,8455.0,8350.0,3768.0
2017.06.09,8210.0,-35.0,8240.0,8240.0,8125.0,3442.0
2017.06.08,8245.0,-105.0,8200.0,8280.0,8200.0,2163.0
2017.06.07,8350.0,130.0,8260.0,8360.0,8260.0,502.0
2017.06.05,8220.0,-135.0,8265.0,8265.0,8210.0,2795.0
2017.06.02,8355.0,65.0,8350.0,8360.0,8345.0,1540.0
2017.06.01,8290.0,-30.0,8295.0,8295.0,8185.0,4429.0
2017.05.31,8320.0,-135.0,8340.0,8340.0,8315.0,1338.0
2017.05.30,8455.0,20.0,8350.0,8455.0,8350.0,491.0
2017.05.29,8435.0,25.0,8445.0,8445.0,8430.0,684.0
2017.05.26,8410.0,-145.0,8550.0,8550.0,8330.0,2261.0
2017.05.25,8555.0,-90.0,8585.0,8585.0,8535.0,1211.0
2017.05.24,8645.0,110.0,8550.0,8660.0,8550.0,564.0
2017.05.23,8535.0,25.0,8510.0,8635.0,8490.0,1423.0
2017.05.22,8510.0,-50.0,8600.0,8600.0,8510.0,1169.0
2017.05.19,8560.0,-5.0,8555.0,8590.0,8470.0,8185.0
2017.05.18,8565.0,-45.0,8440.0,8580.0,8440.0,313.0
2017.05.17,8610.0,-30.0,8605.0,8640.0,8525.0,442.0
2017.05.16,8640.0,0.0,8640.0,8655.0,8530.0,1421.0
2017.05.15,8640.0,-60.0,8660.0,8665.0,8555.0,4547.0
2017.05.12,8700.0,-10.0,8675.0,8700.0,8555.0,3923.0
2017.05.11,8710.0,25.0,8635.0,8765.0,8635.0,1570.0
2017.05.10,8685.0,20.0,8685.0,8685.0,8560.0,9608.0
2017.05.08,8665.0,60.0,8690.0,8700.0,8550.0,1254.0
2017.05.04,8605.0,-100.0,8700.0,8705.0,8600.0,3713.0
2017.05.02,8705.0,-60.0,8625.0,8735.0,8620.0,1752.0
2017.04.28,8765.0,-45.0,8710.0,8765.0,8700.0,1323.0
2017.04.27,8810.0,-5.0,8770.0,8825.0,8695.0,3393.0
2017.04.26,8815.0,85.0,8715.0,8830.0,8715.0,5162.0
2017.04.25,8730.0,0.0,8730.0,8795.0,8680.0,4363.0
2017.04.24,8730.0,-50.0,8700.0,8750.0,8670.0,3922.0
2017.04.21,8780.0,-5.0,8795.0,8820.0,8710.0,12725.0
2017.04.20,8785.0,-135.0,8825.0,8825.0,8780.0,6609.0
2017.04.19,8920.0,-80.0,8910.0,8940.0,8910.0,219.0
2017.04.18,9000.0,35.0,8970.0,9005.0,8880.0,875.0
2017.04.17,8965.0,-15.0,9075.0,9075.0,8830.0,1180.0
2017.04.14,8980.0,-60.0,8940.0,8985.0,8845.0,4535.0
2017.04.13,9040.0,-90.0,9120.0,9120.0,8930.0,5662.0
2017.04.12,9130.0,-20.0,9195.0,9240.0,9130.0,5606.0
2017.04.11,9150.0,20.0,9140.0,9185.0,9130.0,7624.0
2017.04.10,9130.0,30.0,9070.0,9135.0,9070.0,2735.0
2017.04.07,9100.0,85.0,9065.0,9140.0,9015.0,35893.0
2017.04.06,9015.0,35.0,8970.0,9015.0,8965.0,343.0
2017.04.05,8980.0,80.0,8970.0,8990.0,8870.0,1707.0
2017.04.04,8900.0,40.0,8860.0,8900.0,8840.0,8252.0
2017.04.03,8860.0,-45.0,8905.0,8905.0,8830.0,8841.0
2017.03.31,8905.0,0.0,8905.0,8935.0,8825.0,1257.0
2017.03.30,8905.0,130.0,8775.0,8920.0,8775.0,4307.0
2017.03.29,8775.0,140.0,8640.0,8775.0,8640.0,6102.0
2017.03.28,8635.0,-40.0,8675.0,8675.0,8625.0,997.0
2017.03.27,8675.0,-100.0,8670.0,8685.0,8585.0,19073.0
2017.03.24,8775.0,-35.0,8765.0,8780.0,8760.0,379.0
2017.03.23,8810.0,50.0,8785.0,8810.0,8770.0,1306.0
2017.03.22,8760.0,-100.0,8800.0,8825.0,8735.0,3575.0
2017.03.21,8860.0,-5.0,8810.0,8860.0,8775.0,1771.0
2017.03.20,8865.0,-50.0,8930.0,8930.0,8825.0,3102.0
2017.03.17,8915.0,-85.0,8945.0,8960.0,8915.0,652.0
2017.03.16,9000.0,90.0,9065.0,9065.0,8990.0,909.0
2017.03.15,8910.0,-145.0,9060.0,9060.0,8900.0,2259.0
2017.03.14,9055.0,40.0,9055.0,9060.0,9035.0,7014.0
2017.03.13,9015.0,-130.0,9070.0,9070.0,9015.0,641.0
2017.03.10,9145.0,75.0,9155.0,9165.0,9105.0,6115.0
2017.03.09,9070.0,-110.0,9065.0,9080.0,9025.0,1649.0
2017.03.08,9180.0,-100.0,9240.0,9260.0,9180.0,746.0
2017.03.07,9280.0,-100.0,9385.0,9405.0,9280.0,6505.0
2017.03.06,9380.0,30.0,9350.0,9390.0,9350.0,3503.0
2017.03.03,9350.0,-25.0,9290.0,9375.0,9290.0,7216.0
2017.03.02,9375.0,255.0,9160.0,9395.0,9160.0,3294.0
2017.02.28,9120.0,55.0,9155.0,9160.0,9095.0,15502.0
2017.02.27,9065.0,-60.0,9135.0,9135.0,9000.0,2254.0
2017.02.24,9125.0,-15.0,9140.0,9150.0,9100.0,839.0
2017.02.23,9140.0,-145.0,9195.0,9195.0,9125.0,2640.0
2017.02.22,9285.0,-10.0,9330.0,9340.0,9270.0,1040.0
2017.02.21,9295.0,35.0,9285.0,9305.0,9235.0,1689.0
2017.02.20,9260.0,-80.0,9340.0,9340.0,9250.0,5234.0
2017.02.17,9340.0,-90.0,9305.0,9350.0,9305.0,6225.0
2017.02.16,9430.0,-40.0,9475.0,9475.0,9355.0,887.0
2017.02.15,9470.0,65.0,9465.0,9475.0,9435.0,2642.0
2017.02.14,9405.0,-120.0,9505.0,9510.0,9370.0,8981.0
2017.02.13,9525.0,95.0,9485.0,9540.0,9485.0,10425.0
2017.02.10,9430.0,130.0,9470.0,9480.0,9415.0,6722.0
2017.02.09,9300.0,25.0,9275.0,9310.0,9255.0,1381.0
2017.02.08,9275.0,-135.0,9295.0,9295.0,9255.0,1637.0
2017.02.07,9410.0,10.0,9345.0,9410.0,9345.0,1786.0
2017.02.06,9400.0,0.0,9420.0,9440.0,9395.0,8027.0
2017.02.03,9400.0,25.0,9375.0,9440.0,9375.0,1761.0
2017.02.02,9375.0,-125.0,9435.0,9435.0,9330.0,4983.0
2017.02.01,9500.0,-30.0,9500.0,9515.0,9475.0,6729.0
2017.01.31,9530.0,-240.0,9630.0,9640.0,9520.0,4857.0
2017.01.26,9770.0,-65.0,9820.0,9825.0,9750.0,7333.0
2017.01.25,9835.0,170.0,9875.0,9875.0,9775.0,3127.0
2017.01.24,9665.0,-120.0,9640.0,9715.0,9635.0,7665.0
2017.01.23,9785.0,0.0,9795.0,9845.0,9785.0,12007.0
2017.01.20,9785.0,-160.0,9850.0,9875.0,9775.0,21694.0
2017.01.19,9945.0,105.0,9895.0,9950.0,9880.0,2475.0
2017.01.18,9840.0,10.0,9850.0,9885.0,9815.0,3611.0
2017.01.17,9830.0,-85.0,9870.0,9955.0,9830.0,6336.0
2017.01.16,9915.0,15.0,9915.0,9945.0,9860.0,763.0
2017.01.13,9900.0,-90.0,9945.0,9955.0,9885.0,876.0
2017.01.12,9990.0,25.0,10040.0,10045.0,9950.0,6540.0
2017.01.11,9965.0,-80.0,10065.0,10065.0,9935.0,10413.0
2017.01.10,10045.0,-270.0,10160.0,10170.0,10040.0,10800.0
2017.01.09,10315.0,130.0,10330.0,10365.0,10265.0,8743.0
2017.01.06,10185.0,-20.0,10185.0,10230.0,10135.0,2789.0
2017.01.05,10205.0,-120.0,10165.0,10275.0,10165.0,3845.0
2017.01.04,10325.0,145.0,10420.0,10430.0,10320.0,7080.0
2017.01.03,10180.0,-35.0,10325.0,10325.0,10165.0,4738.0
2017.01.02,10215.0,-65.0,10165.0,10325.0,10165.0,5957.0
2016.12.29,10280.0,-160.0,10335.0,10360.0,10280.0,1347.0
2016.12.28,10440.0,70.0,10455.0,10455.0,10395.0,1389.0
2016.12.27,10370.0,25.0,10390.0,10415.0,10335.0,20795.0
2016.12.26,10345.0,-60.0,10370.0,10370.0,10305.0,9331.0
2016.12.23,10405.0,75.0,10415.0,10415.0,10345.0,3310.0
2016.12.22,10330.0,70.0,10295.0,10335.0,10235.0,4202.0
2016.12.21,10260.0,-20.0,10250.0,10285.0,10175.0,4577.0
2016.12.20,10280.0,-5.0,10250.0,10285.0,10165.0,5265.0
2016.12.19,10285.0,75.0,10250.0,10290.0,10190.0,5340.0
2016.12.16,10210.0,85.0,10170.0,10210.0,10115.0,2794.0
2016.12.15,10125.0,-130.0,10140.0,10160.0,10100.0,14770.0
2016.12.14,10255.0,155.0,10165.0,10275.0,10135.0,16565.0
2016.12.13,10100.0,25.0,10075.0,10110.0,10005.0,4441.0
2016.12.12,10075.0,60.0,10115.0,10130.0,10035.0,38741.0
2016.12.09,10015.0,115.0,10005.0,10020.0,9940.0,2380.0
2016.12.08,9900.0,-10.0,9990.0,9990.0,9840.0,537.0
2016.12.07,9910.0,-30.0,10030.0,10030.0,9895.0,440.0
2016.12.06,9940.0,50.0,9995.0,9995.0,9865.0,8989.0
2016.12.05,9890.0,80.0,9870.0,9915.0,9870.0,5666.0
2016.12.02,9810.0,-30.0,9845.0,9845.0,9710.0,4491.0
2016.12.01,9840.0,465.0,9690.0,9925.0,9690.0,6505.0
2016.11.30,9375.0,-75.0,9420.0,9420.0,9235.0,3982.0
2016.11.29,9450.0,-130.0,9385.0,9470.0,9355.0,1279.0
2016.11.28,9580.0,-135.0,9455.0,9640.0,9455.0,3482.0
2016.11.25,9715.0,110.0,9670.0,9755.0,9620.0,14658.0
2016.11.24,9605.0,-50.0,9655.0,9770.0,9085.0,29138.0
2016.11.23,9655.0,0.0,9550.0,9660.0,9550.0,3050.0
2016.11.22,9655.0,140.0,9735.0,9735.0,9595.0,14056.0
2016.11.21,9515.0,60.0,9450.0,9515.0,9450.0,6870.0
2016.11.18,9455.0,-70.0,9525.0,9530.0,9385.0,6800.0
2016.11.17,9525.0,50.0,9300.0,9530.0,9300.0,22914.0
2016.11.16,9475.0,215.0,9205.0,9485.0,9205.0,1497.0
2016.11.15,9260.0,55.0,9205.0,9265.0,9205.0,2383.0
2016.11.14,9205.0,-120.0,9285.0,9285.0,9120.0,5269.0
2016.11.11,9325.0,150.0,9195.0,9325.0,9195.0,21450.0
2016.11.10,9175.0,130.0,9110.0,9240.0,9100.0,1514.0
2016.11.09,9045.0,105.0,8880.0,9075.0,8820.0,5043.0
2016.11.08,8940.0,130.0,8865.0,8975.0,8860.0,155.0
2016.11.07,8810.0,-10.0,8745.0,8810.0,8690.0,128.0
2016.11.04,8820.0,65.0,8820.0,8830.0,8810.0,6491.0
2016.11.03,8755.0,-195.0,8795.0,8795.0,8725.0,4786.0
2016.11.02,8950.0,90.0,8925.0,8950.0,8865.0,198.0
2016.11.01,8860.0,-50.0,8880.0,8890.0,8810.0,278.0
2016.10.31,8910.0,-60.0,8970.0,9010.0,8910.0,628.0
2016.10.28,8970.0,-65.0,9035.0,9035.0,8965.0,280.0
2016.10.27,9035.0,85.0,8725.0,9040.0,8725.0,123.0
2016.10.26,8950.0,-5.0,8905.0,8950.0,8860.0,483.0
2016.10.25,8955.0,-40.0,8995.0,9025.0,8955.0,682.0
2016.10.24,8995.0,-100.0,9030.0,9035.0,8995.0,100.0
2016.10.21,9095.0,70.0,9025.0,9095.0,9025.0,3534.0
2016.10.20,9025.0,210.0,8920.0,9025.0,8920.0,188.0
2016.10.19,8815.0,-70.0,8880.0,8885.0,8805.0,203.0
2016.10.18,8885.0,-115.0,8920.0,8930.0,8865.0,970.0
2016.10.17,9000.0,-20.0,9005.0,9045.0,9000.0,109.0
2016.10.14,9020.0,-40.0,9000.0,9020.0,8970.0,763.0
2016.10.13,9060.0,35.0,9020.0,9060.0,8960.0,1620.0
2016.10.12,9025.0,-35.0,9020.0,9030.0,8975.0,1969.0
2016.10.11,9060.0,180.0,8970.0,9060.0,8970.0,9149.0
2016.10.10,8880.0,-100.0,8985.0,8985.0,8855.0,4413.0
2016.10.07,8980.0,95.0,8925.0,8980.0,8915.0,930.0
2016.10.06,8885.0,75.0,8810.0,8885.0,8810.0,1326.0
2016.10.05,8810.0,-55.0,8865.0,8865.0,8755.0,37.0
2016.10.04,8865.0,210.0,8745.0,8865.0,8740.0,591.0
2016.09.30,8655.0,40.0,8625.0,8745.0,8625.0,1258.0
2016.09.29,8615.0,300.0,8455.0,8715.0,8450.0,4382.0
2016.09.28,8315.0,-65.0,8335.0,8340.0,8310.0,625.0
2016.09.27,8380.0,-95.0,8485.0,8500.0,8380.0,2170.0
2016.09.26,8475.0,-75.0,8550.0,8865.0,8470.0,288.0
2016.09.23,8550.0,-45.0,8645.0,8645.0,8535.0,303.0
2016.09.22,8595.0,120.0,8535.0,8605.0,8535.0,87.0
2016.09.21,8475.0,-60.0,8480.0,8500.0,8435.0,1943.0
2016.09.20,8535.0,-45.0,8450.0,8580.0,8450.0,2276.0
2016.09.19,8580.0,-245.0,8735.0,8735.0,8550.0,1834.0
2016.09.13,8825.0,155.0,8785.0,8825.0,8780.0,76.0
2016.09.12,8670.0,-205.0,8715.0,8735.0,8670.0,952.0
2016.09.09,8875.0,180.0,8845.0,8890.0,8820.0,197.0
2016.09.08,8695.0,75.0,8670.0,8705.0,8670.0,524.0
2016.09.07,8620.0,30.0,8645.0,8665.0,8620.0,7639.0
2016.09.06,8590.0,-5.0,8590.0,8600.0,8560.0,256.0
2016.09.05,8595.0,-15.0,8670.0,8670.0,8595.0,7724.0
2016.09.02,8610.0,-60.0,8610.0,8630.0,8600.0,782.0
2016.09.01,8670.0,-75.0,8680.0,8680.0,8615.0,224.0
2016.08.31,8745.0,-35.0,8775.0,8775.0,8745.0,111.0
2016.08.30,8780.0,-5.0,8765.0,8780.0,8765.0,10.0
2016.08.29,8785.0,35.0,8755.0,8785.0,8755.0,8.0
2016.08.26,8750.0,-35.0,8750.0,8750.0,8750.0,2.0
2016.08.25,8785.0,-60.0,8785.0,8785.0,8785.0,0.0
2016.08.24,8845.0,65.0,8885.0,8885.0,8845.0,1720.0
2016.08.23,8780.0,-125.0,8820.0,8820.0,8780.0,4.0
2016.08.22,8905.0,-40.0,8895.0,8935.0,8865.0,630.0
2016.08.19,8945.0,275.0,8725.0,8945.0,8725.0,506.0
2016.08.18,8670.0,40.0,8630.0,8685.0,8630.0,2931.0
2016.08.17,8630.0,45.0,8560.0,8640.0,8560.0,119.0
2016.08.16,8585.0,80.0,8535.0,8585.0,8535.0,110.0
2016.08.12,8505.0,135.0,8460.0,8505.0,8460.0,140.0
2016.08.11,8370.0,-55.0,8345.0,8375.0,8345.0,403.0
2016.08.10,8425.0,-115.0,8460.0,8460.0,8395.0,2814.0
2016.08.09,8540.0,50.0,8560.0,8560.0,8530.0,757.0
2016.08.08,8490.0,75.0,8500.0,8505.0,8490.0,280.0
2016.08.05,8415.0,-50.0,8420.0,8420.0,8375.0,433.0
2016.08.04,8465.0,160.0,8465.0,8465.0,8420.0,441.0
2016.08.03,8305.0,150.0,8300.0,8305.0,8280.0,784.0
2016.08.02,8155.0,-320.0,8295.0,8295.0,8155.0,913.0
2016.08.01,8475.0,15.0,8465.0,8475.0,8425.0,1482.0
2016.07.29,8460.0,-25.0,8680.0,8680.0,8460.0,1205.0
2016.07.28,8485.0,-175.0,8500.0,8515.0,8485.0,278.0
2016.07.27,8660.0,50.0,8630.0,8660.0,8630.0,109.0
2016.07.26,8610.0,-155.0,8625.0,8655.0,8610.0,848.0
2016.07.25,8765.0,20.0,8765.0,8765.0,8765.0,1.0
2016.07.22,8745.0,-125.0,8760.0,8760.0,8745.0,8.0
2016.07.21,8870.0,0.0,8870.0,8870.0,8870.0,1.0
2016.07.20,8870.0,-15.0,8600.0,8870.0,8600.0,448947.0
2016.07.19,8885.0,-20.0,8940.0,8940.0,8885.0,34.0
2016.07.18,8905.0,75.0,8870.0,8905.0,8870.0,5.0
2016.07.15,8830.0,-60.0,8830.0,8830.0,8830.0,40.0
2016.07.14,8890.0,-90.0,8885.0,8915.0,8885.0,1186.0
2016.07.13,8980.0,190.0,8965.0,8995.0,8965.0,471.0
2016.07.12,8790.0,5.0,8795.0,8795.0,8790.0,905.0
2016.07.11,8785.0,0.0,8785.0,8785.0,8785.0,91.0
2016.07.08,8785.0,-55.0,8715.0,8785.0,8715.0,415.0
2016.07.07,8840.0,-45.0,8860.0,8875.0,8835.0,131.0
2016.07.06,8885.0,-105.0,8820.0,8900.0,8820.0,401.0
2016.07.05,8990.0,105.0,8910.0,9000.0,8910.0,1616.0
2016.07.04,8885.0,25.0,8885.0,8885.0,8885.0,60.0
2016.07.01,8860.0,65.0,8855.0,8905.0,8835.0,152.0
2016.06.30,8795.0,95.0,8800.0,8800.0,8795.0,221.0
2016.06.29,8700.0,115.0,8765.0,8765.0,8700.0,158.0
2016.06.28,8585.0,-335.0,8770.0,8770.0,8585.0,1051.0
2016.06.27,8920.0,-185.0,8880.0,8920.0,8830.0,50.0
2016.06.24,9105.0,240.0,8945.0,9180.0,8945.0,7314.0
2016.06.23,8865.0,-65.0,8865.0,8865.0,8865.0,23.0
2016.06.22,8930.0,135.0,8920.0,8940.0,8910.0,88.0
2016.06.21,8795.0,45.0,8795.0,8795.0,8795.0,0.0
2016.06.20,8750.0,10.0,8810.0,8820.0,8750.0,162.0
2016.06.17,8740.0,-80.0,8785.0,8810.0,8730.0,10.0
2016.06.16,8820.0,-75.0,8815.0,8820.0,8815.0,8.0
2016.06.15,8895.0,45.0,8920.0,8920.0,8895.0,117.0
2016.06.14,8850.0,-70.0,8895.0,8895.0,8820.0,65.0
2016.06.13,8920.0,-140.0,8980.0,8980.0,8920.0,131.0
2016.06.10,9060.0,35.0,9060.0,9060.0,9060.0,23.0
2016.06.09,9025.0,5.0,9050.0,9050.0,9020.0,1060.0
2016.06.08,9020.0,100.0,9000.0,9050.0,8990.0,744.0
2016.06.07,8920.0,10.0,9050.0,9050.0,8920.0,6475.0
2016.06.03,8910.0,-45.0,8910.0,8950.0,8910.0,559.0
2016.06.02,8955.0,-10.0,8965.0,8965.0,8955.0,6.0
2016.06.01,8965.0,-35.0,8975.0,8975.0,8965.0,24.0
2016.05.31,9000.0,0.0,8980.0,9000.0,8980.0,1305.0
2016.05.30,9000.0,65.0,8940.0,9015.0,8940.0,622.0
2016.05.27,8935.0,-45.0,8870.0,8935.0,8870.0,806.0
2016.05.26,8980.0,120.0,8925.0,8995.0,8915.0,657.0
2016.05.25,8860.0,30.0,8835.0,8910.0,8835.0,1644.0
2016.05.24,8830.0,0.0,8830.0,8830.0,8775.0,1663.0
2016.05.23,8830.0,5.0,8825.0,8830.0,8825.0,973.0
2016.05.20,8825.0,40.0,8825.0,8825.0,8780.0,22.0
2016.05.19,8785.0,-35.0,8785.0,8785.0,8785.0,1000.0
2016.05.18,8820.0,95.0,8790.0,8825.0,8790.0,383.0
2016.05.17,8725.0,115.0,8735.0,8735.0,8725.0,7.0
2016.05.16,8610.0,-70.0,8615.0,8615.0,8610.0,1004.0
2016.05.13,8680.0,35.0,8665.0,8680.0,8665.0,170.0
2016.05.12,8645.0,-15.0,8665.0,8665.0,8645.0,21.0
2016.05.11,8660.0,160.0,8730.0,8730.0,8660.0,625.0
2016.05.10,8500.0,-75.0,8530.0,8530.0,8500.0,232.0
2016.05.09,8575.0,15.0,8575.0,8575.0,8560.0,43.0
2016.05.04,8560.0,-120.0,8590.0,8590.0,8560.0,216.0
2016.05.03,8680.0,0.0,8680.0,8680.0,8680.0,2907.0
2016.05.02,8680.0,-60.0,8700.0,8730.0,8680.0,254.0
2016.04.29,8740.0,-60.0,8800.0,8800.0,8700.0,2062.0
2016.04.28,8800.0,80.0,8870.0,8940.0,8800.0,1582.0
2016.04.27,8720.0,75.0,8680.0,8745.0,8680.0,251.0
2016.04.26,8645.0,-85.0,8705.0,8705.0,8585.0,2873.0
2016.04.25,8730.0,185.0,8575.0,8735.0,8575.0,407.0
2016.04.22,8545.0,-15.0,8510.0,8550.0,8510.0,7.0
2016.04.21,8560.0,115.0,8485.0,8560.0,8485.0,276.0
2016.04.20,8445.0,130.0,8380.0,8445.0,8380.0,692.0
2016.04.19,8315.0,15.0,8335.0,8370.0,8315.0,1497.0
2016.04.18,8300.0,-90.0,8245.0,8310.0,8245.0,3697.0
2016.04.15,8390.0,10.0,8435.0,8435.0,8370.0,962.0
2016.04.14,8380.0,320.0,8240.0,8430.0,8240.0,5239.0
2016.04.12,8060.0,-75.0,8065.0,8065.0,8060.0,322.0
2016.04.11,8135.0,135.0,8120.0,8180.0,8080.0,489.0
2016.04.08,8000.0,-15.0,8015.0,8015.0,7995.0,186.0
2016.04.07,8015.0,120.0,7995.0,8030.0,7990.0,761.0
2016.04.06,7895.0,-60.0,7975.0,7975.0,7885.0,3023.0
2016.04.05,7955.0,15.0,7970.0,7970.0,7900.0,243.0
2016.04.04,7940.0,-120.0,7955.0,7955.0,7925.0,1347.0
2016.04.01,8060.0,30.0,8030.0,8075.0,8030.0,472.0
2016.03.31,8030.0,-50.0,8030.0,8030.0,8030.0,19.0
2016.03.30,8080.0,0.0,8080.0,8080.0,8055.0,21.0
2016.03.29,8080.0,-90.0,8115.0,8115.0,8080.0,316.0
2016.03.28,8170.0,5.0,8175.0,8175.0,8170.0,185.0
2016.03.25,8165.0,20.0,8145.0,8185.0,8145.0,693.0
2016.03.24,8145.0,-105.0,8175.0,8175.0,8120.0,345.0
2016.03.23,8250.0,-30.0,8270.0,8270.0,8250.0,109.0
2016.03.22,8280.0,-65.0,8350.0,8350.0,8280.0,10182.0
2016.03.21,8345.0,40.0,8405.0,8405.0,8340.0,975.0
2016.03.18,8305.0,-15.0,8310.0,8360.0,8305.0,1796.0
2016.03.17,8320.0,45.0,8340.0,8340.0,8320.0,505.0
2016.03.16,8275.0,-30.0,8300.0,8300.0,8275.0,108.0
2016.03.15,8305.0,-10.0,8280.0,8305.0,8280.0,52.0
2016.03.14,8315.0,115.0,8475.0,8475.0,8310.0,1698.0
2016.03.11,8200.0,-55.0,8255.0,8255.0,8175.0,3172.0
2016.03.10,8255.0,50.0,8315.0,8315.0,8255.0,889.0
2016.03.09,8205.0,-260.0,8205.0,8205.0,8165.0,2954.0
2016.03.08,8465.0,175.0,8435.0,8480.0,8435.0,3721.0
2016.03.07,8290.0,100.0,8360.0,8360.0,8250.0,3101.0
2016.03.04,8190.0,60.0,8160.0,8240.0,8160.0,1233.0
2016.03.03,8130.0,75.0,8165.0,8195.0,8130.0,2483.0
2016.03.02,8055.0,45.0,8085.0,8105.0,8055.0,624.0
2016.02.29,8010.0,70.0,7980.0,8025.0,7980.0,3573.0
2016.02.26,7940.0,25.0,7915.0,7950.0,7900.0,323.0
2016.02.25,7915.0,65.0,7945.0,7945.0,7915.0,478.0
2016.02.24,7850.0,-200.0,7800.0,7860.0,7800.0,7755.0
2016.02.23,8050.0,145.0,8005.0,8125.0,8005.0,1242.0
2016.02.22,7905.0,-40.0,7925.0,7925.0,7900.0,255.0
2016.02.19,7945.0,-60.0,7945.0,7945.0,7905.0,1708.0
2016.02.18,8005.0,245.0,7925.0,8005.0,7820.0,54845.0
2016.02.17,7760.0,195.0,7755.0,7760.0,7670.0,2505.0
2016.02.16,7565.0,-20.0,7570.0,7720.0,7565.0,58934.0
2016.02.15,7585.0,180.0,7525.0,7590.0,7525.0,9984.0
2016.02.12,7405.0,45.0,7320.0,8470.0,7320.0,84761.0
2016.02.11,7360.0,-415.0,7520.0,7520.0,7285.0,55169.0
2016.02.05,7775.0,-70.0,7760.0,7780.0,7760.0,1022.0
2016.02.04,7845.0,170.0,8025.0,8025.0,7825.0,11881.0
2016.02.03,7675.0,-150.0,7650.0,7675.0,7640.0,4324.0
2016.02.02,7825.0,-140.0,7785.0,7825.0,7785.0,1263.0
2016.02.01,7965.0,235.0,8025.0,8025.0,7955.0,12810.0
2016.01.29,7730.0,185.0,7660.0,7790.0,7660.0,11896.0
2016.01.28,7545.0,0.0,7565.0,7565.0,7540.0,1165.0
2016.01.27,7545.0,255.0,7495.0,7545.0,7495.0,2253.0
2016.01.26,7290.0,-290.0,7230.0,7290.0,7230.0,3292.0
2016.01.25,7580.0,270.0,7690.0,7690.0,7540.0,40191.0
2016.01.22,7310.0,120.0,7345.0,7345.0,7305.0,70441.0
2016.01.21,7190.0,-190.0,7165.0,7190.0,7145.0,11008.0
2016.01.20,7380.0,-120.0,7275.0,7380.0,7275.0,1993.0
2016.01.19,7500.0,-30.0,7480.0,7520.0,7460.0,11784.0
2016.01.18,7530.0,-140.0,7580.0,7580.0,7450.0,28120.0
2016.01.15,7670.0,255.0,7805.0,7805.0,7640.0,47066.0
2016.01.14,7415.0,-105.0,7370.0,7415.0,7360.0,34091.0
2016.01.13,7520.0,-25.0,7565.0,7575.0,7495.0,96751.0
2016.01.12,7545.0,-160.0,7630.0,7630.0,7515.0,20745.0
2016.01.11,7705.0,-40.0,7720.0,7725.0,7705.0,5048.0
2016.01.08,7745.0,-185.0,7835.0,7835.0,7700.0,18089.0
2016.01.07,7930.0,-275.0,7925.0,7940.0,7905.0,23175.0
2016.01.06,8205.0,65.0,8260.0,8260.0,8175.0,11235.0
2016.01.05,8140.0,30.0,8115.0,8165.0,8115.0,7502.0
2016.01.04,8110.0,-10.0,8105.0,8110.0,8105.0,5020.0
2015.12.30,8120.0,85.0,8035.0,8125.0,8035.0,45105.0
2015.12.29,8035.0,-105.0,7885.0,8035.0,7885.0,15.0
2015.12.28,8140.0,-105.0,8260.0,8260.0,8135.0,988.0
2015.12.24,8245.0,320.0,8280.0,8280.0,8230.0,1670.0
2015.12.23,7925.0,85.0,7925.0,7925.0,7915.0,488.0
2015.12.22,7840.0,-20.0,7960.0,7960.0,7840.0,456.0
2015.12.21,7860.0,-185.0,7950.0,7950.0,7820.0,1047.0
2015.12.18,8045.0,-180.0,8060.0,8060.0,8025.0,582.0
2015.12.17,8225.0,-15.0,8195.0,8225.0,8195.0,95.0
2015.12.16,8240.0,145.0,8245.0,8245.0,8240.0,541.0
2015.12.15,8095.0,35.0,8095.0,8095.0,8095.0,7.0
2015.12.14,8060.0,-280.0,8115.0,8115.0,8055.0,162.0
2015.12.11,8340.0,40.0,8335.0,8340.0,8330.0,61.0
2015.12.10,8300.0,130.0,8280.0,8300.0,8265.0,62.0
2015.12.09,8170.0,-85.0,8180.0,8180.0,8160.0,1713.0
2015.12.08,8255.0,-245.0,8280.0,8280.0,8200.0,39.0
2015.12.07,8500.0,0.0,8500.0,8500.0,8500.0,0.0
2015.12.04,8500.0,-220.0,8495.0,8500.0,8495.0,38.0
2015.12.03,8720.0,-235.0,8805.0,8805.0,8720.0,585.0
2015.12.02,8955.0,75.0,8930.0,8955.0,8915.0,1038.0
2015.12.01,8880.0,50.0,8870.0,8880.0,8865.0,66.0
2015.11.30,8830.0,-15.0,8835.0,8835.0,8830.0,17.0
2015.11.27,8845.0,5.0,8860.0,8860.0,8845.0,15.0
2015.11.26,8840.0,-45.0,8825.0,8840.0,8825.0,38.0
2015.11.25,8885.0,125.0,8905.0,8905.0,8885.0,5.0
2015.11.24,8760.0,10.0,8760.0,8760.0,8760.0,0.0
2015.11.23,8750.0,-45.0,8720.0,8750.0,8720.0,31.0
2015.11.20,8795.0,-175.0,8830.0,8830.0,8795.0,799.0
2015.11.19,8970.0,60.0,9005.0,9005.0,8970.0,19.0
2015.11.18,8910.0,-65.0,8900.0,8925.0,8900.0,7.0
2015.11.17,8975.0,220.0,8960.0,8990.0,8960.0,10021.0
2015.11.16,8755.0,50.0,8755.0,8755.0,8710.0,30005.0
2015.11.13,8705.0,-175.0,8765.0,8765.0,8605.0,70096.0
2015.11.12,8880.0,-145.0,8835.0,8880.0,8835.0,10.0
2015.11.11,9025.0,-35.0,9050.0,9050.0,9025.0,3.0
2015.11.10,9060.0,-60.0,9040.0,9060.0,9030.0,38.0
2015.11.09,9120.0,80.0,9115.0,9125.0,9085.0,40568.0
2015.11.06,9040.0,-95.0,9000.0,9040.0,9000.0,1493.0
2015.11.05,9135.0,-40.0,9120.0,9135.0,9110.0,221.0
2015.11.04,9175.0,235.0,9075.0,9175.0,9075.0,300.0
2015.11.03,8940.0,160.0,8925.0,8980.0,8925.0,60095.0
2015.11.02,8780.0,75.0,8760.0,8800.0,8760.0,216.0
2015.10.30,8705.0,10.0,8650.0,8715.0,8650.0,8.0
2015.10.29,8695.0,255.0,8685.0,8720.0,8685.0,90.0
2015.10.28,8440.0,-90.0,8515.0,8515.0,8440.0,232.0
2015.10.27,8530.0,-240.0,8600.0,8600.0,8530.0,95.0
2015.10.26,8770.0,30.0,8810.0,8810.0,8770.0,18.0
2015.10.23,8740.0,90.0,8810.0,8810.0,8740.0,6.0
2015.10.22,8650.0,-95.0,8660.0,8690.0,8650.0,1296.0
2015.10.21,8745.0,60.0,8715.0,8755.0,8715.0,1189.0
2015.10.20,8685.0,-130.0,8685.0,8700.0,8685.0,116.0
2015.10.19,8815.0,-15.0,8885.0,8885.0,8815.0,197.0
2015.10.16,8830.0,95.0,8810.0,8865.0,8810.0,1459.0
2015.10.15,8735.0,-50.0,8780.0,8780.0,8735.0,702.0
2015.10.14,8785.0,-70.0,8790.0,8795.0,8785.0,306.0
2015.10.13,8855.0,-145.0,8855.0,8855.0,8855.0,31.0
2015.10.12,9000.0,40.0,9000.0,9000.0,9000.0,1.0
2015.10.08,8960.0,110.0,8975.0,8975.0,8960.0,4.0
2015.10.07,8850.0,170.0,8850.0,8915.0,8850.0,57.0
2015.10.06,8680.0,205.0,8400.0,8720.0,8000.0,4548.0
2015.10.05,8475.0,280.0,8455.0,8515.0,8455.0,61.0
2015.10.02,8195.0,45.0,8210.0,8210.0,8195.0,50.0
2015.10.01,8150.0,95.0,8215.0,8215.0,8150.0,30.0
2015.09.30,8055.0,-380.0,8115.0,8115.0,8040.0,43.0
2015.09.25,8435.0,35.0,8435.0,8435.0,8435.0,1012.0
2015.09.24,8400.0,-50.0,8400.0,8400.0,8400.0,1.0
2015.09.23,8450.0,-30.0,8450.0,8450.0,8450.0,30.0
2015.09.22,8480.0,85.0,8480.0,8480.0,8480.0,100.0
2015.09.21,8395.0,-180.0,8395.0,8395.0,8395.0,20.0
2015.09.18,8575.0,-70.0,8590.0,8590.0,8575.0,23.0
2015.09.17,8645.0,200.0,8650.0,8650.0,8645.0,233.0
2015.09.16,8445.0,50.0,8470.0,8470.0,8440.0,22.0
2015.09.15,8395.0,-45.0,8410.0,8410.0,8395.0,15.0
2015.09.14,8440.0,-115.0,8440.0,8440.0,8440.0,3.0
2015.09.11,8555.0,-25.0,8555.0,8555.0,8555.0,0.0
2015.09.10,8580.0,-130.0,8605.0,8605.0,8580.0,6.0
2015.09.09,8710.0,55.0,8695.0,8710.0,8695.0,73.0
2015.09.08,8655.0,-30.0,8670.0,8670.0,8655.0,6.0
2015.09.07,8685.0,-30.0,8685.0,8685.0,8685.0,8.0
2015.09.04,8715.0,40.0,8715.0,8715.0,8715.0,5.0
2015.09.03,8675.0,185.0,8700.0,8700.0,8675.0,3.0
2015.09.02,8490.0,-330.0,8530.0,8530.0,8490.0,53.0
2015.09.01,8820.0,40.0,8950.0,8950.0,8820.0,584.0
2015.08.31,8780.0,240.0,8765.0,8780.0,8765.0,22.0
2015.08.28,8540.0,380.0,8565.0,8565.0,8540.0,107.0
2015.08.27,8160.0,205.0,8160.0,8180.0,8160.0,10433.0
2015.08.26,7955.0,-155.0,7985.0,7985.0,7950.0,10531.0
2015.08.25,8110.0,-500.0,8140.0,8140.0,8110.0,76.0
2015.08.24,8610.0,-255.0,8595.0,8610.0,8570.0,1132.0
2015.08.21,8865.0,-145.0,8800.0,8865.0,8800.0,1341.0
2015.08.20,9010.0,-230.0,9040.0,9040.0,8965.0,4803.0
2015.08.19,9240.0,-45.0,9285.0,9285.0,9240.0,5.0
2015.08.18,9285.0,0.0,9285.0,9285.0,9285.0,8.0
2015.08.17,9285.0,-95.0,9260.0,9295.0,9260.0,15.0
2015.08.13,9380.0,30.0,9440.0,9440.0,9365.0,178.0
2015.08.12,9350.0,110.0,9265.0,9365.0,9265.0,301.0
2015.08.11,9240.0,395.0,9100.0,9245.0,9100.0,812.0
2015.08.10,8845.0,-195.0,8860.0,8860.0,8840.0,224.0
2015.08.07,9040.0,140.0,8985.0,9040.0,8985.0,5.0
2015.08.06,8900.0,-95.0,8920.0,8945.0,8900.0,125.0
2015.08.05,8995.0,0.0,8995.0,8995.0,8975.0,52.0
2015.08.04,8995.0,-195.0,9050.0,9050.0,8995.0,77.0
2015.08.03,9190.0,-220.0,9205.0,9205.0,9160.0,144.0
2015.07.31,9410.0,-65.0,9450.0,9450.0,9410.0,42.0
2015.07.30,9475.0,195.0,9415.0,9475.0,9415.0,12.0
2015.07.29,9280.0,220.0,9275.0,9295.0,9275.0,154.0
2015.07.28,9060.0,-165.0,9105.0,9110.0,9060.0,780.0
2015.07.27,9225.0,-155.0,9255.0,9255.0,9200.0,1978.0
2015.07.24,9380.0,-10.0,9345.0,9380.0,9345.0,209.0
2015.07.23,9390.0,5.0,9340.0,9390.0,9340.0,66.0
2015.07.22,9385.0,-35.0,9370.0,9385.0,9370.0,32.0
2015.07.21,9420.0,-80.0,9380.0,9430.0,9380.0,271.0
2015.07.20,9500.0,-85.0,9685.0,9685.0,9465.0,11026.0
2015.07.17,9585.0,5.0,9555.0,9595.0,9555.0,241026.0
2015.07.16,9580.0,-90.0,9580.0,9580.0,9580.0,0.0
2015.07.15,9670.0,85.0,9680.0,9680.0,9670.0,28.0
2015.07.14,9585.0,125.0,9525.0,9590.0,9525.0,129.0
2015.07.13,9460.0,60.0,9460.0,9460.0,9460.0,2.0
2015.07.10,9400.0,30.0,9375.0,9410.0,9345.0,1188.0
2015.07.09,9370.0,-220.0,9380.0,9410.0,9370.0,53.0
2015.07.08,9590.0,180.0,9535.0,9595.0,9535.0,208529.0
2015.07.07,9410.0,-90.0,9390.0,9450.0,9390.0,273.0
2015.07.06,9500.0,30.0,9470.0,9515.0,9470.0,1934.0
2015.07.03,9470.0,5.0,9470.0,9495.0,9470.0,20464.0
2015.07.02,9465.0,-75.0,9480.0,9480.0,9455.0,632.0
2015.07.01,9540.0,70.0,9560.0,9560.0,9540.0,17.0
2015.06.30,9470.0,-230.0,9515.0,9515.0,9465.0,1061.0
2015.06.29,9700.0,80.0,9750.0,9750.0,9680.0,639.0
2015.06.26,9620.0,-45.0,9590.0,9630.0,9570.0,152.0
2015.06.25,9665.0,-60.0,9670.0,9680.0,9665.0,296.0
2015.06.24,9725.0,75.0,9720.0,9730.0,9710.0,47.0
2015.06.23,9650.0,190.0,9605.0,9650.0,9605.0,1225.0
2015.06.22,9460.0,-170.0,9550.0,9550.0,9460.0,1592.0
2015.06.19,9630.0,-20.0,9595.0,9630.0,9595.0,19.0
2015.06.18,9650.0,-90.0,9750.0,9750.0,9645.0,34.0
2015.06.17,9740.0,55.0,9780.0,9780.0,9740.0,209.0
2015.06.16,9685.0,15.0,9690.0,9690.0,9650.0,132.0
2015.06.15,9670.0,-85.0,9680.0,9690.0,9655.0,713.0
2015.06.12,9755.0,-30.0,9790.0,9790.0,9725.0,813.0
2015.06.11,9785.0,110.0,9790.0,9820.0,9780.0,5153.0
2015.06.10,9675.0,-95.0,9745.0,9800.0,9675.0,523.0
2015.06.09,9770.0,-70.0,9840.0,9840.0,9740.0,10182.0
2015.06.08,9840.0,150.0,9825.0,9840.0,9825.0,1181.0
2015.06.05,9690.0,-110.0,9710.0,9710.0,9690.0,1266.0
2015.06.04,9800.0,-30.0,9795.0,9800.0,9770.0,688.0
2015.06.03,9830.0,-20.0,9850.0,9850.0,9830.0,206.0
2015.06.02,9850.0,5.0,9830.0,9870.0,9830.0,10265.0
2015.06.01,9845.0,10.0,11285.0,11285.0,9840.0,602.0
2015.05.29,9835.0,-35.0,9840.0,9840.0,9810.0,533.0
2015.05.28,9870.0,-5.0,9880.0,9890.0,9860.0,1077.0
2015.05.27,9875.0,-100.0,9880.0,9890.0,9865.0,1366.0
2015.05.26,9975.0,45.0,9940.0,9975.0,9940.0,1796.0
2015.05.22,9930.0,45.0,9940.0,9960.0,9920.0,4456.0
2015.05.21,9885.0,15.0,9850.0,9890.0,9850.0,2244.0
2015.05.20,9870.0,-55.0,9870.0,9885.0,9845.0,4701.0
2015.05.19,9925.0,20.0,9915.0,10005.0,9915.0,9522.0
2015.05.18,9905.0,-10.0,9920.0,9935.0,9905.0,82278.0
2015.05.15,9915.0,-35.0,9955.0,9980.0,9910.0,5604.0
2015.05.14,9950.0,-105.0,10020.0,10020.0,9950.0,3358.0
2015.05.13,10055.0,80.0,9990.0,10055.0,9975.0,2906.0
2015.05.12,9975.0,-175.0,10000.0,10000.0,9955.0,10265.0
2015.05.11,10150.0,215.0,10090.0,10160.0,10090.0,3423.0
2015.05.08,9935.0,-150.0,9960.0,9995.0,9935.0,34341.0
2015.05.07,10085.0,50.0,10020.0,10085.0,9985.0,5291.0
2015.05.06,10035.0,-135.0,10025.0,10040.0,10015.0,6993.0
2015.05.04,10170.0,55.0,10195.0,10195.0,10170.0,4024.0
2015.04.30,10115.0,110.0,10100.0,10115.0,10075.0,87058.0
2015.04.29,10005.0,20.0,10020.0,10020.0,9985.0,24400.0
2015.04.28,9985.0,-15.0,10040.0,10040.0,9965.0,41783.0
