날짜,종가,전일비,시가,고가,저가,거래량
2026.08.24,27720.0,-325.0,27895.0,27895.0,27465.0,32887.0
2026.08.21,28045.0,70.0,27695.0,28175.0,27500.0,2772.0
2026.08.20,27975.0,770.0,27575.0,28240.0,27575.0,1276.0
2026.08.19,27205.0,-1250.0,27480.0,27610.0,26930.0,569.0
2026.08.18,28455.0,-545.0,29130.0,29200.0,28185.0,1166.0
2026.08.14,29000.0,830.0,28710.0,29000.0,28615.0,461.0
2026.08.13,28170.0,370.0,28235.0,28655.0,28170.0,821.0
2026.08.12,27800.0,465.0,27440.0,28050.0,27440.0,2893.0
2026.08.11,27335.0,75.0,27260.0,27520.0,26925.0,3921.0
2026.08.10,27260.0,5.0,27265.0,27330.0,26975.0,5516.0
2026.08.07,27255.0,420.0,26950.0,27285.0,26705.0,2396.0
2026.08.06,26835.0,-435.0,27280.0,27440.0,26580.0,2067.0
2026.08.05,27270.0,700.0,27040.0,27465.0,27040.0,2405.0
2026.08.04,26570.0,450.0,26245.0,26570.0,25690.0,2418.0
2026.08.03,26120.0,-755.0,26305.0,26430.0,25840.0,1079.0
2026.07.31,26875.0,2205.0,25915.0,27030.0,25555.0,30754.0
2026.07.30,24670.0,555.0,24150.0,25680.0,24150.0,11387.0
2026.07.29,24205.0,-1070.0,25390.0,25850.0,23220.0,2706.0
2026.07.28,25275.0,-2180.0,26480.0,26480.0,25040.0,1209.0
2026.07.27,27455.0,190.0,27515.0,27675.0,27005.0,937.0
2026.07.24,27265.0,-1300.0,28165.0,28165.0,27080.0,1503.0
2026.07.23,28565.0,1185.0,27510.0,28565.0,27510.0,871.0
2026.07.22,27380.0,365.0,27985.0,28175.0,27380.0,703.0
2026.07.21,27015.0,760.0,26030.0,27215.0,25940.0,1185.0
2026.07.20,26255.0,-1235.0,26890.0,27070.0,26145.0,2782.0
2026.07.16,27490.0,-805.0,27915.0,28020.0,27007.0,1521.0
2026.07.15,28295.0,1050.0,28255.0,28550.0,27890.0,1215.0
2026.07.14,27245.0,-255.0,27115.0,27475.0,26565.0,5056.0
2026.07.13,27500.0,-1260.0,29240.0,29300.0,27450.0,1001.0
2026.07.10,28760.0,705.0,28440.0,29360.0,28440.0,1828.0
2026.07.09,28055.0,-265.0,28570.0,28600.0,27100.0,1744.0
2026.07.08,28320.0,-1195.0,28880.0,29585.0,27900.0,773.0
2026.07.07,29515.0,-815.0,29650.0,29755.0,28720.0,1461.0
2026.07.06,30330.0,370.0,30380.0,30755.0,29515.0,8867.0
2026.07.03,29960.0,755.0,29010.0,29995.0,28500.0,3308.0
2026.07.02,29205.0,-595.0,28865.0,30035.0,28470.0,2177.0
2026.07.01,29800.0,-285.0,30495.0,30495.0,29260.0,4434.0
2026.06.30,30085.0,10.0,30075.0,30525.0,29800.0,2044.0
2026.06.29,30075.0,515.0,29490.0,30350.0,29025.0,11656.0
2026.06.26,29560.0,-1255.0,30645.0,30645.0,28500.0,3489.0
2026.06.25,30815.0,570.0,31295.0,31395.0,30795.0,1000.0
2026.06.24,30245.0,685.0,29560.0,30350.0,29185.0,8417.0
2026.06.23,29560.0,-2370.0,31930.0,32105.0,29465.0,7737.0
2026.06.22,31930.0,-625.0,32315.0,32515.0,31795.0,3870.0
2026.06.19,32555.0,-420.0,33335.0,33495.0,31875.0,9520.0
2026.06.18,32975.0,-260.0,33195.0,33195.0,32640.0,24746.0
2026.06.17,33235.0,-300.0,33385.0,33460.0,32930.0,12925.0
2026.06.16,33535.0,300.0,33485.0,33770.0,33300.0,3883.0
2026.06.15,33235.0,1660.0,32795.0,33445.0,32570.0,10299.0
2026.06.12,31575.0,1425.0,31810.0,32530.0,31475.0,2106.0
2026.06.11,30150.0,-285.0,29285.0,30255.0,29025.0,9674.0
2026.06.10,30435.0,-1245.0,31130.0,31200.0,29645.0,2824.0
2026.06.09,31680.0,1540.0,31060.0,31680.0,30140.0,11797.0
2026.06.08,30140.0,-2805.0,30425.0,31125.0,29800.0,20614.0
2026.06.05,32945.0,-1135.0,33215.0,34037.0,32095.0,19633.0
2026.06.04,34080.0,-775.0,33985.0,34570.0,33700.0,21882.0
2026.06.02,34855.0,390.0,34830.0,35205.0,33520.0,13282.0
2026.06.01,34465.0,1535.0,32945.0,34805.0,32945.0,7410.0
2026.05.29,32930.0,1815.0,31940.0,32930.0,31840.0,8923.0
2026.05.28,31115.0,-620.0,31735.0,31735.0,30135.0,5040.0
2026.05.27,31735.0,155.0,32380.0,32630.0,31585.0,18281.0
2026.05.26,31580.0,665.0,31650.0,31850.0,31390.0,3309.0
2026.05.22,30915.0,-5.0,31140.0,31150.0,30745.0,26716.0
2026.05.21,30920.0,2175.0,29910.0,30995.0,29910.0,14052.0
2026.05.20,28745.0,-290.0,29125.0,29125.0,27955.0,34204.0
2026.05.19,29035.0,-865.0,29350.0,29385.0,28355.0,9377.0
2026.05.18,29900.0,30.0,29770.0,30165.0,28500.0,43298.0
2026.05.15,29870.0,-1560.0,31430.0,31950.0,29400.0,5107.0
2026.05.14,31430.0,930.0,30735.0,31430.0,30735.0,2745.0
2026.05.13,30500.0,495.0,29455.0,30500.0,29010.0,6770.0
2026.05.12,30005.0,-660.0,30985.0,31040.0,29330.0,3696.0
2026.05.11,30665.0,915.0,30705.0,30735.0,30200.0,5322.0
2026.05.08,29750.0,25.0,29305.0,29800.0,29050.0,5078.0
2026.05.07,29725.0,550.0,29385.0,29800.0,29000.0,61356.0
2026.05.06,29175.0,1600.0,28770.0,29310.0,28370.0,15742.0
2026.05.04,27575.0,630.0,27220.0,27575.0,27210.0,11257.0
2026.04.30,26945.0,-430.0,27415.0,27550.0,26890.0,1815.0
2026.04.29,27375.0,205.0,27155.0,27380.0,26845.0,4702.0
2026.04.28,27465.0,235.0,27315.0,27635.0,27280.0,1381.0
2026.04.27,27230.0,290.0,26850.0,27275.0,26850.0,4609.0
2026.04.24,26940.0,-145.0,27150.0,27150.0,26770.0,2998.0
2026.04.23,27085.0,230.0,27320.0,27370.0,26530.0,3719.0
2026.04.22,26855.0,-35.0,26850.0,26870.0,26565.0,1352.0
2026.04.21,26890.0,565.0,26700.0,26890.0,26605.0,2816.0
2026.04.20,26325.0,-90.0,26460.0,26560.0,26235.0,768.0
2026.04.17,26415.0,-85.0,26500.0,26500.0,26280.0,644.0
2026.04.16,26500.0,570.0,26085.0,26500.0,26070.0,2054.0
2026.04.15,25930.0,490.0,25870.0,26205.0,25725.0,4468.0
2026.04.14,25440.0,540.0,25430.0,25510.0,25315.0,3497.0
2026.04.13,24900.0,-390.0,24585.0,24945.0,24585.0,2282.0
2026.04.10,25290.0,385.0,25395.0,25450.0,25190.0,1127.0
2026.04.09,24905.0,-415.0,25245.0,25275.0,24855.0,2489.0
2026.04.08,25320.0,1480.0,25090.0,25430.0,24960.0,5866.0
2026.04.07,23840.0,100.0,24190.0,24270.0,23650.0,3156.0
2026.04.06,23740.0,395.0,23465.0,23900.0,23465.0,1744.0
2026.04.03,23345.0,400.0,23455.0,23570.0,23110.0,1635.0
2026.04.02,22945.0,-950.0,24050.0,24095.0,22595.0,7963.0
2026.04.01,23895.0,1830.0,23130.0,23945.0,22960.0,16307.0
2026.03.31,22065.0,-700.0,22345.0,22660.0,22000.0,3175.0
2026.03.30,22765.0,-650.0,22400.0,22870.0,22340.0,6622.0
2026.03.27,23415.0,145.0,22695.0,23415.0,22460.0,1738.0
2026.03.26,23270.0,-695.0,23815.0,23815.0,23265.0,4000.0
2026.03.25,23965.0,330.0,24055.0,24290.0,23925.0,4344.0
2026.03.24,23635.0,470.0,23855.0,23885.0,23040.0,4562.0
2026.03.23,23165.0,-1580.0,23865.0,23890.0,23130.0,4220.0
2026.03.20,24745.0,245.0,24700.0,24905.0,24670.0,4632.0
2026.03.19,24500.0,-790.0,24535.0,24910.0,24465.0,4171.0
2026.03.18,25290.0,1155.0,24495.0,25290.0,24495.0,1947.0
2026.03.17,24135.0,580.0,24260.0,24270.0,24000.0,4874.0
2026.03.16,23555.0,55.0,23500.0,23660.0,23290.0,2240.0
2026.03.13,23500.0,-275.0,23100.0,23630.0,23100.0,1838.0
2026.03.12,23775.0,-300.0,23860.0,23960.0,23635.0,1295.0
2026.03.11,24075.0,330.0,24285.0,24565.0,23800.0,7214.0
2026.03.10,23745.0,965.0,23760.0,23990.0,23340.0,3080.0
2026.03.09,22780.0,-1335.0,22470.0,22780.0,22050.0,18011.0
2026.03.06,24115.0,-80.0,23580.0,24120.0,23270.0,15345.0
2026.03.05,24195.0,2015.0,24225.0,24640.0,23700.0,55065.0
2026.03.04,22180.0,-3210.0,24045.0,24535.0,21800.0,58464.0
2026.03.03,25390.0,-1900.0,26820.0,26850.0,25165.0,19746.0
2026.02.27,27290.0,-110.0,26860.0,27555.0,26595.0,19096.0
2026.02.26,27400.0,895.0,26740.0,27400.0,26645.0,14368.0
2026.02.25,26505.0,685.0,25940.0,26675.0,25890.0,62064.0
2026.02.24,25820.0,315.0,25600.0,25820.0,25100.0,13771.0
2026.02.23,25505.0,145.0,25795.0,25885.0,25350.0,7911.0
2026.02.20,25360.0,370.0,25155.0,25375.0,25040.0,3578.0
2026.02.19,24990.0,690.0,24740.0,24990.0,24680.0,44872.0
2026.02.13,24300.0,-75.0,24190.0,24585.0,24120.0,9183.0
2026.02.12,24375.0,845.0,23720.0,24375.0,23710.0,11114.0
2026.02.11,23530.0,460.0,22970.0,23605.0,22970.0,26002.0
2026.02.10,23070.0,240.0,23180.0,23200.0,22960.0,40820.0
2026.02.09,22830.0,735.0,22790.0,22945.0,22695.0,12448.0
2026.02.06,22095.0,-85.0,21790.0,22095.0,21250.0,10428.0
2026.02.05,22180.0,-760.0,22555.0,22705.0,22100.0,6227.0
2026.02.04,22940.0,540.0,22400.0,22940.0,22400.0,12927.0
2026.02.03,22400.0,1220.0,21800.0,22400.0,21700.0,11711.0
2026.02.02,21180.0,-870.0,21770.0,22030.0,21000.0,23929.0
2026.01.30,22050.0,-220.0,22165.0,22380.0,21970.0,6801.0
2026.01.29,22270.0,160.0,22345.0,22345.0,21750.0,56729.0
2026.01.28,22110.0,110.0,22095.0,22200.0,21930.0,5086.0
2026.01.27,22000.0,470.0,21400.0,22000.0,21215.0,3096.0
2026.01.26,21530.0,-40.0,21755.0,21870.0,21445.0,16208.0
2026.01.23,21570.0,10.0,21660.0,21915.0,21440.0,5053.0
2026.01.22,21560.0,-20.0,21810.0,22000.0,21375.0,4939.0
2026.01.21,21580.0,445.0,20775.0,21580.0,20775.0,7682.0
2026.01.20,21135.0,65.0,21065.0,21220.0,20785.0,2635.0
2026.01.19,21070.0,445.0,20550.0,21070.0,20550.0,44870.0
2026.01.16,20625.0,150.0,20645.0,20705.0,20465.0,5562.0
2026.01.15,20475.0,315.0,20100.0,20475.0,20065.0,7254.0
2026.01.14,20160.0,190.0,19900.0,20160.0,19795.0,4027.0
2026.01.13,19970.0,485.0,19690.0,19970.0,19570.0,2764.0
2026.01.12,19485.0,205.0,19540.0,19590.0,19270.0,7737.0
2026.01.09,19280.0,260.0,19135.0,19295.0,19000.0,8290.0
2026.01.08,19020.0,-205.0,19225.0,19345.0,19020.0,2607.0
2026.01.07,19225.0,95.0,19255.0,19400.0,19015.0,12176.0
2026.01.06,19130.0,125.0,19030.0,19130.0,18790.0,2524.0
2026.01.05,19005.0,675.0,18695.0,19005.0,18665.0,6573.0
2026.01.02,18330.0,275.0,18050.0,18355.0,18000.0,229974.0
2025.12.30,18055.0,-70.0,18025.0,18080.0,17955.0,11361.0
2025.12.29,18125.0,340.0,17825.0,18125.0,17785.0,33051.0
2025.12.26,17785.0,10.0,17790.0,17850.0,17725.0,132175.0
2025.12.24,17775.0,30.0,17745.0,17835.0,17715.0,2863.0
2025.12.23,17745.0,-5.0,17800.0,17825.0,17670.0,1162.0
2025.12.22,17750.0,255.0,17630.0,17750.0,17610.0,7225.0
2025.12.19,17495.0,165.0,17590.0,17590.0,17285.0,2980.0
2025.12.18,17330.0,-205.0,17410.0,17410.0,17200.0,2497.0
2025.12.17,17535.0,285.0,17465.0,17550.0,17370.0,6078.0
2025.12.16,17250.0,-305.0,17645.0,17645.0,17250.0,320692.0
2025.12.15,17555.0,-290.0,17640.0,17690.0,17545.0,13026.0
2025.12.12,17845.0,225.0,17730.0,17865.0,17685.0,2013.0
2025.12.11,17620.0,-120.0,17810.0,17885.0,17620.0,6907.0
2025.12.10,17740.0,-70.0,17845.0,17845.0,17660.0,2206.0
2025.12.09,17810.0,-100.0,17910.0,17910.0,17710.0,2576.0
2025.12.08,17910.0,-80.0,17940.0,17940.0,17820.0,3446.0
2025.12.05,17990.0,565.0,17525.0,17990.0,17440.0,12312.0
2025.12.04,17425.0,10.0,17430.0,17430.0,17285.0,2098.0
2025.12.03,17415.0,150.0,17325.0,17475.0,17245.0,2065.0
2025.12.02,17265.0,480.0,16950.0,17265.0,16950.0,2264.0
2025.12.01,16785.0,-140.0,16930.0,16940.0,16740.0,14753.0
2025.11.28,16925.0,-100.0,17035.0,17035.0,16850.0,5457.0
2025.11.27,17025.0,-75.0,17205.0,17230.0,17020.0,2547.0
2025.11.26,17100.0,475.0,16735.0,17100.0,16735.0,3229.0
2025.11.25,16625.0,175.0,16745.0,16750.0,16475.0,2632.0
2025.11.24,16450.0,25.0,16605.0,16685.0,16400.0,25999.0
2025.11.21,16425.0,-465.0,16585.0,16585.0,16335.0,2508.0
2025.11.20,16890.0,300.0,16830.0,17065.0,16830.0,942.0
2025.11.19,16590.0,-30.0,16570.0,16675.0,16310.0,1631.0
2025.11.18,16620.0,-450.0,16975.0,17055.0,16610.0,1914.0
2025.11.17,17070.0,110.0,17095.0,17095.0,16985.0,942.0
2025.11.14,16960.0,-675.0,17015.0,17220.0,16940.0,2177.0
2025.11.13,17635.0,185.0,17400.0,17635.0,17345.0,747.0
2025.11.12,17450.0,335.0,17195.0,17450.0,17150.0,2348.0
2025.11.11,17115.0,60.0,17250.0,17410.0,17055.0,4660.0
2025.11.10,17055.0,510.0,16665.0,17085.0,16665.0,4735.0
2025.11.07,16545.0,-315.0,16490.0,16820.0,16275.0,4481.0
2025.11.06,16860.0,165.0,16955.0,16955.0,16615.0,1880.0
2025.11.05,16695.0,-480.0,16995.0,16995.0,16190.0,9016.0
2025.11.04,17175.0,-350.0,17470.0,17500.0,17115.0,11380.0
2025.11.03,17525.0,275.0,17320.0,17525.0,17265.0,4221.0
2025.10.31,17250.0,245.0,17085.0,17280.0,16970.0,17870.0
2025.10.30,17005.0,135.0,16925.0,17320.0,16925.0,7720.0
2025.10.29,16870.0,125.0,16745.0,16890.0,16675.0,2097.0
2025.10.28,16745.0,-135.0,16750.0,16750.0,16580.0,6353.0
2025.10.27,16880.0,305.0,16755.0,16880.0,16720.0,5238.0
2025.10.24,16575.0,275.0,16490.0,16575.0,16355.0,4015.0
2025.10.23,16300.0,-205.0,16365.0,16555.0,16260.0,5779.0
2025.10.22,16505.0,180.0,16325.0,16505.0,16170.0,3147.0
2025.10.21,16325.0,100.0,16405.0,16615.0,16280.0,13154.0
2025.10.20,16225.0,135.0,16095.0,16260.0,15860.0,1691.0
2025.10.17,16090.0,85.0,15960.0,16175.0,15910.0,4676.0
2025.10.16,16005.0,370.0,15870.0,16020.0,15870.0,3230.0
2025.10.15,15635.0,310.0,15400.0,15655.0,15380.0,9286.0
2025.10.14,15325.0,0.0,15425.0,15575.0,15195.0,9130.0
2025.10.13,15325.0,-185.0,15280.0,15325.0,15105.0,10453.0
2025.10.10,15510.0,160.0,15375.0,15510.0,15350.0,1475.0
2025.10.02,15350.0,310.0,15180.0,15405.0,15180.0,1273.0
2025.10.01,15040.0,75.0,15040.0,15040.0,14965.0,12153.0
2025.09.30,14965.0,-80.0,15005.0,15015.0,14915.0,6346.0
2025.09.29,15045.0,220.0,15000.0,15045.0,14975.0,1740.0
2025.09.26,14825.0,-315.0,14960.0,14980.0,14735.0,2139.0
2025.09.25,15140.0,90.0,15045.0,15140.0,15020.0,1131.0
2025.09.24,15050.0,-75.0,15125.0,15125.0,14980.0,1614.0
2025.09.23,15125.0,0.0,15105.0,15180.0,15070.0,4995.0
2025.09.22,15125.0,275.0,15055.0,15145.0,15030.0,985.0
2025.09.19,14850.0,-100.0,14965.0,14980.0,14835.0,600.0
2025.09.18,14950.0,185.0,14865.0,14950.0,14825.0,380.0
2025.09.17,14765.0,-130.0,14895.0,14895.0,14750.0,3758.0
2025.09.16,14895.0,75.0,14820.0,14930.0,14815.0,2009.0
2025.09.15,14820.0,75.0,14745.0,14825.0,14720.0,14140.0
2025.09.12,14745.0,285.0,14655.0,14745.0,14600.0,4761.0
2025.09.11,14460.0,-15.0,14575.0,14575.0,14405.0,871.0
2025.09.10,14475.0,240.0,14235.0,14490.0,14235.0,3206.0
2025.09.09,14235.0,215.0,14110.0,14235.0,14080.0,2491.0
2025.09.08,14020.0,-20.0,14040.0,14040.0,13985.0,608.0
2025.09.05,14040.0,-55.0,14060.0,14070.0,14010.0,536.0
2025.09.04,14095.0,40.0,14030.0,14095.0,13970.0,509.0
2025.09.03,14055.0,110.0,13945.0,14055.0,13945.0,1445.0
2025.09.02,13945.0,75.0,13870.0,13945.0,13850.0,686.0
2025.09.01,13870.0,-85.0,13980.0,13980.0,13800.0,20824.0
2025.08.29,13955.0,-120.0,14095.0,14100.0,13955.0,7025.0
2025.08.28,14075.0,45.0,14000.0,14105.0,13995.0,185.0
2025.08.27,14030.0,35.0,14010.0,14030.0,13915.0,756.0
2025.08.26,13995.0,-140.0,14050.0,14065.0,13970.0,1875.0
2025.08.25,14135.0,130.0,14125.0,14135.0,14030.0,2519.0
2025.08.22,14005.0,-10.0,14120.0,14140.0,13985.0,4373.0
2025.08.21,14015.0,190.0,14060.0,14120.0,13985.0,3423.0
2025.08.20,13825.0,-70.0,13870.0,13870.0,13735.0,1828.0
2025.08.19,13895.0,-80.0,13970.0,13970.0,13840.0,1075.0
2025.08.18,13975.0,-155.0,14055.0,14060.0,13935.0,2084.0
2025.08.14,14130.0,5.0,14275.0,14275.0,14130.0,2745.0
2025.08.13,14125.0,60.0,14195.0,14195.0,14075.0,2729.0
2025.08.12,14065.0,-50.0,14190.0,14230.0,14065.0,308.0
2025.08.11,14115.0,-10.0,14250.0,14250.0,14065.0,2620.0
2025.08.08,14125.0,10.0,14175.0,14190.0,14110.0,1542.0
2025.08.07,14115.0,95.0,14145.0,14145.0,14070.0,3555.0
2025.08.06,14020.0,25.0,13955.0,14025.0,13930.0,850.0
2025.08.05,13995.0,155.0,14080.0,14085.0,13880.0,231302.0
2025.08.04,13840.0,175.0,13630.0,13840.0,13630.0,2500.0
2025.08.01,13665.0,-555.0,13985.0,14030.0,13640.0,11684.0
2025.07.31,14220.0,-190.0,14410.0,14410.0,14130.0,19545.0
2025.07.30,14410.0,160.0,14215.0,14455.0,14215.0,22990.0
2025.07.29,14250.0,130.0,13995.0,14250.0,13950.0,4633.0
2025.07.28,14120.0,-15.0,14220.0,14220.0,13990.0,4542.0
2025.07.25,14135.0,30.0,14080.0,14135.0,14050.0,4187.0
2025.07.24,14105.0,0.0,14185.0,14245.0,14020.0,2102.0
2025.07.23,14105.0,110.0,14060.0,14165.0,13925.0,1731.0
2025.07.22,13995.0,-180.0,14175.0,14220.0,13915.0,149211.0
2025.07.21,14175.0,140.0,14120.0,14175.0,14100.0,77559.0
2025.07.18,14035.0,-80.0,14115.0,14130.0,14000.0,1773.0
2025.07.17,14115.0,200.0,13995.0,14115.0,13870.0,5363.0
2025.07.16,13915.0,-210.0,14100.0,14100.0,13905.0,45944.0
2025.07.15,14125.0,15.0,14015.0,14140.0,14015.0,5545.0
2025.07.14,14110.0,255.0,13885.0,14110.0,13885.0,3334.0
2025.07.11,13855.0,25.0,13775.0,14005.0,13775.0,23554.0
2025.07.10,13830.0,115.0,13715.0,13830.0,13660.0,3701.0
2025.07.09,13715.0,15.0,13695.0,13725.0,13625.0,4712.0
2025.07.08,13700.0,270.0,13475.0,13700.0,13475.0,5811.0
2025.07.07,13430.0,20.0,13410.0,13510.0,13400.0,7114.0
2025.07.04,13410.0,-245.0,13660.0,13695.0,13410.0,6072.0
2025.07.03,13655.0,340.0,13435.0,13655.0,13435.0,5486.0
2025.07.02,13315.0,-25.0,13300.0,13325.0,13155.0,2089.0
2025.07.01,13340.0,190.0,13175.0,13485.0,13175.0,6263.0
2025.06.30,13150.0,30.0,13135.0,13230.0,13130.0,3476.0
2025.06.27,13120.0,-40.0,13230.0,13260.0,13075.0,41798.0
2025.06.26,13160.0,-175.0,13215.0,13255.0,13000.0,10781.0
2025.06.25,13335.0,125.0,13210.0,13335.0,13170.0,9604.0
2025.06.24,13210.0,465.0,13020.0,13210.0,13020.0,9102.0
2025.06.23,12745.0,-175.0,12800.0,12800.0,12625.0,2486.0
2025.06.20,12920.0,165.0,12745.0,12920.0,12745.0,1671.0
2025.06.19,12755.0,-15.0,12850.0,12850.0,12685.0,1154.0
2025.06.18,12770.0,135.0,12560.0,12800.0,12555.0,2268.0
2025.06.17,12635.0,-25.0,12590.0,12835.0,12590.0,8540.0
2025.06.16,12660.0,115.0,12545.0,12660.0,12410.0,687.0
2025.06.13,12545.0,-75.0,12625.0,12670.0,12435.0,5297.0
2025.06.12,12620.0,0.0,12620.0,12715.0,12615.0,23592.0
2025.06.11,12620.0,75.0,12550.0,12645.0,12520.0,12310.0
2025.06.10,12545.0,35.0,12645.0,12645.0,12445.0,4999.0
2025.06.09,12510.0,205.0,12485.0,12600.0,12440.0,11646.0
2025.06.05,12305.0,155.0,12160.0,12350.0,12135.0,13401.0
2025.06.04,12150.0,370.0,11835.0,12150.0,11835.0,1262.0
2025.06.02,11780.0,-50.0,11830.0,11885.0,11695.0,2747.0
2025.05.30,11830.0,-80.0,11845.0,11915.0,11815.0,2626.0
2025.05.29,11910.0,275.0,11765.0,11910.0,11750.0,1528.0
2025.05.28,11635.0,205.0,11530.0,11700.0,11515.0,840.0
2025.05.27,11430.0,-40.0,11460.0,11490.0,11400.0,1361.0
2025.05.26,11470.0,195.0,11285.0,11470.0,11285.0,1511.0
2025.05.23,11275.0,40.0,11245.0,11305.0,11245.0,769.0
2025.05.22,11235.0,-170.0,11370.0,11370.0,11215.0,1411.0
2025.05.21,11405.0,70.0,11395.0,11405.0,11355.0,329.0
2025.05.20,11335.0,70.0,11390.0,11395.0,11285.0,9824.0
2025.05.19,11265.0,-95.0,11320.0,11365.0,11250.0,637.0
2025.05.16,11360.0,-45.0,11370.0,11420.0,11325.0,1290.0
2025.05.15,11405.0,-55.0,11420.0,11445.0,11380.0,1788.0
2025.05.14,11460.0,155.0,11385.0,11480.0,11350.0,2018.0
2025.05.13,11305.0,-110.0,11350.0,11415.0,11305.0,3462.0
2025.05.12,11415.0,285.0,11230.0,11415.0,11225.0,746.0
2025.05.09,11130.0,20.0,11175.0,11175.0,11125.0,489.0
2025.05.08,11110.0,-10.0,11125.0,11165.0,11110.0,792.0
2025.05.07,11120.0,35.0,11205.0,11205.0,11105.0,401.0
2025.05.02,11085.0,20.0,11065.0,11085.0,11025.0,10613.0
2025.04.30,11065.0,25.0,11110.0,11115.0,11065.0,385.0
2025.04.29,11040.0,40.0,11015.0,11100.0,11015.0,223.0
2025.04.28,11370.0,15.0,11360.0,11380.0,11295.0,1297.0
2025.04.25,11355.0,65.0,11340.0,11385.0,11300.0,235.0
2025.04.24,11290.0,60.0,11250.0,11290.0,11200.0,5115.0
2025.04.23,11230.0,140.0,11200.0,11255.0,11200.0,2134.0
2025.04.22,11090.0,-45.0,11100.0,11137.0,11050.0,247.0
2025.04.21,11135.0,95.0,11095.0,11135.0,11065.0,275.0
2025.04.18,11040.0,80.0,10965.0,11060.0,10960.0,18441.0
2025.04.17,10960.0,80.0,10940.0,10970.0,10930.0,315.0
2025.04.16,10880.0,-165.0,10995.0,11015.0,10880.0,428.0
2025.04.15,11045.0,165.0,10925.0,11045.0,10920.0,1289.0
2025.04.14,10880.0,145.0,10890.0,10895.0,10835.0,2973.0
2025.04.11,10735.0,-135.0,10760.0,10760.0,10670.0,1289.0
2025.04.10,10870.0,505.0,10745.0,10870.0,10715.0,11957.0
2025.04.09,10365.0,-110.0,10465.0,10465.0,10320.0,1821.0
2025.04.08,10475.0,-95.0,10675.0,10715.0,10450.0,4048.0
2025.04.07,10570.0,-545.0,10715.0,10715.0,10500.0,3102.0
2025.04.04,11115.0,35.0,11035.0,11215.0,10980.0,1635.0
2025.04.03,11080.0,-260.0,11035.0,11150.0,11030.0,995.0
2025.04.02,11340.0,-40.0,11355.0,11355.0,11250.0,9737.0
2025.04.01,11380.0,185.0,11275.0,11380.0,11240.0,966.0
2025.03.31,11195.0,-275.0,11300.0,11310.0,11195.0,3369.0
2025.03.28,11470.0,-235.0,11670.0,11670.0,11470.0,646.0
2025.03.27,11705.0,-90.0,11670.0,11745.0,11665.0,525.0
2025.03.26,11795.0,60.0,11745.0,11805.0,11735.0,893.0
2025.03.25,11735.0,-15.0,11775.0,11795.0,11665.0,624.0
2025.03.24,11750.0,90.0,11660.0,11755.0,11660.0,1964.0
2025.03.21,11660.0,-40.0,11620.0,11740.0,11620.0,7859.0
2025.03.20,11700.0,120.0,11665.0,11710.0,11635.0,334.0
2025.03.19,11580.0,110.0,11540.0,11620.0,11540.0,1955.0
2025.03.18,11470.0,70.0,11520.0,11575.0,11470.0,1229.0
2025.03.17,11400.0,190.0,11330.0,11410.0,11330.0,1032.0
2025.03.14,11210.0,30.0,11225.0,11230.0,11190.0,241.0
2025.03.13,11180.0,-30.0,11300.0,11325.0,11180.0,1239.0
2025.03.12,11210.0,115.0,11100.0,11220.0,11090.0,2208.0
2025.03.11,11095.0,-160.0,11060.0,11115.0,11020.0,1206.0
2025.03.10,11255.0,85.0,11140.0,11255.0,11140.0,1177.0
2025.03.07,11170.0,-95.0,11150.0,11230.0,11150.0,1459.0
2025.03.06,11265.0,160.0,11185.0,11265.0,11165.0,1633.0
2025.03.05,11105.0,45.0,11165.0,11170.0,11010.0,20023.0
2025.03.04,11060.0,25.0,11045.0,11130.0,11000.0,1866.0
2025.02.28,11035.0,-390.0,11295.0,11295.0,11035.0,942.0
2025.02.27,11425.0,20.0,11415.0,11425.0,11355.0,2086.0
2025.02.26,11405.0,30.0,11350.0,11405.0,11315.0,3425.0
2025.02.25,11375.0,-65.0,11315.0,11400.0,11315.0,888.0
2025.02.24,11440.0,-25.0,11400.0,11440.0,11355.0,6570.0
2025.02.21,11465.0,-5.0,11470.0,11470.0,11425.0,800.0
2025.02.20,11470.0,20.0,11415.0,11470.0,11400.0,341.0
2025.02.19,11450.0,175.0,11330.0,11490.0,11330.0,5486.0
2025.02.18,11275.0,55.0,11210.0,11305.0,11180.0,1530.0
2025.02.17,11220.0,85.0,11150.0,11220.0,11135.0,4788.0
2025.02.14,11135.0,65.0,11130.0,11180.0,11100.0,4254.0
2025.02.13,11070.0,95.0,11085.0,11105.0,11055.0,4425.0
2025.02.12,10975.0,-35.0,10955.0,11020.0,10940.0,2611.0
2025.02.11,11010.0,65.0,10950.0,11030.0,10935.0,10186.0
2025.02.10,10945.0,25.0,10830.0,10975.0,10830.0,4830.0
2025.02.07,10920.0,-95.0,10940.0,10985.0,10920.0,1483.0
2025.02.06,11015.0,75.0,10975.0,11015.0,10920.0,197.0
2025.02.05,10940.0,90.0,10930.0,10970.0,10930.0,580.0
2025.02.04,10850.0,105.0,10830.0,10985.0,10830.0,5695.0
2025.02.03,10745.0,-265.0,10770.0,10790.0,10655.0,10176.0
2025.01.31,11010.0,50.0,10895.0,11010.0,10890.0,2630.0
2025.01.24,10960.0,45.0,10935.0,10970.0,10900.0,416.0
2025.01.23,10915.0,-75.0,10990.0,11000.0,10905.0,173331.0
2025.01.22,10990.0,65.0,10925.0,11005.0,10925.0,717.0
2025.01.21,10925.0,-5.0,11015.0,11045.0,10865.0,1297.0
2025.01.20,10930.0,-5.0,10950.0,10975.0,10930.0,477.0
2025.01.17,10935.0,-65.0,11010.0,11010.0,10905.0,29897.0
2025.01.16,11000.0,80.0,11030.0,11050.0,10995.0,23389.0
2025.01.15,10920.0,-15.0,11055.0,11095.0,10900.0,786.0
2025.01.14,10935.0,-10.0,10965.0,10995.0,10935.0,370.0
2025.01.13,10945.0,-100.0,11020.0,11055.0,10920.0,347.0
2025.01.10,11045.0,40.0,11060.0,11095.0,10980.0,2650.0
2025.01.09,11005.0,-45.0,11090.0,11145.0,11005.0,18863.0
2025.01.08,11050.0,125.0,10930.0,11110.0,10920.0,1686.0
2025.01.07,10925.0,-5.0,11040.0,11075.0,10925.0,16765.0
2025.01.06,10930.0,120.0,10815.0,10965.0,10790.0,6345.0
2025.01.03,10810.0,120.0,10745.0,10880.0,10745.0,11246.0
2025.01.02,10690.0,5.0,10665.0,10695.0,10620.0,10018.0
2024.12.30,10685.0,-80.0,10735.0,10840.0,10685.0,29441.0
2024.12.27,10765.0,-70.0,10785.0,10815.0,10710.0,84941.0
2024.12.26,10835.0,-65.0,10865.0,10890.0,10805.0,47275.0
2024.12.24,10900.0,30.0,10895.0,10900.0,10870.0,165.0
2024.12.23,10870.0,180.0,10800.0,10895.0,10765.0,127202.0
2024.12.20,10690.0,-125.0,10700.0,10725.0,10630.0,51937.0
2024.12.19,10815.0,-220.0,10805.0,10865.0,10805.0,586.0
2024.12.18,11035.0,215.0,10925.0,11040.0,10910.0,3025.0
2024.12.17,10820.0,-165.0,10910.0,10930.0,10795.0,2118.0
2024.12.16,10985.0,-100.0,11110.0,11155.0,10950.0,44056.0
2024.12.13,11085.0,-5.0,11030.0,11085.0,10985.0,569.0
2024.12.12,11090.0,165.0,10965.0,11090.0,10955.0,30209.0
2024.12.11,10925.0,120.0,10780.0,10925.0,10775.0,45794.0
2024.12.10,10805.0,195.0,10705.0,10805.0,10705.0,4853.0
2024.12.09,10610.0,-300.0,10760.0,10760.0,10610.0,5625.0
2024.12.06,10910.0,-25.0,11000.0,11040.0,10820.0,51554.0
2024.12.05,10935.0,-195.0,11040.0,11055.0,10910.0,1187.0
2024.12.04,11130.0,-270.0,11225.0,11295.0,11055.0,1620.0
2024.12.03,11400.0,205.0,11330.0,11420.0,11315.0,23127.0
2024.12.02,11195.0,40.0,11210.0,11275.0,11165.0,1764.0
2024.11.29,11155.0,-155.0,11290.0,11290.0,11100.0,221345.0
2024.11.28,11310.0,-20.0,11290.0,11345.0,11280.0,10778.0
2024.11.27,11330.0,25.0,11300.0,11390.0,11295.0,1643.0
2024.11.26,11305.0,0.0,11265.0,11305.0,11240.0,806.0
2024.11.25,11305.0,80.0,11300.0,11355.0,11275.0,10988.0
2024.11.22,11225.0,25.0,11275.0,11280.0,11225.0,1049.0
2024.11.21,11200.0,15.0,11125.0,11235.0,11115.0,1827.0
2024.11.20,11185.0,105.0,11145.0,11195.0,11125.0,378.0
2024.11.19,11080.0,30.0,11110.0,11125.0,11080.0,449.0
2024.11.18,11050.0,260.0,10985.0,11090.0,10975.0,5862.0
2024.11.15,10790.0,75.0,10795.0,10815.0,10700.0,4647.0
2024.11.14,10715.0,10.0,10695.0,10790.0,10695.0,3213.0
2024.11.13,10705.0,-210.0,10845.0,10865.0,10690.0,960.0
2024.11.12,10915.0,-180.0,11040.0,11095.0,10915.0,907.0
2024.11.11,11095.0,-55.0,11040.0,11105.0,11010.0,1851.0
2024.11.08,11150.0,-50.0,11275.0,11275.0,11120.0,3115.0
2024.11.07,11200.0,5.0,11135.0,11280.0,11135.0,533.0
2024.11.06,11195.0,0.0,11155.0,11220.0,11125.0,3216.0
2024.11.05,11195.0,0.0,11095.0,11205.0,11090.0,321000.0
2024.11.04,11195.0,65.0,11125.0,11195.0,11120.0,782.0
2024.11.01,11130.0,55.0,11100.0,11180.0,11095.0,25040.0
2024.10.31,11075.0,-210.0,11115.0,11205.0,11075.0,6150.0
2024.10.30,11285.0,-120.0,11365.0,11365.0,11240.0,507.0
2024.10.29,11405.0,50.0,11325.0,11405.0,11325.0,108.0
2024.10.28,11355.0,-10.0,11370.0,11375.0,11320.0,2283.0
2024.10.25,11365.0,120.0,11380.0,11445.0,11335.0,1665.0
2024.10.24,11245.0,-175.0,11335.0,11340.0,11245.0,2264.0
2024.10.23,11420.0,115.0,11345.0,11435.0,11295.0,987.0
2024.10.22,11305.0,-80.0,11285.0,11335.0,11270.0,885.0
2024.10.21,11385.0,15.0,11375.0,11430.0,11360.0,1683.0
2024.10.18,11370.0,-50.0,11405.0,11410.0,11355.0,2096.0
2024.10.17,11420.0,5.0,11440.0,11475.0,11370.0,1499.0
2024.10.16,11415.0,-65.0,11345.0,11460.0,11340.0,851.0
2024.10.15,11480.0,40.0,11440.0,11500.0,11425.0,1506.0
2024.10.14,11440.0,180.0,11370.0,11465.0,11365.0,192.0
2024.10.11,11260.0,15.0,11300.0,11325.0,11260.0,11490.0
2024.10.10,11245.0,25.0,11265.0,11300.0,11220.0,1283.0
2024.10.08,11220.0,-75.0,11210.0,11225.0,11180.0,477.0
2024.10.07,11295.0,150.0,11110.0,11295.0,11080.0,1944.0
2024.10.04,11145.0,15.0,11120.0,11150.0,11090.0,517.0
2024.10.02,11130.0,-115.0,11125.0,11240.0,11090.0,1925.0
2024.09.30,11245.0,-270.0,11510.0,11510.0,11245.0,8831.0
2024.09.27,11515.0,-25.0,11605.0,11630.0,11515.0,906.0
2024.09.26,11540.0,320.0,11350.0,11540.0,11350.0,1520.0
2024.09.25,11220.0,-225.0,11525.0,11525.0,11220.0,837.0
2024.09.24,11445.0,65.0,11430.0,11445.0,11290.0,1238.0
2024.09.23,11380.0,-20.0,11395.0,11395.0,11330.0,921.0
2024.09.20,11400.0,-20.0,11500.0,11540.0,11400.0,11289.0
2024.09.19,11420.0,110.0,11360.0,11420.0,11310.0,1374.0
2024.09.13,11310.0,135.0,11320.0,11350.0,11255.0,1593.0
2024.09.12,11175.0,190.0,11085.0,11175.0,11070.0,6062.0
2024.09.11,10985.0,-290.0,11175.0,11190.0,10930.0,276992.0
2024.09.10,11275.0,-10.0,11250.0,11300.0,11225.0,672.0
2024.09.09,11285.0,-90.0,11175.0,11285.0,11150.0,1149.0
2024.09.06,11375.0,-65.0,11425.0,11430.0,11285.0,2178.0
2024.09.05,11440.0,-5.0,11505.0,11530.0,11385.0,616.0
2024.09.04,11445.0,-300.0,11545.0,11560.0,11420.0,91430.0
2024.09.03,11745.0,-20.0,11755.0,11850.0,11730.0,48052.0
2024.09.02,11765.0,-15.0,11735.0,11790.0,11660.0,3365.0
2024.08.30,11780.0,-30.0,11870.0,11885.0,11780.0,3570.0
2024.08.29,11810.0,-80.0,11840.0,11850.0,11780.0,95733.0
2024.08.28,11890.0,-60.0,11975.0,11985.0,11815.0,2414.0
2024.08.27,11950.0,-85.0,12035.0,12035.0,11905.0,2779.0
2024.08.26,12035.0,45.0,12030.0,12080.0,11975.0,20342.0
2024.08.23,11990.0,30.0,11915.0,12035.0,11915.0,41139.0
2024.08.22,11960.0,-25.0,11980.0,11980.0,11900.0,9671.0
2024.08.21,11985.0,25.0,11965.0,11985.0,11930.0,6327.0
2024.08.20,11960.0,135.0,11985.0,11990.0,11950.0,2803.0
2024.08.19,11825.0,-15.0,11825.0,11905.0,11780.0,608.0
2024.08.16,11840.0,245.0,11795.0,11845.0,11750.0,2329.0
2024.08.14,11595.0,30.0,11705.0,11705.0,11575.0,414769.0
2024.08.13,11565.0,35.0,11585.0,11590.0,11530.0,22553.0
2024.08.12,11530.0,75.0,11490.0,11545.0,11465.0,3665.0
2024.08.09,11455.0,135.0,11510.0,11510.0,11405.0,2913.0
2024.08.08,11320.0,15.0,11225.0,11385.0,11180.0,102475.0
2024.08.07,11305.0,145.0,11045.0,11430.0,11040.0,7795.0
2024.08.06,11160.0,370.0,11260.0,11405.0,11000.0,22849.0
2024.08.05,10790.0,-1060.0,11430.0,11430.0,10705.0,22439.0
2024.08.02,11850.0,-425.0,12025.0,12070.0,11800.0,5279.0
2024.08.01,12275.0,25.0,12315.0,12350.0,12275.0,7409.0
2024.07.31,12250.0,135.0,12115.0,12250.0,12110.0,12833.0
2024.07.30,12115.0,-115.0,12115.0,12160.0,12090.0,2204.0
2024.07.29,12230.0,155.0,12160.0,12300.0,12150.0,5440.0
2024.07.26,12075.0,175.0,11955.0,12075.0,11950.0,8052.0
2024.07.25,11900.0,-155.0,11960.0,11975.0,11870.0,8378.0
2024.07.24,12055.0,-115.0,12110.0,12145.0,12035.0,4169.0
2024.07.23,12170.0,80.0,12185.0,12235.0,12170.0,6331.0
2024.07.22,12090.0,10.0,12150.0,12150.0,11975.0,10653.0
2024.07.19,12080.0,-155.0,12115.0,12140.0,12030.0,9537.0
2024.07.18,12235.0,-60.0,12155.0,12235.0,12125.0,672.0
2024.07.17,12295.0,-20.0,12335.0,12340.0,12280.0,695010.0
2024.07.16,12315.0,90.0,12290.0,12345.0,12270.0,1056.0
2024.07.15,12225.0,20.0,12165.0,12255.0,12145.0,11614.0
2024.07.12,12205.0,-80.0,12285.0,12285.0,12115.0,1751.0
2024.07.11,12285.0,30.0,12345.0,12370.0,12270.0,5560.0
2024.07.10,12255.0,5.0,12210.0,12270.0,12190.0,21829.0
2024.07.09,12250.0,-50.0,12280.0,12315.0,12155.0,2902.0
2024.07.08,12300.0,-80.0,12380.0,12385.0,12265.0,2438.0
2024.07.05,12380.0,175.0,12320.0,12410.0,12280.0,4915.0
2024.07.04,12205.0,225.0,12035.0,12205.0,12035.0,1909.0
2024.07.03,11980.0,65.0,11980.0,12050.0,11965.0,1977.0
2024.07.02,11915.0,-85.0,11970.0,11970.0,11895.0,3445.0
2024.07.01,12000.0,0.0,12045.0,12055.0,11970.0,13284.0
2024.06.28,12000.0,20.0,12000.0,12035.0,11960.0,4505.0
2024.06.27,11980.0,55.0,11860.0,11980.0,11805.0,2308.0
2024.06.26,11925.0,35.0,11780.0,11925.0,11775.0,1265.0
2024.06.25,11890.0,85.0,11865.0,11910.0,11850.0,2306.0
2024.06.24,11805.0,5.0,11750.0,11810.0,11735.0,2592.0
2024.06.21,11800.0,-105.0,11825.0,11855.0,11745.0,52534.0
2024.06.20,11905.0,110.0,11780.0,11905.0,11780.0,3644.0
2024.06.19,11795.0,140.0,11735.0,11805.0,11730.0,4323.0
2024.06.18,11655.0,95.0,11600.0,11680.0,11600.0,1407.0
2024.06.17,11560.0,-30.0,11630.0,11650.0,11530.0,2203.0
2024.06.14,11590.0,55.0,11535.0,11645.0,11485.0,909.0
2024.06.13,11535.0,100.0,11555.0,11650.0,11535.0,5339.0
2024.06.12,11435.0,90.0,11375.0,11435.0,11350.0,5025.0
2024.06.11,11345.0,-25.0,11420.0,11455.0,11345.0,5539.0
2024.06.10,11370.0,-100.0,11335.0,11470.0,11330.0,4376.0
2024.06.07,11470.0,90.0,11520.0,11585.0,11415.0,3577.0
2024.06.05,11380.0,45.0,11400.0,11435.0,11310.0,2584.0
2024.06.04,11335.0,-135.0,11455.0,11455.0,11310.0,936.0
2024.06.03,11470.0,165.0,11395.0,11530.0,11395.0,8530.0
2024.05.31,11305.0,50.0,11375.0,11395.0,11305.0,8553.0
2024.05.30,11255.0,-150.0,11320.0,11355.0,11255.0,1538.0
2024.05.29,11405.0,-85.0,11465.0,11505.0,11365.0,1891.0
2024.05.28,11490.0,-15.0,11460.0,11550.0,11460.0,1791.0
2024.05.27,11505.0,95.0,11400.0,11505.0,11385.0,3789.0
2024.05.24,11410.0,-155.0,11390.0,11435.0,11375.0,917.0
2024.05.23,11565.0,-25.0,11505.0,11585.0,11470.0,658987.0
2024.05.22,11590.0,-35.0,11550.0,11640.0,11505.0,1403.0
2024.05.21,11625.0,-45.0,11610.0,11635.0,11555.0,25898.0
2024.05.20,11670.0,150.0,11570.0,11705.0,11560.0,89065.0
2024.05.17,11520.0,-105.0,11615.0,11625.0,11505.0,1397.0
2024.05.16,11625.0,100.0,11670.0,11710.0,11590.0,15225.0
2024.05.14,11525.0,-10.0,11485.0,11535.0,11485.0,263.0
2024.05.13,11535.0,50.0,11500.0,11630.0,11500.0,1753.0
2024.05.10,11485.0,85.0,11520.0,11540.0,11485.0,3870.0
2024.05.09,11400.0,-100.0,11500.0,11535.0,11380.0,321536.0
2024.05.08,11500.0,110.0,11430.0,11535.0,11420.0,9276.0
2024.05.07,11390.0,195.0,11415.0,11415.0,11350.0,6869.0
2024.05.03,11195.0,-45.0,11320.0,11320.0,11195.0,170.0
2024.05.02,11240.0,-60.0,11290.0,11310.0,11240.0,7528.0
2024.04.30,11300.0,-65.0,11335.0,11395.0,11300.0,6676.0
2024.04.29,11365.0,75.0,11335.0,11365.0,11275.0,2625.0
2024.04.26,11635.0,205.0,11505.0,11655.0,11480.0,5134.0
2024.04.25,11430.0,-100.0,11420.0,11505.0,11400.0,1023.0
2024.04.24,11530.0,95.0,11515.0,11585.0,11495.0,1812.0
2024.04.23,11435.0,30.0,11410.0,11510.0,11405.0,26684.0
2024.04.22,11405.0,330.0,11260.0,11405.0,11260.0,302252.0
2024.04.19,11075.0,-145.0,11080.0,11105.0,10950.0,3818.0
2024.04.18,11220.0,130.0,11120.0,11220.0,11120.0,1421.0
2024.04.17,11090.0,-125.0,11250.0,11265.0,11080.0,11072.0
2024.04.16,11215.0,-190.0,11345.0,11345.0,11160.0,5158.0
2024.04.15,11405.0,15.0,11315.0,11425.0,11255.0,5688.0
2024.04.12,11390.0,-235.0,11550.0,11550.0,11385.0,6115.0
2024.04.11,11625.0,20.0,11330.0,11640.0,11330.0,4439.0
2024.04.09,11605.0,-70.0,11745.0,11770.0,11595.0,7465.0
2024.04.08,11675.0,60.0,11655.0,11765.0,11640.0,7741.0
2024.04.05,11615.0,-40.0,11575.0,11675.0,11575.0,1036.0
2024.04.04,11655.0,155.0,11565.0,11680.0,11560.0,24350.0
2024.04.03,11500.0,-120.0,11595.0,11595.0,11500.0,3656.0
2024.04.02,11620.0,-25.0,11585.0,11650.0,11565.0,38352.0
2024.04.01,11645.0,-55.0,11745.0,11750.0,11615.0,15779.0
2024.03.29,11700.0,-20.0,11725.0,11765.0,11675.0,3284.0
2024.03.28,11720.0,5.0,11730.0,11775.0,11705.0,4964.0
2024.03.27,11715.0,-105.0,11745.0,11780.0,11665.0,131034.0
2024.03.26,11820.0,90.0,11790.0,11895.0,11780.0,7213.0
2024.03.25,11730.0,-120.0,11865.0,11875.0,11690.0,9603.0
2024.03.22,11850.0,-65.0,11895.0,11925.0,11775.0,3306.0
2024.03.21,11915.0,295.0,11755.0,11915.0,11725.0,194544.0
2024.03.20,11620.0,235.0,11605.0,11645.0,11545.0,6806.0
2024.03.19,11385.0,-175.0,11510.0,11510.0,11385.0,3533.0
2024.03.18,11560.0,-60.0,11640.0,11640.0,11480.0,2272.0
2024.03.15,11620.0,-180.0,11795.0,11825.0,11620.0,24272.0
2024.03.14,11800.0,185.0,11615.0,11825.0,11610.0,13404.0
2024.03.13,11615.0,155.0,11510.0,11615.0,11510.0,1897.0
2024.03.12,11460.0,10.0,11420.0,11475.0,11405.0,4622.0
2024.03.11,11450.0,-95.0,11515.0,11515.0,11420.0,6394.0
2024.03.08,11545.0,85.0,11470.0,11545.0,11470.0,14486.0
2024.03.07,11460.0,25.0,11450.0,11490.0,11430.0,2551.0
2024.03.06,11435.0,-20.0,11375.0,11450.0,11350.0,8981.0
2024.03.05,11455.0,-95.0,11525.0,11610.0,11425.0,13367.0
2024.03.04,11550.0,185.0,11435.0,11550.0,11395.0,26813.0
2024.02.29,11365.0,100.0,11290.0,11365.0,11270.0,6437.0
2024.02.28,11265.0,200.0,11075.0,11290.0,11065.0,840.0
2024.02.27,11065.0,-50.0,11030.0,11135.0,11020.0,20523.0
2024.02.26,11115.0,-225.0,11250.0,11250.0,10995.0,8629.0
2024.02.23,11340.0,100.0,11395.0,11410.0,11285.0,7820.0
2024.02.22,11240.0,10.0,11295.0,11295.0,11145.0,3413.0
2024.02.21,11230.0,-45.0,11250.0,11330.0,11165.0,5012.0
2024.02.20,11275.0,-180.0,11370.0,11430.0,11160.0,69690.0
2024.02.19,11455.0,235.0,11410.0,11465.0,11390.0,2517.0
2024.02.16,11220.0,215.0,11020.0,11220.0,11010.0,5335.0
2024.02.15,11005.0,-110.0,11115.0,11115.0,10980.0,1045.0
2024.02.14,11115.0,-190.0,11160.0,11180.0,11100.0,9464.0
2024.02.13,11305.0,95.0,11360.0,11410.0,11265.0,2920.0
2024.02.08,11210.0,5.0,11135.0,11255.0,11135.0,9158.0
2024.02.07,11205.0,260.0,10950.0,11215.0,10950.0,4175.0
2024.02.06,10945.0,-160.0,11105.0,11120.0,10940.0,3385.0
2024.02.05,11105.0,-110.0,11215.0,11215.0,10850.0,26963.0
2024.02.02,11215.0,430.0,10905.0,11215.0,10835.0,31110.0
2024.02.01,10785.0,375.0,10500.0,10785.0,10500.0,8908.0
2024.01.31,10410.0,80.0,10315.0,10410.0,10295.0,2274.0
2024.01.30,10330.0,-10.0,10355.0,10420.0,10315.0,2388.0
2024.01.29,10340.0,210.0,10125.0,10360.0,10125.0,1738.0
2024.01.26,10130.0,0.0,10115.0,10175.0,10095.0,1139.0
2024.01.25,10130.0,105.0,10025.0,10130.0,10025.0,101496.0
2024.01.24,10025.0,-5.0,9980.0,10030.0,9980.0,102321.0
2024.01.23,10030.0,125.0,9940.0,10045.0,9935.0,206280.0
2024.01.22,9905.0,60.0,9885.0,9930.0,9885.0,639.0
2024.01.19,9845.0,75.0,9815.0,9850.0,9815.0,210.0
2024.01.18,9770.0,10.0,9720.0,9770.0,9705.0,932.0
2024.01.17,9760.0,-205.0,9880.0,9880.0,9760.0,559.0
2024.01.16,9965.0,-140.0,10070.0,10070.0,9965.0,504.0
2024.01.15,10105.0,100.0,10055.0,10105.0,10045.0,5021.0
2024.01.12,10005.0,-95.0,10055.0,10055.0,9995.0,901.0
2024.01.11,10100.0,5.0,10115.0,10115.0,10050.0,2125.0
2024.01.10,10095.0,-60.0,10155.0,10155.0,10060.0,209.0
2024.01.09,10155.0,-35.0,10225.0,10225.0,10135.0,1310.0
2024.01.08,10190.0,-30.0,10240.0,10240.0,10150.0,2923.0
2024.01.05,10220.0,-25.0,10215.0,10220.0,10190.0,129.0
2024.01.04,10245.0,-90.0,10315.0,10315.0,10220.0,1560.0
2024.01.03,10335.0,-275.0,10545.0,10545.0,10335.0,72508.0
2024.01.02,10610.0,5.0,10600.0,10640.0,10515.0,69631.0
2023.12.28,10605.0,0.0,10490.0,10605.0,10490.0,9985.0
2023.12.27,10605.0,205.0,10405.0,10605.0,10325.0,117208.0
2023.12.26,10400.0,40.0,10360.0,10400.0,10330.0,4548.0
2023.12.22,10360.0,75.0,10325.0,10370.0,10325.0,1262.0
2023.12.21,10285.0,-55.0,10260.0,10285.0,10260.0,732.0
2023.12.20,10340.0,210.0,10145.0,10340.0,10145.0,11209.0
2023.12.19,10130.0,-10.0,10120.0,10135.0,10105.0,60.0
2023.12.18,10140.0,-20.0,10100.0,10140.0,10080.0,2690.0
2023.12.15,10160.0,120.0,10135.0,10185.0,10105.0,7014.0
2023.12.14,10040.0,45.0,10085.0,10085.0,10040.0,114.0
2023.12.13,9995.0,-50.0,10025.0,10070.0,9995.0,1351.0
2023.12.12,10045.0,35.0,10055.0,10070.0,10000.0,1045.0
2023.12.11,10010.0,35.0,9950.0,10010.0,9930.0,1329.0
2023.12.08,9975.0,80.0,9900.0,9975.0,9900.0,3456.0
2023.12.07,9895.0,-40.0,9920.0,9920.0,9840.0,1521.0
2023.12.06,9935.0,25.0,9930.0,9975.0,9930.0,643.0
2023.12.05,9910.0,-35.0,9915.0,9945.0,9910.0,133.0
2023.12.04,9945.0,40.0,9985.0,9985.0,9925.0,128.0
2023.12.01,9905.0,-80.0,9955.0,9955.0,9875.0,1874.0
2023.11.30,9985.0,60.0,9890.0,9985.0,9840.0,590.0
2023.11.29,9925.0,-20.0,9950.0,9950.0,9900.0,358.0
2023.11.28,9945.0,35.0,9895.0,9965.0,9895.0,9486.0
2023.11.27,9910.0,-5.0,9925.0,9925.0,9875.0,14818.0
2023.11.24,9915.0,-65.0,9965.0,9965.0,9890.0,1676.0
2023.11.23,9980.0,45.0,9945.0,9980.0,9915.0,1633.0
2023.11.22,9935.0,-20.0,9910.0,9945.0,9865.0,4327.0
2023.11.21,9955.0,40.0,9925.0,9955.0,9925.0,77.0
2023.11.20,9915.0,65.0,9850.0,9915.0,9850.0,98.0
2023.11.17,9850.0,-50.0,9840.0,9870.0,9840.0,1428.0
2023.11.16,9900.0,20.0,9880.0,9900.0,9875.0,180.0
2023.11.15,9880.0,200.0,9780.0,9885.0,9755.0,1935.0
2023.11.14,9680.0,75.0,9670.0,9705.0,9670.0,583.0
2023.11.13,9605.0,-40.0,9640.0,9650.0,9605.0,35.0
2023.11.10,9645.0,-30.0,9630.0,9645.0,9570.0,307.0
2023.11.09,9675.0,70.0,9655.0,9675.0,9620.0,952.0
2023.11.08,9605.0,5.0,9600.0,9605.0,9580.0,478.0
2023.11.07,9600.0,-55.0,9610.0,9675.0,9545.0,2762.0
2023.11.06,9655.0,180.0,9505.0,9655.0,9505.0,597.0
2023.11.03,9475.0,70.0,9430.0,9475.0,9420.0,909.0
2023.11.02,9405.0,45.0,9475.0,9475.0,9380.0,1439.0
2023.11.01,9360.0,105.0,9320.0,9360.0,9260.0,1198.0
2023.10.31,9255.0,-30.0,9350.0,9355.0,9210.0,207.0
2023.10.30,9285.0,-50.0,9290.0,9305.0,9230.0,6391.0
2023.10.27,9335.0,-25.0,9380.0,9380.0,9320.0,56.0
2023.10.26,9360.0,-165.0,9405.0,9430.0,9345.0,8225.0
2023.10.25,9525.0,30.0,9495.0,9550.0,9485.0,6816.0
2023.10.24,9495.0,20.0,9475.0,9495.0,9370.0,484.0
2023.10.23,9475.0,-70.0,9495.0,9495.0,9435.0,2532.0
2023.10.20,9545.0,-95.0,9560.0,9590.0,9505.0,2060.0
2023.10.19,9640.0,-160.0,9675.0,9690.0,9640.0,1169.0
2023.10.18,9800.0,140.0,9730.0,9800.0,9725.0,86.0
2023.10.17,9660.0,30.0,9635.0,9690.0,9625.0,2536.0
2023.10.16,9630.0,-5.0,9635.0,9670.0,9560.0,6169.0
2023.10.13,9635.0,-55.0,9600.0,9670.0,9600.0,411.0
2023.10.12,9690.0,0.0,9675.0,9690.0,9660.0,115.0
2023.10.11,9690.0,85.0,9725.0,9730.0,9660.0,567.0
2023.10.10,9605.0,45.0,9640.0,9660.0,9605.0,1036.0
2023.10.06,9560.0,55.0,9545.0,9570.0,9530.0,3237.0
2023.10.05,9505.0,-65.0,9565.0,9565.0,9490.0,413.0
2023.10.04,9570.0,-185.0,9605.0,9630.0,9530.0,4848.0
2023.09.27,9755.0,0.0,9705.0,9775.0,9705.0,947.0
2023.09.26,9755.0,-120.0,9815.0,9820.0,9725.0,939.0
2023.09.25,9875.0,50.0,9850.0,9880.0,9800.0,15437.0
2023.09.22,9825.0,-25.0,9795.0,9825.0,9770.0,34858.0
2023.09.21,9850.0,-105.0,9880.0,9885.0,9825.0,19398.0
2023.09.20,9955.0,40.0,9945.0,9975.0,9925.0,27983.0
2023.09.19,9915.0,-35.0,9920.0,9940.0,9900.0,6339.0
2023.09.18,9950.0,-120.0,9950.0,9990.0,9950.0,896.0
2023.09.15,10070.0,195.0,9975.0,10070.0,9975.0,950.0
2023.09.14,9875.0,70.0,9845.0,9875.0,9845.0,60.0
2023.09.13,9805.0,40.0,9770.0,9820.0,9770.0,119.0
2023.09.12,9765.0,-50.0,9805.0,9835.0,9760.0,1396.0
2023.09.11,9815.0,95.0,9730.0,9815.0,9710.0,1439.0
2023.09.08,9720.0,50.0,9755.0,9755.0,9660.0,85267.0
2023.09.07,9670.0,-30.0,9690.0,9690.0,9645.0,82276.0
2023.09.06,9700.0,-65.0,9760.0,9760.0,9690.0,1974.0
2023.09.05,9765.0,-35.0,9730.0,9765.0,9730.0,486.0
2023.09.04,9800.0,55.0,9745.0,9800.0,9735.0,135.0
2023.09.01,9745.0,120.0,9625.0,9745.0,9625.0,52449.0
2023.08.31,9625.0,15.0,9625.0,9625.0,9625.0,10.0
2023.08.30,9610.0,5.0,9640.0,9640.0,9610.0,1213.0
2023.08.29,9605.0,35.0,9560.0,9605.0,9560.0,1468.0
2023.08.28,9570.0,65.0,9540.0,9570.0,9515.0,1337.0
2023.08.25,9505.0,-60.0,9500.0,9510.0,9500.0,454.0
2023.08.24,9565.0,55.0,9540.0,9565.0,9530.0,433.0
2023.08.23,9510.0,75.0,9510.0,9510.0,9510.0,121.0
2023.08.22,9435.0,-40.0,9465.0,9480.0,9435.0,768.0
2023.08.21,9475.0,45.0,9445.0,9500.0,9430.0,9175.0
2023.08.18,9430.0,-70.0,9395.0,9495.0,9395.0,60667.0
2023.08.17,9500.0,-25.0,9370.0,9500.0,9370.0,17674.0
2023.08.16,9525.0,-75.0,9515.0,9535.0,9475.0,779.0
2023.08.14,9600.0,-95.0,9660.0,9660.0,9590.0,89.0
2023.08.11,9695.0,25.0,9710.0,9710.0,9695.0,20.0
2023.08.10,9670.0,-25.0,9630.0,9670.0,9620.0,372.0
2023.08.09,9695.0,55.0,9665.0,9695.0,9660.0,1473.0
2023.08.08,9640.0,-40.0,9700.0,9715.0,9640.0,252.0
2023.08.07,9680.0,-10.0,9635.0,9710.0,9630.0,3146.0
2023.08.04,9690.0,20.0,9685.0,9690.0,9640.0,621.0
2023.08.03,9670.0,-30.0,9755.0,9765.0,9630.0,149.0
2023.08.02,9700.0,-210.0,9860.0,9860.0,9700.0,5165.0
2023.08.01,9910.0,180.0,9730.0,9910.0,9730.0,31700.0
2023.07.31,9730.0,15.0,9740.0,9740.0,9665.0,795.0
2023.07.28,9715.0,-50.0,9740.0,9760.0,9680.0,544.0
2023.07.27,9765.0,165.0,9670.0,9765.0,9620.0,1725.0
2023.07.26,9600.0,-80.0,9660.0,9660.0,9420.0,3551.0
2023.07.25,9680.0,0.0,9630.0,9680.0,9630.0,3026.0
2023.07.24,9680.0,-65.0,9695.0,9705.0,9640.0,32819.0
2023.07.21,9745.0,-25.0,9730.0,9745.0,9645.0,89167.0
2023.07.20,9770.0,-5.0,9755.0,9780.0,9725.0,26980.0
2023.07.19,9775.0,5.0,9850.0,9850.0,9740.0,3128.0
2023.07.18,9770.0,-140.0,9930.0,9930.0,9755.0,6326.0
2023.07.17,9910.0,-5.0,9945.0,9945.0,9850.0,1318.0
2023.07.14,9915.0,160.0,9885.0,9950.0,9885.0,2950.0
2023.07.13,9755.0,-20.0,9835.0,9840.0,9755.0,111769.0
2023.07.12,9775.0,100.0,9740.0,9775.0,9715.0,37.0
2023.07.11,9675.0,90.0,9630.0,9675.0,9630.0,374.0
2023.07.10,9585.0,20.0,9585.0,9620.0,9550.0,408.0
2023.07.07,9565.0,-80.0,9625.0,9630.0,9525.0,1144.0
2023.07.06,9645.0,-120.0,9745.0,9750.0,9645.0,887.0
2023.07.05,9765.0,-80.0,9875.0,9880.0,9725.0,628.0
2023.07.04,9845.0,-65.0,9900.0,9900.0,9845.0,710.0
2023.07.03,9910.0,85.0,9810.0,9910.0,9810.0,7479.0
2023.06.30,9825.0,85.0,9800.0,9840.0,9765.0,790.0
2023.06.29,9740.0,-60.0,9820.0,9820.0,9725.0,119.0
2023.06.28,9800.0,0.0,9820.0,9820.0,9750.0,670.0
2023.06.27,9800.0,50.0,9765.0,9800.0,9710.0,16421.0
2023.06.26,9750.0,75.0,9635.0,9755.0,9635.0,105202.0
2023.06.23,9675.0,-40.0,9690.0,9690.0,9675.0,24.0
2023.06.22,9715.0,0.0,9725.0,9750.0,9715.0,274.0
2023.06.21,9715.0,-25.0,9670.0,9735.0,9665.0,4710.0
2023.06.20,9740.0,15.0,9740.0,9760.0,9740.0,103.0
2023.06.19,9725.0,-60.0,9735.0,9755.0,9715.0,8661.0
2023.06.16,9785.0,25.0,9780.0,9785.0,9730.0,43215.0
2023.06.15,9760.0,-5.0,9765.0,9765.0,9735.0,750.0
2023.06.14,9765.0,-45.0,9775.0,9820.0,9740.0,2389.0
2023.06.13,9810.0,15.0,9780.0,9845.0,9770.0,90799.0
2023.06.12,9795.0,-85.0,9900.0,9905.0,9735.0,1234.0
2023.06.09,9880.0,80.0,9800.0,9880.0,9800.0,400.0
2023.06.08,9800.0,5.0,9785.0,9800.0,9735.0,831.0
2023.06.07,9795.0,-35.0,9820.0,9825.0,9755.0,1434.0
2023.06.05,9830.0,110.0,9815.0,9830.0,9795.0,239227.0
2023.06.02,9720.0,90.0,9695.0,9720.0,9685.0,2055.0
2023.06.01,9630.0,-70.0,9655.0,9670.0,9630.0,2884.0
2023.05.31,9700.0,-45.0,9760.0,9760.0,9685.0,5903.0
2023.05.30,9745.0,80.0,9720.0,9745.0,9715.0,1934.0
2023.05.26,9665.0,0.0,9640.0,9665.0,9635.0,6278.0
2023.05.25,9665.0,-65.0,9710.0,9710.0,9630.0,70165.0
2023.05.24,9730.0,-20.0,9735.0,9735.0,9705.0,460.0
2023.05.23,9750.0,15.0,9735.0,9760.0,9710.0,8242.0
2023.05.22,9735.0,65.0,9730.0,9760.0,9710.0,495.0
2023.05.19,9670.0,105.0,9625.0,9675.0,9615.0,416.0
2023.05.18,9565.0,65.0,9510.0,9565.0,9510.0,143.0
2023.05.17,9500.0,5.0,9450.0,9500.0,9435.0,565.0
2023.05.16,9495.0,-15.0,9515.0,9515.0,9480.0,72.0
2023.05.15,9510.0,40.0,9465.0,9510.0,9425.0,410.0
2023.05.12,9470.0,-70.0,9460.0,9495.0,9450.0,744.0
2023.05.11,9540.0,0.0,9595.0,9605.0,9540.0,4082.0
2023.05.10,9540.0,-50.0,9545.0,9545.0,9540.0,791.0
2023.05.09,9590.0,-10.0,9570.0,9590.0,9505.0,6953.0
2023.05.08,9600.0,135.0,9570.0,9615.0,9565.0,1196.0
2023.05.04,9465.0,5.0,9450.0,9470.0,9415.0,9709.0
2023.05.03,9460.0,-120.0,9520.0,9520.0,9460.0,689.0
2023.05.02,9580.0,65.0,9470.0,9580.0,9470.0,2147.0
2023.04.28,9515.0,65.0,9470.0,9530.0,9460.0,784.0
2023.04.27,9450.0,20.0,9385.0,9450.0,9335.0,435.0
2023.04.26,9730.0,-45.0,9730.0,9745.0,9705.0,393.0
2023.04.25,9775.0,-80.0,9810.0,9825.0,9730.0,2090.0
2023.04.24,9855.0,-50.0,9840.0,9855.0,9800.0,2430.0
2023.04.21,9905.0,-55.0,9960.0,9960.0,9850.0,1184.0
2023.04.20,9960.0,30.0,9880.0,9970.0,9880.0,60370.0
2023.04.19,9930.0,0.0,9960.0,9970.0,9925.0,83674.0
2023.04.18,9930.0,-5.0,9915.0,9930.0,9880.0,374.0
2023.04.17,9935.0,30.0,9915.0,9945.0,9885.0,1496.0
2023.04.14,9905.0,110.0,9945.0,9960.0,9905.0,15021.0
2023.04.13,9795.0,-75.0,9785.0,9860.0,9770.0,270.0
2023.04.12,9870.0,80.0,9835.0,9875.0,9790.0,4651.0
2023.04.11,9790.0,80.0,9780.0,9810.0,9770.0,116.0
2023.04.10,9710.0,70.0,9690.0,9735.0,9670.0,1214.0
2023.04.07,9640.0,150.0,9535.0,9645.0,9535.0,773.0
2023.04.06,9490.0,-190.0,9575.0,9590.0,9490.0,789.0
2023.04.05,9680.0,35.0,9635.0,9685.0,9635.0,165.0
2023.04.04,9645.0,15.0,9660.0,9660.0,9620.0,488.0
2023.04.03,9630.0,-25.0,9655.0,9675.0,9605.0,10851.0
2023.03.31,9655.0,145.0,9515.0,9685.0,9515.0,72032.0
2023.03.30,9510.0,30.0,9490.0,9540.0,9470.0,14075.0
2023.03.29,9480.0,35.0,9440.0,9480.0,9410.0,1597.0
2023.03.28,9445.0,115.0,9355.0,9445.0,9350.0,4553.0
2023.03.27,9330.0,-35.0,9270.0,9330.0,9270.0,526.0
2023.03.24,9365.0,-55.0,9380.0,9380.0,9345.0,621.0
2023.03.23,9420.0,25.0,9350.0,9420.0,9345.0,223.0
2023.03.22,9395.0,75.0,9385.0,9395.0,9375.0,115.0
2023.03.21,9320.0,40.0,9305.0,9330.0,9295.0,1537.0
2023.03.20,9280.0,-30.0,9300.0,9305.0,9280.0,947.0
2023.03.17,9310.0,80.0,9340.0,9360.0,9300.0,767.0
2023.03.16,9230.0,-95.0,9175.0,9260.0,9175.0,20.0
2023.03.15,9325.0,165.0,9325.0,9345.0,9325.0,267.0
2023.03.14,9160.0,-235.0,9330.0,9330.0,9160.0,224.0
2023.03.13,9395.0,45.0,9290.0,9395.0,9285.0,769.0
2023.03.10,9350.0,-110.0,9350.0,9350.0,9285.0,446.0
2023.03.09,9460.0,-15.0,9495.0,9495.0,9460.0,733.0
2023.03.08,9475.0,-95.0,9500.0,9500.0,9445.0,696.0
2023.03.07,9570.0,-35.0,9585.0,9595.0,9570.0,408.0
2023.03.06,9605.0,65.0,9570.0,9610.0,9540.0,4696.0
2023.03.03,9540.0,-60.0,9575.0,9575.0,9525.0,230.0
2023.03.02,9600.0,40.0,9615.0,9645.0,9530.0,1977.0
2023.02.28,9560.0,10.0,9605.0,9605.0,9530.0,979.0
2023.02.27,9550.0,-75.0,9485.0,9550.0,9485.0,1887.0
2023.02.24,9625.0,-70.0,9715.0,9715.0,9600.0,1075.0
2023.02.23,9695.0,105.0,9665.0,9710.0,9650.0,1423.0
2023.02.22,9590.0,-155.0,9620.0,9620.0,9565.0,390.0
2023.02.21,9745.0,0.0,9715.0,9745.0,9710.0,695.0
2023.02.20,9745.0,85.0,9695.0,9760.0,9695.0,2121.0
2023.02.17,9660.0,-30.0,9690.0,9725.0,9655.0,1151.0
2023.02.16,9690.0,105.0,9615.0,9690.0,9610.0,1456.0
2023.02.15,9585.0,-145.0,9710.0,9710.0,9565.0,374.0
2023.02.14,9730.0,-10.0,9780.0,9790.0,9730.0,1665.0
2023.02.13,9740.0,0.0,9650.0,9740.0,9645.0,2972.0
2023.02.10,9740.0,15.0,9645.0,9740.0,9640.0,421.0
2023.02.09,9725.0,-25.0,9750.0,9750.0,9690.0,2609.0
2023.02.08,9750.0,100.0,9700.0,9815.0,9685.0,2606.0
2023.02.07,9650.0,5.0,9595.0,9650.0,9585.0,2586.0
2023.02.06,9645.0,-170.0,9670.0,9695.0,9635.0,819.0
2023.02.03,9815.0,70.0,9755.0,9815.0,9755.0,1723.0
2023.02.02,9745.0,25.0,9840.0,9840.0,9700.0,4816.0
2023.02.01,9720.0,85.0,9700.0,9740.0,9660.0,4212.0
2023.01.31,9635.0,-170.0,9840.0,9840.0,9620.0,229.0
2023.01.30,9805.0,-175.0,9990.0,9990.0,9795.0,1444.0
2023.01.27,9980.0,55.0,9865.0,10000.0,9865.0,935.0
2023.01.26,9925.0,125.0,9800.0,9925.0,9795.0,1981.0
2023.01.25,9800.0,95.0,9790.0,9800.0,9765.0,947.0
2023.01.20,9705.0,50.0,9665.0,9705.0,9610.0,941.0
2023.01.19,9655.0,40.0,9615.0,9655.0,9615.0,113.0
2023.01.18,9615.0,-5.0,9615.0,9615.0,9520.0,106201.0
2023.01.17,9620.0,-85.0,9680.0,9710.0,9610.0,92826.0
2023.01.16,9705.0,140.0,9615.0,9710.0,9615.0,16518.0
2023.01.13,9565.0,165.0,9470.0,9565.0,9470.0,87.0
2023.01.12,9400.0,-35.0,9415.0,9435.0,9400.0,898.0
2023.01.11,9435.0,-30.0,9425.0,9460.0,9410.0,11823.0
2023.01.10,9465.0,10.0,9430.0,9465.0,9375.0,1113.0
2023.01.09,9455.0,220.0,9335.0,9455.0,9330.0,150.0
2023.01.06,9235.0,100.0,9170.0,9275.0,9170.0,105.0
2023.01.05,9135.0,165.0,9055.0,9135.0,9055.0,274.0
2023.01.04,8970.0,180.0,8860.0,8980.0,8860.0,1531.0
2023.01.03,8790.0,-15.0,8760.0,8800.0,8635.0,169.0
2023.01.02,8805.0,-90.0,8810.0,8935.0,8775.0,834.0
2022.12.29,8895.0,-200.0,9035.0,9035.0,8895.0,1546.0
2022.12.28,9095.0,-45.0,9100.0,9105.0,9055.0,2314.0
2022.12.27,9140.0,-20.0,9105.0,9145.0,9100.0,4136.0
2022.12.26,9160.0,75.0,9070.0,9160.0,9050.0,6328.0
2022.12.23,9085.0,-110.0,9100.0,9100.0,9060.0,96.0
2022.12.22,9195.0,130.0,9075.0,9195.0,9075.0,361.0
2022.12.21,9065.0,0.0,9065.0,9120.0,9035.0,10484.0
2022.12.20,9065.0,-35.0,9090.0,9120.0,9020.0,12034.0
2022.12.19,9100.0,-15.0,9130.0,9130.0,9075.0,69.0
2022.12.16,9115.0,-10.0,9005.0,9115.0,9005.0,140.0
2022.12.15,9125.0,-125.0,9175.0,9185.0,9115.0,4794.0
2022.12.14,9250.0,30.0,9235.0,9250.0,9235.0,16.0
2022.12.13,9220.0,-5.0,9225.0,9245.0,9190.0,142555.0
2022.12.12,9225.0,-30.0,9180.0,9225.0,9180.0,1901.0
2022.12.09,9255.0,145.0,9145.0,9255.0,9130.0,137.0
2022.12.08,9110.0,15.0,9090.0,9110.0,9015.0,1124.0
2022.12.07,9095.0,-65.0,9120.0,9120.0,9080.0,1068.0
2022.12.06,9160.0,-110.0,9200.0,9210.0,9140.0,1418.0
2022.12.05,9270.0,-5.0,9235.0,9325.0,9235.0,1184.0
2022.12.02,9275.0,-180.0,9330.0,9345.0,9260.0,1980.0
2022.12.01,9455.0,105.0,9485.0,9490.0,9415.0,254.0
2022.11.30,9350.0,105.0,9320.0,9360.0,9310.0,766.0
2022.11.29,9245.0,140.0,9170.0,9245.0,9170.0,99.0
2022.11.28,9105.0,-105.0,9105.0,9125.0,9080.0,1959.0
2022.11.25,9210.0,-20.0,9230.0,9230.0,9195.0,3623.0
2022.11.24,9230.0,60.0,9190.0,9230.0,9170.0,4078.0
2022.11.23,9170.0,50.0,9120.0,9170.0,9120.0,304.0
2022.11.22,9120.0,-20.0,9090.0,9120.0,9085.0,3018.0
2022.11.21,9140.0,-25.0,9105.0,9140.0,9050.0,799.0
2022.11.18,9165.0,25.0,9205.0,9205.0,9140.0,458.0
2022.11.17,9140.0,-140.0,9230.0,9230.0,9140.0,27.0
2022.11.16,9280.0,0.0,9195.0,9280.0,9185.0,656.0
2022.11.15,9280.0,15.0,9255.0,9285.0,9240.0,11472.0
2022.11.14,9265.0,0.0,9285.0,9300.0,9225.0,902.0
2022.11.11,9265.0,250.0,9275.0,9275.0,9190.0,2257.0
2022.11.10,9015.0,-110.0,9070.0,9070.0,9005.0,8414.0
2022.11.09,9125.0,95.0,9070.0,9125.0,9070.0,834.0
2022.11.08,9030.0,105.0,8945.0,9030.0,8945.0,100.0
2022.11.07,8925.0,120.0,8870.0,8925.0,8845.0,784.0
2022.11.04,8805.0,85.0,8715.0,8805.0,8690.0,583.0
2022.11.03,8720.0,-60.0,8655.0,8770.0,8600.0,866.0
2022.11.02,8780.0,0.0,8760.0,8810.0,8755.0,1820.0
2022.11.01,8780.0,55.0,8750.0,8780.0,8735.0,921.0
2022.10.31,8725.0,110.0,8700.0,8725.0,8700.0,3026.0
2022.10.28,8615.0,-25.0,8645.0,8675.0,8590.0,1583.0
2022.10.27,8640.0,115.0,8545.0,8665.0,8535.0,14468.0
2022.10.26,8525.0,35.0,8490.0,8545.0,8460.0,121.0
2022.10.25,8490.0,-15.0,8505.0,8525.0,8475.0,729.0
2022.10.24,8505.0,25.0,8580.0,8610.0,8480.0,1256.0
2022.10.21,8480.0,-35.0,8435.0,8490.0,8420.0,4469.0
2022.10.20,8515.0,-55.0,8485.0,8515.0,8445.0,5002.0
2022.10.19,8570.0,-45.0,8595.0,8670.0,8570.0,37389.0
2022.10.18,8615.0,100.0,8595.0,8620.0,8530.0,29747.0
2022.10.17,8515.0,45.0,8435.0,8515.0,8435.0,840.0
2022.10.14,8470.0,195.0,8395.0,8475.0,8395.0,601.0
2022.10.13,8275.0,-90.0,8370.0,8370.0,8275.0,1021.0
2022.10.12,8365.0,65.0,8340.0,8365.0,8325.0,1002.0
2022.10.11,8300.0,-180.0,8275.0,8305.0,8215.0,1230.0
2022.10.07,8480.0,0.0,8385.0,8490.0,8385.0,395.0
2022.10.06,8480.0,30.0,8485.0,8530.0,8480.0,796.0
2022.10.05,8450.0,20.0,8530.0,8565.0,8390.0,2740.0
2022.10.04,8430.0,200.0,8320.0,8450.0,8320.0,942.0
2022.09.30,8230.0,-65.0,8235.0,8320.0,8195.0,10479.0
2022.09.29,8295.0,5.0,8360.0,8415.0,8295.0,19938.0
2022.09.28,8290.0,-180.0,8360.0,8405.0,8205.0,28553.0
2022.09.27,8470.0,5.0,8420.0,8475.0,8365.0,6037.0
2022.09.26,8465.0,-255.0,8600.0,8620.0,8435.0,2141.0
2022.09.23,8720.0,-45.0,8740.0,8740.0,8700.0,262.0
2022.09.22,8765.0,-80.0,8740.0,8765.0,8700.0,842.0
2022.09.21,8845.0,-80.0,8850.0,8865.0,8810.0,402.0
2022.09.20,8925.0,55.0,8945.0,8960.0,8915.0,134.0
2022.09.19,8870.0,-55.0,8885.0,8890.0,8840.0,2933.0
2022.09.16,8925.0,-25.0,8860.0,8925.0,8855.0,3127.0
2022.09.15,8950.0,-50.0,8995.0,8995.0,8950.0,181.0
2022.09.14,9000.0,-180.0,8895.0,9015.0,8895.0,1015.0
2022.09.13,9180.0,255.0,9025.0,9180.0,9025.0,1091.0
2022.09.08,8925.0,20.0,8905.0,8925.0,8880.0,152.0
2022.09.07,8905.0,-150.0,8990.0,8990.0,8865.0,514.0
2022.09.06,9055.0,5.0,9020.0,9055.0,9020.0,71.0
2022.09.05,9050.0,15.0,9085.0,9110.0,9005.0,354.0
2022.09.02,9035.0,-70.0,9085.0,9105.0,9000.0,6811.0
2022.09.01,9105.0,-215.0,9210.0,9210.0,9080.0,3498.0
2022.08.31,9320.0,90.0,9115.0,9320.0,9115.0,739.0
2022.08.30,9230.0,95.0,9160.0,9230.0,9145.0,570.0
2022.08.29,9135.0,-210.0,9130.0,9135.0,9100.0,1325.0
2022.08.26,9345.0,-5.0,9355.0,9355.0,9340.0,98.0
2022.08.25,9350.0,110.0,9320.0,9350.0,9305.0,5660.0
2022.08.24,9240.0,45.0,9210.0,9240.0,9180.0,4594.0
2022.08.23,9195.0,-105.0,9195.0,9225.0,9160.0,547.0
2022.08.22,9300.0,-120.0,9290.0,9315.0,9260.0,985.0
2022.08.19,9420.0,-25.0,9350.0,9425.0,9350.0,22185.0
2022.08.18,9445.0,-40.0,9380.0,9445.0,9370.0,447.0
2022.08.17,9485.0,-40.0,9540.0,9570.0,9450.0,3469.0
2022.08.16,9525.0,0.0,9515.0,9535.0,9495.0,14252.0
2022.08.12,9525.0,15.0,9520.0,9530.0,9465.0,402.0
2022.08.11,9510.0,160.0,9410.0,9510.0,9410.0,1259.0
2022.08.10,9350.0,-80.0,9335.0,9350.0,9330.0,2342.0
2022.08.09,9430.0,25.0,9355.0,9430.0,9350.0,10553.0
2022.08.08,9405.0,5.0,9350.0,9405.0,9320.0,2273.0
2022.08.05,9400.0,65.0,9375.0,9420.0,9365.0,2512.0
2022.08.04,9335.0,55.0,9315.0,9335.0,9280.0,189.0
2022.08.03,9280.0,25.0,9245.0,9280.0,9245.0,2989.0
2022.08.02,9255.0,-30.0,9240.0,9260.0,9225.0,615.0
2022.08.01,9285.0,-40.0,9295.0,9310.0,9235.0,5432.0
2022.07.29,9325.0,75.0,9365.0,9365.0,9280.0,3750.0
2022.07.28,9250.0,20.0,9310.0,9330.0,9230.0,478.0
2022.07.27,9230.0,0.0,9165.0,9230.0,9155.0,167361.0
2022.07.26,9230.0,20.0,9185.0,9230.0,9160.0,2392.0
2022.07.25,9210.0,35.0,9215.0,9245.0,9175.0,945.0
2022.07.22,9175.0,-80.0,9210.0,9245.0,9155.0,8969.0
2022.07.21,9255.0,95.0,9150.0,9255.0,9150.0,2459.0
2022.07.20,9160.0,70.0,9230.0,9230.0,9130.0,713.0
2022.07.19,9090.0,-15.0,9005.0,9090.0,8995.0,244.0
2022.07.18,9105.0,230.0,8920.0,9105.0,8920.0,2352.0
2022.07.15,8875.0,40.0,8835.0,8875.0,8725.0,731.0
2022.07.14,8835.0,-85.0,8850.0,8865.0,8830.0,2409.0
2022.07.13,8920.0,20.0,8910.0,8950.0,8900.0,13676.0
2022.07.12,8900.0,-95.0,8915.0,8915.0,8855.0,11556.0
2022.07.11,8995.0,-45.0,9040.0,9050.0,8970.0,376.0
2022.07.08,9040.0,60.0,8990.0,9075.0,8980.0,2245.0
2022.07.07,8980.0,135.0,8860.0,9025.0,8860.0,3143.0
2022.07.06,8845.0,-255.0,8975.0,9000.0,8845.0,5328.0
2022.07.05,9100.0,110.0,9005.0,9100.0,9005.0,901.0
2022.07.04,8990.0,35.0,8975.0,9030.0,8885.0,5372.0
2022.07.01,8955.0,-70.0,9040.0,9115.0,8945.0,971.0
2022.06.30,9025.0,-135.0,9075.0,9130.0,9025.0,4064.0
2022.06.29,9160.0,-135.0,9160.0,9160.0,9140.0,113.0
2022.06.28,9295.0,80.0,9195.0,9295.0,9195.0,281.0
2022.06.27,9215.0,65.0,9200.0,9280.0,9200.0,2268.0
2022.06.24,9150.0,190.0,8875.0,9150.0,8875.0,3133.0
2022.06.23,8960.0,-90.0,9000.0,9095.0,8925.0,251.0
2022.06.22,9050.0,-230.0,9280.0,9280.0,9040.0,1006.0
2022.06.21,9280.0,35.0,9245.0,9315.0,9195.0,1838.0
2022.06.20,9245.0,-165.0,9395.0,9395.0,9165.0,3672.0
2022.06.17,9410.0,-90.0,9295.0,9415.0,9280.0,10930.0
2022.06.16,9500.0,-20.0,9580.0,9670.0,9500.0,1235.0
2022.06.15,9520.0,-170.0,9595.0,9630.0,9470.0,1580.0
2022.06.14,9690.0,-15.0,9545.0,9690.0,9545.0,3662.0
2022.06.13,9705.0,-345.0,9850.0,9860.0,9700.0,1915.0
2022.06.10,10050.0,-140.0,10020.0,10070.0,9990.0,1403.0
2022.06.09,10190.0,5.0,10140.0,10190.0,10090.0,1911.0
2022.06.08,10185.0,10.0,10200.0,10200.0,10155.0,6799.0
2022.06.07,10175.0,-145.0,10225.0,10225.0,10160.0,4473.0
2022.06.03,10320.0,40.0,10335.0,10335.0,10275.0,938.0
2022.06.02,10280.0,-125.0,10360.0,10360.0,10250.0,78217.0
2022.05.31,10405.0,45.0,10305.0,10420.0,10295.0,4396.0
2022.05.30,10360.0,90.0,10335.0,10360.0,10330.0,1848.0
2022.05.27,10270.0,105.0,10250.0,10270.0,10225.0,11119.0
2022.05.26,10165.0,-5.0,10215.0,10215.0,10155.0,173.0
2022.05.25,10170.0,40.0,10175.0,10220.0,10150.0,2911.0
2022.05.24,10130.0,-95.0,10175.0,10205.0,10120.0,1670.0
2022.05.23,10225.0,30.0,10190.0,10225.0,10150.0,2205.0
2022.05.20,10195.0,155.0,10080.0,10195.0,10080.0,2230.0
2022.05.19,10040.0,-160.0,10015.0,10040.0,9980.0,16406.0
2022.05.18,10200.0,-20.0,10260.0,10265.0,10170.0,4931.0
2022.05.17,10220.0,60.0,10170.0,10230.0,10170.0,1885.0
2022.05.16,10160.0,-25.0,10235.0,10235.0,10110.0,994.0
2022.05.13,10185.0,195.0,10020.0,10185.0,10015.0,1561.0
2022.05.12,9990.0,-50.0,10010.0,10065.0,9955.0,1880.0
2022.05.11,10040.0,-40.0,10020.0,10045.0,9985.0,5617.0
2022.05.10,10080.0,-75.0,10080.0,10090.0,9945.0,14999.0
2022.05.09,10155.0,-85.0,10205.0,10215.0,10135.0,915.0
2022.05.06,10240.0,-105.0,10255.0,10265.0,10205.0,848.0
2022.05.04,10345.0,60.0,10330.0,10345.0,10290.0,1087.0
2022.05.03,10285.0,-35.0,10285.0,10335.0,10265.0,1093.0
2022.05.02,10320.0,-5.0,10240.0,10320.0,10220.0,1290.0
2022.04.29,10325.0,85.0,10220.0,10325.0,10215.0,5904.0
2022.04.28,10240.0,150.0,10090.0,10240.0,10090.0,1479.0
2022.04.27,10310.0,-155.0,10315.0,10315.0,10285.0,6700.0
2022.04.26,10465.0,10.0,10450.0,10485.0,10440.0,2665.0
2022.04.25,10455.0,-175.0,10560.0,10560.0,10455.0,6703.0
2022.04.22,10630.0,-30.0,10540.0,10630.0,10525.0,1777.0
2022.04.21,10660.0,55.0,10605.0,10685.0,10605.0,956.0
2022.04.20,10605.0,20.0,10555.0,10605.0,10550.0,3505.0
2022.04.19,10585.0,100.0,10515.0,10600.0,10515.0,2475.0
2022.04.18,10485.0,0.0,10450.0,10485.0,10445.0,2812.0
2022.04.15,10485.0,-90.0,10490.0,10495.0,10445.0,4253.0
2022.04.14,10575.0,-30.0,10540.0,10575.0,10540.0,7543.0
2022.04.13,10605.0,135.0,10490.0,10605.0,10490.0,4258.0
2022.04.12,10470.0,-85.0,10480.0,10480.0,10425.0,1220.0
2022.04.11,10555.0,80.0,10435.0,10560.0,10435.0,2178.0
2022.04.08,10475.0,25.0,10450.0,10475.0,10440.0,768.0
2022.04.07,10450.0,-130.0,10525.0,10525.0,10430.0,3717.0
2022.04.06,10580.0,-40.0,10550.0,10580.0,10540.0,4807.0
2022.04.05,10620.0,-60.0,10650.0,10655.0,10570.0,2582.0
2022.04.04,10680.0,50.0,10610.0,10680.0,10610.0,4924.0
2022.04.01,10630.0,-40.0,10570.0,10630.0,10565.0,1858.0
2022.03.31,10670.0,65.0,10605.0,10675.0,10605.0,1494.0
2022.03.30,10605.0,-5.0,10635.0,10645.0,10560.0,2812.0
2022.03.29,10610.0,15.0,10605.0,10620.0,10555.0,1915.0
2022.03.28,10595.0,30.0,10525.0,10595.0,10500.0,3272.0
2022.03.25,10565.0,-30.0,10570.0,10580.0,10515.0,2297.0
2022.03.24,10595.0,-20.0,10515.0,10595.0,10515.0,196.0
2022.03.23,10615.0,120.0,10595.0,10615.0,10555.0,883.0
2022.03.22,10495.0,95.0,10410.0,10495.0,10395.0,5448.0
2022.03.21,10400.0,-60.0,10440.0,10455.0,10375.0,5192.0
2022.03.18,10460.0,15.0,10445.0,10460.0,10400.0,1687.0
2022.03.17,10445.0,75.0,10510.0,10515.0,10445.0,1017.0
2022.03.16,10370.0,110.0,10305.0,10370.0,10265.0,4557.0
2022.03.15,10260.0,-55.0,10270.0,10295.0,10245.0,10584.0
2022.03.14,10315.0,30.0,10280.0,10325.0,10265.0,1643.0
2022.03.11,10285.0,-55.0,10290.0,10290.0,10240.0,1321.0
2022.03.10,10340.0,230.0,10280.0,10340.0,10265.0,3025.0
2022.03.08,10110.0,-130.0,10055.0,10165.0,10055.0,1817.0
2022.03.07,10240.0,-235.0,10335.0,10340.0,10210.0,3260.0
2022.03.04,10475.0,-90.0,10490.0,10490.0,10425.0,1441.0
2022.03.03,10565.0,170.0,10455.0,10565.0,10450.0,1612.0
2022.03.02,10395.0,-80.0,10410.0,10420.0,10355.0,2039.0
2022.02.28,10475.0,85.0,10335.0,10475.0,10300.0,6996.0
2022.02.25,10390.0,10.0,10440.0,10440.0,10355.0,2541.0
2022.02.24,10380.0,-210.0,10490.0,10490.0,10355.0,222.0
2022.02.23,10590.0,25.0,10590.0,10600.0,10535.0,1471.0
2022.02.22,10565.0,-125.0,10500.0,10565.0,10465.0,3223.0
2022.02.21,10690.0,-30.0,10530.0,10690.0,10530.0,1594.0
2022.02.18,10720.0,-30.0,10595.0,10725.0,10595.0,12937.0
2022.02.17,10750.0,55.0,10670.0,10800.0,10655.0,15185.0
2022.02.16,10695.0,150.0,10635.0,10695.0,10615.0,1241.0
2022.02.15,10545.0,-45.0,10555.0,10600.0,10515.0,3895.0
2022.02.14,10590.0,-165.0,10645.0,10670.0,10525.0,1042.0
2022.02.11,10755.0,-50.0,10710.0,10795.0,10710.0,875.0
2022.02.10,10805.0,100.0,10735.0,10805.0,10715.0,1859.0
2022.02.09,10705.0,175.0,10615.0,10705.0,10615.0,1676.0
2022.02.08,10530.0,15.0,10620.0,10620.0,10455.0,1951.0
2022.02.07,10515.0,-75.0,10470.0,10515.0,10415.0,1726.0
2022.02.04,10590.0,145.0,10485.0,10590.0,10420.0,1127.0
2022.02.03,10445.0,85.0,10485.0,10530.0,10430.0,11944.0
2022.01.28,10360.0,250.0,10175.0,10370.0,10095.0,12122.0
2022.01.27,10110.0,-285.0,10280.0,10340.0,10085.0,5149.0
2022.01.26,10395.0,40.0,10370.0,10445.0,10350.0,2395.0
2022.01.25,10355.0,-245.0,10480.0,10480.0,10285.0,17512.0
2022.01.24,10600.0,-155.0,10645.0,10645.0,10560.0,20439.0
2022.01.21,10755.0,-70.0,10730.0,10755.0,10660.0,1777.0
2022.01.20,10825.0,15.0,10790.0,10825.0,10760.0,14141.0
2022.01.19,10810.0,-30.0,10785.0,10865.0,10785.0,708.0
2022.01.18,10840.0,-95.0,10935.0,10935.0,10810.0,61.0
2022.01.17,10935.0,-120.0,11000.0,11005.0,10860.0,585.0
2022.01.14,11055.0,-125.0,11110.0,11110.0,11010.0,1637.0
2022.01.13,11180.0,-10.0,11180.0,11205.0,11145.0,14032.0
2022.01.12,11190.0,155.0,11080.0,11190.0,11080.0,2274.0
2022.01.11,11035.0,30.0,11015.0,11035.0,11000.0,185.0
2022.01.10,11005.0,-5.0,10920.0,11005.0,10890.0,2345.0
2022.01.07,11010.0,130.0,10950.0,11010.0,10925.0,2619.0
2022.01.06,10880.0,-75.0,10930.0,10940.0,10845.0,4342.0
2022.01.05,10955.0,-45.0,10980.0,10995.0,10890.0,924.0
2022.01.04,11000.0,55.0,10925.0,11000.0,10905.0,800.0
2022.01.03,10945.0,45.0,10920.0,11010.0,10900.0,1657.0
2021.12.30,10900.0,-95.0,10955.0,10965.0,10885.0,2767.0
2021.12.29,10995.0,15.0,10970.0,11030.0,10955.0,9348.0
2021.12.28,10980.0,55.0,10915.0,10980.0,10875.0,2653.0
2021.12.27,10925.0,-30.0,10935.0,10950.0,10895.0,3283.0
2021.12.24,10955.0,30.0,10960.0,10970.0,10925.0,1041.0
2021.12.23,10925.0,65.0,10905.0,10925.0,10845.0,405.0
2021.12.22,10860.0,45.0,10865.0,10865.0,10805.0,1939.0
2021.12.21,10815.0,75.0,10810.0,10835.0,10755.0,1422.0
2021.12.20,10740.0,-205.0,10840.0,10840.0,10725.0,1378.0
2021.12.17,10945.0,100.0,10775.0,10945.0,10775.0,1322.0
2021.12.16,10845.0,50.0,10845.0,10845.0,10755.0,830.0
2021.12.15,10795.0,-10.0,10730.0,10795.0,10720.0,1086.0
2021.12.14,10805.0,-30.0,10745.0,10815.0,10720.0,2739.0
2021.12.13,10835.0,0.0,10935.0,10950.0,10800.0,1369.0
2021.12.10,10835.0,-65.0,10825.0,10835.0,10795.0,1081.0
2021.12.09,10900.0,120.0,10755.0,10900.0,10735.0,1980.0
2021.12.08,10780.0,-15.0,10835.0,10900.0,10730.0,6335.0
2021.12.07,10795.0,115.0,10680.0,10795.0,10620.0,4366.0
2021.12.06,10680.0,50.0,10580.0,10685.0,10500.0,1792.0
2021.12.03,10630.0,95.0,10480.0,10630.0,10450.0,3132.0
2021.12.02,10535.0,190.0,10260.0,10535.0,10245.0,2347.0
2021.12.01,10345.0,275.0,10160.0,10360.0,10055.0,3398.0
2021.11.30,10070.0,-255.0,10350.0,10360.0,9990.0,2648.0
2021.11.29,10325.0,-60.0,10215.0,10385.0,10215.0,719.0
2021.11.26,10385.0,-190.0,10545.0,10545.0,10375.0,359.0
2021.11.25,10575.0,-115.0,10625.0,10630.0,10565.0,5585.0
2021.11.24,10690.0,-20.0,10745.0,10745.0,10640.0,2496.0
2021.11.23,10710.0,-20.0,10730.0,10730.0,10665.0,6673.0
2021.11.22,10730.0,240.0,10605.0,10730.0,10605.0,6935.0
2021.11.19,10490.0,90.0,10460.0,10490.0,10400.0,6972.0
2021.11.18,10400.0,-55.0,10395.0,10455.0,10380.0,324.0
2021.11.17,10455.0,-155.0,10570.0,10580.0,10415.0,4955.0
2021.11.16,10610.0,5.0,10595.0,10610.0,10575.0,314.0
2021.11.15,10605.0,100.0,10530.0,10615.0,10530.0,2393.0
2021.11.12,10505.0,110.0,10425.0,10510.0,10425.0,20040.0
2021.11.11,10395.0,-35.0,10380.0,10395.0,10365.0,280.0
2021.11.10,10430.0,-110.0,10465.0,10515.0,10400.0,2171.0
2021.11.09,10540.0,15.0,10615.0,10615.0,10475.0,1204.0
2021.11.08,10525.0,40.0,10400.0,10525.0,10385.0,4971.0
2021.11.05,10485.0,-75.0,10560.0,10560.0,10425.0,1236.0
2021.11.04,10560.0,35.0,10640.0,10640.0,10545.0,383.0
2021.11.03,10525.0,-135.0,10595.0,10600.0,10495.0,795.0
2021.11.02,10660.0,115.0,10670.0,10700.0,10640.0,21870.0
2021.11.01,10545.0,60.0,10480.0,10565.0,10480.0,1303.0
2021.10.29,10485.0,-130.0,10620.0,10620.0,10485.0,297.0
2021.10.28,10615.0,-60.0,10645.0,10675.0,10615.0,4256.0
2021.10.27,10675.0,-115.0,10690.0,10690.0,10640.0,1917.0
2021.10.26,10790.0,75.0,10755.0,10790.0,10745.0,3770.0
2021.10.25,10715.0,80.0,10730.0,10730.0,10695.0,2130.0
2021.10.22,10635.0,0.0,10595.0,10660.0,10580.0,671.0
2021.10.21,10635.0,20.0,10690.0,10690.0,10590.0,1360.0
2021.10.20,10615.0,-30.0,10655.0,10660.0,10605.0,3228.0
2021.10.19,10645.0,50.0,10640.0,10675.0,10600.0,477369.0
2021.10.18,10595.0,5.0,10710.0,10710.0,10535.0,2047.0
2021.10.15,10590.0,105.0,10590.0,10615.0,10580.0,7026.0
2021.10.14,10485.0,80.0,10435.0,10485.0,10420.0,1299.0
2021.10.13,10405.0,55.0,10285.0,10410.0,10285.0,2465.0
2021.10.12,10350.0,-160.0,10445.0,10445.0,10290.0,1274.0
2021.10.08,10510.0,-65.0,10585.0,10585.0,10470.0,2723.0
2021.10.07,10575.0,140.0,10510.0,10590.0,10510.0,2302.0
2021.10.06,10435.0,-140.0,10590.0,10640.0,10435.0,1150.0
2021.10.05,10575.0,-120.0,10585.0,10625.0,10485.0,10768.0
2021.10.01,10695.0,-160.0,10810.0,10810.0,10650.0,2861.0
2021.09.30,10855.0,55.0,10780.0,10880.0,10735.0,3258.0
2021.09.29,10800.0,-130.0,10860.0,10860.0,10720.0,9563.0
2021.09.28,10930.0,-85.0,10970.0,11000.0,10915.0,1576.0
2021.09.27,11015.0,15.0,11000.0,11055.0,10975.0,3333.0
2021.09.24,11000.0,-10.0,11005.0,11045.0,10970.0,3371.0
2021.09.23,11010.0,-50.0,10980.0,11010.0,10935.0,7710.0
2021.09.17,11060.0,40.0,10980.0,11060.0,10965.0,793.0
2021.09.16,11020.0,-70.0,11055.0,11055.0,10980.0,3020.0
2021.09.15,11090.0,35.0,11035.0,11140.0,11025.0,138301.0
2021.09.14,11055.0,35.0,11095.0,11175.0,11055.0,12629.0
2021.09.13,11020.0,65.0,10940.0,11020.0,10925.0,4683.0
2021.09.10,10955.0,45.0,10930.0,10960.0,10860.0,2105.0
2021.09.09,10910.0,-160.0,11035.0,11035.0,10900.0,1981.0
2021.09.08,11070.0,10.0,11025.0,11070.0,11020.0,2941.0
2021.09.07,11060.0,-65.0,11060.0,11110.0,11010.0,17956.0
2021.09.06,11125.0,0.0,11105.0,11130.0,11060.0,9581.0
2021.09.03,11125.0,70.0,11090.0,11125.0,11055.0,560.0
2021.09.02,11055.0,-40.0,11105.0,11105.0,11030.0,2123.0
2021.09.01,11095.0,10.0,11085.0,11125.0,11010.0,24910.0
2021.08.31,11085.0,200.0,10825.0,11085.0,10815.0,1906.0
2021.08.30,10885.0,15.0,10975.0,10975.0,10815.0,1838.0
2021.08.27,10870.0,-20.0,10795.0,10875.0,10790.0,1805.0
2021.08.26,10890.0,-70.0,10960.0,10960.0,10855.0,1805.0
2021.08.25,10960.0,50.0,10960.0,10990.0,10860.0,5864.0
2021.08.24,10910.0,255.0,10820.0,10910.0,10820.0,3316.0
2021.08.23,10655.0,100.0,10660.0,10715.0,10580.0,4906.0
2021.08.20,10555.0,-85.0,10605.0,10730.0,10520.0,349007.0
2021.08.19,10640.0,-260.0,10860.0,10875.0,10640.0,6674.0
2021.08.18,10900.0,5.0,10875.0,10965.0,10840.0,2705.0
2021.08.17,10895.0,-90.0,11030.0,11030.0,10850.0,3480.0
2021.08.13,10985.0,-150.0,11070.0,11095.0,10910.0,3792.0
2021.08.12,11135.0,-90.0,11195.0,11205.0,11095.0,3787.0
2021.08.11,11225.0,-100.0,11300.0,11300.0,11195.0,2604.0
2021.08.10,11325.0,-125.0,11325.0,11325.0,11290.0,2523.0
2021.08.09,11450.0,-40.0,11480.0,11480.0,11395.0,6986.0
2021.08.06,11490.0,-50.0,11615.0,11615.0,11450.0,815.0
2021.08.05,11540.0,-70.0,11605.0,11605.0,11515.0,2308.0
2021.08.04,11610.0,185.0,11495.0,11610.0,11480.0,34729.0
2021.08.03,11425.0,75.0,11350.0,11425.0,11335.0,1814.0
2021.08.02,11350.0,35.0,11340.0,11365.0,11255.0,46853.0
2021.07.30,11315.0,-150.0,11465.0,11465.0,11285.0,2069.0
2021.07.29,11465.0,10.0,11455.0,11480.0,11405.0,4771.0
2021.07.28,11455.0,55.0,11375.0,11455.0,11345.0,1027.0
2021.07.27,11400.0,10.0,11390.0,11465.0,11365.0,6305.0
2021.07.26,11390.0,-85.0,11485.0,11485.0,11360.0,2444.0
2021.07.23,11475.0,25.0,11450.0,11505.0,11420.0,43705.0
2021.07.22,11450.0,135.0,11365.0,11470.0,11365.0,26603.0
2021.07.21,11315.0,-40.0,11490.0,11490.0,11285.0,58901.0
2021.07.20,11355.0,-45.0,11290.0,11355.0,11275.0,6460.0
2021.07.19,11400.0,-130.0,11495.0,11495.0,11355.0,1132.0
2021.07.16,11530.0,-50.0,11440.0,11530.0,11425.0,4950.0
2021.07.15,11580.0,145.0,11470.0,11580.0,11450.0,6390.0
2021.07.14,11435.0,-90.0,11475.0,11495.0,11390.0,4243.0
2021.07.13,11525.0,105.0,11440.0,11525.0,11440.0,1389.0
2021.07.12,11420.0,115.0,11410.0,11450.0,11385.0,3655.0
2021.07.09,11305.0,-140.0,11350.0,11350.0,11200.0,2660.0
2021.07.08,11445.0,-120.0,11570.0,11570.0,11445.0,1440.0
2021.07.07,11565.0,-95.0,11560.0,11565.0,11500.0,1531.0
2021.07.06,11660.0,40.0,11725.0,11725.0,11620.0,4924.0
2021.07.05,11620.0,15.0,11605.0,11635.0,11600.0,2221.0
2021.07.02,11605.0,0.0,11570.0,11645.0,11555.0,2288.0
2021.07.01,11605.0,-100.0,11655.0,11655.0,11565.0,3958.0
2021.06.30,11705.0,25.0,11690.0,11740.0,11665.0,14097.0
2021.06.29,11680.0,-90.0,11780.0,11780.0,11625.0,4943.0
2021.06.28,11770.0,10.0,11705.0,11770.0,11700.0,6709.0
2021.06.25,11760.0,115.0,11685.0,11760.0,11675.0,26208.0
2021.06.24,11645.0,110.0,11515.0,11645.0,11505.0,4075.0
2021.06.23,11535.0,0.0,11535.0,11535.0,11500.0,1619.0
2021.06.22,11535.0,85.0,11550.0,11550.0,11485.0,1793.0
2021.06.21,11450.0,-160.0,11480.0,11495.0,11405.0,6984.0
2021.06.18,11610.0,-45.0,11625.0,11625.0,11590.0,1262.0
2021.06.17,11655.0,-90.0,11630.0,11660.0,11615.0,3226.0
2021.06.16,11745.0,105.0,11640.0,11745.0,11640.0,14071.0
2021.06.15,11640.0,15.0,11615.0,11650.0,11595.0,2659.0
2021.06.14,11625.0,-35.0,11730.0,11730.0,11560.0,13059.0
2021.06.11,11660.0,75.0,11585.0,11660.0,11580.0,2331.0
2021.06.10,11585.0,5.0,11495.0,11625.0,11495.0,9785.0
2021.06.09,11580.0,-115.0,11645.0,11665.0,11580.0,2751.0
2021.06.08,11695.0,-10.0,11705.0,11720.0,11640.0,9547.0
2021.06.07,11705.0,95.0,11650.0,11715.0,11585.0,12188.0
2021.06.04,11610.0,-55.0,11740.0,11740.0,11595.0,8942.0
2021.06.03,11665.0,-5.0,11690.0,11730.0,11665.0,11920.0
2021.06.02,11670.0,20.0,11650.0,11675.0,11615.0,4107.0
2021.06.01,11650.0,90.0,11560.0,11670.0,11545.0,4691.0
2021.05.31,11560.0,105.0,11605.0,11605.0,11460.0,5677.0
2021.05.28,11455.0,45.0,11470.0,11500.0,11420.0,21969.0
2021.05.27,11410.0,-30.0,11530.0,11530.0,11330.0,12896.0
2021.05.26,11440.0,50.0,11410.0,11455.0,11380.0,2651.0
2021.05.25,11390.0,55.0,11375.0,11425.0,11355.0,21275.0
2021.05.24,11335.0,35.0,11235.0,11355.0,11235.0,12115.0
2021.05.21,11300.0,-55.0,11360.0,11425.0,11260.0,1281.0
2021.05.20,11355.0,-120.0,11415.0,11415.0,11270.0,7320.0
2021.05.18,11475.0,130.0,11405.0,11475.0,11390.0,5022.0
2021.05.17,11345.0,-35.0,11395.0,11395.0,11245.0,28433.0
2021.05.14,11380.0,60.0,11390.0,11445.0,11330.0,26236.0
2021.05.13,11320.0,-100.0,11250.0,11490.0,11250.0,15449.0
2021.05.12,11420.0,-225.0,11550.0,11615.0,11365.0,30359.0
2021.05.11,11645.0,-95.0,11735.0,11735.0,11530.0,7749.0
2021.05.10,11740.0,250.0,11650.0,11740.0,11550.0,37746.0
2021.05.07,11490.0,20.0,11490.0,11525.0,11435.0,48890.0
2021.05.06,11470.0,195.0,11300.0,11470.0,11295.0,48856.0
2021.05.04,11275.0,45.0,11090.0,11275.0,11090.0,23036.0
2021.05.03,11230.0,-55.0,11285.0,11365.0,11185.0,5624.0
2021.04.30,11285.0,-65.0,11380.0,11390.0,11245.0,31298.0
2021.04.29,11350.0,-10.0,11500.0,11500.0,11335.0,12085.0
2021.04.28,11630.0,-135.0,11865.0,11865.0,11630.0,7386.0
2021.04.27,11765.0,30.0,11770.0,11770.0,11685.0,6516.0
2021.04.26,11735.0,135.0,11620.0,11735.0,11620.0,17585.0
2021.04.23,11600.0,35.0,11430.0,11615.0,11430.0,2738.0
2021.04.22,11565.0,55.0,11460.0,11595.0,11460.0,5562.0
2021.04.21,11510.0,-175.0,11620.0,11620.0,11465.0,4365.0
2021.04.20,11685.0,105.0,11565.0,11685.0,11550.0,8579.0
2021.04.19,11580.0,5.0,11575.0,11620.0,11540.0,14484.0
2021.04.16,11575.0,-20.0,11630.0,11630.0,11500.0,10067.0
2021.04.15,11595.0,80.0,11515.0,11610.0,11510.0,31374.0
2021.04.14,11515.0,50.0,11400.0,11515.0,11400.0,27313.0
2021.04.13,11465.0,90.0,11415.0,11465.0,11370.0,1193.0
2021.04.12,11375.0,10.0,11365.0,11385.0,11305.0,6902.0
2021.04.09,11365.0,-45.0,11405.0,11405.0,11305.0,2869.0
2021.04.08,11410.0,-30.0,11400.0,11425.0,11335.0,6171.0
2021.04.07,11440.0,25.0,11380.0,11440.0,11355.0,12407.0
2021.04.06,11415.0,25.0,11400.0,11415.0,11315.0,22227.0
2021.04.05,11390.0,55.0,11340.0,11390.0,11275.0,12432.0
2021.04.02,11335.0,45.0,11340.0,11375.0,11255.0,55207.0
2021.04.01,11290.0,35.0,11210.0,11305.0,11210.0,74045.0
2021.03.31,11255.0,0.0,11255.0,11330.0,11225.0,3281.0
2021.03.30,11255.0,115.0,11215.0,11265.0,11175.0,55540.0
2021.03.29,11140.0,10.0,11175.0,11175.0,11045.0,26507.0
2021.03.26,11130.0,105.0,11085.0,11130.0,11035.0,3138.0
2021.03.25,11025.0,80.0,10895.0,11045.0,10895.0,3345.0
2021.03.24,10945.0,-75.0,10890.0,10965.0,10880.0,3640.0
2021.03.23,11020.0,-75.0,11125.0,11140.0,10980.0,4783.0
2021.03.22,11095.0,50.0,11045.0,11120.0,10990.0,10415.0
2021.03.19,11045.0,-70.0,11040.0,11045.0,10970.0,3287.0
2021.03.18,11115.0,40.0,11070.0,11150.0,11070.0,3744.0
2021.03.17,11075.0,-60.0,11080.0,11085.0,10995.0,4852.0
2021.03.16,11135.0,105.0,11055.0,11155.0,11035.0,5946.0
2021.03.15,11030.0,10.0,11010.0,11030.0,10950.0,8562.0
2021.03.12,11020.0,115.0,10920.0,11035.0,10920.0,16013.0
2021.03.11,10905.0,90.0,10855.0,10970.0,10830.0,4036.0
2021.03.10,10815.0,-95.0,10895.0,10920.0,10765.0,5210.0
2021.03.09,10910.0,15.0,10925.0,10950.0,10755.0,7599.0
2021.03.08,10895.0,35.0,10880.0,10990.0,10865.0,8520.0
2021.03.05,10860.0,-20.0,10770.0,10885.0,10725.0,25630.0
2021.03.04,10880.0,-65.0,10810.0,10925.0,10800.0,3325.0
2021.03.03,10945.0,140.0,10680.0,10950.0,10680.0,3149.0
2021.03.02,10805.0,115.0,10895.0,10950.0,10720.0,3299.0
2021.02.26,10690.0,-265.0,10685.0,10715.0,10635.0,4779.0
2021.02.25,10955.0,315.0,10750.0,10955.0,10725.0,4003.0
2021.02.24,10640.0,-205.0,10785.0,10865.0,10620.0,3299.0
2021.02.23,10845.0,25.0,10750.0,10910.0,10700.0,4899.0
2021.02.22,10820.0,-50.0,10925.0,10990.0,10815.0,8671.0
2021.02.19,10870.0,15.0,10855.0,10880.0,10635.0,9032.0
2021.02.18,10855.0,-160.0,10980.0,11015.0,10835.0,12586.0
2021.02.17,11015.0,-55.0,11005.0,11020.0,10910.0,4942.0
2021.02.16,11070.0,70.0,10995.0,11070.0,10955.0,11132.0
2021.02.15,11000.0,95.0,10935.0,11020.0,10935.0,5771.0
2021.02.10,10905.0,100.0,10790.0,10920.0,10765.0,2535.0
2021.02.09,10805.0,-80.0,10900.0,10935.0,10805.0,65560.0
2021.02.08,10885.0,-20.0,10915.0,10975.0,10785.0,4603.0
2021.02.05,10905.0,145.0,10780.0,10910.0,10740.0,15907.0
2021.02.04,10760.0,-85.0,10820.0,10835.0,10670.0,11014.0
2021.02.03,10845.0,60.0,10780.0,10920.0,10730.0,17074.0
2021.02.02,10785.0,140.0,10680.0,10895.0,10635.0,9901.0
2021.02.01,10645.0,245.0,10400.0,10645.0,10365.0,8945.0
2021.01.29,10400.0,-325.0,10730.0,10730.0,10365.0,193367.0
2021.01.28,10725.0,-180.0,10750.0,10825.0,10610.0,7719.0
2021.01.27,10905.0,-35.0,10880.0,11060.0,10840.0,10348.0
2021.01.26,10940.0,-265.0,11185.0,11185.0,10885.0,62574.0
2021.01.25,11205.0,205.0,10880.0,11205.0,10880.0,13708.0
2021.01.22,11000.0,-65.0,11090.0,11120.0,10945.0,63496.0
2021.01.21,11065.0,180.0,10845.0,11065.0,10845.0,168654.0
2021.01.20,10885.0,85.0,10865.0,10925.0,10735.0,16544.0
2021.01.19,10800.0,245.0,10675.0,10825.0,10520.0,53446.0
2021.01.18,10555.0,-265.0,10625.0,10715.0,10520.0,54615.0
2021.01.15,10820.0,-225.0,10980.0,11140.0,10800.0,54724.0
2021.01.14,11045.0,105.0,10860.0,11060.0,10860.0,37249.0
2021.01.13,10940.0,5.0,10840.0,11025.0,10840.0,52825.0
2021.01.12,10935.0,-50.0,10950.0,10980.0,10650.0,35287.0
2021.01.11,10985.0,-5.0,11020.0,11270.0,10770.0,36711.0
2021.01.08,10990.0,275.0,10715.0,11050.0,10710.0,23638.0
2021.01.07,10715.0,245.0,10650.0,10770.0,10565.0,65338.0
2021.01.06,10470.0,-100.0,10690.0,10690.0,10415.0,41901.0
2021.01.05,10570.0,160.0,10540.0,10570.0,10285.0,21272.0
2021.01.04,10410.0,100.0,10310.0,10410.0,10110.0,45927.0
2020.12.30,10310.0,180.0,10200.0,10315.0,9965.0,37128.0
2020.12.29,10130.0,95.0,10085.0,10170.0,10020.0,33522.0
2020.12.28,10035.0,80.0,9995.0,10075.0,9955.0,53120.0
2020.12.24,9955.0,175.0,9760.0,9955.0,9760.0,166838.0
2020.12.23,9780.0,140.0,9730.0,9780.0,9595.0,98381.0
2020.12.22,9640.0,-145.0,9745.0,9770.0,9615.0,76317.0
2020.12.21,9785.0,90.0,9690.0,9785.0,9630.0,16535.0
2020.12.18,9695.0,-30.0,9835.0,9835.0,9680.0,12484.0
2020.12.17,9725.0,-15.0,9685.0,9730.0,9605.0,51590.0
2020.12.16,9740.0,25.0,9750.0,9790.0,9685.0,23197.0
2020.12.15,9715.0,-50.0,9770.0,9770.0,9620.0,169430.0
2020.12.14,9765.0,5.0,9760.0,9830.0,9705.0,21038.0
2020.12.11,9760.0,105.0,9710.0,9820.0,9685.0,70629.0
2020.12.10,9655.0,0.0,9515.0,9695.0,9515.0,39632.0
2020.12.09,9655.0,195.0,9590.0,9665.0,9505.0,48766.0
2020.12.08,9460.0,-155.0,9615.0,9615.0,9440.0,32241.0
2020.12.07,9615.0,50.0,9565.0,9615.0,9470.0,89196.0
2020.12.04,9565.0,135.0,9400.0,9595.0,9400.0,191530.0
2020.12.03,9430.0,85.0,9345.0,9430.0,9330.0,97040.0
2020.12.02,9345.0,125.0,9340.0,9350.0,9250.0,36660.0
2020.12.01,9220.0,165.0,9145.0,9220.0,9125.0,21810.0
2020.11.30,9055.0,-210.0,9365.0,9365.0,9055.0,22709.0
2020.11.27,9265.0,-5.0,9205.0,9270.0,9195.0,59741.0
2020.11.26,9270.0,60.0,9175.0,9270.0,9140.0,30178.0
2020.11.25,9210.0,-55.0,9220.0,9315.0,9135.0,49028.0
2020.11.24,9265.0,25.0,9240.0,9325.0,9200.0,154177.0
2020.11.23,9240.0,205.0,9005.0,9240.0,8995.0,54920.0
2020.11.20,9035.0,20.0,8955.0,9035.0,8955.0,18716.0
2020.11.19,9015.0,-20.0,8960.0,9015.0,8920.0,202356.0
2020.11.18,9035.0,5.0,9030.0,9075.0,8975.0,69147.0
2020.11.17,9030.0,-55.0,9035.0,9125.0,9015.0,116848.0
2020.11.16,9085.0,235.0,8895.0,9090.0,8875.0,47691.0
2020.11.13,8850.0,50.0,8700.0,8850.0,8700.0,52230.0
2020.11.12,8800.0,-35.0,8770.0,8865.0,8760.0,28787.0
2020.11.11,8835.0,175.0,8660.0,8860.0,8660.0,26973.0
2020.11.10,8660.0,80.0,8700.0,8700.0,8580.0,23408.0
2020.11.09,8580.0,85.0,8545.0,8620.0,8530.0,17768.0
2020.11.06,8495.0,-10.0,8620.0,8620.0,8430.0,17152.0
2020.11.05,8505.0,180.0,8285.0,8505.0,8285.0,9070.0
2020.11.04,8325.0,-5.0,8470.0,8470.0,8295.0,9598.0
2020.11.03,8330.0,125.0,8205.0,8340.0,8205.0,21978.0
2020.11.02,8205.0,165.0,8060.0,8215.0,8050.0,6972.0
2020.10.30,8040.0,-220.0,8295.0,8295.0,8040.0,10776.0
2020.10.29,8260.0,-125.0,8320.0,8320.0,8175.0,10517.0
2020.10.28,8385.0,10.0,8215.0,8385.0,8215.0,14046.0
2020.10.27,8375.0,-65.0,8310.0,8405.0,8310.0,11257.0
2020.10.26,8440.0,-10.0,8395.0,8480.0,8390.0,32243.0
2020.10.23,8450.0,55.0,8520.0,8520.0,8375.0,6520.0
2020.10.22,8395.0,-20.0,8415.0,8415.0,8290.0,9423.0
2020.10.21,8415.0,50.0,8435.0,8435.0,8335.0,10020.0
2020.10.20,8365.0,50.0,8165.0,8365.0,8165.0,430100.0
2020.10.19,8315.0,80.0,8325.0,8355.0,8280.0,2305.0
2020.10.16,8235.0,-45.0,8215.0,8285.0,8160.0,12477.0
2020.10.15,8280.0,-40.0,8320.0,8320.0,8215.0,14438.0
2020.10.14,8320.0,-85.0,8400.0,8400.0,8280.0,4236.0
2020.10.13,8405.0,15.0,8355.0,8430.0,8320.0,15218.0
2020.10.12,8390.0,40.0,8445.0,8445.0,8315.0,18005.0
2020.10.08,8350.0,15.0,8350.0,8395.0,8300.0,50318.0
2020.10.07,8335.0,115.0,8260.0,8340.0,8150.0,8010.0
2020.10.06,8220.0,-15.0,8235.0,8310.0,8190.0,5081.0
2020.10.05,8235.0,150.0,8090.0,8270.0,8090.0,9571.0
2020.09.29,8085.0,45.0,8075.0,8120.0,8050.0,5555.0
2020.09.28,8040.0,95.0,7900.0,8060.0,7900.0,272978.0
2020.09.25,7945.0,35.0,7990.0,7990.0,7900.0,6218.0
2020.09.24,7910.0,-150.0,7925.0,7975.0,7875.0,1708.0
2020.09.23,8060.0,15.0,8080.0,8080.0,7940.0,3766.0
2020.09.22,8045.0,-165.0,8070.0,8200.0,8000.0,6790.0
2020.09.21,8210.0,-25.0,8235.0,8310.0,8165.0,12667.0
2020.09.18,8235.0,-15.0,8150.0,8250.0,8150.0,5439.0
2020.09.17,8250.0,-75.0,8350.0,8350.0,8200.0,11321.0
2020.09.16,8325.0,-10.0,8300.0,8340.0,8285.0,12541.0
2020.09.15,8335.0,20.0,8295.0,8335.0,8270.0,8939.0
2020.09.14,8315.0,145.0,8150.0,8315.0,8150.0,8432.0
2020.09.11,8170.0,0.0,8225.0,8225.0,8090.0,9649.0
2020.09.10,8170.0,70.0,8115.0,8215.0,8115.0,10810.0
2020.09.09,8100.0,-55.0,8115.0,8130.0,7960.0,4904.0
2020.09.08,8155.0,105.0,8005.0,8155.0,8005.0,10748.0
2020.09.07,8050.0,95.0,7995.0,8055.0,7970.0,8085.0
2020.09.04,7955.0,-95.0,7880.0,7955.0,7870.0,3167.0
2020.09.03,8050.0,90.0,8015.0,8085.0,8010.0,5001.0
2020.09.02,7960.0,30.0,7925.0,7960.0,7880.0,9314.0
2020.09.01,7930.0,70.0,7870.0,7950.0,7860.0,3158.0
2020.08.31,7860.0,-115.0,8025.0,8045.0,7860.0,5503.0
2020.08.28,7975.0,35.0,7955.0,8060.0,7935.0,1673.0
2020.08.27,7940.0,-105.0,7985.0,7985.0,7920.0,5700.0
2020.08.26,8045.0,-60.0,8055.0,8055.0,7935.0,1991.0
2020.08.25,8105.0,125.0,8000.0,8115.0,8000.0,12396.0
2020.08.24,7980.0,50.0,7845.0,7980.0,7845.0,4557.0
2020.08.21,7930.0,100.0,7970.0,8015.0,7870.0,7371.0
2020.08.20,7830.0,-315.0,8020.0,8175.0,7795.0,44495.0
2020.08.19,8145.0,0.0,8255.0,8255.0,8130.0,8768.0
2020.08.18,8145.0,-195.0,8270.0,8380.0,8080.0,33846.0
2020.08.14,8340.0,-30.0,8380.0,8390.0,8230.0,8852.0
2020.08.13,8370.0,-20.0,8415.0,8440.0,8290.0,23493.0
2020.08.12,8390.0,135.0,8245.0,8390.0,8170.0,49627.0
2020.08.11,8255.0,135.0,8180.0,8295.0,8140.0,30664.0
2020.08.10,8120.0,145.0,7975.0,8120.0,7975.0,36163.0
2020.08.07,7975.0,-10.0,8010.0,8045.0,7905.0,7211.0
2020.08.06,7985.0,115.0,7885.0,8030.0,7885.0,31763.0
2020.08.05,7870.0,10.0,7895.0,7895.0,7820.0,11277.0
2020.08.04,7860.0,80.0,7785.0,7880.0,7785.0,2288.0
2020.08.03,7780.0,-70.0,7850.0,7850.0,7755.0,96398.0
2020.07.31,7850.0,-115.0,7965.0,7965.0,7825.0,4178.0
2020.07.30,7965.0,30.0,8020.0,8040.0,7950.0,12903.0
2020.07.29,7935.0,40.0,7895.0,7990.0,7880.0,41709.0
2020.07.28,7895.0,185.0,7805.0,7905.0,7775.0,5933.0
2020.07.27,7710.0,80.0,7605.0,7755.0,7605.0,22665.0
2020.07.24,7630.0,-25.0,7615.0,7670.0,7575.0,18169.0
2020.07.23,7655.0,-75.0,7710.0,7710.0,7585.0,1656.0
2020.07.22,7730.0,-35.0,7790.0,7820.0,7705.0,2310.0
2020.07.21,7765.0,70.0,7745.0,7765.0,7695.0,12941.0
2020.07.20,7695.0,30.0,7685.0,7715.0,7615.0,4223.0
2020.07.17,7665.0,35.0,7635.0,7690.0,7630.0,2473.0
2020.07.16,7630.0,-35.0,7690.0,7695.0,7585.0,7390.0
2020.07.15,7665.0,85.0,7640.0,7700.0,7610.0,13809.0
2020.07.14,7580.0,20.0,7555.0,7580.0,7500.0,1413.0
2020.07.13,7560.0,155.0,7465.0,7570.0,7435.0,3909.0
2020.07.10,7405.0,-80.0,7490.0,7490.0,7350.0,14683.0
2020.07.09,7485.0,-20.0,7495.0,7540.0,7480.0,9371.0
2020.07.08,7505.0,-20.0,7530.0,7565.0,7470.0,11577.0
2020.07.07,7525.0,-120.0,7685.0,7705.0,7520.0,5652.0
2020.07.06,7645.0,150.0,7535.0,7645.0,7485.0,14251.0
2020.07.03,7495.0,65.0,7460.0,7495.0,7425.0,10390.0
2020.07.02,7430.0,60.0,7390.0,7430.0,7370.0,182080.0
2020.07.01,7370.0,30.0,7410.0,7440.0,7335.0,15287.0
2020.06.30,7340.0,55.0,7405.0,7430.0,7340.0,2361.0
2020.06.29,7285.0,-125.0,7285.0,7335.0,7230.0,4092.0
2020.06.26,7410.0,125.0,7385.0,7435.0,7325.0,17740.0
2020.06.25,7285.0,-185.0,7350.0,7390.0,7280.0,24264.0
2020.06.24,7470.0,115.0,7385.0,7510.0,7385.0,3543.0
2020.06.23,7355.0,-40.0,7425.0,7470.0,7290.0,10006.0
2020.06.22,7395.0,-95.0,7400.0,7455.0,7375.0,11448.0
2020.06.19,7490.0,60.0,7490.0,7490.0,7360.0,5371.0
2020.06.18,7430.0,-30.0,7415.0,7480.0,7380.0,8189.0
2020.06.17,7460.0,-40.0,7360.0,7475.0,7310.0,3687.0
2020.06.16,7500.0,390.0,7210.0,7500.0,7210.0,2119.0
2020.06.15,7110.0,-390.0,7390.0,7390.0,7110.0,15486.0
2020.06.12,7500.0,-215.0,7395.0,7500.0,7345.0,3348.0
2020.06.11,7715.0,-135.0,7735.0,7805.0,7580.0,53788.0
2020.06.10,7850.0,-30.0,7850.0,7865.0,7775.0,19824.0
2020.06.09,7880.0,0.0,7895.0,7945.0,7770.0,4563.0
2020.06.08,7880.0,10.0,8025.0,8025.0,7835.0,21214.0
2020.06.05,7870.0,100.0,7720.0,7870.0,7700.0,12164.0
2020.06.04,7770.0,-10.0,7915.0,7985.0,7730.0,46083.0
2020.06.03,7780.0,285.0,7550.0,7840.0,7550.0,9179.0
2020.06.02,7495.0,130.0,7370.0,7500.0,7345.0,6702.0
2020.06.01,7365.0,145.0,7235.0,7365.0,7235.0,4278.0
2020.05.29,7220.0,0.0,7140.0,7275.0,7120.0,11557.0
2020.05.28,7220.0,5.0,7305.0,7305.0,7120.0,43084.0
2020.05.27,7215.0,45.0,7180.0,7245.0,7145.0,6975.0
2020.05.26,7170.0,145.0,7020.0,7170.0,7020.0,4120.0
2020.05.25,7025.0,75.0,6985.0,7025.0,6935.0,10464.0
2020.05.22,6950.0,-135.0,7090.0,7090.0,6915.0,2826.0
2020.05.21,7085.0,20.0,7125.0,7125.0,7055.0,2921.0
2020.05.20,7065.0,-5.0,7035.0,7075.0,7035.0,4086.0
2020.05.19,7070.0,215.0,7030.0,7070.0,7005.0,11697.0
2020.05.18,6855.0,35.0,6840.0,6860.0,6775.0,2884.0
2020.05.15,6820.0,20.0,6825.0,6830.0,6745.0,2900.0
2020.05.14,6800.0,-70.0,6795.0,6820.0,6745.0,1462.0
2020.05.13,6870.0,65.0,6690.0,6870.0,6690.0,679.0
2020.05.12,6805.0,-75.0,6875.0,6875.0,6730.0,1881.0
2020.05.11,6880.0,-60.0,6940.0,6985.0,6865.0,4788.0
2020.05.08,6940.0,55.0,6935.0,6980.0,6925.0,2288.0
2020.05.07,6885.0,-20.0,6850.0,6920.0,6815.0,1573.0
2020.05.06,6905.0,90.0,6900.0,6905.0,6830.0,3774.0
2020.05.04,6815.0,-220.0,6875.0,6900.0,6790.0,49758.0
2020.04.29,7035.0,65.0,6980.0,7070.0,6980.0,3021.0
2020.04.28,6970.0,50.0,6900.0,6970.0,6875.0,2792.0
2020.04.27,7090.0,180.0,6945.0,7105.0,6920.0,140719.0
2020.04.24,6910.0,-105.0,6915.0,6965.0,6840.0,2935.0
2020.04.23,7015.0,50.0,7010.0,7050.0,6945.0,33664.0
2020.04.22,6965.0,45.0,6740.0,6965.0,6740.0,1439.0
2020.04.21,6920.0,-90.0,6895.0,6955.0,6755.0,3684.0
2020.04.20,7010.0,-65.0,7070.0,7085.0,6950.0,5817.0
2020.04.17,7075.0,190.0,6940.0,7085.0,6940.0,31538.0
2020.04.16,6885.0,-50.0,6865.0,6890.0,6790.0,5454.0
2020.04.14,6935.0,120.0,6815.0,6935.0,6815.0,2690.0
2020.04.13,6815.0,-125.0,6940.0,6940.0,6755.0,8461.0
2020.04.10,6940.0,110.0,6780.0,6940.0,6770.0,5985.0
2020.04.09,6830.0,125.0,6845.0,6845.0,6715.0,1568.0
2020.04.08,6705.0,-80.0,6760.0,6805.0,6660.0,3376.0
2020.04.07,6785.0,120.0,6820.0,6840.0,6665.0,1834.0
2020.04.06,6665.0,240.0,6405.0,6665.0,6405.0,6664.0
2020.04.03,6425.0,-10.0,6465.0,6465.0,6330.0,10261.0
2020.04.02,6435.0,145.0,6260.0,6435.0,6165.0,19574.0
2020.04.01,6290.0,-255.0,6495.0,6565.0,6270.0,3498.0
2020.03.31,6545.0,95.0,6455.0,6560.0,6390.0,4711.0
2020.03.30,6450.0,-30.0,6305.0,6510.0,6195.0,6104.0
2020.03.27,6480.0,140.0,6570.0,6580.0,6240.0,46301.0
2020.03.26,6340.0,-150.0,6440.0,6530.0,6260.0,39602.0
2020.03.25,6490.0,505.0,6275.0,6490.0,6115.0,11666.0
2020.03.24,5985.0,460.0,5735.0,5985.0,5530.0,80323.0
2020.03.23,5525.0,-350.0,5490.0,5635.0,5405.0,10428.0
2020.03.20,5875.0,405.0,5620.0,5875.0,5490.0,6400.0
2020.03.19,5470.0,-505.0,6030.0,6030.0,5360.0,7408.0
2020.03.18,5975.0,-300.0,6220.0,6340.0,5915.0,9106.0
2020.03.17,6275.0,-210.0,6165.0,6465.0,6165.0,66111.0
2020.03.16,6485.0,-200.0,6715.0,6725.0,6485.0,16303.0
2020.03.13,6685.0,-250.0,6385.0,6825.0,6355.0,43967.0
2020.03.12,6935.0,-280.0,7130.0,7135.0,6835.0,60309.0
2020.03.11,7215.0,-180.0,7370.0,7415.0,7170.0,43645.0
2020.03.10,7395.0,5.0,7355.0,7415.0,7315.0,62998.0
2020.03.09,7390.0,-340.0,7555.0,7555.0,7350.0,37945.0
2020.03.06,7730.0,-180.0,7775.0,7805.0,7685.0,41965.0
2020.03.05,7910.0,75.0,7880.0,7920.0,7815.0,20371.0
2020.03.04,7835.0,160.0,7645.0,7845.0,7645.0,3039.0
2020.03.03,7675.0,15.0,7810.0,7830.0,7655.0,6958.0
2020.03.02,7660.0,20.0,7705.0,7715.0,7545.0,47707.0
2020.02.28,7640.0,-235.0,7770.0,7775.0,7610.0,142179.0
2020.02.27,7875.0,-85.0,7920.0,7960.0,7870.0,3863.0
2020.02.26,7960.0,-100.0,7900.0,8000.0,7875.0,53883.0
2020.02.25,8060.0,60.0,7990.0,8075.0,7955.0,40580.0
2020.02.24,8000.0,-310.0,8130.0,8130.0,7990.0,28994.0
2020.02.21,8310.0,-120.0,8320.0,8365.0,8295.0,8034.0
2020.02.20,8430.0,-45.0,8510.0,8540.0,8385.0,11603.0
2020.02.19,8475.0,-15.0,8485.0,8535.0,8410.0,28074.0
2020.02.18,8490.0,-130.0,8545.0,8570.0,8465.0,8309.0
2020.02.17,8620.0,-5.0,8585.0,8630.0,8555.0,18048.0
2020.02.14,8625.0,25.0,8590.0,8660.0,8535.0,11744.0
2020.02.13,8600.0,-30.0,8675.0,8685.0,8585.0,4577.0
2020.02.12,8630.0,50.0,8580.0,8655.0,8545.0,7162.0
2020.02.11,8580.0,95.0,8490.0,8605.0,8490.0,6541.0
2020.02.10,8485.0,-65.0,8445.0,8485.0,8400.0,6661.0
2020.02.07,8550.0,-75.0,8560.0,8575.0,8470.0,5161.0
2020.02.06,8625.0,255.0,8425.0,8625.0,8425.0,10272.0
2020.02.05,8370.0,65.0,8415.0,8415.0,8320.0,9218.0
2020.02.04,8305.0,100.0,8220.0,8340.0,8190.0,25789.0
2020.02.03,8205.0,-25.0,8135.0,8230.0,8070.0,230556.0
2020.01.31,8230.0,-105.0,8370.0,8380.0,8220.0,190419.0
2020.01.30,8335.0,-140.0,8455.0,8475.0,8295.0,44598.0
2020.01.29,8475.0,-25.0,8460.0,8510.0,8420.0,3670.0
2020.01.28,8500.0,-230.0,8530.0,8535.0,8400.0,29786.0
2020.01.23,8730.0,-80.0,8775.0,8775.0,8700.0,8840.0
2020.01.22,8810.0,105.0,8695.0,8810.0,8665.0,9580.0
2020.01.21,8705.0,-65.0,8760.0,8775.0,8690.0,6969.0
2020.01.20,8770.0,45.0,8760.0,8825.0,8735.0,31428.0
2020.01.17,8725.0,15.0,8745.0,8770.0,8685.0,38207.0
2020.01.16,8710.0,65.0,8645.0,8710.0,8605.0,31936.0
2020.01.15,8645.0,-40.0,8655.0,8655.0,8595.0,26454.0
2020.01.14,8685.0,75.0,8650.0,8705.0,8650.0,21840.0
2020.01.13,8610.0,55.0,8555.0,8620.0,8520.0,43256.0
2020.01.10,8555.0,45.0,8500.0,8555.0,8475.0,9707.0
2020.01.09,8510.0,110.0,8500.0,8510.0,8430.0,9375.0
2020.01.08,8400.0,-100.0,8405.0,8425.0,8350.0,9600.0
2020.01.07,8500.0,55.0,8460.0,8525.0,8455.0,16177.0
2020.01.06,8445.0,-90.0,8465.0,8490.0,8405.0,8694.0
2020.01.03,8535.0,0.0,8640.0,8640.0,8470.0,34233.0
2020.01.02,8535.0,-105.0,8640.0,8640.0,8520.0,65173.0
2019.12.30,8640.0,-40.0,8665.0,8680.0,8615.0,102082.0
2019.12.27,8680.0,130.0,8590.0,8720.0,8590.0,97209.0
2019.12.26,8550.0,45.0,8510.0,8550.0,8485.0,68164.0
2019.12.24,8505.0,-65.0,8560.0,8560.0,8495.0,21021.0
2019.12.23,8570.0,-15.0,8560.0,8580.0,8535.0,65980.0
2019.12.20,8585.0,40.0,8560.0,8585.0,8525.0,17946.0
2019.12.19,8545.0,5.0,8570.0,8575.0,8505.0,15410.0
2019.12.18,8540.0,20.0,8520.0,8575.0,8505.0,53375.0
2019.12.17,8520.0,80.0,8445.0,8530.0,8420.0,64118.0
2019.12.16,8440.0,-30.0,8460.0,8480.0,8420.0,29879.0
2019.12.13,8470.0,140.0,8420.0,8470.0,8415.0,62981.0
2019.12.12,8330.0,130.0,8245.0,8330.0,8245.0,10065.0
2019.12.11,8200.0,30.0,8170.0,8215.0,8140.0,11902.0
2019.12.10,8170.0,35.0,8115.0,8180.0,8100.0,20992.0
2019.12.09,8135.0,50.0,8110.0,8140.0,8090.0,6619.0
2019.12.06,8085.0,80.0,8045.0,8085.0,8025.0,15899.0
2019.12.05,8005.0,-5.0,8065.0,8085.0,7975.0,15558.0
2019.12.04,8010.0,-45.0,8000.0,8025.0,7970.0,16393.0
2019.12.03,8055.0,-55.0,8045.0,8080.0,7995.0,6223.0
2019.12.02,8110.0,40.0,8105.0,8130.0,8085.0,23374.0
2019.11.29,8070.0,-145.0,8215.0,8235.0,8070.0,11734.0
2019.11.28,8215.0,-40.0,8210.0,8240.0,8190.0,98619.0
2019.11.27,8255.0,30.0,8195.0,8270.0,8195.0,28699.0
2019.11.26,8225.0,-15.0,8230.0,8300.0,8220.0,34040.0
2019.11.25,8240.0,80.0,8255.0,8265.0,8210.0,17593.0
2019.11.22,8160.0,35.0,8210.0,8210.0,8115.0,25479.0
2019.11.21,8125.0,-115.0,8210.0,8210.0,8080.0,62199.0
2019.11.20,8240.0,-100.0,8210.0,8290.0,8210.0,89409.0
2019.11.19,8340.0,-15.0,8250.0,8340.0,8250.0,17296.0
2019.11.18,8355.0,-5.0,8395.0,8395.0,8305.0,113541.0
2019.11.15,8360.0,110.0,8265.0,8375.0,8235.0,71386.0
2019.11.14,8250.0,45.0,8215.0,8250.0,8175.0,9975.0
2019.11.13,8205.0,-60.0,8215.0,8235.0,8180.0,2009.0
2019.11.12,8265.0,75.0,8195.0,8265.0,8180.0,15125.0
2019.11.11,8190.0,-55.0,8240.0,8240.0,8160.0,65525.0
2019.11.08,8245.0,-10.0,8275.0,8290.0,8215.0,41108.0
2019.11.07,8255.0,15.0,8220.0,8260.0,8200.0,43135.0
2019.11.06,8240.0,5.0,8215.0,8275.0,8210.0,31473.0
2019.11.05,8235.0,65.0,8160.0,8235.0,8155.0,19838.0
2019.11.04,8170.0,115.0,8030.0,8180.0,8030.0,10187.0
2019.11.01,8055.0,70.0,8000.0,8055.0,7985.0,5316.0
2019.10.31,7985.0,-5.0,8095.0,8095.0,7975.0,19099.0
2019.10.30,7990.0,-75.0,8025.0,8030.0,7965.0,12773.0
2019.10.29,8065.0,0.0,8085.0,8100.0,8035.0,43074.0
2019.10.28,8065.0,-10.0,8105.0,8110.0,8050.0,33321.0
2019.10.25,8075.0,0.0,8060.0,8075.0,8010.0,19755.0
2019.10.24,8075.0,25.0,8050.0,8075.0,8000.0,8646.0
2019.10.23,8050.0,-55.0,8090.0,8090.0,8015.0,23815.0
2019.10.22,8105.0,95.0,7955.0,8115.0,7955.0,5406.0
2019.10.21,8010.0,20.0,8065.0,8065.0,7980.0,19371.0
2019.10.18,7990.0,-70.0,8080.0,8100.0,7975.0,9469.0
2019.10.17,8060.0,-20.0,8050.0,8085.0,8025.0,14364.0
2019.10.16,8080.0,50.0,8070.0,8110.0,8050.0,8172.0
2019.10.15,8030.0,5.0,8025.0,8055.0,8005.0,8828.0
2019.10.14,8025.0,85.0,8010.0,8065.0,8010.0,7049.0
2019.10.11,7940.0,80.0,8015.0,8015.0,7910.0,41526.0
2019.10.10,7860.0,-90.0,7875.0,7915.0,7805.0,7770.0
2019.10.08,7950.0,95.0,7865.0,7950.0,7855.0,15204.0
2019.10.07,7855.0,0.0,7820.0,7905.0,7820.0,7455.0
2019.10.04,7855.0,-45.0,7880.0,7930.0,7855.0,10340.0
2019.10.02,7900.0,-175.0,8005.0,8005.0,7890.0,21033.0
2019.10.01,8075.0,0.0,8065.0,8115.0,8035.0,42430.0
2019.09.30,8075.0,70.0,7990.0,8080.0,7970.0,210490.0
2019.09.27,8005.0,-95.0,8055.0,8055.0,7970.0,2229.0
2019.09.26,8100.0,0.0,8110.0,8145.0,8045.0,6703.0
2019.09.25,8100.0,-90.0,8155.0,8155.0,8090.0,17418.0
2019.09.24,8190.0,40.0,8135.0,8190.0,8110.0,32542.0
2019.09.23,8150.0,25.0,8100.0,8150.0,8095.0,13148.0
2019.09.20,8125.0,50.0,8085.0,8125.0,8050.0,27022.0
2019.09.19,8075.0,40.0,8010.0,8100.0,8010.0,72181.0
2019.09.18,8035.0,20.0,8025.0,8050.0,7970.0,2135.0
2019.09.17,8015.0,-15.0,8020.0,8020.0,7980.0,18120.0
2019.09.16,8030.0,35.0,8080.0,8080.0,7950.0,25880.0
2019.09.11,7995.0,70.0,7870.0,8000.0,7870.0,18324.0
2019.09.10,7925.0,60.0,7885.0,7930.0,7870.0,23551.0
2019.09.09,7865.0,55.0,7830.0,7895.0,7810.0,48014.0
2019.09.06,7810.0,30.0,7805.0,7825.0,7780.0,53331.0
2019.09.05,7780.0,70.0,7710.0,7820.0,7710.0,27851.0
2019.09.04,7710.0,85.0,7615.0,7710.0,7590.0,5022.0
2019.09.03,7625.0,-35.0,7645.0,7655.0,7585.0,67378.0
2019.09.02,7660.0,5.0,7655.0,7680.0,7610.0,68281.0
2019.08.30,7655.0,150.0,7585.0,7665.0,7570.0,5804.0
2019.08.29,7505.0,-25.0,7460.0,7525.0,7460.0,12661.0
2019.08.28,7530.0,60.0,7520.0,7540.0,7480.0,3319.0
2019.08.27,7470.0,15.0,7415.0,7510.0,7415.0,15491.0
2019.08.26,7455.0,-105.0,7465.0,7470.0,7415.0,25185.0
2019.08.23,7560.0,-5.0,7575.0,7575.0,7510.0,2850.0
2019.08.22,7565.0,-50.0,7620.0,7620.0,7545.0,7065.0
2019.08.21,7615.0,5.0,7585.0,7625.0,7575.0,10905.0
2019.08.20,7610.0,65.0,7550.0,7620.0,7510.0,56720.0
2019.08.19,7545.0,65.0,7490.0,7550.0,7485.0,58401.0
2019.08.16,7480.0,-40.0,7525.0,7525.0,7395.0,209524.0
2019.08.14,7520.0,55.0,7475.0,7560.0,7475.0,3957.0
2019.08.13,7465.0,-85.0,7490.0,7515.0,7445.0,14158.0
2019.08.12,7550.0,0.0,7565.0,7570.0,7510.0,51936.0
2019.08.09,7550.0,60.0,7540.0,7580.0,7525.0,5526.0
2019.08.08,7490.0,-5.0,7530.0,7570.0,7490.0,4624.0
2019.08.07,7495.0,-45.0,7550.0,7565.0,7465.0,4841.0
2019.08.06,7540.0,-120.0,7455.0,7640.0,7445.0,34967.0
2019.08.05,7660.0,-135.0,7745.0,7745.0,7625.0,18435.0
2019.08.02,7795.0,-85.0,7780.0,7810.0,7760.0,11978.0
2019.08.01,7880.0,-35.0,7850.0,7930.0,7840.0,124341.0
2019.07.31,7915.0,-70.0,7940.0,7965.0,7870.0,90383.0
2019.07.30,7985.0,35.0,7980.0,8000.0,7945.0,45365.0
2019.07.29,7950.0,-125.0,7985.0,8045.0,7915.0,5233.0
2019.07.26,8075.0,-35.0,8065.0,8080.0,8020.0,18038.0
2019.07.25,8110.0,-20.0,8225.0,8225.0,8060.0,47686.0
2019.07.24,8130.0,-75.0,8170.0,8200.0,8115.0,11958.0
2019.07.23,8205.0,55.0,8145.0,8210.0,8140.0,18836.0
2019.07.22,8150.0,-5.0,8140.0,8165.0,8100.0,16904.0
2019.07.19,8155.0,110.0,8080.0,8165.0,8065.0,4948.0
2019.07.18,8045.0,-35.0,8070.0,8075.0,8010.0,131435.0
2019.07.17,8080.0,-55.0,8065.0,8085.0,8025.0,19201.0
2019.07.16,8135.0,15.0,8105.0,8145.0,8080.0,36393.0
2019.07.15,8120.0,0.0,8100.0,8130.0,8065.0,18729.0
2019.07.12,8120.0,35.0,8080.0,8120.0,8060.0,5019.0
2019.07.11,8085.0,80.0,8050.0,8115.0,8050.0,6763.0
2019.07.10,8005.0,20.0,8000.0,8035.0,8000.0,7630.0
2019.07.09,7985.0,-20.0,8015.0,8050.0,7970.0,6253.0
2019.07.08,8005.0,-155.0,8100.0,8100.0,7985.0,10623.0
2019.07.05,8160.0,10.0,8185.0,8185.0,8110.0,26888.0
2019.07.04,8150.0,60.0,8085.0,8170.0,8080.0,3987.0
2019.07.03,8090.0,-115.0,8160.0,8195.0,8075.0,38984.0
2019.07.02,8205.0,-50.0,8185.0,8230.0,8145.0,4904.0
2019.07.01,8255.0,20.0,8315.0,8315.0,8215.0,294305.0
2019.06.28,8235.0,-10.0,8240.0,8250.0,8215.0,260016.0
2019.06.27,8245.0,85.0,8150.0,8265.0,8150.0,88829.0
2019.06.26,8160.0,5.0,8150.0,8180.0,8110.0,89950.0
2019.06.25,8155.0,-10.0,8145.0,8170.0,8100.0,14056.0
2019.06.24,8165.0,20.0,8145.0,8170.0,8130.0,41595.0
2019.06.21,8145.0,-15.0,8130.0,8145.0,8115.0,7311.0
2019.06.20,8160.0,15.0,8120.0,8160.0,8105.0,7553.0
2019.06.19,8145.0,95.0,8115.0,8145.0,8110.0,2324.0
2019.06.18,8050.0,45.0,7995.0,8050.0,7995.0,6847.0
2019.06.17,8005.0,-15.0,8010.0,8025.0,7975.0,9401.0
2019.06.14,8020.0,-20.0,7960.0,8030.0,7960.0,1813.0
2019.06.13,8040.0,-75.0,8060.0,8065.0,7960.0,4948.0
2019.06.12,8115.0,-30.0,8125.0,8145.0,8085.0,4409.0
2019.06.11,8145.0,40.0,8105.0,8145.0,8065.0,5963.0
2019.06.10,8105.0,115.0,8025.0,8105.0,8010.0,8755.0
2019.06.07,7990.0,5.0,7980.0,8020.0,7925.0,21283.0
2019.06.05,7985.0,20.0,8035.0,8035.0,7955.0,8554.0
2019.06.04,7965.0,-20.0,7975.0,7990.0,7945.0,1178.0
2019.06.03,7985.0,135.0,7830.0,7985.0,7815.0,42256.0
2019.05.31,7850.0,-25.0,7855.0,7875.0,7785.0,4443.0
2019.05.30,7875.0,75.0,7800.0,7875.0,7800.0,2702.0
2019.05.29,7800.0,-100.0,7850.0,7850.0,7755.0,122872.0
2019.05.28,7900.0,-10.0,7910.0,7940.0,7850.0,5553.0
2019.05.27,7910.0,15.0,7890.0,7910.0,7855.0,20357.0
2019.05.24,7895.0,-45.0,7885.0,7920.0,7835.0,2837.0
2019.05.23,7940.0,0.0,7915.0,7960.0,7880.0,2409.0
2019.05.22,7940.0,-5.0,7935.0,7955.0,7860.0,3743.0
2019.05.21,7945.0,40.0,7900.0,8010.0,7880.0,9078.0
2019.05.20,7905.0,60.0,7885.0,7940.0,7880.0,12927.0
2019.05.17,7845.0,-65.0,7915.0,7950.0,7845.0,18481.0
2019.05.16,7910.0,-120.0,8030.0,8030.0,7880.0,217520.0
2019.05.15,8030.0,25.0,8005.0,8060.0,7945.0,29855.0
2019.05.14,8005.0,0.0,7890.0,8045.0,7890.0,222741.0
2019.05.13,8005.0,-90.0,8020.0,8075.0,7980.0,26341.0
2019.05.10,8095.0,40.0,8125.0,8170.0,8035.0,96295.0
2019.05.09,8055.0,-305.0,8295.0,8310.0,8055.0,121820.0
2019.05.08,8360.0,-35.0,8290.0,8405.0,8275.0,34267.0
2019.05.07,8395.0,-55.0,8380.0,8395.0,8320.0,9409.0
2019.05.03,8450.0,-85.0,8520.0,8520.0,8435.0,6058.0
2019.05.02,8535.0,45.0,8470.0,8560.0,8450.0,91664.0
2019.04.30,8490.0,-60.0,8540.0,8540.0,8410.0,67529.0
2019.04.29,8550.0,170.0,8395.0,8550.0,8380.0,46519.0
2019.04.26,8530.0,-55.0,8525.0,8560.0,8465.0,8518.0
2019.04.25,8585.0,-5.0,8550.0,8610.0,8525.0,15145.0
2019.04.24,8590.0,-85.0,8720.0,8720.0,8520.0,3514.0
2019.04.23,8675.0,25.0,8650.0,8675.0,8645.0,2662.0
2019.04.22,8650.0,5.0,8635.0,8675.0,8595.0,13946.0
2019.04.19,8645.0,-5.0,8670.0,8720.0,8645.0,12497.0
2019.04.18,8650.0,-145.0,8795.0,8800.0,8650.0,32255.0
2019.04.17,8795.0,0.0,8755.0,8800.0,8755.0,66065.0
2019.04.16,8795.0,45.0,8730.0,8795.0,8730.0,78876.0
2019.04.15,8750.0,30.0,8750.0,8790.0,8725.0,103447.0
2019.04.12,8720.0,25.0,8650.0,8720.0,8630.0,4430.0
2019.04.11,8695.0,-30.0,8720.0,8720.0,8655.0,3250.0
2019.04.10,8725.0,45.0,8640.0,8725.0,8625.0,7522.0
2019.04.09,8680.0,-10.0,8640.0,8710.0,8635.0,4028.0
2019.04.08,8690.0,-5.0,8750.0,8750.0,8635.0,7100.0
2019.04.05,8695.0,25.0,8675.0,8695.0,8655.0,9389.0
2019.04.04,8670.0,10.0,8620.0,8700.0,8615.0,14882.0
2019.04.03,8660.0,145.0,8515.0,8660.0,8515.0,109952.0
2019.04.02,8515.0,30.0,8580.0,8580.0,8490.0,4195.0
2019.04.01,8485.0,170.0,8380.0,8485.0,8380.0,312049.0
2019.03.29,8315.0,5.0,8310.0,8335.0,8270.0,21720.0
2019.03.28,8310.0,-50.0,8280.0,8325.0,8260.0,3431.0
2019.03.27,8360.0,10.0,8285.0,8370.0,8250.0,15167.0
2019.03.26,8350.0,-10.0,8340.0,8360.0,8315.0,6037.0
2019.03.25,8360.0,-170.0,8370.0,8390.0,8330.0,23033.0
2019.03.22,8530.0,15.0,8570.0,8570.0,8490.0,4602.0
2019.03.21,8515.0,100.0,8455.0,8545.0,8455.0,10954.0
2019.03.20,8415.0,45.0,8360.0,8415.0,8290.0,79291.0
2019.03.19,8370.0,0.0,8415.0,8415.0,8335.0,19907.0
2019.03.18,8370.0,-40.0,8400.0,8405.0,8365.0,19265.0
2019.03.15,8410.0,125.0,8315.0,8410.0,8310.0,14722.0
2019.03.14,8285.0,20.0,8290.0,8315.0,8250.0,8506.0
2019.03.13,8265.0,-90.0,8300.0,8305.0,8215.0,65995.0
2019.03.12,8355.0,95.0,8305.0,8360.0,8305.0,97974.0
2019.03.11,8260.0,20.0,8250.0,8260.0,8210.0,22752.0
2019.03.08,8240.0,-130.0,8335.0,8335.0,8240.0,2388.0
2019.03.07,8370.0,-25.0,8360.0,8410.0,8310.0,3422.0
2019.03.06,8395.0,-20.0,8385.0,8400.0,8355.0,3866.0
2019.03.05,8415.0,-65.0,8445.0,8445.0,8360.0,53261.0
2019.03.04,8480.0,-60.0,8560.0,8585.0,8455.0,429706.0
2019.02.28,8540.0,-160.0,8670.0,8670.0,8540.0,19362.0
2019.02.27,8700.0,30.0,8700.0,8720.0,8670.0,17049.0
2019.02.26,8670.0,-50.0,8705.0,8705.0,8630.0,16887.0
2019.02.25,8720.0,20.0,8750.0,8750.0,8655.0,26735.0
2019.02.22,8700.0,15.0,8650.0,8700.0,8615.0,8180.0
2019.02.21,8685.0,15.0,8635.0,8690.0,8595.0,214335.0
2019.02.20,8670.0,105.0,8570.0,8675.0,8570.0,17345.0
2019.02.19,8565.0,-35.0,8580.0,8580.0,8495.0,101496.0
2019.02.18,8600.0,45.0,8580.0,8605.0,8555.0,31123.0
2019.02.15,8555.0,-100.0,8595.0,8625.0,8500.0,15863.0
2019.02.14,8655.0,45.0,8600.0,8655.0,8545.0,20866.0
2019.02.13,8610.0,15.0,8620.0,8630.0,8575.0,65649.0
2019.02.12,8595.0,70.0,8430.0,8605.0,8430.0,3506.0
2019.02.11,8525.0,25.0,8460.0,8525.0,8420.0,80425.0
2019.02.08,8500.0,-150.0,8585.0,8585.0,8470.0,27882.0
2019.02.07,8650.0,0.0,8695.0,8695.0,8625.0,11095.0
2019.02.01,8650.0,10.0,8685.0,8715.0,8630.0,176768.0
2019.01.31,8640.0,-20.0,8705.0,8720.0,8625.0,41073.0
2019.01.30,8660.0,125.0,8500.0,8660.0,8500.0,35563.0
2019.01.29,8535.0,40.0,8470.0,8535.0,8435.0,40549.0
2019.01.28,8495.0,-15.0,8545.0,8545.0,8440.0,311721.0
2019.01.25,8510.0,175.0,8370.0,8510.0,8370.0,19360.0
2019.01.24,8335.0,85.0,8245.0,8335.0,8245.0,6088.0
2019.01.23,8250.0,40.0,8175.0,8255.0,8140.0,3403.0
2019.01.22,8210.0,-45.0,8265.0,8270.0,8150.0,23138.0
2019.01.21,8255.0,15.0,8235.0,8255.0,8175.0,11578.0
2019.01.18,8240.0,40.0,8180.0,8240.0,8180.0,7653.0
2019.01.17,8200.0,45.0,8195.0,8210.0,8130.0,17281.0
2019.01.16,8155.0,60.0,8065.0,8155.0,8060.0,14780.0
2019.01.15,8095.0,170.0,7905.0,8095.0,7905.0,9256.0
2019.01.14,7925.0,-75.0,7975.0,7975.0,7880.0,48043.0
2019.01.11,8000.0,40.0,7965.0,8000.0,7945.0,5187.0
2019.01.10,7960.0,10.0,7935.0,7960.0,7915.0,11023.0
2019.01.09,7950.0,200.0,7785.0,7950.0,7780.0,160675.0
2019.01.08,7750.0,-50.0,7785.0,7820.0,7750.0,7025.0
2019.01.07,7800.0,100.0,7760.0,7835.0,7760.0,51798.0
2019.01.04,7700.0,50.0,7635.0,7700.0,7625.0,2004.0
2019.01.03,7650.0,-80.0,7680.0,7715.0,7630.0,4371.0
2019.01.02,7730.0,-95.0,7830.0,7865.0,7685.0,40210.0
2018.12.28,7825.0,40.0,7830.0,7840.0,7800.0,6916.0
2018.12.27,7785.0,85.0,7765.0,7815.0,7740.0,27118.0
2018.12.26,7700.0,-90.0,7705.0,7730.0,7615.0,39686.0
2018.12.24,7790.0,0.0,7785.0,7790.0,7715.0,7162.0
2018.12.21,7790.0,10.0,7745.0,7790.0,7710.0,5227.0
2018.12.20,7780.0,-70.0,7780.0,7815.0,7705.0,11456.0
2018.12.19,7850.0,55.0,7780.0,7850.0,7780.0,3895.0
2018.12.18,7795.0,-35.0,7790.0,7835.0,7765.0,5838.0
2018.12.17,7830.0,60.0,7770.0,7860.0,7765.0,11953.0
2018.12.14,7770.0,-150.0,7880.0,7895.0,7755.0,47806.0
2018.12.13,7920.0,50.0,7865.0,7940.0,7860.0,3177.0
2018.12.12,7870.0,125.0,7755.0,7870.0,7750.0,3118.0
2018.12.11,7745.0,-5.0,7785.0,7785.0,7700.0,96208.0
2018.12.10,7750.0,-90.0,7700.0,7755.0,7695.0,12260.0
2018.12.07,7840.0,30.0,7810.0,7870.0,7805.0,2115.0
2018.12.06,7810.0,-105.0,7900.0,7900.0,7775.0,52027.0
2018.12.05,7915.0,-45.0,7850.0,7915.0,7835.0,54381.0
2018.12.04,7960.0,-85.0,8035.0,8035.0,7905.0,2551.0
2018.12.03,8045.0,130.0,7975.0,8055.0,7960.0,137972.0
2018.11.30,7915.0,-70.0,7990.0,7995.0,7895.0,6656.0
2018.11.29,7985.0,15.0,8030.0,8045.0,7940.0,3608.0
2018.11.28,7970.0,30.0,7900.0,7970.0,7895.0,2976.0
2018.11.27,7940.0,70.0,7845.0,7945.0,7830.0,26245.0
2018.11.26,7870.0,90.0,7780.0,7870.0,7765.0,74400.0
2018.11.23,7780.0,-40.0,7785.0,7820.0,7725.0,2763.0
2018.11.22,7820.0,-30.0,7825.0,7855.0,7775.0,67459.0
2018.11.21,7850.0,-10.0,7790.0,7850.0,7745.0,84533.0
2018.11.20,7860.0,-105.0,7880.0,7910.0,7840.0,66751.0
2018.11.19,7965.0,0.0,7985.0,8030.0,7920.0,115777.0
2018.11.16,7965.0,-5.0,7970.0,7985.0,7925.0,5362.0
2018.11.15,7970.0,90.0,7785.0,7970.0,7785.0,62556.0
2018.11.14,7880.0,-60.0,7895.0,7950.0,7855.0,4263.0
2018.11.13,7940.0,-65.0,7805.0,7940.0,7790.0,53450.0
2018.11.12,8005.0,60.0,7835.0,8005.0,7835.0,10743.0
2018.11.09,7945.0,-45.0,7980.0,8000.0,7940.0,54348.0
2018.11.08,7990.0,75.0,7960.0,8085.0,7960.0,4685.0
2018.11.07,7915.0,-20.0,7905.0,7985.0,7885.0,25738.0
2018.11.06,7935.0,45.0,7895.0,7940.0,7840.0,4101.0
2018.11.05,7890.0,-85.0,7925.0,7925.0,7785.0,92569.0
2018.11.02,7975.0,260.0,7795.0,7975.0,7790.0,4522.0
2018.11.01,7715.0,-45.0,7760.0,7820.0,7705.0,87224.0
2018.10.31,7760.0,20.0,7675.0,7760.0,7650.0,27071.0
2018.10.30,7740.0,60.0,7620.0,7770.0,7620.0,121899.0
2018.10.29,7680.0,-45.0,7765.0,7765.0,7655.0,297984.0
2018.10.26,7725.0,-90.0,7755.0,7795.0,7650.0,15196.0
2018.10.25,7815.0,-150.0,7735.0,7825.0,7675.0,131916.0
2018.10.24,7965.0,5.0,7990.0,7990.0,7915.0,96608.0
2018.10.23,7960.0,-220.0,8030.0,8070.0,7890.0,96382.0
2018.10.22,8180.0,75.0,7995.0,8180.0,7995.0,19582.0
2018.10.19,8105.0,20.0,8010.0,8115.0,7985.0,7686.0
2018.10.18,8085.0,-80.0,8165.0,8165.0,8060.0,31063.0
2018.10.17,8165.0,100.0,8155.0,8185.0,8120.0,87854.0
2018.10.16,8065.0,-5.0,8135.0,8135.0,8035.0,107931.0
2018.10.15,8070.0,-55.0,8140.0,8140.0,8035.0,23351.0
2018.10.12,8125.0,75.0,8035.0,8155.0,8010.0,62410.0
2018.10.11,8050.0,-330.0,8175.0,8215.0,8025.0,76393.0
2018.10.10,8380.0,-45.0,8425.0,8425.0,8325.0,153677.0
2018.10.08,8425.0,-75.0,8465.0,8490.0,8415.0,89986.0
2018.10.05,8500.0,35.0,8475.0,8500.0,8415.0,200641.0
2018.10.04,8465.0,-130.0,8565.0,8565.0,8440.0,53942.0
2018.10.02,8595.0,-110.0,8705.0,8710.0,8590.0,87151.0
2018.10.01,8705.0,5.0,8700.0,8720.0,8655.0,244944.0
2018.09.28,8700.0,-35.0,8720.0,8735.0,8680.0,233260.0
2018.09.27,8735.0,85.0,8645.0,8735.0,8630.0,125974.0
2018.09.21,8650.0,20.0,8625.0,8650.0,8605.0,350124.0
2018.09.20,8630.0,105.0,8570.0,8640.0,8540.0,106613.0
2018.09.19,8525.0,5.0,8555.0,8575.0,8505.0,87671.0
2018.09.18,8520.0,-5.0,8465.0,8525.0,8455.0,91604.0
2018.09.17,8525.0,-40.0,8565.0,8565.0,8480.0,16095.0
2018.09.14,8565.0,85.0,8530.0,8590.0,8530.0,43133.0
2018.09.13,8480.0,20.0,8465.0,8490.0,8435.0,116085.0
2018.09.12,8460.0,-5.0,8475.0,8490.0,8410.0,26525.0
2018.09.11,8465.0,-55.0,8485.0,8540.0,8430.0,13056.0
2018.09.10,8520.0,25.0,8480.0,8525.0,8470.0,11523.0
2018.09.07,8495.0,-45.0,8480.0,8520.0,8435.0,67902.0
2018.09.06,8540.0,-10.0,8510.0,8570.0,8500.0,27073.0
2018.09.05,8550.0,-90.0,8605.0,8625.0,8520.0,16062.0
2018.09.04,8640.0,20.0,8600.0,8640.0,8590.0,7312.0
2018.09.03,8620.0,-65.0,8680.0,8680.0,8590.0,11325.0
2018.08.31,8685.0,30.0,8620.0,8685.0,8580.0,4668.0
2018.08.30,8655.0,0.0,8625.0,8690.0,8625.0,6552.0
2018.08.29,8655.0,25.0,8660.0,8660.0,8610.0,6603.0
2018.08.28,8630.0,25.0,8655.0,8660.0,8610.0,64223.0
2018.08.27,8605.0,55.0,8595.0,8605.0,8540.0,57840.0
2018.08.24,8550.0,10.0,8490.0,8555.0,8480.0,110225.0
2018.08.23,8540.0,5.0,8535.0,8540.0,8480.0,54506.0
2018.08.22,8535.0,30.0,8500.0,8550.0,8480.0,35152.0
2018.08.21,8505.0,75.0,8385.0,8505.0,8385.0,12326.0
2018.08.20,8430.0,20.0,8435.0,8445.0,8395.0,12552.0
2018.08.17,8410.0,0.0,8405.0,8415.0,8365.0,9165.0
2018.08.16,8410.0,-70.0,8345.0,8420.0,8320.0,9979.0
2018.08.14,8480.0,30.0,8435.0,8490.0,8410.0,2834.0
2018.08.13,8450.0,-100.0,8490.0,8490.0,8390.0,9916.0
2018.08.10,8550.0,-70.0,8600.0,8600.0,8515.0,14023.0
2018.08.09,8620.0,-30.0,8650.0,8650.0,8590.0,8593.0
2018.08.08,8650.0,5.0,8630.0,8680.0,8620.0,5424.0
2018.08.07,8645.0,40.0,8605.0,8645.0,8560.0,231345.0
2018.08.06,8605.0,25.0,8580.0,8640.0,8580.0,244854.0
2018.08.03,8580.0,35.0,8525.0,8595.0,8525.0,353301.0
2018.08.02,8545.0,-185.0,8675.0,8685.0,8515.0,336650.0
2018.08.01,8730.0,45.0,8750.0,8750.0,8675.0,206670.0
2018.07.31,8685.0,-30.0,8685.0,8710.0,8650.0,397581.0
2018.07.30,8715.0,-5.0,8655.0,8715.0,8645.0,1768624.0
2018.07.27,8720.0,35.0,8690.0,8720.0,8655.0,8591.0
2018.07.26,8685.0,55.0,8615.0,8685.0,8610.0,6700.0
2018.07.25,8630.0,30.0,8675.0,8675.0,8585.0,79306.0
2018.07.24,8600.0,0.0,8580.0,8615.0,8535.0,142907.0
2018.07.23,8600.0,-55.0,8650.0,8650.0,8580.0,37532.0
2018.07.20,8655.0,65.0,8570.0,8655.0,8565.0,11512.0
2018.07.19,8590.0,-5.0,8625.0,8660.0,8580.0,14961.0
2018.07.18,8595.0,-20.0,8695.0,8715.0,8585.0,338586.0
2018.07.17,8615.0,-25.0,8640.0,8640.0,8570.0,307838.0
2018.07.16,8640.0,10.0,8620.0,8665.0,8585.0,417980.0
2018.07.13,8630.0,115.0,8530.0,8655.0,8530.0,39906.0
2018.07.12,8515.0,-40.0,8565.0,8565.0,8500.0,36323.0
2018.07.11,8555.0,-45.0,8540.0,8560.0,8470.0,10463.0
2018.07.10,8600.0,25.0,8635.0,8640.0,8560.0,43534.0
2018.07.09,8575.0,100.0,8515.0,8595.0,8480.0,36014.0
2018.07.06,8475.0,10.0,8440.0,8520.0,8425.0,304510.0
2018.07.05,8465.0,10.0,8450.0,8500.0,8405.0,16903.0
2018.07.04,8455.0,-40.0,8455.0,8510.0,8415.0,359219.0
2018.07.03,8495.0,10.0,8505.0,8505.0,8400.0,4352.0
2018.07.02,8485.0,-200.0,8665.0,8665.0,8455.0,209301.0
2018.06.29,8685.0,45.0,8635.0,8685.0,8545.0,23339.0
2018.06.28,8640.0,-105.0,8710.0,8710.0,8610.0,10917.0
2018.06.27,8745.0,-35.0,8775.0,8790.0,8715.0,4782.0
2018.06.26,8780.0,-20.0,8710.0,8795.0,8670.0,8419.0
2018.06.25,8800.0,-10.0,8815.0,8815.0,8705.0,23238.0
2018.06.22,8810.0,75.0,8670.0,8810.0,8645.0,37023.0
2018.06.21,8735.0,-100.0,8850.0,8850.0,8725.0,20084.0
2018.06.20,8835.0,55.0,8850.0,8865.0,8780.0,19197.0
2018.06.19,8780.0,-120.0,8850.0,8885.0,8745.0,9245.0
2018.06.18,8900.0,-85.0,8975.0,8975.0,8820.0,229903.0
2018.06.15,8985.0,-120.0,9105.0,9110.0,8965.0,64639.0
2018.06.14,9105.0,-145.0,9135.0,9185.0,9065.0,17691.0
2018.06.12,9250.0,-30.0,9280.0,9295.0,9225.0,51773.0
2018.06.11,9280.0,75.0,9160.0,9280.0,9155.0,492747.0
2018.06.08,9205.0,-95.0,9280.0,9280.0,9160.0,14691.0
2018.06.07,9300.0,40.0,9315.0,9330.0,9260.0,172991.0
2018.06.05,9260.0,40.0,9230.0,9260.0,9135.0,171147.0
2018.06.04,9220.0,55.0,9185.0,9225.0,9175.0,5560.0
2018.06.01,9165.0,55.0,9110.0,9185.0,9035.0,79708.0
2018.05.31,9110.0,35.0,9105.0,9115.0,9075.0,10326.0
2018.05.30,9075.0,-210.0,9195.0,9195.0,9025.0,246555.0
2018.05.29,9285.0,-95.0,9325.0,9375.0,9255.0,39414.0
2018.05.28,9380.0,20.0,9340.0,9390.0,9335.0,57140.0
2018.05.25,9360.0,25.0,9240.0,9360.0,9240.0,91755.0
2018.05.24,9335.0,-75.0,9370.0,9385.0,9315.0,29883.0
2018.05.23,9410.0,100.0,9290.0,9410.0,9285.0,8617.0
2018.05.21,9310.0,35.0,9255.0,9325.0,9200.0,17217.0
2018.05.18,9275.0,55.0,9245.0,9275.0,9205.0,5411.0
2018.05.17,9220.0,-70.0,9305.0,9315.0,9215.0,113090.0
2018.05.16,9290.0,25.0,9205.0,9295.0,9200.0,8504.0
2018.05.15,9265.0,-105.0,9315.0,9355.0,9220.0,14942.0
2018.05.14,9370.0,10.0,9355.0,9395.0,9320.0,11162.0
2018.05.11,9360.0,20.0,9350.0,9400.0,9340.0,299105.0
2018.05.10,9340.0,130.0,9280.0,9340.0,9260.0,32464.0
2018.05.09,9210.0,-125.0,9335.0,9335.0,9200.0,31283.0
2018.05.08,9335.0,-20.0,9385.0,9425.0,9315.0,50658.0
2018.05.04,9355.0,-70.0,9420.0,9420.0,9310.0,71690.0
2018.05.03,9425.0,-50.0,9445.0,9475.0,9425.0,10782.0
2018.05.02,9475.0,-35.0,9515.0,9515.0,9440.0,12925.0
2018.04.30,9510.0,95.0,9415.0,9510.0,9415.0,14702.0
2018.04.27,9415.0,60.0,9425.0,9465.0,9375.0,29268.0
2018.04.26,9495.0,120.0,9390.0,9515.0,9370.0,56587.0
2018.04.25,9375.0,-40.0,9295.0,9375.0,9285.0,56862.0
2018.04.24,9415.0,-70.0,9460.0,9480.0,9340.0,61967.0
2018.04.23,9485.0,40.0,9430.0,9485.0,9395.0,17959.0
2018.04.20,9445.0,-80.0,9460.0,9485.0,9415.0,83733.0
2018.04.19,9525.0,130.0,9425.0,9535.0,9415.0,141808.0
2018.04.18,9395.0,140.0,9315.0,9410.0,9305.0,32180.0
2018.04.17,9255.0,-40.0,9285.0,9315.0,9230.0,109973.0
2018.04.16,9295.0,50.0,9300.0,9310.0,9240.0,162363.0
2018.04.13,9245.0,25.0,9235.0,9285.0,9235.0,10087.0
2018.04.12,9220.0,30.0,9185.0,9240.0,9180.0,32758.0
2018.04.11,9190.0,-10.0,9210.0,9235.0,9145.0,72280.0
2018.04.10,9200.0,10.0,9160.0,9205.0,9035.0,356567.0
2018.04.09,9190.0,60.0,9130.0,9195.0,9120.0,68165.0
2018.04.06,9130.0,-80.0,9150.0,9150.0,9080.0,11348.0
2018.04.05,9210.0,175.0,9120.0,9225.0,9100.0,12110.0
2018.04.04,9035.0,-150.0,9190.0,9200.0,9035.0,568828.0
2018.04.03,9185.0,-15.0,9080.0,9185.0,9060.0,16269.0
2018.04.02,9200.0,-35.0,9230.0,9275.0,9160.0,146778.0
2018.03.30,9235.0,25.0,9230.0,9290.0,9225.0,114547.0
2018.03.29,9210.0,30.0,9150.0,9220.0,9130.0,18956.0
2018.03.28,9180.0,-115.0,9195.0,9195.0,9115.0,12842.0
2018.03.27,9295.0,40.0,9285.0,9305.0,9225.0,17774.0
2018.03.26,9255.0,60.0,9165.0,9255.0,9110.0,31223.0
2018.03.23,9195.0,-295.0,9315.0,9335.0,9160.0,9323.0
2018.03.22,9490.0,30.0,9490.0,9515.0,9450.0,279034.0
2018.03.21,9460.0,-5.0,9470.0,9485.0,9425.0,16781.0
2018.03.20,9465.0,40.0,9375.0,9465.0,9345.0,16003.0
2018.03.19,9425.0,-65.0,9470.0,9480.0,9385.0,9909.0
2018.03.16,9490.0,0.0,9475.0,9490.0,9385.0,7597.0
2018.03.15,9490.0,15.0,9490.0,9490.0,9395.0,15788.0
2018.03.14,9475.0,5.0,9440.0,9480.0,9410.0,192127.0
2018.03.13,9470.0,35.0,9460.0,9470.0,9415.0,366719.0
2018.03.12,9435.0,115.0,9425.0,9435.0,9370.0,137690.0
2018.03.09,9320.0,70.0,9290.0,9405.0,9220.0,275855.0
2018.03.08,9250.0,105.0,9220.0,9250.0,9110.0,10667.0
2018.03.07,9145.0,10.0,9140.0,9205.0,9065.0,23891.0
2018.03.06,9135.0,210.0,9055.0,9135.0,9005.0,18302.0
2018.03.05,8925.0,-145.0,9035.0,9070.0,8925.0,36976.0
2018.03.02,9070.0,-140.0,9130.0,9130.0,9000.0,408358.0
2018.02.28,9210.0,-95.0,9260.0,9320.0,9200.0,15935.0
2018.02.27,9305.0,-5.0,9350.0,9410.0,9305.0,14073.0
2018.02.26,9310.0,60.0,9320.0,9330.0,9250.0,33913.0
2018.02.23,9250.0,100.0,9195.0,9260.0,9175.0,12621.0
2018.02.22,9150.0,-80.0,9155.0,9195.0,9115.0,8417.0
2018.02.21,9230.0,45.0,9195.0,9230.0,9105.0,17730.0
2018.02.20,9185.0,-105.0,9265.0,9270.0,9150.0,14538.0
2018.02.19,9290.0,50.0,9365.0,9365.0,9220.0,30609.0
2018.02.14,9240.0,100.0,9170.0,9240.0,9170.0,6086.0
2018.02.13,9140.0,80.0,9105.0,9215.0,9065.0,6512.0
2018.02.12,9060.0,100.0,8980.0,9085.0,8945.0,35284.0
2018.02.09,8960.0,-220.0,8925.0,8990.0,8895.0,18304.0
2018.02.08,9180.0,105.0,9120.0,9215.0,9080.0,22594.0
2018.02.07,9075.0,-230.0,9445.0,9445.0,9075.0,75536.0
2018.02.06,9305.0,-160.0,9275.0,9325.0,9155.0,50513.0
2018.02.05,9465.0,-65.0,9395.0,9480.0,9335.0,23013.0
2018.02.02,9530.0,-170.0,9645.0,9645.0,9500.0,51414.0
2018.02.01,9700.0,5.0,9695.0,9750.0,9660.0,326323.0
2018.01.31,9695.0,20.0,9665.0,9820.0,9615.0,128908.0
2018.01.30,9675.0,-140.0,9760.0,9790.0,9665.0,18309.0
2018.01.29,9815.0,90.0,9760.0,9820.0,9755.0,103914.0
2018.01.26,9725.0,-10.0,9720.0,9725.0,9635.0,25463.0
2018.01.25,9735.0,115.0,9630.0,9735.0,9595.0,52114.0
2018.01.24,9620.0,5.0,9615.0,9655.0,9575.0,19124.0
2018.01.23,9615.0,125.0,9525.0,9615.0,9500.0,24787.0
2018.01.22,9490.0,-95.0,9570.0,9570.0,9425.0,429909.0
2018.01.19,9585.0,25.0,9570.0,9615.0,9540.0,11684.0
2018.01.18,9560.0,-15.0,9595.0,9635.0,9550.0,16765.0
2018.01.17,9575.0,-15.0,9570.0,9605.0,9520.0,23554.0
2018.01.16,9590.0,85.0,9520.0,9600.0,9480.0,12768.0
2018.01.15,9505.0,-10.0,9495.0,9550.0,9470.0,50534.0
2018.01.12,9515.0,50.0,9465.0,9515.0,9390.0,224125.0
2018.01.11,9465.0,-75.0,9500.0,9500.0,9430.0,27460.0
2018.01.10,9540.0,-60.0,9620.0,9620.0,9505.0,16890.0
2018.01.09,9600.0,-50.0,9620.0,9660.0,9555.0,34769.0
2018.01.08,9650.0,50.0,9630.0,9650.0,9545.0,42610.0
2018.01.05,9600.0,135.0,9520.0,9600.0,9475.0,24356.0
2018.01.04,9465.0,-70.0,9555.0,9575.0,9460.0,603622.0
2018.01.03,9535.0,60.0,9490.0,9560.0,9490.0,40904.0
2018.01.02,9475.0,20.0,9455.0,9475.0,9405.0,97397.0
2017.12.28,9455.0,135.0,9300.0,9455.0,9300.0,23918.0
2017.12.27,9320.0,120.0,9225.0,9320.0,9195.0,77751.0
2017.12.26,9200.0,-50.0,9240.0,9305.0,9185.0,117256.0
2017.12.22,9250.0,35.0,9200.0,9265.0,9200.0,123966.0
2017.12.21,9215.0,-170.0,9375.0,9375.0,9215.0,273839.0
2017.12.20,9385.0,-15.0,9360.0,9420.0,9340.0,14516.0
2017.12.19,9400.0,25.0,9375.0,9430.0,9355.0,38953.0
2017.12.18,9375.0,15.0,9360.0,9385.0,9315.0,223998.0
2017.12.15,9360.0,0.0,9380.0,9380.0,9300.0,224443.0
2017.12.14,9360.0,10.0,9335.0,9475.0,9335.0,217935.0
2017.12.13,9350.0,45.0,9305.0,9355.0,9250.0,891790.0
2017.12.12,9305.0,-25.0,9295.0,9320.0,9265.0,71011.0
2017.12.11,9330.0,-15.0,9305.0,9340.0,9270.0,17410.0
2017.12.08,9345.0,20.0,9325.0,9355.0,9280.0,9613.0
2017.12.07,9325.0,-5.0,9335.0,9350.0,9245.0,60096.0
2017.12.06,9330.0,-130.0,9430.0,9465.0,9315.0,18929.0
2017.12.05,9460.0,30.0,9370.0,9475.0,9335.0,19372.0
2017.12.04,9430.0,105.0,9370.0,9430.0,9285.0,284341.0
2017.12.01,9325.0,-65.0,9340.0,9375.0,9295.0,388605.0
2017.11.30,9390.0,-110.0,9410.0,9475.0,9370.0,300081.0
2017.11.29,9500.0,0.0,9500.0,9540.0,9460.0,15117.0
2017.11.28,9500.0,15.0,9470.0,9520.0,9420.0,14085.0
2017.11.27,9485.0,-115.0,9640.0,9640.0,9460.0,160032.0
2017.11.24,9600.0,-10.0,9625.0,9625.0,9585.0,20870.0
2017.11.23,9610.0,-30.0,9620.0,9650.0,9580.0,34563.0
2017.11.22,9640.0,70.0,9595.0,9675.0,9595.0,135083.0
2017.11.21,9570.0,0.0,9570.0,9590.0,9515.0,28880.0
2017.11.20,9570.0,-40.0,9610.0,9610.0,9510.0,152316.0
2017.11.17,9610.0,5.0,9655.0,9700.0,9580.0,16702.0
2017.11.16,9605.0,45.0,9575.0,9605.0,9525.0,21828.0
2017.11.15,9560.0,-55.0,9600.0,9600.0,9510.0,42826.0
2017.11.14,9615.0,-15.0,9630.0,9645.0,9580.0,20289.0
2017.11.13,9630.0,-45.0,9675.0,9715.0,9600.0,28915.0
2017.11.10,9675.0,-20.0,9645.0,9685.0,9595.0,27486.0
2017.11.09,9695.0,-10.0,9700.0,9730.0,9630.0,33505.0
2017.11.08,9705.0,20.0,9650.0,9720.0,9610.0,28714.0
2017.11.07,9685.0,-30.0,9690.0,9725.0,9650.0,157166.0
2017.11.06,9715.0,-15.0,9755.0,9765.0,9605.0,80933.0
2017.11.03,9730.0,0.0,9735.0,9760.0,9670.0,83704.0
2017.11.02,9730.0,-25.0,9755.0,9760.0,9695.0,86053.0
2017.11.01,9755.0,135.0,9695.0,9755.0,9660.0,259255.0
2017.10.31,9620.0,125.0,9485.0,9625.0,9470.0,165246.0
2017.10.30,9495.0,0.0,9510.0,9550.0,9475.0,33261.0
2017.10.27,9495.0,55.0,9435.0,9500.0,9405.0,21924.0
2017.10.26,9440.0,-80.0,9500.0,9500.0,9430.0,51550.0
2017.10.25,9520.0,5.0,9515.0,9525.0,9440.0,47252.0
2017.10.24,9515.0,-25.0,9495.0,9540.0,9475.0,21583.0
2017.10.23,9540.0,35.0,9510.0,9550.0,9480.0,63399.0
2017.10.20,9505.0,70.0,9455.0,9505.0,9420.0,38034.0
2017.10.19,9435.0,-45.0,9460.0,9510.0,9385.0,75402.0
2017.10.18,9480.0,-25.0,9455.0,9510.0,9415.0,197111.0
2017.10.17,9505.0,5.0,9490.0,9535.0,9475.0,78372.0
2017.10.16,9500.0,0.0,9510.0,9550.0,9455.0,73478.0
2017.10.13,9500.0,0.0,9505.0,9505.0,9440.0,54961.0
2017.10.12,9500.0,30.0,9450.0,9500.0,9440.0,84624.0
2017.10.11,9470.0,120.0,9395.0,9470.0,9375.0,74505.0
2017.10.10,9350.0,155.0,9330.0,9390.0,9315.0,358758.0
2017.09.29,9195.0,75.0,9135.0,9205.0,9125.0,35357.0
2017.09.28,9120.0,30.0,9100.0,9165.0,9075.0,9489.0
2017.09.27,9090.0,-45.0,9105.0,9145.0,9075.0,928618.0
2017.09.26,9135.0,-20.0,9135.0,9165.0,9090.0,13970.0
2017.09.25,9155.0,-55.0,9170.0,9215.0,9135.0,91129.0
2017.09.22,9210.0,-25.0,9220.0,9240.0,9160.0,13211.0
2017.09.21,9235.0,10.0,9195.0,9250.0,9190.0,94661.0
2017.09.20,9225.0,-15.0,9230.0,9255.0,9155.0,23048.0
2017.09.19,9240.0,-5.0,9220.0,9260.0,9195.0,40999.0
2017.09.18,9245.0,155.0,9095.0,9245.0,9095.0,26311.0
2017.09.15,9090.0,45.0,9030.0,9090.0,9000.0,133542.0
2017.09.14,9045.0,40.0,9005.0,9045.0,8975.0,74301.0
2017.09.13,9005.0,-5.0,9035.0,9070.0,8970.0,106706.0
2017.09.12,9010.0,5.0,8995.0,9045.0,8970.0,61881.0
2017.09.11,9005.0,75.0,8975.0,9035.0,8945.0,80313.0
2017.09.08,8930.0,10.0,8940.0,8945.0,8880.0,113429.0
2017.09.07,8920.0,110.0,8835.0,8935.0,8810.0,113190.0
2017.09.06,8810.0,-40.0,8845.0,8845.0,8765.0,14363.0
2017.09.05,8850.0,-5.0,8855.0,8885.0,8800.0,20635.0
2017.09.04,8855.0,-100.0,8815.0,8910.0,8805.0,44408.0
2017.09.01,8955.0,5.0,8955.0,8995.0,8885.0,556610.0
2017.08.31,8950.0,-70.0,9005.0,9020.0,8915.0,10062.0
2017.08.30,9020.0,35.0,8960.0,9020.0,8950.0,15266.0
2017.08.29,8985.0,-35.0,8925.0,8985.0,8860.0,66321.0
2017.08.28,9020.0,-45.0,9055.0,9055.0,8965.0,30993.0
2017.08.25,9065.0,10.0,9035.0,9080.0,9020.0,30856.0
2017.08.24,9055.0,30.0,8995.0,9075.0,8990.0,26990.0
2017.08.23,9025.0,-20.0,9075.0,9075.0,8990.0,25950.0
2017.08.22,9045.0,20.0,8975.0,9050.0,8975.0,20182.0
2017.08.21,9025.0,35.0,9025.0,9025.0,8930.0,25814.0
2017.08.18,8990.0,-30.0,8930.0,9000.0,8900.0,42127.0
2017.08.17,9020.0,85.0,8930.0,9020.0,8915.0,30775.0
2017.08.16,8935.0,50.0,8990.0,8990.0,8895.0,30458.0
2017.08.14,8885.0,60.0,8875.0,8900.0,8815.0,18619.0
2017.08.11,8825.0,-170.0,8845.0,8875.0,8760.0,208936.0
2017.08.10,8995.0,-30.0,9010.0,9035.0,8890.0,228116.0
2017.08.09,9025.0,-120.0,9080.0,9110.0,8985.0,21756.0
2017.08.08,9145.0,-35.0,9155.0,9215.0,9090.0,42417.0
2017.08.07,9180.0,20.0,9175.0,9220.0,9125.0,20612.0
2017.08.04,9160.0,75.0,9125.0,9170.0,9080.0,9124.0
2017.08.03,9085.0,-175.0,9240.0,9240.0,9045.0,16477.0
2017.08.02,9260.0,10.0,9295.0,9295.0,9225.0,33102.0
2017.08.01,9250.0,65.0,9155.0,9280.0,9115.0,132286.0
2017.07.31,9185.0,20.0,9115.0,9185.0,9085.0,46714.0
2017.07.28,9165.0,-170.0,9305.0,9305.0,9120.0,29563.0
2017.07.27,9335.0,25.0,9310.0,9365.0,9280.0,39916.0
2017.07.26,9310.0,-15.0,9340.0,9345.0,9260.0,49158.0
2017.07.25,9325.0,-55.0,9375.0,9395.0,9310.0,83412.0
2017.07.24,9380.0,-15.0,9355.0,9380.0,9310.0,109337.0
2017.07.21,9395.0,25.0,9350.0,9395.0,9320.0,188775.0
2017.07.20,9370.0,80.0,9290.0,9370.0,9260.0,71272.0
2017.07.19,9290.0,5.0,9285.0,9300.0,9225.0,56147.0
2017.07.18,9285.0,-15.0,9235.0,9290.0,9220.0,42345.0
2017.07.17,9300.0,50.0,9275.0,9310.0,9235.0,38414.0
2017.07.14,9250.0,5.0,9240.0,9275.0,9210.0,65575.0
2017.07.13,9245.0,105.0,9145.0,9270.0,9135.0,45271.0
2017.07.12,9140.0,25.0,9120.0,9140.0,9095.0,34038.0
2017.07.11,9115.0,75.0,9030.0,9120.0,9025.0,17206.0
2017.07.10,9040.0,20.0,9045.0,9070.0,8995.0,26035.0
2017.07.07,9020.0,-50.0,8985.0,9035.0,8960.0,8499.0
2017.07.06,9070.0,35.0,9045.0,9080.0,9000.0,26254.0
2017.07.05,9035.0,25.0,8955.0,9065.0,8955.0,14153.0
2017.07.04,9010.0,-55.0,9065.0,9065.0,8960.0,41771.0
2017.07.03,9065.0,30.0,9035.0,9065.0,8990.0,105962.0
2017.06.30,9035.0,-35.0,8975.0,9035.0,8960.0,28411.0
2017.06.29,9070.0,80.0,9045.0,9100.0,9040.0,12086.0
2017.06.28,8990.0,-20.0,8960.0,9020.0,8940.0,28432.0
2017.06.27,9010.0,0.0,9005.0,9040.0,8960.0,18968.0
2017.06.26,9010.0,50.0,8950.0,9015.0,8930.0,35980.0
2017.06.23,8960.0,30.0,8925.0,8970.0,8900.0,28865.0
2017.06.22,8930.0,45.0,8895.0,8940.0,8865.0,14269.0
2017.06.21,8885.0,-70.0,8915.0,8920.0,8845.0,187404.0
2017.06.20,8955.0,45.0,8920.0,8970.0,8915.0,27558.0
2017.06.19,8910.0,50.0,8820.0,8930.0,8805.0,19223.0
2017.06.16,8860.0,10.0,8845.0,8875.0,8800.0,13114.0
2017.06.15,8850.0,-40.0,8885.0,8905.0,8770.0,175707.0
2017.06.14,8890.0,-5.0,8900.0,8955.0,8860.0,37528.0
2017.06.13,8895.0,45.0,8800.0,8895.0,8800.0,20198.0
2017.06.12,8850.0,-55.0,8850.0,8880.0,8800.0,157776.0
2017.06.09,8905.0,85.0,8800.0,8915.0,8795.0,46595.0
2017.06.08,8820.0,25.0,8805.0,8820.0,8720.0,45518.0
2017.06.07,8795.0,-45.0,8830.0,8840.0,8740.0,209929.0
2017.06.05,8840.0,-20.0,8860.0,8890.0,8795.0,22553.0
2017.06.02,8860.0,140.0,8745.0,8860.0,8740.0,24525.0
2017.06.01,8720.0,-50.0,8770.0,8790.0,8685.0,419554.0
2017.05.31,8770.0,0.0,8745.0,8800.0,8700.0,61677.0
2017.05.30,8770.0,-45.0,8805.0,8810.0,8700.0,75965.0
2017.05.29,8815.0,-5.0,8820.0,8870.0,8750.0,49863.0
2017.05.26,8820.0,40.0,8775.0,8865.0,8730.0,55311.0
2017.05.25,8780.0,100.0,8720.0,8780.0,8665.0,41779.0
2017.05.24,8680.0,15.0,8665.0,8720.0,8650.0,13605.0
2017.05.23,8665.0,40.0,8650.0,8730.0,8635.0,18404.0
2017.05.22,8625.0,60.0,8610.0,8670.0,8595.0,32627.0
2017.05.19,8565.0,-40.0,8580.0,8610.0,8525.0,16080.0
2017.05.18,8605.0,45.0,8550.0,8615.0,8495.0,29014.0
2017.05.17,8560.0,-10.0,8535.0,8605.0,8530.0,50457.0
2017.05.16,8570.0,-30.0,8635.0,8655.0,8535.0,19859.0
2017.05.15,8600.0,25.0,8565.0,8605.0,8515.0,122883.0
2017.05.12,8575.0,-20.0,8570.0,8615.0,8540.0,20952.0
2017.05.11,8595.0,115.0,8515.0,8595.0,8350.0,1635543.0
2017.05.10,8480.0,-150.0,8595.0,8730.0,8465.0,2216351.0
2017.05.08,8630.0,220.0,8410.0,8630.0,8380.0,89608.0
2017.05.04,8410.0,55.0,8355.0,8410.0,8335.0,44490.0
2017.05.02,8355.0,85.0,8330.0,8385.0,8270.0,53067.0
2017.04.28,8270.0,-25.0,8295.0,8320.0,8240.0,40132.0
2017.04.27,8295.0,5.0,8225.0,8295.0,8220.0,14998.0
2017.04.26,8435.0,75.0,8345.0,8435.0,8345.0,29608.0
2017.04.25,8360.0,105.0,8250.0,8365.0,8230.0,30178.0
2017.04.24,8255.0,70.0,8190.0,8255.0,8175.0,38343.0
2017.04.21,8185.0,65.0,8135.0,8205.0,8115.0,9399.0
2017.04.20,8120.0,35.0,8075.0,8135.0,8035.0,9945.0
2017.04.19,8085.0,-75.0,8140.0,8145.0,8055.0,5628.0
2017.04.18,8160.0,0.0,8155.0,8180.0,8095.0,8537.0
2017.04.17,8160.0,65.0,8130.0,8175.0,8115.0,27416.0
2017.04.14,8095.0,-90.0,8145.0,8145.0,8065.0,11086.0
2017.04.13,8185.0,75.0,8075.0,8185.0,8060.0,8072.0
2017.04.12,8110.0,5.0,8070.0,8120.0,8065.0,4782.0
2017.04.11,8105.0,5.0,8090.0,8145.0,8050.0,9146.0
2017.04.10,8100.0,-75.0,8175.0,8175.0,8095.0,25118.0
2017.04.07,8175.0,-20.0,8190.0,8215.0,8125.0,23442.0
2017.04.06,8195.0,-45.0,8220.0,8220.0,8145.0,10202.0
2017.04.05,8240.0,5.0,8230.0,8255.0,8155.0,20301.0
2017.04.04,8235.0,-50.0,8265.0,8270.0,8205.0,16997.0
2017.04.03,8285.0,20.0,8250.0,8290.0,8240.0,9586.0
2017.03.31,8265.0,-20.0,8275.0,8300.0,8240.0,8953.0
2017.03.30,8285.0,10.0,8275.0,8325.0,8245.0,15817.0
2017.03.29,8275.0,15.0,8260.0,8300.0,8235.0,5339.0
2017.03.28,8260.0,0.0,8300.0,8305.0,8220.0,10400.0
2017.03.27,8260.0,-60.0,8280.0,8290.0,8220.0,46341.0
2017.03.24,8320.0,-20.0,8310.0,8355.0,8285.0,308150.0
2017.03.23,8340.0,5.0,8325.0,8385.0,8310.0,11654.0
2017.03.22,8335.0,-30.0,8215.0,8340.0,8215.0,19491.0
2017.03.21,8365.0,105.0,8265.0,8385.0,8255.0,35676.0
2017.03.20,8260.0,-20.0,8255.0,8265.0,8210.0,19595.0
2017.03.17,8280.0,45.0,8195.0,8280.0,8185.0,305759.0
2017.03.16,8235.0,60.0,8205.0,8260.0,8175.0,9737.0
2017.03.15,8175.0,0.0,8095.0,8175.0,8095.0,11897.0
2017.03.14,8175.0,70.0,8115.0,8185.0,8115.0,12470.0
2017.03.13,8105.0,105.0,7985.0,8120.0,7985.0,51881.0
2017.03.10,8000.0,10.0,7940.0,8025.0,7930.0,12732.0
2017.03.09,7990.0,-15.0,8005.0,8030.0,7970.0,6491.0
2017.03.08,8005.0,20.0,7985.0,8010.0,7945.0,4862.0
2017.03.07,7985.0,35.0,7910.0,8000.0,7895.0,29981.0
2017.03.06,7950.0,15.0,7875.0,7960.0,7865.0,8876.0
2017.03.03,7935.0,-85.0,7975.0,7985.0,7900.0,15600.0
2017.03.02,8020.0,80.0,7965.0,8035.0,7965.0,75865.0
2017.02.28,7940.0,30.0,7890.0,7960.0,7885.0,31977.0
2017.02.27,7910.0,-45.0,7955.0,7955.0,7880.0,13143.0
2017.02.24,7955.0,-75.0,8020.0,8035.0,7920.0,29736.0
2017.02.23,8030.0,-5.0,8020.0,8035.0,7980.0,31913.0
2017.02.22,8035.0,5.0,8005.0,8035.0,7990.0,25155.0
2017.02.21,8030.0,65.0,7985.0,8060.0,7950.0,17872.0
2017.02.20,7965.0,45.0,7920.0,7965.0,7900.0,50917.0
2017.02.17,7920.0,-10.0,7865.0,7935.0,7865.0,387222.0
2017.02.16,7930.0,30.0,7925.0,7955.0,7880.0,40029.0
2017.02.15,7900.0,25.0,7860.0,7920.0,7825.0,1085868.0
2017.02.14,7875.0,-15.0,7865.0,7915.0,7850.0,6597.0
2017.02.13,7890.0,5.0,7880.0,7890.0,7835.0,4363.0
2017.02.10,7885.0,30.0,7855.0,7910.0,7845.0,10005.0
2017.02.09,7855.0,5.0,7815.0,7890.0,7800.0,8090.0
2017.02.08,7850.0,-25.0,7830.0,7855.0,7770.0,31506.0
2017.02.07,7875.0,5.0,7855.0,7890.0,7845.0,3134.0
2017.02.06,7870.0,5.0,7890.0,7920.0,7860.0,6258.0
2017.02.03,7865.0,5.0,7845.0,7890.0,7815.0,13161.0
2017.02.02,7860.0,-35.0,7895.0,7920.0,7825.0,6959.0
2017.02.01,7895.0,40.0,7865.0,7905.0,7860.0,5531.0
2017.01.31,7855.0,-90.0,7910.0,7915.0,7855.0,11892.0
2017.01.26,7945.0,70.0,7890.0,7965.0,7855.0,9285.0
2017.01.25,7875.0,20.0,7850.0,7905.0,7830.0,6385.0
2017.01.24,7855.0,0.0,7860.0,7860.0,7805.0,9340.0
2017.01.23,7855.0,0.0,7850.0,7865.0,7810.0,7505.0
2017.01.20,7855.0,-30.0,7825.0,7880.0,7800.0,4678.0
2017.01.19,7885.0,10.0,7880.0,7955.0,7840.0,1865985.0
2017.01.18,7875.0,5.0,7860.0,7895.0,7820.0,36762.0
2017.01.17,7870.0,30.0,7810.0,7895.0,7810.0,14825.0
2017.01.16,7840.0,-40.0,7790.0,7890.0,7790.0,41014.0
2017.01.13,7880.0,-40.0,7840.0,7895.0,7840.0,10734.0
2017.01.12,7920.0,80.0,7850.0,7920.0,7845.0,664126.0
2017.01.11,7840.0,85.0,7745.0,7890.0,7740.0,25932.0
2017.01.10,7755.0,-30.0,7735.0,7755.0,7700.0,9903.0
2017.01.09,7785.0,50.0,7710.0,7785.0,7705.0,645402.0
2017.01.06,7735.0,25.0,7690.0,7740.0,7690.0,7872.0
2017.01.05,7710.0,-40.0,7755.0,7755.0,7670.0,5217.0
2017.01.04,7750.0,-15.0,7720.0,7755.0,7705.0,9086.0
2017.01.03,7765.0,85.0,7670.0,7765.0,7650.0,8024.0
2017.01.02,7680.0,30.0,7630.0,7690.0,7585.0,678513.0
2016.12.29,7650.0,-20.0,7630.0,7650.0,7590.0,184248.0
2016.12.28,7670.0,50.0,7655.0,7675.0,7615.0,299611.0
2016.12.27,7620.0,40.0,7580.0,7620.0,7545.0,295556.0
2016.12.26,7580.0,15.0,7560.0,7580.0,7525.0,293109.0
2016.12.23,7565.0,0.0,7580.0,7580.0,7525.0,233702.0
2016.12.22,7565.0,-10.0,7580.0,7590.0,7530.0,263936.0
2016.12.21,7575.0,10.0,7615.0,7630.0,7550.0,266572.0
2016.12.20,7565.0,20.0,7565.0,7595.0,7545.0,329816.0
2016.12.19,7545.0,-25.0,7555.0,7585.0,7530.0,301607.0
2016.12.16,7570.0,10.0,7520.0,7580.0,7510.0,316395.0
2016.12.15,7560.0,-10.0,7465.0,7560.0,7445.0,355587.0
2016.12.14,7570.0,15.0,7580.0,7585.0,7510.0,362233.0
2016.12.13,7555.0,20.0,7475.0,7555.0,7475.0,307570.0
2016.12.12,7535.0,5.0,7515.0,7560.0,7490.0,408620.0
2016.12.09,7530.0,25.0,7540.0,7570.0,7500.0,357736.0
2016.12.08,7505.0,120.0,7485.0,7535.0,7450.0,359895.0
2016.12.07,7385.0,45.0,7385.0,7390.0,7350.0,314080.0
2016.12.06,7340.0,65.0,7300.0,7350.0,7275.0,380440.0
2016.12.05,7275.0,0.0,7275.0,7285.0,7230.0,368266.0
2016.12.02,7275.0,-60.0,7270.0,7300.0,7230.0,341593.0
2016.12.01,7335.0,0.0,7310.0,7335.0,7280.0,259934.0
2016.11.30,7335.0,80.0,7250.0,7340.0,7240.0,283466.0
2016.11.29,7255.0,-20.0,7240.0,7280.0,7215.0,301313.0
2016.11.28,7275.0,25.0,7230.0,7275.0,7175.0,339530.0
2016.11.25,7250.0,-10.0,7255.0,7265.0,7210.0,303622.0
2016.11.24,7260.0,-20.0,7265.0,7275.0,7200.0,326793.0
2016.11.23,7280.0,65.0,7230.0,7295.0,7185.0,357123.0
2016.11.22,7215.0,75.0,7145.0,7215.0,7130.0,327229.0
2016.11.21,7140.0,-5.0,7110.0,7145.0,7090.0,343736.0
2016.11.18,7145.0,25.0,7120.0,7145.0,7090.0,362710.0
2016.11.17,7120.0,-25.0,7105.0,7130.0,7045.0,343941.0
2016.11.16,7145.0,85.0,7115.0,7145.0,7090.0,328061.0
2016.11.15,7060.0,-35.0,7100.0,7125.0,7060.0,330837.0
2016.11.14,7095.0,-75.0,7155.0,7170.0,7080.0,364789.0
2016.11.11,7170.0,-55.0,7125.0,7200.0,7125.0,378656.0
2016.11.10,7225.0,120.0,7205.0,7230.0,7170.0,11275.0
2016.11.09,7105.0,-160.0,7285.0,7300.0,7030.0,459908.0
2016.11.08,7265.0,5.0,7265.0,7280.0,7230.0,349459.0
2016.11.07,7260.0,65.0,7255.0,7275.0,7210.0,219288.0
2016.11.04,7195.0,-15.0,7205.0,7220.0,7160.0,209307.0
2016.11.03,7210.0,-15.0,7215.0,7250.0,7180.0,916966.0
2016.11.02,7225.0,-85.0,7265.0,7265.0,7200.0,210087.0
2016.11.01,7310.0,5.0,7295.0,7310.0,7210.0,210868.0
2016.10.31,7305.0,15.0,7280.0,7305.0,7255.0,209371.0
2016.10.28,7290.0,10.0,7250.0,7290.0,7245.0,256090.0
2016.10.27,7280.0,65.0,7280.0,7285.0,7250.0,212626.0
2016.10.26,7215.0,-115.0,7305.0,7305.0,7215.0,334127.0
2016.10.25,7330.0,30.0,7300.0,7340.0,7295.0,227070.0
2016.10.24,7300.0,65.0,7270.0,7310.0,7270.0,208664.0
2016.10.21,7235.0,-40.0,7275.0,7295.0,7230.0,229543.0
2016.10.20,7275.0,-15.0,7290.0,7305.0,7260.0,223962.0
2016.10.19,7290.0,25.0,7255.0,7325.0,7235.0,209462.0
2016.10.18,7265.0,25.0,7240.0,7270.0,7210.0,207310.0
2016.10.17,7240.0,55.0,7190.0,7245.0,7160.0,227116.0
2016.10.14,7185.0,60.0,7165.0,7195.0,7145.0,216252.0
2016.10.13,7125.0,-45.0,7180.0,7200.0,7125.0,206780.0
2016.10.12,7170.0,0.0,7150.0,7195.0,7145.0,209450.0
2016.10.11,7170.0,-135.0,7290.0,7295.0,7170.0,207722.0
2016.10.10,7305.0,-10.0,7245.0,7310.0,7225.0,230973.0
2016.10.07,7315.0,5.0,7345.0,7345.0,7295.0,205848.0
2016.10.06,7310.0,25.0,7350.0,7350.0,7300.0,217811.0
2016.10.05,7285.0,5.0,7210.0,7295.0,7200.0,249658.0
2016.10.04,7280.0,70.0,7265.0,7280.0,7250.0,258145.0
2016.09.30,7210.0,-55.0,7235.0,7245.0,7190.0,209979.0
2016.09.29,7265.0,15.0,7290.0,7310.0,7255.0,1904406.0
2016.09.28,7250.0,-50.0,7285.0,7300.0,7225.0,208221.0
2016.09.27,7300.0,50.0,7200.0,7305.0,7175.0,203497.0
2016.09.26,7250.0,-30.0,7280.0,7305.0,7225.0,204613.0
2016.09.23,7280.0,20.0,7260.0,7300.0,7240.0,207902.0
2016.09.22,7260.0,25.0,7255.0,7325.0,7255.0,209188.0
2016.09.21,7235.0,25.0,7195.0,7240.0,7170.0,205769.0
2016.09.20,7210.0,35.0,7160.0,7210.0,7145.0,204796.0
2016.09.19,7175.0,75.0,7080.0,7180.0,7080.0,206518.0
2016.09.13,7100.0,10.0,7145.0,7155.0,7100.0,206966.0
2016.09.12,7090.0,-170.0,7135.0,7165.0,7090.0,205626.0
2016.09.09,7260.0,-80.0,7295.0,7310.0,7245.0,213971.0
2016.09.08,7340.0,-15.0,7355.0,7375.0,7320.0,211150.0
2016.09.07,7355.0,10.0,7365.0,7395.0,7350.0,203031.0
2016.09.06,7345.0,45.0,7290.0,7345.0,7285.0,202334.0
2016.09.05,7300.0,90.0,7225.0,7300.0,7225.0,204537.0
2016.09.02,7210.0,45.0,7210.0,7210.0,7175.0,172852.0
2016.09.01,7165.0,-50.0,7180.0,7195.0,7125.0,254123.0
2016.08.31,7215.0,-25.0,7240.0,7240.0,7205.0,213023.0
2016.08.30,7240.0,15.0,7270.0,7280.0,7240.0,179553.0
2016.08.29,7225.0,10.0,7165.0,7225.0,7165.0,205236.0
2016.08.26,7215.0,-15.0,7210.0,7215.0,7165.0,194057.0
2016.08.25,7230.0,5.0,7205.0,7230.0,7205.0,162137.0
2016.08.24,7225.0,-20.0,7235.0,7235.0,7195.0,212294.0
2016.08.23,7245.0,30.0,7215.0,7245.0,7195.0,171314.0
2016.08.22,7215.0,-10.0,7215.0,7225.0,7190.0,176565.0
2016.08.19,7225.0,-5.0,7230.0,7235.0,7205.0,209993.0
2016.08.18,7230.0,105.0,7180.0,7230.0,7180.0,169432.0
2016.08.17,7125.0,-25.0,7150.0,7155.0,7125.0,158917.0
2016.08.16,7150.0,5.0,7175.0,7195.0,7150.0,167282.0
2016.08.12,7145.0,10.0,7210.0,7210.0,7145.0,175130.0
2016.08.11,7135.0,-45.0,7135.0,7135.0,7135.0,1.0
2016.08.10,7180.0,-30.0,7195.0,7195.0,7180.0,2.0
2016.08.09,7210.0,100.0,7140.0,7210.0,7125.0,83.0
2016.08.08,7110.0,40.0,7140.0,7140.0,7095.0,79.0
2016.08.05,7070.0,50.0,7070.0,7070.0,7070.0,3.0
2016.08.04,7020.0,-25.0,7025.0,7025.0,7020.0,12.0
2016.08.03,7045.0,-75.0,7045.0,7050.0,7020.0,441.0
2016.08.02,7120.0,-20.0,7140.0,7140.0,7115.0,14023.0
2016.08.01,7140.0,45.0,7110.0,7175.0,7110.0,18214.0
2016.07.29,7095.0,-5.0,7100.0,7100.0,7095.0,34.0
2016.07.28,7100.0,5.0,7120.0,7120.0,7090.0,90322.0
2016.07.27,7095.0,5.0,7110.0,7110.0,7095.0,10.0
2016.07.26,7090.0,60.0,7050.0,7115.0,7040.0,35718.0
2016.07.25,7030.0,25.0,7005.0,7040.0,7005.0,20.0
2016.07.22,7005.0,25.0,7005.0,7005.0,7005.0,1.0
2016.07.21,6980.0,10.0,7020.0,7020.0,6980.0,4.0
2016.07.20,6970.0,-10.0,6985.0,7000.0,6970.0,57010.0
2016.07.19,6980.0,-25.0,7015.0,7015.0,6965.0,14424.0
2016.07.18,7005.0,-25.0,7030.0,7030.0,6980.0,14119.0
2016.07.15,7030.0,60.0,6985.0,7030.0,6985.0,8.0
2016.07.14,6970.0,35.0,6970.0,6970.0,6970.0,1.0
2016.07.13,6935.0,70.0,6960.0,6960.0,6935.0,23.0
2016.07.12,6865.0,-30.0,6880.0,6900.0,6865.0,1431.0
2016.07.11,6895.0,110.0,6875.0,6895.0,6865.0,183.0
2016.07.08,6785.0,-20.0,6775.0,6790.0,6775.0,14466.0
2016.07.07,6805.0,80.0,6780.0,6810.0,6780.0,14455.0
2016.07.06,6725.0,-155.0,6730.0,6730.0,6705.0,133.0
2016.07.05,6880.0,-35.0,6880.0,6885.0,6875.0,28344.0
2016.07.04,6915.0,10.0,6870.0,6920.0,6870.0,28542.0
2016.07.01,6905.0,60.0,6870.0,6925.0,6870.0,14382.0
2016.06.30,6845.0,45.0,6800.0,6845.0,6800.0,29118.0
2016.06.29,6800.0,80.0,6765.0,6815.0,6755.0,29527.0
2016.06.28,6720.0,45.0,6720.0,6720.0,6710.0,72.0
2016.06.27,6675.0,20.0,6655.0,6675.0,6655.0,205.0
2016.06.24,6655.0,-240.0,6940.0,6940.0,6640.0,19951.0
2016.06.23,6895.0,0.0,6895.0,6900.0,6885.0,28717.0
2016.06.22,6895.0,20.0,6885.0,6905.0,6880.0,28810.0
2016.06.21,6875.0,-5.0,6875.0,6875.0,6875.0,0.0
2016.06.20,6880.0,115.0,6850.0,6880.0,6850.0,19.0
2016.06.17,6765.0,0.0,6765.0,6765.0,6765.0,0.0
2016.06.16,6765.0,-40.0,6800.0,6800.0,6765.0,2.0
2016.06.15,6805.0,0.0,6805.0,6805.0,6805.0,0.0
2016.06.14,6805.0,-15.0,6805.0,6805.0,6805.0,0.0
2016.06.13,6820.0,-105.0,6830.0,6830.0,6820.0,21.0
2016.06.10,6925.0,-20.0,6975.0,6975.0,6925.0,2.0
2016.06.09,6945.0,5.0,6945.0,6985.0,6945.0,257.0
2016.06.08,6940.0,60.0,6910.0,6940.0,6895.0,15273.0
2016.06.07,6880.0,85.0,6860.0,6880.0,6850.0,116.0
2016.06.03,6795.0,0.0,6795.0,6795.0,6795.0,0.0
2016.06.02,6795.0,5.0,6795.0,6795.0,6795.0,0.0
2016.06.01,6790.0,30.0,6785.0,6795.0,6785.0,152.0
2016.05.31,6760.0,45.0,6740.0,6760.0,6740.0,8.0
2016.05.30,6715.0,-30.0,6715.0,6715.0,6715.0,0.0
2016.05.27,6745.0,-5.0,6745.0,6745.0,6745.0,0.0
2016.05.26,6750.0,60.0,6750.0,6750.0,6750.0,101.0
2016.05.25,6690.0,65.0,6690.0,6690.0,6690.0,10.0
2016.05.24,6625.0,0.0,6625.0,6625.0,6625.0,0.0
2016.05.23,6625.0,0.0,6625.0,6625.0,6625.0,2.0
2016.05.20,6625.0,-10.0,6640.0,6640.0,6625.0,6.0
2016.05.19,6635.0,15.0,6665.0,6665.0,6635.0,143.0
2016.05.18,6620.0,-45.0,6625.0,6625.0,6620.0,24.0
2016.05.17,6665.0,30.0,6635.0,6665.0,6635.0,103.0
2016.05.16,6635.0,-25.0,6635.0,6635.0,6635.0,10.0
2016.05.13,6660.0,-80.0,6665.0,6665.0,6660.0,53.0
2016.05.12,6740.0,-25.0,6745.0,6745.0,6740.0,6.0
2016.05.11,6765.0,-10.0,6720.0,6765.0,6720.0,2.0
2016.05.10,6775.0,40.0,6745.0,6775.0,6745.0,5627.0
2016.05.09,6735.0,-25.0,6755.0,6755.0,6730.0,58624.0
2016.05.04,6760.0,-55.0,6765.0,6765.0,6760.0,25.0
2016.05.03,6815.0,15.0,6795.0,6820.0,6785.0,38147.0
2016.05.02,6800.0,-40.0,6800.0,6800.0,6800.0,1.0
2016.04.29,6840.0,-15.0,6835.0,6840.0,6815.0,5490.0
2016.04.28,6855.0,-70.0,6915.0,6935.0,6850.0,14298.0
2016.04.27,7060.0,0.0,7060.0,7060.0,7060.0,50.0
2016.04.26,7060.0,15.0,7035.0,7060.0,7035.0,7.0
2016.04.25,7045.0,-10.0,7055.0,7055.0,7045.0,30.0
2016.04.22,7055.0,-45.0,7055.0,7055.0,7055.0,2.0
2016.04.21,7100.0,75.0,7060.0,7100.0,7060.0,46.0
2016.04.20,7025.0,0.0,7050.0,7075.0,7015.0,14079.0
2016.04.19,7025.0,-5.0,7030.0,7035.0,7020.0,13.0
2016.04.18,7030.0,0.0,7030.0,7030.0,7030.0,0.0
2016.04.15,7030.0,-20.0,7010.0,7030.0,7005.0,14133.0
2016.04.14,7050.0,150.0,6965.0,7050.0,6965.0,110.0
2016.04.12,6900.0,50.0,6850.0,6900.0,6850.0,120.0
2016.04.11,6850.0,10.0,6835.0,6850.0,6820.0,122.0
2016.04.08,6840.0,-25.0,6840.0,6840.0,6800.0,206.0
2016.04.07,6865.0,25.0,6840.0,6865.0,6825.0,8.0
2016.04.06,6840.0,-5.0,6840.0,6840.0,6820.0,576.0
2016.04.05,6845.0,-15.0,6850.0,6850.0,6845.0,2.0
2016.04.04,6860.0,-40.0,6865.0,6865.0,6860.0,166.0
2016.04.01,6900.0,-70.0,6950.0,6950.0,6900.0,8.0
2016.03.31,6970.0,-25.0,6995.0,6995.0,6960.0,25.0
2016.03.30,6995.0,55.0,7000.0,7010.0,6980.0,122.0
2016.03.29,6940.0,30.0,6960.0,6960.0,6895.0,28564.0
2016.03.28,6910.0,5.0,6905.0,6915.0,6870.0,14420.0
2016.03.25,6905.0,-35.0,6885.0,6905.0,6865.0,14275.0
2016.03.24,6940.0,-25.0,6915.0,6960.0,6915.0,14.0
2016.03.23,6965.0,15.0,6980.0,6990.0,6965.0,5.0
2016.03.22,6950.0,15.0,6920.0,6955.0,6920.0,102.0
2016.03.21,6935.0,40.0,6935.0,6955.0,6895.0,141.0
2016.03.18,6895.0,-5.0,6915.0,6930.0,6895.0,14390.0
2016.03.17,6900.0,55.0,6870.0,6955.0,6870.0,287.0
2016.03.16,6845.0,-20.0,6870.0,6895.0,6820.0,24568.0
2016.03.15,6865.0,-10.0,6890.0,6890.0,6830.0,26.0
2016.03.14,6875.0,25.0,6925.0,6925.0,6860.0,11577.0
2016.03.11,6850.0,-100.0,6850.0,6870.0,6840.0,14767.0
2016.03.10,6950.0,190.0,6800.0,6950.0,6785.0,659.0
2016.03.09,6760.0,35.0,6725.0,6775.0,6720.0,181.0
2016.03.08,6725.0,-75.0,6785.0,6785.0,6720.0,14721.0
2016.03.07,6800.0,15.0,6790.0,6800.0,6790.0,8.0
2016.03.04,6785.0,5.0,6780.0,6785.0,6770.0,509.0
2016.03.03,6780.0,5.0,6825.0,6825.0,6775.0,11.0
2016.03.02,6775.0,85.0,6765.0,6780.0,6755.0,40712.0
2016.02.29,6690.0,0.0,6635.0,6690.0,6635.0,5.0
2016.02.26,6690.0,40.0,6690.0,6690.0,6690.0,4.0
2016.02.25,6650.0,0.0,6650.0,6650.0,6650.0,3.0
2016.02.24,6650.0,0.0,6650.0,6650.0,6650.0,1.0
2016.02.23,6650.0,40.0,6650.0,6650.0,6650.0,1.0
2016.02.22,6610.0,0.0,6610.0,6610.0,6610.0,0.0
2016.02.19,6610.0,-25.0,6635.0,6635.0,6610.0,2.0
2016.02.18,6635.0,45.0,6630.0,6645.0,6595.0,13678.0
2016.02.17,6590.0,60.0,6545.0,6590.0,6545.0,602.0
2016.02.16,6530.0,130.0,6430.0,6530.0,6430.0,35.0
2016.02.15,6400.0,65.0,6435.0,6435.0,6380.0,5.0
2016.02.12,6335.0,35.0,6300.0,6335.0,6295.0,7993.0
2016.02.11,6300.0,-140.0,6290.0,6320.0,6290.0,40015.0
2016.02.05,6440.0,-10.0,6440.0,6440.0,6440.0,12.0
2016.02.04,6450.0,90.0,6420.0,6450.0,6410.0,14937.0
2016.02.03,6360.0,-75.0,6325.0,6360.0,6325.0,114.0
2016.02.02,6435.0,-10.0,6445.0,6445.0,6400.0,389.0
2016.02.01,6445.0,0.0,6450.0,6450.0,6445.0,110.0
2016.01.29,6445.0,-10.0,6405.0,6445.0,6405.0,18.0
2016.01.28,6455.0,30.0,6405.0,6455.0,6405.0,14013.0
2016.01.27,6425.0,110.0,6350.0,6425.0,6350.0,12.0
2016.01.26,6315.0,-50.0,6290.0,6315.0,6290.0,8.0
2016.01.25,6365.0,25.0,6365.0,6365.0,6365.0,14.0
2016.01.22,6340.0,110.0,6315.0,6345.0,6295.0,14258.0
2016.01.21,6230.0,25.0,6280.0,6280.0,6225.0,14341.0
2016.01.20,6205.0,-200.0,6300.0,6300.0,6205.0,457.0
2016.01.19,6405.0,75.0,6330.0,6405.0,6330.0,304.0
2016.01.18,6330.0,-30.0,6265.0,6345.0,6265.0,148.0
2016.01.15,6360.0,-50.0,6420.0,6420.0,6360.0,64.0
2016.01.14,6410.0,-100.0,6430.0,6430.0,6370.0,14.0
2016.01.13,6510.0,130.0,6510.0,6510.0,6510.0,51.0
2016.01.12,6380.0,-20.0,6440.0,6440.0,6380.0,21.0
2016.01.11,6400.0,-100.0,6385.0,6450.0,6385.0,26.0
2016.01.08,6500.0,25.0,6435.0,6500.0,6420.0,103.0
2016.01.07,6475.0,-60.0,6530.0,6530.0,6460.0,40.0
2016.01.06,6535.0,-75.0,6550.0,6550.0,6520.0,24.0
2016.01.05,6610.0,25.0,6590.0,6630.0,6590.0,14427.0
2016.01.04,6585.0,-185.0,6635.0,6635.0,6580.0,14425.0
2015.12.30,6770.0,50.0,6745.0,6770.0,6735.0,50.0
2015.12.29,6720.0,50.0,6770.0,6770.0,6670.0,19789.0
2015.12.28,6670.0,-130.0,6750.0,6750.0,6670.0,204.0
2015.12.24,6800.0,0.0,6840.0,6840.0,6795.0,27873.0
2015.12.23,6800.0,60.0,6800.0,6800.0,6800.0,2000.0
2015.12.22,6740.0,15.0,6670.0,6740.0,6670.0,14881.0
2015.12.21,6725.0,0.0,6725.0,6725.0,6725.0,0.0
2015.12.18,6725.0,-5.0,6680.0,6735.0,6680.0,186.0
2015.12.17,6730.0,5.0,6745.0,6745.0,6730.0,1601.0
2015.12.16,6725.0,95.0,6725.0,6725.0,6690.0,279.0
2015.12.15,6630.0,65.0,6530.0,6630.0,6530.0,20.0
2015.12.14,6565.0,-70.0,6565.0,6565.0,6565.0,10.0
2015.12.11,6635.0,5.0,6685.0,6685.0,6635.0,13.0
2015.12.10,6630.0,0.0,6600.0,6630.0,6600.0,54.0
2015.12.09,6630.0,0.0,6630.0,6630.0,6630.0,1.0
2015.12.08,6630.0,-35.0,6655.0,6655.0,6630.0,22.0
2015.12.07,6665.0,-35.0,6665.0,6665.0,6665.0,1.0
2015.12.04,6700.0,-70.0,6715.0,6715.0,6670.0,25.0
2015.12.03,6770.0,-85.0,6780.0,6780.0,6750.0,1700026.0
2015.12.02,6855.0,-40.0,6855.0,6855.0,6855.0,1.0
2015.12.01,6895.0,75.0,6795.0,6895.0,6795.0,101.0
2015.11.30,6820.0,-105.0,6860.0,6860.0,6765.0,23566.0
2015.11.27,6925.0,10.0,6885.0,6925.0,6885.0,11.0
2015.11.26,6915.0,70.0,6850.0,6915.0,6850.0,9.0
2015.11.25,6845.0,45.0,6860.0,6860.0,6835.0,23553.0
2015.11.24,6800.0,35.0,6845.0,6845.0,6800.0,30.0
2015.11.23,6765.0,0.0,6765.0,6765.0,6765.0,0.0
2015.11.20,6765.0,15.0,6765.0,6765.0,6765.0,10.0
2015.11.19,6750.0,-5.0,6750.0,6750.0,6750.0,2.0
2015.11.18,6755.0,-5.0,6760.0,6760.0,6755.0,24.0
2015.11.17,6760.0,55.0,6700.0,6760.0,6700.0,1581.0
2015.11.16,6705.0,-85.0,6735.0,6735.0,6690.0,29.0
2015.11.13,6790.0,-70.0,6790.0,6790.0,6790.0,4.0
2015.11.12,6860.0,-20.0,6860.0,6860.0,6860.0,1.0
2015.11.11,6880.0,0.0,6880.0,6880.0,6880.0,0.0
2015.11.10,6880.0,80.0,6930.0,6930.0,6870.0,30.0
2015.11.09,6800.0,-195.0,6925.0,6950.0,6800.0,15409.0
2015.11.06,6995.0,0.0,6995.0,6995.0,6995.0,0.0
2015.11.05,6995.0,-10.0,7005.0,7010.0,6985.0,14482.0
2015.11.04,7005.0,-10.0,6995.0,7005.0,6995.0,17.0
2015.11.03,7015.0,20.0,6990.0,7015.0,6990.0,257.0
2015.11.02,6995.0,-15.0,6995.0,6995.0,6995.0,0.0
2015.10.30,7010.0,70.0,6945.0,7010.0,6945.0,300.0
2015.10.29,6940.0,30.0,7000.0,7015.0,6930.0,11001.0
2015.10.28,6910.0,-50.0,6900.0,6910.0,6900.0,246.0
2015.10.27,6960.0,-10.0,6960.0,6960.0,6960.0,0.0
2015.10.26,6970.0,60.0,6980.0,6980.0,6960.0,104.0
2015.10.23,6910.0,55.0,6950.0,6950.0,6910.0,2151.0
2015.10.22,6855.0,-95.0,6890.0,6910.0,6855.0,15108.0
2015.10.21,6950.0,30.0,6930.0,6950.0,6930.0,148.0
2015.10.20,6920.0,80.0,6880.0,6920.0,6880.0,282.0
2015.10.19,6840.0,10.0,6840.0,6840.0,6840.0,51.0
2015.10.16,6830.0,-50.0,6885.0,6885.0,6830.0,279.0
2015.10.15,6880.0,70.0,6880.0,6880.0,6880.0,46.0
2015.10.14,6810.0,5.0,6810.0,6810.0,6810.0,0.0
2015.10.13,6805.0,-15.0,6820.0,6820.0,6805.0,225.0
2015.10.12,6820.0,50.0,6820.0,6835.0,6820.0,35.0
2015.10.08,6770.0,65.0,6770.0,6770.0,6750.0,216.0
2015.10.07,6705.0,120.0,6650.0,6710.0,6650.0,2277.0
2015.10.06,6585.0,30.0,6585.0,6585.0,6585.0,100.0
2015.10.05,6555.0,-10.0,6555.0,6555.0,6555.0,100.0
2015.10.02,6565.0,-35.0,6565.0,6565.0,6565.0,100.0
2015.10.01,6600.0,55.0,6600.0,6600.0,6600.0,100.0
2015.09.30,6545.0,80.0,6460.0,6545.0,6460.0,26.0
2015.09.25,6465.0,0.0,6465.0,6465.0,6465.0,0.0
2015.09.24,6465.0,-45.0,6465.0,6465.0,6465.0,100.0
2015.09.23,6510.0,-100.0,6545.0,6545.0,6510.0,1001.0
2015.09.22,6610.0,90.0,6515.0,6610.0,6515.0,33.0
2015.09.21,6520.0,-125.0,6520.0,6520.0,6520.0,10.0
2015.09.18,6645.0,50.0,6580.0,6645.0,6580.0,118.0
2015.09.17,6595.0,-25.0,6620.0,6630.0,6595.0,745.0
2015.09.16,6620.0,145.0,6600.0,6620.0,6600.0,108.0
2015.09.15,6475.0,10.0,6465.0,6475.0,6465.0,60.0
2015.09.14,6465.0,-50.0,6465.0,6465.0,6465.0,100.0
2015.09.11,6515.0,-50.0,6515.0,6515.0,6515.0,100.0
2015.09.10,6565.0,35.0,6545.0,6565.0,6545.0,110.0
2015.09.09,6530.0,145.0,6535.0,6535.0,6530.0,101.0
2015.09.08,6385.0,40.0,6385.0,6385.0,6385.0,100.0
2015.09.07,6345.0,-10.0,6345.0,6345.0,6345.0,15.0
2015.09.04,6355.0,-15.0,6355.0,6355.0,6355.0,10.0
2015.09.03,6370.0,-5.0,6370.0,6370.0,6370.0,1.0
2015.09.02,6375.0,20.0,6280.0,6385.0,6280.0,230.0
2015.09.01,6355.0,-20.0,6350.0,6360.0,6350.0,51.0
2015.08.31,6375.0,-5.0,6375.0,6375.0,6375.0,1.0
2015.08.28,6380.0,25.0,6380.0,6380.0,6380.0,10.0
2015.08.27,6355.0,50.0,6355.0,6355.0,6355.0,1.0
2015.08.26,6305.0,80.0,6230.0,6315.0,6230.0,16053.0
2015.08.25,6225.0,70.0,6155.0,6235.0,6155.0,275.0
2015.08.24,6155.0,-180.0,6130.0,6165.0,6085.0,16452.0
2015.08.21,6335.0,-125.0,6320.0,6360.0,6290.0,4588.0
2015.08.20,6460.0,-50.0,6490.0,6490.0,6460.0,3.0
2015.08.19,6510.0,-10.0,6520.0,6520.0,6490.0,782.0
2015.08.18,6520.0,40.0,6520.0,6520.0,6520.0,1.0
2015.08.17,6480.0,-45.0,6570.0,6570.0,6480.0,110.0
2015.08.13,6525.0,0.0,6525.0,6525.0,6525.0,0.0
2015.08.12,6525.0,-50.0,6545.0,6585.0,6525.0,31.0
2015.08.11,6575.0,-40.0,6620.0,6640.0,6575.0,14.0
2015.08.10,6615.0,65.0,6615.0,6615.0,6615.0,100.0
2015.08.07,6550.0,-35.0,6550.0,6550.0,6550.0,10.0
2015.08.06,6585.0,-95.0,6645.0,6645.0,6585.0,99.0
2015.08.05,6680.0,-40.0,6680.0,6680.0,6680.0,40.0
2015.08.04,6720.0,70.0,6655.0,6720.0,6655.0,22.0
2015.08.03,6650.0,-35.0,6665.0,6665.0,6650.0,2.0
2015.07.31,6685.0,-20.0,6665.0,6685.0,6650.0,226.0
2015.07.30,6705.0,-50.0,6745.0,6745.0,6705.0,72.0
2015.07.29,6755.0,30.0,6745.0,6760.0,6745.0,9.0
2015.07.28,6725.0,15.0,6670.0,6735.0,6670.0,2279.0
2015.07.27,6710.0,25.0,6625.0,6710.0,6625.0,221.0
2015.07.24,6685.0,-65.0,6685.0,6700.0,6670.0,701277.0
2015.07.23,6750.0,-5.0,6740.0,6750.0,6740.0,800027.0
2015.07.22,6755.0,-25.0,6765.0,6765.0,6735.0,9889.0
2015.07.21,6780.0,-30.0,6810.0,6810.0,6780.0,171.0
2015.07.20,6810.0,-35.0,6830.0,6830.0,6790.0,41041.0
2015.07.17,6845.0,-55.0,6825.0,6850.0,6825.0,4.0
2015.07.16,6900.0,70.0,6845.0,6900.0,6845.0,1003.0
2015.07.15,6830.0,-5.0,6815.0,6830.0,6815.0,3001001.0
2015.07.14,6835.0,-40.0,6880.0,6890.0,6825.0,1501.0
2015.07.13,6875.0,70.0,6800.0,6875.0,6800.0,582.0
2015.07.10,6805.0,15.0,6815.0,6835.0,6785.0,635.0
2015.07.09,6790.0,-25.0,6735.0,6805.0,6730.0,7858.0
2015.07.08,6815.0,-40.0,6860.0,6870.0,6805.0,8124.0
2015.07.07,6855.0,35.0,6835.0,6855.0,6825.0,20476.0
2015.07.06,6820.0,-125.0,6895.0,6895.0,6820.0,544.0
2015.07.03,6945.0,-65.0,6995.0,6995.0,6945.0,3089.0
2015.07.02,7010.0,-10.0,7015.0,7020.0,6970.0,23171.0
2015.07.01,7020.0,65.0,6950.0,7025.0,6930.0,46886.0
2015.06.30,6955.0,30.0,6930.0,6955.0,6905.0,23341.0
2015.06.29,6925.0,-80.0,6915.0,6940.0,6875.0,1591256.0
2015.06.26,7005.0,25.0,6960.0,7010.0,6955.0,25836.0
