날짜,종가,전일비,시가,고가,저가,거래량
2026.07.15,16090.0,715.0,15830.0,16140.0,15740.0,1355.0
2026.07.14,15375.0,-245.0,15615.0,15655.0,14975.0,162.0
2026.07.13,15620.0,-675.0,16235.0,16235.0,15620.0,484.0
2026.07.10,16295.0,535.0,16005.0,16295.0,16005.0,266.0
2026.07.09,15760.0,-360.0,16385.0,16410.0,15670.0,720.0
2026.07.08,16120.0,-25.0,16145.0,16435.0,16120.0,177.0
2026.07.07,16145.0,-575.0,16335.0,16760.0,15760.0,950.0
2026.07.06,16720.0,230.0,16990.0,17135.0,16465.0,173.0
2026.07.03,16490.0,555.0,15935.0,16490.0,15935.0,258.0
2026.07.02,15935.0,-1075.0,16585.0,16605.0,15935.0,723.0
2026.07.01,17010.0,5.0,17165.0,17165.0,16790.0,22.0
2026.06.30,17005.0,700.0,16795.0,17015.0,16530.0,99.0
2026.06.29,16305.0,-95.0,16480.0,16515.0,16010.0,580.0
2026.06.26,16400.0,-915.0,17430.0,17430.0,15920.0,1836.0
2026.06.25,17315.0,430.0,16980.0,17315.0,16980.0,121.0
2026.06.24,16885.0,-485.0,17675.0,17675.0,16430.0,1103.0
2026.06.23,17370.0,-985.0,18110.0,18170.0,17370.0,2104.0
2026.06.22,18355.0,560.0,17775.0,18360.0,17775.0,156.0
2026.06.19,17795.0,-580.0,18375.0,18650.0,17730.0,658.0
2026.06.18,18375.0,525.0,17850.0,18430.0,17850.0,253.0
2026.06.17,17850.0,-30.0,17880.0,17880.0,17725.0,624.0
2026.06.16,17880.0,80.0,17805.0,17890.0,17805.0,32.0
2026.06.15,17800.0,1015.0,17125.0,17885.0,17125.0,1250.0
2026.06.12,16785.0,1085.0,15700.0,16940.0,15700.0,214.0
2026.06.11,15700.0,-220.0,15615.0,15735.0,15035.0,238.0
2026.06.10,15920.0,-565.0,16690.0,16690.0,15740.0,470.0
2026.06.09,16485.0,575.0,15910.0,16485.0,15875.0,173.0
2026.06.08,15910.0,-1220.0,16875.0,16875.0,15615.0,243.0
2026.06.05,17130.0,-695.0,17480.0,17480.0,16945.0,114.0
2026.06.04,17825.0,-175.0,18300.0,18300.0,17525.0,1302.0
2026.06.02,18000.0,-150.0,18150.0,18150.0,17585.0,1604.0
2026.06.01,18150.0,560.0,17665.0,18395.0,17635.0,1053.0
2026.05.29,17590.0,570.0,17090.0,17645.0,17090.0,645.0
2026.05.28,17020.0,-610.0,17665.0,17665.0,16545.0,841.0
2026.05.27,17630.0,870.0,17305.0,17990.0,17125.0,1423.0
2026.05.26,16760.0,320.0,16880.0,16955.0,16735.0,203.0
2026.05.22,16440.0,390.0,16415.0,16450.0,16180.0,415.0
2026.05.21,16050.0,730.0,15290.0,16340.0,15290.0,1713.0
2026.05.20,15320.0,-245.0,15455.0,15530.0,14985.0,1994.0
2026.05.19,15565.0,-110.0,15940.0,15965.0,15190.0,1533.0
2026.05.18,15675.0,-705.0,15695.0,16150.0,15535.0,1229.0
2026.05.15,16380.0,-150.0,16870.0,17115.0,15735.0,279.0
2026.05.14,16530.0,-15.0,16875.0,16875.0,16530.0,304.0
2026.05.13,16545.0,-235.0,16315.0,17035.0,16315.0,353.0
2026.05.12,16780.0,-525.0,18180.0,18180.0,16635.0,1357.0
2026.05.11,17305.0,375.0,16930.0,17345.0,16875.0,857.0
2026.05.08,16930.0,-405.0,17420.0,17420.0,16715.0,1242.0
2026.05.07,17335.0,980.0,16800.0,17335.0,16555.0,1558.0
2026.05.06,16355.0,835.0,15800.0,16740.0,15800.0,1957.0
2026.05.04,15520.0,925.0,15165.0,15520.0,14825.0,1317.0
2026.04.30,14595.0,-325.0,15265.0,15265.0,14595.0,464.0
2026.04.29,14920.0,-455.0,15285.0,15285.0,14770.0,1140.0
2026.04.28,15375.0,-110.0,15790.0,15790.0,15120.0,1309.0
2026.04.27,15485.0,495.0,14990.0,15575.0,14990.0,874.0
2026.04.24,14990.0,25.0,14965.0,14990.0,14525.0,692.0
2026.04.23,14965.0,-240.0,14795.0,15195.0,14460.0,479.0
2026.04.22,15205.0,-215.0,15000.0,15270.0,14815.0,1310.0
2026.04.21,15420.0,670.0,15015.0,15420.0,15015.0,882.0
2026.04.20,14750.0,-90.0,14840.0,14840.0,14720.0,297.0
2026.04.17,14840.0,20.0,14575.0,14840.0,14570.0,699.0
2026.04.16,14820.0,270.0,14795.0,14820.0,14750.0,998.0
2026.04.15,14550.0,495.0,14605.0,14870.0,14210.0,2260.0
2026.04.14,14055.0,525.0,13850.0,14175.0,13850.0,3791.0
2026.04.13,13530.0,-275.0,13470.0,13770.0,13470.0,919.0
2026.04.10,13805.0,455.0,13450.0,13845.0,13450.0,949.0
2026.04.09,13350.0,20.0,13405.0,13655.0,13295.0,1234.0
2026.04.08,13330.0,1140.0,12420.0,13355.0,12420.0,1416.0
2026.04.07,12190.0,-25.0,12300.0,12300.0,12090.0,238.0
2026.04.06,12215.0,75.0,12140.0,12225.0,12110.0,17.0
2026.04.03,12140.0,95.0,12045.0,12225.0,12045.0,70.0
2026.04.02,12045.0,-275.0,12380.0,12380.0,11740.0,86.0
2026.04.01,12320.0,955.0,11365.0,12320.0,11365.0,303.0
2026.03.31,11365.0,-380.0,11575.0,11575.0,11315.0,268.0
2026.03.30,11745.0,-160.0,12425.0,12425.0,11635.0,224.0
2026.03.27,11905.0,-195.0,11880.0,12215.0,11845.0,227.0
2026.03.26,12100.0,-430.0,12550.0,12590.0,12075.0,2827.0
2026.03.25,12530.0,305.0,12340.0,12550.0,12340.0,278.0
2026.03.24,12225.0,430.0,11795.0,12225.0,11795.0,2104.0
2026.03.23,11795.0,-935.0,12630.0,12630.0,11600.0,1152.0
2026.03.20,12730.0,-230.0,12855.0,12910.0,12630.0,132.0
2026.03.19,12960.0,-705.0,13310.0,13315.0,12855.0,476.0
2026.03.18,13665.0,570.0,13095.0,13665.0,13095.0,229.0
2026.03.17,13095.0,315.0,12735.0,13135.0,12735.0,108.0
2026.03.16,12780.0,-125.0,12610.0,12975.0,12400.0,620.0
2026.03.13,12905.0,-385.0,12990.0,13055.0,12850.0,607.0
2026.03.12,13290.0,-440.0,13470.0,13470.0,13125.0,521.0
2026.03.11,13730.0,510.0,13220.0,13855.0,13220.0,271.0
2026.03.10,13220.0,940.0,12280.0,13220.0,12280.0,360.0
2026.03.09,12280.0,-1205.0,12920.0,12950.0,12165.0,855.0
2026.03.06,13485.0,105.0,13420.0,13495.0,13155.0,93.0
2026.03.05,13380.0,695.0,13165.0,13680.0,12955.0,1258.0
2026.03.04,12685.0,-1415.0,13995.0,13995.0,12345.0,1842.0
2026.03.03,14100.0,-1340.0,14815.0,14815.0,13845.0,1423.0
2026.02.27,15440.0,55.0,14820.0,15620.0,14820.0,3388.0
2026.02.26,15385.0,-180.0,15700.0,15785.0,15385.0,1694.0
2026.02.25,15565.0,600.0,14965.0,15565.0,14965.0,629.0
2026.02.24,14965.0,125.0,15045.0,15045.0,14610.0,1237.0
2026.02.23,14840.0,520.0,14320.0,14870.0,14320.0,1343.0
2026.02.20,14320.0,-305.0,14625.0,14625.0,14250.0,998.0
2026.02.19,14625.0,20.0,14595.0,14680.0,14590.0,454.0
2026.02.13,14605.0,170.0,14550.0,14790.0,14545.0,917.0
2026.02.12,14435.0,-210.0,14720.0,14720.0,14395.0,1320.0
2026.02.11,14645.0,495.0,14150.0,14645.0,14150.0,1594.0
2026.02.10,14150.0,360.0,13925.0,14165.0,13925.0,744.0
2026.02.09,13790.0,660.0,13130.0,13900.0,13130.0,389.0
2026.02.06,13130.0,-125.0,13300.0,13300.0,13045.0,1876.0
2026.02.05,13255.0,-570.0,13825.0,13825.0,13235.0,1391.0
2026.02.04,13825.0,15.0,13810.0,14110.0,13730.0,824.0
2026.02.03,13810.0,535.0,13530.0,13810.0,13290.0,2513.0
2026.02.02,13275.0,-630.0,14165.0,14165.0,12945.0,3240.0
2026.01.30,13905.0,-670.0,14575.0,14575.0,13905.0,1279.0
2026.01.29,14575.0,400.0,14300.0,14680.0,14300.0,1579.0
2026.01.28,14175.0,190.0,14000.0,14225.0,14000.0,1844.0
2026.01.27,13985.0,320.0,13370.0,13985.0,13295.0,1070.0
2026.01.26,13665.0,220.0,13735.0,13735.0,13445.0,2740.0
2026.01.23,13445.0,270.0,13425.0,13445.0,13170.0,640.0
2026.01.22,13175.0,340.0,12835.0,13370.0,12835.0,755.0
2026.01.21,12835.0,-385.0,13160.0,13160.0,12770.0,573.0
2026.01.20,13220.0,65.0,12955.0,13240.0,12905.0,352.0
2026.01.19,13155.0,-145.0,13300.0,13305.0,12930.0,586.0
2026.01.16,13300.0,225.0,12825.0,13350.0,12825.0,509.0
2026.01.15,13075.0,-65.0,13235.0,13235.0,12850.0,466.0
2026.01.14,13140.0,290.0,13055.0,13195.0,13040.0,3067.0
2026.01.13,12850.0,60.0,12790.0,12930.0,12685.0,1053.0
2026.01.12,12790.0,390.0,12530.0,12825.0,12530.0,614.0
2026.01.09,12400.0,-285.0,12665.0,12665.0,12375.0,1037.0
2026.01.08,12685.0,140.0,12585.0,12750.0,12585.0,761.0
2026.01.07,12545.0,-115.0,12720.0,13055.0,12495.0,2424.0
2026.01.06,12660.0,100.0,12560.0,12705.0,12340.0,102.0
2026.01.05,12560.0,800.0,12105.0,12560.0,10910.0,2660.0
2026.01.02,11760.0,245.0,11670.0,12180.0,11670.0,626.0
2025.12.30,11515.0,-165.0,11485.0,11680.0,11410.0,2201.0
2025.12.29,11680.0,55.0,11625.0,12110.0,11625.0,953.0
2025.12.26,11740.0,90.0,11610.0,11740.0,11550.0,1496.0
2025.12.24,11650.0,150.0,11485.0,11650.0,11455.0,706.0
2025.12.23,11500.0,260.0,11320.0,11545.0,11320.0,71.0
2025.12.22,11240.0,75.0,11400.0,11400.0,11175.0,1674.0
2025.12.19,11165.0,120.0,11040.0,11165.0,11040.0,363.0
2025.12.18,11045.0,-35.0,11055.0,11080.0,11045.0,524.0
2025.12.17,11080.0,-90.0,11130.0,11140.0,10780.0,111.0
2025.12.16,11170.0,-260.0,11410.0,11410.0,11170.0,154.0
2025.12.15,11430.0,-155.0,11580.0,11580.0,11130.0,76.0
2025.12.12,11585.0,50.0,11785.0,11810.0,11440.0,121.0
2025.12.11,11535.0,85.0,11555.0,11625.0,11440.0,126.0
2025.12.10,11450.0,195.0,11475.0,11475.0,11285.0,111.0
2025.12.09,11255.0,-230.0,11475.0,11480.0,11220.0,159.0
2025.12.08,11485.0,50.0,11485.0,11485.0,11485.0,27.0
2025.12.05,11435.0,-20.0,11450.0,11450.0,11225.0,1112.0
2025.12.04,11455.0,0.0,11445.0,11455.0,11425.0,11.0
2025.12.03,11455.0,205.0,11415.0,11455.0,11415.0,26.0
2025.12.02,11250.0,135.0,11330.0,11330.0,11250.0,37.0
2025.12.01,11115.0,-330.0,11445.0,11670.0,11045.0,304.0
2025.11.28,11445.0,35.0,11415.0,11445.0,11215.0,106.0
2025.11.27,11410.0,60.0,11250.0,11415.0,11215.0,96.0
2025.11.26,11350.0,225.0,11330.0,11415.0,11330.0,39.0
2025.11.25,11125.0,120.0,11040.0,11340.0,11005.0,54.0
2025.11.24,11005.0,95.0,10900.0,11030.0,10900.0,35.0
2025.11.21,10910.0,-640.0,11010.0,11010.0,10840.0,314.0
2025.11.20,11550.0,335.0,11215.0,11580.0,11200.0,129.0
2025.11.19,11215.0,-165.0,11380.0,11470.0,11215.0,70.0
2025.11.18,11380.0,-285.0,11555.0,11700.0,11345.0,106.0
2025.11.17,11665.0,15.0,11865.0,11880.0,11665.0,268.0
2025.11.14,11650.0,-475.0,11820.0,12205.0,11540.0,140.0
2025.11.13,12125.0,60.0,12065.0,12125.0,11845.0,42.0
2025.11.12,12065.0,125.0,11940.0,12065.0,11930.0,1312.0
2025.11.11,11940.0,105.0,11890.0,11970.0,11840.0,22.0
2025.11.10,11835.0,45.0,11675.0,11850.0,11640.0,98.0
2025.11.07,11790.0,-105.0,11830.0,11830.0,11490.0,1299.0
2025.11.06,11895.0,460.0,11710.0,11970.0,11685.0,308.0
2025.11.05,11435.0,-475.0,11770.0,11770.0,11260.0,390.0
2025.11.04,11910.0,-275.0,12185.0,12185.0,11910.0,52.0
2025.11.03,12185.0,5.0,12180.0,12185.0,11820.0,286.0
2025.10.31,12180.0,-55.0,12060.0,12215.0,12030.0,1735.0
2025.10.30,12235.0,55.0,12210.0,12370.0,11945.0,1019.0
2025.10.29,12180.0,255.0,12140.0,12210.0,12115.0,337.0
2025.10.28,11925.0,-50.0,12045.0,12080.0,11925.0,138.0
2025.10.27,11975.0,215.0,11890.0,12095.0,11890.0,267.0
2025.10.24,11760.0,190.0,11670.0,11760.0,11580.0,521.0
2025.10.23,11570.0,-100.0,11445.0,11570.0,11445.0,1133.0
2025.10.22,11670.0,-125.0,11630.0,11800.0,11570.0,171.0
2025.10.21,11795.0,475.0,11510.0,11915.0,11510.0,1273.0
2025.10.20,11320.0,100.0,11240.0,11405.0,11175.0,602.0
2025.10.17,11220.0,-220.0,11415.0,11420.0,11030.0,750.0
2025.10.16,11440.0,120.0,11320.0,11490.0,11320.0,236.0
2025.10.15,11320.0,455.0,10870.0,11320.0,10870.0,882.0
2025.10.14,10865.0,-5.0,10910.0,11325.0,10650.0,1727.0
2025.10.13,10870.0,-445.0,10980.0,11045.0,10605.0,1706.0
2025.10.10,11315.0,75.0,11290.0,11420.0,11290.0,77.0
2025.10.02,11240.0,410.0,11005.0,11245.0,11005.0,775.0
2025.10.01,10830.0,-210.0,11065.0,11070.0,10830.0,146.0
2025.09.30,11040.0,-5.0,11085.0,11090.0,11040.0,16.0
2025.09.29,11045.0,190.0,10850.0,11110.0,10845.0,425.0
2025.09.26,10855.0,-135.0,10900.0,10900.0,10555.0,905.0
2025.09.25,10990.0,5.0,10995.0,10995.0,10990.0,7.0
2025.09.24,10985.0,45.0,10855.0,10995.0,10855.0,21.0
2025.09.23,10940.0,35.0,10815.0,11290.0,10815.0,1076.0
2025.09.22,10905.0,-75.0,10965.0,10965.0,10760.0,1278.0
2025.09.19,10980.0,185.0,10880.0,10980.0,10855.0,479.0
2025.09.18,10795.0,-145.0,10975.0,10980.0,10795.0,597.0
2025.09.17,10940.0,140.0,10810.0,10950.0,10810.0,165.0
2025.09.16,10800.0,85.0,10665.0,10800.0,10500.0,783.0
2025.09.15,10715.0,-5.0,10535.0,10715.0,10535.0,179.0
2025.09.12,10720.0,295.0,10615.0,10860.0,10560.0,578.0
2025.09.11,10425.0,105.0,10300.0,10425.0,10225.0,446.0
2025.09.10,10320.0,220.0,10115.0,10330.0,10115.0,453.0
2025.09.09,10100.0,50.0,10310.0,10310.0,10020.0,876.0
2025.09.08,10050.0,130.0,9980.0,10155.0,9980.0,170.0
2025.09.05,9920.0,35.0,9905.0,9920.0,9885.0,386.0
2025.09.04,9885.0,125.0,9765.0,10005.0,9765.0,346.0
2025.09.03,9760.0,-5.0,9765.0,9765.0,9760.0,10.0
2025.09.02,9765.0,0.0,9675.0,9765.0,9675.0,12.0
2025.09.01,9765.0,0.0,9765.0,9765.0,9625.0,146.0
2025.08.29,9765.0,-15.0,9810.0,9955.0,9765.0,1170.0
2025.08.28,9780.0,-205.0,9845.0,9845.0,9600.0,429.0
2025.08.27,9985.0,-50.0,9885.0,10110.0,9810.0,513.0
2025.08.26,10035.0,35.0,10115.0,10115.0,9800.0,187.0
2025.08.25,10000.0,130.0,9960.0,10000.0,9935.0,1512.0
2025.08.22,9870.0,60.0,9635.0,9870.0,9605.0,56.0
2025.08.21,9810.0,80.0,9785.0,9885.0,9785.0,762.0
2025.08.20,9730.0,-10.0,9735.0,9735.0,9605.0,22.0
2025.08.19,9740.0,-160.0,9945.0,9945.0,9740.0,1240.0
2025.08.18,9900.0,-45.0,9920.0,9920.0,9900.0,8.0
2025.08.14,9945.0,65.0,9960.0,9980.0,9445.0,498.0
2025.08.13,9880.0,240.0,9705.0,9880.0,9685.0,476.0
2025.08.12,9640.0,-5.0,9635.0,9715.0,9635.0,9.0
2025.08.11,9645.0,-15.0,9650.0,9660.0,9225.0,97.0
2025.08.08,9660.0,10.0,9650.0,9670.0,9650.0,13.0
2025.08.07,9650.0,85.0,9565.0,9660.0,9565.0,502.0
2025.08.06,9565.0,-15.0,9560.0,9565.0,9560.0,7.0
2025.08.05,9580.0,375.0,9360.0,9610.0,9360.0,171.0
2025.08.04,9205.0,-50.0,9125.0,9395.0,9105.0,792.0
2025.08.01,9255.0,-365.0,9470.0,9475.0,9220.0,287.0
2025.07.31,9620.0,0.0,9615.0,9620.0,9580.0,75.0
2025.07.30,9620.0,-40.0,9515.0,9660.0,9515.0,244.0
2025.07.29,9660.0,-150.0,9665.0,9665.0,9510.0,315.0
2025.07.28,9810.0,25.0,9855.0,9855.0,9615.0,2410.0
2025.07.25,9785.0,-165.0,9940.0,9940.0,9635.0,265.0
2025.07.24,9950.0,265.0,9785.0,10005.0,9785.0,801.0
2025.07.23,9685.0,0.0,9615.0,9685.0,9600.0,59.0
2025.07.22,9685.0,0.0,9860.0,9860.0,9520.0,469.0
2025.07.21,9685.0,135.0,9455.0,9730.0,9455.0,406.0
2025.07.18,9550.0,35.0,9505.0,9550.0,9400.0,2910.0
2025.07.17,9515.0,40.0,9475.0,9515.0,9325.0,955.0
2025.07.16,9475.0,95.0,9405.0,9475.0,9365.0,658.0
2025.07.15,9380.0,0.0,9385.0,9385.0,9380.0,8.0
2025.07.14,9380.0,45.0,9400.0,9400.0,9375.0,102.0
2025.07.11,9335.0,30.0,9310.0,9350.0,9310.0,68.0
2025.07.10,9305.0,0.0,9310.0,9330.0,9280.0,19.0
2025.07.09,9305.0,50.0,9255.0,9345.0,9115.0,1038.0
2025.07.08,9255.0,50.0,9295.0,9295.0,9160.0,179.0
2025.07.07,9205.0,-175.0,9380.0,9380.0,9150.0,706.0
2025.07.04,9380.0,5.0,9325.0,9405.0,9325.0,221.0
2025.07.03,9375.0,70.0,9300.0,9375.0,9295.0,195.0
2025.07.02,9305.0,-60.0,9355.0,9360.0,9165.0,366.0
2025.07.01,9365.0,160.0,9270.0,9395.0,9250.0,259.0
2025.06.30,9205.0,-180.0,9415.0,9420.0,9140.0,742.0
2025.06.27,9385.0,170.0,9295.0,9390.0,9295.0,566.0
2025.06.26,9215.0,10.0,9295.0,9495.0,9095.0,507.0
2025.06.25,9205.0,240.0,9025.0,9205.0,9025.0,11122.0
2025.06.24,8965.0,315.0,8710.0,8965.0,8710.0,1542.0
2025.06.23,8650.0,30.0,8695.0,8695.0,8445.0,224.0
2025.06.20,8620.0,-45.0,8835.0,8835.0,8620.0,77.0
2025.06.19,8665.0,-215.0,8865.0,8865.0,8575.0,140.0
2025.06.18,8880.0,-80.0,8825.0,8880.0,8825.0,48.0
2025.06.17,8960.0,65.0,8975.0,8975.0,8960.0,7.0
2025.06.16,8895.0,60.0,8995.0,9035.0,8670.0,217.0
2025.06.13,8835.0,-90.0,9000.0,9100.0,8760.0,666.0
2025.06.12,8925.0,-165.0,9090.0,9090.0,8845.0,644.0
2025.06.11,9090.0,285.0,9295.0,9315.0,8830.0,1374.0
2025.06.10,8805.0,-105.0,9020.0,9020.0,8735.0,2236.0
2025.06.09,8910.0,385.0,8665.0,8920.0,8665.0,1338.0
2025.06.05,8525.0,90.0,8480.0,8600.0,8440.0,174.0
2025.06.04,8435.0,155.0,8280.0,8450.0,8280.0,174.0
2025.06.02,8280.0,-150.0,8570.0,8575.0,8260.0,204.0
2025.05.30,8430.0,-75.0,8505.0,8505.0,8290.0,799.0
2025.05.29,8505.0,20.0,8480.0,8505.0,8470.0,37.0
2025.05.28,8485.0,-65.0,8660.0,8770.0,8235.0,357.0
2025.05.27,8550.0,-25.0,8490.0,8580.0,8470.0,44.0
2025.05.26,8575.0,20.0,8620.0,8625.0,8465.0,216.0
2025.05.23,8555.0,115.0,8325.0,8600.0,8325.0,852.0
2025.05.22,8440.0,-115.0,8580.0,8600.0,8375.0,203.0
2025.05.21,8555.0,20.0,8595.0,8595.0,8540.0,49.0
2025.05.20,8535.0,0.0,8600.0,8675.0,8480.0,1187.0
2025.05.19,8535.0,5.0,8600.0,8645.0,8345.0,519.0
2025.05.16,8530.0,35.0,8580.0,8600.0,8485.0,741.0
2025.05.15,8495.0,-15.0,8515.0,8585.0,8475.0,916.0
2025.05.14,8510.0,165.0,8375.0,8510.0,8235.0,663.0
2025.05.13,8345.0,25.0,8320.0,8370.0,8305.0,90.0
2025.05.12,8320.0,230.0,7970.0,8320.0,7730.0,2546.0
2025.05.09,8090.0,-25.0,8110.0,8110.0,7970.0,781.0
2025.05.08,8115.0,10.0,8105.0,8155.0,8020.0,360.0
2025.05.07,8105.0,175.0,7970.0,8160.0,7970.0,807.0
2025.05.02,7930.0,265.0,7715.0,7930.0,7495.0,794.0
2025.04.30,7665.0,45.0,7620.0,7665.0,7580.0,53.0
2025.04.29,7620.0,150.0,7470.0,7710.0,7465.0,326.0
2025.04.28,7470.0,-15.0,7485.0,7485.0,7320.0,106.0
2025.04.25,7485.0,225.0,7350.0,7485.0,7025.0,254.0
2025.04.24,7260.0,-80.0,7255.0,7305.0,7255.0,47.0
2025.04.23,7340.0,145.0,7195.0,7340.0,7180.0,439.0
2025.04.22,7195.0,60.0,7130.0,7195.0,7130.0,30.0
2025.04.21,7135.0,-15.0,7015.0,7135.0,7015.0,366.0
2025.04.18,7150.0,150.0,7020.0,7150.0,6880.0,333.0
2025.04.17,7000.0,85.0,7015.0,7015.0,6995.0,81.0
2025.04.16,6915.0,-155.0,6985.0,6985.0,6915.0,108.0
2025.04.15,7070.0,225.0,6915.0,7070.0,6915.0,859.0
2025.04.14,6845.0,130.0,6860.0,6865.0,6565.0,141.0
2025.04.11,6715.0,100.0,6580.0,6845.0,6540.0,233.0
2025.04.10,6615.0,515.0,6280.0,6615.0,6280.0,5175.0
2025.04.09,6100.0,-200.0,6560.0,6560.0,6025.0,863.0
2025.04.08,6300.0,100.0,6200.0,7130.0,6200.0,966.0
2025.04.07,6200.0,-1450.0,7590.0,7590.0,6200.0,1812.0
2025.04.04,7650.0,-145.0,7795.0,7795.0,7630.0,63.0
2025.04.03,7795.0,-160.0,7810.0,7912.0,7720.0,66.0
2025.04.02,7955.0,110.0,7985.0,7990.0,7700.0,187.0
2025.04.01,7845.0,50.0,7795.0,7990.0,7795.0,818.0
2025.03.31,7795.0,-285.0,8000.0,8000.0,7710.0,703.0
2025.03.28,8080.0,-155.0,8175.0,8175.0,8065.0,79.0
2025.03.27,8235.0,15.0,8155.0,8235.0,8070.0,34.0
2025.03.26,8220.0,-25.0,8265.0,8265.0,8220.0,13.0
2025.03.25,8245.0,90.0,8305.0,8305.0,8005.0,316.0
2025.03.24,8155.0,-155.0,8160.0,8430.0,8120.0,13565.0
2025.03.21,8310.0,-65.0,8345.0,8390.0,8215.0,325.0
2025.03.20,8375.0,75.0,8385.0,8390.0,8275.0,551.0
2025.03.19,8300.0,10.0,8375.0,8480.0,8300.0,11175.0
2025.03.18,8290.0,125.0,8315.0,8315.0,8210.0,6553.0
2025.03.17,8165.0,225.0,8095.0,8245.0,8075.0,4636.0
2025.03.14,7940.0,190.0,7750.0,7940.0,7750.0,153.0
2025.03.13,7750.0,-285.0,8115.0,8115.0,7750.0,648.0
2025.03.12,8035.0,90.0,8095.0,8260.0,8030.0,376.0
2025.03.11,7945.0,-140.0,8000.0,8000.0,7710.0,250.0
2025.03.10,8085.0,175.0,8050.0,8185.0,7910.0,197.0
2025.03.07,7910.0,-200.0,8150.0,8155.0,7910.0,4489.0
2025.03.06,8110.0,160.0,8000.0,8110.0,8000.0,555.0
2025.03.05,7950.0,45.0,7765.0,7975.0,7665.0,10652.0
2025.03.04,7905.0,105.0,7770.0,8150.0,7770.0,560.0
2025.02.28,7800.0,-440.0,8095.0,8095.0,7790.0,10646.0
2025.02.27,8240.0,-160.0,8400.0,8485.0,8030.0,842.0
2025.02.26,8400.0,75.0,8180.0,8470.0,8080.0,5029.0
2025.02.25,8325.0,0.0,8375.0,8375.0,8130.0,5267.0
2025.02.24,8325.0,-160.0,8550.0,8550.0,8030.0,1958.0
2025.02.21,8485.0,115.0,8370.0,8520.0,8325.0,690.0
2025.02.20,8370.0,-55.0,8485.0,8485.0,8175.0,901.0
2025.02.19,8425.0,140.0,8370.0,8590.0,8300.0,2176.0
2025.02.18,8285.0,160.0,8345.0,8345.0,8190.0,2641.0
2025.02.17,8125.0,40.0,8085.0,8145.0,7955.0,81.0
2025.02.14,8085.0,-35.0,8120.0,8120.0,7850.0,1292.0
2025.02.13,8120.0,305.0,7870.0,8120.0,7870.0,2264.0
2025.02.12,7815.0,-125.0,8020.0,8085.0,7730.0,2182.0
2025.02.11,7940.0,40.0,7895.0,8035.0,7895.0,3196.0
2025.02.10,7900.0,-5.0,7905.0,7905.0,7825.0,503.0
2025.02.07,7905.0,215.0,7750.0,7960.0,7730.0,1495.0
2025.02.06,7690.0,35.0,7745.0,7750.0,7690.0,240.0
2025.02.05,7655.0,45.0,7740.0,7745.0,7365.0,971.0
2025.02.04,7610.0,10.0,7350.0,7740.0,7350.0,755.0
2025.02.03,7600.0,-85.0,7685.0,7685.0,7485.0,1405.0
2025.01.31,7685.0,60.0,7665.0,7685.0,7645.0,1242.0
2025.01.24,7625.0,5.0,7620.0,7660.0,7620.0,737.0
2025.01.23,7620.0,-5.0,7625.0,7625.0,7620.0,3.0
2025.01.22,7625.0,0.0,7625.0,7625.0,7625.0,37.0
2025.01.21,7625.0,175.0,7520.0,7625.0,7300.0,234.0
2025.01.20,7450.0,30.0,7420.0,7450.0,7345.0,6.0
2025.01.17,7420.0,70.0,7300.0,7420.0,7260.0,72.0
2025.01.16,7350.0,120.0,7390.0,7660.0,7040.0,3069.0
2025.01.15,7230.0,-5.0,7240.0,7245.0,7195.0,233.0
2025.01.14,7235.0,110.0,7125.0,7250.0,7125.0,100.0
2025.01.13,7125.0,-250.0,7365.0,7365.0,7010.0,495.0
2025.01.10,7375.0,-75.0,7485.0,7485.0,7375.0,98.0
2025.01.09,7450.0,-100.0,7420.0,7525.0,7420.0,121.0
2025.01.08,7550.0,-90.0,7395.0,7605.0,7390.0,102.0
2025.01.07,7640.0,30.0,7610.0,7695.0,7550.0,1052.0
2025.01.06,7610.0,25.0,7600.0,7680.0,7600.0,441.0
2025.01.03,7585.0,195.0,7390.0,7655.0,7390.0,302.0
2025.01.02,7390.0,-190.0,7495.0,7510.0,7325.0,345.0
2024.12.30,7580.0,-100.0,7630.0,7630.0,7580.0,149.0
2024.12.27,7680.0,55.0,7740.0,7740.0,7505.0,1456.0
2024.12.26,7625.0,-130.0,7700.0,7780.0,7590.0,1505.0
2024.12.24,7755.0,40.0,7640.0,7900.0,7640.0,461.0
2024.12.23,7715.0,140.0,7570.0,7720.0,7540.0,488.0
2024.12.20,7575.0,-25.0,7590.0,7590.0,7510.0,109.0
2024.12.19,7600.0,-240.0,7550.0,7615.0,7435.0,509.0
2024.12.18,7840.0,-130.0,7830.0,7840.0,7815.0,435.0
2024.12.17,7970.0,-90.0,7970.0,8000.0,7850.0,170.0
2024.12.16,8060.0,40.0,8145.0,8145.0,8050.0,30.0
2024.12.13,8020.0,-130.0,8025.0,8025.0,8020.0,87.0
2024.12.12,8150.0,150.0,8000.0,8150.0,8000.0,57.0
2024.12.11,8000.0,-30.0,8020.0,8020.0,8000.0,32.0
2024.12.10,8030.0,185.0,8060.0,8120.0,8030.0,313.0
2024.12.09,7845.0,-150.0,7885.0,7985.0,7845.0,182.0
2024.12.06,7995.0,60.0,7975.0,7995.0,7950.0,25.0
2024.12.05,7935.0,65.0,7935.0,7945.0,7935.0,211.0
2024.12.04,7870.0,20.0,7715.0,7870.0,7715.0,554.0
2024.12.03,7850.0,150.0,7875.0,7875.0,7735.0,4.0
2024.12.02,7700.0,10.0,7785.0,7810.0,7665.0,313.0
2024.11.29,7690.0,-50.0,7730.0,7730.0,7655.0,62.0
2024.11.28,7740.0,-40.0,7745.0,7745.0,7740.0,25.0
2024.11.27,7780.0,-20.0,7805.0,7805.0,7700.0,129.0
2024.11.26,7800.0,-130.0,7875.0,7875.0,7710.0,196.0
2024.11.25,7930.0,140.0,7925.0,7960.0,7810.0,791.0
2024.11.22,7790.0,-115.0,7875.0,7905.0,7790.0,367.0
2024.11.21,7905.0,-60.0,7925.0,7925.0,7845.0,32.0
2024.11.20,7965.0,130.0,7825.0,7965.0,7825.0,385.0
2024.11.19,7835.0,-10.0,7825.0,7835.0,7820.0,180.0
2024.11.18,7845.0,70.0,7775.0,8185.0,7730.0,404.0
2024.11.15,7775.0,-120.0,7755.0,7825.0,7735.0,672.0
2024.11.14,7895.0,-90.0,7965.0,7965.0,7895.0,71.0
2024.11.13,7985.0,-210.0,8000.0,8030.0,7975.0,618.0
2024.11.12,8195.0,-235.0,8225.0,8315.0,8145.0,234.0
2024.11.11,8430.0,-330.0,8440.0,8440.0,8230.0,4568.0
2024.11.08,8760.0,355.0,8805.0,9030.0,8760.0,1676.0
2024.11.07,8405.0,40.0,8400.0,8415.0,8400.0,69.0
2024.11.06,8365.0,-140.0,8640.0,8640.0,8145.0,659.0
2024.11.05,8505.0,55.0,8415.0,8505.0,8415.0,11.0
2024.11.04,8450.0,115.0,8290.0,8935.0,8290.0,1057.0
2024.11.01,8335.0,45.0,8385.0,8385.0,8300.0,274.0
2024.10.31,8290.0,-200.0,8295.0,8315.0,8275.0,208.0
2024.10.30,8490.0,-50.0,8650.0,8660.0,8395.0,175.0
2024.10.29,8540.0,25.0,8535.0,8565.0,8530.0,123.0
2024.10.28,8515.0,-85.0,8605.0,8605.0,8410.0,297.0
2024.10.25,8600.0,0.0,8625.0,8625.0,8600.0,6.0
2024.10.24,8600.0,-255.0,8665.0,8665.0,8500.0,444.0
2024.10.23,8855.0,255.0,8630.0,8855.0,8630.0,853.0
2024.10.22,8600.0,-100.0,8630.0,8645.0,8465.0,256.0
2024.10.21,8700.0,-60.0,8850.0,8850.0,8680.0,118.0
2024.10.18,8760.0,10.0,8735.0,8785.0,8485.0,2007.0
2024.10.17,8750.0,-60.0,8785.0,8785.0,8615.0,203.0
2024.10.16,8810.0,-175.0,8705.0,9320.0,8680.0,1387.0
2024.10.15,8985.0,-55.0,9045.0,9080.0,8935.0,1145.0
2024.10.14,9040.0,280.0,8830.0,9040.0,8825.0,804.0
2024.10.11,8760.0,-15.0,8880.0,8880.0,8700.0,719.0
2024.10.10,8775.0,-50.0,8820.0,8875.0,8580.0,1911.0
2024.10.08,8825.0,-615.0,9465.0,9465.0,8640.0,5181.0
2024.10.07,9440.0,120.0,9400.0,9720.0,9320.0,2796.0
2024.10.04,9320.0,-35.0,9295.0,9320.0,9055.0,2202.0
2024.10.02,9355.0,285.0,9020.0,9445.0,8930.0,4302.0
2024.09.30,9070.0,70.0,9085.0,9085.0,8590.0,3173.0
2024.09.27,9000.0,85.0,9110.0,9310.0,8880.0,5722.0
2024.09.26,8915.0,225.0,8720.0,9130.0,8610.0,1531.0
2024.09.25,8690.0,315.0,8775.0,8790.0,8645.0,3977.0
2024.09.24,8375.0,295.0,8150.0,8375.0,8140.0,900.0
2024.09.23,8080.0,-60.0,8150.0,8150.0,8025.0,383.0
2024.09.20,8140.0,195.0,8040.0,8270.0,8040.0,605.0
2024.09.19,7945.0,195.0,7755.0,7945.0,7755.0,1272.0
2024.09.13,7750.0,30.0,7755.0,7755.0,7750.0,2.0
2024.09.12,7720.0,185.0,7700.0,7755.0,7535.0,521.0
2024.09.11,7535.0,10.0,7525.0,7565.0,7525.0,123.0
2024.09.10,7525.0,-95.0,7770.0,7770.0,7355.0,965.0
2024.09.09,7620.0,-135.0,7565.0,7635.0,7565.0,889.0
2024.09.06,7755.0,40.0,7770.0,7770.0,7755.0,33.0
2024.09.05,7715.0,110.0,7710.0,7720.0,7705.0,439.0
2024.09.04,7605.0,-245.0,7850.0,7850.0,7380.0,4451.0
2024.09.03,7850.0,-215.0,8040.0,8040.0,7850.0,189.0
2024.09.02,8065.0,-100.0,8120.0,8120.0,7940.0,599.0
2024.08.30,8165.0,205.0,8050.0,8390.0,7945.0,1535.0
2024.08.29,7960.0,-240.0,8080.0,8615.0,7920.0,1835.0
2024.08.28,8200.0,195.0,8035.0,8260.0,8035.0,1633.0
2024.08.27,8005.0,-210.0,8115.0,8115.0,7960.0,553.0
2024.08.26,8215.0,100.0,8240.0,8255.0,8210.0,360.0
2024.08.23,8115.0,-90.0,8145.0,8145.0,8000.0,1886.0
2024.08.22,8205.0,140.0,8080.0,8245.0,8080.0,1743.0
2024.08.21,8065.0,-175.0,8215.0,8215.0,7995.0,3155.0
2024.08.20,8240.0,225.0,8170.0,8250.0,8090.0,612.0
2024.08.19,8015.0,-60.0,8255.0,8255.0,8015.0,1877.0
2024.08.16,8075.0,340.0,7805.0,8110.0,7805.0,1192.0
2024.08.14,7735.0,100.0,7740.0,7740.0,7615.0,310.0
2024.08.13,7635.0,-20.0,7600.0,7635.0,7565.0,109.0
2024.08.12,7655.0,-25.0,7740.0,7740.0,7190.0,1071.0
2024.08.09,7680.0,265.0,7595.0,7695.0,7430.0,3268.0
2024.08.08,7415.0,-65.0,7240.0,7415.0,7235.0,285.0
2024.08.07,7480.0,120.0,7360.0,7480.0,7360.0,216.0
2024.08.06,7360.0,150.0,7595.0,7595.0,7200.0,1026.0
2024.08.05,7210.0,-390.0,7485.0,7485.0,7210.0,4421.0
2024.08.02,7600.0,-340.0,7665.0,7685.0,7555.0,1884.0
2024.08.01,7940.0,50.0,7930.0,7940.0,7925.0,85.0
2024.07.31,7890.0,40.0,7910.0,7910.0,7400.0,992.0
2024.07.30,7850.0,-180.0,7770.0,7965.0,7700.0,1622.0
2024.07.29,8030.0,190.0,8055.0,8055.0,7925.0,414.0
2024.07.26,7840.0,50.0,7790.0,7860.0,7790.0,85.0
2024.07.25,7790.0,-205.0,7935.0,7935.0,7600.0,1429.0
2024.07.24,7995.0,-50.0,7915.0,8615.0,7850.0,2277.0
2024.07.23,8045.0,210.0,7870.0,8065.0,7870.0,173.0
2024.07.22,7835.0,-305.0,8020.0,8020.0,7835.0,364.0
2024.07.19,8140.0,-135.0,8265.0,8265.0,7775.0,2331.0
2024.07.18,8275.0,165.0,8180.0,8315.0,7960.0,530.0
2024.07.17,8110.0,-380.0,8490.0,8490.0,8110.0,218.0
2024.07.16,8490.0,-50.0,8495.0,9025.0,8425.0,6861.0
2024.07.15,8540.0,-20.0,8570.0,8570.0,8535.0,26.0
2024.07.12,8560.0,5.0,8555.0,8565.0,7740.0,1237.0
2024.07.11,8555.0,245.0,8365.0,8560.0,8350.0,1175.0
2024.07.10,8310.0,-15.0,8265.0,8310.0,8250.0,2118.0
2024.07.09,8325.0,30.0,8375.0,8375.0,8265.0,782.0
2024.07.08,8295.0,50.0,8345.0,8345.0,8185.0,1038.0
2024.07.05,8245.0,100.0,8180.0,8250.0,8180.0,2370.0
2024.07.04,8145.0,125.0,8175.0,8185.0,8110.0,2030.0
2024.07.03,8020.0,15.0,8060.0,8060.0,7945.0,1705.0
2024.07.02,8005.0,-25.0,8045.0,8060.0,7930.0,1712.0
2024.07.01,8030.0,0.0,8030.0,8030.0,8030.0,2.0
2024.06.28,8030.0,70.0,8060.0,8060.0,8010.0,436.0
2024.06.27,7960.0,40.0,8010.0,8010.0,7865.0,229.0
2024.06.26,7920.0,-70.0,7995.0,7995.0,7865.0,939.0
2024.06.25,7990.0,70.0,8035.0,8070.0,7990.0,1286.0
2024.06.24,7920.0,-75.0,8010.0,8010.0,7920.0,18.0
2024.06.21,7995.0,-200.0,8180.0,8180.0,7655.0,975.0
2024.06.20,8195.0,45.0,8150.0,8205.0,8045.0,2824.0
2024.06.19,8150.0,120.0,8060.0,8150.0,8055.0,278.0
2024.06.18,8030.0,85.0,8040.0,8040.0,7865.0,2574.0
2024.06.17,7945.0,100.0,7870.0,7960.0,7785.0,221.0
2024.06.14,7845.0,-110.0,8045.0,8045.0,7765.0,495.0
2024.06.13,7955.0,115.0,7930.0,7980.0,7825.0,3760.0
2024.06.12,7840.0,0.0,7845.0,7845.0,7725.0,457.0
2024.06.11,7840.0,0.0,7840.0,7840.0,7800.0,113.0
2024.06.10,7840.0,-25.0,7805.0,7845.0,7800.0,200.0
2024.06.07,7865.0,170.0,7835.0,7910.0,7805.0,448.0
2024.06.05,7695.0,85.0,7610.0,7695.0,7610.0,115.0
2024.06.04,7610.0,-210.0,7735.0,7825.0,7610.0,200.0
2024.06.03,7820.0,210.0,7610.0,7835.0,7610.0,150.0
2024.05.31,7610.0,-105.0,7715.0,7735.0,7610.0,372.0
2024.05.30,7715.0,-265.0,7815.0,7830.0,7690.0,448.0
2024.05.29,7980.0,-170.0,8155.0,8155.0,7825.0,2019.0
2024.05.28,8150.0,95.0,8050.0,8150.0,8050.0,22.0
2024.05.27,8055.0,60.0,7995.0,8575.0,7995.0,3338.0
2024.05.24,7995.0,-115.0,8125.0,8125.0,7995.0,3831.0
2024.05.23,8110.0,-115.0,8225.0,8225.0,8030.0,5635.0
2024.05.22,8225.0,35.0,8290.0,8290.0,8095.0,1630.0
2024.05.21,8190.0,-90.0,8340.0,8345.0,8155.0,4529.0
2024.05.20,8280.0,115.0,8330.0,8345.0,8270.0,1074.0
2024.05.17,8165.0,-100.0,8330.0,8340.0,8130.0,2728.0
2024.05.16,8265.0,220.0,8120.0,8295.0,8120.0,2478.0
2024.05.14,8045.0,170.0,7970.0,8045.0,7915.0,2274.0
2024.05.13,7875.0,40.0,7900.0,7920.0,7805.0,4938.0
2024.05.10,7835.0,90.0,7810.0,7920.0,7810.0,230.0
2024.05.09,7745.0,45.0,7730.0,7840.0,7715.0,2568.0
2024.05.08,7700.0,-50.0,7610.0,7700.0,7610.0,3528.0
2024.05.07,7750.0,10.0,7815.0,7815.0,7715.0,917.0
2024.05.03,7740.0,200.0,7680.0,7825.0,7680.0,531.0
2024.05.02,7540.0,5.0,7535.0,7540.0,7395.0,1112.0
2024.04.30,7535.0,60.0,7475.0,7535.0,7475.0,109.0
2024.04.29,7475.0,130.0,7360.0,7475.0,7345.0,11300.0
2024.04.26,7345.0,170.0,7275.0,7355.0,7245.0,4887.0
2024.04.25,7175.0,-50.0,7160.0,7215.0,7060.0,1938.0
2024.04.24,7225.0,105.0,7195.0,7225.0,7195.0,1098.0
2024.04.23,7120.0,155.0,6990.0,7120.0,6990.0,1075.0
2024.04.22,6965.0,80.0,7035.0,7040.0,6930.0,10351.0
2024.04.19,6885.0,-335.0,7065.0,7065.0,6795.0,597.0
2024.04.18,7220.0,220.0,7075.0,7220.0,7075.0,201.0
2024.04.17,7000.0,-115.0,7080.0,7105.0,7000.0,224.0
2024.04.16,7115.0,-285.0,7300.0,7300.0,7115.0,531.0
2024.04.15,7400.0,-175.0,7350.0,7490.0,7275.0,4603.0
2024.04.12,7575.0,-15.0,7580.0,7580.0,7575.0,1045.0
2024.04.11,7590.0,-15.0,7740.0,7740.0,7580.0,1421.0
2024.04.09,7605.0,85.0,7615.0,7640.0,7595.0,3849.0
2024.04.08,7520.0,15.0,7575.0,7575.0,7520.0,52.0
2024.04.05,7505.0,-25.0,7530.0,7530.0,7385.0,485.0
2024.04.04,7530.0,100.0,7540.0,7645.0,7525.0,3955.0
2024.04.03,7430.0,-110.0,7560.0,7560.0,7405.0,470.0
2024.04.02,7540.0,50.0,7510.0,7540.0,7510.0,116.0
2024.04.01,7490.0,30.0,7520.0,7520.0,7475.0,1168.0
2024.03.29,7460.0,30.0,7530.0,7530.0,7385.0,172.0
2024.03.28,7430.0,0.0,7390.0,7430.0,7390.0,53.0
2024.03.27,7430.0,10.0,7500.0,7500.0,7315.0,119.0
2024.03.26,7420.0,-5.0,7560.0,7570.0,7335.0,2658.0
2024.03.25,7425.0,15.0,7475.0,7475.0,7375.0,235.0
2024.03.22,7410.0,-185.0,7550.0,7550.0,6990.0,389.0
2024.03.21,7595.0,265.0,7545.0,7600.0,7465.0,1315.0
2024.03.20,7330.0,-35.0,7350.0,7390.0,7275.0,437.0
2024.03.19,7365.0,-50.0,7370.0,7395.0,7285.0,3088.0
2024.03.18,7415.0,20.0,7415.0,7425.0,7360.0,1429.0
2024.03.15,7395.0,-165.0,7505.0,7505.0,7265.0,732.0
2024.03.14,7560.0,0.0,7610.0,7610.0,7455.0,560.0
2024.03.13,7560.0,20.0,7575.0,7635.0,7555.0,1940.0
2024.03.12,7540.0,120.0,7505.0,7555.0,7145.0,5470.0
2024.03.11,7420.0,20.0,7440.0,7440.0,7355.0,1255.0
2024.03.08,7400.0,45.0,7420.0,7455.0,7370.0,362.0
2024.03.07,7355.0,105.0,7295.0,7425.0,7295.0,318.0
2024.03.06,7250.0,-50.0,7235.0,7250.0,7135.0,322.0
2024.03.05,7300.0,-50.0,7330.0,7335.0,7125.0,692.0
2024.03.04,7350.0,225.0,7355.0,7415.0,7230.0,1007.0
2024.02.29,7125.0,-190.0,7185.0,7185.0,7040.0,1499.0
2024.02.28,7315.0,65.0,7335.0,7335.0,7205.0,257.0
2024.02.27,7250.0,0.0,7315.0,7315.0,7120.0,218.0
2024.02.26,7250.0,-150.0,7350.0,7350.0,7165.0,1244.0
2024.02.23,7400.0,110.0,7355.0,7420.0,7290.0,3236.0
2024.02.22,7290.0,-25.0,7235.0,7290.0,7220.0,402.0
2024.02.21,7315.0,185.0,7120.0,7345.0,7120.0,1815.0
2024.02.20,7130.0,0.0,7130.0,7130.0,7025.0,411.0
2024.02.19,7130.0,115.0,7020.0,7130.0,7020.0,570.0
2024.02.16,7015.0,145.0,7015.0,7015.0,6910.0,2338.0
2024.02.15,6870.0,65.0,6820.0,6880.0,6780.0,5412.0
2024.02.14,6805.0,-235.0,6715.0,6805.0,6650.0,1767.0
2024.02.13,7040.0,60.0,6945.0,7045.0,6945.0,522.0
2024.02.08,6980.0,80.0,6940.0,7055.0,6940.0,1411.0
2024.02.07,6900.0,95.0,6935.0,7000.0,6860.0,5955.0
2024.02.06,6805.0,0.0,6740.0,6805.0,6730.0,363.0
2024.02.05,6805.0,30.0,6745.0,6805.0,6550.0,151.0
2024.02.02,6775.0,100.0,6775.0,6775.0,6700.0,409.0
2024.02.01,6675.0,75.0,6600.0,6675.0,6570.0,161.0
2024.01.31,6600.0,-95.0,6660.0,6660.0,6550.0,272.0
2024.01.30,6695.0,-105.0,6815.0,6815.0,6690.0,36.0
2024.01.29,6800.0,80.0,6770.0,6800.0,6750.0,1522.0
2024.01.26,6720.0,-5.0,6720.0,6740.0,6645.0,661.0
2024.01.25,6725.0,120.0,6685.0,6725.0,6685.0,264.0
2024.01.24,6605.0,75.0,6660.0,6660.0,6555.0,174.0
2024.01.23,6530.0,20.0,6515.0,6530.0,6515.0,279.0
2024.01.22,6510.0,-40.0,6615.0,6615.0,6475.0,911.0
2024.01.19,6550.0,115.0,6535.0,6590.0,6510.0,353.0
2024.01.18,6435.0,-30.0,6420.0,6435.0,6410.0,459.0
2024.01.17,6465.0,-295.0,6680.0,6680.0,6425.0,2017.0
2024.01.16,6760.0,-20.0,6935.0,6935.0,6705.0,868.0
2024.01.15,6780.0,-160.0,6970.0,6970.0,6760.0,3398.0
2024.01.12,6940.0,35.0,6890.0,6940.0,6850.0,225.0
2024.01.11,6905.0,60.0,6890.0,6905.0,6800.0,2201.0
2024.01.10,6845.0,-100.0,6905.0,6905.0,6830.0,301.0
2024.01.09,6945.0,35.0,7030.0,7030.0,6930.0,193.0
2024.01.08,6910.0,-120.0,7060.0,7060.0,6910.0,420.0
2024.01.05,7030.0,75.0,6950.0,7050.0,6950.0,381.0
2024.01.04,6955.0,-155.0,7185.0,7185.0,6935.0,8280.0
2024.01.03,7110.0,-180.0,7090.0,7150.0,7010.0,3654.0
2024.01.02,7290.0,-5.0,7335.0,7355.0,7150.0,3769.0
2023.12.28,7295.0,165.0,7195.0,7320.0,7120.0,1888.0
2023.12.27,7130.0,130.0,7120.0,7130.0,6995.0,741.0
2023.12.26,7000.0,100.0,7040.0,7040.0,6990.0,423.0
2023.12.22,6900.0,-15.0,7085.0,7085.0,6900.0,457.0
2023.12.21,6915.0,-180.0,6895.0,6935.0,6895.0,710.0
2023.12.20,7095.0,160.0,7050.0,7095.0,7025.0,698.0
2023.12.19,6935.0,-105.0,6980.0,6980.0,6855.0,936.0
2023.12.18,7040.0,10.0,7080.0,7080.0,7010.0,120.0
2023.12.15,7030.0,230.0,6960.0,7080.0,6960.0,1623.0
2023.12.14,6800.0,190.0,6750.0,6800.0,6750.0,583.0
2023.12.13,6610.0,-75.0,6695.0,6735.0,6610.0,256.0
2023.12.12,6685.0,100.0,6785.0,6785.0,6660.0,72.0
2023.12.11,6585.0,-125.0,6745.0,6745.0,6585.0,1548.0
2023.12.08,6710.0,110.0,6695.0,6710.0,6695.0,602.0
2023.12.07,6600.0,-120.0,6660.0,6660.0,6600.0,644.0
2023.12.06,6720.0,65.0,6675.0,6725.0,6675.0,1028.0
2023.12.05,6655.0,-195.0,6810.0,6810.0,6655.0,4132.0
2023.12.04,6850.0,95.0,6765.0,6880.0,6765.0,88.0
2023.12.01,6755.0,-55.0,6825.0,6825.0,6750.0,1216.0
2023.11.30,6810.0,30.0,6775.0,6835.0,6770.0,797.0
2023.11.29,6780.0,-40.0,6855.0,6880.0,6780.0,484.0
2023.11.28,6820.0,80.0,6730.0,6820.0,6730.0,1879.0
2023.11.27,6740.0,-75.0,6820.0,6820.0,6730.0,1466.0
2023.11.24,6815.0,-110.0,6905.0,6905.0,6800.0,2241.0
2023.11.23,6925.0,115.0,6905.0,6925.0,6825.0,1471.0
2023.11.22,6810.0,-135.0,6885.0,6885.0,6780.0,2071.0
2023.11.21,6945.0,110.0,6850.0,7010.0,6850.0,8128.0
2023.11.20,6835.0,95.0,6865.0,6865.0,6790.0,1087.0
2023.11.17,6740.0,-90.0,6795.0,6795.0,6620.0,1885.0
2023.11.16,6830.0,170.0,6775.0,6835.0,6685.0,4640.0
2023.11.15,6660.0,245.0,6565.0,6660.0,6565.0,1481.0
2023.11.14,6415.0,-20.0,6450.0,6450.0,6390.0,3831.0
2023.11.13,6435.0,160.0,6390.0,6440.0,6390.0,3106.0
2023.11.10,6275.0,-190.0,6405.0,6405.0,6275.0,1248.0
2023.11.09,6465.0,10.0,6485.0,6485.0,6430.0,3127.0
2023.11.08,6455.0,-30.0,6505.0,6520.0,6455.0,579.0
2023.11.07,6485.0,-65.0,6550.0,6550.0,6430.0,1127.0
2023.11.06,6550.0,245.0,6390.0,6565.0,6355.0,900.0
2023.11.03,6305.0,145.0,6170.0,6305.0,6170.0,527.0
2023.11.02,6160.0,210.0,6105.0,6165.0,5995.0,790.0
2023.11.01,5950.0,20.0,5985.0,5985.0,5910.0,132.0
2023.10.31,5930.0,-50.0,6090.0,6095.0,5920.0,242.0
2023.10.30,5980.0,-100.0,6000.0,6000.0,5930.0,146.0
2023.10.27,6080.0,265.0,5985.0,6080.0,5920.0,194.0
2023.10.26,5815.0,-245.0,6060.0,6060.0,5810.0,635.0
2023.10.25,6060.0,65.0,6200.0,6240.0,6060.0,307.0
2023.10.24,5995.0,15.0,6070.0,6070.0,5930.0,1058.0
2023.10.23,5980.0,-95.0,6060.0,6060.0,5870.0,2371.0
2023.10.20,6075.0,-120.0,6165.0,6165.0,6075.0,101.0
2023.10.19,6195.0,-175.0,6310.0,6310.0,6195.0,248.0
2023.10.18,6370.0,-60.0,6425.0,6430.0,6370.0,133.0
2023.10.17,6430.0,100.0,6490.0,6495.0,6375.0,442.0
2023.10.16,6330.0,-170.0,6400.0,6400.0,6330.0,492.0
2023.10.13,6500.0,-95.0,6515.0,6515.0,6450.0,61.0
2023.10.12,6595.0,160.0,6435.0,6595.0,6435.0,188.0
2023.10.11,6435.0,170.0,6340.0,6435.0,6340.0,415.0
2023.10.10,6265.0,45.0,6335.0,6335.0,6250.0,7363.0
2023.10.06,6220.0,30.0,6195.0,6235.0,6195.0,290.0
2023.10.05,6190.0,90.0,6150.0,6190.0,6140.0,35.0
2023.10.04,6100.0,-365.0,6215.0,6225.0,5990.0,5897.0
2023.09.27,6465.0,10.0,6400.0,6465.0,6390.0,193.0
2023.09.26,6455.0,-125.0,6550.0,6550.0,6450.0,146.0
2023.09.25,6580.0,-30.0,6605.0,6610.0,6540.0,3189.0
2023.09.22,6610.0,5.0,6500.0,6610.0,6385.0,2344.0
2023.09.21,6605.0,-130.0,6710.0,6710.0,6585.0,448.0
2023.09.20,6735.0,-40.0,6800.0,6800.0,6710.0,351.0
2023.09.19,6775.0,-40.0,6855.0,6855.0,6705.0,433.0
2023.09.18,6815.0,-155.0,6900.0,6900.0,6765.0,3212.0
2023.09.15,6970.0,80.0,6985.0,6990.0,6925.0,77.0
2023.09.14,6890.0,85.0,6825.0,6890.0,6780.0,243.0
2023.09.13,6805.0,-40.0,6845.0,6845.0,6760.0,109.0
2023.09.12,6845.0,60.0,6900.0,6900.0,6760.0,170.0
2023.09.11,6785.0,-35.0,6785.0,6785.0,6705.0,233.0
2023.09.08,6820.0,5.0,6870.0,6870.0,6595.0,3349.0
2023.09.07,6815.0,-120.0,6880.0,6885.0,6775.0,661.0
2023.09.06,6935.0,-65.0,6960.0,6960.0,6890.0,234.0
2023.09.05,7000.0,-165.0,7085.0,7085.0,6940.0,632.0
2023.09.04,7165.0,190.0,7075.0,7165.0,7025.0,371.0
2023.09.01,6975.0,-40.0,6925.0,6975.0,6925.0,76.0
2023.08.31,7015.0,-45.0,7060.0,7060.0,6960.0,597.0
2023.08.30,7060.0,75.0,7105.0,7140.0,7035.0,272.0
2023.08.29,6985.0,80.0,6965.0,6985.0,6910.0,146.0
2023.08.28,6905.0,130.0,6890.0,7065.0,6890.0,680.0
2023.08.25,6775.0,-235.0,6850.0,6860.0,6755.0,2324.0
2023.08.24,7010.0,280.0,6890.0,7035.0,6830.0,2055.0
2023.08.23,6730.0,30.0,6765.0,6765.0,6650.0,439.0
2023.08.22,6700.0,85.0,6710.0,6710.0,6595.0,306.0
2023.08.21,6615.0,-180.0,6700.0,6710.0,6545.0,5811.0
2023.08.18,6795.0,65.0,6785.0,6805.0,6740.0,615.0
2023.08.17,6730.0,-190.0,6765.0,6810.0,6640.0,8482.0
2023.08.16,6920.0,-105.0,6945.0,6945.0,6845.0,1071.0
2023.08.14,7025.0,-225.0,7160.0,7160.0,6960.0,2309.0
2023.08.11,7250.0,-75.0,7370.0,7370.0,7245.0,871.0
2023.08.10,7325.0,-80.0,7350.0,7350.0,7265.0,1126.0
2023.08.09,7405.0,10.0,7330.0,7405.0,7325.0,428.0
2023.08.08,7395.0,-75.0,7515.0,7515.0,7300.0,6076.0
2023.08.07,7470.0,-35.0,7475.0,7505.0,7415.0,750.0
2023.08.04,7505.0,5.0,7500.0,7505.0,7405.0,544.0
2023.08.03,7500.0,-70.0,7390.0,7510.0,7370.0,1368.0
2023.08.02,7570.0,-305.0,7695.0,7830.0,7510.0,2273.0
2023.08.01,7875.0,-55.0,7970.0,8080.0,7850.0,1879.0
2023.07.31,7930.0,165.0,7840.0,7935.0,7810.0,3984.0
2023.07.28,7765.0,-30.0,7725.0,7765.0,7590.0,965.0
2023.07.27,7795.0,130.0,7765.0,7800.0,7745.0,10229.0
2023.07.26,7665.0,-70.0,7750.0,7750.0,7665.0,600.0
2023.07.25,7735.0,295.0,7675.0,7740.0,7530.0,1305.0
2023.07.24,7440.0,5.0,7455.0,7475.0,7400.0,1275.0
2023.07.21,7435.0,-150.0,7450.0,7475.0,7375.0,1618.0
2023.07.20,7585.0,70.0,7500.0,7625.0,7500.0,1350.0
2023.07.19,7515.0,-15.0,7670.0,7670.0,7460.0,1305.0
2023.07.18,7530.0,-15.0,7645.0,7750.0,7530.0,1489.0
2023.07.17,7545.0,-95.0,7640.0,7640.0,7445.0,3898.0
2023.07.14,7640.0,65.0,7660.0,7730.0,7630.0,1301.0
2023.07.13,7575.0,285.0,7455.0,7620.0,7420.0,4159.0
2023.07.12,7290.0,110.0,7255.0,7290.0,7245.0,787.0
2023.07.11,7180.0,170.0,7085.0,7180.0,7075.0,438.0
2023.07.10,7010.0,50.0,7130.0,7135.0,6985.0,647.0
2023.07.07,6960.0,-210.0,7010.0,7010.0,6910.0,622.0
2023.07.06,7170.0,-140.0,7235.0,7250.0,7065.0,482.0
2023.07.05,7310.0,-110.0,7440.0,7440.0,7310.0,279.0
2023.07.04,7420.0,75.0,7370.0,7420.0,7370.0,394.0
2023.07.03,7345.0,205.0,7240.0,7345.0,7210.0,1498.0
2023.06.30,7140.0,15.0,7120.0,7165.0,7050.0,213.0
2023.06.29,7125.0,-120.0,7230.0,7230.0,7120.0,238.0
2023.06.28,7245.0,-20.0,7180.0,7245.0,7135.0,590.0
2023.06.27,7265.0,95.0,7170.0,7265.0,7165.0,196.0
2023.06.26,7170.0,30.0,7245.0,7245.0,7165.0,5014.0
2023.06.23,7140.0,-245.0,7335.0,7335.0,7120.0,922.0
2023.06.22,7385.0,0.0,7405.0,7405.0,7335.0,241.0
2023.06.21,7385.0,-165.0,7440.0,7475.0,7340.0,4764.0
2023.06.20,7550.0,-95.0,7710.0,7710.0,7435.0,3266.0
2023.06.19,7645.0,-155.0,7800.0,7800.0,7645.0,6088.0
2023.06.16,7800.0,125.0,7730.0,7800.0,7670.0,3271.0
2023.06.15,7675.0,230.0,7585.0,7700.0,7490.0,7960.0
2023.06.14,7445.0,-30.0,7445.0,7505.0,7425.0,761.0
2023.06.13,7475.0,115.0,7360.0,7475.0,7350.0,371.0
2023.06.12,7360.0,120.0,7305.0,7360.0,7300.0,2704.0
2023.06.09,7240.0,100.0,7195.0,7260.0,7145.0,684.0
2023.06.08,7140.0,-30.0,7040.0,7175.0,7040.0,922.0
2023.06.07,7170.0,75.0,7130.0,7195.0,7130.0,3497.0
2023.06.05,7095.0,105.0,7090.0,7095.0,7045.0,1919.0
2023.06.02,6990.0,270.0,6990.0,6990.0,6870.0,221.0
2023.06.01,6720.0,-20.0,6715.0,6760.0,6665.0,701.0
2023.05.31,6740.0,-170.0,6890.0,6890.0,6715.0,2327.0
2023.05.30,6910.0,10.0,6905.0,6910.0,6850.0,2292.0
2023.05.26,6900.0,175.0,6810.0,6900.0,6810.0,85.0
2023.05.25,6725.0,-220.0,6900.0,6915.0,6725.0,2471.0
2023.05.24,6945.0,-145.0,6940.0,6975.0,6900.0,176.0
2023.05.23,7090.0,5.0,7085.0,7105.0,7035.0,2100.0
2023.05.22,7085.0,30.0,7030.0,7085.0,7030.0,998.0
2023.05.19,7055.0,-15.0,7020.0,7055.0,6910.0,707.0
2023.05.18,7070.0,65.0,7110.0,7110.0,7045.0,90.0
2023.05.17,7005.0,-75.0,7040.0,7075.0,7000.0,45.0
2023.05.16,7080.0,0.0,7080.0,7105.0,7005.0,522.0
2023.05.15,7080.0,120.0,6930.0,7080.0,6880.0,4351.0
2023.05.12,6960.0,-90.0,7045.0,7045.0,6960.0,250.0
2023.05.11,7050.0,-30.0,7000.0,7150.0,6915.0,5056.0
2023.05.10,7080.0,-55.0,7115.0,7115.0,7000.0,216.0
2023.05.09,7135.0,10.0,7130.0,7165.0,7110.0,2587.0
2023.05.08,7125.0,140.0,7060.0,7125.0,7060.0,1007.0
2023.05.04,6985.0,75.0,6910.0,6985.0,6885.0,2063.0
2023.05.03,6910.0,-155.0,6950.0,6995.0,6900.0,1204.0
2023.05.02,7065.0,30.0,7075.0,7075.0,7025.0,424.0
2023.04.28,7035.0,160.0,7010.0,7035.0,7000.0,629.0
2023.04.27,6875.0,-50.0,6915.0,6930.0,6865.0,57.0
2023.04.26,6925.0,35.0,6890.0,6930.0,6860.0,169.0
2023.04.25,6890.0,-130.0,7130.0,7130.0,6885.0,3389.0
2023.04.24,7020.0,-155.0,7045.0,7200.0,6950.0,2946.0
2023.04.21,7175.0,-30.0,7090.0,7255.0,7090.0,3875.0
2023.04.20,7205.0,-90.0,7255.0,7255.0,7165.0,560.0
2023.04.19,7295.0,-60.0,7320.0,7360.0,7190.0,910.0
2023.04.18,7355.0,5.0,7350.0,7355.0,7075.0,983.0
2023.04.17,7350.0,5.0,7350.0,7350.0,7300.0,301.0
2023.04.14,7345.0,110.0,7350.0,7350.0,7300.0,1535.0
2023.04.13,7235.0,-55.0,7235.0,7235.0,7070.0,480.0
2023.04.12,7290.0,25.0,7340.0,7340.0,7270.0,387.0
2023.04.11,7265.0,10.0,7275.0,7275.0,7245.0,229.0
2023.04.10,7255.0,-5.0,7250.0,7255.0,7200.0,1391.0
2023.04.07,7260.0,110.0,7255.0,7260.0,7055.0,1333.0
2023.04.06,7150.0,-115.0,7215.0,7215.0,7150.0,149.0
2023.04.05,7265.0,35.0,7270.0,7270.0,7250.0,3028.0
2023.04.04,7230.0,35.0,7130.0,7230.0,7130.0,310.0
2023.04.03,7195.0,-30.0,7250.0,7250.0,7060.0,2553.0
2023.03.31,7225.0,95.0,7100.0,7230.0,7100.0,4367.0
2023.03.30,7130.0,0.0,7130.0,7145.0,7095.0,1348.0
2023.03.29,7130.0,140.0,7015.0,7130.0,7005.0,778.0
2023.03.28,6990.0,0.0,6990.0,7000.0,6915.0,1794.0
2023.03.27,6990.0,0.0,6995.0,6995.0,6885.0,666.0
2023.03.24,6990.0,50.0,6990.0,6990.0,6985.0,292.0
2023.03.23,6940.0,-5.0,6940.0,6940.0,6755.0,170.0
2023.03.22,6945.0,335.0,6715.0,6945.0,6715.0,177.0
2023.03.21,6610.0,0.0,6690.0,6690.0,6610.0,280.0
2023.03.20,6610.0,-205.0,6845.0,6845.0,6610.0,510.0
2023.03.17,6815.0,265.0,6760.0,6980.0,6650.0,1813.0
2023.03.16,6550.0,-255.0,6665.0,6665.0,6550.0,1205.0
2023.03.15,6805.0,95.0,6915.0,6915.0,6770.0,525.0
2023.03.14,6710.0,-280.0,6855.0,6855.0,6695.0,823.0
2023.03.13,6990.0,105.0,6830.0,7015.0,6830.0,1954.0
2023.03.10,6885.0,-215.0,6905.0,6965.0,6780.0,1493.0
2023.03.09,7100.0,-25.0,7070.0,7200.0,7005.0,691.0
2023.03.08,7125.0,-240.0,7210.0,7230.0,7125.0,740.0
2023.03.07,7365.0,15.0,7355.0,7365.0,7355.0,84.0
2023.03.06,7350.0,160.0,7350.0,7350.0,7255.0,1023.0
2023.03.03,7190.0,65.0,7260.0,7260.0,7125.0,235.0
2023.03.02,7125.0,175.0,7075.0,7230.0,7075.0,5995.0
2023.02.28,6950.0,-10.0,7075.0,7075.0,6950.0,404.0
2023.02.27,6960.0,-250.0,7125.0,7125.0,6930.0,1035.0
2023.02.24,7210.0,-110.0,7340.0,7345.0,7150.0,996.0
2023.02.23,7320.0,70.0,7250.0,7320.0,7225.0,293.0
2023.02.22,7250.0,-210.0,7340.0,7365.0,7240.0,685.0
2023.02.21,7460.0,-80.0,7570.0,7580.0,7445.0,732.0
2023.02.20,7540.0,0.0,7505.0,7545.0,7485.0,3317.0
2023.02.17,7540.0,-190.0,7565.0,7695.0,7515.0,1269.0
2023.02.16,7730.0,195.0,7620.0,7765.0,7610.0,5376.0
2023.02.15,7535.0,-215.0,7720.0,7720.0,7535.0,774.0
2023.02.14,7750.0,95.0,7685.0,7840.0,7685.0,389.0
2023.02.13,7655.0,-100.0,7725.0,7725.0,7565.0,745.0
2023.02.10,7755.0,-95.0,7890.0,7890.0,7655.0,921.0
2023.02.09,7850.0,15.0,7820.0,7850.0,7680.0,66.0
2023.02.08,7835.0,35.0,7815.0,7840.0,7705.0,836.0
2023.02.07,7800.0,0.0,7745.0,7800.0,7710.0,541.0
2023.02.06,7800.0,-380.0,7840.0,7855.0,7770.0,2954.0
2023.02.03,8180.0,-185.0,8285.0,8285.0,8080.0,802.0
2023.02.02,8365.0,330.0,8370.0,8370.0,8190.0,1614.0
2023.02.01,8035.0,-15.0,8010.0,8035.0,7940.0,3876.0
2023.01.31,8050.0,-90.0,8065.0,8065.0,7880.0,604.0
2023.01.30,8140.0,-185.0,8330.0,8330.0,8100.0,1987.0
2023.01.27,8325.0,-85.0,8415.0,8415.0,8280.0,1431.0
2023.01.26,8410.0,185.0,8165.0,8410.0,8165.0,329.0
2023.01.25,8225.0,205.0,8450.0,8450.0,8185.0,2782.0
2023.01.20,8020.0,105.0,7920.0,8125.0,7920.0,539.0
2023.01.19,7915.0,-120.0,8040.0,8040.0,7895.0,753.0
2023.01.18,8035.0,50.0,7990.0,8075.0,7990.0,466.0
2023.01.17,7985.0,-85.0,8075.0,8075.0,7975.0,454.0
2023.01.16,8070.0,100.0,7970.0,8170.0,7940.0,4361.0
2023.01.13,7970.0,145.0,7930.0,8005.0,7895.0,1443.0
2023.01.12,7825.0,-100.0,7930.0,8060.0,7825.0,2508.0
2023.01.11,7925.0,155.0,7775.0,8055.0,7775.0,1538.0
2023.01.10,7770.0,30.0,7745.0,7835.0,7745.0,602.0
2023.01.09,7740.0,285.0,7530.0,7740.0,7530.0,1306.0
2023.01.06,7455.0,-10.0,7465.0,7465.0,7305.0,3694.0
2023.01.05,7465.0,235.0,7435.0,7490.0,7340.0,12290.0
2023.01.04,7230.0,180.0,7050.0,7285.0,7050.0,3420.0
2023.01.03,7050.0,70.0,6985.0,7050.0,6855.0,240.0
2023.01.02,6980.0,5.0,6980.0,6980.0,6980.0,3.0
2022.12.29,6975.0,-80.0,7060.0,7060.0,6970.0,76.0
2022.12.28,7055.0,0.0,7085.0,7220.0,7055.0,448.0
2022.12.27,7055.0,-45.0,7095.0,7140.0,7055.0,161.0
2022.12.26,7100.0,110.0,6995.0,7100.0,6995.0,1001.0
2022.12.23,6990.0,-190.0,7085.0,7135.0,6990.0,8906.0
2022.12.22,7180.0,240.0,7105.0,7215.0,7085.0,230.0
2022.12.21,6940.0,120.0,6985.0,7140.0,6940.0,381.0
2022.12.20,6820.0,-240.0,7065.0,7125.0,6815.0,1153.0
2022.12.19,7060.0,-15.0,6945.0,7095.0,6945.0,319.0
2022.12.16,7075.0,-35.0,7095.0,7115.0,7015.0,16.0
2022.12.15,7110.0,-95.0,7210.0,7210.0,7095.0,335.0
2022.12.14,7205.0,100.0,7115.0,7260.0,7115.0,425.0
2022.12.13,7105.0,-65.0,7145.0,7145.0,7085.0,44.0
2022.12.12,7170.0,-210.0,7135.0,7180.0,6995.0,672.0
2022.12.09,7380.0,345.0,7080.0,7380.0,7080.0,300.0
2022.12.08,7035.0,-130.0,7125.0,7125.0,7035.0,32.0
2022.12.07,7165.0,-55.0,7100.0,7230.0,7100.0,2096.0
2022.12.06,7220.0,-280.0,7130.0,7425.0,7130.0,525.0
2022.12.05,7500.0,230.0,7305.0,7530.0,7305.0,1931.0
2022.12.02,7270.0,-95.0,7350.0,7350.0,7205.0,406.0
2022.12.01,7365.0,315.0,7280.0,7415.0,7280.0,2612.0
2022.11.30,7050.0,170.0,6885.0,7050.0,6870.0,419.0
2022.11.29,6880.0,210.0,6670.0,6880.0,6670.0,184.0
2022.11.28,6670.0,-210.0,6650.0,6685.0,6530.0,597.0
2022.11.25,6880.0,5.0,6875.0,6900.0,6875.0,905.0
2022.11.24,6875.0,150.0,6730.0,6875.0,6730.0,166.0
2022.11.23,6725.0,45.0,6620.0,6740.0,6620.0,173.0
2022.11.22,6680.0,40.0,6645.0,6680.0,6610.0,204.0
2022.11.21,6640.0,-260.0,6870.0,6870.0,6640.0,1328.0
2022.11.18,6900.0,30.0,6865.0,6965.0,6845.0,323.0
2022.11.17,6870.0,-190.0,6975.0,6975.0,6790.0,596.0
2022.11.16,7060.0,10.0,7070.0,7240.0,6950.0,874.0
2022.11.15,7050.0,195.0,6860.0,7215.0,6860.0,535.0
2022.11.14,6855.0,185.0,6670.0,6945.0,6670.0,1964.0
2022.11.11,6670.0,500.0,6635.0,6675.0,6490.0,1726.0
2022.11.10,6170.0,-185.0,6185.0,6185.0,6060.0,105.0
2022.11.09,6355.0,45.0,6395.0,6395.0,6240.0,323.0
2022.11.08,6310.0,170.0,6340.0,6380.0,6185.0,1173.0
2022.11.07,6140.0,0.0,6135.0,6335.0,6135.0,329.0
2022.11.04,6140.0,390.0,5725.0,6140.0,5725.0,1711.0
2022.11.03,5750.0,-125.0,5815.0,5815.0,5665.0,22.0
2022.11.02,5875.0,40.0,5830.0,5875.0,5780.0,763.0
2022.11.01,5835.0,255.0,5660.0,5835.0,5520.0,675.0
2022.10.31,5580.0,-10.0,5695.0,5695.0,5560.0,683.0
2022.10.28,5590.0,-185.0,5730.0,5735.0,5575.0,609.0
2022.10.27,5775.0,145.0,5740.0,5860.0,5740.0,60.0
2022.10.26,5630.0,45.0,5450.0,5630.0,5450.0,82.0
2022.10.25,5585.0,-110.0,5615.0,5615.0,5510.0,627.0
2022.10.24,5695.0,-125.0,5995.0,5995.0,5650.0,896.0
2022.10.21,5820.0,50.0,5865.0,5865.0,5765.0,113.0
2022.10.20,5770.0,-180.0,5810.0,5810.0,5650.0,419.0
2022.10.19,5950.0,5.0,5940.0,6090.0,5940.0,263.0
2022.10.18,5945.0,175.0,5890.0,5945.0,5885.0,197.0
2022.10.17,5770.0,-170.0,5775.0,5775.0,5730.0,549.0
2022.10.14,5940.0,190.0,5845.0,5950.0,5820.0,112.0
2022.10.13,5750.0,-35.0,5720.0,5880.0,5720.0,90.0
2022.10.12,5785.0,-135.0,5850.0,5850.0,5740.0,657.0
2022.10.11,5920.0,-440.0,6020.0,6045.0,5870.0,1192.0
2022.10.07,6360.0,-200.0,6440.0,6440.0,6265.0,399.0
2022.10.06,6560.0,-60.0,6605.0,6605.0,6560.0,76.0
2022.10.05,6620.0,465.0,6385.0,6620.0,6360.0,482.0
2022.10.04,6155.0,150.0,6190.0,6190.0,6080.0,44.0
2022.09.30,6005.0,15.0,5990.0,6010.0,5920.0,226.0
2022.09.29,5990.0,-90.0,6090.0,6120.0,5990.0,735.0
2022.09.28,6080.0,15.0,6030.0,6080.0,6015.0,316.0
2022.09.27,6065.0,-100.0,6030.0,6155.0,6030.0,445.0
2022.09.26,6165.0,-325.0,6305.0,6355.0,6135.0,664.0
2022.09.23,6490.0,-100.0,6590.0,6590.0,6490.0,543.0
2022.09.22,6590.0,-260.0,6645.0,6705.0,6560.0,591.0
2022.09.21,6850.0,-110.0,6830.0,7050.0,6800.0,206.0
2022.09.20,6960.0,130.0,6955.0,7175.0,6945.0,224.0
2022.09.19,6830.0,-170.0,6990.0,7000.0,6830.0,1284.0
2022.09.16,7000.0,-265.0,7200.0,7200.0,7000.0,512.0
2022.09.15,7265.0,10.0,7250.0,7330.0,7230.0,181.0
2022.09.14,7255.0,-345.0,7190.0,7255.0,7050.0,507.0
2022.09.13,7600.0,425.0,7235.0,7600.0,7235.0,949.0
2022.09.08,7175.0,50.0,7050.0,7250.0,7045.0,214.0
2022.09.07,7125.0,-225.0,7155.0,7155.0,7015.0,594.0
2022.09.06,7350.0,90.0,7250.0,7440.0,7240.0,386.0
2022.09.05,7260.0,10.0,7210.0,7260.0,7210.0,472.0
2022.09.02,7250.0,-160.0,7410.0,7410.0,7250.0,978.0
2022.09.01,7410.0,-300.0,7630.0,7630.0,7390.0,2429.0
2022.08.31,7710.0,65.0,7550.0,7730.0,7550.0,529.0
2022.08.30,7645.0,-10.0,7770.0,7770.0,7570.0,421.0
2022.08.29,7655.0,-275.0,7715.0,7720.0,7590.0,4393.0
2022.08.26,7930.0,130.0,7900.0,8035.0,7850.0,835.0
2022.08.25,7800.0,175.0,7670.0,7800.0,7670.0,87.0
2022.08.24,7625.0,-5.0,7875.0,7875.0,7570.0,236.0
2022.08.23,7630.0,-125.0,7725.0,7725.0,7630.0,364.0
2022.08.22,7755.0,-270.0,7760.0,7870.0,7735.0,819.0
2022.08.19,8025.0,-90.0,8035.0,8035.0,8020.0,69.0
2022.08.18,8115.0,0.0,8120.0,8180.0,8115.0,145.0
2022.08.17,8115.0,0.0,8120.0,8170.0,8080.0,177.0
2022.08.16,8115.0,-65.0,8185.0,8250.0,8030.0,672.0
2022.08.12,8180.0,190.0,8005.0,8180.0,8005.0,1152.0
2022.08.11,7990.0,290.0,8000.0,8035.0,7940.0,207.0
2022.08.10,7700.0,-265.0,7900.0,7900.0,7695.0,204.0
2022.08.09,7965.0,140.0,7900.0,7965.0,7805.0,652.0
2022.08.08,7825.0,-100.0,7970.0,7970.0,7825.0,562.0
2022.08.05,7925.0,225.0,7915.0,8035.0,7730.0,278.0
2022.08.04,7700.0,-40.0,7800.0,7800.0,7700.0,63.0
2022.08.03,7740.0,90.0,7695.0,7740.0,7620.0,17.0
2022.08.02,7650.0,-270.0,7805.0,7805.0,7625.0,1073.0
2022.08.01,7920.0,120.0,7860.0,7920.0,7800.0,490.0
2022.07.29,7800.0,-10.0,7970.0,7985.0,7780.0,320.0
2022.07.28,7810.0,130.0,7875.0,7880.0,7810.0,170.0
2022.07.27,7680.0,-120.0,7795.0,7795.0,7680.0,714.0
2022.07.26,7800.0,45.0,7755.0,7800.0,7755.0,12.0
2022.07.25,7755.0,105.0,7770.0,7770.0,7610.0,238.0
2022.07.22,7650.0,-150.0,7795.0,7835.0,7650.0,172.0
2022.07.21,7800.0,60.0,7730.0,7800.0,7570.0,1706.0
2022.07.20,7740.0,175.0,7645.0,7750.0,7645.0,123.0
2022.07.19,7565.0,45.0,7580.0,7580.0,7565.0,1571.0
2022.07.18,7520.0,210.0,7305.0,7520.0,7305.0,266.0
2022.07.15,7310.0,-250.0,7360.0,7375.0,7310.0,356.0
2022.07.14,7560.0,140.0,7435.0,7570.0,7400.0,93.0
2022.07.13,7420.0,10.0,7385.0,7560.0,7385.0,257.0
2022.07.12,7410.0,-160.0,7630.0,7630.0,7410.0,1224.0
2022.07.11,7570.0,-350.0,7970.0,7970.0,7570.0,86.0
2022.07.08,7920.0,190.0,7960.0,7960.0,7795.0,168.0
2022.07.07,7730.0,160.0,7570.0,7845.0,7570.0,655.0
2022.07.06,7570.0,-310.0,7810.0,7810.0,7570.0,2185.0
2022.07.05,7880.0,125.0,7785.0,7980.0,7785.0,197.0
2022.07.04,7755.0,95.0,7840.0,7840.0,7655.0,175.0
2022.07.01,7660.0,-325.0,7995.0,7995.0,7660.0,4533.0
2022.06.30,7985.0,-100.0,8215.0,8215.0,7985.0,2503.0
2022.06.29,8085.0,-200.0,8235.0,8245.0,8085.0,219.0
2022.06.28,8285.0,-130.0,8415.0,8415.0,8250.0,2727.0
2022.06.27,8415.0,265.0,8155.0,8420.0,8145.0,2618.0
2022.06.24,8150.0,255.0,7800.0,8150.0,7795.0,611.0
2022.06.23,7895.0,-5.0,7900.0,7900.0,7735.0,2431.0
2022.06.22,7900.0,-145.0,8235.0,8235.0,7900.0,1608.0
2022.06.21,8045.0,130.0,8035.0,8185.0,8035.0,445.0
2022.06.20,7915.0,-135.0,8070.0,8070.0,7860.0,5913.0
2022.06.17,8050.0,-85.0,8060.0,8060.0,7750.0,2610.0
2022.06.16,8135.0,-125.0,8400.0,8400.0,8120.0,2225.0
2022.06.15,8260.0,-25.0,8265.0,8265.0,8255.0,574.0
2022.06.14,8285.0,10.0,8075.0,8285.0,8030.0,634.0
2022.06.13,8275.0,-725.0,8695.0,8695.0,8195.0,2859.0
2022.06.10,9000.0,-90.0,8825.0,9015.0,8690.0,229.0
2022.06.09,9090.0,-20.0,9110.0,9115.0,9075.0,23.0
2022.06.08,9110.0,85.0,9030.0,9110.0,9000.0,99.0
2022.06.07,9025.0,-5.0,9035.0,9035.0,8880.0,21.0
2022.06.03,9030.0,70.0,9045.0,9300.0,9030.0,576.0
2022.06.02,8960.0,-110.0,8910.0,8960.0,8870.0,335.0
2022.05.31,9070.0,55.0,9020.0,9070.0,8900.0,97.0
2022.05.30,9015.0,455.0,8830.0,9045.0,8645.0,2544.0
2022.05.27,8560.0,485.0,8470.0,8665.0,8300.0,2356.0
2022.05.26,8075.0,-235.0,8315.0,8315.0,8075.0,1060.0
2022.05.25,8310.0,40.0,8390.0,8390.0,8265.0,24.0
2022.05.24,8270.0,-225.0,8580.0,8580.0,8255.0,84.0
2022.05.23,8495.0,-45.0,8545.0,8550.0,8425.0,228.0
2022.05.20,8540.0,415.0,8450.0,8540.0,8435.0,1209.0
2022.05.19,8125.0,-385.0,8285.0,8285.0,8070.0,506.0
2022.05.18,8510.0,190.0,8390.0,8510.0,8385.0,993.0
2022.05.17,8320.0,285.0,8035.0,8320.0,8030.0,816.0
2022.05.16,8035.0,125.0,8010.0,8100.0,7905.0,303.0
2022.05.13,7910.0,95.0,7805.0,7910.0,7675.0,3247.0
2022.05.12,7815.0,-480.0,8125.0,8125.0,7700.0,1148.0
2022.05.11,8295.0,195.0,8095.0,8305.0,8065.0,133.0
2022.05.10,8100.0,-150.0,8245.0,8245.0,7800.0,7003.0
2022.05.09,8250.0,-280.0,8410.0,8410.0,8225.0,614.0
2022.05.06,8530.0,-515.0,8835.0,8850.0,8495.0,1495.0
2022.05.04,9045.0,-160.0,9200.0,9200.0,8990.0,12422.0
2022.05.03,9205.0,5.0,9125.0,9295.0,9125.0,113.0
2022.05.02,9200.0,-60.0,9175.0,9210.0,9100.0,143.0
2022.04.29,9260.0,420.0,8910.0,9260.0,8905.0,1389.0
2022.04.28,8840.0,85.0,8915.0,8995.0,8670.0,1196.0
2022.04.27,8755.0,-175.0,8725.0,8755.0,8575.0,2059.0
2022.04.26,8930.0,155.0,8945.0,9050.0,8920.0,766.0
2022.04.25,8775.0,-615.0,9330.0,9330.0,8775.0,1204.0
2022.04.22,9390.0,-130.0,9310.0,9410.0,9160.0,792.0
2022.04.21,9520.0,-70.0,9925.0,9925.0,9515.0,352.0
2022.04.20,9590.0,-160.0,9745.0,9745.0,9590.0,3456.0
2022.04.19,9750.0,-30.0,9830.0,9835.0,9740.0,12357.0
2022.04.18,9780.0,-425.0,9980.0,9980.0,9575.0,850.0
2022.04.15,10205.0,-30.0,10155.0,10205.0,10155.0,41.0
2022.04.14,10235.0,75.0,10260.0,10285.0,10230.0,106.0
2022.04.13,10160.0,220.0,10105.0,10160.0,9985.0,305.0
2022.04.12,9940.0,10.0,10035.0,10040.0,9750.0,9472.0
2022.04.11,9930.0,-380.0,10300.0,10300.0,9930.0,494.0
2022.04.08,10310.0,-30.0,10295.0,10310.0,10200.0,216.0
2022.04.07,10340.0,-345.0,10655.0,10655.0,10310.0,369.0
2022.04.06,10685.0,-360.0,10825.0,10825.0,10405.0,1407.0
2022.04.05,11045.0,200.0,10780.0,11045.0,10770.0,1233.0
2022.04.04,10845.0,380.0,10490.0,10845.0,10490.0,2604.0
2022.04.01,10465.0,-255.0,10595.0,10840.0,10285.0,452.0
2022.03.31,10720.0,130.0,10785.0,10785.0,10640.0,290.0
2022.03.30,10590.0,190.0,10700.0,10700.0,10590.0,184.0
2022.03.29,10400.0,115.0,10595.0,10595.0,10350.0,661.0
2022.03.28,10285.0,-55.0,10390.0,10390.0,10050.0,274.0
2022.03.25,10340.0,-205.0,10545.0,10545.0,10305.0,234.0
2022.03.24,10545.0,-95.0,10600.0,10600.0,10410.0,87.0
2022.03.23,10640.0,450.0,10190.0,10640.0,10190.0,533.0
2022.03.22,10190.0,95.0,10215.0,10215.0,10125.0,305.0
2022.03.21,10095.0,-295.0,10350.0,10360.0,10060.0,287.0
2022.03.18,10390.0,205.0,10185.0,10390.0,9890.0,391.0
2022.03.17,10185.0,860.0,9620.0,10185.0,9620.0,674.0
2022.03.16,9325.0,565.0,8700.0,9325.0,8660.0,1177.0
2022.03.15,8760.0,-610.0,9145.0,9145.0,8760.0,909.0
2022.03.14,9370.0,-365.0,9755.0,9755.0,9370.0,459.0
2022.03.11,9735.0,-240.0,10065.0,10065.0,9695.0,394.0
2022.03.10,9975.0,430.0,10330.0,10330.0,9630.0,389.0
2022.03.08,9545.0,-455.0,10010.0,10010.0,9510.0,1436.0
2022.03.07,10000.0,-900.0,10725.0,10725.0,10000.0,2475.0
2022.03.04,10900.0,-450.0,11615.0,11615.0,10900.0,423.0
2022.03.03,11350.0,45.0,11625.0,11670.0,11105.0,287.0
2022.03.02,11305.0,140.0,11280.0,11305.0,11180.0,318.0
2022.02.28,11165.0,-120.0,11170.0,11665.0,10975.0,761.0
2022.02.25,11285.0,-35.0,11420.0,11420.0,11215.0,1204.0
2022.02.24,11320.0,-860.0,11985.0,11985.0,11100.0,1905.0
2022.02.23,12180.0,410.0,12205.0,12205.0,12155.0,31.0
2022.02.22,11770.0,-765.0,12215.0,12215.0,11710.0,444.0
2022.02.21,12535.0,-260.0,12385.0,12570.0,12375.0,122.0
2022.02.18,12795.0,-15.0,12805.0,12805.0,12770.0,45.0
2022.02.17,12810.0,0.0,12810.0,12985.0,12150.0,195.0
2022.02.16,12810.0,525.0,12530.0,12850.0,12530.0,41.0
2022.02.15,12285.0,45.0,12315.0,12350.0,12240.0,33.0
2022.02.14,12240.0,-530.0,12235.0,12240.0,12230.0,158.0
2022.02.11,12770.0,-150.0,12925.0,12925.0,12770.0,17.0
2022.02.10,12920.0,270.0,12860.0,12925.0,12860.0,1264.0
2022.02.09,12650.0,255.0,12570.0,12680.0,12510.0,210.0
2022.02.08,12395.0,-70.0,12570.0,12570.0,12155.0,116.0
2022.02.07,12465.0,-185.0,12680.0,12680.0,12370.0,108.0
2022.02.04,12650.0,135.0,12645.0,12650.0,12400.0,127.0
2022.02.03,12515.0,780.0,12110.0,12515.0,12000.0,210.0
2022.01.28,11735.0,215.0,12085.0,12085.0,11445.0,272.0
2022.01.27,11520.0,-635.0,12155.0,12155.0,11460.0,5049.0
2022.01.26,12155.0,85.0,12150.0,12170.0,12050.0,261.0
2022.01.25,12070.0,-650.0,12395.0,12395.0,12000.0,1518.0
2022.01.24,12720.0,-170.0,12835.0,12835.0,12525.0,908.0
2022.01.21,12890.0,-110.0,13305.0,13305.0,12845.0,1118.0
2022.01.20,13000.0,295.0,13310.0,13310.0,12780.0,152.0
2022.01.19,12705.0,-385.0,13480.0,13480.0,12485.0,6624.0
2022.01.18,13090.0,-45.0,13340.0,13340.0,13050.0,212.0
2022.01.17,13135.0,-80.0,13500.0,13500.0,13120.0,46.0
2022.01.14,13215.0,-265.0,13480.0,13480.0,12985.0,1471.0
2022.01.13,13480.0,235.0,13405.0,13550.0,13330.0,369.0
2022.01.12,13245.0,495.0,12920.0,13245.0,12920.0,4569.0
2022.01.11,12750.0,25.0,12445.0,12880.0,12445.0,39.0
2022.01.10,12725.0,325.0,12630.0,12725.0,12420.0,3341.0
2022.01.07,12400.0,230.0,12335.0,12420.0,12330.0,751.0
2022.01.06,12170.0,-355.0,12425.0,12425.0,12165.0,3704.0
2022.01.05,12525.0,-185.0,12710.0,12730.0,12400.0,28.0
2022.01.04,12710.0,20.0,12790.0,12790.0,12710.0,43.0
2022.01.03,12690.0,270.0,12645.0,12750.0,12645.0,459.0
2021.12.30,12420.0,-40.0,12460.0,12460.0,12415.0,40.0
2021.12.29,12460.0,-100.0,12645.0,12645.0,12400.0,482.0
2021.12.28,12560.0,50.0,12525.0,12565.0,12385.0,1236.0
2021.12.27,12510.0,-20.0,12510.0,12535.0,12500.0,21.0
2021.12.24,12530.0,70.0,12460.0,12540.0,12445.0,567.0
2021.12.23,12460.0,240.0,12395.0,12460.0,12295.0,4120.0
2021.12.22,12220.0,170.0,12220.0,12220.0,12090.0,99.0
2021.12.21,12050.0,150.0,11900.0,12050.0,11880.0,2205.0
2021.12.20,11900.0,-425.0,12290.0,12290.0,11900.0,703.0
2021.12.17,12325.0,-100.0,12530.0,12530.0,12325.0,264.0
2021.12.16,12425.0,30.0,12480.0,12480.0,12300.0,401.0
2021.12.15,12395.0,-160.0,12460.0,12475.0,12390.0,525.0
2021.12.14,12555.0,-310.0,12710.0,12710.0,12430.0,487.0
2021.12.13,12865.0,-25.0,12950.0,12985.0,12835.0,907.0
2021.12.10,12890.0,-180.0,13025.0,13025.0,12890.0,57.0
2021.12.09,13070.0,170.0,12930.0,13070.0,12930.0,2551.0
2021.12.08,12900.0,210.0,12880.0,12930.0,12825.0,172.0
2021.12.07,12690.0,280.0,12505.0,12690.0,12330.0,26320.0
2021.12.06,12410.0,-270.0,12560.0,12560.0,12380.0,3113.0
2021.12.03,12680.0,-35.0,12775.0,12775.0,12580.0,1473.0
2021.12.02,12715.0,115.0,12555.0,12715.0,12490.0,2232.0
2021.12.01,12600.0,420.0,12280.0,12600.0,12280.0,1012.0
2021.11.30,12180.0,-195.0,12385.0,12535.0,12180.0,383.0
2021.11.29,12375.0,-420.0,12505.0,12505.0,12375.0,2767.0
2021.11.26,12795.0,-390.0,13185.0,13200.0,12740.0,473.0
2021.11.25,13185.0,-35.0,13160.0,13185.0,13100.0,187.0
2021.11.24,13220.0,45.0,13175.0,13260.0,13115.0,181.0
2021.11.23,13175.0,-270.0,13305.0,13305.0,13140.0,637.0
2021.11.22,13445.0,-25.0,13470.0,13495.0,13430.0,90.0
2021.11.19,13470.0,-260.0,13850.0,13850.0,13460.0,79.0
2021.11.18,13730.0,-170.0,13900.0,13900.0,13655.0,25.0
2021.11.17,13900.0,-110.0,13865.0,13950.0,13805.0,451.0
2021.11.16,14010.0,75.0,13935.0,14010.0,13805.0,360.0
2021.11.15,13935.0,105.0,13850.0,13950.0,13850.0,38.0
2021.11.12,13830.0,255.0,13725.0,13865.0,13720.0,159.0
2021.11.11,13575.0,-5.0,13580.0,13580.0,13480.0,30.0
2021.11.10,13580.0,-55.0,13670.0,13670.0,13500.0,77.0
2021.11.09,13635.0,200.0,13590.0,13635.0,13580.0,516.0
2021.11.08,13435.0,-35.0,13460.0,13460.0,13305.0,224.0
2021.11.05,13470.0,0.0,13580.0,13580.0,13435.0,530.0
2021.11.04,13470.0,30.0,13415.0,13525.0,13415.0,1076.0
2021.11.03,13440.0,-50.0,13490.0,13490.0,13350.0,139.0
2021.11.02,13490.0,120.0,13385.0,13650.0,13385.0,15232.0
2021.11.01,13370.0,-225.0,13495.0,13500.0,13310.0,445.0
2021.10.29,13595.0,-190.0,13745.0,13745.0,13570.0,75.0
2021.10.28,13785.0,-115.0,13820.0,13830.0,13760.0,326.0
2021.10.27,13900.0,-260.0,14105.0,14105.0,13900.0,38.0
2021.10.26,14160.0,60.0,14105.0,14200.0,14105.0,158.0
2021.10.25,14100.0,15.0,14100.0,14100.0,14000.0,38.0
2021.10.22,14085.0,-60.0,14045.0,14145.0,13610.0,418.0
2021.10.21,14145.0,-95.0,14115.0,14340.0,14115.0,392.0
2021.10.20,14240.0,80.0,14080.0,14265.0,14080.0,206.0
2021.10.19,14160.0,330.0,13900.0,14160.0,13865.0,549.0
2021.10.18,13830.0,0.0,13900.0,13900.0,13785.0,110.0
2021.10.15,13830.0,335.0,13600.0,13830.0,13600.0,5725.0
2021.10.14,13495.0,205.0,13420.0,13515.0,13420.0,836.0
2021.10.13,13290.0,80.0,13165.0,13290.0,13165.0,32.0
2021.10.12,13210.0,-50.0,13365.0,13390.0,13210.0,395.0
2021.10.08,13260.0,175.0,13205.0,13315.0,13160.0,328.0
2021.10.07,13085.0,390.0,12720.0,13085.0,12720.0,883.0
2021.10.06,12695.0,5.0,12830.0,12860.0,12690.0,113.0
2021.10.05,12690.0,-315.0,12885.0,12885.0,12570.0,545.0
2021.10.01,13005.0,-185.0,13110.0,13110.0,12925.0,664.0
2021.09.30,13190.0,-50.0,13240.0,13240.0,13015.0,479.0
2021.09.29,13240.0,-315.0,13805.0,13805.0,13075.0,348.0
2021.09.28,13555.0,5.0,13570.0,13585.0,13455.0,89.0
2021.09.27,13550.0,-150.0,13585.0,13620.0,13520.0,3077.0
2021.09.24,13700.0,95.0,13605.0,13710.0,13605.0,244.0
2021.09.23,13605.0,-295.0,14005.0,14005.0,13470.0,1072.0
2021.09.17,13900.0,60.0,13840.0,13900.0,13725.0,1064.0
2021.09.16,13840.0,-235.0,14020.0,14020.0,13810.0,955.0
2021.09.15,14075.0,-160.0,14300.0,14300.0,14025.0,4589.0
2021.09.14,14235.0,-10.0,14410.0,14980.0,14235.0,993.0
2021.09.13,14245.0,-210.0,14405.0,14560.0,14155.0,220.0
2021.09.10,14455.0,110.0,14345.0,14465.0,14245.0,228.0
2021.09.09,14345.0,-355.0,14600.0,14600.0,14245.0,1212.0
2021.09.08,14700.0,-175.0,14800.0,14850.0,14645.0,282.0
2021.09.07,14875.0,100.0,14790.0,14900.0,14755.0,533.0
2021.09.06,14775.0,165.0,14745.0,14775.0,14570.0,1302.0
2021.09.03,14610.0,90.0,14630.0,14630.0,14585.0,49.0
2021.09.02,14520.0,-30.0,14585.0,14600.0,14440.0,1355.0
2021.09.01,14550.0,310.0,14440.0,14585.0,14390.0,1576.0
2021.08.31,14240.0,340.0,13940.0,14240.0,13820.0,998.0
2021.08.30,13900.0,230.0,13740.0,13905.0,13720.0,1261.0
2021.08.27,13670.0,-20.0,13605.0,13750.0,13580.0,119.0
2021.08.26,13690.0,-130.0,14010.0,14010.0,13645.0,407.0
2021.08.25,13820.0,410.0,13735.0,13865.0,13735.0,1971.0
2021.08.24,13410.0,495.0,13090.0,13410.0,13090.0,564.0
2021.08.23,12915.0,375.0,12645.0,13000.0,12640.0,568.0
2021.08.20,12540.0,-515.0,12945.0,12945.0,12470.0,1115.0
2021.08.19,13055.0,-535.0,13400.0,13400.0,13055.0,748.0
2021.08.18,13590.0,240.0,13385.0,13605.0,13345.0,2387.0
2021.08.17,13350.0,-610.0,13750.0,13755.0,13350.0,744.0
2021.08.13,13960.0,-260.0,14140.0,14140.0,13830.0,450.0
2021.08.12,14220.0,-65.0,14255.0,14260.0,14175.0,398.0
2021.08.11,14285.0,-40.0,14275.0,14325.0,14260.0,1433.0
2021.08.10,14325.0,75.0,14190.0,14325.0,14190.0,13.0
2021.08.09,14250.0,-55.0,14100.0,14250.0,14015.0,139.0
2021.08.06,14305.0,-70.0,14350.0,14350.0,14230.0,100.0
2021.08.05,14375.0,-130.0,14510.0,14555.0,14375.0,452.0
2021.08.04,14505.0,235.0,14325.0,14550.0,14270.0,1948.0
2021.08.03,14270.0,195.0,14200.0,14275.0,14045.0,341.0
2021.08.02,14075.0,55.0,13950.0,14075.0,13750.0,1504.0
2021.07.30,14020.0,-160.0,14340.0,14390.0,13950.0,369.0
2021.07.29,14180.0,745.0,13620.0,14220.0,13620.0,1682.0
2021.07.28,13435.0,-180.0,13450.0,13450.0,13200.0,1486.0
2021.07.27,13615.0,-490.0,14015.0,14015.0,13615.0,2296.0
2021.07.26,14105.0,-860.0,14775.0,14775.0,14105.0,1648.0
2021.07.23,14965.0,-20.0,15050.0,15115.0,14930.0,841.0
2021.07.22,14985.0,465.0,14770.0,14985.0,14770.0,502.0
2021.07.21,14520.0,-40.0,14635.0,14685.0,14520.0,306.0
2021.07.20,14560.0,-405.0,14740.0,14740.0,14480.0,1210.0
2021.07.19,14965.0,-475.0,15025.0,15025.0,14925.0,1071.0
2021.07.16,15440.0,-120.0,15435.0,15520.0,15320.0,374.0
2021.07.15,15560.0,245.0,15305.0,15560.0,15295.0,339.0
2021.07.14,15315.0,-110.0,15340.0,15340.0,15220.0,154.0
2021.07.13,15425.0,485.0,15195.0,15425.0,15110.0,374.0
2021.07.12,14940.0,190.0,14855.0,14975.0,14760.0,325.0
2021.07.09,14750.0,-190.0,14810.0,14810.0,14475.0,535.0
2021.07.08,14940.0,-460.0,15290.0,15345.0,14900.0,1114.0
2021.07.07,15400.0,-275.0,15565.0,15565.0,15330.0,293.0
2021.07.06,15675.0,10.0,15695.0,15760.0,15675.0,656.0
2021.07.05,15665.0,-5.0,15685.0,15765.0,15640.0,214.0
2021.07.02,15670.0,-460.0,15985.0,15985.0,15660.0,619.0
2021.07.01,16130.0,-125.0,16180.0,16180.0,16090.0,319.0
2021.06.30,16255.0,80.0,16210.0,16280.0,16210.0,338.0
2021.06.29,16175.0,-120.0,16205.0,16240.0,16130.0,1067.0
2021.06.28,16295.0,20.0,16275.0,16335.0,16220.0,697.0
2021.06.25,16275.0,355.0,16000.0,16275.0,16000.0,1102.0
2021.06.24,15920.0,105.0,15875.0,15920.0,15840.0,697.0
2021.06.23,15815.0,275.0,15595.0,15825.0,15595.0,324.0
2021.06.22,15540.0,75.0,15465.0,15615.0,15465.0,194.0
2021.06.21,15465.0,-295.0,15755.0,15755.0,15465.0,81.0
2021.06.18,15760.0,-90.0,15810.0,15810.0,15655.0,135.0
2021.06.17,15850.0,-250.0,15720.0,15850.0,15720.0,2558.0
2021.06.16,16100.0,-245.0,16190.0,16205.0,16095.0,411.0
2021.06.15,16345.0,20.0,16360.0,16390.0,16260.0,2227.0
2021.06.14,16325.0,-55.0,15610.0,16325.0,15610.0,366.0
2021.06.11,16380.0,130.0,16335.0,16380.0,16280.0,690.0
2021.06.10,16250.0,85.0,16175.0,16250.0,16175.0,110.0
2021.06.09,16165.0,-130.0,16175.0,16225.0,16165.0,193.0
2021.06.08,16295.0,25.0,16360.0,16410.0,16245.0,356.0
2021.06.07,16270.0,20.0,16350.0,16350.0,16140.0,4892.0
2021.06.04,16250.0,-245.0,16305.0,16350.0,16205.0,516.0
2021.06.03,16495.0,195.0,16600.0,16630.0,16495.0,2641.0
2021.06.02,16300.0,-85.0,16435.0,16500.0,16300.0,1004.0
2021.06.01,16385.0,320.0,16290.0,16385.0,16205.0,2437.0
2021.05.31,16065.0,320.0,15830.0,16065.0,15825.0,3147.0
2021.05.28,15745.0,105.0,15765.0,15885.0,15710.0,2455.0
2021.05.27,15640.0,-10.0,15650.0,15650.0,15450.0,1577.0
2021.05.26,15650.0,265.0,15525.0,15675.0,15475.0,1690.0
2021.05.25,15385.0,250.0,15105.0,15385.0,15105.0,480.0
2021.05.24,15135.0,-85.0,15120.0,15135.0,15025.0,313.0
2021.05.21,15220.0,145.0,15260.0,15300.0,15150.0,1636.0
2021.05.20,15075.0,-125.0,15140.0,15140.0,14980.0,1235.0
2021.05.18,15200.0,540.0,14830.0,15200.0,14820.0,1229.0
2021.05.17,14660.0,310.0,14400.0,14680.0,14400.0,1669.0
2021.05.14,14350.0,-210.0,14400.0,14400.0,14225.0,2934.0
2021.05.13,14560.0,-290.0,14740.0,14740.0,14480.0,1007.0
2021.05.12,14850.0,-350.0,15100.0,15100.0,14650.0,2660.0
2021.05.11,15200.0,-465.0,15400.0,15400.0,15120.0,1829.0
2021.05.10,15665.0,165.0,15715.0,15735.0,15635.0,4199.0
2021.05.07,15500.0,210.0,15380.0,15595.0,15380.0,562.0
2021.05.06,15290.0,-50.0,15235.0,15290.0,15180.0,231.0
2021.05.04,15340.0,0.0,15340.0,15340.0,15220.0,454.0
2021.05.03,15340.0,-550.0,15590.0,15590.0,15320.0,984.0
2021.04.30,15890.0,-190.0,16055.0,16055.0,15800.0,1253.0
2021.04.29,16080.0,225.0,16105.0,16165.0,16030.0,1662.0
2021.04.28,15855.0,-55.0,15830.0,15855.0,15805.0,348.0
2021.04.27,15910.0,75.0,15955.0,15970.0,15850.0,1253.0
2021.04.26,15835.0,185.0,15955.0,15955.0,15650.0,1385.0
2021.04.23,15650.0,350.0,15490.0,15650.0,15490.0,201.0
2021.04.22,15300.0,20.0,15320.0,15335.0,15280.0,233.0
2021.04.21,15280.0,-440.0,15380.0,15410.0,15240.0,735.0
2021.04.20,15720.0,40.0,15815.0,15815.0,15600.0,447.0
2021.04.19,15680.0,95.0,15620.0,15800.0,15600.0,4346.0
2021.04.16,15585.0,275.0,15250.0,15585.0,15250.0,2364.0
2021.04.15,15310.0,15.0,15520.0,15520.0,15250.0,2036.0
2021.04.14,15295.0,265.0,15125.0,15310.0,15055.0,655.0
2021.04.13,15030.0,130.0,14900.0,15150.0,14900.0,997.0
2021.04.12,14900.0,-325.0,14725.0,15170.0,14725.0,2052.0
2021.04.09,15225.0,-260.0,15430.0,15460.0,15190.0,1874.0
2021.04.08,15485.0,-85.0,15350.0,15485.0,15330.0,1673.0
2021.04.07,15570.0,70.0,15615.0,15770.0,15510.0,2981.0
2021.04.06,15500.0,95.0,15455.0,15520.0,15430.0,469.0
2021.04.05,15405.0,-105.0,15470.0,15530.0,15405.0,610.0
2021.04.02,15510.0,320.0,15100.0,15570.0,15100.0,1246.0
2021.04.01,15190.0,225.0,14355.0,15190.0,14355.0,2132.0
2021.03.31,14965.0,-115.0,14985.0,15055.0,14875.0,198.0
2021.03.30,15080.0,395.0,14900.0,15080.0,14885.0,678.0
2021.03.29,14685.0,125.0,14645.0,14795.0,14635.0,166.0
2021.03.26,14560.0,250.0,14245.0,14570.0,14245.0,488.0
2021.03.25,14310.0,-475.0,14440.0,14470.0,14185.0,1829.0
2021.03.24,14785.0,-485.0,15095.0,15095.0,14740.0,819.0
2021.03.23,15270.0,25.0,15450.0,15535.0,15240.0,4533.0
2021.03.22,15245.0,-55.0,15255.0,15325.0,15125.0,1100.0
2021.03.19,15300.0,-560.0,15600.0,15600.0,15295.0,486.0
2021.03.18,15860.0,220.0,15775.0,15940.0,15775.0,187.0
2021.03.17,15640.0,20.0,15995.0,15995.0,15545.0,1420.0
2021.03.16,15620.0,85.0,15500.0,15665.0,15440.0,3063.0
2021.03.15,15535.0,-500.0,15835.0,15850.0,15500.0,5017.0
2021.03.12,16035.0,295.0,16015.0,16185.0,15965.0,8368.0
2021.03.11,15740.0,645.0,15380.0,15790.0,15380.0,1335.0
2021.03.10,15095.0,395.0,14960.0,15255.0,14960.0,16220.0
2021.03.09,14700.0,-270.0,14815.0,14825.0,14380.0,7746.0
2021.03.08,14970.0,-425.0,15395.0,15455.0,14970.0,13748.0
2021.03.05,15395.0,-475.0,15380.0,15420.0,15020.0,6593.0
2021.03.04,15870.0,-610.0,16350.0,16350.0,15800.0,3890.0
2021.03.03,16480.0,655.0,16160.0,16480.0,16100.0,972.0
2021.03.02,15825.0,-75.0,16235.0,16235.0,15700.0,19938.0
2021.02.26,15900.0,-985.0,16655.0,16655.0,15780.0,4238.0
2021.02.25,16885.0,575.0,16440.0,16895.0,16440.0,5635.0
2021.02.24,16310.0,-725.0,16875.0,16920.0,16300.0,7216.0
2021.02.23,17035.0,-380.0,16720.0,17185.0,16720.0,6040.0
2021.02.22,17415.0,-195.0,17580.0,17895.0,17345.0,2267.0
2021.02.19,17610.0,-250.0,17860.0,17860.0,16825.0,3471.0
2021.02.18,17860.0,-345.0,18205.0,18205.0,17840.0,12350.0
2021.02.17,18205.0,100.0,18105.0,18210.0,17870.0,4522.0
2021.02.16,18105.0,100.0,18090.0,18205.0,18025.0,5389.0
2021.02.15,18005.0,430.0,17600.0,18005.0,17600.0,3673.0
2021.02.10,17575.0,375.0,17520.0,17575.0,17290.0,6636.0
2021.02.09,17200.0,150.0,17095.0,17240.0,17095.0,6381.0
2021.02.08,17050.0,235.0,17595.0,17595.0,16875.0,5387.0
2021.02.05,16815.0,155.0,16755.0,16880.0,16700.0,4482.0
2021.02.04,16660.0,-145.0,16805.0,16845.0,16470.0,4655.0
2021.02.03,16805.0,310.0,16665.0,16805.0,16640.0,9177.0
2021.02.02,16495.0,480.0,16090.0,16620.0,16070.0,21330.0
2021.02.01,16015.0,490.0,15340.0,16015.0,15335.0,2717.0
2021.01.29,15525.0,-400.0,15925.0,15925.0,15415.0,9570.0
2021.01.28,15925.0,-720.0,16405.0,16405.0,15910.0,6049.0
2021.01.27,16645.0,-180.0,16790.0,16910.0,16600.0,11685.0
2021.01.26,16825.0,-395.0,17270.0,17305.0,16710.0,2872.0
2021.01.25,17220.0,165.0,17075.0,17245.0,16875.0,4478.0
2021.01.22,17055.0,-265.0,17570.0,17570.0,17040.0,3969.0
2021.01.21,17320.0,455.0,17165.0,17375.0,17090.0,9255.0
2021.01.20,16865.0,425.0,16615.0,16890.0,16610.0,14843.0
2021.01.19,16440.0,410.0,16030.0,16550.0,16030.0,4879.0
2021.01.18,16030.0,-180.0,16000.0,16150.0,15930.0,7757.0
2021.01.15,16210.0,-45.0,16455.0,16475.0,16160.0,11068.0
2021.01.14,16255.0,95.0,16225.0,16310.0,16220.0,3386.0
2021.01.13,16160.0,125.0,16045.0,16205.0,16040.0,4946.0
2021.01.12,16035.0,-50.0,16010.0,16035.0,15810.0,3730.0
2021.01.11,16085.0,385.0,15700.0,16315.0,15700.0,6482.0
2021.01.08,15700.0,430.0,15300.0,15700.0,15270.0,8365.0
2021.01.07,15270.0,55.0,15215.0,15300.0,15180.0,4178.0
2021.01.06,15215.0,270.0,14945.0,15310.0,14945.0,5092.0
2021.01.05,14945.0,45.0,14900.0,14975.0,14715.0,2173.0
2021.01.04,14900.0,525.0,15090.0,15995.0,14600.0,3756.0
2020.12.30,14375.0,590.0,14005.0,14395.0,14005.0,4576.0
2020.12.29,13785.0,25.0,13730.0,13810.0,13680.0,1181.0
2020.12.28,13760.0,-150.0,13840.0,13865.0,13755.0,1118.0
2020.12.24,13910.0,170.0,13865.0,13930.0,13830.0,2880.0
2020.12.23,13740.0,115.0,13595.0,13740.0,13575.0,5031.0
2020.12.22,13625.0,-455.0,13810.0,13860.0,13615.0,8882.0
2020.12.21,14080.0,-45.0,14090.0,14090.0,13970.0,1456.0
2020.12.18,14125.0,-40.0,14225.0,14225.0,14065.0,2933.0
2020.12.17,14165.0,315.0,14045.0,14165.0,14040.0,2845.0
2020.12.16,13850.0,235.0,13700.0,13855.0,13685.0,3024.0
2020.12.15,13615.0,-280.0,13805.0,13805.0,13470.0,4686.0
2020.12.14,13895.0,100.0,13800.0,13955.0,13800.0,3370.0
2020.12.11,13795.0,90.0,13730.0,13830.0,13710.0,3758.0
2020.12.10,13705.0,-210.0,13790.0,13790.0,13685.0,4584.0
2020.12.09,13915.0,140.0,13825.0,13950.0,13775.0,3195.0
2020.12.08,13775.0,20.0,13860.0,13860.0,13690.0,1502.0
2020.12.07,13755.0,60.0,13900.0,13900.0,13630.0,1975.0
2020.12.04,13695.0,310.0,13385.0,13695.0,13385.0,2017.0
2020.12.03,13385.0,195.0,13195.0,13390.0,13195.0,2794.0
2020.12.02,13190.0,95.0,13095.0,13215.0,13095.0,3658.0
2020.12.01,13095.0,60.0,13110.0,13110.0,12795.0,3655.0
2020.11.30,13035.0,-300.0,13895.0,13895.0,13035.0,4398.0
2020.11.27,13335.0,85.0,13265.0,13340.0,13265.0,2700.0
2020.11.26,13250.0,230.0,12665.0,13250.0,12665.0,3878.0
2020.11.25,13020.0,-25.0,13045.0,13245.0,13020.0,7674.0
2020.11.24,13045.0,-15.0,12515.0,13230.0,12515.0,4272.0
2020.11.23,13060.0,395.0,12880.0,13065.0,12875.0,2804.0
2020.11.20,12665.0,-75.0,12660.0,12730.0,12610.0,474.0
2020.11.19,12740.0,-60.0,12740.0,12745.0,12660.0,11849.0
2020.11.18,12800.0,95.0,12710.0,12810.0,12710.0,3357.0
2020.11.17,12705.0,95.0,12740.0,12795.0,12680.0,12347.0
2020.11.16,12610.0,235.0,12515.0,12615.0,12510.0,909.0
2020.11.13,12375.0,155.0,11900.0,12375.0,11900.0,1565.0
2020.11.12,12220.0,-10.0,12225.0,12335.0,12220.0,879.0
2020.11.11,12230.0,-145.0,12255.0,12260.0,12175.0,1679.0
2020.11.10,12375.0,-180.0,12555.0,12555.0,12370.0,3732.0
2020.11.09,12555.0,400.0,12295.0,12580.0,12295.0,4875.0
2020.11.06,12155.0,405.0,11750.0,12210.0,11750.0,9337.0
2020.11.05,11750.0,560.0,11475.0,11765.0,11430.0,15429.0
2020.11.04,11190.0,40.0,11155.0,11190.0,11030.0,355.0
2020.11.03,11150.0,330.0,11015.0,11150.0,11015.0,1461.0
2020.11.02,10820.0,95.0,10745.0,10820.0,10680.0,565.0
2020.10.30,10725.0,-370.0,10910.0,10955.0,10725.0,1086.0
2020.10.29,11095.0,-250.0,11040.0,11095.0,10900.0,943.0
2020.10.28,11345.0,20.0,11275.0,11345.0,11210.0,714.0
2020.10.27,11325.0,-15.0,11300.0,11325.0,11220.0,999.0
2020.10.26,11340.0,-15.0,11480.0,11480.0,11315.0,5686.0
2020.10.23,11355.0,-45.0,11405.0,11410.0,11355.0,72.0
2020.10.22,11400.0,-15.0,11415.0,11415.0,11300.0,502.0
2020.10.21,11415.0,190.0,11325.0,11420.0,11300.0,641.0
2020.10.20,11225.0,0.0,11220.0,11240.0,11175.0,847.0
2020.10.19,11225.0,150.0,11150.0,11315.0,11150.0,1269.0
2020.10.16,11075.0,-160.0,11080.0,11095.0,10995.0,1325.0
2020.10.15,11235.0,-150.0,11335.0,11335.0,11220.0,3136.0
2020.10.14,11385.0,-25.0,11430.0,11430.0,11335.0,5835.0
2020.10.13,11410.0,-15.0,11485.0,11495.0,11320.0,25834.0
2020.10.12,11425.0,470.0,11200.0,11425.0,11185.0,9071.0
2020.10.08,10955.0,100.0,10915.0,10955.0,10855.0,667.0
2020.10.07,10855.0,130.0,10690.0,10865.0,10690.0,2556.0
2020.10.06,10725.0,225.0,10600.0,10730.0,10600.0,2670.0
2020.10.05,10500.0,315.0,10490.0,10505.0,10410.0,535.0
2020.09.29,10185.0,60.0,10195.0,10200.0,10155.0,2449.0
2020.09.28,10125.0,280.0,9990.0,10130.0,9990.0,3879.0
2020.09.25,9845.0,-75.0,9895.0,9930.0,9845.0,574.0
2020.09.24,9920.0,-465.0,10135.0,10230.0,9920.0,868.0
2020.09.23,10385.0,40.0,10345.0,10410.0,10330.0,749.0
2020.09.22,10345.0,-510.0,10490.0,10490.0,10345.0,1547.0
2020.09.21,10855.0,-80.0,11035.0,11035.0,10810.0,563.0
2020.09.18,10935.0,50.0,10885.0,10935.0,10805.0,2682.0
2020.09.17,10885.0,-110.0,11025.0,11030.0,10845.0,1477.0
2020.09.16,10995.0,165.0,10915.0,11040.0,10915.0,1025.0
2020.09.15,10830.0,170.0,10790.0,10865.0,10790.0,974.0
2020.09.14,10660.0,165.0,10500.0,10660.0,10500.0,594.0
2020.09.11,10495.0,0.0,10465.0,10500.0,10410.0,4626.0
2020.09.10,10495.0,155.0,10430.0,10505.0,10430.0,806.0
2020.09.09,10340.0,-340.0,10365.0,10430.0,10290.0,3235.0
2020.09.08,10680.0,145.0,10615.0,10690.0,10555.0,891.0
2020.09.07,10535.0,-170.0,10685.0,10685.0,10535.0,1591.0
2020.09.04,10705.0,-385.0,10440.0,10825.0,10440.0,4806.0
2020.09.03,11090.0,-65.0,11160.0,11190.0,11085.0,1957.0
2020.09.02,11155.0,185.0,11480.0,11480.0,11075.0,4965.0
2020.09.01,10970.0,-40.0,10885.0,10970.0,10845.0,1545.0
2020.08.31,11010.0,-165.0,11480.0,11480.0,10990.0,4989.0
2020.08.28,11175.0,30.0,11115.0,11175.0,11050.0,2537.0
2020.08.27,11145.0,180.0,11085.0,11175.0,11085.0,3788.0
2020.08.26,10965.0,0.0,10965.0,11010.0,10920.0,5564.0
2020.08.25,10965.0,185.0,10650.0,10970.0,10650.0,4453.0
2020.08.24,10780.0,265.0,10345.0,10780.0,10345.0,2079.0
2020.08.21,10515.0,70.0,10415.0,10515.0,10355.0,5691.0
2020.08.20,10445.0,-395.0,10520.0,10720.0,10355.0,8508.0
2020.08.19,10840.0,145.0,10975.0,10985.0,10805.0,7732.0
2020.08.18,10695.0,55.0,10745.0,10805.0,10675.0,2989.0
2020.08.14,10640.0,35.0,10525.0,10640.0,10525.0,4345.0
2020.08.13,10605.0,155.0,10540.0,10640.0,10525.0,7295.0
2020.08.12,10450.0,-100.0,10365.0,10485.0,10365.0,2883.0
2020.08.11,10550.0,-20.0,10570.0,10575.0,10370.0,2201.0
2020.08.10,10570.0,-175.0,10650.0,10650.0,10415.0,8247.0
2020.08.07,10745.0,-125.0,10875.0,10905.0,10590.0,15064.0
2020.08.06,10870.0,170.0,10820.0,10940.0,10780.0,7054.0
2020.08.05,10700.0,195.0,10580.0,10715.0,10550.0,5400.0
2020.08.04,10505.0,220.0,10615.0,10615.0,10285.0,1864.0
2020.08.03,10285.0,-180.0,10345.0,10355.0,10255.0,5291.0
2020.07.31,10465.0,-40.0,10510.0,10580.0,10465.0,933.0
2020.07.30,10505.0,-15.0,10480.0,10570.0,10475.0,9935.0
2020.07.29,10520.0,80.0,10455.0,10540.0,10450.0,6147.0
2020.07.28,10440.0,350.0,10535.0,10580.0,10320.0,12055.0
2020.07.27,10090.0,30.0,9990.0,10165.0,9935.0,5555.0
2020.07.24,10060.0,-305.0,10280.0,10280.0,9985.0,13196.0
2020.07.23,10365.0,-230.0,10650.0,10650.0,10200.0,7597.0
2020.07.22,10595.0,210.0,10540.0,10655.0,10540.0,13407.0
2020.07.21,10385.0,355.0,10070.0,10400.0,10070.0,13095.0
2020.07.20,10030.0,150.0,9980.0,10040.0,9880.0,3245.0
2020.07.17,9880.0,-30.0,10005.0,10005.0,9760.0,3217.0
2020.07.16,9910.0,-175.0,10085.0,10150.0,9900.0,4180.0
2020.07.15,10085.0,85.0,10080.0,10145.0,9975.0,4679.0
2020.07.14,10000.0,-350.0,10350.0,10350.0,9980.0,4513.0
2020.07.13,10350.0,140.0,10535.0,10535.0,10200.0,9357.0
2020.07.10,10210.0,-90.0,10390.0,10390.0,10175.0,26493.0
2020.07.09,10300.0,270.0,10025.0,10360.0,10025.0,11959.0
2020.07.08,10030.0,135.0,9525.0,10050.0,9525.0,7674.0
2020.07.07,9895.0,40.0,9880.0,10095.0,9880.0,10840.0
2020.07.06,9855.0,305.0,9850.0,9860.0,9560.0,2228.0
2020.07.03,9550.0,385.0,9345.0,9550.0,9290.0,7734.0
2020.07.02,9165.0,285.0,8930.0,9165.0,8920.0,4194.0
2020.07.01,8880.0,10.0,8830.0,8930.0,8830.0,3008.0
2020.06.30,8870.0,110.0,8800.0,8925.0,8795.0,2277.0
2020.06.29,8760.0,-215.0,9120.0,9120.0,8715.0,3634.0
2020.06.26,8975.0,-45.0,9050.0,9050.0,8950.0,3196.0
2020.06.25,9020.0,-290.0,9310.0,9310.0,8945.0,9394.0
2020.06.24,9310.0,310.0,9070.0,9350.0,9070.0,4996.0
2020.06.23,9000.0,75.0,8985.0,9000.0,8855.0,1897.0
2020.06.22,8925.0,-10.0,8850.0,8975.0,8850.0,4038.0
2020.06.19,8935.0,100.0,8835.0,8935.0,8760.0,1656.0
2020.06.18,8835.0,15.0,8800.0,8835.0,8715.0,1325.0
2020.06.17,8820.0,75.0,8800.0,8820.0,8745.0,3592.0
2020.06.16,8745.0,515.0,8480.0,8745.0,8480.0,9406.0
2020.06.15,8230.0,-460.0,8490.0,8520.0,8225.0,5883.0
2020.06.12,8690.0,-310.0,8540.0,8715.0,8355.0,20343.0
2020.06.11,9000.0,-265.0,9350.0,9350.0,8970.0,16654.0
2020.06.10,9265.0,0.0,9190.0,9265.0,9105.0,15376.0
2020.06.09,9265.0,245.0,9190.0,9280.0,9160.0,10180.0
2020.06.08,9020.0,95.0,9020.0,9145.0,9000.0,19701.0
2020.06.05,8925.0,120.0,8800.0,8925.0,8785.0,8855.0
2020.06.04,8805.0,150.0,8795.0,8905.0,8680.0,23798.0
2020.06.03,8655.0,415.0,8250.0,8715.0,8250.0,28466.0
2020.06.02,8240.0,205.0,8040.0,8240.0,8040.0,15409.0
2020.06.01,8035.0,360.0,7705.0,8040.0,7705.0,9692.0
2020.05.29,7675.0,-55.0,7855.0,7855.0,7600.0,7243.0
2020.05.28,7730.0,110.0,7785.0,7785.0,7600.0,11228.0
2020.05.27,7620.0,-20.0,7855.0,7855.0,7590.0,2510.0
2020.05.26,7640.0,300.0,7385.0,7640.0,7385.0,8528.0
2020.05.25,7340.0,-185.0,7645.0,7645.0,7270.0,6066.0
2020.05.22,7525.0,-250.0,7855.0,7855.0,7460.0,2930.0
2020.05.21,7775.0,-5.0,7965.0,7965.0,7745.0,697.0
2020.05.20,7780.0,145.0,7600.0,7820.0,7600.0,800.0
2020.05.19,7635.0,315.0,7525.0,7650.0,7520.0,8388.0
2020.05.18,7320.0,-25.0,7370.0,7380.0,7305.0,3213.0
2020.05.15,7345.0,35.0,7400.0,7400.0,7280.0,586.0
2020.05.14,7310.0,-145.0,7555.0,7555.0,7200.0,1065.0
2020.05.13,7455.0,40.0,7500.0,7500.0,7275.0,5086.0
2020.05.12,7415.0,-135.0,7600.0,7600.0,7410.0,4116.0
2020.05.11,7550.0,205.0,7415.0,7600.0,7415.0,3030.0
2020.05.08,7345.0,140.0,7225.0,7355.0,7225.0,1053.0
2020.05.07,7205.0,60.0,7230.0,7265.0,7165.0,9789.0
2020.05.06,7145.0,-35.0,7140.0,7145.0,7070.0,6051.0
2020.05.04,7180.0,-305.0,7465.0,7465.0,7170.0,10863.0
2020.04.29,7485.0,205.0,7340.0,7530.0,7340.0,16287.0
2020.04.28,7280.0,85.0,7275.0,7280.0,7190.0,1095.0
2020.04.27,7195.0,130.0,7145.0,7195.0,6950.0,7389.0
2020.04.24,7065.0,-55.0,7120.0,7160.0,6965.0,2169.0
2020.04.23,7120.0,145.0,7010.0,7120.0,7010.0,1086.0
2020.04.22,6975.0,-70.0,6730.0,6975.0,6730.0,1252.0
2020.04.21,7045.0,-260.0,7305.0,7305.0,7005.0,6785.0
2020.04.20,7305.0,50.0,7340.0,7340.0,7260.0,4859.0
2020.04.17,7255.0,235.0,7295.0,7310.0,7130.0,5714.0
2020.04.16,7020.0,-90.0,7025.0,7065.0,6975.0,4531.0
2020.04.14,7110.0,110.0,6950.0,7115.0,6945.0,3963.0
2020.04.13,7000.0,-195.0,7090.0,7090.0,6995.0,4714.0
2020.04.10,7195.0,200.0,7160.0,7195.0,7080.0,3294.0
2020.04.09,6995.0,40.0,6980.0,7010.0,6920.0,3431.0
2020.04.08,6955.0,160.0,6800.0,7035.0,6800.0,2475.0
2020.04.07,6795.0,350.0,6455.0,6795.0,6455.0,2744.0
2020.04.06,6445.0,195.0,6250.0,6450.0,6205.0,10947.0
2020.04.03,6250.0,-20.0,6720.0,6720.0,6245.0,3359.0
2020.04.02,6270.0,-85.0,6190.0,6270.0,6120.0,3472.0
2020.04.01,6355.0,-5.0,6360.0,6530.0,6340.0,1210.0
2020.03.31,6360.0,35.0,6735.0,6735.0,6300.0,4787.0
2020.03.30,6325.0,-355.0,6675.0,6675.0,6260.0,1952.0
2020.03.27,6680.0,240.0,6440.0,6800.0,6440.0,6206.0
2020.03.26,6440.0,275.0,6230.0,6540.0,6230.0,2532.0
2020.03.25,6165.0,555.0,5695.0,6165.0,5695.0,5425.0
2020.03.24,5610.0,205.0,5340.0,5610.0,5340.0,5570.0
2020.03.23,5405.0,-360.0,5545.0,5745.0,5320.0,4637.0
2020.03.20,5765.0,390.0,5365.0,5765.0,5365.0,7425.0
2020.03.19,5375.0,-580.0,5920.0,5920.0,5200.0,2506.0
2020.03.18,5955.0,-450.0,6235.0,6245.0,5955.0,2324.0
2020.03.17,6405.0,-425.0,6815.0,6815.0,6290.0,4919.0
2020.03.16,6830.0,-300.0,7205.0,7270.0,6770.0,3394.0
2020.03.13,7130.0,-880.0,4155.0,7280.0,4155.0,27930.0
2020.03.12,8010.0,-695.0,8705.0,8705.0,7935.0,4405.0
2020.03.11,8705.0,-145.0,8950.0,8950.0,8695.0,958.0
2020.03.10,8850.0,-220.0,9540.0,9540.0,8500.0,1702.0
2020.03.09,9070.0,-1090.0,9150.0,9550.0,9055.0,4269.0
2020.03.06,10160.0,-370.0,10220.0,10315.0,10015.0,1710.0
2020.03.05,10530.0,215.0,10360.0,10530.0,10300.0,4742.0
2020.03.04,10315.0,235.0,10105.0,10350.0,10100.0,16617.0
2020.03.03,10080.0,235.0,10050.0,10245.0,10025.0,4225.0
2020.03.02,9845.0,65.0,9760.0,9870.0,9540.0,3599.0
2020.02.28,9780.0,-415.0,10195.0,10200.0,9725.0,8008.0
2020.02.27,10195.0,-305.0,10380.0,10380.0,10170.0,2664.0
2020.02.26,10500.0,-320.0,10700.0,10700.0,10435.0,2762.0
2020.02.25,10820.0,-135.0,10630.0,10885.0,10630.0,2093.0
2020.02.24,10955.0,-475.0,10710.0,11320.0,10710.0,6335.0
2020.02.21,11430.0,-270.0,11360.0,11525.0,11360.0,1851.0
2020.02.20,11700.0,85.0,11750.0,11775.0,11600.0,1916.0
2020.02.19,11615.0,35.0,11565.0,11645.0,11485.0,964.0
2020.02.18,11580.0,-275.0,11525.0,11805.0,11525.0,1756.0
2020.02.17,11855.0,75.0,11255.0,11855.0,11255.0,2066.0
2020.02.14,11780.0,-105.0,11805.0,11955.0,11780.0,15959.0
2020.02.13,11885.0,180.0,11800.0,11945.0,11740.0,1144.0
2020.02.12,11705.0,185.0,11555.0,11705.0,11515.0,785.0
2020.02.11,11520.0,80.0,11395.0,11520.0,11385.0,4403.0
2020.02.10,11440.0,-180.0,11425.0,11450.0,11175.0,1619.0
2020.02.07,11620.0,-200.0,11795.0,11795.0,11475.0,2364.0
2020.02.06,11820.0,370.0,11700.0,11820.0,11420.0,1256.0
2020.02.05,11450.0,315.0,11175.0,11535.0,11175.0,2654.0
2020.02.04,11135.0,325.0,10850.0,11135.0,10850.0,2535.0
2020.02.03,10810.0,-235.0,10760.0,10875.0,10380.0,2300.0
2020.01.31,11045.0,-60.0,11115.0,11190.0,11045.0,1379.0
2020.01.30,11105.0,-385.0,11600.0,11600.0,11105.0,1995.0
2020.01.29,11490.0,195.0,11450.0,11580.0,11400.0,3647.0
2020.01.28,11295.0,-955.0,11085.0,11480.0,11085.0,2840.0
2020.01.23,12250.0,-280.0,12370.0,12490.0,12150.0,1020.0
2020.01.22,12530.0,15.0,12420.0,12535.0,11680.0,1712.0
2020.01.21,12515.0,-345.0,12930.0,12930.0,12500.0,1010.0
2020.01.20,12860.0,250.0,12900.0,12900.0,12775.0,1046.0
2020.01.17,12610.0,65.0,12795.0,12795.0,12610.0,268.0
2020.01.16,12545.0,-135.0,12650.0,12650.0,12545.0,451.0
2020.01.15,12680.0,-120.0,12875.0,12875.0,12680.0,776.0
2020.01.14,12800.0,110.0,12720.0,12855.0,12710.0,2007.0
2020.01.13,12690.0,140.0,12550.0,12690.0,12430.0,961.0
2020.01.10,12550.0,190.0,12290.0,12550.0,12290.0,1226.0
2020.01.09,12360.0,315.0,12170.0,12360.0,12065.0,1170.0
2020.01.08,12045.0,-40.0,12110.0,12110.0,11950.0,2277.0
2020.01.07,12085.0,25.0,12055.0,12110.0,12050.0,467.0
2020.01.06,12060.0,-285.0,12300.0,12375.0,12055.0,2432.0
2020.01.03,12345.0,75.0,12650.0,12650.0,12335.0,6421.0
2020.01.02,12270.0,-50.0,12185.0,12295.0,12185.0,6831.0
2019.12.30,12320.0,60.0,12260.0,12320.0,12205.0,752.0
2019.12.27,12260.0,190.0,12090.0,12280.0,12090.0,4276.0
2019.12.26,12070.0,95.0,12065.0,12070.0,12050.0,262.0
2019.12.24,11975.0,50.0,12015.0,12120.0,11975.0,2045.0
2019.12.23,11925.0,-45.0,11970.0,12015.0,11925.0,1085.0
2019.12.20,11970.0,85.0,11905.0,12000.0,11905.0,322.0
2019.12.19,11885.0,-80.0,11965.0,12085.0,11885.0,1735.0
2019.12.18,11965.0,120.0,11855.0,11985.0,11855.0,3984.0
2019.12.17,11845.0,150.0,11660.0,11845.0,11560.0,5853.0
2019.12.16,11695.0,120.0,11625.0,11710.0,11610.0,2047.0
2019.12.13,11575.0,465.0,11215.0,11595.0,11215.0,3075.0
2019.12.12,11110.0,230.0,10955.0,11130.0,10955.0,47397.0
2019.12.11,10880.0,-5.0,10805.0,10885.0,10765.0,892.0
2019.12.10,10885.0,-45.0,10880.0,10885.0,10780.0,383.0
2019.12.09,10930.0,120.0,10810.0,10930.0,10810.0,159.0
2019.12.06,10810.0,195.0,10795.0,10825.0,10680.0,718.0
2019.12.05,10615.0,210.0,10575.0,10615.0,10570.0,298.0
2019.12.04,10405.0,-220.0,10540.0,10540.0,10370.0,5562.0
2019.12.03,10625.0,-95.0,10615.0,10630.0,10540.0,673.0
2019.12.02,10720.0,140.0,10675.0,10755.0,10605.0,172.0
2019.11.29,10580.0,-275.0,10810.0,10890.0,10580.0,2887.0
2019.11.28,10855.0,-40.0,10850.0,10940.0,10840.0,224.0
2019.11.27,10895.0,-40.0,11130.0,11130.0,10780.0,171.0
2019.11.26,10935.0,15.0,10620.0,11005.0,10620.0,1609.0
2019.11.25,10920.0,180.0,10775.0,10920.0,10775.0,388.0
2019.11.22,10740.0,140.0,10765.0,10775.0,10660.0,129.0
2019.11.21,10600.0,-275.0,11015.0,11015.0,10590.0,3247.0
2019.11.20,10875.0,-95.0,10910.0,10940.0,10860.0,985.0
2019.11.19,10970.0,85.0,10950.0,10975.0,10760.0,524.0
2019.11.18,10885.0,125.0,10910.0,10925.0,10850.0,511.0
2019.11.15,10760.0,210.0,10715.0,10830.0,10640.0,242.0
2019.11.14,10550.0,-255.0,11105.0,11105.0,10550.0,1555.0
2019.11.13,10805.0,-190.0,11210.0,11210.0,10800.0,948.0
2019.11.12,10995.0,75.0,11030.0,11030.0,10865.0,1278.0
2019.11.11,10920.0,-370.0,11480.0,11480.0,10920.0,3520.0
2019.11.08,11290.0,70.0,11220.0,11410.0,11220.0,689.0
2019.11.07,11220.0,-90.0,11245.0,11245.0,11120.0,1578.0
2019.11.06,11310.0,30.0,11300.0,11310.0,11225.0,2391.0
2019.11.05,11280.0,265.0,11090.0,11280.0,11090.0,1664.0
2019.11.04,11015.0,270.0,10755.0,11055.0,10755.0,912.0
2019.11.01,10745.0,40.0,10645.0,10745.0,10645.0,831.0
2019.10.31,10705.0,-40.0,10690.0,10770.0,10690.0,469.0
2019.10.30,10745.0,-5.0,10685.0,10750.0,10635.0,739.0
2019.10.29,10750.0,70.0,10785.0,10785.0,10705.0,580.0
2019.10.28,10680.0,45.0,10605.0,10690.0,10605.0,997.0
2019.10.25,10635.0,60.0,10580.0,10665.0,10580.0,969.0
2019.10.24,10575.0,130.0,10465.0,10580.0,10465.0,269.0
2019.10.23,10445.0,-15.0,10515.0,10545.0,10415.0,433.0
2019.10.22,10460.0,110.0,10415.0,10490.0,10410.0,518.0
2019.10.21,10350.0,-15.0,10365.0,10365.0,10335.0,1135.0
2019.10.18,10365.0,-5.0,10375.0,10475.0,10365.0,377.0
2019.10.17,10370.0,120.0,10365.0,10375.0,10340.0,2778.0
2019.10.16,10250.0,-55.0,10290.0,10320.0,10215.0,1063.0
2019.10.15,10305.0,60.0,10305.0,10325.0,10210.0,1402.0
2019.10.14,10245.0,285.0,10150.0,10300.0,10140.0,1585.0
2019.10.11,9960.0,175.0,9820.0,9970.0,9820.0,651.0
2019.10.10,9785.0,-175.0,9755.0,9805.0,9635.0,1375.0
2019.10.08,9960.0,55.0,9800.0,9960.0,9800.0,1318.0
2019.10.07,9905.0,145.0,9900.0,9905.0,9840.0,67.0
2019.10.04,9760.0,-15.0,9770.0,9770.0,9755.0,161.0
2019.10.02,9775.0,-165.0,9875.0,9875.0,9770.0,273.0
2019.10.01,9940.0,40.0,9920.0,9960.0,9910.0,477.0
2019.09.30,9900.0,-165.0,9920.0,9960.0,9900.0,116.0
2019.09.27,10065.0,-5.0,10140.0,10140.0,10000.0,204.0
2019.09.26,10070.0,15.0,10055.0,10095.0,10055.0,90.0
2019.09.25,10055.0,-95.0,10175.0,10175.0,9985.0,276.0
2019.09.24,10150.0,-185.0,10220.0,10225.0,10135.0,1154.0
2019.09.23,10335.0,60.0,10115.0,10335.0,10115.0,2547.0
2019.09.20,10275.0,-15.0,10380.0,10380.0,10185.0,670.0
2019.09.19,10290.0,-10.0,10330.0,10330.0,10235.0,1456.0
2019.09.18,10300.0,-50.0,10400.0,10400.0,10280.0,261.0
2019.09.17,10350.0,-35.0,10475.0,10475.0,10345.0,1608.0
2019.09.16,10385.0,155.0,10350.0,10420.0,10300.0,5525.0
2019.09.11,10230.0,75.0,10155.0,10230.0,10155.0,226.0
2019.09.10,10155.0,-10.0,10360.0,10360.0,10095.0,766.0
2019.09.09,10165.0,75.0,10335.0,10335.0,10050.0,430.0
2019.09.06,10090.0,175.0,9965.0,10090.0,9960.0,1856.0
2019.09.05,9915.0,265.0,9855.0,9995.0,9845.0,5491.0
2019.09.04,9650.0,120.0,9460.0,9650.0,9460.0,271.0
2019.09.03,9530.0,-175.0,9665.0,9665.0,9520.0,574.0
2019.09.02,9705.0,200.0,9505.0,9705.0,9505.0,670.0
2019.08.30,9505.0,255.0,9460.0,9505.0,9440.0,258.0
2019.08.29,9250.0,-65.0,9305.0,9305.0,9215.0,314.0
2019.08.28,9315.0,140.0,9360.0,9360.0,9240.0,125.0
2019.08.27,9175.0,35.0,9150.0,9175.0,9140.0,437.0
2019.08.26,9140.0,-370.0,9230.0,9330.0,9100.0,534.0
2019.08.23,9510.0,-55.0,9495.0,9510.0,9410.0,182.0
2019.08.22,9565.0,-50.0,9660.0,9660.0,9540.0,798.0
2019.08.21,9615.0,20.0,9595.0,9615.0,9490.0,238.0
2019.08.20,9595.0,115.0,9500.0,9600.0,9480.0,416.0
2019.08.19,9480.0,80.0,9385.0,9480.0,9375.0,1362.0
2019.08.16,9400.0,-90.0,9225.0,9400.0,9225.0,718.0
2019.08.14,9490.0,180.0,9450.0,9515.0,9420.0,675.0
2019.08.13,9310.0,-345.0,9455.0,9460.0,9290.0,2667.0
2019.08.12,9655.0,-65.0,9845.0,9845.0,9600.0,646.0
2019.08.09,9720.0,130.0,9670.0,9765.0,9670.0,369.0
2019.08.08,9590.0,190.0,9485.0,9610.0,9475.0,1144.0
2019.08.07,9400.0,135.0,9405.0,9405.0,9325.0,492.0
2019.08.06,9265.0,-345.0,9255.0,9355.0,9200.0,3042.0
2019.08.05,9610.0,-580.0,9950.0,9950.0,9590.0,1693.0
2019.08.02,10190.0,-1295.0,10500.0,10500.0,10130.0,4192.0
2019.08.01,11485.0,640.0,10695.0,11485.0,10590.0,839.0
2019.07.31,10845.0,-170.0,10830.0,10850.0,10750.0,511.0
2019.07.30,11015.0,220.0,11015.0,11015.0,11015.0,285.0
2019.07.29,10795.0,-285.0,10910.0,10910.0,10795.0,669.0
2019.07.26,11080.0,-70.0,11055.0,11080.0,11010.0,149.0
2019.07.25,11150.0,-45.0,11105.0,11150.0,11105.0,411.0
2019.07.24,11195.0,65.0,11100.0,11250.0,11095.0,1220.0
2019.07.23,11130.0,-100.0,11155.0,11155.0,11075.0,622.0
2019.07.22,11230.0,0.0,11240.0,11240.0,11200.0,103.0
2019.07.19,11230.0,120.0,11110.0,11300.0,11110.0,920.0
2019.07.18,11110.0,-15.0,11065.0,11110.0,11015.0,127.0
2019.07.17,11125.0,-110.0,11240.0,11240.0,11125.0,1292.0
2019.07.16,11235.0,80.0,11485.0,11485.0,11170.0,320.0
2019.07.15,11155.0,20.0,11105.0,11155.0,10985.0,574.0
2019.07.12,11135.0,-30.0,11300.0,11300.0,11135.0,1995.0
2019.07.11,11165.0,145.0,11170.0,11250.0,11165.0,874.0
2019.07.10,11020.0,105.0,10875.0,11020.0,10875.0,908.0
2019.07.09,10915.0,-30.0,10910.0,11015.0,10855.0,820.0
2019.07.08,10945.0,-410.0,11240.0,11240.0,10945.0,995.0
2019.07.05,11355.0,10.0,11355.0,11405.0,11355.0,670.0
2019.07.04,11345.0,95.0,11345.0,11365.0,11275.0,917.0
2019.07.03,11250.0,-165.0,11440.0,11440.0,11245.0,902.0
2019.07.02,11415.0,195.0,11355.0,11430.0,11300.0,1560.0
2019.07.01,11220.0,90.0,11265.0,11295.0,11210.0,1340.0
2019.06.28,11130.0,-25.0,11150.0,11205.0,11130.0,180.0
2019.06.27,11155.0,210.0,10945.0,11175.0,10945.0,8999.0
2019.06.26,10945.0,-70.0,10895.0,10980.0,10890.0,155.0
2019.06.25,11015.0,-205.0,11180.0,11210.0,10995.0,584.0
2019.06.24,11220.0,65.0,11215.0,11220.0,11115.0,255.0
2019.06.21,11155.0,25.0,10540.0,11250.0,10540.0,5287.0
2019.06.20,11130.0,350.0,10900.0,11130.0,10900.0,10504.0
2019.06.19,10780.0,540.0,10600.0,10780.0,10600.0,2670.0
2019.06.18,10240.0,-10.0,10260.0,10290.0,10210.0,165.0
2019.06.17,10250.0,-165.0,10240.0,10390.0,10240.0,819.0
2019.06.14,10415.0,-80.0,10485.0,10485.0,10390.0,446.0
2019.06.13,10495.0,-30.0,10525.0,10560.0,10425.0,225.0
2019.06.12,10525.0,-150.0,10610.0,10640.0,10525.0,382.0
2019.06.11,10675.0,245.0,10455.0,10675.0,10455.0,964.0
2019.06.10,10430.0,300.0,10255.0,10430.0,10195.0,1157.0
2019.06.07,10130.0,-135.0,10245.0,10245.0,10130.0,468.0
2019.06.05,10265.0,80.0,10185.0,10270.0,10150.0,722.0
2019.06.04,10185.0,100.0,10295.0,10295.0,10180.0,1736.0
2019.06.03,10085.0,145.0,10070.0,10085.0,10030.0,841.0
2019.05.31,9940.0,60.0,9955.0,10040.0,9940.0,1423.0
2019.05.30,9880.0,160.0,9825.0,9880.0,9820.0,305.0
2019.05.29,9720.0,-155.0,9780.0,9780.0,9675.0,818.0
2019.05.28,9875.0,35.0,9825.0,9885.0,9825.0,3144.0
2019.05.27,9840.0,5.0,9820.0,9840.0,9760.0,406.0
2019.05.24,9835.0,-95.0,9955.0,9955.0,9720.0,728.0
2019.05.23,9930.0,-90.0,10075.0,10075.0,9720.0,267.0
2019.05.22,10020.0,35.0,9985.0,10040.0,9980.0,239.0
2019.05.21,9985.0,-15.0,9550.0,10055.0,9550.0,3951.0
2019.05.20,10000.0,-150.0,10150.0,10150.0,9920.0,1193.0
2019.05.17,10150.0,-220.0,10300.0,10350.0,10150.0,2006.0
2019.05.16,10370.0,-20.0,10580.0,10580.0,10295.0,478.0
2019.05.15,10390.0,110.0,10280.0,10395.0,10280.0,1424.0
2019.05.14,10280.0,-330.0,10550.0,10905.0,10135.0,8442.0
2019.05.13,10610.0,-205.0,10255.0,10740.0,10255.0,4965.0
2019.05.10,10815.0,0.0,10700.0,10885.0,10625.0,1378.0
2019.05.09,10815.0,-330.0,11080.0,11090.0,10715.0,4302.0
2019.05.08,11145.0,-235.0,11350.0,11350.0,11145.0,1178.0
2019.05.07,11380.0,-345.0,11725.0,11725.0,11315.0,2028.0
2019.05.03,11725.0,-120.0,11650.0,11745.0,11640.0,373.0
2019.05.02,11845.0,5.0,12090.0,12090.0,11735.0,880.0
2019.04.30,11840.0,30.0,11970.0,11970.0,11805.0,1090.0
2019.04.29,11810.0,140.0,11850.0,11850.0,11705.0,13311.0
2019.04.26,11670.0,-115.0,11715.0,11715.0,11580.0,3819.0
2019.04.25,11785.0,-180.0,11900.0,11905.0,11785.0,319.0
2019.04.24,11965.0,-130.0,12085.0,12105.0,11890.0,681.0
2019.04.23,12095.0,-40.0,12085.0,12095.0,11920.0,2438.0
2019.04.22,12135.0,-30.0,12165.0,12195.0,12085.0,734.0
2019.04.19,12165.0,120.0,12045.0,12165.0,12045.0,342.0
2019.04.18,12045.0,-105.0,12240.0,12240.0,12040.0,425.0
2019.04.17,12150.0,100.0,12055.0,12150.0,12055.0,1100.0
2019.04.16,12050.0,-50.0,12015.0,12050.0,11910.0,2292.0
2019.04.15,12100.0,120.0,12055.0,12135.0,12045.0,1987.0
2019.04.12,11980.0,-120.0,12130.0,12130.0,11885.0,2229.0
2019.04.11,12100.0,-35.0,12130.0,12190.0,12090.0,17762.0
2019.04.10,12135.0,35.0,12140.0,12140.0,12080.0,2515.0
2019.04.09,12100.0,115.0,12025.0,12115.0,12025.0,2539.0
2019.04.08,11985.0,105.0,11880.0,12020.0,11880.0,9742.0
2019.04.05,11880.0,80.0,11800.0,11885.0,11800.0,2122.0
2019.04.04,11800.0,10.0,11815.0,11850.0,11790.0,3937.0
2019.04.03,11790.0,185.0,11620.0,11790.0,11620.0,1805.0
2019.04.02,11605.0,100.0,11675.0,11695.0,11580.0,1211.0
2019.04.01,11505.0,295.0,11435.0,11550.0,11350.0,884.0
2019.03.29,11210.0,190.0,11020.0,11250.0,11020.0,675.0
2019.03.28,11020.0,-230.0,11250.0,11250.0,10970.0,639.0
2019.03.27,11250.0,175.0,11295.0,11390.0,11115.0,1123.0
2019.03.26,11075.0,-75.0,11150.0,11155.0,11075.0,4030.0
2019.03.25,11150.0,-545.0,11655.0,11655.0,11110.0,2495.0
2019.03.22,11695.0,-55.0,11750.0,11750.0,11625.0,32877.0
2019.03.21,11750.0,70.0,11665.0,11750.0,11665.0,1310.0
2019.03.20,11680.0,85.0,11610.0,11680.0,11530.0,12061.0
2019.03.19,11595.0,125.0,11485.0,11735.0,11485.0,9051.0
2019.03.18,11470.0,200.0,11300.0,11495.0,11270.0,10886.0
2019.03.15,11270.0,30.0,11270.0,11285.0,11215.0,347.0
2019.03.14,11240.0,0.0,11290.0,11300.0,11235.0,274.0
2019.03.13,11240.0,-20.0,11260.0,11305.0,11220.0,3541.0
2019.03.12,11260.0,415.0,11245.0,11265.0,11080.0,1231.0
2019.03.11,10845.0,25.0,10820.0,10845.0,10670.0,1160.0
2019.03.08,10820.0,-410.0,11215.0,11215.0,10820.0,1851.0
2019.03.07,11230.0,-115.0,11340.0,11340.0,11210.0,1759.0
2019.03.06,11345.0,40.0,11495.0,11495.0,11260.0,2966.0
2019.03.05,11305.0,-55.0,11250.0,11305.0,11190.0,11191.0
2019.03.04,11360.0,-40.0,11400.0,11400.0,11250.0,4185.0
2019.02.28,11400.0,-185.0,11545.0,11545.0,11385.0,5538.0
2019.02.27,11585.0,55.0,11565.0,11665.0,11565.0,2423.0
2019.02.26,11530.0,55.0,11565.0,11640.0,11520.0,1237.0
2019.02.25,11475.0,165.0,11485.0,11525.0,11385.0,5776.0
2019.02.22,11310.0,-10.0,11285.0,11310.0,11195.0,458.0
2019.02.21,11320.0,125.0,11380.0,11380.0,11225.0,1638.0
2019.02.20,11195.0,180.0,11015.0,11200.0,11015.0,521.0
2019.02.19,11015.0,20.0,10995.0,11100.0,10955.0,3897.0
2019.02.18,10995.0,165.0,11250.0,11250.0,10710.0,2986.0
2019.02.15,10830.0,-265.0,11035.0,11040.0,10830.0,3647.0
2019.02.14,11095.0,-125.0,11200.0,11200.0,10995.0,9090.0
2019.02.13,11220.0,160.0,11160.0,11220.0,11125.0,10266.0
2019.02.12,11060.0,10.0,11200.0,11200.0,10980.0,1907.0
2019.02.11,11050.0,15.0,11035.0,11060.0,10925.0,2341.0
2019.02.08,11035.0,-255.0,11130.0,11130.0,10925.0,3805.0
2019.02.07,11290.0,10.0,11485.0,11485.0,11280.0,2432.0
2019.02.01,11280.0,170.0,11110.0,11410.0,11110.0,2258.0
2019.01.31,11110.0,210.0,11100.0,11260.0,11035.0,5481.0
2019.01.30,10900.0,25.0,10960.0,10960.0,10810.0,4479.0
2019.01.29,10875.0,-100.0,10720.0,10885.0,10720.0,1412.0
2019.01.28,10975.0,160.0,10905.0,11035.0,10885.0,2697.0
2019.01.25,10815.0,320.0,10500.0,10860.0,10500.0,1858.0
2019.01.24,10495.0,85.0,10410.0,10580.0,10410.0,2251.0
2019.01.23,10410.0,-135.0,10405.0,10510.0,10405.0,4504.0
2019.01.22,10545.0,-150.0,10800.0,10800.0,10525.0,1274.0
2019.01.21,10695.0,175.0,10615.0,10735.0,10600.0,1682.0
2019.01.18,10520.0,15.0,10535.0,10575.0,10515.0,438.0
2019.01.17,10505.0,85.0,10300.0,10540.0,10300.0,1618.0
2019.01.16,10420.0,145.0,10365.0,10420.0,10280.0,736.0
2019.01.15,10275.0,225.0,10085.0,10345.0,10085.0,3946.0
2019.01.14,10050.0,-210.0,10260.0,10325.0,10050.0,4857.0
2019.01.11,10260.0,0.0,10295.0,10335.0,10210.0,2894.0
2019.01.10,10260.0,265.0,10150.0,10290.0,10150.0,1920.0
2019.01.09,9995.0,185.0,9850.0,10050.0,9830.0,2598.0
2019.01.08,9810.0,20.0,9850.0,9895.0,9810.0,2799.0
2019.01.07,9790.0,460.0,9500.0,9815.0,9500.0,1699.0
2019.01.04,9330.0,70.0,9005.0,9340.0,9005.0,941.0
2019.01.03,9260.0,-160.0,9375.0,9375.0,9250.0,456.0
2019.01.02,9420.0,-90.0,9640.0,9640.0,9335.0,292.0
2018.12.28,9510.0,175.0,9415.0,9510.0,9360.0,1158.0
2018.12.27,9335.0,190.0,9110.0,9395.0,9110.0,1781.0
2018.12.26,9145.0,-155.0,9000.0,9255.0,9000.0,2444.0
2018.12.24,9300.0,-55.0,9355.0,9355.0,9300.0,104.0
2018.12.21,9355.0,-165.0,9385.0,9440.0,9345.0,853.0
2018.12.20,9520.0,-130.0,9590.0,9590.0,9400.0,1714.0
2018.12.19,9650.0,60.0,9510.0,9650.0,9510.0,1975.0
2018.12.18,9590.0,-160.0,9655.0,9655.0,9540.0,892.0
2018.12.17,9750.0,-125.0,9755.0,9765.0,9730.0,280.0
2018.12.14,9875.0,-190.0,10035.0,10035.0,9780.0,823.0
2018.12.13,10065.0,315.0,9930.0,10065.0,9860.0,2894.0
2018.12.12,9750.0,275.0,9470.0,9750.0,9470.0,919.0
2018.12.11,9475.0,-230.0,9800.0,9800.0,9475.0,4315.0
2018.12.10,9705.0,-275.0,9980.0,9980.0,9705.0,768.0
2018.12.07,9980.0,20.0,10100.0,10100.0,9885.0,1602.0
2018.12.06,9960.0,-450.0,10250.0,10250.0,9960.0,1501.0
2018.12.05,10410.0,-220.0,10200.0,10545.0,10200.0,1288.0
2018.12.04,10630.0,20.0,10730.0,10730.0,10585.0,1658.0
2018.12.03,10610.0,220.0,10490.0,10625.0,10265.0,2539.0
2018.11.30,10390.0,150.0,10325.0,10390.0,10325.0,10584.0
2018.11.29,10240.0,205.0,10375.0,10375.0,10230.0,4527.0
2018.11.28,10035.0,170.0,9890.0,10065.0,9890.0,118.0
2018.11.27,9865.0,20.0,9845.0,9865.0,9790.0,441.0
2018.11.26,9845.0,20.0,9745.0,9880.0,9745.0,13.0
2018.11.23,9825.0,15.0,9900.0,9900.0,9775.0,838.0
2018.11.22,9810.0,60.0,9750.0,9820.0,9750.0,2204.0
2018.11.21,9750.0,-240.0,9745.0,9755.0,9700.0,462.0
2018.11.20,9990.0,-130.0,9985.0,10025.0,9970.0,1358.0
2018.11.19,10120.0,210.0,10050.0,10140.0,10020.0,2043.0
2018.11.16,9910.0,120.0,9880.0,10050.0,9880.0,301.0
2018.11.15,9790.0,165.0,9750.0,9875.0,9680.0,544.0
2018.11.14,9625.0,-35.0,9525.0,9630.0,9525.0,505.0
2018.11.13,9660.0,-120.0,9535.0,9660.0,9445.0,414.0
2018.11.12,9780.0,-155.0,9860.0,9860.0,9740.0,72.0
2018.11.09,9935.0,-410.0,10160.0,10160.0,9925.0,1150.0
2018.11.08,10345.0,5.0,10400.0,10470.0,10345.0,1345.0
2018.11.07,10340.0,130.0,10365.0,10365.0,10140.0,2901.0
2018.11.06,10210.0,135.0,10215.0,10225.0,10115.0,483.0
2018.11.05,10075.0,-80.0,9550.0,10365.0,9550.0,2113.0
2018.11.02,10155.0,540.0,9750.0,10280.0,9750.0,4152.0
2018.11.01,9615.0,425.0,9500.0,9645.0,9500.0,421.0
2018.10.31,9190.0,80.0,9095.0,9195.0,9095.0,81.0
2018.10.30,9110.0,-35.0,9145.0,9145.0,9000.0,484.0
2018.10.29,9145.0,-15.0,9160.0,9240.0,9140.0,1525.0
2018.10.26,9160.0,-40.0,9185.0,9185.0,9070.0,443.0
2018.10.25,9200.0,-415.0,9505.0,9505.0,9105.0,640.0
2018.10.24,9615.0,-105.0,9640.0,9720.0,9540.0,293.0
2018.10.23,9720.0,-245.0,10135.0,10135.0,9675.0,636.0
2018.10.22,9965.0,90.0,9775.0,9985.0,9645.0,3867.0
2018.10.19,9875.0,-55.0,9770.0,9875.0,9665.0,519.0
2018.10.18,9930.0,-125.0,9975.0,10055.0,9930.0,604.0
2018.10.17,10055.0,320.0,10010.0,10150.0,10010.0,181.0
2018.10.16,9735.0,15.0,9745.0,9840.0,9735.0,372.0
2018.10.15,9720.0,-95.0,9825.0,9895.0,9720.0,1719.0
2018.10.12,9815.0,305.0,9595.0,9825.0,9470.0,1339.0
2018.10.11,9510.0,-825.0,10045.0,10060.0,9345.0,4224.0
2018.10.10,10335.0,75.0,10260.0,10360.0,10245.0,1974.0
2018.10.08,10260.0,-230.0,10435.0,10435.0,10220.0,757.0
2018.10.05,10490.0,-145.0,10630.0,10630.0,10480.0,283.0
2018.10.04,10635.0,-395.0,10960.0,11065.0,10635.0,549.0
2018.10.02,11030.0,-435.0,11465.0,11465.0,11030.0,621.0
2018.10.01,11465.0,-40.0,11505.0,11505.0,11400.0,398.0
2018.09.28,11505.0,10.0,11405.0,11580.0,11405.0,1483.0
2018.09.27,11495.0,65.0,11445.0,11495.0,11395.0,450.0
2018.09.21,11430.0,255.0,11210.0,11445.0,11210.0,1457.0
2018.09.20,11175.0,120.0,11090.0,11220.0,11080.0,782.0
2018.09.19,11055.0,330.0,10765.0,11055.0,10765.0,361.0
2018.09.18,10725.0,-70.0,10795.0,10795.0,10630.0,780.0
2018.09.17,10795.0,-190.0,10985.0,11005.0,10795.0,1292.0
2018.09.14,10985.0,395.0,10610.0,10995.0,10610.0,1397.0
2018.09.13,10590.0,140.0,10370.0,10650.0,10370.0,3336.0
2018.09.12,10450.0,-80.0,10575.0,10575.0,10390.0,803.0
2018.09.11,10530.0,-280.0,10715.0,10720.0,10530.0,4568.0
2018.09.10,10810.0,-110.0,10570.0,10855.0,10570.0,971.0
2018.09.07,10920.0,80.0,10840.0,10920.0,10810.0,1148.0
2018.09.06,10840.0,-295.0,11350.0,11350.0,10805.0,2216.0
2018.09.05,11135.0,-315.0,11405.0,11405.0,11135.0,627.0
2018.09.04,11450.0,0.0,11450.0,11475.0,11450.0,104.0
2018.09.03,11450.0,-295.0,11695.0,11695.0,11410.0,1693.0
2018.08.31,11745.0,-260.0,11815.0,11815.0,11650.0,1002.0
2018.08.30,12005.0,45.0,11955.0,12015.0,11900.0,332.0
2018.08.29,11960.0,-130.0,11955.0,12090.0,11955.0,689.0
2018.08.28,12090.0,390.0,12050.0,12100.0,11970.0,1203.0
2018.08.27,11700.0,235.0,11465.0,11810.0,11465.0,3579.0
2018.08.24,11465.0,-70.0,11420.0,11470.0,11420.0,286.0
2018.08.23,11535.0,45.0,11610.0,11615.0,11485.0,902.0
2018.08.22,11490.0,-25.0,11545.0,11545.0,11355.0,22594.0
2018.08.21,11515.0,435.0,11180.0,11515.0,11175.0,724.0
2018.08.20,11080.0,5.0,11275.0,11275.0,11080.0,1330.0
2018.08.17,11075.0,40.0,10990.0,11100.0,10965.0,1280.0
2018.08.16,11035.0,-445.0,11105.0,11105.0,10850.0,4608.0
2018.08.14,11480.0,100.0,11385.0,11480.0,11330.0,22750.0
2018.08.13,11380.0,-690.0,12010.0,12010.0,11335.0,3993.0
2018.08.10,12070.0,-290.0,12260.0,12260.0,12070.0,589.0
2018.08.09,12360.0,115.0,12245.0,12360.0,12245.0,393.0
2018.08.08,12245.0,115.0,12270.0,12405.0,12235.0,990.0
2018.08.07,12130.0,65.0,12065.0,12170.0,12065.0,252.0
2018.08.06,12065.0,75.0,12270.0,12270.0,12065.0,1676.0
2018.08.03,11990.0,-80.0,12410.0,12410.0,11930.0,1374.0
2018.08.02,12070.0,-440.0,12580.0,12580.0,12065.0,2264.0
2018.08.01,12510.0,70.0,12600.0,12600.0,12480.0,242.0
2018.07.31,12440.0,-110.0,12510.0,12525.0,12410.0,329.0
2018.07.30,12550.0,50.0,12530.0,12625.0,12510.0,919.0
2018.07.27,12500.0,-20.0,12550.0,12650.0,12475.0,4333.0
2018.07.26,12520.0,190.0,12400.0,12635.0,12400.0,1435.0
2018.07.25,12330.0,185.0,12350.0,12370.0,12225.0,1070.0
2018.07.24,12145.0,145.0,12000.0,12280.0,11990.0,522.0
2018.07.23,12000.0,25.0,11990.0,12160.0,11955.0,778.0
2018.07.20,11975.0,-70.0,11790.0,11980.0,11760.0,3157.0
2018.07.19,12045.0,100.0,12000.0,12045.0,11935.0,2906.0
2018.07.18,11945.0,-55.0,12150.0,12150.0,11945.0,120.0
2018.07.17,12000.0,-115.0,12080.0,12080.0,12000.0,151.0
2018.07.16,12115.0,5.0,12000.0,12130.0,12000.0,4767.0
2018.07.13,12110.0,-25.0,11995.0,12255.0,11995.0,1759.0
2018.07.12,12135.0,0.0,11950.0,12135.0,11940.0,261.0
2018.07.11,12135.0,-165.0,12125.0,12290.0,11970.0,2033.0
2018.07.10,12300.0,170.0,12240.0,12340.0,12240.0,1712.0
2018.07.09,12130.0,360.0,11790.0,12180.0,11790.0,1023.0
2018.07.06,11770.0,260.0,11635.0,11775.0,11630.0,879.0
2018.07.05,11510.0,-190.0,11825.0,11825.0,11505.0,364.0
2018.07.04,11700.0,95.0,11705.0,11895.0,11700.0,351.0
2018.07.03,11605.0,-195.0,11800.0,11910.0,11460.0,793.0
2018.07.02,11800.0,55.0,11515.0,12095.0,11515.0,22976.0
2018.06.29,11745.0,210.0,11535.0,11790.0,11425.0,22487.0
2018.06.28,11535.0,-360.0,11710.0,11710.0,11425.0,2719.0
2018.06.27,11895.0,-115.0,12010.0,12090.0,11895.0,245.0
2018.06.26,12010.0,-250.0,11755.0,12110.0,11755.0,4020.0
2018.06.25,12260.0,-50.0,12350.0,12350.0,12260.0,1895.0
2018.06.22,12310.0,-250.0,12390.0,12390.0,12275.0,1667.0
2018.06.21,12560.0,65.0,12555.0,12745.0,12410.0,2657.0
2018.06.20,12495.0,75.0,13300.0,13300.0,12415.0,1389.0
2018.06.19,12420.0,-505.0,12920.0,12920.0,12420.0,717.0
2018.06.18,12925.0,-325.0,13210.0,13210.0,12925.0,6510.0
2018.06.15,13250.0,-135.0,13600.0,13800.0,13235.0,1026.0
2018.06.14,13385.0,-415.0,13570.0,13600.0,13385.0,1387.0
2018.06.12,13800.0,150.0,13610.0,13800.0,13610.0,786.0
2018.06.11,13650.0,-125.0,14005.0,14005.0,13650.0,2351.0
2018.06.08,13775.0,-425.0,13940.0,14050.0,13700.0,2065.0
2018.06.07,14200.0,105.0,14100.0,14200.0,14100.0,623.0
2018.06.05,14095.0,355.0,13800.0,14095.0,13800.0,6828.0
2018.06.04,13740.0,355.0,13400.0,13755.0,13400.0,1067.0
2018.06.01,13385.0,235.0,13340.0,13410.0,13340.0,3515.0
2018.05.31,13150.0,35.0,13115.0,13250.0,13115.0,2380.0
2018.05.30,13115.0,-480.0,13560.0,13560.0,13085.0,15740.0
2018.05.29,13595.0,-280.0,13750.0,13850.0,13595.0,2404.0
2018.05.28,13875.0,140.0,13840.0,13875.0,13780.0,4348.0
2018.05.25,13735.0,0.0,13735.0,13895.0,13735.0,8975.0
2018.05.24,13735.0,-125.0,13860.0,13860.0,13710.0,3287.0
2018.05.23,13860.0,-25.0,13885.0,14000.0,13830.0,2647.0
2018.05.21,13885.0,-120.0,13920.0,13920.0,13820.0,1302.0
2018.05.18,14005.0,-110.0,14075.0,14075.0,13910.0,3827.0
2018.05.17,14115.0,-5.0,14295.0,14295.0,14115.0,1501.0
2018.05.16,14120.0,-220.0,14100.0,14180.0,14010.0,439.0
2018.05.15,14340.0,-235.0,14575.0,14580.0,14340.0,519.0
2018.05.14,14575.0,110.0,14495.0,14720.0,14495.0,565.0
2018.05.11,14465.0,365.0,13910.0,14480.0,13910.0,2450.0
2018.05.10,14100.0,110.0,13710.0,14155.0,13710.0,3526.0
2018.05.09,13990.0,50.0,14000.0,14025.0,13845.0,1648.0
2018.05.08,13940.0,145.0,13795.0,13990.0,13795.0,2864.0
2018.05.04,13795.0,-210.0,13950.0,13950.0,13700.0,5270.0
2018.05.03,14005.0,-360.0,14015.0,14350.0,13965.0,2100.0
2018.05.02,14365.0,-200.0,14565.0,14565.0,14260.0,1892.0
2018.04.30,14565.0,405.0,14160.0,14635.0,14160.0,4113.0
2018.04.27,14160.0,230.0,14800.0,14800.0,14100.0,1386.0
2018.04.26,13930.0,-195.0,14130.0,14130.0,13920.0,5339.0
2018.04.25,14125.0,-290.0,14280.0,14305.0,14115.0,3502.0
2018.04.24,14415.0,-115.0,14400.0,14960.0,14265.0,5892.0
2018.04.23,14530.0,-270.0,14675.0,14675.0,14445.0,1279.0
2018.04.20,14800.0,-250.0,14945.0,15040.0,14775.0,1514.0
2018.04.19,15050.0,430.0,14810.0,15200.0,14810.0,5023.0
2018.04.18,14620.0,100.0,14620.0,14850.0,14595.0,1588.0
2018.04.17,14520.0,-160.0,14625.0,14705.0,14520.0,783.0
2018.04.16,14680.0,-225.0,15000.0,15000.0,14640.0,883.0
2018.04.13,14905.0,-5.0,15005.0,15005.0,14905.0,344.0
2018.04.12,14910.0,130.0,14780.0,14920.0,14780.0,624.0
2018.04.11,14780.0,80.0,14700.0,14845.0,14700.0,1823.0
2018.04.10,14700.0,-100.0,14800.0,14800.0,14475.0,2960.0
2018.04.09,14800.0,175.0,14615.0,14915.0,14430.0,4281.0
2018.04.06,14625.0,-55.0,14565.0,14805.0,14565.0,3654.0
2018.04.05,14680.0,90.0,14600.0,14680.0,14450.0,2688.0
2018.04.04,14590.0,-150.0,14790.0,14790.0,14445.0,3961.0
2018.04.03,14740.0,-310.0,14850.0,14850.0,14650.0,1601.0
2018.04.02,15050.0,150.0,15140.0,15140.0,14900.0,1157.0
2018.03.30,14900.0,295.0,14605.0,14975.0,14605.0,2432.0
2018.03.29,14605.0,-195.0,14605.0,14605.0,14355.0,6613.0
2018.03.28,14800.0,-435.0,15230.0,15230.0,14770.0,9846.0
2018.03.27,15235.0,580.0,15000.0,15260.0,15000.0,4122.0
2018.03.26,14655.0,-195.0,14560.0,14660.0,14515.0,4470.0
2018.03.23,14850.0,-1055.0,15000.0,15500.0,14850.0,12937.0
2018.03.22,15905.0,50.0,15890.0,16020.0,15845.0,2721.0
2018.03.21,15855.0,70.0,15785.0,15920.0,15750.0,4251.0
2018.03.20,15785.0,-15.0,15600.0,15785.0,15525.0,3410.0
2018.03.19,15800.0,-145.0,16010.0,16010.0,15800.0,4130.0
2018.03.16,15945.0,-110.0,15900.0,16025.0,15900.0,1909.0
2018.03.15,16055.0,-35.0,15950.0,16085.0,15880.0,3774.0
2018.03.14,16090.0,-300.0,16390.0,16390.0,15950.0,4431.0
2018.03.13,16390.0,410.0,16130.0,16390.0,15960.0,4716.0
2018.03.12,15980.0,280.0,15835.0,16095.0,15805.0,13921.0
2018.03.09,15700.0,230.0,15600.0,15700.0,15460.0,32045.0
2018.03.08,15470.0,70.0,15255.0,15600.0,15255.0,2251.0
2018.03.07,15400.0,-45.0,15450.0,15645.0,15345.0,2941.0
2018.03.06,15445.0,520.0,15480.0,15480.0,15100.0,3462.0
2018.03.05,14925.0,-210.0,15235.0,15235.0,14900.0,3543.0
2018.03.02,15135.0,-690.0,15820.0,15820.0,15030.0,15552.0
2018.02.28,15825.0,-450.0,16100.0,16100.0,15735.0,4844.0
2018.02.27,16275.0,25.0,16450.0,16450.0,16255.0,5833.0
2018.02.26,16250.0,305.0,16015.0,16250.0,16015.0,3592.0
2018.02.23,15945.0,235.0,15710.0,15945.0,15600.0,1581.0
2018.02.22,15710.0,-190.0,15765.0,15900.0,15630.0,2060.0
2018.02.21,15900.0,35.0,15665.0,15900.0,15500.0,3335.0
2018.02.20,15865.0,-95.0,15600.0,15960.0,15600.0,17376.0
2018.02.19,15960.0,810.0,15600.0,16395.0,15600.0,6446.0
2018.02.14,15150.0,445.0,14880.0,15150.0,14770.0,2032.0
2018.02.13,14705.0,530.0,14400.0,14830.0,14400.0,5716.0
2018.02.12,14175.0,55.0,14750.0,14750.0,14140.0,6768.0
2018.02.09,14120.0,-1110.0,14900.0,14900.0,13880.0,16517.0
2018.02.08,15230.0,430.0,14790.0,15275.0,14790.0,11087.0
2018.02.07,14800.0,-110.0,15315.0,15815.0,14705.0,48168.0
2018.02.06,14910.0,-1220.0,15850.0,15850.0,14670.0,24035.0
2018.02.05,16130.0,-800.0,16700.0,16700.0,15930.0,15394.0
2018.02.02,16930.0,-170.0,17300.0,17300.0,16790.0,6181.0
2018.02.01,17100.0,115.0,17050.0,17305.0,17050.0,12197.0
2018.01.31,16985.0,-320.0,16315.0,17150.0,16315.0,26679.0
2018.01.30,17305.0,-475.0,17645.0,17645.0,17175.0,12930.0
2018.01.29,17780.0,210.0,17680.0,17855.0,17665.0,10170.0
2018.01.26,17570.0,50.0,17600.0,17625.0,17410.0,4928.0
2018.01.25,17520.0,305.0,17450.0,17530.0,17380.0,7655.0
2018.01.24,17215.0,60.0,17400.0,17400.0,17100.0,11608.0
2018.01.23,17155.0,385.0,16780.0,17155.0,16780.0,12597.0
2018.01.22,16770.0,55.0,16770.0,16770.0,16555.0,4381.0
2018.01.19,16715.0,320.0,16420.0,16750.0,16420.0,5054.0
2018.01.18,16395.0,115.0,16450.0,16450.0,16320.0,3281.0
2018.01.17,16280.0,-60.0,16450.0,16450.0,16205.0,3534.0
2018.01.16,16340.0,105.0,16400.0,16400.0,16125.0,4797.0
2018.01.15,16235.0,275.0,16055.0,16285.0,16055.0,2126.0
2018.01.12,15960.0,360.0,15800.0,15960.0,15680.0,2018.0
2018.01.11,15600.0,-245.0,16095.0,16095.0,15600.0,3337.0
2018.01.10,15845.0,-170.0,15955.0,15965.0,15800.0,5528.0
2018.01.09,16015.0,15.0,16250.0,16250.0,15930.0,4304.0
2018.01.08,16000.0,325.0,15790.0,16000.0,15790.0,6395.0
2018.01.05,15675.0,250.0,15600.0,15725.0,15600.0,2699.0
2018.01.04,15425.0,40.0,15575.0,15575.0,15320.0,1969.0
2018.01.03,15385.0,340.0,15050.0,15400.0,15050.0,8217.0
2018.01.02,15045.0,385.0,14745.0,15045.0,14710.0,2791.0
2017.12.28,14660.0,325.0,14435.0,14660.0,14410.0,1279.0
2017.12.27,14335.0,35.0,14300.0,14340.0,14225.0,1121.0
2017.12.26,14300.0,120.0,14280.0,14360.0,14255.0,1513.0
2017.12.22,14180.0,160.0,14175.0,14300.0,14080.0,880.0
2017.12.21,14020.0,-140.0,14095.0,14095.0,13965.0,1315.0
2017.12.20,14160.0,45.0,14140.0,14165.0,14070.0,1485.0
2017.12.19,14115.0,300.0,14010.0,14130.0,14005.0,2391.0
2017.12.18,13815.0,30.0,13755.0,13815.0,13690.0,2725.0
2017.12.15,13785.0,-85.0,13925.0,13925.0,13710.0,78.0
2017.12.14,13870.0,140.0,13855.0,13920.0,13850.0,1454.0
2017.12.13,13730.0,0.0,13640.0,13730.0,13590.0,1105.0
2017.12.12,13730.0,30.0,13800.0,13810.0,13660.0,1441.0
2017.12.11,13700.0,170.0,13600.0,13700.0,13530.0,1666.0
2017.12.08,13530.0,150.0,13345.0,13530.0,13300.0,2329.0
2017.12.07,13380.0,-45.0,13300.0,13420.0,13260.0,4414.0
2017.12.06,13425.0,-395.0,13730.0,13730.0,13340.0,4208.0
2017.12.05,13820.0,-25.0,13860.0,13860.0,13740.0,13999.0
2017.12.04,13845.0,85.0,14085.0,14085.0,13655.0,1639.0
2017.12.01,13760.0,-255.0,14190.0,14190.0,13695.0,4971.0
2017.11.30,14015.0,-440.0,14450.0,14455.0,14015.0,4584.0
2017.11.29,14455.0,60.0,14495.0,14500.0,14400.0,872.0
2017.11.28,14395.0,-135.0,14580.0,14580.0,14320.0,3561.0
2017.11.27,14530.0,-195.0,14720.0,14725.0,14450.0,11790.0
2017.11.24,14725.0,-35.0,14725.0,14725.0,14615.0,1742.0
2017.11.23,14760.0,-50.0,14925.0,14935.0,14760.0,3296.0
2017.11.22,14810.0,325.0,14910.0,14910.0,14705.0,12318.0
2017.11.21,14485.0,205.0,14380.0,14520.0,14255.0,3740.0
2017.11.20,14280.0,55.0,14285.0,14380.0,14215.0,2225.0
2017.11.17,14225.0,385.0,14005.0,14230.0,13995.0,12847.0
2017.11.16,13840.0,130.0,13710.0,13840.0,13590.0,5104.0
2017.11.15,13710.0,-225.0,13935.0,13935.0,13700.0,3356.0
2017.11.14,13935.0,-45.0,13880.0,13965.0,13880.0,1281.0
2017.11.13,13980.0,-190.0,14065.0,14065.0,13920.0,2273.0
2017.11.10,14170.0,-40.0,14205.0,14205.0,14100.0,897.0
2017.11.09,14210.0,-75.0,14350.0,14350.0,14190.0,1995.0
2017.11.08,14285.0,-10.0,14280.0,14300.0,14200.0,752.0
2017.11.07,14295.0,235.0,14100.0,14350.0,14100.0,1505.0
2017.11.06,14060.0,-30.0,14180.0,14180.0,13865.0,3954.0
2017.11.03,14090.0,-40.0,14110.0,14110.0,14005.0,1405.0
2017.11.02,14130.0,75.0,14055.0,14175.0,14055.0,3733.0
2017.11.01,14055.0,80.0,13850.0,14055.0,13850.0,4949.0
2017.10.31,13975.0,200.0,13770.0,13975.0,13770.0,2394.0
2017.10.30,13775.0,180.0,13800.0,13800.0,13700.0,740.0
2017.10.27,13595.0,-85.0,13750.0,13750.0,13480.0,3927.0
2017.10.26,13680.0,-85.0,13820.0,13820.0,13665.0,1253.0
2017.10.25,13765.0,-20.0,13850.0,13850.0,13615.0,1309.0
2017.10.24,13785.0,-105.0,13885.0,13885.0,13715.0,3968.0
2017.10.23,13890.0,-65.0,13955.0,13955.0,13815.0,1869.0
2017.10.20,13955.0,-95.0,14120.0,14120.0,13860.0,1043.0
2017.10.19,14050.0,0.0,14085.0,14085.0,14010.0,1443.0
2017.10.18,14050.0,-140.0,14270.0,14270.0,14030.0,1741.0
2017.10.17,14190.0,50.0,14175.0,14260.0,14140.0,2070.0
2017.10.16,14140.0,130.0,14140.0,14155.0,14035.0,1623.0
2017.10.13,14010.0,20.0,14020.0,14020.0,13900.0,2449.0
2017.10.12,13990.0,175.0,13890.0,13990.0,13840.0,2432.0
2017.10.11,13815.0,215.0,13685.0,13880.0,13685.0,7527.0
2017.10.10,13600.0,725.0,13015.0,13600.0,13015.0,9462.0
2017.09.29,12875.0,50.0,12805.0,12890.0,12795.0,4977.0
2017.09.28,12825.0,-145.0,12925.0,12925.0,12800.0,3807.0
2017.09.27,12970.0,-80.0,12940.0,13015.0,12915.0,5096.0
2017.09.26,13050.0,-315.0,13140.0,13140.0,13015.0,19437.0
2017.09.25,13365.0,-105.0,13465.0,13530.0,13300.0,1379.0
2017.09.22,13470.0,-270.0,13650.0,13655.0,13380.0,3055.0
2017.09.21,13740.0,20.0,13755.0,13795.0,13670.0,8413.0
2017.09.20,13720.0,-80.0,13700.0,13735.0,13630.0,3052.0
2017.09.19,13800.0,25.0,14095.0,14095.0,13745.0,2009.0
2017.09.18,13775.0,285.0,13555.0,13775.0,13545.0,14223.0
2017.09.15,13490.0,-5.0,13460.0,13510.0,13390.0,746.0
2017.09.14,13495.0,-55.0,13485.0,13500.0,13450.0,1923.0
2017.09.13,13550.0,80.0,13575.0,13605.0,13510.0,7273.0
2017.09.12,13470.0,55.0,13600.0,13600.0,13420.0,3324.0
2017.09.11,13415.0,30.0,13345.0,13415.0,13315.0,1528.0
2017.09.08,13385.0,260.0,13225.0,13415.0,13225.0,12798.0
2017.09.07,13125.0,-5.0,13125.0,13215.0,13100.0,6839.0
2017.09.06,13130.0,0.0,13130.0,13190.0,13105.0,10953.0
2017.09.05,13130.0,-5.0,13160.0,13200.0,13065.0,5996.0
2017.09.04,13135.0,-90.0,13225.0,13240.0,13100.0,1327.0
2017.09.01,13225.0,60.0,13220.0,13255.0,13130.0,3779.0
2017.08.31,13165.0,-30.0,13250.0,13250.0,13145.0,1299.0
2017.08.30,13195.0,125.0,13070.0,13200.0,13065.0,1293.0
2017.08.29,13070.0,-100.0,13190.0,13190.0,12995.0,828.0
2017.08.28,13170.0,-15.0,13220.0,13220.0,13150.0,990.0
2017.08.25,13185.0,140.0,13025.0,13185.0,13025.0,2619.0
2017.08.24,13045.0,215.0,12890.0,13045.0,12885.0,1610.0
2017.08.23,12830.0,80.0,12850.0,12880.0,12765.0,3441.0
2017.08.22,12750.0,210.0,12650.0,12750.0,12645.0,1332.0
2017.08.21,12540.0,-55.0,12535.0,12545.0,12490.0,1017.0
2017.08.18,12595.0,-95.0,12600.0,12610.0,12530.0,904.0
2017.08.17,12690.0,335.0,12545.0,12700.0,12545.0,2413.0
2017.08.16,12355.0,150.0,12350.0,12460.0,12350.0,750.0
2017.08.14,12205.0,40.0,12090.0,12205.0,12065.0,1269.0
2017.08.11,12165.0,-440.0,12605.0,12605.0,12095.0,3512.0
2017.08.10,12605.0,-255.0,12755.0,12755.0,12480.0,6072.0
2017.08.09,12860.0,-130.0,12955.0,12955.0,12740.0,786.0
2017.08.08,12990.0,150.0,12840.0,12990.0,12840.0,603.0
2017.08.07,12840.0,130.0,12760.0,12840.0,12750.0,494.0
2017.08.04,12710.0,15.0,12690.0,12750.0,12650.0,698.0
2017.08.03,12695.0,-125.0,12815.0,12815.0,12580.0,4874.0
2017.08.02,12820.0,30.0,12780.0,12825.0,12760.0,1808.0
2017.08.01,12790.0,95.0,12730.0,12845.0,12695.0,2528.0
2017.07.31,12695.0,30.0,12615.0,12695.0,12500.0,1119.0
2017.07.28,12665.0,-200.0,12870.0,12870.0,12635.0,2585.0
2017.07.27,12865.0,315.0,12645.0,12865.0,12640.0,1517.0
2017.07.26,12550.0,-95.0,12650.0,12650.0,12540.0,2571.0
2017.07.25,12645.0,0.0,12645.0,12665.0,12570.0,2520.0
2017.07.24,12645.0,20.0,12590.0,12645.0,12560.0,928.0
2017.07.21,12625.0,10.0,12620.0,12625.0,12560.0,1250.0
2017.07.20,12615.0,65.0,12610.0,12615.0,12565.0,5560.0
2017.07.19,12550.0,55.0,12330.0,12550.0,12330.0,2177.0
2017.07.18,12495.0,95.0,12350.0,12495.0,12350.0,1959.0
2017.07.17,12400.0,155.0,12240.0,12410.0,12240.0,1682.0
2017.07.14,12245.0,115.0,12245.0,12250.0,12145.0,1280.0
2017.07.13,12130.0,380.0,11885.0,12160.0,11885.0,3888.0
2017.07.12,11750.0,180.0,11575.0,11750.0,11575.0,2335.0
2017.07.11,11570.0,290.0,11335.0,11570.0,11335.0,903.0
2017.07.10,11280.0,-50.0,11235.0,11330.0,11165.0,2995.0
2017.07.07,11330.0,-150.0,11285.0,11375.0,11260.0,233.0
2017.07.06,11480.0,85.0,11515.0,11515.0,11390.0,437.0
2017.07.05,11395.0,30.0,11365.0,11420.0,11250.0,1486.0
2017.07.04,11365.0,-70.0,11500.0,11525.0,11365.0,1166.0
2017.07.03,11435.0,-45.0,11420.0,11435.0,11340.0,1510.0
2017.06.30,11480.0,-100.0,11425.0,11505.0,11410.0,223.0
2017.06.29,11580.0,90.0,11455.0,11585.0,11405.0,711.0
2017.06.28,11490.0,-140.0,11650.0,11650.0,11415.0,704.0
2017.06.27,11630.0,85.0,11600.0,11645.0,11575.0,565.0
2017.06.26,11545.0,230.0,11505.0,11550.0,11470.0,632.0
2017.06.23,11315.0,-60.0,11305.0,11420.0,11305.0,348.0
2017.06.22,11375.0,50.0,11400.0,11400.0,11280.0,765.0
2017.06.21,11325.0,-205.0,11280.0,11325.0,11245.0,1112.0
2017.06.20,11530.0,145.0,11450.0,11530.0,11430.0,851.0
2017.06.19,11385.0,135.0,11270.0,11390.0,11270.0,932.0
2017.06.16,11250.0,-220.0,11265.0,11265.0,11155.0,802.0
2017.06.15,11470.0,15.0,11465.0,11510.0,11400.0,887.0
2017.06.14,11455.0,40.0,11415.0,11465.0,11400.0,713.0
2017.06.13,11415.0,-65.0,11365.0,11420.0,11330.0,889.0
2017.06.12,11480.0,-180.0,11650.0,11650.0,11440.0,2623.0
2017.06.09,11660.0,70.0,11675.0,11675.0,11600.0,1280.0
2017.06.08,11590.0,30.0,11560.0,11590.0,11485.0,1129.0
2017.06.07,11560.0,-85.0,11645.0,11645.0,11515.0,1545.0
2017.06.05,11645.0,135.0,11510.0,11650.0,11510.0,3164.0
2017.06.02,11510.0,105.0,11430.0,11520.0,11415.0,11080.0
2017.06.01,11405.0,-75.0,11025.0,11405.0,11025.0,625.0
2017.05.31,11480.0,-45.0,11405.0,11530.0,11405.0,1502.0
2017.05.30,11525.0,0.0,11465.0,11550.0,11450.0,9184.0
2017.05.29,11525.0,-35.0,11670.0,11670.0,11525.0,1499.0
2017.05.26,11560.0,45.0,11670.0,11670.0,11550.0,3330.0
2017.05.25,11515.0,300.0,11300.0,11565.0,11300.0,18015.0
2017.05.24,11215.0,-125.0,11325.0,11325.0,11215.0,2069.0
2017.05.23,11340.0,60.0,11285.0,11425.0,11285.0,1290.0
2017.05.22,11280.0,370.0,11000.0,11280.0,11000.0,3551.0
2017.05.19,10910.0,-405.0,11100.0,11100.0,10835.0,9330.0
2017.05.18,11315.0,-250.0,11550.0,11550.0,11180.0,2165.0
2017.05.17,11565.0,35.0,11945.0,11945.0,11550.0,394.0
2017.05.16,11530.0,180.0,11395.0,11600.0,11395.0,732.0
2017.05.15,11350.0,55.0,11325.0,11375.0,11300.0,1860.0
2017.05.12,11295.0,60.0,11295.0,11295.0,11240.0,219.0
2017.05.11,11235.0,185.0,10815.0,11275.0,10815.0,2444.0
2017.05.10,11050.0,220.0,11030.0,11050.0,10910.0,928.0
2017.05.08,10830.0,-30.0,10780.0,10850.0,10745.0,3641.0
2017.05.04,10860.0,15.0,10900.0,10900.0,10820.0,1001.0
2017.05.02,10845.0,145.0,10715.0,10880.0,10715.0,3566.0
2017.04.28,10700.0,-125.0,10780.0,10780.0,10630.0,2235.0
2017.04.27,10825.0,-35.0,10870.0,10870.0,10750.0,169.0
2017.04.26,10860.0,110.0,10905.0,10940.0,10820.0,1054.0
2017.04.25,10750.0,275.0,10235.0,10750.0,10235.0,2934.0
2017.04.24,10475.0,90.0,11250.0,11250.0,10450.0,1769.0
2017.04.21,10385.0,150.0,10250.0,10385.0,10240.0,203.0
2017.04.20,10235.0,-35.0,10190.0,10235.0,10165.0,130.0
2017.04.19,10270.0,-115.0,10335.0,10335.0,10215.0,227.0
2017.04.18,10385.0,75.0,10445.0,10445.0,10370.0,403.0
2017.04.17,10310.0,-40.0,10310.0,10345.0,10225.0,193.0
2017.04.14,10350.0,-100.0,10420.0,10420.0,10350.0,776.0
2017.04.13,10450.0,165.0,10430.0,10490.0,10345.0,163.0
2017.04.12,10285.0,25.0,10260.0,10285.0,10190.0,951.0
2017.04.11,10260.0,-30.0,10285.0,10350.0,10250.0,575.0
2017.04.10,10290.0,-70.0,10380.0,10380.0,10280.0,202.0
2017.04.07,10360.0,-95.0,10645.0,10645.0,10285.0,1188.0
2017.04.06,10455.0,-105.0,10650.0,10650.0,10435.0,1883.0
2017.04.05,10560.0,170.0,10400.0,10560.0,10400.0,1920.0
2017.04.04,10390.0,-10.0,10400.0,10400.0,10390.0,540.0
2017.04.03,10400.0,-50.0,10400.0,10415.0,10340.0,2162.0
2017.03.31,10450.0,-115.0,10560.0,10580.0,10395.0,3236.0
2017.03.30,10565.0,-40.0,10640.0,10665.0,10565.0,1837.0
2017.03.29,10605.0,55.0,10950.0,10950.0,10605.0,220.0
2017.03.28,10550.0,-25.0,10580.0,10580.0,10550.0,396.0
2017.03.27,10575.0,25.0,10545.0,10620.0,10515.0,660.0
2017.03.24,10550.0,120.0,10510.0,10590.0,10505.0,378.0
2017.03.23,10430.0,-85.0,10645.0,10645.0,10430.0,1811.0
2017.03.22,10515.0,-205.0,10470.0,10660.0,10470.0,1922.0
2017.03.21,10720.0,125.0,10810.0,10810.0,10660.0,744.0
2017.03.20,10595.0,-30.0,10635.0,10635.0,10475.0,1126.0
2017.03.17,10625.0,320.0,10500.0,10630.0,10500.0,2138.0
2017.03.16,10305.0,295.0,10145.0,10320.0,10125.0,2407.0
2017.03.15,10010.0,-20.0,9970.0,10015.0,9970.0,345.0
2017.03.14,10030.0,270.0,9980.0,10030.0,9970.0,1131.0
2017.03.13,9760.0,230.0,9625.0,9815.0,9625.0,2939.0
2017.03.10,9530.0,-170.0,9580.0,9580.0,9455.0,708.0
2017.03.09,9700.0,-200.0,9895.0,9895.0,9700.0,385.0
2017.03.08,9900.0,-70.0,9925.0,9930.0,9900.0,182.0
2017.03.07,9970.0,180.0,9795.0,9970.0,9795.0,289.0
2017.03.06,9790.0,40.0,9675.0,9790.0,9675.0,1395.0
2017.03.03,9750.0,-260.0,9785.0,9885.0,9670.0,6339.0
2017.03.02,10010.0,10.0,10230.0,10230.0,9965.0,3201.0
2017.02.28,10000.0,0.0,10000.0,10000.0,9930.0,2180.0
2017.02.27,10000.0,-180.0,10070.0,10070.0,9975.0,401.0
2017.02.24,10180.0,-100.0,10280.0,10280.0,10125.0,6075.0
2017.02.23,10280.0,130.0,10160.0,10305.0,10160.0,1530.0
2017.02.22,10150.0,60.0,10090.0,10150.0,10090.0,2894.0
2017.02.21,10090.0,70.0,10100.0,10130.0,10090.0,745.0
2017.02.20,10020.0,-65.0,9960.0,10020.0,9875.0,1749.0
2017.02.17,10085.0,-55.0,10125.0,10130.0,10000.0,2897.0
2017.02.16,10140.0,110.0,10100.0,10145.0,10030.0,3510.0
2017.02.15,10030.0,120.0,9945.0,10030.0,9930.0,2095.0
2017.02.14,9910.0,30.0,9975.0,9975.0,9910.0,1364.0
2017.02.13,9880.0,130.0,9830.0,9880.0,9800.0,632.0
2017.02.10,9750.0,100.0,9640.0,9750.0,9640.0,2603.0
2017.02.09,9650.0,80.0,9625.0,9685.0,9625.0,365.0
2017.02.08,9570.0,-95.0,9565.0,9570.0,9485.0,662.0
2017.02.07,9665.0,5.0,9660.0,9665.0,9605.0,1370.0
2017.02.06,9660.0,230.0,9585.0,9670.0,9515.0,633.0
2017.02.03,9430.0,0.0,9455.0,9520.0,9430.0,256.0
2017.02.02,9430.0,40.0,9445.0,9540.0,9430.0,1356.0
2017.02.01,9390.0,5.0,9385.0,9390.0,9345.0,293.0
2017.01.31,9385.0,-200.0,9585.0,9585.0,9385.0,2062.0
2017.01.26,9585.0,165.0,9450.0,9585.0,9420.0,1677.0
2017.01.25,9420.0,130.0,9305.0,9420.0,9305.0,750.0
2017.01.24,9290.0,190.0,9190.0,9290.0,9190.0,5247.0
2017.01.23,9100.0,90.0,9000.0,9150.0,9000.0,621.0
2017.01.20,9010.0,-30.0,8955.0,9010.0,8955.0,284.0
2017.01.19,9040.0,-180.0,9220.0,9305.0,9015.0,1991.0
2017.01.18,9220.0,140.0,9085.0,9220.0,9085.0,879.0
2017.01.17,9080.0,60.0,9005.0,9080.0,8990.0,459.0
2017.01.16,9020.0,-150.0,9065.0,9125.0,9020.0,1176.0
2017.01.13,9170.0,150.0,9020.0,9190.0,9020.0,784.0
2017.01.12,9020.0,100.0,9010.0,9020.0,8960.0,423.0
2017.01.11,8920.0,120.0,8905.0,8930.0,8880.0,3954.0
2017.01.10,8800.0,45.0,8910.0,8910.0,8755.0,1985.0
2017.01.09,8755.0,-140.0,9010.0,9010.0,8755.0,1218.0
2017.01.06,8895.0,95.0,8805.0,8920.0,8805.0,1102.0
2017.01.05,8800.0,280.0,8570.0,8800.0,8570.0,1289.0
2017.01.04,8520.0,55.0,8470.0,8520.0,8470.0,706.0
2017.01.03,8465.0,20.0,8415.0,8465.0,8395.0,1448.0
2017.01.02,8445.0,205.0,8245.0,8450.0,8245.0,422.0
2016.12.29,8240.0,65.0,8190.0,8240.0,8190.0,350.0
2016.12.28,8175.0,90.0,8115.0,8175.0,8100.0,569.0
2016.12.27,8085.0,25.0,8045.0,8090.0,8045.0,30.0
2016.12.26,8060.0,15.0,8065.0,8065.0,8045.0,10.0
2016.12.23,8045.0,-135.0,8075.0,8075.0,8000.0,690.0
2016.12.22,8180.0,-35.0,8325.0,8325.0,8180.0,246.0
2016.12.21,8215.0,15.0,8215.0,8215.0,8215.0,2.0
2016.12.20,8200.0,-125.0,8255.0,8255.0,8190.0,350.0
2016.12.19,8325.0,-30.0,8350.0,8370.0,8300.0,211.0
2016.12.16,8355.0,-170.0,8340.0,8355.0,8335.0,2371.0
2016.12.15,8525.0,-225.0,8625.0,8625.0,8500.0,624.0
2016.12.14,8750.0,35.0,8795.0,8815.0,8750.0,352.0
2016.12.13,8715.0,-15.0,8655.0,8715.0,8650.0,258.0
2016.12.12,8730.0,-105.0,8805.0,8805.0,8655.0,1118.0
2016.12.09,8835.0,105.0,8805.0,8875.0,8775.0,851.0
2016.12.08,8730.0,230.0,8560.0,8730.0,8560.0,1011.0
2016.12.07,8500.0,100.0,8410.0,8515.0,8410.0,220.0
2016.12.06,8400.0,175.0,8325.0,8405.0,8325.0,491.0
2016.12.05,8225.0,-55.0,8280.0,8280.0,8190.0,101.0
2016.12.02,8280.0,-270.0,8435.0,8435.0,8255.0,898.0
2016.12.01,8550.0,85.0,8465.0,8550.0,8465.0,1594.0
2016.11.30,8465.0,-20.0,8490.0,8490.0,8380.0,315.0
2016.11.29,8485.0,20.0,8475.0,8485.0,8475.0,138.0
2016.11.28,8465.0,150.0,8400.0,8465.0,8400.0,511.0
2016.11.25,8315.0,-20.0,8315.0,8315.0,8315.0,2.0
2016.11.24,8335.0,-80.0,8390.0,8390.0,8285.0,817.0
2016.11.23,8415.0,95.0,8375.0,8420.0,8375.0,1156.0
2016.11.22,8320.0,190.0,8165.0,8320.0,8165.0,1494.0
2016.11.21,8130.0,25.0,8100.0,8155.0,8100.0,1332.0
2016.11.18,8105.0,-125.0,8170.0,8170.0,8055.0,996.0
2016.11.17,8230.0,65.0,8200.0,8245.0,8105.0,20166.0
2016.11.16,8165.0,135.0,8085.0,8165.0,8085.0,9289.0
2016.11.15,8030.0,-60.0,8025.0,8075.0,8015.0,1131.0
2016.11.14,8090.0,-490.0,8180.0,8205.0,8065.0,6760.0
2016.11.11,8580.0,-590.0,8840.0,8840.0,8535.0,4127.0
2016.11.10,9170.0,250.0,9050.0,9170.0,9015.0,5287.0
2016.11.09,8920.0,-265.0,9435.0,9450.0,8840.0,3635.0
2016.11.08,9185.0,85.0,9185.0,9235.0,9170.0,216.0
2016.11.07,9100.0,125.0,8975.0,9105.0,8975.0,286.0
2016.11.04,8975.0,-130.0,8995.0,8995.0,8950.0,58.0
2016.11.03,9105.0,-100.0,9130.0,9130.0,9070.0,180.0
2016.11.02,9205.0,-215.0,9345.0,9355.0,9205.0,185.0
2016.11.01,9420.0,85.0,9330.0,9420.0,9330.0,115.0
2016.10.31,9335.0,-30.0,9335.0,9335.0,9335.0,1070.0
2016.10.28,9365.0,-40.0,9445.0,9445.0,9365.0,1530.0
2016.10.27,9405.0,-245.0,9645.0,9645.0,9405.0,276.0
2016.10.26,9650.0,-55.0,9705.0,9710.0,9650.0,530.0
2016.10.25,9705.0,125.0,9580.0,9705.0,9580.0,153.0
2016.10.24,9580.0,30.0,9550.0,9610.0,9550.0,386.0
2016.10.21,9550.0,-125.0,9665.0,9665.0,9550.0,114.0
2016.10.20,9675.0,105.0,9590.0,9675.0,9590.0,198.0
2016.10.19,9570.0,275.0,9505.0,9580.0,9505.0,282.0
2016.10.18,9295.0,35.0,9240.0,9300.0,9240.0,393.0
2016.10.17,9260.0,55.0,9230.0,9260.0,9185.0,362.0
2016.10.14,9205.0,30.0,9175.0,9245.0,9175.0,220.0
2016.10.13,9175.0,-295.0,9405.0,9405.0,9175.0,1434.0
2016.10.12,9470.0,-80.0,9500.0,9500.0,9450.0,443.0
2016.10.11,9550.0,-120.0,9675.0,9750.0,9550.0,123.0
2016.10.10,9670.0,10.0,9670.0,9670.0,9645.0,424.0
2016.10.07,9660.0,-60.0,9720.0,9770.0,9655.0,364.0
2016.10.06,9720.0,115.0,9675.0,9720.0,9650.0,710.0
2016.10.05,9605.0,45.0,9565.0,9635.0,9565.0,409.0
2016.10.04,9560.0,5.0,9605.0,9605.0,9560.0,33.0
2016.09.30,9555.0,-215.0,9665.0,9665.0,9555.0,1331.0
2016.09.29,9770.0,245.0,9710.0,9795.0,9700.0,662.0
2016.09.28,9525.0,-90.0,9615.0,9615.0,9520.0,810.0
2016.09.27,9615.0,-5.0,9470.0,9615.0,9375.0,424.0
2016.09.26,9620.0,-245.0,9790.0,9790.0,9615.0,1055.0
2016.09.23,9865.0,200.0,9705.0,9895.0,9705.0,429.0
2016.09.22,9665.0,290.0,9705.0,9705.0,9560.0,1719.0
2016.09.21,9375.0,25.0,9350.0,9375.0,9320.0,176.0
2016.09.20,9350.0,-30.0,9345.0,9350.0,9285.0,641.0
2016.09.19,9380.0,230.0,13000.0,13000.0,9145.0,3292.0
2016.09.13,9150.0,-20.0,9070.0,9240.0,9070.0,11520.0
2016.09.12,9170.0,-660.0,9105.0,9390.0,9105.0,16741.0
2016.09.09,9830.0,-130.0,9830.0,9830.0,9830.0,210.0
2016.09.08,9960.0,-45.0,9995.0,9995.0,9925.0,554.0
2016.09.07,10005.0,215.0,9915.0,10020.0,9915.0,190.0
2016.09.06,9790.0,160.0,9630.0,9795.0,9630.0,352.0
2016.09.05,9630.0,445.0,9485.0,9630.0,9485.0,2781.0
2016.09.02,9185.0,-15.0,9155.0,9185.0,9155.0,1693.0
2016.09.01,9200.0,-180.0,9295.0,9295.0,9165.0,181.0
2016.08.31,9380.0,35.0,9380.0,9395.0,9380.0,54.0
2016.08.30,9345.0,50.0,9340.0,9345.0,9290.0,741.0
2016.08.29,9295.0,-75.0,9360.0,9360.0,9270.0,197.0
2016.08.26,9370.0,65.0,9370.0,9370.0,9370.0,100.0
2016.08.25,9305.0,-55.0,9305.0,9305.0,9255.0,265.0
2016.08.24,9360.0,-135.0,9430.0,9435.0,9325.0,887.0
2016.08.23,9495.0,-5.0,9560.0,9560.0,9495.0,126.0
2016.08.22,9500.0,-170.0,9550.0,9640.0,9465.0,1427.0
2016.08.19,9670.0,-125.0,9765.0,9770.0,9650.0,1545.0
2016.08.18,9795.0,75.0,9685.0,9800.0,9685.0,2103.0
2016.08.17,9720.0,-130.0,9850.0,9850.0,9695.0,1777.0
2016.08.16,9850.0,220.0,9770.0,9860.0,9770.0,3670.0
2016.08.12,9630.0,110.0,9655.0,9655.0,9610.0,687.0
2016.08.11,9520.0,10.0,9475.0,9525.0,9470.0,560.0
2016.08.10,9510.0,85.0,9435.0,9535.0,9435.0,209.0
2016.08.09,9425.0,110.0,9360.0,9425.0,9355.0,1288.0
2016.08.08,9315.0,130.0,9195.0,9315.0,9195.0,1683.0
2016.08.05,9185.0,360.0,8990.0,9185.0,8990.0,185.0
2016.08.04,8825.0,95.0,8790.0,8825.0,8790.0,567.0
2016.08.03,8730.0,-390.0,8940.0,8940.0,8730.0,933.0
2016.08.02,9120.0,55.0,9075.0,9135.0,9075.0,355.0
2016.08.01,9065.0,120.0,8945.0,9065.0,8945.0,17.0
2016.07.29,8945.0,-15.0,8980.0,8980.0,8940.0,325.0
2016.07.28,8960.0,105.0,8950.0,8995.0,8920.0,515.0
2016.07.27,8855.0,75.0,8860.0,8860.0,8855.0,181.0
2016.07.26,8780.0,20.0,8765.0,8780.0,8765.0,112.0
2016.07.25,8760.0,-80.0,8835.0,8840.0,8740.0,1038.0
2016.07.22,8840.0,-35.0,8830.0,8840.0,8830.0,23.0
2016.07.21,8875.0,35.0,8830.0,8880.0,8830.0,80.0
2016.07.20,8840.0,20.0,9000.0,9000.0,8840.0,89.0
2016.07.19,8820.0,0.0,8820.0,8820.0,8820.0,16.0
2016.07.18,8820.0,-10.0,8825.0,8825.0,8815.0,1135.0
2016.07.15,8830.0,230.0,8735.0,8885.0,8735.0,607.0
2016.07.14,8600.0,80.0,8570.0,8600.0,8570.0,118.0
2016.07.13,8520.0,90.0,8435.0,8545.0,8435.0,1502.0
2016.07.12,8430.0,225.0,8375.0,8465.0,8375.0,888.0
2016.07.11,8205.0,230.0,8005.0,8205.0,8005.0,10239.0
2016.07.08,7975.0,0.0,7970.0,7975.0,7925.0,204.0
2016.07.07,7975.0,50.0,8335.0,8335.0,7880.0,1446.0
2016.07.06,7925.0,-305.0,8005.0,8030.0,7855.0,6907.0
2016.07.05,8230.0,-95.0,8240.0,8285.0,8230.0,224.0
2016.07.04,8325.0,50.0,8225.0,8350.0,8225.0,916.0
2016.07.01,8275.0,230.0,8200.0,8275.0,8200.0,298.0
2016.06.30,8045.0,380.0,7795.0,8045.0,7795.0,935.0
2016.06.29,7665.0,215.0,7585.0,7700.0,7585.0,250.0
2016.06.28,7450.0,-135.0,7370.0,7450.0,7365.0,1572.0
2016.06.27,7585.0,-60.0,7635.0,7635.0,7585.0,730.0
2016.06.24,7645.0,-460.0,8250.0,8250.0,7525.0,7313.0
2016.06.23,8105.0,80.0,7900.0,8105.0,7900.0,346.0
2016.06.22,8025.0,70.0,8000.0,8025.0,7950.0,543.0
2016.06.21,7955.0,140.0,8000.0,8000.0,7925.0,151.0
2016.06.20,7815.0,205.0,7800.0,7815.0,7785.0,166.0
2016.06.17,7610.0,40.0,7750.0,7750.0,7590.0,10451.0
2016.06.16,7570.0,-45.0,7670.0,7705.0,7570.0,337.0
2016.06.15,7615.0,-60.0,7675.0,7675.0,7520.0,157.0
2016.06.14,7675.0,-65.0,8000.0,8000.0,7675.0,269.0
2016.06.13,7740.0,-455.0,8400.0,8400.0,7720.0,14925.0
2016.06.10,8195.0,-180.0,8375.0,8375.0,8170.0,184.0
2016.06.09,8375.0,30.0,8400.0,8440.0,8375.0,646.0
2016.06.08,8345.0,170.0,8200.0,8345.0,8200.0,1079.0
2016.06.07,8175.0,415.0,7800.0,8175.0,7800.0,1420.0
2016.06.03,7760.0,40.0,7740.0,7760.0,7740.0,113.0
2016.06.02,7720.0,0.0,7705.0,7720.0,7695.0,203.0
2016.06.01,7720.0,-55.0,7720.0,7720.0,7720.0,700.0
2016.05.31,7775.0,60.0,7715.0,7775.0,7715.0,1613.0
2016.05.30,7715.0,-5.0,7675.0,7715.0,7675.0,650.0
2016.05.27,7720.0,135.0,7600.0,7720.0,7600.0,211.0
2016.05.26,7585.0,115.0,7590.0,7590.0,7570.0,1837.0
2016.05.25,7470.0,200.0,7350.0,7475.0,7340.0,20029.0
2016.05.24,7270.0,-130.0,7270.0,7270.0,7270.0,1.0
2016.05.23,7400.0,130.0,7275.0,7400.0,7275.0,120.0
2016.05.20,7270.0,-35.0,7235.0,7270.0,7235.0,25.0
2016.05.19,7305.0,-165.0,7390.0,7390.0,7300.0,893.0
2016.05.18,7470.0,-80.0,7560.0,7565.0,7470.0,296.0
2016.05.17,7550.0,60.0,7480.0,7550.0,7480.0,484.0
2016.05.16,7490.0,-105.0,7455.0,7490.0,7455.0,145.0
2016.05.13,7595.0,-115.0,7635.0,7635.0,7595.0,168.0
2016.05.12,7710.0,30.0,7710.0,7720.0,7710.0,308.0
2016.05.11,7680.0,115.0,7565.0,7715.0,7565.0,337.0
2016.05.10,7565.0,-115.0,7570.0,7570.0,7520.0,441.0
2016.05.09,7680.0,-195.0,7800.0,7800.0,7640.0,1028.0
2016.05.04,7875.0,-375.0,7975.0,7975.0,7860.0,588.0
2016.05.03,8250.0,-80.0,8325.0,8325.0,8250.0,225.0
2016.05.02,8330.0,-140.0,8370.0,8370.0,8330.0,305.0
2016.04.29,8470.0,20.0,8470.0,8470.0,8470.0,25.0
2016.04.28,8450.0,60.0,8505.0,8515.0,8430.0,335.0
2016.04.27,8390.0,90.0,8425.0,8460.0,8390.0,610.0
2016.04.26,8300.0,-90.0,8345.0,8370.0,8295.0,99.0
2016.04.25,8390.0,-235.0,8455.0,8455.0,8385.0,405.0
2016.04.22,8625.0,-105.0,8645.0,8645.0,8595.0,52.0
2016.04.21,8730.0,200.0,8615.0,8730.0,8615.0,1198.0
2016.04.20,8530.0,50.0,8700.0,8700.0,8530.0,232.0
2016.04.19,8480.0,85.0,8455.0,8525.0,8455.0,322.0
2016.04.18,8395.0,-185.0,8500.0,8500.0,8395.0,181.0
2016.04.15,8580.0,100.0,8515.0,8580.0,8515.0,108.0
2016.04.14,8480.0,380.0,8700.0,8700.0,8455.0,281.0
2016.04.12,8100.0,190.0,8065.0,8100.0,8065.0,4.0
2016.04.11,7910.0,120.0,7910.0,7910.0,7910.0,2.0
2016.04.08,7790.0,5.0,7750.0,7790.0,7740.0,133.0
2016.04.07,7785.0,-35.0,7830.0,7830.0,7780.0,92.0
2016.04.06,7820.0,-170.0,7790.0,7840.0,7770.0,50.0
2016.04.05,7990.0,-160.0,8065.0,8085.0,7985.0,243.0
2016.04.04,8150.0,30.0,8125.0,8170.0,8125.0,535.0
2016.04.01,8120.0,-195.0,8310.0,8310.0,8120.0,6860.0
2016.03.31,8315.0,175.0,8315.0,8345.0,8275.0,1052.0
2016.03.30,8140.0,225.0,8000.0,8140.0,8000.0,1395.0
2016.03.29,7915.0,40.0,7900.0,7915.0,7900.0,2.0
2016.03.28,7875.0,25.0,7855.0,7875.0,7840.0,349.0
2016.03.25,7850.0,-95.0,7850.0,7850.0,7850.0,7.0
2016.03.24,7945.0,-175.0,7945.0,7945.0,7945.0,0.0
2016.03.23,8120.0,-70.0,8215.0,8230.0,8120.0,166.0
2016.03.22,8190.0,15.0,8190.0,8215.0,8165.0,72.0
2016.03.21,8175.0,45.0,8175.0,8175.0,8125.0,292.0
2016.03.18,8130.0,415.0,8070.0,8135.0,8055.0,1216.0
2016.03.17,7715.0,265.0,7670.0,7765.0,7670.0,935.0
2016.03.16,7450.0,-210.0,7480.0,7490.0,7420.0,160.0
2016.03.15,7660.0,-140.0,7755.0,7755.0,7660.0,277.0
2016.03.14,7800.0,315.0,7700.0,7800.0,7690.0,204.0
2016.03.11,7485.0,10.0,7485.0,7485.0,7485.0,1.0
2016.03.10,7475.0,135.0,7425.0,7500.0,7425.0,185.0
2016.03.09,7340.0,-150.0,7400.0,7400.0,7315.0,5381.0
2016.03.08,7490.0,-50.0,7590.0,7590.0,7490.0,798.0
2016.03.07,7540.0,180.0,7520.0,7545.0,7520.0,215.0
2016.03.04,7360.0,125.0,7310.0,7360.0,7310.0,462.0
2016.03.03,7235.0,250.0,7140.0,7235.0,7140.0,1914.0
2016.03.02,6985.0,460.0,6765.0,6985.0,6765.0,966.0
2016.02.29,6525.0,-45.0,6600.0,6600.0,6525.0,1384.0
2016.02.26,6570.0,-3420.0,6505.0,6585.0,6475.0,9333.0
2016.02.25,9990.0,3400.0,6510.0,9990.0,6495.0,20090.0
2016.02.24,6590.0,-130.0,6685.0,6685.0,6585.0,77.0
2016.02.23,6720.0,115.0,6745.0,6745.0,6720.0,87.0
2016.02.22,6605.0,5.0,6590.0,6605.0,6560.0,5208.0
2016.02.19,6600.0,-60.0,6725.0,6725.0,6600.0,10180.0
2016.02.18,6660.0,310.0,6510.0,6660.0,6510.0,2469.0
2016.02.17,6350.0,-95.0,6405.0,6405.0,6345.0,72.0
2016.02.16,6445.0,340.0,6360.0,6465.0,6350.0,20.0
2016.02.15,6105.0,110.0,6055.0,6105.0,6055.0,20011.0
2016.02.12,5995.0,-225.0,6075.0,6075.0,5960.0,74.0
2016.02.11,6220.0,-435.0,6425.0,6425.0,6220.0,438.0
2016.02.05,6655.0,235.0,6635.0,6665.0,6635.0,44.0
2016.02.04,6420.0,210.0,6300.0,6420.0,6260.0,411.0
2016.02.03,6210.0,-350.0,6385.0,6385.0,6205.0,79.0
2016.02.02,6560.0,-75.0,6635.0,6635.0,6560.0,5126.0
2016.02.01,6635.0,245.0,6600.0,6650.0,6600.0,1035.0
2016.01.29,6390.0,205.0,6285.0,6390.0,6255.0,129.0
2016.01.28,6185.0,90.0,6155.0,6210.0,6155.0,20012.0
2016.01.27,6095.0,45.0,6050.0,6095.0,6050.0,26.0
2016.01.26,6050.0,-145.0,6125.0,6125.0,6050.0,18.0
2016.01.25,6195.0,280.0,6130.0,6205.0,6095.0,224.0
2016.01.22,5915.0,165.0,5780.0,5915.0,5780.0,921.0
2016.01.21,5750.0,-160.0,5815.0,5850.0,5750.0,730.0
2016.01.20,5910.0,-150.0,6120.0,6120.0,5890.0,219.0
2016.01.19,6060.0,-10.0,5935.0,6060.0,5930.0,513.0
2016.01.18,6070.0,-170.0,6600.0,6600.0,5990.0,728.0
2016.01.15,6240.0,-70.0,6340.0,6340.0,6210.0,83.0
2016.01.14,6310.0,-175.0,6395.0,6400.0,6245.0,663.0
2016.01.13,6485.0,205.0,6355.0,6490.0,6355.0,514.0
2016.01.12,6280.0,-105.0,6310.0,6315.0,6280.0,220.0
2016.01.11,6385.0,-315.0,6525.0,6535.0,6385.0,137.0
2016.01.08,6700.0,-105.0,6605.0,6700.0,6585.0,257.0
2016.01.07,6805.0,-310.0,7025.0,7025.0,6800.0,230.0
2016.01.06,7115.0,-40.0,7185.0,7185.0,7080.0,56.0
2016.01.05,7155.0,-225.0,7055.0,7210.0,7055.0,525.0
2016.01.04,7380.0,-395.0,7470.0,7470.0,7380.0,209.0
2015.12.30,7775.0,-25.0,7800.0,7800.0,7760.0,192.0
2015.12.29,7800.0,-100.0,7810.0,7810.0,7800.0,103.0
2015.12.28,7900.0,-30.0,7930.0,7930.0,7900.0,24.0
2015.12.24,7930.0,130.0,7885.0,7930.0,7885.0,351.0
2015.12.23,7800.0,195.0,7705.0,7815.0,7705.0,74.0
2015.12.22,7605.0,10.0,7605.0,7605.0,7605.0,1.0
2015.12.21,7595.0,-175.0,7595.0,7595.0,7595.0,3.0
2015.12.18,7770.0,40.0,7740.0,7770.0,7735.0,77.0
2015.12.17,7730.0,120.0,7685.0,7730.0,7685.0,190.0
2015.12.16,7610.0,355.0,7455.0,7625.0,7455.0,112.0
2015.12.15,7255.0,25.0,7255.0,7255.0,7255.0,0.0
2015.12.14,7230.0,-275.0,7490.0,7490.0,7155.0,15656.0
2015.12.11,7505.0,-205.0,7590.0,7590.0,7500.0,248.0
2015.12.10,7710.0,5.0,7715.0,7715.0,7700.0,153.0
2015.12.09,7705.0,-175.0,7725.0,7725.0,7700.0,186.0
2015.12.08,7880.0,-195.0,8030.0,8030.0,7880.0,99.0
2015.12.07,8075.0,-65.0,8065.0,8075.0,8040.0,166.0
2015.12.04,8140.0,-115.0,8225.0,8225.0,8135.0,20010.0
2015.12.03,8255.0,-105.0,8300.0,8300.0,8230.0,225.0
2015.12.02,8360.0,245.0,8390.0,8390.0,8360.0,128.0
2015.12.01,8115.0,-135.0,8115.0,8115.0,8115.0,48.0
2015.11.30,8250.0,-255.0,8390.0,8390.0,8200.0,146.0
2015.11.27,8505.0,-175.0,8640.0,8640.0,8505.0,30.0
2015.11.26,8680.0,25.0,8680.0,8680.0,8680.0,7.0
2015.11.25,8655.0,-45.0,8655.0,8655.0,8655.0,5000.0
2015.11.24,8700.0,-20.0,8700.0,8700.0,8700.0,0.0
2015.11.23,8720.0,65.0,8720.0,8720.0,8720.0,0.0
2015.11.20,8655.0,150.0,8655.0,8655.0,8655.0,2240.0
2015.11.19,8505.0,125.0,8505.0,8505.0,8505.0,0.0
2015.11.18,8380.0,120.0,8380.0,8380.0,8380.0,13.0
2015.11.17,8260.0,205.0,8145.0,8260.0,8140.0,61.0
2015.11.16,8055.0,-325.0,8180.0,8180.0,8055.0,56.0
2015.11.13,8380.0,-230.0,8510.0,8510.0,8380.0,10023.0
2015.11.12,8610.0,110.0,8605.0,8610.0,8605.0,11.0
2015.11.11,8500.0,-200.0,8520.0,8525.0,8500.0,27.0
2015.11.10,8700.0,-145.0,8755.0,8755.0,8700.0,5027.0
2015.11.09,8845.0,-265.0,8920.0,8935.0,8845.0,72.0
2015.11.06,9110.0,-210.0,9155.0,9155.0,9110.0,15.0
2015.11.05,9320.0,-70.0,9320.0,9320.0,9320.0,0.0
2015.11.04,9390.0,375.0,9205.0,9420.0,9205.0,193.0
2015.11.03,9015.0,155.0,8925.0,9015.0,8925.0,554.0
2015.11.02,8860.0,0.0,8825.0,8865.0,8825.0,20.0
2015.10.30,8860.0,-60.0,8825.0,8860.0,8780.0,708.0
2015.10.29,8920.0,-205.0,9085.0,9085.0,8920.0,151.0
2015.10.28,9125.0,-120.0,9180.0,9180.0,9085.0,24.0
2015.10.27,9245.0,-135.0,9245.0,9245.0,9245.0,9.0
2015.10.26,9380.0,110.0,9340.0,9395.0,9320.0,363.0
2015.10.23,9270.0,235.0,9115.0,9290.0,9115.0,732.0
2015.10.22,9035.0,-185.0,9105.0,9105.0,9035.0,33.0
2015.10.21,9220.0,-30.0,9225.0,9225.0,9220.0,203.0
2015.10.20,9250.0,-40.0,9270.0,9270.0,9250.0,5.0
2015.10.19,9290.0,15.0,9290.0,9290.0,9290.0,3.0
2015.10.16,9275.0,95.0,9330.0,9330.0,9260.0,122.0
2015.10.15,9180.0,290.0,9205.0,9205.0,9180.0,224.0
2015.10.14,8890.0,-275.0,9020.0,9020.0,8880.0,10058.0
2015.10.13,9165.0,-85.0,9255.0,9285.0,9165.0,154.0
2015.10.12,9250.0,270.0,9185.0,9290.0,9160.0,2297.0
2015.10.08,8980.0,200.0,8965.0,9010.0,8965.0,314.0
2015.10.07,8780.0,230.0,8615.0,8780.0,8615.0,108.0
2015.10.06,8550.0,370.0,8550.0,8550.0,8550.0,10.0
2015.10.05,8180.0,240.0,8080.0,8180.0,8080.0,8.0
2015.10.02,7940.0,80.0,7940.0,7940.0,7940.0,0.0
2015.10.01,7860.0,370.0,7860.0,7860.0,7860.0,0.0
2015.09.30,7490.0,-200.0,7490.0,7490.0,7490.0,1.0
2015.09.25,7690.0,10.0,7690.0,7690.0,7665.0,48.0
2015.09.24,7680.0,-145.0,7725.0,7725.0,7680.0,11.0
2015.09.23,7825.0,-405.0,7825.0,7825.0,7825.0,0.0
2015.09.22,8230.0,-165.0,8230.0,8230.0,8230.0,500.0
2015.09.21,8395.0,-160.0,8490.0,8490.0,8395.0,10030.0
2015.09.18,8555.0,-50.0,8540.0,8555.0,8540.0,7.0
2015.09.17,8605.0,355.0,8600.0,8605.0,8600.0,20.0
2015.09.16,8250.0,90.0,8255.0,8255.0,8250.0,31.0
2015.09.15,8160.0,120.0,8160.0,8160.0,8160.0,1.0
2015.09.14,8040.0,-15.0,8040.0,8040.0,8040.0,0.0
2015.09.11,8055.0,50.0,8055.0,8055.0,8055.0,0.0
2015.09.10,8005.0,-80.0,8100.0,8100.0,8005.0,4.0
2015.09.09,8085.0,610.0,8085.0,8085.0,8085.0,0.0
2015.09.08,7475.0,-245.0,7475.0,7475.0,7475.0,8.0
2015.09.07,7720.0,-150.0,7720.0,7720.0,7720.0,5000.0
2015.09.04,7870.0,0.0,7870.0,7870.0,7870.0,0.0
2015.09.03,7870.0,-105.0,7870.0,7870.0,7870.0,0.0
2015.09.02,7975.0,-280.0,7900.0,7975.0,7900.0,4085.0
2015.09.01,8255.0,-60.0,8255.0,8255.0,8255.0,234.0
2015.08.31,8315.0,-100.0,8405.0,8405.0,8315.0,1282.0
2015.08.28,8415.0,535.0,8340.0,8445.0,8335.0,690.0
2015.08.27,7880.0,130.0,7905.0,7905.0,7880.0,1405.0
2015.08.26,7750.0,340.0,7615.0,7750.0,7590.0,2101.0
2015.08.25,7410.0,-195.0,7345.0,7600.0,7340.0,306.0
2015.08.24,7605.0,-760.0,8125.0,8125.0,7560.0,13215.0
2015.08.21,8365.0,-375.0,8535.0,8535.0,8365.0,5003.0
2015.08.20,8740.0,-240.0,8820.0,8820.0,8740.0,10002.0
2015.08.19,8980.0,-155.0,9005.0,9005.0,8950.0,34.0
2015.08.18,9135.0,-60.0,9210.0,9210.0,9135.0,256.0
2015.08.17,9195.0,-195.0,9315.0,9315.0,9195.0,401.0
2015.08.13,9390.0,-95.0,9400.0,9400.0,9390.0,163.0
2015.08.12,9485.0,-415.0,9780.0,9780.0,9485.0,10159.0
2015.08.11,9900.0,155.0,10065.0,10065.0,9900.0,11.0
2015.08.10,9745.0,-175.0,9815.0,9815.0,9745.0,3.0
2015.08.07,9920.0,-50.0,9920.0,9920.0,9920.0,0.0
2015.08.06,9970.0,-40.0,10025.0,10025.0,9970.0,2.0
2015.08.05,10010.0,65.0,9975.0,10010.0,9965.0,53.0
2015.08.04,9945.0,-120.0,9980.0,9995.0,9945.0,114.0
2015.08.03,10065.0,-10.0,10065.0,10065.0,10065.0,1.0
2015.07.31,10075.0,-185.0,10075.0,10075.0,10070.0,10001.0
2015.07.30,10260.0,185.0,10190.0,10260.0,10185.0,10003.0
2015.07.29,10075.0,80.0,10045.0,10075.0,10045.0,113.0
