날짜,종가,전일비,시가,고가,저가,거래량
2026.09.03,49550.0,2595.0,47110.0,49665.0,47110.0,5810.0
2026.09.02,46955.0,-2845.0,48600.0,48700.0,46390.0,7651.0
2026.09.01,49800.0,-65.0,50300.0,50300.0,49445.0,4668.0
2026.08.31,49865.0,-3355.0,51465.0,51500.0,49055.0,7678.0
2026.08.28,53220.0,-785.0,53855.0,53855.0,52900.0,3678.0
2026.08.27,54005.0,-395.0,54400.0,54435.0,53100.0,3649.0
2026.08.26,54400.0,-305.0,54705.0,55270.0,54400.0,3344.0
2026.08.25,54705.0,-160.0,54670.0,55935.0,54000.0,24405.0
2026.08.24,54865.0,2465.0,52775.0,55155.0,52775.0,9045.0
2026.08.21,52400.0,1210.0,51650.0,52400.0,51290.0,4475.0
2026.08.20,51190.0,3140.0,50695.0,51650.0,50280.0,3655.0
2026.08.19,48050.0,-770.0,47500.0,48525.0,47350.0,3601.0
2026.08.18,48820.0,800.0,49430.0,49900.0,48505.0,2748.0
2026.08.14,48020.0,-1020.0,48860.0,48860.0,47095.0,6208.0
2026.08.13,49040.0,40.0,49265.0,50005.0,48600.0,2955.0
2026.08.12,49000.0,505.0,48600.0,49455.0,48600.0,3476.0
2026.08.11,48495.0,670.0,48495.0,50190.0,48465.0,7347.0
2026.08.10,47825.0,825.0,47550.0,48247.0,47250.0,5089.0
2026.08.07,47000.0,1000.0,46100.0,47000.0,46000.0,6855.0
2026.08.06,46000.0,1800.0,45825.0,47405.0,45640.0,8681.0
2026.08.05,44200.0,2130.0,42035.0,44535.0,42035.0,2896.0
2026.08.04,42070.0,-180.0,45200.0,45200.0,41050.0,564.0
2026.08.03,42250.0,-665.0,42665.0,42665.0,41810.0,983.0
2026.07.31,42915.0,1070.0,42805.0,42915.0,42170.0,2003.0
2026.07.30,41845.0,345.0,42365.0,42840.0,41370.0,3304.0
2026.07.29,41500.0,-155.0,41660.0,41875.0,41125.0,3830.0
2026.07.28,41655.0,-1115.0,42570.0,42570.0,41555.0,1816.0
2026.07.27,42770.0,1325.0,43435.0,43435.0,42460.0,622.0
2026.07.24,41445.0,-2325.0,42635.0,42635.0,41370.0,2833.0
2026.07.23,43770.0,60.0,43710.0,43900.0,43180.0,2011.0
2026.07.22,43710.0,1455.0,42355.0,43900.0,42355.0,2718.0
2026.07.21,42255.0,1275.0,41565.0,42255.0,40375.0,3282.0
2026.07.20,40980.0,-495.0,41475.0,41475.0,40885.0,3295.0
2026.07.16,41475.0,-465.0,42100.0,42315.0,41415.0,863.0
2026.07.15,41940.0,35.0,41905.0,42250.0,41710.0,1527.0
2026.07.14,41905.0,-745.0,41100.0,41905.0,41000.0,1604.0
2026.07.13,42650.0,-1200.0,43855.0,43900.0,42370.0,2104.0
2026.07.10,43850.0,715.0,43140.0,44135.0,43140.0,664.0
2026.07.09,43135.0,-1030.0,43130.0,43280.0,42560.0,7535.0
2026.07.08,44165.0,-25.0,42655.0,44235.0,42625.0,4429.0
2026.07.07,44190.0,-500.0,45185.0,45185.0,43975.0,1229.0
2026.07.06,44690.0,-215.0,45375.0,45755.0,44270.0,3169.0
2026.07.03,44905.0,2260.0,43160.0,45655.0,43160.0,7175.0
2026.07.02,42645.0,1765.0,41085.0,42695.0,41000.0,6883.0
2026.07.01,40880.0,-340.0,41220.0,41600.0,40800.0,1643.0
2026.06.30,41220.0,-680.0,42715.0,42715.0,40400.0,14119.0
2026.06.29,41900.0,280.0,42600.0,42795.0,41900.0,2370.0
2026.06.26,41620.0,270.0,41900.0,42100.0,41225.0,2390.0
2026.06.25,41350.0,-2135.0,43115.0,43115.0,40530.0,7864.0
2026.06.24,43485.0,-775.0,43870.0,44040.0,42990.0,2569.0
2026.06.23,44260.0,-1260.0,46300.0,46300.0,43905.0,4758.0
2026.06.22,45520.0,160.0,44395.0,46330.0,44395.0,1794.0
2026.06.19,45360.0,-3330.0,46005.0,47310.0,44310.0,13529.0
2026.06.18,48690.0,-200.0,48325.0,48800.0,47720.0,2137.0
2026.06.17,48890.0,85.0,48550.0,49445.0,48450.0,4087.0
2026.06.16,48805.0,260.0,49025.0,49025.0,48300.0,1921.0
2026.06.15,48545.0,3140.0,47170.0,49090.0,46835.0,8116.0
2026.06.12,45405.0,1355.0,45590.0,46500.0,45375.0,6197.0
2026.06.11,44050.0,-2330.0,44140.0,44300.0,42750.0,8618.0
2026.06.10,46380.0,-3120.0,47820.0,47820.0,45580.0,7593.0
2026.06.09,49500.0,630.0,48520.0,49590.0,48520.0,4426.0
2026.06.08,48870.0,-2645.0,51095.0,51095.0,48000.0,7150.0
2026.06.05,51515.0,-860.0,52000.0,53405.0,51385.0,4343.0
2026.06.04,52375.0,-1380.0,53660.0,53660.0,52000.0,2146.0
2026.06.02,53755.0,45.0,53660.0,53755.0,52530.0,4954.0
2026.06.01,53710.0,-50.0,53935.0,54320.0,53395.0,6224.0
2026.05.29,53760.0,3435.0,52345.0,53780.0,52340.0,11966.0
2026.05.28,50325.0,-3070.0,53365.0,53380.0,50250.0,7736.0
2026.05.27,53395.0,-805.0,54420.0,54465.0,53100.0,5385.0
2026.05.26,54200.0,355.0,54290.0,55005.0,53945.0,5994.0
2026.05.22,53845.0,-670.0,54930.0,54930.0,53845.0,4411.0
2026.05.21,54515.0,1755.0,54180.0,55450.0,53860.0,4955.0
2026.05.20,52760.0,-1945.0,55065.0,55065.0,52445.0,8292.0
2026.05.19,54705.0,45.0,55820.0,56105.0,54250.0,12205.0
2026.05.18,54660.0,-640.0,55600.0,55645.0,52860.0,12258.0
2026.05.15,55300.0,-3255.0,56930.0,58315.0,54990.0,16821.0
2026.05.14,58555.0,-75.0,59235.0,59235.0,57900.0,4866.0
2026.05.13,58630.0,290.0,58675.0,59300.0,58170.0,8276.0
2026.05.12,58340.0,835.0,59010.0,60330.0,58340.0,14114.0
2026.05.11,57505.0,-1775.0,58850.0,58850.0,57500.0,6234.0
2026.05.08,59280.0,585.0,57855.0,59350.0,57855.0,3423.0
2026.05.07,58695.0,1145.0,57940.0,59115.0,57940.0,7250.0
2026.05.06,57550.0,1300.0,55440.0,57780.0,55400.0,9203.0
2026.05.04,56250.0,730.0,55825.0,57125.0,55570.0,7319.0
2026.04.30,55520.0,-1120.0,56590.0,56590.0,55225.0,4888.0
2026.04.29,56640.0,-795.0,57435.0,58000.0,56100.0,7923.0
2026.04.28,57435.0,-1680.0,59610.0,59610.0,57100.0,4892.0
2026.04.27,59115.0,610.0,58505.0,59530.0,57980.0,8845.0
2026.04.24,58505.0,-1000.0,60170.0,60200.0,58070.0,5029.0
2026.04.23,59505.0,-1480.0,60520.0,60520.0,59065.0,7206.0
2026.04.22,60985.0,-390.0,60535.0,60985.0,60100.0,3533.0
2026.04.21,61375.0,-210.0,63120.0,63120.0,61055.0,6442.0
2026.04.20,61585.0,-70.0,61000.0,62175.0,60305.0,6854.0
2026.04.17,61655.0,-830.0,62960.0,62960.0,61655.0,5524.0
2026.04.16,62485.0,115.0,63600.0,63600.0,62040.0,7007.0
2026.04.15,62370.0,1465.0,61600.0,63435.0,61600.0,7403.0
2026.04.14,60905.0,540.0,61990.0,61990.0,60450.0,4141.0
2026.04.13,60365.0,-145.0,58865.0,60365.0,58105.0,2699.0
2026.04.10,60510.0,305.0,61955.0,61955.0,60340.0,3376.0
2026.04.09,60205.0,-1895.0,61600.0,61990.0,59100.0,4573.0
2026.04.08,62100.0,3875.0,61375.0,62905.0,61055.0,30773.0
2026.04.07,58225.0,230.0,58575.0,58575.0,57450.0,10583.0
2026.04.06,57995.0,-55.0,58035.0,58955.0,57195.0,7182.0
2026.04.03,58050.0,1250.0,59000.0,59000.0,57035.0,3704.0
2026.04.02,56800.0,-2565.0,61055.0,61875.0,55935.0,31359.0
2026.04.01,59365.0,3320.0,58495.0,60000.0,58495.0,17373.0
2026.03.31,56045.0,945.0,54060.0,57445.0,54005.0,9418.0
2026.03.30,55100.0,1105.0,53650.0,55675.0,52735.0,6699.0
2026.03.27,53995.0,130.0,51775.0,54130.0,51130.0,11194.0
2026.03.26,53865.0,-2170.0,55830.0,56320.0,52800.0,9820.0
2026.03.25,56035.0,3455.0,56105.0,57460.0,55850.0,17139.0
2026.03.24,52580.0,3515.0,52985.0,52985.0,50340.0,28369.0
2026.03.23,49065.0,-10890.0,54150.0,55215.0,49065.0,52310.0
2026.03.20,59955.0,-3560.0,60045.0,61155.0,58435.0,32881.0
2026.03.19,63515.0,-5355.0,64790.0,65025.0,63515.0,16415.0
2026.03.18,68870.0,-50.0,68430.0,68925.0,67510.0,6812.0
2026.03.17,68920.0,-80.0,70500.0,70500.0,68480.0,6862.0
2026.03.16,69000.0,-2285.0,69825.0,69825.0,68000.0,14887.0
2026.03.13,71285.0,-1845.0,72140.0,72140.0,70785.0,3936.0
2026.03.12,73130.0,-500.0,72755.0,73310.0,72000.0,3912.0
2026.03.11,73630.0,300.0,73630.0,74500.0,73630.0,5957.0
2026.03.10,73330.0,1110.0,72220.0,73515.0,71880.0,6518.0
2026.03.09,72220.0,0.0,71535.0,72220.0,69105.0,14089.0
2026.03.06,72220.0,-200.0,72420.0,72550.0,70610.0,13354.0
2026.03.05,72420.0,-10.0,72695.0,73595.0,72250.0,9554.0
2026.03.04,72430.0,-4890.0,72300.0,73765.0,70990.0,25101.0
2026.03.03,77320.0,2990.0,76520.0,79800.0,75910.0,34380.0
2026.02.27,74330.0,245.0,74085.0,74390.0,73600.0,8237.0
2026.02.26,74085.0,-515.0,74335.0,74360.0,73225.0,19848.0
2026.02.25,74600.0,550.0,73245.0,74840.0,72910.0,19431.0
2026.02.24,74050.0,550.0,75490.0,76000.0,73250.0,20822.0
2026.02.23,73500.0,3325.0,72850.0,74195.0,72355.0,24160.0
2026.02.20,70175.0,1230.0,68700.0,70175.0,67700.0,14664.0
2026.02.19,68945.0,745.0,68085.0,68945.0,67730.0,12563.0
2026.02.13,68200.0,-2910.0,66625.0,69095.0,66625.0,12860.0
2026.02.12,71110.0,360.0,70980.0,71400.0,70690.0,11127.0
2026.02.11,70750.0,745.0,70725.0,71245.0,70100.0,7375.0
2026.02.10,70005.0,-305.0,70310.0,70895.0,69645.0,9860.0
2026.02.09,70310.0,4745.0,69940.0,70460.0,68600.0,25400.0
2026.02.06,65565.0,-2060.0,60895.0,66520.0,59875.0,55999.0
2026.02.05,67625.0,-3480.0,70750.0,70750.0,63775.0,80978.0
2026.02.04,71105.0,5290.0,68665.0,71985.0,67840.0,36470.0
2026.02.03,65815.0,8870.0,62855.0,65895.0,62800.0,52301.0
2026.02.02,56945.0,-19190.0,63525.0,67325.0,56065.0,157453.0
2026.01.30,76135.0,-12860.0,84950.0,87995.0,74877.0,101535.0
2026.01.29,88995.0,9860.0,86445.0,88995.0,84000.0,46310.0
2026.01.28,79135.0,5240.0,76500.0,79390.0,76200.0,31558.0
2026.01.27,73895.0,-90.0,72940.0,74100.0,72125.0,35128.0
2026.01.26,73985.0,3575.0,73100.0,74505.0,72560.0,40182.0
2026.01.23,70410.0,3320.0,70800.0,70805.0,70200.0,19760.0
2026.01.22,67090.0,-1675.0,66160.0,67090.0,65395.0,21866.0
2026.01.21,68765.0,4545.0,65505.0,68765.0,65505.0,28877.0
2026.01.20,64220.0,1370.0,63000.0,64220.0,62660.0,11642.0
2026.01.19,62850.0,1515.0,62960.0,63265.0,60615.0,28206.0
2026.01.16,61335.0,-10.0,61345.0,61550.0,60900.0,9667.0
2026.01.15,61345.0,-830.0,61600.0,61655.0,60700.0,11862.0
2026.01.14,62175.0,1230.0,60705.0,62280.0,60705.0,13837.0
2026.01.13,60945.0,215.0,60725.0,61095.0,60660.0,5729.0
2026.01.12,60730.0,2810.0,59490.0,61070.0,59400.0,16094.0
2026.01.09,57920.0,1440.0,57635.0,58050.0,57420.0,18341.0
2026.01.08,56480.0,-805.0,57290.0,57760.0,56270.0,12218.0
2026.01.07,57285.0,-485.0,58140.0,58500.0,57100.0,10600.0
2026.01.06,57770.0,2220.0,55630.0,57800.0,55630.0,21602.0
2026.01.05,55550.0,-285.0,53760.0,55550.0,53700.0,21246.0
2026.01.02,55835.0,150.0,54410.0,55860.0,54410.0,6961.0
2025.12.30,55685.0,-3345.0,55005.0,57200.0,54000.0,32569.0
2025.12.29,59030.0,-885.0,60205.0,60470.0,58350.0,13736.0
2025.12.26,60415.0,705.0,59830.0,60700.0,59830.0,11066.0
2025.12.24,59710.0,300.0,60405.0,60600.0,59150.0,15394.0
2025.12.23,59410.0,1865.0,58815.0,59855.0,58610.0,14603.0
2025.12.22,57545.0,1880.0,56400.0,57695.0,56205.0,13128.0
2025.12.19,55665.0,-215.0,55880.0,55945.0,55100.0,5653.0
2025.12.18,55880.0,165.0,56000.0,56090.0,55575.0,8210.0
2025.12.17,55715.0,1165.0,55025.0,55975.0,55025.0,10015.0
2025.12.16,54550.0,-1520.0,55090.0,55290.0,54135.0,13000.0
2025.12.15,56070.0,1720.0,55000.0,56140.0,54960.0,12256.0
2025.12.12,54350.0,1800.0,53900.0,54425.0,53895.0,11204.0
2025.12.11,52550.0,35.0,53040.0,53500.0,52490.0,7850.0
2025.12.10,52515.0,545.0,52510.0,52750.0,52450.0,3676.0
2025.12.09,51970.0,-830.0,52395.0,52400.0,51685.0,4665.0
2025.12.08,52800.0,-290.0,52670.0,52800.0,52335.0,4151.0
2025.12.05,53090.0,1135.0,52680.0,53200.0,52415.0,2953.0
2025.12.04,51955.0,-775.0,52505.0,52890.0,51900.0,5220.0
2025.12.03,52730.0,-15.0,52545.0,53095.0,52545.0,4625.0
2025.12.02,52745.0,-505.0,53270.0,53270.0,51895.0,29020.0
2025.12.01,53250.0,1760.0,52785.0,53800.0,52770.0,15707.0
2025.11.28,51490.0,230.0,51320.0,52200.0,51320.0,6612.0
2025.11.27,51260.0,-185.0,51600.0,51705.0,51155.0,4162.0
2025.11.26,51445.0,410.0,50985.0,51640.0,50735.0,8092.0
2025.11.25,51035.0,2200.0,50510.0,51095.0,50510.0,17940.0
2025.11.24,48835.0,290.0,49185.0,49335.0,48705.0,6235.0
2025.11.21,48545.0,-770.0,49250.0,49600.0,48545.0,7449.0
2025.11.20,49315.0,-695.0,50060.0,50385.0,48560.0,22100.0
2025.11.19,50010.0,1805.0,49225.0,50065.0,49090.0,9634.0
2025.11.18,48205.0,-1180.0,49255.0,49255.0,47900.0,16983.0
2025.11.17,49385.0,-2850.0,50755.0,50800.0,49045.0,18101.0
2025.11.14,52235.0,-850.0,52400.0,53055.0,52110.0,8201.0
2025.11.13,53085.0,2440.0,52035.0,53260.0,52035.0,27654.0
2025.11.12,50645.0,-735.0,51400.0,51500.0,50415.0,12347.0
2025.11.11,51380.0,1775.0,50000.0,51550.0,50000.0,16121.0
2025.11.10,49605.0,1695.0,48025.0,49605.0,48025.0,17248.0
2025.11.07,47910.0,100.0,47880.0,48090.0,47525.0,6577.0
2025.11.06,47810.0,420.0,47575.0,47900.0,47220.0,4711.0
2025.11.05,47390.0,-225.0,47075.0,47995.0,46100.0,10564.0
2025.11.04,47615.0,-985.0,48250.0,48250.0,47405.0,7796.0
2025.11.03,48600.0,280.0,47960.0,48600.0,47380.0,14860.0
2025.10.31,48320.0,940.0,48210.0,49000.0,47805.0,10210.0
2025.10.30,47380.0,-120.0,47130.0,47570.0,46220.0,15619.0
2025.10.29,47500.0,325.0,47555.0,47710.0,46955.0,10805.0
2025.10.28,47175.0,-3025.0,49000.0,49000.0,47115.0,32552.0
2025.10.27,50200.0,-135.0,49065.0,50450.0,49065.0,32330.0
2025.10.24,50335.0,-1125.0,51415.0,51710.0,50230.0,19336.0
2025.10.23,51460.0,-385.0,51580.0,51580.0,50000.0,29460.0
2025.10.22,51845.0,-4945.0,49740.0,51900.0,48460.0,81985.0
2025.10.21,56790.0,2535.0,57435.0,57870.0,56500.0,30497.0
2025.10.20,54255.0,-3445.0,55900.0,55910.0,53890.0,70205.0
2025.10.17,57700.0,3430.0,57850.0,58200.0,55600.0,61198.0
2025.10.16,54270.0,725.0,53740.0,54640.0,53615.0,39007.0
2025.10.15,53545.0,2175.0,52495.0,53545.0,52470.0,25292.0
2025.10.14,51370.0,890.0,51210.0,53060.0,51100.0,57006.0
2025.10.13,50480.0,2305.0,48430.0,50740.0,48430.0,27494.0
2025.10.10,48175.0,1745.0,48100.0,49500.0,47565.0,26576.0
2025.10.02,46430.0,500.0,46000.0,46430.0,45600.0,12037.0
2025.10.01,45930.0,75.0,45975.0,46040.0,45770.0,14983.0
2025.09.30,45855.0,1080.0,45070.0,46105.0,45070.0,19666.0
2025.09.29,44775.0,1515.0,43640.0,44775.0,43640.0,10806.0
2025.09.26,43260.0,-60.0,43320.0,43360.0,43000.0,9830.0
2025.09.25,43320.0,-640.0,43250.0,43440.0,42840.0,18592.0
2025.09.24,43960.0,360.0,43600.0,44000.0,43385.0,11748.0
2025.09.23,43600.0,1200.0,43295.0,43695.0,43260.0,16785.0
2025.09.22,42400.0,1040.0,41940.0,42400.0,41940.0,10682.0
2025.09.19,41360.0,365.0,41000.0,41440.0,40795.0,6840.0
2025.09.18,40995.0,-970.0,42000.0,42000.0,40995.0,8545.0
2025.09.17,41965.0,-90.0,42245.0,42410.0,41820.0,10494.0
2025.09.16,42055.0,840.0,41835.0,42205.0,41835.0,13044.0
2025.09.15,41215.0,-165.0,41155.0,41295.0,40780.0,7671.0
2025.09.12,41380.0,495.0,40885.0,41475.0,40780.0,12499.0
2025.09.11,40885.0,-415.0,41300.0,41300.0,40760.0,14473.0
2025.09.10,41300.0,75.0,40975.0,41345.0,40617.0,8339.0
2025.09.09,41225.0,1050.0,41050.0,41540.0,40880.0,28248.0
2025.09.08,40175.0,520.0,39955.0,40175.0,39890.0,17052.0
2025.09.05,39655.0,460.0,39600.0,39690.0,39505.0,7444.0
2025.09.04,39195.0,15.0,39540.0,39830.0,38750.0,20512.0
2025.09.03,39180.0,880.0,39315.0,39700.0,39130.0,10438.0
2025.09.02,38300.0,50.0,38300.0,38815.0,38200.0,11713.0
2025.09.01,38250.0,1840.0,37250.0,38250.0,37235.0,17649.0
2025.08.29,36410.0,480.0,36505.0,36645.0,36360.0,4840.0
2025.08.28,35930.0,280.0,35995.0,36060.0,35875.0,3963.0
2025.08.27,35650.0,120.0,35665.0,35870.0,35565.0,2205.0
2025.08.26,35530.0,305.0,35185.0,35695.0,35125.0,1515.0
2025.08.25,35225.0,645.0,35270.0,35270.0,35195.0,2149.0
2025.08.22,34580.0,-150.0,34845.0,34845.0,34580.0,4118.0
2025.08.21,34730.0,175.0,35000.0,35000.0,34565.0,3685.0
2025.08.20,34555.0,-275.0,34345.0,34585.0,34300.0,5218.0
2025.08.19,34830.0,-305.0,34735.0,34890.0,34610.0,3108.0
2025.08.18,35135.0,-240.0,34665.0,35225.0,34635.0,2199.0
2025.08.14,35375.0,20.0,35520.0,35525.0,35310.0,2411.0
2025.08.13,35355.0,250.0,35150.0,35355.0,34880.0,2894.0
2025.08.12,35105.0,-710.0,35195.0,35350.0,35080.0,6063.0
2025.08.11,35815.0,-1210.0,37030.0,37030.0,35815.0,4262.0
2025.08.08,37025.0,1010.0,36980.0,37335.0,36785.0,12090.0
2025.08.07,36015.0,370.0,35720.0,36015.0,35675.0,3850.0
2025.08.06,35645.0,-25.0,35800.0,35990.0,35645.0,2576.0
2025.08.05,35670.0,495.0,35650.0,35715.0,35610.0,4944.0
2025.08.04,35175.0,1005.0,35385.0,35390.0,35150.0,3698.0
2025.08.01,34170.0,-170.0,34090.0,34250.0,33860.0,3542.0
2025.07.31,34340.0,-495.0,33975.0,34340.0,33950.0,3960.0
2025.07.30,34835.0,55.0,35050.0,35050.0,34780.0,2848.0
2025.07.29,34780.0,-500.0,34670.0,34780.0,34500.0,4482.0
2025.07.28,35280.0,-395.0,35170.0,35290.0,34915.0,4487.0
2025.07.25,35675.0,-430.0,35975.0,36005.0,35660.0,2347.0
2025.07.24,36105.0,-1105.0,36515.0,36535.0,35945.0,6193.0
2025.07.23,37210.0,690.0,37175.0,37385.0,37170.0,11695.0
2025.07.22,36520.0,655.0,36545.0,36600.0,36400.0,4274.0
2025.07.21,35865.0,675.0,35545.0,35955.0,35405.0,3861.0
2025.07.18,35190.0,-35.0,35195.0,35500.0,35155.0,6185.0
2025.07.17,35225.0,-230.0,35345.0,35550.0,35225.0,1990.0
2025.07.16,35455.0,-305.0,35215.0,35455.0,35130.0,2535.0
2025.07.15,35760.0,-65.0,35600.0,35960.0,35570.0,2468.0
2025.07.14,35825.0,450.0,35950.0,36250.0,35760.0,5808.0
2025.07.11,35375.0,420.0,34965.0,35410.0,34965.0,2208.0
2025.07.10,34955.0,570.0,34780.0,35075.0,34780.0,1440.0
2025.07.09,34385.0,-870.0,34705.0,34810.0,34375.0,4147.0
2025.07.08,35255.0,325.0,35280.0,35395.0,35205.0,753.0
2025.07.07,34930.0,-600.0,35110.0,35210.0,34735.0,2798.0
2025.07.04,35530.0,-230.0,35350.0,35585.0,35235.0,1779.0
2025.07.03,35760.0,370.0,35570.0,35840.0,35435.0,6001.0
2025.07.02,35390.0,110.0,35305.0,35565.0,35280.0,2775.0
2025.07.01,35280.0,845.0,34810.0,35290.0,34775.0,3774.0
2025.06.30,34435.0,-180.0,33790.0,34435.0,33790.0,4491.0
2025.06.27,34615.0,-885.0,35000.0,35125.0,34500.0,4420.0
2025.06.26,35500.0,240.0,35390.0,35515.0,35300.0,2385.0
2025.06.25,35260.0,-15.0,35075.0,35465.0,35075.0,3881.0
2025.06.24,35275.0,-710.0,35700.0,35915.0,35275.0,14037.0
2025.06.23,35985.0,215.0,36210.0,36355.0,35810.0,7612.0
2025.06.20,35770.0,-200.0,36305.0,36310.0,35730.0,2247.0
2025.06.19,35970.0,-655.0,36530.0,36580.0,35920.0,4268.0
2025.06.18,36625.0,-195.0,36775.0,36900.0,36300.0,9030.0
2025.06.17,36820.0,-435.0,37135.0,37255.0,36400.0,9690.0
2025.06.16,37255.0,-415.0,37825.0,38155.0,37255.0,13939.0
2025.06.13,37670.0,1450.0,36770.0,37940.0,36770.0,15811.0
2025.06.12,36220.0,550.0,36150.0,36505.0,36115.0,4333.0
2025.06.11,35670.0,270.0,35400.0,35750.0,35400.0,1961.0
2025.06.10,35400.0,60.0,35515.0,35515.0,34980.0,2749.0
2025.06.09,35340.0,-965.0,35390.0,35390.0,34800.0,4838.0
2025.06.05,36305.0,270.0,36485.0,36655.0,36295.0,6768.0
2025.06.04,36035.0,355.0,35850.0,36475.0,35825.0,6538.0
2025.06.02,35680.0,810.0,35150.0,35680.0,35040.0,7367.0
2025.05.30,34870.0,385.0,35265.0,35425.0,34810.0,3837.0
2025.05.29,34485.0,-700.0,34175.0,34500.0,33880.0,5859.0
2025.05.28,35185.0,-405.0,35160.0,35345.0,34870.0,2788.0
2025.05.27,35590.0,-530.0,35995.0,36235.0,35500.0,3618.0
2025.05.26,36120.0,320.0,36000.0,36215.0,35800.0,7043.0
2025.05.23,35800.0,-75.0,35075.0,35800.0,34960.0,6756.0
2025.05.22,35875.0,290.0,35485.0,36200.0,35485.0,7238.0
2025.05.21,35585.0,2025.0,34885.0,35585.0,34770.0,14990.0
2025.05.20,33560.0,-40.0,33500.0,33725.0,33235.0,6204.0
2025.05.19,33600.0,150.0,33765.0,34235.0,33305.0,19380.0
2025.05.16,33450.0,1510.0,33875.0,34045.0,33300.0,23070.0
2025.05.15,31940.0,-1920.0,32860.0,32905.0,31545.0,17845.0
2025.05.14,33860.0,-425.0,34200.0,34285.0,33635.0,8256.0
2025.05.13,34285.0,-625.0,34080.0,34500.0,33600.0,13429.0
2025.05.12,34910.0,-925.0,35035.0,35185.0,34510.0,7190.0
2025.05.09,35835.0,-500.0,35655.0,36005.0,34930.0,7828.0
2025.05.08,36335.0,-1135.0,37150.0,37920.0,36270.0,9751.0
2025.05.07,37470.0,2780.0,37600.0,37795.0,36855.0,20298.0
2025.05.02,34690.0,-1100.0,34040.0,36200.0,33840.0,11625.0
2025.04.30,35790.0,-250.0,36045.0,36245.0,35650.0,4777.0
2025.04.29,36040.0,500.0,36405.0,36475.0,35770.0,3723.0
2025.04.28,35540.0,10.0,35640.0,35990.0,34995.0,12068.0
2025.04.25,35530.0,-695.0,36655.0,36980.0,35345.0,26481.0
2025.04.24,36225.0,-80.0,36035.0,37070.0,36030.0,26814.0
2025.04.23,36305.0,-3515.0,36485.0,37670.0,36000.0,33968.0
2025.04.22,39820.0,2105.0,38695.0,40175.0,38350.0,12608.0
2025.04.21,37715.0,1225.0,37050.0,37770.0,37000.0,14245.0
2025.04.18,36490.0,45.0,36450.0,36595.0,36330.0,2888.0
2025.04.17,36445.0,735.0,37000.0,37090.0,36320.0,17987.0
2025.04.16,35710.0,1380.0,34915.0,35825.0,34910.0,17048.0
2025.04.15,34330.0,-215.0,34210.0,34465.0,34000.0,5498.0
2025.04.14,34545.0,435.0,34460.0,34870.0,34210.0,10082.0
2025.04.11,34110.0,1725.0,33800.0,34435.0,33600.0,25515.0
2025.04.10,32385.0,1840.0,31660.0,32475.0,31455.0,17362.0
2025.04.09,30545.0,485.0,30060.0,30545.0,29335.0,4901.0
2025.04.08,30060.0,-115.0,29585.0,30060.0,29555.0,7304.0
2025.04.07,30175.0,-2020.0,29875.0,31250.0,29420.0,34038.0
2025.04.04,32195.0,-425.0,32405.0,32415.0,31850.0,10283.0
2025.04.03,32620.0,-15.0,33440.0,33500.0,32620.0,11593.0
2025.04.02,32635.0,-315.0,32620.0,32945.0,32480.0,6932.0
2025.04.01,32950.0,245.0,32815.0,33240.0,32815.0,14820.0
2025.03.31,32705.0,640.0,32190.0,32850.0,31965.0,15179.0
2025.03.28,32065.0,1075.0,31635.0,32075.0,31625.0,7759.0
2025.03.27,30990.0,205.0,30710.0,31100.0,30710.0,3344.0
2025.03.26,30785.0,115.0,30690.0,30785.0,30630.0,1960.0
2025.03.25,30670.0,-100.0,30540.0,30695.0,30470.0,2781.0
2025.03.24,30770.0,-210.0,30885.0,30885.0,30605.0,4083.0
2025.03.21,30980.0,-360.0,31340.0,31340.0,30830.0,9777.0
2025.03.20,31340.0,195.0,31390.0,31540.0,31290.0,3873.0
2025.03.19,31145.0,535.0,30940.0,31260.0,30920.0,3454.0
2025.03.18,30610.0,450.0,30405.0,30735.0,30405.0,6049.0
2025.03.17,30160.0,65.0,30155.0,30215.0,30095.0,2560.0
2025.03.14,30095.0,910.0,30190.0,30300.0,30095.0,11144.0
2025.03.13,29185.0,505.0,29135.0,29355.0,29135.0,2120.0
2025.03.12,28680.0,305.0,28695.0,28760.0,28640.0,3615.0
2025.03.11,28375.0,-295.0,28125.0,28375.0,28005.0,7694.0
2025.03.10,28670.0,-15.0,28735.0,28785.0,28600.0,734.0
2025.03.07,28685.0,-235.0,28700.0,28700.0,28430.0,1463.0
2025.03.06,28920.0,85.0,28835.0,28980.0,28785.0,4093.0
2025.03.05,28835.0,515.0,28505.0,28925.0,27750.0,21660.0
2025.03.04,28320.0,400.0,28305.0,28475.0,28225.0,7175.0
2025.02.28,27920.0,-575.0,28025.0,28190.0,27730.0,5864.0
2025.02.27,28495.0,-370.0,28965.0,29020.0,28400.0,5033.0
2025.02.26,28865.0,-525.0,29005.0,29115.0,28790.0,5433.0
2025.02.25,29390.0,-55.0,29430.0,29690.0,29390.0,4267.0
2025.02.24,29445.0,225.0,29385.0,29465.0,29100.0,3677.0
2025.02.21,29220.0,-440.0,29660.0,29660.0,29125.0,12729.0
2025.02.20,29660.0,300.0,29340.0,29660.0,29340.0,7044.0
2025.02.19,29360.0,510.0,29250.0,29525.0,29200.0,6554.0
2025.02.18,28850.0,405.0,28440.0,28930.0,28440.0,3742.0
2025.02.17,28445.0,-1055.0,28255.0,29000.0,28250.0,20927.0
2025.02.14,29500.0,295.0,29500.0,29625.0,29420.0,8751.0
2025.02.13,29205.0,510.0,28925.0,29370.0,28925.0,8593.0
2025.02.12,28695.0,-645.0,29340.0,29500.0,28580.0,10935.0
2025.02.11,29340.0,795.0,28745.0,29775.0,28745.0,18250.0
2025.02.10,28545.0,400.0,28225.0,28630.0,28225.0,12895.0
2025.02.07,28145.0,-10.0,28100.0,28220.0,28055.0,2436.0
2025.02.06,28155.0,25.0,28370.0,28370.0,27980.0,4771.0
2025.02.05,28130.0,895.0,27300.0,28180.0,27300.0,15706.0
2025.02.04,27235.0,340.0,27315.0,27605.0,27235.0,7705.0
2025.02.03,26895.0,-415.0,26485.0,26895.0,25995.0,12628.0
2025.01.31,27310.0,690.0,27000.0,27550.0,27000.0,6259.0
2025.01.24,26620.0,355.0,26265.0,26720.0,26265.0,3676.0
2025.01.23,26265.0,-35.0,26300.0,26305.0,26210.0,1589.0
2025.01.22,26300.0,355.0,25945.0,26390.0,25945.0,7002.0
2025.01.21,25945.0,-130.0,25930.0,25995.0,25520.0,3246.0
2025.01.20,26075.0,240.0,25840.0,26075.0,25750.0,6632.0
2025.01.17,25835.0,360.0,25610.0,25950.0,25610.0,6497.0
2025.01.16,25475.0,405.0,25070.0,25570.0,25020.0,46977.0
2025.01.15,25070.0,200.0,24990.0,25070.0,24900.0,13757.0
2025.01.14,24870.0,-570.0,24925.0,24955.0,24850.0,10993.0
2025.01.13,25440.0,300.0,25525.0,25620.0,25335.0,14757.0
2025.01.10,25140.0,405.0,24735.0,25160.0,24735.0,5058.0
2025.01.09,24735.0,225.0,24755.0,24785.0,24710.0,2565.0
2025.01.08,24510.0,185.0,24325.0,24550.0,24325.0,3264.0
2025.01.07,24325.0,-10.0,24330.0,24385.0,24140.0,1721.0
2025.01.06,24335.0,-565.0,24900.0,24900.0,24335.0,3533.0
2025.01.03,24900.0,720.0,24465.0,25330.0,23885.0,10999.0
2025.01.02,24180.0,205.0,24050.0,24195.0,24040.0,3302.0
2024.12.30,23975.0,-255.0,24055.0,24055.0,23920.0,5795.0
2024.12.27,24230.0,155.0,24250.0,24300.0,24170.0,3907.0
2024.12.26,24075.0,150.0,23935.0,24160.0,23935.0,6392.0
2024.12.24,23925.0,-140.0,23890.0,23945.0,23850.0,2136.0
2024.12.23,24065.0,390.0,24045.0,24120.0,23955.0,6049.0
2024.12.20,23675.0,-75.0,23515.0,23675.0,23425.0,10572.0
2024.12.19,23750.0,-740.0,23400.0,23850.0,23365.0,10064.0
2024.12.18,24490.0,-65.0,24460.0,24565.0,24410.0,4476.0
2024.12.17,24555.0,-150.0,24625.0,24725.0,24555.0,11072.0
2024.12.16,24705.0,-620.0,24625.0,24705.0,24490.0,10878.0
2024.12.13,25325.0,-805.0,25255.0,25495.0,25235.0,7333.0
2024.12.12,26130.0,365.0,26175.0,26300.0,26005.0,10029.0
2024.12.11,25765.0,685.0,25620.0,25980.0,25600.0,12926.0
2024.12.10,25080.0,560.0,24525.0,25150.0,24525.0,10195.0
2024.12.09,24520.0,-20.0,24530.0,24695.0,24305.0,7656.0
2024.12.06,24540.0,-240.0,24425.0,24580.0,24055.0,16938.0
2024.12.05,24780.0,65.0,24705.0,24845.0,24615.0,5845.0
2024.12.04,24715.0,35.0,24540.0,24720.0,24460.0,6294.0
2024.12.03,24680.0,400.0,24555.0,24680.0,24450.0,9745.0
2024.12.02,24280.0,-690.0,24620.0,24685.0,24185.0,16442.0
2024.11.29,24970.0,465.0,24505.0,25020.0,24465.0,10399.0
2024.11.28,24505.0,-180.0,24530.0,24545.0,24225.0,6656.0
2024.11.27,24685.0,400.0,24415.0,24685.0,24375.0,7131.0
2024.11.26,24285.0,-890.0,24055.0,24415.0,24010.0,9701.0
2024.11.25,25175.0,-395.0,26115.0,26145.0,24955.0,13235.0
2024.11.22,25570.0,575.0,25155.0,25595.0,25150.0,4506.0
2024.11.21,24995.0,480.0,24845.0,25010.0,24845.0,3947.0
2024.11.20,24515.0,175.0,24590.0,24690.0,24490.0,1531.0
2024.11.19,24340.0,600.0,23975.0,24425.0,23810.0,4434.0
2024.11.18,23740.0,510.0,23420.0,23910.0,23415.0,9476.0
2024.11.15,23230.0,65.0,23380.0,23430.0,23155.0,8588.0
2024.11.14,23165.0,-930.0,23520.0,24465.0,23100.0,18816.0
2024.11.13,24095.0,-85.0,23945.0,24245.0,23940.0,9374.0
2024.11.12,24180.0,-1255.0,24485.0,24490.0,24070.0,19631.0
2024.11.11,25435.0,-295.0,25700.0,25700.0,25325.0,16402.0
2024.11.08,25730.0,590.0,26045.0,26170.0,25730.0,9547.0
2024.11.07,25140.0,-1235.0,25285.0,25300.0,24885.0,13759.0
2024.11.06,26375.0,-325.0,26830.0,26985.0,26375.0,13770.0
2024.11.05,26700.0,-120.0,26525.0,26730.0,26500.0,2939.0
2024.11.04,26820.0,-230.0,26705.0,27195.0,25555.0,3407.0
2024.11.01,27050.0,-675.0,26925.0,27135.0,26885.0,8953.0
2024.10.31,27725.0,-40.0,27730.0,27795.0,27630.0,12376.0
2024.10.30,27765.0,670.0,27550.0,27765.0,27510.0,2985.0
2024.10.29,27095.0,175.0,26920.0,27185.0,26900.0,5727.0
2024.10.28,26920.0,285.0,26765.0,26920.0,26575.0,3199.0
2024.10.25,26635.0,-110.0,26745.0,26760.0,26560.0,7139.0
2024.10.24,26745.0,-390.0,26505.0,26745.0,26435.0,4639.0
2024.10.23,27135.0,300.0,27000.0,27155.0,26845.0,8388.0
2024.10.22,26835.0,145.0,26545.0,26835.0,26540.0,7727.0
2024.10.21,26690.0,455.0,26615.0,26755.0,26550.0,11009.0
2024.10.18,26235.0,395.0,26000.0,26395.0,25995.0,3749.0
2024.10.17,25840.0,130.0,25675.0,25845.0,25675.0,1518.0
2024.10.16,25710.0,560.0,25390.0,25710.0,25375.0,2259.0
2024.10.15,25150.0,-400.0,25225.0,25260.0,25015.0,6953.0
2024.10.14,25550.0,425.0,25165.0,25550.0,25120.0,3159.0
2024.10.11,25125.0,505.0,24925.0,25180.0,24910.0,3776.0
2024.10.10,24620.0,-540.0,24500.0,24620.0,24395.0,8055.0
2024.10.08,25160.0,-10.0,25170.0,25245.0,25020.0,3055.0
2024.10.07,25170.0,-480.0,25375.0,25380.0,25145.0,8733.0
2024.10.04,25650.0,345.0,25475.0,25700.0,25385.0,4953.0
2024.10.02,25305.0,-195.0,25505.0,25530.0,25220.0,7884.0
2024.09.30,25500.0,-150.0,25160.0,25625.0,25160.0,4504.0
2024.09.27,25650.0,105.0,25545.0,25780.0,25545.0,3013.0
2024.09.26,25545.0,-5.0,25510.0,25590.0,25470.0,4774.0
2024.09.25,25550.0,570.0,25530.0,25730.0,25465.0,6228.0
2024.09.24,24980.0,-25.0,24975.0,25170.0,24940.0,5717.0
2024.09.23,25005.0,520.0,24825.0,25045.0,24780.0,3557.0
2024.09.20,24485.0,425.0,24070.0,24485.0,24060.0,4596.0
2024.09.19,24060.0,140.0,23920.0,24060.0,23605.0,8086.0
2024.09.13,23920.0,820.0,23500.0,23985.0,23500.0,13145.0
2024.09.12,23100.0,-60.0,22945.0,23100.0,22905.0,4442.0
2024.09.11,23160.0,325.0,23045.0,23205.0,23015.0,5620.0
2024.09.10,22835.0,300.0,22840.0,22845.0,22730.0,1265.0
2024.09.09,22535.0,-590.0,22760.0,22770.0,22535.0,2022.0
2024.09.06,23125.0,185.0,23060.0,23135.0,23000.0,6471.0
2024.09.05,22940.0,285.0,22665.0,22940.0,22665.0,1627.0
2024.09.04,22655.0,-90.0,22725.0,22760.0,22635.0,3864.0
2024.09.03,22745.0,-55.0,22800.0,22800.0,22685.0,2892.0
2024.09.02,22800.0,-410.0,22925.0,22925.0,22690.0,4356.0
2024.08.30,23210.0,25.0,23185.0,23210.0,23055.0,3434.0
2024.08.29,23185.0,185.0,22955.0,23185.0,22955.0,3923.0
2024.08.28,23000.0,-155.0,23305.0,23345.0,22940.0,3210.0
2024.08.27,23155.0,45.0,23110.0,23170.0,22975.0,5307.0
2024.08.26,23110.0,300.0,23145.0,23165.0,23050.0,7065.0
2024.08.23,22810.0,-285.0,22675.0,22810.0,22665.0,6728.0
2024.08.22,23095.0,-165.0,23190.0,23195.0,22915.0,9239.0
2024.08.21,23260.0,250.0,23180.0,23300.0,23180.0,8734.0
2024.08.20,23010.0,0.0,23060.0,23070.0,22905.0,10684.0
2024.08.19,23010.0,800.0,22610.0,23145.0,22610.0,11900.0
2024.08.16,22210.0,-225.0,22245.0,22260.0,22080.0,4652.0
2024.08.14,22435.0,35.0,22325.0,22455.0,22180.0,4656.0
2024.08.13,22400.0,625.0,22585.0,22635.0,22335.0,5016.0
2024.08.12,21775.0,215.0,21635.0,21775.0,21600.0,3885.0
2024.08.09,21560.0,380.0,21625.0,21710.0,21495.0,10298.0
2024.08.08,21180.0,-20.0,20980.0,21180.0,20955.0,5736.0
2024.08.07,21200.0,-135.0,20990.0,21200.0,20895.0,5469.0
2024.08.06,21335.0,-400.0,21360.0,21575.0,21170.0,15288.0
2024.08.05,21735.0,-715.0,22015.0,22270.0,21610.0,7332.0
2024.08.02,22450.0,315.0,22095.0,22520.0,21965.0,7550.0
2024.08.01,22135.0,410.0,22120.0,22300.0,22000.0,4845.0
2024.07.31,21725.0,550.0,21480.0,21725.0,21410.0,7034.0
2024.07.30,21175.0,-60.0,21030.0,21180.0,20970.0,2471.0
2024.07.29,21235.0,395.0,21290.0,21375.0,21185.0,3857.0
2024.07.26,20840.0,-120.0,20765.0,21010.0,20620.0,5392.0
2024.07.25,20960.0,-775.0,21355.0,21405.0,20835.0,14183.0
2024.07.24,21735.0,470.0,21550.0,21790.0,21550.0,7833.0
2024.07.23,21265.0,-265.0,21400.0,21545.0,21265.0,4129.0
2024.07.22,21530.0,-305.0,21695.0,21695.0,21475.0,2908.0
2024.07.19,21835.0,-940.0,22275.0,22275.0,21770.0,8461.0
2024.07.18,22775.0,55.0,22675.0,22780.0,22555.0,5297.0
2024.07.17,22720.0,630.0,22715.0,23000.0,22645.0,13886.0
2024.07.16,22090.0,405.0,21910.0,22100.0,21885.0,138201.0
2024.07.15,21685.0,5.0,21680.0,21810.0,21665.0,52935.0
2024.07.12,21680.0,495.0,21410.0,21820.0,21410.0,6941.0
2024.07.11,21185.0,130.0,21095.0,21265.0,21045.0,23355.0
2024.07.10,21055.0,70.0,20985.0,21055.0,20985.0,3265.0
2024.07.09,20985.0,-280.0,20950.0,21060.0,20905.0,5363.0
2024.07.08,21265.0,260.0,21335.0,21435.0,21265.0,6208.0
2024.07.05,21005.0,205.0,20870.0,21005.0,20820.0,3263.0
2024.07.04,20800.0,320.0,20865.0,20955.0,20800.0,5025.0
2024.07.03,20480.0,50.0,20450.0,20490.0,20350.0,4075.0
2024.07.02,20430.0,80.0,20440.0,20485.0,20355.0,966.0
2024.07.01,20350.0,-70.0,20395.0,20395.0,20250.0,1664.0
2024.06.28,20420.0,490.0,20370.0,20420.0,20280.0,4884.0
2024.06.27,19930.0,-250.0,19925.0,21400.0,19880.0,36048.0
2024.06.26,20180.0,-230.0,20315.0,20315.0,20140.0,1602.0
2024.06.25,20410.0,40.0,20465.0,20510.0,20370.0,5825.0
2024.06.24,20370.0,-665.0,20265.0,20410.0,20265.0,4254.0
2024.06.21,21035.0,305.0,21015.0,21110.0,20995.0,3943.0
2024.06.20,20730.0,205.0,20515.0,20745.0,20460.0,2145.0
2024.06.19,20525.0,135.0,20510.0,20545.0,20475.0,3077.0
2024.06.18,20390.0,40.0,20425.0,20500.0,20355.0,2173.0
2024.06.17,20350.0,90.0,20455.0,20505.0,20350.0,6937.0
2024.06.14,20260.0,-40.0,20130.0,20260.0,20095.0,1847.0
2024.06.13,20300.0,-75.0,20445.0,20450.0,20230.0,6448.0
2024.06.12,20375.0,215.0,20335.0,20375.0,20285.0,2839.0
2024.06.11,20160.0,205.0,20255.0,20290.0,20065.0,3471.0
2024.06.10,19955.0,-1520.0,20105.0,20120.0,19955.0,8100.0
2024.06.07,21475.0,740.0,21480.0,21675.0,21385.0,3961.0
2024.06.05,20735.0,-290.0,20685.0,20885.0,20625.0,2127.0
2024.06.04,21025.0,555.0,21050.0,21110.0,20935.0,6928.0
2024.06.03,20470.0,-505.0,20655.0,20730.0,20470.0,5058.0
2024.05.31,20975.0,260.0,20945.0,21030.0,20870.0,2559.0
2024.05.30,20715.0,-500.0,20925.0,20925.0,20615.0,3868.0
2024.05.29,21215.0,190.0,21260.0,21350.0,21190.0,96330.0
2024.05.28,21025.0,30.0,21160.0,21180.0,21025.0,56524.0
2024.05.27,20995.0,105.0,20895.0,21000.0,20825.0,3652.0
2024.05.24,20890.0,-520.0,20815.0,20890.0,20680.0,3264.0
2024.05.23,21410.0,-920.0,21700.0,21725.0,21250.0,4286.0
2024.05.22,22330.0,-15.0,22470.0,22540.0,22255.0,5160.0
2024.05.21,22345.0,-480.0,22550.0,22655.0,22240.0,7172.0
2024.05.20,22825.0,965.0,22430.0,22955.0,22380.0,16905.0
2024.05.17,21860.0,35.0,21740.0,21860.0,21610.0,1177.0
2024.05.16,21825.0,800.0,21905.0,22005.0,21825.0,6743.0
2024.05.14,21025.0,-220.0,21020.0,21120.0,20955.0,2320.0
2024.05.13,21245.0,-170.0,21425.0,21465.0,21220.0,3596.0
2024.05.10,21415.0,825.0,21135.0,21430.0,21130.0,4543.0
2024.05.09,20590.0,-45.0,20775.0,20775.0,20450.0,2644.0
2024.05.08,20635.0,-80.0,20510.0,20745.0,20250.0,2107.0
2024.05.07,20715.0,320.0,21010.0,21010.0,20715.0,3630.0
2024.05.03,20395.0,-280.0,20500.0,20535.0,20395.0,1828.0
2024.05.02,20675.0,-250.0,20905.0,20905.0,20645.0,13715.0
2024.04.30,20925.0,25.0,20945.0,21000.0,20900.0,1465.0
2024.04.29,20900.0,-165.0,21095.0,21095.0,20790.0,1891.0
2024.04.26,21065.0,335.0,20940.0,21100.0,20885.0,4086.0
2024.04.25,20730.0,-145.0,21125.0,21125.0,20590.0,7164.0
2024.04.24,20875.0,360.0,20970.0,20975.0,20770.0,6367.0
2024.04.23,20515.0,-1120.0,21050.0,21075.0,19910.0,10342.0
2024.04.22,21635.0,-335.0,22245.0,22245.0,21625.0,11777.0
2024.04.19,21970.0,45.0,22030.0,22630.0,21835.0,38458.0
2024.04.18,21925.0,15.0,21725.0,21925.0,21685.0,9533.0
2024.04.17,21910.0,-150.0,22120.0,22120.0,21880.0,6172.0
2024.04.16,22060.0,370.0,21925.0,22200.0,21925.0,15970.0
2024.04.15,21690.0,-465.0,21720.0,21755.0,21435.0,22365.0
2024.04.12,22155.0,955.0,21725.0,22240.0,21725.0,18016.0
2024.04.11,21200.0,-235.0,21485.0,21485.0,21150.0,4072.0
2024.04.09,21435.0,205.0,21300.0,21450.0,21295.0,6573.0
2024.04.08,21230.0,980.0,20650.0,21500.0,20610.0,18481.0
2024.04.05,20250.0,-340.0,20270.0,20395.0,20030.0,10279.0
2024.04.04,20590.0,235.0,20635.0,20730.0,20585.0,8471.0
2024.04.03,20355.0,445.0,20145.0,20450.0,20145.0,10946.0
2024.04.02,19910.0,-65.0,19765.0,19960.0,19760.0,65343.0
2024.04.01,19975.0,835.0,19290.0,20065.0,19290.0,11176.0
2024.03.29,19140.0,275.0,18930.0,19160.0,18930.0,4575.0
2024.03.28,18865.0,265.0,18805.0,18915.0,18700.0,3483.0
2024.03.27,18600.0,95.0,18715.0,18715.0,18485.0,4362.0
2024.03.26,18505.0,30.0,18560.0,18560.0,18460.0,10773.0
2024.03.25,18475.0,-95.0,18920.0,18920.0,18390.0,2389.0
2024.03.22,18570.0,-545.0,18920.0,18920.0,18540.0,3535.0
2024.03.21,19115.0,810.0,18800.0,19165.0,18800.0,18306.0
2024.03.20,18305.0,20.0,18340.0,18340.0,18280.0,1763.0
2024.03.19,18285.0,160.0,18405.0,18405.0,18240.0,6371.0
2024.03.18,18125.0,-385.0,18300.0,18300.0,18110.0,2683.0
2024.03.15,18510.0,-15.0,18615.0,18615.0,18370.0,2681.0
2024.03.14,18525.0,145.0,18580.0,18645.0,18515.0,5020.0
2024.03.13,18380.0,-275.0,18385.0,18400.0,18320.0,12291.0
2024.03.12,18655.0,-80.0,18835.0,18840.0,18650.0,6381.0
2024.03.11,18735.0,380.0,18770.0,18885.0,18690.0,10072.0
2024.03.08,18355.0,50.0,18410.0,18480.0,18320.0,4945.0
2024.03.07,18305.0,455.0,18200.0,18450.0,18180.0,13317.0
2024.03.06,17850.0,110.0,17865.0,17900.0,17840.0,6986.0
2024.03.05,17740.0,585.0,17220.0,17770.0,17215.0,41682.0
2024.03.04,17155.0,725.0,17195.0,17205.0,17130.0,16641.0
2024.02.29,16430.0,75.0,16355.0,16435.0,16355.0,5342.0
2024.02.28,16355.0,-55.0,16340.0,16380.0,16335.0,1873.0
2024.02.27,16410.0,-5.0,16420.0,16420.0,16355.0,2142.0
2024.02.26,16415.0,230.0,16410.0,16420.0,16360.0,4369.0
2024.02.23,16185.0,-180.0,16280.0,16295.0,16185.0,3710.0
2024.02.22,16365.0,-25.0,16300.0,16365.0,16290.0,1970.0
2024.02.21,16390.0,170.0,16275.0,16415.0,16265.0,4450.0
2024.02.20,16220.0,-60.0,16190.0,16225.0,16170.0,3236.0
2024.02.19,16280.0,305.0,16150.0,16285.0,16150.0,2517.0
2024.02.16,15975.0,170.0,15980.0,16025.0,15975.0,2450.0
2024.02.15,15805.0,-35.0,15845.0,15845.0,15785.0,4455.0
2024.02.14,15840.0,-475.0,16955.0,16955.0,15790.0,5546.0
2024.02.13,16315.0,-215.0,16265.0,16315.0,16240.0,3567.0
2024.02.08,16530.0,10.0,16555.0,16605.0,16500.0,2139.0
2024.02.07,16520.0,100.0,16550.0,16570.0,16520.0,7963.0
2024.02.06,16420.0,-55.0,16455.0,16455.0,16350.0,2104.0
2024.02.05,16475.0,-475.0,16650.0,16650.0,16455.0,4467.0
2024.02.02,16950.0,210.0,16920.0,16955.0,16900.0,5063.0
2024.02.01,16740.0,125.0,16680.0,16830.0,16675.0,8282.0
2024.01.31,16615.0,-20.0,16645.0,16670.0,16590.0,5504.0
2024.01.30,16635.0,130.0,16570.0,16635.0,16545.0,1659.0
2024.01.29,16505.0,60.0,16430.0,16505.0,16380.0,2381.0
2024.01.26,16445.0,110.0,16400.0,16455.0,16380.0,1395.0
2024.01.25,16335.0,-250.0,16365.0,16365.0,16315.0,1320.0
2024.01.24,16585.0,-30.0,16585.0,16585.0,16485.0,981.0
2024.01.23,16615.0,110.0,16610.0,16615.0,16445.0,5799.0
2024.01.22,16505.0,15.0,16575.0,16640.0,16460.0,1568.0
2024.01.19,16490.0,180.0,16475.0,16520.0,16460.0,633.0
2024.01.18,16310.0,-135.0,16215.0,16310.0,16115.0,3576.0
2024.01.17,16445.0,-510.0,16615.0,16655.0,16445.0,5883.0
2024.01.16,16955.0,-120.0,17060.0,17060.0,16950.0,2035.0
2024.01.15,17075.0,310.0,16800.0,17105.0,16800.0,1267.0
2024.01.12,16765.0,30.0,16515.0,16765.0,16495.0,2119.0
2024.01.11,16735.0,135.0,16635.0,16750.0,16625.0,1250.0
2024.01.10,16600.0,-165.0,16730.0,16735.0,16590.0,1114.0
2024.01.09,16765.0,15.0,16900.0,16900.0,16715.0,3327.0
2024.01.08,16750.0,-195.0,16965.0,16995.0,16690.0,1895.0
2024.01.05,16945.0,-50.0,17040.0,17040.0,16935.0,833.0
2024.01.04,16995.0,-265.0,17115.0,17115.0,16900.0,3039.0
2024.01.03,17260.0,-260.0,17520.0,17520.0,17110.0,10442.0
2024.01.02,17520.0,-175.0,17380.0,17700.0,17335.0,3959.0
2023.12.28,17695.0,285.0,17475.0,17735.0,17475.0,21757.0
2023.12.27,17410.0,25.0,17400.0,17435.0,17380.0,1030.0
2023.12.26,17385.0,260.0,17010.0,17385.0,17010.0,1577.0
2023.12.22,17125.0,170.0,17190.0,17210.0,17110.0,1148.0
2023.12.21,16955.0,-100.0,17075.0,17075.0,16930.0,277.0
2023.12.20,17055.0,255.0,17030.0,17085.0,16995.0,5036.0
2023.12.19,16800.0,10.0,16855.0,16860.0,16740.0,2446.0
2023.12.18,16790.0,-205.0,16900.0,16900.0,16665.0,1597.0
2023.12.15,16995.0,5.0,17000.0,17020.0,16925.0,6680.0
2023.12.14,16990.0,970.0,16350.0,17045.0,16200.0,15281.0
2023.12.13,16020.0,-225.0,16245.0,16245.0,16020.0,4086.0
2023.12.12,16245.0,-185.0,16150.0,16245.0,16145.0,2485.0
2023.12.11,16430.0,-520.0,16570.0,16580.0,16370.0,6658.0
2023.12.08,16950.0,15.0,16935.0,17005.0,16905.0,2958.0
2023.12.07,16935.0,95.0,16860.0,16950.0,16860.0,2627.0
2023.12.06,16840.0,-175.0,16820.0,16885.0,16805.0,2613.0
2023.12.05,17015.0,-905.0,17200.0,17200.0,17000.0,8558.0
2023.12.04,17920.0,685.0,17850.0,18455.0,17360.0,9217.0
2023.12.01,17235.0,-50.0,17195.0,17235.0,17150.0,7212.0
2023.11.30,17285.0,5.0,17200.0,17290.0,17200.0,2570.0
2023.11.29,17280.0,450.0,17010.0,17380.0,17010.0,8447.0
2023.11.28,16830.0,105.0,16825.0,16860.0,16810.0,2997.0
2023.11.27,16725.0,265.0,16535.0,16885.0,16535.0,3531.0
2023.11.24,16460.0,-130.0,16465.0,16495.0,16445.0,1798.0
2023.11.23,16590.0,75.0,16510.0,16590.0,16415.0,646.0
2023.11.22,16515.0,55.0,16470.0,16590.0,16470.0,1487.0
2023.11.21,16460.0,140.0,16360.0,16520.0,16305.0,1982.0
2023.11.20,16320.0,-55.0,16375.0,16500.0,16195.0,931.0
2023.11.17,16375.0,250.0,16200.0,16410.0,16200.0,3462.0
2023.11.16,16125.0,-30.0,16200.0,16200.0,15930.0,2950.0
2023.11.15,16155.0,390.0,16090.0,16155.0,15765.0,2603.0
2023.11.14,15765.0,90.0,15800.0,15805.0,15740.0,677.0
2023.11.13,15675.0,-290.0,16255.0,16420.0,15590.0,2103.0
2023.11.10,15965.0,125.0,16250.0,16250.0,15935.0,508.0
2023.11.09,15840.0,-340.0,15920.0,15930.0,15820.0,1555.0
2023.11.08,16180.0,-60.0,16400.0,16400.0,16125.0,3518.0
2023.11.07,16240.0,-235.0,16640.0,16640.0,16240.0,2118.0
2023.11.06,16475.0,-45.0,16530.0,16600.0,16450.0,4548.0
2023.11.03,16520.0,5.0,16550.0,16550.0,16465.0,1689.0
2023.11.02,16515.0,50.0,16505.0,16545.0,16495.0,4309.0
2023.11.01,16465.0,-180.0,16750.0,16750.0,16380.0,4803.0
2023.10.31,16645.0,-145.0,16600.0,16700.0,16600.0,2526.0
2023.10.30,16790.0,180.0,16715.0,16890.0,16715.0,16098.0
2023.10.27,16610.0,40.0,16460.0,16645.0,16460.0,3776.0
2023.10.26,16570.0,170.0,16455.0,16645.0,16415.0,5267.0
2023.10.25,16400.0,-20.0,16450.0,16450.0,16325.0,3054.0
2023.10.24,16420.0,-30.0,16450.0,16490.0,16365.0,4701.0
2023.10.23,16450.0,35.0,16345.0,16450.0,16245.0,10530.0
2023.10.20,16415.0,465.0,16355.0,16535.0,16355.0,8626.0
2023.10.19,15950.0,115.0,16060.0,16060.0,15935.0,17338.0
2023.10.18,15835.0,325.0,15765.0,15905.0,15610.0,13326.0
2023.10.17,15510.0,65.0,15725.0,15725.0,15435.0,678.0
2023.10.16,15445.0,555.0,15340.0,15640.0,15340.0,6721.0
2023.10.13,14890.0,-65.0,15015.0,15015.0,14800.0,305.0
2023.10.12,14955.0,325.0,14925.0,14955.0,14815.0,717.0
2023.10.11,14630.0,-15.0,14640.0,14645.0,14585.0,524.0
2023.10.10,14645.0,615.0,14500.0,14750.0,14500.0,1646.0
2023.10.06,14030.0,-85.0,14090.0,14095.0,14030.0,2985.0
2023.10.05,14115.0,95.0,14500.0,14865.0,14090.0,2161.0
2023.10.04,14020.0,-1285.0,15600.0,15600.0,14020.0,10820.0
2023.09.27,15305.0,-255.0,15560.0,15560.0,15290.0,2793.0
2023.09.26,15560.0,-160.0,15720.0,15720.0,15560.0,291.0
2023.09.25,15720.0,-50.0,15770.0,15770.0,15710.0,889.0
2023.09.22,15770.0,-80.0,15850.0,15850.0,15710.0,1096.0
2023.09.21,15850.0,-65.0,16100.0,16100.0,15780.0,232.0
2023.09.20,15915.0,-120.0,16035.0,16035.0,15880.0,257.0
2023.09.19,16035.0,155.0,16090.0,16090.0,15905.0,203.0
2023.09.18,15880.0,-50.0,16305.0,16305.0,15795.0,1628.0
2023.09.15,15930.0,395.0,15765.0,15930.0,15575.0,4403.0
2023.09.14,15535.0,-50.0,15585.0,15585.0,15500.0,1426.0
2023.09.13,15585.0,-170.0,15700.0,15700.0,15500.0,6788.0
2023.09.12,15755.0,-140.0,15800.0,15835.0,15755.0,3230.0
2023.09.11,15895.0,10.0,15760.0,15905.0,15745.0,4148.0
2023.09.08,15885.0,105.0,15790.0,15900.0,15780.0,8343.0
2023.09.07,15780.0,-145.0,15740.0,15785.0,15730.0,5528.0
2023.09.06,15925.0,-155.0,15915.0,15925.0,15875.0,922.0
2023.09.05,16080.0,-180.0,16255.0,16255.0,16065.0,1565.0
2023.09.04,16260.0,125.0,16165.0,16260.0,16155.0,4235.0
2023.09.01,16135.0,-105.0,16300.0,16300.0,16130.0,1247.0
2023.08.31,16240.0,110.0,16235.0,16285.0,16230.0,2684.0
2023.08.30,16130.0,210.0,16200.0,16245.0,16105.0,3220.0
2023.08.29,15920.0,105.0,15870.0,15955.0,15870.0,1613.0
2023.08.28,15815.0,35.0,15865.0,15865.0,15780.0,2218.0
2023.08.25,15780.0,-100.0,15925.0,16035.0,15750.0,3296.0
2023.08.24,15880.0,250.0,15840.0,15900.0,15820.0,1964.0
2023.08.23,15630.0,125.0,15390.0,15630.0,15375.0,5133.0
2023.08.22,15505.0,110.0,15480.0,15515.0,15395.0,1603.0
2023.08.21,15395.0,-65.0,15420.0,15440.0,15335.0,3415.0
2023.08.18,15460.0,-65.0,15445.0,15495.0,15435.0,718.0
2023.08.17,15525.0,-115.0,15630.0,15630.0,15425.0,3494.0
2023.08.16,15640.0,-200.0,15645.0,15650.0,15610.0,1221.0
2023.08.14,15840.0,-70.0,16090.0,16090.0,15780.0,944.0
2023.08.11,15910.0,25.0,15715.0,15910.0,15715.0,536.0
2023.08.10,15885.0,-220.0,16190.0,16190.0,15875.0,1528.0
2023.08.09,16105.0,-105.0,16080.0,16120.0,16055.0,562.0
2023.08.08,16210.0,-60.0,16320.0,16320.0,16185.0,718.0
2023.08.07,16270.0,70.0,16400.0,16400.0,16200.0,6036.0
2023.08.04,16200.0,-35.0,16235.0,16275.0,16200.0,4784.0
2023.08.03,16235.0,-250.0,16290.0,16295.0,16230.0,1612.0
2023.08.02,16485.0,-125.0,16600.0,16600.0,16380.0,3593.0
2023.08.01,16610.0,-5.0,16820.0,16820.0,16575.0,770.0
2023.07.31,16615.0,50.0,16760.0,16760.0,16540.0,1171.0
2023.07.28,16565.0,-365.0,16875.0,16875.0,16470.0,4988.0
2023.07.27,16930.0,125.0,16805.0,16955.0,16780.0,1264.0
2023.07.26,16805.0,105.0,16700.0,16805.0,16700.0,2042.0
2023.07.25,16700.0,-55.0,16755.0,16780.0,16650.0,4699.0
2023.07.24,16755.0,-130.0,16840.0,16840.0,16690.0,3947.0
2023.07.21,16885.0,-170.0,17055.0,17055.0,16800.0,554.0
2023.07.20,17055.0,85.0,16925.0,17140.0,16925.0,12293.0
2023.07.19,16970.0,315.0,16750.0,16995.0,16750.0,24740.0
2023.07.18,16655.0,105.0,16575.0,16710.0,16570.0,1612.0
2023.07.17,16550.0,-65.0,16615.0,16615.0,16540.0,1034.0
2023.07.14,16615.0,-95.0,16730.0,16745.0,16615.0,1794.0
2023.07.13,16710.0,300.0,16640.0,16760.0,16635.0,5216.0
2023.07.12,16410.0,155.0,16410.0,16410.0,16270.0,582.0
2023.07.11,16255.0,65.0,16305.0,16305.0,16205.0,1729.0
2023.07.10,16190.0,75.0,16345.0,16345.0,16190.0,1193.0
2023.07.07,16115.0,-70.0,16350.0,16350.0,16030.0,2146.0
2023.07.06,16185.0,-30.0,16195.0,16195.0,16075.0,3167.0
2023.07.05,16215.0,70.0,16190.0,16250.0,16190.0,1140.0
2023.07.04,16145.0,-15.0,16165.0,16200.0,16100.0,911.0
2023.07.03,16160.0,160.0,16200.0,16220.0,16105.0,3197.0
2023.06.30,16000.0,35.0,16120.0,16120.0,15985.0,1099.0
2023.06.29,15965.0,-180.0,16160.0,16160.0,15960.0,2592.0
2023.06.28,16145.0,-205.0,16255.0,16255.0,16145.0,938.0
2023.06.27,16350.0,5.0,16330.0,16440.0,16315.0,994.0
2023.06.26,16345.0,135.0,16300.0,16375.0,16300.0,2656.0
2023.06.23,16210.0,-255.0,16465.0,16465.0,16120.0,2386.0
2023.06.22,16465.0,-30.0,16660.0,16660.0,16315.0,7529.0
2023.06.21,16495.0,-365.0,16815.0,16815.0,16495.0,5435.0
2023.06.20,16860.0,-120.0,16890.0,16890.0,16760.0,450.0
2023.06.19,16980.0,30.0,16950.0,16985.0,16890.0,9359.0
2023.06.16,16950.0,375.0,16740.0,16950.0,16675.0,5833.0
2023.06.15,16575.0,-180.0,16830.0,16830.0,16505.0,1698.0
2023.06.14,16755.0,-255.0,17000.0,17000.0,16700.0,4600.0
2023.06.13,17010.0,100.0,16910.0,17010.0,16900.0,538.0
2023.06.12,16910.0,-65.0,16905.0,16920.0,16860.0,1234.0
2023.06.09,16975.0,235.0,16980.0,17020.0,16925.0,15164.0
2023.06.08,16740.0,-280.0,16900.0,17100.0,16665.0,4233.0
2023.06.07,17020.0,185.0,16840.0,17100.0,16760.0,3185.0
2023.06.05,16835.0,-450.0,17220.0,17220.0,16795.0,6873.0
2023.06.02,17285.0,155.0,17225.0,17380.0,17220.0,6534.0
2023.06.01,17130.0,95.0,17300.0,17300.0,17125.0,5803.0
2023.05.31,17035.0,305.0,17000.0,17120.0,16980.0,6003.0
2023.05.30,16730.0,-285.0,17280.0,17280.0,16665.0,10870.0
2023.05.26,17015.0,-85.0,16825.0,17015.0,16740.0,3152.0
2023.05.25,17100.0,-315.0,17620.0,17620.0,17060.0,3564.0
2023.05.24,17415.0,220.0,17450.0,17450.0,17300.0,501.0
2023.05.23,17195.0,-235.0,17365.0,17365.0,17100.0,1522.0
2023.05.22,17430.0,40.0,17250.0,17540.0,17250.0,1398.0
2023.05.19,17390.0,-200.0,17890.0,17890.0,17095.0,6906.0
2023.05.18,17590.0,-170.0,18115.0,18115.0,17505.0,1303.0
2023.05.17,17760.0,-305.0,17765.0,17765.0,17675.0,1606.0
2023.05.16,18065.0,85.0,18340.0,18340.0,18065.0,620.0
2023.05.15,17980.0,-150.0,18210.0,18210.0,17700.0,25200.0
2023.05.12,18130.0,-335.0,18280.0,18280.0,18000.0,1103.0
2023.05.11,18465.0,5.0,18730.0,18730.0,18420.0,1646.0
2023.05.10,18460.0,0.0,18485.0,18690.0,18460.0,1200.0
2023.05.09,18460.0,-170.0,18450.0,18490.0,18360.0,4222.0
2023.05.08,18630.0,5.0,18180.0,18630.0,17860.0,2127.0
2023.05.04,18625.0,625.0,18840.0,18895.0,18610.0,18298.0
2023.05.03,18000.0,325.0,18015.0,18175.0,18000.0,3613.0
2023.05.02,17675.0,-50.0,17670.0,17710.0,17290.0,1907.0
2023.04.28,17725.0,-40.0,17685.0,17775.0,17680.0,1949.0
2023.04.27,17765.0,-115.0,17770.0,17880.0,17725.0,821.0
2023.04.26,17880.0,50.0,18010.0,18010.0,17720.0,319.0
2023.04.25,17830.0,220.0,17785.0,17940.0,17740.0,2550.0
2023.04.24,17610.0,-265.0,17780.0,17780.0,17555.0,866.0
2023.04.21,17875.0,15.0,17860.0,18075.0,17720.0,6388.0
2023.04.20,17860.0,-15.0,17845.0,17960.0,17775.0,2011.0
2023.04.19,17875.0,-135.0,18010.0,18190.0,17875.0,4198.0
2023.04.18,18010.0,-350.0,18355.0,18355.0,17640.0,5500.0
2023.04.17,18360.0,-420.0,18140.0,18360.0,18025.0,7436.0
2023.04.14,18780.0,380.0,18520.0,18860.0,18510.0,15594.0
2023.04.13,18400.0,225.0,18160.0,18485.0,18160.0,2971.0
2023.04.12,18175.0,70.0,18285.0,18470.0,18020.0,10705.0
2023.04.11,18105.0,55.0,18050.0,18110.0,17805.0,2003.0
2023.04.10,18050.0,-240.0,18125.0,18290.0,17890.0,3891.0
2023.04.07,18290.0,-130.0,18435.0,18435.0,18200.0,7111.0
2023.04.06,18420.0,35.0,18410.0,18420.0,18130.0,13486.0
2023.04.05,18385.0,785.0,18480.0,18745.0,18385.0,12002.0
2023.04.04,17600.0,295.0,17710.0,17750.0,17600.0,3147.0
2023.04.03,17305.0,-495.0,17245.0,17560.0,17240.0,4049.0
2023.03.31,17800.0,400.0,17610.0,17800.0,17600.0,4822.0
2023.03.30,17400.0,-115.0,17570.0,17570.0,17250.0,4754.0
2023.03.29,17515.0,165.0,17520.0,17610.0,17515.0,1755.0
2023.03.28,17350.0,-365.0,17530.0,17530.0,17350.0,1654.0
2023.03.27,17715.0,-335.0,17680.0,17890.0,17680.0,3093.0
2023.03.24,18050.0,335.0,17800.0,18105.0,17800.0,9594.0
2023.03.23,17715.0,540.0,17505.0,17745.0,17505.0,7324.0
2023.03.22,17175.0,-725.0,17800.0,17800.0,17145.0,4676.0
2023.03.21,17900.0,40.0,17665.0,18005.0,17665.0,18856.0
2023.03.20,17860.0,815.0,17800.0,17915.0,17600.0,27391.0
2023.03.17,17045.0,360.0,16725.0,17120.0,16690.0,11475.0
2023.03.16,16685.0,260.0,16760.0,16900.0,16640.0,7958.0
2023.03.15,16425.0,-205.0,16630.0,16630.0,16385.0,6984.0
2023.03.14,16630.0,535.0,16500.0,16810.0,16400.0,13425.0
2023.03.13,16095.0,805.0,15900.0,16200.0,15900.0,8232.0
2023.03.10,15290.0,300.0,15235.0,15400.0,15235.0,1072.0
2023.03.09,14990.0,-155.0,15195.0,15205.0,14965.0,1228.0
2023.03.08,15145.0,-590.0,15190.0,15190.0,15070.0,5605.0
2023.03.07,15735.0,-135.0,15740.0,15745.0,15700.0,791.0
2023.03.06,15870.0,175.0,15750.0,15875.0,15750.0,1377.0
2023.03.03,15695.0,320.0,15575.0,15695.0,15430.0,1314.0
2023.03.02,15375.0,150.0,15385.0,15535.0,15370.0,2573.0
2023.02.28,15225.0,50.0,15205.0,15300.0,15205.0,742.0
2023.02.27,15175.0,-325.0,15100.0,15215.0,15100.0,2177.0
2023.02.24,15500.0,-30.0,15530.0,15545.0,15490.0,946.0
2023.02.23,15530.0,-60.0,15445.0,15530.0,15435.0,2341.0
2023.02.22,15590.0,0.0,15660.0,15660.0,15555.0,730.0
2023.02.21,15590.0,-155.0,15745.0,15760.0,15590.0,1346.0
2023.02.20,15745.0,275.0,15670.0,15745.0,15670.0,898.0
2023.02.17,15470.0,-200.0,15615.0,15615.0,15400.0,2710.0
2023.02.16,15670.0,-175.0,15710.0,15710.0,15605.0,3500.0
2023.02.15,15845.0,-175.0,16005.0,16005.0,15840.0,1465.0
2023.02.14,16020.0,90.0,15955.0,16030.0,15950.0,1694.0
2023.02.13,15930.0,-175.0,16050.0,16265.0,15930.0,7933.0
2023.02.10,16105.0,-345.0,16145.0,16165.0,15955.0,4189.0
2023.02.09,16450.0,100.0,16350.0,16465.0,16320.0,1981.0
2023.02.08,16350.0,85.0,16265.0,16350.0,16245.0,3578.0
2023.02.07,16265.0,-85.0,16305.0,16305.0,16195.0,3431.0
2023.02.06,16350.0,-780.0,16270.0,16390.0,16095.0,10283.0
2023.02.03,17130.0,-560.0,17150.0,17215.0,16965.0,10959.0
2023.02.02,17690.0,475.0,17725.0,17755.0,17670.0,11807.0
2023.02.01,17215.0,20.0,17315.0,17420.0,17215.0,4706.0
2023.01.31,17195.0,-135.0,17330.0,17330.0,17100.0,3694.0
2023.01.30,17330.0,10.0,17310.0,17450.0,17260.0,6499.0
2023.01.27,17320.0,-310.0,17515.0,17515.0,17240.0,7193.0
2023.01.26,17630.0,175.0,17680.0,17690.0,17610.0,9822.0
2023.01.25,17455.0,100.0,17495.0,17550.0,17410.0,6586.0
2023.01.20,17355.0,180.0,17420.0,17500.0,17355.0,7972.0
2023.01.19,17175.0,255.0,16980.0,17180.0,16980.0,4310.0
2023.01.18,16920.0,-160.0,17055.0,17160.0,16850.0,7465.0
2023.01.17,17080.0,-210.0,17230.0,17355.0,17080.0,10601.0
2023.01.16,17290.0,435.0,17195.0,17405.0,17195.0,17720.0
2023.01.13,16855.0,130.0,16885.0,17035.0,16855.0,11915.0
2023.01.12,16725.0,-25.0,16645.0,16760.0,16620.0,4796.0
2023.01.11,16750.0,170.0,16585.0,16750.0,16545.0,4291.0
2023.01.10,16580.0,-45.0,16545.0,16625.0,16500.0,10255.0
2023.01.09,16625.0,605.0,16460.0,16640.0,16400.0,12528.0
2023.01.06,16020.0,-245.0,15925.0,16055.0,15905.0,11071.0
2023.01.05,16265.0,115.0,16200.0,16330.0,16200.0,9057.0
2023.01.04,16150.0,180.0,15995.0,16150.0,15995.0,12545.0
2023.01.03,15970.0,815.0,15770.0,16040.0,15200.0,8026.0
2023.01.02,15155.0,-310.0,15500.0,15650.0,15155.0,4828.0
2022.12.29,15465.0,-10.0,15475.0,15475.0,15390.0,2588.0
2022.12.28,15475.0,30.0,15515.0,15580.0,15475.0,2012.0
2022.12.27,15445.0,50.0,15330.0,15445.0,15330.0,1628.0
2022.12.26,15395.0,75.0,15320.0,15400.0,15010.0,530.0
2022.12.23,15320.0,-335.0,15655.0,15655.0,15180.0,2462.0
2022.12.22,15655.0,0.0,15655.0,15740.0,15650.0,6416.0
2022.12.21,15655.0,380.0,15320.0,15755.0,15320.0,4517.0
2022.12.20,15275.0,-25.0,15165.0,15300.0,15135.0,3481.0
2022.12.19,15300.0,205.0,15195.0,15335.0,15190.0,3240.0
2022.12.16,15095.0,-245.0,15400.0,15400.0,14970.0,1189.0
2022.12.15,15340.0,-240.0,15505.0,15505.0,15300.0,1100.0
2022.12.14,15580.0,420.0,15480.0,15600.0,15480.0,3098.0
2022.12.13,15160.0,-35.0,15195.0,15195.0,15090.0,462.0
2022.12.12,15195.0,-240.0,15400.0,15410.0,15185.0,767.0
2022.12.09,15435.0,205.0,15240.0,15435.0,15210.0,2998.0
2022.12.08,15230.0,220.0,15190.0,15230.0,15140.0,1327.0
2022.12.07,15010.0,-20.0,15040.0,15055.0,14945.0,2416.0
2022.12.06,15030.0,-640.0,15850.0,15850.0,14970.0,6398.0
2022.12.05,15670.0,150.0,15520.0,15670.0,15465.0,13821.0
2022.12.02,15520.0,355.0,15520.0,15605.0,15480.0,11199.0
2022.12.01,15165.0,350.0,14925.0,15190.0,14925.0,4024.0
2022.11.30,14815.0,-10.0,14725.0,14830.0,14680.0,3849.0
2022.11.29,14825.0,70.0,14610.0,14825.0,14540.0,1448.0
2022.11.28,14755.0,275.0,14510.0,14775.0,14500.0,8037.0
2022.11.25,14480.0,40.0,14480.0,15045.0,13860.0,1323.0
2022.11.24,14440.0,75.0,14640.0,14650.0,14250.0,1106.0
2022.11.23,14365.0,-255.0,14805.0,14805.0,14365.0,606.0
2022.11.22,14620.0,-315.0,14935.0,14995.0,14150.0,2466.0
2022.11.21,14935.0,-110.0,15045.0,15050.0,14930.0,606.0
2022.11.18,15045.0,-30.0,15045.0,15045.0,14995.0,3821.0
2022.11.17,15075.0,-90.0,15140.0,15170.0,15000.0,2191.0
2022.11.16,15165.0,25.0,15275.0,15310.0,15165.0,2311.0
2022.11.15,15140.0,145.0,15090.0,15165.0,15060.0,7831.0
2022.11.14,14995.0,10.0,14990.0,15065.0,14925.0,9925.0
2022.11.11,14985.0,795.0,14500.0,15035.0,14500.0,19849.0
2022.11.10,14190.0,5.0,14090.0,14190.0,14080.0,8411.0
2022.11.09,14185.0,610.0,13775.0,14225.0,13300.0,10676.0
2022.11.08,13575.0,-35.0,13645.0,13670.0,13545.0,2601.0
2022.11.07,13610.0,395.0,13500.0,14300.0,13500.0,3369.0
2022.11.04,13215.0,190.0,12965.0,13215.0,12940.0,2836.0
2022.11.03,13025.0,-285.0,13485.0,13485.0,12760.0,1963.0
2022.11.02,13310.0,125.0,13240.0,13310.0,13205.0,588.0
2022.11.01,13185.0,30.0,13020.0,13185.0,13000.0,1638.0
2022.10.31,13155.0,-315.0,13220.0,13225.0,13140.0,2113.0
2022.10.28,13470.0,-105.0,13525.0,13560.0,13455.0,3983.0
2022.10.27,13575.0,65.0,13555.0,13645.0,13485.0,22977.0
2022.10.26,13510.0,180.0,13355.0,13510.0,13320.0,860.0
2022.10.25,13330.0,-65.0,13330.0,13365.0,13270.0,922.0
2022.10.24,13395.0,550.0,13220.0,13490.0,13030.0,4416.0
2022.10.21,12845.0,-165.0,13100.0,13100.0,12755.0,6392.0
2022.10.20,13010.0,-405.0,13350.0,13550.0,12920.0,5514.0
2022.10.19,13415.0,-45.0,13500.0,13575.0,13415.0,467.0
2022.10.18,13460.0,135.0,13570.0,13570.0,13280.0,337.0
2022.10.17,13325.0,-370.0,13700.0,13700.0,12470.0,3372.0
2022.10.14,13695.0,65.0,13610.0,13695.0,13545.0,2679.0
2022.10.13,13630.0,-130.0,13755.0,13790.0,13630.0,9295.0
2022.10.12,13760.0,70.0,13640.0,13760.0,13560.0,2423.0
2022.10.11,13690.0,-660.0,14350.0,14350.0,13535.0,8891.0
2022.10.07,14350.0,-275.0,14370.0,14480.0,14345.0,12613.0
2022.10.06,14625.0,50.0,14525.0,14625.0,14470.0,10551.0
2022.10.05,14575.0,305.0,14330.0,14660.0,14330.0,10914.0
2022.10.04,14270.0,605.0,13100.0,14285.0,13100.0,13370.0
2022.09.30,13665.0,360.0,13650.0,13670.0,13550.0,6223.0
2022.09.29,13305.0,320.0,13405.0,13555.0,13305.0,4393.0
2022.09.28,12985.0,-210.0,13050.0,13105.0,12955.0,6512.0
2022.09.27,13195.0,-85.0,13080.0,13195.0,13030.0,7701.0
2022.09.26,13280.0,-535.0,13625.0,13625.0,13100.0,7976.0
2022.09.23,13815.0,190.0,13790.0,13855.0,13720.0,6241.0
2022.09.22,13625.0,-215.0,14175.0,14175.0,13555.0,4203.0
2022.09.21,13840.0,20.0,13700.0,13990.0,13645.0,5523.0
2022.09.20,13820.0,100.0,13880.0,13910.0,13790.0,2405.0
2022.09.19,13720.0,75.0,13890.0,13910.0,13700.0,5647.0
2022.09.16,13645.0,-470.0,13680.0,13725.0,13630.0,13764.0
2022.09.15,14115.0,-235.0,14275.0,14275.0,14050.0,19218.0
2022.09.14,14350.0,-370.0,14400.0,14405.0,14300.0,4740.0
2022.09.13,14720.0,85.0,14740.0,14780.0,14650.0,4043.0
2022.09.08,14635.0,370.0,14575.0,14635.0,14555.0,4008.0
2022.09.07,14265.0,-370.0,14420.0,14420.0,14200.0,12309.0
2022.09.06,14635.0,65.0,14620.0,14750.0,14570.0,3444.0
2022.09.05,14570.0,225.0,14440.0,14600.0,14440.0,6419.0
2022.09.02,14345.0,-60.0,14285.0,14360.0,14270.0,6454.0
2022.09.01,14405.0,-320.0,14490.0,14490.0,14370.0,11796.0
2022.08.31,14725.0,-205.0,14690.0,14765.0,14655.0,5214.0
2022.08.30,14930.0,190.0,14990.0,15050.0,14895.0,1632.0
2022.08.29,14740.0,-595.0,14955.0,14960.0,14700.0,6643.0
2022.08.26,15335.0,-25.0,15330.0,15335.0,15245.0,6534.0
2022.08.25,15360.0,240.0,15230.0,15360.0,15205.0,4572.0
2022.08.24,15120.0,170.0,15150.0,15170.0,15095.0,6396.0
2022.08.23,14950.0,-125.0,14975.0,15055.0,14935.0,4363.0
2022.08.22,15075.0,-275.0,15140.0,15185.0,15075.0,3690.0
2022.08.19,15350.0,-110.0,15395.0,15395.0,15270.0,2249.0
2022.08.18,15460.0,-290.0,15510.0,15530.0,15435.0,3596.0
2022.08.17,15750.0,-55.0,15705.0,15810.0,15655.0,2061.0
2022.08.16,15805.0,-185.0,15770.0,15830.0,15725.0,4583.0
2022.08.12,15990.0,80.0,15930.0,15995.0,15910.0,3171.0
2022.08.11,15910.0,-50.0,15985.0,15995.0,15860.0,5488.0
2022.08.10,15960.0,45.0,16035.0,16050.0,15945.0,6480.0
2022.08.09,15915.0,220.0,15950.0,15960.0,15865.0,2768.0
2022.08.08,15695.0,-220.0,15720.0,15735.0,15650.0,3201.0
2022.08.05,15915.0,270.0,15850.0,15990.0,15680.0,3919.0
2022.08.04,15645.0,10.0,15545.0,15715.0,15520.0,4414.0
2022.08.03,15635.0,-90.0,15435.0,15635.0,15400.0,3426.0
2022.08.02,15725.0,205.0,15670.0,15825.0,15650.0,4899.0
2022.08.01,15520.0,-55.0,15495.0,15560.0,15450.0,5788.0
2022.07.29,15575.0,455.0,15360.0,15575.0,14520.0,10833.0
2022.07.28,15120.0,375.0,15095.0,15145.0,15050.0,5853.0
2022.07.27,14745.0,-100.0,14775.0,14795.0,14700.0,4658.0
2022.07.26,14845.0,-15.0,14805.0,14935.0,14795.0,4020.0
2022.07.25,14860.0,85.0,14855.0,14950.0,14810.0,7446.0
2022.07.22,14775.0,500.0,14745.0,14775.0,14695.0,11318.0
2022.07.21,14275.0,-285.0,14370.0,14370.0,14275.0,9295.0
2022.07.20,14560.0,-55.0,14630.0,14650.0,14560.0,2203.0
2022.07.19,14615.0,-90.0,14600.0,14630.0,14540.0,4311.0
2022.07.18,14705.0,140.0,14650.0,14765.0,14585.0,4604.0
2022.07.15,14565.0,-345.0,14685.0,14710.0,14565.0,9869.0
2022.07.14,14910.0,30.0,15000.0,15000.0,14895.0,4142.0
2022.07.13,14880.0,-100.0,14920.0,14950.0,14860.0,4679.0
2022.07.12,14980.0,-190.0,15070.0,15175.0,14880.0,16182.0
2022.07.11,15170.0,-30.0,15200.0,15200.0,15125.0,5289.0
2022.07.08,15200.0,-75.0,15215.0,15250.0,15170.0,6323.0
2022.07.07,15275.0,-345.0,15160.0,15275.0,15110.0,11398.0
2022.07.06,15620.0,-825.0,15700.0,15715.0,15540.0,12405.0
2022.07.05,16445.0,50.0,16495.0,16495.0,16305.0,393.0
2022.07.04,16395.0,185.0,16390.0,16455.0,16355.0,9153.0
2022.07.01,16210.0,-380.0,16425.0,16430.0,16200.0,8418.0
2022.06.30,16590.0,-85.0,16660.0,16660.0,16560.0,3665.0
2022.06.29,16675.0,-75.0,16650.0,16700.0,16625.0,899.0
2022.06.28,16750.0,-190.0,16740.0,16765.0,16700.0,4683.0
2022.06.27,16940.0,290.0,16820.0,16965.0,16805.0,2984.0
2022.06.24,16650.0,-205.0,16780.0,16780.0,16650.0,2948.0
2022.06.23,16855.0,70.0,16905.0,16935.0,16800.0,4107.0
2022.06.22,16785.0,-190.0,16900.0,16900.0,16740.0,6701.0
2022.06.21,16975.0,-105.0,17040.0,17065.0,16900.0,3449.0
2022.06.20,17080.0,-55.0,17045.0,17080.0,16915.0,4693.0
2022.06.17,17135.0,275.0,17205.0,17220.0,17090.0,7343.0
2022.06.16,16860.0,240.0,16975.0,16975.0,16850.0,4021.0
2022.06.15,16620.0,-235.0,16520.0,16650.0,16490.0,18560.0
2022.06.14,16855.0,-640.0,16670.0,17500.0,16650.0,16725.0
2022.06.13,17495.0,360.0,17745.0,17760.0,17405.0,18284.0
2022.06.10,17135.0,-110.0,17200.0,17200.0,17100.0,1320.0
2022.06.09,17245.0,20.0,17225.0,17330.0,17225.0,715.0
2022.06.08,17225.0,160.0,17180.0,17260.0,17155.0,1753.0
2022.06.07,17065.0,-495.0,17050.0,17300.0,17005.0,2273.0
2022.06.03,17560.0,390.0,17490.0,17590.0,17445.0,2737.0
2022.06.02,17170.0,-165.0,17155.0,17210.0,17060.0,1938.0
2022.05.31,17335.0,-185.0,17320.0,17335.0,17165.0,2242.0
2022.05.30,17520.0,205.0,17275.0,17520.0,17240.0,1548.0
2022.05.27,17315.0,65.0,17350.0,17350.0,17290.0,521.0
2022.05.26,17250.0,-185.0,17370.0,17370.0,17150.0,1205.0
2022.05.25,17435.0,85.0,17480.0,17500.0,17435.0,1717.0
2022.05.24,17350.0,-20.0,17400.0,17400.0,17280.0,1156.0
2022.05.23,17370.0,280.0,17095.0,17370.0,17095.0,2280.0
2022.05.20,17090.0,450.0,16750.0,17110.0,16750.0,5425.0
2022.05.19,16640.0,5.0,16730.0,16730.0,16635.0,991.0
2022.05.18,16635.0,-215.0,16695.0,16720.0,16550.0,1905.0
2022.05.17,16850.0,350.0,16765.0,16850.0,16765.0,5299.0
2022.05.16,16500.0,-350.0,16675.0,16710.0,16500.0,8078.0
2022.05.13,16850.0,-505.0,17240.0,17240.0,16820.0,11701.0
2022.05.12,17355.0,175.0,17315.0,17405.0,17270.0,2133.0
2022.05.11,17180.0,-425.0,17065.0,17180.0,16970.0,6870.0
2022.05.10,17605.0,-215.0,17490.0,17700.0,17330.0,5695.0
2022.05.09,17820.0,10.0,17895.0,17965.0,17790.0,6892.0
2022.05.06,17810.0,205.0,17765.0,17890.0,17620.0,2911.0
2022.05.04,17605.0,55.0,17665.0,17675.0,17605.0,4552.0
2022.05.03,17550.0,-575.0,17975.0,17975.0,17530.0,6743.0
2022.05.02,18125.0,-410.0,18300.0,18335.0,17965.0,5537.0
2022.04.29,18535.0,655.0,18215.0,18535.0,18215.0,3477.0
2022.04.28,17880.0,-515.0,18095.0,18095.0,17795.0,7181.0
2022.04.27,18395.0,5.0,18395.0,18490.0,18270.0,1294.0
2022.04.26,18390.0,-255.0,18645.0,18645.0,18285.0,3235.0
2022.04.25,18645.0,-655.0,19025.0,19025.0,18615.0,3353.0
2022.04.22,19300.0,100.0,19100.0,19300.0,19100.0,2199.0
2022.04.21,19200.0,15.0,19230.0,19300.0,19130.0,1711.0
2022.04.20,19185.0,-455.0,19400.0,19400.0,19035.0,3221.0
2022.04.19,19640.0,-260.0,19780.0,19895.0,19625.0,5004.0
2022.04.18,19900.0,210.0,19875.0,19950.0,19840.0,3006.0
2022.04.15,19690.0,-15.0,19550.0,19705.0,19505.0,881.0
2022.04.14,19705.0,210.0,19650.0,19800.0,19645.0,4258.0
2022.04.13,19495.0,205.0,19470.0,19775.0,19470.0,10543.0
2022.04.12,19290.0,170.0,19195.0,19355.0,19185.0,3430.0
2022.04.11,19120.0,245.0,19050.0,19200.0,19025.0,2749.0
2022.04.08,18875.0,120.0,18790.0,18890.0,18790.0,1719.0
2022.04.07,18755.0,-25.0,18785.0,18785.0,18700.0,311.0
2022.04.06,18780.0,-165.0,18805.0,18840.0,18710.0,677.0
2022.04.05,18945.0,190.0,18790.0,18945.0,18790.0,1327.0
2022.04.04,18755.0,-220.0,18945.0,18945.0,18720.0,1585.0
2022.04.01,18975.0,110.0,18870.0,19195.0,18870.0,4777.0
2022.03.31,18865.0,15.0,18855.0,19000.0,18780.0,2115.0
2022.03.30,18850.0,-50.0,18800.0,18850.0,18500.0,7823.0
2022.03.29,18900.0,-310.0,19210.0,19210.0,18850.0,7383.0
2022.03.28,19210.0,-315.0,19645.0,19645.0,19120.0,2315.0
2022.03.25,19525.0,350.0,19400.0,19640.0,19370.0,7572.0
2022.03.24,19175.0,415.0,19115.0,19210.0,19105.0,7955.0
2022.03.23,18760.0,-325.0,18890.0,18890.0,18700.0,2932.0
2022.03.22,19085.0,125.0,18970.0,19090.0,18970.0,1992.0
2022.03.21,18960.0,-35.0,18860.0,19015.0,18770.0,6004.0
2022.03.18,18995.0,-100.0,19150.0,19195.0,18950.0,1664.0
2022.03.17,19095.0,295.0,18850.0,19125.0,18685.0,6823.0
2022.03.16,18800.0,-160.0,18900.0,18900.0,18600.0,15118.0
2022.03.15,18960.0,-700.0,19650.0,19650.0,18500.0,8491.0
2022.03.14,19660.0,-555.0,20105.0,20105.0,19660.0,3898.0
2022.03.11,20215.0,220.0,19995.0,20355.0,19995.0,8342.0
2022.03.10,19995.0,-260.0,19850.0,20100.0,19750.0,21308.0
2022.03.08,20255.0,300.0,20295.0,20295.0,19960.0,15903.0
2022.03.07,19955.0,690.0,18700.0,20215.0,18700.0,37929.0
2022.03.04,19265.0,235.0,19105.0,19430.0,19080.0,15163.0
2022.03.03,19030.0,-130.0,19000.0,19105.0,18895.0,7110.0
2022.03.02,19160.0,505.0,19010.0,19265.0,18950.0,14210.0
2022.02.28,18655.0,-145.0,18600.0,18770.0,18555.0,10531.0
2022.02.25,18800.0,-430.0,18670.0,18840.0,18440.0,15421.0
2022.02.24,19230.0,840.0,18640.0,19260.0,18630.0,56952.0
2022.02.23,18390.0,-100.0,18495.0,18535.0,18255.0,21906.0
2022.02.22,18490.0,375.0,18500.0,18580.0,18425.0,16400.0
2022.02.21,18115.0,-40.0,18405.0,18465.0,18115.0,16191.0
2022.02.18,18155.0,275.0,18300.0,18385.0,18140.0,16642.0
2022.02.17,17880.0,305.0,17780.0,17895.0,17775.0,19287.0
2022.02.16,17575.0,-350.0,17650.0,17650.0,17415.0,9549.0
2022.02.15,17925.0,500.0,17765.0,17925.0,17760.0,25682.0
2022.02.14,17425.0,455.0,17580.0,17590.0,17420.0,24912.0
2022.02.11,16970.0,-155.0,17110.0,17115.0,16960.0,1358.0
2022.02.10,17125.0,135.0,17075.0,17135.0,17070.0,9177.0
2022.02.09,16990.0,-50.0,17040.0,17050.0,16990.0,6857.0
2022.02.08,17040.0,240.0,16920.0,17045.0,16915.0,5562.0
2022.02.07,16800.0,20.0,16800.0,16800.0,16745.0,1360.0
2022.02.04,16780.0,5.0,16780.0,16805.0,16650.0,833.0
2022.02.03,16775.0,135.0,17115.0,17115.0,16685.0,7565.0
2022.01.28,16640.0,-265.0,16905.0,16905.0,16610.0,7044.0
2022.01.27,16905.0,-605.0,17245.0,17340.0,16900.0,5705.0
2022.01.26,17510.0,90.0,17510.0,17545.0,17425.0,6907.0
2022.01.25,17420.0,35.0,17395.0,17500.0,17375.0,10433.0
2022.01.24,17385.0,10.0,17360.0,17385.0,17265.0,9170.0
2022.01.21,17375.0,-25.0,17490.0,17490.0,17350.0,25225.0
2022.01.20,17400.0,440.0,17390.0,17495.0,17255.0,16925.0
2022.01.19,16960.0,-70.0,17030.0,17030.0,16920.0,3582.0
2022.01.18,17030.0,-70.0,17120.0,17120.0,16975.0,2904.0
2022.01.17,17100.0,-140.0,17055.0,17100.0,16960.0,5621.0
2022.01.14,17240.0,35.0,17140.0,17245.0,17085.0,5196.0
2022.01.13,17205.0,110.0,17180.0,17245.0,17165.0,11996.0
2022.01.12,17095.0,210.0,17095.0,17140.0,17080.0,10349.0
2022.01.11,16885.0,285.0,16745.0,16885.0,16745.0,5163.0
2022.01.10,16600.0,-25.0,16625.0,16650.0,16575.0,3586.0
2022.01.07,16625.0,-150.0,16660.0,16700.0,16565.0,5275.0
2022.01.06,16775.0,-260.0,16975.0,16975.0,16770.0,10001.0
2022.01.05,17035.0,230.0,16895.0,17045.0,16895.0,8990.0
2022.01.04,16805.0,-405.0,17035.0,17035.0,16805.0,6527.0
2022.01.03,17210.0,475.0,17300.0,17345.0,17100.0,22489.0
2021.12.30,16735.0,-150.0,16885.0,16885.0,16735.0,5240.0
2021.12.29,16885.0,-15.0,16900.0,16900.0,16830.0,4321.0
2021.12.28,16900.0,-45.0,16945.0,17000.0,16830.0,1624.0
2021.12.27,16945.0,75.0,16905.0,17000.0,16890.0,3975.0
2021.12.24,16870.0,-35.0,16895.0,16895.0,16790.0,2864.0
2021.12.23,16905.0,325.0,16815.0,16920.0,16815.0,10318.0
2021.12.22,16580.0,25.0,16550.0,16625.0,16550.0,1765.0
2021.12.21,16555.0,-225.0,16780.0,16780.0,16555.0,3655.0
2021.12.20,16780.0,50.0,16730.0,16835.0,16730.0,6148.0
2021.12.17,16730.0,240.0,16725.0,16765.0,16655.0,6230.0
2021.12.16,16490.0,275.0,16380.0,16490.0,16380.0,3270.0
2021.12.15,16215.0,-340.0,16400.0,16420.0,16205.0,12920.0
2021.12.14,16555.0,25.0,16550.0,16600.0,16500.0,2381.0
2021.12.13,16530.0,245.0,16450.0,16570.0,16450.0,3082.0
2021.12.10,16285.0,-295.0,16385.0,16425.0,16285.0,15268.0
2021.12.09,16580.0,-90.0,16570.0,16580.0,16490.0,7680.0
2021.12.08,16670.0,240.0,16490.0,16670.0,16485.0,8142.0
2021.12.07,16430.0,-70.0,16485.0,16485.0,16385.0,5513.0
2021.12.06,16500.0,135.0,16370.0,16570.0,16370.0,11078.0
2021.12.03,16365.0,-50.0,16425.0,16435.0,16250.0,5424.0
2021.12.02,16415.0,-185.0,16500.0,16500.0,16365.0,10802.0
2021.12.01,16600.0,-115.0,16715.0,16715.0,16340.0,16957.0
2021.11.30,16715.0,-60.0,16900.0,16900.0,16530.0,18958.0
2021.11.29,16775.0,-95.0,16910.0,17160.0,16685.0,21588.0
2021.11.26,16870.0,140.0,16725.0,16870.0,16705.0,11073.0
2021.11.25,16730.0,-10.0,16700.0,16750.0,16550.0,16127.0
2021.11.24,16740.0,-245.0,16835.0,16910.0,16670.0,12085.0
2021.11.23,16985.0,-785.0,17425.0,17600.0,16985.0,15140.0
2021.11.22,17770.0,-270.0,17920.0,17920.0,17705.0,9414.0
2021.11.19,18040.0,-65.0,18105.0,18125.0,18000.0,7141.0
2021.11.18,18105.0,210.0,18090.0,18245.0,18090.0,9940.0
2021.11.17,17895.0,-260.0,17935.0,17995.0,17830.0,18891.0
2021.11.16,18155.0,145.0,18200.0,18250.0,18075.0,20763.0
2021.11.15,18010.0,10.0,18300.0,18300.0,17970.0,9864.0
2021.11.12,18000.0,50.0,18010.0,18075.0,17980.0,23627.0
2021.11.11,17950.0,580.0,17545.0,17950.0,17545.0,25306.0
2021.11.10,17370.0,-30.0,17405.0,17500.0,17370.0,6323.0
2021.11.09,17400.0,125.0,17300.0,17400.0,17275.0,14768.0
2021.11.08,17275.0,475.0,17185.0,17295.0,17050.0,23089.0
2021.11.05,16800.0,420.0,16380.0,16835.0,16380.0,12834.0
2021.11.04,16380.0,-185.0,16530.0,16530.0,16380.0,9834.0
2021.11.03,16565.0,-235.0,16705.0,16705.0,16520.0,3917.0
2021.11.02,16800.0,175.0,16785.0,16800.0,16695.0,2575.0
2021.11.01,16625.0,-235.0,16920.0,16920.0,16565.0,5512.0
2021.10.29,16860.0,-105.0,16945.0,16950.0,16805.0,5188.0
2021.10.28,16965.0,210.0,16900.0,16965.0,16850.0,10372.0
2021.10.27,16755.0,-305.0,16895.0,16900.0,16685.0,12675.0
2021.10.26,17060.0,160.0,17050.0,17090.0,16990.0,15593.0
2021.10.25,16900.0,205.0,16700.0,16950.0,16700.0,23816.0
2021.10.22,16695.0,30.0,16730.0,16730.0,16500.0,2404.0
2021.10.21,16665.0,165.0,16550.0,16700.0,16400.0,8943.0
2021.10.20,16500.0,-40.0,16545.0,16545.0,16325.0,4714.0
2021.10.19,16540.0,260.0,16290.0,16540.0,16280.0,4621.0
2021.10.18,16280.0,-530.0,16415.0,16425.0,16230.0,11135.0
2021.10.15,16810.0,35.0,16830.0,16850.0,16805.0,9579.0
2021.10.14,16775.0,505.0,16500.0,16780.0,16500.0,11622.0
2021.10.13,16270.0,150.0,16135.0,16270.0,16135.0,3737.0
2021.10.12,16120.0,15.0,15810.0,16150.0,15810.0,8702.0
2021.10.08,16105.0,-30.0,16135.0,16135.0,15900.0,5208.0
2021.10.07,16135.0,150.0,16200.0,16200.0,15945.0,5203.0
2021.10.06,15985.0,-70.0,16185.0,16185.0,15975.0,4321.0
2021.10.05,16055.0,-60.0,16250.0,16255.0,16055.0,5313.0
2021.10.01,16115.0,415.0,16020.0,16140.0,16020.0,17235.0
2021.09.30,15700.0,-150.0,15985.0,15985.0,15650.0,14034.0
2021.09.29,15850.0,-80.0,15790.0,15860.0,15750.0,9627.0
2021.09.28,15930.0,-190.0,16080.0,16115.0,15930.0,7788.0
2021.09.27,16120.0,-40.0,16340.0,16340.0,16050.0,4186.0
2021.09.24,16160.0,-160.0,16000.0,16160.0,15985.0,10985.0
2021.09.23,16320.0,5.0,16400.0,16420.0,16225.0,5221.0
2021.09.17,16315.0,-420.0,16655.0,16655.0,16095.0,13326.0
2021.09.16,16735.0,-255.0,16930.0,16930.0,16715.0,5741.0
2021.09.15,16990.0,160.0,16945.0,17070.0,16945.0,5021.0
2021.09.14,16830.0,-5.0,16750.0,16900.0,16105.0,6754.0
2021.09.13,16835.0,-220.0,16795.0,16850.0,16725.0,6225.0
2021.09.10,17055.0,240.0,16880.0,17065.0,16880.0,7641.0
2021.09.09,16815.0,-150.0,16930.0,16930.0,16770.0,4839.0
2021.09.08,16965.0,-340.0,16955.0,17200.0,16955.0,6869.0
2021.09.07,17305.0,-215.0,17515.0,17525.0,17280.0,2507.0
2021.09.06,17520.0,270.0,17525.0,17560.0,17495.0,11301.0
2021.09.03,17250.0,-30.0,17310.0,17310.0,17175.0,1533.0
2021.09.02,17280.0,-35.0,17310.0,17330.0,17225.0,3487.0
2021.09.01,17315.0,-45.0,17340.0,17340.0,17225.0,3545.0
2021.08.31,17360.0,80.0,17250.0,17360.0,17210.0,5841.0
2021.08.30,17280.0,180.0,17365.0,17470.0,17280.0,11655.0
2021.08.27,17100.0,335.0,16930.0,17115.0,16875.0,8968.0
2021.08.26,16765.0,-185.0,16890.0,16890.0,16765.0,2884.0
2021.08.25,16950.0,-160.0,17100.0,17110.0,16900.0,9721.0
2021.08.24,17110.0,355.0,17110.0,17130.0,17035.0,19007.0
2021.08.23,16755.0,-40.0,16665.0,16845.0,16585.0,5281.0
2021.08.20,16795.0,200.0,16685.0,16795.0,16650.0,10687.0
2021.08.19,16595.0,-265.0,16840.0,16840.0,16560.0,17481.0
2021.08.18,16860.0,15.0,16845.0,16905.0,16685.0,9119.0
2021.08.17,16845.0,595.0,16565.0,16900.0,16565.0,29650.0
2021.08.13,16250.0,110.0,16150.0,16250.0,16130.0,12210.0
2021.08.12,16140.0,375.0,15990.0,16165.0,15725.0,25305.0
2021.08.11,15765.0,-120.0,15710.0,15850.0,15650.0,12036.0
2021.08.10,15885.0,-185.0,15810.0,15905.0,15780.0,23234.0
2021.08.09,16070.0,-1100.0,16500.0,16505.0,15390.0,89834.0
2021.08.06,17170.0,-120.0,17180.0,17190.0,17090.0,5270.0
2021.08.05,17290.0,-65.0,17300.0,17335.0,17265.0,4247.0
2021.08.04,17355.0,60.0,17295.0,17405.0,17275.0,7485.0
2021.08.03,17295.0,15.0,17325.0,17365.0,17295.0,2281.0
2021.08.02,17280.0,-345.0,17385.0,17425.0,17275.0,8227.0
2021.07.30,17625.0,165.0,17520.0,17710.0,17520.0,12465.0
2021.07.29,17460.0,210.0,17330.0,17500.0,17275.0,9529.0
2021.07.28,17250.0,215.0,17155.0,17295.0,17080.0,11242.0
2021.07.27,17035.0,-235.0,17110.0,17140.0,17035.0,9217.0
2021.07.26,17270.0,20.0,17170.0,17300.0,17100.0,9953.0
2021.07.23,17250.0,90.0,17300.0,17300.0,17185.0,12770.0
2021.07.22,17160.0,-240.0,17215.0,17215.0,17095.0,9874.0
2021.07.21,17400.0,-75.0,17345.0,17400.0,17250.0,8300.0
2021.07.20,17475.0,200.0,17340.0,17500.0,17340.0,7165.0
2021.07.19,17275.0,-405.0,17485.0,17485.0,17255.0,11948.0
2021.07.16,17680.0,-60.0,17755.0,17765.0,17635.0,8639.0
2021.07.15,17740.0,330.0,17620.0,17765.0,17600.0,43771.0
2021.07.14,17410.0,50.0,17300.0,17420.0,17250.0,8439.0
2021.07.13,17360.0,175.0,17350.0,17395.0,17285.0,14698.0
2021.07.12,17185.0,35.0,17295.0,17360.0,17180.0,7669.0
2021.07.09,17150.0,10.0,17220.0,17300.0,17150.0,32605.0
2021.07.08,17140.0,-40.0,17250.0,17255.0,17105.0,10892.0
2021.07.07,17180.0,-95.0,17075.0,17225.0,17040.0,18577.0
2021.07.06,17275.0,395.0,17010.0,17275.0,16970.0,14115.0
2021.07.05,16880.0,110.0,16935.0,16985.0,16870.0,16905.0
2021.07.02,16770.0,-5.0,16740.0,16790.0,16730.0,7721.0
2021.07.01,16775.0,330.0,16600.0,16775.0,16545.0,20222.0
2021.06.30,16445.0,-340.0,16470.0,16525.0,16370.0,41619.0
2021.06.29,16785.0,-75.0,16785.0,16805.0,16700.0,5174.0
2021.06.28,16860.0,65.0,16855.0,16890.0,16640.0,11064.0
2021.06.25,16795.0,55.0,16730.0,16820.0,16675.0,9106.0
2021.06.24,16740.0,-90.0,16775.0,16785.0,16690.0,14707.0
2021.06.23,16830.0,-65.0,16790.0,16880.0,16770.0,8128.0
2021.06.22,16895.0,120.0,16900.0,17000.0,16800.0,15632.0
2021.06.21,16775.0,-215.0,16655.0,16775.0,16570.0,32605.0
2021.06.18,16990.0,-535.0,17300.0,17350.0,16725.0,25969.0
2021.06.17,17525.0,-920.0,17670.0,17725.0,17510.0,45288.0
2021.06.16,18445.0,-115.0,18390.0,18445.0,18290.0,13015.0
2021.06.15,18560.0,105.0,18540.0,18580.0,18355.0,19727.0
2021.06.14,18455.0,-825.0,19040.0,19040.0,18450.0,44420.0
2021.06.11,19280.0,310.0,19195.0,19280.0,19180.0,18989.0
2021.06.10,18970.0,-120.0,18985.0,19055.0,18895.0,29187.0
2021.06.09,19090.0,-110.0,19135.0,19165.0,19080.0,9371.0
2021.06.08,19200.0,260.0,19200.0,19300.0,19145.0,40367.0
2021.06.07,18940.0,260.0,19060.0,19070.0,18920.0,18214.0
2021.06.04,18680.0,-520.0,18800.0,18800.0,18370.0,51347.0
2021.06.03,19200.0,-25.0,19405.0,19440.0,19200.0,18442.0
2021.06.02,19225.0,-330.0,19265.0,19330.0,19170.0,18105.0
2021.06.01,19555.0,180.0,19425.0,19555.0,19400.0,20633.0
2021.05.31,19375.0,320.0,19100.0,19475.0,19100.0,22209.0
2021.05.28,19055.0,-215.0,19115.0,19265.0,19055.0,18371.0
2021.05.27,19270.0,-70.0,19160.0,19330.0,19120.0,14198.0
2021.05.26,19340.0,525.0,18990.0,19425.0,18990.0,27212.0
2021.05.25,18815.0,-145.0,18755.0,18870.0,18740.0,16116.0
2021.05.24,18960.0,180.0,18900.0,18990.0,18900.0,37338.0
2021.05.21,18780.0,25.0,18515.0,18805.0,18515.0,32009.0
2021.05.20,18755.0,80.0,18605.0,18835.0,18540.0,38126.0
2021.05.18,18675.0,315.0,18400.0,18735.0,18400.0,27552.0
2021.05.17,18360.0,445.0,18000.0,18370.0,18000.0,26152.0
2021.05.14,17915.0,225.0,17655.0,17915.0,17655.0,18006.0
2021.05.13,17690.0,-235.0,17800.0,17985.0,17570.0,31353.0
2021.05.12,17925.0,-100.0,18040.0,18040.0,17830.0,25582.0
2021.05.11,18025.0,-15.0,18005.0,18050.0,17945.0,17110.0
2021.05.10,18040.0,345.0,17855.0,18065.0,17795.0,30741.0
2021.05.07,17695.0,485.0,17410.0,17740.0,17410.0,29561.0
2021.05.06,17210.0,170.0,17070.0,17210.0,17005.0,10196.0
2021.05.04,17040.0,170.0,17105.0,17200.0,17040.0,21651.0
2021.05.03,16870.0,65.0,16560.0,16870.0,16560.0,9387.0
2021.04.30,16805.0,-140.0,16825.0,16825.0,16680.0,17739.0
2021.04.29,16945.0,260.0,16935.0,17135.0,16935.0,119452.0
2021.04.28,16685.0,-210.0,16825.0,16825.0,16645.0,7549.0
2021.04.27,16895.0,20.0,16920.0,16945.0,16800.0,6074.0
2021.04.26,16875.0,-125.0,16770.0,16930.0,16765.0,24826.0
2021.04.23,17000.0,-140.0,17000.0,17085.0,16935.0,6960.0
2021.04.22,17140.0,95.0,17180.0,17220.0,17040.0,30737.0
2021.04.21,17045.0,325.0,16890.0,17045.0,16825.0,27145.0
2021.04.20,16720.0,-185.0,16785.0,16790.0,16650.0,8289.0
2021.04.19,16905.0,305.0,16825.0,16980.0,16800.0,28974.0
2021.04.16,16600.0,395.0,16395.0,16645.0,16395.0,26604.0
2021.04.15,16205.0,-45.0,16175.0,16215.0,16070.0,12377.0
2021.04.14,16250.0,325.0,16320.0,16325.0,16185.0,13289.0
2021.04.13,15925.0,-200.0,16055.0,16125.0,15920.0,13478.0
2021.04.12,16125.0,-220.0,16295.0,16295.0,16115.0,11239.0
2021.04.09,16345.0,60.0,16415.0,16485.0,16340.0,14048.0
2021.04.08,16285.0,130.0,16095.0,16285.0,16085.0,8249.0
2021.04.07,16155.0,10.0,16220.0,16220.0,16135.0,5649.0
2021.04.06,16145.0,260.0,15970.0,16145.0,15965.0,14704.0
2021.04.05,15885.0,55.0,15975.0,15975.0,15825.0,8849.0
2021.04.02,15830.0,165.0,15860.0,15950.0,15770.0,7998.0
2021.04.01,15665.0,460.0,15590.0,15720.0,15550.0,16486.0
2021.03.31,15205.0,-405.0,15235.0,15270.0,15065.0,40935.0
2021.03.30,15610.0,-380.0,15720.0,15745.0,15550.0,18170.0
2021.03.29,15990.0,-20.0,16095.0,16095.0,15970.0,9744.0
2021.03.26,16010.0,-130.0,16145.0,16145.0,15920.0,5321.0
2021.03.25,16140.0,65.0,16155.0,16200.0,16090.0,4930.0
2021.03.24,16075.0,-125.0,16000.0,16130.0,15950.0,6185.0
2021.03.23,16200.0,100.0,16250.0,16250.0,16090.0,7388.0
2021.03.22,16100.0,-180.0,16225.0,16275.0,16090.0,7092.0
2021.03.19,16280.0,-160.0,16260.0,16280.0,16035.0,11175.0
2021.03.18,16440.0,245.0,16360.0,16495.0,16360.0,26444.0
2021.03.17,16195.0,20.0,16175.0,16195.0,16045.0,6407.0
2021.03.16,16175.0,315.0,16185.0,16185.0,16075.0,6341.0
2021.03.15,15860.0,95.0,15700.0,16085.0,15700.0,8481.0
2021.03.12,15765.0,-375.0,15965.0,16035.0,15740.0,12527.0
2021.03.11,16140.0,435.0,15975.0,16180.0,15940.0,37738.0
2021.03.10,15705.0,375.0,15500.0,15815.0,15500.0,32253.0
2021.03.09,15330.0,-335.0,15275.0,15355.0,15155.0,24675.0
2021.03.08,15665.0,135.0,15605.0,15730.0,15580.0,27834.0
2021.03.05,15530.0,-300.0,15405.0,15615.0,15405.0,39964.0
2021.03.04,15830.0,-395.0,15720.0,15885.0,15655.0,24002.0
2021.03.03,16225.0,345.0,16300.0,16325.0,16205.0,23782.0
2021.03.02,15880.0,-830.0,16700.0,16700.0,15670.0,60986.0
2021.02.26,16710.0,-685.0,16895.0,16965.0,16625.0,50322.0
2021.02.25,17395.0,-185.0,17500.0,17510.0,17355.0,14161.0
2021.02.24,17580.0,-25.0,17545.0,17720.0,17535.0,23724.0
2021.02.23,17605.0,260.0,17505.0,17615.0,17495.0,29155.0
2021.02.22,17345.0,410.0,16965.0,17345.0,16965.0,14026.0
2021.02.19,16935.0,-165.0,16910.0,17010.0,16710.0,34655.0
2021.02.18,17100.0,-180.0,17075.0,17200.0,17050.0,38357.0
2021.02.17,17280.0,-650.0,17055.0,17380.0,16935.0,66275.0
2021.02.16,17930.0,5.0,18170.0,18170.0,17835.0,39183.0
2021.02.15,17925.0,-400.0,17965.0,18050.0,17880.0,36393.0
2021.02.10,18325.0,10.0,18250.0,18390.0,18195.0,12901.0
2021.02.09,18315.0,510.0,18095.0,18360.0,18085.0,19573.0
2021.02.08,17805.0,305.0,17895.0,17910.0,17695.0,25055.0
2021.02.05,17500.0,-465.0,17700.0,17700.0,17400.0,46941.0
2021.02.04,17965.0,-370.0,18245.0,18250.0,17865.0,64946.0
2021.02.03,18335.0,-355.0,18320.0,18460.0,18300.0,36513.0
2021.02.02,18690.0,-110.0,18740.0,18745.0,18625.0,13637.0
2021.02.01,18800.0,455.0,18570.0,18820.0,18525.0,12845.0
2021.01.29,18345.0,65.0,18325.0,18490.0,18295.0,12387.0
2021.01.28,18280.0,-270.0,18425.0,18425.0,18210.0,16574.0
2021.01.27,18550.0,-80.0,18610.0,18610.0,18455.0,14557.0
2021.01.26,18630.0,15.0,18710.0,18800.0,18590.0,8333.0
2021.01.25,18615.0,-155.0,18640.0,18765.0,18610.0,11921.0
2021.01.22,18770.0,-255.0,19020.0,19025.0,18730.0,25410.0
2021.01.21,19025.0,430.0,18735.0,19035.0,18735.0,25800.0
2021.01.20,18595.0,245.0,18445.0,18615.0,18350.0,29230.0
2021.01.19,18350.0,-20.0,18370.0,18465.0,18260.0,17219.0
2021.01.18,18370.0,-160.0,17870.0,18370.0,17805.0,44842.0
2021.01.15,18530.0,100.0,18560.0,18630.0,18500.0,33230.0
2021.01.14,18430.0,-390.0,18620.0,18625.0,18220.0,25081.0
2021.01.13,18820.0,65.0,18765.0,18860.0,18710.0,28546.0
2021.01.12,18755.0,185.0,18605.0,18795.0,18420.0,26270.0
2021.01.11,18570.0,-1270.0,19375.0,19375.0,17980.0,94596.0
2021.01.08,19840.0,-365.0,20075.0,20075.0,19825.0,47102.0
2021.01.07,20205.0,-495.0,20270.0,20275.0,20040.0,46313.0
2021.01.06,20700.0,200.0,20790.0,20880.0,20590.0,40786.0
2021.01.05,20500.0,220.0,20335.0,20625.0,20335.0,27190.0
2021.01.04,20280.0,825.0,20085.0,20295.0,20045.0,44072.0
2020.12.30,19455.0,75.0,19335.0,19550.0,19325.0,25857.0
2020.12.29,19380.0,-85.0,19310.0,19430.0,19290.0,32614.0
2020.12.28,19465.0,140.0,19550.0,19780.0,19465.0,39166.0
2020.12.24,19325.0,215.0,19290.0,19390.0,19230.0,14278.0
2020.12.23,19110.0,-270.0,19115.0,19175.0,19050.0,23000.0
2020.12.22,19380.0,-555.0,19485.0,19580.0,19300.0,21434.0
2020.12.21,19935.0,510.0,19455.0,19935.0,19455.0,64863.0
2020.12.18,19425.0,230.0,19470.0,19520.0,19385.0,60164.0
2020.12.17,19195.0,290.0,19070.0,19195.0,19035.0,42564.0
2020.12.16,18905.0,310.0,18805.0,18960.0,18795.0,61228.0
2020.12.15,18595.0,135.0,18355.0,18610.0,18340.0,17964.0
2020.12.14,18460.0,-25.0,18530.0,18570.0,18460.0,27619.0
2020.12.11,18485.0,-95.0,18560.0,18600.0,18485.0,38669.0
2020.12.10,18580.0,-470.0,18500.0,18645.0,18480.0,68494.0
2020.12.09,19050.0,-175.0,19260.0,19260.0,18930.0,36250.0
2020.12.08,19225.0,610.0,19015.0,19280.0,19000.0,67240.0
2020.12.07,18615.0,-60.0,18480.0,18675.0,18470.0,21246.0
2020.12.04,18675.0,175.0,18620.0,18700.0,18580.0,23133.0
2020.12.03,18500.0,440.0,18315.0,18515.0,18295.0,39615.0
2020.12.02,18060.0,515.0,18015.0,18095.0,17960.0,51224.0
2020.12.01,17545.0,295.0,17370.0,17565.0,17370.0,27005.0
2020.11.30,17250.0,-780.0,17575.0,17585.0,17145.0,90147.0
2020.11.27,18030.0,-10.0,18030.0,18110.0,17905.0,31801.0
2020.11.26,18040.0,105.0,18065.0,18080.0,17980.0,25122.0
2020.11.25,17935.0,-485.0,18050.0,18075.0,17850.0,66864.0
2020.11.24,18420.0,-950.0,18635.0,18635.0,18280.0,119571.0
2020.11.23,19370.0,100.0,19305.0,19395.0,19305.0,19096.0
2020.11.20,19270.0,125.0,19170.0,19290.0,19125.0,8177.0
2020.11.19,19145.0,-325.0,19380.0,19390.0,19060.0,43063.0
2020.11.18,19470.0,-175.0,19605.0,19605.0,19435.0,17123.0
2020.11.17,19645.0,-110.0,19740.0,19755.0,19620.0,17362.0
2020.11.16,19755.0,240.0,19645.0,19915.0,19515.0,78867.0
2020.11.13,19515.0,225.0,19420.0,19560.0,19420.0,143525.0
2020.11.12,19290.0,-270.0,19285.0,19350.0,19190.0,110616.0
2020.11.11,19560.0,-80.0,19515.0,19620.0,19485.0,37436.0
2020.11.10,19640.0,-1745.0,19510.0,19700.0,19340.0,137669.0
2020.11.09,21385.0,535.0,21300.0,21445.0,21210.0,27843.0
2020.11.06,20850.0,520.0,21065.0,21080.0,20850.0,58412.0
2020.11.05,20330.0,260.0,20230.0,20335.0,20155.0,18205.0
2020.11.04,20070.0,110.0,20390.0,20450.0,19780.0,43178.0
2020.11.03,19960.0,205.0,19955.0,20060.0,19920.0,12927.0
2020.11.02,19755.0,275.0,19585.0,19780.0,19550.0,20785.0
2020.10.30,19480.0,-315.0,19475.0,19655.0,19385.0,45090.0
2020.10.29,19795.0,-535.0,19745.0,19795.0,19625.0,35603.0
2020.10.28,20330.0,-40.0,20285.0,20365.0,20225.0,8055.0
2020.10.27,20370.0,265.0,20215.0,20370.0,20200.0,10474.0
2020.10.26,20105.0,-130.0,20095.0,20205.0,20025.0,15714.0
2020.10.23,20235.0,-260.0,20295.0,20310.0,20185.0,9359.0
2020.10.22,20495.0,-75.0,20605.0,20670.0,20405.0,37489.0
2020.10.21,20570.0,340.0,20375.0,20630.0,20375.0,15161.0
2020.10.20,20230.0,-170.0,20290.0,20310.0,20100.0,8941.0
2020.10.19,20400.0,100.0,20160.0,20400.0,20160.0,9726.0
2020.10.16,20300.0,125.0,20285.0,20420.0,20285.0,12011.0
2020.10.15,20175.0,30.0,20210.0,20230.0,20050.0,14348.0
2020.10.14,20145.0,-490.0,20125.0,20145.0,19830.0,42566.0
2020.10.13,20635.0,-230.0,21300.0,21300.0,20335.0,25944.0
2020.10.12,20865.0,865.0,20805.0,20900.0,20695.0,36145.0
2020.10.08,20000.0,50.0,19950.0,20000.0,19865.0,11827.0
2020.10.07,19950.0,-405.0,19870.0,19990.0,19700.0,25852.0
2020.10.06,20355.0,355.0,20340.0,20405.0,20305.0,19465.0
2020.10.05,20000.0,180.0,20105.0,20320.0,20000.0,17660.0
2020.09.29,19820.0,455.0,19650.0,19870.0,19650.0,18437.0
2020.09.28,19365.0,-200.0,19490.0,19490.0,19295.0,23156.0
2020.09.25,19565.0,345.0,19470.0,19635.0,19455.0,21665.0
2020.09.24,19220.0,-540.0,18970.0,19530.0,18970.0,61340.0
2020.09.23,19760.0,-620.0,20425.0,20450.0,19755.0,35011.0
2020.09.22,20380.0,-1020.0,20725.0,20795.0,20380.0,42375.0
2020.09.21,21400.0,30.0,21300.0,21520.0,21265.0,12356.0
2020.09.18,21370.0,160.0,21260.0,21470.0,21260.0,10585.0
2020.09.17,21210.0,-325.0,21500.0,21590.0,21165.0,11933.0
2020.09.16,21535.0,-230.0,21675.0,21675.0,21435.0,14466.0
2020.09.15,21765.0,415.0,21495.0,21840.0,21450.0,33399.0
2020.09.14,21350.0,70.0,21280.0,21415.0,21165.0,11130.0
2020.09.11,21280.0,-95.0,21380.0,21395.0,21215.0,8573.0
2020.09.10,21375.0,425.0,21345.0,21445.0,21315.0,23732.0
2020.09.09,20950.0,-130.0,20990.0,21065.0,20880.0,41723.0
2020.09.08,21080.0,35.0,21010.0,21110.0,20885.0,20130.0
2020.09.07,21045.0,-165.0,21100.0,21260.0,20980.0,60572.0
2020.09.04,21210.0,10.0,20980.0,21290.0,20980.0,32153.0
2020.09.03,21200.0,-640.0,21670.0,21670.0,21100.0,39863.0
2020.09.02,21840.0,-390.0,22180.0,22180.0,21770.0,24499.0
2020.09.01,22230.0,550.0,21600.0,22300.0,21405.0,36745.0
2020.08.31,21680.0,330.0,21970.0,22000.0,21680.0,35673.0
2020.08.28,21350.0,40.0,20940.0,21405.0,20910.0,27567.0
2020.08.27,21310.0,520.0,21330.0,21500.0,21190.0,33150.0
2020.08.26,20790.0,-260.0,20900.0,21030.0,20780.0,35455.0
2020.08.25,21050.0,-15.0,20910.0,21150.0,20910.0,50862.0
2020.08.24,21065.0,-370.0,21300.0,21305.0,20965.0,63260.0
2020.08.21,21435.0,-150.0,21590.0,21690.0,21360.0,33354.0
2020.08.20,21585.0,-935.0,21700.0,21700.0,21120.0,76852.0
2020.08.19,22520.0,-270.0,22800.0,22900.0,22450.0,41574.0
2020.08.18,22790.0,1305.0,22100.0,22790.0,22100.0,51174.0
2020.08.14,21485.0,215.0,21540.0,21850.0,21485.0,46007.0
2020.08.13,21270.0,820.0,20820.0,21495.0,20820.0,59924.0
2020.08.12,20450.0,-2280.0,20330.0,20975.0,19800.0,189790.0
2020.08.11,22730.0,-1010.0,23980.0,23980.0,22730.0,68929.0
2020.08.10,23740.0,-640.0,23600.0,23800.0,23230.0,80563.0
2020.08.07,24380.0,255.0,24370.0,24635.0,23955.0,104893.0
2020.08.06,24125.0,670.0,24090.0,24230.0,23650.0,86712.0
2020.08.05,23455.0,1130.0,23150.0,23540.0,23150.0,66898.0
2020.08.04,22325.0,-200.0,22525.0,22525.0,21930.0,50066.0
2020.08.03,22525.0,-15.0,22540.0,22725.0,22425.0,63083.0
2020.07.31,22540.0,480.0,22020.0,22595.0,21805.0,47816.0
2020.07.30,22060.0,115.0,22120.0,22220.0,22000.0,57299.0
2020.07.29,21945.0,200.0,21950.0,22000.0,21580.0,58860.0
2020.07.28,21745.0,-35.0,23485.0,23485.0,21400.0,170453.0
2020.07.27,21780.0,1025.0,21600.0,21830.0,21135.0,120015.0
2020.07.24,20755.0,195.0,20805.0,20855.0,20655.0,76944.0
2020.07.23,20560.0,385.0,20250.0,20560.0,20250.0,42814.0
2020.07.22,20175.0,830.0,19585.0,20750.0,19575.0,60830.0
2020.07.21,19345.0,195.0,19200.0,19360.0,19195.0,23672.0
2020.07.20,19150.0,190.0,19065.0,19175.0,19060.0,55264.0
2020.07.17,18960.0,-230.0,19165.0,19165.0,18900.0,41914.0
2020.07.16,19190.0,-50.0,19455.0,19455.0,18615.0,29335.0
2020.07.15,19240.0,105.0,19280.0,19345.0,19185.0,38644.0
2020.07.14,19135.0,-75.0,19210.0,19210.0,19085.0,25325.0
2020.07.13,19210.0,110.0,19200.0,19285.0,19150.0,30526.0
2020.07.10,19100.0,-380.0,19440.0,19440.0,19060.0,41403.0
2020.07.09,19480.0,260.0,19450.0,19675.0,19410.0,39069.0
2020.07.08,19220.0,300.0,19440.0,19440.0,19050.0,39178.0
2020.07.07,18920.0,210.0,18820.0,19050.0,18730.0,22379.0
2020.07.06,18710.0,115.0,18705.0,18710.0,18600.0,17087.0
2020.07.03,18595.0,65.0,18565.0,18665.0,18565.0,10145.0
2020.07.02,18530.0,-305.0,18650.0,18660.0,18495.0,21408.0
2020.07.01,18835.0,285.0,18700.0,18885.0,18700.0,20852.0
2020.06.30,18550.0,0.0,18555.0,18560.0,18455.0,16199.0
2020.06.29,18550.0,270.0,18660.0,18660.0,18430.0,18192.0
2020.06.26,18280.0,-150.0,18430.0,18495.0,18270.0,6411.0
2020.06.25,18430.0,-115.0,18105.0,18450.0,18105.0,16411.0
2020.06.24,18545.0,360.0,18400.0,18620.0,18375.0,24695.0
2020.06.23,18185.0,45.0,18200.0,18310.0,18100.0,9543.0
2020.06.22,18140.0,520.0,18025.0,18255.0,18025.0,37134.0
2020.06.19,17620.0,120.0,17575.0,17620.0,17455.0,7967.0
2020.06.18,17500.0,-50.0,17420.0,17595.0,17420.0,6185.0
2020.06.17,17550.0,20.0,17530.0,17580.0,17450.0,8883.0
2020.06.16,17530.0,30.0,17505.0,17620.0,17500.0,11513.0
2020.06.15,17500.0,-45.0,17555.0,17750.0,17320.0,19205.0
2020.06.12,17545.0,-80.0,17625.0,17625.0,17145.0,16582.0
2020.06.11,17625.0,170.0,17600.0,17750.0,17600.0,31452.0
2020.06.10,17455.0,480.0,17080.0,17460.0,17080.0,13778.0
2020.06.09,16975.0,75.0,16900.0,17080.0,16900.0,12718.0
2020.06.08,16900.0,-245.0,16980.0,16980.0,16830.0,28685.0
2020.06.05,17145.0,-115.0,17360.0,17360.0,17145.0,15452.0
2020.06.04,17260.0,-365.0,17395.0,17400.0,17200.0,30738.0
2020.06.03,17625.0,-355.0,17950.0,17950.0,17610.0,28208.0
2020.06.02,17980.0,-70.0,18070.0,18090.0,17950.0,8546.0
2020.06.01,18050.0,295.0,17855.0,18090.0,17855.0,18190.0
2020.05.29,17755.0,145.0,17650.0,17795.0,17615.0,7566.0
2020.05.28,17610.0,235.0,17320.0,17610.0,17320.0,12841.0
2020.05.27,17375.0,-795.0,17875.0,18245.0,17340.0,50533.0
2020.05.26,18170.0,-10.0,18180.0,18350.0,18055.0,26943.0
2020.05.25,18180.0,-85.0,18305.0,18335.0,18100.0,30614.0
2020.05.22,18265.0,-105.0,18300.0,18300.0,17895.0,36499.0
2020.05.21,18370.0,-290.0,18610.0,18610.0,18260.0,67105.0
2020.05.20,18660.0,380.0,18595.0,18675.0,18390.0,23486.0
2020.05.19,18280.0,-420.0,18210.0,18320.0,18110.0,22246.0
2020.05.18,18700.0,670.0,18250.0,18740.0,18215.0,39897.0
2020.05.15,18030.0,350.0,17750.0,18050.0,17750.0,28868.0
2020.05.14,17680.0,160.0,17700.0,17700.0,17625.0,11866.0
2020.05.13,17520.0,45.0,17350.0,17580.0,17350.0,13339.0
2020.05.12,17475.0,-95.0,17215.0,17480.0,17215.0,18098.0
2020.05.11,17570.0,-165.0,17520.0,17570.0,17450.0,13625.0
2020.05.08,17735.0,305.0,17600.0,17735.0,17595.0,27047.0
2020.05.07,17430.0,-55.0,17415.0,17480.0,17290.0,23484.0
2020.05.06,17485.0,-5.0,17400.0,17485.0,17310.0,19421.0
2020.05.04,17490.0,-95.0,17290.0,17585.0,17185.0,26091.0
2020.04.29,17585.0,150.0,17285.0,17785.0,17285.0,26135.0
2020.04.28,17435.0,-445.0,17600.0,17600.0,17305.0,73168.0
2020.04.27,17880.0,-90.0,17970.0,17990.0,17710.0,31683.0
2020.04.24,17970.0,270.0,17800.0,18100.0,17800.0,40142.0
2020.04.23,17700.0,460.0,17500.0,17700.0,17495.0,37054.0
2020.04.22,17240.0,-25.0,16955.0,17300.0,16955.0,32131.0
2020.04.21,17265.0,235.0,17030.0,17270.0,17030.0,30929.0
2020.04.20,17030.0,-250.0,16690.0,17070.0,16600.0,32925.0
2020.04.17,17280.0,-395.0,17500.0,17675.0,17140.0,46555.0
2020.04.16,17675.0,-25.0,17305.0,17675.0,17305.0,50743.0
2020.04.14,17700.0,655.0,17205.0,18000.0,17205.0,62155.0
2020.04.13,17045.0,90.0,16995.0,17050.0,16890.0,43423.0
2020.04.10,16955.0,465.0,17000.0,17000.0,16755.0,74955.0
2020.04.09,16490.0,150.0,16090.0,16590.0,16090.0,15784.0
2020.04.08,16340.0,-10.0,15900.0,16410.0,15855.0,40821.0
2020.04.07,16350.0,510.0,17000.0,17000.0,16250.0,94598.0
2020.04.06,15840.0,310.0,15470.0,15840.0,14640.0,73388.0
2020.04.03,15530.0,260.0,15445.0,15960.0,15400.0,36625.0
2020.04.02,15270.0,0.0,15300.0,15355.0,15005.0,26606.0
2020.04.01,15270.0,-405.0,15390.0,15400.0,15100.0,59854.0
2020.03.31,15675.0,45.0,15320.0,15720.0,15315.0,41473.0
2020.03.30,15630.0,-395.0,16035.0,16465.0,15630.0,73641.0
2020.03.27,16025.0,590.0,15500.0,16030.0,15450.0,66182.0
2020.03.26,15435.0,-445.0,15090.0,15495.0,15000.0,66247.0
2020.03.25,15880.0,830.0,16210.0,16900.0,15455.0,131202.0
2020.03.24,15050.0,1210.0,15485.0,15485.0,14400.0,123131.0
2020.03.23,13840.0,485.0,13230.0,14395.0,13230.0,69793.0
2020.03.20,13355.0,170.0,13200.0,13355.0,12770.0,38991.0
2020.03.19,13185.0,-420.0,13510.0,13600.0,12730.0,69839.0
2020.03.18,13605.0,20.0,14300.0,14355.0,13605.0,74110.0
2020.03.17,13585.0,-1170.0,14200.0,14500.0,13570.0,87582.0
2020.03.16,14755.0,-995.0,15850.0,16000.0,14680.0,107432.0
2020.03.13,15750.0,-800.0,15870.0,15870.0,14840.0,97292.0
2020.03.12,16550.0,-505.0,17025.0,17025.0,16390.0,55895.0
2020.03.11,17055.0,50.0,16860.0,17240.0,16795.0,54441.0
2020.03.10,17005.0,-390.0,17190.0,17200.0,16900.0,50409.0
2020.03.09,17395.0,10.0,17785.0,18290.0,16945.0,92748.0
2020.03.06,17385.0,800.0,17120.0,17400.0,17115.0,68939.0
2020.03.05,16585.0,-35.0,16620.0,16650.0,16580.0,19585.0
2020.03.04,16620.0,725.0,16600.0,16700.0,16575.0,42113.0
2020.03.03,15895.0,-60.0,16030.0,16090.0,15705.0,36634.0
2020.03.02,15955.0,-535.0,15690.0,16000.0,15500.0,77025.0
2020.02.28,16490.0,-450.0,16970.0,16995.0,16480.0,61702.0
2020.02.27,16940.0,145.0,16790.0,17140.0,16710.0,40558.0
2020.02.26,16795.0,45.0,16830.0,17155.0,16755.0,39134.0
2020.02.25,16750.0,-540.0,17400.0,17400.0,16300.0,93154.0
2020.02.24,17290.0,680.0,17030.0,17660.0,17030.0,90797.0
2020.02.21,16610.0,495.0,16300.0,16610.0,16260.0,38001.0
2020.02.20,16115.0,105.0,16055.0,16185.0,16020.0,20839.0
2020.02.19,16010.0,355.0,15850.0,16010.0,15850.0,47237.0
2020.02.18,15655.0,80.0,15580.0,15675.0,15580.0,31798.0
2020.02.17,15575.0,170.0,15495.0,15595.0,15470.0,17234.0
2020.02.14,15405.0,-10.0,15425.0,15480.0,15380.0,10595.0
2020.02.13,15415.0,100.0,15320.0,15465.0,15305.0,19034.0
2020.02.12,15315.0,-30.0,15300.0,15360.0,15285.0,6587.0
2020.02.11,15345.0,5.0,15355.0,15400.0,15315.0,7922.0
2020.02.10,15340.0,120.0,15460.0,15460.0,15315.0,39450.0
2020.02.07,15220.0,155.0,15380.0,15380.0,15160.0,18335.0
2020.02.06,15065.0,-185.0,15245.0,15245.0,15060.0,27099.0
2020.02.05,15250.0,-215.0,15270.0,15270.0,15065.0,37683.0
2020.02.04,15465.0,-105.0,15445.0,15530.0,15435.0,19426.0
2020.02.03,15570.0,150.0,15735.0,15775.0,15200.0,57646.0
2020.01.31,15420.0,-170.0,15530.0,15530.0,15365.0,38900.0
2020.01.30,15590.0,180.0,15485.0,15625.0,15485.0,24575.0
2020.01.29,15410.0,-165.0,15290.0,15440.0,15290.0,20567.0
2020.01.28,15575.0,425.0,15690.0,15730.0,15425.0,60469.0
2020.01.23,15150.0,50.0,15145.0,15270.0,15145.0,24481.0
2020.01.22,15100.0,-300.0,15150.0,15200.0,15080.0,28412.0
2020.01.21,15400.0,185.0,15265.0,15440.0,15220.0,50953.0
2020.01.20,15215.0,65.0,15180.0,15250.0,15125.0,18442.0
2020.01.17,15150.0,85.0,15100.0,15150.0,15020.0,16674.0
2020.01.16,15065.0,0.0,15065.0,15160.0,15065.0,10289.0
2020.01.15,15065.0,260.0,15065.0,15100.0,14910.0,29093.0
2020.01.14,14805.0,-270.0,15000.0,15000.0,14750.0,52597.0
2020.01.13,15075.0,145.0,15115.0,15150.0,15000.0,33980.0
2020.01.10,14930.0,70.0,14925.0,15020.0,14870.0,50252.0
2020.01.09,14860.0,-1150.0,14935.0,15220.0,14860.0,122298.0
2020.01.08,16010.0,660.0,15670.0,16275.0,15640.0,171392.0
2020.01.07,15350.0,-230.0,15545.0,15545.0,15105.0,73529.0
2020.01.06,15580.0,930.0,14945.0,15580.0,14855.0,363961.0
2020.01.03,14650.0,175.0,14520.0,14715.0,14510.0,56892.0
2020.01.02,14475.0,130.0,14365.0,14500.0,14365.0,21337.0
2019.12.30,14345.0,55.0,14405.0,14405.0,14320.0,21303.0
2019.12.27,14290.0,375.0,13985.0,14360.0,13985.0,143991.0
2019.12.26,13915.0,50.0,13910.0,13945.0,13885.0,62496.0
2019.12.24,13865.0,165.0,13715.0,13875.0,13715.0,37903.0
2019.12.23,13700.0,45.0,13650.0,13700.0,13620.0,9267.0
2019.12.20,13655.0,55.0,13630.0,13690.0,13620.0,30322.0
2019.12.19,13600.0,-10.0,13595.0,13620.0,13525.0,15608.0
2019.12.18,13610.0,15.0,13590.0,13645.0,13545.0,12249.0
2019.12.17,13595.0,-20.0,13595.0,13655.0,13520.0,36855.0
2019.12.16,13615.0,160.0,13620.0,13620.0,13510.0,30509.0
2019.12.13,13455.0,-140.0,13500.0,13500.0,13420.0,48020.0
2019.12.12,13595.0,45.0,13620.0,13675.0,13545.0,26326.0
2019.12.11,13550.0,55.0,13500.0,13550.0,13500.0,9685.0
2019.12.10,13495.0,-30.0,13590.0,13590.0,13460.0,30305.0
2019.12.09,13525.0,-170.0,13695.0,13695.0,13470.0,62459.0
2019.12.06,13695.0,-15.0,13735.0,13745.0,13640.0,10638.0
2019.12.05,13710.0,-80.0,13750.0,13750.0,13695.0,14564.0
2019.12.04,13790.0,270.0,13695.0,13790.0,13600.0,37946.0
2019.12.03,13520.0,30.0,13575.0,13575.0,13400.0,14223.0
2019.12.02,13490.0,-10.0,13545.0,13560.0,13445.0,15732.0
2019.11.29,13500.0,30.0,13470.0,13510.0,13410.0,32339.0
2019.11.28,13470.0,-35.0,13490.0,13560.0,13405.0,11331.0
2019.11.27,13505.0,50.0,13430.0,13510.0,13430.0,6231.0
2019.11.26,13455.0,-55.0,13450.0,13455.0,13380.0,24794.0
2019.11.25,13510.0,-105.0,13600.0,13600.0,13500.0,16089.0
2019.11.22,13615.0,-85.0,13585.0,13685.0,13570.0,13767.0
2019.11.21,13700.0,30.0,13670.0,13720.0,13640.0,21499.0
2019.11.20,13670.0,85.0,13610.0,13670.0,13610.0,15737.0
2019.11.19,13585.0,70.0,13590.0,13635.0,13560.0,19250.0
2019.11.18,13515.0,-15.0,13600.0,13600.0,13500.0,11760.0
2019.11.15,13530.0,-70.0,13655.0,13655.0,13525.0,10068.0
2019.11.14,13600.0,-60.0,13695.0,13695.0,13550.0,15423.0
2019.11.13,13660.0,225.0,13445.0,13660.0,13430.0,31663.0
2019.11.12,13435.0,-160.0,13475.0,13585.0,13430.0,53958.0
2019.11.11,13595.0,-130.0,13660.0,13720.0,13510.0,40915.0
2019.11.08,13725.0,-275.0,13805.0,13990.0,13650.0,85969.0
2019.11.07,14000.0,15.0,13945.0,14055.0,13945.0,10765.0
2019.11.06,13985.0,-235.0,13940.0,13990.0,13910.0,26661.0
2019.11.05,14220.0,-45.0,14235.0,14285.0,14185.0,20888.0
2019.11.04,14265.0,-35.0,14380.0,14380.0,14175.0,21716.0
2019.11.01,14300.0,175.0,14305.0,14400.0,14300.0,43084.0
2019.10.31,14125.0,25.0,14100.0,14175.0,14090.0,17259.0
2019.10.30,14100.0,25.0,14070.0,14100.0,14030.0,16936.0
2019.10.29,14075.0,-165.0,14105.0,14105.0,14055.0,26400.0
2019.10.28,14240.0,5.0,14215.0,14280.0,14205.0,17081.0
2019.10.25,14235.0,175.0,14205.0,14235.0,14175.0,37609.0
2019.10.24,14060.0,5.0,14085.0,14130.0,14060.0,11913.0
2019.10.23,14055.0,20.0,14135.0,14135.0,14045.0,17957.0
2019.10.22,14035.0,-50.0,14035.0,14045.0,13995.0,28137.0
2019.10.21,14085.0,-15.0,14150.0,14150.0,13950.0,29741.0
2019.10.18,14100.0,5.0,14065.0,14145.0,14065.0,15896.0
2019.10.17,14095.0,80.0,14015.0,14100.0,14005.0,14967.0
2019.10.16,14015.0,-135.0,14105.0,14105.0,13940.0,69362.0
2019.10.15,14150.0,40.0,14220.0,14220.0,14100.0,24802.0
2019.10.14,14110.0,-140.0,14165.0,14165.0,14055.0,40912.0
2019.10.11,14250.0,-180.0,14270.0,14285.0,14180.0,20314.0
2019.10.10,14430.0,275.0,14450.0,14495.0,14400.0,35812.0
2019.10.08,14155.0,-245.0,14245.0,14245.0,14145.0,42915.0
2019.10.07,14400.0,-30.0,14295.0,14435.0,14295.0,24384.0
2019.10.04,14430.0,485.0,14300.0,14445.0,14300.0,94099.0
2019.10.02,13945.0,245.0,13950.0,14020.0,13855.0,33837.0
2019.10.01,13700.0,-510.0,14000.0,14000.0,13670.0,123846.0
2019.09.30,14210.0,-290.0,14400.0,14405.0,14195.0,77828.0
2019.09.27,14500.0,-25.0,14550.0,14555.0,14465.0,41861.0
2019.09.26,14525.0,-370.0,14505.0,14580.0,14500.0,43262.0
2019.09.25,14895.0,200.0,14815.0,15020.0,14815.0,68329.0
2019.09.24,14695.0,185.0,14555.0,14730.0,14555.0,40355.0
2019.09.23,14510.0,85.0,14580.0,14580.0,14405.0,25671.0
2019.09.20,14425.0,170.0,14250.0,14425.0,14250.0,17183.0
2019.09.19,14255.0,-155.0,14200.0,14345.0,14200.0,18537.0
2019.09.18,14410.0,70.0,14480.0,14480.0,14375.0,9823.0
2019.09.17,14340.0,-130.0,14445.0,14445.0,14300.0,32124.0
2019.09.16,14470.0,205.0,14355.0,14520.0,14310.0,40780.0
2019.09.11,14265.0,50.0,14160.0,14270.0,14040.0,51038.0
2019.09.10,14215.0,-385.0,14440.0,14440.0,14150.0,61615.0
2019.09.09,14600.0,-85.0,14555.0,14630.0,14410.0,32543.0
2019.09.06,14685.0,-535.0,14640.0,14835.0,14640.0,82606.0
2019.09.05,15220.0,130.0,15330.0,15330.0,15155.0,78873.0
2019.09.04,15090.0,190.0,15260.0,15300.0,15090.0,82001.0
2019.09.03,14900.0,20.0,14995.0,15000.0,14880.0,49702.0
2019.09.02,14880.0,-110.0,14975.0,15095.0,14880.0,90226.0
2019.08.30,14990.0,-270.0,15020.0,15150.0,14870.0,87369.0
2019.08.29,15260.0,155.0,15135.0,15285.0,15015.0,68556.0
2019.08.28,15105.0,105.0,15105.0,15260.0,15010.0,127170.0
2019.08.27,15000.0,20.0,14760.0,15085.0,14760.0,85689.0
2019.08.26,14980.0,640.0,15055.0,15060.0,14500.0,176518.0
2019.08.23,14340.0,-195.0,14495.0,14495.0,14335.0,35631.0
2019.08.22,14535.0,75.0,14460.0,14545.0,14345.0,35925.0
2019.08.21,14460.0,160.0,14545.0,14545.0,14450.0,36354.0
2019.08.20,14300.0,-330.0,14560.0,14560.0,14275.0,76895.0
2019.08.19,14630.0,-200.0,14600.0,14680.0,14590.0,41969.0
2019.08.16,14830.0,275.0,14910.0,14970.0,14820.0,91305.0
2019.08.14,14555.0,-420.0,14675.0,14900.0,14365.0,122811.0
2019.08.13,14975.0,210.0,14905.0,14975.0,14685.0,128956.0
2019.08.12,14765.0,185.0,14880.0,14880.0,14580.0,78041.0
2019.08.09,14580.0,60.0,14535.0,14605.0,14490.0,99297.0
2019.08.08,14520.0,370.0,14480.0,14570.0,14345.0,108921.0
2019.08.07,14150.0,305.0,13975.0,14365.0,13910.0,136477.0
2019.08.06,13845.0,215.0,13755.0,14040.0,13710.0,197915.0
2019.08.05,13630.0,465.0,13215.0,13630.0,13215.0,202810.0
2019.08.02,13165.0,385.0,13195.0,13310.0,13155.0,54354.0
2019.08.01,12780.0,-455.0,13050.0,13050.0,12735.0,51231.0
2019.07.31,13235.0,130.0,13200.0,13240.0,13140.0,36252.0
2019.07.30,13105.0,65.0,13250.0,13250.0,13065.0,13188.0
2019.07.29,13040.0,50.0,12990.0,13190.0,12990.0,26721.0
2019.07.26,12990.0,-100.0,13040.0,13040.0,12920.0,33564.0
2019.07.25,13090.0,25.0,13150.0,13200.0,13060.0,23166.0
2019.07.24,13065.0,85.0,13055.0,13075.0,12985.0,65337.0
2019.07.23,12980.0,-220.0,13280.0,13280.0,12955.0,40939.0
2019.07.22,13200.0,-200.0,13390.0,13390.0,13140.0,30432.0
2019.07.19,13400.0,300.0,13300.0,13405.0,13290.0,91943.0
2019.07.18,13100.0,320.0,13100.0,13100.0,13005.0,40429.0
2019.07.17,12780.0,-160.0,12860.0,12860.0,12750.0,30401.0
2019.07.16,12940.0,15.0,12935.0,12970.0,12870.0,20386.0
2019.07.15,12925.0,105.0,12925.0,13000.0,12855.0,32286.0
2019.07.12,12820.0,-215.0,12905.0,12930.0,12750.0,32790.0
2019.07.11,13035.0,505.0,12930.0,13090.0,12930.0,44339.0
2019.07.10,12530.0,-30.0,12760.0,12760.0,12455.0,18340.0
2019.07.09,12560.0,-180.0,12740.0,12740.0,12500.0,26970.0
2019.07.08,12740.0,-210.0,12620.0,12785.0,12610.0,39366.0
2019.07.05,12950.0,40.0,13015.0,13180.0,12940.0,27704.0
2019.07.04,12910.0,-160.0,13070.0,13070.0,12910.0,25173.0
2019.07.03,13070.0,565.0,13175.0,13430.0,13010.0,93552.0
2019.07.02,12505.0,130.0,12350.0,12625.0,12340.0,14745.0
2019.07.01,12375.0,-575.0,12720.0,12720.0,12375.0,45981.0
2019.06.28,12950.0,220.0,12750.0,13095.0,12750.0,54217.0
2019.06.27,12730.0,-90.0,12825.0,12865.0,12730.0,41910.0
2019.06.26,12820.0,-315.0,13220.0,13220.0,12755.0,52778.0
2019.06.25,13135.0,355.0,12960.0,13415.0,12960.0,148250.0
2019.06.24,12780.0,180.0,12760.0,12865.0,12700.0,80398.0
2019.06.21,12600.0,180.0,12550.0,12870.0,12520.0,127570.0
2019.06.20,12420.0,665.0,11950.0,12500.0,11950.0,320854.0
2019.06.19,11755.0,-40.0,11800.0,11845.0,11740.0,35734.0
2019.06.18,11795.0,85.0,11710.0,11795.0,11665.0,23459.0
2019.06.17,11710.0,-130.0,11805.0,11805.0,11640.0,23919.0
2019.06.14,11840.0,190.0,11730.0,11840.0,11650.0,154874.0
2019.06.13,11650.0,0.0,11650.0,11700.0,11555.0,62073.0
2019.06.12,11650.0,140.0,11480.0,11650.0,11465.0,35510.0
2019.06.11,11510.0,45.0,11475.0,11540.0,11465.0,40029.0
2019.06.10,11465.0,-105.0,11625.0,11645.0,11465.0,66284.0
2019.06.07,11570.0,40.0,11540.0,11630.0,11480.0,95732.0
2019.06.05,11530.0,60.0,11480.0,11530.0,11355.0,139463.0
2019.06.04,11470.0,250.0,11405.0,11495.0,11330.0,186430.0
2019.06.03,11220.0,285.0,11120.0,11255.0,11085.0,118622.0
2019.05.31,10935.0,235.0,10855.0,10945.0,10815.0,67402.0
2019.05.30,10700.0,-30.0,10730.0,10770.0,10700.0,17769.0
2019.05.29,10730.0,-60.0,10780.0,10805.0,10715.0,26714.0
2019.05.28,10790.0,-85.0,10850.0,10850.0,10790.0,10294.0
2019.05.27,10875.0,35.0,10845.0,10930.0,10815.0,16603.0
2019.05.24,10840.0,150.0,10775.0,10855.0,10775.0,28787.0
2019.05.23,10690.0,30.0,10650.0,10690.0,10650.0,5785.0
2019.05.22,10660.0,-50.0,10700.0,10700.0,10660.0,17302.0
2019.05.21,10710.0,-10.0,10790.0,10790.0,10705.0,10465.0
2019.05.20,10720.0,-180.0,10795.0,10805.0,10700.0,66890.0
2019.05.17,10900.0,-135.0,10945.0,10945.0,10860.0,29011.0
2019.05.16,11035.0,10.0,11020.0,11050.0,11020.0,8773.0
2019.05.15,11025.0,-85.0,11095.0,11095.0,10905.0,13795.0
2019.05.14,11110.0,260.0,11045.0,11130.0,11045.0,74199.0
2019.05.13,10850.0,-25.0,10875.0,10915.0,10825.0,10081.0
2019.05.10,10875.0,0.0,10905.0,10940.0,10825.0,12884.0
2019.05.09,10875.0,-30.0,10890.0,10890.0,10800.0,35824.0
2019.05.08,10905.0,90.0,10840.0,10905.0,10840.0,25762.0
2019.05.07,10815.0,110.0,10800.0,10835.0,10790.0,15972.0
2019.05.03,10705.0,15.0,10680.0,10730.0,10680.0,5283.0
2019.05.02,10690.0,-195.0,10850.0,10850.0,10690.0,36651.0
2019.04.30,10885.0,20.0,10850.0,10905.0,10840.0,20418.0
2019.04.29,10865.0,15.0,10860.0,10920.0,10795.0,32623.0
2019.04.26,10850.0,90.0,10860.0,10860.0,10780.0,14934.0
2019.04.25,10760.0,110.0,10685.0,10780.0,10685.0,26999.0
2019.04.24,10650.0,-35.0,10665.0,10675.0,10635.0,22099.0
2019.04.23,10685.0,-20.0,10700.0,10740.0,10665.0,25027.0
2019.04.22,10705.0,-5.0,10725.0,10735.0,10700.0,43044.0
2019.04.19,10710.0,0.0,10715.0,10740.0,10705.0,27990.0
2019.04.18,10710.0,-85.0,10770.0,10770.0,10695.0,46709.0
2019.04.17,10795.0,-105.0,10790.0,10815.0,10745.0,36087.0
2019.04.16,10900.0,-80.0,10960.0,10960.0,10900.0,31526.0
2019.04.15,10980.0,-95.0,11040.0,11060.0,10965.0,42714.0
2019.04.12,11075.0,-255.0,11140.0,11140.0,11040.0,95147.0
2019.04.11,11330.0,80.0,11270.0,11340.0,11255.0,43727.0
2019.04.10,11250.0,80.0,11230.0,11260.0,11195.0,30726.0
2019.04.09,11170.0,55.0,11120.0,11190.0,11105.0,25695.0
2019.04.08,11115.0,120.0,11000.0,11115.0,11000.0,42466.0
2019.04.05,10995.0,-85.0,11075.0,11075.0,10995.0,28759.0
2019.04.04,11080.0,40.0,11045.0,11095.0,11040.0,17674.0
2019.04.03,11040.0,35.0,11010.0,11105.0,11010.0,65111.0
2019.04.02,11005.0,-45.0,11000.0,11025.0,10975.0,31767.0
2019.04.01,11050.0,-5.0,11055.0,11100.0,11020.0,28213.0
2019.03.29,11055.0,-350.0,11445.0,11445.0,11000.0,102495.0
2019.03.28,11405.0,-30.0,11360.0,11410.0,11345.0,11018.0
2019.03.27,11435.0,-70.0,11505.0,11530.0,11430.0,28534.0
2019.03.26,11505.0,30.0,11550.0,11610.0,11500.0,44996.0
2019.03.25,11475.0,75.0,11540.0,11540.0,11420.0,33680.0
2019.03.22,11400.0,-105.0,11500.0,11500.0,11295.0,24382.0
2019.03.21,11505.0,200.0,11400.0,11540.0,11325.0,59797.0
2019.03.20,11305.0,-10.0,11330.0,11330.0,11265.0,21510.0
2019.03.19,11315.0,130.0,11195.0,11335.0,11195.0,42666.0
2019.03.18,11185.0,-75.0,11260.0,11260.0,11150.0,134592.0
2019.03.15,11260.0,-25.0,11275.0,11275.0,11145.0,31432.0
2019.03.14,11285.0,-45.0,11390.0,11390.0,11280.0,37372.0
2019.03.13,11330.0,155.0,11210.0,11340.0,11210.0,34819.0
2019.03.12,11175.0,-40.0,11195.0,11195.0,11115.0,19604.0
2019.03.11,11215.0,120.0,11140.0,11220.0,11105.0,31089.0
2019.03.08,11095.0,90.0,11040.0,11105.0,10990.0,32896.0
2019.03.07,11005.0,-55.0,11080.0,11080.0,10990.0,33520.0
2019.03.06,11060.0,55.0,11005.0,11075.0,11000.0,28237.0
2019.03.05,11005.0,-150.0,11160.0,11160.0,10985.0,50535.0
2019.03.04,11155.0,-420.0,11480.0,11480.0,11130.0,67503.0
2019.02.28,11575.0,-185.0,11740.0,11740.0,11540.0,37112.0
2019.02.27,11760.0,-10.0,11795.0,11800.0,11700.0,16446.0
2019.02.26,11770.0,-60.0,11760.0,11810.0,11725.0,31685.0
2019.02.25,11830.0,125.0,11715.0,11845.0,11715.0,37490.0
2019.02.22,11705.0,-245.0,11870.0,11870.0,11670.0,26639.0
2019.02.21,11950.0,-20.0,11955.0,11995.0,11895.0,41255.0
2019.02.20,11970.0,300.0,11875.0,12075.0,11870.0,167460.0
2019.02.19,11670.0,10.0,11705.0,11720.0,11660.0,60937.0
2019.02.18,11660.0,125.0,11600.0,11700.0,11385.0,77289.0
2019.02.15,11535.0,110.0,11435.0,11535.0,11435.0,31454.0
2019.02.14,11425.0,-70.0,11480.0,11480.0,11370.0,14733.0
2019.02.13,11495.0,65.0,11425.0,11560.0,11410.0,45046.0
2019.02.12,11430.0,-25.0,11430.0,11450.0,11380.0,17257.0
2019.02.11,11455.0,-30.0,11525.0,11535.0,11415.0,13567.0
2019.02.08,11485.0,80.0,11410.0,11510.0,11410.0,30762.0
2019.02.07,11405.0,-225.0,11325.0,11460.0,11325.0,25874.0
2019.02.01,11630.0,5.0,11625.0,11680.0,11595.0,53083.0
2019.01.31,11625.0,45.0,11635.0,11695.0,11610.0,65828.0
2019.01.30,11580.0,195.0,11425.0,11580.0,11425.0,87143.0
2019.01.29,11385.0,45.0,11320.0,11395.0,11320.0,17420.0
2019.01.28,11340.0,345.0,11145.0,11385.0,11145.0,109185.0
2019.01.25,10995.0,10.0,10995.0,11020.0,10975.0,10918.0
2019.01.24,10985.0,-80.0,11045.0,11090.0,10985.0,13253.0
2019.01.23,11065.0,125.0,10995.0,11105.0,10985.0,16182.0
2019.01.22,10940.0,-70.0,10935.0,10995.0,10925.0,29968.0
2019.01.21,11010.0,-155.0,11095.0,11095.0,11000.0,96693.0
2019.01.18,11165.0,-20.0,11185.0,11220.0,11155.0,8285.0
2019.01.17,11185.0,10.0,11190.0,11240.0,11175.0,84368.0
2019.01.16,11175.0,-25.0,11105.0,11190.0,11105.0,333575.0
2019.01.15,11200.0,-75.0,11270.0,11270.0,11175.0,21301.0
2019.01.14,11275.0,-10.0,11285.0,11295.0,11205.0,10267.0
2019.01.11,11285.0,35.0,11080.0,11295.0,11080.0,22408.0
2019.01.10,11250.0,180.0,11210.0,11290.0,11210.0,144004.0
2019.01.09,11070.0,-5.0,11075.0,11170.0,11070.0,36352.0
2019.01.08,11075.0,-195.0,11270.0,11270.0,11050.0,82971.0
2019.01.07,11270.0,-110.0,11100.0,11270.0,11075.0,110361.0
2019.01.04,11380.0,-490.0,11880.0,11895.0,11100.0,278504.0
2019.01.03,11870.0,510.0,11405.0,11900.0,11330.0,214107.0
2019.01.02,11360.0,350.0,11000.0,11385.0,10985.0,107461.0
2018.12.28,11010.0,95.0,10920.0,11020.0,10920.0,29041.0
2018.12.27,10915.0,-25.0,10850.0,10920.0,10840.0,84608.0
2018.12.26,10940.0,95.0,10880.0,11030.0,10870.0,140536.0
2018.12.24,10845.0,140.0,10700.0,10850.0,10685.0,47777.0
2018.12.21,10705.0,205.0,10665.0,10750.0,10625.0,83852.0
2018.12.20,10500.0,-65.0,10500.0,10500.0,10435.0,32782.0
2018.12.19,10565.0,40.0,10530.0,10575.0,10505.0,251130.0
2018.12.18,10525.0,155.0,10435.0,10535.0,10435.0,42068.0
2018.12.17,10370.0,-20.0,10405.0,10405.0,10345.0,21714.0
2018.12.14,10390.0,-110.0,10420.0,10485.0,10390.0,43900.0
2018.12.13,10500.0,60.0,10465.0,10515.0,10445.0,23111.0
2018.12.12,10440.0,-75.0,10435.0,10505.0,10435.0,41074.0
2018.12.11,10515.0,-60.0,10430.0,10535.0,10430.0,24213.0
2018.12.10,10575.0,145.0,10520.0,10625.0,10520.0,66007.0
2018.12.07,10430.0,40.0,10375.0,10430.0,10350.0,20428.0
2018.12.06,10390.0,20.0,10330.0,10425.0,10330.0,42163.0
2018.12.05,10370.0,-5.0,10375.0,10420.0,10330.0,42139.0
2018.12.04,10375.0,175.0,10270.0,10380.0,10245.0,36972.0
2018.12.03,10200.0,0.0,10195.0,10200.0,10120.0,13828.0
2018.11.30,10200.0,0.0,10125.0,10230.0,10125.0,21208.0
2018.11.29,10200.0,155.0,10085.0,10240.0,10085.0,22921.0
2018.11.28,10045.0,-145.0,10045.0,10055.0,10000.0,20001.0
2018.11.27,10190.0,-15.0,10205.0,10205.0,10120.0,24434.0
2018.11.26,10205.0,-30.0,10260.0,10260.0,10160.0,11378.0
2018.11.23,10235.0,20.0,10150.0,10250.0,10150.0,10118.0
2018.11.22,10215.0,70.0,10165.0,10225.0,10165.0,9228.0
2018.11.21,10145.0,-10.0,10190.0,10190.0,10105.0,7524.0
2018.11.20,10155.0,75.0,10110.0,10210.0,10110.0,19234.0
2018.11.19,10080.0,50.0,10125.0,10180.0,10030.0,7497.0
2018.11.16,10030.0,5.0,10045.0,10095.0,10010.0,12590.0
2018.11.15,10025.0,195.0,9985.0,10025.0,9910.0,20462.0
2018.11.14,9830.0,-65.0,9855.0,9895.0,9775.0,49128.0
2018.11.13,9895.0,-55.0,9900.0,9915.0,9825.0,39533.0
2018.11.12,9950.0,-195.0,10100.0,10100.0,9945.0,20081.0
2018.11.09,10145.0,-90.0,10235.0,10235.0,10120.0,93683.0
2018.11.08,10235.0,5.0,10235.0,10265.0,10180.0,17346.0
2018.11.07,10230.0,-75.0,10300.0,10350.0,10205.0,36823.0
2018.11.06,10305.0,-20.0,10270.0,10330.0,10255.0,13597.0
2018.11.05,10325.0,-5.0,10330.0,10395.0,10315.0,17032.0
2018.11.02,10330.0,210.0,10300.0,10455.0,10230.0,83115.0
2018.11.01,10120.0,-50.0,10110.0,10130.0,10055.0,36285.0
2018.10.31,10170.0,-110.0,10250.0,10250.0,10050.0,125165.0
2018.10.30,10280.0,-130.0,10370.0,10370.0,10270.0,183570.0
2018.10.29,10410.0,0.0,10400.0,10495.0,10360.0,150263.0
2018.10.26,10410.0,-70.0,10485.0,10485.0,10320.0,263066.0
2018.10.25,10480.0,100.0,10410.0,10480.0,10410.0,50695.0
2018.10.24,10380.0,95.0,10380.0,10425.0,10305.0,178949.0
2018.10.23,10285.0,-35.0,10290.0,10290.0,10230.0,90348.0
2018.10.22,10320.0,25.0,10295.0,10355.0,10295.0,172154.0
2018.10.19,10295.0,80.0,10215.0,10315.0,10215.0,58479.0
2018.10.18,10215.0,-25.0,10200.0,10265.0,10170.0,66125.0
2018.10.17,10240.0,-25.0,10205.0,10260.0,10195.0,79688.0
2018.10.16,10265.0,-15.0,10300.0,10315.0,10235.0,48229.0
2018.10.15,10280.0,115.0,10170.0,10280.0,10165.0,117350.0
2018.10.12,10165.0,385.0,10015.0,10180.0,10015.0,150231.0
2018.10.11,9780.0,20.0,9860.0,9860.0,9730.0,45477.0
2018.10.10,9760.0,-90.0,9840.0,9840.0,9700.0,26388.0
2018.10.08,9850.0,-10.0,9955.0,9955.0,9830.0,23424.0
2018.10.05,9860.0,0.0,9890.0,9915.0,9825.0,19454.0
2018.10.04,9860.0,80.0,9840.0,9885.0,9795.0,34976.0
2018.10.02,9780.0,50.0,9700.0,9785.0,9695.0,32322.0
2018.10.01,9730.0,60.0,9700.0,9795.0,9675.0,18641.0
2018.09.28,9670.0,-190.0,9750.0,9750.0,9640.0,78821.0
2018.09.27,9860.0,-190.0,9995.0,9995.0,9780.0,64192.0
2018.09.21,10050.0,50.0,10005.0,10095.0,10005.0,35779.0
2018.09.20,10000.0,45.0,9975.0,10040.0,9955.0,48656.0
2018.09.19,9955.0,65.0,9900.0,9960.0,9880.0,19743.0
2018.09.18,9890.0,30.0,9870.0,9950.0,9855.0,11538.0
2018.09.17,9860.0,-125.0,9840.0,9865.0,9765.0,22568.0
2018.09.14,9985.0,-20.0,9995.0,10010.0,9615.0,10349.0
2018.09.13,10005.0,150.0,9930.0,10045.0,9930.0,30352.0
2018.09.12,9855.0,-5.0,9915.0,9915.0,9810.0,10768.0
2018.09.11,9860.0,40.0,9835.0,9870.0,9815.0,20291.0
2018.09.10,9820.0,-150.0,9915.0,9985.0,9805.0,19804.0
2018.09.07,9970.0,80.0,9895.0,9995.0,9895.0,16217.0
2018.09.06,9890.0,75.0,9820.0,9950.0,9820.0,16649.0
2018.09.05,9815.0,-105.0,9850.0,9900.0,9795.0,32610.0
2018.09.04,9920.0,-55.0,9990.0,9990.0,9920.0,15024.0
2018.09.03,9975.0,-55.0,10190.0,10190.0,9890.0,32406.0
2018.08.31,10030.0,55.0,9950.0,10040.0,9930.0,17497.0
2018.08.30,9975.0,-40.0,10025.0,10080.0,9965.0,26693.0
2018.08.29,10015.0,-50.0,10030.0,10045.0,9965.0,22849.0
2018.08.28,10065.0,220.0,9890.0,10105.0,9890.0,113417.0
2018.08.27,9845.0,70.0,9950.0,10045.0,9795.0,80236.0
2018.08.24,9775.0,-85.0,9845.0,9845.0,9695.0,16851.0
2018.08.23,9860.0,-25.0,9885.0,9900.0,9815.0,21405.0
2018.08.22,9885.0,-20.0,9955.0,9960.0,9885.0,47724.0
2018.08.21,9905.0,160.0,9805.0,9905.0,9805.0,43002.0
2018.08.20,9745.0,100.0,9780.0,9780.0,9675.0,23454.0
2018.08.17,9645.0,-25.0,9675.0,9695.0,9515.0,68779.0
2018.08.16,9670.0,-230.0,9800.0,9800.0,9415.0,69253.0
2018.08.14,9900.0,-245.0,10100.0,10100.0,9845.0,52445.0
2018.08.13,10145.0,5.0,10180.0,10195.0,10105.0,34090.0
2018.08.10,10140.0,-75.0,10215.0,10220.0,10120.0,31432.0
2018.08.09,10215.0,0.0,10215.0,10275.0,10200.0,22330.0
2018.08.08,10215.0,10.0,10245.0,10245.0,10170.0,12057.0
2018.08.07,10205.0,-35.0,10155.0,10205.0,10135.0,11136.0
2018.08.06,10240.0,70.0,10245.0,10300.0,10175.0,20494.0
2018.08.03,10170.0,-180.0,10350.0,10350.0,10155.0,28683.0
2018.08.02,10350.0,-20.0,10475.0,10475.0,10300.0,16513.0
2018.08.01,10370.0,-15.0,10400.0,10435.0,10360.0,8200.0
2018.07.31,10385.0,15.0,10480.0,10480.0,10350.0,14214.0
2018.07.30,10370.0,-70.0,10515.0,10515.0,10350.0,19063.0
2018.07.27,10440.0,-60.0,10500.0,10500.0,10400.0,20212.0
2018.07.26,10500.0,20.0,10595.0,10630.0,10490.0,20663.0
2018.07.25,10480.0,115.0,10465.0,10495.0,10410.0,9119.0
2018.07.24,10365.0,-185.0,10550.0,10550.0,10360.0,24688.0
2018.07.23,10550.0,120.0,10545.0,10645.0,10545.0,53678.0
2018.07.20,10430.0,-15.0,10530.0,10530.0,10320.0,18243.0
2018.07.19,10445.0,-15.0,10545.0,10545.0,10430.0,8504.0
2018.07.18,10460.0,-280.0,10630.0,10630.0,10450.0,36319.0
2018.07.17,10740.0,-145.0,10885.0,10885.0,10680.0,22228.0
2018.07.16,10885.0,55.0,10900.0,10900.0,10825.0,2816.0
2018.07.13,10830.0,40.0,10790.0,10855.0,10790.0,6883.0
2018.07.12,10790.0,-160.0,10870.0,10870.0,10770.0,14566.0
2018.07.11,10950.0,-100.0,11030.0,11030.0,10910.0,12439.0
2018.07.10,11050.0,-25.0,10985.0,11075.0,10985.0,3144.0
2018.07.09,11075.0,20.0,11100.0,11100.0,11035.0,10464.0
2018.07.06,11055.0,30.0,11065.0,11070.0,10985.0,20248.0
2018.07.05,11025.0,-25.0,10980.0,11065.0,10980.0,28527.0
2018.07.04,11050.0,310.0,10885.0,11095.0,10840.0,20169.0
2018.07.03,10740.0,-165.0,10880.0,10880.0,10690.0,22311.0
2018.07.02,10905.0,-70.0,11020.0,11020.0,10900.0,21683.0
2018.06.29,10975.0,5.0,10910.0,10975.0,10825.0,43850.0
2018.06.28,10970.0,-70.0,11025.0,11025.0,10950.0,15446.0
2018.06.27,11040.0,-140.0,11155.0,11155.0,11010.0,20095.0
2018.06.26,11180.0,-20.0,11200.0,11245.0,11165.0,10926.0
2018.06.25,11200.0,-70.0,11270.0,11330.0,11200.0,10973.0
2018.06.22,11270.0,115.0,11210.0,11280.0,11175.0,14778.0
2018.06.21,11155.0,-230.0,11385.0,11390.0,11155.0,24621.0
2018.06.20,11385.0,-135.0,11500.0,11500.0,11360.0,27295.0
2018.06.19,11520.0,30.0,11500.0,11695.0,11500.0,34846.0
2018.06.18,11490.0,-305.0,11550.0,11550.0,11470.0,27201.0
2018.06.15,11795.0,-10.0,11840.0,11895.0,11790.0,29298.0
2018.06.14,11805.0,5.0,11800.0,11835.0,11755.0,19312.0
2018.06.12,11800.0,-15.0,11815.0,11850.0,11770.0,11199.0
2018.06.11,11815.0,15.0,11850.0,11850.0,11785.0,13062.0
2018.06.08,11800.0,-10.0,11830.0,11830.0,11770.0,18656.0
2018.06.07,11810.0,85.0,11725.0,11820.0,11725.0,14131.0
2018.06.05,11725.0,-5.0,11755.0,11755.0,11665.0,14651.0
2018.06.04,11730.0,-150.0,11865.0,11865.0,11700.0,21313.0
2018.06.01,11880.0,-55.0,11935.0,11935.0,11820.0,13214.0
2018.05.31,11935.0,60.0,11880.0,11935.0,11870.0,16632.0
2018.05.30,11875.0,25.0,11860.0,11925.0,11825.0,27688.0
2018.05.29,11850.0,80.0,11785.0,11895.0,11785.0,25931.0
2018.05.28,11770.0,-125.0,11800.0,11880.0,11755.0,20605.0
2018.05.25,11895.0,80.0,11950.0,11980.0,11860.0,35683.0
2018.05.24,11815.0,70.0,11745.0,11845.0,11745.0,20499.0
2018.05.23,11745.0,90.0,11735.0,11800.0,11670.0,15725.0
2018.05.21,11655.0,-110.0,11880.0,11880.0,11645.0,24299.0
2018.05.18,11765.0,30.0,11735.0,11770.0,11710.0,18688.0
2018.05.17,11735.0,-90.0,11825.0,11825.0,11735.0,47427.0
2018.05.16,11825.0,-300.0,11890.0,11890.0,11655.0,95356.0
2018.05.15,12125.0,-130.0,12250.0,12250.0,12120.0,13963.0
2018.05.14,12255.0,40.0,12220.0,12305.0,12190.0,6196.0
2018.05.11,12215.0,100.0,12200.0,12295.0,12185.0,20263.0
2018.05.10,12115.0,40.0,12075.0,12145.0,12075.0,5765.0
2018.05.09,12075.0,-110.0,12240.0,12240.0,12060.0,13713.0
2018.05.08,12185.0,-50.0,12265.0,12300.0,12135.0,34569.0
2018.05.04,12235.0,140.0,12115.0,12270.0,12115.0,53793.0
2018.05.03,12095.0,10.0,12100.0,12175.0,11970.0,35871.0
2018.05.02,12085.0,-205.0,12180.0,12200.0,11940.0,31560.0
2018.04.30,12290.0,45.0,12400.0,12400.0,12230.0,30447.0
2018.04.27,12245.0,-155.0,12455.0,12455.0,12235.0,23826.0
2018.04.26,12400.0,-10.0,12370.0,12400.0,12315.0,7937.0
2018.04.25,12410.0,-50.0,12530.0,12530.0,12405.0,13964.0
2018.04.24,12460.0,-130.0,12565.0,12565.0,12200.0,21387.0
2018.04.23,12590.0,-170.0,12695.0,12695.0,12555.0,13699.0
2018.04.20,12760.0,-130.0,12890.0,12890.0,12710.0,5322.0
2018.04.19,12890.0,90.0,12840.0,12900.0,12785.0,22492.0
2018.04.18,12800.0,-15.0,12840.0,12840.0,12720.0,6159.0
2018.04.17,12815.0,0.0,12740.0,12870.0,12740.0,9285.0
2018.04.16,12815.0,115.0,12705.0,12820.0,12690.0,10910.0
2018.04.13,12700.0,-120.0,12670.0,12700.0,12565.0,6369.0
2018.04.12,12820.0,70.0,12800.0,12930.0,12800.0,18342.0
2018.04.11,12750.0,210.0,12550.0,12775.0,12550.0,14771.0
2018.04.10,12540.0,-55.0,12605.0,12700.0,12500.0,11039.0
2018.04.09,12595.0,105.0,12545.0,12610.0,12490.0,7766.0
2018.04.06,12490.0,-45.0,12515.0,12590.0,12475.0,14658.0
2018.04.05,12535.0,-110.0,12575.0,12645.0,12500.0,19797.0
2018.04.04,12645.0,-105.0,12700.0,12740.0,12540.0,13104.0
2018.04.03,12750.0,65.0,12710.0,12820.0,12660.0,28531.0
2018.04.02,12685.0,145.0,12500.0,12690.0,12500.0,8784.0
2018.03.30,12540.0,20.0,12510.0,12595.0,12465.0,18969.0
2018.03.29,12520.0,-300.0,12890.0,12890.0,12480.0,12719.0
2018.03.28,12820.0,-140.0,13000.0,13000.0,12775.0,15703.0
2018.03.27,12960.0,75.0,12950.0,13010.0,12945.0,49033.0
2018.03.26,12885.0,115.0,12840.0,12970.0,12840.0,26417.0
2018.03.23,12770.0,265.0,12590.0,12795.0,12590.0,52375.0
2018.03.22,12505.0,230.0,12455.0,12700.0,12455.0,39306.0
2018.03.21,12275.0,30.0,12240.0,12335.0,12240.0,45379.0
2018.03.20,12245.0,30.0,12345.0,12345.0,12235.0,1912.0
2018.03.19,12215.0,-175.0,12375.0,12390.0,12150.0,41326.0
2018.03.16,12390.0,-65.0,12315.0,12395.0,12300.0,15893.0
2018.03.15,12455.0,-95.0,12590.0,12590.0,12450.0,25179.0
2018.03.14,12550.0,90.0,12390.0,12550.0,12390.0,6643.0
2018.03.13,12460.0,40.0,12420.0,12495.0,12380.0,46595.0
2018.03.12,12420.0,10.0,12365.0,12450.0,12345.0,18055.0
2018.03.09,12410.0,-140.0,12450.0,12500.0,12360.0,18475.0
2018.03.08,12550.0,-40.0,12590.0,12590.0,12420.0,17777.0
2018.03.07,12590.0,175.0,12765.0,12765.0,12550.0,58563.0
2018.03.06,12415.0,50.0,12365.0,12480.0,12315.0,16694.0
2018.03.05,12365.0,-25.0,12615.0,12615.0,12300.0,61008.0
2018.03.02,12390.0,-40.0,12380.0,12445.0,12380.0,49908.0
2018.02.28,12430.0,-315.0,12515.0,12550.0,12405.0,31893.0
2018.02.27,12745.0,-55.0,12815.0,12815.0,12700.0,15279.0
2018.02.26,12800.0,145.0,12640.0,12815.0,12590.0,10934.0
2018.02.23,12655.0,100.0,12600.0,12665.0,12595.0,5264.0
2018.02.22,12555.0,-80.0,12625.0,12625.0,12505.0,11973.0
2018.02.21,12635.0,-415.0,12935.0,12935.0,12580.0,17035.0
2018.02.20,13050.0,100.0,12835.0,13205.0,12830.0,64969.0
2018.02.19,12950.0,285.0,12855.0,13020.0,12855.0,28597.0
2018.02.14,12665.0,65.0,12645.0,12765.0,12620.0,14931.0
2018.02.13,12600.0,55.0,12545.0,12600.0,12450.0,20147.0
2018.02.12,12545.0,115.0,12430.0,12650.0,12395.0,20425.0
2018.02.09,12430.0,80.0,12595.0,12595.0,12355.0,67023.0
2018.02.08,12350.0,-330.0,12645.0,12645.0,12310.0,47957.0
2018.02.07,12680.0,-255.0,12655.0,12710.0,12585.0,33508.0
2018.02.06,12935.0,275.0,12700.0,13000.0,12700.0,23193.0
2018.02.05,12660.0,-265.0,12700.0,12740.0,12585.0,26397.0
2018.02.02,12925.0,40.0,12920.0,13020.0,12920.0,37123.0
2018.02.01,12885.0,-30.0,12925.0,12995.0,12885.0,28510.0
2018.01.31,12915.0,115.0,12800.0,12950.0,12800.0,14299.0
2018.01.30,12800.0,-230.0,12830.0,12930.0,12785.0,76043.0
2018.01.29,13030.0,-170.0,13200.0,13200.0,13000.0,31052.0
2018.01.26,13200.0,-135.0,13295.0,13295.0,12995.0,18261.0
2018.01.25,13335.0,405.0,13070.0,13385.0,13070.0,82605.0
2018.01.24,12930.0,145.0,12810.0,12930.0,12810.0,35179.0
2018.01.23,12785.0,105.0,12710.0,12785.0,12710.0,8257.0
2018.01.22,12680.0,-70.0,12850.0,12850.0,12665.0,30469.0
2018.01.19,12750.0,105.0,12655.0,12765.0,12630.0,18184.0
2018.01.18,12645.0,-145.0,12775.0,12775.0,12380.0,33334.0
2018.01.17,12790.0,-115.0,12905.0,12960.0,12790.0,29660.0
2018.01.16,12905.0,-40.0,12945.0,12950.0,12835.0,31858.0
2018.01.15,12945.0,260.0,12720.0,12945.0,12720.0,70159.0
2018.01.12,12685.0,190.0,12530.0,12700.0,12530.0,44668.0
2018.01.11,12495.0,205.0,12410.0,12530.0,12410.0,42608.0
2018.01.10,12290.0,-210.0,12480.0,12485.0,12200.0,60136.0
2018.01.09,12500.0,80.0,12350.0,12520.0,12300.0,82363.0
2018.01.08,12420.0,-45.0,12465.0,12575.0,12380.0,51341.0
2018.01.05,12465.0,145.0,12360.0,12550.0,12355.0,280963.0
2018.01.04,12320.0,115.0,12200.0,12350.0,12195.0,60819.0
2018.01.03,12205.0,115.0,12155.0,12305.0,12110.0,233151.0
2018.01.02,12090.0,55.0,12100.0,12120.0,11875.0,44554.0
2017.12.28,12035.0,200.0,11845.0,12100.0,11845.0,77153.0
2017.12.27,11835.0,180.0,11700.0,11885.0,11700.0,69447.0
2017.12.26,11655.0,10.0,11710.0,11720.0,11570.0,41769.0
2017.12.22,11645.0,55.0,11595.0,11655.0,11575.0,21472.0
2017.12.21,11590.0,0.0,11600.0,11670.0,11590.0,27981.0
2017.12.20,11590.0,30.0,11560.0,11615.0,11550.0,20844.0
2017.12.19,11560.0,80.0,11595.0,11595.0,11490.0,18219.0
2017.12.18,11480.0,35.0,11445.0,11480.0,11380.0,29617.0
2017.12.15,11445.0,-45.0,11540.0,11540.0,11415.0,27495.0
2017.12.14,11490.0,270.0,11415.0,11505.0,11405.0,44259.0
2017.12.13,11220.0,-30.0,11210.0,11250.0,11200.0,28603.0
2017.12.12,11250.0,-95.0,11335.0,11335.0,11220.0,26782.0
2017.12.11,11345.0,0.0,11445.0,11495.0,11310.0,21665.0
2017.12.08,11345.0,-185.0,11430.0,11430.0,11305.0,34775.0
2017.12.07,11530.0,-145.0,11675.0,11675.0,11525.0,36435.0
2017.12.06,11675.0,-115.0,11780.0,11780.0,11625.0,25910.0
2017.12.05,11790.0,-10.0,11815.0,11835.0,11790.0,10258.0
2017.12.04,11800.0,-15.0,11820.0,11835.0,11800.0,12730.0
2017.12.01,11815.0,-165.0,11850.0,11950.0,11750.0,35598.0
2017.11.30,11980.0,-190.0,12100.0,12100.0,11965.0,47098.0
2017.11.29,12170.0,35.0,12130.0,12180.0,12105.0,59766.0
2017.11.28,12135.0,10.0,12125.0,12180.0,12125.0,54494.0
2017.11.27,12125.0,-10.0,12135.0,12135.0,12040.0,26643.0
2017.11.24,12135.0,25.0,12095.0,12140.0,12095.0,20775.0
2017.11.23,12110.0,145.0,12100.0,12150.0,12085.0,51888.0
2017.11.22,11965.0,20.0,11950.0,11985.0,11895.0,25969.0
2017.11.21,11945.0,-180.0,12000.0,12000.0,11900.0,49422.0
2017.11.20,12125.0,175.0,12120.0,12150.0,12080.0,55174.0
2017.11.17,11950.0,95.0,11850.0,11975.0,11850.0,15634.0
2017.11.16,11855.0,-65.0,11910.0,11915.0,11845.0,24794.0
2017.11.15,11920.0,50.0,11855.0,11985.0,11855.0,31739.0
2017.11.14,11870.0,-30.0,11900.0,11900.0,11845.0,17037.0
2017.11.13,11900.0,-125.0,11930.0,11930.0,11850.0,30763.0
2017.11.10,12025.0,70.0,12000.0,12055.0,11980.0,50306.0
2017.11.09,11955.0,80.0,11930.0,11960.0,11890.0,19368.0
2017.11.08,11875.0,0.0,11915.0,11915.0,11830.0,12544.0
2017.11.07,11875.0,135.0,11895.0,11910.0,11835.0,36551.0
2017.11.06,11740.0,-145.0,11820.0,11820.0,11645.0,35291.0
2017.11.03,11885.0,-15.0,11970.0,11970.0,11850.0,16325.0
2017.11.02,11900.0,60.0,11930.0,11930.0,11850.0,20344.0
2017.11.01,11840.0,-45.0,11765.0,11845.0,11730.0,19925.0
2017.10.31,11885.0,115.0,11850.0,11885.0,11780.0,28357.0
2017.10.30,11770.0,55.0,11755.0,11780.0,11740.0,17754.0
2017.10.27,11715.0,-235.0,11870.0,11870.0,11710.0,84729.0
2017.10.26,11950.0,90.0,11950.0,11980.0,11910.0,19061.0
2017.10.25,11860.0,-115.0,11970.0,11970.0,11825.0,53126.0
2017.10.24,11975.0,85.0,12030.0,12030.0,11955.0,24399.0
2017.10.23,11890.0,-75.0,11830.0,11905.0,11820.0,25989.0
2017.10.20,11965.0,40.0,12160.0,12160.0,11965.0,29588.0
2017.10.19,11925.0,-100.0,12010.0,12020.0,11910.0,57294.0
2017.10.18,12025.0,-195.0,12150.0,12190.0,12025.0,74214.0
2017.10.17,12220.0,-185.0,12375.0,12375.0,12210.0,74297.0
2017.10.16,12405.0,85.0,12400.0,12445.0,12390.0,32031.0
2017.10.13,12320.0,0.0,12330.0,12345.0,12260.0,27526.0
2017.10.12,12320.0,130.0,12240.0,12320.0,12220.0,42251.0
2017.10.11,12190.0,50.0,12200.0,12230.0,12145.0,38638.0
2017.10.10,12140.0,0.0,12120.0,12170.0,12060.0,23901.0
2017.09.29,12140.0,110.0,12100.0,12175.0,12100.0,20790.0
2017.09.28,12030.0,-260.0,12220.0,12225.0,11980.0,59811.0
2017.09.27,12290.0,-320.0,12435.0,12550.0,12200.0,45078.0
2017.09.26,12610.0,320.0,12500.0,12620.0,12500.0,31348.0
2017.09.25,12290.0,-65.0,12350.0,12355.0,12235.0,19356.0
2017.09.22,12355.0,-60.0,12255.0,12415.0,12240.0,30445.0
2017.09.21,12415.0,-270.0,12500.0,12680.0,12280.0,19156.0
2017.09.20,12685.0,175.0,12545.0,12685.0,12545.0,30812.0
2017.09.19,12510.0,-320.0,12740.0,12800.0,12510.0,28268.0
2017.09.18,12830.0,-105.0,12740.0,12860.0,12700.0,52072.0
2017.09.15,12935.0,150.0,12965.0,13010.0,12920.0,20630.0
2017.09.14,12785.0,-205.0,12760.0,12835.0,12745.0,57234.0
2017.09.13,12990.0,90.0,12930.0,12990.0,12930.0,30707.0
2017.09.12,12900.0,-245.0,13080.0,13080.0,12835.0,29954.0
2017.09.11,13145.0,-295.0,13420.0,13420.0,13090.0,52028.0
2017.09.08,13440.0,375.0,13285.0,13520.0,13285.0,84211.0
2017.09.07,13065.0,-60.0,13025.0,13125.0,13020.0,73920.0
2017.09.06,13125.0,-40.0,13190.0,13250.0,12880.0,254293.0
2017.09.05,13165.0,-35.0,13255.0,13255.0,13045.0,27328.0
2017.09.04,13200.0,405.0,13020.0,13205.0,12965.0,97943.0
2017.09.01,12795.0,320.0,12770.0,12830.0,12765.0,55706.0
2017.08.31,12475.0,-95.0,12570.0,12570.0,12420.0,34657.0
2017.08.30,12570.0,-175.0,12600.0,12680.0,12550.0,90786.0
2017.08.29,12745.0,450.0,12570.0,12775.0,12570.0,206764.0
2017.08.28,12295.0,80.0,12345.0,12345.0,12245.0,117262.0
2017.08.25,12215.0,-10.0,12200.0,12240.0,12170.0,31010.0
2017.08.24,12225.0,60.0,12185.0,12270.0,12185.0,72502.0
2017.08.23,12165.0,-25.0,12055.0,12185.0,12055.0,40894.0
2017.08.22,12190.0,10.0,12250.0,12270.0,12190.0,24364.0
2017.08.21,12180.0,-25.0,12080.0,12205.0,12080.0,17750.0
2017.08.18,12205.0,10.0,12195.0,12270.0,12195.0,42009.0
2017.08.17,12195.0,295.0,12080.0,12250.0,12080.0,93901.0
2017.08.16,11900.0,-340.0,11960.0,11960.0,11850.0,86254.0
2017.08.14,12240.0,-45.0,12135.0,12260.0,12135.0,83937.0
2017.08.11,12285.0,230.0,12150.0,12315.0,12150.0,223270.0
2017.08.10,12055.0,190.0,11935.0,12065.0,11925.0,123745.0
2017.08.09,11865.0,120.0,11840.0,11895.0,11780.0,46272.0
2017.08.08,11745.0,10.0,11845.0,11845.0,11700.0,17960.0
2017.08.07,11735.0,-150.0,11800.0,11800.0,11670.0,33821.0
2017.08.04,11885.0,120.0,11850.0,11945.0,11850.0,28765.0
2017.08.03,11765.0,-85.0,11705.0,11845.0,11505.0,66373.0
2017.08.02,11850.0,-45.0,11825.0,11935.0,11810.0,33648.0
2017.08.01,11895.0,30.0,11855.0,11945.0,11855.0,84470.0
2017.07.31,11865.0,120.0,11860.0,11910.0,11850.0,111503.0
2017.07.28,11745.0,-30.0,11760.0,11760.0,11675.0,41413.0
2017.07.27,11775.0,305.0,11610.0,11800.0,11610.0,249847.0
2017.07.26,11470.0,-225.0,11665.0,11665.0,11355.0,63576.0
2017.07.25,11695.0,50.0,11640.0,11700.0,11560.0,89677.0
2017.07.24,11645.0,110.0,11615.0,11700.0,11610.0,190616.0
2017.07.21,11535.0,165.0,11450.0,11540.0,11420.0,72140.0
2017.07.20,11370.0,-75.0,11445.0,11445.0,11365.0,22133.0
2017.07.19,11445.0,55.0,11460.0,11495.0,11355.0,88255.0
2017.07.18,11390.0,215.0,11300.0,11395.0,11260.0,77538.0
2017.07.17,11175.0,80.0,11270.0,11270.0,11175.0,97573.0
2017.07.14,11095.0,-100.0,11200.0,11200.0,11035.0,63964.0
2017.07.13,11195.0,75.0,11190.0,11195.0,11065.0,84404.0
2017.07.12,11120.0,190.0,11025.0,11120.0,11025.0,88334.0
2017.07.11,10930.0,30.0,11005.0,11005.0,10915.0,52655.0
2017.07.10,10900.0,-220.0,11090.0,11095.0,10900.0,114664.0
2017.07.07,11120.0,-155.0,11275.0,11275.0,11090.0,110163.0
2017.07.06,11275.0,55.0,11350.0,11350.0,11230.0,57370.0
2017.07.05,11220.0,-15.0,11350.0,11350.0,11200.0,161987.0
2017.07.04,11235.0,-190.0,11300.0,11300.0,11165.0,186714.0
2017.07.03,11425.0,-140.0,11560.0,11560.0,11415.0,56191.0
2017.06.30,11565.0,-105.0,11620.0,11620.0,11525.0,36632.0
2017.06.29,11670.0,20.0,11700.0,11700.0,11610.0,21123.0
2017.06.28,11650.0,25.0,11625.0,11680.0,11570.0,34898.0
2017.06.27,11625.0,-105.0,11565.0,11635.0,11500.0,102078.0
2017.06.26,11730.0,-5.0,11890.0,11890.0,11725.0,31100.0
2017.06.23,11735.0,30.0,11705.0,11740.0,11665.0,42711.0
2017.06.22,11705.0,100.0,11665.0,11900.0,11665.0,60471.0
2017.06.21,11605.0,-20.0,11560.0,11630.0,11560.0,35825.0
2017.06.20,11625.0,-100.0,11665.0,11665.0,11545.0,46798.0
2017.06.19,11725.0,-35.0,11720.0,11790.0,11695.0,17104.0
2017.06.16,11760.0,-175.0,11845.0,11935.0,11720.0,52598.0
2017.06.15,11935.0,-140.0,11985.0,12005.0,11930.0,54017.0
2017.06.14,12075.0,125.0,11955.0,12095.0,11955.0,24221.0
2017.06.13,11950.0,-75.0,11985.0,12000.0,11925.0,41139.0
2017.06.12,12025.0,-95.0,12020.0,12045.0,11970.0,27424.0
2017.06.09,12120.0,-300.0,12280.0,12280.0,12090.0,38903.0
2017.06.08,12420.0,0.0,12300.0,12420.0,12265.0,45151.0
2017.06.07,12420.0,220.0,12405.0,12465.0,12345.0,90152.0
2017.06.05,12200.0,375.0,12065.0,12225.0,12045.0,100196.0
2017.06.02,11825.0,-85.0,11835.0,11910.0,11790.0,34432.0
2017.06.01,11910.0,15.0,12000.0,12000.0,11910.0,22845.0
2017.05.31,11895.0,-105.0,11920.0,11920.0,11845.0,23646.0
2017.05.30,12000.0,125.0,11975.0,12015.0,11950.0,46436.0
2017.05.29,11875.0,35.0,12000.0,12000.0,11855.0,28925.0
2017.05.26,11840.0,15.0,11800.0,11840.0,11660.0,27365.0
2017.05.25,11825.0,175.0,11790.0,11850.0,11725.0,61598.0
2017.05.24,11650.0,-235.0,11690.0,11750.0,11615.0,63203.0
2017.05.23,11885.0,145.0,11900.0,11920.0,11860.0,59756.0
2017.05.22,11740.0,20.0,11825.0,11825.0,11705.0,52682.0
2017.05.19,11720.0,-120.0,11630.0,11810.0,11630.0,37065.0
2017.05.18,11840.0,220.0,11830.0,11930.0,11800.0,106002.0
2017.05.17,11620.0,175.0,11545.0,11625.0,11520.0,56154.0
2017.05.16,11445.0,60.0,11400.0,11455.0,11340.0,53053.0
2017.05.15,11385.0,65.0,11450.0,11450.0,11280.0,80586.0
2017.05.12,11320.0,100.0,11325.0,11350.0,11240.0,124263.0
2017.05.11,11220.0,10.0,11250.0,11315.0,11100.0,62741.0
2017.05.10,11210.0,-95.0,11380.0,11380.0,11185.0,45215.0
2017.05.08,11305.0,-330.0,11560.0,11610.0,11300.0,71277.0
2017.05.04,11635.0,-185.0,11730.0,11730.0,11595.0,46842.0
2017.05.02,11820.0,-195.0,11945.0,11945.0,11810.0,46067.0
2017.04.28,12015.0,0.0,11995.0,12025.0,11960.0,24835.0
2017.04.27,12015.0,40.0,12000.0,12075.0,12000.0,46180.0
2017.04.26,11975.0,-125.0,11950.0,12000.0,11885.0,50290.0
2017.04.25,12100.0,-70.0,12170.0,12295.0,12100.0,52383.0
2017.04.24,12170.0,-130.0,12180.0,12260.0,12060.0,63028.0
2017.04.21,12300.0,-10.0,12225.0,12315.0,12225.0,33399.0
2017.04.20,12310.0,-55.0,12225.0,12385.0,12225.0,42514.0
2017.04.19,12365.0,-20.0,12450.0,12500.0,12365.0,54799.0
2017.04.18,12385.0,25.0,12340.0,12405.0,12245.0,66863.0
2017.04.17,12360.0,15.0,12515.0,12535.0,12360.0,64829.0
2017.04.14,12345.0,-55.0,12480.0,12480.0,12290.0,33894.0
2017.04.13,12400.0,235.0,12350.0,12460.0,12350.0,81360.0
2017.04.12,12165.0,305.0,12125.0,12275.0,12120.0,158251.0
2017.04.11,11860.0,-5.0,11840.0,11870.0,11785.0,30312.0
2017.04.10,11865.0,-130.0,11975.0,11975.0,11780.0,65014.0
2017.04.07,11995.0,210.0,11785.0,12080.0,11745.0,99754.0
2017.04.06,11785.0,-45.0,11860.0,11880.0,11770.0,22836.0
2017.04.05,11830.0,-20.0,11790.0,11850.0,11790.0,37009.0
2017.04.04,11850.0,210.0,11750.0,11850.0,11750.0,65533.0
2017.04.03,11640.0,5.0,11700.0,11740.0,11640.0,15397.0
2017.03.31,11635.0,-150.0,11610.0,11685.0,11570.0,64072.0
2017.03.30,11785.0,30.0,11885.0,11885.0,11730.0,51667.0
2017.03.29,11755.0,-50.0,11790.0,11790.0,11615.0,31988.0
2017.03.28,11805.0,-115.0,11820.0,11885.0,11785.0,69125.0
2017.03.27,11920.0,310.0,11760.0,11930.0,11760.0,97756.0
2017.03.24,11610.0,-90.0,11685.0,11690.0,11600.0,90260.0
2017.03.23,11700.0,15.0,11670.0,11700.0,11640.0,71756.0
2017.03.22,11685.0,300.0,11575.0,11690.0,11570.0,82425.0
2017.03.21,11385.0,-65.0,11500.0,11505.0,11330.0,52723.0
2017.03.20,11450.0,100.0,11380.0,11495.0,11380.0,123239.0
2017.03.17,11350.0,15.0,11365.0,11365.0,11300.0,35013.0
2017.03.16,11335.0,390.0,11190.0,11340.0,11170.0,108105.0
2017.03.15,10945.0,45.0,10990.0,11000.0,10860.0,49620.0
2017.03.14,10900.0,-40.0,10800.0,10960.0,10800.0,78428.0
2017.03.13,10940.0,120.0,10950.0,11010.0,10915.0,96464.0
2017.03.10,10820.0,-140.0,10890.0,10890.0,10800.0,93821.0
2017.03.09,10960.0,-185.0,11040.0,11045.0,10930.0,101595.0
2017.03.08,11145.0,-175.0,11065.0,11200.0,11065.0,65191.0
2017.03.07,11320.0,-110.0,11400.0,11400.0,11260.0,85101.0
2017.03.06,11430.0,20.0,11455.0,11500.0,11415.0,63302.0
2017.03.03,11410.0,-275.0,11405.0,11495.0,11400.0,139386.0
2017.03.02,11685.0,-200.0,11775.0,11780.0,11675.0,77810.0
2017.02.28,11885.0,-35.0,11870.0,11900.0,11830.0,37831.0
2017.02.27,11920.0,120.0,11725.0,11935.0,11725.0,88264.0
2017.02.24,11800.0,250.0,11740.0,11800.0,11700.0,142115.0
2017.02.23,11550.0,50.0,11515.0,11585.0,11515.0,48516.0
2017.02.22,11500.0,10.0,11490.0,11575.0,11490.0,81739.0
2017.02.21,11490.0,-50.0,11575.0,11585.0,11490.0,57020.0
2017.02.20,11540.0,-70.0,11610.0,11620.0,11535.0,60108.0
2017.02.17,11610.0,75.0,11620.0,11660.0,11590.0,44662.0
2017.02.16,11535.0,155.0,11490.0,11580.0,11465.0,107611.0
2017.02.15,11380.0,-110.0,11430.0,11430.0,11365.0,76998.0
2017.02.14,11490.0,15.0,11310.0,11490.0,11310.0,86883.0
2017.02.13,11475.0,105.0,11435.0,11515.0,11430.0,117685.0
2017.02.10,11370.0,-345.0,11585.0,11585.0,11345.0,184274.0
2017.02.09,11715.0,145.0,11640.0,11720.0,11640.0,99496.0
2017.02.08,11570.0,-10.0,11575.0,11595.0,11475.0,129273.0
2017.02.07,11580.0,185.0,11500.0,11600.0,11480.0,114938.0
2017.02.06,11395.0,185.0,11300.0,11425.0,11290.0,99562.0
2017.02.03,11210.0,-25.0,11225.0,11275.0,11180.0,78175.0
2017.02.02,11235.0,150.0,11090.0,11260.0,11090.0,125479.0
2017.02.01,11085.0,20.0,11280.0,11280.0,11085.0,81122.0
2017.01.31,11065.0,165.0,11050.0,11110.0,10900.0,67823.0
2017.01.26,10900.0,-95.0,10855.0,11000.0,10855.0,118811.0
2017.01.25,10995.0,-215.0,11145.0,11145.0,10980.0,78989.0
2017.01.24,11210.0,-40.0,11275.0,11290.0,11210.0,75049.0
2017.01.23,11250.0,155.0,11135.0,11285.0,11135.0,115975.0
2017.01.20,11095.0,95.0,10935.0,11115.0,10935.0,50742.0
2017.01.19,11000.0,-190.0,11030.0,11060.0,10930.0,121730.0
2017.01.18,11190.0,40.0,11200.0,11285.0,11190.0,110294.0
2017.01.17,11150.0,80.0,11065.0,11195.0,11020.0,97091.0
2017.01.16,11070.0,200.0,10925.0,11070.0,10925.0,132049.0
2017.01.13,10870.0,-85.0,10950.0,10950.0,10805.0,107590.0
2017.01.12,10955.0,190.0,10800.0,10955.0,10800.0,129146.0
2017.01.11,10765.0,25.0,10850.0,10850.0,10690.0,122546.0
2017.01.10,10740.0,285.0,10615.0,10740.0,10465.0,129803.0
2017.01.09,10455.0,-155.0,10500.0,10615.0,10400.0,122191.0
2017.01.06,10610.0,25.0,10700.0,10720.0,10600.0,161089.0
2017.01.05,10585.0,150.0,10410.0,10595.0,10410.0,178979.0
2017.01.04,10435.0,200.0,10315.0,10435.0,10230.0,98667.0
2017.01.03,10235.0,-65.0,10380.0,10380.0,10200.0,110838.0
2017.01.02,10300.0,120.0,10250.0,10390.0,10250.0,55726.0
2016.12.29,10180.0,75.0,10140.0,10230.0,10135.0,140974.0
2016.12.28,10105.0,100.0,10090.0,10105.0,10025.0,54767.0
2016.12.27,10005.0,-15.0,10045.0,10045.0,9965.0,31713.0
2016.12.26,10020.0,70.0,10090.0,10090.0,9995.0,31148.0
2016.12.23,9950.0,50.0,9850.0,10150.0,9850.0,31653.0
2016.12.22,9900.0,-95.0,9985.0,9995.0,9885.0,74553.0
2016.12.21,9995.0,-110.0,10000.0,10090.0,9980.0,85387.0
2016.12.20,10105.0,25.0,10120.0,10135.0,10045.0,32822.0
2016.12.19,10080.0,175.0,9990.0,10100.0,9950.0,64302.0
2016.12.16,9905.0,-180.0,10020.0,10020.0,9815.0,136907.0
2016.12.15,10085.0,-365.0,10330.0,10330.0,10080.0,209737.0
2016.12.14,10450.0,50.0,10400.0,10475.0,10355.0,73211.0
2016.12.13,10400.0,40.0,10410.0,10460.0,10385.0,18490.0
2016.12.12,10360.0,-185.0,10420.0,10420.0,10295.0,48426.0
2016.12.09,10545.0,-90.0,10600.0,10605.0,10485.0,31572.0
2016.12.08,10635.0,145.0,10600.0,10670.0,10600.0,21930.0
2016.12.07,10490.0,-90.0,10615.0,10615.0,10470.0,36592.0
2016.12.06,10580.0,-135.0,10735.0,10735.0,10520.0,92501.0
2016.12.05,10715.0,-120.0,10950.0,11000.0,10620.0,62773.0
2016.12.02,10835.0,125.0,10800.0,10835.0,10630.0,57781.0
2016.12.01,10710.0,-160.0,10700.0,10710.0,10455.0,61385.0
2016.11.30,10870.0,-105.0,10950.0,10975.0,10820.0,27585.0
2016.11.29,10975.0,30.0,11090.0,11090.0,10935.0,25057.0
2016.11.28,10945.0,235.0,10710.0,11030.0,10710.0,37641.0
2016.11.25,10710.0,-155.0,11070.0,11070.0,10615.0,48598.0
2016.11.24,10865.0,-565.0,11220.0,11220.0,10550.0,104458.0
2016.11.23,11430.0,-20.0,11520.0,11520.0,11405.0,18911.0
2016.11.22,11450.0,85.0,11360.0,11495.0,11360.0,17915.0
2016.11.21,11365.0,185.0,11245.0,11365.0,11235.0,24228.0
2016.11.18,11180.0,-390.0,11500.0,11500.0,11180.0,66969.0
2016.11.17,11570.0,-105.0,11660.0,11660.0,11565.0,32316.0
2016.11.16,11675.0,25.0,11700.0,11730.0,11550.0,50490.0
2016.11.15,11650.0,75.0,11455.0,11720.0,11455.0,50734.0
2016.11.14,11575.0,-775.0,11950.0,11960.0,11490.0,159629.0
2016.11.11,12350.0,-515.0,12555.0,12555.0,12125.0,103203.0
2016.11.10,12865.0,-545.0,12770.0,12865.0,11890.0,140121.0
2016.11.09,13410.0,640.0,12770.0,13930.0,12500.0,376612.0
2016.11.08,12770.0,-100.0,12555.0,12800.0,12555.0,39796.0
2016.11.07,12870.0,-180.0,12680.0,13000.0,12680.0,29828.0
2016.11.04,13050.0,-175.0,13095.0,13230.0,13050.0,44838.0
2016.11.03,13225.0,235.0,13100.0,13250.0,13010.0,59477.0
2016.11.02,12990.0,290.0,12855.0,13000.0,12855.0,66915.0
2016.11.01,12700.0,35.0,12665.0,12725.0,12610.0,29384.0
2016.10.31,12665.0,165.0,12665.0,12695.0,12630.0,33256.0
2016.10.28,12500.0,5.0,12495.0,12580.0,12495.0,11945.0
2016.10.27,12495.0,-95.0,12570.0,12570.0,12420.0,12870.0
2016.10.26,12590.0,120.0,12570.0,12630.0,12565.0,35643.0
2016.10.25,12470.0,10.0,12535.0,12535.0,12365.0,12049.0
2016.10.24,12460.0,50.0,12490.0,12500.0,12380.0,5229.0
2016.10.21,12410.0,-155.0,12555.0,12555.0,12410.0,15718.0
2016.10.20,12565.0,150.0,12465.0,12595.0,12465.0,18980.0
2016.10.19,12415.0,100.0,12395.0,12430.0,12395.0,19266.0
2016.10.18,12315.0,35.0,12280.0,12370.0,12280.0,13114.0
2016.10.17,12280.0,-10.0,12260.0,12310.0,12170.0,9195.0
2016.10.14,12290.0,-90.0,12310.0,12350.0,12265.0,18006.0
2016.10.13,12380.0,110.0,12380.0,12380.0,12220.0,30098.0
2016.10.12,12270.0,-80.0,12350.0,12355.0,12240.0,14445.0
2016.10.11,12350.0,-80.0,12505.0,12510.0,12255.0,15239.0
2016.10.10,12430.0,150.0,12580.0,12580.0,12340.0,32312.0
2016.10.07,12280.0,-230.0,12390.0,12395.0,12265.0,33287.0
2016.10.06,12510.0,-195.0,12720.0,12720.0,12505.0,30280.0
2016.10.05,12705.0,-830.0,13315.0,13325.0,12640.0,104617.0
2016.10.04,13535.0,-185.0,13880.0,13880.0,13475.0,13324.0
2016.09.30,13720.0,50.0,13750.0,13750.0,13640.0,5187.0
2016.09.29,13670.0,-60.0,13730.0,13750.0,13645.0,6958.0
2016.09.28,13730.0,-235.0,13970.0,13970.0,13700.0,9955.0
2016.09.27,13965.0,75.0,13890.0,14050.0,13890.0,4744.0
2016.09.26,13890.0,-10.0,13910.0,14025.0,13890.0,2486.0
2016.09.23,13900.0,-105.0,14005.0,14045.0,13880.0,17451.0
2016.09.22,14005.0,525.0,13700.0,14090.0,13700.0,24558.0
2016.09.21,13480.0,-100.0,13630.0,13635.0,13375.0,8902.0
2016.09.20,13580.0,70.0,13650.0,13650.0,13510.0,12358.0
2016.09.19,13510.0,-230.0,13730.0,13730.0,13410.0,11941.0
2016.09.13,13740.0,40.0,13770.0,13800.0,13730.0,22446.0
2016.09.12,13700.0,-220.0,13800.0,13800.0,13650.0,15206.0
2016.09.09,13920.0,-205.0,14110.0,14125.0,13835.0,26714.0
2016.09.08,14125.0,-15.0,14100.0,14140.0,13995.0,22906.0
2016.09.07,14140.0,405.0,14165.0,14200.0,13830.0,85550.0
2016.09.06,13735.0,25.0,13850.0,13850.0,13670.0,6910.0
2016.09.05,13710.0,210.0,13535.0,13710.0,13500.0,7847.0
2016.09.02,13500.0,50.0,13470.0,13535.0,13470.0,6189.0
2016.09.01,13450.0,-95.0,13535.0,13535.0,13435.0,6063.0
2016.08.31,13545.0,-240.0,13710.0,13765.0,13505.0,17773.0
2016.08.30,13785.0,65.0,13820.0,13825.0,13720.0,5968.0
2016.08.29,13720.0,-25.0,14240.0,14240.0,13680.0,11618.0
2016.08.26,13745.0,-70.0,13755.0,13815.0,13740.0,7582.0
2016.08.25,13815.0,-190.0,13990.0,13990.0,13740.0,23599.0
2016.08.24,14005.0,-30.0,14100.0,14100.0,13990.0,7678.0
2016.08.23,14035.0,20.0,13995.0,14120.0,13995.0,16050.0
2016.08.22,14015.0,-330.0,14310.0,14310.0,13975.0,15417.0
2016.08.19,14345.0,-90.0,14345.0,14420.0,14260.0,3782.0
2016.08.18,14435.0,280.0,14260.0,14450.0,14260.0,8671.0
2016.08.17,14155.0,-200.0,14355.0,14355.0,14100.0,5490.0
2016.08.16,14355.0,235.0,14135.0,14370.0,14135.0,4573.0
2016.08.12,14120.0,-195.0,14315.0,14315.0,14120.0,7605.0
2016.08.11,14315.0,-90.0,14315.0,14400.0,14260.0,24583.0
2016.08.10,14405.0,425.0,14100.0,14415.0,14020.0,50925.0
2016.08.09,13980.0,-85.0,14010.0,14075.0,13975.0,7934.0
2016.08.08,14065.0,-595.0,14150.0,14200.0,13970.0,22109.0
2016.08.05,14660.0,255.0,14550.0,14660.0,14435.0,12512.0
2016.08.04,14405.0,-230.0,14570.0,14570.0,14325.0,20757.0
2016.08.03,14635.0,295.0,14540.0,14700.0,14540.0,13193.0
2016.08.02,14340.0,25.0,14390.0,14460.0,14300.0,14275.0
2016.08.01,14315.0,265.0,14250.0,14395.0,14250.0,23345.0
2016.07.29,14050.0,40.0,13990.0,14125.0,13900.0,114261.0
2016.07.28,14010.0,390.0,13945.0,14400.0,13945.0,17631.0
2016.07.27,13620.0,-55.0,13780.0,13780.0,13550.0,33586.0
2016.07.26,13675.0,50.0,13835.0,13835.0,13560.0,32683.0
2016.07.25,13625.0,-170.0,13940.0,13940.0,13510.0,20574.0
2016.07.22,13795.0,210.0,13755.0,13915.0,13755.0,7250.0
2016.07.21,13585.0,-215.0,13355.0,13590.0,13355.0,100757.0
2016.07.20,13800.0,-15.0,13900.0,14000.0,13800.0,14069.0
2016.07.19,13815.0,-120.0,13930.0,13935.0,13810.0,6122.0
2016.07.18,13935.0,-40.0,14095.0,14095.0,13905.0,18171.0
2016.07.15,13975.0,-25.0,13925.0,13995.0,13800.0,18657.0
2016.07.14,14000.0,-60.0,14130.0,14220.0,14000.0,40207.0
2016.07.13,14060.0,-380.0,14150.0,14150.0,13615.0,49802.0
2016.07.12,14440.0,-235.0,14500.0,14500.0,14330.0,44381.0
2016.07.11,14675.0,140.0,14835.0,14865.0,14675.0,32837.0
2016.07.08,14535.0,-265.0,14890.0,14890.0,14530.0,49319.0
2016.07.07,14800.0,-40.0,14890.0,14890.0,14670.0,31268.0
2016.07.06,14840.0,575.0,14475.0,15000.0,14475.0,80698.0
2016.07.05,14265.0,-135.0,14400.0,14450.0,14140.0,32495.0
2016.07.04,14400.0,340.0,14105.0,14490.0,14100.0,46964.0
2016.07.01,14060.0,380.0,13700.0,14060.0,13700.0,39573.0
2016.06.30,13680.0,-115.0,13580.0,13795.0,13500.0,37452.0
2016.06.29,13795.0,120.0,13305.0,13795.0,13305.0,53769.0
2016.06.28,13675.0,-250.0,14105.0,14105.0,13610.0,91671.0
2016.06.27,13925.0,-180.0,14000.0,15220.0,13885.0,188503.0
2016.06.24,14105.0,1435.0,12500.0,15900.0,12500.0,394412.0
2016.06.23,12670.0,65.0,12650.0,12690.0,12600.0,15035.0
2016.06.22,12605.0,-450.0,12985.0,12985.0,12600.0,36836.0
2016.06.21,13055.0,30.0,12875.0,13235.0,12875.0,40905.0
2016.06.20,13025.0,-40.0,13110.0,13205.0,12965.0,43759.0
2016.06.17,13065.0,-405.0,12920.0,13110.0,12505.0,80393.0
2016.06.16,13470.0,395.0,13190.0,13470.0,13160.0,112082.0
2016.06.15,13075.0,105.0,13000.0,13075.0,12970.0,29266.0
2016.06.14,12970.0,-30.0,13300.0,13300.0,12945.0,16608.0
2016.06.13,13000.0,300.0,13480.0,13480.0,12800.0,42286.0
2016.06.10,12700.0,70.0,12800.0,12800.0,12665.0,27841.0
2016.06.09,12630.0,235.0,12590.0,12695.0,12590.0,8227.0
2016.06.08,12395.0,160.0,12300.0,12400.0,12265.0,21646.0
2016.06.07,12235.0,580.0,12150.0,12320.0,12150.0,43065.0
2016.06.03,11655.0,-75.0,11670.0,11675.0,11580.0,17893.0
2016.06.02,11730.0,-15.0,11745.0,11745.0,11605.0,25853.0
2016.06.01,11745.0,60.0,11700.0,11790.0,11685.0,47141.0
2016.05.31,11685.0,55.0,11575.0,11695.0,11575.0,96648.0
2016.05.30,11630.0,-210.0,11760.0,11760.0,11545.0,35148.0
2016.05.27,11840.0,-175.0,11885.0,11900.0,11675.0,59150.0
2016.05.26,12015.0,90.0,11925.0,12155.0,11720.0,41273.0
2016.05.25,11925.0,-360.0,12180.0,12180.0,11905.0,20929.0
2016.05.24,12285.0,-115.0,12450.0,12450.0,12285.0,26276.0
2016.05.23,12400.0,-95.0,12495.0,12500.0,12400.0,12768.0
2016.05.20,12495.0,45.0,12450.0,12515.0,12440.0,5438.0
2016.05.19,12450.0,-395.0,12785.0,12840.0,12450.0,51512.0
2016.05.18,12845.0,-90.0,13180.0,13345.0,12845.0,6067.0
2016.05.17,12935.0,25.0,12910.0,12995.0,12840.0,2808.0
2016.05.16,12910.0,95.0,12725.0,12970.0,12700.0,8756.0
2016.05.13,12815.0,-5.0,12750.0,12840.0,12700.0,5563.0
2016.05.12,12820.0,-20.0,12890.0,12980.0,12790.0,27899.0
2016.05.11,12840.0,140.0,12730.0,12840.0,12685.0,5543.0
2016.05.10,12700.0,-275.0,12835.0,12835.0,12580.0,7380.0
2016.05.09,12975.0,0.0,13030.0,13125.0,12950.0,72749.0
2016.05.04,12975.0,-205.0,13230.0,13250.0,12955.0,54496.0
2016.05.03,13180.0,95.0,13085.0,13195.0,13075.0,35875.0
2016.05.02,13085.0,225.0,13210.0,13390.0,12925.0,39520.0
2016.04.29,12860.0,385.0,12615.0,12925.0,12615.0,158832.0
2016.04.28,12475.0,165.0,12345.0,12475.0,11915.0,66452.0
2016.04.27,12310.0,145.0,12205.0,12330.0,12205.0,5510.0
2016.04.26,12165.0,20.0,12200.0,12215.0,12100.0,50127.0
2016.04.25,12145.0,-210.0,12310.0,12310.0,12040.0,15524.0
2016.04.22,12355.0,-150.0,12440.0,12440.0,12310.0,49696.0
2016.04.21,12505.0,110.0,12395.0,12510.0,12310.0,9677.0
2016.04.20,12395.0,295.0,12230.0,12590.0,12230.0,53560.0
2016.04.19,12100.0,-75.0,12000.0,12130.0,11980.0,62509.0
2016.04.18,12175.0,170.0,12065.0,12240.0,12030.0,43590.0
2016.04.15,12005.0,-145.0,12200.0,12200.0,11835.0,216259.0
2016.04.14,12150.0,-400.0,12480.0,12480.0,12055.0,8087.0
2016.04.12,12550.0,105.0,12570.0,12610.0,12530.0,43506.0
2016.04.11,12445.0,245.0,12295.0,12515.0,12295.0,25059.0
2016.04.08,12200.0,135.0,12130.0,12250.0,12130.0,2912.0
2016.04.07,12065.0,25.0,11890.0,12080.0,11890.0,7284.0
2016.04.06,12040.0,35.0,12070.0,12115.0,12040.0,9802.0
2016.04.05,12005.0,150.0,11800.0,12010.0,11790.0,9433.0
2016.04.04,11855.0,-245.0,12030.0,12030.0,11815.0,89378.0
2016.04.01,12100.0,75.0,12025.0,12140.0,12025.0,97345.0
2016.03.31,12025.0,-200.0,12155.0,12155.0,11950.0,54946.0
2016.03.30,12225.0,395.0,12060.0,12320.0,12060.0,44061.0
2016.03.29,11830.0,-65.0,11910.0,11960.0,11820.0,66506.0
2016.03.28,11895.0,-20.0,11955.0,11955.0,11865.0,15233.0
2016.03.25,11915.0,35.0,11825.0,11925.0,11825.0,3024.0
2016.03.24,11880.0,-285.0,11855.0,11945.0,11715.0,26440.0
2016.03.23,12165.0,-215.0,12360.0,12445.0,12110.0,18144.0
2016.03.22,12380.0,-315.0,12470.0,12695.0,12310.0,14243.0
2016.03.21,12695.0,-20.0,12765.0,12765.0,12680.0,4590.0
2016.03.18,12715.0,85.0,12750.0,12785.0,12620.0,28077.0
2016.03.17,12630.0,525.0,12425.0,12690.0,12420.0,44508.0
2016.03.16,12105.0,80.0,12025.0,12220.0,12025.0,13776.0
2016.03.15,12025.0,-550.0,12430.0,12470.0,11975.0,33472.0
2016.03.14,12575.0,-350.0,12750.0,12750.0,12305.0,35962.0
2016.03.11,12925.0,500.0,12615.0,13085.0,12615.0,107636.0
2016.03.10,12425.0,-160.0,12520.0,12550.0,12425.0,17460.0
2016.03.09,12585.0,-260.0,12760.0,12760.0,12515.0,32588.0
2016.03.08,12845.0,180.0,12700.0,12910.0,12670.0,36174.0
2016.03.07,12665.0,-25.0,12690.0,12815.0,12585.0,56690.0
2016.03.04,12690.0,455.0,12520.0,12720.0,12515.0,120370.0
2016.03.03,12235.0,230.0,12170.0,12280.0,12170.0,16854.0
2016.03.02,12005.0,-55.0,12095.0,12095.0,11975.0,36149.0
2016.02.29,12060.0,-210.0,12000.0,12060.0,11895.0,47192.0
2016.02.26,12270.0,100.0,12280.0,12280.0,12130.0,49975.0
2016.02.25,12170.0,105.0,12065.0,12200.0,11975.0,47832.0
2016.02.24,12065.0,245.0,12005.0,12115.0,11985.0,47318.0
2016.02.23,11820.0,-35.0,11560.0,11960.0,11560.0,95981.0
2016.02.22,11855.0,-210.0,12100.0,12100.0,11830.0,38108.0
2016.02.19,12065.0,365.0,12005.0,12350.0,12005.0,47518.0
2016.02.18,11700.0,35.0,11405.0,11720.0,11405.0,332449.0
2016.02.17,11665.0,185.0,11480.0,11720.0,11155.0,351997.0
2016.02.16,11480.0,-390.0,11515.0,11695.0,11280.0,370489.0
2016.02.15,11870.0,-405.0,12270.0,12270.0,11810.0,420464.0
2016.02.12,12275.0,515.0,12500.0,12900.0,11930.0,478238.0
2016.02.11,11760.0,1015.0,11180.0,12200.0,11165.0,474756.0
2016.02.05,10745.0,245.0,10650.0,10765.0,10650.0,297576.0
2016.02.04,10500.0,245.0,10420.0,10525.0,10420.0,344545.0
2016.02.03,10255.0,60.0,10205.0,10255.0,10195.0,324649.0
2016.02.02,10195.0,55.0,10250.0,10270.0,10185.0,327827.0
2016.02.01,10140.0,130.0,10010.0,10140.0,9950.0,297474.0
2016.01.29,10010.0,-95.0,10110.0,10115.0,9940.0,348546.0
2016.01.28,10105.0,0.0,10150.0,10230.0,10090.0,313849.0
2016.01.27,10105.0,120.0,10015.0,10150.0,10015.0,296023.0
2016.01.26,9985.0,200.0,9850.0,10000.0,9800.0,316653.0
2016.01.25,9785.0,35.0,9620.0,9800.0,9620.0,310293.0
2016.01.22,9750.0,-55.0,9800.0,9800.0,9605.0,305336.0
2016.01.21,9805.0,165.0,9700.0,9805.0,9700.0,329926.0
2016.01.20,9640.0,75.0,9565.0,9665.0,9520.0,313162.0
2016.01.19,9565.0,-35.0,9670.0,9670.0,9505.0,28497.0
2016.01.18,9600.0,125.0,9500.0,9640.0,9500.0,26341.0
2016.01.15,9475.0,-195.0,9670.0,9670.0,9380.0,21524.0
2016.01.14,9670.0,120.0,9600.0,9680.0,9555.0,17317.0
2016.01.13,9550.0,-185.0,9790.0,9790.0,9500.0,28737.0
2016.01.12,9735.0,-250.0,9990.0,9990.0,9685.0,13883.0
2016.01.11,9985.0,215.0,9900.0,10020.0,9770.0,220044.0
2016.01.08,9770.0,110.0,9800.0,9955.0,9735.0,52698.0
2016.01.07,9660.0,305.0,9430.0,9745.0,9430.0,315831.0
2016.01.06,9355.0,35.0,9320.0,9380.0,9305.0,40456.0
2016.01.05,9320.0,100.0,9300.0,9320.0,9250.0,74952.0
2016.01.04,9220.0,-55.0,9355.0,9355.0,9120.0,28187.0
2015.12.30,9275.0,-45.0,9335.0,9400.0,9225.0,20065.0
2015.12.29,9320.0,-50.0,9370.0,9370.0,9230.0,5387.0
2015.12.28,9370.0,30.0,9300.0,9390.0,9300.0,6592.0
2015.12.24,9340.0,-100.0,9460.0,9460.0,9290.0,9206.0
2015.12.23,9440.0,50.0,9430.0,9450.0,9430.0,12230.0
2015.12.22,9390.0,140.0,9340.0,9420.0,9340.0,12613.0
2015.12.21,9250.0,245.0,9100.0,9260.0,9100.0,34684.0
2015.12.18,9005.0,-190.0,9085.0,9105.0,8880.0,62262.0
2015.12.17,9195.0,15.0,9250.0,9300.0,9180.0,13563.0
2015.12.16,9180.0,30.0,9250.0,9250.0,9120.0,17097.0
2015.12.15,9150.0,-210.0,9210.0,9220.0,9120.0,14348.0
2015.12.14,9360.0,115.0,9300.0,9380.0,9290.0,28776.0
2015.12.11,9245.0,-105.0,9300.0,9315.0,9195.0,238532.0
2015.12.10,9350.0,-45.0,9395.0,9395.0,9315.0,245947.0
2015.12.09,9395.0,90.0,9370.0,9410.0,9345.0,226164.0
2015.12.08,9305.0,-220.0,9400.0,9400.0,9215.0,486701.0
2015.12.07,9525.0,405.0,9370.0,9530.0,9370.0,333425.0
2015.12.04,9120.0,140.0,9150.0,9165.0,9100.0,262200.0
2015.12.03,8980.0,-255.0,9300.0,9300.0,8855.0,284100.0
2015.12.02,9235.0,-70.0,9390.0,9390.0,9230.0,245163.0
2015.12.01,9305.0,265.0,9120.0,9340.0,9120.0,254844.0
2015.11.30,9040.0,-205.0,9200.0,9200.0,8985.0,277291.0
2015.11.27,9245.0,-85.0,9430.0,9430.0,9230.0,236569.0
2015.11.26,9330.0,-120.0,9400.0,9450.0,9280.0,291438.0
2015.11.25,9450.0,140.0,9325.0,9465.0,9325.0,225442.0
2015.11.24,9310.0,-190.0,9490.0,9490.0,9275.0,212500.0
2015.11.23,9500.0,-55.0,9555.0,9555.0,9495.0,206029.0
2015.11.20,9555.0,140.0,9515.0,9555.0,9475.0,265166.0
2015.11.19,9415.0,145.0,9320.0,9440.0,9310.0,240724.0
2015.11.18,9270.0,-195.0,9445.0,9445.0,9200.0,284553.0
2015.11.17,9465.0,-285.0,9600.0,9610.0,9450.0,363419.0
2015.11.16,9750.0,215.0,9515.0,9750.0,9515.0,322047.0
2015.11.13,9535.0,-95.0,9625.0,9625.0,9495.0,299550.0
2015.11.12,9630.0,-75.0,9705.0,9705.0,9615.0,247875.0
2015.11.11,9705.0,5.0,9695.0,9720.0,9640.0,298308.0
2015.11.10,9700.0,-25.0,9840.0,9840.0,9670.0,278029.0
2015.11.09,9725.0,-285.0,9805.0,9950.0,9650.0,249376.0
2015.11.06,10010.0,-25.0,10105.0,10105.0,9955.0,220768.0
2015.11.05,10035.0,-220.0,10150.0,10150.0,10000.0,273335.0
2015.11.04,10255.0,-325.0,10500.0,10500.0,10210.0,248106.0
2015.11.03,10580.0,-55.0,10735.0,10735.0,10500.0,200934.0
2015.11.02,10635.0,-95.0,10500.0,10635.0,10500.0,162799.0
2015.10.30,10730.0,-275.0,11040.0,11040.0,10650.0,233088.0
2015.10.29,11005.0,-160.0,11165.0,11165.0,10915.0,244626.0
2015.10.28,11165.0,95.0,11095.0,11185.0,11075.0,213516.0
2015.10.27,11070.0,-20.0,11055.0,11070.0,11015.0,180778.0
2015.10.26,11090.0,-55.0,11145.0,11145.0,11010.0,240804.0
2015.10.23,11145.0,50.0,11095.0,11150.0,11065.0,207103.0
2015.10.22,11095.0,-195.0,11290.0,11290.0,11080.0,204060.0
2015.10.21,11290.0,110.0,11290.0,11350.0,11285.0,269714.0
2015.10.20,11180.0,-35.0,11175.0,11190.0,11140.0,1289.0
2015.10.19,11215.0,-90.0,11315.0,11330.0,11200.0,4107.0
2015.10.16,11305.0,-170.0,11415.0,11435.0,11295.0,359089.0
2015.10.15,11475.0,235.0,11650.0,11650.0,11405.0,326225.0
2015.10.14,11240.0,430.0,11140.0,11270.0,11110.0,439927.0
2015.10.13,10810.0,50.0,10905.0,10960.0,10770.0,441481.0
2015.10.12,10760.0,95.0,10780.0,10780.0,10755.0,403657.0
2015.10.08,10665.0,-155.0,11050.0,11050.0,10660.0,406685.0
2015.10.07,10820.0,270.0,10720.0,10820.0,10720.0,434646.0
2015.10.06,10550.0,35.0,10645.0,10645.0,10530.0,398655.0
2015.10.05,10515.0,395.0,10535.0,10590.0,10250.0,448435.0
2015.10.02,10120.0,-420.0,10160.0,10160.0,10105.0,480208.0
2015.10.01,10540.0,160.0,10400.0,10560.0,10400.0,449111.0
2015.09.30,10380.0,-395.0,10395.0,10415.0,10315.0,425537.0
2015.09.25,10775.0,240.0,10715.0,10830.0,10715.0,464907.0
2015.09.24,10535.0,100.0,10480.0,10545.0,10470.0,441689.0
2015.09.23,10435.0,130.0,10305.0,10455.0,10305.0,404112.0
2015.09.22,10305.0,-115.0,10325.0,10350.0,10305.0,431599.0
2015.09.21,10420.0,25.0,10650.0,10650.0,10410.0,361468.0
2015.09.18,10395.0,115.0,10580.0,10580.0,10380.0,455235.0
2015.09.17,10280.0,275.0,10065.0,10315.0,10065.0,416899.0
2015.09.16,10005.0,-75.0,10015.0,10020.0,9990.0,5803.0
2015.09.15,10080.0,15.0,10270.0,10270.0,10045.0,10246.0
2015.09.14,10065.0,-75.0,9785.0,10100.0,9785.0,8742.0
2015.09.11,10140.0,65.0,10185.0,10185.0,10115.0,8480.0
2015.09.10,10075.0,-295.0,10090.0,10255.0,10015.0,15957.0
2015.09.09,10370.0,60.0,10350.0,10400.0,10350.0,4583.0
2015.09.08,10310.0,-70.0,10325.0,10340.0,10300.0,6528.0
2015.09.07,10380.0,-40.0,10325.0,10400.0,10280.0,4035.0
2015.09.04,10420.0,-115.0,10410.0,10430.0,10380.0,13879.0
2015.09.03,10535.0,-155.0,10690.0,10690.0,10535.0,5874.0
2015.09.02,10690.0,-40.0,11020.0,11020.0,10615.0,7948.0
2015.09.01,10730.0,180.0,10580.0,10740.0,10580.0,10108.0
2015.08.31,10550.0,5.0,10560.0,10575.0,10550.0,414295.0
2015.08.28,10545.0,65.0,10305.0,10560.0,10300.0,301132.0
2015.08.27,10480.0,-135.0,10315.0,10510.0,10315.0,399457.0
2015.08.26,10615.0,-335.0,10780.0,10805.0,10550.0,429846.0
2015.08.25,10950.0,-85.0,11015.0,11030.0,10930.0,326226.0
2015.08.24,11035.0,-150.0,11285.0,11285.0,11020.0,316522.0
2015.08.21,11185.0,445.0,10900.0,11215.0,10900.0,421519.0
2015.08.20,10740.0,420.0,10520.0,10755.0,10520.0,424464.0
2015.08.19,10320.0,-145.0,10450.0,10450.0,10290.0,313350.0
2015.08.18,10465.0,135.0,10445.0,10470.0,10430.0,254817.0
2015.08.17,10330.0,-75.0,10240.0,10330.0,10240.0,304216.0
2015.08.13,10405.0,205.0,10435.0,10455.0,10370.0,281476.0
2015.08.12,10200.0,230.0,10120.0,10210.0,10025.0,283449.0
2015.08.11,9970.0,20.0,10100.0,10110.0,9880.0,310214.0
2015.08.10,9950.0,175.0,10000.0,10000.0,9850.0,302052.0
2015.08.07,9775.0,15.0,9815.0,9840.0,9775.0,395051.0
2015.08.06,9760.0,-15.0,9730.0,9760.0,9695.0,227875.0
2015.08.05,9775.0,15.0,9755.0,9775.0,9720.0,104405.0
2015.08.04,9760.0,-155.0,9720.0,9760.0,9670.0,225785.0
2015.08.03,9915.0,195.0,9800.0,9960.0,9800.0,321253.0
2015.07.31,9720.0,-170.0,9765.0,9825.0,9715.0,342727.0
2015.07.30,9890.0,-75.0,10010.0,10010.0,9880.0,303994.0
2015.07.29,9965.0,0.0,9990.0,9990.0,9915.0,308848.0
2015.07.28,9965.0,150.0,10020.0,10020.0,9890.0,332186.0
