날짜,종가,전일비,시가,고가,저가,거래량
2026.07.03,686000.0,54000.0,621935.0,690000.0,537500.0,253340.0
2026.07.02,632000.0,-166880.0,694505.0,732455.0,614000.0,197110.0
2026.07.01,798880.0,-18095.0,825080.0,849290.0,739005.0,120027.0
2026.06.30,816975.0,36975.0,772450.0,845495.0,729000.0,105501.0
2026.06.29,780000.0,-13315.0,778000.0,799770.0,717500.0,110549.0
2026.06.26,793315.0,-113905.0,883125.0,900000.0,725010.0,201753.0
2026.06.25,907220.0,92725.0,926700.0,932000.0,834500.0,186746.0
2026.06.24,814495.0,15055.0,814400.0,859640.0,714540.0,278927.0
2026.06.23,799440.0,-200560.0,1000000.0,1037000.0,799000.0,309788.0
2026.06.22,1000000.0,61000.0,931890.0,1030000.0,925005.0,231272.0
2026.06.19,939000.0,24150.0,985110.0,1027495.0,887150.0,317758.0
2026.06.18,914850.0,81950.0,850605.0,925000.0,840000.0,213812.0
2026.06.17,832900.0,40300.0,771360.0,833880.0,770875.0,145168.0
2026.06.16,792600.0,34600.0,793460.0,799750.0,739015.0,190957.0
2026.06.15,758000.0,93905.0,740005.0,766015.0,700005.0,148390.0
2026.06.12,664095.0,47095.0,713945.0,733780.0,650000.0,236865.0
2026.06.11,617000.0,14150.0,551420.0,627035.0,527425.0,171341.0
2026.06.10,602850.0,-93925.0,650000.0,671000.0,563745.0,179930.0
2026.06.09,696775.0,128775.0,642725.0,696775.0,579000.0,223528.0
2026.06.08,568000.0,-128990.0,550000.0,645005.0,532710.0,299539.0
2026.06.05,696990.0,-97320.0,722145.0,759650.0,662000.0,260821.0
2026.06.04,794310.0,-48690.0,785000.0,828720.0,761720.0,153965.0
2026.06.02,843000.0,-45010.0,879220.0,881780.0,700000.0,350678.0
2026.06.01,888010.0,42010.0,867000.0,920800.0,840000.0,326320.0
2026.05.29,846000.0,129000.0,776760.0,847460.0,752850.0,343183.0
2026.05.28,717000.0,17000.0,673080.0,718000.0,635000.0,375135.0
2026.05.27,700000.0,62000.0,742535.0,743300.0,670000.0,348471.0
2026.05.26,638000.0,63590.0,636315.0,653020.0,615000.0,264570.0
2026.05.22,574410.0,11080.0,580220.0,584430.0,547335.0,226266.0
2026.05.21,563330.0,111330.0,493250.0,568000.0,488000.0,258533.0
2026.05.20,452000.0,6000.0,452020.0,453275.0,411000.0,188379.0
2026.05.19,446000.0,-54000.0,476595.0,482050.0,430500.0,218957.0
2026.05.18,500000.0,-2795.0,481525.0,520000.0,433370.0,349151.0
2026.05.15,502795.0,-50305.0,565945.0,592185.0,476100.0,377941.0
2026.05.14,553100.0,10510.0,542590.0,589215.0,536270.0,312843.0
2026.05.13,542590.0,42120.0,457620.0,542590.0,456000.0,177551.0
2026.05.12,500470.0,-7530.0,529300.0,543495.0,356000.0,222774.0
2026.05.11,508000.0,50470.0,498315.0,519995.0,470000.0,183504.0
2026.05.08,457530.0,5075.0,426305.0,459460.0,420840.0,75844.0
2026.05.07,452455.0,9955.0,456080.0,460150.0,415000.0,162328.0
2026.05.06,442500.0,57300.0,470000.0,500000.0,427485.0,259297.0
2026.05.04,385200.0,56320.0,358500.0,389995.0,345005.0,192681.0
2026.04.30,328880.0,-2735.0,340000.0,362000.0,326735.0,84982.0
2026.04.29,331615.0,4715.0,316505.0,332860.0,316505.0,75659.0
2026.04.28,326900.0,15795.0,320615.0,332820.0,318160.0,84161.0
2026.04.27,311105.0,23705.0,294005.0,316000.0,293865.0,81812.0
2026.04.24,287400.0,400.0,296000.0,296205.0,279000.0,72264.0
2026.04.23,287000.0,-5575.0,300780.0,316500.0,270990.0,169842.0
2026.04.22,292575.0,7575.0,287500.0,305000.0,280000.0,125625.0
2026.04.21,285000.0,29340.0,266210.0,285000.0,258000.0,94195.0
2026.04.20,255660.0,8495.0,251870.0,260000.0,247165.0,68322.0
2026.04.17,247165.0,2175.0,244785.0,250240.0,240665.0,52370.0
2026.04.16,244990.0,1290.0,246500.0,246900.0,233000.0,90942.0
2026.04.15,243700.0,24365.0,239060.0,247295.0,235975.0,90273.0
2026.04.14,219335.0,18090.0,217285.0,224280.0,212220.0,89440.0
2026.04.13,201245.0,-395.0,192000.0,204500.0,191000.0,34228.0
2026.04.10,201640.0,9160.0,203500.0,207870.0,201370.0,43810.0
2026.04.09,192480.0,-10230.0,199880.0,202795.0,191435.0,24733.0
2026.04.08,202710.0,35865.0,185000.0,205412.0,184985.0,69390.0
2026.04.07,166845.0,3845.0,171335.0,176000.0,162195.0,31289.0
2026.04.06,163000.0,5000.0,160000.0,166420.0,159960.0,29689.0
2026.04.03,158000.0,10000.0,156655.0,160615.0,152475.0,22825.0
2026.04.02,148000.0,-17345.0,170000.0,171335.0,143000.0,43991.0
2026.04.01,165345.0,26835.0,157980.0,167000.0,153295.0,40116.0
2026.03.31,138510.0,-17585.0,142235.0,149950.0,137155.0,47206.0
2026.03.30,156095.0,-11770.0,148925.0,157300.0,147000.0,26864.0
2026.03.27,167865.0,-3785.0,157420.0,168775.0,151710.0,44613.0
2026.03.26,171650.0,-16340.0,182980.0,182980.0,170315.0,40785.0
2026.03.25,187990.0,6600.0,190935.0,197970.0,185800.0,26041.0
2026.03.24,181390.0,11065.0,187000.0,187350.0,170225.0,33477.0
2026.03.23,170325.0,-27120.0,180105.0,181500.0,168115.0,54843.0
2026.03.20,197445.0,-1775.0,203785.0,204890.0,196000.0,21357.0
2026.03.19,199220.0,-12700.0,195620.0,208500.0,195390.0,43865.0
2026.03.18,211920.0,24195.0,197000.0,211950.0,196160.0,48473.0
2026.03.17,187725.0,9225.0,190290.0,193295.0,184325.0,47586.0
2026.03.16,178500.0,10125.0,170945.0,178690.0,166380.0,38944.0
2026.03.13,168375.0,-6630.0,161000.0,172625.0,159805.0,20852.0
2026.03.12,175005.0,-7000.0,172445.0,180560.0,172330.0,27388.0
2026.03.11,182005.0,5955.0,188165.0,192000.0,176050.0,46820.0
2026.03.10,176050.0,22050.0,177210.0,182000.0,168057.0,54897.0
2026.03.09,154000.0,-25980.0,151495.0,158855.0,141165.0,60471.0
2026.03.06,179980.0,-2720.0,176440.0,183725.0,164000.0,53375.0
2026.03.05,182700.0,31275.0,189000.0,197952.0,178472.0,106170.0
2026.03.04,151425.0,-50575.0,169330.0,195940.0,147000.0,167989.0
2026.03.03,202000.0,-49510.0,234270.0,239470.0,198510.0,123244.0
2026.02.27,251510.0,-4110.0,238335.0,260000.0,238335.0,96957.0
2026.02.26,255620.0,28185.0,234545.0,255850.0,234000.0,116721.0
2026.02.25,227435.0,11920.0,222085.0,242500.0,216000.0,120481.0
2026.02.24,215515.0,18825.0,196675.0,227000.0,195000.0,64524.0
2026.02.23,196690.0,6510.0,199495.0,208000.0,191100.0,56192.0
2026.02.20,190180.0,9280.0,180000.0,190875.0,178860.0,20470.0
2026.02.19,180900.0,11170.0,181345.0,183005.0,177000.0,38487.0
2026.02.13,169730.0,-2610.0,172340.0,176000.0,169200.0,23727.0
2026.02.12,172340.0,11810.0,169135.0,173200.0,165010.0,31396.0
2026.02.11,160530.0,1330.0,157000.0,163500.0,152600.0,16870.0
2026.02.10,159200.0,-1225.0,166000.0,167000.0,159195.0,15176.0
2026.02.09,160425.0,14705.0,162400.0,163445.0,156000.0,87955.0
2026.02.06,145720.0,-7195.0,139765.0,149280.0,133200.0,38014.0
2026.02.05,152915.0,-15755.0,157610.0,162900.0,150600.0,31783.0
2026.02.04,168670.0,5945.0,159930.0,169500.0,158360.0,23882.0
2026.02.03,162725.0,21415.0,153900.0,162725.0,151372.0,34467.0
2026.02.02,141310.0,-24760.0,155205.0,161000.0,139200.0,45198.0
2026.01.30,166070.0,8855.0,157090.0,170485.0,154805.0,42913.0
2026.01.29,157215.0,4215.0,159825.0,163000.0,146255.0,55596.0
2026.01.28,153000.0,9120.0,149890.0,154330.0,146810.0,34583.0
2026.01.27,143880.0,11535.0,129800.0,143990.0,128400.0,34716.0
2026.01.26,132345.0,-3445.0,135780.0,136400.0,132010.0,27379.0
2026.01.23,135790.0,-395.0,138375.0,139475.0,131535.0,32212.0
2026.01.22,136185.0,8160.0,133120.0,139490.0,132750.0,37260.0
2026.01.21,128025.0,1335.0,120700.0,128590.0,120055.0,21047.0
2026.01.20,126690.0,-4830.0,131520.0,132170.0,124000.0,26784.0
2026.01.19,131520.0,3310.0,126250.0,132650.0,126000.0,22848.0
2026.01.16,128210.0,5140.0,127120.0,129030.0,123550.0,19978.0
2026.01.15,123070.0,3140.0,117375.0,123555.0,117375.0,12929.0
2026.01.14,119930.0,1395.0,118530.0,122000.0,117110.0,14322.0
2026.01.13,118535.0,2365.0,119700.0,119700.0,115900.0,17350.0
2026.01.12,116170.0,85.0,118855.0,118975.0,113460.0,23157.0
2026.01.09,116085.0,-1095.0,114175.0,117635.0,111495.0,27850.0
2026.01.08,117180.0,285.0,114840.0,124625.0,114840.0,32414.0
2026.01.07,116895.0,1140.0,122040.0,122447.0,113135.0,43517.0
2026.01.06,115755.0,5025.0,109225.0,116000.0,106280.0,22679.0
2026.01.05,110730.0,7920.0,109195.0,110835.0,106920.0,29595.0
2026.01.02,102810.0,8260.0,94625.0,102850.0,94625.0,41387.0
2025.12.30,94550.0,1870.0,92750.0,95705.0,92150.0,23937.0
2025.12.29,92680.0,4790.0,92530.0,92680.0,90995.0,28912.0
2025.12.26,88340.0,3495.0,86700.0,89990.0,86700.0,40904.0
2025.12.24,84845.0,490.0,85000.0,86205.0,84770.0,9154.0
2025.12.23,84355.0,-35.0,85000.0,86695.0,84045.0,20765.0
2025.12.22,84390.0,5235.0,82510.0,84710.0,82290.0,21582.0
2025.12.19,79155.0,90.0,81640.0,82000.0,78795.0,13557.0
2025.12.18,79065.0,-1915.0,76500.0,80425.0,76500.0,9503.0
2025.12.17,80980.0,3370.0,78625.0,81000.0,77340.0,15958.0
2025.12.16,77610.0,-4910.0,81640.0,81870.0,77400.0,25758.0
2025.12.15,82520.0,-5420.0,79505.0,83965.0,79500.0,27298.0
2025.12.12,87940.0,1420.0,87730.0,88735.0,85230.0,12224.0
2025.12.11,86520.0,-3295.0,91310.0,91885.0,86520.0,25451.0
2025.12.10,89815.0,1305.0,89815.0,92995.0,89275.0,26744.0
2025.12.09,88510.0,-1115.0,89355.0,90430.0,87880.0,17493.0
2025.12.08,89625.0,4790.0,84850.0,89710.0,83490.0,31914.0
2025.12.05,84835.0,1260.0,82035.0,84835.0,81525.0,21715.0
2025.12.04,83575.0,-75.0,81925.0,83575.0,80000.0,20688.0
2025.12.03,83650.0,1910.0,81740.0,85150.0,80820.0,27596.0
2025.12.02,81740.0,2940.0,80300.0,82345.0,79615.0,26689.0
2025.12.01,78800.0,895.0,79780.0,81370.0,76600.0,28350.0
2025.11.28,77905.0,-2615.0,81050.0,81110.0,77700.0,20625.0
2025.11.27,80520.0,2745.0,79610.0,82500.0,79150.0,27450.0
2025.11.26,77775.0,3630.0,74740.0,78160.0,73585.0,25605.0
2025.11.25,74145.0,2375.0,76905.0,78615.0,73310.0,22660.0
2025.11.24,71770.0,830.0,73750.0,75000.0,70600.0,26695.0
2025.11.21,70940.0,-9430.0,70115.0,72685.0,69500.0,53449.0
2025.11.20,80370.0,3505.0,83545.0,83945.0,80300.0,33219.0
2025.11.19,76865.0,-740.0,76685.0,78390.0,72180.0,35792.0
2025.11.18,77605.0,-8165.0,81295.0,83530.0,77300.0,43407.0
2025.11.17,85770.0,5840.0,83900.0,85965.0,82580.0,40904.0
2025.11.14,79930.0,-11130.0,83745.0,84630.0,79930.0,51541.0
2025.11.13,91060.0,-630.0,89510.0,92150.0,89200.0,21047.0
2025.11.12,91690.0,935.0,90620.0,92285.0,88045.0,36361.0
2025.11.11,90755.0,4555.0,90425.0,95150.0,87500.0,67478.0
2025.11.10,86200.0,4975.0,81740.0,87600.0,81165.0,47553.0
2025.11.07,81225.0,-3415.0,79580.0,84720.0,77000.0,51468.0
2025.11.06,84640.0,3135.0,86400.0,87200.0,80640.0,47557.0
2025.11.05,81505.0,-5990.0,81210.0,83850.0,72870.0,122914.0
2025.11.04,87495.0,-5460.0,93900.0,94325.0,87455.0,49499.0
2025.11.03,92955.0,8165.0,84560.0,93000.0,84150.0,31816.0
2025.10.31,84790.0,1255.0,81140.0,84790.0,81140.0,29909.0
2025.10.30,83535.0,130.0,83250.0,86725.0,81885.0,39350.0
2025.10.29,83405.0,4895.0,80890.0,83405.0,78000.0,40987.0
2025.10.28,78510.0,-2100.0,78135.0,79285.0,75250.0,33040.0
2025.10.27,80610.0,5925.0,79175.0,80610.0,77755.0,28485.0
2025.10.24,74685.0,5460.0,72115.0,75500.0,70965.0,34876.0
2025.10.23,69225.0,-775.0,67000.0,71162.0,66615.0,15330.0
2025.10.22,70000.0,1310.0,68960.0,70000.0,66725.0,17138.0
2025.10.21,68690.0,-1490.0,72500.0,73320.0,67100.0,45779.0
2025.10.20,70180.0,3900.0,68990.0,70200.0,65595.0,35740.0
2025.10.17,66280.0,2180.0,63105.0,68400.0,63105.0,34953.0
2025.10.16,64100.0,4600.0,59000.0,64300.0,59000.0,32766.0
2025.10.15,59500.0,3005.0,56500.0,59500.0,56500.0,12585.0
2025.10.14,56495.0,-1390.0,59830.0,60820.0,54885.0,41130.0
2025.10.13,57885.0,-855.0,55115.0,57885.0,54350.0,29124.0
2025.10.10,58740.0,5190.0,57730.0,59915.0,56595.0,38395.0
2025.10.02,53550.0,6350.0,51390.0,54700.0,50000.0,59078.0
2025.10.01,47200.0,945.0,47100.0,47500.0,46510.0,16312.0
2025.09.30,46255.0,-210.0,47020.0,47020.0,45830.0,10206.0
2025.09.29,46465.0,1830.0,44995.0,46600.0,44995.0,26403.0
2025.09.26,44635.0,-3865.0,47340.0,47340.0,43860.0,36689.0
2025.09.25,48500.0,-425.0,47500.0,48920.0,47180.0,11209.0
2025.09.24,48925.0,-235.0,49160.0,49500.0,47155.0,24198.0
2025.09.23,49160.0,1060.0,49700.0,49865.0,48280.0,14509.0
2025.09.22,48100.0,1220.0,46740.0,48800.0,46740.0,20430.0
2025.09.19,46880.0,305.0,47390.0,47390.0,46160.0,11692.0
2025.09.18,46575.0,2750.0,45000.0,47050.0,44030.0,18740.0
2025.09.17,43825.0,-1830.0,44865.0,44865.0,43730.0,22718.0
2025.09.16,45655.0,2755.0,42895.0,45795.0,42895.0,19889.0
2025.09.15,42900.0,590.0,43990.0,44150.0,42300.0,14591.0
2025.09.12,42310.0,2965.0,40840.0,42590.0,40840.0,29019.0
2025.09.11,39345.0,1140.0,38800.0,39800.0,38575.0,18239.0
2025.09.10,38205.0,1715.0,37000.0,38295.0,36905.0,23095.0
2025.09.09,36490.0,1670.0,35450.0,36500.0,34950.0,21498.0
2025.09.08,34820.0,510.0,34900.0,34900.0,34465.0,5126.0
2025.09.05,34310.0,465.0,34325.0,34770.0,34310.0,9173.0
2025.09.04,33845.0,680.0,33240.0,34180.0,33240.0,10063.0
2025.09.03,33165.0,685.0,32540.0,33200.0,32470.0,2310.0
2025.09.02,32480.0,480.0,31660.0,32850.0,31660.0,3405.0
2025.09.01,32000.0,-1800.0,32795.0,32845.0,31760.0,6030.0
2025.08.29,33800.0,-425.0,34300.0,34300.0,33590.0,3278.0
2025.08.28,34225.0,825.0,32950.0,34430.0,32700.0,6757.0
2025.08.27,33400.0,-70.0,33815.0,33815.0,32895.0,6028.0
2025.08.26,33470.0,-160.0,33790.0,33800.0,33200.0,4176.0
2025.08.25,33630.0,1295.0,32900.0,33700.0,32825.0,7279.0
2025.08.22,32335.0,385.0,32000.0,32500.0,31900.0,5847.0
2025.08.21,31950.0,-850.0,32735.0,32735.0,31735.0,4831.0
2025.08.20,32800.0,-905.0,32855.0,33225.0,31855.0,8309.0
2025.08.19,33705.0,-100.0,33835.0,34210.0,33250.0,3309.0
2025.08.18,33805.0,-1665.0,35010.0,35010.0,33715.0,3750.0
2025.08.14,35470.0,-190.0,35660.0,35680.0,34945.0,6421.0
2025.08.13,35660.0,1620.0,35000.0,35710.0,34615.0,20212.0
2025.08.12,34040.0,-505.0,34545.0,35300.0,34040.0,13030.0
2025.08.11,34545.0,1030.0,33830.0,34615.0,33830.0,8310.0
2025.08.08,33515.0,-35.0,33550.0,34180.0,33295.0,7104.0
2025.08.07,33550.0,260.0,34000.0,34000.0,32615.0,7811.0
2025.08.06,33290.0,-210.0,33380.0,33485.0,32735.0,7082.0
2025.08.05,33500.0,1465.0,32835.0,33995.0,32835.0,12667.0
2025.08.04,32035.0,560.0,31475.0,32210.0,31200.0,4481.0
2025.08.01,31475.0,-3030.0,33830.0,33830.0,31395.0,13644.0
2025.07.31,34505.0,290.0,34865.0,35380.0,34215.0,9549.0
2025.07.30,34215.0,1615.0,32600.0,34795.0,32600.0,27540.0
2025.07.29,32600.0,-195.0,32205.0,32980.0,31685.0,8285.0
2025.07.28,32795.0,635.0,32195.0,32800.0,32000.0,6680.0
2025.07.25,32160.0,-295.0,32455.0,32665.0,32115.0,10015.0
2025.07.24,32455.0,-445.0,33085.0,33855.0,32150.0,11765.0
2025.07.23,32900.0,495.0,32495.0,33000.0,31605.0,6544.0
2025.07.22,32405.0,-1425.0,34000.0,34015.0,32340.0,8586.0
2025.07.21,33830.0,360.0,33470.0,33830.0,33405.0,4126.0
2025.07.18,33470.0,195.0,32930.0,33960.0,32930.0,11842.0
2025.07.17,33275.0,-1830.0,35035.0,35035.0,32685.0,20565.0
2025.07.16,35105.0,0.0,35200.0,35300.0,34475.0,7094.0
2025.07.15,35105.0,-150.0,35000.0,35140.0,34215.0,11468.0
2025.07.14,35255.0,600.0,34245.0,35620.0,34245.0,10367.0
2025.07.11,34655.0,85.0,35000.0,36250.0,34435.0,18605.0
2025.07.10,34570.0,1520.0,33195.0,34570.0,33195.0,10278.0
2025.07.09,33050.0,120.0,33000.0,33165.0,32480.0,3498.0
2025.07.08,32930.0,1140.0,31500.0,33150.0,31500.0,8131.0
2025.07.07,31790.0,-850.0,31640.0,32450.0,31640.0,6228.0
2025.07.04,32640.0,-1520.0,34715.0,34715.0,32500.0,9776.0
2025.07.03,34160.0,845.0,33355.0,34285.0,33330.0,7812.0
2025.07.02,33315.0,-885.0,33650.0,33800.0,32310.0,12502.0
2025.07.01,34200.0,260.0,34095.0,35840.0,34095.0,17863.0
2025.06.30,33940.0,530.0,33820.0,34525.0,33410.0,7124.0
2025.06.27,33410.0,-1520.0,34970.0,34970.0,33020.0,16241.0
2025.06.26,34930.0,-260.0,35900.0,36000.0,34210.0,20856.0
2025.06.25,35190.0,1035.0,36000.0,36000.0,34695.0,15183.0
2025.06.24,34155.0,3175.0,32695.0,34200.0,31825.0,27885.0
2025.06.23,30980.0,780.0,29555.0,31030.0,28685.0,15970.0
2025.06.20,30200.0,1355.0,29290.0,30400.0,28795.0,19536.0
2025.06.19,28845.0,-65.0,29295.0,29520.0,28450.0,8160.0
2025.06.18,28910.0,450.0,28275.0,28910.0,28015.0,9918.0
2025.06.17,28460.0,305.0,28500.0,29720.0,28155.0,17699.0
2025.06.16,28155.0,1455.0,26695.0,28165.0,26295.0,7822.0
2025.06.13,26700.0,-1015.0,28330.0,28330.0,26500.0,10375.0
2025.06.12,27715.0,65.0,27680.0,28150.0,27210.0,23720.0
2025.06.11,27650.0,1495.0,26500.0,27650.0,26500.0,16777.0
2025.06.10,26155.0,10.0,26450.0,26450.0,25825.0,21143.0
2025.06.09,26145.0,260.0,26990.0,27000.0,26105.0,10899.0
2025.06.05,25885.0,1385.0,25245.0,26530.0,25115.0,15430.0
2025.06.04,24500.0,1485.0,24455.0,24995.0,23835.0,11951.0
2025.06.02,23015.0,85.0,22700.0,23310.0,22700.0,7012.0
2025.05.30,22930.0,-700.0,23630.0,23640.0,22800.0,3447.0
2025.05.29,23630.0,630.0,23795.0,23805.0,23260.0,8015.0
2025.05.28,23000.0,1630.0,21700.0,23020.0,21700.0,9052.0
2025.05.27,21370.0,-495.0,21610.0,21720.0,21120.0,3805.0
2025.05.26,21865.0,745.0,21000.0,21865.0,21000.0,2440.0
2025.05.23,21120.0,65.0,21100.0,21500.0,20975.0,4122.0
2025.05.22,21055.0,-845.0,21750.0,21750.0,20985.0,3822.0
2025.05.21,21900.0,5.0,21910.0,22300.0,21810.0,1696.0
2025.05.20,21895.0,-135.0,22680.0,22680.0,21690.0,1458.0
2025.05.19,22030.0,-460.0,22015.0,22470.0,21790.0,10971.0
2025.05.16,22490.0,105.0,22440.0,22705.0,22185.0,8221.0
2025.05.15,22385.0,-915.0,23300.0,23365.0,22255.0,6756.0
2025.05.14,23300.0,950.0,23280.0,23350.0,22855.0,8791.0
2025.05.13,22350.0,-50.0,22715.0,22995.0,22155.0,13136.0
2025.05.12,22400.0,1605.0,21025.0,22400.0,21025.0,20061.0
2025.05.09,20795.0,-175.0,21005.0,21005.0,20655.0,3516.0
2025.05.08,20970.0,180.0,21035.0,21385.0,20880.0,8353.0
2025.05.07,20790.0,185.0,20660.0,21010.0,20650.0,5081.0
2025.05.02,20605.0,405.0,20100.0,20640.0,20025.0,791.0
2025.04.30,20200.0,-665.0,20610.0,20625.0,20100.0,2875.0
2025.04.29,20865.0,85.0,20745.0,21100.0,20610.0,557.0
2025.04.28,20780.0,-270.0,21130.0,21130.0,20700.0,5669.0
2025.04.25,21050.0,685.0,21400.0,21400.0,20950.0,3473.0
2025.04.24,20365.0,-535.0,21200.0,21200.0,20310.0,3591.0
2025.04.23,20900.0,1465.0,20110.0,20900.0,20110.0,12232.0
2025.04.22,19435.0,-415.0,19610.0,19685.0,19370.0,1856.0
2025.04.21,19850.0,105.0,19600.0,20150.0,19600.0,949.0
2025.04.18,19745.0,270.0,19695.0,19745.0,19250.0,2682.0
2025.04.17,19475.0,365.0,19100.0,19475.0,19010.0,3947.0
2025.04.16,19110.0,-1160.0,20200.0,20200.0,19110.0,9361.0
2025.04.15,20270.0,230.0,20040.0,20350.0,19965.0,5057.0
2025.04.14,20040.0,390.0,20150.0,20500.0,19795.0,8565.0
2025.04.11,19650.0,-135.0,19300.0,19705.0,18815.0,6473.0
2025.04.10,19785.0,2545.0,20280.0,20280.0,19295.0,17381.0
2025.04.09,17240.0,-840.0,17510.0,18070.0,16970.0,16866.0
2025.04.08,18080.0,35.0,18805.0,19020.0,17905.0,8940.0
2025.04.07,18045.0,-2900.0,20000.0,20000.0,18045.0,18104.0
2025.04.04,20945.0,-725.0,21030.0,21855.0,20215.0,13674.0
2025.04.03,21670.0,-1170.0,21695.0,21810.0,21050.0,10347.0
2025.04.02,22840.0,-505.0,23500.0,23560.0,22840.0,5764.0
2025.04.01,23345.0,710.0,22950.0,23425.0,22700.0,11269.0
2025.03.31,22635.0,-1965.0,23960.0,23960.0,22570.0,9435.0
2025.03.28,24600.0,-1200.0,25820.0,25820.0,24595.0,3784.0
2025.03.27,25800.0,-955.0,26265.0,26470.0,25710.0,2205.0
2025.03.26,26755.0,800.0,25900.0,26910.0,25900.0,6077.0
2025.03.25,25955.0,-310.0,26555.0,26680.0,25850.0,15654.0
2025.03.24,26265.0,-485.0,26750.0,26750.0,26215.0,5072.0
2025.03.21,26750.0,565.0,26290.0,27050.0,26290.0,9064.0
2025.03.20,26185.0,1035.0,25590.0,26250.0,25565.0,11501.0
2025.03.19,25150.0,600.0,24200.0,25550.0,24200.0,5805.0
2025.03.18,24550.0,-250.0,25100.0,25345.0,24355.0,7283.0
2025.03.17,24800.0,690.0,24550.0,24980.0,24550.0,4816.0
2025.03.14,24110.0,-140.0,24250.0,24290.0,23630.0,11902.0
2025.03.13,24250.0,-285.0,25280.0,25280.0,23610.0,6741.0
2025.03.12,24535.0,1430.0,23465.0,24535.0,23460.0,7020.0
2025.03.11,23105.0,-200.0,22110.0,23305.0,21910.0,12170.0
2025.03.10,23305.0,-400.0,23455.0,23690.0,23150.0,4196.0
2025.03.07,23705.0,-5.0,23450.0,23800.0,23020.0,5158.0
2025.03.06,23710.0,-5.0,23800.0,24150.0,23500.0,5385.0
2025.03.05,23715.0,485.0,23500.0,23930.0,23165.0,7006.0
2025.03.04,23230.0,-720.0,23525.0,23525.0,23050.0,8421.0
2025.02.28,23950.0,-2500.0,25365.0,25365.0,23885.0,17329.0
2025.02.27,26450.0,-130.0,26830.0,26830.0,26125.0,5998.0
2025.02.26,26580.0,175.0,26300.0,26640.0,26005.0,2791.0
2025.02.25,26405.0,-1065.0,26500.0,26705.0,26375.0,6382.0
2025.02.24,27470.0,-220.0,26910.0,27470.0,26700.0,6442.0
2025.02.21,27690.0,30.0,27920.0,27920.0,27000.0,7621.0
2025.02.20,27660.0,-720.0,28495.0,28495.0,27600.0,5910.0
2025.02.19,28380.0,1830.0,26850.0,28500.0,26850.0,20426.0
2025.02.18,26550.0,10.0,26700.0,26800.0,25985.0,6143.0
2025.02.17,26540.0,140.0,26700.0,27105.0,26540.0,3563.0
2025.02.14,26400.0,435.0,26300.0,26600.0,25965.0,4372.0
2025.02.13,25965.0,915.0,25050.0,25965.0,25050.0,8792.0
2025.02.12,25050.0,45.0,24750.0,25050.0,24550.0,1855.0
2025.02.11,25005.0,55.0,25150.0,25300.0,24755.0,6101.0
2025.02.10,24950.0,-50.0,24565.0,25015.0,24000.0,3565.0
2025.02.07,25000.0,-400.0,25500.0,25500.0,24815.0,4577.0
2025.02.06,25400.0,1050.0,24770.0,25400.0,24700.0,5883.0
2025.02.05,24350.0,920.0,24130.0,24595.0,23690.0,5664.0
2025.02.04,23430.0,535.0,23340.0,24295.0,23285.0,6534.0
2025.02.03,22895.0,-2430.0,23755.0,24000.0,22700.0,14211.0
2025.01.31,25325.0,-1725.0,26000.0,26200.0,24330.0,7708.0
2025.01.24,27050.0,-225.0,27370.0,27780.0,26795.0,4375.0
2025.01.23,27275.0,-1225.0,28335.0,28335.0,27155.0,4487.0
2025.01.22,28500.0,1600.0,27580.0,28500.0,26900.0,9067.0
2025.01.21,26900.0,100.0,27095.0,27550.0,26295.0,4101.0
2025.01.20,26800.0,20.0,27005.0,27325.0,26550.0,1789.0
2025.01.17,26780.0,615.0,26175.0,26900.0,26175.0,5775.0
2025.01.16,26165.0,1125.0,26050.0,26600.0,26050.0,23801.0
2025.01.15,25040.0,-225.0,25405.0,26000.0,25040.0,2128.0
2025.01.14,25265.0,125.0,25350.0,25590.0,24900.0,2472.0
2025.01.13,25140.0,-1665.0,26610.0,26610.0,25140.0,6530.0
2025.01.10,26805.0,-295.0,27400.0,27690.0,26710.0,4823.0
2025.01.09,27100.0,-215.0,27330.0,27730.0,27050.0,22737.0
2025.01.08,27315.0,1025.0,26000.0,27325.0,25465.0,27470.0
2025.01.07,26290.0,-420.0,27405.0,27870.0,26290.0,21768.0
2025.01.06,26710.0,2095.0,24740.0,26710.0,24740.0,10615.0
2025.01.03,24615.0,1710.0,23000.0,24890.0,23000.0,27065.0
2025.01.02,22905.0,-440.0,23300.0,23300.0,22400.0,3336.0
2024.12.30,23345.0,-30.0,23245.0,23855.0,23095.0,5107.0
2024.12.27,23375.0,70.0,23550.0,23740.0,23150.0,7449.0
2024.12.26,23305.0,-355.0,24050.0,24050.0,23190.0,3333.0
2024.12.24,23660.0,-110.0,23900.0,24150.0,23600.0,2009.0
2024.12.23,23770.0,695.0,23510.0,24095.0,23260.0,2509.0
2024.12.20,23075.0,-1060.0,23860.0,23860.0,22815.0,4357.0
2024.12.19,24135.0,-1535.0,24200.0,24385.0,23585.0,6132.0
2024.12.18,25670.0,765.0,24910.0,25680.0,24910.0,6309.0
2024.12.17,24905.0,-460.0,25845.0,25845.0,24635.0,4432.0
2024.12.16,25365.0,80.0,25920.0,27000.0,25255.0,7700.0
2024.12.13,25285.0,400.0,24900.0,25330.0,24660.0,5139.0
2024.12.12,24885.0,1285.0,24535.0,24885.0,23985.0,11039.0
2024.12.11,23600.0,480.0,22640.0,23640.0,22640.0,3360.0
2024.12.10,23120.0,1100.0,22060.0,23120.0,22060.0,3403.0
2024.12.09,22020.0,-875.0,22130.0,22815.0,22000.0,6464.0
2024.12.06,22895.0,-435.0,23125.0,23595.0,22000.0,3462.0
2024.12.05,23330.0,340.0,23130.0,23785.0,23130.0,3897.0
2024.12.04,22990.0,-380.0,22520.0,23000.0,22300.0,5727.0
2024.12.03,23370.0,715.0,23000.0,23490.0,22980.0,3552.0
2024.12.02,22655.0,-185.0,23060.0,23405.0,22585.0,4592.0
2024.11.29,22840.0,-1400.0,24275.0,24275.0,22700.0,17259.0
2024.11.28,24240.0,-660.0,24880.0,24880.0,24150.0,8553.0
2024.11.27,24900.0,-1910.0,26405.0,26405.0,24740.0,8669.0
2024.11.26,26810.0,130.0,26625.0,26990.0,26455.0,7822.0
2024.11.25,26680.0,700.0,26105.0,27100.0,26105.0,6044.0
2024.11.22,25980.0,995.0,25600.0,26200.0,25470.0,7726.0
2024.11.21,24985.0,170.0,24690.0,25275.0,24560.0,3074.0
2024.11.20,24815.0,40.0,24620.0,25195.0,24620.0,3304.0
2024.11.19,24775.0,-160.0,24910.0,25025.0,24585.0,4736.0
2024.11.18,24935.0,835.0,24590.0,25440.0,24400.0,7780.0
2024.11.15,24100.0,315.0,24075.0,24450.0,23445.0,29642.0
2024.11.14,23785.0,-715.0,24500.0,24945.0,23620.0,16390.0
2024.11.13,24500.0,-1345.0,25725.0,25960.0,24500.0,20715.0
2024.11.12,25845.0,-1620.0,27325.0,27325.0,25700.0,31418.0
2024.11.11,27465.0,-1860.0,29280.0,29280.0,27465.0,16609.0
2024.11.08,29325.0,95.0,30095.0,30095.0,29150.0,1924.0
2024.11.07,29230.0,-80.0,29390.0,29600.0,28650.0,8491.0
2024.11.06,29310.0,-715.0,30260.0,30760.0,29000.0,5546.0
2024.11.05,30025.0,-835.0,30290.0,30490.0,29900.0,3897.0
2024.11.04,30860.0,1555.0,29500.0,30860.0,29340.0,4847.0
2024.11.01,29305.0,-490.0,29320.0,29620.0,28950.0,6010.0
2024.10.31,29795.0,-1460.0,30935.0,30935.0,29795.0,8098.0
2024.10.30,31255.0,105.0,31150.0,31545.0,30960.0,4071.0
2024.10.29,31150.0,-540.0,31945.0,31945.0,30700.0,5837.0
2024.10.28,31690.0,1020.0,30615.0,31715.0,30615.0,3272.0
2024.10.25,30670.0,-540.0,31210.0,31560.0,30500.0,3275.0
2024.10.24,31210.0,-1080.0,31900.0,31955.0,31200.0,3119.0
2024.10.23,32290.0,1740.0,30890.0,32500.0,30645.0,5608.0
2024.10.22,30550.0,-1390.0,32200.0,32200.0,30445.0,3543.0
2024.10.21,31940.0,440.0,31500.0,32245.0,31500.0,1491.0
2024.10.18,31500.0,-1080.0,32510.0,32510.0,31155.0,3539.0
2024.10.17,32580.0,585.0,32160.0,32650.0,32000.0,2595.0
2024.10.16,31995.0,-1350.0,32255.0,32635.0,31640.0,4196.0
2024.10.15,33345.0,170.0,33840.0,33850.0,33150.0,2333.0
2024.10.14,33175.0,115.0,32945.0,33750.0,32900.0,4862.0
2024.10.11,33060.0,270.0,33200.0,33885.0,32840.0,5068.0
2024.10.10,32790.0,310.0,32775.0,33400.0,32750.0,3628.0
2024.10.08,32480.0,-1035.0,33280.0,33280.0,32340.0,6696.0
2024.10.07,33515.0,1075.0,33255.0,33695.0,32175.0,4750.0
2024.10.04,32440.0,275.0,32655.0,33130.0,32285.0,4320.0
2024.10.02,32165.0,-1385.0,32750.0,33280.0,32000.0,6766.0
2024.09.30,33550.0,-2360.0,35910.0,36275.0,33550.0,6721.0
2024.09.27,35910.0,-160.0,36780.0,37000.0,35910.0,5967.0
2024.09.26,36070.0,3115.0,34500.0,36070.0,34500.0,14878.0
2024.09.25,32955.0,-1040.0,34450.0,35165.0,32955.0,7385.0
2024.09.24,33995.0,1090.0,33300.0,33995.0,32870.0,4482.0
2024.09.23,32905.0,310.0,32455.0,33295.0,32310.0,4514.0
2024.09.20,32595.0,835.0,32620.0,33070.0,32450.0,9015.0
2024.09.19,31760.0,-840.0,32975.0,32975.0,30135.0,13283.0
2024.09.13,32600.0,-505.0,33070.0,33070.0,32300.0,6791.0
2024.09.12,33105.0,1775.0,32960.0,33105.0,32355.0,5039.0
2024.09.11,31330.0,825.0,30825.0,31330.0,30430.0,2208.0
2024.09.10,30505.0,-1045.0,31850.0,31850.0,30500.0,3412.0
2024.09.09,31550.0,15.0,30145.0,31640.0,29855.0,8711.0
2024.09.06,31535.0,-1595.0,33000.0,33130.0,31370.0,6240.0
2024.09.05,33130.0,335.0,33300.0,34250.0,32845.0,6585.0
2024.09.04,32795.0,-2945.0,33040.0,33575.0,32570.0,12231.0
2024.09.03,35740.0,-840.0,36675.0,36705.0,35740.0,2394.0
2024.09.02,36580.0,850.0,36200.0,36700.0,35155.0,5605.0
2024.08.30,35730.0,685.0,35900.0,36095.0,35250.0,4844.0
2024.08.29,35045.0,-1320.0,34530.0,35100.0,34040.0,8739.0
2024.08.28,36365.0,555.0,35795.0,36365.0,35500.0,7137.0
2024.08.27,35810.0,-240.0,35780.0,36385.0,35435.0,1996.0
2024.08.26,36050.0,-760.0,37300.0,37500.0,35840.0,6085.0
2024.08.23,36810.0,-1215.0,37200.0,37330.0,36625.0,5057.0
2024.08.22,38025.0,490.0,37995.0,38190.0,37480.0,5256.0
2024.08.21,37535.0,-500.0,37355.0,37975.0,37045.0,4172.0
2024.08.20,38035.0,780.0,38200.0,38490.0,37595.0,6847.0
2024.08.19,37255.0,-1620.0,39175.0,39175.0,36805.0,7359.0
2024.08.16,38875.0,2700.0,38030.0,38880.0,38030.0,14215.0
2024.08.14,36175.0,1220.0,36120.0,36500.0,35885.0,17605.0
2024.08.13,34955.0,340.0,34785.0,35520.0,34510.0,8059.0
2024.08.12,34615.0,1280.0,33950.0,35000.0,33660.0,6500.0
2024.08.09,33335.0,1205.0,33960.0,33960.0,32785.0,7123.0
2024.08.08,32130.0,-1550.0,31525.0,32835.0,31520.0,12131.0
2024.08.07,33680.0,1855.0,31800.0,34050.0,31450.0,13483.0
2024.08.06,31825.0,-2460.0,32905.0,34000.0,31130.0,39803.0
2024.08.05,34285.0,-3200.0,35210.0,36680.0,28820.0,19315.0
2024.08.02,37485.0,-4410.0,39555.0,39555.0,37310.0,15371.0
2024.08.01,41895.0,100.0,43460.0,43460.0,41500.0,5031.0
2024.07.31,41795.0,1340.0,40455.0,41795.0,39780.0,8983.0
2024.07.30,40455.0,-1495.0,41185.0,41185.0,40030.0,4643.0
2024.07.29,41950.0,125.0,42500.0,42550.0,41515.0,6596.0
2024.07.26,41825.0,190.0,41650.0,42235.0,40985.0,11055.0
2024.07.25,41635.0,-2895.0,42520.0,42600.0,41360.0,13207.0
2024.07.24,44530.0,-280.0,44000.0,45490.0,43430.0,2508.0
2024.07.23,44810.0,-280.0,45750.0,46180.0,44020.0,7760.0
2024.07.22,45090.0,-2395.0,47465.0,47465.0,44500.0,11178.0
2024.07.19,47485.0,-760.0,47670.0,47700.0,46735.0,8337.0
2024.07.18,48245.0,-1770.0,47760.0,48470.0,47200.0,10455.0
2024.07.17,50015.0,-2265.0,52450.0,52450.0,49820.0,11050.0
2024.07.16,52280.0,565.0,51805.0,52600.0,51000.0,5466.0
2024.07.15,51715.0,-225.0,52890.0,52890.0,51230.0,5322.0
2024.07.12,51940.0,-1940.0,52500.0,52500.0,51100.0,14142.0
2024.07.11,53880.0,880.0,54725.0,54725.0,53600.0,7554.0
2024.07.10,53000.0,-200.0,53200.0,53200.0,52295.0,3954.0
2024.07.09,53200.0,795.0,53500.0,53500.0,52655.0,8489.0
2024.07.08,52405.0,-540.0,52945.0,53200.0,52300.0,5970.0
2024.07.05,52945.0,2565.0,51400.0,53200.0,50955.0,23869.0
2024.07.04,50380.0,830.0,50490.0,51095.0,48635.0,6852.0
2024.07.03,49550.0,950.0,48610.0,49560.0,47685.0,11474.0
2024.07.02,48600.0,-1575.0,50500.0,50500.0,48600.0,3327.0
2024.07.01,50175.0,175.0,49925.0,50425.0,49410.0,2215.0
2024.06.28,50000.0,355.0,49510.0,50000.0,49155.0,1209.0
2024.06.27,49645.0,-745.0,49825.0,49825.0,48870.0,2258.0
2024.06.26,50390.0,2040.0,48850.0,50390.0,48630.0,6355.0
2024.06.25,48350.0,45.0,47745.0,48350.0,47025.0,3858.0
2024.06.24,48305.0,-1625.0,49570.0,49570.0,47950.0,5456.0
2024.06.21,49930.0,-1060.0,49750.0,50125.0,49700.0,3398.0
2024.06.20,50990.0,650.0,50045.0,50995.0,50045.0,5814.0
2024.06.19,50340.0,1780.0,49315.0,51000.0,49315.0,11496.0
2024.06.18,48560.0,1360.0,47830.0,48695.0,47830.0,7522.0
2024.06.17,47200.0,-475.0,47450.0,48270.0,46865.0,2069.0
2024.06.14,47675.0,-615.0,48925.0,48925.0,47190.0,4941.0
2024.06.13,48290.0,1335.0,48995.0,49210.0,48285.0,10223.0
2024.06.12,46955.0,1330.0,45815.0,47250.0,45815.0,9986.0
2024.06.11,45625.0,-170.0,46245.0,46245.0,44925.0,2794.0
2024.06.10,45795.0,-300.0,45480.0,46300.0,45450.0,4000.0
2024.06.07,46095.0,2450.0,44700.0,46100.0,44700.0,11971.0
2024.06.05,43645.0,830.0,43400.0,43750.0,42770.0,3243.0
2024.06.04,42815.0,-745.0,43805.0,43805.0,42650.0,1645.0
2024.06.03,43560.0,1580.0,42765.0,43635.0,42650.0,1466.0
2024.05.31,41980.0,-1290.0,43300.0,44150.0,41980.0,4603.0
2024.05.30,43270.0,-2310.0,45135.0,45220.0,43270.0,8113.0
2024.05.29,45580.0,-1120.0,47005.0,47140.0,45315.0,5340.0
2024.05.28,46700.0,750.0,45950.0,46745.0,45950.0,2297.0
2024.05.27,45950.0,1440.0,45000.0,45950.0,44980.0,6297.0
2024.05.24,44510.0,-1290.0,45115.0,45115.0,44510.0,3981.0
2024.05.23,45800.0,795.0,45685.0,46365.0,45160.0,4862.0
2024.05.22,45005.0,225.0,44785.0,45595.0,44625.0,3614.0
2024.05.21,44780.0,30.0,45250.0,45250.0,44630.0,1875.0
2024.05.20,44750.0,-115.0,45250.0,45490.0,44610.0,2001.0
2024.05.17,44865.0,-1010.0,45875.0,46000.0,44770.0,4725.0
2024.05.16,45875.0,1075.0,46500.0,46560.0,45875.0,10835.0
2024.05.14,44800.0,675.0,44295.0,44800.0,44090.0,4593.0
2024.05.13,44125.0,450.0,44100.0,44125.0,43525.0,3466.0
2024.05.10,43675.0,580.0,43950.0,44050.0,43510.0,1423.0
2024.05.09,43095.0,-1105.0,44515.0,44515.0,42915.0,7211.0
2024.05.08,44200.0,65.0,44110.0,44200.0,43700.0,5859.0
2024.05.07,44135.0,2070.0,43535.0,44265.0,43535.0,10556.0
2024.05.03,42065.0,-235.0,42995.0,43510.0,42065.0,2075.0
2024.05.02,42300.0,55.0,41985.0,42645.0,41825.0,3917.0
2024.04.30,42245.0,295.0,42500.0,42800.0,41995.0,11153.0
2024.04.29,41950.0,435.0,41805.0,42495.0,41535.0,2330.0
2024.04.26,41515.0,1235.0,41580.0,41580.0,41030.0,6667.0
2024.04.25,40280.0,-2425.0,41000.0,41875.0,40280.0,6463.0
2024.04.24,42705.0,2370.0,41975.0,42895.0,41975.0,5494.0
2024.04.23,40335.0,-65.0,40595.0,41260.0,40015.0,4204.0
2024.04.22,40400.0,590.0,39670.0,40690.0,39200.0,6517.0
2024.04.19,39810.0,-2660.0,41255.0,41255.0,38660.0,18009.0
2024.04.18,42470.0,1805.0,39990.0,42500.0,39990.0,1491.0
2024.04.17,40665.0,-505.0,42000.0,42000.0,40665.0,5889.0
2024.04.16,41170.0,-2095.0,42500.0,42515.0,40845.0,5893.0
2024.04.15,43265.0,-815.0,42975.0,43950.0,42545.0,3235.0
2024.04.12,44080.0,-515.0,45390.0,45390.0,44080.0,3020.0
2024.04.11,44595.0,105.0,43720.0,44995.0,43215.0,8759.0
2024.04.09,44490.0,-290.0,45540.0,45540.0,44215.0,3126.0
2024.04.08,44780.0,-335.0,45115.0,45570.0,44575.0,3692.0
2024.04.05,45115.0,-1625.0,45875.0,45875.0,44800.0,6094.0
2024.04.04,46740.0,2110.0,46100.0,46750.0,45830.0,15018.0
2024.04.03,44630.0,-2885.0,46460.0,46460.0,44585.0,10556.0
2024.04.02,47515.0,550.0,47230.0,47995.0,46640.0,10776.0
2024.04.01,46965.0,-140.0,47745.0,48230.0,46870.0,5188.0
2024.03.29,47105.0,615.0,46405.0,47145.0,45925.0,7188.0
2024.03.28,46490.0,5.0,46860.0,47000.0,46180.0,6249.0
2024.03.27,46485.0,615.0,45860.0,46750.0,45825.0,10791.0
2024.03.26,45870.0,1020.0,45865.0,46980.0,45180.0,11379.0
2024.03.25,44850.0,-75.0,45000.0,45865.0,44425.0,3904.0
2024.03.22,44925.0,475.0,44450.0,45445.0,44275.0,12676.0
2024.03.21,44450.0,3270.0,42955.0,44490.0,42955.0,16839.0
2024.03.20,41180.0,410.0,40955.0,41750.0,40950.0,2727.0
2024.03.19,40770.0,-290.0,41135.0,41135.0,39925.0,3388.0
2024.03.18,41060.0,290.0,40285.0,41060.0,40175.0,4789.0
2024.03.15,40770.0,-1410.0,41500.0,41665.0,40500.0,6155.0
2024.03.14,42180.0,-420.0,42605.0,42765.0,41830.0,1860.0
2024.03.13,42600.0,200.0,43100.0,43355.0,42310.0,10499.0
2024.03.12,42400.0,1460.0,40995.0,42500.0,40995.0,13698.0
2024.03.11,40940.0,-1125.0,41000.0,41500.0,40445.0,7727.0
2024.03.08,42065.0,1940.0,41230.0,42750.0,41230.0,16215.0
2024.03.07,40125.0,1530.0,39380.0,40300.0,38805.0,5013.0
2024.03.06,38595.0,-705.0,38750.0,39025.0,38415.0,3619.0
2024.03.05,39300.0,-705.0,39800.0,40000.0,39285.0,5943.0
2024.03.04,40005.0,1430.0,40000.0,40235.0,39595.0,8688.0
2024.02.29,38575.0,-430.0,38835.0,38905.0,38300.0,2464.0
2024.02.28,39005.0,910.0,38125.0,39310.0,38125.0,2594.0
2024.02.27,38095.0,-1790.0,40170.0,40170.0,38000.0,4237.0
2024.02.26,39885.0,-515.0,40385.0,40890.0,39715.0,2832.0
2024.02.23,40400.0,100.0,41000.0,41870.0,40400.0,11620.0
2024.02.22,40300.0,1305.0,39900.0,40355.0,39530.0,8278.0
2024.02.21,38995.0,-105.0,38580.0,39710.0,38580.0,1265.0
2024.02.20,39100.0,-670.0,39185.0,39600.0,38500.0,4205.0
2024.02.19,39770.0,1350.0,38265.0,39995.0,38265.0,15796.0
2024.02.16,38420.0,755.0,38165.0,38580.0,37905.0,6025.0
2024.02.15,37665.0,-290.0,38990.0,38990.0,37500.0,3547.0
2024.02.14,37955.0,-770.0,37330.0,38000.0,37200.0,4396.0
2024.02.13,38725.0,1210.0,38600.0,38830.0,38400.0,13665.0
2024.02.08,37515.0,270.0,38165.0,38165.0,37420.0,3333.0
2024.02.07,37245.0,1130.0,36440.0,37715.0,36440.0,6876.0
2024.02.06,36115.0,240.0,36095.0,36330.0,35285.0,2980.0
2024.02.05,35875.0,-870.0,36390.0,36650.0,35565.0,6666.0
2024.02.02,36745.0,1680.0,35015.0,36800.0,35015.0,9389.0
2024.02.01,35065.0,1040.0,33680.0,35065.0,33680.0,3742.0
2024.01.31,34025.0,-875.0,34565.0,34670.0,34025.0,2417.0
2024.01.30,34900.0,320.0,35080.0,35380.0,34545.0,5213.0
2024.01.29,34580.0,445.0,33840.0,35200.0,33840.0,9294.0
2024.01.26,34135.0,-105.0,33800.0,34895.0,33500.0,3314.0
2024.01.25,34240.0,-860.0,35465.0,35465.0,33990.0,7432.0
2024.01.24,35100.0,-335.0,35000.0,35100.0,34340.0,1388.0
2024.01.23,35435.0,35.0,35695.0,35695.0,34730.0,2165.0
2024.01.22,35400.0,-105.0,36305.0,36500.0,35325.0,6431.0
2024.01.19,35505.0,1305.0,35000.0,35555.0,35000.0,6232.0
2024.01.18,34200.0,805.0,33240.0,34200.0,32860.0,6626.0
2024.01.17,33395.0,-2055.0,35845.0,35845.0,33240.0,18691.0
2024.01.16,35450.0,-1090.0,36155.0,36250.0,35160.0,5347.0
2024.01.15,36540.0,90.0,36250.0,36540.0,35950.0,3306.0
2024.01.12,36450.0,-730.0,37175.0,37175.0,35990.0,6912.0
2024.01.11,37180.0,60.0,37125.0,37400.0,36690.0,4072.0
2024.01.10,37120.0,-1340.0,38780.0,38780.0,36750.0,10253.0
2024.01.09,38460.0,-340.0,39800.0,39995.0,38115.0,5327.0
2024.01.08,38800.0,-85.0,38750.0,39440.0,38600.0,5186.0
2024.01.05,38885.0,-115.0,39150.0,39150.0,38600.0,3484.0
2024.01.04,39000.0,-510.0,39415.0,39610.0,38810.0,6270.0
2024.01.03,39510.0,-2770.0,41400.0,41400.0,39510.0,9070.0
2024.01.02,42280.0,185.0,42000.0,42710.0,41365.0,9178.0
2023.12.28,42095.0,1550.0,40800.0,42095.0,40665.0,7685.0
2023.12.27,40545.0,715.0,40150.0,40950.0,40000.0,3976.0
2023.12.26,39830.0,-125.0,39970.0,40070.0,39605.0,3424.0
2023.12.22,39955.0,565.0,40740.0,40825.0,39770.0,5365.0
2023.12.21,39390.0,-550.0,39480.0,39530.0,39025.0,3349.0
2023.12.20,39940.0,1190.0,39375.0,39940.0,38940.0,5579.0
2023.12.19,38750.0,-250.0,38800.0,38905.0,38610.0,1452.0
2023.12.18,39000.0,-385.0,39400.0,39400.0,38820.0,2541.0
2023.12.15,39385.0,700.0,39400.0,39865.0,39165.0,5007.0
2023.12.14,38685.0,1435.0,38080.0,38920.0,38080.0,16234.0
2023.12.13,37250.0,-630.0,37650.0,37900.0,37220.0,3674.0
2023.12.12,37880.0,835.0,37895.0,37995.0,37610.0,3456.0
2023.12.11,37045.0,220.0,36975.0,37250.0,36800.0,748.0
2023.12.08,36825.0,845.0,36995.0,37085.0,36600.0,6389.0
2023.12.07,35980.0,-280.0,36530.0,36530.0,35850.0,3396.0
2023.12.06,36260.0,-140.0,36450.0,36750.0,36250.0,1506.0
2023.12.05,36400.0,-1150.0,37300.0,37300.0,36100.0,8426.0
2023.12.04,37550.0,-340.0,37995.0,38660.0,37500.0,2584.0
2023.12.01,37890.0,-690.0,38215.0,38660.0,37690.0,4969.0
2023.11.30,38580.0,430.0,38150.0,38600.0,38025.0,4996.0
2023.11.29,38150.0,150.0,37800.0,38190.0,37275.0,2308.0
2023.11.28,38000.0,850.0,37570.0,38000.0,37550.0,6305.0
2023.11.27,37150.0,65.0,37175.0,37650.0,36920.0,3070.0
2023.11.24,37085.0,-675.0,37720.0,38000.0,37085.0,1209.0
2023.11.23,37760.0,-625.0,38200.0,38435.0,37550.0,2425.0
2023.11.22,38385.0,-115.0,37995.0,38390.0,37645.0,4301.0
2023.11.21,38500.0,650.0,38165.0,38840.0,38165.0,6158.0
2023.11.20,37850.0,465.0,37560.0,38190.0,37400.0,2325.0
2023.11.17,37385.0,-865.0,37940.0,37980.0,37200.0,2144.0
2023.11.16,38250.0,320.0,38290.0,38475.0,37635.0,7037.0
2023.11.15,37930.0,1680.0,38070.0,38305.0,37230.0,12928.0
2023.11.14,36250.0,230.0,36750.0,36860.0,36230.0,3844.0
2023.11.13,36020.0,335.0,36975.0,36975.0,35820.0,8788.0
2023.11.10,35685.0,-305.0,35500.0,36000.0,35025.0,1016.0
2023.11.09,35990.0,335.0,36070.0,36250.0,35420.0,3621.0
2023.11.08,35655.0,-1250.0,37605.0,37795.0,35350.0,4992.0
2023.11.07,36905.0,-1350.0,38255.0,38255.0,35950.0,4407.0
2023.11.06,38255.0,3355.0,36120.0,38255.0,35335.0,11641.0
2023.11.03,34900.0,360.0,35415.0,35590.0,34555.0,3596.0
2023.11.02,34540.0,1835.0,34200.0,34750.0,34015.0,4403.0
2023.11.01,32705.0,1060.0,32200.0,33000.0,32115.0,3566.0
2023.10.31,31645.0,-1395.0,33500.0,33500.0,31570.0,3752.0
2023.10.30,33040.0,540.0,32200.0,33475.0,32200.0,3905.0
2023.10.27,32500.0,160.0,32295.0,33055.0,32000.0,5348.0
2023.10.26,32340.0,-3150.0,33850.0,33975.0,32240.0,8044.0
2023.10.25,35490.0,-130.0,36125.0,36125.0,35175.0,2691.0
2023.10.24,35620.0,985.0,35200.0,35620.0,34050.0,5131.0
2023.10.23,34635.0,-980.0,35805.0,35805.0,34635.0,3274.0
2023.10.20,35615.0,-715.0,35755.0,35940.0,34835.0,3557.0
2023.10.19,36330.0,-1735.0,37380.0,37380.0,36150.0,4430.0
2023.10.18,38065.0,245.0,37575.0,38245.0,37575.0,2498.0
2023.10.17,37820.0,1635.0,36500.0,38100.0,36500.0,8683.0
2023.10.16,36185.0,-605.0,36665.0,36665.0,35385.0,2856.0
2023.10.13,36790.0,-365.0,36300.0,37010.0,36300.0,2776.0
2023.10.12,37155.0,1320.0,36400.0,37200.0,36400.0,3156.0
2023.10.11,35835.0,1250.0,35540.0,36605.0,35540.0,2746.0
2023.10.10,34585.0,815.0,34290.0,35755.0,34290.0,3907.0
2023.10.06,33770.0,-450.0,34220.0,34220.0,33615.0,2177.0
2023.10.05,34220.0,845.0,33935.0,34700.0,33685.0,1325.0
2023.10.04,33375.0,-1390.0,33500.0,33625.0,32905.0,6756.0
2023.09.27,34765.0,-360.0,34580.0,34980.0,34250.0,5741.0
2023.09.26,35125.0,-625.0,35750.0,35750.0,34745.0,7953.0
2023.09.25,35750.0,-255.0,35100.0,35985.0,35100.0,1174.0
2023.09.22,36005.0,220.0,35090.0,36005.0,34965.0,1418.0
2023.09.21,35785.0,-1200.0,36665.0,36760.0,35720.0,4485.0
2023.09.20,36985.0,-225.0,37140.0,37330.0,36750.0,4068.0
2023.09.19,37210.0,-575.0,37805.0,38270.0,37200.0,1590.0
2023.09.18,37785.0,-1440.0,38165.0,39035.0,37700.0,3428.0
2023.09.15,39225.0,700.0,38800.0,39670.0,38390.0,13583.0
2023.09.14,38525.0,1590.0,37100.0,38525.0,37100.0,5046.0
2023.09.13,36935.0,475.0,36750.0,37545.0,36675.0,2007.0
2023.09.12,36460.0,-500.0,37125.0,37125.0,36320.0,9337.0
2023.09.11,36960.0,50.0,37165.0,37165.0,36425.0,1136.0
2023.09.08,36910.0,-1070.0,37980.0,37980.0,36370.0,4943.0
2023.09.07,37980.0,-600.0,38200.0,38550.0,37645.0,5363.0
2023.09.06,38580.0,-870.0,38800.0,39215.0,38400.0,5258.0
2023.09.05,39450.0,420.0,39255.0,39700.0,39060.0,4194.0
2023.09.04,39030.0,180.0,39280.0,39280.0,38435.0,13320.0
2023.09.01,38850.0,825.0,37900.0,38900.0,37900.0,13791.0
2023.08.31,38025.0,65.0,38465.0,38500.0,37835.0,1519.0
2023.08.30,37960.0,510.0,38195.0,38500.0,37960.0,2437.0
2023.08.29,37450.0,270.0,37285.0,37755.0,37215.0,2172.0
2023.08.28,37180.0,160.0,37410.0,37500.0,36895.0,1613.0
2023.08.25,37020.0,-1360.0,37190.0,37270.0,36700.0,3776.0
2023.08.24,38380.0,1720.0,38000.0,38865.0,38000.0,4242.0
2023.08.23,36660.0,-185.0,36385.0,36815.0,36245.0,2845.0
2023.08.22,36845.0,320.0,37450.0,37935.0,36530.0,3538.0
2023.08.21,36525.0,-410.0,37310.0,37310.0,36525.0,1751.0
2023.08.18,36935.0,-140.0,36250.0,37435.0,35695.0,3600.0
2023.08.17,37075.0,-155.0,36690.0,37075.0,35800.0,8582.0
2023.08.16,37230.0,-770.0,37855.0,37900.0,37000.0,7759.0
2023.08.14,38000.0,-875.0,38600.0,38995.0,37680.0,26912.0
2023.08.11,38875.0,-195.0,39400.0,40000.0,38875.0,1944.0
2023.08.10,39070.0,-605.0,39250.0,39250.0,38220.0,2343.0
2023.08.09,39675.0,935.0,39100.0,39915.0,38950.0,6311.0
2023.08.08,38740.0,-1345.0,40085.0,40365.0,38740.0,7185.0
2023.08.07,40085.0,475.0,39760.0,40955.0,39440.0,4982.0
2023.08.04,39610.0,-580.0,40190.0,40190.0,39545.0,4805.0
2023.08.03,40190.0,-890.0,40575.0,40840.0,39685.0,10247.0
2023.08.02,41080.0,-1935.0,43010.0,43035.0,40775.0,7110.0
2023.08.01,43015.0,1515.0,41615.0,43015.0,41560.0,16972.0
2023.07.31,41500.0,-950.0,42980.0,42980.0,41145.0,7425.0
2023.07.28,42450.0,-85.0,42905.0,43000.0,41555.0,8499.0
2023.07.27,42535.0,1790.0,41500.0,42905.0,41305.0,8338.0
2023.07.26,40745.0,-965.0,41710.0,41740.0,39905.0,11626.0
2023.07.25,41710.0,-645.0,42865.0,42865.0,41450.0,5978.0
2023.07.24,42355.0,155.0,42200.0,42355.0,41350.0,6931.0
2023.07.21,42200.0,-1250.0,42470.0,42470.0,41560.0,8522.0
2023.07.20,43450.0,-350.0,43305.0,43450.0,42715.0,3704.0
2023.07.19,43800.0,-445.0,44275.0,44505.0,43220.0,5484.0
2023.07.18,44245.0,-210.0,44650.0,45050.0,43700.0,5048.0
2023.07.17,44455.0,-175.0,44135.0,44900.0,43960.0,4779.0
2023.07.14,44630.0,1490.0,44000.0,45080.0,43485.0,12114.0
2023.07.13,43140.0,905.0,42500.0,43500.0,42500.0,5243.0
2023.07.12,42235.0,485.0,41965.0,42235.0,41770.0,4734.0
2023.07.11,41750.0,1550.0,40960.0,41750.0,40885.0,2408.0
2023.07.10,40200.0,-1225.0,41270.0,41470.0,40105.0,4015.0
2023.07.07,41425.0,-1385.0,42550.0,42550.0,41100.0,8704.0
2023.07.06,42810.0,-1375.0,43750.0,43750.0,42540.0,9803.0
2023.07.05,44185.0,-565.0,44910.0,44910.0,43875.0,5046.0
2023.07.04,44750.0,-350.0,45500.0,45700.0,44750.0,1996.0
2023.07.03,45100.0,2025.0,43900.0,45165.0,43900.0,6684.0
2023.06.30,43075.0,-155.0,43100.0,43400.0,42095.0,4465.0
2023.06.29,43230.0,810.0,42655.0,44000.0,42650.0,1373.0
2023.06.28,42420.0,-430.0,43680.0,43680.0,42140.0,1754.0
2023.06.27,42850.0,-150.0,42620.0,42850.0,42250.0,1781.0
2023.06.26,43000.0,110.0,42835.0,43215.0,42375.0,2109.0
2023.06.23,42890.0,-415.0,43585.0,43880.0,42625.0,2268.0
2023.06.22,43305.0,-10.0,42800.0,43925.0,42800.0,3226.0
2023.06.21,43315.0,-805.0,44490.0,44600.0,43315.0,6098.0
2023.06.20,44120.0,-235.0,44000.0,44355.0,43055.0,9855.0
2023.06.19,44355.0,-1220.0,45035.0,45035.0,44100.0,7033.0
2023.06.16,45575.0,235.0,45695.0,45695.0,44630.0,7327.0
2023.06.15,45340.0,15.0,46060.0,46060.0,44730.0,3781.0
2023.06.14,45325.0,-595.0,45920.0,46020.0,45035.0,10562.0
2023.06.13,45920.0,1265.0,45220.0,46135.0,45220.0,14541.0
2023.06.12,44655.0,-195.0,45300.0,45655.0,44490.0,7351.0
2023.06.09,44850.0,1445.0,43900.0,45010.0,43430.0,10104.0
2023.06.08,43405.0,-90.0,43040.0,43420.0,42670.0,7926.0
2023.06.07,43495.0,-110.0,43610.0,43985.0,41450.0,4685.0
2023.06.05,43605.0,125.0,44020.0,44020.0,43420.0,5229.0
2023.06.02,43480.0,630.0,43810.0,43960.0,43190.0,5219.0
2023.06.01,42850.0,-150.0,42155.0,43050.0,42120.0,14255.0
2023.05.31,43000.0,-860.0,43435.0,43990.0,43000.0,9513.0
2023.05.30,43860.0,2825.0,42035.0,43910.0,42035.0,30688.0
2023.05.26,41035.0,945.0,40400.0,41400.0,40400.0,11409.0
2023.05.25,40090.0,795.0,40125.0,40560.0,39700.0,9913.0
2023.05.24,39295.0,-135.0,38870.0,39385.0,38870.0,5325.0
2023.05.23,39430.0,130.0,39980.0,39980.0,39300.0,6833.0
2023.05.22,39300.0,175.0,39200.0,39770.0,39000.0,12763.0
2023.05.19,39125.0,1435.0,38000.0,39180.0,38000.0,24395.0
2023.05.18,37690.0,905.0,37570.0,37700.0,37100.0,2724.0
2023.05.17,36785.0,855.0,36000.0,36790.0,36000.0,5129.0
2023.05.16,35930.0,870.0,35965.0,36420.0,35845.0,2966.0
2023.05.15,35060.0,-120.0,35000.0,35240.0,34400.0,4767.0
2023.05.12,35180.0,-320.0,35635.0,35635.0,35045.0,3302.0
2023.05.11,35500.0,-90.0,35910.0,35980.0,35300.0,958.0
2023.05.10,35590.0,-400.0,35990.0,36000.0,35380.0,443.0
2023.05.09,35990.0,-500.0,36485.0,36485.0,35750.0,832.0
2023.05.08,36490.0,595.0,36730.0,36730.0,36390.0,1819.0
2023.05.04,35895.0,-305.0,35975.0,36120.0,35505.0,1597.0
2023.05.03,36200.0,-550.0,36500.0,36500.0,36015.0,4415.0
2023.05.02,36750.0,615.0,36320.0,36810.0,36215.0,4139.0
2023.04.28,36135.0,120.0,36500.0,37180.0,35980.0,5515.0
2023.04.27,36015.0,415.0,35390.0,36140.0,35000.0,996.0
2023.04.26,35600.0,160.0,35440.0,36065.0,33550.0,15720.0
2023.04.25,35440.0,-1100.0,36565.0,36830.0,34695.0,11141.0
2023.04.24,36540.0,-895.0,37410.0,37410.0,36540.0,3224.0
2023.04.21,37435.0,-105.0,37640.0,37945.0,37100.0,6865.0
2023.04.20,37540.0,-745.0,38000.0,38000.0,37365.0,14979.0
2023.04.19,38285.0,-285.0,38560.0,38830.0,38020.0,2674.0
2023.04.18,38570.0,-40.0,38905.0,38905.0,38200.0,5877.0
2023.04.17,38610.0,-765.0,39060.0,39060.0,38360.0,15957.0
2023.04.14,39375.0,5.0,40105.0,40110.0,38900.0,6324.0
2023.04.13,39370.0,-180.0,39250.0,39580.0,38850.0,5696.0
2023.04.12,39550.0,325.0,39225.0,39680.0,38315.0,8509.0
2023.04.11,39225.0,740.0,39110.0,39290.0,38370.0,11619.0
2023.04.10,38485.0,555.0,38270.0,39050.0,37930.0,8826.0
2023.04.07,37930.0,1460.0,37215.0,38165.0,37215.0,15801.0
2023.04.06,36470.0,-1800.0,38115.0,38115.0,36325.0,13185.0
2023.04.05,38270.0,1290.0,36980.0,38500.0,36980.0,13844.0
2023.04.04,36980.0,-475.0,37500.0,37500.0,36800.0,6419.0
2023.04.03,37455.0,-185.0,38175.0,38200.0,37000.0,7238.0
2023.03.31,37640.0,690.0,37625.0,37760.0,37300.0,11064.0
2023.03.30,36950.0,400.0,37990.0,37990.0,36950.0,10924.0
2023.03.29,36550.0,50.0,36420.0,36615.0,36185.0,6447.0
2023.03.28,36500.0,590.0,35825.0,36500.0,35550.0,11130.0
2023.03.27,35910.0,-170.0,36600.0,36600.0,35500.0,8989.0
2023.03.24,36080.0,-115.0,36470.0,36685.0,35770.0,7629.0
2023.03.23,36195.0,450.0,35150.0,36195.0,35035.0,20905.0
2023.03.22,35745.0,970.0,35300.0,35750.0,34935.0,8866.0
2023.03.21,34775.0,-65.0,35485.0,35485.0,34540.0,1894.0
2023.03.20,34840.0,-1010.0,35820.0,35820.0,34820.0,5990.0
2023.03.17,35850.0,965.0,36235.0,36235.0,35180.0,6218.0
2023.03.16,34885.0,-60.0,34200.0,35060.0,33820.0,7311.0
2023.03.15,34945.0,735.0,35175.0,35175.0,34435.0,9450.0
2023.03.14,34210.0,-1955.0,35600.0,35600.0,34010.0,21600.0
2023.03.13,36165.0,825.0,35855.0,36280.0,34905.0,4864.0
2023.03.10,35340.0,-745.0,35270.0,35455.0,34770.0,8675.0
2023.03.09,36085.0,-945.0,37300.0,37300.0,36085.0,5133.0
2023.03.08,37030.0,-1070.0,37620.0,37620.0,36845.0,5590.0
2023.03.07,38100.0,-400.0,38270.0,38505.0,37580.0,7521.0
2023.03.06,38500.0,2500.0,36650.0,38500.0,36650.0,19934.0
2023.03.03,36000.0,300.0,36200.0,36355.0,35585.0,2314.0
2023.03.02,35700.0,250.0,35815.0,36165.0,35285.0,3689.0
2023.02.28,35450.0,0.0,35700.0,36245.0,35450.0,3882.0
2023.02.27,35450.0,-590.0,35500.0,35535.0,35050.0,6798.0
2023.02.24,36040.0,-820.0,37300.0,37380.0,36040.0,3286.0
2023.02.23,36860.0,1245.0,35970.0,37110.0,35970.0,6081.0
2023.02.22,35615.0,-1440.0,36220.0,36220.0,35500.0,7196.0
2023.02.21,37055.0,-120.0,37175.0,37500.0,36765.0,4528.0
2023.02.20,37175.0,175.0,36750.0,37455.0,36100.0,6644.0
2023.02.17,37000.0,-1180.0,37515.0,37925.0,36940.0,5950.0
2023.02.16,38180.0,1445.0,37140.0,38340.0,37140.0,11124.0
2023.02.15,36735.0,-965.0,37900.0,38000.0,36560.0,4319.0
2023.02.14,37700.0,1395.0,36830.0,37850.0,36830.0,7490.0
2023.02.13,36305.0,-1145.0,36795.0,37110.0,35900.0,2544.0
2023.02.10,37450.0,-500.0,37500.0,37560.0,36965.0,3858.0
2023.02.09,37950.0,30.0,37300.0,37950.0,37100.0,5465.0
2023.02.08,37920.0,2325.0,36300.0,38000.0,36300.0,10338.0
2023.02.07,35595.0,205.0,35000.0,35965.0,34895.0,1783.0
2023.02.06,35390.0,-1195.0,36010.0,36205.0,35390.0,5766.0
2023.02.03,36585.0,-325.0,36990.0,36990.0,36150.0,5040.0
2023.02.02,36910.0,1490.0,37000.0,37085.0,36235.0,8311.0
2023.02.01,35420.0,970.0,35220.0,35780.0,34970.0,4447.0
2023.01.31,34450.0,-1155.0,35580.0,35870.0,34340.0,8452.0
2023.01.30,35605.0,-900.0,36800.0,36800.0,35410.0,8488.0
2023.01.27,36505.0,835.0,35770.0,36880.0,35770.0,7548.0
2023.01.26,35670.0,730.0,35200.0,35755.0,34675.0,4389.0
2023.01.25,34940.0,1845.0,34440.0,35120.0,34275.0,7533.0
2023.01.20,33095.0,590.0,32505.0,33100.0,32505.0,2968.0
2023.01.19,32505.0,90.0,32220.0,32745.0,32060.0,1911.0
2023.01.18,32415.0,-290.0,32420.0,32650.0,31770.0,3037.0
2023.01.17,32705.0,-385.0,33090.0,33265.0,32395.0,6015.0
2023.01.16,33090.0,400.0,33335.0,33335.0,32715.0,2363.0
2023.01.13,32690.0,180.0,33000.0,33465.0,32690.0,3735.0
2023.01.12,32510.0,-210.0,32950.0,32950.0,32250.0,2209.0
2023.01.11,32720.0,260.0,32595.0,33180.0,32235.0,5145.0
2023.01.10,32460.0,420.0,32040.0,32950.0,31805.0,5687.0
2023.01.09,32040.0,1640.0,31380.0,32040.0,31135.0,6065.0
2023.01.06,30400.0,690.0,29015.0,30630.0,29015.0,4016.0
2023.01.05,29710.0,-5.0,30470.0,30470.0,29310.0,8837.0
2023.01.04,29715.0,1955.0,27115.0,29715.0,27115.0,13244.0
2023.01.03,27760.0,115.0,28005.0,28005.0,26480.0,7082.0
2023.01.02,27645.0,220.0,27880.0,28100.0,27425.0,7267.0
2022.12.29,27425.0,-1240.0,28410.0,28410.0,27425.0,5941.0
2022.12.28,28665.0,-765.0,29130.0,29470.0,28500.0,1349.0
2022.12.27,29430.0,220.0,29250.0,29940.0,29075.0,1387.0
2022.12.26,29210.0,-290.0,29015.0,29485.0,29015.0,2751.0
2022.12.23,29500.0,-800.0,29210.0,29555.0,29185.0,913.0
2022.12.22,30300.0,815.0,30050.0,30300.0,29735.0,1344.0
2022.12.21,29485.0,-320.0,29730.0,30005.0,29205.0,5939.0
2022.12.20,29805.0,-1000.0,30220.0,30495.0,29710.0,2422.0
2022.12.19,30805.0,-85.0,30380.0,31155.0,30380.0,1694.0
2022.12.16,30890.0,-660.0,30540.0,30890.0,30220.0,3931.0
2022.12.15,31550.0,-1070.0,32195.0,32195.0,31550.0,2855.0
2022.12.14,32620.0,1015.0,31605.0,32620.0,31605.0,1628.0
2022.12.13,31605.0,-5.0,31470.0,32000.0,31215.0,1532.0
2022.12.12,31610.0,110.0,31040.0,31610.0,31040.0,898.0
2022.12.09,31500.0,-385.0,32320.0,32320.0,31485.0,4417.0
2022.12.08,31885.0,-295.0,32180.0,32210.0,31470.0,1695.0
2022.12.07,32180.0,-470.0,32180.0,32610.0,32145.0,5407.0
2022.12.06,32650.0,-490.0,32595.0,33180.0,32235.0,2057.0
2022.12.05,33140.0,-985.0,34015.0,34015.0,32915.0,5853.0
2022.12.02,34125.0,-1230.0,35355.0,35355.0,34000.0,3826.0
2022.12.01,35355.0,140.0,36500.0,36505.0,35300.0,5945.0
2022.11.30,35215.0,1215.0,33610.0,35215.0,33605.0,6123.0
2022.11.29,34000.0,125.0,33610.0,34000.0,33420.0,1804.0
2022.11.28,33875.0,-710.0,33910.0,34270.0,33450.0,3427.0
2022.11.25,34585.0,-275.0,35000.0,35000.0,34480.0,3787.0
2022.11.24,34860.0,890.0,34990.0,34990.0,34250.0,5791.0
2022.11.23,33970.0,570.0,34260.0,34330.0,33700.0,3693.0
2022.11.22,33400.0,-810.0,33830.0,34250.0,33200.0,10086.0
2022.11.21,34210.0,-850.0,35450.0,35450.0,33985.0,7463.0
2022.11.18,35060.0,-195.0,35500.0,36340.0,35060.0,4607.0
2022.11.17,35255.0,-1745.0,36200.0,36200.0,35210.0,6295.0
2022.11.16,37000.0,0.0,37100.0,37300.0,36005.0,3749.0
2022.11.15,37000.0,-520.0,37430.0,37720.0,36600.0,5184.0
2022.11.14,37520.0,-435.0,38000.0,38410.0,37500.0,14332.0
2022.11.11,37955.0,3070.0,37175.0,37955.0,37015.0,21234.0
2022.11.10,34885.0,-675.0,34745.0,35300.0,34745.0,4482.0
2022.11.09,35560.0,960.0,35000.0,35600.0,34750.0,10445.0
2022.11.08,34600.0,735.0,34390.0,34700.0,33985.0,7491.0
2022.11.07,33865.0,865.0,33175.0,33975.0,33175.0,6836.0
2022.11.04,33000.0,445.0,32230.0,33200.0,31510.0,5856.0
2022.11.03,32555.0,-95.0,31730.0,32720.0,31200.0,4598.0
2022.11.02,32650.0,-500.0,32720.0,33165.0,32300.0,6496.0
2022.11.01,33150.0,990.0,32450.0,33200.0,31900.0,6461.0
2022.10.31,32160.0,1200.0,32000.0,32500.0,31610.0,10273.0
2022.10.28,30960.0,-2130.0,32525.0,32525.0,30960.0,7431.0
2022.10.27,33090.0,1295.0,32820.0,33325.0,32000.0,9542.0
2022.10.26,31795.0,680.0,31500.0,32215.0,31025.0,7302.0
2022.10.25,31115.0,470.0,30645.0,31500.0,30645.0,3131.0
2022.10.24,30645.0,1075.0,30400.0,30900.0,30215.0,12985.0
2022.10.21,29570.0,1090.0,28425.0,29880.0,28425.0,8241.0
2022.10.20,28480.0,-940.0,29230.0,29230.0,27865.0,3117.0
2022.10.19,29420.0,-735.0,30430.0,30430.0,29420.0,2318.0
2022.10.18,30155.0,240.0,30830.0,30830.0,29525.0,3060.0
2022.10.17,29915.0,215.0,29100.0,30000.0,29000.0,2365.0
2022.10.14,29700.0,865.0,29500.0,29815.0,29165.0,7362.0
2022.10.13,28835.0,-470.0,28950.0,29380.0,28690.0,2440.0
2022.10.12,29305.0,960.0,28325.0,29310.0,28325.0,10173.0
2022.10.11,28345.0,-745.0,27650.0,28495.0,27415.0,6439.0
2022.10.07,29090.0,-20.0,28400.0,29330.0,28050.0,3346.0
2022.10.06,29110.0,925.0,28500.0,29370.0,28465.0,12726.0
2022.10.05,28185.0,800.0,28900.0,28940.0,27670.0,27377.0
2022.10.04,27385.0,1620.0,27000.0,27400.0,26655.0,9296.0
2022.09.30,25765.0,-160.0,25800.0,26165.0,25045.0,4205.0
2022.09.29,25925.0,-165.0,27065.0,27205.0,25840.0,5655.0
2022.09.28,26090.0,-1690.0,27780.0,27780.0,25690.0,12787.0
2022.09.27,27780.0,-340.0,28305.0,28305.0,26775.0,3729.0
2022.09.26,28120.0,-1085.0,28765.0,28765.0,28025.0,7450.0
2022.09.23,29205.0,-1365.0,30180.0,30675.0,29170.0,6604.0
2022.09.22,30570.0,-645.0,30520.0,30610.0,30070.0,4924.0
2022.09.21,31215.0,-760.0,31360.0,31375.0,30790.0,1475.0
2022.09.20,31975.0,270.0,31815.0,32280.0,31500.0,982.0
2022.09.19,31705.0,-45.0,31685.0,32245.0,31460.0,3269.0
2022.09.16,31750.0,-970.0,32000.0,32000.0,31390.0,2163.0
2022.09.15,32720.0,-655.0,33230.0,33500.0,32440.0,1507.0
2022.09.14,33375.0,-1010.0,32300.0,33500.0,31685.0,6827.0
2022.09.13,34385.0,3010.0,32400.0,34385.0,32400.0,12206.0
2022.09.08,31375.0,730.0,30985.0,31525.0,30985.0,3969.0
2022.09.07,30645.0,-1130.0,31430.0,31430.0,30500.0,4818.0
2022.09.06,31775.0,-35.0,31810.0,32215.0,31510.0,1891.0
2022.09.05,31810.0,-520.0,32000.0,32320.0,31460.0,5714.0
2022.09.02,32330.0,-370.0,32700.0,33015.0,32285.0,3381.0
2022.09.01,32700.0,-1870.0,33770.0,33770.0,32700.0,5355.0
2022.08.31,34570.0,1520.0,32405.0,34570.0,32405.0,4032.0
2022.08.30,33050.0,250.0,32375.0,33305.0,32365.0,3074.0
2022.08.29,32800.0,-1700.0,32910.0,32910.0,32245.0,6909.0
2022.08.26,34500.0,455.0,34970.0,34970.0,34170.0,2207.0
2022.08.25,34045.0,370.0,33675.0,34125.0,33370.0,3976.0
2022.08.24,33675.0,35.0,33850.0,34115.0,33485.0,1743.0
2022.08.23,33640.0,-1085.0,34000.0,34405.0,33495.0,5139.0
2022.08.22,34725.0,-1655.0,35710.0,35710.0,34565.0,5612.0
2022.08.19,36380.0,-400.0,37050.0,37125.0,36225.0,2713.0
2022.08.18,36780.0,-195.0,36305.0,36780.0,35535.0,7605.0
2022.08.17,36975.0,-220.0,36820.0,37450.0,36795.0,3792.0
2022.08.16,37195.0,1095.0,36565.0,37385.0,36565.0,7836.0
2022.08.12,36100.0,460.0,35245.0,36120.0,35245.0,5702.0
2022.08.11,35640.0,1640.0,35175.0,35640.0,34815.0,4826.0
2022.08.10,34000.0,-1215.0,34425.0,34695.0,34000.0,6785.0
2022.08.09,35215.0,70.0,34980.0,35290.0,34500.0,2589.0
2022.08.08,35145.0,-710.0,35550.0,35615.0,34900.0,2666.0
2022.08.05,35855.0,325.0,35640.0,35995.0,35640.0,6148.0
2022.08.04,35530.0,720.0,35300.0,35665.0,35265.0,6147.0
2022.08.03,34810.0,370.0,34060.0,34810.0,34060.0,1727.0
2022.08.02,34440.0,-345.0,34660.0,34660.0,34150.0,4277.0
2022.08.01,34785.0,35.0,34480.0,35025.0,34295.0,3067.0
2022.07.29,34750.0,-500.0,35745.0,36030.0,34460.0,8343.0
2022.07.28,35250.0,430.0,35735.0,35735.0,35100.0,6176.0
2022.07.27,34820.0,-65.0,35120.0,35120.0,34090.0,5155.0
2022.07.26,34885.0,200.0,34270.0,34885.0,34025.0,1032.0
2022.07.25,34685.0,-145.0,34000.0,35095.0,34000.0,12230.0
2022.07.22,34830.0,-660.0,35490.0,35625.0,34720.0,4729.0
2022.07.21,35490.0,925.0,34985.0,35490.0,34655.0,5573.0
2022.07.20,34565.0,725.0,35085.0,35600.0,34000.0,19764.0
2022.07.19,33840.0,-450.0,33800.0,34000.0,33245.0,2640.0
2022.07.18,34290.0,1200.0,33775.0,34445.0,33775.0,10280.0
2022.07.15,33090.0,1270.0,32155.0,33245.0,31830.0,14176.0
2022.07.14,31820.0,280.0,31540.0,32270.0,31170.0,2757.0
2022.07.13,31540.0,605.0,30985.0,31990.0,30985.0,1672.0
2022.07.12,30935.0,-890.0,31225.0,31230.0,30500.0,10052.0
2022.07.11,31825.0,-505.0,32330.0,32680.0,31725.0,3905.0
2022.07.08,32330.0,-95.0,33500.0,33530.0,32290.0,5967.0
2022.07.07,32425.0,1460.0,31055.0,32845.0,31055.0,9675.0
2022.07.06,30965.0,-785.0,31750.0,31785.0,30820.0,9250.0
2022.07.05,31750.0,1945.0,30445.0,31750.0,30300.0,8896.0
2022.07.04,29805.0,395.0,29885.0,29885.0,28940.0,3399.0
2022.07.01,29410.0,-1435.0,30850.0,31490.0,29250.0,8035.0
2022.06.30,30845.0,-2155.0,32260.0,32800.0,30845.0,8493.0
2022.06.29,33000.0,-970.0,32945.0,33545.0,32655.0,4905.0
2022.06.28,33970.0,310.0,33405.0,33970.0,33015.0,3296.0
2022.06.27,33660.0,1495.0,33000.0,34125.0,32655.0,7035.0
2022.06.24,32165.0,1270.0,30505.0,32850.0,30500.0,7850.0
2022.06.23,30895.0,-740.0,31635.0,32000.0,30500.0,4142.0
2022.06.22,31635.0,-2440.0,33875.0,33875.0,31635.0,15441.0
2022.06.21,34075.0,655.0,33500.0,34630.0,33500.0,4041.0
2022.06.20,33420.0,-1485.0,35010.0,35010.0,33000.0,7995.0
2022.06.17,34905.0,-195.0,35000.0,35000.0,33630.0,9659.0
2022.06.16,35100.0,500.0,35595.0,37000.0,35040.0,7916.0
2022.06.15,34600.0,-1045.0,35345.0,35540.0,34100.0,4634.0
2022.06.14,35645.0,-465.0,34675.0,35875.0,34100.0,8727.0
2022.06.13,36110.0,-2840.0,37770.0,37770.0,36110.0,7154.0
2022.06.10,38950.0,-750.0,39000.0,39800.0,38400.0,3064.0
2022.06.09,39700.0,-200.0,39470.0,40005.0,39295.0,1951.0
2022.06.08,39900.0,345.0,39800.0,39950.0,39375.0,2856.0
2022.06.07,39555.0,-2225.0,41015.0,41015.0,39275.0,14414.0
2022.06.03,41780.0,280.0,41870.0,42340.0,41590.0,2154.0
2022.06.02,41500.0,-700.0,41690.0,41690.0,41200.0,1693.0
2022.05.31,42200.0,-80.0,41600.0,42420.0,41585.0,1781.0
2022.05.30,42280.0,965.0,42015.0,42380.0,41695.0,2350.0
2022.05.27,41315.0,920.0,41400.0,41710.0,41015.0,2631.0
2022.05.26,40395.0,-1420.0,41520.0,42265.0,39965.0,8532.0
2022.05.25,41815.0,270.0,42080.0,42145.0,40985.0,3169.0
2022.05.24,41545.0,-2330.0,43470.0,43500.0,41545.0,3763.0
2022.05.23,43875.0,480.0,44000.0,44350.0,43600.0,3333.0
2022.05.20,43395.0,1150.0,42630.0,43500.0,42545.0,2042.0
2022.05.19,42245.0,-1280.0,41450.0,42640.0,41450.0,4941.0
2022.05.18,43525.0,625.0,43500.0,44125.0,42920.0,3524.0
2022.05.17,42900.0,990.0,41210.0,42950.0,41210.0,1394.0
2022.05.16,41910.0,-375.0,42700.0,43325.0,41600.0,1293.0
2022.05.13,42285.0,2285.0,39980.0,42400.0,39980.0,4643.0
2022.05.12,40000.0,-1485.0,40695.0,41360.0,39980.0,4519.0
2022.05.11,41485.0,-685.0,42170.0,42170.0,40940.0,7285.0
2022.05.10,42170.0,285.0,41150.0,42400.0,40080.0,5046.0
2022.05.09,41885.0,-1270.0,43000.0,43350.0,41800.0,3039.0
2022.05.06,43155.0,-1530.0,43595.0,43595.0,42820.0,4586.0
2022.05.04,44685.0,-430.0,45500.0,45590.0,44445.0,2599.0
2022.05.03,45115.0,300.0,45290.0,45400.0,44820.0,1735.0
2022.05.02,44815.0,-435.0,44340.0,44910.0,44230.0,4677.0
2022.04.29,45250.0,1520.0,44180.0,45380.0,44050.0,4001.0
2022.04.28,43730.0,660.0,44000.0,44000.0,42915.0,3843.0
2022.04.27,43070.0,-1425.0,42385.0,43410.0,41000.0,4040.0
2022.04.26,44495.0,600.0,44100.0,44770.0,43930.0,3087.0
2022.04.25,43895.0,-1905.0,44650.0,44670.0,43860.0,6823.0
2022.04.22,45800.0,-1770.0,46455.0,46455.0,45665.0,5985.0
2022.04.21,47570.0,685.0,47310.0,47950.0,47305.0,6099.0
2022.04.20,46885.0,-15.0,47050.0,47050.0,46160.0,2542.0
2022.04.19,46900.0,1075.0,46800.0,47000.0,46410.0,3319.0
2022.04.18,45825.0,-615.0,45800.0,46125.0,45600.0,3563.0
2022.04.15,46440.0,-1225.0,46500.0,46670.0,45700.0,2581.0
2022.04.14,47665.0,265.0,47655.0,47680.0,47000.0,6198.0
2022.04.13,47400.0,2030.0,45655.0,47460.0,45655.0,4807.0
2022.04.12,45370.0,-335.0,45100.0,45560.0,45000.0,1977.0
2022.04.11,45705.0,-1095.0,46500.0,46945.0,45705.0,4300.0
2022.04.08,46800.0,810.0,45995.0,46810.0,45820.0,3743.0
2022.04.07,45990.0,-845.0,46030.0,46030.0,45000.0,6487.0
2022.04.06,46835.0,-1625.0,47300.0,47835.0,46560.0,4493.0
2022.04.05,48460.0,255.0,48500.0,48900.0,48265.0,1086.0
2022.04.04,48205.0,45.0,47800.0,48205.0,46950.0,2224.0
2022.04.01,48160.0,-1220.0,48540.0,48600.0,47890.0,4250.0
2022.03.31,49380.0,430.0,48455.0,49500.0,48455.0,6825.0
2022.03.30,48950.0,1250.0,48500.0,49400.0,48500.0,5333.0
2022.03.29,47700.0,490.0,47870.0,48245.0,45500.0,5121.0
2022.03.28,47210.0,-340.0,46500.0,47370.0,46500.0,2130.0
2022.03.25,47550.0,-115.0,48445.0,48500.0,47400.0,3691.0
2022.03.24,47665.0,-280.0,47325.0,47665.0,46500.0,9399.0
2022.03.23,47945.0,430.0,47915.0,48400.0,47590.0,6104.0
2022.03.22,47515.0,430.0,46780.0,47610.0,46780.0,1751.0
2022.03.21,47085.0,-555.0,48000.0,48110.0,46780.0,2991.0
2022.03.18,47640.0,-55.0,47780.0,47780.0,47000.0,8390.0
2022.03.17,47695.0,2770.0,47200.0,47895.0,47110.0,16035.0
2022.03.16,44925.0,1815.0,44380.0,44925.0,43750.0,4049.0
2022.03.15,43110.0,-970.0,43520.0,43710.0,43000.0,3709.0
2022.03.14,44080.0,-260.0,43900.0,44120.0,43190.0,3936.0
2022.03.11,44340.0,-1100.0,45350.0,45700.0,43765.0,8544.0
2022.03.10,45440.0,1080.0,45900.0,46870.0,45080.0,3177.0
2022.03.08,44360.0,-1265.0,45000.0,45255.0,43600.0,8332.0
2022.03.07,45625.0,-3155.0,48000.0,48000.0,45240.0,13775.0
2022.03.04,48780.0,-2255.0,50600.0,50600.0,48560.0,11220.0
2022.03.03,51035.0,1510.0,50750.0,51035.0,50235.0,5449.0
2022.03.02,49525.0,405.0,49135.0,49700.0,48720.0,4186.0
2022.02.28,49120.0,25.0,48895.0,49120.0,47250.0,5212.0
2022.02.25,49095.0,1505.0,49500.0,49500.0,45685.0,13337.0
2022.02.24,47590.0,-3275.0,49370.0,49450.0,47030.0,20645.0
2022.02.23,50865.0,1015.0,49900.0,50950.0,49850.0,16061.0
2022.02.22,49850.0,-1445.0,49490.0,50195.0,49100.0,7687.0
2022.02.21,51295.0,-305.0,49960.0,51300.0,49100.0,8514.0
2022.02.18,51600.0,-605.0,51005.0,51910.0,50620.0,3634.0
2022.02.17,52205.0,1305.0,50900.0,52830.0,50575.0,9128.0
2022.02.16,50900.0,1965.0,51000.0,51000.0,50380.0,3948.0
2022.02.15,48935.0,-1145.0,50340.0,50340.0,48215.0,7902.0
2022.02.14,50080.0,-1245.0,50080.0,50620.0,49350.0,5598.0
2022.02.11,51325.0,-1575.0,52000.0,52240.0,51175.0,3753.0
2022.02.10,52900.0,1185.0,53100.0,53175.0,51905.0,7379.0
2022.02.09,51715.0,1310.0,51260.0,52055.0,51260.0,4036.0
2022.02.08,50405.0,-140.0,50760.0,51285.0,49835.0,3149.0
2022.02.07,50545.0,-1555.0,50610.0,51040.0,49350.0,10672.0
2022.02.04,52100.0,600.0,53300.0,53300.0,51200.0,6831.0
2022.02.03,51500.0,620.0,53655.0,53900.0,51500.0,9146.0
2022.01.28,50880.0,2270.0,49195.0,50985.0,47645.0,14733.0
2022.01.27,48610.0,-3855.0,53100.0,53100.0,48170.0,23960.0
2022.01.26,52465.0,-1090.0,54740.0,54740.0,52435.0,8326.0
2022.01.25,53555.0,-3090.0,56420.0,56420.0,53000.0,15550.0
2022.01.24,56645.0,-445.0,56065.0,56710.0,55500.0,5795.0
2022.01.21,57090.0,-2910.0,58000.0,58385.0,56200.0,13932.0
2022.01.20,60000.0,1110.0,58715.0,60000.0,58330.0,3783.0
2022.01.19,58890.0,-670.0,57500.0,59800.0,57475.0,7551.0
2022.01.18,59560.0,185.0,59385.0,60320.0,58735.0,5706.0
2022.01.17,59375.0,-1025.0,60480.0,60480.0,58180.0,5580.0
2022.01.14,60400.0,-475.0,59725.0,61080.0,59725.0,9189.0
2022.01.13,60875.0,345.0,61170.0,61985.0,60735.0,7929.0
2022.01.12,60530.0,2330.0,58775.0,60665.0,58775.0,18758.0
2022.01.11,58200.0,820.0,57575.0,58275.0,57175.0,5790.0
2022.01.10,57380.0,-2045.0,59000.0,59000.0,56900.0,14370.0
2022.01.07,59425.0,1325.0,59975.0,60150.0,59400.0,5392.0
2022.01.06,58100.0,-2550.0,58520.0,60005.0,58100.0,14855.0
2022.01.05,60650.0,-2265.0,62680.0,62680.0,59125.0,16187.0
2022.01.04,62915.0,-145.0,63060.0,63600.0,62020.0,6457.0
2022.01.03,63060.0,-40.0,63995.0,63995.0,62580.0,5911.0
2021.12.30,63100.0,85.0,63250.0,64195.0,62920.0,11599.0
2021.12.29,63015.0,1170.0,62930.0,63480.0,62195.0,30698.0
2021.12.28,61845.0,1120.0,61010.0,61960.0,60625.0,10600.0
2021.12.27,60725.0,-955.0,62130.0,62130.0,60725.0,7042.0
2021.12.24,61680.0,1010.0,61680.0,62475.0,61665.0,10007.0
2021.12.23,60670.0,1880.0,59950.0,60815.0,59085.0,20338.0
2021.12.22,58790.0,940.0,58965.0,59870.0,58515.0,8315.0
2021.12.21,57850.0,1370.0,57600.0,58360.0,56385.0,7894.0
2021.12.20,56480.0,-1795.0,58000.0,58250.0,56300.0,6076.0
2021.12.17,58275.0,-975.0,57500.0,59000.0,57500.0,3879.0
2021.12.16,59250.0,720.0,59000.0,60000.0,59000.0,5754.0
2021.12.15,58530.0,530.0,56715.0,58600.0,56710.0,3451.0
2021.12.14,58000.0,-1975.0,58555.0,59600.0,57880.0,8378.0
2021.12.13,59975.0,505.0,60500.0,61660.0,59975.0,16083.0
2021.12.10,59470.0,-1030.0,59000.0,59740.0,59000.0,2291.0
2021.12.09,60500.0,730.0,59150.0,60500.0,59150.0,13015.0
2021.12.08,59770.0,325.0,60345.0,61900.0,59385.0,13809.0
2021.12.07,59445.0,925.0,58730.0,59500.0,57820.0,5797.0
2021.12.06,58520.0,945.0,56500.0,58635.0,56000.0,13035.0
2021.12.03,57575.0,825.0,56460.0,58050.0,55770.0,9725.0
2021.12.02,56750.0,525.0,55485.0,57400.0,55240.0,21275.0
2021.12.01,56225.0,2310.0,54210.0,56710.0,53730.0,10137.0
2021.11.30,53915.0,-2550.0,57955.0,57955.0,52760.0,12269.0
2021.11.29,56465.0,-635.0,56190.0,57500.0,55000.0,7439.0
2021.11.26,57100.0,-2090.0,59145.0,59325.0,56750.0,10536.0
2021.11.25,59190.0,-1460.0,61080.0,61080.0,58505.0,37331.0
2021.11.24,60650.0,90.0,62805.0,63340.0,59840.0,36548.0
2021.11.23,60560.0,-1615.0,61490.0,61490.0,60360.0,10872.0
2021.11.22,62175.0,2950.0,60985.0,62420.0,60710.0,35508.0
2021.11.19,59225.0,1725.0,58000.0,59600.0,57540.0,12639.0
2021.11.18,57500.0,200.0,56595.0,57500.0,56595.0,6458.0
2021.11.17,57300.0,-160.0,57510.0,58180.0,56300.0,19479.0
2021.11.16,57460.0,460.0,57000.0,58500.0,56700.0,9779.0
2021.11.15,57000.0,2045.0,55900.0,57365.0,55900.0,6977.0
2021.11.12,54955.0,910.0,54500.0,55375.0,54300.0,10954.0
2021.11.11,54045.0,-40.0,53510.0,54045.0,52700.0,11336.0
2021.11.10,54085.0,-615.0,54145.0,54625.0,53630.0,7770.0
2021.11.09,54700.0,-100.0,54630.0,55995.0,54580.0,2383.0
2021.11.08,54800.0,-115.0,54900.0,54900.0,53280.0,6234.0
2021.11.05,54915.0,-280.0,55975.0,55975.0,54275.0,4709.0
2021.11.04,55195.0,1725.0,54860.0,55820.0,54860.0,7173.0
2021.11.03,53470.0,-465.0,54595.0,54995.0,53060.0,3589.0
2021.11.02,53935.0,1465.0,53110.0,55000.0,53110.0,7039.0
2021.11.01,52470.0,-260.0,52735.0,52820.0,52150.0,1550.0
2021.10.29,52730.0,-1685.0,55010.0,55300.0,52610.0,5733.0
2021.10.28,54415.0,965.0,53155.0,55450.0,53120.0,8340.0
2021.10.27,53450.0,-40.0,53480.0,53680.0,52850.0,2560.0
2021.10.26,53490.0,2290.0,52465.0,53490.0,52465.0,13249.0
2021.10.25,51200.0,-575.0,51375.0,52480.0,50690.0,5490.0
2021.10.22,51775.0,345.0,50665.0,52230.0,50525.0,5306.0
2021.10.21,51430.0,130.0,51525.0,52000.0,51125.0,2664.0
2021.10.20,51300.0,-890.0,52475.0,52760.0,51300.0,7732.0
2021.10.19,52190.0,1020.0,51780.0,52280.0,51440.0,4808.0
2021.10.18,51170.0,-490.0,52260.0,52315.0,51000.0,4348.0
2021.10.15,51660.0,2340.0,50235.0,52150.0,50235.0,17637.0
2021.10.14,49320.0,1595.0,48295.0,49530.0,48295.0,10500.0
2021.10.13,47725.0,-135.0,47175.0,48125.0,46505.0,9408.0
2021.10.12,47860.0,-1050.0,49340.0,49340.0,47160.0,6465.0
2021.10.08,48910.0,-335.0,50175.0,50345.0,48910.0,4671.0
2021.10.07,49245.0,110.0,49655.0,49950.0,48885.0,6841.0
2021.10.06,49135.0,-1580.0,51205.0,51625.0,48600.0,9557.0
2021.10.05,50715.0,-2350.0,52000.0,52060.0,49810.0,13263.0
2021.10.01,53065.0,-1680.0,54740.0,54740.0,53000.0,10413.0
2021.09.30,54745.0,705.0,54145.0,55060.0,53405.0,7110.0
2021.09.29,54040.0,-3135.0,54010.0,57100.0,53595.0,20594.0
2021.09.28,57175.0,-1815.0,58870.0,58870.0,56695.0,7787.0
2021.09.27,58990.0,865.0,58175.0,59495.0,58175.0,7469.0
2021.09.24,58125.0,125.0,58870.0,58890.0,57995.0,4291.0
2021.09.23,58000.0,-450.0,57825.0,58445.0,57500.0,3068.0
2021.09.17,58450.0,220.0,58360.0,58565.0,57725.0,3279.0
2021.09.16,58230.0,-2545.0,60045.0,60265.0,57775.0,22397.0
2021.09.15,60775.0,-25.0,60980.0,61075.0,59800.0,2128.0
2021.09.14,60800.0,1400.0,60300.0,61480.0,60300.0,9867.0
2021.09.13,59400.0,-680.0,59610.0,60060.0,59170.0,4178.0
2021.09.10,60080.0,1075.0,58470.0,60330.0,58470.0,4301.0
2021.09.09,59005.0,-1905.0,60910.0,60910.0,58890.0,9638.0
2021.09.08,60910.0,-250.0,61005.0,61060.0,60220.0,3684.0
2021.09.07,61160.0,-725.0,62000.0,62100.0,61045.0,3722.0
2021.09.06,61885.0,-285.0,61945.0,62385.0,61355.0,4532.0
2021.09.03,62170.0,2600.0,60160.0,62310.0,60060.0,12430.0
2021.09.02,59570.0,-2725.0,61850.0,61850.0,59430.0,15560.0
2021.09.01,62295.0,115.0,62120.0,62390.0,61130.0,7448.0
2021.08.31,62180.0,3420.0,59400.0,62180.0,58965.0,18190.0
2021.08.30,58760.0,-325.0,60500.0,60500.0,58600.0,4814.0
2021.08.27,59085.0,35.0,59000.0,59550.0,58590.0,3351.0
2021.08.26,59050.0,-345.0,60465.0,61070.0,58875.0,4703.0
2021.08.25,59395.0,-435.0,60055.0,60280.0,58250.0,8954.0
2021.08.24,59830.0,1310.0,59715.0,61105.0,58200.0,9255.0
2021.08.23,58520.0,420.0,59235.0,59300.0,57525.0,6472.0
2021.08.20,58100.0,-1365.0,60065.0,60435.0,58000.0,11207.0
2021.08.19,59465.0,-2535.0,61575.0,61800.0,59315.0,12279.0
2021.08.18,62000.0,755.0,61245.0,62560.0,60650.0,3860.0
2021.08.17,61245.0,-1555.0,62070.0,62800.0,60700.0,9717.0
2021.08.13,62800.0,-1805.0,63560.0,64410.0,61720.0,20898.0
2021.08.12,64605.0,-850.0,63100.0,65455.0,63100.0,12918.0
2021.08.11,65455.0,-1870.0,67100.0,67100.0,64770.0,12867.0
2021.08.10,67325.0,-1625.0,69475.0,69475.0,67070.0,4920.0
2021.08.09,68950.0,125.0,68525.0,69250.0,68385.0,3942.0
2021.08.06,68825.0,-515.0,69560.0,69855.0,68000.0,14261.0
2021.08.05,69340.0,510.0,69500.0,69900.0,68695.0,13923.0
2021.08.04,68830.0,1115.0,68895.0,69095.0,67800.0,17169.0
2021.08.03,67715.0,1990.0,66365.0,68345.0,66200.0,11222.0
2021.08.02,65725.0,545.0,65255.0,65765.0,64585.0,9474.0
2021.07.30,65180.0,-2300.0,67355.0,67355.0,65180.0,9873.0
2021.07.29,67480.0,345.0,67610.0,68105.0,67140.0,6968.0
2021.07.28,67135.0,20.0,66720.0,67600.0,65895.0,7025.0
2021.07.27,67115.0,405.0,66975.0,67975.0,66710.0,6551.0
2021.07.26,66710.0,-1325.0,68300.0,68425.0,66710.0,2708.0
2021.07.23,68035.0,505.0,67775.0,68115.0,67605.0,5766.0
2021.07.22,67530.0,1490.0,66655.0,68000.0,66655.0,13429.0
2021.07.21,66040.0,-770.0,67570.0,67570.0,65975.0,2399.0
2021.07.20,66810.0,-380.0,66355.0,66810.0,65500.0,7198.0
2021.07.19,67190.0,-1270.0,68000.0,68000.0,66600.0,5727.0
2021.07.16,68460.0,-1155.0,68910.0,68910.0,68150.0,6947.0
2021.07.15,69615.0,1015.0,69050.0,69750.0,68470.0,8928.0
2021.07.14,68600.0,-275.0,68295.0,68690.0,67805.0,2389.0
2021.07.13,68875.0,2075.0,67465.0,68995.0,67465.0,11102.0
2021.07.12,66800.0,515.0,67250.0,67505.0,66520.0,7109.0
2021.07.09,66285.0,-1530.0,67100.0,67100.0,64700.0,15731.0
2021.07.08,67815.0,-2415.0,70230.0,70580.0,67815.0,11107.0
2021.07.07,70230.0,-460.0,71000.0,71000.0,69900.0,8212.0
2021.07.06,70690.0,1775.0,69195.0,70950.0,69000.0,18497.0
2021.07.05,68915.0,1285.0,68150.0,68915.0,67900.0,16184.0
2021.07.02,67630.0,-370.0,68030.0,68900.0,67470.0,5867.0
2021.07.01,68000.0,-250.0,68090.0,68580.0,67890.0,3447.0
2021.06.30,68250.0,1385.0,67390.0,68745.0,67390.0,14750.0
2021.06.29,66865.0,-455.0,67670.0,67985.0,66500.0,6201.0
2021.06.28,67320.0,-810.0,68300.0,68530.0,66900.0,6543.0
2021.06.25,68130.0,580.0,68535.0,68900.0,68000.0,17320.0
2021.06.24,67550.0,2230.0,65635.0,67575.0,65615.0,15806.0
2021.06.23,65320.0,45.0,65505.0,65900.0,64715.0,11661.0
2021.06.22,65275.0,145.0,66030.0,66290.0,65200.0,6189.0
2021.06.21,65130.0,-715.0,64185.0,65995.0,63760.0,10763.0
2021.06.18,65845.0,790.0,65760.0,65990.0,65245.0,16622.0
2021.06.17,65055.0,-535.0,64660.0,65305.0,64170.0,6617.0
2021.06.16,65590.0,575.0,64975.0,65695.0,64380.0,11802.0
2021.06.15,65015.0,1025.0,64810.0,65335.0,64810.0,15355.0
2021.06.14,63990.0,730.0,63500.0,64000.0,63040.0,6647.0
2021.06.11,63260.0,1850.0,61870.0,63475.0,61870.0,12446.0
2021.06.10,61410.0,190.0,61325.0,61500.0,60295.0,7303.0
2021.06.09,61220.0,-2185.0,62975.0,62975.0,61220.0,19548.0
2021.06.08,63405.0,-770.0,64260.0,64280.0,63090.0,6278.0
2021.06.07,64175.0,-135.0,65000.0,65275.0,63900.0,6532.0
2021.06.04,64310.0,-580.0,64110.0,64700.0,63100.0,15791.0
2021.06.03,64890.0,2580.0,63000.0,64935.0,63000.0,18849.0
2021.06.02,62310.0,-590.0,63340.0,63490.0,62300.0,5075.0
2021.06.01,62900.0,940.0,61845.0,63400.0,61600.0,9658.0
2021.05.31,61960.0,-940.0,63165.0,63165.0,61285.0,8299.0
2021.05.28,62900.0,-70.0,62400.0,63185.0,62255.0,5339.0
2021.05.27,62970.0,-405.0,63270.0,63270.0,61500.0,4465.0
2021.05.26,63375.0,85.0,63730.0,63990.0,62880.0,5120.0
2021.05.25,63290.0,1405.0,62700.0,63295.0,62020.0,12224.0
2021.05.24,61885.0,-1125.0,63005.0,63005.0,61600.0,5880.0
2021.05.21,63010.0,450.0,63740.0,64500.0,62720.0,20167.0
2021.05.20,62560.0,450.0,61510.0,63000.0,61250.0,7111.0
2021.05.18,62110.0,1560.0,60985.0,62195.0,60580.0,7799.0
2021.05.17,60550.0,-860.0,62475.0,62475.0,59900.0,14396.0
2021.05.14,61410.0,1945.0,60280.0,61850.0,60220.0,15812.0
2021.05.13,59465.0,-2340.0,60500.0,60500.0,58820.0,23730.0
2021.05.12,61805.0,-2835.0,64230.0,64230.0,61250.0,29529.0
2021.05.11,64640.0,-3940.0,66615.0,67740.0,64150.0,33663.0
2021.05.10,68580.0,1580.0,67415.0,68725.0,67040.0,16895.0
2021.05.07,67000.0,530.0,66480.0,67700.0,65740.0,11866.0
2021.05.06,66470.0,-1690.0,66830.0,67255.0,65810.0,18740.0
2021.05.04,68160.0,1255.0,66605.0,68160.0,66225.0,13045.0
2021.05.03,66905.0,-1090.0,66700.0,69000.0,66000.0,11295.0
2021.04.30,67995.0,-1175.0,69200.0,69790.0,67515.0,14868.0
2021.04.29,69170.0,-1180.0,70420.0,70815.0,69030.0,16570.0
2021.04.28,70350.0,-2870.0,73025.0,73025.0,69460.0,21335.0
2021.04.27,73220.0,230.0,73630.0,73800.0,72565.0,9715.0
2021.04.26,72990.0,1840.0,71590.0,72990.0,71005.0,15721.0
2021.04.23,71150.0,495.0,69440.0,71275.0,68650.0,15072.0
2021.04.22,70655.0,-75.0,71500.0,71700.0,70420.0,9405.0
2021.04.21,70730.0,-3220.0,73015.0,73015.0,70720.0,22511.0
2021.04.20,73950.0,375.0,73480.0,74000.0,72620.0,13352.0
2021.04.19,73575.0,0.0,73530.0,74185.0,72685.0,10538.0
2021.04.16,73575.0,50.0,74665.0,74665.0,73090.0,9225.0
2021.04.15,73525.0,1710.0,71675.0,73540.0,71265.0,28835.0
2021.04.14,71815.0,1295.0,72075.0,72500.0,70880.0,17400.0
2021.04.13,70520.0,2035.0,68380.0,71195.0,68325.0,27580.0
2021.04.12,68485.0,-1310.0,70650.0,70650.0,68100.0,11009.0
2021.04.09,69795.0,-865.0,70755.0,71500.0,69350.0,16929.0
2021.04.08,70660.0,5.0,71320.0,71325.0,69965.0,10001.0
2021.04.07,70655.0,-15.0,71135.0,71680.0,70300.0,15197.0
2021.04.06,70670.0,475.0,71835.0,71910.0,69890.0,19552.0
2021.04.05,70195.0,-35.0,71510.0,71625.0,69805.0,19569.0
2021.04.02,70230.0,1400.0,70225.0,70700.0,69900.0,19205.0
2021.04.01,68830.0,3280.0,68065.0,68830.0,67200.0,21522.0
2021.03.31,65550.0,-1110.0,67000.0,67745.0,65370.0,8911.0
2021.03.30,66660.0,3210.0,64000.0,66900.0,64000.0,36231.0
2021.03.29,63450.0,-425.0,64520.0,64520.0,62815.0,5942.0
2021.03.26,63875.0,375.0,64045.0,64045.0,62500.0,8145.0
2021.03.25,63500.0,605.0,62495.0,64145.0,62365.0,10752.0
2021.03.24,62895.0,-575.0,61745.0,63840.0,61745.0,13273.0
2021.03.23,63470.0,-2735.0,67120.0,67695.0,63200.0,17928.0
2021.03.22,66205.0,-775.0,67230.0,67350.0,65825.0,9237.0
2021.03.19,66980.0,-1245.0,65790.0,67300.0,65685.0,14402.0
2021.03.18,68225.0,850.0,69130.0,70430.0,68150.0,21148.0
2021.03.17,67375.0,-2505.0,69155.0,69350.0,66055.0,27471.0
2021.03.16,69880.0,2230.0,68950.0,69910.0,68265.0,21770.0
2021.03.15,67650.0,-1725.0,69575.0,70005.0,67560.0,17312.0
2021.03.12,69375.0,2560.0,69000.0,70050.0,68600.0,27746.0
2021.03.11,66815.0,4255.0,63500.0,67470.0,62560.0,36658.0
2021.03.10,62560.0,-1460.0,67380.0,67380.0,62350.0,24315.0
2021.03.09,64020.0,190.0,63640.0,64775.0,60610.0,44199.0
2021.03.08,63830.0,-3995.0,68220.0,68330.0,63535.0,36656.0
2021.03.05,67825.0,-610.0,65500.0,68295.0,64890.0,31618.0
2021.03.04,68435.0,-3905.0,69000.0,70130.0,67205.0,52525.0
2021.03.03,72340.0,1605.0,70260.0,72340.0,69735.0,16878.0
2021.03.02,70735.0,1630.0,73270.0,73940.0,69120.0,32353.0
2021.02.26,69105.0,-5285.0,70400.0,71065.0,67795.0,59173.0
2021.02.25,74390.0,5675.0,72485.0,74500.0,71000.0,30029.0
2021.02.24,68715.0,-3775.0,70400.0,73970.0,68605.0,21818.0
2021.02.23,72490.0,-1870.0,70950.0,73870.0,70245.0,27805.0
2021.02.22,74360.0,-1585.0,77655.0,77740.0,74110.0,18158.0
2021.02.19,75945.0,540.0,75405.0,75960.0,72700.0,36079.0
2021.02.18,75405.0,-3025.0,78000.0,78395.0,75070.0,25199.0
2021.02.17,78430.0,-1085.0,79115.0,79115.0,76590.0,21797.0
2021.02.16,79515.0,1610.0,79000.0,80400.0,78705.0,30637.0
2021.02.15,77905.0,3355.0,77700.0,78255.0,74600.0,34837.0
2021.02.10,74550.0,320.0,73960.0,74870.0,72605.0,18538.0
2021.02.09,74230.0,1195.0,75000.0,76100.0,74140.0,31749.0
2021.02.08,73035.0,-765.0,75240.0,75240.0,72000.0,18192.0
2021.02.05,73800.0,2010.0,73175.0,74120.0,71795.0,26856.0
2021.02.04,71790.0,-3400.0,74895.0,74895.0,70695.0,34237.0
2021.02.03,75190.0,990.0,75500.0,76150.0,73115.0,28900.0
2021.02.02,74200.0,2180.0,74705.0,76490.0,72500.0,43311.0
2021.02.01,72020.0,2435.0,67340.0,72020.0,66375.0,49729.0
2021.01.29,69585.0,-5250.0,77075.0,77075.0,68600.0,65597.0
2021.01.28,74835.0,-3220.0,74655.0,77710.0,72960.0,42576.0
2021.01.27,78055.0,-1685.0,79750.0,81900.0,77020.0,78300.0
2021.01.26,79740.0,-3550.0,83415.0,85000.0,78845.0,50246.0
2021.01.25,83290.0,3235.0,80105.0,83390.0,80100.0,33525.0
2021.01.22,80055.0,-715.0,81460.0,82285.0,79670.0,136477.0
2021.01.21,80770.0,4800.0,78115.0,81000.0,76935.0,55210.0
2021.01.20,75970.0,3670.0,75540.0,76000.0,72905.0,52830.0
2021.01.19,72300.0,4135.0,68810.0,73000.0,68005.0,41608.0
2021.01.18,68165.0,-3835.0,68955.0,71270.0,67320.0,62217.0
2021.01.15,72000.0,-3025.0,76540.0,77690.0,72000.0,34959.0
2021.01.14,75025.0,1605.0,73420.0,75895.0,73005.0,22781.0
2021.01.13,73420.0,1425.0,71720.0,74765.0,71630.0,46309.0
2021.01.12,71995.0,-1345.0,71685.0,73340.0,67560.0,53982.0
2021.01.11,73340.0,-1320.0,77065.0,80630.0,70730.0,96303.0
2021.01.08,74660.0,4725.0,70940.0,75545.0,69810.0,70953.0
2021.01.07,69935.0,4345.0,66915.0,71925.0,66200.0,48396.0
2021.01.06,65590.0,-510.0,68860.0,69995.0,64585.0,85806.0
2021.01.05,66100.0,1790.0,62930.0,66200.0,62180.0,50929.0
2021.01.04,64310.0,6060.0,61250.0,64700.0,59700.0,34822.0
2020.12.30,58250.0,2320.0,55060.0,58370.0,54485.0,49862.0
2020.12.29,55930.0,4160.0,54070.0,55930.0,53805.0,23974.0
2020.12.28,51770.0,1275.0,51215.0,54300.0,51215.0,46636.0
2020.12.24,50495.0,510.0,50415.0,51255.0,49300.0,32840.0
2020.12.23,49985.0,4835.0,45430.0,51000.0,44700.0,61792.0
2020.12.22,45150.0,-1595.0,46320.0,46490.0,45110.0,14818.0
2020.12.21,46745.0,-825.0,47540.0,47540.0,46090.0,15081.0
2020.12.18,47570.0,-390.0,48105.0,48105.0,47110.0,18244.0
2020.12.17,47960.0,660.0,47650.0,48060.0,46800.0,16392.0
2020.12.16,47300.0,665.0,47300.0,47420.0,47035.0,14387.0
2020.12.15,46635.0,360.0,46325.0,46635.0,45370.0,23290.0
2020.12.14,46275.0,100.0,46170.0,46665.0,45385.0,17634.0
2020.12.11,46175.0,55.0,46795.0,47000.0,45800.0,19193.0
2020.12.10,46120.0,-1180.0,45700.0,46640.0,45060.0,40827.0
2020.12.09,47300.0,2520.0,46000.0,47300.0,45800.0,23917.0
2020.12.08,44780.0,355.0,44830.0,46280.0,44625.0,24317.0
2020.12.07,44425.0,180.0,45125.0,45395.0,43785.0,31756.0
2020.12.04,44245.0,1105.0,43815.0,44895.0,43465.0,24618.0
2020.12.03,43140.0,780.0,42770.0,43400.0,42480.0,22781.0
2020.12.02,42360.0,1590.0,41330.0,42705.0,41085.0,35806.0
2020.12.01,40770.0,1695.0,40200.0,40770.0,39200.0,30524.0
2020.11.30,39075.0,-1725.0,41160.0,41240.0,39075.0,37508.0
2020.11.27,40800.0,220.0,40710.0,40975.0,40165.0,9435.0
2020.11.26,40580.0,770.0,39840.0,40580.0,39400.0,19446.0
2020.11.25,39810.0,-885.0,41705.0,41725.0,39150.0,22790.0
2020.11.24,40695.0,1045.0,40585.0,40825.0,39975.0,19652.0
2020.11.23,39650.0,1540.0,38275.0,39920.0,38080.0,28679.0
2020.11.20,38110.0,-85.0,38110.0,38300.0,37700.0,12960.0
2020.11.19,38195.0,790.0,37340.0,38250.0,37180.0,16415.0
2020.11.18,37405.0,245.0,37570.0,37800.0,37000.0,4314.0
2020.11.17,37160.0,-40.0,37650.0,37760.0,36820.0,13685.0
2020.11.16,37200.0,1500.0,35710.0,37390.0,35710.0,21755.0
2020.11.13,35700.0,350.0,35035.0,35700.0,34500.0,37877.0
2020.11.12,35350.0,60.0,35290.0,35490.0,35125.0,11218.0
2020.11.11,35290.0,-45.0,35295.0,35795.0,35215.0,9085.0
2020.11.10,35335.0,-45.0,35720.0,35720.0,34930.0,23798.0
2020.11.09,35380.0,1180.0,34995.0,35950.0,34910.0,32648.0
2020.11.06,34200.0,610.0,34240.0,34520.0,33715.0,30798.0
2020.11.05,33590.0,1650.0,32690.0,33640.0,32480.0,38284.0
2020.11.04,31940.0,580.0,32070.0,32205.0,31425.0,12762.0
2020.11.03,31360.0,1360.0,30180.0,31490.0,30180.0,11382.0
2020.11.02,30000.0,345.0,29895.0,30000.0,29340.0,3932.0
2020.10.30,29655.0,-830.0,30325.0,30800.0,29455.0,8960.0
2020.10.29,30485.0,-775.0,30355.0,30530.0,29755.0,20756.0
2020.10.28,31260.0,-5.0,31230.0,31295.0,30900.0,6158.0
2020.10.27,31265.0,75.0,30930.0,31485.0,30600.0,2335.0
2020.10.26,31190.0,-255.0,31620.0,31915.0,31020.0,12348.0
2020.10.23,31445.0,180.0,31815.0,31815.0,30965.0,10545.0
2020.10.22,31265.0,-850.0,31915.0,31915.0,30965.0,7782.0
2020.10.21,32115.0,-235.0,32340.0,32600.0,31820.0,3678.0
2020.10.20,32350.0,940.0,31500.0,32405.0,31100.0,12791.0
2020.10.19,31410.0,25.0,31690.0,32000.0,31410.0,6025.0
2020.10.16,31385.0,-895.0,32450.0,32495.0,30980.0,21258.0
2020.10.15,32280.0,-800.0,33020.0,33020.0,32100.0,9447.0
2020.10.14,33080.0,-590.0,33555.0,34080.0,32905.0,24983.0
2020.10.13,33670.0,490.0,33560.0,33795.0,32915.0,18402.0
2020.10.12,33180.0,260.0,33060.0,33785.0,33000.0,20767.0
2020.10.08,32920.0,-155.0,33500.0,33590.0,32920.0,8233.0
2020.10.07,33075.0,725.0,32065.0,33100.0,32000.0,20978.0
2020.10.06,32350.0,95.0,32565.0,33065.0,32180.0,20545.0
2020.10.05,32255.0,420.0,31565.0,32465.0,31200.0,9735.0
2020.09.29,31835.0,565.0,31880.0,32350.0,31690.0,18495.0
2020.09.28,31270.0,915.0,31000.0,31300.0,30600.0,9253.0
2020.09.25,30355.0,160.0,30155.0,30715.0,30000.0,11385.0
2020.09.24,30195.0,-1495.0,30675.0,31365.0,30050.0,17544.0
2020.09.23,31690.0,120.0,32305.0,32305.0,30000.0,23939.0
2020.09.22,31570.0,-1160.0,32650.0,33190.0,31160.0,18995.0
2020.09.21,32730.0,-600.0,33410.0,33840.0,32365.0,17663.0
2020.09.18,33330.0,510.0,33390.0,33485.0,32800.0,21340.0
2020.09.17,32820.0,-585.0,33270.0,33560.0,32595.0,27342.0
2020.09.16,33405.0,-355.0,33805.0,33840.0,33140.0,23498.0
2020.09.15,33760.0,795.0,33375.0,33800.0,32755.0,31563.0
2020.09.14,32965.0,565.0,33105.0,33200.0,32740.0,19937.0
2020.09.11,32400.0,25.0,31950.0,32400.0,31600.0,18628.0
2020.09.10,32375.0,715.0,32595.0,32795.0,32100.0,23637.0
2020.09.09,31660.0,165.0,31000.0,32090.0,30800.0,49320.0
2020.09.08,31495.0,1155.0,30825.0,31495.0,30530.0,40632.0
2020.09.07,30340.0,5.0,30200.0,30600.0,29000.0,12493.0
2020.09.04,30335.0,-510.0,28825.0,30410.0,28825.0,48042.0
2020.09.03,30845.0,550.0,30830.0,31530.0,30785.0,31715.0
2020.09.02,30295.0,50.0,31000.0,31000.0,29800.0,16723.0
2020.09.01,30245.0,435.0,29660.0,30445.0,29600.0,19705.0
2020.08.31,29810.0,-1430.0,31375.0,31975.0,29775.0,37181.0
2020.08.28,31240.0,-430.0,31850.0,32125.0,31110.0,17416.0
2020.08.27,31670.0,15.0,31900.0,32380.0,31450.0,39891.0
2020.08.26,31655.0,355.0,31435.0,31995.0,30575.0,31558.0
2020.08.25,31300.0,750.0,31325.0,31490.0,30720.0,28741.0
2020.08.24,30550.0,1010.0,29540.0,30800.0,28800.0,29637.0
2020.08.21,29540.0,1550.0,28740.0,30300.0,28600.0,44979.0
2020.08.20,27990.0,-2505.0,30165.0,30200.0,27850.0,52323.0
2020.08.19,30495.0,-190.0,30980.0,31230.0,30350.0,18301.0
2020.08.18,30685.0,-1400.0,32000.0,32805.0,30445.0,33326.0
2020.08.14,32085.0,-1370.0,33455.0,33455.0,31650.0,33866.0
2020.08.13,33455.0,-305.0,34230.0,34640.0,32730.0,28004.0
2020.08.12,33760.0,550.0,32630.0,33760.0,32305.0,38824.0
2020.08.11,33210.0,-170.0,33380.0,33950.0,33160.0,26040.0
2020.08.10,33380.0,430.0,32750.0,33485.0,32230.0,28776.0
2020.08.07,32950.0,760.0,32405.0,33600.0,32255.0,47037.0
2020.08.06,32190.0,395.0,31795.0,32900.0,31795.0,59015.0
2020.08.05,31795.0,1970.0,29855.0,31820.0,29680.0,116157.0
2020.08.04,29825.0,470.0,29925.0,30100.0,29495.0,36540.0
2020.08.03,29355.0,480.0,28850.0,29360.0,28455.0,19338.0
2020.07.31,28875.0,-200.0,29400.0,29550.0,28615.0,24482.0
2020.07.30,29075.0,-70.0,29365.0,29555.0,28930.0,44075.0
2020.07.29,29145.0,-15.0,29200.0,29780.0,27800.0,42135.0
2020.07.28,29160.0,1300.0,28400.0,29490.0,28265.0,116221.0
2020.07.27,27860.0,550.0,27180.0,27980.0,26980.0,24195.0
2020.07.24,27310.0,-660.0,27375.0,27725.0,27100.0,18563.0
2020.07.23,27970.0,-605.0,28360.0,28380.0,27785.0,25816.0
2020.07.22,28575.0,35.0,28600.0,28600.0,28100.0,18707.0
2020.07.21,28540.0,1120.0,27800.0,28745.0,27800.0,53975.0
2020.07.20,27420.0,-360.0,27775.0,27785.0,27190.0,32950.0
2020.07.17,27780.0,170.0,27565.0,27940.0,27565.0,17562.0
2020.07.16,27610.0,-565.0,28450.0,28450.0,27385.0,24602.0
2020.07.15,28175.0,505.0,27960.0,28225.0,27740.0,33058.0
2020.07.14,27670.0,380.0,27085.0,27670.0,27035.0,20037.0
2020.07.13,27290.0,515.0,27400.0,27400.0,26835.0,11459.0
2020.07.10,26775.0,-360.0,27220.0,27225.0,25670.0,19739.0
2020.07.09,27135.0,165.0,27115.0,27295.0,26810.0,18454.0
2020.07.08,26970.0,-320.0,27200.0,27610.0,26900.0,22759.0
2020.07.07,27290.0,-810.0,28900.0,28900.0,27205.0,36394.0
2020.07.06,28100.0,1375.0,27170.0,28100.0,27160.0,45791.0
2020.07.03,26725.0,350.0,26595.0,26760.0,26475.0,14677.0
2020.07.02,26375.0,50.0,26410.0,26495.0,25910.0,15707.0
2020.07.01,26325.0,365.0,26450.0,27090.0,26200.0,39784.0
2020.06.30,25960.0,360.0,26420.0,26850.0,25960.0,40873.0
2020.06.29,25600.0,-950.0,25650.0,26400.0,25515.0,15820.0
2020.06.26,26550.0,310.0,26800.0,26900.0,26110.0,35470.0
2020.06.25,26240.0,-1325.0,27000.0,27000.0,26240.0,28433.0
2020.06.24,27565.0,735.0,26810.0,28000.0,26755.0,45279.0
2020.06.23,26830.0,185.0,27000.0,27670.0,26320.0,36011.0
2020.06.22,26645.0,-640.0,26235.0,27000.0,26235.0,37106.0
2020.06.19,27285.0,145.0,27500.0,27505.0,26200.0,34834.0
2020.06.18,27140.0,-330.0,27355.0,27500.0,26835.0,26590.0
2020.06.17,27470.0,965.0,26475.0,27470.0,26115.0,72037.0
2020.06.16,26505.0,2495.0,25500.0,26700.0,25200.0,54776.0
2020.06.15,24010.0,-2565.0,26095.0,26800.0,24010.0,91215.0
2020.06.12,26575.0,-1770.0,25505.0,26900.0,25505.0,120369.0
2020.06.11,28345.0,-575.0,27015.0,29070.0,27015.0,64458.0
2020.06.10,28920.0,510.0,28200.0,29010.0,28030.0,52013.0
2020.06.09,28410.0,410.0,28600.0,29140.0,27675.0,83576.0
2020.06.08,28000.0,-180.0,29295.0,29305.0,27970.0,72156.0
2020.06.05,28180.0,925.0,27235.0,28320.0,26865.0,50949.0
2020.06.04,27255.0,325.0,27600.0,28385.0,26995.0,89063.0
2020.06.03,26930.0,1515.0,25595.0,27115.0,25460.0,153053.0
2020.06.02,25415.0,205.0,25230.0,25765.0,25230.0,66075.0
2020.06.01,25210.0,695.0,24640.0,25260.0,24560.0,57338.0
2020.05.29,24515.0,-40.0,24000.0,24675.0,23945.0,36536.0
2020.05.28,24555.0,290.0,24930.0,25505.0,23805.0,150332.0
2020.05.27,24265.0,-615.0,24765.0,25040.0,24225.0,48739.0
2020.05.26,24880.0,1625.0,23700.0,25000.0,23530.0,105129.0
2020.05.25,23255.0,670.0,22710.0,23365.0,22360.0,38707.0
2020.05.22,22585.0,-825.0,23315.0,23570.0,22370.0,64837.0
2020.05.21,23410.0,40.0,23940.0,23940.0,23300.0,35815.0
2020.05.20,23370.0,455.0,22600.0,23370.0,22600.0,58227.0
2020.05.19,22915.0,910.0,22650.0,23240.0,22650.0,58352.0
2020.05.18,22005.0,535.0,21435.0,22230.0,21200.0,60183.0
2020.05.15,21470.0,120.0,21370.0,21800.0,21140.0,45818.0
2020.05.14,21350.0,-615.0,21595.0,21680.0,21200.0,29546.0
2020.05.13,21965.0,540.0,19410.0,21965.0,19410.0,61556.0
2020.05.12,21425.0,-80.0,21220.0,21700.0,20675.0,59160.0
2020.05.11,21505.0,-175.0,21845.0,22150.0,21455.0,49446.0
2020.05.08,21680.0,570.0,21210.0,21905.0,21210.0,75018.0
2020.05.07,21110.0,220.0,20565.0,21240.0,20565.0,39871.0
2020.05.06,20890.0,705.0,20800.0,20905.0,20420.0,46196.0
2020.05.04,20185.0,-1130.0,19950.0,20560.0,19850.0,60724.0
2020.04.29,21315.0,320.0,20870.0,21615.0,20870.0,98912.0
2020.04.28,20995.0,95.0,20955.0,21210.0,20575.0,73780.0
2020.04.27,20900.0,780.0,20005.0,21000.0,20005.0,60854.0
2020.04.24,20120.0,-950.0,20505.0,20540.0,19805.0,61981.0
2020.04.23,21070.0,120.0,21700.0,21900.0,20880.0,77271.0
2020.04.22,20950.0,195.0,19895.0,20985.0,19425.0,67800.0
2020.04.21,20755.0,-465.0,20200.0,21100.0,20000.0,102336.0
2020.04.20,21220.0,-580.0,22275.0,22275.0,21060.0,75586.0
2020.04.17,21800.0,1770.0,21400.0,22650.0,20965.0,260318.0
2020.04.16,20030.0,730.0,18550.0,20030.0,18535.0,54786.0
2020.04.14,19300.0,820.0,18810.0,19500.0,18810.0,47550.0
2020.04.13,18480.0,-1470.0,19520.0,19650.0,18480.0,59768.0
2020.04.10,19950.0,-50.0,19520.0,19950.0,19300.0,49685.0
2020.04.09,20000.0,340.0,20410.0,20525.0,19815.0,45304.0
2020.04.08,19660.0,40.0,19305.0,20490.0,19300.0,119332.0
2020.04.07,19620.0,900.0,19800.0,20200.0,18855.0,113900.0
2020.04.06,18720.0,1475.0,17865.0,18750.0,17485.0,101568.0
2020.04.03,17245.0,-90.0,16615.0,17800.0,16615.0,42312.0
2020.04.02,17335.0,265.0,17110.0,17400.0,16350.0,77302.0
2020.04.01,17070.0,-1385.0,18230.0,18880.0,16790.0,87986.0
2020.03.31,18455.0,135.0,18650.0,19180.0,17845.0,90011.0
2020.03.30,18320.0,-410.0,17600.0,18730.0,17045.0,103172.0
2020.03.27,18730.0,755.0,19475.0,19670.0,17555.0,130051.0
2020.03.26,17975.0,-1240.0,19250.0,19915.0,17950.0,158618.0
2020.03.25,19215.0,2025.0,19040.0,20940.0,17700.0,266085.0
2020.03.24,17190.0,3200.0,15285.0,17300.0,14690.0,242195.0
2020.03.23,13990.0,-1875.0,13760.0,14985.0,13405.0,145089.0
2020.03.20,15865.0,2455.0,15000.0,16000.0,13500.0,132210.0
2020.03.19,13410.0,-2700.0,16915.0,17190.0,12575.0,160678.0
2020.03.18,16110.0,-2620.0,18745.0,19525.0,16110.0,165229.0
2020.03.17,18730.0,-765.0,18000.0,20480.0,17930.0,102440.0
2020.03.16,19495.0,-1925.0,22150.0,22150.0,19415.0,100029.0
2020.03.13,21420.0,-975.0,19120.0,22400.0,18850.0,147223.0
2020.03.12,22395.0,-1965.0,24000.0,24270.0,21545.0,135503.0
2020.03.11,24360.0,-1685.0,26125.0,26125.0,24035.0,110509.0
2020.03.10,26045.0,660.0,25200.0,26230.0,24800.0,100854.0
2020.03.09,25385.0,-2985.0,27275.0,27275.0,25085.0,129822.0
2020.03.06,28370.0,-965.0,28695.0,28960.0,27000.0,49176.0
2020.03.05,29335.0,515.0,29400.0,29650.0,28800.0,90059.0
2020.03.04,28820.0,1200.0,26520.0,28875.0,26520.0,89891.0
2020.03.03,27620.0,230.0,29185.0,29185.0,27390.0,122483.0
2020.03.02,27390.0,1330.0,27000.0,27800.0,25840.0,126271.0
2020.02.28,26060.0,-2290.0,27280.0,27950.0,25905.0,96283.0
2020.02.27,28350.0,-1215.0,29300.0,29685.0,28200.0,89088.0
2020.02.26,29565.0,-1380.0,29505.0,30500.0,29250.0,68509.0
2020.02.25,30945.0,130.0,30815.0,30985.0,29750.0,102703.0
2020.02.24,30815.0,-2435.0,31490.0,32600.0,30800.0,102211.0
2020.02.21,33250.0,-1100.0,33205.0,34000.0,33100.0,40782.0
2020.02.20,34350.0,360.0,34750.0,34850.0,33550.0,55851.0
2020.02.19,33990.0,90.0,33890.0,34600.0,33305.0,54799.0
2020.02.18,33900.0,-1230.0,35125.0,35125.0,33800.0,56135.0
2020.02.17,35130.0,400.0,34650.0,35295.0,34400.0,29671.0
2020.02.14,34730.0,495.0,34000.0,35050.0,33750.0,46624.0
2020.02.13,34235.0,240.0,34500.0,34985.0,34150.0,69553.0
2020.02.12,33995.0,560.0,33500.0,34100.0,33300.0,39772.0
2020.02.11,33435.0,1345.0,32475.0,33750.0,32475.0,80822.0
2020.02.10,32090.0,-365.0,31565.0,32385.0,31300.0,26066.0
2020.02.07,32455.0,-285.0,32735.0,32900.0,31880.0,45536.0
2020.02.06,32740.0,1455.0,31890.0,32800.0,31575.0,80838.0
2020.02.05,31285.0,335.0,31950.0,32185.0,31000.0,59708.0
2020.02.04,30950.0,2000.0,29120.0,30950.0,28950.0,225904.0
2020.02.03,28950.0,410.0,27630.0,29095.0,27460.0,51049.0
2020.01.31,28540.0,-840.0,30055.0,30055.0,28500.0,38397.0
2020.01.30,29380.0,-1190.0,30110.0,30845.0,29125.0,39530.0
2020.01.29,30570.0,615.0,31200.0,31200.0,30060.0,37798.0
2020.01.28,29955.0,-1660.0,29180.0,30045.0,29100.0,69959.0
2020.01.23,31615.0,-835.0,32145.0,32200.0,31430.0,29743.0
2020.01.22,32450.0,825.0,31605.0,32480.0,31270.0,30902.0
2020.01.21,31625.0,-435.0,32325.0,32325.0,31430.0,32039.0
2020.01.20,32060.0,990.0,31395.0,32190.0,31380.0,36183.0
2020.01.17,31070.0,210.0,31415.0,31735.0,30905.0,25799.0
2020.01.16,30860.0,570.0,30300.0,30860.0,30000.0,21010.0
2020.01.15,30290.0,-480.0,30765.0,30765.0,30175.0,33310.0
2020.01.14,30770.0,475.0,30570.0,31425.0,30560.0,54194.0
2020.01.13,30295.0,900.0,29320.0,30500.0,28400.0,199561.0
2020.01.10,29395.0,870.0,28750.0,29400.0,28695.0,29472.0
2020.01.09,28525.0,1025.0,28300.0,28525.0,28105.0,16733.0
2020.01.08,27500.0,125.0,27490.0,28185.0,27080.0,28997.0
2020.01.07,27375.0,155.0,28480.0,28480.0,27375.0,34812.0
2020.01.06,27220.0,-320.0,26715.0,27420.0,26715.0,43393.0
2020.01.03,27540.0,-75.0,28200.0,28490.0,27225.0,31519.0
2020.01.02,27615.0,-275.0,27980.0,28100.0,27000.0,23266.0
2019.12.30,27890.0,-230.0,28500.0,28670.0,27890.0,23555.0
2019.12.27,28120.0,1300.0,27000.0,28325.0,26995.0,31808.0
2019.12.26,26820.0,145.0,26675.0,26820.0,26360.0,23428.0
2019.12.24,26675.0,-225.0,27000.0,27000.0,26505.0,15139.0
2019.12.23,26900.0,-265.0,27235.0,27270.0,26810.0,28205.0
2019.12.20,27165.0,410.0,27055.0,27200.0,26820.0,15205.0
2019.12.19,26755.0,-55.0,27065.0,27500.0,26590.0,23739.0
2019.12.18,26810.0,-310.0,27290.0,27450.0,26630.0,18680.0
2019.12.17,27120.0,990.0,26535.0,27195.0,26495.0,39220.0
2019.12.16,26130.0,210.0,25900.0,26230.0,25690.0,22759.0
2019.12.13,25920.0,1020.0,26000.0,26125.0,25255.0,43244.0
2019.12.12,24900.0,740.0,24500.0,24945.0,24500.0,27191.0
2019.12.11,24160.0,175.0,23925.0,24350.0,23895.0,13988.0
2019.12.10,23985.0,315.0,23490.0,23990.0,23340.0,19404.0
2019.12.09,23670.0,485.0,23505.0,23735.0,23505.0,8251.0
2019.12.06,23185.0,680.0,22600.0,23185.0,22600.0,15367.0
2019.12.05,22505.0,85.0,23730.0,23730.0,22250.0,19171.0
2019.12.04,22420.0,-800.0,22650.0,22760.0,22200.0,17744.0
2019.12.03,23220.0,-165.0,22785.0,23255.0,22500.0,3219.0
2019.12.02,23385.0,235.0,23400.0,23600.0,23295.0,8683.0
2019.11.29,23150.0,-660.0,23840.0,23940.0,23005.0,8903.0
2019.11.28,23810.0,-275.0,23825.0,24200.0,23810.0,13395.0
2019.11.27,24085.0,-40.0,24300.0,24300.0,23835.0,4984.0
2019.11.26,24125.0,125.0,24000.0,24570.0,24000.0,19587.0
2019.11.25,24000.0,465.0,23765.0,24235.0,23765.0,32832.0
2019.11.22,23535.0,330.0,23400.0,23655.0,23350.0,13503.0
2019.11.21,23205.0,-800.0,23950.0,23950.0,23005.0,21737.0
2019.11.20,24005.0,-1030.0,24750.0,24830.0,24005.0,18401.0
2019.11.19,25035.0,-45.0,25020.0,25125.0,24590.0,11995.0
2019.11.18,25080.0,280.0,25185.0,25325.0,24820.0,18549.0
2019.11.15,24800.0,755.0,24225.0,24870.0,24100.0,25033.0
2019.11.14,24045.0,165.0,23890.0,24100.0,23880.0,4335.0
2019.11.13,23880.0,-70.0,23920.0,23920.0,23670.0,3779.0
2019.11.12,23950.0,460.0,23600.0,23960.0,23355.0,9960.0
2019.11.11,23490.0,-630.0,23825.0,24075.0,23400.0,9466.0
2019.11.08,24120.0,75.0,24450.0,24600.0,23970.0,10830.0
2019.11.07,24045.0,-320.0,24220.0,24220.0,23950.0,4817.0
2019.11.06,24365.0,-135.0,24450.0,24800.0,24335.0,7428.0
2019.11.05,24500.0,380.0,24100.0,24530.0,24100.0,12003.0
2019.11.04,24120.0,720.0,23770.0,24125.0,23770.0,18244.0
2019.11.01,23400.0,335.0,23085.0,23490.0,23000.0,3313.0
2019.10.31,23065.0,-30.0,23360.0,23530.0,23005.0,10923.0
2019.10.30,23095.0,-505.0,23600.0,23610.0,23095.0,4282.0
2019.10.29,23600.0,-45.0,23970.0,25200.0,23540.0,37226.0
2019.10.28,23645.0,420.0,23485.0,23800.0,23390.0,7951.0
2019.10.25,23225.0,460.0,23170.0,23280.0,22980.0,13956.0
2019.10.24,22765.0,340.0,22980.0,22980.0,22320.0,7134.0
2019.10.23,22425.0,-475.0,22800.0,22800.0,22350.0,6943.0
2019.10.22,22900.0,390.0,22810.0,22925.0,22605.0,17188.0
2019.10.21,22510.0,330.0,22310.0,22510.0,22100.0,3137.0
2019.10.18,22180.0,-395.0,22765.0,22995.0,22100.0,10876.0
2019.10.17,22575.0,-390.0,23040.0,23040.0,22520.0,7340.0
2019.10.16,22965.0,320.0,22900.0,23220.0,22900.0,16674.0
2019.10.15,22645.0,-100.0,22585.0,22780.0,22550.0,2702.0
2019.10.14,22745.0,200.0,23095.0,23255.0,22710.0,13231.0
2019.10.11,22545.0,325.0,22510.0,22700.0,22290.0,8024.0
2019.10.10,22220.0,65.0,21900.0,22400.0,21530.0,12361.0
2019.10.08,22155.0,580.0,21310.0,22205.0,21300.0,11336.0
2019.10.07,21575.0,175.0,21790.0,21945.0,21400.0,6202.0
2019.10.04,21400.0,0.0,21250.0,21900.0,21250.0,3967.0
2019.10.02,21400.0,-970.0,22000.0,22000.0,21400.0,13016.0
2019.10.01,22370.0,265.0,22170.0,22520.0,22145.0,6335.0
2019.09.30,22105.0,405.0,21600.0,22220.0,21500.0,4654.0
2019.09.27,21700.0,-695.0,21905.0,22000.0,21595.0,6157.0
2019.09.26,22395.0,275.0,22505.0,22645.0,22225.0,10967.0
2019.09.25,22120.0,-940.0,22625.0,22780.0,22120.0,15381.0
2019.09.24,23060.0,310.0,22820.0,23065.0,22200.0,17896.0
2019.09.23,22750.0,85.0,22615.0,22850.0,22615.0,6207.0
2019.09.20,22665.0,60.0,22675.0,22815.0,22550.0,11797.0
2019.09.19,22605.0,720.0,22150.0,22750.0,22150.0,10175.0
2019.09.18,21885.0,110.0,21750.0,22105.0,21715.0,14425.0
2019.09.17,21775.0,125.0,21500.0,21870.0,21500.0,6105.0
2019.09.16,21650.0,-215.0,22000.0,22000.0,21390.0,3611.0
2019.09.11,21865.0,-130.0,21695.0,22285.0,21695.0,3307.0
2019.09.10,21995.0,-5.0,22200.0,22200.0,21690.0,2380.0
2019.09.09,22000.0,160.0,22030.0,22210.0,21890.0,10612.0
2019.09.06,21840.0,10.0,22370.0,22385.0,21755.0,8827.0
2019.09.05,21830.0,825.0,21440.0,22100.0,21440.0,22807.0
2019.09.04,21005.0,570.0,20375.0,21005.0,20375.0,7035.0
2019.09.03,20435.0,-25.0,20395.0,20530.0,20195.0,7089.0
2019.09.02,20460.0,-115.0,19930.0,20640.0,19930.0,2385.0
2019.08.30,20575.0,935.0,20095.0,20700.0,20000.0,38602.0
2019.08.29,19640.0,-280.0,19935.0,19945.0,19420.0,19779.0
2019.08.28,19920.0,320.0,19685.0,19965.0,19685.0,9747.0
2019.08.27,19600.0,355.0,19400.0,19800.0,19400.0,4996.0
2019.08.26,19245.0,-855.0,19220.0,19425.0,19100.0,10533.0
2019.08.23,20100.0,170.0,19720.0,20170.0,19700.0,6736.0
2019.08.22,19930.0,-715.0,20630.0,20630.0,19895.0,11637.0
2019.08.21,20645.0,-155.0,20635.0,20845.0,20535.0,10607.0
2019.08.20,20800.0,450.0,20600.0,20850.0,20350.0,17904.0
2019.08.19,20350.0,-55.0,20640.0,20640.0,20250.0,6755.0
2019.08.16,20405.0,-185.0,20515.0,20515.0,20100.0,6821.0
2019.08.14,20590.0,890.0,20500.0,20830.0,20410.0,7233.0
2019.08.13,19700.0,-330.0,19900.0,20070.0,19680.0,4630.0
2019.08.12,20030.0,300.0,19790.0,20270.0,19755.0,6374.0
2019.08.09,19730.0,585.0,20090.0,20090.0,19400.0,3709.0
2019.08.08,19145.0,-20.0,19550.0,19670.0,19110.0,16318.0
2019.08.07,19165.0,-85.0,19505.0,19660.0,19005.0,7387.0
2019.08.06,19250.0,-920.0,18880.0,19910.0,18880.0,12620.0
2019.08.05,20170.0,-1150.0,20915.0,20970.0,20170.0,9729.0
2019.08.02,21320.0,-310.0,20700.0,21475.0,20700.0,10022.0
2019.08.01,21630.0,-70.0,21295.0,21920.0,21295.0,5384.0
2019.07.31,21700.0,-445.0,22145.0,22145.0,21200.0,5185.0
2019.07.30,22145.0,395.0,22005.0,22220.0,21885.0,5250.0
2019.07.29,21750.0,-925.0,22440.0,22440.0,21620.0,5081.0
2019.07.26,22675.0,-30.0,22410.0,22700.0,22315.0,2603.0
2019.07.25,22705.0,-145.0,23050.0,23135.0,22350.0,9164.0
2019.07.24,22850.0,-575.0,23195.0,23640.0,22725.0,11411.0
2019.07.23,23425.0,215.0,23400.0,23700.0,23270.0,12664.0
2019.07.22,23210.0,245.0,22835.0,23265.0,22835.0,5061.0
2019.07.19,22965.0,785.0,22500.0,23000.0,22500.0,5288.0
2019.07.18,22180.0,-200.0,22415.0,22480.0,22075.0,6881.0
2019.07.17,22380.0,-320.0,22490.0,22490.0,22280.0,2929.0
2019.07.16,22700.0,220.0,22535.0,22820.0,22440.0,7960.0
2019.07.15,22480.0,290.0,22110.0,22515.0,22020.0,6314.0
2019.07.12,22190.0,150.0,22150.0,22420.0,21890.0,7899.0
2019.07.11,22040.0,425.0,21960.0,22195.0,21810.0,7451.0
2019.07.10,21615.0,640.0,21295.0,21700.0,21295.0,15218.0
2019.07.09,20975.0,135.0,21200.0,21210.0,20840.0,6318.0
2019.07.08,20840.0,-1130.0,21365.0,21365.0,20700.0,17810.0
2019.07.05,21970.0,-530.0,22500.0,22600.0,21820.0,6113.0
2019.07.04,22500.0,705.0,21980.0,22510.0,21980.0,7149.0
2019.07.03,21795.0,-715.0,22500.0,22665.0,21795.0,12163.0
2019.07.02,22510.0,-175.0,22525.0,22840.0,22180.0,10278.0
2019.07.01,22685.0,-55.0,23200.0,23500.0,22540.0,9554.0
2019.06.28,22740.0,-60.0,22925.0,23060.0,22540.0,10666.0
2019.06.27,22800.0,770.0,22290.0,23030.0,22175.0,30802.0
2019.06.26,22030.0,235.0,22000.0,22180.0,21850.0,9573.0
2019.06.25,21795.0,-170.0,21965.0,22070.0,21630.0,17775.0
2019.06.24,21965.0,140.0,21905.0,22095.0,21755.0,1653.0
2019.06.21,21825.0,-430.0,22325.0,22325.0,21825.0,4572.0
2019.06.20,22255.0,310.0,21855.0,22290.0,21855.0,8950.0
2019.06.19,21945.0,845.0,21855.0,22050.0,21675.0,28183.0
2019.06.18,21100.0,30.0,21070.0,21325.0,21060.0,3920.0
2019.06.17,21070.0,10.0,20315.0,21425.0,20315.0,5017.0
2019.06.14,21060.0,-275.0,21165.0,21290.0,21010.0,7453.0
2019.06.13,21335.0,-410.0,21545.0,21680.0,21000.0,24324.0
2019.06.12,21745.0,-560.0,22240.0,22240.0,21730.0,6130.0
2019.06.11,22305.0,880.0,21600.0,22305.0,21570.0,23718.0
2019.06.10,21425.0,465.0,21185.0,21450.0,20895.0,17639.0
2019.06.07,20960.0,310.0,20625.0,21105.0,20490.0,3563.0
2019.06.05,20650.0,-150.0,21500.0,21515.0,20535.0,23045.0
2019.06.04,20800.0,-445.0,21000.0,21100.0,20720.0,9442.0
2019.06.03,21245.0,1055.0,20190.0,21245.0,19950.0,30490.0
2019.05.31,20190.0,95.0,20190.0,20450.0,19820.0,5103.0
2019.05.30,20095.0,490.0,19800.0,20220.0,19800.0,5957.0
2019.05.29,19605.0,-580.0,19800.0,19840.0,19280.0,13628.0
2019.05.28,20185.0,-5.0,20100.0,20440.0,19980.0,6014.0
2019.05.27,20190.0,70.0,20125.0,20490.0,19970.0,3049.0
2019.05.24,20120.0,-295.0,20385.0,20385.0,20000.0,4228.0
2019.05.23,20415.0,-65.0,20480.0,20480.0,20105.0,8655.0
2019.05.22,20480.0,-5.0,20795.0,20795.0,19975.0,10466.0
2019.05.21,20485.0,605.0,19900.0,20910.0,19895.0,11077.0
2019.05.20,19880.0,-250.0,20300.0,20615.0,19865.0,11735.0
2019.05.17,20130.0,-330.0,21800.0,21800.0,20130.0,5109.0
2019.05.16,20460.0,-1015.0,21600.0,21600.0,20310.0,13405.0
2019.05.15,21475.0,565.0,21100.0,21530.0,20865.0,4995.0
2019.05.14,20910.0,105.0,20000.0,21240.0,20000.0,13162.0
2019.05.13,20805.0,-665.0,21570.0,21570.0,20760.0,7208.0
2019.05.10,21470.0,-215.0,21800.0,22310.0,20975.0,16062.0
2019.05.09,21685.0,-1915.0,23465.0,23540.0,21615.0,24794.0
2019.05.08,23600.0,-295.0,23385.0,23900.0,23200.0,5656.0
2019.05.07,23895.0,-600.0,23930.0,23930.0,23510.0,5919.0
2019.05.03,24495.0,-415.0,24905.0,24905.0,24400.0,2790.0
2019.05.02,24910.0,505.0,24300.0,24990.0,24300.0,22332.0
2019.04.30,24405.0,35.0,24375.0,24565.0,23800.0,13802.0
2019.04.29,24370.0,670.0,23700.0,24800.0,23700.0,14455.0
2019.04.26,23700.0,-530.0,24040.0,24125.0,23540.0,8641.0
2019.04.25,24230.0,425.0,23745.0,24470.0,23595.0,15088.0
2019.04.24,23805.0,-950.0,24970.0,24970.0,23550.0,32503.0
2019.04.23,24755.0,-45.0,24805.0,24865.0,24590.0,3222.0
2019.04.22,24800.0,-100.0,25000.0,25165.0,24430.0,7413.0
2019.04.19,24900.0,135.0,25105.0,25325.0,24890.0,6947.0
2019.04.18,24765.0,-850.0,25730.0,25900.0,24655.0,20358.0
2019.04.17,25615.0,160.0,25510.0,25965.0,25510.0,19472.0
2019.04.16,25455.0,120.0,25335.0,25555.0,25160.0,10994.0
2019.04.15,25335.0,265.0,25265.0,25530.0,25150.0,21410.0
2019.04.12,25070.0,-100.0,25075.0,25280.0,24830.0,9691.0
2019.04.11,25170.0,70.0,25160.0,25290.0,24965.0,16741.0
2019.04.10,25100.0,275.0,24635.0,25100.0,24435.0,12432.0
2019.04.09,24825.0,450.0,24565.0,25000.0,24450.0,17080.0
2019.04.08,24375.0,-275.0,24840.0,24915.0,24220.0,11989.0
2019.04.05,24650.0,-105.0,24600.0,25040.0,24460.0,13456.0
2019.04.04,24755.0,15.0,24940.0,25235.0,24435.0,19900.0
2019.04.03,24740.0,885.0,23915.0,24740.0,23900.0,23723.0
2019.04.02,23855.0,75.0,24085.0,24135.0,23690.0,19737.0
2019.04.01,23780.0,745.0,23445.0,23920.0,23445.0,49929.0
2019.03.29,23035.0,415.0,22620.0,23195.0,22525.0,19625.0
2019.03.28,22620.0,-205.0,22215.0,22935.0,22215.0,8214.0
2019.03.27,22825.0,265.0,22425.0,23000.0,22020.0,11971.0
2019.03.26,22560.0,160.0,22400.0,22725.0,22330.0,7111.0
2019.03.25,22400.0,-1530.0,22775.0,22960.0,22400.0,17535.0
2019.03.22,23930.0,295.0,24395.0,24395.0,23670.0,29763.0
2019.03.21,23635.0,1310.0,22600.0,23805.0,22430.0,40401.0
2019.03.20,22325.0,350.0,21925.0,22325.0,21530.0,9779.0
2019.03.19,21975.0,-105.0,22080.0,22210.0,21865.0,4975.0
2019.03.18,22080.0,-245.0,22445.0,22445.0,21950.0,7322.0
2019.03.15,22325.0,310.0,22015.0,22425.0,22015.0,5149.0
2019.03.14,22015.0,-35.0,22270.0,22270.0,21850.0,5621.0
2019.03.13,22050.0,-165.0,22100.0,22130.0,21650.0,20753.0
2019.03.12,22215.0,400.0,22175.0,22440.0,22100.0,15064.0
2019.03.11,21815.0,25.0,21790.0,21900.0,21415.0,7456.0
2019.03.08,21790.0,-640.0,21615.0,22270.0,21615.0,8685.0
2019.03.07,22430.0,-245.0,22350.0,23035.0,22300.0,5831.0
2019.03.06,22675.0,65.0,22485.0,22720.0,22440.0,5527.0
2019.03.05,22610.0,-495.0,22850.0,22850.0,22485.0,8176.0
2019.03.04,23105.0,-140.0,23640.0,23945.0,23085.0,14660.0
2019.02.28,23245.0,-1285.0,24420.0,24420.0,23245.0,17532.0
2019.02.27,24530.0,165.0,24470.0,24770.0,24400.0,22337.0
2019.02.26,24365.0,-380.0,24745.0,24890.0,24175.0,22130.0
2019.02.25,24745.0,-75.0,25040.0,25205.0,24575.0,14348.0
2019.02.22,24820.0,-145.0,24750.0,24820.0,24300.0,9795.0
2019.02.21,24965.0,-5.0,24900.0,25100.0,24405.0,26483.0
2019.02.20,24970.0,525.0,24765.0,25070.0,24690.0,18774.0
2019.02.19,24445.0,-135.0,24580.0,24720.0,23960.0,15975.0
2019.02.18,24580.0,620.0,24385.0,24595.0,24270.0,13375.0
2019.02.15,23960.0,-940.0,24730.0,24765.0,23700.0,103618.0
2019.02.14,24900.0,410.0,24490.0,24900.0,24080.0,111012.0
2019.02.13,24490.0,265.0,24230.0,24945.0,24230.0,128069.0
2019.02.12,24225.0,910.0,23335.0,24440.0,23335.0,100557.0
2019.02.11,23315.0,295.0,23600.0,23650.0,22665.0,15720.0
2019.02.08,23020.0,-965.0,23635.0,23635.0,22895.0,51760.0
2019.02.07,23985.0,540.0,24025.0,24500.0,23755.0,15425.0
2019.02.01,23445.0,275.0,23400.0,23840.0,23300.0,26492.0
2019.01.31,23170.0,-565.0,24005.0,24310.0,23115.0,19678.0
2019.01.30,23735.0,415.0,23480.0,23890.0,23180.0,18569.0
2019.01.29,23320.0,415.0,22675.0,23390.0,22315.0,34505.0
2019.01.28,22905.0,-410.0,23525.0,23525.0,22610.0,15395.0
2019.01.25,23315.0,1915.0,21800.0,23315.0,21800.0,44215.0
2019.01.24,21400.0,450.0,21105.0,21400.0,20820.0,17090.0
2019.01.23,20950.0,255.0,20460.0,21180.0,20400.0,6101.0
2019.01.22,20695.0,-630.0,21430.0,21530.0,20570.0,12496.0
2019.01.21,21325.0,590.0,21000.0,21350.0,20765.0,13273.0
2019.01.18,20735.0,185.0,20725.0,20970.0,20565.0,12759.0
2019.01.17,20550.0,-300.0,20945.0,21055.0,20545.0,16734.0
2019.01.16,20850.0,395.0,20600.0,20865.0,20370.0,14081.0
2019.01.15,20455.0,795.0,19720.0,20470.0,19720.0,13091.0
2019.01.14,19660.0,-590.0,20000.0,20090.0,19605.0,21162.0
2019.01.11,20250.0,505.0,19980.0,20350.0,19930.0,25512.0
2019.01.10,19745.0,385.0,19595.0,19870.0,19505.0,32131.0
2019.01.09,19360.0,1360.0,18000.0,19500.0,18000.0,24272.0
2019.01.08,18000.0,-225.0,18195.0,18420.0,17930.0,5629.0
2019.01.07,18225.0,925.0,17785.0,18325.0,17785.0,22778.0
2019.01.04,17300.0,-50.0,17100.0,17345.0,16565.0,8178.0
2019.01.03,17350.0,-930.0,18170.0,18170.0,17275.0,11234.0
2019.01.02,18280.0,-330.0,18610.0,19000.0,18195.0,6016.0
2018.12.28,18610.0,105.0,18400.0,18910.0,18400.0,9193.0
2018.12.27,18505.0,805.0,20150.0,20150.0,7115.0,16258.0
2018.12.26,17700.0,-530.0,17605.0,18080.0,17605.0,9415.0
2018.12.24,18230.0,25.0,18225.0,18300.0,17940.0,5683.0
2018.12.21,18205.0,335.0,17570.0,18300.0,17570.0,16101.0
2018.12.20,17870.0,-530.0,17830.0,18040.0,17570.0,15279.0
2018.12.19,18400.0,200.0,18080.0,18455.0,18080.0,3251.0
2018.12.18,18200.0,-530.0,18305.0,18535.0,18145.0,8403.0
2018.12.17,18730.0,280.0,18340.0,18840.0,18105.0,16716.0
2018.12.14,18450.0,-1360.0,19510.0,19510.0,18235.0,41579.0
2018.12.13,19810.0,195.0,19820.0,19880.0,19300.0,4738.0
2018.12.12,19615.0,735.0,19400.0,19615.0,19010.0,8668.0
2018.12.11,18880.0,10.0,19215.0,19225.0,18715.0,10596.0
2018.12.10,18870.0,-820.0,19200.0,19290.0,18715.0,13300.0
2018.12.07,19690.0,165.0,19900.0,20100.0,19565.0,4735.0
2018.12.06,19525.0,-1325.0,20300.0,20300.0,19445.0,22096.0
2018.12.05,20850.0,-305.0,20395.0,21030.0,20395.0,7175.0
2018.12.04,21155.0,-785.0,21850.0,21850.0,20965.0,8245.0
2018.12.03,21940.0,655.0,21895.0,21940.0,21510.0,7711.0
2018.11.30,21285.0,-680.0,21990.0,22000.0,21110.0,7859.0
2018.11.29,21965.0,185.0,22455.0,22640.0,21910.0,19764.0
2018.11.28,21780.0,720.0,21235.0,21780.0,21200.0,14097.0
2018.11.27,21060.0,260.0,20995.0,21155.0,20600.0,10399.0
2018.11.26,20800.0,1040.0,20000.0,20875.0,20000.0,17785.0
2018.11.23,19760.0,-50.0,19800.0,20055.0,19590.0,9897.0
2018.11.22,19810.0,220.0,19605.0,19925.0,19605.0,5057.0
2018.11.21,19590.0,-205.0,19145.0,19630.0,19010.0,12233.0
2018.11.20,19795.0,-900.0,19855.0,20620.0,19705.0,8770.0
2018.11.19,20695.0,80.0,20600.0,21000.0,20500.0,8390.0
2018.11.16,20615.0,-365.0,21325.0,21325.0,20550.0,5125.0
2018.11.15,20980.0,445.0,20540.0,20980.0,20335.0,8078.0
2018.11.14,20535.0,-245.0,20860.0,20900.0,20500.0,4721.0
2018.11.13,20780.0,-550.0,20565.0,20825.0,20065.0,16329.0
2018.11.12,21330.0,460.0,20565.0,21450.0,20565.0,12707.0
2018.11.09,20870.0,-230.0,20900.0,21340.0,20800.0,10254.0
2018.11.08,21100.0,440.0,21415.0,21645.0,21100.0,17565.0
2018.11.07,20660.0,-65.0,20710.0,21035.0,20550.0,11851.0
2018.11.06,20725.0,-110.0,20935.0,20935.0,20305.0,11334.0
2018.11.05,20835.0,-475.0,21285.0,21285.0,20365.0,40598.0
2018.11.02,21310.0,1710.0,20180.0,21365.0,20130.0,32792.0
2018.11.01,19600.0,-65.0,19895.0,20300.0,19600.0,22706.0
2018.10.31,19665.0,475.0,19660.0,19695.0,19085.0,13500.0
2018.10.30,19190.0,1200.0,17860.0,19450.0,17745.0,34838.0
2018.10.29,17990.0,-540.0,18505.0,18800.0,17990.0,10730.0
2018.10.26,18530.0,-600.0,19305.0,19335.0,17670.0,37869.0
2018.10.25,19130.0,-1050.0,18980.0,19325.0,18250.0,43270.0
2018.10.24,20180.0,-815.0,21160.0,21160.0,20040.0,12723.0
2018.10.23,20995.0,-1005.0,21920.0,21920.0,20650.0,11540.0
2018.10.22,22000.0,-110.0,21795.0,22075.0,21650.0,2878.0
2018.10.19,22110.0,410.0,21375.0,22110.0,21130.0,7008.0
2018.10.18,21700.0,-405.0,21825.0,22105.0,21600.0,4992.0
2018.10.17,22105.0,250.0,22570.0,22750.0,22000.0,11746.0
2018.10.16,21855.0,30.0,21925.0,22320.0,21710.0,6982.0
2018.10.15,21825.0,-650.0,22465.0,22465.0,21720.0,3933.0
2018.10.12,22475.0,1120.0,21370.0,22655.0,21345.0,6243.0
2018.10.11,21355.0,-1600.0,21125.0,22280.0,21100.0,28396.0
2018.10.10,22955.0,-340.0,23270.0,23295.0,22700.0,21654.0
2018.10.08,23295.0,70.0,22695.0,23675.0,22695.0,3176.0
2018.10.05,23225.0,-325.0,23260.0,23655.0,22980.0,19721.0
2018.10.04,23550.0,-660.0,24210.0,24350.0,23475.0,21962.0
2018.10.02,24210.0,-890.0,25145.0,25245.0,24165.0,18582.0
2018.10.01,25100.0,140.0,25130.0,25365.0,24825.0,6427.0
2018.09.28,24960.0,-625.0,25480.0,25700.0,24960.0,21305.0
2018.09.27,25585.0,-160.0,25730.0,25830.0,25490.0,9274.0
2018.09.21,25745.0,-270.0,25985.0,25990.0,25600.0,10269.0
2018.09.20,26015.0,215.0,25780.0,26320.0,25780.0,12740.0
2018.09.19,25800.0,230.0,26400.0,26400.0,25610.0,11286.0
2018.09.18,25570.0,95.0,25200.0,25640.0,24965.0,6234.0
2018.09.17,25475.0,-350.0,25660.0,25865.0,25265.0,10844.0
2018.09.14,25825.0,925.0,26805.0,26805.0,25400.0,23954.0
2018.09.13,24900.0,-270.0,24800.0,25350.0,24800.0,7120.0
2018.09.12,25170.0,-210.0,25020.0,25380.0,24900.0,8597.0
2018.09.11,25380.0,-120.0,25800.0,25940.0,25295.0,8802.0
2018.09.10,25500.0,-30.0,25510.0,25700.0,25405.0,4674.0
2018.09.07,25530.0,-600.0,25275.0,25715.0,25100.0,16992.0
2018.09.06,26130.0,-475.0,26020.0,26355.0,26000.0,12208.0
2018.09.05,26605.0,-845.0,27255.0,27255.0,26545.0,11962.0
2018.09.04,27450.0,555.0,27180.0,27500.0,27125.0,12523.0
2018.09.03,26895.0,-475.0,27410.0,27530.0,26800.0,8929.0
2018.08.31,27370.0,20.0,26995.0,27370.0,26700.0,9195.0
2018.08.30,27350.0,205.0,27200.0,27570.0,27105.0,13924.0
2018.08.29,27145.0,580.0,26835.0,27175.0,26600.0,20534.0
2018.08.28,26565.0,-445.0,27300.0,27400.0,26520.0,14550.0
2018.08.27,27010.0,730.0,26640.0,27080.0,26590.0,18234.0
2018.08.24,26280.0,150.0,25935.0,26450.0,25800.0,22564.0
2018.08.23,26130.0,665.0,25660.0,26175.0,25660.0,21951.0
2018.08.22,25465.0,245.0,25430.0,25670.0,25285.0,21922.0
2018.08.21,25220.0,1190.0,24100.0,25250.0,24100.0,28671.0
2018.08.20,24030.0,-405.0,24500.0,24835.0,24000.0,24896.0
2018.08.17,24435.0,-70.0,24610.0,24750.0,24350.0,3771.0
2018.08.16,24505.0,-565.0,24190.0,24575.0,23845.0,14593.0
2018.08.14,25070.0,340.0,25000.0,25150.0,24725.0,42124.0
2018.08.13,24730.0,-700.0,24800.0,25030.0,24430.0,18865.0
2018.08.10,25430.0,-1035.0,26295.0,26295.0,25290.0,28929.0
2018.08.09,26465.0,-105.0,26535.0,26560.0,26150.0,7196.0
2018.08.08,26570.0,-65.0,26900.0,26940.0,26485.0,5125.0
2018.08.07,26635.0,635.0,26350.0,26635.0,26130.0,11860.0
2018.08.06,26000.0,-740.0,26750.0,26750.0,26000.0,18101.0
2018.08.03,26740.0,175.0,26825.0,26825.0,26445.0,9721.0
2018.08.02,26565.0,-630.0,27430.0,27430.0,26405.0,15746.0
2018.08.01,27195.0,170.0,27325.0,27420.0,27030.0,17016.0
2018.07.31,27025.0,-205.0,27430.0,27430.0,26935.0,8644.0
2018.07.30,27230.0,-715.0,27945.0,27945.0,27070.0,6238.0
2018.07.27,27945.0,220.0,27705.0,28000.0,27615.0,7973.0
2018.07.26,27725.0,720.0,27400.0,27890.0,26780.0,31940.0
2018.07.25,27005.0,-395.0,27490.0,27900.0,26885.0,13468.0
2018.07.24,27400.0,335.0,27010.0,27475.0,26960.0,8841.0
2018.07.23,27065.0,-1270.0,28035.0,28035.0,26900.0,23334.0
2018.07.20,28335.0,-165.0,28500.0,28700.0,28000.0,9935.0
2018.07.19,28500.0,360.0,28350.0,28850.0,28350.0,37551.0
2018.07.18,28140.0,175.0,28325.0,28940.0,28090.0,24558.0
2018.07.17,27965.0,-160.0,28025.0,28225.0,27685.0,7210.0
2018.07.16,28125.0,-405.0,28055.0,28515.0,27965.0,8266.0
2018.07.13,28530.0,575.0,28165.0,28830.0,28165.0,20719.0
2018.07.12,27955.0,150.0,27755.0,28100.0,27610.0,14103.0
2018.07.11,27805.0,-110.0,27690.0,27985.0,27260.0,7570.0
2018.07.10,27915.0,335.0,28000.0,28170.0,27750.0,20541.0
2018.07.09,27580.0,1040.0,26835.0,27645.0,26685.0,28148.0
2018.07.06,26540.0,-80.0,26510.0,26745.0,25870.0,21178.0
2018.07.05,26620.0,20.0,26565.0,26750.0,26325.0,21164.0
2018.07.04,26600.0,65.0,26750.0,27165.0,26450.0,17681.0
2018.07.03,26535.0,430.0,26745.0,26745.0,26050.0,20990.0
2018.07.02,26105.0,-895.0,26900.0,27100.0,26015.0,12532.0
2018.06.29,27000.0,400.0,26595.0,27150.0,26390.0,24965.0
2018.06.28,26600.0,-790.0,26425.0,26925.0,26425.0,33021.0
2018.06.27,27390.0,400.0,26800.0,27795.0,26800.0,24513.0
2018.06.26,26990.0,-440.0,26635.0,27115.0,26460.0,27382.0
2018.06.25,27430.0,-195.0,27450.0,27450.0,27195.0,5744.0
2018.06.22,27625.0,635.0,26870.0,27625.0,26570.0,16511.0
2018.06.21,26990.0,-120.0,27235.0,27600.0,26990.0,23796.0
2018.06.20,27110.0,945.0,26500.0,27465.0,26355.0,33805.0
2018.06.19,26165.0,-290.0,26635.0,26890.0,26075.0,27855.0
2018.06.18,26455.0,-1310.0,27470.0,27550.0,26045.0,50714.0
2018.06.15,27765.0,-825.0,28965.0,28995.0,27650.0,26685.0
2018.06.14,28590.0,-435.0,28975.0,29070.0,28590.0,16363.0
2018.06.12,29025.0,15.0,29135.0,29265.0,29005.0,15752.0
2018.06.11,29010.0,175.0,28900.0,29270.0,28455.0,18383.0
2018.06.08,28835.0,-225.0,29060.0,29060.0,28705.0,15841.0
2018.06.07,29060.0,220.0,29325.0,29440.0,28985.0,25484.0
2018.06.05,28840.0,200.0,28650.0,28975.0,28600.0,34448.0
2018.06.04,28640.0,-35.0,28675.0,29100.0,28250.0,16766.0
2018.06.01,28675.0,260.0,28170.0,28745.0,27780.0,38569.0
2018.05.31,28415.0,-135.0,28735.0,28750.0,28320.0,17454.0
2018.05.30,28550.0,-905.0,29370.0,29370.0,28170.0,44134.0
2018.05.29,29455.0,15.0,29500.0,29690.0,29190.0,30147.0
2018.05.28,29440.0,-235.0,29665.0,29665.0,29045.0,27843.0
2018.05.25,29675.0,565.0,28980.0,29910.0,28895.0,95276.0
2018.05.24,29110.0,-240.0,29450.0,29450.0,29030.0,90603.0
2018.05.23,29350.0,1495.0,28260.0,29400.0,28260.0,211317.0
2018.05.21,27855.0,410.0,27550.0,27855.0,27270.0,22207.0
2018.05.18,27445.0,-95.0,27650.0,27670.0,27190.0,10313.0
2018.05.17,27540.0,-65.0,27850.0,28025.0,27445.0,11698.0
2018.05.16,27605.0,360.0,27160.0,27750.0,27160.0,26068.0
2018.05.15,27245.0,-315.0,27515.0,27575.0,27050.0,22927.0
2018.05.14,27560.0,-190.0,27715.0,27880.0,27375.0,18275.0
2018.05.11,27750.0,30.0,28000.0,28100.0,27695.0,19174.0
2018.05.10,27720.0,680.0,27250.0,27800.0,27250.0,26118.0
2018.05.09,27040.0,275.0,26900.0,27160.0,26670.0,31369.0
2018.05.08,26765.0,-240.0,27440.0,27685.0,26655.0,47341.0
2018.05.04,27005.0,-960.0,28340.0,28480.0,26975.0,74523.0
2018.05.03,27965.0,-190.0,28140.0,28250.0,27950.0,17959.0
2018.05.02,28155.0,-165.0,28410.0,28500.0,27880.0,12013.0
2018.04.30,28320.0,-320.0,28575.0,28605.0,28195.0,20931.0
2018.04.27,28640.0,695.0,28545.0,29075.0,28350.0,151781.0
2018.04.26,27945.0,620.0,27620.0,28350.0,27600.0,62087.0
2018.04.25,27325.0,-110.0,27090.0,27580.0,26630.0,64729.0
2018.04.24,27435.0,-920.0,28215.0,28215.0,27350.0,99032.0
2018.04.23,28355.0,-305.0,28600.0,28750.0,28260.0,29666.0
2018.04.20,28660.0,-760.0,29000.0,29040.0,28600.0,36546.0
2018.04.19,29420.0,270.0,29175.0,29500.0,29020.0,53261.0
2018.04.18,29150.0,465.0,28900.0,29390.0,28800.0,55747.0
2018.04.17,28685.0,20.0,28880.0,28945.0,28480.0,15880.0
2018.04.16,28665.0,-230.0,29005.0,29005.0,28530.0,27149.0
2018.04.13,28895.0,235.0,29050.0,29245.0,28795.0,38518.0
2018.04.12,28660.0,545.0,28425.0,28810.0,28125.0,44120.0
2018.04.11,28115.0,-85.0,28635.0,28645.0,28065.0,32615.0
2018.04.10,28200.0,-195.0,28305.0,28420.0,27635.0,56986.0
2018.04.09,28395.0,175.0,28050.0,28505.0,28050.0,41633.0
2018.04.06,28220.0,-440.0,28150.0,28370.0,27715.0,56566.0
2018.04.05,28660.0,845.0,28550.0,28880.0,28235.0,68228.0
2018.04.04,27815.0,-1735.0,29570.0,29900.0,27735.0,157298.0
2018.04.03,29550.0,-170.0,28550.0,29550.0,28550.0,35256.0
2018.04.02,29720.0,-85.0,30000.0,30100.0,29595.0,28044.0
2018.03.30,29805.0,655.0,29580.0,30310.0,29570.0,35910.0
2018.03.29,29150.0,125.0,29030.0,29200.0,28795.0,48204.0
2018.03.28,29025.0,-930.0,28975.0,29475.0,28835.0,83167.0
2018.03.27,29955.0,-155.0,30765.0,30765.0,29705.0,59340.0
2018.03.26,30110.0,580.0,29400.0,30110.0,29100.0,91284.0
2018.03.23,29530.0,-2605.0,30325.0,31115.0,29470.0,143796.0
2018.03.22,32135.0,190.0,32125.0,32300.0,31875.0,59314.0
2018.03.21,31945.0,-205.0,32245.0,32335.0,31900.0,50928.0
2018.03.20,32150.0,295.0,31195.0,32150.0,31170.0,74433.0
2018.03.19,31855.0,-350.0,32350.0,32615.0,31830.0,79129.0
2018.03.16,32205.0,-160.0,32350.0,32360.0,31640.0,69807.0
2018.03.15,32365.0,45.0,32350.0,32500.0,31800.0,64122.0
2018.03.14,32320.0,25.0,31930.0,32360.0,31650.0,53105.0
2018.03.13,32295.0,1395.0,31200.0,32300.0,31160.0,141925.0
2018.03.12,30900.0,800.0,31000.0,31000.0,30710.0,46149.0
2018.03.09,30100.0,935.0,29250.0,30495.0,29250.0,85031.0
2018.03.08,29165.0,645.0,29000.0,29165.0,28500.0,30015.0
2018.03.07,28520.0,70.0,28950.0,29200.0,28340.0,79345.0
2018.03.06,28450.0,1700.0,27395.0,28450.0,27390.0,55787.0
2018.03.05,26750.0,-305.0,26750.0,27560.0,26705.0,27086.0
2018.03.02,27055.0,-380.0,26800.0,27235.0,26600.0,38179.0
2018.02.28,27435.0,-1045.0,28000.0,28590.0,27425.0,53597.0
2018.02.27,28480.0,140.0,28800.0,28850.0,28450.0,25524.0
2018.02.26,28340.0,-105.0,28845.0,28845.0,28150.0,21562.0
2018.02.23,28445.0,745.0,27785.0,28475.0,27785.0,36889.0
2018.02.22,27700.0,-375.0,27920.0,28100.0,27630.0,12960.0
2018.02.21,28075.0,490.0,27855.0,28200.0,27545.0,25301.0
2018.02.20,27585.0,-785.0,28310.0,28310.0,27520.0,25491.0
2018.02.19,28370.0,205.0,29240.0,29240.0,27900.0,60668.0
2018.02.14,28165.0,610.0,28205.0,28545.0,27855.0,50508.0
2018.02.13,27555.0,1060.0,27000.0,28150.0,27000.0,91407.0
2018.02.12,26495.0,620.0,26200.0,26620.0,26035.0,26612.0
2018.02.09,25875.0,-1570.0,26000.0,26705.0,25760.0,87485.0
2018.02.08,27445.0,775.0,26855.0,27570.0,26840.0,43538.0
2018.02.07,26670.0,-850.0,29005.0,29445.0,26560.0,75029.0
2018.02.06,27520.0,-920.0,26400.0,27765.0,24950.0,132893.0
2018.02.05,28440.0,-1445.0,28660.0,29000.0,28245.0,93370.0
2018.02.02,29885.0,-1505.0,31390.0,31390.0,29745.0,111946.0
2018.02.01,31390.0,100.0,31640.0,31950.0,31240.0,26665.0
2018.01.31,31290.0,-225.0,31235.0,32180.0,31040.0,98508.0
2018.01.30,31515.0,-1045.0,32010.0,32280.0,31480.0,58435.0
2018.01.29,32560.0,155.0,32650.0,32995.0,32435.0,81995.0
2018.01.26,32405.0,440.0,32135.0,32405.0,31920.0,101264.0
2018.01.25,31965.0,1200.0,30700.0,32005.0,30510.0,101145.0
2018.01.24,30765.0,90.0,30865.0,31170.0,30510.0,43433.0
2018.01.23,30675.0,565.0,30300.0,30685.0,30050.0,29400.0
2018.01.22,30110.0,-820.0,30910.0,30910.0,28500.0,68073.0
2018.01.19,30930.0,-1055.0,31830.0,32095.0,30800.0,73829.0
2018.01.18,31985.0,235.0,32295.0,32805.0,31900.0,118389.0
2018.01.17,31750.0,-190.0,31915.0,32050.0,31560.0,60822.0
2018.01.16,31940.0,900.0,31040.0,32040.0,30820.0,149908.0
2018.01.15,31040.0,-165.0,31225.0,31570.0,30820.0,44014.0
2018.01.12,31205.0,-135.0,31420.0,31535.0,30340.0,115782.0
2018.01.11,31340.0,-300.0,31625.0,31670.0,31140.0,46802.0
2018.01.10,31640.0,-1335.0,33005.0,33200.0,31340.0,73422.0
2018.01.09,32975.0,-465.0,33440.0,33690.0,32700.0,53100.0
2018.01.08,33440.0,340.0,33900.0,33900.0,33005.0,79023.0
2018.01.05,33100.0,1250.0,32495.0,33100.0,32015.0,55705.0
2018.01.04,31850.0,-270.0,32390.0,32520.0,31820.0,52476.0
2018.01.03,32120.0,-30.0,32490.0,32650.0,31920.0,55926.0
2018.01.02,32150.0,740.0,31410.0,32170.0,31410.0,50760.0
2017.12.28,31410.0,645.0,30690.0,31545.0,30685.0,57598.0
2017.12.27,30765.0,1575.0,29600.0,30765.0,29600.0,40552.0
2017.12.26,29190.0,-885.0,30075.0,30295.0,29190.0,38010.0
2017.12.22,30075.0,370.0,29565.0,30180.0,29565.0,25416.0
2017.12.21,29705.0,-1715.0,31500.0,31505.0,29705.0,83380.0
2017.12.20,31420.0,-430.0,32000.0,32000.0,31365.0,17763.0
2017.12.19,31850.0,430.0,31450.0,32345.0,31450.0,71830.0
2017.12.18,31420.0,65.0,31600.0,31625.0,31240.0,41711.0
2017.12.15,31355.0,-565.0,32185.0,32240.0,31220.0,42964.0
2017.12.14,31920.0,595.0,31495.0,32325.0,31495.0,73414.0
2017.12.13,31325.0,-5.0,31330.0,31415.0,30925.0,22430.0
2017.12.12,31330.0,100.0,31350.0,31635.0,31200.0,36370.0
2017.12.11,31230.0,-80.0,31450.0,31550.0,30995.0,43059.0
2017.12.08,31310.0,770.0,30980.0,31320.0,30810.0,68885.0
2017.12.07,30540.0,165.0,30495.0,30800.0,30010.0,61437.0
2017.12.06,30375.0,-555.0,31140.0,31400.0,30330.0,52860.0
2017.12.05,30930.0,-525.0,31050.0,31320.0,30540.0,57617.0
2017.12.04,31455.0,535.0,31100.0,31455.0,30640.0,55657.0
2017.12.01,30920.0,785.0,30930.0,31085.0,30500.0,73312.0
2017.11.30,30135.0,-2325.0,31100.0,31445.0,30085.0,183755.0
2017.11.29,32460.0,-45.0,32455.0,32680.0,32185.0,45222.0
2017.11.28,32505.0,-145.0,32840.0,32860.0,32030.0,81535.0
2017.11.27,32650.0,-1645.0,34535.0,34535.0,32385.0,176779.0
2017.11.24,34295.0,115.0,34180.0,34310.0,33855.0,53403.0
2017.11.23,34180.0,-685.0,35500.0,35565.0,34085.0,98656.0
2017.11.22,34865.0,670.0,35200.0,35300.0,34655.0,162458.0
2017.11.21,34195.0,1060.0,33135.0,34195.0,33135.0,105414.0
2017.11.20,33135.0,-515.0,33855.0,33855.0,32905.0,60777.0
2017.11.17,33650.0,550.0,33555.0,34500.0,33500.0,128592.0
2017.11.16,33100.0,655.0,32635.0,33200.0,32315.0,61679.0
2017.11.15,32445.0,-385.0,32700.0,32900.0,32390.0,53000.0
2017.11.14,32830.0,-60.0,33100.0,33230.0,32615.0,71893.0
2017.11.13,32890.0,-510.0,33900.0,33900.0,32870.0,52765.0
2017.11.10,33400.0,-325.0,33400.0,33575.0,33100.0,36999.0
2017.11.09,33725.0,-400.0,34200.0,34215.0,33325.0,80712.0
2017.11.08,34125.0,305.0,33740.0,34470.0,33620.0,58921.0
2017.11.07,33820.0,-260.0,33960.0,34160.0,33590.0,33014.0
2017.11.06,34080.0,-70.0,33935.0,34200.0,33540.0,58527.0
2017.11.03,34150.0,60.0,33965.0,34150.0,33450.0,87674.0
2017.11.02,34090.0,-265.0,34490.0,34765.0,33850.0,69871.0
2017.11.01,34355.0,1140.0,34175.0,34500.0,33700.0,88573.0
2017.10.31,33215.0,1060.0,32180.0,33250.0,32150.0,101132.0
2017.10.30,32155.0,655.0,31950.0,32390.0,31805.0,97312.0
2017.10.27,31500.0,650.0,31190.0,31500.0,30625.0,57486.0
2017.10.26,30850.0,-825.0,31675.0,31950.0,30850.0,80507.0
2017.10.25,31675.0,-140.0,31930.0,32050.0,31500.0,73363.0
2017.10.24,31815.0,-865.0,32600.0,32610.0,31765.0,90650.0
2017.10.23,32680.0,965.0,32095.0,32690.0,32095.0,90180.0
2017.10.20,31715.0,765.0,31115.0,31735.0,31115.0,68397.0
2017.10.19,30950.0,-580.0,31530.0,31735.0,30950.0,47400.0
2017.10.18,31530.0,-205.0,31735.0,32050.0,31350.0,62642.0
2017.10.17,31735.0,515.0,31430.0,32130.0,31430.0,64526.0
2017.10.16,31220.0,-630.0,32185.0,32210.0,30990.0,76522.0
2017.10.13,31850.0,-800.0,32635.0,32635.0,31760.0,66108.0
2017.10.12,32650.0,70.0,32720.0,32755.0,32370.0,75930.0
2017.10.11,32580.0,975.0,32200.0,32580.0,31870.0,70933.0
2017.10.10,31605.0,1715.0,30790.0,31980.0,30655.0,108539.0
2017.09.29,29890.0,335.0,29585.0,29990.0,29440.0,29036.0
2017.09.28,29555.0,-215.0,30300.0,30300.0,29300.0,50135.0
2017.09.27,29770.0,-90.0,30075.0,30250.0,29725.0,34940.0
2017.09.26,29860.0,-1420.0,30710.0,30830.0,29665.0,97360.0
2017.09.25,31280.0,630.0,30650.0,31400.0,30650.0,65209.0
2017.09.22,30650.0,-370.0,30940.0,31525.0,30280.0,103836.0
2017.09.21,31020.0,-170.0,31200.0,31250.0,30370.0,70039.0
2017.09.20,31190.0,65.0,31585.0,31585.0,30700.0,79188.0
2017.09.19,31125.0,-525.0,31665.0,31700.0,30760.0,119586.0
2017.09.18,31650.0,1350.0,30735.0,31650.0,30720.0,101852.0
2017.09.15,30300.0,415.0,29720.0,30350.0,29530.0,82034.0
2017.09.14,29885.0,770.0,29270.0,29885.0,29270.0,69669.0
2017.09.13,29115.0,875.0,28440.0,29575.0,28250.0,101606.0
2017.09.12,28240.0,280.0,28275.0,28495.0,28010.0,57487.0
2017.09.11,27960.0,730.0,27630.0,27985.0,27615.0,56142.0
2017.09.08,27230.0,120.0,27480.0,27555.0,27110.0,36204.0
2017.09.07,27110.0,450.0,26825.0,27455.0,26800.0,44482.0
2017.09.06,26660.0,490.0,26100.0,26700.0,26100.0,38799.0
2017.09.05,26170.0,845.0,25650.0,26215.0,25520.0,47755.0
2017.09.04,25325.0,-775.0,24900.0,25635.0,24390.0,55463.0
2017.09.01,26100.0,65.0,26200.0,26250.0,25720.0,38092.0
2017.08.31,26035.0,-25.0,26135.0,26300.0,25895.0,27330.0
2017.08.30,26060.0,965.0,25250.0,26060.0,25250.0,35548.0
2017.08.29,25095.0,-330.0,25205.0,25205.0,24520.0,39607.0
2017.08.28,25425.0,-375.0,25775.0,26000.0,25340.0,34890.0
2017.08.25,25800.0,-90.0,26000.0,26105.0,25750.0,70454.0
2017.08.24,25890.0,225.0,25665.0,25950.0,25490.0,22661.0
2017.08.23,25665.0,265.0,25765.0,25990.0,25495.0,31187.0
2017.08.22,25400.0,330.0,25150.0,25410.0,25150.0,18511.0
2017.08.21,25070.0,90.0,24990.0,25190.0,24900.0,17812.0
2017.08.18,24980.0,70.0,24355.0,24980.0,24150.0,34774.0
2017.08.17,24910.0,215.0,24860.0,25005.0,24700.0,25699.0
2017.08.16,24695.0,675.0,24800.0,24845.0,24545.0,43209.0
2017.08.14,24020.0,785.0,23790.0,24020.0,23500.0,38509.0
2017.08.11,23235.0,-875.0,22950.0,23545.0,22925.0,51466.0
2017.08.10,24110.0,-130.0,24095.0,24365.0,23565.0,29571.0
2017.08.09,24240.0,-1085.0,24900.0,24950.0,24215.0,73911.0
2017.08.08,25325.0,585.0,25000.0,25365.0,24795.0,47605.0
2017.08.07,24740.0,225.0,24520.0,24950.0,24500.0,24028.0
2017.08.04,24515.0,-75.0,24595.0,24880.0,24235.0,38654.0
2017.08.03,24590.0,-945.0,25535.0,25550.0,24270.0,67085.0
2017.08.02,25535.0,740.0,25295.0,25640.0,25295.0,50048.0
2017.08.01,24795.0,25.0,24300.0,25120.0,24300.0,27319.0
2017.07.31,24770.0,555.0,24015.0,24785.0,23870.0,68038.0
2017.07.28,24215.0,-1930.0,25665.0,25795.0,24160.0,144385.0
2017.07.27,26145.0,335.0,25630.0,26450.0,25630.0,63633.0
2017.07.26,25810.0,-1400.0,27085.0,27205.0,25720.0,132428.0
2017.07.25,27210.0,-630.0,27880.0,27880.0,27185.0,39735.0
2017.07.24,27840.0,30.0,27825.0,27855.0,27620.0,45858.0
2017.07.21,27810.0,-20.0,27720.0,27910.0,27600.0,45285.0
2017.07.20,27830.0,50.0,27875.0,27890.0,27465.0,52413.0
2017.07.19,27780.0,-210.0,27970.0,28100.0,27580.0,59910.0
2017.07.18,27990.0,70.0,27920.0,28155.0,27885.0,40199.0
2017.07.17,27920.0,245.0,28000.0,28095.0,27740.0,42559.0
2017.07.14,27675.0,-220.0,28000.0,28455.0,27605.0,87729.0
2017.07.13,27895.0,1130.0,27070.0,28090.0,27070.0,147555.0
2017.07.12,26765.0,-225.0,27080.0,27205.0,26715.0,36152.0
2017.07.11,26990.0,580.0,26435.0,26990.0,26185.0,59404.0
2017.07.10,26410.0,-335.0,27200.0,27200.0,26405.0,61301.0
2017.07.07,26745.0,-625.0,27075.0,27295.0,26715.0,51004.0
2017.07.06,27370.0,-130.0,28050.0,28050.0,27000.0,65965.0
2017.07.05,27500.0,965.0,26535.0,27500.0,26535.0,82534.0
2017.07.04,26535.0,40.0,26285.0,26880.0,26180.0,54255.0
2017.07.03,26495.0,-525.0,26900.0,27080.0,26215.0,79875.0
2017.06.30,27020.0,-555.0,26370.0,27130.0,26300.0,96222.0
2017.06.29,27575.0,370.0,28500.0,28500.0,27370.0,95550.0
2017.06.28,27205.0,-1270.0,28200.0,28200.0,27030.0,151418.0
2017.06.27,28475.0,210.0,28700.0,28800.0,28000.0,95217.0
2017.06.26,28265.0,1295.0,27500.0,28265.0,27100.0,58659.0
2017.06.23,26970.0,545.0,26425.0,26970.0,26210.0,32073.0
2017.06.22,26425.0,75.0,26700.0,26780.0,26360.0,49355.0
2017.06.21,26350.0,140.0,25700.0,26400.0,25350.0,43519.0
2017.06.20,26210.0,-20.0,26475.0,27485.0,26060.0,116656.0
2017.06.19,26230.0,845.0,25410.0,26240.0,25410.0,44262.0
2017.06.16,25385.0,-215.0,25645.0,25860.0,25225.0,28994.0
2017.06.15,25600.0,550.0,25000.0,25665.0,24930.0,59333.0
2017.06.14,25050.0,-85.0,25645.0,25755.0,24935.0,45527.0
2017.06.13,25135.0,570.0,24120.0,25140.0,24120.0,46617.0
2017.06.12,24565.0,-1620.0,25665.0,26030.0,24520.0,89474.0
2017.06.09,26185.0,1185.0,25380.0,26225.0,25065.0,41689.0
2017.06.08,25000.0,430.0,24695.0,25000.0,24500.0,16186.0
2017.06.07,24570.0,-5.0,24450.0,24710.0,24380.0,43673.0
2017.06.05,24575.0,415.0,24355.0,24650.0,24355.0,16576.0
2017.06.02,24160.0,685.0,23760.0,24160.0,23670.0,18437.0
2017.06.01,23475.0,-340.0,23945.0,23945.0,23305.0,11099.0
2017.05.31,23815.0,-50.0,23865.0,24150.0,23730.0,9523.0
2017.05.30,23865.0,-370.0,24235.0,24355.0,23670.0,23009.0
2017.05.29,24235.0,335.0,24310.0,24670.0,23990.0,43764.0
2017.05.26,23900.0,670.0,23475.0,23900.0,23425.0,12351.0
2017.05.25,23230.0,240.0,23150.0,23260.0,23030.0,13184.0
2017.05.24,22990.0,275.0,22870.0,23090.0,22870.0,11403.0
2017.05.23,22715.0,-35.0,23000.0,23000.0,22705.0,22154.0
2017.05.22,22750.0,315.0,22700.0,22750.0,22585.0,7140.0
2017.05.19,22435.0,-15.0,22700.0,22700.0,22385.0,7702.0
2017.05.18,22450.0,-230.0,22345.0,22450.0,21780.0,32375.0
2017.05.17,22680.0,105.0,22500.0,22820.0,22460.0,7998.0
2017.05.16,22575.0,5.0,22750.0,23050.0,22575.0,9571.0
2017.05.15,22570.0,-45.0,22505.0,22780.0,22490.0,7381.0
2017.05.12,22615.0,-155.0,23200.0,23200.0,22545.0,16293.0
2017.05.11,22770.0,720.0,22060.0,22800.0,22060.0,23387.0
2017.05.10,22050.0,-900.0,23145.0,23630.0,22050.0,39297.0
2017.05.08,22950.0,1000.0,22350.0,22950.0,21940.0,33103.0
2017.05.04,21950.0,625.0,21550.0,21980.0,21500.0,21051.0
2017.05.02,21325.0,530.0,20900.0,21525.0,20900.0,22961.0
2017.04.28,20795.0,105.0,20755.0,21180.0,20735.0,12298.0
2017.04.27,20690.0,-130.0,20820.0,20820.0,20315.0,34139.0
2017.04.26,20820.0,380.0,20760.0,21035.0,20565.0,25211.0
2017.04.25,20440.0,490.0,20095.0,20440.0,19900.0,25892.0
2017.04.24,19950.0,200.0,19900.0,20100.0,19750.0,33123.0
2017.04.21,19750.0,575.0,19300.0,19795.0,19300.0,105165.0
2017.04.20,19175.0,65.0,19100.0,19275.0,18970.0,8686.0
2017.04.19,19110.0,-175.0,19300.0,19300.0,19050.0,2952.0
2017.04.18,19285.0,145.0,19200.0,19285.0,19010.0,6201.0
2017.04.17,19140.0,-155.0,19400.0,19400.0,19135.0,13282.0
2017.04.14,19295.0,-245.0,19540.0,19540.0,19200.0,6031.0
2017.04.13,19540.0,630.0,19035.0,19575.0,19035.0,35008.0
2017.04.12,18910.0,75.0,18835.0,18910.0,18750.0,1355.0
2017.04.11,18835.0,-300.0,18940.0,19000.0,18635.0,22671.0
2017.04.10,19135.0,-255.0,19400.0,19400.0,19130.0,3092.0
2017.04.07,19390.0,0.0,19420.0,19460.0,19210.0,9486.0
2017.04.06,19390.0,-185.0,19750.0,19750.0,19235.0,8801.0
2017.04.05,19575.0,-270.0,19840.0,19845.0,19395.0,13372.0
2017.04.04,19845.0,-55.0,19950.0,20040.0,19800.0,6792.0
2017.04.03,19900.0,310.0,19840.0,20000.0,19620.0,20966.0
2017.03.31,19590.0,-185.0,19775.0,19775.0,19535.0,5404.0
2017.03.30,19775.0,-60.0,19945.0,20145.0,19605.0,6355.0
2017.03.29,19835.0,425.0,19445.0,19835.0,19445.0,201240.0
2017.03.28,19410.0,-110.0,19610.0,19700.0,19350.0,388318.0
2017.03.27,19520.0,20.0,19500.0,19775.0,19460.0,3042.0
2017.03.24,19500.0,10.0,19985.0,19985.0,19420.0,14225.0
2017.03.23,19490.0,180.0,19480.0,19810.0,19365.0,59086.0
2017.03.22,19310.0,90.0,19165.0,19315.0,19020.0,8451.0
2017.03.21,19220.0,780.0,18655.0,19220.0,18655.0,23341.0
2017.03.20,18440.0,-90.0,18525.0,18525.0,18400.0,6257.0
2017.03.17,18530.0,-90.0,18790.0,18790.0,18425.0,2228.0
2017.03.16,18620.0,165.0,19000.0,19000.0,18505.0,23971.0
2017.03.15,18455.0,-165.0,18455.0,18560.0,18360.0,4629.0
2017.03.14,18620.0,230.0,18690.0,18720.0,18370.0,14926.0
2017.03.13,18390.0,810.0,17580.0,18450.0,17580.0,16250.0
2017.03.10,17580.0,70.0,17510.0,17580.0,17250.0,7088.0
2017.03.09,17510.0,-20.0,17600.0,17725.0,17500.0,20596.0
2017.03.08,17530.0,145.0,17385.0,17610.0,17385.0,9788.0
2017.03.07,17385.0,95.0,17290.0,17495.0,17150.0,6271.0
2017.03.06,17290.0,105.0,17350.0,17370.0,16775.0,176228.0
2017.03.03,17185.0,-15.0,17195.0,17250.0,16890.0,19980.0
2017.03.02,17200.0,685.0,16695.0,17230.0,16695.0,22709.0
2017.02.28,16515.0,-80.0,16585.0,16715.0,16510.0,27770.0
2017.02.27,16595.0,-320.0,16845.0,16845.0,16555.0,9700.0
2017.02.24,16915.0,-850.0,17760.0,17760.0,16910.0,36525.0
2017.02.23,17765.0,25.0,17740.0,17770.0,17560.0,23409.0
2017.02.22,17740.0,125.0,17705.0,17920.0,17705.0,10341.0
2017.02.21,17615.0,410.0,17205.0,17640.0,17200.0,22615.0
2017.02.20,17205.0,285.0,16925.0,17205.0,16925.0,7727.0
2017.02.17,16920.0,60.0,16860.0,17000.0,16850.0,2457.0
2017.02.16,16860.0,335.0,16645.0,16860.0,16645.0,6773.0
2017.02.15,16525.0,-120.0,16475.0,16615.0,16395.0,12397.0
2017.02.14,16645.0,-435.0,17085.0,17095.0,16580.0,13788.0
2017.02.13,17080.0,-285.0,17345.0,17345.0,17035.0,3801.0
2017.02.10,17365.0,-285.0,17760.0,17760.0,17365.0,4865.0
2017.02.09,17650.0,-180.0,17915.0,17915.0,17585.0,4991.0
2017.02.08,17830.0,20.0,17800.0,17830.0,17470.0,7976.0
2017.02.07,17810.0,-90.0,18000.0,18000.0,17810.0,4409.0
2017.02.06,17900.0,105.0,18000.0,18070.0,17830.0,2001.0
2017.02.03,17795.0,135.0,17660.0,17900.0,17660.0,894.0
2017.02.02,17660.0,-145.0,17950.0,17990.0,17660.0,10937.0
2017.02.01,17805.0,215.0,17590.0,17905.0,17590.0,4829.0
2017.01.31,17590.0,65.0,17525.0,17695.0,17410.0,2866.0
2017.01.26,17525.0,345.0,17250.0,17525.0,17250.0,6812.0
2017.01.25,17180.0,425.0,16925.0,17225.0,16915.0,9527.0
2017.01.24,16755.0,0.0,16730.0,16945.0,16710.0,11112.0
2017.01.23,16755.0,270.0,16565.0,16765.0,16355.0,5920.0
2017.01.20,16485.0,-20.0,16655.0,16655.0,16400.0,907.0
2017.01.19,16505.0,250.0,16335.0,16690.0,16335.0,2837.0
2017.01.18,16255.0,-80.0,16200.0,16355.0,16085.0,11940.0
2017.01.17,16335.0,140.0,16195.0,16490.0,16150.0,11083.0
2017.01.16,16195.0,-505.0,16665.0,16665.0,16085.0,13687.0
2017.01.13,16700.0,-365.0,17060.0,17060.0,16670.0,7557.0
2017.01.12,17065.0,-15.0,17165.0,17180.0,16950.0,11867.0
2017.01.11,17080.0,715.0,16365.0,17160.0,16365.0,9795.0
2017.01.10,16365.0,-95.0,16500.0,16500.0,16345.0,7777.0
2017.01.09,16460.0,445.0,16065.0,16495.0,16050.0,8315.0
2017.01.06,16015.0,305.0,15725.0,16060.0,15725.0,4849.0
2017.01.05,15710.0,20.0,15690.0,15835.0,15690.0,3085.0
2017.01.04,15690.0,55.0,15820.0,15855.0,15660.0,5678.0
2017.01.03,15635.0,480.0,15155.0,15660.0,15155.0,3550.0
2017.01.02,15155.0,155.0,15000.0,15155.0,14975.0,2320.0
2016.12.29,15000.0,25.0,14765.0,15000.0,14765.0,476.0
2016.12.28,14975.0,125.0,14985.0,15060.0,14975.0,2929.0
2016.12.27,14850.0,55.0,14840.0,14865.0,14775.0,3764.0
2016.12.26,14795.0,-25.0,14800.0,14865.0,14765.0,1269.0
2016.12.23,14820.0,-30.0,14890.0,14890.0,14745.0,3425.0
2016.12.22,14850.0,90.0,14875.0,15035.0,14800.0,511.0
2016.12.21,14760.0,5.0,14900.0,14910.0,14760.0,977.0
2016.12.20,14755.0,-25.0,14755.0,14870.0,14725.0,743.0
2016.12.19,14780.0,20.0,14755.0,14880.0,14730.0,6663.0
2016.12.16,14760.0,215.0,14630.0,14760.0,14630.0,892.0
2016.12.15,14545.0,70.0,14480.0,14545.0,14360.0,633.0
2016.12.14,14475.0,195.0,14350.0,14560.0,14350.0,1320.0
2016.12.13,14280.0,50.0,14145.0,14280.0,14110.0,337.0
2016.12.12,14230.0,-170.0,14430.0,14430.0,14155.0,690.0
2016.12.09,14400.0,210.0,14325.0,14400.0,14280.0,9122.0
2016.12.08,14190.0,335.0,13860.0,14325.0,13860.0,10515.0
2016.12.07,13855.0,205.0,13650.0,13900.0,13650.0,490.0
2016.12.06,13650.0,255.0,13410.0,13670.0,13410.0,1229.0
2016.12.05,13395.0,-55.0,13275.0,13405.0,13275.0,106.0
2016.12.02,13450.0,-290.0,13120.0,13485.0,13120.0,669.0
2016.12.01,13740.0,-75.0,13655.0,13765.0,13620.0,333.0
2016.11.30,13815.0,310.0,13505.0,13835.0,13490.0,296107.0
2016.11.29,13505.0,-25.0,13525.0,13525.0,13395.0,1117.0
2016.11.28,13530.0,215.0,13870.0,13870.0,13200.0,1144.0
2016.11.25,13315.0,60.0,13285.0,13315.0,13225.0,2788.0
2016.11.24,13255.0,-245.0,12850.0,13300.0,12850.0,886.0
2016.11.23,13500.0,70.0,13490.0,13580.0,13360.0,2621.0
2016.11.22,13430.0,545.0,12885.0,13430.0,12885.0,3605.0
2016.11.21,12885.0,50.0,12835.0,12885.0,12795.0,238.0
2016.11.18,12835.0,165.0,12815.0,12885.0,12750.0,3603.0
2016.11.17,12670.0,180.0,12530.0,12690.0,12530.0,332.0
2016.11.16,12490.0,230.0,12260.0,12555.0,12260.0,867.0
2016.11.15,12260.0,45.0,12315.0,12410.0,12260.0,4619.0
2016.11.14,12215.0,-310.0,12525.0,12525.0,12215.0,626.0
2016.11.11,12525.0,-745.0,13265.0,13265.0,12460.0,2080.0
2016.11.10,13270.0,330.0,13365.0,13365.0,13145.0,544.0
2016.11.09,12940.0,-575.0,13660.0,13660.0,12680.0,3345.0
2016.11.08,13515.0,-75.0,13500.0,14255.0,13500.0,503.0
2016.11.07,13590.0,425.0,13170.0,13590.0,13170.0,304.0
2016.11.04,13165.0,-155.0,13240.0,13250.0,13165.0,1255.0
2016.11.03,13320.0,-110.0,13355.0,13430.0,13270.0,87.0
2016.11.02,13430.0,-380.0,13630.0,13630.0,13400.0,240.0
2016.11.01,13810.0,45.0,13645.0,13810.0,13645.0,502.0
2016.10.31,13765.0,-180.0,13940.0,13940.0,13270.0,4462.0
2016.10.28,13945.0,15.0,14035.0,14140.0,13875.0,1665.0
2016.10.27,13930.0,85.0,13840.0,14050.0,13835.0,2872.0
2016.10.26,13845.0,65.0,13780.0,13845.0,13640.0,3777.0
2016.10.25,13780.0,170.0,13800.0,13800.0,13780.0,3557.0
2016.10.24,13610.0,-25.0,13635.0,13645.0,13610.0,1942.0
2016.10.21,13635.0,-70.0,13700.0,13700.0,13625.0,430.0
2016.10.20,13705.0,45.0,13655.0,13710.0,13600.0,1665.0
2016.10.19,13660.0,-90.0,13820.0,13870.0,13635.0,5358.0
2016.10.18,13750.0,-160.0,13910.0,13910.0,13740.0,2431.0
2016.10.17,13910.0,120.0,14360.0,14360.0,13665.0,3721.0
2016.10.14,13790.0,185.0,13115.0,13790.0,13115.0,5072.0
2016.10.13,13605.0,-205.0,13865.0,13865.0,13605.0,14151.0
2016.10.12,13810.0,-95.0,13705.0,13900.0,13670.0,9310.0
2016.10.11,13905.0,-615.0,14200.0,14485.0,13880.0,25564.0
2016.10.10,14520.0,5.0,14625.0,14625.0,14325.0,1763.0
2016.10.07,14515.0,-125.0,14640.0,14640.0,14405.0,2840.0
2016.10.06,14640.0,310.0,14375.0,14740.0,14375.0,7493.0
2016.10.05,14330.0,245.0,14080.0,14330.0,13900.0,6276.0
2016.10.04,14085.0,75.0,14010.0,14140.0,14010.0,2044.0
2016.09.30,14010.0,-145.0,13780.0,14045.0,13780.0,6040.0
2016.09.29,14155.0,180.0,14065.0,14165.0,13975.0,4041.0
2016.09.28,13975.0,75.0,13900.0,14045.0,13900.0,472.0
2016.09.27,13900.0,280.0,13535.0,13935.0,13535.0,194.0
2016.09.26,13620.0,-130.0,13745.0,13745.0,13610.0,377.0
2016.09.23,13750.0,-65.0,13815.0,13830.0,13655.0,1020.0
2016.09.22,13815.0,215.0,13800.0,14360.0,13780.0,1794.0
2016.09.21,13600.0,190.0,13410.0,13655.0,13410.0,1987.0
2016.09.20,13410.0,-20.0,13535.0,13535.0,13285.0,7194.0
2016.09.19,13430.0,480.0,13130.0,13535.0,13130.0,10963.0
2016.09.13,12950.0,295.0,12920.0,13110.0,12905.0,20441.0
2016.09.12,12655.0,-1065.0,13570.0,13570.0,12595.0,20217.0
2016.09.09,13720.0,-490.0,14375.0,14375.0,13615.0,20962.0
2016.09.08,14210.0,-100.0,14310.0,14330.0,14070.0,2497.0
2016.09.07,14310.0,120.0,14275.0,14380.0,14230.0,6279.0
2016.09.06,14190.0,370.0,14020.0,14190.0,14000.0,3261.0
2016.09.05,13820.0,310.0,13610.0,13845.0,13610.0,4377.0
2016.09.02,13510.0,95.0,13415.0,13510.0,13345.0,5204.0
2016.09.01,13415.0,-420.0,13560.0,13560.0,13255.0,29104.0
2016.08.31,13835.0,5.0,13905.0,13905.0,13740.0,12339.0
2016.08.30,13830.0,145.0,13855.0,13930.0,13745.0,1366.0
2016.08.29,13685.0,-5.0,13640.0,13720.0,13485.0,2763.0
2016.08.26,13690.0,-120.0,13665.0,13750.0,13660.0,1542.0
2016.08.25,13810.0,-180.0,13845.0,13885.0,13645.0,1553.0
2016.08.24,13990.0,-90.0,14080.0,14100.0,13825.0,9497.0
2016.08.23,14080.0,10.0,14270.0,14270.0,14000.0,1862.0
2016.08.22,14070.0,10.0,14105.0,14145.0,14015.0,6510.0
2016.08.19,14060.0,410.0,13700.0,14060.0,13650.0,5819.0
2016.08.18,13650.0,540.0,13115.0,13650.0,13115.0,13416.0
2016.08.17,13110.0,-30.0,13085.0,13110.0,12980.0,139.0
2016.08.16,13140.0,5.0,13135.0,13380.0,13065.0,3263.0
2016.08.12,13135.0,140.0,13195.0,13205.0,13080.0,3269.0
2016.08.11,12995.0,15.0,12955.0,12995.0,12835.0,2269.0
2016.08.10,12980.0,-235.0,13300.0,13300.0,12950.0,3372.0
2016.08.09,13215.0,240.0,13050.0,13215.0,12955.0,4649.0
2016.08.08,12975.0,245.0,12960.0,13005.0,12935.0,395.0
2016.08.05,12730.0,460.0,12270.0,12730.0,12270.0,4259.0
2016.08.04,12270.0,35.0,12350.0,12350.0,12265.0,1259.0
2016.08.03,12235.0,-105.0,12090.0,12315.0,12090.0,168.0
2016.08.02,12340.0,-200.0,12420.0,12420.0,12280.0,203.0
2016.08.01,12540.0,200.0,12570.0,12570.0,12455.0,7712.0
2016.07.29,12340.0,170.0,12205.0,12470.0,12205.0,9154.0
2016.07.28,12170.0,-30.0,12260.0,12295.0,12055.0,27502.0
2016.07.27,12200.0,235.0,12070.0,12200.0,12070.0,10156.0
2016.07.26,11965.0,160.0,11670.0,11965.0,11670.0,1778.0
2016.07.25,11805.0,-55.0,11900.0,12015.0,11805.0,5093.0
2016.07.22,11860.0,-20.0,11800.0,11860.0,11800.0,101.0
2016.07.21,11880.0,85.0,11955.0,11955.0,11855.0,6413.0
2016.07.20,11795.0,-245.0,11910.0,11960.0,11795.0,2883.0
2016.07.19,12040.0,-45.0,11980.0,12040.0,11920.0,29.0
2016.07.18,12085.0,60.0,12085.0,12085.0,11970.0,5630.0
2016.07.15,12025.0,-15.0,12070.0,12215.0,12020.0,4597.0
2016.07.14,12040.0,180.0,11955.0,12040.0,11955.0,1936.0
2016.07.13,11860.0,105.0,12020.0,12020.0,11820.0,15531.0
2016.07.12,11755.0,-120.0,11875.0,11875.0,11695.0,6708.0
2016.07.11,11875.0,340.0,11685.0,11875.0,11685.0,11090.0
2016.07.08,11535.0,125.0,11445.0,11570.0,11445.0,254721.0
2016.07.07,11410.0,285.0,11185.0,11470.0,11185.0,217597.0
2016.07.06,11125.0,-540.0,11655.0,11655.0,11045.0,208136.0
2016.07.05,11665.0,-25.0,11690.0,11740.0,11615.0,205734.0
2016.07.04,11690.0,175.0,11600.0,11690.0,11390.0,238900.0
2016.07.01,11515.0,270.0,11250.0,11525.0,11185.0,239911.0
2016.06.30,11245.0,345.0,11040.0,11245.0,10925.0,276490.0
2016.06.29,10900.0,220.0,10870.0,11195.0,10790.0,240872.0
2016.06.28,10680.0,-10.0,10670.0,10780.0,10450.0,220707.0
2016.06.27,10690.0,-110.0,10670.0,10700.0,10590.0,215991.0
2016.06.24,10800.0,-580.0,11560.0,11675.0,10540.0,321573.0
2016.06.23,11380.0,215.0,11145.0,11380.0,11145.0,206244.0
2016.06.22,11165.0,295.0,10945.0,11195.0,10905.0,235387.0
2016.06.21,10870.0,-25.0,10900.0,10900.0,10665.0,263627.0
2016.06.20,10895.0,305.0,10695.0,10895.0,10695.0,216751.0
2016.06.17,10590.0,-60.0,10715.0,10790.0,10560.0,194717.0
2016.06.16,10650.0,-135.0,10825.0,10880.0,10585.0,213110.0
2016.06.15,10785.0,215.0,10555.0,10800.0,10550.0,236470.0
2016.06.14,10570.0,75.0,10465.0,10585.0,10395.0,220055.0
2016.06.13,10495.0,-405.0,10795.0,10825.0,10495.0,266352.0
2016.06.10,10900.0,35.0,11070.0,11070.0,10855.0,217205.0
2016.06.09,10865.0,70.0,10845.0,11020.0,10835.0,210836.0
2016.06.08,10795.0,50.0,10850.0,10895.0,10785.0,221751.0
2016.06.07,10745.0,255.0,10600.0,10775.0,10595.0,181124.0
2016.06.03,10490.0,-140.0,10755.0,10760.0,10490.0,201067.0
2016.06.02,10630.0,-50.0,10735.0,10850.0,10630.0,174847.0
2016.06.01,10680.0,-90.0,10675.0,10745.0,10510.0,222921.0
2016.05.31,10770.0,135.0,10635.0,10775.0,10455.0,231966.0
2016.05.30,10635.0,70.0,10580.0,10660.0,10570.0,185148.0
2016.05.27,10565.0,195.0,10405.0,10620.0,10380.0,237355.0
2016.05.26,10370.0,-30.0,10485.0,10525.0,10355.0,244373.0
2016.05.25,10400.0,205.0,10500.0,10500.0,10195.0,185640.0
2016.05.24,10195.0,20.0,10255.0,10260.0,10195.0,224504.0
2016.05.23,10175.0,175.0,10085.0,10175.0,10030.0,203230.0
2016.05.20,10000.0,5.0,10025.0,10065.0,9965.0,232862.0
2016.05.19,9995.0,-10.0,10065.0,10095.0,9975.0,220370.0
2016.05.18,10005.0,-40.0,10025.0,10025.0,9885.0,231889.0
2016.05.17,10045.0,35.0,10080.0,10085.0,9975.0,246115.0
2016.05.16,10010.0,120.0,9885.0,10010.0,9870.0,246907.0
2016.05.13,9890.0,-110.0,9990.0,10020.0,9840.0,165773.0
