날짜,종가,전일비,시가,고가,저가,거래량
2026.06.08,9785.0,10.0,9775.0,9900.0,9460.0,3222.0
2026.06.05,9775.0,-45.0,10005.0,10005.0,9775.0,8710.0
2026.06.04,9820.0,-250.0,9915.0,10145.0,9820.0,14807.0
2026.06.02,10070.0,225.0,9890.0,10230.0,9785.0,23070.0
2026.06.01,9845.0,-10.0,9855.0,10035.0,9750.0,12824.0
2026.05.29,9855.0,25.0,9830.0,9880.0,9735.0,9227.0
2026.05.28,9830.0,-90.0,9920.0,9940.0,9580.0,7192.0
2026.05.27,9920.0,-15.0,9975.0,10090.0,9810.0,8230.0
2026.05.26,9935.0,-60.0,9995.0,10070.0,9835.0,19272.0
2026.05.22,9995.0,-90.0,10010.0,10130.0,9855.0,2312.0
2026.05.21,10085.0,-5.0,9985.0,10165.0,9945.0,8944.0
2026.05.20,10090.0,-25.0,10170.0,10175.0,10040.0,395.0
2026.05.19,10115.0,110.0,10005.0,10235.0,9980.0,3780.0
2026.05.18,10005.0,-155.0,10025.0,10165.0,9970.0,1468.0
2026.05.15,10160.0,-340.0,10455.0,10455.0,10100.0,8228.0
2026.05.14,10500.0,200.0,10410.0,10580.0,10355.0,15096.0
2026.05.13,10300.0,-105.0,10310.0,10400.0,10255.0,18239.0
2026.05.12,10405.0,-25.0,10280.0,10465.0,10280.0,4409.0
2026.05.11,10430.0,100.0,10385.0,10520.0,10280.0,1993.0
2026.05.08,10330.0,-50.0,10325.0,10600.0,10320.0,4790.0
2026.05.07,10380.0,135.0,10260.0,10470.0,10260.0,6450.0
2026.05.06,10245.0,-40.0,10285.0,10370.0,10165.0,10004.0
2026.05.04,10285.0,180.0,10160.0,10390.0,10010.0,13000.0
2026.04.30,10105.0,-135.0,10235.0,10295.0,10100.0,8846.0
2026.04.29,10240.0,140.0,10100.0,10260.0,9975.0,7568.0
2026.04.28,10100.0,-95.0,10120.0,10250.0,10050.0,23207.0
2026.04.27,10195.0,-30.0,10215.0,10375.0,10110.0,4603.0
2026.04.24,10225.0,0.0,10225.0,10235.0,10065.0,2311.0
2026.04.23,10225.0,-75.0,10205.0,10310.0,10045.0,12815.0
2026.04.22,10300.0,-135.0,10425.0,10480.0,10255.0,648.0
2026.04.21,10435.0,70.0,10355.0,10515.0,10280.0,17436.0
2026.04.20,10365.0,80.0,10270.0,10435.0,10190.0,9614.0
2026.04.17,10285.0,-110.0,10395.0,10395.0,10175.0,3312.0
2026.04.16,10395.0,190.0,10205.0,10415.0,10055.0,4611.0
2026.04.15,10205.0,170.0,10065.0,10295.0,10065.0,6560.0
2026.04.14,10035.0,-30.0,10055.0,10160.0,10020.0,2359.0
2026.04.13,10065.0,-45.0,10100.0,10230.0,9965.0,1034.0
2026.04.10,10110.0,25.0,10075.0,10180.0,10075.0,510.0
2026.04.09,10085.0,75.0,10000.0,10095.0,9930.0,5491.0
2026.04.08,10010.0,15.0,9990.0,10140.0,9795.0,27604.0
2026.04.07,9995.0,0.0,9760.0,9995.0,9760.0,388.0
2026.04.06,9995.0,150.0,9835.0,10135.0,9825.0,1290.0
2026.04.03,9845.0,-15.0,9860.0,9900.0,9780.0,154.0
2026.04.02,9860.0,-95.0,9960.0,10025.0,9770.0,2314.0
2026.04.01,9955.0,160.0,9795.0,10030.0,9795.0,14954.0
2026.03.31,9795.0,0.0,9785.0,9860.0,9745.0,7841.0
2026.03.30,9795.0,-145.0,9740.0,9895.0,9700.0,2630.0
2026.03.27,9940.0,110.0,9825.0,9950.0,9745.0,2404.0
2026.03.26,9830.0,-210.0,10040.0,10105.0,9800.0,658.0
2026.03.25,10040.0,200.0,9925.0,10135.0,9845.0,4927.0
2026.03.24,9840.0,200.0,9700.0,9965.0,9660.0,7389.0
2026.03.23,9640.0,-420.0,10030.0,10030.0,9630.0,4387.0
2026.03.20,10060.0,-125.0,10100.0,10175.0,9940.0,4360.0
2026.03.19,10185.0,-155.0,10330.0,10335.0,10125.0,1108.0
2026.03.18,10340.0,-30.0,10300.0,10430.0,10215.0,2198.0
2026.03.17,10370.0,20.0,10300.0,10460.0,10300.0,2078.0
2026.03.16,10350.0,235.0,10070.0,10350.0,10070.0,3912.0
2026.03.13,10115.0,40.0,10065.0,10170.0,10065.0,2202.0
2026.03.12,10075.0,-135.0,10055.0,10160.0,10025.0,2984.0
2026.03.11,10210.0,20.0,10180.0,10295.0,10125.0,1040.0
2026.03.10,10190.0,155.0,9985.0,10190.0,9985.0,2080.0
2026.03.09,10035.0,-25.0,10060.0,10090.0,9830.0,2106.0
2026.03.06,10060.0,180.0,9875.0,10105.0,9815.0,2194.0
2026.03.05,9880.0,-25.0,9860.0,10040.0,9790.0,63988.0
2026.03.04,9905.0,-200.0,10100.0,10105.0,9780.0,14849.0
2026.03.03,10105.0,-290.0,10300.0,10300.0,9975.0,27335.0
2026.02.27,10395.0,-15.0,10215.0,10410.0,10215.0,8051.0
2026.02.26,10410.0,-105.0,10455.0,10580.0,10245.0,18617.0
2026.02.25,10515.0,-30.0,10500.0,10730.0,10490.0,4281.0
2026.02.24,10545.0,-180.0,10620.0,10880.0,10485.0,6378.0
2026.02.23,10725.0,205.0,10540.0,10900.0,10515.0,56692.0
2026.02.20,10520.0,-35.0,10555.0,10670.0,10505.0,7933.0
2026.02.19,10555.0,-20.0,10565.0,10870.0,10460.0,4744.0
2026.02.13,10575.0,-130.0,10705.0,10775.0,10500.0,7176.0
2026.02.12,10705.0,-150.0,10855.0,10965.0,10690.0,3398.0
2026.02.11,10855.0,75.0,10705.0,10940.0,10705.0,12023.0
2026.02.10,10780.0,-10.0,10785.0,10875.0,10680.0,1885.0
2026.02.09,10790.0,180.0,10655.0,10790.0,10575.0,14883.0
2026.02.06,10610.0,20.0,10580.0,10630.0,10310.0,5241.0
2026.02.05,10590.0,-65.0,10710.0,10710.0,10370.0,8479.0
2026.02.04,10655.0,45.0,10610.0,10655.0,10310.0,35398.0
2026.02.03,10610.0,50.0,10560.0,10695.0,10380.0,33749.0
2026.02.02,10560.0,-330.0,10880.0,11025.0,9945.0,6860.0
2026.01.30,10890.0,-295.0,11185.0,11255.0,10890.0,5142.0
2026.01.29,11185.0,90.0,11095.0,11205.0,10990.0,39307.0
2026.01.28,11095.0,255.0,10840.0,11150.0,10785.0,11200.0
2026.01.27,10840.0,145.0,10695.0,10840.0,10650.0,3197.0
2026.01.26,10695.0,-65.0,10800.0,10800.0,10635.0,7121.0
2026.01.23,10760.0,65.0,10685.0,10810.0,10595.0,6297.0
2026.01.22,10695.0,60.0,10625.0,10825.0,10610.0,6925.0
2026.01.21,10635.0,-50.0,10675.0,10715.0,10525.0,2580.0
2026.01.20,10685.0,5.0,10670.0,10775.0,10565.0,16090.0
2026.01.19,10680.0,-145.0,10825.0,10940.0,10610.0,9959.0
2026.01.16,10825.0,-30.0,10845.0,11000.0,10770.0,10651.0
2026.01.15,10855.0,-105.0,10935.0,10935.0,10755.0,7428.0
2026.01.14,10960.0,95.0,10855.0,11020.0,10805.0,9555.0
2026.01.13,10865.0,100.0,10800.0,10950.0,10770.0,12689.0
2026.01.12,10765.0,165.0,10585.0,10765.0,10550.0,12559.0
2026.01.09,10600.0,75.0,10635.0,10690.0,10505.0,12506.0
2026.01.08,10525.0,-170.0,10685.0,10835.0,10485.0,11213.0
2026.01.07,10695.0,-185.0,10845.0,10950.0,10635.0,6473.0
2026.01.06,10880.0,150.0,10730.0,10880.0,10680.0,8661.0
2026.01.05,10730.0,-20.0,10870.0,10870.0,10655.0,8163.0
2026.01.02,10750.0,185.0,10565.0,10750.0,10315.0,15779.0
2025.12.30,10565.0,85.0,10310.0,10565.0,10310.0,5242.0
2025.12.29,10480.0,125.0,10575.0,10590.0,10375.0,7224.0
2025.12.26,10710.0,-140.0,10840.0,10955.0,10680.0,2824.0
2025.12.24,10850.0,30.0,10745.0,10850.0,10670.0,11330.0
2025.12.23,10820.0,50.0,10775.0,10915.0,10715.0,4062.0
2025.12.22,10770.0,45.0,10730.0,10990.0,10645.0,3025.0
2025.12.19,10725.0,10.0,10695.0,10810.0,10695.0,1677.0
2025.12.18,10715.0,-45.0,10750.0,10765.0,10600.0,4200.0
2025.12.17,10760.0,155.0,10595.0,10760.0,10525.0,3453.0
2025.12.16,10605.0,-225.0,10840.0,10840.0,10535.0,3487.0
2025.12.15,10830.0,-220.0,11040.0,11040.0,10800.0,2310.0
2025.12.12,11050.0,185.0,10865.0,11050.0,10790.0,3090.0
2025.12.11,10865.0,-15.0,10800.0,10995.0,10800.0,1726.0
2025.12.10,10880.0,25.0,10845.0,11045.0,10710.0,6652.0
2025.12.09,10855.0,-225.0,11000.0,11155.0,10815.0,7281.0
2025.12.08,11080.0,-80.0,11150.0,11190.0,11000.0,3928.0
2025.12.05,11160.0,155.0,11005.0,11160.0,10920.0,5569.0
2025.12.04,11005.0,90.0,10905.0,11020.0,10800.0,9262.0
2025.12.03,10915.0,-185.0,10960.0,11240.0,10910.0,3083.0
2025.12.02,11100.0,-25.0,11130.0,11220.0,11050.0,432.0
2025.12.01,11125.0,-15.0,11140.0,11170.0,10940.0,865.0
2025.11.28,11140.0,-15.0,11145.0,11165.0,11000.0,3026.0
2025.11.27,11155.0,10.0,11145.0,11230.0,11070.0,897.0
2025.11.26,11145.0,90.0,11120.0,11230.0,11075.0,1572.0
2025.11.25,11055.0,65.0,11090.0,11160.0,11040.0,2591.0
2025.11.24,10990.0,95.0,10885.0,10990.0,10785.0,13223.0
2025.11.21,10895.0,-150.0,11110.0,11245.0,10735.0,8756.0
2025.11.20,11045.0,-25.0,11110.0,11305.0,11045.0,786.0
2025.11.19,11070.0,65.0,11110.0,11245.0,10905.0,4950.0
2025.11.18,11005.0,-290.0,11285.0,11330.0,10945.0,3510.0
2025.11.17,11295.0,40.0,11265.0,11400.0,11250.0,1686.0
2025.11.14,11255.0,-305.0,11550.0,11605.0,11200.0,7208.0
2025.11.13,11560.0,30.0,11520.0,11560.0,11250.0,58875.0
2025.11.12,11530.0,60.0,11460.0,11575.0,11400.0,9128.0
2025.11.11,11470.0,90.0,11370.0,11515.0,10740.0,11134.0
2025.11.10,11380.0,215.0,11165.0,11395.0,11160.0,12352.0
2025.11.07,11165.0,-120.0,11205.0,11265.0,11160.0,4444.0
2025.11.06,11285.0,155.0,11120.0,11285.0,11070.0,231.0
2025.11.05,11130.0,0.0,11125.0,11130.0,10765.0,13807.0
2025.11.04,11130.0,-105.0,11225.0,11255.0,11030.0,38359.0
2025.11.03,11235.0,40.0,11240.0,11310.0,11065.0,14504.0
2025.10.31,11195.0,-180.0,11375.0,11440.0,11150.0,4856.0
2025.10.30,11375.0,-95.0,11470.0,11680.0,11200.0,16770.0
2025.10.29,11470.0,80.0,11390.0,11615.0,11375.0,1785.0
2025.10.28,11390.0,-100.0,11455.0,11550.0,11335.0,10030.0
2025.10.27,11490.0,200.0,11360.0,11595.0,11345.0,8610.0
2025.10.24,11290.0,40.0,11240.0,11445.0,11240.0,9756.0
2025.10.23,11250.0,45.0,11195.0,11305.0,11085.0,7101.0
2025.10.22,11205.0,-160.0,11355.0,11355.0,11125.0,4954.0
2025.10.21,11365.0,205.0,11160.0,11430.0,11160.0,9864.0
2025.10.20,11160.0,150.0,11010.0,11235.0,11010.0,9533.0
2025.10.17,11010.0,-185.0,11105.0,11220.0,10910.0,25524.0
2025.10.16,11195.0,-85.0,11160.0,11290.0,11110.0,9237.0
2025.10.15,11280.0,295.0,10975.0,11305.0,10970.0,8031.0
2025.10.14,10985.0,-75.0,11070.0,11415.0,10965.0,50032.0
2025.10.13,11060.0,-255.0,11140.0,11500.0,10815.0,24368.0
2025.10.10,11315.0,-510.0,11825.0,11825.0,11305.0,27666.0
2025.10.02,11825.0,420.0,11410.0,11835.0,11410.0,15602.0
2025.10.01,11405.0,-95.0,11695.0,11730.0,11330.0,3699.0
2025.09.30,11500.0,30.0,11390.0,11550.0,11375.0,8057.0
2025.09.29,11470.0,65.0,11325.0,11480.0,11310.0,24692.0
2025.09.26,11405.0,-95.0,11490.0,11490.0,11320.0,15534.0
2025.09.25,11500.0,85.0,11415.0,11525.0,11295.0,20830.0
2025.09.24,11415.0,145.0,11270.0,11475.0,11140.0,15285.0
2025.09.23,11270.0,-30.0,11300.0,11510.0,11180.0,10909.0
2025.09.22,11300.0,-185.0,11475.0,11625.0,11285.0,16435.0
2025.09.19,11485.0,60.0,11425.0,11635.0,11410.0,18090.0
2025.09.18,11425.0,-185.0,11610.0,11790.0,11405.0,54694.0
2025.09.17,11610.0,215.0,11390.0,11615.0,11350.0,29668.0
2025.09.16,11395.0,70.0,11325.0,11425.0,11295.0,43750.0
2025.09.15,11325.0,-15.0,11345.0,11410.0,11275.0,11890.0
2025.09.12,11340.0,75.0,11275.0,11420.0,11270.0,37352.0
2025.09.11,11265.0,-60.0,11325.0,11400.0,11115.0,9931.0
2025.09.10,11325.0,205.0,11110.0,11325.0,11110.0,31168.0
2025.09.09,11120.0,60.0,11110.0,11260.0,11040.0,741675.0
2025.09.08,11060.0,130.0,10920.0,11070.0,10920.0,18887.0
2025.09.05,10930.0,145.0,10950.0,10950.0,10710.0,26730.0
2025.09.04,10785.0,-210.0,10905.0,11040.0,10785.0,9617.0
2025.09.03,10995.0,-40.0,11065.0,11150.0,10955.0,50177.0
2025.09.02,11035.0,25.0,11070.0,11150.0,10970.0,3947.0
2025.09.01,11010.0,185.0,10835.0,11065.0,10835.0,10383.0
2025.08.29,10825.0,75.0,10765.0,10935.0,10765.0,5815.0
2025.08.28,10750.0,-115.0,10870.0,10940.0,10710.0,6361.0
2025.08.27,10865.0,-260.0,11170.0,11200.0,10865.0,21274.0
2025.08.26,11125.0,-100.0,11280.0,11320.0,11060.0,9531.0
2025.08.25,11225.0,340.0,10980.0,11240.0,10980.0,168551.0
2025.08.22,10885.0,55.0,10820.0,10930.0,10700.0,7012.0
2025.08.21,10830.0,-50.0,10880.0,10935.0,10810.0,56216.0
2025.08.20,10880.0,0.0,10880.0,10885.0,10715.0,500908.0
2025.08.19,10880.0,-55.0,11045.0,11045.0,10880.0,3591.0
2025.08.18,10935.0,-80.0,11015.0,11130.0,10825.0,12118.0
2025.08.14,11015.0,10.0,11085.0,11145.0,10985.0,9925.0
2025.08.13,11005.0,255.0,10795.0,11005.0,10795.0,56726.0
2025.08.12,10750.0,60.0,10690.0,10800.0,10625.0,3220.0
2025.08.11,10690.0,-80.0,10770.0,10775.0,10685.0,3544.0
2025.08.08,10770.0,-40.0,10885.0,10885.0,10735.0,66217.0
2025.08.07,10810.0,0.0,10910.0,10910.0,10715.0,13339.0
2025.08.06,10810.0,40.0,10940.0,10940.0,10645.0,15350.0
2025.08.05,10770.0,15.0,10875.0,10875.0,10665.0,14193.0
2025.08.04,10755.0,95.0,10660.0,10765.0,10520.0,58813.0
2025.08.01,10660.0,-80.0,10765.0,10810.0,10620.0,13719.0
2025.07.31,10740.0,-225.0,11040.0,11055.0,10740.0,58911.0
2025.07.30,10965.0,15.0,10950.0,11185.0,10870.0,20472.0
2025.07.29,10950.0,-70.0,11020.0,11155.0,10885.0,11541.0
2025.07.28,11020.0,10.0,11015.0,11210.0,11010.0,99946.0
2025.07.25,11010.0,-135.0,11135.0,11280.0,11005.0,68125.0
2025.07.24,11145.0,10.0,11100.0,11200.0,11000.0,35763.0
2025.07.23,11135.0,185.0,10950.0,11135.0,10925.0,75492.0
2025.07.22,10950.0,70.0,10880.0,11000.0,10770.0,33772.0
2025.07.21,10880.0,115.0,10810.0,10935.0,10810.0,30661.0
2025.07.18,10765.0,85.0,10670.0,10820.0,10635.0,17656.0
2025.07.17,10680.0,-50.0,10720.0,10800.0,10635.0,60348.0
2025.07.16,10730.0,95.0,10640.0,10855.0,10640.0,37574.0
2025.07.15,10635.0,65.0,10685.0,10695.0,10485.0,79773.0
2025.07.14,10570.0,-25.0,10525.0,10860.0,10350.0,78230.0
2025.07.11,10595.0,170.0,10430.0,10700.0,10375.0,74213.0
2025.07.10,10425.0,80.0,10345.0,10505.0,10265.0,71686.0
2025.07.09,10345.0,-100.0,10450.0,10540.0,10310.0,5868.0
2025.07.08,10445.0,90.0,10355.0,10530.0,10355.0,124789.0
2025.07.07,10355.0,55.0,10325.0,10435.0,10240.0,66737.0
2025.07.04,10300.0,-65.0,10355.0,10540.0,10270.0,77643.0
2025.07.03,10365.0,-125.0,10480.0,10670.0,10325.0,66517.0
2025.07.02,10490.0,100.0,10400.0,10605.0,10340.0,10283.0
2025.07.01,10390.0,-75.0,10480.0,10585.0,10305.0,8697.0
2025.06.30,10465.0,-25.0,10495.0,10575.0,10425.0,7533.0
2025.06.27,10490.0,-45.0,10500.0,10690.0,10470.0,12531.0
2025.06.26,10535.0,-80.0,10615.0,10625.0,10510.0,40782.0
2025.06.25,10615.0,150.0,10525.0,10640.0,10495.0,24625.0
2025.06.24,10465.0,140.0,10325.0,10605.0,10325.0,23828.0
2025.06.23,10325.0,155.0,10115.0,10325.0,10035.0,15555.0
2025.06.20,10170.0,40.0,10130.0,10250.0,10025.0,19807.0
2025.06.19,10130.0,-170.0,10300.0,10300.0,10075.0,15474.0
2025.06.18,10300.0,-100.0,10585.0,10585.0,10275.0,12211.0
2025.06.17,10400.0,-15.0,10415.0,10540.0,10335.0,3285.0
2025.06.16,10415.0,95.0,10355.0,10530.0,10260.0,15154.0
2025.06.13,10320.0,-190.0,10510.0,10605.0,10305.0,21656.0
2025.06.12,10510.0,-75.0,10585.0,10705.0,10500.0,10675.0
2025.06.11,10585.0,75.0,10450.0,10680.0,10425.0,16189.0
2025.06.10,10510.0,40.0,10470.0,10645.0,10375.0,27302.0
2025.06.09,10470.0,130.0,10340.0,10485.0,10210.0,34646.0
2025.06.05,10340.0,70.0,10270.0,10405.0,10235.0,9067.0
2025.06.04,10270.0,380.0,10140.0,10315.0,10100.0,10498.0
2025.06.02,9890.0,-170.0,10200.0,10200.0,9740.0,17732.0
2025.05.30,10060.0,-150.0,10210.0,10420.0,10000.0,5814.0
2025.05.29,10210.0,170.0,10090.0,10230.0,10040.0,5327.0
2025.05.28,10040.0,-95.0,10135.0,10280.0,10040.0,17987.0
2025.05.27,10135.0,75.0,10065.0,10205.0,9970.0,8993.0
2025.05.26,10060.0,-145.0,10200.0,10390.0,10060.0,3520.0
2025.05.23,10205.0,-55.0,10250.0,10330.0,10165.0,21448.0
2025.05.22,10260.0,-95.0,10355.0,10500.0,10215.0,12188.0
2025.05.21,10355.0,70.0,10275.0,10430.0,10230.0,36602.0
2025.05.20,10285.0,150.0,10195.0,10300.0,10115.0,33112.0
2025.05.19,10135.0,0.0,10240.0,10240.0,9945.0,25059.0
2025.05.16,10135.0,-65.0,10190.0,10290.0,10035.0,5589.0
2025.05.15,10200.0,-35.0,10150.0,10390.0,10125.0,18315.0
2025.05.14,10235.0,140.0,10095.0,10250.0,10005.0,8785.0
2025.05.13,10095.0,15.0,10155.0,10415.0,10030.0,84511.0
2025.05.12,10080.0,150.0,9925.0,10115.0,9865.0,21707.0
2025.05.09,9930.0,-15.0,9940.0,10090.0,9815.0,8196.0
2025.05.08,9945.0,30.0,9915.0,10030.0,9810.0,16333.0
2025.05.07,9915.0,115.0,10120.0,10120.0,9835.0,29460.0
2025.05.02,9800.0,140.0,9705.0,10050.0,9600.0,11437.0
2025.04.30,9660.0,5.0,9650.0,9815.0,9510.0,4672.0
2025.04.29,9655.0,-35.0,9690.0,9760.0,9560.0,2905.0
2025.04.28,9690.0,-25.0,9715.0,9840.0,9575.0,25374.0
2025.04.25,9715.0,110.0,9640.0,9830.0,9625.0,12277.0
2025.04.24,9605.0,-180.0,9715.0,10020.0,9525.0,18542.0
2025.04.23,9785.0,265.0,9570.0,9895.0,9570.0,10336.0
2025.04.22,9520.0,75.0,9440.0,9660.0,9350.0,10835.0
2025.04.21,9445.0,-30.0,9470.0,9590.0,9435.0,2828.0
2025.04.18,9475.0,50.0,9420.0,9560.0,9300.0,2152.0
2025.04.17,9425.0,160.0,9205.0,9460.0,9145.0,16179.0
2025.04.16,9265.0,-235.0,9495.0,9495.0,9210.0,11421.0
2025.04.15,9500.0,-5.0,9470.0,9610.0,9410.0,4264.0
2025.04.14,9505.0,145.0,9355.0,9620.0,9270.0,8213.0
2025.04.11,9360.0,105.0,9115.0,9410.0,9010.0,4964.0
2025.04.10,9255.0,380.0,8875.0,9405.0,8810.0,21961.0
2025.04.09,8875.0,155.0,8715.0,9010.0,8350.0,15540.0
2025.04.08,8720.0,-105.0,8820.0,9100.0,8655.0,26125.0
2025.04.07,8825.0,-1430.0,10255.0,10575.0,8710.0,44973.0
2025.04.04,10255.0,235.0,10020.0,10260.0,9905.0,5911.0
2025.04.03,10020.0,-105.0,10115.0,10370.0,9875.0,20865.0
2025.04.02,10125.0,-110.0,10235.0,10355.0,10115.0,14836.0
2025.04.01,10235.0,45.0,10285.0,10425.0,10105.0,20205.0
2025.03.31,10190.0,-75.0,10145.0,10350.0,10090.0,25182.0
2025.03.28,10265.0,-160.0,10415.0,10520.0,10185.0,34324.0
2025.03.27,10425.0,95.0,10355.0,10525.0,10300.0,21147.0
2025.03.26,10330.0,-15.0,10355.0,10420.0,10245.0,15356.0
2025.03.25,10345.0,-80.0,10505.0,10740.0,10305.0,46154.0
2025.03.24,10425.0,-60.0,10480.0,10670.0,10390.0,46201.0
2025.03.21,10485.0,-280.0,10770.0,10900.0,10420.0,41296.0
2025.03.20,10765.0,-205.0,10985.0,11125.0,10750.0,22365.0
2025.03.19,10970.0,45.0,10935.0,11210.0,10855.0,42564.0
2025.03.18,10925.0,220.0,10900.0,10960.0,10675.0,65676.0
2025.03.17,10705.0,40.0,10710.0,10840.0,10620.0,38351.0
2025.03.14,10665.0,355.0,10335.0,10700.0,10330.0,41859.0
2025.03.13,10310.0,-105.0,10500.0,10710.0,10230.0,15893.0
2025.03.12,10415.0,5.0,10410.0,10600.0,10310.0,21770.0
2025.03.11,10410.0,-55.0,10455.0,10465.0,10190.0,34595.0
2025.03.10,10465.0,-225.0,10715.0,10950.0,10355.0,50106.0
2025.03.07,10690.0,40.0,10650.0,10875.0,10585.0,38729.0
2025.03.06,10650.0,350.0,10440.0,10655.0,10440.0,35932.0
2025.03.05,10300.0,280.0,10035.0,10385.0,10035.0,22885.0
2025.03.04,10020.0,-130.0,10450.0,10450.0,9820.0,49894.0
2025.02.28,10150.0,-380.0,10525.0,10525.0,10125.0,24359.0
2025.02.27,10530.0,-25.0,10545.0,10740.0,10360.0,63197.0
2025.02.26,10555.0,330.0,10230.0,10560.0,10175.0,32470.0
2025.02.25,10225.0,-150.0,10135.0,10345.0,9935.0,40492.0
2025.02.24,10375.0,20.0,10360.0,10700.0,10235.0,43802.0
2025.02.21,10355.0,305.0,10115.0,10360.0,10065.0,87991.0
2025.02.20,10050.0,-80.0,10055.0,10115.0,9930.0,17315.0
2025.02.19,10130.0,35.0,10050.0,10170.0,10000.0,26228.0
2025.02.18,10095.0,155.0,9970.0,10235.0,9905.0,31640.0
2025.02.17,9940.0,85.0,9895.0,10170.0,9855.0,46640.0
2025.02.14,9855.0,40.0,9680.0,9880.0,9555.0,28843.0
2025.02.13,9815.0,265.0,9690.0,9900.0,9550.0,50836.0
2025.02.12,9550.0,85.0,9455.0,9590.0,9405.0,95866.0
2025.02.11,9465.0,-45.0,9550.0,9660.0,9380.0,38276.0
2025.02.10,9510.0,230.0,9280.0,9510.0,9255.0,24282.0
2025.02.07,9280.0,175.0,9130.0,9345.0,9085.0,44607.0
2025.02.06,9105.0,60.0,9045.0,9150.0,9020.0,15697.0
2025.02.05,9045.0,-30.0,9100.0,9200.0,8935.0,12940.0
2025.02.04,9075.0,285.0,8860.0,9195.0,8795.0,38103.0
2025.02.03,8790.0,-190.0,8845.0,8900.0,8490.0,27348.0
2025.01.31,8980.0,180.0,8900.0,9335.0,8900.0,16735.0
2025.01.24,8800.0,255.0,8545.0,8805.0,8515.0,5739.0
2025.01.23,8545.0,-30.0,8575.0,8745.0,8520.0,4734.0
2025.01.22,8575.0,-225.0,8750.0,8750.0,8575.0,4129.0
2025.01.21,8800.0,85.0,8770.0,8820.0,8675.0,7873.0
2025.01.20,8715.0,120.0,8595.0,8755.0,8530.0,4434.0
2025.01.17,8595.0,95.0,8500.0,8655.0,8500.0,4887.0
2025.01.16,8500.0,90.0,8415.0,8585.0,8415.0,2523.0
2025.01.15,8410.0,-5.0,8455.0,8500.0,8320.0,3160.0
2025.01.14,8415.0,205.0,8215.0,8445.0,8160.0,9181.0
2025.01.13,8210.0,-150.0,8265.0,8350.0,8145.0,8834.0
2025.01.10,8360.0,-50.0,8505.0,8505.0,8310.0,3670.0
2025.01.09,8410.0,0.0,8410.0,8510.0,8355.0,4004.0
2025.01.08,8410.0,-20.0,8430.0,8575.0,8315.0,3998.0
2025.01.07,8430.0,-140.0,8670.0,8670.0,8330.0,5493.0
2025.01.06,8570.0,20.0,8545.0,8640.0,8540.0,18489.0
2025.01.03,8550.0,20.0,8670.0,8675.0,8460.0,4406.0
2025.01.02,8530.0,-200.0,8855.0,8855.0,8480.0,4851.0
2024.12.30,8730.0,30.0,8700.0,8805.0,8660.0,6335.0
2024.12.27,8700.0,45.0,8655.0,8795.0,8655.0,11666.0
2024.12.26,8655.0,-45.0,8700.0,8780.0,8650.0,7892.0
2024.12.24,8700.0,70.0,8660.0,8750.0,8595.0,3121.0
2024.12.23,8630.0,105.0,8575.0,8655.0,8525.0,11003.0
2024.12.20,8525.0,-25.0,8425.0,8615.0,8425.0,16887.0
2024.12.19,8550.0,-45.0,8590.0,8590.0,8455.0,7444.0
2024.12.18,8595.0,55.0,8665.0,8665.0,8520.0,9343.0
2024.12.17,8540.0,-5.0,8545.0,8610.0,8405.0,8045.0
2024.12.16,8545.0,-110.0,8665.0,8665.0,8525.0,4586.0
2024.12.13,8655.0,-150.0,8780.0,8850.0,8600.0,6095.0
2024.12.12,8805.0,90.0,8660.0,8865.0,8645.0,9012.0
2024.12.11,8715.0,-80.0,8690.0,8815.0,8635.0,21075.0
2024.12.10,8795.0,320.0,8990.0,9080.0,8795.0,94844.0
2024.12.09,8475.0,-60.0,8530.0,8580.0,8430.0,12760.0
2024.12.06,8535.0,155.0,8505.0,8550.0,8340.0,7583.0
2024.12.05,8380.0,-110.0,8495.0,8495.0,8355.0,1551.0
2024.12.04,8490.0,30.0,8520.0,8535.0,8425.0,60140.0
2024.12.03,8460.0,115.0,8405.0,8460.0,8285.0,8164.0
2024.12.02,8345.0,60.0,8425.0,8430.0,8295.0,18173.0
2024.11.29,8285.0,-5.0,8305.0,8425.0,8225.0,16449.0
2024.11.28,8290.0,-20.0,8445.0,8445.0,8260.0,18084.0
2024.11.27,8310.0,115.0,8195.0,8310.0,8105.0,94716.0
2024.11.26,8195.0,-25.0,8300.0,8300.0,8145.0,4489.0
2024.11.25,8220.0,-20.0,8240.0,8295.0,8105.0,19159.0
2024.11.22,8240.0,-200.0,8465.0,8465.0,8240.0,18902.0
2024.11.21,8440.0,-30.0,8500.0,8500.0,8415.0,3575.0
2024.11.20,8470.0,15.0,8495.0,8495.0,8375.0,8723.0
2024.11.19,8455.0,50.0,8450.0,8510.0,8390.0,3212.0
2024.11.18,8405.0,15.0,8330.0,8505.0,8315.0,6210.0
2024.11.15,8390.0,50.0,8335.0,8420.0,8215.0,22268.0
2024.11.14,8340.0,-110.0,8590.0,8590.0,8325.0,22654.0
2024.11.13,8450.0,-55.0,8455.0,8560.0,8400.0,18767.0
2024.11.12,8505.0,-275.0,8780.0,8850.0,8505.0,13542.0
2024.11.11,8780.0,-165.0,8920.0,8940.0,8635.0,84583.0
2024.11.08,8945.0,-20.0,9030.0,9200.0,8895.0,64609.0
2024.11.07,8965.0,130.0,8720.0,8995.0,8530.0,14171.0
2024.11.06,8835.0,-150.0,8915.0,9095.0,8735.0,29847.0
2024.11.05,8985.0,175.0,8810.0,8995.0,8750.0,13365.0
2024.11.04,8810.0,75.0,8915.0,8915.0,8745.0,8766.0
2024.11.01,8735.0,15.0,8830.0,8830.0,8695.0,20672.0
2024.10.31,8720.0,50.0,8740.0,8800.0,8665.0,19652.0
2024.10.30,8670.0,-215.0,8930.0,8950.0,8660.0,12638.0
2024.10.29,8885.0,-5.0,9005.0,9005.0,8810.0,6908.0
2024.10.28,8890.0,30.0,8830.0,8910.0,8700.0,8470.0
2024.10.25,8860.0,30.0,8665.0,8935.0,8665.0,17948.0
2024.10.24,8830.0,-150.0,8970.0,8970.0,8785.0,13210.0
2024.10.23,8980.0,155.0,8970.0,9045.0,8785.0,16567.0
2024.10.22,8825.0,10.0,8820.0,8875.0,8700.0,20432.0
2024.10.21,8815.0,-125.0,9000.0,9035.0,8780.0,44397.0
2024.10.18,8940.0,275.0,8630.0,8940.0,8460.0,25972.0
2024.10.17,8665.0,-35.0,8740.0,8925.0,8665.0,35580.0
2024.10.16,8700.0,-45.0,8510.0,9000.0,8510.0,50604.0
2024.10.15,8745.0,-370.0,9140.0,9140.0,8745.0,56849.0
2024.10.14,9115.0,80.0,9035.0,9175.0,8880.0,44433.0
2024.10.11,9035.0,-110.0,9225.0,9225.0,9035.0,9184.0
2024.10.10,9145.0,-70.0,9215.0,9320.0,8800.0,64526.0
2024.10.08,9215.0,-680.0,10245.0,10285.0,8900.0,152718.0
2024.10.07,9895.0,270.0,9625.0,10005.0,9625.0,146978.0
2024.10.04,9625.0,75.0,9395.0,9685.0,9240.0,120475.0
2024.10.02,9550.0,555.0,8950.0,9690.0,8865.0,386406.0
2024.09.30,8995.0,365.0,8645.0,9100.0,8640.0,299868.0
2024.09.27,8630.0,240.0,8625.0,8770.0,8405.0,587639.0
2024.09.26,8390.0,285.0,8220.0,8400.0,8110.0,348161.0
2024.09.25,8105.0,125.0,8265.0,8310.0,8075.0,281015.0
2024.09.24,7980.0,350.0,7665.0,7990.0,7655.0,248454.0
2024.09.23,7630.0,40.0,7430.0,7700.0,7430.0,15440.0
2024.09.20,7590.0,60.0,7590.0,7660.0,7560.0,41743.0
2024.09.19,7530.0,285.0,7265.0,7550.0,7265.0,8456.0
2024.09.13,7245.0,65.0,7285.0,7285.0,7200.0,1977.0
2024.09.12,7180.0,85.0,7270.0,7270.0,7155.0,8260.0
2024.09.11,7095.0,-105.0,7215.0,7215.0,7070.0,3200.0
2024.09.10,7200.0,75.0,7220.0,7220.0,6980.0,6384.0
2024.09.09,7125.0,-95.0,7290.0,7290.0,7075.0,8234.0
2024.09.06,7220.0,5.0,7265.0,7270.0,7120.0,3350.0
2024.09.05,7215.0,-90.0,7305.0,7305.0,7210.0,12541.0
2024.09.04,7305.0,-45.0,7330.0,7330.0,7255.0,37025.0
2024.09.03,7350.0,-55.0,7405.0,7505.0,7330.0,3272.0
2024.09.02,7405.0,-180.0,7610.0,7610.0,7365.0,14285.0
2024.08.30,7585.0,200.0,7430.0,7635.0,7360.0,83505.0
2024.08.29,7385.0,-5.0,7435.0,7435.0,7300.0,3366.0
2024.08.28,7390.0,-65.0,7465.0,7480.0,7360.0,5530.0
2024.08.27,7455.0,25.0,7470.0,7500.0,7380.0,17252.0
2024.08.26,7430.0,65.0,7410.0,7490.0,7410.0,11804.0
2024.08.23,7365.0,25.0,7400.0,7400.0,7310.0,5017.0
2024.08.22,7340.0,55.0,7400.0,7400.0,7290.0,2438.0
2024.08.21,7285.0,-80.0,7270.0,7305.0,7215.0,12213.0
2024.08.20,7365.0,-45.0,7490.0,7490.0,7340.0,2371.0
2024.08.19,7410.0,85.0,7445.0,7445.0,7365.0,60412.0
2024.08.16,7325.0,150.0,7365.0,7365.0,7250.0,9019.0
2024.08.14,7175.0,-20.0,7340.0,7340.0,7175.0,2286.0
2024.08.13,7195.0,10.0,7290.0,7290.0,7180.0,462.0
2024.08.12,7185.0,-5.0,7190.0,7195.0,7150.0,4999.0
2024.08.09,7190.0,70.0,7260.0,7260.0,7100.0,6559.0
2024.08.08,7120.0,60.0,7095.0,7135.0,6975.0,65655.0
2024.08.07,7060.0,85.0,7040.0,7130.0,6890.0,20058.0
2024.08.06,6975.0,50.0,7095.0,7100.0,6955.0,12807.0
2024.08.05,6925.0,-170.0,7095.0,7095.0,6815.0,72503.0
2024.08.02,7095.0,-185.0,7255.0,7255.0,7010.0,38640.0
2024.08.01,7280.0,-20.0,7395.0,7395.0,7235.0,7326.0
2024.07.31,7300.0,160.0,7175.0,7310.0,7140.0,70575.0
2024.07.30,7140.0,-145.0,7195.0,7265.0,7115.0,7211.0
2024.07.29,7285.0,110.0,7180.0,7305.0,7180.0,6814.0
2024.07.26,7175.0,15.0,7260.0,7260.0,7125.0,10019.0
2024.07.25,7160.0,-155.0,7320.0,7320.0,7155.0,6259.0
2024.07.24,7315.0,-85.0,7430.0,7430.0,7315.0,13259.0
2024.07.23,7400.0,-20.0,7500.0,7500.0,7375.0,4660.0
2024.07.22,7420.0,55.0,7360.0,7420.0,7225.0,21278.0
2024.07.19,7365.0,-195.0,7510.0,7510.0,7320.0,26313.0
2024.07.18,7560.0,55.0,7500.0,7560.0,7405.0,15454.0
2024.07.17,7505.0,-50.0,7590.0,7590.0,7475.0,16203.0
2024.07.16,7555.0,-115.0,7615.0,7615.0,7535.0,18966.0
2024.07.15,7670.0,-110.0,7800.0,7800.0,7645.0,54874.0
2024.07.12,7780.0,210.0,7700.0,7780.0,7570.0,64529.0
2024.07.11,7570.0,100.0,7560.0,7580.0,7445.0,21583.0
2024.07.10,7470.0,10.0,7575.0,7575.0,7405.0,705999.0
2024.07.09,7460.0,30.0,7500.0,7500.0,7355.0,44317.0
2024.07.08,7430.0,-120.0,7610.0,7610.0,7200.0,42068.0
2024.07.05,7550.0,-45.0,7670.0,7675.0,7510.0,11768.0
2024.07.04,7595.0,15.0,7650.0,7655.0,7575.0,53209.0
2024.07.03,7580.0,80.0,7560.0,7600.0,7500.0,4120.0
2024.07.02,7500.0,85.0,7500.0,7560.0,7340.0,24738.0
2024.07.01,7415.0,-35.0,7540.0,7540.0,7400.0,20036.0
2024.06.28,7450.0,-5.0,7525.0,7525.0,7365.0,21661.0
2024.06.27,7455.0,-135.0,7685.0,7685.0,7420.0,10516.0
2024.06.26,7590.0,15.0,7595.0,7670.0,7520.0,8528.0
2024.06.25,7575.0,60.0,7645.0,7645.0,7560.0,39976.0
2024.06.24,7515.0,-85.0,7600.0,7660.0,7435.0,22131.0
2024.06.21,7600.0,-65.0,7725.0,7725.0,7520.0,36638.0
2024.06.20,7665.0,-25.0,7665.0,7760.0,7665.0,21622.0
2024.06.19,7690.0,230.0,7460.0,7690.0,7460.0,31998.0
2024.06.18,7460.0,-30.0,7490.0,7530.0,7430.0,10177.0
2024.06.17,7490.0,30.0,7505.0,7565.0,7390.0,38211.0
2024.06.14,7460.0,20.0,7450.0,7525.0,7395.0,28165.0
2024.06.13,7440.0,-25.0,7465.0,7530.0,7410.0,48639.0
2024.06.12,7465.0,-85.0,7620.0,7620.0,7370.0,73354.0
2024.06.11,7550.0,-5.0,7665.0,7665.0,7430.0,38735.0
2024.06.10,7555.0,-40.0,7595.0,7635.0,7525.0,9380.0
2024.06.07,7595.0,-50.0,7630.0,7715.0,7550.0,29219.0
2024.06.05,7645.0,15.0,7685.0,7730.0,7615.0,19138.0
2024.06.04,7630.0,0.0,7630.0,7665.0,7550.0,282394.0
2024.06.03,7630.0,80.0,7550.0,7690.0,7445.0,414485.0
2024.05.31,7550.0,50.0,7625.0,7670.0,7525.0,39228.0
2024.05.30,7500.0,-170.0,7670.0,7700.0,7500.0,59058.0
2024.05.29,7670.0,-120.0,7865.0,7865.0,7600.0,115157.0
2024.05.28,7790.0,-5.0,7795.0,7895.0,7720.0,80316.0
2024.05.27,7795.0,125.0,7665.0,7795.0,7660.0,78898.0
2024.05.24,7670.0,-115.0,7785.0,7785.0,7640.0,55713.0
2024.05.23,7785.0,-175.0,8020.0,8020.0,7740.0,104549.0
2024.05.22,7960.0,20.0,7940.0,8060.0,7900.0,134045.0
2024.05.21,7940.0,-185.0,8175.0,8175.0,7935.0,175533.0
2024.05.20,8125.0,80.0,8180.0,8220.0,8055.0,116325.0
2024.05.17,8045.0,10.0,8110.0,8110.0,7835.0,120063.0
2024.05.16,8035.0,145.0,7870.0,8035.0,7835.0,264544.0
2024.05.14,7890.0,25.0,7875.0,8000.0,7855.0,82184.0
2024.05.13,7865.0,55.0,7805.0,7930.0,7735.0,66634.0
2024.05.10,7810.0,180.0,7645.0,7840.0,7645.0,157584.0
2024.05.09,7630.0,90.0,7535.0,7650.0,7530.0,96410.0
2024.05.08,7540.0,-70.0,7610.0,7700.0,7530.0,27800.0
2024.05.07,7610.0,-10.0,7625.0,7750.0,7560.0,96360.0
2024.05.03,7620.0,155.0,7510.0,7680.0,7505.0,271822.0
2024.05.02,7465.0,135.0,7330.0,7505.0,7260.0,80109.0
2024.04.30,7330.0,0.0,7330.0,7460.0,7300.0,85872.0
2024.04.29,7330.0,-15.0,7390.0,7410.0,7260.0,82270.0
2024.04.26,7345.0,265.0,7235.0,7355.0,7090.0,130641.0
2024.04.25,7080.0,20.0,7060.0,7185.0,6955.0,151730.0
2024.04.24,7060.0,135.0,6975.0,7080.0,6955.0,145539.0
2024.04.23,6925.0,125.0,6940.0,6945.0,6825.0,80904.0
2024.04.22,6800.0,135.0,6800.0,6835.0,6735.0,43633.0
2024.04.19,6665.0,-130.0,6840.0,6840.0,6605.0,57543.0
2024.04.18,6795.0,115.0,6655.0,6815.0,6650.0,16777.0
2024.04.17,6680.0,-20.0,6700.0,6840.0,6650.0,16567.0
2024.04.16,6700.0,-125.0,6745.0,6880.0,6700.0,86234.0
2024.04.15,6825.0,-70.0,6875.0,6875.0,6740.0,29578.0
2024.04.12,6895.0,-100.0,7000.0,7000.0,6880.0,26979.0
2024.04.11,6995.0,110.0,6975.0,7000.0,6905.0,73831.0
2024.04.09,6885.0,0.0,6980.0,6980.0,6850.0,10060.0
2024.04.08,6885.0,45.0,6970.0,6970.0,6755.0,98726.0
2024.04.05,6840.0,-55.0,6880.0,6960.0,6725.0,25683.0
2024.04.04,6895.0,40.0,6990.0,6990.0,6870.0,4496.0
2024.04.03,6855.0,-90.0,6950.0,6995.0,6855.0,20786.0
2024.04.02,6945.0,140.0,6820.0,6980.0,6820.0,163113.0
2024.04.01,6805.0,85.0,6750.0,6865.0,6745.0,19156.0
2024.03.29,6720.0,-80.0,6805.0,6805.0,6720.0,14853.0
2024.03.28,6800.0,80.0,6720.0,6855.0,6660.0,40559.0
2024.03.27,6720.0,-90.0,6870.0,6875.0,6685.0,48365.0
2024.03.26,6810.0,85.0,6835.0,6835.0,6725.0,60773.0
2024.03.25,6725.0,-5.0,6830.0,6840.0,6710.0,35929.0
2024.03.22,6730.0,-195.0,6935.0,6935.0,6635.0,49441.0
2024.03.21,6925.0,165.0,6855.0,6940.0,6785.0,65702.0
2024.03.20,6760.0,-5.0,6870.0,6870.0,6680.0,15020.0
2024.03.19,6765.0,-80.0,6900.0,6905.0,6715.0,59987.0
2024.03.18,6845.0,90.0,6890.0,6910.0,6670.0,47350.0
2024.03.15,6755.0,-115.0,6905.0,6915.0,6710.0,46775.0
2024.03.14,6870.0,-65.0,6930.0,6990.0,6805.0,35076.0
2024.03.13,6935.0,15.0,6990.0,6990.0,6855.0,87524.0
2024.03.12,6920.0,195.0,6805.0,6935.0,6650.0,117383.0
2024.03.11,6725.0,60.0,6680.0,6730.0,6535.0,20849.0
2024.03.08,6665.0,80.0,6630.0,6675.0,6500.0,17117.0
2024.03.07,6585.0,-60.0,6735.0,6735.0,6535.0,69010.0
2024.03.06,6645.0,125.0,6570.0,6675.0,6485.0,68027.0
2024.03.05,6520.0,-120.0,6655.0,6710.0,6470.0,61475.0
2024.03.04,6640.0,-35.0,6735.0,6735.0,6625.0,55673.0
2024.02.29,6675.0,0.0,6715.0,6715.0,6600.0,41978.0
2024.02.28,6675.0,-35.0,6890.0,6890.0,6650.0,63746.0
2024.02.27,6710.0,0.0,6720.0,6805.0,6605.0,32011.0
2024.02.26,6710.0,-25.0,6840.0,6840.0,6680.0,16945.0
2024.02.23,6735.0,30.0,6785.0,6790.0,6650.0,98798.0
2024.02.22,6705.0,65.0,6640.0,6795.0,6550.0,21963.0
2024.02.21,6640.0,180.0,6570.0,6725.0,6440.0,92585.0
2024.02.20,6460.0,5.0,6455.0,6545.0,6390.0,30687.0
2024.02.19,6455.0,-35.0,6490.0,6535.0,6395.0,37403.0
2024.02.16,6490.0,155.0,6430.0,6540.0,6340.0,79151.0
2024.02.15,6335.0,0.0,6335.0,6395.0,6250.0,29231.0
2024.02.14,6335.0,-5.0,6410.0,6410.0,6120.0,66083.0
2024.02.13,6340.0,65.0,6290.0,6420.0,6235.0,17520.0
2024.02.08,6275.0,-70.0,6340.0,6390.0,6250.0,36870.0
2024.02.07,6345.0,-50.0,6475.0,6545.0,6340.0,35860.0
2024.02.06,6395.0,240.0,6240.0,6395.0,6140.0,71412.0
2024.02.05,6155.0,10.0,6245.0,6245.0,6000.0,21925.0
2024.02.02,6145.0,45.0,6245.0,6250.0,6095.0,32596.0
2024.02.01,6100.0,5.0,6240.0,6240.0,6075.0,47010.0
2024.01.31,6095.0,-115.0,6200.0,6290.0,6055.0,13165.0
2024.01.30,6210.0,-125.0,6415.0,6415.0,6150.0,23609.0
2024.01.29,6335.0,50.0,6370.0,6415.0,6325.0,25752.0
2024.01.26,6285.0,-120.0,6405.0,6415.0,6285.0,39567.0
2024.01.25,6405.0,230.0,6205.0,6430.0,6205.0,66251.0
2024.01.24,6175.0,65.0,6120.0,6205.0,6070.0,41776.0
2024.01.23,6110.0,250.0,5985.0,6110.0,5705.0,46303.0
2024.01.22,5860.0,-150.0,6115.0,6115.0,5860.0,49922.0
2024.01.19,6010.0,-65.0,6170.0,6170.0,5985.0,24740.0
2024.01.18,6075.0,10.0,6100.0,6110.0,6005.0,38109.0
2024.01.17,6065.0,-230.0,6350.0,6350.0,6040.0,69699.0
2024.01.16,6295.0,-165.0,6405.0,6405.0,6270.0,47114.0
2024.01.15,6460.0,-10.0,6600.0,6600.0,6370.0,13722.0
2024.01.12,6470.0,-30.0,6500.0,6510.0,6425.0,19512.0
2024.01.11,6500.0,135.0,6455.0,6530.0,6375.0,12530.0
2024.01.10,6365.0,-90.0,6500.0,6500.0,6355.0,49355.0
2024.01.09,6455.0,0.0,6520.0,6580.0,6425.0,16095.0
2024.01.08,6455.0,-145.0,6655.0,6655.0,6425.0,26567.0
2024.01.05,6600.0,-40.0,6650.0,6720.0,6565.0,24301.0
2024.01.04,6640.0,35.0,6665.0,6665.0,6580.0,11369.0
2024.01.03,6605.0,-75.0,6680.0,6685.0,6580.0,22817.0
2024.01.02,6680.0,-135.0,6925.0,6925.0,6665.0,22973.0
2023.12.28,6815.0,235.0,6600.0,6820.0,6545.0,6367.0
2023.12.27,6580.0,40.0,6580.0,6600.0,6520.0,6450.0
2023.12.26,6540.0,55.0,6575.0,6575.0,6450.0,5166.0
2023.12.22,6485.0,-135.0,6650.0,6750.0,6475.0,14489.0
2023.12.21,6620.0,-15.0,6635.0,6635.0,6520.0,9952.0
2023.12.20,6635.0,60.0,6605.0,6670.0,6605.0,7948.0
2023.12.19,6575.0,-70.0,6710.0,6800.0,6555.0,26014.0
2023.12.18,6645.0,-50.0,6695.0,6725.0,6625.0,25594.0
2023.12.15,6695.0,115.0,6660.0,6795.0,6595.0,20250.0
2023.12.14,6580.0,35.0,6650.0,6670.0,6525.0,15971.0
2023.12.13,6545.0,-90.0,6680.0,6680.0,6505.0,32079.0
2023.12.12,6635.0,90.0,6550.0,6660.0,6520.0,17010.0
2023.12.11,6545.0,-60.0,6740.0,6740.0,6425.0,17752.0
2023.12.08,6605.0,-10.0,6760.0,6760.0,6565.0,28081.0
2023.12.07,6615.0,-85.0,6745.0,6815.0,6550.0,55557.0
2023.12.06,6700.0,75.0,6660.0,6720.0,6585.0,10625.0
2023.12.05,6625.0,-155.0,6870.0,6870.0,6625.0,15293.0
2023.12.04,6780.0,-70.0,6925.0,6925.0,6755.0,12556.0
2023.12.01,6850.0,-55.0,6970.0,6970.0,6810.0,9135.0
2023.11.30,6905.0,50.0,6855.0,6905.0,6840.0,17121.0
2023.11.29,6855.0,-175.0,7050.0,7050.0,6835.0,19628.0
2023.11.28,7030.0,-85.0,7160.0,7160.0,7005.0,7581.0
2023.11.27,7115.0,-40.0,7275.0,7280.0,7040.0,4945.0
2023.11.24,7155.0,-65.0,7290.0,7290.0,7140.0,11217.0
2023.11.23,7220.0,65.0,7220.0,7220.0,7100.0,14873.0
2023.11.22,7155.0,-90.0,7245.0,7250.0,7040.0,2610.0
2023.11.21,7245.0,60.0,7190.0,7315.0,7190.0,933.0
2023.11.20,7185.0,120.0,7100.0,7195.0,7080.0,1806.0
2023.11.17,7065.0,-175.0,7200.0,7200.0,7025.0,9976.0
2023.11.16,7240.0,-35.0,7275.0,7380.0,7185.0,5993.0
2023.11.15,7275.0,210.0,7105.0,7275.0,7065.0,48983.0
2023.11.14,7065.0,50.0,7060.0,7230.0,7050.0,15851.0
2023.11.13,7015.0,-10.0,7130.0,7130.0,6905.0,15072.0
2023.11.10,7025.0,-130.0,7100.0,7100.0,6920.0,3354.0
2023.11.09,7155.0,-5.0,7160.0,7160.0,7130.0,1367.0
2023.11.08,7160.0,-90.0,7250.0,7250.0,7135.0,2805.0
2023.11.07,7250.0,-20.0,7265.0,7265.0,7160.0,1593.0
2023.11.06,7270.0,95.0,7250.0,7320.0,7175.0,13333.0
2023.11.03,7175.0,170.0,7110.0,7175.0,7015.0,1978.0
2023.11.02,7005.0,55.0,6995.0,7100.0,6925.0,8612.0
2023.11.01,6950.0,-10.0,6945.0,6965.0,6900.0,6169.0
2023.10.31,6960.0,-80.0,7050.0,7080.0,6900.0,5460.0
2023.10.30,7040.0,-75.0,7015.0,7040.0,6920.0,1357.0
2023.10.27,7115.0,165.0,7015.0,7125.0,6895.0,1667.0
2023.10.26,6950.0,-40.0,6990.0,7055.0,6875.0,25097.0
2023.10.25,6990.0,95.0,6950.0,7145.0,6945.0,18797.0
2023.10.24,6895.0,-40.0,6990.0,6990.0,6850.0,8262.0
2023.10.23,6935.0,-40.0,6975.0,6975.0,6855.0,647.0
2023.10.20,6975.0,-80.0,7015.0,7030.0,6950.0,19860.0
2023.10.19,7055.0,-165.0,7160.0,7160.0,7045.0,12766.0
2023.10.18,7220.0,-20.0,7240.0,7335.0,7175.0,1923.0
2023.10.17,7240.0,75.0,7180.0,7330.0,7180.0,2909.0
2023.10.16,7165.0,-115.0,7280.0,7280.0,7165.0,2846.0
2023.10.13,7280.0,-170.0,7370.0,7450.0,7235.0,17584.0
2023.10.12,7450.0,155.0,7320.0,7450.0,7320.0,29532.0
2023.10.11,7295.0,105.0,7265.0,7320.0,7250.0,30428.0
2023.10.10,7190.0,95.0,7005.0,7270.0,7005.0,31620.0
2023.10.06,7095.0,70.0,7045.0,7125.0,7020.0,1822.0
2023.10.05,7025.0,65.0,7095.0,7095.0,6960.0,5030.0
2023.10.04,6960.0,-260.0,7220.0,7360.0,6960.0,25623.0
2023.09.27,7220.0,0.0,7220.0,7250.0,7190.0,2148.0
2023.09.26,7220.0,-80.0,7300.0,7300.0,7200.0,2093.0
2023.09.25,7300.0,-105.0,7465.0,7465.0,7300.0,3169.0
2023.09.22,7405.0,130.0,7220.0,7405.0,7130.0,10845.0
2023.09.21,7275.0,-115.0,7390.0,7425.0,7220.0,1840.0
2023.09.20,7390.0,-5.0,7430.0,7430.0,7315.0,19350.0
2023.09.19,7395.0,-40.0,7440.0,7440.0,7320.0,1767.0
2023.09.18,7435.0,-85.0,7470.0,7470.0,7395.0,1242.0
2023.09.15,7520.0,50.0,7470.0,7595.0,7465.0,25548.0
2023.09.14,7470.0,50.0,7405.0,7470.0,7320.0,3062.0
2023.09.13,7420.0,-40.0,7460.0,7475.0,7395.0,2542.0
2023.09.12,7460.0,20.0,7440.0,7475.0,7390.0,1343.0
2023.09.11,7440.0,-40.0,7480.0,7510.0,7365.0,48802.0
2023.09.08,7480.0,-35.0,7385.0,7480.0,7380.0,1723.0
2023.09.07,7515.0,-75.0,7585.0,7585.0,7470.0,6996.0
2023.09.06,7590.0,0.0,7590.0,7590.0,7480.0,2960.0
2023.09.05,7590.0,-145.0,7735.0,7735.0,7590.0,5374.0
2023.09.04,7735.0,185.0,7575.0,7750.0,7575.0,76866.0
2023.09.01,7550.0,50.0,7630.0,7630.0,7500.0,148.0
2023.08.31,7500.0,-75.0,7575.0,7590.0,7470.0,3954.0
2023.08.30,7575.0,10.0,7570.0,7665.0,7540.0,17834.0
2023.08.29,7565.0,140.0,7430.0,7595.0,7310.0,17079.0
2023.08.28,7425.0,65.0,7370.0,7575.0,7370.0,42468.0
2023.08.25,7360.0,-85.0,7395.0,7400.0,7315.0,16993.0
2023.08.24,7445.0,175.0,7400.0,7445.0,7290.0,10595.0
2023.08.23,7270.0,-20.0,7290.0,7325.0,7195.0,22095.0
2023.08.22,7290.0,120.0,7215.0,7290.0,7110.0,18943.0
2023.08.21,7170.0,-170.0,7510.0,7510.0,7135.0,30935.0
2023.08.18,7340.0,-110.0,7450.0,7460.0,7275.0,59879.0
2023.08.17,7450.0,5.0,7450.0,7470.0,7250.0,6557.0
2023.08.16,7445.0,-130.0,7575.0,7575.0,7405.0,16907.0
2023.08.14,7575.0,-200.0,7715.0,7715.0,7495.0,56187.0
2023.08.11,7775.0,-35.0,7810.0,7830.0,7725.0,9703.0
2023.08.10,7810.0,-5.0,8090.0,8090.0,7705.0,4259.0
2023.08.09,7815.0,30.0,7790.0,7815.0,7640.0,3062.0
2023.08.08,7785.0,-185.0,7930.0,7930.0,7785.0,36840.0
2023.08.07,7970.0,-20.0,7990.0,8000.0,7890.0,9458.0
2023.08.04,7990.0,35.0,8075.0,8080.0,7990.0,7295.0
2023.08.03,7955.0,45.0,7910.0,7965.0,7880.0,24343.0
2023.08.02,7910.0,-200.0,8030.0,8115.0,7910.0,7506.0
2023.08.01,8110.0,-100.0,8210.0,8300.0,8070.0,32647.0
2023.07.31,8210.0,140.0,8070.0,8325.0,8070.0,108918.0
2023.07.28,8070.0,215.0,7855.0,8075.0,7600.0,84395.0
2023.07.27,7855.0,105.0,7895.0,7905.0,7825.0,47171.0
2023.07.26,7750.0,-30.0,7900.0,7900.0,7705.0,8369.0
2023.07.25,7780.0,345.0,7475.0,7800.0,7450.0,71138.0
2023.07.24,7435.0,-175.0,7675.0,7675.0,7420.0,46481.0
2023.07.21,7610.0,10.0,7680.0,7680.0,7535.0,6073.0
2023.07.20,7600.0,35.0,7675.0,7675.0,7575.0,11624.0
2023.07.19,7565.0,-55.0,7635.0,7635.0,7455.0,18299.0
2023.07.18,7620.0,-110.0,7930.0,7930.0,7595.0,9375.0
2023.07.17,7730.0,-70.0,7890.0,7890.0,7605.0,1166.0
2023.07.14,7800.0,40.0,7875.0,7875.0,7730.0,26942.0
2023.07.13,7760.0,220.0,7605.0,7775.0,7585.0,57817.0
2023.07.12,7540.0,30.0,7575.0,7610.0,7500.0,3580.0
2023.07.11,7510.0,120.0,7490.0,7540.0,7475.0,3039.0
2023.07.10,7390.0,90.0,7300.0,7530.0,7300.0,20317.0
2023.07.07,7300.0,-95.0,7395.0,7400.0,7260.0,40314.0
2023.07.06,7395.0,-220.0,7615.0,7615.0,7335.0,42342.0
2023.07.05,7615.0,-95.0,7760.0,7760.0,7610.0,8024.0
2023.07.04,7710.0,-10.0,7930.0,7930.0,7460.0,2213.0
2023.07.03,7720.0,185.0,7540.0,7720.0,7540.0,15620.0
2023.06.30,7535.0,-5.0,7540.0,7580.0,7480.0,7394.0
2023.06.29,7540.0,-95.0,7635.0,7650.0,7520.0,22225.0
2023.06.28,7635.0,-10.0,7560.0,7655.0,7560.0,3630.0
2023.06.27,7645.0,160.0,7645.0,7645.0,7485.0,9427.0
2023.06.26,7485.0,-5.0,7490.0,7535.0,7375.0,20835.0
2023.06.23,7490.0,-145.0,7845.0,7845.0,7445.0,31064.0
2023.06.22,7635.0,0.0,7850.0,7850.0,7555.0,2106.0
2023.06.21,7635.0,-125.0,7760.0,7835.0,7590.0,16036.0
2023.06.20,7760.0,-135.0,7895.0,7970.0,7730.0,3498.0
2023.06.19,7895.0,-140.0,8035.0,8190.0,7685.0,25272.0
2023.06.16,8035.0,160.0,8000.0,8055.0,7920.0,14305.0
2023.06.15,7875.0,170.0,7820.0,7875.0,7765.0,30298.0
2023.06.14,7705.0,-60.0,7780.0,7785.0,7650.0,45190.0
2023.06.13,7765.0,50.0,7775.0,7780.0,7655.0,29806.0
2023.06.12,7715.0,15.0,7780.0,7780.0,7620.0,6569.0
2023.06.09,7700.0,140.0,7775.0,7775.0,7625.0,7962.0
2023.06.08,7560.0,-50.0,7655.0,7780.0,7545.0,17584.0
2023.06.07,7610.0,90.0,7615.0,7780.0,7580.0,17122.0
2023.06.05,7520.0,25.0,7510.0,7545.0,7405.0,8857.0
2023.06.02,7495.0,295.0,7305.0,7495.0,7210.0,50263.0
2023.06.01,7200.0,75.0,7300.0,7300.0,7105.0,4379.0
2023.05.31,7125.0,-195.0,7360.0,7360.0,7100.0,18118.0
2023.05.30,7320.0,-20.0,7550.0,7550.0,7210.0,25095.0
2023.05.26,7340.0,-40.0,7675.0,7675.0,7235.0,15113.0
2023.05.25,7380.0,-225.0,7710.0,7710.0,7340.0,29460.0
2023.05.24,7605.0,-155.0,7720.0,7835.0,7590.0,28367.0
2023.05.23,7760.0,-75.0,7945.0,7945.0,7730.0,11184.0
2023.05.22,7835.0,135.0,7740.0,7835.0,7690.0,18070.0
2023.05.19,7700.0,-125.0,7825.0,7825.0,7630.0,5541.0
2023.05.18,7825.0,-15.0,7840.0,7895.0,7750.0,5078.0
2023.05.17,7840.0,-70.0,8130.0,8130.0,7830.0,3434.0
2023.05.16,7910.0,-40.0,8270.0,8270.0,7900.0,2066.0
2023.05.15,7950.0,145.0,7915.0,7950.0,7705.0,6520.0
2023.05.12,7805.0,30.0,7860.0,7955.0,7760.0,13068.0
2023.05.11,7775.0,-30.0,7850.0,7870.0,7755.0,20322.0
2023.05.10,7805.0,-75.0,7880.0,7900.0,7755.0,4143.0
2023.05.09,7880.0,-130.0,8150.0,8150.0,7880.0,6278.0
2023.05.08,8010.0,215.0,8140.0,8140.0,7885.0,34227.0
2023.05.04,7795.0,110.0,7810.0,7830.0,7685.0,29627.0
2023.05.03,7685.0,-140.0,7825.0,7890.0,7615.0,14552.0
2023.05.02,7825.0,-40.0,7980.0,7985.0,7755.0,15141.0
2023.04.28,7865.0,70.0,7795.0,7895.0,7795.0,5939.0
2023.04.27,7795.0,5.0,7790.0,7930.0,7710.0,21093.0
2023.04.26,7790.0,80.0,7710.0,7830.0,7595.0,3706.0
2023.04.25,7710.0,-90.0,7940.0,7940.0,7675.0,4348.0
2023.04.24,7800.0,-155.0,7955.0,7955.0,7795.0,17647.0
2023.04.21,7955.0,-120.0,8035.0,8035.0,7940.0,13124.0
2023.04.20,8075.0,0.0,8070.0,8080.0,8025.0,14025.0
2023.04.19,8075.0,-105.0,8260.0,8260.0,8060.0,18361.0
2023.04.18,8180.0,-15.0,8255.0,8280.0,8145.0,11068.0
2023.04.17,8195.0,135.0,8500.0,8500.0,7975.0,17498.0
2023.04.14,8060.0,70.0,8165.0,8165.0,7955.0,9834.0
2023.04.13,7990.0,-55.0,8100.0,8100.0,7850.0,26339.0
2023.04.12,8045.0,-25.0,8215.0,8215.0,8005.0,8780.0
2023.04.11,8070.0,-30.0,8195.0,8200.0,7955.0,43895.0
2023.04.10,8100.0,-35.0,8135.0,8135.0,8060.0,875.0
2023.04.07,8135.0,145.0,8155.0,8155.0,7980.0,731.0
2023.04.06,7990.0,-110.0,8235.0,8235.0,7780.0,35692.0
2023.04.05,8100.0,55.0,8175.0,8175.0,8050.0,806.0
2023.04.04,8045.0,-10.0,8240.0,8240.0,7955.0,17412.0
2023.04.03,8055.0,-90.0,8265.0,8265.0,8025.0,23279.0
2023.03.31,8145.0,95.0,8070.0,8235.0,8070.0,57701.0
2023.03.30,8050.0,20.0,8190.0,8190.0,7970.0,41483.0
2023.03.29,8030.0,125.0,8085.0,8170.0,7955.0,26733.0
2023.03.28,7905.0,50.0,7845.0,7910.0,7700.0,3039.0
2023.03.27,7855.0,-95.0,8000.0,8000.0,7755.0,9576.0
2023.03.24,7950.0,25.0,7945.0,8000.0,7910.0,97120.0
2023.03.23,7925.0,125.0,7940.0,7940.0,7755.0,30391.0
2023.03.22,7800.0,145.0,7905.0,7905.0,7700.0,23482.0
2023.03.21,7655.0,125.0,7905.0,7905.0,7565.0,30174.0
2023.03.20,7530.0,-200.0,7925.0,7925.0,7530.0,15470.0
2023.03.17,7730.0,130.0,7785.0,7785.0,7635.0,9383.0
2023.03.16,7600.0,-85.0,7785.0,7920.0,7575.0,35196.0
2023.03.15,7685.0,105.0,7810.0,7810.0,7550.0,56081.0
2023.03.14,7580.0,-170.0,7870.0,7870.0,7535.0,65024.0
2023.03.13,7750.0,145.0,7830.0,7830.0,7560.0,29683.0
2023.03.10,7605.0,-290.0,7910.0,7925.0,7590.0,43326.0
2023.03.09,7895.0,15.0,7910.0,7925.0,7745.0,59103.0
2023.03.08,7880.0,-185.0,8100.0,8100.0,7865.0,33394.0
2023.03.07,8065.0,-55.0,8215.0,8295.0,8065.0,100030.0
2023.03.06,8120.0,-90.0,8485.0,8485.0,8065.0,39467.0
2023.03.03,8210.0,140.0,8195.0,8210.0,8100.0,37109.0
2023.03.02,8070.0,265.0,8185.0,8185.0,7995.0,28870.0
2023.02.28,7805.0,-15.0,7905.0,7915.0,7740.0,18982.0
2023.02.27,7820.0,-105.0,7900.0,7970.0,7765.0,26338.0
2023.02.24,7925.0,-135.0,8060.0,8060.0,7900.0,24923.0
2023.02.23,8060.0,-5.0,8065.0,8165.0,8005.0,8677.0
2023.02.22,8065.0,-105.0,8170.0,8180.0,8025.0,6154.0
2023.02.21,8170.0,-170.0,8370.0,8370.0,8150.0,10406.0
2023.02.20,8340.0,95.0,8235.0,8340.0,7970.0,5977.0
2023.02.17,8245.0,-100.0,8310.0,8365.0,8220.0,11081.0
2023.02.16,8345.0,105.0,8255.0,8470.0,8255.0,17327.0
2023.02.15,8240.0,-130.0,8355.0,8355.0,8165.0,25298.0
2023.02.14,8370.0,5.0,8450.0,8450.0,8320.0,19325.0
2023.02.13,8365.0,-20.0,8430.0,8430.0,8200.0,31046.0
2023.02.10,8385.0,-190.0,8475.0,8500.0,8320.0,6152.0
2023.02.09,8575.0,115.0,8460.0,8575.0,8305.0,33101.0
2023.02.08,8460.0,-40.0,8495.0,8510.0,8360.0,17658.0
2023.02.07,8500.0,65.0,8510.0,8630.0,8495.0,15804.0
2023.02.06,8435.0,-240.0,8700.0,8700.0,8350.0,14702.0
2023.02.03,8675.0,-185.0,8695.0,8845.0,8570.0,22659.0
2023.02.02,8860.0,0.0,8710.0,8970.0,8645.0,22389.0
2023.02.01,8860.0,210.0,8880.0,8915.0,8655.0,7674.0
2023.01.31,8650.0,-190.0,9320.0,9320.0,8625.0,6103.0
2023.01.30,8840.0,-260.0,9300.0,9300.0,8790.0,22134.0
2023.01.27,9100.0,75.0,9085.0,9145.0,9045.0,43330.0
2023.01.26,9025.0,110.0,8985.0,9040.0,8815.0,10097.0
2023.01.25,8915.0,120.0,8880.0,8945.0,8705.0,6170.0
2023.01.20,8795.0,185.0,8870.0,8870.0,8550.0,26579.0
2023.01.19,8610.0,15.0,8885.0,8885.0,8500.0,7755.0
2023.01.18,8595.0,-15.0,8570.0,8635.0,8480.0,4988.0
2023.01.17,8610.0,10.0,8600.0,8660.0,8520.0,3146.0
2023.01.16,8600.0,-30.0,8755.0,8755.0,8300.0,16625.0
2023.01.13,8630.0,55.0,8515.0,8655.0,8515.0,6568.0
2023.01.12,8575.0,-75.0,8725.0,8725.0,8500.0,10914.0
2023.01.11,8650.0,110.0,8600.0,8690.0,8560.0,19221.0
2023.01.10,8540.0,-30.0,8600.0,8600.0,8420.0,6969.0
2023.01.09,8570.0,160.0,8640.0,8640.0,8465.0,59603.0
2023.01.06,8410.0,-55.0,8465.0,8520.0,8000.0,24404.0
2023.01.05,8465.0,225.0,8305.0,8610.0,8265.0,69121.0
2023.01.04,8240.0,190.0,8075.0,8250.0,8065.0,13050.0
2023.01.03,8050.0,250.0,7720.0,8050.0,7695.0,4824.0
2023.01.02,7800.0,-65.0,8065.0,8065.0,7795.0,1646.0
2022.12.29,7865.0,-90.0,7830.0,7965.0,7820.0,4401.0
2022.12.28,7955.0,25.0,7800.0,8030.0,7755.0,14173.0
2022.12.27,7930.0,-65.0,7995.0,7995.0,7735.0,2401.0
2022.12.26,7995.0,185.0,7995.0,7995.0,7690.0,615.0
2022.12.23,7810.0,-60.0,7840.0,7855.0,7700.0,2838.0
2022.12.22,7870.0,225.0,7805.0,7945.0,7570.0,12424.0
2022.12.21,7645.0,35.0,7845.0,7845.0,7585.0,1173.0
2022.12.20,7610.0,-170.0,7800.0,7800.0,7530.0,12634.0
2022.12.19,7780.0,-60.0,8065.0,8065.0,7700.0,3219.0
2022.12.16,7840.0,10.0,7800.0,7905.0,7700.0,17306.0
2022.12.15,7830.0,-105.0,7935.0,7980.0,7695.0,24181.0
2022.12.14,7935.0,65.0,7910.0,8015.0,7800.0,3990.0
2022.12.13,7870.0,50.0,7855.0,7935.0,7770.0,5577.0
2022.12.12,7820.0,-235.0,8020.0,8020.0,7820.0,11878.0
2022.12.09,8055.0,225.0,7925.0,8055.0,7835.0,15589.0
2022.12.08,7830.0,30.0,7830.0,7890.0,7670.0,24800.0
2022.12.07,7800.0,0.0,7960.0,7985.0,7750.0,14606.0
2022.12.06,7800.0,-20.0,7795.0,7890.0,7730.0,10124.0
2022.12.05,7820.0,295.0,7590.0,7870.0,7590.0,47650.0
2022.12.02,7525.0,-55.0,7685.0,7685.0,7465.0,5163.0
2022.12.01,7580.0,200.0,7510.0,7760.0,7510.0,15904.0
2022.11.30,7380.0,125.0,7305.0,7440.0,7290.0,6083.0
2022.11.29,7255.0,320.0,7000.0,7295.0,6835.0,19559.0
2022.11.28,6935.0,-145.0,7120.0,7120.0,6685.0,22513.0
2022.11.25,7080.0,0.0,7070.0,7570.0,6980.0,10686.0
2022.11.24,7080.0,-15.0,9220.0,9220.0,7005.0,14904.0
2022.11.23,7095.0,105.0,7010.0,7095.0,6980.0,4727.0
2022.11.22,6990.0,-140.0,7010.0,7155.0,6980.0,9191.0
2022.11.21,7130.0,-105.0,7490.0,7490.0,7000.0,15249.0
2022.11.18,7235.0,-50.0,7300.0,7595.0,7215.0,26354.0
2022.11.17,7285.0,-25.0,7310.0,7310.0,7085.0,20257.0
2022.11.16,7310.0,-90.0,7450.0,7500.0,7270.0,25384.0
2022.11.15,7400.0,265.0,7110.0,7440.0,7045.0,38905.0
2022.11.14,7135.0,180.0,7010.0,7305.0,7010.0,42022.0
2022.11.11,6955.0,475.0,6645.0,7010.0,6645.0,42411.0
2022.11.10,6480.0,-120.0,6490.0,6525.0,6450.0,11045.0
2022.11.09,6600.0,-65.0,6680.0,6695.0,6555.0,12129.0
2022.11.08,6665.0,-70.0,6795.0,6810.0,6645.0,12994.0
2022.11.07,6735.0,100.0,6750.0,6850.0,6460.0,20928.0
2022.11.04,6635.0,410.0,6385.0,6745.0,6235.0,42998.0
2022.11.03,6225.0,-260.0,6485.0,6485.0,6200.0,26447.0
2022.11.02,6485.0,270.0,6285.0,6485.0,6160.0,9736.0
2022.11.01,6215.0,225.0,5955.0,6215.0,5955.0,13689.0
2022.10.31,5990.0,-30.0,6000.0,6075.0,5975.0,19220.0
2022.10.28,6020.0,-305.0,6325.0,6325.0,6010.0,15693.0
2022.10.27,6325.0,120.0,6465.0,6465.0,6250.0,51111.0
2022.10.26,6205.0,-10.0,6180.0,6335.0,6170.0,11449.0
2022.10.25,6215.0,50.0,6170.0,6235.0,6015.0,11222.0
2022.10.24,6165.0,-420.0,6630.0,6750.0,6115.0,21983.0
2022.10.21,6585.0,15.0,6730.0,6740.0,6570.0,4650.0
2022.10.20,6570.0,-155.0,6725.0,6750.0,6460.0,6370.0
2022.10.19,6725.0,-110.0,6750.0,6850.0,6725.0,1889.0
2022.10.18,6835.0,155.0,6775.0,6900.0,6745.0,9882.0
2022.10.17,6680.0,-145.0,6800.0,6800.0,6580.0,11212.0
2022.10.14,6825.0,125.0,6960.0,6960.0,6685.0,6423.0
2022.10.13,6700.0,-90.0,6805.0,6825.0,6685.0,18471.0
2022.10.12,6790.0,-115.0,6905.0,6905.0,6670.0,14969.0
2022.10.11,6905.0,-335.0,7195.0,7195.0,6855.0,25240.0
2022.10.07,7240.0,-185.0,7310.0,7335.0,7240.0,10422.0
2022.10.06,7425.0,-40.0,7470.0,7470.0,7380.0,3408.0
2022.10.05,7465.0,305.0,7210.0,7475.0,7210.0,2749.0
2022.10.04,7160.0,100.0,7090.0,7160.0,7050.0,906.0
2022.09.30,7060.0,-15.0,7075.0,7115.0,6990.0,8200.0
2022.09.29,7075.0,-120.0,7305.0,7305.0,7040.0,2663.0
2022.09.28,7195.0,-105.0,7300.0,7300.0,7165.0,706.0
2022.09.27,7300.0,0.0,7210.0,7370.0,7210.0,1514.0
2022.09.26,7300.0,-70.0,7325.0,7380.0,7225.0,5073.0
2022.09.23,7370.0,-20.0,7360.0,7405.0,7300.0,480.0
2022.09.22,7390.0,-150.0,7435.0,7435.0,7340.0,2053.0
2022.09.21,7540.0,-95.0,7600.0,7600.0,7495.0,1579.0
2022.09.20,7635.0,80.0,7600.0,7685.0,7555.0,1880.0
2022.09.19,7555.0,-140.0,7915.0,7915.0,7520.0,5030.0
2022.09.16,7695.0,-80.0,7775.0,7775.0,7670.0,1178.0
2022.09.15,7775.0,45.0,7685.0,7795.0,7685.0,1639.0
2022.09.14,7730.0,-250.0,7610.0,7795.0,7610.0,1015.0
2022.09.13,7980.0,255.0,7980.0,8000.0,7805.0,6868.0
2022.09.08,7725.0,20.0,7755.0,7980.0,7700.0,2459.0
2022.09.07,7705.0,-95.0,7685.0,7730.0,7655.0,4805.0
2022.09.06,7800.0,-25.0,7870.0,7870.0,7780.0,5295.0
2022.09.05,7825.0,-100.0,8095.0,8095.0,7780.0,1655.0
2022.09.02,7925.0,-140.0,8060.0,8060.0,7915.0,3530.0
2022.09.01,8065.0,-125.0,8235.0,8235.0,8045.0,2388.0
2022.08.31,8190.0,55.0,8035.0,8220.0,8005.0,5556.0
2022.08.30,8135.0,-60.0,8285.0,8285.0,8045.0,3342.0
2022.08.29,8195.0,-25.0,8305.0,8305.0,8060.0,1626.0
2022.08.26,8220.0,185.0,8165.0,8285.0,8165.0,5776.0
2022.08.25,8035.0,230.0,7810.0,8035.0,7810.0,1496.0
2022.08.24,7805.0,-100.0,7940.0,7940.0,7790.0,2014.0
2022.08.23,7905.0,-120.0,7965.0,8015.0,7830.0,4353.0
2022.08.22,8025.0,-15.0,8120.0,8120.0,7900.0,873.0
2022.08.19,8040.0,60.0,7980.0,8040.0,7805.0,3649.0
2022.08.18,7980.0,-145.0,8125.0,8125.0,7980.0,4278.0
2022.08.17,8125.0,90.0,8040.0,8125.0,7985.0,743.0
2022.08.16,8035.0,-160.0,8240.0,8265.0,8035.0,1958.0
2022.08.12,8195.0,110.0,8130.0,8200.0,8130.0,12424.0
2022.08.11,8085.0,205.0,7960.0,8085.0,7960.0,18114.0
2022.08.10,7880.0,-250.0,8120.0,8120.0,7860.0,5094.0
2022.08.09,8130.0,40.0,8235.0,8235.0,8080.0,10422.0
2022.08.08,8090.0,-105.0,8300.0,8300.0,8010.0,8993.0
2022.08.05,8195.0,0.0,8295.0,8305.0,8145.0,7906.0
2022.08.04,8195.0,115.0,7925.0,8235.0,7925.0,6803.0
2022.08.03,8080.0,85.0,8015.0,8200.0,8005.0,20156.0
2022.08.02,7995.0,-190.0,8120.0,8155.0,7905.0,25560.0
2022.08.01,8185.0,25.0,8375.0,8505.0,8000.0,10679.0
2022.07.29,8160.0,-255.0,8415.0,8490.0,8160.0,35521.0
2022.07.28,8415.0,-10.0,8420.0,8440.0,8380.0,756.0
2022.07.27,8425.0,-130.0,8490.0,8490.0,8395.0,19141.0
2022.07.26,8555.0,235.0,8500.0,8555.0,8495.0,5461.0
2022.07.25,8320.0,-130.0,8605.0,8605.0,8320.0,8246.0
2022.07.22,8450.0,-50.0,8450.0,8530.0,8450.0,1683.0
2022.07.21,8500.0,-20.0,8520.0,8530.0,8415.0,2823.0
2022.07.20,8520.0,80.0,8475.0,8595.0,8475.0,16415.0
2022.07.19,8440.0,-60.0,8500.0,8500.0,8420.0,1446.0
2022.07.18,8500.0,220.0,8380.0,8520.0,8260.0,12365.0
2022.07.15,8280.0,-145.0,8305.0,8425.0,8280.0,31086.0
2022.07.14,8425.0,-35.0,8460.0,8505.0,8400.0,1791.0
2022.07.13,8460.0,-70.0,8530.0,8590.0,8460.0,6892.0
2022.07.12,8530.0,-85.0,8460.0,8625.0,8460.0,3362.0
2022.07.11,8615.0,-240.0,8855.0,8855.0,8595.0,9736.0
2022.07.08,8855.0,10.0,8850.0,9000.0,8840.0,5962.0
2022.07.07,8845.0,75.0,8740.0,8860.0,8675.0,11752.0
2022.07.06,8770.0,-165.0,8900.0,8960.0,8770.0,10679.0
2022.07.05,8935.0,-5.0,9130.0,9140.0,8920.0,2518.0
2022.07.04,8940.0,-50.0,9200.0,9200.0,8860.0,3296.0
2022.07.01,8990.0,80.0,8920.0,9010.0,8890.0,231.0
2022.06.30,8910.0,-70.0,9200.0,9200.0,8910.0,6420.0
2022.06.29,8980.0,-195.0,8975.0,9155.0,8970.0,6741.0
2022.06.28,9175.0,55.0,9120.0,9175.0,8915.0,40996.0
2022.06.27,9120.0,240.0,8940.0,9165.0,8900.0,64341.0
2022.06.24,8880.0,205.0,8770.0,8900.0,8740.0,2555.0
2022.06.23,8675.0,45.0,8630.0,8675.0,8630.0,331.0
2022.06.22,8630.0,-100.0,8810.0,8810.0,8630.0,4087.0
2022.06.21,8730.0,135.0,8585.0,8795.0,8585.0,2798.0
2022.06.20,8595.0,20.0,8680.0,8680.0,8470.0,10764.0
2022.06.17,8575.0,20.0,8415.0,8595.0,8310.0,548.0
2022.06.16,8555.0,-145.0,8815.0,8815.0,8540.0,10876.0
2022.06.15,8700.0,245.0,8455.0,8735.0,8455.0,4028.0
2022.06.14,8455.0,-45.0,8415.0,8455.0,8320.0,1591.0
2022.06.13,8500.0,-390.0,8850.0,9200.0,8500.0,41651.0
2022.06.10,8890.0,110.0,8780.0,8890.0,8615.0,8353.0
2022.06.09,8780.0,-45.0,8825.0,9045.0,8720.0,15597.0
2022.06.08,8825.0,200.0,8630.0,8850.0,8630.0,32384.0
2022.06.07,8625.0,190.0,8535.0,8700.0,8505.0,13491.0
2022.06.03,8435.0,45.0,8405.0,8435.0,8340.0,7700.0
2022.06.02,8390.0,-130.0,8520.0,8520.0,8320.0,1084.0
2022.05.31,8520.0,150.0,8370.0,8520.0,8305.0,27871.0
2022.05.30,8370.0,260.0,8240.0,8375.0,8195.0,7803.0
2022.05.27,8110.0,225.0,8165.0,8205.0,7955.0,118989.0
2022.05.26,7885.0,-70.0,7985.0,7985.0,7830.0,5823.0
2022.05.25,7955.0,10.0,7950.0,7955.0,7900.0,3302.0
2022.05.24,7945.0,-75.0,7995.0,8095.0,7920.0,1489.0
2022.05.23,8020.0,-140.0,8165.0,8165.0,8020.0,5419.0
2022.05.20,8160.0,190.0,7985.0,8160.0,7985.0,622.0
2022.05.19,7970.0,-220.0,8045.0,8045.0,7860.0,1365.0
2022.05.18,8190.0,85.0,8165.0,8200.0,8045.0,1053.0
2022.05.17,8105.0,210.0,7905.0,8120.0,7890.0,20684.0
2022.05.16,7895.0,60.0,7925.0,7990.0,7845.0,1196.0
2022.05.13,7835.0,190.0,7590.0,7835.0,7590.0,240.0
2022.05.12,7645.0,-275.0,7765.0,7765.0,7620.0,5511.0
2022.05.11,7920.0,230.0,7765.0,7920.0,7530.0,1486.0
2022.05.10,7690.0,-100.0,7790.0,7790.0,7480.0,17344.0
2022.05.09,7790.0,-90.0,7660.0,7925.0,7660.0,4948.0
2022.05.06,7880.0,-370.0,8215.0,8215.0,7850.0,15508.0
2022.05.04,8250.0,-205.0,8415.0,8415.0,8200.0,5482.0
2022.05.03,8455.0,70.0,8460.0,8460.0,8255.0,2372.0
2022.05.02,8385.0,40.0,8005.0,8460.0,8005.0,1007.0
2022.04.29,8345.0,400.0,8150.0,8380.0,7900.0,4613.0
2022.04.28,7945.0,100.0,7850.0,7960.0,7825.0,27777.0
2022.04.27,7845.0,30.0,7960.0,7960.0,7740.0,3486.0
2022.04.26,7815.0,60.0,7710.0,7955.0,7710.0,1947.0
2022.04.25,7755.0,-295.0,8110.0,8110.0,7700.0,8896.0
2022.04.22,8050.0,95.0,8050.0,8150.0,7860.0,8230.0
2022.04.21,7955.0,-325.0,8185.0,8185.0,7955.0,16314.0
2022.04.20,8280.0,25.0,8215.0,8280.0,8185.0,1665.0
2022.04.19,8255.0,-210.0,8600.0,8600.0,8220.0,9858.0
2022.04.18,8465.0,25.0,8580.0,8580.0,8465.0,239.0
2022.04.15,8440.0,-60.0,8540.0,8540.0,8440.0,618.0
2022.04.14,8500.0,25.0,8450.0,8500.0,8430.0,3592.0
2022.04.13,8475.0,220.0,8340.0,8475.0,8320.0,814.0
2022.04.12,8255.0,-25.0,8305.0,8355.0,8210.0,2458.0
2022.04.11,8280.0,-295.0,8805.0,8805.0,8275.0,1351.0
2022.04.08,8575.0,-95.0,8805.0,8805.0,8515.0,4105.0
2022.04.07,8670.0,-170.0,8675.0,8820.0,8650.0,2390.0
2022.04.06,8840.0,-155.0,9000.0,9000.0,8720.0,3697.0
2022.04.05,8995.0,85.0,8940.0,9000.0,8930.0,878.0
2022.04.04,8910.0,310.0,8800.0,8920.0,8635.0,1879.0
2022.04.01,8600.0,-115.0,8715.0,8715.0,8500.0,7128.0
2022.03.31,8715.0,-70.0,8785.0,8785.0,8645.0,5347.0
2022.03.30,8785.0,165.0,8650.0,8815.0,8650.0,2501.0
2022.03.29,8620.0,120.0,8680.0,8680.0,8500.0,10399.0
2022.03.28,8500.0,75.0,8665.0,8665.0,8325.0,9350.0
2022.03.25,8425.0,-365.0,8790.0,8790.0,8395.0,12991.0
2022.03.24,8790.0,-70.0,8805.0,8825.0,8700.0,6612.0
2022.03.23,8860.0,285.0,8650.0,8950.0,8650.0,10172.0
2022.03.22,8575.0,220.0,8355.0,8580.0,8355.0,4267.0
2022.03.21,8355.0,-220.0,8610.0,8610.0,8315.0,3903.0
2022.03.18,8575.0,80.0,8645.0,8645.0,8140.0,7437.0
2022.03.17,8495.0,605.0,8195.0,8595.0,8195.0,17393.0
2022.03.16,7890.0,655.0,7500.0,7910.0,7190.0,21692.0
2022.03.15,7235.0,-500.0,7735.0,7735.0,7165.0,12574.0
2022.03.14,7735.0,-420.0,8155.0,8155.0,7675.0,11325.0
2022.03.11,8155.0,-170.0,8325.0,8350.0,7925.0,14767.0
2022.03.10,8325.0,-40.0,8465.0,8465.0,8320.0,3834.0
2022.03.08,8365.0,-250.0,8500.0,8650.0,8365.0,3397.0
2022.03.07,8615.0,-300.0,8910.0,8910.0,8480.0,2857.0
2022.03.04,8915.0,-220.0,9140.0,9140.0,8870.0,19693.0
2022.03.03,9135.0,-80.0,9300.0,9300.0,9110.0,6713.0
2022.03.02,9215.0,5.0,9210.0,9350.0,9210.0,547.0
2022.02.28,9210.0,-40.0,9390.0,9390.0,9100.0,2396.0
2022.02.25,9250.0,-10.0,9460.0,9460.0,9245.0,1973.0
2022.02.24,9260.0,-360.0,9620.0,9620.0,9220.0,1049.0
2022.02.23,9620.0,105.0,9655.0,9655.0,9470.0,1167.0
2022.02.22,9515.0,-210.0,9650.0,9650.0,9460.0,1612.0
2022.02.21,9725.0,-320.0,10045.0,10045.0,9725.0,1048.0
2022.02.18,10045.0,15.0,10025.0,10105.0,9900.0,205.0
2022.02.17,10030.0,30.0,10000.0,10090.0,9785.0,1076.0
2022.02.16,10000.0,185.0,9970.0,10000.0,9970.0,112.0
2022.02.15,9815.0,-115.0,9930.0,9930.0,9790.0,601.0
2022.02.14,9930.0,-175.0,10105.0,10105.0,9900.0,2277.0
2022.02.11,10105.0,5.0,10000.0,10190.0,10000.0,5574.0
2022.02.10,10100.0,25.0,10075.0,10130.0,10060.0,2063.0
2022.02.09,10075.0,215.0,9780.0,10075.0,9780.0,1214.0
2022.02.08,9860.0,-45.0,9855.0,9860.0,9780.0,1196.0
2022.02.07,9905.0,-25.0,9960.0,9960.0,9815.0,252.0
2022.02.04,9930.0,155.0,9775.0,9930.0,9775.0,1024.0
2022.02.03,9775.0,275.0,9775.0,9775.0,9660.0,30.0
2022.01.28,9500.0,-45.0,9545.0,9545.0,9460.0,1768.0
2022.01.27,9545.0,-295.0,9840.0,9840.0,9540.0,234.0
2022.01.26,9840.0,-20.0,9860.0,9860.0,9760.0,2097.0
2022.01.25,9860.0,-200.0,10000.0,10000.0,9815.0,4339.0
2022.01.24,10060.0,20.0,10040.0,10060.0,9990.0,1439.0
2022.01.21,10040.0,-20.0,10060.0,10140.0,10030.0,12511.0
2022.01.20,10060.0,315.0,9810.0,10075.0,9810.0,3147.0
2022.01.19,9745.0,-80.0,9825.0,9850.0,9745.0,446.0
2022.01.18,9825.0,45.0,10010.0,10010.0,9780.0,841.0
2022.01.17,9780.0,-30.0,10075.0,10075.0,9780.0,2778.0
2022.01.14,9810.0,-100.0,9995.0,9995.0,9760.0,293.0
2022.01.13,9910.0,5.0,9960.0,9980.0,9900.0,2679.0
2022.01.12,9905.0,210.0,9730.0,9905.0,9700.0,2654.0
2022.01.11,9695.0,95.0,9495.0,9725.0,9495.0,3339.0
2022.01.10,9600.0,120.0,9510.0,9665.0,9510.0,5707.0
2022.01.07,9480.0,240.0,9510.0,9510.0,9335.0,403.0
2022.01.06,9240.0,-90.0,9465.0,9465.0,9205.0,3049.0
2022.01.05,9330.0,-145.0,9670.0,9670.0,9305.0,673.0
2022.01.04,9475.0,-5.0,9600.0,9600.0,9415.0,2920.0
2022.01.03,9480.0,140.0,9555.0,9555.0,9405.0,3783.0
2021.12.30,9340.0,-30.0,9370.0,9445.0,9325.0,1314.0
2021.12.29,9370.0,-115.0,9680.0,9680.0,9350.0,1543.0
2021.12.28,9485.0,-200.0,9685.0,9720.0,9410.0,1309.0
2021.12.27,9685.0,0.0,9685.0,9700.0,9310.0,365.0
2021.12.24,9685.0,175.0,9700.0,9700.0,9490.0,110.0
2021.12.23,9510.0,50.0,9500.0,9510.0,9455.0,1453.0
2021.12.22,9460.0,80.0,9450.0,9605.0,9450.0,663.0
2021.12.21,9380.0,80.0,9300.0,9380.0,9290.0,4342.0
2021.12.20,9300.0,-220.0,9695.0,9695.0,9300.0,4982.0
2021.12.17,9520.0,-70.0,9615.0,9615.0,9500.0,5949.0
2021.12.16,9590.0,-95.0,9650.0,9695.0,9540.0,1056.0
2021.12.15,9685.0,-35.0,9710.0,9715.0,9685.0,522.0
2021.12.14,9720.0,-235.0,9795.0,9795.0,9720.0,479.0
2021.12.13,9955.0,15.0,9940.0,10045.0,9850.0,369.0
2021.12.10,9940.0,-70.0,9965.0,10020.0,9935.0,1704.0
2021.12.09,10010.0,170.0,9840.0,10010.0,9840.0,5163.0
2021.12.08,9840.0,145.0,9890.0,9900.0,9840.0,10783.0
2021.12.07,9695.0,95.0,9700.0,9710.0,9660.0,348.0
2021.12.06,9600.0,-175.0,9775.0,9775.0,9600.0,1487.0
2021.12.03,9775.0,-50.0,9900.0,9900.0,9710.0,1201.0
2021.12.02,9825.0,80.0,9745.0,9840.0,9745.0,247.0
2021.12.01,9745.0,185.0,9785.0,9865.0,9725.0,386.0
2021.11.30,9560.0,-260.0,9820.0,9820.0,9560.0,23156.0
2021.11.29,9820.0,-155.0,9925.0,9950.0,9820.0,830.0
2021.11.26,9975.0,-210.0,10255.0,10270.0,9955.0,5333.0
2021.11.25,10185.0,25.0,10135.0,10195.0,10105.0,1780.0
2021.11.24,10160.0,-30.0,10230.0,10230.0,10155.0,6288.0
2021.11.23,10190.0,-145.0,10210.0,10210.0,10175.0,389.0
2021.11.22,10335.0,45.0,10290.0,10340.0,10290.0,5533.0
2021.11.19,10290.0,-150.0,10325.0,10325.0,10260.0,366.0
2021.11.18,10440.0,-105.0,10545.0,10545.0,10400.0,513.0
2021.11.17,10545.0,-60.0,10500.0,10700.0,10400.0,5143.0
2021.11.16,10605.0,145.0,10450.0,10605.0,10305.0,4229.0
2021.11.15,10460.0,5.0,10455.0,10615.0,10400.0,1106.0
2021.11.12,10455.0,80.0,10385.0,10540.0,10385.0,853.0
2021.11.11,10375.0,275.0,10200.0,10375.0,10200.0,1114.0
2021.11.10,10100.0,-90.0,10125.0,10135.0,10055.0,1069.0
2021.11.09,10190.0,35.0,10200.0,10245.0,10145.0,1170.0
2021.11.08,10155.0,-75.0,10220.0,10220.0,10135.0,162.0
2021.11.05,10230.0,-55.0,10255.0,10450.0,10185.0,337.0
2021.11.04,10285.0,45.0,10700.0,10700.0,10225.0,4420.0
2021.11.03,10240.0,-10.0,10245.0,10245.0,10140.0,5602.0
2021.11.02,10250.0,-35.0,10285.0,10615.0,10250.0,3893.0
2021.11.01,10285.0,-85.0,10500.0,10500.0,10180.0,2827.0
2021.10.29,10370.0,-100.0,10470.0,10660.0,10350.0,5597.0
2021.10.28,10470.0,-25.0,10490.0,10540.0,10470.0,2490.0
2021.10.27,10495.0,-140.0,10570.0,10575.0,10440.0,3900.0
2021.10.26,10635.0,-120.0,10900.0,10905.0,10635.0,10062.0
2021.10.25,10755.0,-50.0,10600.0,10800.0,10600.0,27446.0
2021.10.22,10805.0,200.0,10600.0,10850.0,10600.0,9260.0
2021.10.21,10605.0,-105.0,10710.0,10770.0,10595.0,34325.0
2021.10.20,10710.0,220.0,10385.0,10740.0,10385.0,63537.0
2021.10.19,10490.0,205.0,10405.0,10505.0,10405.0,15423.0
2021.10.18,10285.0,5.0,10305.0,10310.0,10195.0,935.0
2021.10.15,10280.0,-100.0,10380.0,10380.0,10215.0,7045.0
2021.10.14,10380.0,15.0,10375.0,10390.0,10215.0,104.0
2021.10.13,10365.0,115.0,10375.0,10375.0,10180.0,6.0
2021.10.12,10250.0,165.0,10190.0,10370.0,10185.0,12750.0
2021.10.08,10085.0,85.0,10000.0,10140.0,10000.0,10644.0
2021.10.07,10000.0,240.0,9840.0,10000.0,9840.0,8361.0
2021.10.06,9760.0,-80.0,9960.0,9960.0,9695.0,2930.0
2021.10.05,9840.0,-160.0,9975.0,9975.0,9715.0,1316.0
2021.10.01,10000.0,-65.0,9795.0,10190.0,9795.0,181.0
2021.09.30,10065.0,-45.0,10010.0,10095.0,9975.0,987.0
2021.09.29,10110.0,-5.0,9990.0,10110.0,9835.0,11441.0
2021.09.28,10115.0,160.0,9955.0,10130.0,9920.0,1225.0
2021.09.27,9955.0,-125.0,10060.0,10060.0,9900.0,16560.0
2021.09.24,10080.0,25.0,10235.0,10235.0,10020.0,11587.0
2021.09.23,10055.0,-220.0,9965.0,10230.0,9965.0,11354.0
2021.09.17,10275.0,165.0,10080.0,10275.0,10080.0,8716.0
2021.09.16,10110.0,-150.0,10280.0,10300.0,10075.0,12008.0
2021.09.15,10260.0,-255.0,10515.0,10565.0,10260.0,10432.0
2021.09.14,10515.0,-70.0,10765.0,10765.0,10500.0,16057.0
2021.09.13,10585.0,-210.0,10760.0,10760.0,10555.0,10004.0
2021.09.10,10795.0,155.0,10580.0,10795.0,10580.0,15039.0
2021.09.09,10640.0,-200.0,10765.0,11065.0,10640.0,33108.0
2021.09.08,10840.0,-60.0,10900.0,10970.0,10815.0,7123.0
2021.09.07,10900.0,135.0,10760.0,10940.0,10535.0,10205.0
2021.09.06,10765.0,105.0,10655.0,10770.0,10655.0,6375.0
2021.09.03,10660.0,-5.0,10900.0,10900.0,10655.0,12156.0
2021.09.02,10665.0,-50.0,10625.0,10835.0,10620.0,2980.0
2021.09.01,10715.0,275.0,10525.0,10760.0,10330.0,23733.0
2021.08.31,10440.0,125.0,10275.0,10460.0,10200.0,5251.0
2021.08.30,10315.0,-20.0,10230.0,10375.0,10230.0,4667.0
2021.08.27,10335.0,85.0,10455.0,10455.0,10315.0,14215.0
2021.08.26,10250.0,-170.0,10410.0,10410.0,10240.0,2650.0
2021.08.25,10420.0,10.0,10420.0,10560.0,10370.0,2449.0
2021.08.24,10410.0,225.0,10185.0,10410.0,10185.0,11350.0
2021.08.23,10185.0,65.0,10120.0,10330.0,10120.0,4670.0
2021.08.20,10120.0,-175.0,10400.0,10400.0,9920.0,12320.0
2021.08.19,10295.0,-280.0,10490.0,10565.0,10295.0,5720.0
2021.08.18,10575.0,160.0,10385.0,10580.0,10190.0,2492.0
2021.08.17,10415.0,-335.0,10950.0,10950.0,10390.0,12060.0
2021.08.13,10750.0,-160.0,10910.0,10910.0,10725.0,7842.0
2021.08.12,10910.0,-30.0,10940.0,11000.0,10910.0,19170.0
2021.08.11,10940.0,70.0,10870.0,11030.0,10865.0,12896.0
2021.08.10,10870.0,130.0,10840.0,10870.0,10635.0,20394.0
2021.08.09,10740.0,45.0,10695.0,10825.0,10530.0,11105.0
2021.08.06,10695.0,15.0,10680.0,10695.0,10580.0,15076.0
2021.08.05,10680.0,-190.0,10640.0,10980.0,10640.0,31505.0
2021.08.04,10870.0,170.0,10700.0,10930.0,10630.0,2514.0
2021.08.03,10700.0,-30.0,10585.0,10745.0,10545.0,7024.0
2021.08.02,10730.0,195.0,10780.0,10780.0,10500.0,16852.0
2021.07.30,10535.0,-245.0,10800.0,10865.0,10460.0,25096.0
2021.07.29,10780.0,400.0,10500.0,10855.0,10500.0,52881.0
2021.07.28,10380.0,-20.0,10380.0,10510.0,10170.0,65192.0
2021.07.27,10400.0,-455.0,10945.0,10945.0,10400.0,13301.0
2021.07.26,10855.0,-535.0,11320.0,11320.0,10815.0,6705.0
2021.07.23,11390.0,-115.0,11505.0,11505.0,11355.0,3054.0
2021.07.22,11505.0,255.0,11425.0,11505.0,11425.0,683.0
2021.07.21,11250.0,-60.0,11310.0,11405.0,11200.0,4511.0
2021.07.20,11310.0,-180.0,11440.0,11440.0,11290.0,4821.0
2021.07.19,11490.0,-185.0,11505.0,11685.0,11460.0,2595.0
2021.07.16,11675.0,-30.0,11705.0,11705.0,11675.0,122.0
2021.07.15,11705.0,120.0,11495.0,11730.0,11495.0,4588.0
2021.07.14,11585.0,-15.0,11600.0,11630.0,11525.0,132.0
2021.07.13,11600.0,175.0,11500.0,11685.0,11340.0,8580.0
2021.07.12,11425.0,25.0,11400.0,11560.0,11400.0,6264.0
2021.07.09,11400.0,85.0,11310.0,11400.0,11185.0,2781.0
2021.07.08,11315.0,-280.0,11700.0,11700.0,11285.0,14887.0
2021.07.07,11595.0,-105.0,11855.0,11855.0,11565.0,2350.0
2021.07.06,11700.0,-85.0,11725.0,11870.0,11700.0,10953.0
2021.07.05,11785.0,-155.0,11865.0,11865.0,11755.0,17455.0
2021.07.02,11940.0,-150.0,12095.0,12160.0,11930.0,2875.0
2021.07.01,12090.0,-170.0,12285.0,12285.0,12090.0,6.0
2021.06.30,12260.0,-25.0,12285.0,12330.0,12260.0,314.0
2021.06.29,12285.0,-65.0,12350.0,12350.0,12285.0,419.0
2021.06.28,12350.0,-50.0,12400.0,12400.0,12200.0,66.0
2021.06.25,12400.0,255.0,12190.0,12400.0,12190.0,1855.0
2021.06.24,12145.0,15.0,12130.0,12200.0,12130.0,1155.0
2021.06.23,12130.0,110.0,12015.0,12130.0,12015.0,119.0
2021.06.22,12020.0,20.0,12000.0,12105.0,12000.0,853.0
2021.06.21,12000.0,-100.0,12200.0,12210.0,12000.0,240.0
2021.06.18,12100.0,40.0,12060.0,12220.0,12060.0,2055.0
2021.06.17,12060.0,-30.0,12090.0,12135.0,11935.0,3014.0
2021.06.16,12090.0,-75.0,12165.0,12165.0,12075.0,4202.0
2021.06.15,12165.0,-135.0,12155.0,12270.0,12095.0,824.0
2021.06.14,12300.0,30.0,12400.0,12400.0,12300.0,50.0
2021.06.11,12270.0,55.0,12315.0,12315.0,12270.0,4927.0
2021.06.10,12215.0,85.0,12125.0,12270.0,12125.0,200.0
2021.06.09,12130.0,-50.0,12125.0,12130.0,12125.0,270.0
2021.06.08,12180.0,-80.0,12290.0,12290.0,12180.0,22.0
2021.06.07,12260.0,-90.0,12350.0,12350.0,12220.0,931.0
2021.06.04,12350.0,-60.0,12400.0,12400.0,12350.0,41.0
2021.06.03,12410.0,-50.0,12410.0,12500.0,12410.0,636.0
2021.06.02,12460.0,-10.0,12470.0,12555.0,12425.0,35744.0
2021.06.01,12470.0,170.0,12415.0,12490.0,12360.0,180.0
2021.05.31,12300.0,0.0,12300.0,12305.0,12300.0,269.0
2021.05.28,12300.0,-45.0,12405.0,12405.0,12300.0,4426.0
2021.05.27,12345.0,-5.0,12325.0,12345.0,12300.0,5140.0
2021.05.26,12350.0,125.0,12315.0,12380.0,12315.0,3468.0
2021.05.25,12225.0,145.0,11765.0,12250.0,11765.0,1204.0
2021.05.24,12080.0,-80.0,12130.0,12240.0,12080.0,92.0
2021.05.21,12160.0,120.0,12180.0,12190.0,12025.0,893.0
2021.05.20,12040.0,-50.0,12240.0,12240.0,12015.0,383.0
2021.05.18,12090.0,115.0,12025.0,12090.0,11875.0,170.0
2021.05.17,11975.0,195.0,11935.0,11975.0,11910.0,132.0
2021.05.14,11780.0,-20.0,11795.0,11795.0,11725.0,289.0
2021.05.13,11800.0,-180.0,12070.0,12070.0,11760.0,205.0
2021.05.12,11980.0,70.0,11910.0,11990.0,11910.0,1934.0
2021.05.11,11910.0,-220.0,12060.0,12060.0,11800.0,526.0
2021.05.10,12130.0,-55.0,12230.0,12230.0,12065.0,12245.0
2021.05.07,12185.0,-15.0,12200.0,12300.0,12185.0,2692.0
2021.05.06,12200.0,-15.0,12125.0,12295.0,12125.0,1059.0
2021.05.04,12215.0,40.0,12175.0,12230.0,12175.0,6.0
2021.05.03,12175.0,-185.0,12020.0,12280.0,12020.0,692.0
2021.04.30,12360.0,-185.0,12890.0,12890.0,12345.0,146.0
2021.04.29,12545.0,30.0,12545.0,12550.0,12545.0,30.0
2021.04.28,12515.0,-30.0,12415.0,12550.0,12415.0,25.0
2021.04.27,12545.0,50.0,12485.0,12545.0,12415.0,2517.0
2021.04.26,12495.0,-35.0,12695.0,12695.0,12495.0,255.0
2021.04.23,12530.0,155.0,12375.0,12550.0,12375.0,181.0
2021.04.22,12375.0,0.0,12375.0,12480.0,12375.0,900.0
2021.04.21,12375.0,-210.0,12485.0,12485.0,12360.0,173.0
2021.04.20,12585.0,0.0,12585.0,12585.0,12510.0,73.0
2021.04.19,12585.0,25.0,12455.0,12605.0,12455.0,511.0
2021.04.16,12560.0,225.0,12455.0,12565.0,12230.0,2635.0
2021.04.15,12335.0,-125.0,12460.0,12490.0,12285.0,1032.0
2021.04.14,12460.0,120.0,12340.0,12530.0,12340.0,1022.0
2021.04.13,12340.0,-15.0,12355.0,12455.0,12340.0,49.0
2021.04.12,12355.0,-55.0,12600.0,12655.0,12320.0,76.0
2021.04.09,12410.0,-165.0,12580.0,12580.0,12410.0,208.0
2021.04.08,12575.0,-30.0,12605.0,12605.0,12575.0,43.0
2021.04.07,12605.0,-195.0,12805.0,12805.0,12605.0,580.0
2021.04.06,12800.0,135.0,12805.0,12805.0,12800.0,5.0
2021.04.05,12665.0,-60.0,12725.0,12780.0,12375.0,558.0
2021.04.02,12725.0,70.0,12645.0,12725.0,12645.0,184.0
2021.04.01,12655.0,180.0,12720.0,12720.0,12540.0,281.0
2021.03.31,12475.0,-85.0,12590.0,12650.0,12445.0,201.0
2021.03.30,12560.0,140.0,12560.0,12560.0,12560.0,44.0
2021.03.29,12420.0,-75.0,12495.0,12520.0,12360.0,221.0
2021.03.26,12495.0,290.0,12205.0,12495.0,12205.0,368.0
2021.03.25,12205.0,-115.0,12100.0,12230.0,12085.0,433.0
2021.03.24,12320.0,-280.0,12500.0,12500.0,12310.0,259.0
2021.03.23,12600.0,-255.0,12795.0,12795.0,12575.0,373.0
2021.03.22,12855.0,105.0,12800.0,12950.0,12800.0,435.0
2021.03.19,12750.0,-365.0,12925.0,13110.0,12730.0,2015.0
2021.03.18,13115.0,245.0,13020.0,13130.0,13020.0,3275.0
2021.03.17,12870.0,0.0,12815.0,13005.0,12815.0,141.0
2021.03.16,12870.0,190.0,12745.0,12905.0,12745.0,1136.0
2021.03.15,12680.0,-275.0,12990.0,12990.0,12670.0,303.0
2021.03.12,12955.0,140.0,12890.0,13000.0,12890.0,1747.0
2021.03.11,12815.0,235.0,12585.0,12875.0,12585.0,1605.0
2021.03.10,12580.0,70.0,12725.0,12725.0,12465.0,7865.0
2021.03.09,12510.0,-180.0,12590.0,12615.0,12180.0,1742.0
2021.03.08,12690.0,-270.0,13015.0,13015.0,12675.0,968.0
2021.03.05,12960.0,-25.0,13055.0,13055.0,12630.0,426.0
2021.03.04,12985.0,-235.0,13290.0,13335.0,12905.0,84.0
2021.03.03,13220.0,330.0,12875.0,13220.0,12875.0,396.0
2021.03.02,12890.0,-75.0,12970.0,13120.0,12890.0,127.0
2021.02.26,12965.0,-395.0,13070.0,13080.0,12905.0,474.0
2021.02.25,13360.0,300.0,13065.0,13440.0,13065.0,77.0
2021.02.24,13060.0,-590.0,13665.0,13705.0,13060.0,1261.0
2021.02.23,13650.0,-95.0,13745.0,13745.0,13410.0,253.0
2021.02.22,13745.0,-55.0,13910.0,13920.0,13615.0,3754.0
2021.02.19,13800.0,-15.0,13770.0,13800.0,13555.0,438.0
2021.02.18,13815.0,-155.0,13790.0,13970.0,13790.0,540.0
2021.02.17,13970.0,180.0,13850.0,13970.0,13645.0,4606.0
2021.02.16,13790.0,160.0,13405.0,13800.0,13405.0,4008.0
2021.02.15,13630.0,90.0,13540.0,13630.0,13010.0,230.0
2021.02.10,13540.0,255.0,13345.0,13540.0,13345.0,4566.0
2021.02.09,13285.0,5.0,13280.0,13290.0,13190.0,4917.0
2021.02.08,13280.0,5.0,13275.0,13335.0,13275.0,209.0
2021.02.05,13275.0,75.0,13100.0,13360.0,13100.0,9761.0
2021.02.04,13200.0,-115.0,13155.0,13330.0,13105.0,1574.0
2021.02.03,13315.0,0.0,13315.0,13320.0,13155.0,2640.0
2021.02.02,13315.0,135.0,13190.0,13400.0,13190.0,1008.0
2021.02.01,13180.0,350.0,12825.0,13180.0,12655.0,4716.0
2021.01.29,12830.0,-245.0,13075.0,13165.0,12830.0,1820.0
2021.01.28,13075.0,-370.0,13420.0,13420.0,13075.0,2718.0
2021.01.27,13445.0,-5.0,13560.0,13560.0,13215.0,2201.0
2021.01.26,13450.0,-225.0,13960.0,13960.0,13395.0,4605.0
2021.01.25,13675.0,245.0,13535.0,13715.0,13420.0,3036.0
2021.01.22,13430.0,-205.0,13635.0,13770.0,13420.0,3495.0
2021.01.21,13635.0,-50.0,13685.0,13855.0,13620.0,20304.0
2021.01.20,13685.0,250.0,14035.0,14035.0,13265.0,15019.0
2021.01.19,13435.0,375.0,13295.0,13560.0,13040.0,9877.0
2021.01.18,13060.0,170.0,12790.0,13060.0,12730.0,3716.0
2021.01.15,12890.0,-30.0,13105.0,13105.0,12810.0,7955.0
2021.01.14,12920.0,115.0,12870.0,12925.0,12815.0,899.0
2021.01.13,12805.0,60.0,12830.0,12905.0,12740.0,28509.0
2021.01.12,12745.0,150.0,12595.0,12745.0,12595.0,7551.0
2021.01.11,12595.0,50.0,12545.0,12740.0,12545.0,6132.0
2021.01.08,12545.0,240.0,12415.0,12565.0,12310.0,5000.0
2021.01.07,12305.0,-85.0,12300.0,12410.0,12270.0,6414.0
2021.01.06,12390.0,155.0,12235.0,12470.0,12200.0,10440.0
2021.01.05,12235.0,-85.0,12315.0,12315.0,12095.0,1398.0
2021.01.04,12320.0,165.0,12155.0,12365.0,12140.0,6369.0
2020.12.30,12155.0,150.0,12000.0,12200.0,11850.0,260.0
2020.12.29,12005.0,120.0,11885.0,12040.0,11820.0,5853.0
2020.12.28,11885.0,-115.0,12000.0,12000.0,11845.0,6043.0
2020.12.24,12000.0,-75.0,12150.0,12150.0,12000.0,34.0
2020.12.23,12075.0,185.0,11890.0,12075.0,11890.0,3420.0
2020.12.22,11890.0,-155.0,12045.0,12045.0,11845.0,427.0
2020.12.21,12045.0,-5.0,12050.0,12050.0,11990.0,205.0
2020.12.18,12050.0,-10.0,12060.0,12060.0,12010.0,12.0
2020.12.17,12060.0,100.0,12090.0,12090.0,11885.0,11.0
2020.12.16,11960.0,15.0,12045.0,12045.0,11960.0,63.0
2020.12.15,11945.0,0.0,11945.0,11945.0,11945.0,120.0
2020.12.14,11945.0,5.0,11945.0,12070.0,11945.0,9.0
2020.12.11,11940.0,-15.0,12000.0,12000.0,11930.0,137.0
2020.12.10,11955.0,-145.0,11915.0,11960.0,11900.0,237.0
2020.12.09,12100.0,140.0,11960.0,12100.0,11960.0,72.0
2020.12.08,11960.0,-120.0,12080.0,12080.0,11950.0,1691.0
2020.12.07,12080.0,-165.0,12245.0,12245.0,11965.0,2620.0
2020.12.04,12245.0,45.0,12100.0,12245.0,12100.0,7.0
2020.12.03,12200.0,75.0,12290.0,12290.0,12120.0,579.0
2020.12.02,12125.0,-180.0,12200.0,12245.0,12110.0,1286.0
2020.12.01,12305.0,40.0,12265.0,12305.0,11980.0,132.0
2020.11.30,12265.0,-85.0,12350.0,12490.0,12240.0,13072.0
2020.11.27,12350.0,110.0,12240.0,12350.0,12240.0,1722.0
2020.11.26,12240.0,15.0,12080.0,12240.0,12080.0,361.0
2020.11.25,12225.0,-5.0,12230.0,12335.0,12225.0,3763.0
2020.11.24,12230.0,-55.0,12190.0,12265.0,12190.0,44.0
2020.11.23,12285.0,95.0,12190.0,12285.0,12190.0,26.0
2020.11.20,12190.0,-25.0,12165.0,12190.0,12115.0,2163.0
2020.11.19,12215.0,-25.0,12240.0,12340.0,12125.0,6551.0
2020.11.18,12240.0,45.0,12180.0,12240.0,12115.0,62.0
2020.11.17,12195.0,75.0,12245.0,12245.0,12195.0,2621.0
2020.11.16,12120.0,0.0,12145.0,12170.0,12120.0,1777.0
2020.11.13,12120.0,-35.0,12155.0,12155.0,12020.0,13109.0
2020.11.12,12155.0,50.0,12105.0,12210.0,12105.0,166.0
2020.11.11,12105.0,-30.0,12110.0,12160.0,12025.0,4165.0
2020.11.10,12135.0,-110.0,12245.0,12245.0,12135.0,187.0
2020.11.09,12245.0,165.0,12185.0,12360.0,12185.0,7623.0
2020.11.06,12080.0,90.0,12310.0,12310.0,12010.0,10019.0
2020.11.05,11990.0,450.0,11750.0,12060.0,11690.0,180393.0
2020.11.04,11540.0,-85.0,11625.0,11695.0,11540.0,33.0
2020.11.03,11625.0,205.0,11425.0,11625.0,11425.0,13899.0
2020.11.02,11420.0,140.0,11275.0,11420.0,11275.0,118.0
2020.10.30,11280.0,-260.0,11380.0,11395.0,11265.0,152.0
2020.10.29,11540.0,85.0,11630.0,11630.0,11340.0,295.0
2020.10.28,11455.0,-60.0,11470.0,11470.0,11455.0,177.0
2020.10.27,11515.0,-70.0,11585.0,11585.0,11515.0,8821.0
2020.10.26,11585.0,-65.0,11825.0,11825.0,11585.0,128.0
2020.10.23,11650.0,-30.0,11680.0,11775.0,11620.0,8793.0
2020.10.22,11680.0,60.0,11615.0,11680.0,11525.0,24.0
2020.10.21,11620.0,80.0,11370.0,11620.0,11370.0,485.0
2020.10.20,11540.0,-15.0,11555.0,11555.0,11530.0,111.0
2020.10.19,11555.0,155.0,11400.0,11660.0,11400.0,1013.0
2020.10.16,11400.0,10.0,11405.0,11440.0,11400.0,18.0
2020.10.15,11390.0,5.0,11420.0,11425.0,11330.0,89.0
2020.10.14,11385.0,130.0,11345.0,11460.0,11345.0,9347.0
2020.10.13,11255.0,-120.0,11375.0,11375.0,11250.0,24.0
2020.10.12,11375.0,310.0,10955.0,11395.0,10955.0,22947.0
2020.10.08,11065.0,-60.0,11115.0,11115.0,11015.0,4471.0
2020.10.07,11125.0,175.0,10860.0,11125.0,10860.0,106.0
2020.10.06,10950.0,35.0,10950.0,10950.0,10950.0,46.0
2020.10.05,10915.0,155.0,10995.0,10995.0,10895.0,1384.0
2020.09.29,10760.0,-105.0,10865.0,10865.0,10735.0,9228.0
2020.09.28,10865.0,80.0,10615.0,10880.0,10615.0,9471.0
2020.09.25,10785.0,-75.0,10975.0,10975.0,10785.0,1116.0
2020.09.24,10860.0,-190.0,10995.0,10995.0,10840.0,1849.0
2020.09.23,11050.0,-90.0,11230.0,11230.0,11050.0,484.0
2020.09.22,11140.0,-85.0,11225.0,11315.0,11140.0,56.0
2020.09.21,11225.0,-200.0,11425.0,11435.0,11150.0,5487.0
2020.09.18,11425.0,205.0,11350.0,11425.0,11350.0,7.0
2020.09.17,11220.0,-95.0,11210.0,11220.0,11210.0,34.0
2020.09.16,11315.0,35.0,11420.0,11420.0,11315.0,2620.0
2020.09.15,11280.0,-20.0,11300.0,11300.0,11270.0,49.0
2020.09.14,11300.0,35.0,11265.0,11340.0,11235.0,945.0
2020.09.11,11265.0,-35.0,11060.0,11265.0,11055.0,2692.0
2020.09.10,11300.0,90.0,11085.0,11300.0,11085.0,3805.0
2020.09.09,11210.0,-80.0,11175.0,11230.0,11160.0,9882.0
2020.09.08,11290.0,105.0,11115.0,11290.0,11115.0,8765.0
2020.09.07,11185.0,-105.0,11290.0,11310.0,11185.0,203.0
2020.09.04,11290.0,-100.0,11380.0,11380.0,11205.0,434.0
2020.09.03,11390.0,-90.0,11475.0,11515.0,11320.0,1651.0
2020.09.02,11480.0,-15.0,11380.0,11480.0,11355.0,1664.0
2020.09.01,11495.0,-130.0,11560.0,11560.0,11415.0,55.0
2020.08.31,11625.0,-105.0,11750.0,11750.0,11625.0,552.0
2020.08.28,11730.0,85.0,11600.0,11730.0,11550.0,175.0
2020.08.27,11645.0,-75.0,11720.0,11720.0,11600.0,687.0
2020.08.26,11720.0,20.0,11890.0,11890.0,11720.0,336.0
2020.08.25,11700.0,-55.0,11635.0,11780.0,11635.0,766.0
2020.08.24,11755.0,60.0,11800.0,11800.0,11695.0,152.0
2020.08.21,11695.0,145.0,11640.0,11710.0,11640.0,119.0
2020.08.20,11550.0,-155.0,11605.0,11730.0,11515.0,74.0
2020.08.19,11705.0,-170.0,11920.0,11920.0,11705.0,316.0
2020.08.18,11875.0,65.0,11685.0,11895.0,11685.0,108.0
2020.08.14,11810.0,115.0,11660.0,11810.0,11660.0,399.0
2020.08.13,11695.0,145.0,11800.0,11800.0,11695.0,1502.0
2020.08.12,11550.0,-70.0,11435.0,11570.0,11435.0,3292.0
2020.08.11,11620.0,160.0,11260.0,11695.0,11260.0,27.0
2020.08.10,11460.0,-50.0,11625.0,11625.0,11375.0,1467.0
2020.08.07,11510.0,-35.0,11600.0,11600.0,11340.0,3063.0
2020.08.06,11545.0,-125.0,11670.0,11715.0,11535.0,523.0
2020.08.05,11670.0,45.0,11495.0,11790.0,11495.0,169.0
2020.08.04,11625.0,170.0,11455.0,11625.0,11455.0,1284.0
2020.08.03,11455.0,-125.0,11610.0,11610.0,11390.0,398.0
2020.07.31,11580.0,-20.0,11460.0,11600.0,11460.0,3047.0
2020.07.30,11600.0,-30.0,11580.0,11765.0,11480.0,4438.0
2020.07.29,11630.0,-5.0,11735.0,11735.0,11580.0,170.0
2020.07.28,11635.0,85.0,11550.0,11680.0,11550.0,1352.0
2020.07.27,11550.0,95.0,11660.0,11660.0,11510.0,475.0
2020.07.24,11455.0,-310.0,11635.0,11700.0,11455.0,8624.0
2020.07.23,11765.0,-135.0,11560.0,11850.0,11560.0,205.0
2020.07.22,11900.0,-35.0,11930.0,12000.0,11885.0,2188.0
2020.07.21,11935.0,110.0,11650.0,11950.0,11650.0,1172.0
2020.07.20,11825.0,180.0,11645.0,11865.0,11645.0,327.0
2020.07.17,11645.0,-20.0,11695.0,11695.0,11645.0,4409.0
2020.07.16,11665.0,-215.0,11880.0,11885.0,11600.0,4425.0
2020.07.15,11880.0,20.0,11860.0,12060.0,11765.0,930.0
2020.07.14,11860.0,-295.0,11915.0,12000.0,11845.0,660.0
2020.07.13,12155.0,120.0,11895.0,12190.0,11895.0,3555.0
2020.07.10,12035.0,-240.0,12390.0,12395.0,12035.0,663.0
2020.07.09,12275.0,35.0,12310.0,12380.0,12240.0,5823.0
2020.07.08,12240.0,35.0,11945.0,12275.0,11945.0,1516.0
2020.07.07,12205.0,130.0,12360.0,12435.0,12160.0,10210.0
2020.07.06,12075.0,450.0,11805.0,12140.0,11500.0,16042.0
2020.07.03,11625.0,310.0,11400.0,11640.0,11400.0,30900.0
2020.07.02,11315.0,140.0,11175.0,11315.0,11130.0,1909.0
2020.07.01,11175.0,205.0,10970.0,11175.0,10970.0,21.0
2020.06.30,10970.0,-70.0,11000.0,11085.0,10970.0,1177.0
2020.06.29,11040.0,-135.0,11275.0,11275.0,10995.0,1053.0
2020.06.26,11175.0,-195.0,11370.0,11370.0,11075.0,13469.0
2020.06.25,11370.0,120.0,11250.0,11370.0,11250.0,110.0
2020.06.24,11250.0,0.0,11250.0,11340.0,11250.0,2488.0
2020.06.23,11250.0,150.0,11100.0,11270.0,11035.0,6252.0
2020.06.22,11100.0,-155.0,11375.0,11375.0,11100.0,682.0
2020.06.19,11255.0,150.0,11025.0,11255.0,11025.0,5122.0
2020.06.18,11105.0,50.0,11050.0,11105.0,11050.0,18.0
2020.06.17,11055.0,-60.0,10960.0,11055.0,10960.0,60.0
2020.06.16,11115.0,215.0,10995.0,11115.0,10730.0,3019.0
2020.06.15,10900.0,-160.0,11015.0,11015.0,10900.0,150.0
2020.06.12,11060.0,-200.0,11260.0,11260.0,10975.0,6373.0
2020.06.11,11260.0,-180.0,11260.0,11440.0,11260.0,7041.0
2020.06.10,11440.0,40.0,11420.0,11475.0,11395.0,4721.0
2020.06.09,11400.0,125.0,11275.0,11400.0,11275.0,2040.0
2020.06.08,11275.0,-30.0,11420.0,11420.0,11275.0,1516.0
2020.06.05,11305.0,150.0,11155.0,11305.0,11155.0,1903.0
2020.06.04,11155.0,-60.0,11220.0,11220.0,11155.0,122.0
2020.06.03,11215.0,185.0,11220.0,11375.0,11215.0,4097.0
2020.06.02,11030.0,-30.0,11175.0,11175.0,11000.0,349.0
2020.06.01,11060.0,355.0,10850.0,11060.0,10850.0,1243.0
2020.05.29,10705.0,-85.0,10735.0,10735.0,10705.0,12.0
2020.05.28,10790.0,140.0,10720.0,10790.0,10610.0,55.0
2020.05.27,10650.0,-155.0,10795.0,10795.0,10625.0,952.0
2020.05.26,10805.0,250.0,10505.0,10815.0,10505.0,28150.0
2020.05.25,10555.0,-30.0,10585.0,10585.0,10390.0,10257.0
2020.05.22,10585.0,-430.0,11150.0,11150.0,10550.0,19608.0
2020.05.21,11015.0,-50.0,10995.0,11070.0,10995.0,65.0
2020.05.20,11065.0,20.0,11185.0,11185.0,11055.0,148.0
2020.05.19,11045.0,180.0,10865.0,11100.0,10865.0,3068.0
2020.05.18,10865.0,50.0,10685.0,10900.0,10685.0,46.0
2020.05.15,10815.0,-30.0,10840.0,10840.0,10800.0,54.0
2020.05.14,10845.0,-115.0,10875.0,10875.0,10845.0,239.0
2020.05.13,10960.0,-45.0,10960.0,10960.0,10960.0,51.0
2020.05.12,11005.0,-175.0,11010.0,11300.0,10930.0,96.0
2020.05.11,11180.0,135.0,10935.0,11200.0,10935.0,1109.0
2020.05.08,11045.0,120.0,10995.0,11045.0,10980.0,57.0
2020.05.07,10925.0,50.0,10925.0,10925.0,10925.0,70.0
2020.05.06,10875.0,125.0,10750.0,10940.0,10750.0,123.0
2020.05.04,10750.0,-470.0,11345.0,11345.0,10735.0,408.0
2020.04.29,11220.0,85.0,11135.0,11240.0,11135.0,398.0
2020.04.28,11135.0,140.0,10995.0,11140.0,10995.0,94.0
2020.04.27,10995.0,165.0,10655.0,10995.0,10655.0,5.0
2020.04.24,10830.0,20.0,10830.0,10840.0,10810.0,63.0
2020.04.23,10810.0,-5.0,10660.0,10855.0,10660.0,44.0
2020.04.22,10815.0,5.0,10600.0,10815.0,10600.0,179.0
2020.04.21,10810.0,-200.0,10835.0,11110.0,10750.0,313.0
2020.04.20,11010.0,15.0,10975.0,11090.0,10840.0,345.0
2020.04.17,10995.0,145.0,10800.0,11090.0,10800.0,3316.0
2020.04.16,10850.0,-185.0,10870.0,11005.0,10810.0,157.0
2020.04.14,11035.0,-45.0,10825.0,11035.0,10825.0,264.0
2020.04.13,11080.0,265.0,10820.0,11085.0,10815.0,120.0
2020.04.10,10815.0,-125.0,10825.0,10855.0,10815.0,156.0
2020.04.09,10940.0,100.0,10755.0,10940.0,10675.0,1636.0
2020.04.08,10840.0,-85.0,10875.0,10930.0,10840.0,170.0
2020.04.07,10925.0,80.0,10820.0,10935.0,10820.0,644.0
2020.04.06,10845.0,240.0,10505.0,11240.0,10505.0,3306.0
2020.04.03,10605.0,25.0,10515.0,10605.0,10515.0,483.0
2020.04.02,10580.0,50.0,10380.0,10650.0,10380.0,1589.0
2020.04.01,10530.0,-135.0,10665.0,10870.0,10500.0,1757.0
2020.03.31,10665.0,60.0,10385.0,10730.0,10385.0,4450.0
2020.03.30,10605.0,-45.0,10505.0,10765.0,10400.0,406.0
2020.03.27,10650.0,45.0,10720.0,11040.0,10580.0,3264.0
2020.03.26,10605.0,-60.0,10545.0,10810.0,10545.0,437.0
2020.03.25,10665.0,250.0,10415.0,11045.0,10415.0,3827.0
2020.03.24,10415.0,570.0,9845.0,10415.0,9845.0,4290.0
2020.03.23,9845.0,-335.0,10115.0,10115.0,9800.0,413.0
2020.03.20,10180.0,560.0,9520.0,10180.0,9520.0,570.0
2020.03.19,9620.0,-500.0,10065.0,10065.0,9410.0,2878.0
2020.03.18,10120.0,-245.0,10285.0,10495.0,10120.0,565.0
2020.03.17,10365.0,-185.0,10310.0,10540.0,10220.0,276.0
2020.03.16,10550.0,-235.0,10795.0,11080.0,10550.0,1796.0
2020.03.13,10785.0,-230.0,10850.0,11075.0,8590.0,9777.0
2020.03.12,11015.0,-425.0,11255.0,11255.0,10915.0,1308.0
2020.03.11,11440.0,-135.0,11445.0,11640.0,11420.0,63.0
2020.03.10,11575.0,175.0,11150.0,11575.0,11150.0,2714.0
2020.03.09,11400.0,-415.0,11680.0,11680.0,11285.0,3912.0
2020.03.06,11815.0,-375.0,11985.0,12005.0,11810.0,715.0
2020.03.05,12190.0,215.0,11775.0,12190.0,11775.0,1734.0
2020.03.04,11975.0,50.0,11725.0,11975.0,11725.0,5804.0
2020.03.03,11925.0,0.0,12035.0,12035.0,11925.0,491.0
2020.03.02,11925.0,255.0,11670.0,11940.0,11670.0,554.0
2020.02.28,11670.0,-250.0,11850.0,11860.0,11650.0,751.0
2020.02.27,11920.0,10.0,11910.0,11920.0,11885.0,154.0
2020.02.26,11910.0,-115.0,11890.0,12145.0,11800.0,140.0
2020.02.25,12025.0,-20.0,11930.0,12135.0,11915.0,675.0
2020.02.24,12045.0,-165.0,12070.0,12080.0,11980.0,301.0
2020.02.21,12210.0,-95.0,12205.0,12300.0,12205.0,91.0
2020.02.20,12305.0,-80.0,12265.0,12400.0,12265.0,472.0
2020.02.19,12385.0,90.0,12145.0,12400.0,12145.0,1409.0
2020.02.18,12295.0,-140.0,12250.0,12435.0,12220.0,1370.0
2020.02.17,12435.0,95.0,12155.0,12435.0,12155.0,425.0
2020.02.14,12340.0,10.0,12210.0,12340.0,12205.0,420.0
2020.02.13,12330.0,-55.0,12315.0,12350.0,12245.0,2040.0
2020.02.12,12385.0,150.0,12150.0,12385.0,12150.0,4008.0
2020.02.11,12235.0,145.0,12005.0,12235.0,12005.0,284.0
2020.02.10,12090.0,40.0,11970.0,12285.0,11970.0,535.0
2020.02.07,12050.0,-185.0,12220.0,12310.0,12050.0,1233.0
2020.02.06,12235.0,355.0,11865.0,12235.0,11845.0,1768.0
2020.02.05,11880.0,35.0,11845.0,11990.0,11845.0,2227.0
2020.02.04,11845.0,155.0,11790.0,11845.0,11745.0,18323.0
2020.02.03,11690.0,20.0,11590.0,11760.0,11560.0,6182.0
2020.01.31,11670.0,-100.0,11860.0,11860.0,11670.0,565.0
2020.01.30,11770.0,-290.0,12060.0,12060.0,11770.0,5946.0
2020.01.29,12060.0,-225.0,12210.0,12210.0,12060.0,275.0
2020.01.28,12285.0,-95.0,12285.0,12610.0,12285.0,443.0
2020.01.23,12380.0,-335.0,12505.0,12775.0,12380.0,1054.0
2020.01.22,12715.0,170.0,12410.0,12715.0,12410.0,81.0
2020.01.21,12545.0,-375.0,12755.0,12755.0,12505.0,790.0
2020.01.20,12920.0,40.0,12805.0,12995.0,12805.0,884.0
2020.01.17,12880.0,50.0,12850.0,12995.0,12800.0,68.0
2020.01.16,12830.0,15.0,12830.0,12830.0,12830.0,17.0
2020.01.15,12815.0,-55.0,12850.0,12870.0,12775.0,530.0
2020.01.14,12870.0,-25.0,12935.0,12960.0,12870.0,59.0
2020.01.13,12895.0,100.0,12935.0,12935.0,12630.0,14.0
2020.01.10,12795.0,70.0,12780.0,12795.0,12780.0,152.0
2020.01.09,12725.0,160.0,12745.0,12775.0,12690.0,122.0
2020.01.08,12565.0,-220.0,12555.0,12605.0,12545.0,3984.0
2020.01.07,12785.0,75.0,12825.0,12825.0,12715.0,93.0
2020.01.06,12710.0,-65.0,12705.0,12710.0,12705.0,41.0
2020.01.03,12775.0,-15.0,12865.0,12935.0,12700.0,2557.0
2020.01.02,12790.0,-15.0,12800.0,12830.0,12710.0,3114.0
2019.12.30,12805.0,130.0,12830.0,12830.0,12715.0,164.0
2019.12.27,12675.0,-35.0,12715.0,12725.0,12425.0,16407.0
2019.12.26,12710.0,90.0,12715.0,12715.0,12710.0,37.0
2019.12.24,12620.0,120.0,12405.0,12705.0,12405.0,11828.0
2019.12.23,12500.0,-60.0,12380.0,12540.0,12380.0,4928.0
2019.12.20,12560.0,140.0,12450.0,12595.0,12450.0,122.0
2019.12.19,12420.0,-40.0,12380.0,12525.0,12380.0,90.0
2019.12.18,12460.0,-40.0,12500.0,12500.0,12460.0,105.0
2019.12.17,12500.0,160.0,12340.0,12510.0,12335.0,8669.0
2019.12.16,12340.0,20.0,12320.0,12350.0,12225.0,3602.0
2019.12.13,12320.0,200.0,12240.0,12320.0,12130.0,12774.0
2019.12.12,12120.0,200.0,11920.0,12135.0,11825.0,2280.0
2019.12.11,11920.0,35.0,11885.0,11920.0,11885.0,95.0
2019.12.10,11885.0,20.0,11865.0,12000.0,11700.0,119.0
2019.12.09,11865.0,15.0,11850.0,11880.0,11800.0,142.0
2019.12.06,11850.0,65.0,11785.0,11850.0,11610.0,42.0
2019.12.05,11785.0,45.0,11740.0,11830.0,11540.0,160.0
2019.12.04,11740.0,-110.0,11850.0,11850.0,11655.0,782.0
2019.12.03,11850.0,15.0,11835.0,12315.0,11735.0,2585.0
2019.12.02,11835.0,85.0,11750.0,12315.0,11750.0,335.0
2019.11.29,11750.0,-350.0,12385.0,12385.0,11750.0,488.0
2019.11.28,12100.0,-15.0,11955.0,12385.0,11955.0,91.0
2019.11.27,12115.0,-40.0,12385.0,12385.0,12115.0,36.0
2019.11.26,12155.0,165.0,12270.0,12270.0,11955.0,8.0
2019.11.25,11990.0,30.0,12135.0,12135.0,11960.0,7.0
2019.11.22,11960.0,10.0,12100.0,12100.0,11930.0,2301.0
2019.11.21,11950.0,-200.0,12145.0,12145.0,11890.0,215.0
2019.11.20,12150.0,25.0,12120.0,12150.0,12035.0,1051.0
2019.11.19,12125.0,150.0,11975.0,12190.0,11945.0,955.0
2019.11.18,11975.0,30.0,11850.0,12045.0,11850.0,164.0
2019.11.15,11945.0,105.0,11840.0,12055.0,11840.0,681.0
2019.11.14,11840.0,-155.0,12390.0,12390.0,11840.0,251.0
2019.11.13,11995.0,-235.0,12230.0,12230.0,11980.0,5005.0
2019.11.12,12230.0,120.0,12110.0,12270.0,11995.0,832.0
2019.11.11,12110.0,-285.0,12395.0,12495.0,12110.0,656.0
2019.11.08,12395.0,40.0,12415.0,12485.0,12330.0,98.0
2019.11.07,12355.0,-45.0,12400.0,12400.0,12330.0,1736.0
2019.11.06,12400.0,15.0,12410.0,12410.0,12330.0,847.0
2019.11.05,12385.0,105.0,12280.0,12385.0,12185.0,2951.0
2019.11.04,12280.0,130.0,12150.0,12280.0,12150.0,437.0
2019.11.01,12150.0,115.0,12035.0,12175.0,12035.0,18.0
2019.10.31,12035.0,80.0,11960.0,12055.0,11960.0,106.0
2019.10.30,11955.0,-60.0,12015.0,12185.0,11950.0,328.0
2019.10.29,12015.0,-40.0,12255.0,12255.0,12015.0,94.0
2019.10.28,12055.0,40.0,12015.0,12055.0,12015.0,19.0
2019.10.25,12015.0,50.0,11965.0,12015.0,11945.0,13.0
2019.10.24,11965.0,20.0,11945.0,11965.0,11910.0,1276.0
2019.10.23,11945.0,-105.0,12050.0,12170.0,11945.0,15.0
2019.10.22,12050.0,40.0,12010.0,12190.0,11900.0,45.0
2019.10.21,12010.0,-55.0,12065.0,12190.0,11885.0,211.0
2019.10.18,12065.0,25.0,11900.0,12140.0,11900.0,3203.0
2019.10.17,12040.0,90.0,11950.0,12115.0,11950.0,663.0
2019.10.16,11950.0,-60.0,12010.0,12020.0,11870.0,46.0
2019.10.15,12010.0,-60.0,12070.0,12070.0,12010.0,143.0
2019.10.14,12070.0,170.0,11790.0,12075.0,11790.0,146.0
2019.10.11,11900.0,225.0,11675.0,11900.0,11545.0,110.0
2019.10.10,11675.0,-10.0,11685.0,11685.0,11635.0,377.0
2019.10.08,11685.0,190.0,11495.0,11760.0,11475.0,188.0
2019.10.07,11495.0,-25.0,11520.0,11725.0,11495.0,52.0
2019.10.04,11520.0,-165.0,11685.0,11830.0,11520.0,4620.0
2019.10.02,11685.0,-10.0,11695.0,11695.0,11550.0,95.0
2019.10.01,11695.0,0.0,11695.0,11695.0,11695.0,7.0
2019.09.30,11695.0,35.0,11660.0,11695.0,11550.0,651.0
2019.09.27,11660.0,-10.0,11665.0,11665.0,11585.0,111.0
2019.09.26,11670.0,10.0,11660.0,11710.0,11660.0,894.0
2019.09.25,11660.0,-120.0,11780.0,11895.0,11650.0,319.0
2019.09.24,11780.0,-5.0,11635.0,11800.0,11635.0,285.0
2019.09.23,11785.0,-135.0,11925.0,11925.0,11785.0,65.0
2019.09.20,11920.0,30.0,11890.0,11920.0,11890.0,209.0
2019.09.19,11890.0,-150.0,12040.0,12040.0,11870.0,190.0
2019.09.18,12040.0,30.0,12010.0,12050.0,11970.0,289.0
2019.09.17,12010.0,-105.0,12035.0,12070.0,11985.0,2879.0
2019.09.16,12115.0,20.0,12095.0,12380.0,12060.0,3217.0
2019.09.11,12095.0,165.0,11930.0,12095.0,11855.0,1679.0
2019.09.10,11930.0,-15.0,11945.0,12045.0,11930.0,2178.0
2019.09.09,11945.0,25.0,11945.0,11945.0,11870.0,1039.0
2019.09.06,11920.0,50.0,11895.0,11920.0,11870.0,1932.0
2019.09.05,11870.0,105.0,11800.0,11955.0,11800.0,1941.0
2019.09.04,11765.0,255.0,11625.0,11765.0,11555.0,10.0
2019.09.03,11510.0,-50.0,11550.0,11550.0,11510.0,2.0
2019.09.02,11560.0,65.0,11680.0,11680.0,11495.0,281.0
2019.08.30,11495.0,155.0,11520.0,11595.0,11495.0,6654.0
2019.08.29,11340.0,-95.0,11525.0,11525.0,11320.0,145.0
2019.08.28,11435.0,10.0,11425.0,11435.0,11350.0,165.0
2019.08.27,11425.0,105.0,11480.0,11480.0,11410.0,68.0
2019.08.26,11320.0,-330.0,11475.0,11475.0,11270.0,11475.0
2019.08.23,11650.0,140.0,11560.0,11650.0,11560.0,2126.0
2019.08.22,11510.0,-145.0,11630.0,11630.0,11510.0,4824.0
2019.08.21,11655.0,10.0,11625.0,11655.0,11555.0,476.0
2019.08.20,11645.0,80.0,11615.0,11645.0,11565.0,2647.0
2019.08.19,11565.0,145.0,11420.0,11565.0,11420.0,887.0
2019.08.16,11420.0,110.0,11310.0,11420.0,11290.0,154.0
2019.08.14,11310.0,40.0,11275.0,11370.0,11275.0,4673.0
2019.08.13,11270.0,-200.0,11470.0,11470.0,11270.0,728.0
2019.08.12,11470.0,-10.0,11250.0,11470.0,11250.0,194.0
2019.08.09,11480.0,0.0,11470.0,11480.0,11470.0,45.0
2019.08.08,11480.0,50.0,11430.0,11485.0,11430.0,354.0
2019.08.07,11430.0,0.0,11430.0,11430.0,11330.0,76.0
2019.08.06,11430.0,-90.0,11455.0,11455.0,11265.0,409.0
2019.08.05,11520.0,-295.0,11815.0,11815.0,11495.0,121.0
2019.08.02,11815.0,-300.0,12115.0,12210.0,11815.0,2073.0
2019.08.01,12115.0,-65.0,12290.0,12290.0,12110.0,826.0
2019.07.31,12180.0,-180.0,12335.0,12335.0,12180.0,11.0
2019.07.30,12360.0,95.0,12315.0,12405.0,12315.0,282.0
2019.07.29,12265.0,-130.0,12315.0,12315.0,12265.0,13.0
2019.07.26,12395.0,-90.0,12485.0,12495.0,12385.0,115.0
2019.07.25,12485.0,40.0,12445.0,12485.0,12440.0,33.0
2019.07.24,12445.0,125.0,12320.0,12470.0,12320.0,41.0
2019.07.23,12320.0,-55.0,12370.0,12370.0,12320.0,22.0
2019.07.22,12375.0,-70.0,12380.0,12380.0,12350.0,91.0
2019.07.19,12445.0,190.0,12135.0,12485.0,12135.0,2152.0
2019.07.18,12255.0,-95.0,12480.0,12480.0,12240.0,287.0
2019.07.17,12350.0,10.0,12535.0,12535.0,12285.0,591.0
2019.07.16,12340.0,25.0,12330.0,12340.0,12330.0,20.0
2019.07.15,12315.0,-5.0,12315.0,12315.0,12315.0,278.0
2019.07.12,12320.0,-20.0,12260.0,12330.0,12260.0,29.0
2019.07.11,12340.0,120.0,12330.0,12345.0,12330.0,13.0
2019.07.10,12220.0,50.0,11930.0,12230.0,11930.0,179.0
2019.07.09,12170.0,0.0,12335.0,12335.0,12170.0,69.0
2019.07.08,12170.0,-250.0,12480.0,12480.0,12170.0,7825.0
2019.07.05,12420.0,0.0,12420.0,12420.0,12420.0,19.0
2019.07.04,12420.0,5.0,12335.0,12425.0,12335.0,41.0
2019.07.03,12415.0,-20.0,12410.0,12450.0,12410.0,1045.0
2019.07.02,12435.0,-10.0,12395.0,12515.0,12390.0,2668.0
2019.07.01,12445.0,185.0,12445.0,12445.0,12205.0,223.0
2019.06.28,12260.0,-10.0,12490.0,12490.0,12220.0,75.0
2019.06.27,12270.0,150.0,12265.0,12345.0,12245.0,137.0
2019.06.26,12120.0,60.0,12340.0,12340.0,12100.0,29.0
2019.06.25,12060.0,-310.0,12370.0,12370.0,12060.0,15.0
2019.06.24,12370.0,95.0,12310.0,12370.0,12310.0,1662.0
2019.06.21,12275.0,-5.0,12360.0,12360.0,12275.0,2405.0
2019.06.20,12280.0,150.0,12130.0,12280.0,12130.0,27.0
2019.06.19,12130.0,345.0,11875.0,12130.0,11875.0,6959.0
2019.06.18,11785.0,-20.0,11785.0,11785.0,11760.0,100.0
2019.06.17,11805.0,70.0,11785.0,11810.0,11775.0,257.0
2019.06.14,11735.0,35.0,11715.0,11735.0,11715.0,131.0
2019.06.13,11700.0,-120.0,11820.0,11820.0,11655.0,105.0
2019.06.12,11820.0,-185.0,11915.0,11915.0,11820.0,212.0
2019.06.11,12005.0,205.0,11800.0,12005.0,11800.0,113.0
2019.06.10,11800.0,185.0,11650.0,11855.0,11650.0,638.0
2019.06.07,11615.0,0.0,11615.0,11615.0,11615.0,1.0
2019.06.05,11615.0,15.0,11600.0,11770.0,11600.0,407.0
2019.06.04,11600.0,-60.0,11650.0,11655.0,11585.0,32.0
2019.06.03,11660.0,-15.0,11795.0,11795.0,11610.0,269.0
2019.05.31,11675.0,0.0,11765.0,11780.0,11675.0,82.0
2019.05.30,11675.0,0.0,11725.0,11725.0,11595.0,122.0
2019.05.29,11675.0,5.0,11755.0,11755.0,11605.0,895.0
2019.05.28,11670.0,35.0,11635.0,11715.0,11635.0,21.0
2019.05.27,11635.0,-115.0,11640.0,11640.0,11570.0,2375.0
2019.05.24,11750.0,170.0,11635.0,11750.0,11630.0,25.0
2019.05.23,11580.0,-250.0,11750.0,11755.0,11575.0,336.0
2019.05.22,11830.0,-40.0,11980.0,11980.0,11815.0,625.0
2019.05.21,11870.0,60.0,11910.0,11910.0,11870.0,35.0
2019.05.20,11810.0,-95.0,11970.0,11970.0,11805.0,196.0
2019.05.17,11905.0,-175.0,12080.0,12135.0,11905.0,4622.0
2019.05.16,12080.0,10.0,12110.0,12110.0,11975.0,1162.0
2019.05.15,12070.0,105.0,12050.0,12080.0,12005.0,1869.0
2019.05.14,11965.0,-160.0,12240.0,12240.0,11960.0,524.0
2019.05.13,12125.0,-70.0,12245.0,12245.0,12125.0,79.0
2019.05.10,12195.0,40.0,12140.0,12315.0,12140.0,346.0
2019.05.09,12155.0,-215.0,12320.0,12435.0,12100.0,353.0
2019.05.08,12370.0,-220.0,12590.0,12615.0,12370.0,2444.0
2019.05.07,12590.0,-235.0,12760.0,12760.0,12485.0,188.0
2019.05.03,12825.0,-65.0,12825.0,12825.0,12820.0,28.0
2019.05.02,12890.0,-15.0,12905.0,12905.0,12790.0,359.0
2019.04.30,12905.0,-5.0,12915.0,12920.0,12845.0,226.0
2019.04.29,12910.0,120.0,12790.0,12910.0,12125.0,2429.0
2019.04.26,12790.0,-105.0,12770.0,12895.0,12765.0,340.0
2019.04.25,12895.0,-45.0,12950.0,12970.0,12890.0,348.0
2019.04.24,12940.0,-105.0,13135.0,13135.0,12940.0,600.0
2019.04.23,13045.0,-150.0,13065.0,13065.0,12970.0,149.0
2019.04.22,13195.0,145.0,13060.0,13195.0,12935.0,669.0
2019.04.19,13050.0,0.0,13060.0,13200.0,13050.0,276.0
2019.04.18,13050.0,-95.0,13155.0,13155.0,13040.0,354.0
2019.04.17,13145.0,90.0,13125.0,13230.0,13125.0,133.0
2019.04.16,13055.0,-5.0,12920.0,13065.0,12880.0,183.0
2019.04.15,13060.0,200.0,12990.0,13175.0,12955.0,1100.0
2019.04.12,12860.0,-100.0,12960.0,12960.0,12855.0,1516.0
2019.04.11,12960.0,-160.0,13510.0,13510.0,12910.0,1895.0
2019.04.10,13120.0,10.0,13125.0,13130.0,13020.0,2027.0
2019.04.09,13110.0,90.0,13100.0,13165.0,13085.0,1310.0
2019.04.08,13020.0,35.0,13110.0,13175.0,12995.0,3727.0
2019.04.05,12985.0,-50.0,13110.0,13110.0,12985.0,155.0
2019.04.04,13035.0,75.0,13205.0,13205.0,12945.0,2074.0
2019.04.03,12960.0,90.0,12955.0,12960.0,12925.0,8.0
2019.04.02,12870.0,20.0,12850.0,13000.0,12850.0,50.0
2019.04.01,12850.0,170.0,13000.0,13000.0,12740.0,41237.0
2019.03.29,12680.0,105.0,12585.0,12685.0,12560.0,160.0
2019.03.28,12575.0,-95.0,12490.0,12630.0,12490.0,58.0
2019.03.27,12670.0,110.0,12560.0,12670.0,12560.0,42.0
2019.03.26,12560.0,-15.0,12505.0,12600.0,12505.0,41604.0
2019.03.25,12575.0,-235.0,12820.0,12820.0,12560.0,1032.0
2019.03.22,12810.0,-210.0,13130.0,13130.0,12810.0,164.0
2019.03.21,13020.0,50.0,12950.0,13090.0,12950.0,132.0
2019.03.20,12970.0,-40.0,13140.0,13140.0,12970.0,70.0
2019.03.19,13010.0,-25.0,13005.0,13125.0,13005.0,490.0
2019.03.18,13035.0,110.0,12835.0,13035.0,12835.0,2108.0
2019.03.15,12925.0,165.0,12880.0,12950.0,12760.0,316.0
2019.03.14,12760.0,60.0,12830.0,12830.0,12710.0,155.0
2019.03.13,12700.0,-20.0,12770.0,12770.0,12695.0,20.0
2019.03.12,12720.0,175.0,12675.0,12845.0,12570.0,9311.0
2019.03.11,12545.0,10.0,12495.0,12605.0,12460.0,424.0
2019.03.08,12535.0,-300.0,12875.0,12875.0,12520.0,1078.0
2019.03.07,12835.0,-90.0,12910.0,12910.0,12770.0,288.0
2019.03.06,12925.0,15.0,12925.0,12990.0,12925.0,337.0
2019.03.05,12910.0,-200.0,13040.0,13040.0,12830.0,2123.0
2019.03.04,13110.0,355.0,12755.0,13145.0,12720.0,2138.0
2019.02.28,12755.0,-200.0,12770.0,12770.0,12735.0,87.0
2019.02.27,12955.0,25.0,12870.0,12990.0,12870.0,1574.0
2019.02.26,12930.0,-30.0,12970.0,13035.0,12915.0,2538.0
2019.02.25,12960.0,370.0,12710.0,12960.0,12710.0,4907.0
2019.02.22,12590.0,-60.0,12700.0,12740.0,12520.0,90.0
2019.02.21,12650.0,50.0,12600.0,12700.0,12555.0,3179.0
2019.02.20,12600.0,100.0,12505.0,12620.0,12495.0,237.0
2019.02.19,12500.0,-15.0,12510.0,12550.0,12445.0,270.0
2019.02.18,12515.0,230.0,12200.0,12555.0,12110.0,901.0
2019.02.15,12285.0,-270.0,12520.0,12525.0,12240.0,402.0
2019.02.14,12555.0,5.0,12600.0,12610.0,12450.0,400.0
2019.02.13,12550.0,160.0,12445.0,12555.0,12440.0,219.0
2019.02.12,12390.0,135.0,12300.0,12415.0,12275.0,2567.0
2019.02.11,12255.0,60.0,12990.0,12990.0,12075.0,579.0
2019.02.08,12195.0,-125.0,12395.0,12430.0,11680.0,3498.0
2019.02.07,12320.0,-10.0,12240.0,12505.0,12240.0,2099.0
2019.02.01,12330.0,0.0,12500.0,12505.0,12310.0,343.0
2019.01.31,12330.0,230.0,12310.0,12400.0,12300.0,226.0
2019.01.30,12100.0,15.0,12085.0,12100.0,12035.0,846.0
2019.01.29,12085.0,-30.0,12255.0,12255.0,12065.0,76.0
2019.01.28,12115.0,-20.0,12260.0,12295.0,12115.0,59.0
2019.01.25,12135.0,220.0,11945.0,12135.0,11945.0,56.0
2019.01.24,11915.0,-15.0,11860.0,11925.0,11860.0,94.0
2019.01.23,11930.0,65.0,11865.0,11975.0,11865.0,81.0
2019.01.22,11865.0,-70.0,11975.0,11980.0,11815.0,32.0
2019.01.21,11935.0,75.0,11995.0,12025.0,11890.0,232.0
2019.01.18,11860.0,0.0,11855.0,11950.0,11845.0,773.0
2019.01.17,11860.0,155.0,11740.0,11860.0,11740.0,102.0
2019.01.16,11705.0,35.0,11705.0,11745.0,11705.0,12204.0
2019.01.15,11670.0,130.0,11610.0,11720.0,11610.0,461.0
2019.01.14,11540.0,-175.0,11785.0,11785.0,11475.0,333.0
2019.01.11,11715.0,95.0,11605.0,11715.0,11605.0,70.0
2019.01.10,11620.0,-5.0,11525.0,11685.0,11525.0,17.0
2019.01.09,11625.0,270.0,11430.0,11695.0,11430.0,169.0
2019.01.08,11355.0,70.0,11335.0,11390.0,11290.0,617.0
2019.01.07,11285.0,130.0,11280.0,11665.0,11220.0,695.0
2019.01.04,11155.0,160.0,11010.0,11225.0,10805.0,668.0
2019.01.03,10995.0,0.0,11160.0,11160.0,10965.0,517.0
2019.01.02,10995.0,-255.0,11500.0,11500.0,10970.0,1312.0
2018.12.28,11250.0,-5.0,11255.0,11260.0,11185.0,760.0
2018.12.27,11255.0,-25.0,11340.0,11400.0,11190.0,1742.0
2018.12.26,11280.0,-30.0,11320.0,11325.0,11030.0,299.0
2018.12.24,11310.0,40.0,11320.0,11380.0,11195.0,141.0
2018.12.21,11270.0,-5.0,11175.0,11270.0,11125.0,114.0
2018.12.20,11275.0,-170.0,11495.0,11495.0,11275.0,33.0
2018.12.19,11445.0,-70.0,11475.0,11510.0,11445.0,175.0
2018.12.18,11515.0,-155.0,11615.0,11670.0,11455.0,566.0
2018.12.17,11670.0,-20.0,11675.0,11675.0,11600.0,229.0
2018.12.14,11690.0,-160.0,12015.0,12015.0,11645.0,100.0
2018.12.13,11850.0,180.0,11750.0,11865.0,11750.0,2980.0
2018.12.12,11670.0,135.0,11545.0,11690.0,11545.0,3029.0
2018.12.11,11535.0,-40.0,11685.0,11685.0,11460.0,90.0
2018.12.10,11575.0,-130.0,11700.0,11700.0,11470.0,1122.0
2018.12.07,11705.0,-35.0,11815.0,11900.0,11705.0,2790.0
2018.12.06,11740.0,-370.0,12120.0,12120.0,11740.0,535.0
2018.12.05,12110.0,-20.0,12300.0,12300.0,12105.0,239.0
2018.12.04,12130.0,-100.0,12400.0,12400.0,12130.0,738.0
2018.12.03,12230.0,240.0,11990.0,12340.0,11990.0,47163.0
2018.11.30,11990.0,125.0,12070.0,12070.0,11950.0,1480.0
2018.11.29,11865.0,-130.0,12055.0,12125.0,11865.0,2007.0
2018.11.28,11995.0,115.0,11880.0,11995.0,11860.0,127.0
2018.11.27,11880.0,-20.0,11940.0,11940.0,11810.0,399.0
2018.11.26,11900.0,235.0,11665.0,11905.0,11665.0,20349.0
2018.11.23,11665.0,-125.0,11845.0,11845.0,11640.0,35.0
2018.11.22,11790.0,70.0,11690.0,11790.0,11690.0,57.0
2018.11.21,11720.0,-20.0,11865.0,11865.0,11665.0,41.0
2018.11.20,11740.0,-250.0,11940.0,12050.0,11740.0,63.0
2018.11.19,11990.0,100.0,11890.0,11990.0,11890.0,22.0
2018.11.16,11890.0,115.0,11860.0,11960.0,11755.0,449.0
2018.11.15,11775.0,40.0,11800.0,11800.0,11695.0,515.0
2018.11.14,11735.0,-35.0,11870.0,11870.0,11735.0,22.0
2018.11.13,11770.0,-40.0,11730.0,11840.0,11555.0,1311.0
2018.11.12,11810.0,40.0,11740.0,11810.0,11715.0,352.0
2018.11.09,11770.0,-310.0,12185.0,12185.0,11700.0,1487.0
2018.11.08,12080.0,140.0,12070.0,12225.0,12045.0,8666.0
2018.11.07,11940.0,35.0,11940.0,12135.0,11940.0,2707.0
2018.11.06,11905.0,55.0,11725.0,11935.0,11725.0,2590.0
2018.11.05,11850.0,-130.0,12195.0,12195.0,11730.0,164.0
2018.11.02,11980.0,395.0,11590.0,11980.0,11590.0,1800.0
2018.11.01,11585.0,205.0,12800.0,12800.0,11400.0,1041.0
2018.10.31,11380.0,105.0,11310.0,11380.0,11310.0,117.0
2018.10.30,11275.0,25.0,11265.0,11390.0,11150.0,120.0
2018.10.29,11250.0,-130.0,11380.0,11545.0,11220.0,2086.0
2018.10.26,11380.0,20.0,11635.0,11635.0,11295.0,584.0
2018.10.25,11360.0,-195.0,11355.0,11625.0,11210.0,13608.0
2018.10.24,11555.0,70.0,11410.0,11715.0,11330.0,3014.0
2018.10.23,11485.0,-395.0,11960.0,11960.0,11485.0,219.0
2018.10.22,11880.0,290.0,11590.0,11950.0,11590.0,1246.0
2018.10.19,11590.0,200.0,11410.0,11590.0,11395.0,1060.0
2018.10.18,11390.0,-195.0,11575.0,11575.0,11390.0,2733.0
2018.10.17,11585.0,100.0,11485.0,11610.0,11485.0,3294.0
2018.10.16,11485.0,90.0,11595.0,11605.0,11485.0,61.0
2018.10.15,11395.0,-275.0,12935.0,12935.0,11395.0,4348.0
2018.10.12,11670.0,380.0,11290.0,12800.0,11290.0,2511.0
2018.10.11,11290.0,-615.0,11940.0,11940.0,11280.0,179.0
2018.10.10,11905.0,80.0,11920.0,11950.0,11785.0,86.0
2018.10.08,11825.0,-70.0,11895.0,12035.0,11820.0,166.0
2018.10.05,11895.0,-25.0,11920.0,12060.0,11750.0,457.0
2018.10.04,11920.0,-245.0,12060.0,12060.0,11900.0,66.0
2018.10.02,12165.0,-420.0,12600.0,12600.0,12135.0,210.0
2018.10.01,12585.0,135.0,12800.0,12800.0,12450.0,62.0
2018.09.28,12450.0,115.0,12335.0,12525.0,12300.0,669.0
2018.09.27,12335.0,-95.0,12430.0,12590.0,12310.0,245.0
2018.09.21,12430.0,255.0,12175.0,12435.0,12175.0,263.0
2018.09.20,12175.0,30.0,12295.0,12395.0,12075.0,583.0
2018.09.19,12145.0,215.0,12080.0,12145.0,12080.0,54.0
2018.09.18,11930.0,100.0,12020.0,12020.0,11800.0,43.0
2018.09.17,11830.0,-150.0,11780.0,11870.0,11775.0,179.0
2018.09.14,11980.0,80.0,11900.0,12010.0,11900.0,75.0
2018.09.13,11900.0,250.0,11665.0,11900.0,11665.0,20034.0
2018.09.12,11650.0,-140.0,11770.0,11770.0,11650.0,349.0
2018.09.11,11790.0,-95.0,11885.0,11900.0,11790.0,134.0
2018.09.10,11885.0,-185.0,12040.0,12040.0,11800.0,254.0
2018.09.07,12070.0,105.0,11975.0,12125.0,11950.0,53.0
2018.09.06,11965.0,-170.0,12125.0,12125.0,11965.0,168.0
2018.09.05,12135.0,-270.0,12405.0,12405.0,12070.0,391.0
2018.09.04,12405.0,230.0,12315.0,12405.0,12265.0,24.0
2018.09.03,12175.0,-115.0,12290.0,12315.0,12150.0,234.0
2018.08.31,12290.0,-110.0,12315.0,12315.0,12205.0,22.0
2018.08.30,12400.0,-155.0,12555.0,12595.0,12385.0,25.0
2018.08.29,12555.0,50.0,12505.0,12610.0,12425.0,553.0
2018.08.28,12505.0,-75.0,12565.0,12590.0,12440.0,241.0
2018.08.27,12580.0,405.0,12175.0,12580.0,12140.0,12384.0
2018.08.24,12175.0,-125.0,12285.0,12290.0,12075.0,388.0
2018.08.23,12300.0,-10.0,12310.0,12310.0,12135.0,161.0
2018.08.22,12310.0,90.0,12195.0,12310.0,12195.0,115.0
2018.08.21,12220.0,335.0,12800.0,12800.0,11980.0,232.0
2018.08.20,11885.0,40.0,11880.0,12040.0,11880.0,143.0
2018.08.17,11845.0,-60.0,11915.0,11985.0,11845.0,158.0
2018.08.16,11905.0,-210.0,11975.0,11975.0,11670.0,210.0
2018.08.14,12115.0,-60.0,12135.0,12135.0,12040.0,252.0
2018.08.13,12175.0,-245.0,12440.0,12440.0,12085.0,330.0
2018.08.10,12420.0,-35.0,12455.0,12560.0,12385.0,177.0
2018.08.09,12455.0,170.0,12385.0,12455.0,12285.0,187.0
2018.08.08,12285.0,25.0,12260.0,12395.0,12250.0,108.0
2018.08.07,12260.0,90.0,12065.0,12300.0,12065.0,164.0
2018.08.06,12170.0,35.0,12160.0,12200.0,12160.0,100.0
2018.08.03,12135.0,90.0,12195.0,12195.0,12045.0,74.0
2018.08.02,12045.0,-460.0,12485.0,12485.0,12040.0,816.0
2018.08.01,12505.0,-15.0,12875.0,12875.0,12455.0,251.0
2018.07.31,12520.0,40.0,12875.0,12875.0,12515.0,93.0
2018.07.30,12480.0,-55.0,12580.0,12580.0,12405.0,49.0
2018.07.27,12535.0,25.0,12540.0,12540.0,12440.0,79.0
2018.07.26,12510.0,-95.0,12605.0,12605.0,12425.0,148.0
2018.07.25,12605.0,115.0,12490.0,12620.0,12490.0,458.0
2018.07.24,12490.0,260.0,12220.0,12490.0,12205.0,49.0
2018.07.23,12230.0,230.0,12055.0,12230.0,12055.0,181.0
2018.07.20,12000.0,-45.0,11985.0,12000.0,11835.0,32.0
2018.07.19,12045.0,55.0,12045.0,12115.0,12015.0,169.0
2018.07.18,11990.0,-65.0,12070.0,12125.0,11990.0,111.0
2018.07.17,12055.0,-95.0,12485.0,12485.0,11910.0,38.0
2018.07.16,12150.0,-40.0,12005.0,12190.0,11980.0,39.0
2018.07.13,12190.0,-120.0,12250.0,12315.0,12145.0,984.0
2018.07.12,12310.0,230.0,12080.0,12310.0,12030.0,417.0
2018.07.11,12080.0,-295.0,12490.0,12490.0,12080.0,556.0
2018.07.10,12375.0,65.0,12300.0,12420.0,12295.0,280.0
2018.07.09,12310.0,125.0,12060.0,12335.0,11935.0,2689.0
2018.07.06,12185.0,360.0,11925.0,12195.0,11925.0,470.0
2018.07.05,11825.0,-45.0,12060.0,12060.0,11790.0,81.0
2018.07.04,11870.0,-250.0,12220.0,12245.0,11870.0,387.0
2018.07.03,12120.0,-315.0,12435.0,12435.0,11950.0,598.0
2018.07.02,12435.0,20.0,12850.0,12850.0,12305.0,355.0
2018.06.29,12415.0,260.0,12210.0,12415.0,12090.0,990.0
2018.06.28,12155.0,-130.0,12260.0,12280.0,12065.0,877.0
2018.06.27,12285.0,-195.0,12490.0,12540.0,12285.0,4113.0
2018.06.26,12480.0,-115.0,12595.0,12595.0,12345.0,566.0
2018.06.25,12595.0,-60.0,12740.0,12765.0,12525.0,101.0
2018.06.22,12655.0,0.0,12725.0,12725.0,12640.0,35.0
2018.06.21,12655.0,-230.0,12770.0,12950.0,12655.0,281.0
2018.06.20,12885.0,5.0,12900.0,12900.0,12725.0,258.0
2018.06.19,12880.0,-300.0,13180.0,13180.0,12875.0,82.0
2018.06.18,13180.0,-35.0,13340.0,13340.0,13180.0,28.0
2018.06.15,13215.0,-160.0,13270.0,13280.0,13215.0,70.0
2018.06.14,13375.0,-200.0,13505.0,13505.0,13345.0,37.0
2018.06.12,13575.0,55.0,13515.0,13745.0,13515.0,117.0
2018.06.11,13520.0,-160.0,13545.0,13675.0,13520.0,109.0
2018.06.08,13680.0,-50.0,13925.0,13925.0,13680.0,67.0
2018.06.07,13730.0,55.0,13650.0,13730.0,13650.0,407.0
2018.06.05,13675.0,125.0,13675.0,13700.0,13545.0,1617.0
2018.06.04,13550.0,140.0,13295.0,13550.0,13295.0,165.0
2018.06.01,13410.0,235.0,13410.0,13410.0,13255.0,11.0
2018.05.31,13175.0,45.0,12465.0,13340.0,12465.0,3227.0
2018.05.30,13130.0,-230.0,13545.0,13545.0,12980.0,825.0
2018.05.29,13360.0,-5.0,13505.0,13505.0,13220.0,159.0
2018.05.28,13365.0,95.0,13270.0,13560.0,13270.0,3371.0
2018.05.25,13270.0,-25.0,13490.0,13490.0,13270.0,10172.0
2018.05.24,13295.0,-235.0,13420.0,13450.0,13295.0,38.0
2018.05.23,13530.0,-235.0,13565.0,13590.0,13420.0,63.0
2018.05.21,13765.0,105.0,13720.0,13830.0,13720.0,29.0
2018.05.18,13660.0,175.0,13645.0,13660.0,13560.0,61.0
2018.05.17,13485.0,-200.0,13775.0,13775.0,13485.0,36.0
2018.05.16,13685.0,-90.0,13780.0,13780.0,13625.0,11.0
2018.05.15,13775.0,-75.0,13960.0,13965.0,13765.0,242.0
2018.05.14,13850.0,180.0,13815.0,13850.0,13715.0,28.0
2018.05.11,13670.0,145.0,13600.0,13690.0,13275.0,50.0
2018.05.10,13525.0,105.0,13745.0,13745.0,13420.0,17.0
2018.05.09,13420.0,75.0,13075.0,13575.0,13075.0,289.0
2018.05.08,13345.0,270.0,13075.0,13490.0,13075.0,572.0
2018.05.04,13075.0,-125.0,13200.0,13440.0,13065.0,85.0
2018.05.03,13200.0,-280.0,13595.0,13595.0,13200.0,20.0
2018.05.02,13480.0,-85.0,13595.0,13595.0,13410.0,262.0
2018.04.30,13565.0,350.0,13240.0,13565.0,13240.0,186.0
2018.04.27,13215.0,25.0,13255.0,13310.0,13205.0,553.0
2018.04.26,13190.0,-210.0,13405.0,13405.0,13190.0,23.0
2018.04.25,13400.0,-15.0,13450.0,13455.0,13400.0,49.0
2018.04.24,13415.0,120.0,13200.0,13515.0,13200.0,50.0
2018.04.23,13295.0,-100.0,13360.0,13385.0,13285.0,13.0
2018.04.20,13395.0,-35.0,13440.0,13515.0,13395.0,43.0
2018.04.19,13430.0,260.0,13290.0,13505.0,13290.0,158.0
2018.04.18,13170.0,45.0,13125.0,13320.0,13125.0,6260.0
2018.04.17,13125.0,-205.0,13285.0,13300.0,13125.0,232.0
2018.04.16,13330.0,-205.0,13575.0,13575.0,13310.0,116.0
2018.04.13,13535.0,0.0,13535.0,13730.0,13440.0,95.0
2018.04.12,13535.0,-95.0,13630.0,13630.0,13535.0,50.0
2018.04.11,13630.0,-30.0,13660.0,13670.0,13535.0,69.0
2018.04.10,13660.0,250.0,13260.0,13660.0,13260.0,41.0
2018.04.09,13410.0,235.0,13175.0,13410.0,13165.0,44.0
2018.04.06,13175.0,-175.0,13205.0,13265.0,13105.0,3056.0
2018.04.05,13350.0,65.0,13155.0,13355.0,13030.0,2719.0
2018.04.04,13285.0,5.0,13465.0,13465.0,13285.0,1134.0
2018.04.03,13280.0,-65.0,13200.0,13325.0,13200.0,85.0
2018.04.02,13345.0,-55.0,13950.0,13950.0,13340.0,57.0
2018.03.30,13400.0,-50.0,13405.0,13405.0,13155.0,53.0
2018.03.29,13450.0,-30.0,13200.0,13450.0,13200.0,17.0
2018.03.28,13480.0,-145.0,13735.0,13735.0,13450.0,166.0
2018.03.27,13625.0,260.0,13430.0,13625.0,13430.0,145.0
2018.03.26,13365.0,-25.0,13940.0,13940.0,13285.0,61.0
2018.03.23,13390.0,-425.0,13880.0,13880.0,13280.0,1277.0
2018.03.22,13815.0,-190.0,13860.0,13860.0,13770.0,1261.0
2018.03.21,14005.0,65.0,13945.0,14160.0,13860.0,1184.0
2018.03.20,13940.0,0.0,13940.0,13940.0,13840.0,26.0
2018.03.19,13940.0,5.0,13935.0,14060.0,13935.0,33.0
2018.03.16,13935.0,-115.0,14040.0,14125.0,13910.0,340.0
2018.03.15,14050.0,110.0,13940.0,14060.0,13815.0,59.0
2018.03.14,13940.0,-165.0,14105.0,14125.0,13820.0,137.0
2018.03.13,14105.0,175.0,14045.0,14150.0,13955.0,949.0
2018.03.12,13930.0,260.0,13805.0,14045.0,13805.0,2304.0
2018.03.09,13670.0,80.0,13700.0,13810.0,13645.0,74.0
2018.03.08,13590.0,85.0,13530.0,13590.0,13530.0,215.0
2018.03.07,13505.0,-35.0,13540.0,13695.0,13505.0,36.0
2018.03.06,13540.0,105.0,13400.0,13540.0,13365.0,2162.0
2018.03.05,13435.0,-160.0,13975.0,13975.0,13395.0,336.0
2018.03.02,13595.0,-145.0,13530.0,13860.0,13410.0,1481.0
2018.02.28,13740.0,-360.0,14100.0,14100.0,13740.0,131.0
2018.02.27,14100.0,-200.0,14305.0,14315.0,14100.0,304.0
2018.02.26,14300.0,220.0,14080.0,14425.0,14065.0,788.0
2018.02.23,14080.0,-35.0,14540.0,14540.0,13890.0,242.0
2018.02.22,14115.0,240.0,14090.0,14195.0,13840.0,84.0
2018.02.21,13875.0,90.0,13875.0,13875.0,13785.0,89.0
2018.02.20,13785.0,-300.0,14025.0,14025.0,13735.0,618.0
2018.02.19,14085.0,630.0,13500.0,14085.0,13500.0,512.0
2018.02.14,13455.0,150.0,13505.0,13505.0,13305.0,446.0
2018.02.13,13305.0,55.0,13315.0,13495.0,13250.0,505.0
2018.02.12,13250.0,225.0,13300.0,13305.0,13185.0,446.0
2018.02.09,13025.0,-615.0,13565.0,13740.0,12930.0,2518.0
2018.02.08,13640.0,120.0,13625.0,13900.0,13625.0,1289.0
2018.02.07,13520.0,-705.0,14240.0,14370.0,13520.0,65570.0
2018.02.06,14225.0,-695.0,14910.0,14910.0,14005.0,2144.0
2018.02.05,14920.0,-150.0,15070.0,15070.0,14615.0,4796.0
2018.02.02,15070.0,-25.0,15095.0,15095.0,14800.0,2407.0
2018.02.01,15095.0,190.0,15010.0,15200.0,15010.0,1218.0
2018.01.31,14905.0,-35.0,15000.0,15035.0,14735.0,712.0
2018.01.30,14940.0,-305.0,15225.0,15225.0,14860.0,1297.0
2018.01.29,15245.0,20.0,15410.0,15550.0,15210.0,3040.0
2018.01.26,15225.0,125.0,15025.0,15255.0,14910.0,1670.0
2018.01.25,15100.0,-45.0,15200.0,15245.0,14905.0,3969.0
2018.01.24,15145.0,185.0,15150.0,15160.0,14960.0,3711.0
2018.01.23,14960.0,220.0,14740.0,14975.0,14730.0,3032.0
2018.01.22,14740.0,70.0,14705.0,14740.0,14565.0,1132.0
2018.01.19,14670.0,240.0,14500.0,14705.0,14500.0,1710.0
2018.01.18,14430.0,180.0,14360.0,14560.0,14360.0,1430.0
2018.01.17,14250.0,115.0,13910.0,14260.0,13910.0,715.0
2018.01.16,14135.0,75.0,13915.0,14170.0,13905.0,1322.0
2018.01.15,14060.0,180.0,13880.0,14080.0,13870.0,2425.0
2018.01.12,13880.0,220.0,14485.0,14490.0,13700.0,1285.0
2018.01.11,13660.0,-70.0,13725.0,13725.0,13640.0,312.0
2018.01.10,13730.0,75.0,13680.0,13730.0,13650.0,406.0
2018.01.09,13655.0,40.0,13645.0,13660.0,13600.0,294.0
2018.01.08,13615.0,15.0,13705.0,13705.0,13565.0,1231.0
2018.01.05,13600.0,0.0,13605.0,13700.0,13565.0,1441.0
2018.01.04,13600.0,90.0,13510.0,13670.0,13395.0,192.0
2018.01.03,13510.0,150.0,13500.0,13540.0,13375.0,331.0
2018.01.02,13360.0,365.0,13060.0,13460.0,13060.0,67.0
2017.12.28,12995.0,-25.0,12995.0,12995.0,12930.0,30.0
2017.12.27,13020.0,-5.0,13160.0,13160.0,12930.0,187.0
2017.12.26,13025.0,35.0,13110.0,13110.0,13020.0,2280.0
2017.12.22,12990.0,10.0,13040.0,13040.0,12955.0,1338.0
2017.12.21,12980.0,140.0,12935.0,12980.0,12775.0,680.0
2017.12.20,12840.0,-55.0,12975.0,12975.0,12800.0,885.0
2017.12.19,12895.0,200.0,12705.0,12910.0,12705.0,406.0
2017.12.18,12695.0,45.0,12750.0,12750.0,12615.0,361.0
2017.12.15,12650.0,-190.0,12950.0,12950.0,12650.0,615.0
2017.12.14,12840.0,90.0,12750.0,12900.0,12750.0,426.0
2017.12.13,12750.0,50.0,12700.0,12750.0,12600.0,352.0
2017.12.12,12700.0,45.0,12850.0,12850.0,12625.0,223.0
2017.12.11,12655.0,35.0,12620.0,12700.0,12595.0,186.0
2017.12.08,12620.0,125.0,12460.0,12630.0,12400.0,91.0
2017.12.07,12495.0,-60.0,12550.0,12575.0,12410.0,608.0
2017.12.06,12555.0,-345.0,12900.0,12900.0,12465.0,1484.0
2017.12.05,12900.0,0.0,12955.0,12955.0,12815.0,107.0
2017.12.04,12900.0,110.0,12795.0,12970.0,12705.0,147.0
2017.12.01,12790.0,-15.0,12790.0,12915.0,12790.0,92.0
2017.11.30,12805.0,-260.0,13095.0,13095.0,12800.0,143.0
2017.11.29,13065.0,40.0,13090.0,13165.0,12975.0,124.0
2017.11.28,13025.0,-105.0,13255.0,13255.0,12860.0,146.0
2017.11.27,13130.0,-135.0,13275.0,13400.0,13100.0,73.0
2017.11.24,13265.0,100.0,13215.0,13265.0,13115.0,191.0
2017.11.23,13165.0,-180.0,13370.0,13475.0,13165.0,183.0
2017.11.22,13345.0,190.0,13285.0,13495.0,13165.0,394.0
2017.11.21,13155.0,210.0,12905.0,13155.0,12905.0,283.0
2017.11.20,12945.0,-100.0,13070.0,13070.0,12870.0,185.0
2017.11.17,13045.0,205.0,12910.0,13065.0,12900.0,166.0
2017.11.16,12840.0,25.0,12850.0,12850.0,12700.0,140.0
2017.11.15,12815.0,-170.0,12985.0,12985.0,12780.0,106.0
2017.11.14,12985.0,-95.0,13155.0,13155.0,12920.0,122.0
2017.11.13,13080.0,-65.0,13145.0,13145.0,13025.0,94.0
2017.11.10,13145.0,65.0,13145.0,13185.0,13025.0,192.0
2017.11.09,13080.0,95.0,13045.0,13155.0,12935.0,189.0
2017.11.08,12985.0,-70.0,13110.0,13110.0,12985.0,471.0
2017.11.07,13055.0,205.0,12980.0,13065.0,12900.0,78.0
2017.11.06,12850.0,-140.0,13065.0,13065.0,12725.0,102.0
2017.11.03,12990.0,0.0,12985.0,13045.0,12865.0,92.0
2017.11.02,12990.0,-10.0,12905.0,13045.0,12905.0,27.0
2017.11.01,13000.0,90.0,12910.0,13020.0,12850.0,122.0
2017.10.31,12910.0,-80.0,13025.0,13025.0,12855.0,153.0
2017.10.30,12990.0,15.0,13035.0,13080.0,12920.0,118.0
2017.10.27,12975.0,190.0,12885.0,13015.0,12885.0,8.0
2017.10.26,12785.0,-30.0,12785.0,12785.0,12785.0,20.0
2017.10.25,12815.0,15.0,12770.0,12920.0,12760.0,19.0
2017.10.24,12800.0,-55.0,12865.0,12900.0,12785.0,25.0
2017.10.23,12855.0,-35.0,12935.0,12935.0,12830.0,46.0
2017.10.20,12890.0,-90.0,12805.0,12915.0,12700.0,162.0
2017.10.19,12980.0,-5.0,13045.0,13070.0,12980.0,28.0
2017.10.18,12985.0,-10.0,12950.0,13005.0,12950.0,8.0
2017.10.17,12995.0,-20.0,12950.0,13005.0,12875.0,9.0
2017.10.16,13015.0,50.0,12985.0,13035.0,12985.0,99.0
2017.10.13,12965.0,125.0,12960.0,12970.0,12960.0,48.0
2017.10.12,12840.0,5.0,12835.0,12845.0,12835.0,13.0
2017.10.11,12835.0,170.0,12670.0,12835.0,12670.0,7.0
2017.10.10,12665.0,505.0,12660.0,12665.0,12570.0,60.0
2017.09.29,12160.0,-100.0,12255.0,12255.0,12145.0,44.0
2017.09.28,12260.0,-115.0,12260.0,12260.0,12260.0,1.0
2017.09.27,12375.0,110.0,12295.0,12375.0,12295.0,3.0
2017.09.26,12265.0,-20.0,12285.0,12285.0,12185.0,20.0
2017.09.25,12285.0,-165.0,12450.0,12450.0,12210.0,7.0
2017.09.22,12450.0,-90.0,12540.0,12550.0,12445.0,47.0
2017.09.21,12540.0,60.0,12525.0,12540.0,12350.0,17.0
2017.09.20,12480.0,-10.0,12480.0,12480.0,12480.0,10.0
2017.09.19,12490.0,-60.0,12470.0,12490.0,12470.0,12.0
2017.09.18,12550.0,125.0,12550.0,12550.0,12550.0,1.0
2017.09.15,12425.0,-25.0,12330.0,12425.0,12310.0,20.0
2017.09.14,12450.0,-50.0,12375.0,12455.0,12350.0,46.0
2017.09.13,12500.0,-75.0,12605.0,12605.0,12500.0,20.0
2017.09.12,12575.0,100.0,12520.0,12575.0,12520.0,4.0
2017.09.11,12475.0,-35.0,12480.0,12615.0,12475.0,10.0
2017.09.08,12510.0,15.0,12515.0,12515.0,12370.0,12.0
2017.09.07,12495.0,105.0,12495.0,12495.0,12495.0,1.0
2017.09.06,12390.0,-150.0,12375.0,12390.0,12330.0,3.0
2017.09.05,12540.0,-20.0,12540.0,12540.0,12540.0,4.0
2017.09.04,12560.0,-90.0,12565.0,12565.0,12560.0,2.0
2017.09.01,12650.0,40.0,12650.0,12650.0,12650.0,1.0
2017.08.31,12610.0,0.0,12610.0,12660.0,12610.0,211.0
2017.08.30,12610.0,-55.0,12650.0,12745.0,12610.0,3.0
2017.08.29,12665.0,-160.0,12610.0,12665.0,12610.0,3.0
2017.08.28,12825.0,250.0,12840.0,12840.0,12820.0,18.0
2017.08.25,12575.0,330.0,12310.0,12605.0,12310.0,17.0
2017.08.24,12245.0,120.0,12245.0,12245.0,12245.0,0.0
2017.08.23,12125.0,-120.0,12125.0,12125.0,12125.0,25.0
2017.08.22,12245.0,225.0,12100.0,12245.0,12100.0,11.0
2017.08.21,12020.0,125.0,12025.0,12025.0,12020.0,3.0
2017.08.18,11895.0,-150.0,11985.0,11985.0,11895.0,9.0
2017.08.17,12045.0,-20.0,12055.0,12055.0,12045.0,2.0
2017.08.16,12065.0,100.0,12065.0,12065.0,12065.0,1.0
2017.08.14,11965.0,150.0,11965.0,11965.0,11965.0,1.0
2017.08.11,11815.0,-215.0,12085.0,12085.0,11815.0,5085.0
2017.08.10,12030.0,-185.0,12205.0,12205.0,12030.0,30.0
2017.08.09,12215.0,-130.0,12215.0,12215.0,12215.0,1.0
2017.08.08,12345.0,-40.0,12300.0,12345.0,12300.0,5.0
2017.08.07,12385.0,65.0,12320.0,12385.0,12315.0,5.0
2017.08.04,12320.0,115.0,12285.0,12320.0,12285.0,11.0
2017.08.03,12205.0,-50.0,12205.0,12205.0,12205.0,0.0
2017.08.02,12255.0,55.0,12255.0,12255.0,12255.0,1.0
2017.08.01,12200.0,100.0,12200.0,12200.0,12200.0,1.0
2017.07.31,12100.0,205.0,12100.0,12100.0,12100.0,1.0
2017.07.28,11895.0,-215.0,12085.0,12085.0,11895.0,147.0
2017.07.27,12110.0,50.0,12110.0,12110.0,12110.0,1.0
2017.07.26,12060.0,-5.0,12060.0,12060.0,12060.0,1.0
2017.07.25,12065.0,-25.0,12065.0,12065.0,12065.0,2.0
2017.07.24,12090.0,165.0,12125.0,12125.0,11970.0,86.0
2017.07.21,11925.0,-220.0,12125.0,12125.0,11925.0,3.0
2017.07.20,12145.0,25.0,12140.0,12145.0,12125.0,67.0
2017.07.19,12120.0,120.0,12120.0,12120.0,12120.0,1.0
2017.07.18,12000.0,0.0,12000.0,12000.0,12000.0,3.0
2017.07.17,12000.0,50.0,11960.0,12000.0,11960.0,106.0
2017.07.14,11950.0,125.0,11950.0,11950.0,11950.0,109.0
2017.07.13,11825.0,10.0,11780.0,11825.0,11780.0,67.0
2017.07.12,11815.0,295.0,11815.0,11815.0,11815.0,2.0
2017.07.11,11520.0,30.0,11550.0,11550.0,11520.0,11.0
2017.07.10,11490.0,0.0,11490.0,11490.0,11490.0,1.0
2017.07.07,11490.0,35.0,11555.0,11555.0,11490.0,5.0
2017.07.06,11455.0,5.0,11365.0,11455.0,11365.0,2.0
2017.07.05,11450.0,20.0,11450.0,11450.0,11450.0,1.0
2017.07.04,11430.0,5.0,11430.0,11430.0,11430.0,1.0
2017.07.03,11425.0,-5.0,11425.0,11425.0,11425.0,5.0
2017.06.30,11430.0,125.0,11410.0,11430.0,11410.0,3.0
2017.06.29,11305.0,-130.0,11305.0,11305.0,11305.0,1.0
2017.06.28,11435.0,-90.0,11435.0,11435.0,11435.0,10.0
2017.06.27,11525.0,20.0,11525.0,11525.0,11525.0,1.0
2017.06.26,11505.0,190.0,11500.0,11505.0,11365.0,17.0
2017.06.23,11315.0,-85.0,11280.0,11315.0,11280.0,2.0
2017.06.22,11400.0,85.0,11400.0,11400.0,11400.0,1.0
2017.06.21,11315.0,15.0,11315.0,11315.0,11315.0,1.0
2017.06.20,11300.0,-85.0,11300.0,11300.0,11300.0,1.0
2017.06.19,11385.0,75.0,11385.0,11385.0,11385.0,1.0
2017.06.16,11310.0,0.0,11310.0,11310.0,11310.0,4.0
2017.06.15,11310.0,-125.0,11310.0,11310.0,11310.0,1.0
2017.06.14,11435.0,-40.0,11435.0,11435.0,11435.0,1.0
2017.06.13,11475.0,65.0,11475.0,11475.0,11475.0,1.0
2017.06.12,11410.0,-85.0,11535.0,11535.0,11400.0,10.0
2017.06.09,11495.0,0.0,11495.0,11495.0,11495.0,1.0
2017.06.08,11495.0,40.0,11555.0,11555.0,11460.0,48.0
2017.06.07,11455.0,30.0,11455.0,11455.0,11455.0,3.0
2017.06.05,11425.0,-125.0,11425.0,11425.0,11425.0,1.0
2017.06.02,11550.0,40.0,11550.0,11550.0,11550.0,2.0
2017.06.01,11510.0,-15.0,11490.0,11510.0,11490.0,11.0
2017.05.31,11525.0,30.0,11525.0,11525.0,11525.0,10.0
2017.05.30,11495.0,35.0,11495.0,11495.0,11495.0,2.0
2017.05.29,11460.0,85.0,11450.0,11460.0,11450.0,14.0
2017.05.26,11375.0,-45.0,11460.0,11460.0,11375.0,19.0
2017.05.25,11420.0,185.0,11320.0,11420.0,11320.0,9.0
2017.05.24,11235.0,-5.0,11145.0,11235.0,11145.0,2.0
2017.05.23,11240.0,5.0,11240.0,11240.0,11240.0,1.0
2017.05.22,11235.0,90.0,11235.0,11235.0,11235.0,1.0
2017.05.19,11145.0,-20.0,11145.0,11145.0,11145.0,2.0
2017.05.18,11165.0,-85.0,11105.0,11170.0,11105.0,112.0
2017.05.17,11250.0,65.0,11250.0,11250.0,11250.0,1.0
2017.05.16,11185.0,-30.0,11260.0,11260.0,11185.0,2.0
2017.05.15,11215.0,75.0,11215.0,11215.0,11215.0,1.0
2017.05.12,11140.0,0.0,11140.0,11140.0,11140.0,1.0
2017.05.11,11140.0,70.0,11075.0,11140.0,11070.0,30.0
2017.05.10,11070.0,305.0,10970.0,11110.0,10970.0,30.0
2017.05.08,10765.0,-635.0,11400.0,11400.0,10720.0,299.0
2017.05.04,11400.0,300.0,11400.0,11400.0,11400.0,1.0
2017.05.02,11100.0,90.0,11100.0,11100.0,11100.0,1.0
2017.04.28,11010.0,-125.0,11015.0,11015.0,11010.0,30.0
2017.04.27,11135.0,-70.0,11110.0,11135.0,11050.0,5.0
2017.04.26,11205.0,355.0,11205.0,11205.0,11205.0,1.0
2017.04.25,10850.0,10.0,10955.0,10955.0,10850.0,34.0
2017.04.24,10840.0,5.0,10875.0,10875.0,10840.0,910.0
2017.04.21,10835.0,15.0,10835.0,10835.0,10835.0,2.0
2017.04.20,10820.0,-50.0,11400.0,11400.0,10540.0,36.0
2017.04.19,10870.0,0.0,10665.0,10870.0,10665.0,2.0
2017.04.18,10870.0,-270.0,11115.0,11115.0,10870.0,14.0
2017.04.17,11140.0,105.0,11140.0,11140.0,11140.0,2.0
2017.04.14,11035.0,0.0,11035.0,11035.0,11035.0,0.0
2017.04.13,11035.0,90.0,11035.0,11035.0,11035.0,0.0
2017.04.12,10945.0,-15.0,10955.0,10955.0,10945.0,2.0
2017.04.11,10960.0,-150.0,11110.0,11110.0,10960.0,9.0
2017.04.10,11110.0,0.0,11115.0,11115.0,11110.0,10.0
2017.04.07,11110.0,-40.0,11170.0,11170.0,11110.0,27.0
2017.04.06,11150.0,0.0,11150.0,11150.0,11150.0,0.0
2017.04.05,11150.0,-100.0,11150.0,11150.0,11150.0,0.0
2017.04.04,11250.0,125.0,11250.0,11250.0,11250.0,23.0
2017.04.03,11125.0,0.0,11125.0,11125.0,11125.0,0.0
2017.03.31,11125.0,-75.0,11125.0,11125.0,11125.0,0.0
2017.03.30,11200.0,-75.0,11200.0,11200.0,11200.0,0.0
2017.03.29,11275.0,0.0,11275.0,11275.0,11275.0,0.0
2017.03.28,11275.0,40.0,11275.0,11275.0,11275.0,3698.0
2017.03.27,11235.0,-130.0,11235.0,11235.0,11235.0,0.0
2017.03.24,11365.0,-15.0,11365.0,11365.0,11365.0,0.0
2017.03.23,11380.0,-20.0,11380.0,11380.0,11380.0,0.0
2017.03.22,11400.0,-5.0,11395.0,11400.0,11395.0,3.0
2017.03.21,11405.0,5.0,11400.0,11405.0,11400.0,7.0
2017.03.20,11400.0,5.0,11265.0,11400.0,11265.0,3698.0
2017.03.17,11395.0,125.0,11395.0,11395.0,11395.0,3697.0
2017.03.16,11270.0,175.0,11285.0,11285.0,11245.0,944.0
2017.03.15,11095.0,0.0,11095.0,11095.0,11095.0,0.0
2017.03.14,11095.0,0.0,11095.0,11095.0,11095.0,0.0
2017.03.13,11095.0,205.0,11095.0,11095.0,11095.0,0.0
2017.03.10,10890.0,-50.0,10890.0,10890.0,10890.0,0.0
2017.03.09,10940.0,-140.0,11050.0,11050.0,10940.0,40010.0
2017.03.08,11080.0,30.0,11080.0,11080.0,11080.0,0.0
2017.03.07,11050.0,10.0,11050.0,11050.0,11050.0,0.0
2017.03.06,11040.0,0.0,11040.0,11040.0,11040.0,0.0
2017.03.03,11040.0,-160.0,11040.0,11040.0,11040.0,0.0
2017.03.02,11200.0,0.0,11200.0,11200.0,11200.0,0.0
2017.02.28,11200.0,0.0,11200.0,11200.0,11200.0,0.0
2017.02.27,11200.0,-125.0,11200.0,11200.0,11200.0,0.0
2017.02.24,11325.0,-15.0,11325.0,11325.0,11325.0,0.0
2017.02.23,11340.0,-60.0,11340.0,11340.0,11340.0,0.0
2017.02.22,11400.0,0.0,11400.0,11400.0,11400.0,0.0
2017.02.21,11400.0,90.0,11400.0,11400.0,11400.0,10.0
2017.02.20,11310.0,0.0,11310.0,11310.0,11310.0,0.0
2017.02.17,11310.0,0.0,11310.0,11310.0,11310.0,1.0
2017.02.16,11310.0,40.0,11310.0,11310.0,11310.0,0.0
2017.02.15,11270.0,290.0,11135.0,11270.0,11135.0,647.0
2017.02.14,10980.0,10.0,10980.0,10980.0,10980.0,0.0
2017.02.13,10970.0,180.0,10970.0,10970.0,10970.0,0.0
2017.02.10,10790.0,-140.0,10790.0,10790.0,10790.0,2.0
2017.02.09,10930.0,175.0,10840.0,10930.0,10840.0,13.0
2017.02.08,10755.0,130.0,10755.0,10755.0,10755.0,4.0
2017.02.07,10625.0,10.0,10625.0,10625.0,10625.0,9.0
2017.02.06,10615.0,75.0,10615.0,10615.0,10615.0,0.0
2017.02.03,10540.0,0.0,10540.0,10540.0,10540.0,0.0
2017.02.02,10540.0,-25.0,10540.0,10540.0,10540.0,0.0
2017.02.01,10565.0,-85.0,10565.0,10565.0,10565.0,0.0
2017.01.31,10650.0,0.0,10650.0,10650.0,10650.0,0.0
2017.01.26,10650.0,130.0,10650.0,10650.0,10650.0,1.0
2017.01.25,10520.0,-90.0,10610.0,10665.0,10520.0,577.0
2017.01.24,10610.0,55.0,10610.0,10610.0,10610.0,1.0
2017.01.23,10555.0,5.0,10555.0,10555.0,10555.0,0.0
2017.01.20,10550.0,-20.0,10550.0,10550.0,10550.0,1.0
2017.01.19,10570.0,0.0,10570.0,10570.0,10570.0,0.0
2017.01.18,10570.0,80.0,10570.0,10570.0,10570.0,0.0
2017.01.17,10490.0,30.0,10490.0,10490.0,10490.0,0.0
2017.01.16,10460.0,-140.0,10460.0,10460.0,10460.0,1.0
2017.01.13,10600.0,40.0,10600.0,10600.0,10600.0,2.0
2017.01.12,10560.0,40.0,10560.0,10560.0,10560.0,17.0
2017.01.11,10520.0,30.0,10520.0,10520.0,10520.0,50.0
2017.01.10,10490.0,0.0,10490.0,10490.0,10490.0,0.0
2017.01.09,10490.0,-30.0,10370.0,10495.0,10365.0,57.0
2017.01.06,10520.0,120.0,10520.0,10520.0,10520.0,1.0
2017.01.05,10400.0,130.0,10280.0,10400.0,10280.0,32.0
2017.01.04,10270.0,-10.0,10280.0,10280.0,10270.0,21.0
2017.01.03,10280.0,205.0,10180.0,10280.0,10180.0,5.0
2017.01.02,10075.0,105.0,10075.0,10075.0,10075.0,0.0
2016.12.29,9970.0,-150.0,9970.0,9970.0,9970.0,5000.0
2016.12.28,10120.0,120.0,10120.0,10120.0,10120.0,10.0
2016.12.27,10000.0,0.0,10000.0,10000.0,10000.0,0.0
2016.12.26,10000.0,0.0,10000.0,10000.0,10000.0,0.0
2016.12.23,10000.0,-65.0,10040.0,10040.0,10000.0,21.0
2016.12.22,10065.0,-130.0,10065.0,10065.0,10065.0,0.0
2016.12.21,10195.0,0.0,10195.0,10195.0,10195.0,0.0
2016.12.20,10195.0,-180.0,10290.0,10290.0,10195.0,40.0
2016.12.19,10375.0,0.0,10375.0,10375.0,10375.0,3.0
2016.12.16,10375.0,95.0,10375.0,10375.0,10375.0,3.0
2016.12.15,10280.0,-330.0,10520.0,10520.0,10280.0,5604.0
2016.12.14,10610.0,-15.0,10610.0,10610.0,10610.0,0.0
2016.12.13,10625.0,0.0,10625.0,10625.0,10625.0,0.0
2016.12.12,10625.0,-110.0,10625.0,10625.0,10625.0,2.0
2016.12.09,10735.0,0.0,10735.0,10735.0,10735.0,0.0
2016.12.08,10735.0,85.0,10735.0,10735.0,10735.0,60.0
2016.12.07,10650.0,35.0,10650.0,10650.0,10650.0,0.0
2016.12.06,10615.0,20.0,10615.0,10615.0,10615.0,0.0
2016.12.05,10595.0,-75.0,10595.0,10595.0,10595.0,0.0
2016.12.02,10670.0,0.0,10670.0,10670.0,10670.0,1.0
2016.12.01,10670.0,10.0,10670.0,10670.0,10670.0,0.0
2016.11.30,10660.0,0.0,10660.0,10660.0,10660.0,0.0
2016.11.29,10660.0,-95.0,10750.0,10795.0,10660.0,10.0
2016.11.28,10755.0,200.0,10610.0,10840.0,10610.0,542.0
2016.11.25,10555.0,0.0,10555.0,10555.0,10555.0,1.0
2016.11.24,10555.0,-35.0,10590.0,10590.0,10555.0,502.0
2016.11.23,10590.0,115.0,10475.0,10590.0,10475.0,63.0
2016.11.22,10475.0,140.0,10475.0,10475.0,10475.0,24.0
2016.11.21,10335.0,145.0,10335.0,10335.0,10335.0,200.0
2016.11.18,10190.0,-10.0,10190.0,10190.0,10190.0,1.0
2016.11.17,10200.0,-60.0,10200.0,10200.0,10200.0,5.0
2016.11.16,10260.0,55.0,10260.0,10260.0,10260.0,0.0
2016.11.15,10205.0,0.0,10205.0,10205.0,10205.0,0.0
2016.11.14,10205.0,-130.0,10270.0,10270.0,10205.0,14.0
2016.11.11,10335.0,-35.0,10335.0,10335.0,10335.0,11.0
2016.11.10,10370.0,195.0,10265.0,10415.0,10265.0,60166.0
2016.11.09,10175.0,-285.0,10345.0,10345.0,10040.0,978.0
2016.11.08,10460.0,40.0,10460.0,10460.0,10460.0,0.0
2016.11.07,10420.0,0.0,10420.0,10420.0,10420.0,10.0
2016.11.04,10420.0,0.0,10420.0,10420.0,10420.0,0.0
2016.11.03,10420.0,-15.0,10400.0,10420.0,10400.0,910.0
2016.11.02,10435.0,-195.0,10475.0,10475.0,10435.0,10.0
2016.11.01,10630.0,160.0,10615.0,10630.0,10590.0,853.0
2016.10.31,10470.0,0.0,10465.0,10470.0,10350.0,7.0
2016.10.28,10470.0,0.0,10470.0,10470.0,10470.0,100.0
2016.10.27,10470.0,-170.0,10470.0,10470.0,10470.0,0.0
2016.10.26,10640.0,-190.0,10680.0,10680.0,10640.0,110.0
2016.10.25,10830.0,185.0,10690.0,10830.0,10690.0,101.0
2016.10.24,10645.0,55.0,10550.0,10650.0,10550.0,652.0
2016.10.21,10590.0,0.0,10590.0,10590.0,10590.0,0.0
2016.10.20,10590.0,30.0,10590.0,10590.0,10590.0,3.0
2016.10.19,10560.0,0.0,10560.0,10560.0,10560.0,0.0
2016.10.18,10560.0,130.0,10560.0,10560.0,10560.0,0.0
2016.10.17,10430.0,0.0,10430.0,10430.0,10430.0,1.0
2016.10.14,10430.0,0.0,10430.0,10430.0,10430.0,0.0
2016.10.13,10430.0,-130.0,10500.0,10500.0,10430.0,706.0
2016.10.12,10560.0,-70.0,10640.0,10640.0,10560.0,204.0
2016.10.11,10630.0,-230.0,10880.0,10910.0,10630.0,27.0
2016.10.10,10860.0,30.0,10825.0,10860.0,10820.0,383.0
2016.10.07,10830.0,45.0,10805.0,10830.0,10805.0,23.0
2016.10.06,10785.0,95.0,10785.0,10785.0,10785.0,100.0
2016.10.05,10690.0,110.0,10690.0,10690.0,10690.0,0.0
2016.10.04,10580.0,5.0,10580.0,10580.0,10580.0,0.0
2016.09.30,10575.0,-75.0,10590.0,10590.0,10575.0,4.0
2016.09.29,10650.0,110.0,10685.0,10685.0,10650.0,2.0
2016.09.28,10540.0,-80.0,10620.0,10620.0,10540.0,17.0
2016.09.27,10620.0,-35.0,10590.0,10620.0,10590.0,3.0
2016.09.26,10655.0,-90.0,10720.0,10720.0,10630.0,4.0
2016.09.23,10745.0,-60.0,10805.0,10830.0,10745.0,32.0
2016.09.22,10805.0,75.0,10730.0,11010.0,10730.0,258.0
2016.09.21,10730.0,45.0,10685.0,10730.0,10685.0,2.0
2016.09.20,10685.0,110.0,10685.0,10685.0,10685.0,1.0
2016.09.19,10575.0,-30.0,10575.0,10575.0,10575.0,1.0
2016.09.13,10605.0,15.0,10550.0,10650.0,10500.0,124053.0
2016.09.12,10590.0,-295.0,10950.0,10950.0,10590.0,5089.0
2016.09.09,10885.0,0.0,10885.0,10885.0,10885.0,1.0
2016.09.08,10885.0,-15.0,10885.0,10885.0,10885.0,1.0
2016.09.07,10900.0,115.0,10900.0,10900.0,10900.0,100.0
2016.09.06,10785.0,90.0,10820.0,10820.0,10785.0,2.0
2016.09.05,10695.0,140.0,10590.0,10695.0,10590.0,71253.0
2016.09.02,10555.0,115.0,10555.0,10555.0,10555.0,100.0
2016.09.01,10440.0,0.0,10390.0,10440.0,10365.0,202.0
2016.08.31,10440.0,15.0,10440.0,10440.0,10440.0,138.0
2016.08.30,10425.0,50.0,10385.0,10450.0,10385.0,520.0
2016.08.29,10375.0,-50.0,10420.0,10420.0,10335.0,71.0
2016.08.26,10425.0,35.0,10460.0,10460.0,10405.0,154.0
2016.08.25,10390.0,10.0,10330.0,10390.0,10330.0,460.0
2016.08.24,10380.0,-70.0,10450.0,10450.0,10380.0,90.0
2016.08.23,10450.0,0.0,10500.0,10500.0,10450.0,129.0
2016.08.22,10450.0,-10.0,10455.0,10455.0,10450.0,14.0
2016.08.19,10460.0,-145.0,10565.0,10565.0,10460.0,5579.0
2016.08.18,10605.0,45.0,10540.0,10605.0,10540.0,10161.0
2016.08.17,10560.0,-10.0,10645.0,10645.0,10560.0,101.0
2016.08.16,10570.0,165.0,10620.0,10620.0,10570.0,111.0
2016.08.12,10405.0,140.0,10405.0,10405.0,10405.0,200.0
2016.08.11,10265.0,45.0,10250.0,10265.0,10250.0,2.0
2016.08.10,10220.0,65.0,10160.0,10220.0,10160.0,312.0
