날짜,종가,전일비,시가,고가,저가,거래량
2026.08.24,84.0,5.0,80.0,85.0,77.0,1869432.0
2026.08.21,79.0,-3.0,84.0,84.0,78.0,2431327.0
2026.08.20,82.0,-11.0,87.0,89.0,80.0,4544854.0
2026.08.19,93.0,11.0,92.0,95.0,89.0,3612939.0
2026.08.18,82.0,2.0,80.0,85.0,74.0,2798520.0
2026.08.14,80.0,-5.0,79.0,84.0,79.0,2018521.0
2026.08.13,85.0,-7.0,86.0,91.0,82.0,6732004.0
2026.08.12,92.0,-7.0,98.0,98.0,88.0,2612523.0
2026.08.11,99.0,-3.0,104.0,106.0,99.0,1126374.0
2026.08.10,102.0,-1.0,102.0,104.0,98.0,684365.0
2026.08.07,103.0,-1.0,100.0,106.0,96.0,3252760.0
2026.08.06,104.0,13.0,94.0,104.0,93.0,4530834.0
2026.08.05,91.0,-9.0,90.0,94.0,89.0,2623459.0
2026.08.04,100.0,-3.0,100.0,109.0,98.0,1625111.0
2026.08.03,103.0,12.0,98.0,104.0,95.0,2569308.0
2026.07.31,91.0,-56.0,108.0,115.0,91.0,8257909.0
2026.07.30,147.0,5.0,143.0,152.0,129.0,3946135.0
2026.07.29,142.0,13.0,124.0,162.0,119.0,7532137.0
2026.07.28,129.0,25.0,118.0,129.0,115.0,7072129.0
2026.07.27,104.0,-1.0,100.0,110.0,100.0,6019196.0
2026.07.24,105.0,11.0,98.0,108.0,97.0,2816881.0
2026.07.23,94.0,-10.0,99.0,101.0,94.0,1753076.0
2026.07.22,104.0,-1.0,96.0,104.0,91.0,1922436.0
2026.07.21,105.0,-8.0,114.0,116.0,101.0,2555114.0
2026.07.20,113.0,10.0,111.0,114.0,104.0,2992885.0
2026.07.16,103.0,12.0,98.0,106.0,97.0,3323085.0
2026.07.15,91.0,-12.0,91.0,94.0,86.0,1623717.0
2026.07.14,103.0,-3.0,106.0,117.0,96.0,5511136.0
2026.07.13,106.0,16.0,90.0,107.0,88.0,4032357.0
2026.07.10,90.0,-3.0,87.0,90.0,83.0,2202144.0
2026.07.09,93.0,-1.0,88.0,99.0,87.0,1817827.0
2026.07.08,94.0,7.0,91.0,96.0,82.0,3160586.0
2026.07.07,87.0,8.0,80.0,92.0,80.0,3239738.0
2026.07.06,79.0,3.0,76.0,82.0,73.0,1948903.0
2026.07.03,76.0,-11.0,88.0,94.0,73.0,3788806.0
2026.07.02,87.0,12.0,83.0,88.0,79.0,4139955.0
2026.07.01,75.0,4.0,71.0,78.0,70.0,2023934.0
2026.06.30,71.0,-2.0,73.0,76.0,68.0,1243103.0
2026.06.29,73.0,1.0,74.0,77.0,71.0,1645914.0
2026.06.26,72.0,9.0,65.0,76.0,65.0,7330501.0
2026.06.25,63.0,-9.0,64.0,67.0,61.0,4422490.0
2026.06.24,72.0,-6.0,76.0,81.0,71.0,4342660.0
2026.06.23,78.0,12.0,66.0,78.0,64.0,6149545.0
2026.06.22,66.0,0.0,68.0,69.0,63.0,2034800.0
2026.06.19,66.0,-1.0,63.0,70.0,61.0,3264642.0
2026.06.18,67.0,-4.0,72.0,72.0,67.0,2288382.0
2026.06.17,71.0,-2.0,76.0,77.0,71.0,1326007.0
2026.06.16,73.0,-5.0,76.0,78.0,72.0,3387541.0
2026.06.15,78.0,-8.0,78.0,79.0,76.0,1852345.0
2026.06.12,86.0,-10.0,86.0,87.0,78.0,7295892.0
2026.06.11,96.0,0.0,103.0,106.0,94.0,2114339.0
2026.06.10,96.0,8.0,93.0,102.0,91.0,3191725.0
2026.06.09,88.0,-21.0,94.0,103.0,86.0,4261999.0
2026.06.08,109.0,18.0,108.0,110.0,95.0,4256698.0
2026.06.05,91.0,9.0,88.0,95.0,86.0,3435171.0
2026.06.04,82.0,3.0,83.0,85.0,79.0,1255785.0
2026.06.02,79.0,-1.0,79.0,86.0,76.0,2496006.0
2026.06.01,80.0,-7.0,88.0,88.0,78.0,3174271.0
2026.05.29,87.0,-7.0,88.0,91.0,86.0,1116426.0
2026.05.28,94.0,-1.0,96.0,104.0,92.0,3095253.0
2026.05.27,95.0,-4.0,88.0,95.0,87.0,3558576.0
2026.05.26,99.0,-7.0,101.0,102.0,97.0,2165657.0
2026.05.22,106.0,-1.0,103.0,107.0,103.0,2327555.0
2026.05.21,107.0,-20.0,117.0,119.0,106.0,3668574.0
2026.05.20,127.0,2.0,125.0,133.0,124.0,4079016.0
2026.05.19,125.0,6.0,121.0,130.0,121.0,2220830.0
2026.05.18,119.0,1.0,122.0,133.0,113.0,5207774.0
2026.05.15,118.0,11.0,107.0,122.0,104.0,3477686.0
2026.05.14,107.0,-5.0,112.0,112.0,106.0,2976165.0
2026.05.13,112.0,-5.0,122.0,125.0,110.0,3303932.0
2026.05.12,117.0,5.0,108.0,123.0,107.0,7333896.0
2026.05.11,112.0,-14.0,114.0,116.0,109.0,8042882.0
2026.05.08,126.0,-1.0,131.0,132.0,125.0,1740432.0
2026.05.07,127.0,-3.0,127.0,134.0,117.0,4437310.0
2026.05.06,130.0,-26.0,146.0,147.0,130.0,6200218.0
2026.05.04,156.0,-16.0,164.0,166.0,154.0,3800914.0
2026.04.30,172.0,3.0,167.0,173.0,165.0,1770831.0
2026.04.29,169.0,-2.0,172.0,174.0,168.0,1363709.0
2026.04.28,171.0,-3.0,172.0,172.0,167.0,2032691.0
2026.04.27,174.0,-8.0,178.0,178.0,170.0,5094931.0
2026.04.24,182.0,2.0,179.0,186.0,178.0,1821714.0
2026.04.23,180.0,-5.0,180.0,189.0,174.0,3158330.0
2026.04.22,185.0,-2.0,185.0,190.0,181.0,3553713.0
2026.04.21,187.0,-9.0,191.0,191.0,185.0,3017144.0
2026.04.20,196.0,-1.0,196.0,198.0,191.0,1550665.0
2026.04.17,197.0,1.0,196.0,198.0,195.0,1141272.0
2026.04.16,196.0,-7.0,200.0,201.0,194.0,1647231.0
2026.04.15,203.0,-11.0,201.0,206.0,196.0,2325289.0
2026.04.14,214.0,-13.0,214.0,217.0,208.0,2539026.0
2026.04.13,227.0,4.0,231.0,233.0,225.0,1863162.0
2026.04.10,223.0,-7.0,223.0,223.0,218.0,2334944.0
2026.04.09,230.0,9.0,223.0,230.0,223.0,1472139.0
2026.04.08,221.0,-41.0,222.0,233.0,215.0,3464047.0
2026.04.07,262.0,-8.0,256.0,268.0,252.0,2213238.0
2026.04.06,270.0,-6.0,272.0,272.0,260.0,2003120.0
2026.04.03,276.0,-18.0,279.0,282.0,271.0,1386363.0
2026.04.02,294.0,29.0,259.0,302.0,258.0,3513124.0
2026.04.01,265.0,-60.0,287.0,295.0,262.0,3096259.0
2026.03.31,325.0,27.0,316.0,327.0,305.0,3569480.0
2026.03.30,298.0,15.0,310.0,314.0,296.0,2611053.0
2026.03.27,283.0,5.0,298.0,305.0,280.0,2297749.0
2026.03.26,278.0,17.0,266.0,281.0,265.0,3461763.0
2026.03.25,261.0,-9.0,257.0,262.0,249.0,2196408.0
2026.03.24,270.0,-16.0,260.0,287.0,258.0,4171014.0
2026.03.23,286.0,33.0,272.0,288.0,271.0,4113858.0
2026.03.20,253.0,0.0,247.0,253.0,246.0,1384120.0
2026.03.19,253.0,16.0,252.0,255.0,243.0,2776412.0
2026.03.18,237.0,-32.0,254.0,256.0,234.0,5353740.0
2026.03.17,269.0,-11.0,260.0,269.0,259.0,2517740.0
2026.03.16,280.0,-9.0,284.0,292.0,278.0,3013790.0
2026.03.13,289.0,12.0,299.0,299.0,283.0,3007908.0
2026.03.12,277.0,2.0,280.0,283.0,272.0,3652195.0
2026.03.11,275.0,-6.0,267.0,282.0,260.0,5577730.0
2026.03.10,281.0,-40.0,282.0,305.0,266.0,6078770.0
2026.03.09,321.0,37.0,318.0,337.0,313.0,5667038.0
2026.03.06,284.0,3.0,300.0,305.0,282.0,7994322.0
2026.03.05,281.0,-64.0,260.0,293.0,259.0,11532329.0
2026.03.04,345.0,66.0,301.0,345.0,288.0,11474593.0
2026.03.03,279.0,39.0,251.0,279.0,248.0,4037666.0
2026.02.27,240.0,3.0,243.0,248.0,233.0,2533733.0
2026.02.26,237.0,-23.0,256.0,257.0,236.0,1554206.0
2026.02.25,260.0,-12.0,265.0,269.0,254.0,2211008.0
2026.02.24,272.0,-14.0,287.0,291.0,270.0,1296073.0
2026.02.23,286.0,-5.0,279.0,290.0,275.0,1266282.0
2026.02.20,291.0,-12.0,303.0,303.0,289.0,1475645.0
2026.02.19,303.0,-19.0,305.0,312.0,303.0,1020529.0
2026.02.13,322.0,-2.0,325.0,327.0,313.0,1532498.0
2026.02.12,324.0,-23.0,337.0,340.0,323.0,1806383.0
2026.02.11,347.0,-5.0,356.0,360.0,343.0,942826.0
2026.02.10,352.0,-2.0,346.0,353.0,343.0,800853.0
2026.02.09,354.0,-34.0,353.0,358.0,350.0,1167357.0
2026.02.06,388.0,9.0,402.0,417.0,383.0,2653103.0
2026.02.05,379.0,30.0,365.0,381.0,360.0,3158679.0
2026.02.04,349.0,-11.0,366.0,368.0,347.0,1656290.0
2026.02.03,360.0,-60.0,388.0,394.0,360.0,1812982.0
2026.02.02,420.0,41.0,394.0,423.0,384.0,3080090.0
2026.01.30,379.0,-2.0,387.0,387.0,365.0,960912.0
2026.01.29,381.0,-10.0,377.0,404.0,376.0,1667211.0
2026.01.28,391.0,-15.0,396.0,399.0,387.0,1231230.0
2026.01.27,406.0,-28.0,437.0,445.0,405.0,897013.0
2026.01.26,434.0,6.0,427.0,435.0,421.0,1341918.0
2026.01.23,428.0,-4.0,427.0,436.0,419.0,356160.0
2026.01.22,432.0,-10.0,423.0,435.0,419.0,1176995.0
2026.01.21,442.0,-7.0,464.0,467.0,441.0,693314.0
2026.01.20,449.0,5.0,445.0,459.0,439.0,968516.0
2026.01.19,444.0,-11.0,459.0,459.0,440.0,954143.0
2026.01.16,455.0,-9.0,460.0,465.0,451.0,417237.0
2026.01.15,464.0,-18.0,487.0,487.0,464.0,471320.0
2026.01.14,482.0,-6.0,489.0,491.0,480.0,453967.0
2026.01.13,488.0,-12.0,491.0,499.0,487.0,438119.0
2026.01.12,500.0,-7.0,495.0,511.0,492.0,843126.0
2026.01.09,507.0,-9.0,518.0,527.0,503.0,428829.0
2026.01.08,516.0,2.0,521.0,521.0,493.0,867473.0
2026.01.07,514.0,-10.0,507.0,526.0,497.0,716369.0
2026.01.06,524.0,-17.0,541.0,555.0,521.0,871156.0
2026.01.05,541.0,-43.0,560.0,561.0,539.0,936759.0
2026.01.02,584.0,-36.0,619.0,619.0,583.0,523992.0
2025.12.30,620.0,-6.0,628.0,628.0,613.0,337376.0
2025.12.29,626.0,-33.0,645.0,645.0,624.0,1119809.0
2025.12.26,659.0,-9.0,664.0,664.0,651.0,267371.0
2025.12.24,668.0,-3.0,665.0,670.0,661.0,204469.0
2025.12.23,671.0,-4.0,668.0,671.0,659.0,389780.0
2025.12.22,675.0,-31.0,679.0,681.0,672.0,216258.0
2025.12.19,706.0,-7.0,694.0,713.0,692.0,209920.0
2025.12.18,713.0,15.0,722.0,724.0,704.0,305627.0
2025.12.17,698.0,-26.0,718.0,727.0,697.0,191307.0
2025.12.16,724.0,32.0,695.0,725.0,692.0,467015.0
2025.12.15,692.0,26.0,694.0,700.0,684.0,802751.0
2025.12.12,666.0,-17.0,678.0,679.0,664.0,478671.0
2025.12.11,683.0,10.0,652.0,683.0,652.0,667757.0
2025.12.10,673.0,2.0,668.0,674.0,659.0,306273.0
2025.12.09,671.0,4.0,671.0,677.0,665.0,417884.0
2025.12.08,667.0,-18.0,680.0,690.0,666.0,625649.0
2025.12.05,685.0,-24.0,715.0,718.0,683.0,330556.0
2025.12.04,709.0,3.0,711.0,727.0,709.0,332966.0
2025.12.03,706.0,-19.0,717.0,725.0,700.0,439337.0
2025.12.02,725.0,-28.0,751.0,751.0,719.0,492978.0
2025.12.01,753.0,6.0,735.0,765.0,729.0,192797.0
2025.11.28,747.0,18.0,723.0,752.0,723.0,548932.0
2025.11.27,729.0,-11.0,726.0,735.0,713.0,465231.0
2025.11.26,740.0,-43.0,767.0,779.0,740.0,686630.0
2025.11.25,783.0,-8.0,748.0,792.0,744.0,526862.0
2025.11.24,791.0,2.0,758.0,793.0,758.0,562164.0
2025.11.21,789.0,63.0,786.0,798.0,779.0,1062514.0
2025.11.20,726.0,-36.0,720.0,731.0,706.0,641275.0
2025.11.19,762.0,12.0,748.0,790.0,748.0,766280.0
2025.11.18,750.0,43.0,719.0,753.0,711.0,929776.0
2025.11.17,707.0,-28.0,711.0,719.0,703.0,475135.0
2025.11.14,735.0,62.0,714.0,735.0,709.0,1280594.0
2025.11.13,673.0,-12.0,689.0,691.0,671.0,492974.0
2025.11.12,685.0,-11.0,698.0,704.0,679.0,438867.0
2025.11.11,696.0,-15.0,691.0,710.0,664.0,1046100.0
2025.11.10,711.0,-45.0,740.0,747.0,702.0,393486.0
2025.11.07,756.0,28.0,757.0,781.0,726.0,1315037.0
2025.11.06,728.0,-12.0,700.0,748.0,696.0,895893.0
2025.11.05,740.0,40.0,719.0,790.0,719.0,1720215.0
2025.11.04,700.0,36.0,666.0,701.0,663.0,601540.0
2025.11.03,664.0,-43.0,709.0,709.0,664.0,607465.0
2025.10.31,707.0,-19.0,726.0,731.0,707.0,378469.0
2025.10.30,726.0,-3.0,720.0,729.0,702.0,763237.0
2025.10.29,729.0,-30.0,742.0,762.0,729.0,277760.0
2025.10.28,759.0,13.0,753.0,775.0,753.0,348494.0
2025.10.27,746.0,-44.0,770.0,770.0,746.0,466740.0
2025.10.24,790.0,-40.0,809.0,815.0,786.0,939392.0
2025.10.23,830.0,5.0,844.0,846.0,808.0,404135.0
2025.10.22,825.0,-11.0,836.0,855.0,816.0,151418.0
2025.10.21,836.0,-5.0,828.0,838.0,801.0,350422.0
2025.10.20,841.0,-30.0,859.0,883.0,838.0,451397.0
2025.10.17,871.0,-8.0,883.0,885.0,848.0,214100.0
2025.10.16,879.0,-46.0,923.0,923.0,877.0,525811.0
2025.10.15,925.0,-54.0,969.0,972.0,921.0,679138.0
2025.10.14,979.0,20.0,941.0,992.0,919.0,727487.0
2025.10.13,959.0,18.0,985.0,991.0,943.0,839390.0
2025.10.10,941.0,-42.0,940.0,964.0,920.0,771136.0
2025.10.02,983.0,-81.0,1009.0,1039.0,970.0,1199651.0
2025.10.01,1064.0,-13.0,1074.0,1074.0,1049.0,240338.0
2025.09.30,1077.0,9.0,1067.0,1079.0,1064.0,222517.0
2025.09.29,1068.0,-39.0,1095.0,1145.0,1064.0,311901.0
2025.09.26,1107.0,56.0,1071.0,1117.0,1070.0,894524.0
2025.09.25,1051.0,-2.0,1061.0,1065.0,1047.0,124091.0
2025.09.24,1053.0,9.0,1045.0,1070.0,1038.0,607043.0
2025.09.23,1044.0,-21.0,1047.0,1059.0,1040.0,583661.0
2025.09.22,1065.0,-17.0,1068.0,1071.0,1050.0,591870.0
2025.09.19,1082.0,9.0,1070.0,1088.0,1066.0,1217984.0
2025.09.18,1073.0,-39.0,1104.0,1106.0,1073.0,262450.0
2025.09.17,1112.0,29.0,1096.0,1118.0,1096.0,387758.0
2025.09.16,1083.0,-40.0,1118.0,1118.0,1083.0,638598.0
2025.09.15,1123.0,-11.0,1121.0,1134.0,1111.0,300760.0
2025.09.12,1134.0,-55.0,1161.0,1163.0,1131.0,512104.0
2025.09.11,1189.0,-14.0,1191.0,1225.0,1181.0,451775.0
2025.09.10,1203.0,-52.0,1247.0,1247.0,1200.0,733712.0
2025.09.09,1255.0,-33.0,1283.0,1288.0,1252.0,394806.0
2025.09.08,1288.0,-9.0,1294.0,1301.0,1288.0,314597.0
2025.09.05,1297.0,-13.0,1299.0,1308.0,1292.0,255485.0
2025.09.04,1310.0,-9.0,1319.0,1320.0,1300.0,150751.0
2025.09.03,1319.0,-12.0,1332.0,1335.0,1316.0,182446.0
2025.09.02,1331.0,-28.0,1355.0,1355.0,1330.0,145916.0
2025.09.01,1359.0,43.0,1338.0,1366.0,1330.0,505784.0
2025.08.29,1316.0,14.0,1298.0,1318.0,1295.0,353205.0
2025.08.28,1302.0,-18.0,1328.0,1341.0,1294.0,278037.0
2025.08.27,1320.0,-5.0,1323.0,1339.0,1319.0,345459.0
2025.08.26,1325.0,20.0,1306.0,1327.0,1306.0,584804.0
2025.08.25,1305.0,-28.0,1308.0,1318.0,1299.0,348419.0
2025.08.22,1333.0,-13.0,1335.0,1338.0,1318.0,273862.0
2025.08.21,1346.0,-11.0,1355.0,1357.0,1331.0,416361.0
2025.08.20,1357.0,7.0,1366.0,1400.0,1357.0,881676.0
2025.08.19,1350.0,28.0,1315.0,1350.0,1315.0,397559.0
2025.08.18,1322.0,37.0,1294.0,1322.0,1294.0,263340.0
2025.08.14,1285.0,-1.0,1276.0,1292.0,1270.0,217392.0
2025.08.13,1286.0,-25.0,1284.0,1309.0,1281.0,292820.0
2025.08.12,1311.0,9.0,1295.0,1312.0,1269.0,653198.0
2025.08.11,1302.0,-5.0,1296.0,1308.0,1293.0,308374.0
2025.08.08,1307.0,-11.0,1295.0,1308.0,1286.0,760420.0
2025.08.07,1318.0,4.0,1304.0,1319.0,1294.0,485113.0
2025.08.06,1314.0,-5.0,1331.0,1338.0,1314.0,751715.0
2025.08.05,1319.0,-26.0,1318.0,1334.0,1300.0,555515.0
2025.08.04,1345.0,-42.0,1386.0,1395.0,1345.0,497676.0
2025.08.01,1387.0,109.0,1314.0,1387.0,1312.0,886895.0
2025.07.31,1278.0,12.0,1252.0,1289.0,1245.0,591279.0
2025.07.30,1266.0,-24.0,1294.0,1294.0,1256.0,514368.0
2025.07.29,1290.0,-28.0,1321.0,1345.0,1290.0,442439.0
2025.07.28,1318.0,-11.0,1299.0,1337.0,1296.0,316275.0
2025.07.25,1329.0,-6.0,1338.0,1338.0,1314.0,220047.0
2025.07.24,1335.0,7.0,1313.0,1335.0,1284.0,518289.0
2025.07.23,1328.0,-8.0,1320.0,1362.0,1312.0,465860.0
2025.07.22,1336.0,31.0,1301.0,1350.0,1296.0,260497.0
2025.07.21,1305.0,-20.0,1325.0,1325.0,1299.0,165591.0
2025.07.18,1325.0,13.0,1312.0,1335.0,1306.0,92350.0
2025.07.17,1312.0,-7.0,1312.0,1355.0,1312.0,191136.0
2025.07.16,1319.0,19.0,1308.0,1335.0,1308.0,293747.0
2025.07.15,1300.0,-21.0,1325.0,1334.0,1300.0,402489.0
2025.07.14,1321.0,-14.0,1345.0,1347.0,1312.0,301344.0
2025.07.11,1335.0,-7.0,1341.0,1345.0,1303.0,732430.0
2025.07.10,1342.0,-35.0,1368.0,1383.0,1341.0,548411.0
2025.07.09,1377.0,-1.0,1384.0,1398.0,1373.0,590733.0
2025.07.08,1378.0,-66.0,1430.0,1433.0,1378.0,505335.0
2025.07.07,1444.0,-6.0,1462.0,1469.0,1428.0,339479.0
2025.07.04,1450.0,55.0,1385.0,1450.0,1380.0,618223.0
2025.07.03,1395.0,-36.0,1413.0,1422.0,1390.0,455800.0
2025.07.02,1431.0,8.0,1432.0,1470.0,1419.0,454232.0
2025.07.01,1423.0,-7.0,1414.0,1423.0,1371.0,474581.0
2025.06.30,1430.0,-21.0,1427.0,1439.0,1414.0,290340.0
2025.06.27,1451.0,11.0,1427.0,1456.0,1415.0,307959.0
2025.06.26,1440.0,44.0,1405.0,1465.0,1398.0,544687.0
2025.06.25,1396.0,-16.0,1398.0,1427.0,1383.0,455170.0
2025.06.24,1412.0,-94.0,1454.0,1463.0,1412.0,643447.0
2025.06.23,1506.0,-2.0,1538.0,1565.0,1506.0,224430.0
2025.06.20,1508.0,-41.0,1543.0,1553.0,1507.0,305969.0
2025.06.19,1549.0,-11.0,1548.0,1578.0,1528.0,234965.0
2025.06.18,1560.0,-25.0,1609.0,1610.0,1545.0,376073.0
2025.06.17,1585.0,-8.0,1578.0,1605.0,1525.0,608421.0
2025.06.16,1593.0,-48.0,1640.0,1663.0,1588.0,483800.0
2025.06.13,1641.0,20.0,1621.0,1666.0,1618.0,429875.0
2025.06.12,1621.0,-10.0,1636.0,1636.0,1601.0,333585.0
2025.06.11,1631.0,-44.0,1662.0,1662.0,1630.0,453255.0
2025.06.10,1675.0,-35.0,1683.0,1703.0,1657.0,313119.0
2025.06.09,1710.0,-39.0,1697.0,1710.0,1672.0,623327.0
2025.06.05,1749.0,-68.0,1789.0,1790.0,1718.0,444252.0
2025.06.04,1817.0,-113.0,1870.0,1873.0,1814.0,664309.0
2025.06.02,1930.0,6.0,1940.0,1943.0,1888.0,947134.0
2025.05.30,1924.0,34.0,1898.0,1928.0,1889.0,517743.0
2025.05.29,1890.0,-73.0,1922.0,1934.0,1884.0,1055771.0
2025.05.28,1963.0,-62.0,2005.0,2010.0,1926.0,946625.0
2025.05.27,2025.0,-5.0,2045.0,2045.0,2015.0,214219.0
2025.05.26,2030.0,-65.0,2095.0,2095.0,2025.0,173897.0
2025.05.23,2095.0,-5.0,2090.0,2095.0,2080.0,137722.0
2025.05.22,2100.0,50.0,2070.0,2110.0,2065.0,308481.0
2025.05.21,2050.0,-25.0,2055.0,2055.0,2025.0,372423.0
2025.05.20,2075.0,-10.0,2045.0,2075.0,2035.0,282988.0
2025.05.19,2085.0,50.0,2050.0,2095.0,2050.0,219280.0
2025.05.16,2035.0,-10.0,2020.0,2045.0,2020.0,106379.0
2025.05.15,2045.0,30.0,2025.0,2055.0,2010.0,211336.0
2025.05.14,2015.0,-60.0,2030.0,2045.0,1998.0,341224.0
2025.05.13,2075.0,-5.0,2065.0,2080.0,2045.0,93040.0
2025.05.12,2080.0,-60.0,2115.0,2120.0,2080.0,509087.0
2025.05.09,2140.0,-5.0,2135.0,2155.0,2125.0,266427.0
2025.05.08,2145.0,5.0,2130.0,2145.0,2115.0,111537.0
2025.05.07,2140.0,-40.0,2145.0,2170.0,2125.0,142210.0
2025.05.02,2180.0,0.0,2190.0,2215.0,2155.0,148555.0
2025.04.30,2180.0,5.0,2185.0,2200.0,2170.0,122981.0
2025.04.29,2175.0,-20.0,2190.0,2205.0,2150.0,177879.0
2025.04.28,2195.0,-5.0,2210.0,2210.0,2180.0,59237.0
2025.04.25,2200.0,-50.0,2190.0,2225.0,2180.0,140680.0
2025.04.24,2250.0,20.0,2250.0,2275.0,2240.0,62460.0
2025.04.23,2230.0,-90.0,2250.0,2270.0,2230.0,107345.0
2025.04.22,2320.0,10.0,2325.0,2335.0,2300.0,51260.0
2025.04.21,2310.0,0.0,2300.0,2335.0,2285.0,17545.0
2025.04.18,2310.0,-35.0,2335.0,2355.0,2310.0,52338.0
2025.04.17,2345.0,-50.0,2390.0,2400.0,2335.0,64223.0
2025.04.16,2395.0,80.0,2325.0,2395.0,2325.0,65071.0
2025.04.15,2315.0,-50.0,2360.0,2360.0,2310.0,61055.0
2025.04.14,2365.0,-30.0,2370.0,2380.0,2340.0,28934.0
2025.04.11,2395.0,5.0,2460.0,2480.0,2395.0,205540.0
2025.04.10,2390.0,-355.0,2425.0,2480.0,2385.0,292874.0
2025.04.09,2745.0,105.0,2670.0,2760.0,2640.0,241203.0
2025.04.08,2640.0,-10.0,2520.0,2660.0,2520.0,178945.0
2025.04.07,2650.0,265.0,2590.0,2665.0,2565.0,404516.0
2025.04.04,2385.0,60.0,2395.0,2420.0,2280.0,530316.0
2025.04.03,2325.0,65.0,2390.0,2400.0,2315.0,165370.0
2025.04.02,2260.0,30.0,2225.0,2275.0,2225.0,151771.0
2025.04.01,2230.0,-75.0,2280.0,2290.0,2220.0,518996.0
2025.03.31,2305.0,95.0,2260.0,2315.0,2245.0,276198.0
2025.03.28,2210.0,105.0,2120.0,2210.0,2120.0,392599.0
2025.03.27,2105.0,55.0,2095.0,2110.0,2070.0,79700.0
2025.03.26,2050.0,-30.0,2080.0,2090.0,2040.0,54150.0
2025.03.25,2080.0,15.0,2055.0,2100.0,2050.0,116317.0
2025.03.24,2065.0,15.0,2065.0,2085.0,2045.0,70572.0
2025.03.21,2050.0,-30.0,2085.0,2095.0,2050.0,58241.0
2025.03.20,2080.0,-25.0,2090.0,2100.0,2060.0,106384.0
2025.03.19,2105.0,-35.0,2150.0,2150.0,2080.0,218387.0
2025.03.18,2140.0,-20.0,2075.0,2150.0,2065.0,309544.0
2025.03.17,2160.0,-80.0,2220.0,2220.0,2150.0,132763.0
2025.03.14,2240.0,-45.0,2270.0,2285.0,2230.0,91132.0
2025.03.13,2285.0,45.0,2225.0,2285.0,2195.0,112146.0
2025.03.12,2240.0,-85.0,2345.0,2345.0,2235.0,233361.0
2025.03.11,2325.0,50.0,2375.0,2395.0,2310.0,335956.0
2025.03.10,2275.0,-10.0,2305.0,2315.0,2260.0,367318.0
2025.03.07,2285.0,15.0,2295.0,2325.0,2265.0,236925.0
2025.03.06,2270.0,-30.0,2250.0,2300.0,2245.0,167218.0
2025.03.05,2300.0,-40.0,2325.0,2345.0,2280.0,236454.0
2025.03.04,2340.0,10.0,2365.0,2375.0,2310.0,318677.0
2025.02.28,2330.0,145.0,2260.0,2345.0,2250.0,787612.0
2025.02.27,2185.0,25.0,2165.0,2205.0,2160.0,230285.0
2025.02.26,2160.0,0.0,2190.0,2210.0,2150.0,184651.0
2025.02.25,2160.0,0.0,2200.0,2215.0,2160.0,162173.0
2025.02.24,2160.0,35.0,2160.0,2185.0,2155.0,336570.0
2025.02.21,2125.0,-5.0,2125.0,2160.0,2125.0,65734.0
2025.02.20,2130.0,30.0,2115.0,2140.0,2105.0,168245.0
2025.02.19,2100.0,-90.0,2190.0,2190.0,2080.0,260325.0
2025.02.18,2190.0,-25.0,2190.0,2230.0,2175.0,58099.0
2025.02.17,2215.0,-40.0,2240.0,2250.0,2210.0,49545.0
2025.02.14,2255.0,-25.0,2275.0,2290.0,2230.0,152275.0
2025.02.13,2280.0,-45.0,2320.0,2320.0,2275.0,60869.0
2025.02.12,2325.0,0.0,2330.0,2365.0,2320.0,55561.0
2025.02.11,2325.0,-50.0,2355.0,2360.0,2310.0,70890.0
2025.02.10,2375.0,-5.0,2430.0,2430.0,2355.0,53645.0
2025.02.07,2380.0,35.0,2360.0,2380.0,2340.0,61048.0
2025.02.06,2345.0,-50.0,2360.0,2385.0,2340.0,244720.0
2025.02.05,2395.0,-60.0,2425.0,2425.0,2365.0,74274.0
2025.02.04,2455.0,-55.0,2475.0,2475.0,2375.0,176331.0
2025.02.03,2510.0,130.0,2470.0,2550.0,2470.0,153569.0
2025.01.31,2380.0,45.0,2375.0,2420.0,2375.0,52088.0
2025.01.24,2335.0,-20.0,2345.0,2355.0,2315.0,105756.0
2025.01.23,2355.0,55.0,2310.0,2365.0,2310.0,53329.0
2025.01.22,2300.0,-65.0,2325.0,2350.0,2290.0,81383.0
2025.01.21,2365.0,-5.0,2340.0,2385.0,2300.0,78722.0
2025.01.20,2370.0,10.0,2345.0,2375.0,2330.0,42229.0
2025.01.17,2360.0,10.0,2360.0,2385.0,2345.0,172330.0
2025.01.16,2350.0,-65.0,2355.0,2365.0,2330.0,96069.0
2025.01.15,2415.0,10.0,2405.0,2425.0,2350.0,388153.0
2025.01.14,2405.0,-20.0,2405.0,2445.0,2405.0,338838.0
2025.01.13,2425.0,60.0,2395.0,2440.0,2380.0,210574.0
2025.01.10,2365.0,15.0,2350.0,2385.0,2335.0,164260.0
2025.01.09,2350.0,-5.0,2355.0,2360.0,2310.0,97205.0
2025.01.08,2355.0,-35.0,2450.0,2455.0,2330.0,104274.0
2025.01.07,2390.0,-15.0,2355.0,2400.0,2320.0,141189.0
2025.01.06,2405.0,-100.0,2480.0,2500.0,2390.0,190067.0
2025.01.03,2505.0,-110.0,2615.0,2615.0,2465.0,216268.0
2025.01.02,2615.0,20.0,2610.0,2650.0,2595.0,92126.0
2024.12.30,2595.0,15.0,2590.0,2615.0,2535.0,109505.0
2024.12.27,2580.0,20.0,2575.0,2620.0,2550.0,133332.0
2024.12.26,2560.0,20.0,2525.0,2570.0,2515.0,92512.0
2024.12.24,2540.0,-5.0,2530.0,2555.0,2510.0,72235.0
2024.12.23,2545.0,-75.0,2585.0,2595.0,2520.0,370814.0
2024.12.20,2620.0,60.0,2575.0,2665.0,2575.0,1355111.0
2024.12.19,2560.0,135.0,2595.0,2595.0,2525.0,182262.0
2024.12.18,2425.0,-75.0,2495.0,2495.0,2420.0,160536.0
2024.12.17,2500.0,60.0,2455.0,2515.0,2455.0,147764.0
2024.12.16,2440.0,-35.0,2430.0,2460.0,2385.0,159329.0
2024.12.13,2475.0,20.0,2465.0,2475.0,2410.0,131305.0
2024.12.12,2455.0,-70.0,2515.0,2515.0,2435.0,452394.0
2024.12.11,2525.0,-55.0,2580.0,2605.0,2525.0,172842.0
2024.12.10,2580.0,-105.0,2615.0,2640.0,2575.0,293016.0
2024.12.09,2685.0,115.0,2635.0,2695.0,2620.0,566732.0
2024.12.06,2570.0,30.0,2525.0,2635.0,2500.0,710715.0
2024.12.05,2540.0,40.0,2500.0,2555.0,2490.0,116407.0
2024.12.04,2500.0,65.0,2535.0,2535.0,2465.0,160466.0
2024.12.03,2435.0,-65.0,2485.0,2485.0,2420.0,160785.0
2024.12.02,2500.0,0.0,2470.0,2525.0,2460.0,200300.0
2024.11.29,2500.0,75.0,2430.0,2545.0,2430.0,269464.0
2024.11.28,2425.0,10.0,2430.0,2435.0,2400.0,56410.0
2024.11.27,2415.0,45.0,2385.0,2420.0,2370.0,66655.0
2024.11.26,2370.0,25.0,2365.0,2390.0,2365.0,73836.0
2024.11.25,2345.0,-70.0,2385.0,2385.0,2335.0,103093.0
2024.11.22,2415.0,-40.0,2440.0,2440.0,2380.0,31255.0
2024.11.21,2455.0,-5.0,2470.0,2485.0,2425.0,169009.0
2024.11.20,2460.0,-5.0,2470.0,2485.0,2445.0,60172.0
2024.11.19,2465.0,-20.0,2480.0,2490.0,2450.0,103743.0
2024.11.18,2485.0,-110.0,2565.0,2565.0,2440.0,218032.0
2024.11.15,2595.0,-40.0,2660.0,2665.0,2565.0,258772.0
2024.11.14,2635.0,15.0,2615.0,2645.0,2575.0,319533.0
2024.11.13,2620.0,140.0,2525.0,2620.0,2495.0,353480.0
2024.11.12,2480.0,95.0,2400.0,2495.0,2395.0,153377.0
2024.11.11,2385.0,70.0,2330.0,2405.0,2330.0,115393.0
2024.11.08,2315.0,15.0,2275.0,2325.0,2245.0,85923.0
2024.11.07,2300.0,-5.0,2320.0,2350.0,2275.0,100104.0
2024.11.06,2305.0,10.0,2275.0,2340.0,2255.0,142721.0
2024.11.05,2295.0,30.0,2285.0,2315.0,2275.0,112604.0
2024.11.04,2265.0,-85.0,2350.0,2350.0,2265.0,233861.0
2024.11.01,2350.0,45.0,2320.0,2360.0,2310.0,149201.0
2024.10.31,2305.0,65.0,2285.0,2315.0,2270.0,136050.0
2024.10.30,2240.0,30.0,2210.0,2260.0,2210.0,93872.0
2024.10.29,2210.0,5.0,2220.0,2250.0,2205.0,108216.0
2024.10.28,2205.0,-50.0,2230.0,2255.0,2205.0,271688.0
2024.10.25,2255.0,0.0,2255.0,2275.0,2220.0,91627.0
2024.10.24,2255.0,30.0,2255.0,2270.0,2235.0,126145.0
2024.10.23,2225.0,-50.0,2275.0,2290.0,2200.0,51642.0
2024.10.22,2275.0,65.0,2215.0,2295.0,2215.0,192013.0
2024.10.21,2210.0,-15.0,2230.0,2235.0,2195.0,59496.0
2024.10.18,2225.0,20.0,2205.0,2245.0,2185.0,49788.0
2024.10.17,2205.0,-20.0,2225.0,2225.0,2190.0,71942.0
2024.10.16,2225.0,50.0,2210.0,2240.0,2195.0,129389.0
2024.10.15,2175.0,-10.0,2160.0,2195.0,2150.0,89774.0
2024.10.14,2185.0,-50.0,2240.0,2240.0,2165.0,201549.0
2024.10.11,2235.0,0.0,2215.0,2245.0,2195.0,104906.0
2024.10.10,2235.0,-15.0,2215.0,2245.0,2205.0,146267.0
2024.10.08,2250.0,35.0,2250.0,2270.0,2235.0,105120.0
2024.10.07,2215.0,-65.0,2245.0,2310.0,2200.0,172703.0
2024.10.04,2280.0,-15.0,2295.0,2310.0,2245.0,137427.0
2024.10.02,2295.0,75.0,2295.0,2315.0,2240.0,214536.0
2024.09.30,2220.0,105.0,2120.0,2225.0,2095.0,165444.0
2024.09.27,2115.0,-10.0,2110.0,2130.0,2070.0,84475.0
2024.09.26,2125.0,-125.0,2205.0,2205.0,2115.0,181210.0
2024.09.25,2250.0,60.0,2165.0,2250.0,2135.0,224932.0
2024.09.24,2190.0,-50.0,2245.0,2265.0,2190.0,58785.0
2024.09.23,2240.0,-25.0,2265.0,2265.0,2240.0,75954.0
2024.09.20,2265.0,-5.0,2240.0,2265.0,2200.0,75839.0
2024.09.19,2270.0,15.0,2235.0,2335.0,2235.0,91314.0
2024.09.13,2255.0,-15.0,2270.0,2300.0,2245.0,73833.0
2024.09.12,2270.0,-120.0,2330.0,2330.0,2270.0,157279.0
2024.09.11,2390.0,45.0,2330.0,2425.0,2330.0,218989.0
2024.09.10,2345.0,45.0,2295.0,2360.0,2270.0,66556.0
2024.09.09,2300.0,5.0,2390.0,2405.0,2300.0,206837.0
2024.09.06,2295.0,55.0,2240.0,2320.0,2240.0,154907.0
2024.09.05,2240.0,5.0,2215.0,2270.0,2180.0,140583.0
2024.09.04,2235.0,145.0,2200.0,2290.0,2190.0,303000.0
2024.09.03,2090.0,25.0,2065.0,2095.0,2040.0,57612.0
2024.09.02,2065.0,25.0,2025.0,2100.0,2025.0,118141.0
2024.08.30,2040.0,-35.0,2050.0,2065.0,2035.0,150572.0
2024.08.29,2075.0,60.0,2120.0,2120.0,2060.0,111431.0
2024.08.28,2015.0,-15.0,2020.0,2055.0,2015.0,92941.0
2024.08.27,2030.0,20.0,1999.0,2035.0,1999.0,97982.0
2024.08.26,2010.0,25.0,1964.0,2015.0,1964.0,168304.0
2024.08.23,1985.0,6.0,1999.0,2005.0,1969.0,240933.0
2024.08.22,1979.0,-9.0,1979.0,2005.0,1968.0,248006.0
2024.08.21,1988.0,7.0,2005.0,2005.0,1976.0,333954.0
2024.08.20,1981.0,-49.0,1969.0,1993.0,1960.0,228507.0
2024.08.19,2030.0,48.0,1984.0,2035.0,1981.0,415018.0
2024.08.16,1982.0,-103.0,2025.0,2025.0,1976.0,421937.0
2024.08.14,2085.0,-45.0,2065.0,2100.0,2065.0,160787.0
2024.08.13,2130.0,-15.0,2155.0,2155.0,2100.0,127903.0
2024.08.12,2145.0,-25.0,2155.0,2160.0,2120.0,95414.0
2024.08.09,2170.0,-80.0,2165.0,2210.0,2155.0,139007.0
2024.08.08,2250.0,35.0,2305.0,2320.0,2220.0,368362.0
2024.08.07,2215.0,-95.0,2330.0,2355.0,2165.0,494538.0
2024.08.06,2310.0,-160.0,2225.0,2365.0,2170.0,632725.0
2024.08.05,2470.0,385.0,2180.0,2550.0,2130.0,1317934.0
2024.08.02,2085.0,164.0,1985.0,2095.0,1985.0,431236.0
2024.08.01,1921.0,-12.0,1895.0,1921.0,1887.0,126761.0
2024.07.31,1933.0,-50.0,1992.0,1992.0,1928.0,198324.0
2024.07.30,1983.0,28.0,1980.0,1992.0,1971.0,206497.0
2024.07.29,1955.0,-34.0,1959.0,1972.0,1906.0,275967.0
2024.07.26,1989.0,-26.0,2040.0,2040.0,1974.0,280423.0
2024.07.25,2015.0,77.0,1982.0,2020.0,1982.0,533875.0
2024.07.24,1938.0,27.0,1955.0,1955.0,1909.0,293899.0
2024.07.23,1911.0,-2.0,1891.0,1921.0,1880.0,391151.0
2024.07.22,1913.0,34.0,1884.0,1942.0,1884.0,349549.0
2024.07.19,1879.0,37.0,1875.0,1911.0,1875.0,390740.0
2024.07.18,1842.0,30.0,1845.0,1875.0,1842.0,275078.0
2024.07.17,1812.0,31.0,1781.0,1815.0,1781.0,127623.0
2024.07.16,1781.0,-1.0,1787.0,1799.0,1771.0,45911.0
2024.07.15,1782.0,-19.0,1792.0,1814.0,1782.0,49024.0
2024.07.12,1801.0,38.0,1791.0,1820.0,1779.0,264647.0
2024.07.11,1763.0,-18.0,1774.0,1774.0,1738.0,245208.0
2024.07.10,1781.0,4.0,1784.0,1791.0,1774.0,148792.0
2024.07.09,1777.0,-10.0,1776.0,1796.0,1765.0,47572.0
2024.07.08,1787.0,14.0,1771.0,1789.0,1770.0,170950.0
2024.07.05,1773.0,-73.0,1846.0,1846.0,1763.0,729593.0
2024.07.04,1846.0,-49.0,1891.0,1891.0,1846.0,390708.0
2024.07.03,1895.0,-23.0,1908.0,1928.0,1895.0,116829.0
2024.07.02,1918.0,12.0,1900.0,1923.0,1888.0,307097.0
2024.07.01,1906.0,19.0,1915.0,1915.0,1882.0,147159.0
2024.06.28,1887.0,-29.0,1906.0,1913.0,1887.0,126219.0
2024.06.27,1916.0,11.0,1941.0,1953.0,1909.0,316668.0
2024.06.26,1905.0,-31.0,1945.0,1960.0,1905.0,193639.0
2024.06.25,1936.0,-4.0,1954.0,1954.0,1927.0,224731.0
2024.06.24,1940.0,30.0,1930.0,1961.0,1930.0,346463.0
2024.06.21,1910.0,34.0,1904.0,1935.0,1904.0,370575.0
2024.06.20,1876.0,-23.0,1899.0,1910.0,1874.0,319782.0
2024.06.19,1899.0,-66.0,1963.0,1963.0,1896.0,304956.0
2024.06.18,1965.0,-29.0,1980.0,1989.0,1954.0,208083.0
2024.06.17,1994.0,18.0,1987.0,2005.0,1980.0,592537.0
2024.06.14,1976.0,-14.0,1987.0,1995.0,1965.0,458818.0
2024.06.13,1990.0,-45.0,1975.0,1990.0,1944.0,797395.0
2024.06.12,2035.0,-20.0,2055.0,2060.0,2020.0,188703.0
2024.06.11,2055.0,-5.0,2045.0,2070.0,2045.0,107814.0
2024.06.10,2060.0,35.0,2050.0,2080.0,2030.0,253162.0
2024.06.07,2025.0,-40.0,2050.0,2050.0,2000.0,266394.0
2024.06.05,2065.0,-55.0,2085.0,2110.0,2060.0,119091.0
2024.06.04,2120.0,40.0,2100.0,2120.0,2095.0,146085.0
2024.06.03,2080.0,-85.0,2125.0,2130.0,2065.0,263590.0
2024.05.31,2165.0,5.0,2155.0,2165.0,2110.0,178138.0
2024.05.30,2160.0,80.0,2115.0,2160.0,2115.0,394070.0
2024.05.29,2080.0,70.0,2040.0,2090.0,2025.0,162216.0
2024.05.28,2010.0,-15.0,2035.0,2040.0,2010.0,85791.0
2024.05.27,2025.0,-55.0,2075.0,2075.0,2015.0,67866.0
2024.05.24,2080.0,65.0,2065.0,2090.0,2065.0,240476.0
2024.05.23,2015.0,-5.0,2015.0,2050.0,1998.0,296060.0
2024.05.22,2020.0,5.0,2015.0,2050.0,2005.0,158242.0
2024.05.21,2015.0,24.0,1998.0,2025.0,1998.0,158359.0
2024.05.20,1991.0,-34.0,2040.0,2040.0,1970.0,371045.0
2024.05.17,2025.0,44.0,2000.0,2030.0,1985.0,345988.0
2024.05.16,1981.0,-44.0,1969.0,1983.0,1943.0,310637.0
2024.05.14,2025.0,-5.0,2030.0,2030.0,2015.0,73824.0
2024.05.13,2030.0,10.0,2005.0,2045.0,1999.0,101754.0
2024.05.10,2020.0,-10.0,2010.0,2025.0,1986.0,254604.0
2024.05.09,2030.0,39.0,2000.0,2040.0,1986.0,268485.0
2024.05.08,1991.0,-14.0,2010.0,2010.0,1987.0,131805.0
2024.05.07,2005.0,-100.0,2040.0,2040.0,2000.0,330681.0
2024.05.03,2105.0,0.0,2070.0,2105.0,2060.0,124002.0
2024.05.02,2105.0,20.0,2110.0,2115.0,2085.0,140088.0
2024.04.30,2085.0,-15.0,2105.0,2105.0,2055.0,142597.0
2024.04.29,2100.0,-40.0,2135.0,2135.0,2090.0,195107.0
2024.04.26,2140.0,-40.0,2175.0,2175.0,2125.0,176815.0
2024.04.25,2180.0,65.0,2150.0,2185.0,2150.0,261151.0
2024.04.24,2115.0,-80.0,2130.0,2130.0,2095.0,281271.0
2024.04.23,2195.0,5.0,2190.0,2200.0,2170.0,215739.0
2024.04.22,2190.0,-60.0,2250.0,2250.0,2175.0,283849.0
2024.04.19,2250.0,90.0,2210.0,2315.0,2210.0,349262.0
2024.04.18,2160.0,-70.0,2225.0,2235.0,2150.0,187415.0
2024.04.17,2230.0,40.0,2185.0,2240.0,2170.0,217352.0
2024.04.16,2190.0,95.0,2160.0,2210.0,2135.0,385714.0
2024.04.15,2095.0,25.0,2105.0,2140.0,2090.0,475541.0
2024.04.12,2070.0,35.0,2020.0,2075.0,2020.0,155440.0
2024.04.11,2035.0,10.0,2065.0,2100.0,2015.0,250724.0
2024.04.09,2025.0,15.0,2000.0,2030.0,1972.0,150391.0
2024.04.08,2010.0,5.0,2000.0,2015.0,2000.0,16612.0
2024.04.05,2005.0,31.0,2010.0,2030.0,1991.0,134359.0
2024.04.04,1974.0,-56.0,2000.0,2000.0,1969.0,203576.0
2024.04.03,2030.0,61.0,1995.0,2035.0,1995.0,163250.0
2024.04.02,1969.0,-14.0,2000.0,2000.0,1960.0,308897.0
2024.04.01,1983.0,-1.0,1960.0,1983.0,1944.0,116486.0
2024.03.29,1984.0,-11.0,1995.0,2005.0,1972.0,106712.0
2024.03.28,1995.0,-4.0,2000.0,2010.0,1987.0,65619.0
2024.03.27,1999.0,-1.0,2010.0,2020.0,1988.0,126554.0
2024.03.26,2000.0,-40.0,2025.0,2025.0,1958.0,326138.0
2024.03.25,2040.0,30.0,2010.0,2055.0,1999.0,59394.0
2024.03.22,2010.0,-15.0,2035.0,2040.0,1998.0,69492.0
2024.03.21,2025.0,-105.0,2065.0,2100.0,2000.0,361886.0
2024.03.20,2130.0,-75.0,2195.0,2195.0,2120.0,238045.0
2024.03.19,2205.0,55.0,2170.0,2225.0,2170.0,332928.0
2024.03.18,2150.0,-20.0,2180.0,2185.0,2150.0,159634.0
2024.03.15,2170.0,75.0,2115.0,2175.0,2115.0,134893.0
2024.03.14,2095.0,-40.0,2150.0,2150.0,2095.0,178209.0
2024.03.13,2135.0,-25.0,2140.0,2155.0,2120.0,197193.0
2024.03.12,2160.0,-25.0,2180.0,2195.0,2145.0,106125.0
2024.03.11,2185.0,40.0,2190.0,2195.0,2165.0,188327.0
2024.03.08,2145.0,-70.0,2175.0,2180.0,2130.0,128805.0
2024.03.07,2215.0,0.0,2210.0,2240.0,2185.0,211143.0
2024.03.06,2215.0,10.0,2225.0,2240.0,2210.0,148903.0
2024.03.05,2205.0,45.0,2180.0,2205.0,2135.0,182256.0
2024.03.04,2160.0,-70.0,2210.0,2210.0,2145.0,170460.0
2024.02.29,2230.0,20.0,2235.0,2250.0,2215.0,84397.0
2024.02.28,2210.0,-55.0,2290.0,2290.0,2200.0,284039.0
2024.02.27,2265.0,35.0,2230.0,2275.0,2220.0,236724.0
2024.02.26,2230.0,35.0,2225.0,2265.0,2215.0,262148.0
2024.02.23,2195.0,-10.0,2160.0,2200.0,2145.0,189150.0
2024.02.22,2205.0,-25.0,2205.0,2230.0,2185.0,219386.0
2024.02.21,2230.0,10.0,2255.0,2255.0,2190.0,278228.0
2024.02.20,2220.0,50.0,2195.0,2245.0,2180.0,241082.0
2024.02.19,2170.0,-70.0,2260.0,2260.0,2160.0,272215.0
2024.02.16,2240.0,-35.0,2270.0,2270.0,2230.0,57817.0
2024.02.15,2275.0,0.0,2230.0,2280.0,2230.0,69519.0
2024.02.14,2275.0,60.0,2305.0,2305.0,2260.0,106903.0
2024.02.13,2215.0,-50.0,2250.0,2250.0,2190.0,154431.0
2024.02.08,2265.0,-5.0,2255.0,2275.0,2235.0,93481.0
2024.02.07,2270.0,-65.0,2335.0,2335.0,2235.0,129080.0
2024.02.06,2335.0,15.0,2325.0,2365.0,2300.0,128310.0
2024.02.05,2320.0,60.0,2265.0,2370.0,2265.0,263297.0
2024.02.02,2260.0,-165.0,2410.0,2410.0,2255.0,405743.0
2024.02.01,2425.0,-85.0,2515.0,2535.0,2415.0,160033.0
2024.01.31,2510.0,35.0,2515.0,2515.0,2490.0,31775.0
2024.01.30,2475.0,0.0,2500.0,2500.0,2425.0,73598.0
2024.01.29,2475.0,-50.0,2540.0,2540.0,2435.0,99530.0
2024.01.26,2525.0,-15.0,2590.0,2590.0,2475.0,58394.0
2024.01.25,2540.0,10.0,2550.0,2560.0,2525.0,17013.0
2024.01.24,2530.0,15.0,2520.0,2575.0,2520.0,17585.0
2024.01.23,2515.0,-15.0,2530.0,2555.0,2505.0,25254.0
2024.01.22,2530.0,-20.0,2500.0,2550.0,2475.0,74632.0
2024.01.19,2550.0,-80.0,2600.0,2600.0,2535.0,111212.0
2024.01.18,2630.0,-10.0,2670.0,2670.0,2605.0,62165.0
2024.01.17,2640.0,125.0,2500.0,2650.0,2495.0,170506.0
2024.01.16,2515.0,65.0,2475.0,2530.0,2455.0,102090.0
2024.01.15,2450.0,-15.0,2475.0,2475.0,2430.0,170809.0
2024.01.12,2465.0,45.0,2450.0,2480.0,2420.0,173247.0
2024.01.11,2420.0,-5.0,2415.0,2440.0,2395.0,57458.0
2024.01.10,2425.0,45.0,2380.0,2435.0,2365.0,61710.0
2024.01.09,2380.0,20.0,2290.0,2390.0,2275.0,165299.0
2024.01.08,2360.0,20.0,2345.0,2360.0,2300.0,143854.0
2024.01.05,2340.0,10.0,2325.0,2345.0,2315.0,239760.0
2024.01.04,2330.0,50.0,2305.0,2335.0,2290.0,317209.0
2024.01.03,2280.0,125.0,2200.0,2280.0,2200.0,245398.0
2024.01.02,2155.0,-35.0,2210.0,2220.0,2145.0,211755.0
2023.12.28,2190.0,-70.0,2275.0,2275.0,2190.0,243487.0
2023.12.27,2260.0,-55.0,2315.0,2315.0,2260.0,66554.0
2023.12.26,2315.0,-20.0,2320.0,2335.0,2305.0,39993.0
2023.12.22,2335.0,-15.0,2320.0,2335.0,2310.0,184120.0
2023.12.21,2350.0,30.0,2350.0,2365.0,2335.0,105047.0
2023.12.20,2320.0,-95.0,2400.0,2400.0,2315.0,173418.0
2023.12.19,2415.0,5.0,2440.0,2445.0,2410.0,58344.0
2023.12.18,2410.0,-25.0,2450.0,2450.0,2410.0,53023.0
2023.12.15,2435.0,-35.0,2490.0,2490.0,2390.0,199561.0
2023.12.14,2470.0,-60.0,2470.0,2485.0,2405.0,86240.0
2023.12.13,2530.0,35.0,2500.0,2540.0,2495.0,68165.0
2023.12.12,2495.0,-25.0,2530.0,2530.0,2475.0,41844.0
2023.12.11,2520.0,-15.0,2545.0,2555.0,2520.0,58936.0
2023.12.08,2535.0,-70.0,2580.0,2580.0,2525.0,58419.0
2023.12.07,2605.0,25.0,2590.0,2625.0,2580.0,140263.0
2023.12.06,2580.0,-15.0,2580.0,2585.0,2555.0,60315.0
2023.12.05,2595.0,50.0,2565.0,2600.0,2565.0,129826.0
2023.12.04,2545.0,-20.0,2545.0,2555.0,2525.0,75099.0
2023.12.01,2565.0,50.0,2530.0,2575.0,2530.0,34733.0
2023.11.30,2515.0,-40.0,2555.0,2560.0,2515.0,87259.0
2023.11.29,2555.0,30.0,2530.0,2570.0,2530.0,80968.0
2023.11.28,2525.0,-55.0,2575.0,2575.0,2520.0,63974.0
2023.11.27,2580.0,5.0,2610.0,2610.0,2545.0,33774.0
2023.11.24,2575.0,45.0,2540.0,2575.0,2520.0,87976.0
2023.11.23,2530.0,-5.0,2535.0,2545.0,2515.0,144725.0
2023.11.22,2535.0,-5.0,2565.0,2580.0,2525.0,182728.0
2023.11.21,2540.0,-20.0,2540.0,2550.0,2515.0,58897.0
2023.11.20,2560.0,-50.0,2615.0,2620.0,2550.0,149151.0
2023.11.17,2610.0,30.0,2580.0,2620.0,2580.0,76143.0
2023.11.16,2580.0,5.0,2595.0,2600.0,2560.0,53871.0
2023.11.15,2575.0,-115.0,2600.0,2615.0,2570.0,150424.0
2023.11.14,2690.0,-55.0,2720.0,2720.0,2675.0,68523.0
2023.11.13,2745.0,0.0,2710.0,2765.0,2680.0,98375.0
2023.11.10,2745.0,35.0,2750.0,2780.0,2735.0,52501.0
2023.11.09,2710.0,-25.0,2725.0,2745.0,2690.0,24456.0
2023.11.08,2735.0,45.0,2685.0,2745.0,2600.0,85317.0
2023.11.07,2690.0,60.0,2630.0,2735.0,2630.0,138590.0
2023.11.06,2630.0,-235.0,2750.0,2825.0,2630.0,370628.0
2023.11.03,2865.0,-60.0,2865.0,2920.0,2845.0,116941.0
2023.11.02,2925.0,-95.0,2920.0,2930.0,2885.0,105821.0
2023.11.01,3020.0,-85.0,3105.0,3105.0,3000.0,93743.0
2023.10.31,3105.0,85.0,2995.0,3105.0,2985.0,118125.0
2023.10.30,3020.0,-25.0,3070.0,3075.0,3015.0,238834.0
2023.10.27,3045.0,0.0,3045.0,3065.0,2995.0,249347.0
2023.10.26,3045.0,155.0,2965.0,3050.0,2965.0,330889.0
2023.10.25,2890.0,35.0,2840.0,2900.0,2840.0,109984.0
2023.10.24,2855.0,-50.0,2910.0,2985.0,2855.0,152656.0
2023.10.23,2905.0,35.0,2875.0,2920.0,2870.0,87054.0
2023.10.20,2870.0,80.0,2830.0,2900.0,2820.0,192273.0
2023.10.19,2790.0,100.0,2740.0,2795.0,2740.0,182121.0
2023.10.18,2690.0,-45.0,2710.0,2725.0,2680.0,87202.0
2023.10.17,2735.0,-45.0,2765.0,2765.0,2695.0,143564.0
2023.10.16,2780.0,45.0,2770.0,2815.0,2735.0,130009.0
2023.10.13,2735.0,45.0,2740.0,2740.0,2710.0,180944.0
2023.10.12,2690.0,-65.0,2710.0,2715.0,2680.0,177005.0
2023.10.11,2755.0,-85.0,2810.0,2810.0,2705.0,240407.0
2023.10.10,2840.0,0.0,2775.0,2850.0,2745.0,96061.0
2023.10.06,2840.0,-20.0,2845.0,2865.0,2830.0,50497.0
2023.10.05,2860.0,-5.0,2810.0,2870.0,2810.0,130236.0
2023.10.04,2865.0,140.0,2775.0,2870.0,2775.0,223531.0
2023.09.27,2725.0,5.0,2770.0,2770.0,2700.0,124183.0
2023.09.26,2720.0,60.0,2645.0,2730.0,2645.0,192450.0
2023.09.25,2660.0,15.0,2655.0,2680.0,2640.0,117580.0
2023.09.22,2645.0,15.0,2685.0,2695.0,2640.0,241993.0
2023.09.21,2630.0,90.0,2570.0,2635.0,2565.0,205034.0
2023.09.20,2540.0,-10.0,2555.0,2555.0,2525.0,78436.0
2023.09.19,2550.0,55.0,2490.0,2550.0,2490.0,231305.0
2023.09.18,2495.0,40.0,2500.0,2505.0,2465.0,156087.0
2023.09.15,2455.0,-70.0,2510.0,2520.0,2430.0,140216.0
2023.09.14,2525.0,-65.0,2580.0,2580.0,2525.0,57994.0
2023.09.13,2590.0,-5.0,2615.0,2615.0,2570.0,144686.0
2023.09.12,2595.0,25.0,2555.0,2595.0,2555.0,161081.0
2023.09.11,2570.0,-15.0,2585.0,2600.0,2565.0,138567.0
2023.09.08,2585.0,-5.0,2595.0,2620.0,2585.0,79645.0
2023.09.07,2590.0,25.0,2590.0,2600.0,2565.0,85267.0
2023.09.06,2565.0,40.0,2530.0,2565.0,2525.0,154384.0
2023.09.05,2525.0,5.0,2535.0,2535.0,2515.0,65743.0
2023.09.04,2520.0,-35.0,2545.0,2560.0,2520.0,85883.0
2023.09.01,2555.0,-55.0,2620.0,2620.0,2535.0,139433.0
2023.08.31,2610.0,10.0,2600.0,2630.0,2585.0,110620.0
2023.08.30,2600.0,-25.0,2595.0,2600.0,2565.0,133112.0
2023.08.29,2625.0,-20.0,2630.0,2640.0,2615.0,15140.0
2023.08.28,2645.0,-40.0,2675.0,2690.0,2640.0,30892.0
2023.08.25,2685.0,60.0,2695.0,2700.0,2660.0,173774.0
2023.08.24,2625.0,-75.0,2645.0,2645.0,2615.0,116186.0
2023.08.23,2700.0,15.0,2715.0,2720.0,2680.0,65622.0
2023.08.22,2685.0,-20.0,2690.0,2705.0,2645.0,52437.0
2023.08.21,2705.0,10.0,2655.0,2705.0,2655.0,103972.0
2023.08.18,2695.0,25.0,2750.0,2750.0,2670.0,187482.0
2023.08.17,2670.0,15.0,2680.0,2740.0,2670.0,284280.0
2023.08.16,2655.0,85.0,2615.0,2665.0,2610.0,134982.0
2023.08.14,2570.0,45.0,2535.0,2595.0,2530.0,62438.0
2023.08.11,2525.0,5.0,2520.0,2535.0,2475.0,128049.0
2023.08.10,2520.0,25.0,2525.0,2530.0,2510.0,117491.0
2023.08.09,2495.0,-60.0,2555.0,2555.0,2480.0,82337.0
2023.08.08,2555.0,50.0,2490.0,2560.0,2485.0,150786.0
2023.08.07,2505.0,10.0,2550.0,2550.0,2470.0,122768.0
2023.08.04,2495.0,10.0,2490.0,2510.0,2480.0,67574.0
2023.08.03,2485.0,25.0,2475.0,2515.0,2445.0,249796.0
2023.08.02,2460.0,100.0,2380.0,2465.0,2380.0,243688.0
2023.08.01,2360.0,-75.0,2455.0,2455.0,2355.0,150827.0
2023.07.31,2435.0,-25.0,2445.0,2465.0,2415.0,50755.0
2023.07.28,2460.0,10.0,2470.0,2495.0,2450.0,34264.0
2023.07.27,2450.0,-50.0,2495.0,2500.0,2435.0,34281.0
2023.07.26,2500.0,55.0,2445.0,2510.0,2440.0,101125.0
2023.07.25,2445.0,-5.0,2415.0,2475.0,2415.0,28842.0
2023.07.24,2450.0,-40.0,2520.0,2520.0,2415.0,56637.0
2023.07.21,2490.0,10.0,2510.0,2550.0,2480.0,127553.0
2023.07.20,2480.0,20.0,2490.0,2505.0,2465.0,57190.0
2023.07.19,2460.0,0.0,2445.0,2485.0,2410.0,56244.0
2023.07.18,2460.0,15.0,2440.0,2465.0,2410.0,126210.0
2023.07.17,2445.0,40.0,2415.0,2445.0,2405.0,40144.0
2023.07.14,2405.0,-80.0,2470.0,2475.0,2405.0,147747.0
2023.07.13,2485.0,-40.0,2500.0,2500.0,2465.0,62680.0
2023.07.12,2525.0,-35.0,2560.0,2575.0,2520.0,35935.0
2023.07.11,2560.0,-90.0,2635.0,2635.0,2560.0,82805.0
2023.07.10,2650.0,10.0,2640.0,2660.0,2610.0,120464.0
2023.07.07,2640.0,70.0,2600.0,2660.0,2590.0,184609.0
2023.07.06,2570.0,40.0,2540.0,2575.0,2530.0,133758.0
2023.07.05,2530.0,45.0,2490.0,2530.0,2470.0,111008.0
2023.07.04,2485.0,20.0,2465.0,2485.0,2455.0,31509.0
2023.07.03,2465.0,-80.0,2525.0,2525.0,2455.0,104331.0
2023.06.30,2545.0,0.0,2545.0,2590.0,2525.0,111621.0
2023.06.29,2545.0,0.0,2545.0,2550.0,2500.0,149272.0
2023.06.28,2545.0,25.0,2525.0,2560.0,2505.0,115284.0
2023.06.27,2520.0,10.0,2525.0,2545.0,2515.0,137825.0
2023.06.26,2510.0,-30.0,2545.0,2560.0,2510.0,49059.0
2023.06.23,2540.0,20.0,2520.0,2550.0,2495.0,188339.0
2023.06.22,2520.0,-5.0,2535.0,2540.0,2500.0,82782.0
2023.06.21,2525.0,40.0,2490.0,2530.0,2490.0,172129.0
2023.06.20,2485.0,10.0,2480.0,2505.0,2475.0,44934.0
2023.06.19,2475.0,20.0,2455.0,2490.0,2455.0,99410.0
2023.06.16,2455.0,-5.0,2450.0,2475.0,2440.0,80329.0
2023.06.15,2460.0,15.0,2440.0,2475.0,2420.0,135339.0
2023.06.14,2445.0,15.0,2425.0,2460.0,2415.0,93224.0
2023.06.13,2430.0,-20.0,2440.0,2440.0,2410.0,78550.0
2023.06.12,2450.0,30.0,2420.0,2465.0,2400.0,104009.0
2023.06.09,2420.0,-65.0,2465.0,2480.0,2410.0,112388.0
2023.06.08,2485.0,5.0,2500.0,2510.0,2480.0,56174.0
2023.06.07,2480.0,-35.0,2415.0,2480.0,2415.0,126608.0
2023.06.05,2515.0,25.0,2470.0,2515.0,2455.0,62636.0
2023.06.02,2490.0,-55.0,2525.0,2525.0,2490.0,125267.0
2023.06.01,2545.0,5.0,2550.0,2565.0,2515.0,152902.0
2023.05.31,2540.0,35.0,2505.0,2540.0,2490.0,84641.0
2023.05.30,2505.0,-65.0,2535.0,2535.0,2500.0,77118.0
2023.05.26,2570.0,-20.0,2585.0,2585.0,2550.0,36440.0
2023.05.25,2590.0,5.0,2585.0,2600.0,2555.0,59879.0
2023.05.24,2585.0,25.0,2600.0,2600.0,2560.0,139878.0
2023.05.23,2560.0,-20.0,2590.0,2590.0,2545.0,160779.0
2023.05.22,2580.0,-35.0,2570.0,2615.0,2555.0,104705.0
2023.05.19,2615.0,-75.0,2650.0,2650.0,2605.0,91248.0
2023.05.18,2690.0,-40.0,2700.0,2720.0,2680.0,27696.0
2023.05.17,2730.0,-30.0,2765.0,2770.0,2720.0,57076.0
2023.05.16,2760.0,-5.0,2740.0,2765.0,2715.0,30021.0
2023.05.15,2765.0,-20.0,2815.0,2820.0,2765.0,104886.0
2023.05.12,2785.0,40.0,2765.0,2795.0,2755.0,46286.0
2023.05.11,2745.0,15.0,2720.0,2750.0,2700.0,91531.0
2023.05.10,2730.0,40.0,2700.0,2760.0,2700.0,39349.0
2023.05.09,2690.0,-5.0,2700.0,2725.0,2690.0,26678.0
2023.05.08,2695.0,-50.0,2710.0,2710.0,2670.0,65375.0
2023.05.04,2745.0,10.0,2765.0,2775.0,2740.0,55060.0
2023.05.03,2735.0,45.0,2715.0,2745.0,2710.0,146982.0
2023.05.02,2690.0,-50.0,2715.0,2720.0,2665.0,96214.0
2023.04.28,2740.0,-10.0,2710.0,2760.0,2695.0,128796.0
2023.04.27,2750.0,-15.0,2760.0,2820.0,2735.0,87759.0
2023.04.26,2765.0,10.0,2720.0,2775.0,2720.0,223926.0
2023.04.25,2755.0,75.0,2685.0,2785.0,2670.0,247486.0
2023.04.24,2680.0,35.0,2670.0,2695.0,2660.0,78271.0
2023.04.21,2645.0,15.0,2670.0,2670.0,2630.0,103533.0
2023.04.20,2630.0,20.0,2645.0,2645.0,2610.0,161602.0
2023.04.19,2610.0,-5.0,2625.0,2625.0,2595.0,165408.0
2023.04.18,2615.0,5.0,2610.0,2670.0,2595.0,75627.0
2023.04.17,2610.0,5.0,2615.0,2630.0,2595.0,79256.0
2023.04.14,2605.0,-20.0,2600.0,2615.0,2575.0,138365.0
2023.04.13,2625.0,-5.0,2650.0,2670.0,2615.0,98319.0
2023.04.12,2630.0,-20.0,2655.0,2660.0,2620.0,157260.0
2023.04.11,2650.0,-75.0,2730.0,2730.0,2640.0,184643.0
2023.04.10,2725.0,-50.0,2780.0,2780.0,2625.0,192555.0
2023.04.07,2775.0,-80.0,2820.0,2855.0,2765.0,125851.0
2023.04.06,2855.0,80.0,2810.0,2875.0,2800.0,155382.0
2023.04.05,2775.0,-30.0,2825.0,2825.0,2765.0,77467.0
2023.04.04,2805.0,-25.0,2830.0,2830.0,2785.0,68441.0
2023.04.03,2830.0,30.0,2800.0,2840.0,2790.0,83738.0
2023.03.31,2800.0,-65.0,2850.0,2850.0,2780.0,160118.0
2023.03.30,2865.0,-40.0,2895.0,2895.0,2720.0,149800.0
2023.03.29,2905.0,-15.0,2940.0,2940.0,2895.0,66999.0
2023.03.28,2920.0,-50.0,2980.0,2980.0,2915.0,97838.0
2023.03.27,2970.0,20.0,2915.0,3010.0,2915.0,97118.0
2023.03.24,2950.0,15.0,2930.0,2985.0,2930.0,87359.0
2023.03.23,2935.0,-15.0,2995.0,3000.0,2930.0,83112.0
2023.03.22,2950.0,-75.0,2980.0,2990.0,2940.0,129839.0
2023.03.21,3025.0,-5.0,3020.0,3035.0,2990.0,147904.0
2023.03.20,3030.0,40.0,3030.0,3040.0,2965.0,115686.0
2023.03.17,2990.0,-75.0,3010.0,3040.0,2980.0,209165.0
2023.03.16,3065.0,30.0,3095.0,3135.0,3045.0,176640.0
2023.03.15,3035.0,-85.0,3050.0,3070.0,2995.0,233021.0
2023.03.14,3120.0,150.0,3005.0,3120.0,3005.0,566629.0
2023.03.13,2970.0,-60.0,3045.0,3065.0,2830.0,368976.0
2023.03.10,3030.0,80.0,2995.0,3050.0,2995.0,303495.0
2023.03.09,2950.0,15.0,2900.0,2955.0,2895.0,152794.0
2023.03.08,2935.0,85.0,2910.0,2950.0,2905.0,191577.0
2023.03.07,2850.0,15.0,2855.0,2855.0,2815.0,134284.0
2023.03.06,2835.0,-75.0,2880.0,2885.0,2820.0,227829.0
2023.03.03,2910.0,-15.0,2885.0,2930.0,2880.0,84783.0
2023.03.02,2925.0,-15.0,2930.0,2950.0,2865.0,241790.0
2023.02.28,2940.0,-15.0,2950.0,2955.0,2885.0,195922.0
2023.02.27,2955.0,60.0,2945.0,3005.0,2940.0,332431.0
2023.02.24,2895.0,45.0,2830.0,2900.0,2830.0,133610.0
2023.02.23,2850.0,-65.0,2895.0,2895.0,2825.0,306967.0
2023.02.22,2915.0,90.0,2885.0,2925.0,2870.0,251084.0
2023.02.21,2825.0,20.0,2820.0,2850.0,2800.0,103877.0
2023.02.20,2805.0,-35.0,2845.0,2885.0,2795.0,214630.0
2023.02.17,2840.0,60.0,2840.0,2850.0,2785.0,282402.0
2023.02.16,2780.0,-120.0,2860.0,2865.0,2770.0,251797.0
2023.02.15,2900.0,105.0,2795.0,2905.0,2780.0,212244.0
2023.02.14,2795.0,-25.0,2785.0,2805.0,2755.0,168460.0
2023.02.13,2820.0,35.0,2810.0,2865.0,2805.0,240263.0
2023.02.10,2785.0,15.0,2805.0,2830.0,2785.0,138227.0
2023.02.09,2770.0,-10.0,2785.0,2805.0,2760.0,125738.0
2023.02.08,2780.0,-65.0,2805.0,2810.0,2740.0,221240.0
2023.02.07,2845.0,-10.0,2870.0,2885.0,2830.0,188524.0
2023.02.06,2855.0,105.0,2800.0,2860.0,2795.0,211003.0
2023.02.03,2750.0,-20.0,2785.0,2810.0,2745.0,129152.0
2023.02.02,2770.0,-70.0,2760.0,2825.0,2730.0,197621.0
2023.02.01,2840.0,-50.0,2855.0,2880.0,2825.0,176878.0
2023.01.31,2890.0,85.0,2805.0,2905.0,2800.0,217139.0
2023.01.30,2805.0,80.0,2705.0,2810.0,2705.0,157318.0
2023.01.27,2725.0,-25.0,2750.0,2770.0,2700.0,262595.0
2023.01.26,2750.0,-95.0,2830.0,2850.0,2750.0,279002.0
2023.01.25,2845.0,-85.0,2860.0,2875.0,2820.0,125647.0
2023.01.20,2930.0,-35.0,3000.0,3000.0,2930.0,131712.0
2023.01.19,2965.0,-40.0,3045.0,3045.0,2965.0,152831.0
2023.01.18,3005.0,35.0,2990.0,3035.0,2955.0,193450.0
2023.01.17,2970.0,50.0,2930.0,2970.0,2915.0,178849.0
2023.01.16,2920.0,-35.0,2990.0,2990.0,2890.0,244175.0
2023.01.13,2955.0,-45.0,3000.0,3000.0,2930.0,280198.0
2023.01.12,3000.0,-20.0,2985.0,3035.0,2980.0,147590.0
2023.01.11,3020.0,-20.0,3005.0,3050.0,2985.0,186210.0
2023.01.10,3040.0,-35.0,3100.0,3100.0,3000.0,1305669.0
2023.01.09,3075.0,-190.0,3185.0,3190.0,3040.0,331238.0
2023.01.06,3265.0,-35.0,3340.0,3350.0,3195.0,221346.0
2023.01.05,3300.0,-35.0,3305.0,3340.0,3265.0,189736.0
2023.01.04,3335.0,-145.0,3490.0,3540.0,3330.0,190644.0
2023.01.03,3480.0,10.0,3450.0,3620.0,3450.0,373492.0
2023.01.02,3470.0,40.0,3430.0,3485.0,3380.0,147285.0
2022.12.29,3430.0,105.0,3350.0,3430.0,3340.0,303475.0
2022.12.28,3325.0,75.0,3295.0,3325.0,3260.0,141827.0
2022.12.27,3250.0,-40.0,3270.0,3270.0,3225.0,150405.0
2022.12.26,3290.0,0.0,3280.0,3310.0,3275.0,73519.0
2022.12.23,3290.0,100.0,3245.0,3305.0,3240.0,242864.0
2022.12.22,3190.0,-70.0,3200.0,3270.0,3180.0,176807.0
2022.12.21,3260.0,5.0,3245.0,3275.0,3220.0,124290.0
2022.12.20,3255.0,55.0,3210.0,3275.0,3200.0,296268.0
2022.12.19,3200.0,0.0,3200.0,3220.0,3170.0,129134.0
2022.12.16,3200.0,45.0,3230.0,3260.0,3185.0,407878.0
2022.12.15,3155.0,90.0,3095.0,3160.0,3090.0,174393.0
2022.12.14,3065.0,-60.0,3095.0,3100.0,3050.0,97615.0
2022.12.13,3125.0,10.0,3085.0,3145.0,3085.0,46197.0
2022.12.12,3115.0,30.0,3105.0,3140.0,3105.0,160936.0
2022.12.09,3085.0,-70.0,3110.0,3150.0,3070.0,260341.0
2022.12.08,3155.0,10.0,3150.0,3200.0,3145.0,187136.0
2022.12.07,3145.0,30.0,3165.0,3165.0,3120.0,140488.0
2022.12.06,3115.0,80.0,3105.0,3125.0,3060.0,236851.0
2022.12.05,3035.0,30.0,3000.0,3060.0,2985.0,77016.0
2022.12.02,3005.0,115.0,2905.0,3020.0,2905.0,173134.0
2022.12.01,2890.0,-40.0,2860.0,2910.0,2835.0,280907.0
2022.11.30,2930.0,-90.0,3045.0,3045.0,2930.0,178636.0
2022.11.29,3020.0,-60.0,3105.0,3105.0,3015.0,76656.0
2022.11.28,3080.0,80.0,3030.0,3100.0,3030.0,134264.0
2022.11.25,3000.0,15.0,2995.0,3010.0,2975.0,101941.0
2022.11.24,2985.0,-55.0,2990.0,3070.0,2980.0,172167.0
2022.11.23,3040.0,-35.0,3025.0,3060.0,3020.0,140596.0
2022.11.22,3075.0,40.0,3070.0,3080.0,3020.0,170850.0
2022.11.21,3035.0,50.0,2985.0,3060.0,2985.0,194727.0
2022.11.18,2985.0,15.0,2975.0,2995.0,2920.0,277603.0
2022.11.17,2970.0,70.0,2920.0,2980.0,2910.0,200163.0
2022.11.16,2900.0,30.0,2860.0,2955.0,2860.0,125808.0
2022.11.15,2870.0,-20.0,2910.0,2920.0,2870.0,148649.0
2022.11.14,2890.0,15.0,2875.0,2905.0,2850.0,189745.0
2022.11.11,2875.0,-190.0,2855.0,2920.0,2850.0,454910.0
2022.11.10,3065.0,20.0,3100.0,3100.0,3045.0,208950.0
2022.11.09,3045.0,-70.0,3100.0,3100.0,3015.0,287487.0
2022.11.08,3115.0,-85.0,3150.0,3155.0,3085.0,370920.0
2022.11.07,3200.0,-70.0,3240.0,3255.0,3185.0,301628.0
2022.11.04,3270.0,-40.0,3330.0,3370.0,3270.0,234048.0
2022.11.03,3310.0,25.0,3395.0,3415.0,3280.0,319456.0
2022.11.02,3285.0,15.0,3300.0,3315.0,3250.0,110714.0
2022.11.01,3270.0,-105.0,3375.0,3380.0,3265.0,238729.0
2022.10.31,3375.0,-80.0,3360.0,3440.0,3355.0,140653.0
2022.10.28,3455.0,60.0,3430.0,3475.0,3395.0,201232.0
2022.10.27,3395.0,-120.0,3440.0,3470.0,3375.0,293525.0
2022.10.26,3515.0,-40.0,3545.0,3565.0,3470.0,204985.0
2022.10.25,3555.0,-20.0,3520.0,3575.0,3505.0,300640.0
2022.10.24,3575.0,-65.0,3505.0,3585.0,3490.0,354202.0
2022.10.21,3640.0,-15.0,3690.0,3690.0,3595.0,197896.0
2022.10.20,3655.0,75.0,3660.0,3695.0,3610.0,209935.0
2022.10.19,3580.0,50.0,3515.0,3580.0,3480.0,179679.0
2022.10.18,3530.0,-90.0,3500.0,3610.0,3500.0,332791.0
2022.10.17,3620.0,0.0,3695.0,3735.0,3605.0,244654.0
2022.10.14,3620.0,-175.0,3725.0,3725.0,3595.0,346693.0
2022.10.13,3795.0,110.0,3700.0,3795.0,3700.0,171152.0
2022.10.12,3685.0,-75.0,3780.0,3780.0,3685.0,109945.0
2022.10.11,3760.0,155.0,3720.0,3810.0,3720.0,559626.0
2022.10.07,3605.0,25.0,3650.0,3660.0,3570.0,163083.0
2022.10.06,3580.0,-70.0,3630.0,3630.0,3545.0,125693.0
2022.10.05,3650.0,0.0,3535.0,3685.0,3530.0,109250.0
2022.10.04,3650.0,-175.0,3715.0,3725.0,3630.0,381607.0
2022.09.30,3825.0,25.0,3890.0,3905.0,3755.0,581937.0
2022.09.29,3800.0,10.0,3675.0,3800.0,3660.0,197798.0
2022.09.28,3790.0,155.0,3670.0,3865.0,3655.0,659128.0
2022.09.27,3635.0,-15.0,3720.0,3720.0,3600.0,264909.0
2022.09.26,3650.0,185.0,3560.0,3660.0,3550.0,420776.0
2022.09.23,3465.0,80.0,3415.0,3490.0,3380.0,296306.0
2022.09.22,3385.0,70.0,3425.0,3435.0,3375.0,334658.0
2022.09.21,3315.0,65.0,3300.0,3335.0,3285.0,672725.0
2022.09.20,3250.0,-20.0,3215.0,3265.0,3205.0,394860.0
2022.09.19,3270.0,25.0,3250.0,3295.0,3210.0,549068.0
2022.09.16,3245.0,50.0,3270.0,3275.0,3230.0,521855.0
2022.09.15,3195.0,40.0,3125.0,3195.0,3125.0,117436.0
2022.09.14,3155.0,115.0,3230.0,3235.0,3135.0,401514.0
2022.09.13,3040.0,-190.0,3130.0,3130.0,3020.0,384985.0
2022.09.08,3230.0,-30.0,3180.0,3260.0,3180.0,228321.0
2022.09.07,3260.0,85.0,3215.0,3300.0,3210.0,660120.0
2022.09.06,3175.0,0.0,3190.0,3195.0,3125.0,393465.0
2022.09.05,3175.0,10.0,3165.0,3200.0,3120.0,337025.0
2022.09.02,3165.0,30.0,3135.0,3190.0,3055.0,451185.0
2022.09.01,3135.0,145.0,3045.0,3135.0,3045.0,491281.0
2022.08.31,2990.0,-55.0,3085.0,3105.0,2975.0,282008.0
2022.08.30,3045.0,-55.0,3100.0,3100.0,3035.0,237294.0
2022.08.29,3100.0,135.0,3120.0,3125.0,3080.0,559256.0
2022.08.26,2965.0,-10.0,2950.0,2970.0,2915.0,319374.0
2022.08.25,2975.0,-65.0,3005.0,3025.0,2975.0,150723.0
2022.08.24,3040.0,-20.0,2995.0,3070.0,2995.0,230336.0
2022.08.23,3060.0,70.0,3055.0,3070.0,3010.0,509229.0
2022.08.22,2990.0,70.0,2975.0,3005.0,2965.0,296974.0
2022.08.19,2920.0,35.0,2875.0,2925.0,2875.0,173972.0
2022.08.18,2885.0,30.0,2885.0,2930.0,2875.0,141009.0
2022.08.17,2855.0,20.0,2835.0,2870.0,2810.0,130110.0
2022.08.16,2835.0,-20.0,2840.0,2840.0,2805.0,158887.0
2022.08.12,2855.0,-20.0,2865.0,2875.0,2845.0,165849.0
2022.08.11,2875.0,-95.0,2885.0,2905.0,2870.0,218394.0
2022.08.10,2970.0,65.0,2925.0,2975.0,2925.0,158456.0
2022.08.09,2905.0,-5.0,2915.0,2945.0,2895.0,173866.0
2022.08.08,2910.0,5.0,2910.0,2950.0,2910.0,132221.0
2022.08.05,2905.0,-45.0,2915.0,2925.0,2890.0,137661.0
2022.08.04,2950.0,-30.0,2955.0,2970.0,2930.0,218549.0
2022.08.03,2980.0,-40.0,3030.0,3035.0,2975.0,233807.0
2022.08.02,3020.0,30.0,3005.0,3040.0,2995.0,203090.0
2022.08.01,2990.0,5.0,2985.0,3025.0,2960.0,172142.0
2022.07.29,2985.0,-20.0,2975.0,2995.0,2930.0,847340.0
2022.07.28,3005.0,-45.0,2960.0,3025.0,2960.0,234930.0
2022.07.27,3050.0,0.0,3075.0,3090.0,3045.0,434680.0
2022.07.26,3050.0,-10.0,3080.0,3100.0,3045.0,259318.0
2022.07.25,3060.0,-30.0,3110.0,3110.0,3035.0,337872.0
2022.07.22,3090.0,40.0,3055.0,3095.0,3025.0,295520.0
2022.07.21,3050.0,-70.0,3170.0,3170.0,3045.0,235580.0
2022.07.20,3120.0,-50.0,3045.0,3125.0,3045.0,274782.0
2022.07.19,3170.0,15.0,3195.0,3200.0,3160.0,210392.0
2022.07.18,3155.0,-140.0,3225.0,3230.0,3140.0,378579.0
2022.07.15,3295.0,-30.0,3300.0,3415.0,3280.0,715778.0
2022.07.14,3325.0,10.0,3365.0,3380.0,3285.0,505009.0
2022.07.13,3315.0,-25.0,3345.0,3350.0,3265.0,338184.0
2022.07.12,3340.0,60.0,3355.0,3380.0,3290.0,454241.0
2022.07.11,3280.0,35.0,3235.0,3285.0,3205.0,359264.0
2022.07.08,3245.0,-25.0,3215.0,3245.0,3180.0,367274.0
2022.07.07,3270.0,-130.0,3355.0,3365.0,3235.0,802697.0
2022.07.06,3400.0,130.0,3285.0,3420.0,3285.0,734879.0
2022.07.05,3270.0,-110.0,3330.0,3350.0,3240.0,406919.0
2022.07.04,3380.0,0.0,3390.0,3440.0,3335.0,603681.0
2022.07.01,3380.0,75.0,3240.0,3420.0,3235.0,776990.0
2022.06.30,3305.0,105.0,3210.0,3305.0,3195.0,526093.0
2022.06.29,3200.0,105.0,3170.0,3200.0,3145.0,627556.0
2022.06.28,3095.0,-40.0,3135.0,3165.0,3095.0,386002.0
2022.06.27,3135.0,-80.0,3140.0,3240.0,3090.0,547926.0
2022.06.24,3215.0,-150.0,3365.0,3365.0,3195.0,481672.0
2022.06.23,3365.0,55.0,3305.0,3390.0,3260.0,752837.0
2022.06.22,3310.0,155.0,3120.0,3310.0,3120.0,550602.0
2022.06.21,3155.0,-40.0,3195.0,3200.0,3105.0,318177.0
2022.06.20,3195.0,95.0,3100.0,3240.0,3055.0,841960.0
2022.06.17,3100.0,50.0,3165.0,3175.0,3080.0,444310.0
2022.06.16,3050.0,0.0,2940.0,3060.0,2925.0,424933.0
2022.06.15,3050.0,120.0,2960.0,3085.0,2945.0,597063.0
2022.06.14,2930.0,15.0,3000.0,3020.0,2930.0,906617.0
2022.06.13,2915.0,180.0,2870.0,2920.0,2825.0,710253.0
2022.06.10,2735.0,65.0,2700.0,2745.0,2700.0,300084.0
2022.06.09,2670.0,15.0,2685.0,2700.0,2650.0,168691.0
2022.06.08,2655.0,-20.0,2680.0,2680.0,2630.0,196087.0
2022.06.07,2675.0,110.0,2580.0,2680.0,2580.0,325983.0
2022.06.03,2565.0,-40.0,2570.0,2585.0,2550.0,436367.0
2022.06.02,2605.0,55.0,2580.0,2615.0,2575.0,281972.0
2022.05.31,2550.0,-20.0,2570.0,2600.0,2540.0,586450.0
2022.05.30,2570.0,-70.0,2580.0,2605.0,2565.0,328587.0
2022.05.27,2640.0,-60.0,2640.0,2650.0,2620.0,175987.0
2022.05.26,2700.0,20.0,2665.0,2720.0,2625.0,183438.0
2022.05.25,2680.0,-20.0,2645.0,2705.0,2640.0,207967.0
2022.05.24,2700.0,100.0,2610.0,2700.0,2610.0,299460.0
2022.05.23,2600.0,-15.0,2615.0,2630.0,2590.0,193378.0
2022.05.20,2615.0,-110.0,2695.0,2695.0,2615.0,356793.0
2022.05.19,2725.0,80.0,2740.0,2760.0,2710.0,368696.0
2022.05.18,2645.0,-5.0,2635.0,2665.0,2600.0,198457.0
2022.05.17,2650.0,-60.0,2705.0,2705.0,2650.0,139051.0
2022.05.16,2710.0,20.0,2635.0,2720.0,2635.0,385889.0
2022.05.13,2690.0,-130.0,2815.0,2815.0,2685.0,360629.0
2022.05.12,2820.0,85.0,2790.0,2825.0,2745.0,839778.0
2022.05.11,2735.0,5.0,2780.0,2780.0,2725.0,234399.0
2022.05.10,2730.0,35.0,2735.0,2810.0,2720.0,758424.0
2022.05.09,2695.0,50.0,2670.0,2705.0,2645.0,199062.0
2022.05.06,2645.0,65.0,2610.0,2660.0,2610.0,386753.0
2022.05.04,2580.0,0.0,2580.0,2595.0,2545.0,235154.0
2022.05.03,2580.0,0.0,2575.0,2590.0,2535.0,196845.0
2022.05.02,2580.0,20.0,2615.0,2615.0,2570.0,248164.0
2022.04.29,2560.0,-80.0,2645.0,2650.0,2555.0,284615.0
2022.04.28,2640.0,-55.0,2680.0,2705.0,2640.0,225581.0
2022.04.27,2695.0,70.0,2715.0,2735.0,2685.0,488532.0
2022.04.26,2625.0,-25.0,2585.0,2640.0,2585.0,107601.0
2022.04.25,2650.0,90.0,2645.0,2655.0,2610.0,384364.0
2022.04.22,2560.0,55.0,2560.0,2585.0,2555.0,187870.0
2022.04.21,2505.0,-25.0,2530.0,2530.0,2485.0,249391.0
2022.04.20,2530.0,-5.0,2515.0,2570.0,2515.0,253659.0
2022.04.19,2535.0,-50.0,2585.0,2585.0,2515.0,324179.0
2022.04.18,2585.0,-5.0,2615.0,2625.0,2570.0,210441.0
2022.04.15,2590.0,60.0,2565.0,2605.0,2565.0,394004.0
2022.04.14,2530.0,25.0,2500.0,2550.0,2490.0,265708.0
2022.04.13,2505.0,-90.0,2595.0,2595.0,2495.0,647977.0
2022.04.12,2595.0,40.0,2580.0,2620.0,2570.0,455543.0
2022.04.11,2555.0,0.0,2575.0,2595.0,2530.0,168748.0
2022.04.08,2555.0,5.0,2545.0,2580.0,2540.0,249370.0
2022.04.07,2550.0,60.0,2525.0,2570.0,2520.0,409346.0
2022.04.06,2490.0,60.0,2465.0,2490.0,2460.0,442484.0
2022.04.05,2430.0,-5.0,2420.0,2445.0,2405.0,86339.0
2022.04.04,2435.0,-20.0,2465.0,2490.0,2425.0,216632.0
2022.04.01,2455.0,35.0,2450.0,2480.0,2440.0,138678.0
2022.03.31,2420.0,-20.0,2440.0,2445.0,2400.0,223103.0
2022.03.30,2440.0,-15.0,2410.0,2440.0,2400.0,189395.0
2022.03.29,2455.0,-20.0,2445.0,2470.0,2430.0,237344.0
2022.03.28,2475.0,-5.0,2490.0,2530.0,2465.0,268343.0
2022.03.25,2480.0,20.0,2435.0,2495.0,2435.0,94350.0
2022.03.24,2460.0,15.0,2475.0,2505.0,2460.0,232525.0
2022.03.23,2445.0,-45.0,2470.0,2470.0,2420.0,299471.0
2022.03.22,2490.0,-40.0,2505.0,2535.0,2480.0,280656.0
2022.03.21,2530.0,50.0,2465.0,2535.0,2460.0,236028.0
2022.03.18,2480.0,-15.0,2470.0,2515.0,2470.0,238165.0
2022.03.17,2495.0,-80.0,2475.0,2495.0,2455.0,673367.0
2022.03.16,2575.0,-80.0,2595.0,2635.0,2565.0,360813.0
2022.03.15,2655.0,50.0,2635.0,2665.0,2615.0,343359.0
2022.03.14,2605.0,25.0,2600.0,2625.0,2570.0,239750.0
2022.03.11,2580.0,-10.0,2605.0,2625.0,2570.0,296483.0
2022.03.10,2590.0,-95.0,2520.0,2590.0,2515.0,174943.0
2022.03.08,2685.0,45.0,2705.0,2715.0,2635.0,410315.0
2022.03.07,2640.0,125.0,2590.0,2660.0,2590.0,431125.0
2022.03.04,2515.0,55.0,2465.0,2535.0,2460.0,529306.0
2022.03.03,2460.0,-60.0,2490.0,2490.0,2430.0,473745.0
2022.03.02,2520.0,5.0,2545.0,2545.0,2495.0,290730.0
2022.02.28,2515.0,-40.0,2565.0,2595.0,2510.0,406813.0
2022.02.25,2555.0,-60.0,2520.0,2575.0,2485.0,573082.0
2022.02.24,2615.0,135.0,2525.0,2625.0,2525.0,1202353.0
2022.02.23,2480.0,-15.0,2460.0,2505.0,2445.0,447764.0
2022.02.22,2495.0,70.0,2515.0,2525.0,2475.0,735005.0
2022.02.21,2425.0,-5.0,2485.0,2525.0,2420.0,711837.0
2022.02.18,2430.0,20.0,2460.0,2475.0,2415.0,1141802.0
2022.02.17,2410.0,-30.0,2440.0,2460.0,2365.0,1352163.0
2022.02.16,2440.0,-95.0,2455.0,2480.0,2435.0,555436.0
2022.02.15,2535.0,30.0,2490.0,2560.0,2480.0,591670.0
2022.02.14,2505.0,70.0,2475.0,2540.0,2460.0,696678.0
2022.02.11,2435.0,50.0,2450.0,2455.0,2400.0,686981.0
2022.02.10,2385.0,-45.0,2420.0,2425.0,2380.0,370512.0
2022.02.09,2430.0,-60.0,2470.0,2470.0,2430.0,655510.0
2022.02.08,2490.0,-10.0,2505.0,2535.0,2450.0,447544.0
2022.02.07,2500.0,35.0,2480.0,2560.0,2480.0,463810.0
2022.02.04,2465.0,-55.0,2495.0,2525.0,2455.0,679914.0
2022.02.03,2520.0,-50.0,2510.0,2525.0,2300.0,635092.0
2022.01.28,2570.0,-150.0,2680.0,2745.0,2565.0,707634.0
2022.01.27,2720.0,170.0,2550.0,2725.0,2510.0,981976.0
2022.01.26,2550.0,20.0,2530.0,2560.0,2490.0,451739.0
2022.01.25,2530.0,110.0,2425.0,2565.0,2420.0,891158.0
2022.01.24,2420.0,60.0,2375.0,2435.0,2360.0,558367.0
2022.01.21,2360.0,55.0,2345.0,2395.0,2345.0,637925.0
2022.01.20,2305.0,-25.0,2335.0,2355.0,2305.0,280575.0
2022.01.19,2330.0,35.0,2325.0,2350.0,2290.0,653025.0
2022.01.18,2295.0,35.0,2245.0,2315.0,2245.0,430620.0
2022.01.17,2260.0,30.0,2240.0,2295.0,2230.0,443817.0
2022.01.14,2230.0,65.0,2195.0,2245.0,2195.0,600227.0
2022.01.13,2165.0,15.0,2135.0,2170.0,2135.0,183257.0
2022.01.12,2150.0,-75.0,2195.0,2195.0,2140.0,251161.0
2022.01.11,2225.0,-10.0,2230.0,2250.0,2200.0,435084.0
2022.01.10,2235.0,35.0,2200.0,2265.0,2200.0,282102.0
2022.01.07,2200.0,-60.0,2225.0,2230.0,2190.0,561677.0
2022.01.06,2260.0,40.0,2250.0,2265.0,2210.0,784492.0
2022.01.05,2220.0,65.0,2160.0,2240.0,2160.0,332656.0
2022.01.04,2155.0,0.0,2145.0,2175.0,2140.0,249019.0
2022.01.03,2155.0,-10.0,2140.0,2165.0,2105.0,235888.0
2021.12.30,2165.0,30.0,2135.0,2170.0,2120.0,259096.0
2021.12.29,2135.0,0.0,2120.0,2140.0,2105.0,159895.0
2021.12.28,2135.0,-25.0,2150.0,2175.0,2130.0,308296.0
2021.12.27,2160.0,20.0,2130.0,2165.0,2130.0,160057.0
2021.12.24,2140.0,-30.0,2145.0,2145.0,2115.0,153726.0
2021.12.23,2170.0,-25.0,2170.0,2195.0,2165.0,227182.0
2021.12.22,2195.0,-20.0,2190.0,2205.0,2170.0,213200.0
2021.12.21,2215.0,-40.0,2215.0,2245.0,2200.0,494439.0
2021.12.20,2255.0,85.0,2185.0,2260.0,2185.0,470289.0
2021.12.17,2170.0,-5.0,2205.0,2215.0,2165.0,443670.0
2021.12.16,2175.0,-30.0,2170.0,2205.0,2155.0,261748.0
2021.12.15,2205.0,10.0,2215.0,2235.0,2200.0,232248.0
2021.12.14,2195.0,25.0,2210.0,2220.0,2180.0,432679.0
2021.12.13,2170.0,-5.0,2160.0,2180.0,2105.0,381432.0
2021.12.10,2175.0,20.0,2180.0,2190.0,2160.0,294072.0
2021.12.09,2155.0,-20.0,2175.0,2180.0,2145.0,192975.0
2021.12.08,2175.0,-15.0,2150.0,2185.0,2120.0,590683.0
2021.12.07,2190.0,-40.0,2225.0,2250.0,2185.0,433796.0
2021.12.06,2230.0,-5.0,2255.0,2290.0,2205.0,405444.0
2021.12.03,2235.0,-35.0,2285.0,2305.0,2220.0,481730.0
2021.12.02,2270.0,-75.0,2380.0,2385.0,2265.0,1210699.0
2021.12.01,2345.0,-120.0,2430.0,2460.0,2335.0,1146150.0
2021.11.30,2465.0,105.0,2325.0,2505.0,2315.0,745203.0
2021.11.29,2360.0,40.0,2380.0,2380.0,2325.0,872704.0
2021.11.26,2320.0,80.0,2250.0,2335.0,2240.0,483753.0
2021.11.25,2240.0,30.0,2205.0,2250.0,2205.0,150421.0
2021.11.24,2210.0,10.0,2190.0,2235.0,2165.0,183988.0
2021.11.23,2200.0,40.0,2170.0,2205.0,2170.0,150195.0
2021.11.22,2160.0,-110.0,2245.0,2245.0,2155.0,511636.0
2021.11.19,2270.0,-25.0,2305.0,2310.0,2260.0,160781.0
2021.11.18,2295.0,20.0,2285.0,2310.0,2270.0,227984.0
2021.11.17,2275.0,50.0,2215.0,2290.0,2215.0,408215.0
2021.11.16,2225.0,5.0,2230.0,2240.0,2200.0,190132.0
2021.11.15,2220.0,-50.0,2235.0,2250.0,2210.0,338804.0
2021.11.12,2270.0,-55.0,2290.0,2305.0,2255.0,479772.0
2021.11.11,2325.0,5.0,2355.0,2365.0,2325.0,270902.0
2021.11.10,2320.0,55.0,2295.0,2325.0,2270.0,300651.0
2021.11.09,2265.0,-15.0,2295.0,2295.0,2235.0,347358.0
2021.11.08,2280.0,10.0,2270.0,2330.0,2265.0,431844.0
2021.11.05,2270.0,10.0,2220.0,2300.0,2220.0,246934.0
2021.11.04,2260.0,-25.0,2235.0,2265.0,2210.0,296117.0
2021.11.03,2285.0,70.0,2205.0,2295.0,2205.0,349476.0
2021.11.02,2215.0,-65.0,2255.0,2255.0,2180.0,415537.0
2021.11.01,2280.0,-25.0,2280.0,2285.0,2260.0,348175.0
2021.10.29,2305.0,75.0,2220.0,2310.0,2210.0,240843.0
2021.10.28,2230.0,10.0,2230.0,2230.0,2195.0,161178.0
2021.10.27,2220.0,40.0,2185.0,2230.0,2185.0,223745.0
2021.10.26,2180.0,-45.0,2190.0,2210.0,2170.0,259054.0
2021.10.25,2225.0,-20.0,2255.0,2280.0,2215.0,309122.0
2021.10.22,2245.0,-5.0,2255.0,2265.0,2225.0,207919.0
2021.10.21,2250.0,5.0,2245.0,2255.0,2220.0,209096.0
2021.10.20,2245.0,20.0,2225.0,2245.0,2190.0,629412.0
2021.10.19,2225.0,-30.0,2240.0,2245.0,2215.0,251950.0
2021.10.18,2255.0,10.0,2250.0,2290.0,2235.0,244749.0
2021.10.15,2245.0,-50.0,2265.0,2265.0,2235.0,320552.0
2021.10.14,2295.0,-60.0,2325.0,2330.0,2290.0,281230.0
2021.10.13,2355.0,-40.0,2405.0,2415.0,2335.0,247812.0
2021.10.12,2395.0,75.0,2340.0,2420.0,2330.0,346462.0
2021.10.08,2320.0,10.0,2285.0,2330.0,2280.0,363186.0
2021.10.07,2310.0,-80.0,2340.0,2355.0,2300.0,344186.0
2021.10.06,2390.0,70.0,2300.0,2390.0,2275.0,575484.0
2021.10.05,2320.0,70.0,2285.0,2355.0,2275.0,812184.0
2021.10.01,2250.0,75.0,2200.0,2260.0,2185.0,588547.0
2021.09.30,2175.0,-10.0,2195.0,2215.0,2160.0,255696.0
2021.09.29,2185.0,60.0,2180.0,2230.0,2165.0,1047297.0
2021.09.28,2125.0,45.0,2080.0,2130.0,2080.0,246764.0
2021.09.27,2080.0,-10.0,2100.0,2100.0,2055.0,240770.0
2021.09.24,2090.0,0.0,2070.0,2095.0,2060.0,219035.0
2021.09.23,2090.0,5.0,2110.0,2115.0,2075.0,328945.0
2021.09.17,2085.0,-10.0,2095.0,2120.0,2075.0,693720.0
2021.09.16,2095.0,40.0,2045.0,2100.0,2040.0,261986.0
2021.09.15,2055.0,-10.0,2060.0,2075.0,2040.0,634102.0
2021.09.14,2065.0,-20.0,2065.0,2070.0,2040.0,409782.0
2021.09.13,2085.0,-15.0,2110.0,2115.0,2075.0,260964.0
2021.09.10,2100.0,-10.0,2115.0,2125.0,2090.0,481455.0
2021.09.09,2110.0,65.0,2065.0,2125.0,2055.0,522907.0
2021.09.08,2045.0,30.0,2035.0,2055.0,2020.0,188881.0
2021.09.07,2015.0,20.0,2000.0,2025.0,1995.0,205733.0
2021.09.06,1995.0,-5.0,1995.0,2010.0,1985.0,154419.0
2021.09.03,2000.0,-30.0,2020.0,2030.0,2000.0,229359.0
2021.09.02,2030.0,30.0,2000.0,2045.0,2000.0,138864.0
2021.09.01,2000.0,-10.0,2010.0,2020.0,1985.0,295390.0
2021.08.31,2010.0,-75.0,2075.0,2100.0,2005.0,660869.0
2021.08.30,2085.0,5.0,2050.0,2095.0,2040.0,270889.0
2021.08.27,2080.0,-15.0,2105.0,2125.0,2075.0,475893.0
2021.08.26,2095.0,35.0,2055.0,2100.0,2040.0,494267.0
2021.08.25,2060.0,-15.0,2065.0,2090.0,2040.0,354748.0
2021.08.24,2075.0,-80.0,2125.0,2125.0,2070.0,568781.0
2021.08.23,2155.0,-35.0,2160.0,2185.0,2120.0,650780.0
2021.08.20,2190.0,40.0,2140.0,2215.0,2120.0,1051291.0
2021.08.19,2150.0,85.0,2090.0,2150.0,2080.0,527191.0
2021.08.18,2065.0,-25.0,2095.0,2115.0,2050.0,318932.0
2021.08.17,2090.0,50.0,2045.0,2100.0,2035.0,512708.0
2021.08.13,2040.0,65.0,1985.0,2060.0,1985.0,647910.0
2021.08.12,1975.0,20.0,1955.0,1990.0,1950.0,307368.0
2021.08.11,1955.0,30.0,1930.0,1965.0,1925.0,577615.0
2021.08.10,1925.0,30.0,1890.0,1935.0,1890.0,397136.0
2021.08.09,1895.0,10.0,1910.0,1910.0,1885.0,300950.0
2021.08.06,1885.0,20.0,1865.0,1895.0,1860.0,257498.0
2021.08.05,1865.0,5.0,1860.0,1870.0,1845.0,333240.0
2021.08.04,1860.0,-55.0,1910.0,1910.0,1855.0,794173.0
2021.08.03,1915.0,-35.0,1950.0,1950.0,1915.0,314381.0
2021.08.02,1950.0,-20.0,1960.0,1980.0,1945.0,180830.0
2021.07.30,1970.0,40.0,1930.0,1975.0,1930.0,352594.0
2021.07.29,1930.0,0.0,1930.0,1935.0,1910.0,207998.0
2021.07.28,1930.0,-5.0,1945.0,1960.0,1925.0,221758.0
2021.07.27,1935.0,-10.0,1920.0,1940.0,1910.0,166830.0
2021.07.26,1945.0,35.0,1895.0,1945.0,1895.0,193536.0
2021.07.23,1910.0,-5.0,1910.0,1915.0,1895.0,134964.0
2021.07.22,1915.0,-40.0,1940.0,1940.0,1905.0,155753.0
2021.07.21,1955.0,20.0,1905.0,1965.0,1905.0,188237.0
2021.07.20,1935.0,10.0,1955.0,1960.0,1935.0,544733.0
2021.07.19,1925.0,40.0,1910.0,1935.0,1910.0,305004.0
2021.07.16,1885.0,15.0,1875.0,1900.0,1875.0,371313.0
2021.07.15,1870.0,-30.0,1895.0,1895.0,1865.0,410444.0
2021.07.14,1900.0,15.0,1890.0,1910.0,1890.0,238346.0
2021.07.13,1885.0,-25.0,1890.0,1900.0,1880.0,194708.0
2021.07.12,1910.0,-40.0,1920.0,1925.0,1900.0,304909.0
2021.07.09,1950.0,45.0,1925.0,1985.0,1925.0,1220509.0
2021.07.08,1905.0,35.0,1865.0,1905.0,1850.0,743578.0
2021.07.07,1870.0,25.0,1865.0,1880.0,1860.0,249858.0
2021.07.06,1845.0,-15.0,1855.0,1855.0,1835.0,176710.0
2021.07.05,1860.0,-15.0,1855.0,1870.0,1850.0,197633.0
2021.07.02,1875.0,5.0,1870.0,1880.0,1860.0,153504.0
2021.07.01,1870.0,25.0,1840.0,1880.0,1840.0,275714.0
2021.06.30,1845.0,-20.0,1870.0,1870.0,1840.0,135490.0
2021.06.29,1865.0,15.0,1840.0,1875.0,1840.0,159879.0
2021.06.28,1850.0,5.0,1835.0,1860.0,1835.0,194817.0
2021.06.25,1845.0,-20.0,1840.0,1855.0,1825.0,426762.0
2021.06.24,1865.0,-15.0,1875.0,1875.0,1850.0,504751.0
2021.06.23,1880.0,-20.0,1895.0,1895.0,1875.0,626588.0
2021.06.22,1900.0,-30.0,1915.0,1915.0,1885.0,195178.0
2021.06.21,1930.0,40.0,1920.0,1940.0,1910.0,903182.0
2021.06.18,1890.0,-10.0,1895.0,1900.0,1875.0,195754.0
2021.06.17,1900.0,20.0,1890.0,1915.0,1890.0,419318.0
2021.06.16,1880.0,-25.0,1905.0,1910.0,1870.0,536773.0
2021.06.15,1905.0,-5.0,1900.0,1915.0,1895.0,313078.0
2021.06.14,1910.0,0.0,1900.0,1925.0,1895.0,152728.0
2021.06.11,1910.0,-25.0,1930.0,1930.0,1900.0,315596.0
2021.06.10,1935.0,-15.0,1945.0,1955.0,1925.0,326280.0
2021.06.09,1950.0,40.0,1905.0,1950.0,1905.0,432015.0
2021.06.08,1910.0,0.0,1910.0,1915.0,1890.0,143911.0
2021.06.07,1910.0,5.0,1890.0,1925.0,1885.0,111865.0
2021.06.04,1905.0,15.0,1915.0,1935.0,1900.0,397949.0
2021.06.03,1890.0,-50.0,1940.0,1940.0,1885.0,920159.0
2021.06.02,1940.0,-5.0,1945.0,1945.0,1910.0,279091.0
2021.06.01,1945.0,-20.0,1965.0,1965.0,1915.0,734432.0
2021.05.31,1965.0,-10.0,1975.0,1990.0,1960.0,494707.0
2021.05.28,1975.0,-30.0,1990.0,2015.0,1960.0,570405.0
2021.05.27,2005.0,0.0,2005.0,2035.0,1990.0,173786.0
2021.05.26,2005.0,10.0,1975.0,2005.0,1970.0,251977.0
2021.05.25,1995.0,-40.0,2015.0,2020.0,1985.0,204620.0
2021.05.24,2035.0,15.0,2025.0,2040.0,2010.0,219006.0
2021.05.21,2020.0,0.0,2000.0,2025.0,1960.0,619872.0
2021.05.20,2020.0,15.0,2010.0,2045.0,2005.0,223850.0
2021.05.18,2005.0,-40.0,2030.0,2040.0,1995.0,277521.0
2021.05.17,2045.0,15.0,2005.0,2070.0,2005.0,180951.0
2021.05.14,2030.0,-40.0,2055.0,2060.0,1985.0,345734.0
2021.05.13,2070.0,35.0,2070.0,2100.0,2030.0,677495.0
2021.05.12,2035.0,70.0,1965.0,2055.0,1960.0,1213323.0
2021.05.11,1965.0,70.0,1925.0,1975.0,1900.0,557598.0
2021.05.10,1895.0,-65.0,1935.0,1945.0,1885.0,931193.0
2021.05.07,1960.0,-30.0,1985.0,1985.0,1950.0,283060.0
2021.05.06,1990.0,-25.0,2025.0,2030.0,1990.0,561598.0
2021.05.04,2015.0,-25.0,2030.0,2055.0,2010.0,810149.0
2021.05.03,2040.0,10.0,2025.0,2050.0,1990.0,550895.0
2021.04.30,2030.0,35.0,1995.0,2035.0,1990.0,586919.0
2021.04.29,1995.0,15.0,1970.0,2000.0,1950.0,367976.0
2021.04.28,1980.0,40.0,1945.0,1990.0,1945.0,191579.0
2021.04.27,1940.0,-10.0,1945.0,1955.0,1935.0,112449.0
2021.04.26,1950.0,-30.0,1970.0,1975.0,1940.0,2156486.0
2021.04.23,1980.0,0.0,2000.0,2030.0,1970.0,229587.0
2021.04.22,1980.0,0.0,1910.0,1985.0,1910.0,316007.0
2021.04.21,1980.0,60.0,1940.0,2005.0,1940.0,421817.0
2021.04.20,1920.0,-20.0,1950.0,1950.0,1915.0,343732.0
2021.04.19,1940.0,-5.0,1940.0,1955.0,1920.0,252637.0
2021.04.16,1945.0,10.0,1920.0,1955.0,1920.0,197307.0
2021.04.15,1935.0,-15.0,1955.0,1955.0,1920.0,379257.0
2021.04.14,1950.0,-25.0,1965.0,1980.0,1935.0,270579.0
2021.04.13,1975.0,-45.0,2025.0,2025.0,1955.0,459003.0
2021.04.12,2020.0,-10.0,2010.0,2030.0,2000.0,128132.0
2021.04.09,2030.0,40.0,1995.0,2030.0,1980.0,242134.0
2021.04.08,1990.0,-5.0,2000.0,2015.0,1990.0,239349.0
2021.04.07,1995.0,-5.0,1995.0,2005.0,1975.0,255205.0
2021.04.06,2000.0,-5.0,1975.0,2025.0,1975.0,363787.0
2021.04.05,2005.0,-15.0,1995.0,2030.0,1995.0,261168.0
2021.04.02,2020.0,-50.0,2025.0,2030.0,2000.0,511120.0
2021.04.01,2070.0,-25.0,2065.0,2085.0,2055.0,313831.0
2021.03.31,2095.0,5.0,2070.0,2100.0,2055.0,294956.0
2021.03.30,2090.0,-50.0,2130.0,2130.0,2075.0,765201.0
2021.03.29,2140.0,5.0,2120.0,2155.0,2115.0,259070.0
2021.03.26,2135.0,-40.0,2160.0,2165.0,2125.0,295826.0
2021.03.25,2175.0,-20.0,2210.0,2210.0,2150.0,254746.0
2021.03.24,2195.0,20.0,2200.0,2225.0,2175.0,285204.0
2021.03.23,2175.0,45.0,2110.0,2175.0,2100.0,681134.0
2021.03.22,2130.0,-10.0,2120.0,2160.0,2115.0,494153.0
2021.03.19,2140.0,50.0,2150.0,2160.0,2120.0,481694.0
2021.03.18,2090.0,-35.0,2090.0,2095.0,2050.0,868865.0
2021.03.17,2125.0,25.0,2095.0,2155.0,2090.0,457784.0
2021.03.16,2100.0,-25.0,2110.0,2115.0,2080.0,580828.0
2021.03.15,2125.0,30.0,2095.0,2130.0,2090.0,372295.0
2021.03.12,2095.0,-50.0,2110.0,2120.0,2080.0,572521.0
2021.03.11,2145.0,-90.0,2230.0,2230.0,2130.0,657248.0
2021.03.10,2235.0,25.0,2150.0,2245.0,2140.0,526609.0
2021.03.09,2210.0,30.0,2215.0,2280.0,2185.0,1165029.0
2021.03.08,2180.0,30.0,2120.0,2200.0,2115.0,636260.0
2021.03.05,2150.0,20.0,2185.0,2220.0,2135.0,649025.0
2021.03.04,2130.0,55.0,2120.0,2160.0,2095.0,899791.0
2021.03.03,2075.0,-50.0,2135.0,2150.0,2070.0,860145.0
2021.03.02,2125.0,-55.0,2090.0,2165.0,2045.0,1479158.0
2021.02.26,2180.0,115.0,2130.0,2215.0,2130.0,1387983.0
2021.02.25,2065.0,-155.0,2140.0,2160.0,2055.0,1187716.0
2021.02.24,2220.0,90.0,2140.0,2230.0,2095.0,1026757.0
2021.02.23,2130.0,10.0,2155.0,2190.0,2100.0,1245727.0
2021.02.22,2120.0,30.0,2050.0,2135.0,2040.0,1236876.0
2021.02.19,2090.0,-30.0,2120.0,2195.0,2085.0,1013507.0
2021.02.18,2120.0,70.0,2065.0,2125.0,2050.0,683121.0
2021.02.17,2050.0,40.0,2025.0,2090.0,2025.0,673840.0
2021.02.16,2010.0,-20.0,2015.0,2035.0,1980.0,943797.0
2021.02.15,2030.0,-60.0,2035.0,2045.0,2015.0,729878.0
2021.02.10,2090.0,-25.0,2105.0,2155.0,2080.0,907696.0
2021.02.09,2115.0,5.0,2100.0,2120.0,2050.0,677749.0
2021.02.08,2110.0,30.0,2100.0,2120.0,2060.0,895066.0
2021.02.05,2080.0,-45.0,2085.0,2125.0,2065.0,944139.0
2021.02.04,2125.0,70.0,2070.0,2155.0,2065.0,1566391.0
2021.02.03,2055.0,-40.0,2065.0,2110.0,2035.0,1334291.0
2021.02.02,2095.0,-60.0,2115.0,2140.0,2030.0,1968584.0
2021.02.01,2155.0,-120.0,2280.0,2325.0,2155.0,1343502.0
2021.01.29,2275.0,105.0,2105.0,2295.0,2105.0,2197247.0
2021.01.28,2170.0,85.0,2240.0,2240.0,2115.0,1227833.0
2021.01.27,2085.0,15.0,2045.0,2095.0,1995.0,963013.0
2021.01.26,2070.0,110.0,1960.0,2085.0,1960.0,932891.0
2021.01.25,1960.0,-90.0,2040.0,2055.0,1955.0,833179.0
2021.01.22,2050.0,15.0,2020.0,2060.0,1995.0,1205227.0
2021.01.21,2035.0,-55.0,2060.0,2085.0,2025.0,805190.0
2021.01.20,2090.0,-20.0,2030.0,2140.0,2030.0,1178900.0
2021.01.19,2110.0,-135.0,2205.0,2240.0,2090.0,1366144.0
2021.01.18,2245.0,105.0,2185.0,2250.0,2145.0,1353150.0
2021.01.15,2140.0,90.0,2025.0,2145.0,1980.0,1358599.0
2021.01.14,2050.0,5.0,2070.0,2075.0,2035.0,461696.0
2021.01.13,2045.0,-5.0,2060.0,2100.0,2010.0,921254.0
2021.01.12,2050.0,25.0,2055.0,2180.0,2025.0,2182170.0
2021.01.11,2025.0,-25.0,2000.0,2105.0,1875.0,3240159.0
2021.01.08,2050.0,-200.0,2190.0,2200.0,2020.0,1185580.0
2021.01.07,2250.0,-110.0,2300.0,2310.0,2205.0,807386.0
2021.01.06,2360.0,50.0,2295.0,2370.0,2250.0,489125.0
2021.01.05,2310.0,-70.0,2405.0,2430.0,2310.0,436532.0
2021.01.04,2380.0,-135.0,2505.0,2530.0,2370.0,442242.0
2020.12.30,2515.0,-130.0,2660.0,2670.0,2505.0,665018.0
2020.12.29,2645.0,-80.0,2675.0,2705.0,2620.0,438249.0
2020.12.28,2725.0,-30.0,2710.0,2740.0,2670.0,577090.0
2020.12.24,2755.0,-120.0,2860.0,2860.0,2735.0,677829.0
2020.12.23,2875.0,-75.0,2930.0,2980.0,2860.0,863832.0
2020.12.22,2950.0,90.0,2865.0,2950.0,2865.0,554110.0
2020.12.21,2860.0,0.0,2880.0,2930.0,2845.0,573514.0
2020.12.18,2860.0,5.0,2850.0,2880.0,2840.0,209360.0
2020.12.17,2855.0,5.0,2860.0,2920.0,2845.0,1031244.0
2020.12.16,2850.0,-25.0,2835.0,2870.0,2820.0,425434.0
2020.12.15,2875.0,5.0,2855.0,2940.0,2855.0,806271.0
2020.12.14,2870.0,20.0,2845.0,2880.0,2825.0,643843.0
2020.12.11,2850.0,-35.0,2870.0,2870.0,2830.0,448030.0
2020.12.10,2885.0,15.0,2920.0,2955.0,2855.0,855830.0
2020.12.09,2870.0,-125.0,2965.0,2965.0,2855.0,740455.0
2020.12.08,2995.0,95.0,2925.0,3000.0,2905.0,799505.0
2020.12.07,2900.0,-30.0,2930.0,2975.0,2875.0,977065.0
2020.12.04,2930.0,-110.0,3050.0,3050.0,2900.0,735233.0
2020.12.03,3040.0,-45.0,3050.0,3090.0,3030.0,485592.0
2020.12.02,3085.0,-115.0,3165.0,3175.0,3080.0,690945.0
2020.12.01,3200.0,-100.0,3245.0,3255.0,3170.0,672143.0
2020.11.30,3300.0,100.0,3185.0,3300.0,3160.0,509498.0
2020.11.27,3200.0,-20.0,3225.0,3245.0,3195.0,314409.0
2020.11.26,3220.0,-55.0,3275.0,3305.0,3220.0,381359.0
2020.11.25,3275.0,-10.0,3210.0,3315.0,3180.0,839879.0
2020.11.24,3285.0,0.0,3260.0,3285.0,3205.0,494047.0
2020.11.23,3285.0,-155.0,3425.0,3435.0,3275.0,687374.0
2020.11.20,3440.0,-15.0,3460.0,3480.0,3410.0,666178.0
2020.11.19,3455.0,0.0,3470.0,3505.0,3450.0,442683.0
2020.11.18,3455.0,5.0,3450.0,3475.0,3420.0,408268.0
2020.11.17,3450.0,0.0,3420.0,3470.0,3405.0,471942.0
2020.11.16,3450.0,-155.0,3535.0,3600.0,3425.0,775328.0
2020.11.13,3605.0,-70.0,3695.0,3705.0,3590.0,620991.0
2020.11.12,3675.0,25.0,3645.0,3700.0,3630.0,505588.0
2020.11.11,3650.0,-115.0,3740.0,3745.0,3635.0,708116.0
2020.11.10,3765.0,5.0,3720.0,3815.0,3720.0,618027.0
2020.11.09,3760.0,-100.0,3780.0,3800.0,3705.0,807057.0
2020.11.06,3860.0,-35.0,3835.0,3890.0,3810.0,1259849.0
2020.11.05,3895.0,-160.0,4015.0,4030.0,3895.0,739628.0
2020.11.04,4055.0,-60.0,4045.0,4135.0,4020.0,734677.0
2020.11.03,4115.0,-175.0,4215.0,4245.0,4110.0,703666.0
2020.11.02,4290.0,-120.0,4415.0,4415.0,4280.0,565536.0
2020.10.30,4410.0,220.0,4225.0,4420.0,4220.0,716865.0
2020.10.29,4190.0,90.0,4220.0,4285.0,4185.0,574688.0
2020.10.28,4100.0,-40.0,4175.0,4200.0,4100.0,362916.0
2020.10.27,4140.0,60.0,4200.0,4205.0,4090.0,425046.0
2020.10.26,4080.0,15.0,4050.0,4090.0,4010.0,350597.0
2020.10.23,4065.0,-30.0,4050.0,4130.0,4035.0,401953.0
2020.10.22,4095.0,60.0,4075.0,4140.0,4070.0,511421.0
2020.10.21,4035.0,-35.0,4045.0,4080.0,4020.0,394413.0
2020.10.20,4070.0,-55.0,4170.0,4190.0,4065.0,600861.0
2020.10.19,4125.0,-10.0,4105.0,4125.0,4060.0,458099.0
2020.10.16,4135.0,45.0,4085.0,4200.0,4060.0,525123.0
2020.10.15,4090.0,60.0,4055.0,4130.0,4035.0,632241.0
2020.10.14,4030.0,70.0,3955.0,4050.0,3945.0,378319.0
2020.10.13,3960.0,-5.0,3930.0,4020.0,3910.0,838097.0
2020.10.12,3965.0,-30.0,3965.0,3995.0,3940.0,451338.0
2020.10.08,3995.0,-10.0,3930.0,4025.0,3930.0,557981.0
2020.10.07,4005.0,-80.0,4125.0,4145.0,4000.0,523860.0
2020.10.06,4085.0,-10.0,4055.0,4110.0,4030.0,354017.0
2020.10.05,4095.0,-110.0,4200.0,4215.0,4075.0,611051.0
2020.09.29,4205.0,-70.0,4175.0,4240.0,4165.0,510522.0
2020.09.28,4275.0,-115.0,4320.0,4355.0,4250.0,608347.0
2020.09.25,4390.0,-45.0,4365.0,4445.0,4360.0,684256.0
2020.09.24,4435.0,195.0,4355.0,4450.0,4325.0,1596884.0
2020.09.23,4240.0,-40.0,4210.0,4420.0,4200.0,1813791.0
2020.09.22,4280.0,200.0,4100.0,4310.0,4085.0,1464290.0
2020.09.21,4080.0,65.0,4035.0,4105.0,3955.0,995581.0
2020.09.18,4015.0,-30.0,4010.0,4065.0,3995.0,749217.0
2020.09.17,4045.0,115.0,3950.0,4055.0,3935.0,919188.0
2020.09.16,3930.0,20.0,3915.0,3940.0,3880.0,614470.0
2020.09.15,3910.0,-60.0,3955.0,3980.0,3905.0,510346.0
2020.09.14,3970.0,-100.0,4025.0,4025.0,3955.0,811137.0
2020.09.11,4070.0,20.0,4095.0,4160.0,4070.0,577428.0
2020.09.10,4050.0,-95.0,4030.0,4095.0,4030.0,393370.0
2020.09.09,4145.0,85.0,4140.0,4165.0,4095.0,701341.0
2020.09.08,4060.0,-105.0,4095.0,4125.0,4050.0,726065.0
2020.09.07,4165.0,-40.0,4195.0,4235.0,4145.0,1047811.0
2020.09.04,4205.0,120.0,4305.0,4310.0,4190.0,1366911.0
2020.09.03,4085.0,-130.0,4130.0,4140.0,4060.0,1313391.0
2020.09.02,4215.0,-40.0,4210.0,4295.0,4180.0,1832937.0
2020.09.01,4255.0,-75.0,4330.0,4330.0,4230.0,1338327.0
2020.08.31,4330.0,135.0,4135.0,4330.0,4095.0,835369.0
2020.08.28,4195.0,-50.0,4170.0,4245.0,4105.0,1217224.0
2020.08.27,4245.0,90.0,4130.0,4255.0,4130.0,1309078.0
2020.08.26,4155.0,-25.0,4170.0,4275.0,4140.0,775930.0
2020.08.25,4180.0,-115.0,4200.0,4255.0,4155.0,734450.0
2020.08.24,4295.0,-70.0,4360.0,4450.0,4265.0,1080246.0
2020.08.21,4365.0,-140.0,4405.0,4470.0,4265.0,1601334.0
2020.08.20,4505.0,320.0,4265.0,4530.0,4220.0,2330830.0
2020.08.19,4185.0,-25.0,4160.0,4200.0,4105.0,708450.0
2020.08.18,4210.0,165.0,4015.0,4245.0,3990.0,1110491.0
2020.08.14,4045.0,75.0,3985.0,4120.0,3975.0,802715.0
2020.08.13,3970.0,5.0,3900.0,4050.0,3880.0,616369.0
2020.08.12,3965.0,-45.0,4050.0,4100.0,3965.0,848916.0
2020.08.11,4010.0,-120.0,4100.0,4115.0,3970.0,638375.0
2020.08.10,4130.0,-115.0,4260.0,4270.0,4110.0,884704.0
2020.08.07,4245.0,-30.0,4250.0,4330.0,4200.0,1532263.0
2020.08.06,4275.0,-145.0,4345.0,4400.0,4230.0,573445.0
2020.08.05,4420.0,-100.0,4505.0,4530.0,4420.0,572025.0
2020.08.04,4520.0,-110.0,4555.0,4560.0,4485.0,336721.0
2020.08.03,4630.0,10.0,4630.0,4685.0,4605.0,439951.0
2020.07.31,4620.0,70.0,4525.0,4640.0,4480.0,429929.0
2020.07.30,4550.0,-25.0,4550.0,4555.0,4490.0,793122.0
2020.07.29,4575.0,-50.0,4600.0,4630.0,4510.0,511061.0
2020.07.28,4625.0,-205.0,4730.0,4745.0,4570.0,827372.0
2020.07.27,4830.0,-75.0,4910.0,4920.0,4770.0,398545.0
2020.07.24,4905.0,50.0,4940.0,4955.0,4855.0,442240.0
2020.07.23,4855.0,50.0,4805.0,4930.0,4805.0,380827.0
2020.07.22,4805.0,55.0,4775.0,4820.0,4740.0,382726.0
2020.07.21,4750.0,-165.0,4820.0,4830.0,4735.0,640383.0
2020.07.20,4915.0,25.0,4860.0,4975.0,4850.0,338319.0
2020.07.17,4890.0,-70.0,4955.0,4955.0,4880.0,412048.0
2020.07.16,4960.0,100.0,4860.0,4990.0,4860.0,354764.0
2020.07.15,4860.0,-95.0,4850.0,4915.0,4795.0,449494.0
2020.07.14,4955.0,5.0,5010.0,5055.0,4955.0,428382.0
2020.07.13,4950.0,-200.0,5035.0,5075.0,4940.0,545656.0
2020.07.10,5150.0,115.0,5040.0,5190.0,5020.0,381029.0
2020.07.09,5035.0,-60.0,5050.0,5055.0,4970.0,368836.0
2020.07.08,5095.0,25.0,5060.0,5115.0,5015.0,481083.0
2020.07.07,5070.0,125.0,4875.0,5070.0,4860.0,825690.0
2020.07.06,4945.0,-165.0,5090.0,5100.0,4925.0,754879.0
2020.07.03,5110.0,-100.0,5170.0,5210.0,5110.0,378661.0
2020.07.02,5210.0,-135.0,5295.0,5305.0,5210.0,618261.0
2020.07.01,5345.0,5.0,5255.0,5355.0,5210.0,655686.0
2020.06.30,5340.0,-85.0,5275.0,5340.0,5210.0,577823.0
2020.06.29,5425.0,170.0,5390.0,5465.0,5305.0,768005.0
2020.06.26,5255.0,-155.0,5275.0,5370.0,5210.0,599416.0
2020.06.25,5410.0,285.0,5295.0,5410.0,5225.0,1006251.0
2020.06.24,5125.0,-185.0,5255.0,5260.0,5080.0,968951.0
2020.06.23,5310.0,-30.0,5230.0,5425.0,5170.0,1295304.0
2020.06.22,5340.0,70.0,5380.0,5380.0,5250.0,561843.0
2020.06.19,5270.0,-40.0,5205.0,5445.0,5200.0,838073.0
2020.06.18,5310.0,30.0,5315.0,5400.0,5275.0,883246.0
2020.06.17,5280.0,30.0,5335.0,5445.0,5205.0,1314906.0
2020.06.16,5250.0,-705.0,5570.0,5690.0,5250.0,1809072.0
2020.06.15,5955.0,535.0,5530.0,5955.0,5460.0,1473134.0
2020.06.12,5420.0,190.0,5640.0,5640.0,5390.0,1160499.0
2020.06.11,5230.0,180.0,5100.0,5305.0,5035.0,817841.0
2020.06.10,5050.0,-25.0,5065.0,5115.0,5010.0,483303.0
2020.06.09,5075.0,-15.0,5050.0,5175.0,4950.0,886977.0
2020.06.08,5090.0,30.0,4890.0,5120.0,4885.0,884274.0
2020.06.05,5060.0,-150.0,5250.0,5300.0,5060.0,678899.0
2020.06.04,5210.0,-55.0,5090.0,5255.0,4985.0,1039154.0
2020.06.03,5265.0,-415.0,5550.0,5575.0,5190.0,1653450.0
2020.06.02,5680.0,-115.0,5795.0,5825.0,5660.0,344840.0
2020.06.01,5795.0,-255.0,6010.0,6010.0,5795.0,643364.0
2020.05.29,6050.0,30.0,6070.0,6160.0,5970.0,503919.0
2020.05.28,6020.0,-35.0,5960.0,6165.0,5895.0,648009.0
2020.05.27,6055.0,-25.0,6115.0,6140.0,5995.0,390931.0
2020.05.26,6080.0,-215.0,6300.0,6300.0,6070.0,737076.0
2020.05.25,6295.0,-170.0,6370.0,6485.0,6295.0,287915.0
2020.05.22,6465.0,200.0,6265.0,6520.0,6230.0,476467.0
2020.05.21,6265.0,-45.0,6235.0,6285.0,6210.0,247267.0
2020.05.20,6310.0,-30.0,6395.0,6395.0,6275.0,225454.0
2020.05.19,6340.0,-340.0,6405.0,6425.0,6310.0,528130.0
2020.05.18,6680.0,-100.0,6705.0,6820.0,6645.0,360052.0
2020.05.15,6780.0,-40.0,6700.0,6875.0,6680.0,379567.0
2020.05.14,6820.0,135.0,6795.0,6880.0,6760.0,466710.0
2020.05.13,6685.0,-140.0,6990.0,7005.0,6685.0,568582.0
2020.05.12,6825.0,85.0,6735.0,6940.0,6705.0,673087.0
2020.05.11,6740.0,100.0,6600.0,6750.0,6525.0,356268.0
2020.05.08,6640.0,-120.0,6670.0,6670.0,6545.0,506419.0
2020.05.07,6760.0,25.0,6790.0,6835.0,6675.0,231893.0
2020.05.06,6735.0,-255.0,6775.0,6945.0,6735.0,366014.0
2020.05.04,6990.0,415.0,6860.0,7000.0,6810.0,872916.0
2020.04.29,6575.0,-110.0,6650.0,6710.0,6505.0,663033.0
2020.04.28,6685.0,-75.0,6720.0,6855.0,6645.0,726512.0
2020.04.27,6760.0,-300.0,6995.0,7025.0,6705.0,751009.0
2020.04.24,7060.0,210.0,6950.0,7130.0,6910.0,519151.0
2020.04.23,6850.0,-125.0,6910.0,7000.0,6775.0,663111.0
2020.04.22,6975.0,-135.0,7300.0,7385.0,6950.0,871626.0
2020.04.21,7110.0,155.0,7070.0,7350.0,6965.0,1529074.0
2020.04.20,6955.0,175.0,6825.0,6990.0,6765.0,686572.0
2020.04.17,6780.0,-465.0,6890.0,6945.0,6650.0,1508538.0
2020.04.16,7245.0,20.0,7300.0,7480.0,7210.0,813114.0
2020.04.14,7225.0,-305.0,7375.0,7450.0,7160.0,1004302.0
2020.04.13,7530.0,270.0,7300.0,7540.0,7300.0,954357.0
2020.04.10,7260.0,-120.0,7420.0,7485.0,7255.0,1292832.0
2020.04.09,7380.0,-220.0,7325.0,7540.0,7310.0,792602.0
2020.04.08,7600.0,230.0,7450.0,7600.0,7275.0,757900.0
2020.04.07,7370.0,-330.0,7250.0,7690.0,7235.0,1570896.0
2020.04.06,7700.0,-640.0,8135.0,8195.0,7605.0,1562443.0
2020.04.03,8340.0,-10.0,8345.0,8555.0,8175.0,1337786.0
2020.04.02,8350.0,-480.0,8810.0,9025.0,8325.0,1749240.0
2020.04.01,8830.0,725.0,8265.0,8830.0,8030.0,1202987.0
2020.03.31,8105.0,-270.0,8140.0,8400.0,8020.0,1513665.0
2020.03.30,8375.0,15.0,8770.0,8935.0,8235.0,1872089.0
2020.03.27,8360.0,-370.0,8030.0,8945.0,7895.0,2403317.0
2020.03.26,8730.0,295.0,8460.0,8730.0,8170.0,1799134.0
2020.03.25,8435.0,-1020.0,8830.0,9245.0,8370.0,2630626.0
2020.03.24,9455.0,-2255.0,11070.0,11415.0,9455.0,2026189.0
2020.03.23,11710.0,1100.0,11955.0,12095.0,11320.0,4164939.0
2020.03.20,10610.0,-1890.0,11730.0,12405.0,10610.0,5661263.0
2020.03.19,12500.0,1510.0,10435.0,12930.0,10240.0,2740636.0
2020.03.18,10990.0,1160.0,9820.0,10990.0,9670.0,1503416.0
2020.03.17,9830.0,405.0,10350.0,10350.0,9310.0,1498709.0
2020.03.16,9425.0,690.0,8525.0,9480.0,8425.0,862472.0
2020.03.13,8735.0,365.0,9200.0,10055.0,8375.0,2116933.0
2020.03.12,8370.0,605.0,7940.0,8605.0,7880.0,1504039.0
2020.03.11,7765.0,420.0,7385.0,7845.0,7350.0,1453100.0
2020.03.10,7345.0,-100.0,7500.0,7570.0,7310.0,650225.0
2020.03.09,7445.0,585.0,7350.0,7555.0,7250.0,910285.0
2020.03.06,6860.0,255.0,6770.0,6925.0,6720.0,639820.0
2020.03.05,6605.0,-135.0,6580.0,6750.0,6540.0,497150.0
2020.03.04,6740.0,-310.0,7155.0,7205.0,6695.0,799745.0
2020.03.03,7050.0,-60.0,6720.0,7110.0,6695.0,691199.0
2020.03.02,7110.0,-125.0,7155.0,7360.0,7015.0,623594.0
2020.02.28,7235.0,430.0,7050.0,7265.0,6955.0,939224.0
2020.02.27,6805.0,140.0,6705.0,6845.0,6625.0,951952.0
2020.02.26,6665.0,195.0,6710.0,6760.0,6585.0,359422.0
2020.02.25,6470.0,-150.0,6700.0,6735.0,6470.0,760186.0
2020.02.24,6620.0,470.0,6410.0,6625.0,6390.0,715110.0
2020.02.21,6150.0,190.0,6130.0,6165.0,6040.0,323420.0
2020.02.20,5960.0,55.0,5805.0,6035.0,5795.0,320037.0
2020.02.19,5905.0,-10.0,5860.0,6015.0,5835.0,273576.0
2020.02.18,5915.0,175.0,5820.0,5935.0,5790.0,318307.0
2020.02.17,5740.0,15.0,5745.0,5790.0,5685.0,116104.0
2020.02.14,5725.0,-70.0,5805.0,5875.0,5680.0,313773.0
2020.02.13,5795.0,30.0,5730.0,5820.0,5675.0,303144.0
2020.02.12,5765.0,-100.0,5880.0,5915.0,5755.0,177464.0
2020.02.11,5865.0,-120.0,5960.0,5965.0,5795.0,284789.0
2020.02.10,5985.0,70.0,5985.0,6105.0,5975.0,206477.0
2020.02.07,5915.0,105.0,5850.0,5990.0,5850.0,166863.0
2020.02.06,5810.0,-395.0,6060.0,6085.0,5805.0,302561.0
2020.02.05,6205.0,-50.0,6120.0,6265.0,6110.0,221468.0
2020.02.04,6255.0,-245.0,6490.0,6505.0,6235.0,460453.0
2020.02.03,6500.0,0.0,6695.0,6725.0,6445.0,545422.0
2020.01.31,6500.0,150.0,6260.0,6500.0,6230.0,321430.0
2020.01.30,6350.0,230.0,6160.0,6400.0,6125.0,179099.0
2020.01.29,6120.0,-30.0,6100.0,6185.0,6065.0,364354.0
2020.01.28,6150.0,355.0,6060.0,6220.0,6025.0,511148.0
2020.01.23,5795.0,135.0,5735.0,5815.0,5715.0,157462.0
2020.01.22,5660.0,-155.0,5845.0,5850.0,5645.0,110316.0
2020.01.21,5815.0,130.0,5695.0,5815.0,5675.0,185296.0
2020.01.20,5685.0,-80.0,5725.0,5725.0,5615.0,257532.0
2020.01.17,5765.0,-25.0,5735.0,5795.0,5670.0,163914.0
2020.01.16,5790.0,-125.0,5925.0,5930.0,5790.0,44881.0
2020.01.15,5915.0,70.0,5885.0,5940.0,5860.0,171349.0
2020.01.14,5845.0,-55.0,5825.0,5855.0,5765.0,177773.0
2020.01.13,5900.0,-130.0,6035.0,6035.0,5895.0,137819.0
2020.01.10,6030.0,-100.0,6060.0,6135.0,6020.0,115321.0
2020.01.09,6130.0,-225.0,6165.0,6225.0,6130.0,72114.0
2020.01.08,6355.0,85.0,6365.0,6435.0,6290.0,157778.0
2020.01.07,6270.0,-135.0,6345.0,6345.0,6220.0,200442.0
2020.01.06,6405.0,105.0,6410.0,6425.0,6350.0,138764.0
2020.01.03,6300.0,10.0,6170.0,6365.0,6115.0,157473.0
2020.01.02,6290.0,155.0,6195.0,6320.0,6130.0,76886.0
2019.12.30,6135.0,25.0,6150.0,6150.0,6085.0,124890.0
2019.12.27,6110.0,-215.0,6235.0,6270.0,6020.0,149493.0
2019.12.26,6325.0,-35.0,6370.0,6400.0,6320.0,129730.0
2019.12.24,6360.0,85.0,6255.0,6370.0,6255.0,60801.0
2019.12.23,6275.0,5.0,6230.0,6305.0,6225.0,87280.0
2019.12.20,6270.0,-35.0,6250.0,6310.0,6240.0,128193.0
2019.12.19,6305.0,-15.0,6270.0,6355.0,6235.0,184756.0
2019.12.18,6320.0,10.0,6305.0,6340.0,6230.0,205619.0
2019.12.17,6310.0,-185.0,6445.0,6455.0,6285.0,213105.0
2019.12.16,6495.0,0.0,6485.0,6495.0,6450.0,74343.0
2019.12.13,6495.0,-235.0,6530.0,6560.0,6480.0,242267.0
2019.12.12,6730.0,-240.0,6900.0,6900.0,6715.0,84801.0
2019.12.11,6970.0,-50.0,7015.0,7060.0,6940.0,111942.0
2019.12.10,7020.0,-80.0,7110.0,7140.0,7010.0,104548.0
2019.12.09,7100.0,-70.0,7090.0,7135.0,7050.0,59806.0
2019.12.06,7170.0,-145.0,7250.0,7255.0,7135.0,124504.0
2019.12.05,7315.0,35.0,7140.0,7370.0,7130.0,101327.0
2019.12.04,7280.0,105.0,7265.0,7355.0,7255.0,134812.0
2019.12.03,7175.0,75.0,7210.0,7290.0,7160.0,155329.0
2019.12.02,7100.0,-45.0,7070.0,7120.0,7020.0,66449.0
2019.11.29,7145.0,235.0,6890.0,7155.0,6870.0,231294.0
2019.11.28,6910.0,65.0,6905.0,6930.0,6855.0,106859.0
2019.11.27,6845.0,-10.0,6820.0,6910.0,6770.0,87776.0
2019.11.26,6855.0,-10.0,6840.0,6855.0,6740.0,77520.0
2019.11.25,6865.0,-150.0,6915.0,6915.0,6815.0,34439.0
2019.11.22,7015.0,-65.0,7055.0,7075.0,6990.0,158049.0
2019.11.21,7080.0,215.0,6890.0,7115.0,6880.0,327476.0
2019.11.20,6865.0,175.0,6775.0,6880.0,6740.0,151961.0
2019.11.19,6690.0,50.0,6695.0,6795.0,6680.0,172302.0
2019.11.18,6640.0,5.0,6640.0,6685.0,6625.0,64244.0
2019.11.15,6635.0,-185.0,6795.0,6815.0,6615.0,309919.0
2019.11.14,6820.0,-120.0,6900.0,6935.0,6820.0,34323.0
2019.11.13,6940.0,115.0,6870.0,6955.0,6865.0,90975.0
2019.11.12,6825.0,-110.0,6895.0,6940.0,6815.0,84478.0
2019.11.11,6935.0,95.0,6835.0,6960.0,6830.0,47151.0
2019.11.08,6840.0,50.0,6720.0,6845.0,6695.0,144601.0
2019.11.07,6790.0,20.0,6720.0,6840.0,6720.0,97063.0
2019.11.06,6770.0,-20.0,6800.0,6800.0,6690.0,74358.0
2019.11.05,6790.0,-90.0,6840.0,6875.0,6775.0,84447.0
2019.11.04,6880.0,-205.0,6980.0,6985.0,6865.0,161114.0
2019.11.01,7085.0,-125.0,7210.0,7235.0,7085.0,29271.0
2019.10.31,7210.0,-20.0,7140.0,7210.0,7050.0,131591.0
2019.10.30,7230.0,95.0,7125.0,7250.0,7120.0,72750.0
2019.10.29,7135.0,25.0,7050.0,7150.0,7025.0,71676.0
2019.10.28,7110.0,-60.0,7075.0,7140.0,7040.0,82608.0
2019.10.25,7170.0,-5.0,7130.0,7225.0,7130.0,527524.0
2019.10.24,7175.0,-35.0,7140.0,7295.0,7135.0,88881.0
2019.10.23,7210.0,75.0,7145.0,7240.0,7140.0,50527.0
2019.10.22,7135.0,-175.0,7255.0,7260.0,7100.0,235438.0
2019.10.21,7310.0,-90.0,7320.0,7380.0,7310.0,77077.0
2019.10.18,7400.0,140.0,7270.0,7410.0,7170.0,85210.0
2019.10.17,7260.0,45.0,7150.0,7290.0,7150.0,71960.0
2019.10.16,7215.0,-90.0,7230.0,7260.0,7145.0,121429.0
2019.10.15,7305.0,-5.0,7335.0,7335.0,7275.0,52520.0
2019.10.14,7310.0,-175.0,7285.0,7315.0,7240.0,369271.0
2019.10.11,7485.0,-105.0,7520.0,7520.0,7410.0,117570.0
2019.10.10,7590.0,115.0,7560.0,7770.0,7525.0,460799.0
2019.10.08,7475.0,-215.0,7655.0,7655.0,7465.0,159672.0
2019.10.07,7690.0,-10.0,7605.0,7730.0,7580.0,52538.0
2019.10.04,7700.0,75.0,7685.0,7700.0,7545.0,73413.0
2019.10.02,7625.0,295.0,7445.0,7625.0,7445.0,249596.0
2019.10.01,7330.0,-40.0,7385.0,7405.0,7270.0,79050.0
2019.09.30,7370.0,-125.0,7470.0,7555.0,7355.0,82334.0
2019.09.27,7495.0,155.0,7390.0,7535.0,7390.0,183680.0
2019.09.26,7340.0,-20.0,7320.0,7405.0,7255.0,171059.0
2019.09.25,7360.0,160.0,7240.0,7365.0,7225.0,189971.0
2019.09.24,7200.0,-50.0,7245.0,7295.0,7170.0,122311.0
2019.09.23,7250.0,-20.0,7295.0,7295.0,7230.0,161515.0
2019.09.20,7270.0,-70.0,7355.0,7365.0,7250.0,141459.0
2019.09.19,7340.0,-100.0,7445.0,7450.0,7275.0,213453.0
2019.09.18,7440.0,-80.0,7490.0,7545.0,7405.0,90316.0
2019.09.17,7520.0,-5.0,7500.0,7555.0,7485.0,98222.0
2019.09.16,7525.0,-35.0,7530.0,7625.0,7505.0,146336.0
2019.09.11,7560.0,-135.0,7680.0,7680.0,7545.0,387543.0
2019.09.10,7695.0,-70.0,7735.0,7760.0,7685.0,125967.0
2019.09.09,7765.0,-120.0,7855.0,7855.0,7690.0,179039.0
2019.09.06,7885.0,-75.0,7855.0,7920.0,7850.0,73971.0
2019.09.05,7960.0,-150.0,8065.0,8090.0,7850.0,321191.0
2019.09.04,8110.0,-235.0,8375.0,8375.0,8110.0,138622.0
2019.09.03,8345.0,55.0,8335.0,8380.0,8250.0,80146.0
2019.09.02,8290.0,-20.0,8310.0,8355.0,8260.0,145229.0
2019.08.30,8310.0,-305.0,8455.0,8455.0,8260.0,317459.0
2019.08.29,8615.0,70.0,8510.0,8650.0,8500.0,374659.0
2019.08.28,8545.0,-150.0,8640.0,8660.0,8520.0,75585.0
2019.08.27,8695.0,-55.0,8685.0,8725.0,8575.0,119893.0
2019.08.26,8750.0,265.0,8790.0,8850.0,8705.0,390812.0
2019.08.23,8485.0,0.0,8550.0,8570.0,8455.0,172199.0
2019.08.22,8485.0,130.0,8355.0,8495.0,8340.0,40562.0
2019.08.21,8355.0,-25.0,8405.0,8425.0,8300.0,41630.0
2019.08.20,8380.0,-180.0,8570.0,8600.0,8355.0,47250.0
2019.08.19,8560.0,-100.0,8645.0,8650.0,8530.0,93454.0
2019.08.16,8660.0,85.0,8740.0,8820.0,8660.0,176490.0
2019.08.14,8575.0,-140.0,8530.0,8605.0,8460.0,123014.0
2019.08.13,8715.0,160.0,8675.0,8735.0,8620.0,123937.0
2019.08.12,8555.0,-15.0,8560.0,8630.0,8505.0,137137.0
2019.08.09,8570.0,-150.0,8585.0,8620.0,8510.0,344109.0
2019.08.08,8720.0,-40.0,8630.0,8765.0,8560.0,223442.0
2019.08.07,8760.0,90.0,8670.0,8835.0,8595.0,372162.0
2019.08.06,8670.0,260.0,8795.0,8870.0,8460.0,435708.0
2019.08.05,8410.0,330.0,8175.0,8450.0,8175.0,321291.0
2019.08.02,8080.0,175.0,8010.0,8145.0,8010.0,151560.0
2019.08.01,7905.0,55.0,7955.0,7975.0,7805.0,91182.0
2019.07.31,7850.0,140.0,7725.0,7920.0,7705.0,90417.0
2019.07.30,7710.0,-55.0,7765.0,7765.0,7650.0,47080.0
2019.07.29,7765.0,225.0,7570.0,7800.0,7555.0,284330.0
2019.07.26,7540.0,40.0,7565.0,7610.0,7525.0,26772.0
2019.07.25,7500.0,25.0,7435.0,7580.0,7415.0,43136.0
2019.07.24,7475.0,140.0,7345.0,7490.0,7300.0,82940.0
2019.07.23,7335.0,-60.0,7375.0,7395.0,7290.0,89098.0
2019.07.22,7395.0,15.0,7445.0,7460.0,7360.0,67751.0
2019.07.19,7380.0,-235.0,7515.0,7530.0,7365.0,103856.0
2019.07.18,7615.0,45.0,7615.0,7660.0,7560.0,81184.0
2019.07.17,7570.0,130.0,7520.0,7620.0,7520.0,60852.0
2019.07.16,7440.0,-70.0,7490.0,7530.0,7410.0,93164.0
2019.07.15,7510.0,15.0,7445.0,7585.0,7445.0,67017.0
2019.07.12,7495.0,-40.0,7540.0,7575.0,7475.0,109215.0
2019.07.11,7535.0,-185.0,7630.0,7630.0,7485.0,302463.0
2019.07.10,7720.0,-55.0,7695.0,7720.0,7640.0,140152.0
2019.07.09,7775.0,35.0,7695.0,7775.0,7645.0,167504.0
2019.07.08,7740.0,315.0,7555.0,7745.0,7555.0,350240.0
2019.07.05,7425.0,20.0,7400.0,7520.0,7370.0,135731.0
2019.07.04,7405.0,-120.0,7515.0,7550.0,7405.0,41801.0
2019.07.03,7525.0,190.0,7380.0,7550.0,7305.0,200293.0
2019.07.02,7335.0,90.0,7325.0,7400.0,7260.0,47305.0
2019.07.01,7245.0,-15.0,7130.0,7280.0,7120.0,43087.0
2019.06.28,7260.0,25.0,7230.0,7290.0,7200.0,36082.0
2019.06.27,7235.0,-170.0,7350.0,7375.0,7195.0,73476.0
2019.06.26,7405.0,-15.0,7440.0,7440.0,7365.0,34142.0
2019.06.25,7420.0,30.0,7415.0,7480.0,7325.0,99303.0
2019.06.24,7390.0,-30.0,7385.0,7415.0,7345.0,32910.0
2019.06.21,7420.0,40.0,7375.0,7445.0,7365.0,127883.0
2019.06.20,7380.0,-55.0,7415.0,7445.0,7370.0,182983.0
2019.06.19,7435.0,-190.0,7455.0,7470.0,7395.0,276268.0
2019.06.18,7625.0,-70.0,7705.0,7720.0,7600.0,33237.0
2019.06.17,7695.0,-10.0,7720.0,7750.0,7620.0,115879.0
2019.06.14,7705.0,20.0,7725.0,7780.0,7625.0,209061.0
2019.06.13,7685.0,110.0,7600.0,7805.0,7575.0,179598.0
2019.06.12,7575.0,50.0,7525.0,7585.0,7480.0,204889.0
2019.06.11,7525.0,-75.0,7615.0,7630.0,7505.0,56112.0
2019.06.10,7600.0,-230.0,7720.0,7795.0,7580.0,111361.0
2019.06.07,7830.0,-20.0,7850.0,7950.0,7725.0,72559.0
2019.06.05,7850.0,-10.0,7735.0,7860.0,7690.0,69654.0
2019.06.04,7860.0,25.0,7840.0,7900.0,7815.0,84275.0
2019.06.03,7835.0,-265.0,8150.0,8190.0,7820.0,140961.0
2019.05.31,8100.0,30.0,8120.0,8215.0,8000.0,165208.0
2019.05.30,8070.0,-145.0,8195.0,8195.0,8065.0,184123.0
2019.05.29,8215.0,210.0,8060.0,8295.0,8050.0,211467.0
2019.05.28,8005.0,-15.0,8040.0,8095.0,7945.0,214264.0
2019.05.27,8020.0,-5.0,8045.0,8110.0,7955.0,135177.0
2019.05.24,8025.0,105.0,7990.0,8110.0,7930.0,243294.0
2019.05.23,7920.0,20.0,7900.0,8030.0,7885.0,81455.0
2019.05.22,7900.0,-15.0,7885.0,8065.0,7855.0,131079.0
2019.05.21,7915.0,-85.0,8015.0,8020.0,7780.0,262903.0
2019.05.20,8000.0,-40.0,7950.0,8030.0,7845.0,349992.0
2019.05.17,8040.0,115.0,7825.0,8065.0,7820.0,75055.0
2019.05.16,7925.0,200.0,7745.0,7965.0,7740.0,279968.0
2019.05.15,7725.0,-65.0,7790.0,7855.0,7665.0,162261.0
2019.05.14,7790.0,35.0,7920.0,7945.0,7685.0,239413.0
2019.05.13,7755.0,180.0,7715.0,7780.0,7630.0,429175.0
2019.05.10,7575.0,-20.0,7545.0,7720.0,7470.0,415374.0
2019.05.09,7595.0,415.0,7235.0,7620.0,7210.0,445310.0
2019.05.08,7180.0,70.0,7295.0,7295.0,7095.0,676579.0
2019.05.07,7110.0,110.0,7125.0,7235.0,7095.0,263238.0
2019.05.03,7000.0,130.0,6900.0,7015.0,6895.0,194644.0
2019.05.02,6870.0,-40.0,7070.0,7070.0,6835.0,96396.0
2019.04.30,6910.0,70.0,6855.0,7030.0,6850.0,121187.0
2019.04.29,6840.0,-280.0,7095.0,7095.0,6840.0,195197.0
2019.04.26,7120.0,90.0,7065.0,7190.0,7055.0,339990.0
2019.04.25,7030.0,20.0,7030.0,7065.0,6965.0,109878.0
2019.04.24,7010.0,150.0,6790.0,7070.0,6790.0,273703.0
2019.04.23,6860.0,-20.0,6880.0,6900.0,6835.0,57147.0
2019.04.22,6880.0,5.0,6875.0,6940.0,6795.0,34316.0
2019.04.19,6875.0,5.0,6825.0,6880.0,6800.0,85535.0
2019.04.18,6870.0,200.0,6650.0,6895.0,6640.0,163403.0
2019.04.17,6670.0,10.0,6655.0,6685.0,6635.0,67188.0
2019.04.16,6660.0,-55.0,6730.0,6740.0,6655.0,78626.0
2019.04.15,6715.0,-60.0,6730.0,6730.0,6650.0,194630.0
2019.04.12,6775.0,-30.0,6810.0,6880.0,6745.0,147177.0
2019.04.11,6805.0,25.0,6765.0,6845.0,6740.0,81792.0
2019.04.10,6780.0,-65.0,6885.0,6900.0,6775.0,79537.0
2019.04.09,6845.0,-25.0,6850.0,6900.0,6775.0,100128.0
2019.04.08,6870.0,35.0,6785.0,6905.0,6780.0,87961.0
2019.04.05,6835.0,-25.0,6845.0,6870.0,6795.0,281329.0
2019.04.04,6860.0,-20.0,6905.0,6905.0,6780.0,114263.0
2019.04.03,6880.0,-220.0,7095.0,7105.0,6880.0,264741.0
2019.04.02,7100.0,-60.0,7105.0,7125.0,7055.0,105406.0
2019.04.01,7160.0,-210.0,7265.0,7265.0,7130.0,116513.0
2019.03.29,7370.0,-55.0,7420.0,7465.0,7340.0,75427.0
2019.03.28,7425.0,90.0,7395.0,7490.0,7375.0,170817.0
2019.03.27,7335.0,0.0,7355.0,7465.0,7295.0,112454.0
2019.03.26,7335.0,-5.0,7305.0,7350.0,7285.0,31411.0
2019.03.25,7340.0,285.0,7240.0,7340.0,7235.0,253519.0
2019.03.22,7055.0,-35.0,7030.0,7090.0,6980.0,113539.0
2019.03.21,7090.0,-105.0,7165.0,7165.0,6970.0,381908.0
2019.03.20,7195.0,-15.0,7235.0,7375.0,7195.0,78878.0
2019.03.19,7210.0,20.0,7160.0,7245.0,7160.0,46265.0
2019.03.18,7190.0,-20.0,7175.0,7220.0,7150.0,17602.0
2019.03.15,7210.0,-165.0,7390.0,7390.0,7155.0,283639.0
2019.03.14,7375.0,-40.0,7380.0,7470.0,7330.0,51983.0
2019.03.13,7415.0,115.0,7350.0,7510.0,7350.0,197618.0
2019.03.12,7300.0,-155.0,7335.0,7345.0,7270.0,181536.0
2019.03.11,7455.0,0.0,7440.0,7505.0,7405.0,134818.0
2019.03.08,7455.0,200.0,7325.0,7455.0,7310.0,207549.0
2019.03.07,7255.0,40.0,7235.0,7310.0,7150.0,101260.0
2019.03.06,7215.0,40.0,7175.0,7245.0,7175.0,32779.0
2019.03.05,7175.0,115.0,7120.0,7215.0,7100.0,169019.0
2019.03.04,7060.0,65.0,6900.0,7070.0,6850.0,313933.0
2019.02.28,6995.0,235.0,6795.0,6995.0,6775.0,359252.0
2019.02.27,6760.0,-45.0,6770.0,6795.0,6735.0,252901.0
2019.02.26,6805.0,40.0,6760.0,6840.0,6755.0,113105.0
2019.02.25,6765.0,-20.0,6705.0,6795.0,6695.0,82041.0
2019.02.22,6785.0,-10.0,6820.0,6865.0,6785.0,35905.0
2019.02.21,6795.0,0.0,6840.0,6890.0,6740.0,402722.0
2019.02.20,6795.0,-160.0,6875.0,6905.0,6740.0,143905.0
2019.02.19,6955.0,65.0,6935.0,7035.0,6890.0,57752.0
2019.02.18,6890.0,-105.0,6920.0,6955.0,6845.0,103895.0
2019.02.15,6995.0,175.0,6885.0,7045.0,6875.0,98637.0
2019.02.14,6820.0,-130.0,7005.0,7055.0,6820.0,75601.0
2019.02.13,6950.0,-70.0,6945.0,6985.0,6935.0,62975.0
2019.02.12,7020.0,-80.0,7100.0,7120.0,6985.0,38763.0
2019.02.11,7100.0,-5.0,7100.0,7190.0,7085.0,95657.0
2019.02.08,7105.0,190.0,7080.0,7140.0,6985.0,151277.0
2019.02.07,6915.0,-15.0,6845.0,6960.0,6825.0,17161.0
2019.02.01,6930.0,35.0,6905.0,6935.0,6785.0,225094.0
2019.01.31,6895.0,20.0,6735.0,6900.0,6735.0,58872.0
2019.01.30,6875.0,-180.0,7060.0,7080.0,6875.0,114487.0
2019.01.29,7055.0,-70.0,7145.0,7210.0,7055.0,56599.0
2019.01.28,7125.0,10.0,7100.0,7165.0,7025.0,114130.0
2019.01.25,7115.0,-285.0,7380.0,7380.0,7105.0,318606.0
2019.01.24,7400.0,-120.0,7515.0,7545.0,7395.0,154632.0
2019.01.23,7520.0,-70.0,7670.0,7680.0,7485.0,37205.0
2019.01.22,7590.0,65.0,7525.0,7660.0,7490.0,25537.0
2019.01.21,7525.0,-10.0,7450.0,7600.0,7450.0,107981.0
2019.01.18,7535.0,-120.0,7580.0,7610.0,7520.0,65941.0
2019.01.17,7655.0,-35.0,7645.0,7710.0,7580.0,63762.0
2019.01.16,7690.0,-60.0,7760.0,7800.0,7680.0,36303.0
2019.01.15,7750.0,-315.0,8020.0,8025.0,7745.0,178726.0
2019.01.14,8065.0,130.0,7970.0,8095.0,7960.0,98022.0
2019.01.11,7935.0,-105.0,7970.0,8030.0,7900.0,157247.0
2019.01.10,8040.0,-5.0,8010.0,8085.0,7955.0,109383.0
2019.01.09,8045.0,-340.0,8325.0,8325.0,7980.0,171353.0
2019.01.08,8385.0,115.0,8270.0,8400.0,8230.0,283450.0
2019.01.07,8270.0,-245.0,8300.0,8325.0,8155.0,224340.0
2019.01.04,8515.0,-145.0,8685.0,8720.0,8510.0,255038.0
2019.01.03,8660.0,165.0,8485.0,8675.0,8480.0,358863.0
2019.01.02,8495.0,210.0,8165.0,8535.0,8145.0,429060.0
2018.12.28,8285.0,-80.0,8320.0,8320.0,8220.0,108626.0
2018.12.27,8365.0,-220.0,8270.0,8425.0,8235.0,99205.0
2018.12.26,8585.0,235.0,8565.0,8690.0,8490.0,230069.0
2018.12.24,8350.0,0.0,8400.0,8460.0,8350.0,68145.0
2018.12.21,8350.0,5.0,8395.0,8430.0,8325.0,55286.0
2018.12.20,8345.0,160.0,8275.0,8430.0,8245.0,196882.0
2018.12.19,8185.0,-100.0,8255.0,8280.0,8160.0,54246.0
2018.12.18,8285.0,65.0,8345.0,8355.0,8205.0,60692.0
2018.12.17,8220.0,-65.0,8245.0,8260.0,8175.0,33994.0
2018.12.14,8285.0,255.0,8035.0,8360.0,8035.0,189420.0
2018.12.13,8030.0,-70.0,7985.0,8130.0,7950.0,56599.0
2018.12.12,8100.0,-235.0,8270.0,8275.0,8065.0,62793.0
2018.12.11,8335.0,50.0,8245.0,8380.0,8235.0,75292.0
2018.12.10,8285.0,170.0,8350.0,8390.0,8250.0,132870.0
2018.12.07,8115.0,-70.0,8085.0,8190.0,8050.0,147035.0
2018.12.06,8185.0,245.0,8020.0,8210.0,8020.0,131786.0
2018.12.05,7940.0,95.0,8045.0,8045.0,7880.0,163070.0
2018.12.04,7845.0,165.0,7730.0,7910.0,7710.0,60115.0
2018.12.03,7680.0,-255.0,7690.0,7820.0,7625.0,185892.0
2018.11.30,7935.0,140.0,7760.0,7980.0,7735.0,68665.0
2018.11.29,7795.0,-35.0,7615.0,7830.0,7590.0,131543.0
2018.11.28,7830.0,-90.0,7880.0,7950.0,7820.0,71678.0
2018.11.27,7920.0,-120.0,7990.0,8085.0,7890.0,84838.0
2018.11.26,8040.0,-220.0,8215.0,8215.0,8035.0,72775.0
2018.11.23,8260.0,105.0,8150.0,8335.0,8130.0,155422.0
2018.11.22,8155.0,25.0,8130.0,8195.0,8095.0,27036.0
2018.11.21,8130.0,65.0,8265.0,8320.0,8125.0,116053.0
2018.11.20,8065.0,155.0,8075.0,8110.0,8000.0,132802.0
2018.11.19,7910.0,-50.0,7940.0,7975.0,7805.0,40855.0
2018.11.16,7960.0,5.0,7895.0,7980.0,7850.0,71482.0
2018.11.15,7955.0,-155.0,8140.0,8180.0,7925.0,90724.0
2018.11.14,8110.0,40.0,8065.0,8160.0,8040.0,52322.0
2018.11.13,8070.0,125.0,8195.0,8345.0,8055.0,222470.0
2018.11.12,7945.0,-25.0,8105.0,8115.0,7915.0,99268.0
2018.11.09,7970.0,80.0,7910.0,7990.0,7850.0,86519.0
2018.11.08,7890.0,-135.0,7755.0,7890.0,7675.0,119824.0
2018.11.07,8025.0,80.0,7975.0,8055.0,7810.0,225931.0
2018.11.06,7945.0,-110.0,7970.0,8110.0,7925.0,207228.0
2018.11.05,8055.0,155.0,8005.0,8230.0,8005.0,104318.0
2018.11.02,7900.0,-620.0,8305.0,8330.0,7875.0,468977.0
2018.11.01,8520.0,50.0,8405.0,8525.0,8240.0,200567.0
2018.10.31,8470.0,-55.0,8490.0,8630.0,8430.0,204633.0
2018.10.30,8525.0,-140.0,8705.0,8740.0,8370.0,466800.0
2018.10.29,8665.0,175.0,8430.0,8675.0,8335.0,671371.0
2018.10.26,8490.0,255.0,8220.0,8660.0,8220.0,860988.0
2018.10.25,8235.0,245.0,8320.0,8470.0,8235.0,970195.0
2018.10.24,7990.0,65.0,7810.0,8015.0,7810.0,354736.0
2018.10.23,7925.0,360.0,7665.0,8005.0,7665.0,422833.0
2018.10.22,7565.0,-40.0,7690.0,7735.0,7525.0,60533.0
2018.10.19,7605.0,-35.0,7755.0,7855.0,7565.0,241637.0
2018.10.18,7640.0,130.0,7570.0,7660.0,7525.0,149528.0
2018.10.17,7510.0,-180.0,7510.0,7570.0,7415.0,172946.0
2018.10.16,7690.0,30.0,7610.0,7725.0,7550.0,126359.0
2018.10.15,7660.0,105.0,7620.0,7700.0,7585.0,406108.0
2018.10.12,7555.0,-190.0,7740.0,7760.0,7455.0,1381386.0
2018.10.11,7745.0,590.0,7500.0,7755.0,7415.0,825342.0
2018.10.10,7155.0,110.0,7030.0,7195.0,7030.0,513447.0
2018.10.08,7045.0,55.0,7050.0,7050.0,6950.0,192451.0
2018.10.05,6990.0,20.0,6990.0,7070.0,6930.0,184267.0
2018.10.04,6970.0,220.0,6740.0,6985.0,6740.0,161421.0
2018.10.02,6750.0,160.0,6590.0,6750.0,6560.0,133079.0
2018.10.01,6590.0,15.0,6545.0,6625.0,6525.0,80440.0
2018.09.28,6575.0,80.0,6490.0,6580.0,6490.0,86408.0
2018.09.27,6495.0,-100.0,6630.0,6630.0,6480.0,207407.0
2018.09.21,6595.0,-65.0,6620.0,6665.0,6595.0,71360.0
2018.09.20,6660.0,-120.0,6730.0,6760.0,6600.0,191821.0
2018.09.19,6780.0,-10.0,6735.0,6825.0,6730.0,132801.0
2018.09.18,6790.0,-55.0,6945.0,6945.0,6780.0,176010.0
2018.09.17,6845.0,90.0,6785.0,6890.0,6780.0,112908.0
2018.09.14,6755.0,-205.0,6860.0,6860.0,6730.0,377367.0
2018.09.13,6960.0,-15.0,6975.0,7000.0,6940.0,143324.0
2018.09.12,6975.0,5.0,6950.0,7045.0,6950.0,70346.0
2018.09.11,6970.0,40.0,6950.0,7025.0,6885.0,149316.0
2018.09.10,6930.0,-25.0,6965.0,6985.0,6905.0,56440.0
2018.09.07,6955.0,65.0,6975.0,7060.0,6915.0,191398.0
2018.09.06,6890.0,30.0,6885.0,6920.0,6835.0,98582.0
2018.09.05,6860.0,170.0,6750.0,6885.0,6720.0,73561.0
2018.09.04,6690.0,-65.0,6770.0,6775.0,6675.0,50247.0
2018.09.03,6755.0,85.0,6685.0,6775.0,6685.0,22987.0
2018.08.31,6670.0,-50.0,6775.0,6805.0,6670.0,47345.0
2018.08.30,6720.0,-5.0,6720.0,6760.0,6645.0,59844.0
2018.08.29,6725.0,-40.0,6750.0,6765.0,6715.0,50970.0
2018.08.28,6765.0,-5.0,6715.0,6770.0,6680.0,45250.0
2018.08.27,6770.0,-75.0,6795.0,6840.0,6760.0,62563.0
2018.08.24,6845.0,-65.0,6935.0,6980.0,6820.0,145935.0
2018.08.23,6910.0,-50.0,6905.0,6980.0,6905.0,42738.0
2018.08.22,6960.0,-50.0,6990.0,7020.0,6920.0,190207.0
2018.08.21,7010.0,-145.0,7175.0,7195.0,6990.0,133684.0
2018.08.20,7155.0,-10.0,7110.0,7175.0,7040.0,75212.0
2018.08.17,7165.0,0.0,7170.0,7200.0,7130.0,96740.0
2018.08.16,7165.0,140.0,7230.0,7295.0,7130.0,313975.0
2018.08.14,7025.0,-60.0,7075.0,7095.0,7010.0,112376.0
2018.08.13,7085.0,180.0,6995.0,7170.0,6995.0,388190.0
2018.08.10,6905.0,145.0,6795.0,6940.0,6795.0,178784.0
2018.08.09,6760.0,5.0,6775.0,6820.0,6745.0,50878.0
2018.08.08,6755.0,5.0,6730.0,6770.0,6705.0,64945.0
2018.08.07,6750.0,-90.0,6820.0,6885.0,6750.0,65846.0
2018.08.06,6840.0,10.0,6820.0,6850.0,6745.0,48089.0
2018.08.03,6830.0,-95.0,6895.0,6930.0,6820.0,131303.0
2018.08.02,6925.0,230.0,6700.0,6955.0,6700.0,225972.0
2018.08.01,6695.0,-60.0,6720.0,6720.0,6645.0,259062.0
2018.07.31,6755.0,-10.0,6765.0,6800.0,6735.0,32301.0
2018.07.30,6765.0,25.0,6760.0,6815.0,6725.0,95420.0
2018.07.27,6740.0,-40.0,6745.0,6790.0,6735.0,53306.0
2018.07.26,6780.0,-75.0,6785.0,6845.0,6715.0,124148.0
2018.07.25,6855.0,20.0,6800.0,6870.0,6755.0,125092.0
2018.07.24,6835.0,-35.0,6850.0,6930.0,6810.0,158247.0
2018.07.23,6870.0,100.0,6770.0,6895.0,6770.0,155111.0
2018.07.20,6770.0,-55.0,6825.0,6910.0,6750.0,193037.0
2018.07.19,6825.0,30.0,6745.0,6840.0,6730.0,93732.0
2018.07.18,6795.0,35.0,6685.0,6815.0,6635.0,76885.0
2018.07.17,6760.0,10.0,6745.0,6830.0,6720.0,121071.0
2018.07.16,6750.0,40.0,6710.0,6765.0,6665.0,72797.0
2018.07.13,6710.0,-145.0,6830.0,6840.0,6670.0,157808.0
2018.07.12,6855.0,-35.0,6870.0,6925.0,6785.0,146592.0
2018.07.11,6890.0,75.0,6915.0,7025.0,6860.0,333066.0
2018.07.10,6815.0,-15.0,6780.0,6820.0,6735.0,205024.0
2018.07.09,6830.0,-110.0,6930.0,6980.0,6785.0,247153.0
2018.07.06,6940.0,-90.0,7045.0,7100.0,6875.0,326961.0
2018.07.05,7030.0,35.0,7005.0,7115.0,6945.0,245233.0
2018.07.04,6995.0,30.0,6950.0,7020.0,6895.0,310589.0
2018.07.03,6965.0,-5.0,6885.0,7060.0,6885.0,404003.0
2018.07.02,6970.0,275.0,6705.0,6980.0,6675.0,438660.0
2018.06.29,6695.0,-25.0,6690.0,6835.0,6650.0,260671.0
2018.06.28,6720.0,145.0,6645.0,6740.0,6605.0,237281.0
2018.06.27,6575.0,35.0,6585.0,6605.0,6510.0,103105.0
2018.06.26,6540.0,20.0,6655.0,6700.0,6515.0,220759.0
2018.06.25,6520.0,0.0,6545.0,6660.0,6505.0,190361.0
2018.06.22,6520.0,-110.0,6750.0,6750.0,6520.0,226580.0
2018.06.21,6630.0,115.0,6530.0,6635.0,6475.0,241179.0
2018.06.20,6515.0,-105.0,6555.0,6595.0,6430.0,188357.0
2018.06.19,6620.0,185.0,6475.0,6640.0,6430.0,374460.0
2018.06.18,6435.0,155.0,6285.0,6490.0,6280.0,506246.0
2018.06.15,6280.0,55.0,6190.0,6280.0,6170.0,126062.0
2018.06.14,6225.0,225.0,6090.0,6230.0,6085.0,511185.0
2018.06.12,6000.0,15.0,5965.0,6020.0,5940.0,477957.0
2018.06.11,5985.0,-95.0,6075.0,6095.0,5980.0,269845.0
2018.06.08,6080.0,105.0,5995.0,6100.0,5995.0,253058.0
2018.06.07,5975.0,-105.0,6020.0,6025.0,5930.0,200215.0
2018.06.05,6080.0,-15.0,6090.0,6180.0,6070.0,153316.0
2018.06.04,6095.0,-75.0,6160.0,6165.0,6080.0,93115.0
2018.06.01,6170.0,-75.0,6265.0,6290.0,6130.0,172920.0
2018.05.31,6245.0,-70.0,6235.0,6300.0,6225.0,118568.0
2018.05.30,6315.0,275.0,6090.0,6365.0,6090.0,674342.0
2018.05.29,6040.0,105.0,5940.0,6040.0,5935.0,177531.0
2018.05.28,5935.0,-45.0,5930.0,5955.0,5910.0,32116.0
2018.05.25,5980.0,-5.0,6045.0,6055.0,5950.0,72316.0
2018.05.24,5985.0,25.0,5930.0,6020.0,5930.0,41130.0
2018.05.23,5960.0,-75.0,6050.0,6050.0,5945.0,90286.0
2018.05.21,6035.0,-25.0,6045.0,6135.0,6000.0,34792.0
2018.05.18,6060.0,-40.0,6060.0,6090.0,6045.0,9081.0
2018.05.17,6100.0,60.0,6000.0,6100.0,5980.0,67882.0
2018.05.16,6040.0,-30.0,6130.0,6130.0,6020.0,26227.0
2018.05.15,6070.0,90.0,5985.0,6095.0,5970.0,123866.0
2018.05.14,5980.0,40.0,5930.0,5990.0,5915.0,51578.0
2018.05.11,5940.0,-70.0,5975.0,5975.0,5905.0,51156.0
2018.05.10,6010.0,-85.0,6035.0,6065.0,6010.0,265039.0
2018.05.09,6095.0,40.0,6055.0,6165.0,6040.0,530101.0
2018.05.08,6055.0,55.0,5955.0,6080.0,5935.0,248222.0
2018.05.04,6000.0,80.0,5930.0,6000.0,5900.0,263456.0
2018.05.03,5920.0,50.0,5910.0,5950.0,5880.0,274045.0
2018.05.02,5870.0,70.0,5820.0,5885.0,5805.0,158819.0
2018.04.30,5800.0,-45.0,5810.0,5840.0,5780.0,135970.0
2018.04.27,5845.0,-115.0,5835.0,5900.0,5775.0,186984.0
2018.04.26,5960.0,-160.0,6085.0,6085.0,5925.0,224334.0
2018.04.25,6120.0,75.0,6135.0,6180.0,6110.0,118952.0
2018.04.24,6045.0,75.0,5965.0,6095.0,5960.0,76647.0
2018.04.23,5970.0,0.0,5990.0,6015.0,5965.0,99095.0
2018.04.20,5970.0,70.0,5960.0,5980.0,5930.0,68622.0
2018.04.19,5900.0,-55.0,5915.0,5940.0,5865.0,223438.0
2018.04.18,5955.0,-140.0,6010.0,6020.0,5915.0,127529.0
2018.04.17,6095.0,15.0,6070.0,6110.0,6030.0,79239.0
2018.04.16,6080.0,-5.0,6030.0,6105.0,6030.0,662108.0
2018.04.13,6085.0,-75.0,6120.0,6145.0,6065.0,726911.0
2018.04.12,6160.0,0.0,6120.0,6160.0,6095.0,236207.0
2018.04.11,6160.0,40.0,6110.0,6170.0,6080.0,181627.0
2018.04.10,6120.0,-10.0,6180.0,6280.0,6085.0,275428.0
2018.04.09,6130.0,-85.0,6230.0,6245.0,6115.0,224779.0
2018.04.06,6215.0,60.0,6240.0,6280.0,6190.0,279340.0
2018.04.05,6155.0,-180.0,6230.0,6255.0,6100.0,245411.0
2018.04.04,6335.0,200.0,6135.0,6345.0,6130.0,314987.0
2018.04.03,6135.0,20.0,6220.0,6265.0,6135.0,136126.0
2018.04.02,6115.0,25.0,6070.0,6120.0,5990.0,240426.0
2018.03.30,6090.0,-20.0,6025.0,6090.0,6000.0,256742.0
2018.03.29,6110.0,-110.0,6195.0,6240.0,6095.0,163967.0
2018.03.28,6220.0,155.0,6195.0,6280.0,6185.0,797897.0
2018.03.27,6065.0,-60.0,6025.0,6085.0,6020.0,142535.0
2018.03.26,6125.0,-95.0,6225.0,6310.0,6110.0,305642.0
2018.03.23,6220.0,405.0,6070.0,6235.0,6025.0,426718.0
2018.03.22,5815.0,-40.0,5850.0,5855.0,5755.0,431941.0
2018.03.21,5855.0,-15.0,5855.0,5880.0,5830.0,89002.0
2018.03.20,5870.0,-50.0,6000.0,6010.0,5870.0,65499.0
2018.03.19,5920.0,80.0,5840.0,5940.0,5840.0,111163.0
2018.03.16,5840.0,35.0,5830.0,5905.0,5810.0,89170.0
2018.03.15,5805.0,-45.0,5850.0,5935.0,5805.0,115751.0
2018.03.14,5850.0,10.0,5915.0,5915.0,5850.0,45431.0
2018.03.13,5840.0,-55.0,5900.0,5915.0,5835.0,201975.0
2018.03.12,5895.0,-125.0,5890.0,5940.0,5855.0,237257.0
2018.03.09,6020.0,-140.0,6100.0,6130.0,5900.0,296285.0
2018.03.08,6160.0,-130.0,6170.0,6255.0,6160.0,115578.0
2018.03.07,6290.0,0.0,6230.0,6355.0,6150.0,256468.0
2018.03.06,6290.0,-260.0,6420.0,6450.0,6285.0,170050.0
2018.03.05,6550.0,170.0,6400.0,6560.0,6380.0,298794.0
2018.03.02,6380.0,170.0,6320.0,6455.0,6320.0,299920.0
2018.02.28,6210.0,150.0,6085.0,6210.0,6045.0,172145.0
2018.02.27,6060.0,30.0,5960.0,6060.0,5910.0,99220.0
2018.02.26,6030.0,-10.0,6000.0,6080.0,5990.0,48765.0
2018.02.23,6040.0,-190.0,6180.0,6180.0,6040.0,151723.0
2018.02.22,6230.0,65.0,6235.0,6285.0,6205.0,316056.0
2018.02.21,6165.0,-55.0,6220.0,6300.0,6135.0,213273.0
2018.02.20,6220.0,155.0,6145.0,6240.0,6125.0,76298.0
2018.02.19,6065.0,-85.0,6035.0,6155.0,5985.0,107647.0
2018.02.14,6150.0,-150.0,6235.0,6235.0,6115.0,461823.0
2018.02.13,6300.0,-110.0,6320.0,6370.0,6160.0,363386.0
2018.02.12,6410.0,-100.0,6475.0,6540.0,6350.0,197135.0
2018.02.09,6510.0,305.0,6510.0,6615.0,6495.0,1115697.0
2018.02.08,6205.0,-115.0,6320.0,6355.0,6175.0,1139679.0
2018.02.07,6320.0,300.0,5870.0,6330.0,5870.0,649557.0
2018.02.06,6020.0,175.0,6075.0,6235.0,6000.0,1879775.0
2018.02.05,5845.0,135.0,5875.0,5930.0,5815.0,457004.0
2018.02.02,5710.0,210.0,5525.0,5735.0,5525.0,427469.0
2018.02.01,5500.0,15.0,5435.0,5510.0,5435.0,169251.0
2018.01.31,5485.0,-5.0,5530.0,5545.0,5335.0,254725.0
2018.01.30,5490.0,135.0,5375.0,5490.0,5350.0,161294.0
2018.01.29,5355.0,-85.0,5390.0,5390.0,5310.0,170992.0
2018.01.26,5440.0,-35.0,5485.0,5515.0,5440.0,111357.0
2018.01.25,5475.0,-110.0,5585.0,5585.0,5465.0,225939.0
2018.01.24,5585.0,-15.0,5585.0,5595.0,5535.0,217808.0
2018.01.23,5600.0,-150.0,5715.0,5720.0,5600.0,228193.0
2018.01.22,5750.0,100.0,5655.0,5805.0,5655.0,209837.0
2018.01.19,5650.0,5.0,5630.0,5650.0,5615.0,84663.0
2018.01.18,5645.0,0.0,5595.0,5660.0,5560.0,63884.0
2018.01.17,5645.0,25.0,5625.0,5680.0,5625.0,180788.0
2018.01.16,5620.0,-85.0,5705.0,5735.0,5605.0,198615.0
2018.01.15,5705.0,-40.0,5680.0,5750.0,5660.0,121413.0
2018.01.12,5745.0,-15.0,5765.0,5815.0,5715.0,248889.0
2018.01.11,5760.0,60.0,5705.0,5785.0,5695.0,130262.0
2018.01.10,5700.0,85.0,5615.0,5715.0,5610.0,335955.0
2018.01.09,5615.0,35.0,5605.0,5665.0,5540.0,104698.0
2018.01.08,5580.0,-90.0,5615.0,5670.0,5565.0,259301.0
2018.01.05,5670.0,-155.0,5780.0,5780.0,5670.0,230835.0
2018.01.04,5825.0,95.0,5655.0,5825.0,5655.0,152893.0
2018.01.03,5730.0,-40.0,5720.0,5750.0,5690.0,286569.0
2018.01.02,5770.0,-50.0,5770.0,5815.0,5750.0,236002.0
2017.12.28,5820.0,-155.0,5960.0,5965.0,5815.0,202436.0
2017.12.27,5975.0,-130.0,6065.0,6075.0,5975.0,215731.0
2017.12.26,6105.0,55.0,6020.0,6105.0,5955.0,193630.0
2017.12.22,6050.0,-55.0,6080.0,6115.0,6025.0,177580.0
2017.12.21,6105.0,220.0,5910.0,6105.0,5900.0,391282.0
2017.12.20,5885.0,15.0,5890.0,5895.0,5840.0,94995.0
2017.12.19,5870.0,-5.0,5825.0,5890.0,5770.0,175781.0
2017.12.18,5875.0,-15.0,5870.0,5900.0,5855.0,75288.0
2017.12.15,5890.0,15.0,5835.0,5910.0,5810.0,93458.0
2017.12.14,5875.0,-15.0,5860.0,5875.0,5720.0,397603.0
2017.12.13,5890.0,-85.0,5960.0,5990.0,5880.0,261449.0
2017.12.12,5975.0,40.0,5930.0,5995.0,5930.0,200473.0
2017.12.11,5935.0,-15.0,5930.0,5985.0,5925.0,146469.0
2017.12.08,5950.0,-25.0,5945.0,5985.0,5915.0,286888.0
2017.12.07,5975.0,35.0,5910.0,6015.0,5910.0,447709.0
2017.12.06,5940.0,160.0,5785.0,5940.0,5780.0,247816.0
2017.12.05,5780.0,-35.0,5870.0,5885.0,5750.0,403022.0
2017.12.04,5815.0,-120.0,5890.0,5940.0,5815.0,325900.0
2017.12.01,5935.0,0.0,5880.0,5955.0,5880.0,608986.0
2017.11.30,5935.0,205.0,5815.0,5935.0,5775.0,336348.0
2017.11.29,5730.0,-5.0,5715.0,5750.0,5680.0,91069.0
2017.11.28,5735.0,-30.0,5770.0,5805.0,5710.0,349135.0
2017.11.27,5765.0,190.0,5565.0,5775.0,5565.0,527631.0
2017.11.24,5575.0,-20.0,5575.0,5630.0,5575.0,497946.0
2017.11.23,5595.0,10.0,5565.0,5615.0,5565.0,121169.0
2017.11.22,5585.0,-55.0,5560.0,5595.0,5520.0,338053.0
2017.11.21,5640.0,-25.0,5620.0,5655.0,5595.0,350892.0
2017.11.20,5665.0,50.0,5615.0,5680.0,5580.0,148003.0
2017.11.17,5615.0,5.0,5560.0,5615.0,5485.0,357934.0
2017.11.16,5610.0,-60.0,5675.0,5685.0,5590.0,84085.0
2017.11.15,5670.0,50.0,5640.0,5700.0,5640.0,276647.0
2017.11.14,5620.0,15.0,5605.0,5635.0,5595.0,199478.0
2017.11.13,5605.0,50.0,5550.0,5620.0,5510.0,335494.0
2017.11.10,5555.0,35.0,5595.0,5595.0,5530.0,82638.0
2017.11.09,5520.0,25.0,5470.0,5580.0,5470.0,389600.0
2017.11.08,5495.0,-35.0,5575.0,5590.0,5455.0,206616.0
2017.11.07,5530.0,5.0,5525.0,5540.0,5480.0,344453.0
2017.11.06,5525.0,55.0,5470.0,5600.0,5465.0,540956.0
2017.11.03,5470.0,-30.0,5470.0,5535.0,5450.0,254765.0
2017.11.02,5500.0,35.0,5455.0,5520.0,5445.0,587267.0
2017.11.01,5465.0,-165.0,5560.0,5570.0,5465.0,797724.0
2017.10.31,5630.0,-125.0,5755.0,5770.0,5620.0,555272.0
2017.10.30,5755.0,-30.0,5720.0,5770.0,5720.0,324496.0
2017.10.27,5785.0,-90.0,5855.0,5875.0,5770.0,384239.0
2017.10.26,5875.0,90.0,5790.0,5875.0,5790.0,150503.0
2017.10.25,5785.0,-10.0,5780.0,5830.0,5770.0,101028.0
2017.10.24,5795.0,5.0,5785.0,5795.0,5765.0,114196.0
2017.10.23,5790.0,-30.0,5770.0,5810.0,5755.0,305398.0
2017.10.20,5820.0,-50.0,5865.0,5865.0,5815.0,111029.0
2017.10.19,5870.0,50.0,5795.0,5895.0,5785.0,70721.0
2017.10.18,5820.0,15.0,5840.0,5850.0,5790.0,142199.0
2017.10.17,5805.0,-30.0,5820.0,5835.0,5795.0,149632.0
2017.10.16,5835.0,-5.0,5825.0,5855.0,5790.0,122734.0
2017.10.13,5840.0,10.0,5840.0,5865.0,5815.0,234279.0
2017.10.12,5830.0,-90.0,5900.0,5900.0,5830.0,424345.0
2017.10.11,5920.0,-125.0,5990.0,6000.0,5910.0,237346.0
2017.10.10,6045.0,-230.0,6075.0,6115.0,5975.0,258578.0
2017.09.29,6275.0,-85.0,6340.0,6340.0,6270.0,358325.0
2017.09.28,6360.0,-5.0,6360.0,6400.0,6330.0,230628.0
2017.09.27,6365.0,20.0,6345.0,6380.0,6345.0,220555.0
2017.09.26,6345.0,55.0,6315.0,6365.0,6300.0,105156.0
2017.09.25,6290.0,15.0,6265.0,6310.0,6245.0,69263.0
2017.09.22,6275.0,80.0,6215.0,6300.0,6165.0,362940.0
2017.09.21,6195.0,0.0,6240.0,6240.0,6175.0,57159.0
2017.09.20,6195.0,10.0,6160.0,6225.0,6110.0,94599.0
2017.09.19,6185.0,0.0,6170.0,6195.0,6160.0,420054.0
2017.09.18,6185.0,-220.0,6385.0,6385.0,6175.0,729159.0
2017.09.15,6405.0,-65.0,6470.0,6500.0,6395.0,262126.0
2017.09.14,6470.0,-50.0,6520.0,6540.0,6470.0,79895.0
2017.09.13,6520.0,-5.0,6505.0,6550.0,6450.0,83047.0
2017.09.12,6525.0,-10.0,6470.0,6550.0,6465.0,53096.0
2017.09.11,6535.0,-125.0,6600.0,6600.0,6490.0,173090.0
2017.09.08,6660.0,-10.0,6645.0,6680.0,6635.0,84833.0
2017.09.07,6670.0,-155.0,6785.0,6785.0,6655.0,350929.0
2017.09.06,6825.0,25.0,6820.0,6865.0,6805.0,538047.0
2017.09.05,6800.0,25.0,6730.0,6830.0,6730.0,380934.0
2017.09.04,6775.0,130.0,6820.0,6830.0,6700.0,5346820.0
2017.09.01,6645.0,15.0,6600.0,6685.0,6575.0,715071.0
2017.08.31,6630.0,75.0,6550.0,6655.0,6535.0,485261.0
2017.08.30,6555.0,-50.0,6565.0,6605.0,6555.0,221221.0
2017.08.29,6605.0,40.0,6720.0,6780.0,6605.0,1842932.0
2017.08.28,6565.0,70.0,6500.0,6580.0,6475.0,633624.0
2017.08.25,6495.0,-5.0,6480.0,6525.0,6455.0,193012.0
2017.08.24,6500.0,-65.0,6560.0,6560.0,6470.0,124116.0
2017.08.23,6565.0,-5.0,6500.0,6585.0,6490.0,464176.0
2017.08.22,6570.0,-55.0,6595.0,6600.0,6540.0,183199.0
2017.08.21,6625.0,30.0,6575.0,6645.0,6575.0,172484.0
2017.08.18,6595.0,0.0,6710.0,6710.0,6590.0,278815.0
2017.08.17,6595.0,-65.0,6640.0,6655.0,6560.0,5224901.0
2017.08.16,6660.0,-75.0,6590.0,6675.0,6590.0,512262.0
2017.08.14,6735.0,-110.0,6750.0,6795.0,6715.0,313628.0
2017.08.11,6845.0,230.0,6820.0,6890.0,6760.0,5794064.0
2017.08.10,6615.0,55.0,6600.0,6715.0,6555.0,1358344.0
2017.08.09,6560.0,145.0,6505.0,6580.0,6460.0,295525.0
2017.08.08,6415.0,35.0,6365.0,6470.0,6320.0,4494071.0
2017.08.07,6380.0,-15.0,6345.0,6395.0,6315.0,229965.0
2017.08.04,6395.0,-55.0,6475.0,6475.0,6370.0,370434.0
2017.08.03,6450.0,210.0,6270.0,6530.0,6265.0,3683580.0
2017.08.02,6240.0,-20.0,6225.0,6240.0,6195.0,170487.0
2017.08.01,6260.0,-105.0,6395.0,6410.0,6200.0,731935.0
2017.07.31,6365.0,-10.0,6425.0,6430.0,6350.0,549719.0
2017.07.28,6375.0,235.0,6180.0,6385.0,6180.0,791559.0
2017.07.27,6140.0,-45.0,6145.0,6170.0,6100.0,579566.0
2017.07.26,6185.0,40.0,6135.0,6205.0,6120.0,1736726.0
2017.07.25,6145.0,55.0,6085.0,6150.0,6080.0,218184.0
2017.07.24,6090.0,-5.0,6100.0,6120.0,6090.0,1471889.0
2017.07.21,6095.0,-40.0,6150.0,6150.0,6085.0,131133.0
2017.07.20,6135.0,-65.0,6170.0,6195.0,6125.0,94587.0
2017.07.19,6200.0,-10.0,6200.0,6245.0,6195.0,141204.0
2017.07.18,6210.0,-10.0,6220.0,6240.0,6210.0,176957.0
2017.07.17,6220.0,-50.0,6190.0,6230.0,6175.0,273823.0
2017.07.14,6270.0,-20.0,6250.0,6275.0,6235.0,180859.0
2017.07.13,6290.0,-135.0,6355.0,6355.0,6220.0,606766.0
2017.07.12,6425.0,10.0,6420.0,6430.0,6395.0,130572.0
2017.07.11,6415.0,-85.0,6490.0,6490.0,6415.0,157449.0
2017.07.10,6500.0,-35.0,6480.0,6525.0,6455.0,101066.0
2017.07.07,6535.0,50.0,6535.0,6570.0,6505.0,223212.0
2017.07.06,6485.0,0.0,6465.0,6520.0,6465.0,35813.0
2017.07.05,6485.0,-45.0,6565.0,6575.0,6475.0,306744.0
2017.07.04,6530.0,60.0,6460.0,6555.0,6440.0,152271.0
2017.07.03,6470.0,-10.0,6460.0,6515.0,6445.0,116819.0
2017.06.30,6480.0,25.0,6540.0,6540.0,6480.0,368664.0
2017.06.29,6455.0,-85.0,6480.0,6480.0,6405.0,240479.0
2017.06.28,6540.0,45.0,6555.0,6555.0,6500.0,245477.0
2017.06.27,6495.0,-10.0,6510.0,6525.0,6455.0,213527.0
2017.06.26,6505.0,-65.0,6565.0,6565.0,6485.0,65469.0
2017.06.23,6570.0,-30.0,6610.0,6610.0,6545.0,157491.0
2017.06.22,6600.0,-80.0,6655.0,6685.0,6600.0,156475.0
2017.06.21,6680.0,70.0,6680.0,6735.0,6665.0,124848.0
2017.06.20,6610.0,-30.0,6575.0,6630.0,6560.0,326076.0
2017.06.19,6640.0,-80.0,6720.0,6740.0,6605.0,74507.0
2017.06.16,6720.0,0.0,6720.0,6740.0,6685.0,159622.0
2017.06.15,6720.0,60.0,6675.0,6790.0,6625.0,741156.0
2017.06.14,6660.0,5.0,6605.0,6700.0,6570.0,328416.0
2017.06.13,6655.0,-80.0,6740.0,6740.0,6645.0,112448.0
2017.06.12,6735.0,125.0,6685.0,6755.0,6650.0,380604.0
2017.06.09,6610.0,-100.0,6705.0,6705.0,6575.0,368504.0
2017.06.08,6710.0,-50.0,6755.0,6830.0,6710.0,178312.0
2017.06.07,6760.0,80.0,6695.0,6760.0,6675.0,114438.0
2017.06.05,6680.0,15.0,6650.0,6695.0,6625.0,224486.0
2017.06.02,6665.0,-165.0,6795.0,6795.0,6655.0,551246.0
2017.06.01,6830.0,40.0,6805.0,6870.0,6775.0,345240.0
2017.05.31,6790.0,-10.0,6835.0,6840.0,6730.0,204952.0
2017.05.30,6800.0,85.0,6720.0,6865.0,6700.0,335519.0
2017.05.29,6715.0,25.0,6650.0,6775.0,6600.0,710893.0
2017.05.26,6690.0,-85.0,6770.0,6775.0,6630.0,805833.0
2017.05.25,6775.0,-160.0,6880.0,6910.0,6770.0,636521.0
2017.05.24,6935.0,-15.0,6920.0,6955.0,6895.0,441464.0
2017.05.23,6950.0,-55.0,6975.0,6990.0,6850.0,396770.0
2017.05.22,7005.0,-105.0,7020.0,7075.0,6990.0,153993.0
2017.05.19,7110.0,30.0,7110.0,7120.0,7065.0,173443.0
2017.05.18,7080.0,25.0,7205.0,7220.0,7080.0,174442.0
2017.05.17,7055.0,15.0,7085.0,7105.0,7025.0,446358.0
2017.05.16,7040.0,-25.0,6975.0,7100.0,6930.0,218215.0
2017.05.15,7065.0,-30.0,7090.0,7125.0,7020.0,387753.0
2017.05.12,7095.0,55.0,7030.0,7110.0,7015.0,303281.0
2017.05.11,7040.0,-145.0,7155.0,7175.0,7005.0,467514.0
2017.05.10,7185.0,155.0,7015.0,7225.0,6780.0,933753.0
2017.05.08,7030.0,-385.0,7390.0,7390.0,7030.0,614863.0
2017.05.04,7415.0,-145.0,7495.0,7500.0,7415.0,384033.0
2017.05.02,7560.0,-120.0,7610.0,7610.0,7460.0,480454.0
2017.04.28,7680.0,-5.0,7675.0,7685.0,7610.0,437533.0
2017.04.27,7685.0,-35.0,7735.0,7745.0,7680.0,629987.0
2017.04.26,7720.0,-90.0,7760.0,7770.0,7690.0,1207894.0
2017.04.25,7810.0,-175.0,7970.0,7970.0,7800.0,940900.0
2017.04.24,7985.0,-75.0,7990.0,8020.0,7960.0,408680.0
2017.04.21,8060.0,-145.0,8145.0,8155.0,8035.0,426932.0
2017.04.20,8205.0,-65.0,8300.0,8330.0,8205.0,185077.0
2017.04.19,8270.0,80.0,8230.0,8315.0,8190.0,400782.0
2017.04.18,8190.0,0.0,8110.0,8240.0,8100.0,415200.0
2017.04.17,8190.0,-35.0,8180.0,8215.0,8125.0,204117.0
2017.04.14,8225.0,70.0,8195.0,8315.0,8185.0,292309.0
2017.04.13,8155.0,-155.0,8285.0,8315.0,8150.0,533910.0
2017.04.12,8310.0,-10.0,8310.0,8350.0,8300.0,459256.0
2017.04.11,8320.0,75.0,8275.0,8365.0,8235.0,952376.0
2017.04.10,8245.0,105.0,8145.0,8270.0,8145.0,835551.0
2017.04.07,8140.0,15.0,8095.0,8205.0,8090.0,712100.0
2017.04.06,8125.0,70.0,8105.0,8185.0,8100.0,1087069.0
2017.04.05,8055.0,35.0,8015.0,8150.0,8005.0,811370.0
2017.04.04,8020.0,40.0,8010.0,8055.0,7975.0,244568.0
2017.04.03,7980.0,-30.0,7990.0,8005.0,7925.0,209193.0
2017.03.31,8010.0,25.0,7965.0,8025.0,7965.0,482695.0
2017.03.30,7985.0,10.0,7955.0,8020.0,7905.0,697844.0
2017.03.29,7975.0,-35.0,7945.0,8020.0,7945.0,393204.0
2017.03.28,8010.0,-40.0,7985.0,8045.0,7970.0,364735.0
2017.03.27,8050.0,105.0,8020.0,8080.0,7980.0,811225.0
2017.03.24,7945.0,20.0,7920.0,7980.0,7860.0,1459784.0
2017.03.23,7925.0,-15.0,7895.0,7940.0,7855.0,1011890.0
2017.03.22,7940.0,50.0,7990.0,8025.0,7940.0,1309009.0
2017.03.21,7890.0,-145.0,7985.0,8010.0,7840.0,1162059.0
2017.03.20,8035.0,15.0,8030.0,8090.0,8020.0,712103.0
2017.03.17,8020.0,-80.0,8085.0,8105.0,8000.0,1138543.0
2017.03.16,8100.0,-115.0,8010.0,8120.0,8000.0,1521930.0
2017.03.15,8215.0,-25.0,8250.0,8265.0,8195.0,956851.0
2017.03.14,8240.0,-130.0,8320.0,8320.0,8220.0,1585907.0
2017.03.13,8370.0,-185.0,8540.0,8540.0,8325.0,2093075.0
2017.03.10,8555.0,-25.0,8620.0,8680.0,8525.0,786125.0
2017.03.09,8580.0,25.0,8545.0,8600.0,8520.0,816164.0
2017.03.08,8555.0,-20.0,8605.0,8615.0,8505.0,988169.0
2017.03.07,8575.0,-110.0,8660.0,8680.0,8545.0,564235.0
2017.03.06,8685.0,-15.0,8765.0,8790.0,8665.0,454854.0
2017.03.03,8700.0,165.0,8615.0,8750.0,8600.0,1389514.0
2017.03.02,8535.0,-155.0,8555.0,8605.0,8485.0,982408.0
2017.02.28,8690.0,-40.0,8715.0,8735.0,8665.0,375082.0
2017.02.27,8730.0,80.0,8655.0,8760.0,8630.0,999696.0
2017.02.24,8650.0,130.0,8525.0,8685.0,8515.0,511572.0
2017.02.23,8520.0,-5.0,8530.0,8550.0,8505.0,459739.0
2017.02.22,8525.0,-20.0,8540.0,8550.0,8495.0,716409.0
2017.02.21,8545.0,-180.0,8710.0,8715.0,8485.0,1607046.0
2017.02.20,8725.0,-55.0,8755.0,8780.0,8720.0,230113.0
2017.02.17,8780.0,5.0,8825.0,8825.0,8755.0,419832.0
2017.02.16,8775.0,5.0,8740.0,8795.0,8685.0,493291.0
2017.02.15,8770.0,-45.0,8825.0,8865.0,8735.0,414021.0
2017.02.14,8815.0,40.0,8730.0,8865.0,8720.0,597004.0
2017.02.13,8775.0,-5.0,8805.0,8810.0,8760.0,370614.0
2017.02.10,8780.0,-35.0,8740.0,8780.0,8695.0,719250.0
2017.02.09,8815.0,-30.0,8805.0,8860.0,8760.0,257335.0
2017.02.08,8845.0,100.0,8780.0,8945.0,8780.0,738486.0
2017.02.07,8745.0,25.0,8695.0,8775.0,8690.0,278818.0
2017.02.06,8720.0,-30.0,8625.0,8755.0,8600.0,253941.0
2017.02.03,8750.0,-20.0,8735.0,8835.0,8710.0,496942.0
2017.02.02,8770.0,80.0,8710.0,8790.0,8605.0,378086.0
2017.02.01,8690.0,-70.0,8730.0,8740.0,8690.0,267236.0
2017.01.31,8760.0,90.0,8710.0,8770.0,8700.0,454356.0
2017.01.26,8670.0,-150.0,8740.0,8780.0,8615.0,1814343.0
2017.01.25,8820.0,-45.0,8760.0,8865.0,8750.0,815722.0
2017.01.24,8865.0,-5.0,8845.0,8905.0,8790.0,810884.0
2017.01.23,8870.0,-5.0,8905.0,8975.0,8815.0,563543.0
2017.01.20,8875.0,45.0,8890.0,8910.0,8845.0,262878.0
2017.01.19,8830.0,-15.0,8760.0,8910.0,8665.0,485773.0
2017.01.18,8845.0,15.0,8840.0,8965.0,8790.0,657888.0
2017.01.17,8830.0,-80.0,8880.0,8885.0,8765.0,664774.0
2017.01.16,8910.0,105.0,8820.0,8950.0,8770.0,1159140.0
2017.01.13,8805.0,35.0,8810.0,8810.0,8760.0,1027690.0
2017.01.12,8770.0,-40.0,8780.0,8800.0,8725.0,2097213.0
2017.01.11,8810.0,-325.0,9110.0,9110.0,8745.0,3699934.0
2017.01.10,9135.0,15.0,9165.0,9175.0,9105.0,452440.0
2017.01.09,9120.0,-40.0,9135.0,9140.0,9080.0,210897.0
2017.01.06,9160.0,-70.0,9210.0,9210.0,9120.0,542074.0
2017.01.05,9230.0,50.0,9185.0,9235.0,9170.0,463339.0
2017.01.04,9180.0,-15.0,9195.0,9210.0,9160.0,420083.0
2017.01.03,9195.0,-115.0,9275.0,9305.0,9190.0,722045.0
2017.01.02,9310.0,-90.0,9400.0,9465.0,9275.0,285841.0
2016.12.29,9400.0,10.0,9405.0,9460.0,9390.0,338088.0
2016.12.28,9390.0,-70.0,9415.0,9425.0,9360.0,367231.0
2016.12.27,9460.0,-10.0,9485.0,9490.0,9450.0,507586.0
2016.12.26,9470.0,-45.0,9500.0,9515.0,9470.0,386774.0
2016.12.23,9515.0,25.0,9490.0,9520.0,9480.0,629544.0
2016.12.22,9490.0,20.0,9450.0,9500.0,9440.0,546364.0
2016.12.21,9470.0,25.0,9410.0,9470.0,9340.0,995465.0
2016.12.20,9445.0,-40.0,9470.0,9485.0,9425.0,793765.0
2016.12.19,9485.0,-10.0,9540.0,9540.0,9450.0,982273.0
2016.12.16,9495.0,-35.0,9555.0,9570.0,9465.0,940947.0
2016.12.15,9530.0,15.0,9640.0,9660.0,9485.0,1063952.0
2016.12.14,9515.0,-20.0,9465.0,9545.0,9410.0,2005966.0
2016.12.13,9535.0,-65.0,9585.0,9605.0,9525.0,1397705.0
2016.12.12,9600.0,25.0,9510.0,9640.0,9500.0,1244123.0
2016.12.09,9575.0,-45.0,9615.0,9625.0,9550.0,1424444.0
2016.12.08,9620.0,-320.0,9745.0,9770.0,9590.0,2402615.0
2016.12.07,9940.0,-60.0,9905.0,9970.0,9895.0,804039.0
2016.12.06,10000.0,-235.0,10090.0,10090.0,9945.0,1123083.0
2016.12.05,10235.0,35.0,10280.0,10310.0,10190.0,591443.0
2016.12.02,10200.0,130.0,10145.0,10240.0,10115.0,735025.0
2016.12.01,10070.0,-20.0,10085.0,10115.0,10030.0,695150.0
2016.11.30,10090.0,-90.0,10180.0,10180.0,10040.0,775468.0
2016.11.29,10180.0,-5.0,10195.0,10220.0,10140.0,790629.0
2016.11.28,10185.0,-45.0,10240.0,10365.0,10150.0,780275.0
2016.11.25,10230.0,-15.0,10220.0,10275.0,10195.0,1101884.0
2016.11.24,10245.0,95.0,10150.0,10295.0,10125.0,1285878.0
2016.11.23,10150.0,-80.0,10210.0,10240.0,10065.0,1363441.0
2016.11.22,10230.0,-235.0,10420.0,10420.0,10190.0,1423488.0
2016.11.21,10465.0,70.0,10465.0,10495.0,10375.0,1138459.0
2016.11.18,10395.0,-10.0,10365.0,10495.0,10360.0,1088223.0
2016.11.17,10405.0,10.0,10450.0,10535.0,10370.0,1309766.0
2016.11.16,10395.0,-60.0,10355.0,10405.0,10305.0,1263800.0
2016.11.15,10455.0,80.0,10415.0,10465.0,10335.0,1282864.0
2016.11.14,10375.0,150.0,10255.0,10405.0,10215.0,1739418.0
2016.11.11,10225.0,195.0,10135.0,10260.0,10120.0,1199455.0
2016.11.10,10030.0,-445.0,10135.0,10185.0,9990.0,1902795.0
2016.11.09,10475.0,445.0,9965.0,10700.0,9895.0,4120219.0
2016.11.08,10030.0,-30.0,9990.0,10125.0,9970.0,1259291.0
2016.11.07,10060.0,-190.0,10075.0,10130.0,10000.0,1275645.0
2016.11.04,10250.0,60.0,10230.0,10290.0,10195.0,1271127.0
2016.11.03,10190.0,-45.0,10260.0,10305.0,10160.0,1251895.0
2016.11.02,10235.0,255.0,10115.0,10240.0,10090.0,1182036.0
2016.11.01,9980.0,0.0,9980.0,10175.0,9965.0,1299096.0
2016.10.31,9980.0,40.0,10035.0,10060.0,9930.0,967174.0
2016.10.28,9940.0,-5.0,9955.0,9980.0,9885.0,1127195.0
2016.10.27,9945.0,-90.0,9980.0,10015.0,9920.0,1153806.0
2016.10.26,10035.0,245.0,9870.0,10125.0,9870.0,1816134.0
2016.10.25,9790.0,20.0,9785.0,9835.0,9755.0,1496044.0
2016.10.24,9770.0,-135.0,9860.0,9860.0,9740.0,1354331.0
2016.10.21,9905.0,85.0,9845.0,9925.0,9795.0,1726186.0
2016.10.20,9820.0,-20.0,9820.0,9835.0,9745.0,1748925.0
2016.10.19,9840.0,-20.0,9895.0,9900.0,9735.0,1594536.0
2016.10.18,9860.0,-140.0,9990.0,9990.0,9845.0,1457150.0
2016.10.17,10000.0,-35.0,10040.0,10175.0,9930.0,1690556.0
2016.10.14,10035.0,-110.0,10090.0,10090.0,9975.0,1603985.0
2016.10.13,10145.0,190.0,9985.0,10160.0,9960.0,1729880.0
2016.10.12,9955.0,10.0,10055.0,10065.0,9920.0,1645188.0
2016.10.11,9945.0,295.0,9685.0,9950.0,9640.0,1924154.0
2016.10.10,9650.0,-40.0,9775.0,9835.0,9630.0,2183383.0
2016.10.07,9690.0,65.0,9650.0,9700.0,9610.0,1913404.0
2016.10.06,9625.0,-140.0,9645.0,9720.0,9605.0,1657379.0
2016.10.05,9765.0,10.0,9860.0,9945.0,9720.0,1663496.0
2016.10.04,9755.0,-100.0,9790.0,9800.0,9700.0,1328773.0
2016.09.30,9855.0,215.0,9780.0,9880.0,9755.0,1691876.0
2016.09.29,9640.0,-160.0,9740.0,9740.0,9605.0,1654704.0
2016.09.28,9800.0,60.0,9760.0,9820.0,9740.0,1237813.0
2016.09.27,9740.0,-135.0,9875.0,10035.0,9705.0,3123749.0
2016.09.26,9875.0,70.0,9815.0,9900.0,9730.0,1534892.0
2016.09.23,9805.0,-5.0,9805.0,9835.0,9760.0,1869589.0
2016.09.22,9810.0,-180.0,10000.0,10000.0,9720.0,1338512.0
