날짜,종가,전일비,시가,고가,저가,거래량
2026.08.18,17050.0,270.0,17135.0,17220.0,16810.0,9857.0
2026.08.14,16780.0,-25.0,16570.0,16780.0,16445.0,8548.0
2026.08.13,16805.0,210.0,16630.0,16950.0,16570.0,8814.0
2026.08.12,16595.0,165.0,16355.0,16705.0,16315.0,6816.0
2026.08.11,16430.0,110.0,16350.0,16585.0,16235.0,6191.0
2026.08.10,16320.0,15.0,16360.0,16450.0,16010.0,5394.0
2026.08.07,16305.0,55.0,16330.0,16710.0,16200.0,16181.0
2026.08.06,16250.0,-150.0,16315.0,16450.0,15940.0,14835.0
2026.08.05,16400.0,110.0,16370.0,16590.0,15900.0,13135.0
2026.08.04,16290.0,895.0,15380.0,16310.0,15265.0,4815.0
2026.08.03,15395.0,-360.0,15670.0,15670.0,15240.0,6225.0
2026.07.31,15755.0,255.0,15190.0,16200.0,15190.0,61950.0
2026.07.30,15500.0,-375.0,15770.0,15830.0,14805.0,12065.0
2026.07.29,15875.0,-25.0,15840.0,16015.0,15380.0,27246.0
2026.07.28,15900.0,-1040.0,16905.0,16995.0,15870.0,5912.0
2026.07.27,16940.0,215.0,16695.0,16940.0,16470.0,14275.0
2026.07.24,16725.0,-265.0,17070.0,17080.0,16600.0,32449.0
2026.07.23,16990.0,-205.0,17170.0,17255.0,16850.0,12933.0
2026.07.22,17195.0,-330.0,17845.0,17845.0,17090.0,21861.0
2026.07.21,17525.0,1320.0,16545.0,17595.0,16250.0,12156.0
2026.07.20,16205.0,-1895.0,16595.0,17140.0,16205.0,55255.0
2026.07.16,18100.0,-350.0,18410.0,18430.0,17655.0,38833.0
2026.07.15,18450.0,-110.0,18565.0,18910.0,18450.0,25244.0
2026.07.14,18560.0,415.0,18150.0,18645.0,17775.0,31468.0
2026.07.13,18145.0,-830.0,18800.0,18860.0,18145.0,30866.0
2026.07.10,18975.0,-590.0,19660.0,19900.0,18975.0,8723.0
2026.07.09,19565.0,720.0,18775.0,19595.0,18640.0,13745.0
2026.07.08,18845.0,-515.0,19305.0,19370.0,18780.0,14200.0
2026.07.07,19360.0,-320.0,19650.0,19670.0,19135.0,11801.0
2026.07.06,19680.0,-435.0,20015.0,20225.0,19480.0,15293.0
2026.07.03,20115.0,-295.0,20100.0,20620.0,19960.0,27037.0
2026.07.02,20410.0,-1035.0,21300.0,21495.0,20380.0,24046.0
2026.07.01,21445.0,-400.0,22105.0,22385.0,21400.0,31026.0
2026.06.30,21845.0,815.0,21220.0,21895.0,21060.0,22110.0
2026.06.29,21030.0,50.0,20960.0,21300.0,20590.0,13678.0
2026.06.26,20980.0,-935.0,21910.0,21990.0,20960.0,20469.0
2026.06.25,21915.0,665.0,21300.0,21915.0,21300.0,25054.0
2026.06.24,21250.0,335.0,20825.0,21250.0,20810.0,19056.0
2026.06.23,20915.0,-890.0,21775.0,21920.0,20915.0,45035.0
2026.06.22,21805.0,600.0,21205.0,21805.0,21160.0,45512.0
2026.06.19,21205.0,-60.0,21300.0,21365.0,21175.0,11736.0
2026.06.18,21265.0,830.0,20750.0,21265.0,20640.0,54619.0
2026.06.17,20435.0,115.0,20285.0,20450.0,20045.0,10061.0
2026.06.16,20320.0,540.0,19880.0,20410.0,19880.0,18052.0
2026.06.15,19780.0,710.0,19255.0,19780.0,19015.0,44862.0
2026.06.12,19070.0,225.0,19005.0,19325.0,18925.0,48341.0
2026.06.11,18845.0,-345.0,19000.0,19440.0,18730.0,21494.0
2026.06.10,19190.0,-315.0,19725.0,19730.0,19000.0,17837.0
2026.06.09,19505.0,240.0,18980.0,19505.0,18840.0,36563.0
2026.06.08,19265.0,-645.0,19780.0,19780.0,18925.0,77706.0
2026.06.05,19910.0,-465.0,20445.0,20630.0,19910.0,23647.0
2026.06.04,20375.0,240.0,20455.0,20590.0,20250.0,72573.0
2026.06.02,20135.0,665.0,19445.0,20230.0,19385.0,33498.0
2026.06.01,19470.0,-390.0,19910.0,20210.0,19460.0,30361.0
2026.05.29,19860.0,-355.0,20120.0,20360.0,19780.0,44768.0
2026.05.28,20215.0,310.0,19825.0,20215.0,19500.0,49204.0
2026.05.27,19905.0,155.0,19830.0,20300.0,19620.0,44664.0
2026.05.26,19750.0,295.0,20390.0,20390.0,19550.0,50663.0
2026.05.22,19455.0,515.0,18755.0,19485.0,18750.0,115835.0
2026.05.21,18940.0,-225.0,19165.0,19605.0,18940.0,107865.0
2026.05.20,19165.0,95.0,19155.0,19300.0,19037.0,33715.0
2026.05.19,19070.0,55.0,19015.0,19120.0,18600.0,44611.0
2026.05.18,19015.0,-70.0,19085.0,19335.0,18970.0,72097.0
2026.05.15,19085.0,-400.0,20370.0,20390.0,18885.0,39082.0
2026.05.14,19485.0,-95.0,19595.0,20075.0,19165.0,37168.0
2026.05.13,19580.0,525.0,19000.0,19580.0,18935.0,28695.0
2026.05.12,19055.0,210.0,18865.0,19130.0,18830.0,34762.0
2026.05.11,18845.0,665.0,18085.0,18910.0,18045.0,38396.0
2026.05.08,18180.0,60.0,18120.0,18250.0,18045.0,22039.0
2026.05.07,18120.0,275.0,17845.0,18120.0,17735.0,35575.0
2026.05.06,17845.0,245.0,17845.0,18020.0,17505.0,99736.0
2026.05.04,17600.0,-100.0,17590.0,17710.0,17590.0,22956.0
2026.04.30,17700.0,30.0,17600.0,17850.0,17575.0,22309.0
2026.04.29,17670.0,520.0,17150.0,17670.0,17105.0,14302.0
2026.04.28,17150.0,-235.0,17385.0,17460.0,17135.0,11371.0
2026.04.27,17385.0,-365.0,17785.0,17785.0,17385.0,20255.0
2026.04.24,17750.0,-80.0,17890.0,17910.0,17425.0,38723.0
2026.04.23,17830.0,-130.0,18000.0,18145.0,17645.0,26924.0
2026.04.22,17960.0,380.0,17565.0,17960.0,17540.0,20224.0
2026.04.21,17580.0,-25.0,17695.0,17695.0,17325.0,26294.0
2026.04.20,17605.0,15.0,17540.0,17680.0,17450.0,19329.0
2026.04.17,17590.0,300.0,17350.0,17690.0,17305.0,12188.0
2026.04.16,17290.0,480.0,16945.0,17290.0,16830.0,20533.0
2026.04.15,16810.0,-130.0,17120.0,17165.0,16800.0,20457.0
2026.04.14,16940.0,130.0,16825.0,17120.0,16800.0,21205.0
2026.04.13,16810.0,205.0,16605.0,16810.0,16450.0,55000.0
2026.04.10,16605.0,680.0,16000.0,16635.0,15875.0,13928.0
2026.04.09,15925.0,45.0,15955.0,15990.0,15845.0,10284.0
2026.04.08,15880.0,530.0,15275.0,15910.0,15275.0,15641.0
2026.04.07,15350.0,120.0,15305.0,15425.0,15200.0,10759.0
2026.04.06,15230.0,-85.0,15385.0,15385.0,15220.0,4671.0
2026.04.03,15315.0,-125.0,15510.0,15510.0,15315.0,38721.0
2026.04.02,15440.0,-265.0,15870.0,15870.0,15365.0,42831.0
2026.04.01,15705.0,105.0,16090.0,16090.0,15250.0,36142.0
2026.03.31,15600.0,-270.0,16000.0,16000.0,15550.0,36790.0
2026.03.30,15870.0,20.0,15800.0,16045.0,15490.0,35549.0
2026.03.27,15850.0,70.0,15505.0,16005.0,15502.0,29947.0
2026.03.26,15780.0,-140.0,16200.0,16200.0,15780.0,31405.0
2026.03.25,15920.0,315.0,15720.0,16000.0,15570.0,18409.0
2026.03.24,15605.0,-195.0,16225.0,16225.0,15220.0,40156.0
2026.03.23,15800.0,-455.0,16250.0,16255.0,15670.0,55825.0
2026.03.20,16255.0,330.0,16165.0,16495.0,15830.0,24798.0
2026.03.19,15925.0,-65.0,16120.0,16170.0,15925.0,24543.0
2026.03.18,15990.0,205.0,15740.0,15990.0,15675.0,33064.0
2026.03.17,15785.0,-360.0,16210.0,16255.0,15785.0,36288.0
2026.03.16,16145.0,180.0,15990.0,16145.0,15815.0,91686.0
2026.03.13,15965.0,125.0,15750.0,16050.0,15735.0,20821.0
2026.03.12,15840.0,-30.0,15870.0,16000.0,15550.0,65670.0
2026.03.11,15870.0,230.0,15650.0,16055.0,15615.0,51947.0
2026.03.10,15640.0,290.0,15125.0,15640.0,15122.0,32800.0
2026.03.09,15350.0,100.0,14655.0,15500.0,14655.0,59111.0
2026.03.06,15250.0,210.0,15740.0,15740.0,15075.0,117379.0
2026.03.05,15040.0,170.0,14765.0,15270.0,14735.0,33250.0
2026.03.04,14870.0,-310.0,15310.0,15310.0,14805.0,44909.0
2026.03.03,15180.0,-120.0,15355.0,15640.0,15100.0,28264.0
2026.02.27,15300.0,-185.0,15480.0,15575.0,15195.0,25152.0
2026.02.26,15485.0,75.0,15360.0,15505.0,15200.0,33310.0
2026.02.25,15410.0,95.0,15265.0,15500.0,15250.0,18666.0
2026.02.24,15315.0,75.0,15285.0,15535.0,15110.0,75397.0
2026.02.23,15240.0,90.0,15150.0,15300.0,15060.0,24691.0
2026.02.20,15150.0,-70.0,15280.0,15280.0,15140.0,20725.0
2026.02.19,15220.0,-30.0,15290.0,15290.0,15190.0,11538.0
2026.02.13,15250.0,-105.0,15305.0,15445.0,15245.0,13511.0
2026.02.12,15355.0,10.0,15235.0,15415.0,15235.0,11837.0
2026.02.11,15345.0,-145.0,15500.0,15520.0,15250.0,12876.0
2026.02.10,15490.0,-90.0,15510.0,15640.0,15490.0,28605.0
2026.02.09,15580.0,345.0,15435.0,15700.0,15055.0,28362.0
2026.02.06,15235.0,15.0,15110.0,15370.0,15020.0,31172.0
2026.02.05,15220.0,-100.0,15200.0,15430.0,15100.0,17095.0
2026.02.04,15320.0,45.0,15275.0,15430.0,15000.0,42154.0
2026.02.03,15275.0,-115.0,15665.0,15665.0,15075.0,28326.0
2026.02.02,15390.0,-10.0,15500.0,15695.0,15285.0,32717.0
2026.01.30,15400.0,400.0,15000.0,15400.0,14975.0,39807.0
2026.01.29,15000.0,-120.0,15185.0,15225.0,14965.0,33842.0
2026.01.28,15120.0,-285.0,15405.0,15405.0,15030.0,26949.0
2026.01.27,15405.0,155.0,15295.0,15500.0,15130.0,32817.0
2026.01.26,15250.0,-415.0,15605.0,15620.0,15135.0,37471.0
2026.01.23,15665.0,80.0,15675.0,15675.0,15515.0,16131.0
2026.01.22,15585.0,145.0,15430.0,15615.0,15335.0,28419.0
2026.01.21,15440.0,40.0,15405.0,15540.0,15350.0,21467.0
2026.01.20,15400.0,-215.0,15495.0,15715.0,15300.0,36714.0
2026.01.19,15615.0,-170.0,15820.0,15825.0,15610.0,23204.0
2026.01.16,15785.0,140.0,15690.0,15920.0,15690.0,51315.0
2026.01.15,15645.0,-80.0,15625.0,15695.0,15450.0,33527.0
2026.01.14,15725.0,65.0,15655.0,15985.0,15520.0,29993.0
2026.01.13,15660.0,-170.0,15830.0,15995.0,15655.0,25330.0
2026.01.12,15830.0,480.0,15375.0,15830.0,15260.0,33252.0
2026.01.09,15350.0,190.0,15195.0,15360.0,15105.0,20346.0
2026.01.08,15160.0,-125.0,15300.0,15310.0,15125.0,23572.0
2026.01.07,15285.0,80.0,15290.0,15375.0,15150.0,34450.0
2026.01.06,15205.0,145.0,15100.0,15245.0,15025.0,32464.0
2026.01.05,15060.0,385.0,14675.0,15085.0,14675.0,71214.0
2026.01.02,14675.0,-105.0,14665.0,14695.0,14565.0,46054.0
2025.12.30,14780.0,310.0,14615.0,14780.0,14465.0,18486.0
2025.12.29,14470.0,-340.0,14825.0,14835.0,14470.0,22884.0
2025.12.26,14810.0,-25.0,14860.0,14895.0,14665.0,7409.0
2025.12.24,14835.0,-160.0,15095.0,15095.0,14725.0,13904.0
2025.12.23,14995.0,110.0,14995.0,15060.0,14845.0,37589.0
2025.12.22,14885.0,275.0,14695.0,14885.0,14515.0,21427.0
2025.12.19,14610.0,70.0,14590.0,14700.0,14445.0,7637.0
2025.12.18,14540.0,-260.0,14790.0,14790.0,14430.0,11019.0
2025.12.17,14800.0,440.0,14505.0,14800.0,14250.0,9383.0
2025.12.16,14360.0,-160.0,14540.0,14555.0,14190.0,8910.0
2025.12.15,14520.0,-295.0,14825.0,14825.0,14520.0,23442.0
2025.12.12,14815.0,10.0,14745.0,14885.0,14580.0,29148.0
2025.12.11,14805.0,-15.0,14820.0,14980.0,14750.0,10441.0
2025.12.10,14820.0,55.0,14835.0,14840.0,14525.0,25811.0
2025.12.09,14765.0,25.0,14750.0,14930.0,14660.0,42853.0
2025.12.08,14740.0,360.0,14445.0,14820.0,14330.0,18136.0
2025.12.05,14380.0,205.0,14300.0,14410.0,14085.0,28056.0
2025.12.04,14175.0,150.0,14035.0,14202.0,13940.0,14396.0
2025.12.03,14025.0,-110.0,14155.0,14325.0,14025.0,21124.0
2025.12.02,14135.0,-105.0,14290.0,14330.0,14105.0,13639.0
2025.12.01,14240.0,160.0,14125.0,14270.0,14005.0,35647.0
2025.11.28,14080.0,55.0,13945.0,14095.0,13870.0,27487.0
2025.11.27,14025.0,-75.0,14090.0,14330.0,13970.0,15040.0
2025.11.26,14100.0,300.0,13800.0,14185.0,13630.0,16394.0
2025.11.25,13800.0,185.0,13635.0,13955.0,13520.0,77936.0
2025.11.24,13615.0,85.0,13620.0,13650.0,13375.0,38609.0
2025.11.21,13530.0,-500.0,13950.0,14030.0,13445.0,64239.0
2025.11.20,14030.0,-105.0,14205.0,14430.0,14025.0,16003.0
2025.11.19,14135.0,155.0,13935.0,14270.0,13935.0,34153.0
2025.11.18,13980.0,-130.0,14105.0,14285.0,13980.0,22842.0
2025.11.17,14110.0,-235.0,14360.0,14360.0,14075.0,18509.0
2025.11.14,14345.0,-315.0,14150.0,14625.0,14150.0,158460.0
2025.11.13,14660.0,395.0,14300.0,14730.0,14300.0,198045.0
2025.11.12,14265.0,-100.0,14340.0,14365.0,14120.0,148895.0
2025.11.11,14365.0,-15.0,14410.0,14680.0,14315.0,125766.0
2025.11.10,14380.0,-250.0,14620.0,14695.0,14260.0,132184.0
2025.11.07,14630.0,55.0,14565.0,14725.0,14400.0,283861.0
2025.11.06,14575.0,225.0,14450.0,14630.0,14275.0,132730.0
2025.11.05,14350.0,295.0,14060.0,14350.0,13660.0,191669.0
2025.11.04,14055.0,-245.0,14305.0,14410.0,14035.0,160713.0
2025.11.03,14300.0,-55.0,14345.0,14345.0,14025.0,237261.0
2025.10.31,14355.0,-315.0,14665.0,14670.0,14275.0,221022.0
2025.10.30,14670.0,-205.0,14905.0,14970.0,14600.0,248132.0
2025.10.29,14875.0,255.0,14670.0,14940.0,14540.0,198731.0
2025.10.28,14620.0,110.0,14550.0,14825.0,14435.0,411380.0
2025.10.27,14510.0,240.0,14285.0,14580.0,14275.0,497216.0
2025.10.24,14270.0,485.0,13795.0,14295.0,13795.0,262971.0
2025.10.23,13785.0,45.0,13730.0,13785.0,13530.0,159784.0
2025.10.22,13740.0,-90.0,13850.0,13870.0,13675.0,326739.0
2025.10.21,13830.0,545.0,13340.0,13885.0,13325.0,259562.0
2025.10.20,13285.0,80.0,13110.0,13555.0,13100.0,204102.0
2025.10.17,13205.0,-290.0,13585.0,13585.0,13085.0,257235.0
2025.10.16,13495.0,-15.0,13510.0,13630.0,13335.0,216402.0
2025.10.15,13510.0,230.0,13265.0,13510.0,13040.0,274554.0
2025.10.14,13280.0,-285.0,13725.0,13965.0,13205.0,294039.0
2025.10.13,13565.0,-290.0,13730.0,13820.0,13410.0,331869.0
2025.10.10,13855.0,-485.0,14340.0,14470.0,13820.0,374854.0
2025.10.02,14340.0,40.0,14270.0,14365.0,14230.0,374016.0
2025.10.01,14300.0,-10.0,14315.0,14380.0,14280.0,242802.0
2025.09.30,14310.0,65.0,14200.0,14395.0,14200.0,555167.0
2025.09.29,14245.0,190.0,14040.0,14330.0,13855.0,274899.0
2025.09.26,14055.0,-305.0,14275.0,14340.0,14035.0,200288.0
2025.09.25,14360.0,440.0,13945.0,14360.0,13880.0,233428.0
2025.09.24,13920.0,535.0,13485.0,13940.0,13460.0,269150.0
2025.09.23,13385.0,-130.0,13530.0,13795.0,13280.0,211659.0
2025.09.22,13515.0,-85.0,13605.0,13605.0,13350.0,260826.0
2025.09.19,13600.0,100.0,13455.0,13700.0,13455.0,282211.0
2025.09.18,13500.0,-120.0,13620.0,13830.0,13435.0,302441.0
2025.09.17,13620.0,275.0,13400.0,13700.0,13300.0,83724.0
2025.09.16,13345.0,-55.0,13405.0,13470.0,13145.0,91554.0
2025.09.15,13400.0,180.0,13235.0,13535.0,13140.0,82965.0
2025.09.12,13220.0,-25.0,13285.0,13435.0,13080.0,122537.0
2025.09.11,13245.0,610.0,12675.0,13245.0,12605.0,79367.0
2025.09.10,12635.0,140.0,12525.0,12675.0,12440.0,59995.0
2025.09.09,12495.0,-205.0,12780.0,12785.0,12345.0,65047.0
2025.09.08,12700.0,-110.0,12810.0,12920.0,12565.0,83315.0
2025.09.05,12810.0,800.0,12010.0,12810.0,12000.0,86867.0
2025.09.04,12010.0,-680.0,12640.0,12900.0,12010.0,115110.0
2025.09.03,12690.0,280.0,12445.0,12710.0,12420.0,118548.0
2025.09.02,12410.0,-415.0,12835.0,12930.0,12360.0,120347.0
2025.09.01,12825.0,310.0,12585.0,12880.0,12435.0,128488.0
2025.08.29,12515.0,570.0,11995.0,12650.0,11995.0,97089.0
2025.08.28,11945.0,-70.0,11905.0,11985.0,11650.0,94176.0
2025.08.27,12015.0,-25.0,12000.0,12275.0,11910.0,66627.0
2025.08.26,12040.0,205.0,11845.0,12045.0,11820.0,48281.0
2025.08.25,11835.0,335.0,11600.0,11905.0,11525.0,71698.0
2025.08.22,11500.0,280.0,11315.0,11530.0,11185.0,61714.0
2025.08.21,11220.0,10.0,11280.0,11425.0,11170.0,73398.0
2025.08.20,11210.0,85.0,11275.0,11320.0,11005.0,66825.0
2025.08.19,11125.0,-50.0,11185.0,11285.0,11125.0,43611.0
2025.08.18,11175.0,555.0,10820.0,11290.0,10820.0,55663.0
2025.08.14,10620.0,-40.0,10695.0,10842.0,10620.0,27086.0
2025.08.13,10660.0,385.0,10340.0,10660.0,10285.0,13696.0
2025.08.12,10275.0,90.0,10265.0,10280.0,10120.0,36958.0
2025.08.11,10185.0,95.0,10070.0,10240.0,10005.0,20821.0
2025.08.08,10090.0,95.0,10095.0,10100.0,9980.0,10373.0
2025.08.07,9995.0,-190.0,10200.0,10200.0,9985.0,11433.0
2025.08.06,10185.0,150.0,10050.0,10185.0,10035.0,17340.0
2025.08.05,10035.0,60.0,9990.0,10090.0,9945.0,29374.0
2025.08.04,9975.0,-65.0,10040.0,10040.0,9895.0,28609.0
2025.08.01,10040.0,-20.0,10015.0,10070.0,9900.0,29581.0
2025.07.31,10060.0,-70.0,10060.0,10235.0,10060.0,30281.0
2025.07.30,10130.0,-170.0,10405.0,10450.0,10080.0,11532.0
2025.07.29,10300.0,225.0,10105.0,10300.0,10105.0,17207.0
2025.07.28,10075.0,135.0,10140.0,10140.0,9985.0,16622.0
2025.07.25,9940.0,30.0,9960.0,10050.0,9930.0,14735.0
2025.07.24,9910.0,20.0,9890.0,9960.0,9845.0,11922.0
2025.07.23,9890.0,-20.0,9915.0,9985.0,9835.0,28345.0
2025.07.22,9910.0,100.0,9820.0,9945.0,9820.0,10555.0
2025.07.21,9810.0,45.0,9860.0,9915.0,9770.0,17352.0
2025.07.18,9765.0,5.0,9815.0,9820.0,9720.0,25883.0
2025.07.17,9760.0,200.0,9660.0,9760.0,9560.0,41163.0
2025.07.16,9560.0,60.0,9500.0,9690.0,9500.0,23313.0
2025.07.15,9500.0,85.0,9425.0,9590.0,9405.0,14478.0
2025.07.14,9415.0,15.0,9420.0,9460.0,9350.0,18785.0
2025.07.11,9400.0,55.0,9340.0,9440.0,9250.0,21752.0
2025.07.10,9345.0,45.0,9285.0,9355.0,9230.0,19599.0
2025.07.09,9300.0,95.0,9235.0,9420.0,9235.0,26715.0
2025.07.08,9205.0,160.0,9050.0,9250.0,9040.0,36331.0
2025.07.07,9045.0,-60.0,9160.0,9160.0,8965.0,2977.0
2025.07.04,9105.0,0.0,9280.0,9280.0,9105.0,13723.0
2025.07.03,9105.0,125.0,8970.0,9130.0,8970.0,8903.0
2025.07.02,8980.0,-5.0,9060.0,9060.0,8890.0,6189.0
2025.07.01,8985.0,5.0,8980.0,9070.0,8960.0,4573.0
2025.06.30,8980.0,55.0,9015.0,9020.0,8895.0,14650.0
2025.06.27,8925.0,-40.0,8875.0,9055.0,8830.0,6172.0
2025.06.26,8965.0,15.0,8950.0,9015.0,8885.0,4454.0
2025.06.25,8950.0,280.0,8670.0,8950.0,8650.0,11985.0
2025.06.24,8670.0,50.0,8620.0,8755.0,8550.0,18227.0
2025.06.23,8620.0,85.0,8530.0,8650.0,8500.0,22377.0
2025.06.20,8535.0,-90.0,8715.0,8715.0,8485.0,10981.0
2025.06.19,8625.0,-35.0,8695.0,8850.0,8625.0,2241.0
2025.06.18,8660.0,5.0,8710.0,8760.0,8630.0,4555.0
2025.06.17,8655.0,-15.0,8680.0,8760.0,8635.0,7624.0
2025.06.16,8670.0,30.0,8640.0,8705.0,8615.0,6017.0
2025.06.13,8640.0,-10.0,8650.0,8800.0,8635.0,14226.0
2025.06.12,8650.0,-130.0,8835.0,8835.0,8595.0,26180.0
2025.06.11,8780.0,95.0,8685.0,8780.0,8655.0,3825.0
2025.06.10,8685.0,80.0,8645.0,8725.0,8625.0,5508.0
2025.06.09,8605.0,35.0,8615.0,8725.0,8560.0,15249.0
2025.06.05,8570.0,10.0,8585.0,8610.0,8490.0,12181.0
2025.06.04,8560.0,110.0,8495.0,8645.0,8470.0,27664.0
2025.06.02,8450.0,-95.0,8565.0,8565.0,8430.0,22066.0
2025.05.30,8545.0,-65.0,8630.0,8630.0,8520.0,2545.0
2025.05.29,8610.0,55.0,8570.0,8630.0,8510.0,7840.0
2025.05.28,8555.0,80.0,8520.0,8555.0,8475.0,1489.0
2025.05.27,8475.0,-25.0,8515.0,8595.0,8440.0,2640.0
2025.05.26,8500.0,-150.0,8650.0,8670.0,8500.0,5960.0
2025.05.23,8650.0,-90.0,8750.0,8830.0,8650.0,5683.0
2025.05.22,8740.0,-215.0,8985.0,8985.0,8735.0,11688.0
2025.05.21,8955.0,155.0,8905.0,8955.0,8830.0,11997.0
2025.05.20,8800.0,35.0,8770.0,8860.0,8735.0,7042.0
2025.05.19,8765.0,-55.0,8820.0,8820.0,8725.0,7534.0
2025.05.16,8820.0,-90.0,8920.0,8920.0,8775.0,27933.0
2025.05.15,8910.0,-220.0,9180.0,9195.0,8875.0,14356.0
2025.05.14,9130.0,5.0,9125.0,9205.0,8990.0,17129.0
2025.05.13,9125.0,140.0,9020.0,9200.0,9020.0,18370.0
2025.05.12,8985.0,225.0,8760.0,8985.0,8760.0,58199.0
2025.05.09,8760.0,30.0,8820.0,8870.0,8720.0,10240.0
2025.05.08,8730.0,80.0,8735.0,8815.0,8620.0,8477.0
2025.05.07,8650.0,35.0,8665.0,8905.0,8545.0,19723.0
2025.05.02,8615.0,135.0,8485.0,8855.0,8480.0,13227.0
2025.04.30,8480.0,-75.0,8550.0,8630.0,8445.0,20787.0
2025.04.29,8555.0,-90.0,8620.0,8650.0,8555.0,19299.0
2025.04.28,8645.0,0.0,8670.0,8670.0,8590.0,16936.0
2025.04.25,8645.0,95.0,8590.0,8675.0,8550.0,3791.0
2025.04.24,8550.0,-15.0,8650.0,8650.0,8505.0,4864.0
2025.04.23,8565.0,95.0,8515.0,8700.0,8475.0,25306.0
2025.04.22,8470.0,-40.0,8515.0,8515.0,8410.0,2227.0
2025.04.21,8510.0,120.0,8390.0,8510.0,8340.0,1938.0
2025.04.18,8390.0,30.0,8355.0,8390.0,8270.0,2856.0
2025.04.17,8360.0,80.0,8330.0,8370.0,8220.0,8713.0
2025.04.16,8280.0,-150.0,8430.0,8510.0,8180.0,15081.0
2025.04.15,8430.0,-35.0,8575.0,8575.0,8400.0,13444.0
2025.04.14,8465.0,-190.0,8695.0,8695.0,8465.0,10325.0
2025.04.11,8655.0,100.0,8485.0,8655.0,8410.0,16435.0
2025.04.10,8555.0,90.0,8675.0,8680.0,8470.0,24534.0
2025.04.09,8465.0,235.0,8185.0,8480.0,8095.0,43769.0
2025.04.08,8230.0,230.0,8025.0,8405.0,8025.0,65525.0
2025.04.07,8000.0,-1085.0,8805.0,9145.0,7970.0,35993.0
2025.04.04,9085.0,-270.0,9400.0,9400.0,9035.0,25010.0
2025.04.03,9355.0,-250.0,9605.0,9605.0,9135.0,14307.0
2025.04.02,9605.0,20.0,9810.0,9810.0,9560.0,18854.0
2025.04.01,9585.0,35.0,9815.0,9815.0,9555.0,35680.0
2025.03.31,9550.0,-120.0,9670.0,9670.0,9525.0,36273.0
2025.03.28,9670.0,-60.0,9730.0,9805.0,9665.0,3649.0
2025.03.27,9730.0,-15.0,9930.0,9930.0,9615.0,17726.0
2025.03.26,9745.0,0.0,9790.0,9790.0,9710.0,3178.0
2025.03.25,9745.0,-35.0,9850.0,9880.0,9735.0,8894.0
2025.03.24,9780.0,50.0,9670.0,9815.0,9650.0,8602.0
2025.03.21,9730.0,-270.0,10120.0,10120.0,9730.0,20010.0
2025.03.20,10000.0,-45.0,10120.0,10125.0,10000.0,12939.0
2025.03.19,10045.0,-40.0,10100.0,10130.0,10005.0,9194.0
2025.03.18,10085.0,125.0,9995.0,10085.0,9965.0,8869.0
2025.03.17,9960.0,-40.0,10000.0,10125.0,9935.0,65595.0
2025.03.14,10000.0,210.0,9825.0,10120.0,9750.0,33621.0
2025.03.13,9790.0,-85.0,9880.0,9930.0,9745.0,29496.0
2025.03.12,9875.0,-20.0,9905.0,9980.0,9875.0,33990.0
2025.03.11,9895.0,20.0,9875.0,9920.0,9200.0,64716.0
2025.03.10,9875.0,15.0,9915.0,9970.0,9820.0,58577.0
2025.03.07,9860.0,-140.0,10000.0,10095.0,9855.0,51202.0
2025.03.06,10000.0,175.0,9875.0,10000.0,9775.0,57735.0
2025.03.05,9825.0,-60.0,9885.0,10005.0,9800.0,47471.0
2025.03.04,9885.0,35.0,9825.0,9945.0,9735.0,49597.0
2025.02.28,9850.0,-215.0,10050.0,10085.0,9845.0,24452.0
2025.02.27,10065.0,50.0,10115.0,10175.0,9995.0,46012.0
2025.02.26,10015.0,85.0,9890.0,10100.0,9890.0,54210.0
2025.02.25,9930.0,-110.0,9990.0,10100.0,9775.0,52720.0
2025.02.24,10040.0,-80.0,10120.0,10345.0,9990.0,137837.0
2025.02.21,10120.0,230.0,9900.0,10120.0,9815.0,50907.0
2025.02.20,9890.0,25.0,9815.0,9940.0,9685.0,81003.0
2025.02.19,9865.0,5.0,9885.0,9885.0,9600.0,101957.0
2025.02.18,9860.0,-60.0,9920.0,10010.0,9800.0,99516.0
2025.02.17,9920.0,70.0,9895.0,10025.0,9855.0,50940.0
2025.02.14,9850.0,35.0,9815.0,9900.0,9695.0,112577.0
2025.02.13,9815.0,40.0,9830.0,9945.0,9730.0,161536.0
2025.02.12,9775.0,85.0,9700.0,9775.0,9620.0,41994.0
2025.02.11,9690.0,-70.0,9875.0,9875.0,9660.0,24211.0
2025.02.10,9760.0,125.0,9785.0,9870.0,9695.0,26918.0
2025.02.07,9635.0,200.0,9525.0,9865.0,9495.0,44402.0
2025.02.06,9435.0,170.0,9265.0,9515.0,9245.0,36455.0
2025.02.05,9265.0,-65.0,9500.0,9500.0,9250.0,36772.0
2025.02.04,9330.0,200.0,9250.0,9390.0,9245.0,48335.0
2025.02.03,9130.0,-415.0,9545.0,9545.0,9005.0,36491.0
2025.01.31,9545.0,45.0,9405.0,9615.0,9405.0,26774.0
2025.01.24,9500.0,150.0,9400.0,9545.0,9290.0,21125.0
2025.01.23,9350.0,-30.0,9380.0,9585.0,9320.0,31400.0
2025.01.22,9380.0,-105.0,9485.0,9495.0,9295.0,13220.0
2025.01.21,9485.0,-5.0,9485.0,9490.0,9380.0,6480.0
2025.01.20,9490.0,160.0,9585.0,9585.0,9305.0,25742.0
2025.01.17,9330.0,40.0,9315.0,9395.0,9205.0,17175.0
2025.01.16,9290.0,60.0,9225.0,9350.0,9175.0,14688.0
2025.01.15,9230.0,-155.0,9390.0,9450.0,9220.0,6274.0
2025.01.14,9385.0,400.0,9030.0,9430.0,9015.0,17205.0
2025.01.13,8985.0,-75.0,9020.0,9080.0,8955.0,10859.0
2025.01.10,9060.0,-90.0,9155.0,9155.0,9050.0,7608.0
2025.01.09,9150.0,65.0,9015.0,9150.0,9015.0,6006.0
2025.01.08,9085.0,-50.0,9135.0,9185.0,8855.0,19029.0
2025.01.07,9135.0,-15.0,9175.0,9175.0,9005.0,20996.0
2025.01.06,9150.0,-120.0,9095.0,9290.0,9095.0,21014.0
2025.01.03,9270.0,-215.0,9500.0,9510.0,9230.0,21010.0
2025.01.02,9485.0,-630.0,9935.0,9935.0,9420.0,25762.0
2024.12.30,10115.0,5.0,10015.0,10140.0,10015.0,11427.0
2024.12.27,10110.0,0.0,10185.0,10300.0,10105.0,23374.0
2024.12.26,10110.0,105.0,9930.0,10145.0,9930.0,23578.0
2024.12.24,10005.0,35.0,9910.0,10010.0,9885.0,19460.0
2024.12.23,9970.0,30.0,9940.0,10025.0,9930.0,7731.0
2024.12.20,9940.0,-100.0,10040.0,10090.0,9910.0,7292.0
2024.12.19,10040.0,130.0,9700.0,10040.0,9685.0,14129.0
2024.12.18,9910.0,-20.0,9910.0,9945.0,9865.0,8204.0
2024.12.17,9930.0,75.0,9905.0,10015.0,9850.0,18962.0
2024.12.16,9855.0,-265.0,9970.0,10090.0,9855.0,15965.0
2024.12.13,10120.0,-185.0,10185.0,10495.0,10085.0,15702.0
2024.12.12,10305.0,85.0,10155.0,10335.0,10145.0,10315.0
2024.12.11,10220.0,-10.0,10335.0,10425.0,10140.0,10445.0
2024.12.10,10230.0,135.0,10515.0,10805.0,10230.0,66016.0
2024.12.09,10095.0,-45.0,10225.0,10240.0,10020.0,26634.0
2024.12.06,10140.0,290.0,9910.0,10220.0,9825.0,29883.0
2024.12.05,9850.0,40.0,9895.0,9910.0,9715.0,17304.0
2024.12.04,9810.0,-95.0,9935.0,9935.0,9755.0,24177.0
2024.12.03,9905.0,20.0,9885.0,9975.0,9770.0,8781.0
2024.12.02,9885.0,110.0,9925.0,9960.0,9755.0,19945.0
2024.11.29,9775.0,250.0,9530.0,9940.0,9460.0,40009.0
2024.11.28,9525.0,-90.0,9705.0,9740.0,9515.0,27225.0
2024.11.27,9615.0,145.0,9510.0,9615.0,9325.0,16586.0
2024.11.26,9470.0,-15.0,9555.0,9645.0,9445.0,31106.0
2024.11.25,9485.0,-275.0,9685.0,9685.0,9430.0,30254.0
2024.11.22,9760.0,-215.0,10015.0,10025.0,9745.0,15010.0
2024.11.21,9975.0,65.0,9990.0,10055.0,9935.0,12589.0
2024.11.20,9910.0,40.0,9990.0,9990.0,9815.0,14846.0
2024.11.19,9870.0,255.0,9685.0,9870.0,9540.0,37622.0
2024.11.18,9615.0,-345.0,10000.0,10000.0,9575.0,41181.0
2024.11.15,9960.0,-360.0,10355.0,10375.0,9960.0,26971.0
2024.11.14,10320.0,-400.0,10720.0,10720.0,10320.0,42046.0
2024.11.13,10720.0,180.0,10470.0,10815.0,10440.0,61487.0
2024.11.12,10540.0,-25.0,10695.0,10850.0,10540.0,69986.0
2024.11.11,10565.0,245.0,9930.0,10580.0,9810.0,245443.0
2024.11.08,10320.0,-20.0,10650.0,10700.0,10320.0,85386.0
2024.11.07,10340.0,155.0,10045.0,10420.0,9820.0,90966.0
2024.11.06,10185.0,30.0,10155.0,10505.0,10140.0,92386.0
2024.11.05,10155.0,590.0,9625.0,10180.0,9400.0,72773.0
2024.11.04,9565.0,25.0,9510.0,9605.0,9395.0,20818.0
2024.11.01,9540.0,-115.0,9600.0,9675.0,9430.0,11182.0
2024.10.31,9655.0,150.0,9495.0,9670.0,9470.0,33306.0
2024.10.30,9505.0,-205.0,9705.0,9705.0,9430.0,47693.0
2024.10.29,9710.0,-185.0,9975.0,9975.0,9655.0,61022.0
2024.10.28,9895.0,-40.0,9940.0,10045.0,9800.0,24845.0
2024.10.25,9935.0,260.0,9755.0,10150.0,9500.0,59361.0
2024.10.24,9675.0,-145.0,9815.0,9815.0,9610.0,28309.0
2024.10.23,9820.0,-20.0,10150.0,10150.0,9540.0,51841.0
2024.10.22,9840.0,85.0,9900.0,9930.0,9645.0,150963.0
2024.10.21,9755.0,-90.0,9735.0,10165.0,9600.0,120293.0
2024.10.18,9845.0,860.0,8830.0,9845.0,8770.0,149642.0
2024.10.17,8985.0,60.0,9025.0,9300.0,8885.0,64399.0
2024.10.16,8925.0,-315.0,9210.0,9210.0,8800.0,115136.0
2024.10.15,9240.0,-135.0,9500.0,9580.0,9240.0,69798.0
2024.10.14,9375.0,230.0,9010.0,9585.0,9000.0,127075.0
2024.10.11,9145.0,-690.0,9865.0,9895.0,9105.0,135071.0
2024.10.10,9835.0,-965.0,9905.0,10240.0,9620.0,394753.0
2024.10.08,10800.0,-1885.0,12860.0,14515.0,10120.0,716783.0
2024.10.07,12685.0,2020.0,10770.0,12685.0,10755.0,410791.0
2024.10.04,10665.0,540.0,9635.0,11035.0,9635.0,142786.0
2024.10.02,10125.0,920.0,9205.0,10150.0,9205.0,179011.0
2024.09.30,9205.0,1160.0,8365.0,9335.0,8020.0,122140.0
2024.09.27,8045.0,640.0,7570.0,8300.0,7445.0,89574.0
2024.09.26,7405.0,260.0,7145.0,7405.0,7120.0,9773.0
2024.09.25,7145.0,230.0,6950.0,7385.0,6950.0,29718.0
2024.09.24,6915.0,295.0,6650.0,6945.0,6605.0,33615.0
2024.09.23,6620.0,-30.0,6655.0,6695.0,6620.0,2642.0
2024.09.20,6650.0,-35.0,6690.0,6690.0,6605.0,2501.0
2024.09.19,6685.0,120.0,6595.0,6695.0,6570.0,3536.0
2024.09.13,6565.0,-120.0,6740.0,6740.0,6565.0,1626.0
2024.09.12,6685.0,40.0,6745.0,6750.0,6660.0,482.0
2024.09.11,6645.0,-30.0,6705.0,6705.0,6625.0,2334.0
2024.09.10,6675.0,85.0,6680.0,6680.0,6605.0,3163.0
2024.09.09,6590.0,-65.0,6530.0,6670.0,6480.0,1343.0
2024.09.06,6655.0,-25.0,6775.0,6775.0,6610.0,552.0
2024.09.05,6680.0,5.0,6675.0,6690.0,6655.0,1340.0
2024.09.04,6675.0,-60.0,6755.0,6755.0,6610.0,4974.0
2024.09.03,6735.0,80.0,6670.0,6755.0,6630.0,5797.0
2024.09.02,6655.0,-215.0,6870.0,6870.0,6650.0,7936.0
2024.08.30,6870.0,205.0,6725.0,6890.0,6630.0,3396.0
2024.08.29,6665.0,110.0,6540.0,6665.0,6530.0,2778.0
2024.08.28,6555.0,35.0,6525.0,6580.0,6505.0,49639.0
2024.08.27,6520.0,-70.0,6670.0,6670.0,6475.0,5599.0
2024.08.26,6590.0,-55.0,6645.0,6645.0,6515.0,8863.0
2024.08.23,6645.0,5.0,6685.0,6685.0,6605.0,3876.0
2024.08.22,6640.0,-40.0,6725.0,6725.0,6580.0,7426.0
2024.08.21,6680.0,-20.0,6725.0,6725.0,6595.0,7010.0
2024.08.20,6700.0,-145.0,6915.0,6915.0,6650.0,6385.0
2024.08.19,6845.0,-55.0,6960.0,6960.0,6755.0,3830.0
2024.08.16,6900.0,-40.0,7010.0,7010.0,6890.0,1786.0
2024.08.14,6940.0,-70.0,7080.0,7080.0,6885.0,5848.0
2024.08.13,7010.0,40.0,6960.0,7010.0,6955.0,1031.0
2024.08.12,6970.0,-50.0,7010.0,7010.0,6960.0,7052.0
2024.08.09,7020.0,-100.0,7155.0,7155.0,7000.0,8591.0
2024.08.08,7120.0,-5.0,7120.0,7120.0,7020.0,1636.0
2024.08.07,7125.0,-50.0,7210.0,7210.0,7095.0,4483.0
2024.08.06,7175.0,125.0,7050.0,7210.0,7040.0,6073.0
2024.08.05,7050.0,-85.0,7135.0,7170.0,6965.0,15469.0
2024.08.02,7135.0,-100.0,7250.0,7250.0,7100.0,4070.0
2024.08.01,7235.0,-110.0,7440.0,7440.0,7225.0,2468.0
2024.07.31,7345.0,155.0,7190.0,7360.0,7160.0,3308.0
2024.07.30,7190.0,40.0,7200.0,7215.0,7110.0,1258.0
2024.07.29,7150.0,-105.0,7315.0,7315.0,7145.0,61680.0
2024.07.26,7255.0,65.0,7280.0,7325.0,7230.0,2078.0
2024.07.25,7190.0,-85.0,7340.0,7340.0,7165.0,4003.0
2024.07.24,7275.0,-65.0,7390.0,7390.0,7265.0,3463.0
2024.07.23,7340.0,-90.0,7440.0,7520.0,7340.0,2057.0
2024.07.22,7430.0,-45.0,7510.0,7530.0,7395.0,7477.0
2024.07.19,7475.0,25.0,7495.0,7540.0,7450.0,3319.0
2024.07.18,7450.0,45.0,7410.0,7450.0,7300.0,5240.0
2024.07.17,7405.0,55.0,7355.0,7410.0,7345.0,4439.0
2024.07.16,7350.0,70.0,7340.0,7350.0,7235.0,5726.0
2024.07.15,7280.0,-90.0,7375.0,7375.0,7235.0,10830.0
2024.07.12,7370.0,0.0,7375.0,7375.0,7285.0,3090.0
2024.07.11,7370.0,135.0,7290.0,7370.0,7235.0,7066.0
2024.07.10,7235.0,60.0,7195.0,7235.0,7155.0,15370.0
2024.07.09,7175.0,105.0,7045.0,7185.0,7045.0,24729.0
2024.07.08,7070.0,-95.0,7165.0,7230.0,7060.0,7394.0
2024.07.05,7165.0,-15.0,7255.0,7255.0,7080.0,5056.0
2024.07.04,7180.0,-160.0,7450.0,7450.0,7170.0,3064.0
2024.07.03,7340.0,95.0,7290.0,7340.0,7240.0,2083.0
2024.07.02,7245.0,-5.0,7245.0,7380.0,7180.0,6512.0
2024.07.01,7250.0,-140.0,7390.0,7400.0,7205.0,4463.0
2024.06.28,7390.0,-20.0,7420.0,7445.0,7380.0,3824.0
2024.06.27,7410.0,-125.0,7580.0,7580.0,7380.0,4436.0
2024.06.26,7535.0,105.0,7525.0,7535.0,7400.0,34391.0
2024.06.25,7430.0,-130.0,7545.0,7545.0,7345.0,18182.0
2024.06.24,7560.0,-110.0,7670.0,7670.0,7380.0,24245.0
2024.06.21,7670.0,5.0,7740.0,7740.0,7560.0,17115.0
2024.06.20,7665.0,-120.0,7790.0,7805.0,7665.0,8274.0
2024.06.19,7785.0,-60.0,7870.0,7870.0,7745.0,17715.0
2024.06.18,7845.0,15.0,7845.0,7845.0,7780.0,20191.0
2024.06.17,7830.0,35.0,7765.0,7830.0,7715.0,31541.0
2024.06.14,7795.0,130.0,7720.0,7815.0,7550.0,79937.0
2024.06.13,7665.0,-95.0,7780.0,7780.0,7655.0,9160.0
2024.06.12,7760.0,-15.0,7780.0,7780.0,7755.0,778.0
2024.06.11,7775.0,25.0,7775.0,7775.0,7730.0,2332.0
2024.06.10,7750.0,25.0,7725.0,7805.0,7685.0,4748.0
2024.06.07,7725.0,-305.0,8160.0,8160.0,7710.0,8169.0
2024.06.05,8030.0,60.0,8135.0,8135.0,8000.0,2487.0
2024.06.04,7970.0,60.0,7990.0,7990.0,7870.0,5665.0
2024.06.03,7910.0,-50.0,8075.0,8075.0,7780.0,8647.0
2024.05.31,7960.0,80.0,7925.0,8030.0,7860.0,3295.0
2024.05.30,7880.0,-80.0,8190.0,8190.0,7880.0,5239.0
2024.05.29,7960.0,95.0,7920.0,7990.0,7785.0,10979.0
2024.05.28,7865.0,-80.0,7890.0,7945.0,7865.0,4547.0
2024.05.27,7945.0,-90.0,7985.0,7985.0,7835.0,4551.0
2024.05.24,8035.0,-45.0,8075.0,8085.0,8035.0,1733.0
2024.05.23,8080.0,-40.0,8145.0,8200.0,8070.0,3251.0
2024.05.22,8120.0,0.0,8355.0,8355.0,8010.0,2174.0
2024.05.21,8120.0,5.0,8175.0,8175.0,8110.0,1742.0
2024.05.20,8115.0,75.0,8000.0,8135.0,8000.0,4202.0
2024.05.17,8040.0,-15.0,8020.0,8070.0,7925.0,3127.0
2024.05.16,8055.0,-120.0,8180.0,8180.0,8035.0,2367.0
2024.05.14,8175.0,0.0,8175.0,8180.0,8130.0,5039.0
2024.05.13,8175.0,-115.0,8295.0,8295.0,8100.0,5134.0
2024.05.10,8290.0,30.0,8265.0,8575.0,7980.0,8561.0
2024.05.09,8260.0,110.0,8155.0,8260.0,8150.0,6377.0
2024.05.08,8150.0,-105.0,8375.0,8395.0,8150.0,3063.0
2024.05.07,8255.0,-25.0,8285.0,8285.0,8250.0,6390.0
2024.05.03,8280.0,40.0,8235.0,8315.0,8235.0,10322.0
2024.05.02,8240.0,5.0,8195.0,8245.0,8195.0,4610.0
2024.04.30,8235.0,-5.0,8240.0,8270.0,8130.0,4122.0
2024.04.29,8240.0,240.0,8005.0,8245.0,7950.0,12272.0
2024.04.26,8000.0,270.0,7730.0,8015.0,7730.0,25308.0
2024.04.25,7730.0,0.0,7765.0,7770.0,7710.0,3348.0
2024.04.24,7730.0,30.0,7700.0,7735.0,7660.0,5173.0
2024.04.23,7700.0,-85.0,7770.0,7770.0,7695.0,1988.0
2024.04.22,7785.0,35.0,7670.0,7795.0,7670.0,6423.0
2024.04.19,7750.0,-120.0,7875.0,7885.0,7665.0,3364.0
2024.04.18,7870.0,-80.0,7955.0,7965.0,7850.0,2258.0
2024.04.17,7950.0,50.0,7900.0,7965.0,7780.0,4539.0
2024.04.16,7900.0,40.0,7865.0,7915.0,7800.0,6502.0
2024.04.15,7860.0,80.0,7750.0,7895.0,7700.0,5061.0
2024.04.12,7780.0,-30.0,7880.0,7880.0,7695.0,2721.0
2024.04.11,7810.0,-40.0,7755.0,7825.0,7670.0,4637.0
2024.04.09,7850.0,-50.0,7820.0,7870.0,7785.0,5293.0
2024.04.08,7900.0,-35.0,8005.0,8005.0,7875.0,918.0
2024.04.05,7935.0,-40.0,7975.0,7980.0,7910.0,2000.0
2024.04.04,7975.0,-25.0,8040.0,8040.0,7970.0,1746.0
2024.04.03,8000.0,-145.0,8265.0,8265.0,7995.0,3732.0
2024.04.02,8145.0,105.0,8015.0,8145.0,8015.0,12643.0
2024.04.01,8040.0,195.0,7845.0,8040.0,7835.0,7031.0
2024.03.29,7845.0,25.0,7775.0,7875.0,7775.0,3343.0
2024.03.28,7820.0,-90.0,7880.0,7880.0,7750.0,4943.0
2024.03.27,7910.0,-40.0,7910.0,7955.0,7815.0,29848.0
2024.03.26,7950.0,-100.0,7930.0,8050.0,7900.0,9809.0
2024.03.25,8050.0,-110.0,8090.0,8165.0,7800.0,9758.0
2024.03.22,8160.0,10.0,8120.0,8160.0,7955.0,14555.0
2024.03.21,8150.0,-130.0,8285.0,8285.0,8100.0,7429.0
2024.03.20,8280.0,5.0,8240.0,8330.0,8205.0,9027.0
2024.03.19,8275.0,25.0,8200.0,8340.0,8200.0,9129.0
2024.03.18,8250.0,245.0,8010.0,8295.0,8010.0,21659.0
2024.03.15,8005.0,-35.0,7960.0,8040.0,7930.0,4742.0
2024.03.14,8040.0,-90.0,8090.0,8115.0,7930.0,8712.0
2024.03.13,8130.0,85.0,8050.0,8135.0,8010.0,8132.0
2024.03.12,8045.0,55.0,7985.0,8100.0,7985.0,14885.0
2024.03.11,7990.0,385.0,7600.0,7990.0,7575.0,14452.0
2024.03.08,7605.0,-60.0,7610.0,7670.0,7545.0,5219.0
2024.03.07,7665.0,-180.0,7820.0,7850.0,7665.0,6007.0
2024.03.06,7845.0,-95.0,7890.0,7960.0,7800.0,5686.0
2024.03.05,7940.0,60.0,7880.0,7995.0,7810.0,8496.0
2024.03.04,7880.0,180.0,7680.0,7880.0,7680.0,14093.0
2024.02.29,7700.0,55.0,7495.0,7810.0,7495.0,8435.0
2024.02.28,7645.0,10.0,7640.0,7860.0,7610.0,16849.0
2024.02.27,7635.0,95.0,7540.0,7635.0,7435.0,114816.0
2024.02.26,7540.0,10.0,7485.0,7555.0,7485.0,10135.0
2024.02.23,7530.0,-40.0,7570.0,7570.0,7505.0,4780.0
2024.02.22,7570.0,-80.0,7615.0,7620.0,7540.0,6494.0
2024.02.21,7650.0,155.0,7450.0,7690.0,7450.0,6681.0
2024.02.20,7495.0,30.0,7480.0,7620.0,7435.0,8488.0
2024.02.19,7465.0,-50.0,7475.0,7480.0,7350.0,5196.0
2024.02.16,7515.0,160.0,7360.0,7515.0,7315.0,5271.0
2024.02.15,7355.0,-120.0,7495.0,7495.0,7355.0,2749.0
2024.02.14,7475.0,90.0,7385.0,7540.0,7320.0,8584.0
2024.02.13,7385.0,-75.0,7460.0,7460.0,7290.0,10478.0
2024.02.08,7460.0,185.0,7275.0,7545.0,7275.0,12573.0
2024.02.07,7275.0,170.0,7105.0,7280.0,7060.0,15253.0
2024.02.06,7105.0,380.0,6760.0,7105.0,6655.0,8622.0
2024.02.05,6725.0,130.0,6560.0,6770.0,6240.0,12358.0
2024.02.02,6595.0,-265.0,6865.0,6865.0,6540.0,11435.0
2024.02.01,6860.0,65.0,6670.0,6900.0,6670.0,7894.0
2024.01.31,6795.0,-115.0,6805.0,6905.0,6765.0,6089.0
2024.01.30,6910.0,-210.0,7120.0,7120.0,6900.0,8826.0
2024.01.29,7120.0,-235.0,7335.0,7340.0,7120.0,11079.0
2024.01.26,7355.0,-145.0,7530.0,7530.0,7330.0,8985.0
2024.01.25,7500.0,265.0,7285.0,7500.0,7235.0,28947.0
2024.01.24,7235.0,0.0,7240.0,7295.0,7165.0,7494.0
2024.01.23,7235.0,-25.0,7320.0,7320.0,6900.0,16421.0
2024.01.22,7260.0,-120.0,7435.0,7435.0,7260.0,1600.0
2024.01.19,7380.0,95.0,7325.0,7400.0,7305.0,7892.0
2024.01.18,7285.0,-145.0,7410.0,7410.0,7260.0,4906.0
2024.01.17,7430.0,20.0,7410.0,7475.0,7375.0,4309.0
2024.01.16,7410.0,10.0,7405.0,7440.0,7345.0,8734.0
2024.01.15,7400.0,-45.0,7480.0,7480.0,7330.0,13665.0
2024.01.12,7445.0,-55.0,7500.0,7515.0,7440.0,11656.0
2024.01.11,7500.0,25.0,7505.0,7520.0,7400.0,8074.0
2024.01.10,7475.0,35.0,7475.0,7540.0,7395.0,19043.0
2024.01.09,7440.0,-90.0,7490.0,7500.0,7415.0,5907.0
2024.01.08,7530.0,-75.0,7655.0,7655.0,7525.0,10618.0
2024.01.05,7605.0,-15.0,7690.0,7690.0,7565.0,4498.0
2024.01.04,7620.0,-200.0,7875.0,7875.0,7620.0,6744.0
2024.01.03,7820.0,-60.0,7890.0,7890.0,7780.0,4528.0
2024.01.02,7880.0,-20.0,7900.0,7910.0,7820.0,10037.0
2023.12.28,7900.0,275.0,7690.0,7900.0,7590.0,10092.0
2023.12.27,7625.0,-45.0,7745.0,7745.0,7605.0,2054.0
2023.12.26,7670.0,-65.0,7785.0,7785.0,7585.0,41342.0
2023.12.22,7735.0,-20.0,7875.0,7875.0,7675.0,2857.0
2023.12.21,7755.0,25.0,7730.0,7755.0,7675.0,6691.0
2023.12.20,7730.0,-40.0,7770.0,7830.0,7720.0,6135.0
2023.12.19,7770.0,-140.0,7845.0,7850.0,7770.0,2877.0
2023.12.18,7910.0,0.0,8000.0,8000.0,7890.0,2270.0
2023.12.15,7910.0,-35.0,8025.0,8025.0,7905.0,2729.0
2023.12.14,7945.0,-55.0,8000.0,8000.0,7885.0,4463.0
2023.12.13,8000.0,-155.0,8150.0,8150.0,7920.0,1892.0
2023.12.12,8155.0,0.0,8160.0,8295.0,8155.0,1990.0
2023.12.11,8155.0,135.0,8010.0,8155.0,7930.0,7010.0
2023.12.08,8020.0,-40.0,7985.0,8065.0,7980.0,817.0
2023.12.07,8060.0,75.0,8005.0,8065.0,7890.0,6736.0
2023.12.06,7985.0,30.0,7875.0,8015.0,7865.0,4175.0
2023.12.05,7955.0,-170.0,8075.0,8135.0,7845.0,2478.0
2023.12.04,8125.0,-15.0,8140.0,8150.0,8090.0,2987.0
2023.12.01,8140.0,20.0,8010.0,8140.0,8010.0,2284.0
2023.11.30,8120.0,0.0,8130.0,8135.0,8070.0,3965.0
2023.11.29,8120.0,-5.0,8180.0,8180.0,8025.0,7040.0
2023.11.28,8125.0,-90.0,8220.0,8220.0,8100.0,25538.0
2023.11.27,8215.0,5.0,8275.0,8275.0,8120.0,2679.0
2023.11.24,8210.0,-35.0,8255.0,8260.0,8210.0,1381.0
2023.11.23,8245.0,-20.0,8290.0,8290.0,8205.0,2829.0
2023.11.22,8265.0,-50.0,8320.0,8320.0,8235.0,1413.0
2023.11.21,8315.0,105.0,8245.0,8345.0,8205.0,3187.0
2023.11.20,8210.0,110.0,8200.0,8250.0,8140.0,4740.0
2023.11.17,8100.0,-190.0,8275.0,8300.0,8100.0,2095.0
2023.11.16,8290.0,-110.0,8475.0,8475.0,8290.0,1553.0
2023.11.15,8400.0,-70.0,8450.0,8450.0,8315.0,6444.0
2023.11.14,8470.0,35.0,8455.0,8495.0,8400.0,1254.0
2023.11.13,8435.0,0.0,8510.0,8510.0,8435.0,311.0
2023.11.10,8435.0,45.0,8425.0,8445.0,8405.0,1040.0
2023.11.09,8390.0,-35.0,8455.0,8470.0,8390.0,395.0
2023.11.08,8425.0,-40.0,8510.0,8510.0,8325.0,622.0
2023.11.07,8465.0,-20.0,8485.0,8500.0,8330.0,7069.0
2023.11.06,8485.0,240.0,8210.0,8485.0,8210.0,7788.0
2023.11.03,8245.0,-105.0,8330.0,8345.0,8150.0,3848.0
2023.11.02,8350.0,-25.0,8460.0,8460.0,8345.0,935.0
2023.11.01,8375.0,-130.0,8570.0,8570.0,8365.0,2088.0
2023.10.31,8505.0,15.0,8405.0,8525.0,8385.0,4595.0
2023.10.30,8490.0,245.0,8125.0,8490.0,8125.0,7892.0
2023.10.27,8245.0,245.0,8000.0,8280.0,8000.0,53349.0
2023.10.26,8000.0,-85.0,8000.0,8000.0,7945.0,4331.0
2023.10.25,8085.0,55.0,8025.0,8175.0,8025.0,4578.0
2023.10.24,8030.0,-30.0,8045.0,8045.0,7890.0,7761.0
2023.10.23,8060.0,-100.0,8160.0,8160.0,8055.0,1417.0
2023.10.20,8160.0,-65.0,8200.0,8300.0,8070.0,6902.0
2023.10.19,8225.0,-170.0,8435.0,8435.0,8225.0,3365.0
2023.10.18,8395.0,-65.0,8385.0,8535.0,8275.0,3215.0
2023.10.17,8460.0,10.0,8415.0,8490.0,8415.0,1272.0
2023.10.16,8450.0,-130.0,8875.0,8875.0,8445.0,5306.0
2023.10.13,8580.0,-95.0,8735.0,8735.0,8515.0,2588.0
2023.10.12,8675.0,140.0,8470.0,8675.0,8470.0,5364.0
2023.10.11,8535.0,-125.0,8560.0,8695.0,8500.0,2584.0
2023.10.10,8660.0,40.0,8685.0,8690.0,7845.0,13269.0
2023.10.06,8620.0,-50.0,8585.0,8680.0,8550.0,736.0
2023.10.05,8670.0,-10.0,8715.0,8715.0,8620.0,326.0
2023.10.04,8680.0,-45.0,8780.0,8780.0,8550.0,3407.0
2023.09.27,8725.0,105.0,8530.0,8760.0,8530.0,1194.0
2023.09.26,8620.0,25.0,8555.0,8620.0,8555.0,2684.0
2023.09.25,8595.0,-50.0,8660.0,8660.0,8545.0,1005.0
2023.09.22,8645.0,250.0,8140.0,8645.0,8140.0,116251.0
2023.09.21,8395.0,-70.0,8410.0,8480.0,8375.0,7971.0
2023.09.20,8465.0,0.0,8500.0,8500.0,8375.0,13309.0
2023.09.19,8465.0,-65.0,8590.0,8590.0,8390.0,16554.0
2023.09.18,8530.0,-60.0,8625.0,8625.0,8490.0,6399.0
2023.09.15,8590.0,-35.0,8600.0,8630.0,8530.0,3447.0
2023.09.14,8625.0,-65.0,8625.0,8725.0,8590.0,8085.0
2023.09.13,8690.0,-105.0,8710.0,8720.0,8640.0,1914.0
2023.09.12,8795.0,-80.0,8840.0,8855.0,8775.0,10465.0
2023.09.11,8875.0,155.0,8780.0,8880.0,8655.0,10313.0
2023.09.08,8720.0,-50.0,8665.0,8790.0,8665.0,47131.0
2023.09.07,8770.0,-100.0,8820.0,8930.0,8740.0,1858.0
2023.09.06,8870.0,-55.0,8840.0,8970.0,8840.0,7751.0
2023.09.05,8925.0,-15.0,8860.0,8965.0,8860.0,9142.0
2023.09.04,8940.0,85.0,8985.0,8985.0,8855.0,3111.0
2023.09.01,8855.0,-50.0,8880.0,8940.0,8855.0,2441.0
2023.08.31,8905.0,-50.0,8940.0,8990.0,8870.0,2075.0
2023.08.30,8955.0,-30.0,8905.0,9075.0,8905.0,5031.0
2023.08.29,8985.0,225.0,8715.0,9120.0,8715.0,6213.0
2023.08.28,8760.0,55.0,8705.0,9145.0,8705.0,39297.0
2023.08.25,8705.0,-175.0,8815.0,8880.0,8705.0,3746.0
2023.08.24,8880.0,-20.0,8800.0,8890.0,8735.0,7519.0
2023.08.23,8900.0,-175.0,8980.0,9055.0,8705.0,72035.0
2023.08.22,9075.0,-15.0,9000.0,9075.0,8870.0,19899.0
2023.08.21,9090.0,-140.0,9005.0,9165.0,8520.0,9249.0
2023.08.18,9230.0,65.0,9050.0,9260.0,9050.0,11218.0
2023.08.17,9165.0,-30.0,9110.0,9190.0,9050.0,19800.0
2023.08.16,9195.0,-105.0,9110.0,9265.0,9110.0,7472.0
2023.08.14,9300.0,-205.0,9505.0,9505.0,9260.0,8911.0
2023.08.11,9505.0,-145.0,9560.0,9665.0,9505.0,1835.0
2023.08.10,9650.0,50.0,9520.0,9650.0,9515.0,9902.0
2023.08.09,9600.0,-20.0,9530.0,9650.0,9530.0,21464.0
2023.08.08,9620.0,45.0,9490.0,9675.0,9490.0,24330.0
2023.08.07,9575.0,-165.0,9710.0,9710.0,9515.0,2925.0
2023.08.04,9740.0,250.0,9525.0,9800.0,9495.0,20668.0
2023.08.03,9490.0,145.0,9330.0,9490.0,9295.0,45316.0
2023.08.02,9345.0,95.0,9235.0,9415.0,9230.0,12842.0
2023.08.01,9250.0,-40.0,9290.0,9370.0,9250.0,6521.0
2023.07.31,9290.0,90.0,9275.0,9365.0,9170.0,11355.0
2023.07.28,9200.0,50.0,9150.0,9200.0,9030.0,3941.0
2023.07.27,9150.0,-20.0,9120.0,9195.0,9080.0,5294.0
2023.07.26,9170.0,65.0,9105.0,9190.0,9055.0,17369.0
2023.07.25,9105.0,215.0,8855.0,9110.0,8855.0,28554.0
2023.07.24,8890.0,-130.0,9020.0,9040.0,8520.0,17529.0
2023.07.21,9020.0,90.0,8930.0,9045.0,8875.0,6966.0
2023.07.20,8930.0,5.0,8920.0,9000.0,8840.0,20183.0
2023.07.19,8925.0,-145.0,9070.0,9070.0,8860.0,8903.0
2023.07.18,9070.0,-70.0,9090.0,9135.0,9015.0,6410.0
2023.07.17,9140.0,-160.0,9300.0,9300.0,9135.0,2571.0
2023.07.14,9300.0,-45.0,9280.0,9365.0,9175.0,10980.0
2023.07.13,9345.0,20.0,9240.0,9365.0,9235.0,3954.0
2023.07.12,9325.0,25.0,9295.0,9385.0,9175.0,9477.0
2023.07.11,9300.0,-50.0,9260.0,9340.0,9250.0,4991.0
2023.07.10,9350.0,50.0,9305.0,9350.0,9200.0,5998.0
2023.07.07,9300.0,55.0,9250.0,9305.0,9220.0,8658.0
2023.07.06,9245.0,-130.0,9305.0,9375.0,9220.0,2570.0
2023.07.05,9375.0,-40.0,9360.0,9400.0,9315.0,2225.0
2023.07.04,9415.0,-50.0,9365.0,9470.0,9300.0,6832.0
2023.07.03,9465.0,45.0,9420.0,9550.0,9410.0,5570.0
2023.06.30,9420.0,140.0,9220.0,9460.0,9220.0,7850.0
2023.06.29,9280.0,-50.0,9270.0,9300.0,9230.0,2628.0
2023.06.28,9330.0,25.0,9310.0,9340.0,9205.0,9218.0
2023.06.27,9305.0,65.0,9245.0,9305.0,9195.0,16603.0
2023.06.26,9240.0,0.0,9230.0,9310.0,9230.0,4821.0
2023.06.23,9240.0,-70.0,9320.0,9320.0,9225.0,9532.0
2023.06.22,9310.0,-25.0,9370.0,9370.0,9235.0,7944.0
2023.06.21,9335.0,-230.0,9545.0,9630.0,9320.0,13649.0
2023.06.20,9565.0,-5.0,9485.0,9605.0,9480.0,4555.0
2023.06.19,9570.0,30.0,9640.0,9660.0,9515.0,5099.0
2023.06.16,9540.0,200.0,9370.0,9540.0,9370.0,9025.0
2023.06.15,9340.0,290.0,9050.0,9350.0,9015.0,10807.0
2023.06.14,9050.0,5.0,9040.0,9070.0,9000.0,2027.0
2023.06.13,9045.0,-105.0,9090.0,9170.0,9025.0,7088.0
2023.06.12,9150.0,20.0,9190.0,9190.0,9135.0,6834.0
2023.06.09,9130.0,-80.0,9290.0,9290.0,9130.0,3206.0
2023.06.08,9210.0,-30.0,9395.0,9395.0,9190.0,4060.0
2023.06.07,9240.0,-275.0,9690.0,9690.0,9210.0,10857.0
2023.06.05,9515.0,-220.0,9780.0,9780.0,9515.0,7875.0
2023.06.02,9735.0,70.0,9640.0,9765.0,9520.0,3935.0
2023.06.01,9665.0,115.0,9635.0,9665.0,9545.0,4914.0
2023.05.31,9550.0,-170.0,9725.0,9795.0,9495.0,11540.0
2023.05.30,9720.0,-145.0,9850.0,9850.0,9550.0,9829.0
2023.05.26,9865.0,-50.0,10050.0,10050.0,9810.0,4287.0
2023.05.25,9915.0,25.0,9835.0,9925.0,9810.0,4160.0
2023.05.24,9890.0,0.0,9890.0,9940.0,9820.0,4201.0
2023.05.23,9890.0,-150.0,10020.0,10020.0,9890.0,6144.0
2023.05.22,10040.0,-75.0,10115.0,10115.0,10000.0,3478.0
2023.05.19,10115.0,-120.0,10180.0,10180.0,10045.0,8711.0
2023.05.18,10235.0,-95.0,10320.0,10320.0,10180.0,7808.0
2023.05.17,10330.0,-40.0,10265.0,10390.0,10245.0,916.0
2023.05.16,10370.0,20.0,10350.0,10380.0,10285.0,6387.0
2023.05.15,10350.0,95.0,10280.0,10350.0,10125.0,4149.0
2023.05.12,10255.0,-40.0,10200.0,10300.0,10180.0,10806.0
2023.05.11,10295.0,95.0,10110.0,10295.0,10110.0,1168.0
2023.05.10,10200.0,15.0,10135.0,10200.0,10035.0,4460.0
2023.05.09,10185.0,-20.0,10205.0,10225.0,10130.0,6479.0
2023.05.08,10205.0,-105.0,10310.0,10310.0,10115.0,13171.0
2023.05.04,10310.0,-215.0,10525.0,10525.0,10280.0,6117.0
2023.05.03,10525.0,-25.0,10550.0,10550.0,10350.0,10841.0
2023.05.02,10550.0,20.0,10405.0,10585.0,10405.0,15448.0
2023.04.28,10530.0,80.0,10680.0,10680.0,10450.0,1828.0
2023.04.27,10450.0,-50.0,10675.0,10675.0,10330.0,6859.0
2023.04.26,10500.0,220.0,10520.0,10520.0,10205.0,36828.0
2023.04.25,10280.0,-55.0,10380.0,10440.0,10190.0,47387.0
2023.04.24,10335.0,-355.0,10690.0,10690.0,10335.0,4531.0
2023.04.21,10690.0,-125.0,10925.0,10925.0,10690.0,3451.0
2023.04.20,10815.0,-20.0,10935.0,10935.0,10755.0,7827.0
2023.04.19,10835.0,-125.0,10960.0,11015.0,10835.0,4035.0
2023.04.18,10960.0,50.0,11045.0,11045.0,10880.0,5692.0
2023.04.17,10910.0,90.0,10850.0,10910.0,10785.0,4482.0
2023.04.14,10820.0,-80.0,11175.0,11175.0,10785.0,3077.0
2023.04.13,10900.0,-150.0,11120.0,11120.0,10840.0,1219.0
2023.04.12,11050.0,35.0,11130.0,11130.0,10965.0,2122.0
2023.04.11,11015.0,-75.0,11100.0,11100.0,10985.0,3085.0
2023.04.10,11090.0,50.0,11040.0,11100.0,10935.0,8707.0
2023.04.07,11040.0,130.0,10915.0,11040.0,10880.0,16703.0
2023.04.06,10910.0,150.0,10790.0,10920.0,10790.0,5111.0
2023.04.05,10760.0,-160.0,11105.0,11105.0,10760.0,10850.0
2023.04.04,10920.0,-70.0,10990.0,10990.0,10850.0,3394.0
2023.04.03,10990.0,300.0,10690.0,10990.0,10690.0,12242.0
2023.03.31,10690.0,95.0,10700.0,10700.0,10040.0,5384.0
2023.03.30,10595.0,15.0,10550.0,10670.0,10510.0,2391.0
2023.03.29,10580.0,-20.0,10580.0,10650.0,10520.0,21157.0
2023.03.28,10600.0,-190.0,10790.0,10790.0,10570.0,1950.0
2023.03.27,10790.0,295.0,10600.0,10790.0,10515.0,6404.0
2023.03.24,10495.0,10.0,10575.0,10575.0,10415.0,3758.0
2023.03.23,10485.0,-15.0,10590.0,10590.0,10300.0,6210.0
2023.03.22,10500.0,60.0,10590.0,10590.0,10425.0,6447.0
2023.03.21,10440.0,105.0,10655.0,10655.0,10325.0,2025.0
2023.03.20,10335.0,30.0,10675.0,10675.0,10220.0,3616.0
2023.03.17,10305.0,-80.0,10670.0,10670.0,10225.0,21801.0
2023.03.16,10385.0,-130.0,10875.0,10875.0,10385.0,2470.0
2023.03.15,10515.0,-90.0,10605.0,10605.0,10415.0,7374.0
2023.03.14,10605.0,105.0,10760.0,10760.0,10420.0,3401.0
2023.03.13,10500.0,-235.0,10895.0,10895.0,10500.0,2831.0
2023.03.10,10735.0,110.0,10730.0,10735.0,10575.0,8391.0
2023.03.09,10625.0,-20.0,10955.0,10955.0,10610.0,3013.0
2023.03.08,10645.0,25.0,10975.0,10975.0,10575.0,3822.0
2023.03.07,10620.0,-145.0,10995.0,10995.0,10620.0,6389.0
2023.03.06,10765.0,-120.0,10885.0,10885.0,10680.0,6951.0
2023.03.03,10885.0,-80.0,11050.0,11050.0,10810.0,9472.0
2023.03.02,10965.0,25.0,11180.0,11180.0,10925.0,2250.0
2023.02.28,10940.0,75.0,11065.0,11065.0,10870.0,5410.0
2023.02.27,10865.0,30.0,11195.0,11195.0,10750.0,7694.0
2023.02.24,10835.0,-115.0,11080.0,11080.0,10835.0,26450.0
2023.02.23,10950.0,-25.0,11090.0,11090.0,10915.0,22268.0
2023.02.22,10975.0,-40.0,11095.0,11095.0,10965.0,8763.0
2023.02.21,11015.0,-70.0,11120.0,11120.0,10975.0,4540.0
2023.02.20,11085.0,75.0,11135.0,11135.0,10850.0,4390.0
2023.02.17,11010.0,-165.0,11175.0,11230.0,11010.0,9311.0
2023.02.16,11175.0,-135.0,11430.0,11430.0,10840.0,9240.0
2023.02.15,11310.0,60.0,11200.0,11370.0,11200.0,6798.0
2023.02.14,11250.0,-35.0,11410.0,11410.0,11250.0,5882.0
2023.02.13,11285.0,70.0,11375.0,11375.0,11150.0,9765.0
2023.02.10,11215.0,-105.0,11295.0,11330.0,11120.0,10372.0
2023.02.09,11320.0,175.0,11190.0,11320.0,11070.0,6115.0
2023.02.08,11145.0,40.0,11180.0,11180.0,11015.0,6737.0
2023.02.07,11105.0,-10.0,11190.0,11190.0,11085.0,4234.0
2023.02.06,11115.0,-25.0,11020.0,11245.0,11005.0,12853.0
2023.02.03,11140.0,-105.0,11245.0,11245.0,11020.0,14771.0
2023.02.02,11245.0,5.0,11240.0,11350.0,11170.0,9235.0
2023.02.01,11240.0,80.0,11275.0,11275.0,11070.0,11441.0
2023.01.31,11160.0,-50.0,11125.0,11350.0,11120.0,7491.0
2023.01.30,11210.0,-220.0,11495.0,11495.0,11210.0,11113.0
2023.01.27,11430.0,40.0,11440.0,11440.0,11370.0,22384.0
2023.01.26,11390.0,130.0,11300.0,11390.0,11215.0,14604.0
2023.01.25,11260.0,75.0,11200.0,11265.0,11155.0,30371.0
2023.01.20,11185.0,120.0,11190.0,11200.0,11100.0,10177.0
2023.01.19,11065.0,60.0,10970.0,11095.0,10970.0,2316.0
2023.01.18,11005.0,-65.0,11030.0,11065.0,10985.0,6376.0
2023.01.17,11070.0,-80.0,10985.0,11200.0,10800.0,7170.0
2023.01.16,11150.0,290.0,10955.0,11160.0,10905.0,27413.0
2023.01.13,10860.0,75.0,10720.0,10865.0,10720.0,9319.0
2023.01.12,10785.0,85.0,10730.0,10785.0,10700.0,2932.0
2023.01.11,10700.0,-75.0,10710.0,10790.0,10665.0,1385.0
2023.01.10,10775.0,135.0,10750.0,10775.0,10580.0,2870.0
2023.01.09,10640.0,55.0,10740.0,10740.0,10550.0,2516.0
2023.01.06,10585.0,135.0,10490.0,10620.0,10420.0,7142.0
2023.01.05,10450.0,155.0,10350.0,10450.0,10275.0,16695.0
2023.01.04,10295.0,-45.0,10445.0,10445.0,10195.0,1682.0
2023.01.03,10340.0,25.0,10460.0,10460.0,10145.0,4598.0
2023.01.02,10315.0,135.0,10285.0,10365.0,10200.0,1386.0
2022.12.29,10180.0,75.0,10115.0,10210.0,10000.0,4729.0
2022.12.28,10105.0,-130.0,9740.0,10235.0,9740.0,3288.0
2022.12.27,10235.0,80.0,9770.0,10245.0,9770.0,18069.0
2022.12.26,10155.0,265.0,9810.0,10175.0,9810.0,6427.0
2022.12.23,9890.0,-90.0,9980.0,10015.0,9890.0,6328.0
2022.12.22,9980.0,-80.0,10060.0,10165.0,9980.0,2318.0
2022.12.21,10060.0,-100.0,10050.0,10240.0,10015.0,4861.0
2022.12.20,10160.0,-220.0,10380.0,10380.0,10125.0,10505.0
2022.12.19,10380.0,-145.0,10525.0,10620.0,10350.0,5618.0
2022.12.16,10525.0,-95.0,10435.0,10620.0,10435.0,4875.0
2022.12.15,10620.0,160.0,10565.0,10620.0,10465.0,1704.0
2022.12.14,10460.0,-135.0,10595.0,10595.0,10460.0,3879.0
2022.12.13,10595.0,-80.0,10675.0,10675.0,10495.0,4994.0
2022.12.12,10675.0,-105.0,10780.0,10780.0,10295.0,5354.0
2022.12.09,10780.0,-20.0,10755.0,10855.0,10680.0,3965.0
2022.12.08,10800.0,45.0,10865.0,10865.0,10680.0,23165.0
2022.12.07,10755.0,75.0,10795.0,10820.0,10680.0,29067.0
2022.12.06,10680.0,290.0,10490.0,10700.0,10440.0,5019.0
2022.12.05,10390.0,-70.0,10535.0,10730.0,10390.0,19739.0
2022.12.02,10460.0,-5.0,10575.0,10575.0,10385.0,2164.0
2022.12.01,10465.0,310.0,10280.0,10505.0,10235.0,30002.0
2022.11.30,10155.0,-145.0,10300.0,10350.0,10125.0,8645.0
2022.11.29,10300.0,265.0,10055.0,10300.0,10055.0,11799.0
2022.11.28,10035.0,-195.0,10355.0,10355.0,10000.0,8679.0
2022.11.25,10230.0,-130.0,10450.0,10450.0,10180.0,4033.0
2022.11.24,10360.0,-190.0,10405.0,10500.0,10340.0,5447.0
2022.11.23,10550.0,-5.0,10450.0,10660.0,10400.0,2816.0
2022.11.22,10555.0,-255.0,10840.0,10840.0,10515.0,11701.0
2022.11.21,10810.0,195.0,10595.0,10810.0,10595.0,12952.0
2022.11.18,10615.0,55.0,10540.0,10735.0,10485.0,17550.0
2022.11.17,10560.0,-20.0,10555.0,10610.0,10375.0,19958.0
2022.11.16,10580.0,-50.0,10685.0,10725.0,10575.0,9729.0
2022.11.15,10630.0,165.0,10545.0,10665.0,10450.0,29863.0
2022.11.14,10465.0,-175.0,10635.0,10850.0,10440.0,70665.0
2022.11.11,10640.0,50.0,10700.0,10915.0,10550.0,29638.0
2022.11.10,10590.0,-135.0,10710.0,10710.0,10495.0,17534.0
2022.11.09,10725.0,-265.0,11000.0,11000.0,10545.0,95531.0
2022.11.08,10990.0,-245.0,11140.0,11210.0,10910.0,36399.0
2022.11.07,11235.0,-115.0,11350.0,11370.0,11220.0,3077.0
2022.11.04,11350.0,495.0,10950.0,11390.0,10875.0,27098.0
2022.11.03,10855.0,-185.0,11030.0,11030.0,10815.0,31509.0
2022.11.02,11040.0,390.0,10650.0,11040.0,10650.0,14581.0
2022.11.01,10650.0,140.0,10510.0,10650.0,10460.0,14100.0
2022.10.31,10510.0,10.0,10500.0,10635.0,10405.0,7571.0
2022.10.28,10500.0,-545.0,10765.0,10850.0,10500.0,4231.0
2022.10.27,11045.0,130.0,10905.0,11090.0,10905.0,22127.0
2022.10.26,10915.0,210.0,10675.0,11105.0,10675.0,23628.0
2022.10.25,10705.0,-110.0,11170.0,11170.0,10560.0,83879.0
2022.10.24,10815.0,-470.0,11315.0,11315.0,10805.0,62929.0
2022.10.21,11285.0,-40.0,11225.0,11365.0,11220.0,15370.0
2022.10.20,11325.0,-145.0,11355.0,11600.0,11215.0,154035.0
2022.10.19,11470.0,-145.0,11690.0,11690.0,11400.0,6664.0
2022.10.18,11615.0,-10.0,11660.0,11675.0,11505.0,96871.0
2022.10.17,11625.0,-25.0,11640.0,11640.0,11405.0,3201.0
2022.10.14,11650.0,530.0,11235.0,11650.0,11225.0,51902.0
2022.10.13,11120.0,5.0,10960.0,11300.0,10960.0,51626.0
2022.10.12,11115.0,215.0,10945.0,11115.0,10440.0,9283.0
2022.10.11,10900.0,-200.0,11200.0,11200.0,10495.0,19872.0
2022.10.07,11100.0,-220.0,11320.0,11320.0,11070.0,3286.0
2022.10.06,11320.0,-100.0,11425.0,11425.0,11115.0,7735.0
2022.10.05,11420.0,390.0,11145.0,11420.0,11065.0,33404.0
2022.10.04,11030.0,-40.0,11070.0,11070.0,10980.0,11936.0
2022.09.30,11070.0,-30.0,11100.0,11210.0,10980.0,14761.0
2022.09.29,11100.0,125.0,10980.0,11170.0,10980.0,5516.0
2022.09.28,10975.0,-195.0,11130.0,11220.0,10850.0,42117.0
2022.09.27,11170.0,-5.0,11115.0,11175.0,11050.0,3388.0
2022.09.26,11175.0,150.0,10935.0,11265.0,10750.0,9257.0
2022.09.23,11025.0,-45.0,10990.0,11145.0,10815.0,5206.0
2022.09.22,11070.0,-40.0,11000.0,11505.0,11000.0,3688.0
2022.09.21,11110.0,-110.0,11375.0,11375.0,11030.0,2242.0
2022.09.20,11220.0,0.0,11210.0,11335.0,11200.0,22607.0
2022.09.19,11220.0,160.0,11380.0,11380.0,11125.0,5594.0
2022.09.16,11060.0,-565.0,11630.0,11680.0,11060.0,3561.0
2022.09.15,11625.0,-325.0,12080.0,12080.0,11560.0,4406.0
2022.09.14,11950.0,-275.0,12370.0,12370.0,11945.0,5432.0
2022.09.13,12225.0,175.0,12110.0,12270.0,12110.0,34345.0
2022.09.08,12050.0,-235.0,12185.0,12190.0,12040.0,37631.0
2022.09.07,12285.0,285.0,11995.0,12285.0,11995.0,12974.0
2022.09.06,12000.0,55.0,11955.0,12000.0,11850.0,4160.0
2022.09.05,11945.0,-35.0,11970.0,11995.0,11930.0,2349.0
2022.09.02,11980.0,10.0,11915.0,12035.0,11845.0,39841.0
2022.09.01,11970.0,-30.0,12000.0,12065.0,11955.0,2674.0
2022.08.31,12000.0,-200.0,12290.0,12290.0,11935.0,19192.0
2022.08.30,12200.0,-135.0,12335.0,12340.0,12160.0,13057.0
2022.08.29,12335.0,-20.0,12355.0,12380.0,12240.0,9592.0
2022.08.26,12355.0,-40.0,12440.0,12530.0,12320.0,5542.0
2022.08.25,12395.0,-15.0,12490.0,12560.0,12335.0,19294.0
2022.08.24,12410.0,-620.0,13040.0,13105.0,12410.0,14142.0
2022.08.23,13030.0,-20.0,13050.0,13105.0,12805.0,24041.0
2022.08.22,13050.0,235.0,12805.0,13050.0,12740.0,8760.0
2022.08.19,12815.0,-100.0,12990.0,13000.0,12815.0,10538.0
2022.08.18,12915.0,70.0,12895.0,12980.0,12845.0,8623.0
2022.08.17,12845.0,265.0,12625.0,12845.0,12565.0,13417.0
2022.08.16,12580.0,0.0,12580.0,12630.0,12520.0,5765.0
2022.08.12,12580.0,-15.0,12625.0,12690.0,12575.0,3088.0
2022.08.11,12595.0,135.0,12440.0,12595.0,12400.0,4502.0
2022.08.10,12460.0,10.0,12430.0,12530.0,12375.0,3480.0
2022.08.09,12450.0,85.0,12435.0,12450.0,12365.0,4692.0
2022.08.08,12365.0,5.0,12360.0,12385.0,12240.0,3647.0
2022.08.05,12360.0,65.0,12320.0,12385.0,12270.0,5863.0
2022.08.04,12295.0,-140.0,12445.0,12445.0,12225.0,13856.0
2022.08.03,12435.0,-115.0,12550.0,12570.0,12400.0,2411.0
2022.08.02,12550.0,30.0,12520.0,12600.0,12305.0,5759.0
2022.08.01,12520.0,185.0,12445.0,12530.0,12335.0,17980.0
2022.07.29,12335.0,-265.0,12675.0,12675.0,12310.0,14846.0
2022.07.28,12600.0,-5.0,12700.0,12710.0,12600.0,5562.0
2022.07.27,12605.0,-50.0,12680.0,12715.0,12540.0,4167.0
2022.07.26,12655.0,55.0,12635.0,12700.0,12535.0,5187.0
2022.07.25,12600.0,-80.0,12690.0,12695.0,12520.0,5931.0
2022.07.22,12680.0,-90.0,12785.0,12900.0,12575.0,12037.0
2022.07.21,12770.0,-195.0,12965.0,12965.0,12500.0,14001.0
2022.07.20,12965.0,155.0,12730.0,12970.0,12720.0,7037.0
2022.07.19,12810.0,-375.0,13135.0,13135.0,12790.0,1968.0
2022.07.18,13185.0,35.0,13175.0,13190.0,12560.0,17557.0
2022.07.15,13150.0,-40.0,13215.0,13285.0,13115.0,8235.0
2022.07.14,13190.0,350.0,12850.0,13265.0,12830.0,6465.0
2022.07.13,12840.0,110.0,12650.0,12860.0,12560.0,6711.0
2022.07.12,12730.0,-75.0,12795.0,12985.0,12555.0,24112.0
2022.07.11,12805.0,-455.0,13260.0,13260.0,12760.0,16093.0
2022.07.08,13260.0,-70.0,13330.0,13455.0,13260.0,17643.0
2022.07.07,13330.0,70.0,13260.0,13340.0,13180.0,8293.0
2022.07.06,13260.0,30.0,13195.0,13395.0,13120.0,18637.0
2022.07.05,13230.0,-55.0,13285.0,13315.0,13110.0,19908.0
2022.07.04,13285.0,305.0,12980.0,13300.0,12925.0,7230.0
2022.07.01,12980.0,-250.0,13145.0,13150.0,12980.0,13618.0
2022.06.30,13230.0,110.0,12840.0,13265.0,12840.0,19467.0
2022.06.29,13120.0,-120.0,12800.0,13225.0,12800.0,16926.0
2022.06.28,13240.0,50.0,13230.0,13240.0,12915.0,18210.0
2022.06.27,13190.0,-20.0,13270.0,13330.0,13145.0,20881.0
2022.06.24,13210.0,260.0,12960.0,13225.0,12865.0,23904.0
2022.06.23,12950.0,400.0,12515.0,12950.0,12410.0,32110.0
2022.06.22,12550.0,330.0,12235.0,12645.0,12180.0,96066.0
2022.06.21,12220.0,-80.0,12310.0,12385.0,12100.0,24926.0
2022.06.20,12300.0,255.0,12090.0,12350.0,12000.0,27902.0
2022.06.17,12045.0,205.0,11780.0,12060.0,11530.0,26588.0
2022.06.16,11840.0,40.0,11800.0,11840.0,11525.0,22900.0
2022.06.15,11800.0,390.0,11435.0,11975.0,11375.0,33292.0
2022.06.14,11410.0,-125.0,11515.0,11515.0,11265.0,12548.0
2022.06.13,11535.0,-5.0,11540.0,11620.0,11115.0,18126.0
2022.06.10,11540.0,255.0,11290.0,11560.0,11130.0,10573.0
2022.06.09,11285.0,-190.0,11500.0,11600.0,11185.0,27454.0
2022.06.08,11475.0,-45.0,11395.0,11580.0,11290.0,10758.0
2022.06.07,11520.0,440.0,11100.0,11595.0,11100.0,13819.0
2022.06.03,11080.0,-20.0,11105.0,11180.0,11080.0,18619.0
2022.06.02,11100.0,320.0,10770.0,11100.0,10770.0,5716.0
2022.05.31,10780.0,170.0,10635.0,10780.0,10420.0,5804.0
2022.05.30,10610.0,135.0,10600.0,10625.0,10475.0,3759.0
2022.05.27,10475.0,-25.0,10590.0,10630.0,10405.0,4202.0
2022.05.26,10500.0,-65.0,10595.0,10625.0,10270.0,5386.0
2022.05.25,10565.0,-85.0,10850.0,10850.0,10510.0,3041.0
2022.05.24,10650.0,-380.0,11110.0,11110.0,10650.0,3239.0
2022.05.23,11030.0,50.0,11000.0,11035.0,10930.0,3118.0
2022.05.20,10980.0,175.0,10875.0,10980.0,10765.0,6387.0
2022.05.19,10805.0,70.0,10685.0,10805.0,10550.0,36803.0
2022.05.18,10735.0,-90.0,10865.0,10905.0,10630.0,59624.0
2022.05.17,10825.0,145.0,10715.0,10835.0,10645.0,1637.0
2022.05.16,10680.0,-155.0,10965.0,10990.0,10680.0,3684.0
2022.05.13,10835.0,10.0,10900.0,10920.0,10500.0,5194.0
2022.05.12,10825.0,-110.0,10860.0,10975.0,10585.0,10988.0
2022.05.11,10935.0,400.0,10535.0,11045.0,10485.0,10911.0
2022.05.10,10535.0,285.0,10185.0,10535.0,9950.0,6610.0
2022.05.09,10250.0,-155.0,10305.0,10390.0,10220.0,4895.0
2022.05.06,10405.0,-255.0,10675.0,10675.0,10325.0,4373.0
2022.05.04,10660.0,-125.0,10785.0,10785.0,10605.0,4192.0
2022.05.03,10785.0,360.0,10670.0,10785.0,10435.0,8361.0
2022.05.02,10425.0,-340.0,10720.0,10765.0,10425.0,29637.0
2022.04.29,10765.0,325.0,10690.0,10765.0,10375.0,17027.0
2022.04.28,10440.0,-110.0,10550.0,10680.0,10365.0,11208.0
2022.04.27,10550.0,550.0,9960.0,10550.0,9900.0,29734.0
2022.04.26,10000.0,-120.0,10190.0,10250.0,9965.0,13670.0
2022.04.25,10120.0,-515.0,10610.0,10635.0,10020.0,22298.0
2022.04.22,10635.0,-175.0,10795.0,10795.0,10610.0,41432.0
2022.04.21,10810.0,-255.0,11065.0,11115.0,10795.0,13979.0
2022.04.20,11065.0,-500.0,11605.0,11605.0,11065.0,14703.0
2022.04.19,11565.0,-65.0,11670.0,11745.0,11535.0,6692.0
2022.04.18,11630.0,60.0,11570.0,11640.0,11320.0,7703.0
2022.04.15,11570.0,85.0,11495.0,11570.0,11315.0,4725.0
2022.04.14,11485.0,-160.0,11665.0,11695.0,11405.0,9848.0
2022.04.13,11645.0,-190.0,11925.0,11925.0,11590.0,8369.0
2022.04.12,11835.0,180.0,11655.0,11850.0,11580.0,13998.0
2022.04.11,11655.0,-380.0,12035.0,12035.0,11650.0,10433.0
2022.04.08,12035.0,65.0,11915.0,12080.0,11915.0,4098.0
2022.04.07,11970.0,-230.0,12205.0,12235.0,11970.0,7186.0
2022.04.06,12200.0,-185.0,12385.0,12385.0,12080.0,14690.0
2022.04.05,12385.0,-40.0,12450.0,12450.0,12385.0,3262.0
2022.04.04,12425.0,-70.0,12495.0,12495.0,12330.0,5373.0
2022.04.01,12495.0,95.0,12400.0,12535.0,12350.0,3887.0
2022.03.31,12400.0,-50.0,12350.0,12520.0,12350.0,6281.0
2022.03.30,12450.0,370.0,12080.0,12450.0,12080.0,10318.0
2022.03.29,12080.0,5.0,12195.0,12285.0,12080.0,18408.0
2022.03.28,12075.0,-315.0,12170.0,12310.0,12070.0,10890.0
2022.03.25,12390.0,-200.0,12745.0,12745.0,12280.0,8487.0
2022.03.24,12590.0,65.0,12535.0,12590.0,12385.0,10768.0
2022.03.23,12525.0,110.0,12480.0,12525.0,12430.0,25047.0
2022.03.22,12415.0,-130.0,12540.0,12630.0,12400.0,5381.0
2022.03.21,12545.0,5.0,12710.0,12710.0,12545.0,5008.0
2022.03.18,12540.0,-95.0,12685.0,12685.0,12200.0,10864.0
2022.03.17,12635.0,215.0,12430.0,12780.0,12360.0,61611.0
2022.03.16,12420.0,450.0,12040.0,12420.0,11745.0,28442.0
2022.03.15,11970.0,-235.0,11925.0,12230.0,11825.0,28509.0
2022.03.14,12205.0,-275.0,12520.0,12520.0,12190.0,12183.0
2022.03.11,12480.0,30.0,12380.0,12480.0,12165.0,7355.0
2022.03.10,12450.0,65.0,12285.0,12500.0,12090.0,20162.0
2022.03.08,12385.0,-30.0,12365.0,12455.0,12215.0,19053.0
2022.03.07,12415.0,-400.0,12810.0,12810.0,12380.0,8285.0
2022.03.04,12815.0,-150.0,13075.0,13075.0,12780.0,4851.0
2022.03.03,12965.0,-135.0,13285.0,13285.0,12915.0,8188.0
2022.03.02,13100.0,-210.0,13380.0,13395.0,12975.0,3997.0
2022.02.28,13310.0,75.0,13225.0,13310.0,12930.0,8838.0
2022.02.25,13235.0,520.0,12730.0,13280.0,12730.0,12035.0
2022.02.24,12715.0,-290.0,12970.0,13080.0,12660.0,15526.0
2022.02.23,13005.0,495.0,12750.0,13005.0,12520.0,4105.0
2022.02.22,12510.0,-395.0,12895.0,12895.0,12500.0,6233.0
2022.02.21,12905.0,5.0,12600.0,12930.0,12600.0,2458.0
2022.02.18,12900.0,-85.0,12985.0,12985.0,12875.0,5112.0
2022.02.17,12985.0,10.0,12975.0,13045.0,12900.0,5305.0
2022.02.16,12975.0,175.0,12915.0,12975.0,12900.0,23348.0
2022.02.15,12800.0,295.0,12670.0,12815.0,12465.0,8289.0
2022.02.14,12505.0,-115.0,12600.0,12730.0,12405.0,7792.0
2022.02.11,12620.0,-205.0,12890.0,12935.0,12620.0,10285.0
2022.02.10,12825.0,-295.0,13120.0,13200.0,12750.0,10136.0
2022.02.09,13120.0,200.0,13240.0,13240.0,12920.0,5813.0
2022.02.08,12920.0,-495.0,13235.0,13380.0,12700.0,19512.0
2022.02.07,13415.0,5.0,13450.0,13615.0,13395.0,17617.0
2022.02.04,13410.0,-65.0,13475.0,13475.0,13150.0,29345.0
2022.02.03,13475.0,-90.0,13735.0,13740.0,13400.0,13775.0
2022.01.28,13565.0,185.0,13595.0,13650.0,13135.0,8862.0
2022.01.27,13380.0,-315.0,13800.0,13800.0,13330.0,15384.0
2022.01.26,13695.0,-120.0,13790.0,13790.0,13580.0,10852.0
2022.01.25,13815.0,-95.0,14000.0,14000.0,13795.0,8689.0
2022.01.24,13910.0,135.0,13775.0,14000.0,13725.0,7925.0
2022.01.21,13775.0,-325.0,14170.0,14185.0,13730.0,16843.0
2022.01.20,14100.0,150.0,14000.0,14160.0,13890.0,11478.0
2022.01.19,13950.0,-430.0,14200.0,14375.0,13925.0,14125.0
2022.01.18,14380.0,-120.0,14500.0,14520.0,14270.0,5897.0
2022.01.17,14500.0,375.0,14135.0,14500.0,14135.0,11522.0
2022.01.14,14125.0,115.0,14070.0,14145.0,13925.0,9408.0
2022.01.13,14010.0,-220.0,14380.0,14380.0,14010.0,16557.0
2022.01.12,14230.0,350.0,14170.0,14245.0,13900.0,15745.0
2022.01.11,13880.0,-310.0,14190.0,14190.0,13880.0,26648.0
2022.01.10,14190.0,-105.0,14485.0,14485.0,13950.0,27750.0
2022.01.07,14295.0,40.0,14255.0,14440.0,14235.0,16490.0
2022.01.06,14255.0,-195.0,14385.0,14400.0,14200.0,21592.0
2022.01.05,14450.0,-340.0,14795.0,14985.0,14450.0,16890.0
2022.01.04,14790.0,-295.0,15100.0,15185.0,14750.0,24314.0
2022.01.03,15085.0,45.0,15040.0,15145.0,15040.0,12965.0
2021.12.30,15040.0,60.0,14945.0,15045.0,14680.0,14307.0
2021.12.29,14980.0,-10.0,15030.0,15100.0,14860.0,14713.0
2021.12.28,14990.0,100.0,14900.0,14990.0,14850.0,26919.0
2021.12.27,14890.0,-100.0,15115.0,15115.0,14890.0,11777.0
2021.12.24,14990.0,-320.0,15000.0,15340.0,14920.0,26255.0
2021.12.23,15310.0,5.0,15320.0,15545.0,15260.0,4508.0
2021.12.22,15305.0,-20.0,15370.0,15475.0,15240.0,5195.0
2021.12.21,15325.0,80.0,15250.0,15325.0,15065.0,11409.0
2021.12.20,15245.0,-275.0,15520.0,15580.0,15195.0,14984.0
2021.12.17,15520.0,-340.0,15850.0,15860.0,15520.0,17223.0
2021.12.16,15860.0,105.0,15800.0,15920.0,15705.0,20556.0
2021.12.15,15755.0,-15.0,15770.0,15910.0,15715.0,16620.0
2021.12.14,15770.0,-75.0,15850.0,15850.0,15720.0,18757.0
2021.12.13,15845.0,155.0,15700.0,15845.0,15675.0,17064.0
2021.12.10,15690.0,45.0,15695.0,15695.0,14780.0,26952.0
2021.12.09,15645.0,155.0,15490.0,15645.0,15370.0,28931.0
2021.12.08,15490.0,405.0,15120.0,15490.0,15120.0,28408.0
2021.12.07,15085.0,-465.0,15570.0,15570.0,15050.0,29318.0
2021.12.06,15550.0,-35.0,15350.0,15690.0,15350.0,9757.0
2021.12.03,15585.0,25.0,15560.0,15650.0,15550.0,15815.0
2021.12.02,15560.0,-110.0,15650.0,15650.0,15505.0,18085.0
2021.12.01,15670.0,-50.0,15895.0,15895.0,15590.0,16612.0
2021.11.30,15720.0,-90.0,15805.0,15905.0,15700.0,25635.0
2021.11.29,15810.0,80.0,15320.0,15880.0,15320.0,40956.0
2021.11.26,15730.0,-40.0,15850.0,15870.0,15670.0,27553.0
2021.11.25,15770.0,85.0,15730.0,15855.0,15705.0,14027.0
2021.11.24,15685.0,-125.0,15810.0,15810.0,15685.0,28644.0
2021.11.23,15810.0,65.0,15825.0,15850.0,15700.0,84148.0
2021.11.22,15745.0,370.0,15305.0,15820.0,15305.0,106957.0
2021.11.19,15375.0,-15.0,15520.0,15520.0,15220.0,33782.0
2021.11.18,15390.0,-160.0,15560.0,15560.0,15285.0,21024.0
2021.11.17,15550.0,130.0,15305.0,15550.0,15305.0,29875.0
2021.11.16,15420.0,-20.0,15550.0,15555.0,15355.0,22999.0
2021.11.15,15440.0,-5.0,15490.0,15550.0,15310.0,29758.0
2021.11.12,15445.0,145.0,15320.0,15490.0,15320.0,85168.0
2021.11.11,15300.0,120.0,15215.0,15395.0,15145.0,27893.0
2021.11.10,15180.0,-10.0,15220.0,15230.0,15010.0,39915.0
2021.11.09,15190.0,20.0,15235.0,15340.0,15120.0,40678.0
2021.11.08,15170.0,40.0,15150.0,15245.0,15070.0,14029.0
2021.11.05,15130.0,-5.0,15145.0,15185.0,15100.0,18054.0
2021.11.04,15135.0,195.0,14995.0,15140.0,14900.0,22515.0
2021.11.03,14940.0,30.0,14940.0,15085.0,14910.0,26327.0
2021.11.02,14910.0,-40.0,15010.0,15080.0,14865.0,27724.0
2021.11.01,14950.0,75.0,14905.0,15070.0,14860.0,36080.0
2021.10.29,14875.0,155.0,14785.0,14930.0,14625.0,19829.0
2021.10.28,14720.0,-50.0,14940.0,14940.0,14720.0,15723.0
2021.10.27,14770.0,-150.0,14920.0,14920.0,14735.0,9712.0
2021.10.26,14920.0,10.0,14950.0,15015.0,14920.0,27110.0
2021.10.25,14910.0,165.0,14740.0,14945.0,14710.0,15544.0
2021.10.22,14745.0,-30.0,14770.0,14950.0,14700.0,14051.0
2021.10.21,14775.0,-95.0,14920.0,14920.0,14655.0,7681.0
2021.10.20,14870.0,60.0,14875.0,14915.0,14720.0,97998.0
2021.10.19,14810.0,115.0,14695.0,14885.0,14695.0,110749.0
2021.10.18,14695.0,-40.0,14745.0,14750.0,14600.0,10369.0
2021.10.15,14735.0,235.0,14545.0,14740.0,14305.0,17781.0
2021.10.14,14500.0,-35.0,14640.0,14640.0,14500.0,55089.0
2021.10.13,14535.0,260.0,14395.0,14535.0,14225.0,16056.0
2021.10.12,14275.0,-325.0,14580.0,14580.0,14220.0,19164.0
2021.10.08,14600.0,230.0,14475.0,14665.0,14360.0,35940.0
2021.10.07,14370.0,70.0,14375.0,14435.0,14250.0,28378.0
2021.10.06,14300.0,-70.0,14480.0,14480.0,14250.0,19960.0
2021.10.05,14370.0,-110.0,14420.0,14460.0,14215.0,27925.0
2021.10.01,14480.0,-65.0,14545.0,14630.0,14400.0,29892.0
2021.09.30,14545.0,185.0,14225.0,14690.0,14105.0,69612.0
2021.09.29,14360.0,-85.0,14425.0,14445.0,14110.0,146423.0
2021.09.28,14445.0,0.0,14280.0,14600.0,14260.0,52716.0
2021.09.27,14445.0,170.0,14275.0,14500.0,14115.0,87715.0
2021.09.24,14275.0,-30.0,14210.0,14445.0,13975.0,118508.0
2021.09.23,14305.0,-195.0,14500.0,14500.0,14110.0,164330.0
2021.09.17,14500.0,175.0,14390.0,14500.0,14100.0,46097.0
2021.09.16,14325.0,-50.0,14420.0,14450.0,14175.0,38279.0
2021.09.15,14375.0,-275.0,14740.0,14740.0,14375.0,37606.0
2021.09.14,14650.0,115.0,14535.0,14740.0,14290.0,33622.0
2021.09.13,14535.0,-145.0,14470.0,14715.0,14415.0,31602.0
2021.09.10,14680.0,205.0,14475.0,14705.0,14370.0,42234.0
2021.09.09,14475.0,-60.0,14580.0,14580.0,14320.0,34404.0
2021.09.08,14535.0,115.0,14420.0,14645.0,14390.0,37350.0
2021.09.07,14420.0,-20.0,14510.0,14510.0,14375.0,13641.0
2021.09.06,14440.0,440.0,14300.0,14440.0,13965.0,34355.0
2021.09.03,14000.0,-180.0,14100.0,14210.0,13920.0,47999.0
2021.09.02,14180.0,-90.0,14500.0,14500.0,14125.0,122402.0
2021.09.01,14270.0,100.0,14200.0,14330.0,13965.0,26735.0
2021.08.31,14170.0,-185.0,14420.0,14445.0,13965.0,49765.0
2021.08.30,14355.0,-115.0,14930.0,14930.0,14325.0,21157.0
2021.08.27,14470.0,-125.0,14530.0,14560.0,14315.0,17707.0
2021.08.26,14595.0,-55.0,14675.0,14685.0,14455.0,14409.0
2021.08.25,14650.0,195.0,14465.0,14650.0,14450.0,24675.0
2021.08.24,14455.0,50.0,14405.0,14630.0,14380.0,29146.0
2021.08.23,14405.0,315.0,14090.0,14460.0,14010.0,78079.0
2021.08.20,14090.0,-390.0,14445.0,14495.0,13920.0,37265.0
2021.08.19,14480.0,80.0,14305.0,14495.0,14200.0,53909.0
2021.08.18,14400.0,-80.0,14340.0,14465.0,14230.0,28863.0
2021.08.17,14480.0,-355.0,14750.0,14750.0,14365.0,26674.0
2021.08.13,14835.0,-30.0,14865.0,15100.0,14555.0,46544.0
2021.08.12,14865.0,-90.0,14935.0,14935.0,14780.0,21559.0
2021.08.11,14955.0,115.0,14855.0,15000.0,14855.0,27097.0
2021.08.10,14840.0,-60.0,14885.0,14985.0,14750.0,19956.0
2021.08.09,14900.0,-120.0,15080.0,15080.0,14700.0,36904.0
2021.08.06,15020.0,-145.0,15165.0,15310.0,14915.0,44169.0
2021.08.05,15165.0,-115.0,15365.0,15365.0,15085.0,44295.0
2021.08.04,15280.0,130.0,15160.0,15295.0,14950.0,75461.0
2021.08.03,15150.0,35.0,15110.0,15170.0,14970.0,51983.0
2021.08.02,15115.0,265.0,14790.0,15120.0,14770.0,61285.0
2021.07.30,14850.0,-170.0,14850.0,15100.0,14775.0,61900.0
2021.07.29,15020.0,790.0,14540.0,15020.0,14485.0,105660.0
2021.07.28,14230.0,-340.0,14255.0,14360.0,13915.0,152876.0
2021.07.27,14570.0,-255.0,14825.0,14940.0,14565.0,80353.0
2021.07.26,14825.0,-425.0,15250.0,15265.0,14300.0,134918.0
2021.07.23,15250.0,-50.0,15320.0,15480.0,15210.0,36397.0
2021.07.22,15300.0,-150.0,15480.0,15555.0,15290.0,119226.0
2021.07.21,15450.0,360.0,15090.0,15495.0,15045.0,116148.0
2021.07.20,15090.0,-90.0,15180.0,15180.0,14705.0,46485.0
2021.07.19,15180.0,90.0,15075.0,15180.0,14850.0,103416.0
2021.07.16,15090.0,-105.0,15210.0,15255.0,15025.0,90237.0
2021.07.15,15195.0,25.0,15140.0,15195.0,14930.0,105293.0
2021.07.14,15170.0,-10.0,14870.0,15215.0,14870.0,122417.0
2021.07.13,15180.0,-20.0,15230.0,15290.0,14925.0,123607.0
2021.07.12,15200.0,420.0,14990.0,15225.0,14785.0,213078.0
2021.07.09,14780.0,25.0,14745.0,14785.0,14385.0,83609.0
2021.07.08,14755.0,0.0,14755.0,14975.0,14660.0,145969.0
2021.07.07,14755.0,655.0,14100.0,14760.0,14085.0,121961.0
2021.07.06,14100.0,-260.0,14370.0,14425.0,14000.0,129885.0
2021.07.05,14360.0,-155.0,14510.0,14520.0,14245.0,55758.0
2021.07.02,14515.0,-280.0,14780.0,14785.0,14370.0,115455.0
2021.07.01,14795.0,65.0,14770.0,14820.0,14610.0,117892.0
2021.06.30,14730.0,210.0,14515.0,14755.0,14480.0,169445.0
2021.06.29,14520.0,35.0,14485.0,14615.0,14425.0,132150.0
2021.06.28,14485.0,205.0,14280.0,14535.0,14240.0,129053.0
2021.06.25,14280.0,150.0,14140.0,14280.0,14125.0,146925.0
2021.06.24,14130.0,-120.0,14250.0,14275.0,14100.0,28493.0
2021.06.23,14250.0,190.0,14060.0,14300.0,14045.0,165734.0
2021.06.22,14060.0,0.0,14115.0,14115.0,13860.0,65555.0
2021.06.21,14060.0,70.0,13970.0,14120.0,13835.0,54142.0
2021.06.18,13990.0,240.0,13755.0,14050.0,13750.0,52242.0
2021.06.17,13750.0,180.0,13500.0,13795.0,13410.0,53389.0
2021.06.16,13570.0,-560.0,14030.0,14030.0,13505.0,76556.0
2021.06.15,14130.0,5.0,14125.0,14170.0,13960.0,45825.0
2021.06.14,14125.0,-25.0,14195.0,14195.0,14090.0,23175.0
2021.06.11,14150.0,95.0,14035.0,14160.0,14035.0,38649.0
2021.06.10,14055.0,255.0,13800.0,14110.0,13775.0,55287.0
2021.06.09,13800.0,-55.0,13850.0,13850.0,13725.0,27014.0
2021.06.08,13855.0,-10.0,13865.0,14025.0,13765.0,29548.0
2021.06.07,13865.0,-65.0,13710.0,13950.0,13710.0,39969.0
2021.06.04,13930.0,-70.0,13650.0,14080.0,13650.0,40184.0
2021.06.03,14000.0,85.0,13930.0,14085.0,13750.0,57139.0
2021.06.02,13915.0,-180.0,14150.0,14150.0,13900.0,57061.0
2021.06.01,14095.0,-90.0,14125.0,14180.0,13700.0,142150.0
2021.05.31,14185.0,380.0,13850.0,14195.0,13850.0,120034.0
2021.05.28,13805.0,-95.0,13900.0,14100.0,13795.0,147482.0
2021.05.27,13900.0,20.0,13905.0,13970.0,13705.0,36918.0
2021.05.26,13880.0,-45.0,13930.0,13995.0,13730.0,78418.0
2021.05.25,13925.0,365.0,13565.0,13925.0,13555.0,105588.0
2021.05.24,13560.0,0.0,13500.0,13575.0,13330.0,44658.0
2021.05.21,13560.0,-110.0,13670.0,13680.0,13395.0,73328.0
2021.05.20,13670.0,260.0,13410.0,13685.0,13390.0,168709.0
2021.05.18,13410.0,-125.0,13565.0,13630.0,13360.0,67227.0
2021.05.17,13535.0,400.0,13140.0,13570.0,13135.0,129611.0
2021.05.14,13135.0,415.0,12745.0,13185.0,12720.0,75500.0
2021.05.13,12720.0,-35.0,12605.0,12815.0,12530.0,63011.0
2021.05.12,12755.0,240.0,12570.0,12760.0,12400.0,117633.0
2021.05.11,12515.0,-115.0,12590.0,12595.0,12340.0,34470.0
2021.05.10,12630.0,-5.0,12635.0,12705.0,12440.0,73845.0
2021.05.07,12635.0,-320.0,12950.0,13055.0,12600.0,50580.0
2021.05.06,12955.0,-125.0,13080.0,13190.0,12640.0,73006.0
2021.05.04,13080.0,20.0,13090.0,13140.0,13000.0,38363.0
2021.05.03,13060.0,-95.0,13165.0,13190.0,12995.0,83594.0
2021.04.30,13155.0,220.0,12990.0,13215.0,12860.0,124399.0
2021.04.29,12935.0,0.0,12535.0,13000.0,12535.0,56666.0
2021.04.28,12935.0,155.0,12795.0,12965.0,12705.0,90231.0
2021.04.27,12780.0,-110.0,12885.0,12885.0,12640.0,52496.0
2021.04.26,12890.0,120.0,12800.0,13060.0,12730.0,131191.0
2021.04.23,12770.0,195.0,12575.0,12860.0,12470.0,90666.0
2021.04.22,12575.0,90.0,12510.0,12595.0,12440.0,65035.0
2021.04.21,12485.0,105.0,12380.0,12485.0,12310.0,65125.0
2021.04.20,12380.0,0.0,12510.0,12510.0,12280.0,48927.0
2021.04.19,12380.0,470.0,11920.0,12380.0,11870.0,77464.0
2021.04.16,11910.0,-90.0,12005.0,12085.0,11820.0,31651.0
2021.04.15,12000.0,45.0,11815.0,12080.0,11815.0,41188.0
2021.04.14,11955.0,135.0,11815.0,11990.0,11800.0,39967.0
2021.04.13,11820.0,0.0,11820.0,11975.0,11745.0,44653.0
2021.04.12,11820.0,-210.0,12030.0,12055.0,11740.0,55659.0
2021.04.09,12030.0,-45.0,12100.0,12100.0,11920.0,27140.0
2021.04.08,12075.0,0.0,12170.0,12185.0,12015.0,13991.0
2021.04.07,12075.0,-180.0,12255.0,12330.0,12060.0,25270.0
2021.04.06,12255.0,-120.0,12380.0,12415.0,12130.0,43920.0
2021.04.05,12375.0,-105.0,12500.0,12500.0,12220.0,29379.0
2021.04.02,12480.0,435.0,12100.0,12480.0,12085.0,36395.0
2021.04.01,12045.0,135.0,11945.0,12065.0,11945.0,42800.0
2021.03.31,11910.0,-85.0,12000.0,12035.0,11845.0,16013.0
2021.03.30,11995.0,140.0,11925.0,12000.0,11790.0,43749.0
2021.03.29,11855.0,-130.0,12075.0,12100.0,11810.0,31966.0
2021.03.26,11985.0,450.0,11535.0,11985.0,11525.0,53178.0
2021.03.25,11535.0,15.0,11520.0,11630.0,11460.0,31853.0
2021.03.24,11520.0,-85.0,11595.0,11735.0,11510.0,30249.0
2021.03.23,11605.0,-145.0,11870.0,11890.0,11505.0,29179.0
2021.03.22,11750.0,20.0,11930.0,11930.0,11600.0,38000.0
2021.03.19,11730.0,-315.0,11610.0,11995.0,11610.0,38814.0
2021.03.18,12045.0,70.0,12135.0,12135.0,11895.0,65007.0
2021.03.17,11975.0,190.0,11810.0,11990.0,11780.0,30963.0
2021.03.16,11785.0,100.0,12060.0,12060.0,11640.0,51195.0
2021.03.15,11685.0,-605.0,12340.0,12375.0,11685.0,64800.0
2021.03.12,12290.0,-60.0,12545.0,12555.0,12160.0,72009.0
2021.03.11,12350.0,410.0,11940.0,12350.0,11885.0,44876.0
2021.03.10,11940.0,240.0,12000.0,12050.0,11770.0,64457.0
2021.03.09,11700.0,-340.0,11905.0,12040.0,11480.0,81256.0
2021.03.08,12040.0,-560.0,12795.0,12795.0,12040.0,67342.0
2021.03.05,12600.0,-20.0,12400.0,12605.0,12280.0,64964.0
2021.03.04,12620.0,-530.0,12710.0,13085.0,12585.0,59867.0
2021.03.03,13150.0,235.0,12800.0,13165.0,12800.0,41575.0
2021.03.02,12915.0,135.0,13080.0,13210.0,12855.0,50650.0
2021.02.26,12780.0,-275.0,12660.0,12855.0,12550.0,78344.0
2021.02.25,13055.0,45.0,13295.0,13295.0,12900.0,121412.0
2021.02.24,13010.0,-600.0,13800.0,13800.0,12855.0,245022.0
2021.02.23,13610.0,-120.0,13705.0,13730.0,13440.0,130182.0
2021.02.22,13730.0,-670.0,14635.0,14635.0,13730.0,146829.0
2021.02.19,14400.0,-330.0,14615.0,14780.0,14100.0,151652.0
2021.02.18,14730.0,-510.0,15150.0,15320.0,14485.0,277574.0
2021.02.17,15240.0,160.0,15095.0,15240.0,14835.0,166973.0
2021.02.16,15080.0,80.0,15040.0,15080.0,14880.0,116353.0
2021.02.15,15000.0,280.0,14750.0,15000.0,14745.0,95848.0
2021.02.10,14720.0,360.0,14360.0,14740.0,14360.0,213267.0
2021.02.09,14360.0,220.0,14145.0,14360.0,14025.0,69244.0
2021.02.08,14140.0,30.0,14110.0,14200.0,13700.0,59990.0
2021.02.05,14110.0,160.0,13950.0,14200.0,13755.0,87815.0
2021.02.04,13950.0,-185.0,14135.0,14295.0,13825.0,51566.0
2021.02.03,14135.0,155.0,14100.0,14260.0,13975.0,96199.0
2021.02.02,13980.0,455.0,13550.0,14000.0,13550.0,85096.0
2021.02.01,13525.0,50.0,13210.0,13720.0,13200.0,69343.0
2021.01.29,13475.0,-215.0,13800.0,14030.0,13475.0,123446.0
2021.01.28,13690.0,-330.0,13605.0,13975.0,13430.0,88496.0
2021.01.27,14020.0,130.0,14000.0,14035.0,13780.0,65984.0
2021.01.26,13890.0,-300.0,14190.0,14320.0,13860.0,104405.0
2021.01.25,14190.0,60.0,14140.0,14385.0,13800.0,141600.0
2021.01.22,14130.0,280.0,13850.0,14130.0,13800.0,163217.0
2021.01.21,13850.0,490.0,13300.0,13850.0,13300.0,256913.0
2021.01.20,13360.0,290.0,13190.0,13360.0,13025.0,103991.0
2021.01.19,13070.0,-160.0,13150.0,13300.0,13010.0,78001.0
2021.01.18,13230.0,145.0,12750.0,13270.0,12565.0,186786.0
2021.01.15,13085.0,-35.0,13000.0,13150.0,12710.0,103762.0
2021.01.14,13120.0,-105.0,13080.0,13330.0,12905.0,76320.0
2021.01.13,13225.0,-55.0,13285.0,13365.0,13045.0,181837.0
2021.01.12,13280.0,315.0,12965.0,13280.0,12795.0,241089.0
2021.01.11,12965.0,-240.0,13250.0,13280.0,12830.0,149444.0
2021.01.08,13205.0,135.0,13080.0,13240.0,12980.0,297042.0
2021.01.07,13070.0,175.0,12895.0,13070.0,12840.0,249417.0
2021.01.06,12895.0,95.0,12820.0,13000.0,12750.0,330340.0
2021.01.05,12800.0,30.0,12600.0,12800.0,12600.0,225151.0
2021.01.04,12770.0,830.0,11955.0,12770.0,11955.0,841990.0
2020.12.30,11940.0,240.0,11680.0,11940.0,11640.0,171402.0
2020.12.29,11700.0,-55.0,11755.0,11825.0,11610.0,115745.0
2020.12.28,11755.0,-115.0,11900.0,11950.0,11730.0,109187.0
2020.12.24,11870.0,-60.0,11895.0,11930.0,11785.0,93145.0
2020.12.23,11930.0,130.0,11970.0,11970.0,11770.0,133394.0
2020.12.22,11800.0,-20.0,11820.0,11970.0,11750.0,230669.0
2020.12.21,11820.0,245.0,11520.0,11820.0,11505.0,152276.0
2020.12.18,11575.0,20.0,11580.0,11675.0,11530.0,111762.0
2020.12.17,11555.0,120.0,11435.0,11555.0,11360.0,141166.0
2020.12.16,11435.0,105.0,11355.0,11465.0,11320.0,150168.0
2020.12.15,11330.0,80.0,11295.0,11375.0,11230.0,116138.0
2020.12.14,11250.0,55.0,11185.0,11270.0,11100.0,126642.0
2020.12.11,11195.0,-80.0,11300.0,11305.0,11100.0,84307.0
2020.12.10,11275.0,-15.0,11205.0,11285.0,11150.0,83947.0
2020.12.09,11290.0,-100.0,11350.0,11420.0,11260.0,81338.0
2020.12.08,11390.0,95.0,11255.0,11415.0,11250.0,87261.0
2020.12.07,11295.0,-70.0,11365.0,11385.0,11220.0,61350.0
2020.12.04,11365.0,-25.0,11390.0,11430.0,11290.0,58461.0
2020.12.03,11390.0,15.0,11360.0,11420.0,11240.0,138278.0
2020.12.02,11375.0,10.0,11400.0,11495.0,11290.0,75540.0
2020.12.01,11365.0,125.0,11165.0,11365.0,11165.0,96865.0
2020.11.30,11240.0,90.0,11150.0,11325.0,11095.0,71765.0
2020.11.27,11150.0,5.0,11145.0,11300.0,11080.0,82523.0
2020.11.26,11145.0,-80.0,11280.0,11280.0,11080.0,102659.0
2020.11.25,11225.0,-225.0,11485.0,11520.0,11215.0,95849.0
2020.11.24,11450.0,-50.0,11445.0,11555.0,11410.0,58107.0
2020.11.23,11500.0,80.0,11380.0,11525.0,11365.0,92356.0
2020.11.20,11420.0,40.0,11305.0,11430.0,11305.0,72199.0
2020.11.19,11380.0,130.0,11240.0,11380.0,11160.0,55701.0
2020.11.18,11250.0,-105.0,11365.0,11535.0,11230.0,111320.0
2020.11.17,11355.0,-250.0,11740.0,11740.0,11250.0,132039.0
2020.11.16,11605.0,95.0,11510.0,11625.0,11500.0,86984.0
2020.11.13,11510.0,20.0,11390.0,11520.0,11350.0,52269.0
2020.11.12,11490.0,-70.0,11510.0,11610.0,11400.0,57276.0
2020.11.11,11560.0,-250.0,11725.0,11845.0,11500.0,122103.0
2020.11.10,11810.0,-140.0,11950.0,11950.0,11700.0,86363.0
2020.11.09,11950.0,375.0,11625.0,11970.0,11625.0,119454.0
2020.11.06,11575.0,-325.0,11855.0,11935.0,11565.0,107887.0
2020.11.05,11900.0,280.0,11730.0,11900.0,11650.0,121249.0
2020.11.04,11620.0,-25.0,11640.0,11645.0,11500.0,87944.0
2020.11.03,11645.0,190.0,11400.0,11715.0,11400.0,120239.0
2020.11.02,11455.0,185.0,11370.0,11485.0,11125.0,52487.0
2020.10.30,11270.0,-105.0,11435.0,11435.0,11185.0,72528.0
2020.10.29,11375.0,-45.0,11420.0,11420.0,11130.0,44280.0
2020.10.28,11420.0,120.0,11300.0,11420.0,11070.0,30269.0
2020.10.27,11300.0,215.0,11000.0,11300.0,10950.0,32447.0
2020.10.26,11085.0,-105.0,11380.0,11380.0,10975.0,48677.0
2020.10.23,11190.0,-275.0,11470.0,11600.0,11175.0,65180.0
2020.10.22,11465.0,-150.0,11675.0,11675.0,11350.0,38912.0
2020.10.21,11615.0,-25.0,11640.0,11730.0,11505.0,39399.0
2020.10.20,11640.0,95.0,11620.0,11665.0,11535.0,36372.0
2020.10.19,11545.0,-5.0,11535.0,11740.0,11535.0,30959.0
2020.10.16,11550.0,-190.0,11785.0,11785.0,11465.0,48332.0
2020.10.15,11740.0,-95.0,11850.0,11890.0,11700.0,44091.0
2020.10.14,11835.0,-135.0,11970.0,11970.0,11790.0,42878.0
2020.10.13,11970.0,120.0,11870.0,11970.0,11800.0,95339.0
2020.10.12,11850.0,485.0,11400.0,11860.0,11400.0,149131.0
2020.10.08,11365.0,65.0,11380.0,11395.0,11325.0,48899.0
2020.10.07,11300.0,0.0,11300.0,11300.0,11200.0,36275.0
2020.10.06,11300.0,100.0,11290.0,11300.0,11175.0,19512.0
2020.10.05,11200.0,120.0,11075.0,11245.0,11000.0,29076.0
2020.09.29,11080.0,100.0,10980.0,11200.0,10930.0,55393.0
2020.09.28,10980.0,10.0,10970.0,11080.0,10930.0,32626.0
2020.09.25,10970.0,-60.0,11100.0,11100.0,10930.0,93194.0
2020.09.24,11030.0,-200.0,10940.0,11175.0,10820.0,54503.0
2020.09.23,11230.0,170.0,11170.0,11230.0,10840.0,44370.0
2020.09.22,11060.0,-55.0,11020.0,11165.0,11000.0,45899.0
2020.09.21,11115.0,-85.0,11275.0,11280.0,11060.0,41587.0
2020.09.18,11200.0,-50.0,11300.0,11300.0,11115.0,45168.0
2020.09.17,11250.0,5.0,11290.0,11290.0,11060.0,49848.0
2020.09.16,11245.0,-85.0,11340.0,11390.0,11200.0,50218.0
2020.09.15,11330.0,120.0,11210.0,11330.0,11210.0,43133.0
2020.09.14,11210.0,90.0,11200.0,11370.0,11065.0,53674.0
2020.09.11,11120.0,110.0,10880.0,11120.0,10770.0,104784.0
2020.09.10,11010.0,-160.0,11300.0,11390.0,11010.0,196888.0
2020.09.09,11170.0,-355.0,11270.0,11425.0,11000.0,152972.0
2020.09.08,11525.0,-160.0,11650.0,11675.0,11320.0,258728.0
2020.09.07,11685.0,-130.0,11830.0,11900.0,11510.0,107472.0
2020.09.04,11815.0,-115.0,11500.0,11820.0,11485.0,153704.0
2020.09.03,11930.0,-115.0,12055.0,12100.0,11930.0,209042.0
2020.09.02,12045.0,120.0,11960.0,12060.0,11920.0,180831.0
2020.09.01,11925.0,25.0,11985.0,11985.0,11605.0,129603.0
2020.08.31,11900.0,-35.0,11950.0,12075.0,11895.0,131349.0
2020.08.28,11935.0,250.0,11705.0,11935.0,11665.0,146835.0
2020.08.27,11685.0,55.0,11595.0,11725.0,11505.0,153148.0
2020.08.26,11630.0,-150.0,11850.0,11850.0,11530.0,125491.0
2020.08.25,11780.0,110.0,11760.0,11840.0,11680.0,113315.0
2020.08.24,11670.0,225.0,11445.0,11840.0,11380.0,136980.0
2020.08.21,11445.0,210.0,11340.0,11530.0,11300.0,99574.0
2020.08.20,11235.0,-275.0,11460.0,11505.0,11135.0,144699.0
2020.08.19,11510.0,-200.0,11850.0,11850.0,11485.0,154995.0
2020.08.18,11710.0,110.0,11770.0,11875.0,11655.0,161562.0
2020.08.14,11600.0,100.0,11410.0,11610.0,11410.0,184173.0
2020.08.13,11500.0,-25.0,11680.0,11730.0,11460.0,188127.0
2020.08.12,11525.0,-390.0,11800.0,11850.0,11320.0,359025.0
2020.08.11,11915.0,-150.0,11860.0,12100.0,11850.0,131705.0
2020.08.10,12065.0,-10.0,12065.0,12065.0,11600.0,201485.0
2020.08.07,12075.0,-275.0,12480.0,12480.0,11805.0,358777.0
2020.08.06,12350.0,-200.0,12550.0,12655.0,12190.0,340365.0
2020.08.05,12550.0,130.0,12460.0,12565.0,12330.0,211534.0
2020.08.04,12420.0,-10.0,12435.0,12560.0,12335.0,380771.0
2020.08.03,12430.0,340.0,12100.0,12430.0,12095.0,255317.0
2020.07.31,12090.0,60.0,12215.0,12215.0,11960.0,223036.0
2020.07.30,12030.0,-40.0,12165.0,12290.0,12030.0,195313.0
2020.07.29,12070.0,500.0,11690.0,12090.0,11580.0,184703.0
2020.07.28,11570.0,125.0,11555.0,11780.0,11475.0,238450.0
2020.07.27,11445.0,-190.0,11630.0,11710.0,11285.0,199788.0
2020.07.24,11635.0,-565.0,11880.0,12180.0,11470.0,522172.0
2020.07.23,12200.0,-25.0,12100.0,12205.0,11915.0,230803.0
2020.07.22,12225.0,175.0,12150.0,12245.0,11950.0,305179.0
2020.07.21,12050.0,175.0,12120.0,12175.0,11995.0,382353.0
2020.07.20,11875.0,45.0,11860.0,11980.0,11635.0,417919.0
2020.07.17,11830.0,-80.0,11905.0,12120.0,11685.0,504180.0
2020.07.16,11910.0,-715.0,12700.0,12720.0,11910.0,741929.0
2020.07.15,12625.0,50.0,12755.0,12950.0,12400.0,510765.0
2020.07.14,12575.0,-160.0,12730.0,12910.0,12355.0,684951.0
2020.07.13,12735.0,355.0,12635.0,12995.0,12525.0,1413385.0
2020.07.10,12380.0,250.0,12270.0,12455.0,12220.0,611380.0
2020.07.09,12130.0,405.0,11960.0,12425.0,11900.0,550861.0
2020.07.08,11725.0,180.0,11550.0,11950.0,11410.0,266156.0
2020.07.07,11545.0,460.0,11235.0,11735.0,11200.0,227026.0
2020.07.06,11085.0,360.0,11135.0,11195.0,10850.0,229082.0
2020.07.03,10725.0,120.0,10790.0,10790.0,10540.0,34907.0
2020.07.02,10605.0,55.0,10630.0,10825.0,10540.0,50100.0
2020.07.01,10550.0,165.0,10600.0,10625.0,10365.0,43926.0
2020.06.30,10385.0,320.0,10480.0,10480.0,10055.0,20492.0
2020.06.29,10065.0,-295.0,10370.0,10370.0,10065.0,21796.0
2020.06.26,10360.0,135.0,10235.0,10610.0,10235.0,12590.0
2020.06.25,10225.0,-135.0,10350.0,10350.0,10025.0,11555.0
2020.06.24,10360.0,-40.0,10605.0,10605.0,10350.0,30706.0
2020.06.23,10400.0,130.0,9855.0,10520.0,9855.0,32430.0
2020.06.22,10270.0,210.0,9995.0,10350.0,9995.0,31904.0
2020.06.19,10060.0,365.0,9750.0,10060.0,9670.0,32647.0
2020.06.18,9695.0,-5.0,9720.0,9745.0,9655.0,10550.0
2020.06.17,9700.0,160.0,9675.0,9700.0,9545.0,61666.0
2020.06.16,9540.0,105.0,9405.0,9595.0,9405.0,30986.0
2020.06.15,9435.0,10.0,9425.0,9695.0,9185.0,195580.0
2020.06.12,9425.0,70.0,8610.0,9425.0,8610.0,71222.0
2020.06.11,9355.0,-40.0,9395.0,9545.0,9350.0,50759.0
2020.06.10,9395.0,65.0,9330.0,9395.0,9290.0,28556.0
2020.06.09,9330.0,0.0,9430.0,9430.0,9255.0,6441.0
2020.06.08,9330.0,-10.0,9465.0,9470.0,9310.0,12447.0
2020.06.05,9340.0,10.0,9235.0,9495.0,9235.0,17938.0
2020.06.04,9330.0,-70.0,9495.0,9685.0,9300.0,12112.0
2020.06.03,9400.0,15.0,9470.0,9480.0,9325.0,26401.0
2020.06.02,9385.0,50.0,9495.0,9495.0,9340.0,23466.0
2020.06.01,9335.0,320.0,8975.0,9335.0,8975.0,91692.0
2020.05.29,9015.0,90.0,8920.0,9070.0,8850.0,120494.0
2020.05.28,8925.0,-125.0,9055.0,9105.0,8845.0,29693.0
2020.05.27,9050.0,-95.0,9240.0,9240.0,9050.0,13733.0
2020.05.26,9145.0,175.0,8970.0,9170.0,8800.0,49806.0
2020.05.25,8970.0,-40.0,8615.0,9000.0,8615.0,43636.0
2020.05.22,9010.0,-370.0,9370.0,9420.0,8970.0,52869.0
2020.05.21,9380.0,10.0,9460.0,9580.0,9370.0,41499.0
2020.05.20,9370.0,35.0,9350.0,9380.0,9345.0,16549.0
2020.05.19,9335.0,60.0,9280.0,9400.0,9215.0,23380.0
2020.05.18,9275.0,5.0,9270.0,9280.0,9210.0,30814.0
2020.05.15,9270.0,20.0,9450.0,9450.0,9240.0,37731.0
2020.05.14,9250.0,-65.0,9295.0,9310.0,9150.0,11134.0
2020.05.13,9315.0,20.0,9125.0,9315.0,9125.0,19962.0
2020.05.12,9295.0,30.0,9080.0,9310.0,9080.0,18876.0
2020.05.11,9265.0,-60.0,9340.0,9445.0,9265.0,40341.0
2020.05.08,9325.0,60.0,9245.0,9385.0,9245.0,38792.0
2020.05.07,9265.0,135.0,9155.0,9360.0,9105.0,42291.0
2020.05.06,9130.0,335.0,8860.0,9170.0,8860.0,70965.0
2020.05.04,8795.0,-155.0,8920.0,8920.0,8600.0,22686.0
2020.04.29,8950.0,5.0,8990.0,8990.0,8845.0,13522.0
2020.04.28,8945.0,20.0,8985.0,8995.0,8700.0,22705.0
2020.04.27,8925.0,65.0,8970.0,8970.0,8855.0,50240.0
2020.04.24,8860.0,-135.0,8980.0,8985.0,8660.0,73030.0
2020.04.23,8995.0,40.0,9095.0,9095.0,8915.0,17219.0
2020.04.22,8955.0,80.0,8835.0,8975.0,8745.0,26434.0
2020.04.21,8875.0,-100.0,8975.0,9150.0,8780.0,33021.0
2020.04.20,8975.0,-35.0,9000.0,9000.0,8885.0,20567.0
2020.04.17,9010.0,180.0,9000.0,9090.0,9000.0,57658.0
2020.04.16,8830.0,170.0,8770.0,8830.0,8525.0,21718.0
2020.04.14,8660.0,110.0,8745.0,8745.0,8305.0,31138.0
2020.04.13,8550.0,-165.0,8790.0,8790.0,8550.0,11080.0
2020.04.10,8715.0,-80.0,8900.0,8900.0,8645.0,30165.0
2020.04.09,8795.0,50.0,8875.0,8880.0,8735.0,59410.0
2020.04.08,8745.0,-110.0,9005.0,9070.0,8730.0,102055.0
2020.04.07,8855.0,150.0,8835.0,9085.0,8770.0,36391.0
2020.04.06,8705.0,160.0,8545.0,8780.0,8545.0,36955.0
2020.04.03,8545.0,125.0,8510.0,8700.0,8425.0,83452.0
2020.04.02,8420.0,90.0,8495.0,8495.0,8300.0,13337.0
2020.04.01,8330.0,15.0,8230.0,8575.0,8230.0,41808.0
2020.03.31,8315.0,15.0,8400.0,8770.0,8300.0,47135.0
2020.03.30,8300.0,-240.0,8150.0,8690.0,8150.0,25912.0
2020.03.27,8540.0,-105.0,8700.0,8990.0,8520.0,40892.0
2020.03.26,8645.0,-155.0,8950.0,8995.0,8560.0,40487.0
2020.03.25,8800.0,300.0,8935.0,8940.0,8610.0,41280.0
2020.03.24,8500.0,135.0,8800.0,8800.0,8415.0,39985.0
2020.03.23,8365.0,-235.0,8235.0,8500.0,8205.0,20378.0
2020.03.20,8600.0,205.0,8485.0,8685.0,8400.0,72623.0
2020.03.19,8395.0,-205.0,8650.0,8750.0,8105.0,40948.0
2020.03.18,8600.0,-75.0,8705.0,9005.0,8600.0,46703.0
2020.03.17,8675.0,180.0,8455.0,8910.0,8000.0,40015.0
2020.03.16,8495.0,-255.0,9015.0,9020.0,8495.0,50694.0
2020.03.13,8750.0,-195.0,8655.0,8910.0,8000.0,150540.0
2020.03.12,8945.0,-330.0,9140.0,9275.0,8865.0,76860.0
2020.03.11,9275.0,-230.0,9370.0,9905.0,9250.0,68898.0
2020.03.10,9505.0,265.0,9160.0,9550.0,9120.0,108902.0
2020.03.09,9240.0,-435.0,9445.0,9585.0,9210.0,88854.0
2020.03.06,9675.0,-50.0,9450.0,9740.0,9450.0,40220.0
2020.03.05,9725.0,265.0,9710.0,9735.0,9600.0,48798.0
2020.03.04,9460.0,-90.0,9440.0,9820.0,9405.0,91749.0
2020.03.03,9550.0,65.0,9760.0,9830.0,9445.0,78828.0
2020.03.02,9485.0,295.0,9190.0,9485.0,9190.0,100903.0
2020.02.28,9190.0,-540.0,9570.0,9585.0,9000.0,156392.0
2020.02.27,9730.0,50.0,9670.0,9830.0,9565.0,148937.0
2020.02.26,9680.0,-320.0,9950.0,9975.0,9680.0,183607.0
2020.02.25,10000.0,130.0,9795.0,10065.0,9530.0,96196.0
2020.02.24,9870.0,150.0,9690.0,9870.0,9440.0,153662.0
2020.02.21,9720.0,110.0,9500.0,9850.0,9450.0,83121.0
2020.02.20,9610.0,250.0,9580.0,9640.0,9310.0,149005.0
2020.02.19,9360.0,-40.0,9500.0,9550.0,9350.0,56970.0
2020.02.18,9400.0,30.0,9385.0,9450.0,9300.0,88606.0
2020.02.17,9370.0,430.0,9105.0,9385.0,9055.0,141012.0
2020.02.14,8940.0,-50.0,9050.0,9070.0,8940.0,61893.0
2020.02.13,8990.0,40.0,9000.0,9165.0,8920.0,62620.0
2020.02.12,8950.0,160.0,8790.0,8970.0,8645.0,87190.0
2020.02.11,8790.0,-55.0,8925.0,8975.0,8765.0,121022.0
2020.02.10,8845.0,145.0,8700.0,8870.0,8540.0,46177.0
2020.02.07,8700.0,40.0,8640.0,8760.0,8590.0,43687.0
2020.02.06,8660.0,265.0,8425.0,8700.0,8425.0,58523.0
2020.02.05,8395.0,370.0,8075.0,10430.0,8075.0,196721.0
2020.02.04,8025.0,355.0,7605.0,8065.0,7590.0,85956.0
2020.02.03,7670.0,40.0,7450.0,7920.0,7420.0,81293.0
2020.01.31,7630.0,-15.0,7645.0,7760.0,7555.0,49322.0
2020.01.30,7645.0,-185.0,7845.0,7845.0,7590.0,44447.0
2020.01.29,7830.0,60.0,7895.0,7980.0,7460.0,53666.0
2020.01.28,7770.0,-570.0,7770.0,7905.0,7600.0,60287.0
2020.01.23,8340.0,-325.0,8465.0,8600.0,8230.0,103794.0
2020.01.22,8665.0,110.0,8555.0,8665.0,8365.0,62503.0
2020.01.21,8555.0,-45.0,8595.0,8650.0,8470.0,69099.0
2020.01.20,8600.0,170.0,8540.0,8600.0,8435.0,100243.0
2020.01.17,8430.0,70.0,8400.0,8525.0,8375.0,68568.0
2020.01.16,8360.0,115.0,8250.0,8380.0,8250.0,37161.0
2020.01.15,8245.0,-60.0,8250.0,8325.0,8175.0,42261.0
2020.01.14,8305.0,0.0,8500.0,8505.0,8250.0,67418.0
2020.01.13,8305.0,100.0,8205.0,8315.0,8185.0,90730.0
2020.01.10,8205.0,20.0,8250.0,8265.0,8130.0,31850.0
2020.01.09,8185.0,130.0,8120.0,8185.0,8010.0,50647.0
2020.01.08,8055.0,-30.0,7960.0,8125.0,7960.0,40039.0
2020.01.07,8085.0,180.0,8095.0,8120.0,7960.0,19535.0
2020.01.06,7905.0,70.0,7820.0,8075.0,7715.0,30359.0
2020.01.03,7835.0,0.0,7935.0,8255.0,7805.0,65614.0
2020.01.02,7835.0,245.0,7620.0,7845.0,7620.0,39552.0
2019.12.30,7590.0,35.0,7555.0,7605.0,7420.0,7978.0
2019.12.27,7555.0,-40.0,7635.0,7640.0,7555.0,6414.0
2019.12.26,7595.0,90.0,7520.0,7630.0,7520.0,17369.0
2019.12.24,7505.0,45.0,7400.0,7505.0,7070.0,17384.0
2019.12.23,7460.0,-110.0,7675.0,7675.0,7460.0,7279.0
2019.12.20,7570.0,-50.0,7695.0,7695.0,7540.0,4912.0
2019.12.19,7620.0,-30.0,7720.0,7720.0,7580.0,8805.0
2019.12.18,7650.0,-50.0,7800.0,7800.0,7640.0,13838.0
2019.12.17,7700.0,90.0,7630.0,7800.0,7630.0,24624.0
2019.12.16,7610.0,90.0,7570.0,7625.0,7525.0,14198.0
2019.12.13,7520.0,55.0,7515.0,7525.0,7385.0,16720.0
2019.12.12,7465.0,-35.0,7480.0,7510.0,7450.0,6505.0
2019.12.11,7500.0,-10.0,7510.0,7515.0,7450.0,3046.0
2019.12.10,7510.0,95.0,7415.0,7515.0,7405.0,7315.0
2019.12.09,7415.0,-25.0,7440.0,7465.0,7415.0,8972.0
2019.12.06,7440.0,60.0,7385.0,7440.0,7380.0,5391.0
2019.12.05,7380.0,115.0,7265.0,7380.0,7265.0,22210.0
2019.12.04,7265.0,40.0,7180.0,7295.0,7150.0,15629.0
2019.12.03,7225.0,20.0,7135.0,7230.0,7125.0,7695.0
2019.12.02,7205.0,25.0,7230.0,7230.0,7140.0,11894.0
2019.11.29,7180.0,-30.0,7165.0,7180.0,7100.0,2795.0
2019.11.28,7210.0,-5.0,7150.0,7265.0,7115.0,2159.0
2019.11.27,7215.0,45.0,7260.0,7260.0,7165.0,5034.0
2019.11.26,7170.0,30.0,7170.0,7290.0,7135.0,2937.0
2019.11.25,7140.0,-100.0,7245.0,7360.0,7110.0,13007.0
2019.11.22,7240.0,-135.0,7390.0,7445.0,7195.0,7690.0
2019.11.21,7375.0,-5.0,7390.0,7390.0,7300.0,7157.0
2019.11.20,7380.0,25.0,7375.0,7425.0,7340.0,13799.0
2019.11.19,7355.0,200.0,7165.0,7355.0,7165.0,6627.0
2019.11.18,7155.0,-70.0,7275.0,7275.0,7150.0,1680.0
2019.11.15,7225.0,-35.0,7270.0,7270.0,7215.0,4782.0
2019.11.14,7260.0,55.0,7260.0,7300.0,7210.0,3603.0
2019.11.13,7205.0,40.0,7130.0,7250.0,7130.0,1855.0
2019.11.12,7165.0,-5.0,7125.0,7215.0,7080.0,2797.0
2019.11.11,7170.0,-175.0,7260.0,7275.0,7170.0,2301.0
2019.11.08,7345.0,90.0,7420.0,7425.0,7310.0,8527.0
2019.11.07,7255.0,-15.0,7240.0,7340.0,7155.0,1222.0
2019.11.06,7270.0,-50.0,7360.0,7405.0,7270.0,3106.0
2019.11.05,7320.0,35.0,7260.0,7320.0,7220.0,7895.0
2019.11.04,7285.0,40.0,7320.0,7320.0,7250.0,2441.0
2019.11.01,7245.0,65.0,7180.0,7245.0,7180.0,2729.0
2019.10.31,7180.0,-10.0,7220.0,7220.0,7160.0,4100.0
2019.10.30,7190.0,-30.0,7220.0,7220.0,7145.0,1492.0
2019.10.29,7220.0,-40.0,7295.0,7470.0,7220.0,12230.0
2019.10.28,7260.0,145.0,7175.0,7290.0,7155.0,11003.0
2019.10.25,7115.0,15.0,7115.0,7180.0,7050.0,7978.0
2019.10.24,7100.0,35.0,7100.0,7100.0,6950.0,25865.0
2019.10.23,7065.0,0.0,7080.0,7130.0,7065.0,8814.0
2019.10.22,7065.0,70.0,7085.0,7085.0,7000.0,25232.0
2019.10.21,6995.0,-80.0,7060.0,7115.0,6990.0,9480.0
2019.10.18,7075.0,-75.0,7200.0,7200.0,7075.0,3187.0
2019.10.17,7150.0,-35.0,7185.0,7185.0,7150.0,114.0
2019.10.16,7185.0,-10.0,7195.0,7195.0,7140.0,2727.0
2019.10.15,7195.0,-65.0,7260.0,7270.0,7130.0,6645.0
2019.10.14,7260.0,50.0,7305.0,7305.0,7220.0,21038.0
2019.10.11,7210.0,0.0,7300.0,7300.0,7130.0,4493.0
2019.10.10,7210.0,220.0,6965.0,7220.0,6915.0,25937.0
2019.10.08,6990.0,-70.0,7005.0,7075.0,6930.0,12544.0
2019.10.07,7060.0,20.0,7040.0,7060.0,7025.0,2529.0
2019.10.04,7040.0,-5.0,7050.0,7060.0,7000.0,3801.0
2019.10.02,7045.0,0.0,7040.0,7060.0,6985.0,2509.0
2019.10.01,7045.0,-30.0,7070.0,7070.0,6965.0,4334.0
2019.09.30,7075.0,15.0,7025.0,7100.0,6985.0,19430.0
2019.09.27,7060.0,-45.0,7050.0,7175.0,6660.0,125235.0
2019.09.26,7105.0,-85.0,7195.0,7295.0,7020.0,23901.0
2019.09.25,7190.0,-85.0,7275.0,7320.0,7185.0,72293.0
2019.09.24,7275.0,40.0,7295.0,7390.0,7240.0,136992.0
2019.09.23,7235.0,-165.0,7305.0,7340.0,7220.0,6830.0
2019.09.20,7400.0,20.0,7400.0,7440.0,7365.0,7679.0
2019.09.19,7380.0,130.0,7250.0,7380.0,7250.0,14012.0
2019.09.18,7250.0,30.0,7275.0,7290.0,7210.0,16028.0
2019.09.17,7220.0,-160.0,7265.0,7420.0,7220.0,11866.0
2019.09.16,7380.0,0.0,7300.0,7440.0,7300.0,10902.0
2019.09.11,7380.0,-75.0,7470.0,7470.0,7360.0,3672.0
2019.09.10,7455.0,20.0,7490.0,7490.0,7400.0,5001.0
2019.09.09,7435.0,145.0,7585.0,7585.0,7330.0,3258.0
2019.09.06,7290.0,-85.0,7455.0,7455.0,7290.0,4834.0
2019.09.05,7375.0,165.0,7240.0,7480.0,7240.0,39441.0
2019.09.04,7210.0,15.0,7190.0,7225.0,7155.0,6270.0
2019.09.03,7195.0,50.0,7180.0,7195.0,7135.0,18647.0
2019.09.02,7145.0,115.0,7000.0,7170.0,7000.0,15910.0
2019.08.30,7030.0,-45.0,7170.0,7170.0,7020.0,4945.0
2019.08.29,7075.0,-55.0,7105.0,7105.0,7055.0,1521.0
2019.08.28,7130.0,45.0,7090.0,7145.0,7065.0,1513.0
2019.08.27,7085.0,160.0,7065.0,7140.0,7000.0,18031.0
2019.08.26,6925.0,-130.0,6895.0,7125.0,6890.0,9684.0
2019.08.23,7055.0,-25.0,7100.0,7130.0,7030.0,3220.0
2019.08.22,7080.0,10.0,7095.0,7130.0,7015.0,1375.0
2019.08.21,7070.0,-80.0,7100.0,7135.0,7035.0,9015.0
2019.08.20,7150.0,-40.0,7185.0,7250.0,7100.0,23989.0
2019.08.19,7190.0,210.0,6980.0,7230.0,6980.0,219169.0
2019.08.16,6980.0,170.0,6705.0,6985.0,6705.0,12402.0
2019.08.14,6810.0,75.0,6840.0,6900.0,6785.0,7703.0
2019.08.13,6735.0,-15.0,6830.0,6830.0,6735.0,1516.0
2019.08.12,6750.0,70.0,6680.0,6765.0,6530.0,1657.0
2019.08.09,6680.0,-60.0,6740.0,6780.0,6680.0,8010.0
2019.08.08,6740.0,65.0,6650.0,6740.0,6550.0,6674.0
2019.08.07,6675.0,-5.0,6680.0,6730.0,6620.0,10873.0
2019.08.06,6680.0,-195.0,6700.0,6700.0,6265.0,11993.0
2019.08.05,6875.0,-25.0,6920.0,6950.0,6555.0,23731.0
2019.08.02,6900.0,-55.0,6945.0,6945.0,6760.0,15821.0
2019.08.01,6955.0,15.0,6940.0,6990.0,6890.0,5359.0
2019.07.31,6940.0,-50.0,6930.0,6960.0,6920.0,14299.0
2019.07.30,6990.0,70.0,6920.0,7045.0,6920.0,8524.0
2019.07.29,6920.0,-10.0,6825.0,6920.0,6780.0,5863.0
2019.07.26,6930.0,-15.0,6895.0,6970.0,6895.0,950.0
2019.07.25,6945.0,95.0,6895.0,6960.0,6800.0,8742.0
2019.07.24,6850.0,25.0,6855.0,6920.0,6780.0,17775.0
2019.07.23,6825.0,45.0,6845.0,6845.0,6615.0,7670.0
2019.07.22,6780.0,-30.0,6895.0,6895.0,6745.0,4277.0
2019.07.19,6810.0,10.0,6830.0,6845.0,6800.0,3544.0
2019.07.18,6800.0,-85.0,6895.0,6895.0,6745.0,8921.0
2019.07.17,6885.0,70.0,6900.0,6900.0,6775.0,14815.0
2019.07.16,6815.0,0.0,6815.0,6885.0,6760.0,6210.0
2019.07.15,6815.0,75.0,6845.0,6885.0,6700.0,15012.0
2019.07.12,6740.0,35.0,6795.0,6795.0,6690.0,4822.0
2019.07.11,6705.0,-40.0,6800.0,6815.0,6705.0,7356.0
2019.07.10,6745.0,35.0,6780.0,6785.0,6715.0,3420.0
2019.07.09,6710.0,50.0,6660.0,6710.0,6565.0,16608.0
2019.07.08,6660.0,-195.0,6870.0,6875.0,6630.0,9710.0
2019.07.05,6855.0,115.0,6825.0,6855.0,6740.0,3962.0
2019.07.04,6740.0,25.0,6895.0,6895.0,6700.0,4879.0
2019.07.03,6715.0,-175.0,6880.0,6920.0,6715.0,14903.0
2019.07.02,6890.0,35.0,6880.0,6915.0,6750.0,13563.0
2019.07.01,6855.0,250.0,6700.0,6855.0,6680.0,14554.0
2019.06.28,6605.0,-30.0,6685.0,6685.0,6540.0,1991.0
2019.06.27,6635.0,90.0,6535.0,6655.0,6535.0,6482.0
2019.06.26,6545.0,10.0,6585.0,6800.0,6480.0,4657.0
2019.06.25,6535.0,-105.0,6690.0,6690.0,6425.0,6655.0
2019.06.24,6640.0,-45.0,6740.0,6740.0,6615.0,1496.0
2019.06.21,6685.0,110.0,6695.0,6730.0,6570.0,5526.0
2019.06.20,6575.0,25.0,6575.0,6650.0,6500.0,8182.0
2019.06.19,6550.0,120.0,6535.0,6625.0,6470.0,13096.0
2019.06.18,6430.0,30.0,6400.0,6480.0,6400.0,4704.0
2019.06.17,6400.0,-105.0,6565.0,6565.0,6400.0,6872.0
2019.06.14,6505.0,-65.0,6620.0,6620.0,6485.0,3452.0
2019.06.13,6570.0,0.0,6615.0,6615.0,6430.0,7647.0
2019.06.12,6570.0,-10.0,6645.0,6645.0,6500.0,9370.0
2019.06.11,6580.0,260.0,6460.0,6580.0,6340.0,10882.0
2019.06.10,6320.0,25.0,6350.0,6405.0,6295.0,12192.0
2019.06.07,6295.0,-180.0,6400.0,6400.0,6290.0,3541.0
2019.06.05,6475.0,-30.0,6690.0,6690.0,6430.0,3505.0
2019.06.04,6505.0,-60.0,6660.0,6660.0,6480.0,701.0
2019.06.03,6565.0,-85.0,6640.0,6645.0,6485.0,3933.0
2019.05.31,6650.0,15.0,6635.0,6670.0,6565.0,24793.0
2019.05.30,6635.0,-50.0,6725.0,6725.0,6565.0,592.0
2019.05.29,6685.0,5.0,6725.0,6755.0,6655.0,5133.0
2019.05.28,6680.0,30.0,6700.0,6725.0,6650.0,1566.0
2019.05.27,6650.0,180.0,6570.0,6650.0,6445.0,14781.0
2019.05.24,6470.0,-60.0,6550.0,6550.0,6330.0,41479.0
2019.05.23,6530.0,-140.0,6805.0,6805.0,6520.0,5391.0
2019.05.22,6670.0,-35.0,6750.0,6755.0,6630.0,10936.0
2019.05.21,6705.0,170.0,6675.0,6730.0,6500.0,14464.0
2019.05.20,6535.0,-140.0,6610.0,6675.0,6535.0,20549.0
2019.05.17,6675.0,-210.0,6985.0,6985.0,6675.0,10528.0
2019.05.16,6885.0,-45.0,6940.0,6940.0,6880.0,14485.0
2019.05.15,6930.0,180.0,6800.0,6930.0,6700.0,27683.0
2019.05.14,6750.0,35.0,6500.0,6750.0,6500.0,18628.0
2019.05.13,6715.0,-175.0,6905.0,6905.0,6685.0,7781.0
2019.05.10,6890.0,170.0,6720.0,6890.0,6635.0,16255.0
2019.05.09,6720.0,-40.0,6855.0,6855.0,6640.0,8971.0
2019.05.08,6760.0,0.0,6750.0,6835.0,6660.0,22458.0
2019.05.07,6760.0,-600.0,6890.0,7150.0,6705.0,99793.0
2019.05.03,7360.0,30.0,7395.0,7395.0,7330.0,1506.0
2019.05.02,7330.0,-5.0,7335.0,7340.0,7280.0,7722.0
2019.04.30,7335.0,0.0,7205.0,7340.0,7205.0,14951.0
2019.04.29,7335.0,-50.0,7400.0,7460.0,7245.0,31167.0
2019.04.26,7385.0,-165.0,7450.0,7450.0,7295.0,75934.0
2019.04.25,7550.0,15.0,7645.0,7645.0,7495.0,51999.0
2019.04.24,7535.0,50.0,7585.0,7585.0,7335.0,28676.0
2019.04.23,7485.0,-115.0,7530.0,7595.0,7440.0,33718.0
2019.04.22,7600.0,-5.0,7640.0,7645.0,7505.0,10489.0
2019.04.19,7605.0,0.0,7605.0,7630.0,7535.0,12323.0
2019.04.18,7605.0,-10.0,7605.0,7620.0,7390.0,9844.0
2019.04.17,7615.0,110.0,7550.0,7615.0,7530.0,24623.0
2019.04.16,7505.0,5.0,7540.0,7545.0,7330.0,106379.0
2019.04.15,7500.0,-85.0,7565.0,7765.0,7500.0,30593.0
2019.04.12,7585.0,-25.0,7605.0,7655.0,7550.0,7417.0
2019.04.11,7610.0,-130.0,7745.0,7790.0,7510.0,26094.0
2019.04.10,7740.0,10.0,7790.0,7790.0,7630.0,19813.0
2019.04.09,7730.0,-25.0,7800.0,7820.0,7695.0,14852.0
2019.04.08,7755.0,-245.0,7985.0,8005.0,7675.0,63966.0
2019.04.05,8000.0,55.0,8000.0,8000.0,7945.0,17922.0
2019.04.04,7945.0,105.0,7880.0,7945.0,7850.0,31922.0
2019.04.03,7840.0,20.0,7960.0,7960.0,7770.0,31751.0
2019.04.02,7820.0,10.0,7970.0,7970.0,7820.0,45707.0
2019.04.01,7810.0,345.0,7465.0,7820.0,7465.0,40217.0
2019.03.29,7465.0,185.0,7295.0,7480.0,7185.0,19640.0
2019.03.28,7280.0,15.0,7310.0,7320.0,7185.0,21549.0
2019.03.27,7265.0,-30.0,7350.0,7350.0,7220.0,12399.0
2019.03.26,7295.0,-110.0,7425.0,7435.0,7250.0,26082.0
2019.03.25,7405.0,-145.0,7440.0,7450.0,7315.0,33063.0
2019.03.22,7550.0,-60.0,7630.0,7630.0,7425.0,49214.0
2019.03.21,7610.0,210.0,7520.0,7610.0,7410.0,45959.0
2019.03.20,7400.0,-140.0,7575.0,7575.0,7300.0,40855.0
2019.03.19,7540.0,10.0,7575.0,7600.0,7500.0,47967.0
2019.03.18,7530.0,170.0,7490.0,7530.0,7370.0,40072.0
2019.03.15,7360.0,45.0,7460.0,7550.0,7270.0,143091.0
2019.03.14,7315.0,-265.0,7580.0,7645.0,7260.0,182557.0
2019.03.13,7580.0,-220.0,7825.0,7955.0,7580.0,127767.0
2019.03.12,7800.0,195.0,7800.0,8000.0,7665.0,85077.0
2019.03.11,7605.0,125.0,7360.0,7630.0,7300.0,72521.0
2019.03.08,7480.0,-80.0,7555.0,7575.0,7250.0,50382.0
2019.03.07,7560.0,115.0,7590.0,7590.0,7355.0,54058.0
2019.03.06,7445.0,135.0,7345.0,7555.0,7325.0,83991.0
2019.03.05,7310.0,160.0,7230.0,7315.0,7100.0,66213.0
2019.03.04,7150.0,380.0,6915.0,7245.0,6880.0,112600.0
2019.02.28,6770.0,60.0,6855.0,6855.0,6700.0,14317.0
2019.02.27,6710.0,-170.0,6880.0,6880.0,6710.0,74321.0
2019.02.26,6880.0,120.0,6825.0,6980.0,6720.0,70367.0
2019.02.25,6760.0,360.0,6400.0,6785.0,6400.0,118493.0
2019.02.22,6400.0,150.0,6395.0,6400.0,6190.0,45889.0
2019.02.21,6250.0,60.0,6200.0,6380.0,6200.0,61672.0
2019.02.20,6190.0,20.0,6260.0,6285.0,6045.0,17593.0
2019.02.19,6170.0,-15.0,6210.0,6300.0,6150.0,61978.0
2019.02.18,6185.0,200.0,5950.0,6185.0,5930.0,28995.0
2019.02.15,5985.0,40.0,5940.0,5985.0,5910.0,12301.0
2019.02.14,5945.0,-10.0,5950.0,5960.0,5900.0,5421.0
2019.02.13,5955.0,150.0,5820.0,5955.0,5820.0,17124.0
2019.02.12,5805.0,65.0,5745.0,5820.0,5735.0,9977.0
2019.02.11,5740.0,195.0,5510.0,5740.0,5510.0,4109.0
2019.02.08,5545.0,-25.0,5585.0,5590.0,5540.0,9334.0
2019.02.07,5570.0,45.0,5550.0,5585.0,5550.0,4024.0
2019.02.01,5525.0,155.0,5465.0,5530.0,5450.0,3574.0
2019.01.31,5370.0,-70.0,5410.0,5490.0,5350.0,10115.0
2019.01.30,5440.0,-10.0,5460.0,5485.0,5390.0,5925.0
2019.01.29,5450.0,-60.0,5530.0,5530.0,5400.0,580.0
2019.01.28,5510.0,-50.0,5550.0,5580.0,5510.0,5418.0
2019.01.25,5560.0,-5.0,5560.0,5560.0,5550.0,507.0
2019.01.24,5565.0,100.0,5485.0,5580.0,5485.0,111.0
2019.01.23,5465.0,-20.0,5515.0,5515.0,5465.0,218.0
2019.01.22,5485.0,-115.0,5600.0,5600.0,5485.0,230.0
2019.01.21,5600.0,55.0,5560.0,5600.0,5560.0,1685.0
2019.01.18,5545.0,35.0,5550.0,5550.0,5470.0,1977.0
2019.01.17,5510.0,-10.0,5555.0,5555.0,5510.0,194.0
2019.01.16,5520.0,45.0,5520.0,5555.0,5520.0,593.0
2019.01.15,5475.0,0.0,5470.0,5475.0,5455.0,102.0
2019.01.14,5475.0,-5.0,5545.0,5545.0,5440.0,732.0
2019.01.11,5480.0,-25.0,5505.0,5505.0,5445.0,129.0
2019.01.10,5505.0,-5.0,5505.0,5530.0,5465.0,104.0
2019.01.09,5510.0,50.0,5475.0,5540.0,5475.0,1103.0
2019.01.08,5460.0,5.0,5460.0,5460.0,5460.0,5.0
2019.01.07,5455.0,85.0,5410.0,5455.0,5370.0,892.0
2019.01.04,5370.0,80.0,5285.0,5385.0,5205.0,1324.0
2019.01.03,5290.0,-40.0,5325.0,5340.0,5290.0,2026.0
2019.01.02,5330.0,-55.0,5385.0,5440.0,5305.0,5263.0
2018.12.28,5385.0,-35.0,5410.0,5410.0,5350.0,721.0
2018.12.27,5420.0,-85.0,5540.0,5550.0,5405.0,3568.0
2018.12.26,5505.0,5.0,5535.0,5535.0,5495.0,223.0
2018.12.24,5500.0,50.0,5545.0,5545.0,5500.0,262.0
2018.12.21,5450.0,-35.0,5480.0,5490.0,5440.0,87.0
2018.12.20,5485.0,-15.0,5525.0,5525.0,5485.0,1560.0
2018.12.19,5500.0,-135.0,5605.0,5605.0,5500.0,930.0
2018.12.18,5635.0,-5.0,5635.0,5685.0,5580.0,367.0
2018.12.17,5640.0,-100.0,5750.0,5750.0,5590.0,175.0
2018.12.14,5740.0,-75.0,5845.0,5845.0,5720.0,97.0
2018.12.13,5815.0,0.0,5825.0,5870.0,5810.0,460.0
2018.12.12,5815.0,85.0,5815.0,5815.0,5765.0,4328.0
2018.12.11,5730.0,-10.0,5755.0,5780.0,5730.0,3890.0
2018.12.10,5740.0,-45.0,5780.0,5780.0,5740.0,519.0
2018.12.07,5785.0,-40.0,5820.0,5820.0,5755.0,1376.0
2018.12.06,5825.0,-70.0,5950.0,5950.0,5770.0,477.0
2018.12.05,5895.0,10.0,5900.0,5940.0,5885.0,1971.0
2018.12.04,5885.0,20.0,5845.0,5900.0,5805.0,3123.0
2018.12.03,5865.0,185.0,5665.0,5890.0,5660.0,19265.0
2018.11.30,5680.0,0.0,5620.0,5680.0,5580.0,584.0
2018.11.29,5680.0,-70.0,5760.0,5780.0,5675.0,5900.0
2018.11.28,5750.0,80.0,5675.0,5750.0,5630.0,1645.0
2018.11.27,5670.0,55.0,5675.0,5675.0,5670.0,1021.0
2018.11.26,5615.0,-135.0,5665.0,5675.0,5590.0,1238.0
2018.11.23,5750.0,-95.0,5800.0,5815.0,5700.0,2156.0
2018.11.22,5845.0,-30.0,5900.0,5900.0,5845.0,531.0
2018.11.21,5875.0,25.0,5820.0,5875.0,5800.0,2965.0
2018.11.20,5850.0,-155.0,5955.0,5975.0,5825.0,1858.0
2018.11.19,6005.0,-60.0,6040.0,6040.0,5905.0,2638.0
2018.11.16,6065.0,35.0,6080.0,6080.0,6030.0,1064.0
2018.11.15,6030.0,25.0,5995.0,6030.0,5990.0,544.0
2018.11.14,6005.0,0.0,6005.0,6020.0,6000.0,216.0
2018.11.13,6005.0,140.0,5865.0,6005.0,5810.0,8550.0
2018.11.12,5865.0,130.0,5715.0,5865.0,5710.0,1009.0
2018.11.09,5735.0,40.0,5715.0,5735.0,5690.0,3009.0
2018.11.08,5695.0,-105.0,5870.0,5870.0,5695.0,5706.0
2018.11.07,5800.0,105.0,5815.0,5815.0,5790.0,9762.0
2018.11.06,5695.0,-120.0,5815.0,5815.0,5680.0,4559.0
2018.11.05,5815.0,55.0,5770.0,5880.0,5740.0,6200.0
2018.11.02,5760.0,150.0,5610.0,5770.0,5575.0,9678.0
2018.11.01,5610.0,50.0,5580.0,5650.0,5565.0,786.0
2018.10.31,5560.0,30.0,5435.0,5560.0,5435.0,614.0
2018.10.30,5530.0,80.0,5370.0,5530.0,5330.0,1112.0
2018.10.29,5450.0,-50.0,5510.0,5510.0,5410.0,272.0
2018.10.26,5500.0,-20.0,5540.0,5570.0,5455.0,4711.0
2018.10.25,5520.0,-55.0,5500.0,5570.0,5420.0,1128.0
2018.10.24,5575.0,-20.0,5625.0,5665.0,5575.0,5751.0
2018.10.23,5595.0,-95.0,5740.0,5740.0,5540.0,10394.0
2018.10.22,5690.0,285.0,5410.0,5740.0,5410.0,15888.0
2018.10.19,5405.0,105.0,5290.0,5405.0,5215.0,970.0
2018.10.18,5300.0,-20.0,5290.0,5300.0,5270.0,2295.0
2018.10.17,5320.0,35.0,5310.0,5345.0,5275.0,1770.0
2018.10.16,5285.0,-200.0,5390.0,5460.0,5275.0,18251.0
2018.10.15,5485.0,-35.0,5545.0,5545.0,5475.0,2193.0
2018.10.12,5520.0,0.0,5510.0,5540.0,5395.0,3202.0
2018.10.11,5520.0,-360.0,5820.0,5820.0,5520.0,8623.0
2018.10.10,5880.0,-95.0,5865.0,5900.0,5820.0,2070.0
2018.10.08,5975.0,-155.0,6130.0,6130.0,5960.0,1671.0
2018.10.05,6130.0,0.0,6130.0,6185.0,6130.0,1206.0
2018.10.04,6130.0,60.0,6115.0,6180.0,6115.0,5665.0
2018.10.02,6070.0,-15.0,6060.0,6115.0,6060.0,5163.0
2018.10.01,6085.0,40.0,6085.0,6150.0,6060.0,12542.0
2018.09.28,6045.0,-20.0,6050.0,6050.0,6000.0,5359.0
2018.09.27,6065.0,-20.0,6085.0,6145.0,6020.0,246.0
2018.09.21,6085.0,45.0,6045.0,6130.0,6010.0,9790.0
2018.09.20,6040.0,0.0,6080.0,6085.0,6030.0,4982.0
2018.09.19,6040.0,140.0,5955.0,6085.0,5955.0,2510.0
2018.09.18,5900.0,10.0,5875.0,5900.0,5855.0,2591.0
2018.09.17,5890.0,-90.0,6075.0,6075.0,5865.0,7876.0
2018.09.14,5980.0,-55.0,6095.0,6095.0,5975.0,5704.0
2018.09.13,6035.0,-50.0,6055.0,6100.0,5990.0,13303.0
2018.09.12,6085.0,-5.0,6110.0,6115.0,6085.0,1531.0
2018.09.11,6090.0,-35.0,6100.0,6140.0,6065.0,731.0
2018.09.10,6125.0,-85.0,6205.0,6260.0,6120.0,2265.0
2018.09.07,6210.0,-20.0,6190.0,6350.0,6190.0,434.0
2018.09.06,6230.0,-65.0,6240.0,6250.0,6220.0,335.0
2018.09.05,6295.0,-45.0,6340.0,6400.0,6290.0,1223.0
2018.09.04,6340.0,90.0,6280.0,6340.0,6250.0,3599.0
2018.09.03,6250.0,-35.0,6395.0,6395.0,6155.0,7597.0
2018.08.31,6285.0,-45.0,6285.0,6290.0,6235.0,1279.0
2018.08.30,6330.0,-90.0,6450.0,6450.0,6310.0,764.0
2018.08.29,6420.0,-80.0,6500.0,6500.0,6420.0,527.0
2018.08.28,6500.0,15.0,6495.0,6520.0,6495.0,109.0
2018.08.27,6485.0,170.0,6340.0,6490.0,6340.0,3189.0
2018.08.24,6315.0,-35.0,6295.0,6355.0,6260.0,3773.0
2018.08.23,6350.0,65.0,6295.0,6350.0,6275.0,93.0
2018.08.22,6285.0,-80.0,6365.0,6365.0,6280.0,5269.0
2018.08.21,6365.0,130.0,6250.0,6380.0,6250.0,9189.0
2018.08.20,6235.0,-60.0,6300.0,6300.0,6120.0,3267.0
2018.08.17,6295.0,-140.0,6420.0,6485.0,6265.0,14439.0
2018.08.16,6435.0,-210.0,6465.0,6485.0,6345.0,3967.0
2018.08.14,6645.0,-40.0,6740.0,6750.0,6640.0,370.0
2018.08.13,6685.0,90.0,6590.0,6685.0,6590.0,2831.0
2018.08.10,6595.0,20.0,6570.0,6630.0,6570.0,8387.0
2018.08.09,6575.0,190.0,6485.0,6575.0,6325.0,1970.0
2018.08.08,6385.0,-55.0,6500.0,6500.0,6345.0,3114.0
2018.08.07,6440.0,100.0,6395.0,6440.0,6310.0,1220.0
2018.08.06,6340.0,-230.0,6575.0,6575.0,6340.0,4005.0
2018.08.03,6570.0,-30.0,6615.0,6655.0,6555.0,1377.0
2018.08.02,6600.0,-205.0,6815.0,6815.0,6545.0,8866.0
2018.08.01,6805.0,-20.0,6860.0,6905.0,6805.0,2084.0
2018.07.31,6825.0,-10.0,6865.0,6880.0,6815.0,1079.0
2018.07.30,6835.0,-200.0,6995.0,6995.0,6815.0,2996.0
2018.07.27,7035.0,-65.0,7045.0,7055.0,7010.0,371.0
2018.07.26,7100.0,-50.0,7155.0,7155.0,7100.0,122.0
2018.07.25,7150.0,-85.0,7245.0,7245.0,7150.0,50.0
2018.07.24,7235.0,70.0,7180.0,7280.0,7180.0,24.0
2018.07.23,7165.0,-50.0,7175.0,7175.0,7025.0,303.0
2018.07.20,7215.0,60.0,7125.0,7215.0,7065.0,241.0
2018.07.19,7155.0,-125.0,7255.0,7255.0,7075.0,61.0
2018.07.18,7280.0,15.0,7310.0,7310.0,7280.0,41.0
2018.07.17,7265.0,-15.0,7280.0,7280.0,7205.0,33.0
2018.07.16,7280.0,20.0,7260.0,7285.0,7190.0,12619.0
2018.07.13,7260.0,35.0,7230.0,7300.0,7230.0,286.0
2018.07.12,7225.0,200.0,7070.0,7265.0,7070.0,1216.0
2018.07.11,7025.0,-105.0,7140.0,7140.0,6945.0,5139.0
2018.07.10,7130.0,125.0,7120.0,7140.0,7115.0,857.0
2018.07.09,7005.0,20.0,6940.0,7060.0,6940.0,162.0
2018.07.06,6985.0,25.0,7060.0,7060.0,6835.0,1659.0
2018.07.05,6960.0,-105.0,7110.0,7110.0,6960.0,288.0
2018.07.04,7065.0,-120.0,7155.0,7215.0,7065.0,496.0
2018.07.03,7185.0,115.0,7145.0,7185.0,6995.0,5839.0
2018.07.02,7070.0,-130.0,7125.0,7225.0,7070.0,289.0
2018.06.29,7200.0,140.0,7060.0,7220.0,7010.0,386.0
2018.06.28,7060.0,160.0,6960.0,7125.0,6890.0,8173.0
2018.06.27,6900.0,-220.0,7135.0,7135.0,6900.0,17976.0
2018.06.26,7120.0,35.0,7125.0,7130.0,6920.0,8940.0
2018.06.25,7085.0,60.0,7115.0,7160.0,7085.0,7738.0
2018.06.22,7025.0,75.0,6945.0,7080.0,6910.0,775.0
2018.06.21,6950.0,-245.0,7185.0,7185.0,6950.0,3548.0
2018.06.20,7195.0,70.0,7150.0,7200.0,7015.0,3179.0
2018.06.19,7125.0,-435.0,7620.0,7620.0,7125.0,9134.0
2018.06.18,7560.0,15.0,7545.0,7580.0,7500.0,1631.0
2018.06.15,7545.0,-90.0,7645.0,7645.0,7490.0,4249.0
2018.06.14,7635.0,-40.0,7600.0,7670.0,7410.0,2859.0
2018.06.12,7675.0,40.0,7630.0,7675.0,7585.0,2363.0
2018.06.11,7635.0,-65.0,7555.0,7680.0,7555.0,3856.0
2018.06.08,7700.0,-75.0,7775.0,7775.0,7665.0,12643.0
2018.06.07,7775.0,55.0,7860.0,7860.0,7775.0,1565.0
2018.06.05,7720.0,70.0,7725.0,7775.0,7670.0,5328.0
2018.06.04,7650.0,0.0,7650.0,7650.0,7585.0,1173.0
2018.06.01,7650.0,-225.0,7875.0,7875.0,7650.0,2546.0
2018.05.31,7875.0,5.0,7830.0,7875.0,7730.0,6535.0
2018.05.30,7870.0,-245.0,8090.0,8090.0,7835.0,12105.0
2018.05.29,8115.0,0.0,8160.0,8165.0,8085.0,195.0
2018.05.28,8115.0,-55.0,8225.0,8230.0,8115.0,1274.0
2018.05.25,8170.0,-200.0,8400.0,8400.0,8170.0,764.0
2018.05.24,8370.0,-40.0,8375.0,8380.0,8325.0,733.0
2018.05.23,8410.0,-75.0,8505.0,8515.0,8370.0,360.0
2018.05.21,8485.0,165.0,8345.0,8500.0,8345.0,5439.0
2018.05.18,8320.0,-30.0,8110.0,8320.0,8110.0,793.0
2018.05.17,8350.0,-50.0,8420.0,8420.0,8350.0,263.0
2018.05.16,8400.0,65.0,8365.0,8420.0,8355.0,1374.0
2018.05.15,8335.0,60.0,8350.0,8350.0,8215.0,1923.0
2018.05.14,8275.0,-75.0,8335.0,8335.0,8255.0,97.0
2018.05.11,8350.0,0.0,8550.0,8550.0,8260.0,5357.0
2018.05.10,8350.0,-80.0,8550.0,8550.0,8350.0,709.0
2018.05.09,8430.0,65.0,8400.0,8495.0,8375.0,7118.0
2018.05.08,8365.0,85.0,8450.0,8450.0,8345.0,2741.0
2018.05.04,8280.0,-20.0,8350.0,8350.0,8230.0,1503.0
2018.05.03,8300.0,120.0,8075.0,8300.0,8050.0,2402.0
2018.05.02,8180.0,-20.0,8375.0,8375.0,8150.0,2248.0
2018.04.30,8200.0,-60.0,8240.0,8250.0,8120.0,6426.0
2018.04.27,8260.0,10.0,8155.0,8260.0,8155.0,239.0
2018.04.26,8250.0,-160.0,8295.0,8310.0,8200.0,294.0
2018.04.25,8410.0,125.0,8285.0,8410.0,8255.0,2670.0
2018.04.24,8285.0,350.0,8050.0,8285.0,7905.0,3592.0
2018.04.23,7935.0,-255.0,8190.0,8210.0,7930.0,9448.0
2018.04.20,8190.0,-105.0,8175.0,8375.0,8175.0,2704.0
2018.04.19,8295.0,-5.0,8425.0,8425.0,8235.0,3397.0
2018.04.18,8300.0,85.0,8195.0,8305.0,8025.0,6439.0
2018.04.17,8215.0,-210.0,8365.0,8465.0,8190.0,4559.0
2018.04.16,8425.0,45.0,8180.0,8445.0,8180.0,1658.0
2018.04.13,8380.0,-80.0,8560.0,8560.0,8360.0,897.0
2018.04.12,8460.0,60.0,8580.0,8580.0,8350.0,83.0
2018.04.11,8400.0,100.0,8620.0,8620.0,8385.0,598.0
2018.04.10,8300.0,-120.0,8500.0,8500.0,8235.0,762.0
2018.04.09,8420.0,30.0,8550.0,8550.0,8330.0,896.0
2018.04.06,8390.0,-110.0,8405.0,8405.0,8300.0,10555.0
2018.04.05,8500.0,130.0,8450.0,8500.0,8360.0,1725.0
2018.04.04,8370.0,0.0,8420.0,8485.0,8370.0,3846.0
2018.04.03,8370.0,-260.0,8500.0,8525.0,8370.0,2623.0
2018.04.02,8630.0,75.0,8615.0,8980.0,8500.0,10902.0
2018.03.30,8555.0,200.0,8300.0,8555.0,8300.0,1711.0
2018.03.29,8355.0,-85.0,8320.0,8400.0,8320.0,1151.0
2018.03.28,8440.0,70.0,8400.0,8465.0,8365.0,1020.0
2018.03.27,8370.0,195.0,8160.0,8460.0,8160.0,4837.0
2018.03.26,8175.0,280.0,7965.0,8175.0,7840.0,2093.0
2018.03.23,7895.0,-425.0,8240.0,8320.0,7895.0,2477.0
2018.03.22,8320.0,-150.0,8335.0,8360.0,8225.0,1857.0
2018.03.21,8470.0,45.0,8425.0,8520.0,8385.0,2094.0
2018.03.20,8425.0,10.0,8165.0,8425.0,8165.0,733.0
2018.03.19,8415.0,65.0,8345.0,8450.0,8310.0,1072.0
2018.03.16,8350.0,120.0,8145.0,8400.0,8145.0,769.0
2018.03.15,8230.0,-145.0,8300.0,8380.0,8190.0,2410.0
2018.03.14,8375.0,-115.0,8455.0,8495.0,8375.0,2168.0
2018.03.13,8490.0,-40.0,8305.0,8600.0,8305.0,6159.0
2018.03.12,8530.0,190.0,8360.0,8545.0,8350.0,11652.0
2018.03.09,8340.0,255.0,8085.0,8345.0,8080.0,17311.0
2018.03.08,8085.0,0.0,8080.0,8085.0,8060.0,7383.0
2018.03.07,8085.0,-85.0,8110.0,8115.0,8085.0,8243.0
2018.03.06,8170.0,15.0,8225.0,8250.0,8160.0,25159.0
2018.03.05,8155.0,80.0,8150.0,8200.0,8030.0,6561.0
2018.03.02,8075.0,45.0,8150.0,8205.0,7830.0,17892.0
2018.02.28,8030.0,45.0,7990.0,8160.0,7880.0,6264.0
2018.02.27,7985.0,90.0,7805.0,7990.0,7805.0,3264.0
2018.02.26,7895.0,205.0,7545.0,7900.0,7545.0,3234.0
2018.02.23,7690.0,-40.0,7750.0,7750.0,7605.0,1114.0
2018.02.22,7730.0,155.0,7530.0,7745.0,7530.0,2664.0
2018.02.21,7575.0,20.0,7700.0,7700.0,7540.0,2689.0
2018.02.20,7555.0,15.0,7545.0,7555.0,7445.0,666.0
2018.02.19,7540.0,55.0,7485.0,7700.0,7405.0,2488.0
2018.02.14,7485.0,-160.0,7640.0,7640.0,7485.0,5113.0
2018.02.13,7645.0,5.0,7640.0,7695.0,7640.0,1097.0
2018.02.12,7640.0,180.0,7435.0,7645.0,7400.0,2447.0
2018.02.09,7460.0,-155.0,7505.0,7660.0,7385.0,19339.0
2018.02.08,7615.0,25.0,7615.0,7650.0,7555.0,2111.0
2018.02.07,7590.0,-30.0,7530.0,7590.0,7390.0,34016.0
2018.02.06,7620.0,-240.0,7880.0,7880.0,7615.0,16632.0
2018.02.05,7860.0,-100.0,7885.0,7955.0,7825.0,6475.0
2018.02.02,7960.0,85.0,7830.0,8020.0,7760.0,14246.0
2018.02.01,7875.0,-105.0,8010.0,8055.0,7800.0,12986.0
2018.01.31,7980.0,-155.0,8180.0,8180.0,7965.0,10901.0
2018.01.30,8135.0,-110.0,8260.0,8260.0,8135.0,5441.0
2018.01.29,8245.0,-60.0,8295.0,8300.0,8190.0,14957.0
2018.01.26,8305.0,5.0,8295.0,8305.0,8180.0,11569.0
2018.01.25,8300.0,90.0,8240.0,8405.0,8210.0,47732.0
2018.01.24,8210.0,190.0,8020.0,8220.0,7970.0,2549.0
2018.01.23,8020.0,30.0,8010.0,8020.0,7960.0,9135.0
2018.01.22,7990.0,185.0,7745.0,7990.0,7745.0,3478.0
2018.01.19,7805.0,-35.0,7865.0,7865.0,7805.0,1281.0
2018.01.18,7840.0,25.0,7825.0,7840.0,7770.0,1077.0
2018.01.17,7815.0,70.0,7775.0,7820.0,7640.0,6146.0
2018.01.16,7745.0,-70.0,7775.0,7825.0,7740.0,4654.0
2018.01.15,7815.0,-170.0,7960.0,7960.0,7810.0,13656.0
2018.01.12,7985.0,-15.0,7990.0,7990.0,7870.0,4457.0
2018.01.11,8000.0,50.0,7995.0,8000.0,7930.0,1008.0
2018.01.10,7950.0,-70.0,8000.0,8000.0,7940.0,1751.0
2018.01.09,8020.0,-35.0,8055.0,8055.0,8010.0,1512.0
2018.01.08,8055.0,30.0,8020.0,8055.0,7915.0,7210.0
2018.01.05,8025.0,65.0,7965.0,8040.0,7965.0,504.0
2018.01.04,7960.0,30.0,8005.0,8005.0,7950.0,2686.0
2018.01.03,7930.0,100.0,7835.0,7940.0,7835.0,526.0
2018.01.02,7830.0,55.0,7820.0,7850.0,7805.0,3548.0
2017.12.28,7775.0,-20.0,7780.0,7800.0,7750.0,337.0
2017.12.27,7795.0,-5.0,7795.0,7835.0,7760.0,889.0
2017.12.26,7800.0,-195.0,7900.0,7900.0,7795.0,1830.0
2017.12.22,7995.0,15.0,7990.0,8020.0,7900.0,371.0
2017.12.21,7980.0,20.0,7905.0,7980.0,7865.0,385.0
2017.12.20,7960.0,-40.0,8000.0,8005.0,7960.0,760.0
2017.12.19,8000.0,90.0,7865.0,8000.0,7860.0,385.0
2017.12.18,7910.0,-70.0,7980.0,7980.0,7900.0,323.0
2017.12.15,7980.0,5.0,8055.0,8055.0,7965.0,978.0
2017.12.14,7975.0,-30.0,8075.0,8075.0,7975.0,263.0
2017.12.13,8005.0,-100.0,8100.0,8100.0,7980.0,639.0
2017.12.12,8105.0,0.0,8175.0,8175.0,8105.0,866.0
2017.12.11,8105.0,30.0,8050.0,8105.0,8050.0,1301.0
2017.12.08,8075.0,75.0,8010.0,8085.0,8010.0,188.0
2017.12.07,8000.0,100.0,8040.0,8040.0,7950.0,78.0
2017.12.06,7900.0,50.0,7850.0,7900.0,7835.0,516.0
2017.12.05,7850.0,-215.0,8050.0,8050.0,7845.0,3669.0
2017.12.04,8065.0,90.0,7985.0,8090.0,7985.0,336.0
2017.12.01,7975.0,35.0,7950.0,8080.0,7900.0,1327.0
2017.11.30,7940.0,20.0,7845.0,8030.0,7845.0,477.0
2017.11.29,7920.0,-80.0,8020.0,8025.0,7915.0,1223.0
2017.11.28,8000.0,15.0,7920.0,8000.0,7915.0,8949.0
2017.11.27,7985.0,-75.0,7995.0,8010.0,7945.0,1352.0
2017.11.24,8060.0,5.0,8075.0,8075.0,8015.0,4083.0
2017.11.23,8055.0,-200.0,8195.0,8300.0,8055.0,3928.0
2017.11.22,8255.0,-60.0,8365.0,8365.0,8255.0,4396.0
2017.11.21,8315.0,15.0,8365.0,8855.0,8315.0,8884.0
2017.11.20,8300.0,30.0,8260.0,8300.0,8080.0,1679.0
2017.11.17,8270.0,-150.0,8400.0,8445.0,8270.0,1206.0
2017.11.16,8420.0,-55.0,8445.0,8490.0,8415.0,5622.0
2017.11.15,8475.0,-170.0,8620.0,8675.0,8475.0,1740.0
2017.11.14,8645.0,0.0,8690.0,8730.0,8645.0,787.0
2017.11.13,8645.0,-50.0,8695.0,8715.0,8645.0,4102.0
2017.11.10,8695.0,135.0,8600.0,8710.0,8580.0,2305.0
2017.11.09,8560.0,20.0,8495.0,8560.0,8495.0,1054.0
2017.11.08,8540.0,115.0,8460.0,8540.0,8460.0,1819.0
2017.11.07,8425.0,15.0,8405.0,8445.0,8400.0,2164.0
2017.11.06,8410.0,45.0,8410.0,8410.0,8365.0,737.0
2017.11.03,8365.0,-130.0,8480.0,8485.0,8365.0,1196.0
2017.11.02,8495.0,-110.0,8610.0,8615.0,8495.0,339.0
2017.11.01,8605.0,65.0,8595.0,8615.0,8575.0,930.0
2017.10.31,8540.0,-60.0,8555.0,8600.0,8500.0,6791.0
2017.10.30,8600.0,-185.0,8790.0,8790.0,8540.0,5044.0
2017.10.27,8785.0,-45.0,8815.0,8860.0,8780.0,2313.0
2017.10.26,8830.0,60.0,8840.0,8850.0,8830.0,446.0
2017.10.25,8770.0,20.0,8780.0,8830.0,8765.0,1474.0
2017.10.24,8750.0,-15.0,8800.0,8800.0,8750.0,237.0
2017.10.23,8765.0,65.0,8765.0,8815.0,8730.0,665.0
2017.10.20,8700.0,15.0,8675.0,8700.0,8625.0,2579.0
2017.10.19,8685.0,-55.0,8710.0,8745.0,8640.0,482.0
2017.10.18,8740.0,-35.0,8740.0,8805.0,8715.0,232.0
2017.10.17,8775.0,-50.0,8810.0,8810.0,8755.0,1299.0
2017.10.16,8825.0,-125.0,8950.0,8950.0,8825.0,233.0
2017.10.13,8950.0,105.0,8795.0,8950.0,8795.0,339.0
2017.10.12,8845.0,-95.0,8920.0,8940.0,8845.0,36.0
2017.10.11,8940.0,-40.0,8980.0,8990.0,8940.0,1527.0
2017.10.10,8980.0,260.0,8795.0,8985.0,8795.0,2392.0
2017.09.29,8720.0,0.0,8730.0,8730.0,8720.0,21.0
2017.09.28,8720.0,95.0,8670.0,8730.0,8670.0,210.0
2017.09.27,8625.0,30.0,8625.0,8625.0,8620.0,1214.0
2017.09.26,8595.0,-70.0,8650.0,8650.0,8595.0,189.0
2017.09.25,8665.0,-145.0,8665.0,8765.0,8635.0,1613.0
2017.09.22,8810.0,-25.0,8820.0,8830.0,8720.0,1043.0
2017.09.21,8835.0,30.0,8855.0,8900.0,8835.0,859.0
2017.09.20,8805.0,-25.0,8840.0,8840.0,8775.0,1123.0
2017.09.19,8830.0,-20.0,8825.0,8845.0,8780.0,3235.0
2017.09.18,8850.0,10.0,8875.0,8875.0,8765.0,250.0
2017.09.15,8840.0,-30.0,8870.0,8895.0,8830.0,3010.0
2017.09.14,8870.0,-10.0,8880.0,8940.0,8865.0,881.0
2017.09.13,8880.0,-50.0,8885.0,8885.0,8835.0,183.0
2017.09.12,8930.0,-10.0,8940.0,8955.0,8870.0,1490.0
2017.09.11,8940.0,-20.0,8960.0,8960.0,8900.0,609.0
2017.09.08,8960.0,-5.0,8925.0,9000.0,8925.0,2848.0
2017.09.07,8965.0,5.0,8960.0,9020.0,8960.0,1008.0
2017.09.06,8960.0,65.0,8895.0,8960.0,8830.0,4096.0
2017.09.05,8895.0,60.0,8835.0,8905.0,8805.0,1980.0
2017.09.04,8835.0,230.0,8620.0,8835.0,8620.0,16875.0
2017.09.01,8605.0,-10.0,8615.0,8615.0,8535.0,3190.0
2017.08.31,8615.0,45.0,8565.0,8615.0,8560.0,1662.0
2017.08.30,8570.0,20.0,8550.0,8570.0,8500.0,1356.0
2017.08.29,8550.0,35.0,8520.0,8590.0,8520.0,3133.0
2017.08.28,8515.0,160.0,8365.0,8550.0,8365.0,3185.0
2017.08.25,8355.0,110.0,8325.0,8355.0,8240.0,1607.0
2017.08.24,8245.0,-90.0,8370.0,8380.0,8245.0,848.0
2017.08.23,8335.0,-85.0,8440.0,8445.0,8320.0,2041.0
2017.08.22,8420.0,-30.0,8465.0,8500.0,8420.0,1970.0
2017.08.21,8450.0,-20.0,8550.0,8550.0,8435.0,644.0
2017.08.18,8470.0,-50.0,8505.0,8520.0,8470.0,1141.0
2017.08.17,8520.0,30.0,8480.0,8525.0,8405.0,8605.0
2017.08.16,8490.0,190.0,8345.0,8490.0,8285.0,12381.0
2017.08.14,8300.0,110.0,8145.0,8325.0,8135.0,2452.0
2017.08.11,8190.0,0.0,8190.0,8265.0,8125.0,6874.0
2017.08.10,8190.0,65.0,8185.0,8285.0,8180.0,2873.0
2017.08.09,8125.0,95.0,8075.0,8165.0,8055.0,8673.0
2017.08.08,8030.0,75.0,7990.0,8040.0,7890.0,2650.0
2017.08.07,7955.0,35.0,7920.0,7955.0,7900.0,1881.0
2017.08.04,7920.0,-20.0,8005.0,8005.0,7905.0,3665.0
2017.08.03,7940.0,25.0,7940.0,8020.0,7920.0,1592.0
2017.08.02,7915.0,0.0,7945.0,7945.0,7875.0,3524.0
2017.08.01,7915.0,-10.0,7935.0,7935.0,7835.0,10552.0
2017.07.31,7925.0,15.0,7945.0,7945.0,7865.0,11487.0
2017.07.28,7910.0,55.0,7925.0,7925.0,7860.0,6152.0
2017.07.27,7855.0,215.0,7625.0,7885.0,7610.0,3458.0
2017.07.26,7640.0,-5.0,7685.0,7685.0,7605.0,6085.0
2017.07.25,7645.0,-10.0,7645.0,7690.0,7620.0,2725.0
2017.07.24,7655.0,-30.0,7685.0,7685.0,7585.0,2879.0
2017.07.21,7685.0,-70.0,7735.0,7735.0,7685.0,6381.0
2017.07.20,7755.0,85.0,7650.0,7825.0,7650.0,6743.0
2017.07.19,7670.0,40.0,7630.0,7670.0,7580.0,16382.0
2017.07.18,7630.0,-10.0,7605.0,7630.0,7520.0,10214.0
2017.07.17,7640.0,-385.0,8015.0,8015.0,7625.0,17214.0
2017.07.14,8025.0,-185.0,8195.0,8195.0,8025.0,2693.0
2017.07.13,8210.0,-60.0,8255.0,8255.0,8200.0,1084.0
2017.07.12,8270.0,-50.0,8315.0,8315.0,8190.0,941.0
2017.07.11,8320.0,-90.0,8395.0,8395.0,8300.0,1707.0
2017.07.10,8410.0,-115.0,8525.0,8525.0,8400.0,173.0
2017.07.07,8525.0,10.0,8515.0,8525.0,8515.0,329.0
2017.07.06,8515.0,35.0,8490.0,8530.0,8445.0,174.0
2017.07.05,8480.0,70.0,8430.0,8495.0,8430.0,714.0
2017.07.04,8410.0,-50.0,8535.0,8535.0,8410.0,5065.0
2017.07.03,8460.0,0.0,8455.0,8460.0,8400.0,5553.0
2017.06.30,8460.0,60.0,8400.0,8460.0,8325.0,4454.0
2017.06.29,8400.0,70.0,8330.0,8435.0,8300.0,6396.0
2017.06.28,8330.0,-10.0,8390.0,8390.0,8280.0,421.0
2017.06.27,8340.0,90.0,8340.0,8340.0,8245.0,476.0
2017.06.26,8250.0,10.0,8295.0,8295.0,8230.0,1297.0
2017.06.23,8240.0,-115.0,8275.0,8280.0,8110.0,1724.0
2017.06.22,8355.0,35.0,8350.0,8400.0,8350.0,3483.0
2017.06.21,8320.0,10.0,8310.0,8340.0,8275.0,8595.0
2017.06.20,8310.0,10.0,8325.0,8335.0,8300.0,12519.0
2017.06.19,8300.0,35.0,8325.0,8325.0,8235.0,1085.0
2017.06.16,8265.0,35.0,8275.0,8320.0,8260.0,1268.0
2017.06.15,8230.0,50.0,8160.0,8270.0,8150.0,2600.0
2017.06.14,8180.0,25.0,8225.0,8225.0,8135.0,574.0
2017.06.13,8155.0,15.0,8130.0,8155.0,8120.0,2683.0
2017.06.12,8140.0,-40.0,8220.0,8220.0,8140.0,790.0
2017.06.09,8180.0,0.0,8190.0,8190.0,8075.0,10675.0
2017.06.08,8180.0,30.0,8225.0,8235.0,8150.0,15642.0
2017.06.07,8150.0,180.0,7990.0,8170.0,7960.0,8278.0
2017.06.05,7970.0,60.0,7945.0,7970.0,7870.0,1407.0
2017.06.02,7910.0,25.0,7810.0,7910.0,7750.0,8492.0
2017.06.01,7885.0,-75.0,7975.0,7980.0,7885.0,2885.0
2017.05.31,7960.0,10.0,7925.0,8000.0,7915.0,5292.0
2017.05.30,7950.0,40.0,7915.0,7950.0,7905.0,6568.0
2017.05.29,7910.0,15.0,7905.0,7910.0,7905.0,1516.0
2017.05.26,7895.0,-50.0,7930.0,7955.0,7870.0,2491.0
2017.05.25,7945.0,0.0,7975.0,7975.0,7785.0,13894.0
2017.05.24,7945.0,40.0,7920.0,7945.0,7820.0,5316.0
2017.05.23,7905.0,-115.0,8000.0,8000.0,7895.0,2774.0
2017.05.22,8020.0,-45.0,8105.0,8105.0,7990.0,1198.0
2017.05.19,8065.0,-80.0,8185.0,8190.0,8065.0,1603.0
2017.05.18,8145.0,5.0,8190.0,8190.0,8115.0,517.0
2017.05.17,8140.0,55.0,8110.0,8160.0,8110.0,4572.0
2017.05.16,8085.0,100.0,7950.0,8085.0,7855.0,2891.0
2017.05.15,7985.0,50.0,7940.0,8000.0,7940.0,87.0
2017.05.12,7935.0,15.0,7965.0,7965.0,7850.0,1921.0
2017.05.11,7920.0,-190.0,8040.0,8040.0,7815.0,9043.0
2017.05.10,8110.0,-30.0,8140.0,8175.0,8070.0,3930.0
2017.05.08,8140.0,-190.0,8280.0,8280.0,8075.0,4617.0
2017.05.04,8330.0,-35.0,8350.0,8375.0,8295.0,1620.0
2017.05.02,8365.0,0.0,8425.0,8425.0,8315.0,2048.0
2017.04.28,8365.0,95.0,8335.0,8370.0,8300.0,1333.0
2017.04.27,8270.0,145.0,8135.0,8270.0,8050.0,9276.0
2017.04.26,8125.0,-20.0,8135.0,8155.0,8110.0,8857.0
2017.04.25,8145.0,-165.0,8135.0,8270.0,8135.0,9441.0
2017.04.24,8310.0,0.0,8435.0,8435.0,8245.0,9353.0
2017.04.21,8310.0,-20.0,8375.0,8380.0,8300.0,4574.0
2017.04.20,8330.0,25.0,8320.0,8400.0,8320.0,2026.0
2017.04.19,8305.0,-195.0,8460.0,8460.0,8280.0,7110.0
2017.04.18,8500.0,50.0,8440.0,8555.0,8440.0,5616.0
2017.04.17,8450.0,-125.0,8560.0,8560.0,8420.0,1412.0
2017.04.14,8575.0,-20.0,8590.0,8665.0,8550.0,409.0
2017.04.13,8595.0,-60.0,8550.0,8620.0,8550.0,1178.0
2017.04.12,8655.0,-5.0,8695.0,8745.0,8655.0,1041.0
2017.04.11,8660.0,-55.0,8710.0,8710.0,8590.0,2065.0
2017.04.10,8715.0,-45.0,8760.0,8760.0,8665.0,44.0
2017.04.07,8760.0,10.0,8780.0,8805.0,8750.0,2478.0
2017.04.06,8750.0,75.0,8725.0,8750.0,8700.0,20430.0
2017.04.05,8675.0,150.0,8590.0,8730.0,8555.0,3389.0
2017.04.04,8525.0,20.0,8495.0,8525.0,8495.0,903.0
2017.04.03,8505.0,10.0,8535.0,8535.0,8475.0,664.0
2017.03.31,8495.0,20.0,8460.0,8500.0,8455.0,347.0
2017.03.30,8475.0,-165.0,8590.0,8590.0,8450.0,4591.0
2017.03.29,8640.0,0.0,8665.0,8665.0,8580.0,1473.0
2017.03.28,8640.0,-65.0,8685.0,8685.0,8635.0,2012.0
2017.03.27,8705.0,-95.0,8835.0,8835.0,8685.0,2283.0
2017.03.24,8800.0,120.0,8770.0,8815.0,8705.0,102.0
2017.03.23,8680.0,-115.0,8725.0,8760.0,8680.0,2864.0
2017.03.22,8795.0,5.0,8850.0,8850.0,8750.0,1018.0
2017.03.21,8790.0,15.0,8765.0,8790.0,8710.0,1321.0
2017.03.20,8775.0,-95.0,8820.0,8820.0,8715.0,791.0
2017.03.17,8870.0,-55.0,8900.0,8970.0,8870.0,1266.0
2017.03.16,8925.0,30.0,8855.0,8935.0,8825.0,5762.0
2017.03.15,8895.0,-100.0,8950.0,8950.0,8895.0,89.0
2017.03.14,8995.0,-35.0,8955.0,8995.0,8955.0,201.0
2017.03.13,9030.0,0.0,9035.0,9040.0,8930.0,4324.0
2017.03.10,9030.0,25.0,9025.0,9035.0,9000.0,366.0
2017.03.09,9005.0,0.0,9015.0,9050.0,9005.0,4242.0
2017.03.08,9005.0,-65.0,9060.0,9100.0,9005.0,1193.0
2017.03.07,9070.0,-50.0,9100.0,9110.0,8975.0,1558.0
2017.03.06,9120.0,215.0,8910.0,9120.0,8910.0,21755.0
2017.03.03,8905.0,75.0,8875.0,8905.0,8830.0,2735.0
2017.03.02,8830.0,65.0,8895.0,8895.0,8830.0,199.0
2017.02.28,8765.0,-30.0,8805.0,8805.0,8750.0,7111.0
2017.02.27,8795.0,5.0,8810.0,8840.0,8795.0,322.0
2017.02.24,8790.0,40.0,8810.0,8810.0,8775.0,112.0
2017.02.23,8750.0,-30.0,8805.0,8820.0,8700.0,658.0
2017.02.22,8780.0,-60.0,8830.0,8830.0,8750.0,1161.0
2017.02.21,8840.0,140.0,8745.0,8865.0,8720.0,2007.0
2017.02.20,8700.0,-15.0,8735.0,8735.0,8680.0,951.0
2017.02.17,8715.0,-15.0,8775.0,8780.0,8675.0,474.0
2017.02.16,8730.0,-35.0,8655.0,8730.0,8640.0,686.0
2017.02.15,8765.0,5.0,8785.0,8805.0,8765.0,818.0
2017.02.14,8760.0,-110.0,8875.0,8875.0,8750.0,5241.0
2017.02.13,8870.0,10.0,8825.0,8875.0,8770.0,292.0
2017.02.10,8860.0,50.0,8865.0,8900.0,8835.0,430.0
2017.02.09,8810.0,90.0,8810.0,8810.0,8775.0,1040.0
2017.02.08,8720.0,0.0,8720.0,8720.0,8690.0,155.0
2017.02.07,8720.0,-10.0,8745.0,8770.0,8650.0,176.0
2017.02.06,8730.0,25.0,8650.0,8745.0,8620.0,7268.0
2017.02.03,8705.0,-25.0,8730.0,8730.0,8660.0,604.0
2017.02.02,8730.0,-80.0,8920.0,8920.0,8710.0,828.0
2017.02.01,8810.0,-25.0,8780.0,8810.0,8770.0,5126.0
2017.01.31,8835.0,45.0,8890.0,8895.0,8810.0,4067.0
2017.01.26,8790.0,-15.0,8750.0,8795.0,8725.0,1593.0
2017.01.25,8805.0,25.0,8835.0,8835.0,8760.0,1436.0
2017.01.24,8780.0,-95.0,8830.0,8905.0,8775.0,242.0
2017.01.23,8875.0,-25.0,8900.0,8900.0,8830.0,6309.0
2017.01.20,8900.0,100.0,8780.0,8920.0,8710.0,5062.0
2017.01.19,8800.0,65.0,8835.0,8835.0,8755.0,301.0
2017.01.18,8735.0,-105.0,8910.0,8910.0,8710.0,897.0
2017.01.17,8840.0,325.0,8660.0,8840.0,8575.0,5570.0
2017.01.16,8515.0,-460.0,9000.0,9000.0,8515.0,5518.0
2017.01.13,8975.0,-185.0,9155.0,9165.0,8975.0,14394.0
2017.01.12,9160.0,-175.0,9220.0,9220.0,9145.0,1217.0
2017.01.11,9335.0,-5.0,9395.0,9395.0,9225.0,4389.0
2017.01.10,9340.0,-125.0,9450.0,9450.0,9325.0,1876.0
2017.01.09,9465.0,30.0,9350.0,9475.0,9350.0,1857.0
2017.01.06,9435.0,-70.0,9500.0,9520.0,9410.0,1087.0
2017.01.05,9505.0,-70.0,9575.0,9575.0,9500.0,1668.0
2017.01.04,9575.0,130.0,9490.0,9575.0,9425.0,14493.0
2017.01.03,9445.0,-40.0,9485.0,9485.0,9425.0,9321.0
2017.01.02,9485.0,55.0,9265.0,9485.0,9265.0,1393.0
2016.12.29,9430.0,20.0,9500.0,9520.0,9410.0,174841.0
2016.12.28,9410.0,-50.0,9460.0,9520.0,9410.0,157535.0
2016.12.27,9460.0,30.0,9435.0,9515.0,9435.0,160899.0
2016.12.26,9430.0,-20.0,9450.0,9450.0,9285.0,176599.0
2016.12.23,9450.0,-35.0,9505.0,9595.0,9450.0,161441.0
2016.12.22,9485.0,60.0,9550.0,9550.0,9470.0,157927.0
2016.12.21,9425.0,25.0,9490.0,9530.0,9420.0,172260.0
2016.12.20,9400.0,10.0,9425.0,9460.0,9350.0,175529.0
2016.12.19,9390.0,-110.0,9415.0,9500.0,9390.0,171070.0
2016.12.16,9500.0,200.0,9305.0,9500.0,9305.0,175631.0
2016.12.15,9300.0,20.0,9245.0,9380.0,9245.0,164273.0
2016.12.14,9280.0,-40.0,9325.0,9335.0,9160.0,166671.0
2016.12.13,9320.0,-100.0,9355.0,9355.0,9230.0,174078.0
2016.12.12,9420.0,-460.0,9835.0,9945.0,9400.0,176669.0
2016.12.09,9880.0,-70.0,9925.0,9985.0,9870.0,165020.0
2016.12.08,9950.0,-85.0,9990.0,10035.0,9880.0,179300.0
2016.12.07,10035.0,-20.0,9985.0,10075.0,9955.0,186216.0
2016.12.06,10055.0,-95.0,10240.0,10240.0,9335.0,248941.0
2016.12.05,10150.0,-45.0,10160.0,10245.0,10100.0,153372.0
2016.12.02,10195.0,-75.0,10220.0,10355.0,10185.0,167945.0
2016.12.01,10270.0,-40.0,10380.0,10380.0,10270.0,173933.0
2016.11.30,10310.0,55.0,10135.0,10345.0,10135.0,179842.0
2016.11.29,10255.0,15.0,10285.0,10285.0,10115.0,163536.0
2016.11.28,10240.0,0.0,10240.0,10265.0,10160.0,174730.0
2016.11.25,10240.0,20.0,10275.0,10275.0,10100.0,146492.0
2016.11.24,10220.0,-115.0,10120.0,10340.0,10120.0,160958.0
2016.11.23,10335.0,100.0,10250.0,10395.0,10240.0,177806.0
2016.11.22,10235.0,-80.0,10380.0,10380.0,10180.0,148388.0
2016.11.21,10315.0,-45.0,10420.0,10420.0,10255.0,158711.0
2016.11.18,10360.0,40.0,10425.0,10425.0,10310.0,171380.0
2016.11.17,10320.0,-90.0,10420.0,10440.0,10300.0,186550.0
2016.11.16,10410.0,90.0,10320.0,10415.0,10320.0,160843.0
2016.11.15,10320.0,0.0,10385.0,10385.0,10210.0,173206.0
2016.11.14,10320.0,120.0,10200.0,10400.0,10200.0,213178.0
2016.11.11,10200.0,100.0,10215.0,10215.0,10085.0,317024.0
2016.11.10,10100.0,5.0,10095.0,10165.0,10050.0,232204.0
2016.11.09,10095.0,85.0,10055.0,10095.0,9955.0,165302.0
2016.11.08,10010.0,10.0,10025.0,10030.0,9970.0,172513.0
