날짜,종가,전일비,시가,고가,저가,거래량
2026.06.18,41605.0,855.0,40780.0,41895.0,40780.0,127632.0
2026.06.17,40750.0,115.0,40150.0,40910.0,39900.0,54116.0
2026.06.16,40635.0,985.0,40370.0,40770.0,39875.0,65256.0
2026.06.15,39650.0,1555.0,39700.0,40150.0,39345.0,41112.0
2026.06.12,38095.0,1660.0,38545.0,39450.0,37965.0,94067.0
2026.06.11,36435.0,200.0,35455.0,36670.0,34955.0,42218.0
2026.06.10,36235.0,-1795.0,37060.0,37455.0,35440.0,49505.0
2026.06.09,38030.0,2825.0,36655.0,38165.0,36070.0,41996.0
2026.06.08,35205.0,-3030.0,35305.0,36600.0,34800.0,115461.0
2026.06.05,38235.0,-1645.0,38855.0,38990.0,37645.0,102095.0
2026.06.04,39880.0,-445.0,39655.0,40435.0,39295.0,54981.0
2026.06.02,40325.0,195.0,40490.0,40800.0,38750.0,207340.0
2026.06.01,40130.0,1595.0,38580.0,40365.0,38580.0,170627.0
2026.05.29,38535.0,845.0,38315.0,38750.0,37900.0,64854.0
2026.05.28,37690.0,-160.0,37730.0,37995.0,36165.0,89459.0
2026.05.27,37850.0,770.0,37720.0,38800.0,37110.0,139874.0
2026.05.26,37080.0,840.0,36925.0,37400.0,36760.0,66356.0
2026.05.22,36240.0,-155.0,36615.0,36615.0,36005.0,91400.0
2026.05.21,36395.0,2580.0,34910.0,36395.0,34750.0,85865.0
2026.05.20,33815.0,-470.0,34285.0,34285.0,33105.0,105701.0
2026.05.19,34285.0,-975.0,34765.0,34765.0,33420.0,80194.0
2026.05.18,35260.0,-125.0,35310.0,35760.0,33770.0,169345.0
2026.05.15,35385.0,-1585.0,36985.0,37705.0,34655.0,188693.0
2026.05.14,36970.0,1110.0,35980.0,37000.0,35980.0,188354.0
2026.05.13,35860.0,525.0,34625.0,35910.0,34150.0,184919.0
2026.05.12,35335.0,-465.0,36385.0,36610.0,33900.0,202356.0
2026.05.11,35800.0,890.0,35500.0,36200.0,35500.0,239214.0
2026.05.08,34910.0,200.0,34450.0,35100.0,34050.0,175400.0
2026.05.07,34710.0,525.0,34620.0,34945.0,33835.0,218736.0
2026.05.06,34185.0,2075.0,32355.0,34450.0,31700.0,566088.0
2026.05.04,32110.0,815.0,31885.0,32120.0,31500.0,124259.0
2026.04.30,31295.0,-440.0,31960.0,32025.0,31280.0,85091.0
2026.04.29,31735.0,135.0,31585.0,31870.0,31225.0,91218.0
2026.04.28,32000.0,200.0,31910.0,32270.0,31665.0,183303.0
2026.04.27,31800.0,165.0,31640.0,31915.0,31430.0,137301.0
2026.04.24,31635.0,-360.0,31970.0,31985.0,31375.0,147654.0
2026.04.23,31995.0,470.0,31955.0,32230.0,31180.0,155592.0
2026.04.22,31525.0,-235.0,31635.0,31685.0,31260.0,117317.0
2026.04.21,31760.0,325.0,31695.0,31760.0,31495.0,118994.0
2026.04.20,31435.0,-185.0,31575.0,31687.0,31270.0,104429.0
2026.04.17,31620.0,20.0,31600.0,31675.0,31415.0,100254.0
2026.04.16,31600.0,595.0,31360.0,31675.0,31210.0,121810.0
2026.04.15,31005.0,475.0,31135.0,31440.0,30815.0,203594.0
2026.04.14,30530.0,655.0,30370.0,30700.0,30370.0,140652.0
2026.04.13,29875.0,-330.0,29555.0,29925.0,29475.0,83530.0
2026.04.10,30205.0,355.0,30180.0,30505.0,30150.0,59408.0
2026.04.09,29850.0,-570.0,30330.0,30395.0,29700.0,148267.0
2026.04.08,30420.0,1735.0,30160.0,30640.0,29995.0,220868.0
2026.04.07,28685.0,170.0,28980.0,29170.0,28350.0,60014.0
2026.04.06,28515.0,525.0,28175.0,28800.0,28175.0,51737.0
2026.04.03,27990.0,440.0,28190.0,28410.0,27770.0,41944.0
2026.04.02,27550.0,-1080.0,29060.0,29145.0,27135.0,113849.0
2026.04.01,28630.0,2010.0,28055.0,28845.0,27655.0,123630.0
2026.03.31,26620.0,-830.0,26935.0,27320.0,26500.0,109029.0
2026.03.30,27450.0,-740.0,27030.0,27565.0,26825.0,159695.0
2026.03.27,28190.0,-30.0,27460.0,28315.0,27135.0,80783.0
2026.03.26,28220.0,-640.0,28720.0,28720.0,28095.0,72734.0
2026.03.25,28860.0,345.0,29140.0,29445.0,28830.0,62719.0
2026.03.24,28515.0,430.0,29105.0,29130.0,27900.0,84581.0
2026.03.23,28085.0,-1855.0,28775.0,28775.0,27935.0,162759.0
2026.03.20,29940.0,95.0,29910.0,30070.0,29770.0,75518.0
2026.03.19,29845.0,-770.0,29600.0,30175.0,29550.0,109600.0
2026.03.18,30615.0,1615.0,29660.0,30615.0,29660.0,202504.0
2026.03.17,29000.0,600.0,29165.0,29385.0,29000.0,73630.0
2026.03.16,28400.0,110.0,28265.0,28550.0,28010.0,129634.0
2026.03.13,28290.0,-430.0,27885.0,28520.0,27785.0,101268.0
2026.03.12,28720.0,-390.0,28810.0,29025.0,28500.0,196604.0
2026.03.11,29110.0,560.0,29275.0,29725.0,28770.0,220484.0
2026.03.10,28550.0,1295.0,28620.0,28955.0,28030.0,177020.0
2026.03.09,27255.0,-1725.0,26955.0,27335.0,26500.0,220447.0
2026.03.06,28980.0,-310.0,28215.0,29035.0,28015.0,290627.0
2026.03.05,29290.0,2535.0,29565.0,29965.0,28755.0,443343.0
2026.03.04,26755.0,-3670.0,28860.0,29715.0,26620.0,601447.0
2026.03.03,30425.0,-2390.0,32175.0,32195.0,30425.0,524099.0
2026.02.27,32815.0,-50.0,32295.0,33185.0,31890.0,496140.0
2026.02.26,32865.0,1010.0,31915.0,32905.0,31855.0,535918.0
2026.02.25,31855.0,930.0,31170.0,32230.0,31170.0,460736.0
2026.02.24,30925.0,150.0,30845.0,31030.0,30010.0,318904.0
2026.02.23,30775.0,50.0,31330.0,31600.0,30545.0,456384.0
2026.02.20,30725.0,555.0,30270.0,30800.0,30270.0,521179.0
2026.02.19,30170.0,790.0,29995.0,30215.0,29745.0,382078.0
2026.02.13,29380.0,205.0,29195.0,29755.0,29120.0,441870.0
2026.02.12,29175.0,1090.0,28530.0,29175.0,28385.0,483771.0
2026.02.11,28085.0,570.0,27510.0,28190.0,27360.0,297660.0
2026.02.10,27515.0,335.0,27505.0,27780.0,27415.0,244945.0
2026.02.09,27180.0,945.0,27055.0,27335.0,26980.0,184232.0
2026.02.06,26235.0,-210.0,25760.0,26255.0,25255.0,205163.0
2026.02.05,26445.0,-690.0,26645.0,27000.0,26210.0,185605.0
2026.02.04,27135.0,570.0,26500.0,27135.0,26360.0,222424.0
2026.02.03,26565.0,1545.0,25770.0,26565.0,25620.0,164023.0
2026.02.02,25020.0,-1060.0,25785.0,26100.0,24815.0,204829.0
2026.01.30,26080.0,-15.0,26095.0,26470.0,25970.0,135959.0
2026.01.29,26095.0,240.0,26190.0,26310.0,25500.0,191687.0
2026.01.28,25945.0,90.0,25985.0,26195.0,25760.0,175475.0
2026.01.27,25855.0,750.0,24850.0,25855.0,24740.0,153300.0
2026.01.26,25105.0,-255.0,25360.0,25555.0,25050.0,180973.0
2026.01.23,25360.0,185.0,25450.0,25660.0,25050.0,193878.0
2026.01.22,25175.0,-130.0,25645.0,25917.0,25155.0,228953.0
2026.01.21,25305.0,745.0,24290.0,25305.0,24225.0,153713.0
2026.01.20,24560.0,-35.0,24600.0,24810.0,24215.0,248936.0
2026.01.19,24595.0,615.0,23855.0,24595.0,23780.0,143149.0
2026.01.16,23980.0,325.0,23830.0,24120.0,23750.0,146588.0
2026.01.15,23655.0,490.0,23035.0,23655.0,23035.0,108656.0
2026.01.14,23165.0,275.0,22890.0,23175.0,22760.0,78815.0
2026.01.13,22890.0,390.0,22640.0,22890.0,22605.0,102730.0
2026.01.12,22500.0,115.0,22695.0,22795.0,22280.0,90164.0
2026.01.09,22385.0,230.0,22190.0,22485.0,22015.0,104048.0
2026.01.08,22155.0,-290.0,22435.0,22465.0,22075.0,110685.0
2026.01.07,22445.0,215.0,22300.0,22630.0,22165.0,170599.0
2026.01.06,22230.0,185.0,22100.0,22230.0,21860.0,137383.0
2026.01.05,22045.0,665.0,21565.0,22050.0,21375.0,369550.0
2026.01.02,21380.0,360.0,21020.0,21380.0,20950.0,206538.0
2025.12.30,21020.0,35.0,20960.0,21055.0,20850.0,100018.0
2025.12.29,20985.0,155.0,20750.0,20990.0,20655.0,137687.0
2025.12.26,20830.0,180.0,20750.0,20830.0,20630.0,72624.0
2025.12.24,20650.0,25.0,20710.0,20735.0,20575.0,94954.0
2025.12.23,20625.0,-10.0,20635.0,20745.0,20510.0,78388.0
2025.12.22,20635.0,455.0,20415.0,20635.0,20410.0,75720.0
2025.12.19,20180.0,55.0,20300.0,20370.0,20045.0,38245.0
2025.12.18,20125.0,-205.0,20055.0,20175.0,19955.0,87199.0
2025.12.17,20330.0,370.0,20070.0,20330.0,19950.0,47386.0
2025.12.16,19960.0,-275.0,20235.0,20290.0,19940.0,49987.0
2025.12.15,20235.0,-395.0,20300.0,20330.0,20145.0,80936.0
2025.12.12,20630.0,180.0,20435.0,20630.0,20315.0,98273.0
2025.12.11,20450.0,55.0,20565.0,20565.0,20280.0,87123.0
2025.12.10,20395.0,-195.0,20500.0,20540.0,20295.0,83393.0
2025.12.09,20590.0,-75.0,20655.0,20665.0,20410.0,81606.0
2025.12.08,20665.0,-55.0,20780.0,20810.0,20550.0,108474.0
2025.12.05,20720.0,415.0,20275.0,20720.0,20200.0,181936.0
2025.12.04,20305.0,125.0,20175.0,20305.0,20060.0,38992.0
2025.12.03,20180.0,160.0,20020.0,20300.0,19970.0,76951.0
2025.12.02,20020.0,420.0,19650.0,20100.0,19620.0,76285.0
2025.12.01,19600.0,-5.0,19780.0,19780.0,19385.0,46538.0
2025.11.28,19605.0,-125.0,19730.0,19760.0,19520.0,53552.0
2025.11.27,19730.0,20.0,19715.0,19890.0,19650.0,62353.0
2025.11.26,19710.0,460.0,19500.0,19710.0,19300.0,58940.0
2025.11.25,19250.0,155.0,19375.0,19515.0,19060.0,38464.0
2025.11.24,19095.0,25.0,19395.0,19395.0,19025.0,66147.0
2025.11.21,19070.0,-400.0,19010.0,19115.0,18925.0,68600.0
2025.11.20,19470.0,200.0,19620.0,19695.0,19452.0,51234.0
2025.11.19,19270.0,45.0,19425.0,19425.0,18955.0,90951.0
2025.11.18,19225.0,-595.0,19650.0,19745.0,19200.0,77700.0
2025.11.17,19820.0,90.0,19895.0,19895.0,19705.0,138583.0
2025.11.14,19730.0,-625.0,20020.0,20070.0,19675.0,135725.0
2025.11.13,20355.0,-25.0,20150.0,20425.0,20150.0,142852.0
2025.11.12,20380.0,415.0,20000.0,20380.0,19915.0,105255.0
2025.11.11,19965.0,90.0,19915.0,20235.0,19790.0,187189.0
2025.11.10,19875.0,675.0,19405.0,19955.0,19400.0,135821.0
2025.11.07,19200.0,-285.0,19405.0,19515.0,18905.0,123017.0
2025.11.06,19485.0,350.0,19355.0,19630.0,19095.0,126542.0
2025.11.05,19135.0,-390.0,19410.0,19410.0,18625.0,126846.0
2025.11.04,19525.0,-335.0,19830.0,19870.0,19455.0,146978.0
2025.11.03,19860.0,195.0,19670.0,19860.0,19600.0,117759.0
2025.10.31,19665.0,290.0,19490.0,19685.0,19285.0,61215.0
2025.10.30,19375.0,260.0,19465.0,19755.0,19275.0,130482.0
2025.10.29,19170.0,10.0,19360.0,19360.0,19025.0,81033.0
2025.10.28,19160.0,-250.0,19285.0,19285.0,19050.0,58173.0
2025.10.27,19410.0,335.0,19195.0,19445.0,19195.0,178923.0
2025.10.24,19075.0,145.0,19065.0,19125.0,18915.0,73696.0
2025.10.23,18930.0,-270.0,18905.0,19180.0,18820.0,90588.0
2025.10.22,19200.0,200.0,19005.0,19200.0,18750.0,48648.0
2025.10.21,19000.0,60.0,19025.0,19370.0,18940.0,137481.0
2025.10.20,18940.0,310.0,18750.0,18980.0,18480.0,117927.0
2025.10.17,18630.0,-130.0,18565.0,18815.0,18535.0,161767.0
2025.10.16,18760.0,430.0,18460.0,18760.0,18460.0,210712.0
2025.10.15,18330.0,440.0,17970.0,18330.0,17970.0,139018.0
2025.10.14,17890.0,-155.0,18050.0,18240.0,17855.0,55133.0
2025.10.13,18045.0,-170.0,17975.0,18045.0,17725.0,85384.0
2025.10.10,18215.0,115.0,18185.0,18215.0,18060.0,65936.0
2025.10.02,18100.0,320.0,17925.0,18220.0,17925.0,388880.0
2025.10.01,17780.0,140.0,17700.0,17785.0,17680.0,53518.0
2025.09.30,17640.0,-45.0,17785.0,17785.0,17630.0,62495.0
2025.09.29,17685.0,135.0,17760.0,17835.0,17685.0,37464.0
2025.09.26,17550.0,-215.0,17720.0,17720.0,17440.0,63193.0
2025.09.25,17765.0,-30.0,17800.0,17850.0,17750.0,60509.0
2025.09.24,17795.0,-185.0,17980.0,17990.0,17745.0,51408.0
2025.09.23,17980.0,15.0,17980.0,18010.0,17865.0,82534.0
2025.09.22,17965.0,245.0,17770.0,17965.0,17765.0,213930.0
2025.09.19,17720.0,35.0,17690.0,17755.0,17610.0,58052.0
2025.09.18,17685.0,75.0,17645.0,17715.0,17525.0,75297.0
2025.09.17,17610.0,-130.0,17690.0,17690.0,17490.0,43105.0
2025.09.16,17740.0,95.0,17720.0,17760.0,17620.0,147763.0
2025.09.15,17645.0,140.0,17480.0,17705.0,17480.0,258138.0
2025.09.12,17505.0,195.0,17480.0,17505.0,17375.0,135559.0
2025.09.11,17310.0,60.0,17295.0,17365.0,17130.0,71798.0
2025.09.10,17250.0,365.0,17000.0,17310.0,16990.0,129824.0
2025.09.09,16885.0,265.0,16695.0,16920.0,16675.0,27403.0
2025.09.08,16620.0,-50.0,16670.0,16680.0,16575.0,716576.0
2025.09.05,16670.0,25.0,16740.0,16740.0,16600.0,30460.0
2025.09.04,16645.0,-25.0,16670.0,16680.0,16565.0,22046.0
2025.09.03,16670.0,-20.0,16710.0,16730.0,16590.0,37536.0
2025.09.02,16690.0,145.0,16540.0,16690.0,16510.0,26774.0
2025.09.01,16545.0,-45.0,16670.0,16670.0,16470.0,29277.0
2025.08.29,16590.0,-50.0,16775.0,16830.0,16590.0,32475.0
2025.08.28,16640.0,110.0,16530.0,16800.0,16520.0,32017.0
2025.08.27,16530.0,55.0,16595.0,16595.0,16460.0,32583.0
2025.08.26,16475.0,-170.0,16645.0,16645.0,16475.0,9310.0
2025.08.25,16645.0,105.0,16620.0,16725.0,16605.0,32056.0
2025.08.22,16540.0,-30.0,16715.0,16735.0,16540.0,17844.0
2025.08.21,16570.0,125.0,16555.0,16700.0,16555.0,25048.0
2025.08.20,16445.0,35.0,16385.0,16510.0,16255.0,46786.0
2025.08.19,16410.0,-40.0,16450.0,16490.0,16345.0,53422.0
2025.08.18,16450.0,-320.0,16650.0,16650.0,16440.0,24402.0
2025.08.14,16770.0,80.0,16835.0,16875.0,16690.0,28007.0
2025.08.13,16690.0,50.0,16810.0,16810.0,16625.0,16990.0
2025.08.12,16640.0,90.0,16630.0,16840.0,16620.0,31930.0
2025.08.11,16550.0,-180.0,16730.0,16750.0,16550.0,122377.0
2025.08.08,16730.0,95.0,16715.0,16730.0,16635.0,15139.0
2025.08.07,16635.0,30.0,16740.0,16780.0,16560.0,39880.0
2025.08.06,16605.0,50.0,16485.0,16605.0,16450.0,30073.0
2025.08.05,16555.0,295.0,16580.0,16660.0,16405.0,98015.0
2025.08.04,16260.0,185.0,16075.0,16370.0,16050.0,43449.0
2025.08.01,16075.0,-670.0,16540.0,16555.0,16075.0,89109.0
2025.07.31,16745.0,-220.0,17085.0,17085.0,16670.0,108682.0
2025.07.30,16965.0,235.0,16765.0,17055.0,16755.0,105855.0
2025.07.29,17130.0,140.0,16990.0,17145.0,16830.0,79045.0
2025.07.28,16990.0,-215.0,17255.0,17315.0,16810.0,68887.0
2025.07.25,17205.0,80.0,17165.0,17320.0,17130.0,66735.0
2025.07.24,17125.0,-95.0,17235.0,17520.0,17105.0,58206.0
2025.07.23,17220.0,145.0,17175.0,17305.0,17020.0,94970.0
2025.07.22,17075.0,-130.0,17310.0,17425.0,17010.0,106127.0
2025.07.21,17205.0,-25.0,17220.0,17315.0,17145.0,65225.0
2025.07.18,17230.0,-215.0,17485.0,17560.0,17110.0,128554.0
2025.07.17,17445.0,225.0,17250.0,17445.0,17105.0,135523.0
2025.07.16,17220.0,-240.0,17475.0,17475.0,17145.0,123643.0
2025.07.15,17460.0,-120.0,17570.0,17575.0,17385.0,158690.0
2025.07.14,17580.0,405.0,17175.0,17590.0,17175.0,177371.0
2025.07.11,17175.0,220.0,17040.0,17220.0,16955.0,147925.0
2025.07.10,16955.0,105.0,16810.0,17015.0,16810.0,102148.0
2025.07.09,16850.0,65.0,16790.0,16920.0,16675.0,88269.0
2025.07.08,16785.0,445.0,16340.0,16830.0,16340.0,175046.0
2025.07.07,16340.0,5.0,16305.0,16455.0,16110.0,41830.0
2025.07.04,16335.0,-240.0,16575.0,16675.0,16265.0,153281.0
2025.07.03,16575.0,285.0,16325.0,16575.0,16310.0,76627.0
2025.07.02,16290.0,35.0,16300.0,16350.0,16050.0,79906.0
2025.07.01,16255.0,215.0,16100.0,16420.0,16080.0,93964.0
2025.06.30,16040.0,90.0,16075.0,16100.0,15950.0,139993.0
2025.06.27,15950.0,-55.0,16140.0,16170.0,15935.0,70492.0
2025.06.26,16005.0,-200.0,16205.0,16215.0,15865.0,39646.0
2025.06.25,16205.0,140.0,16100.0,16240.0,15980.0,67066.0
2025.06.24,16065.0,475.0,15685.0,16090.0,15685.0,95799.0
2025.06.23,15590.0,-70.0,15615.0,15615.0,15365.0,89627.0
2025.06.20,15660.0,110.0,15565.0,15745.0,15520.0,156422.0
2025.06.19,15550.0,0.0,15615.0,15725.0,15435.0,108673.0
2025.06.18,15550.0,-45.0,15465.0,15645.0,15395.0,70585.0
2025.06.17,15595.0,125.0,15470.0,15795.0,15470.0,115269.0
2025.06.16,15470.0,180.0,15295.0,15490.0,15195.0,50163.0
2025.06.13,15290.0,-160.0,15325.0,15480.0,15205.0,84501.0
2025.06.12,15450.0,95.0,15360.0,15480.0,15320.0,142581.0
2025.06.11,15355.0,105.0,15250.0,15400.0,15195.0,80257.0
2025.06.10,15250.0,-60.0,15320.0,15445.0,15130.0,51052.0
2025.06.09,15310.0,365.0,15145.0,15430.0,15070.0,163029.0
2025.06.05,14945.0,180.0,14765.0,15045.0,14740.0,265939.0
2025.06.04,14765.0,550.0,14330.0,14765.0,14330.0,41760.0
2025.06.02,14215.0,-145.0,14380.0,14470.0,14140.0,69491.0
2025.05.30,14360.0,-65.0,14400.0,14490.0,14345.0,72240.0
2025.05.29,14425.0,320.0,14160.0,14445.0,14160.0,83646.0
2025.05.28,14105.0,200.0,13905.0,14145.0,13905.0,72664.0
2025.05.27,13905.0,-75.0,13945.0,13980.0,13850.0,27142.0
2025.05.26,13980.0,265.0,13760.0,13980.0,13705.0,15655.0
2025.05.23,13715.0,55.0,13670.0,13790.0,13670.0,8454.0
2025.05.22,13660.0,-200.0,13855.0,13855.0,13650.0,31545.0
2025.05.21,13860.0,80.0,13870.0,13920.0,13835.0,14325.0
2025.05.20,13780.0,70.0,13870.0,13900.0,13780.0,13185.0
2025.05.19,13710.0,-135.0,13825.0,13845.0,13700.0,19034.0
2025.05.16,13845.0,20.0,13865.0,13865.0,13770.0,53137.0
2025.05.15,13825.0,-30.0,13860.0,13920.0,13790.0,23350.0
2025.05.14,13855.0,20.0,13885.0,13940.0,13795.0,32539.0
2025.05.13,13835.0,45.0,13885.0,13900.0,13660.0,51562.0
2025.05.12,13790.0,255.0,13540.0,13790.0,13540.0,28740.0
2025.05.09,13535.0,85.0,13480.0,13585.0,13480.0,21245.0
2025.05.08,13450.0,-30.0,13460.0,13595.0,13450.0,22729.0
2025.05.07,13480.0,-10.0,13595.0,13680.0,13480.0,21779.0
2025.05.02,13490.0,-60.0,13545.0,13575.0,13430.0,55536.0
2025.04.30,13550.0,140.0,13495.0,13550.0,13450.0,22659.0
2025.04.29,13410.0,160.0,13380.0,13490.0,13305.0,17108.0
2025.04.28,13410.0,-100.0,13495.0,13510.0,13395.0,100483.0
2025.04.25,13510.0,75.0,13500.0,13550.0,13450.0,18393.0
2025.04.24,13435.0,30.0,13460.0,13460.0,13370.0,11528.0
2025.04.23,13405.0,145.0,13380.0,13445.0,13365.0,49031.0
2025.04.22,13260.0,20.0,13245.0,13345.0,13155.0,20708.0
2025.04.21,13240.0,40.0,13245.0,13255.0,13180.0,8844.0
2025.04.18,13200.0,185.0,13130.0,13200.0,13065.0,53595.0
2025.04.17,13015.0,-10.0,13080.0,13080.0,12990.0,7010.0
2025.04.16,13025.0,-35.0,13070.0,13070.0,12980.0,4099.0
2025.04.15,13060.0,200.0,12965.0,13075.0,12860.0,8337.0
2025.04.14,12860.0,130.0,12840.0,12895.0,12790.0,4676.0
2025.04.11,12730.0,-190.0,12775.0,12775.0,12610.0,18357.0
2025.04.10,12920.0,665.0,12805.0,12920.0,12690.0,8663.0
2025.04.09,12255.0,-200.0,12400.0,12410.0,12255.0,10675.0
2025.04.08,12455.0,-35.0,12630.0,12695.0,12405.0,13162.0
2025.04.07,12490.0,-590.0,12715.0,12715.0,12460.0,43673.0
2025.04.04,13080.0,-110.0,13095.0,13260.0,13015.0,14339.0
2025.04.03,13190.0,-195.0,13135.0,13235.0,13055.0,16791.0
2025.04.02,13385.0,-75.0,13480.0,13505.0,13340.0,22080.0
2025.04.01,13460.0,160.0,13330.0,13485.0,13330.0,8725.0
2025.03.31,13300.0,-185.0,13455.0,13455.0,13240.0,22619.0
2025.03.28,13485.0,-185.0,13670.0,13670.0,13485.0,41298.0
2025.03.27,13670.0,-95.0,13700.0,13760.0,13655.0,15509.0
2025.03.26,13765.0,55.0,13825.0,13835.0,13765.0,17594.0
2025.03.25,13710.0,20.0,13790.0,13845.0,13700.0,50511.0
2025.03.24,13690.0,55.0,13685.0,13790.0,13630.0,26339.0
2025.03.21,13635.0,15.0,13635.0,13715.0,13585.0,15298.0
2025.03.20,13620.0,40.0,13600.0,13670.0,13580.0,32710.0
2025.03.19,13580.0,130.0,13450.0,13580.0,13430.0,22593.0
2025.03.18,13450.0,120.0,13440.0,13535.0,13415.0,32355.0
2025.03.17,13330.0,195.0,13175.0,13340.0,13175.0,15064.0
2025.03.14,13135.0,-15.0,13175.0,13180.0,13070.0,5552.0
2025.03.13,13150.0,35.0,13150.0,13260.0,13110.0,16277.0
2025.03.12,13115.0,140.0,13040.0,13150.0,12985.0,11213.0
2025.03.11,12975.0,-165.0,12960.0,13050.0,12910.0,18166.0
2025.03.10,13140.0,115.0,12945.0,13165.0,12935.0,22020.0
2025.03.07,13025.0,-130.0,13120.0,13120.0,13010.0,10236.0
2025.03.06,13155.0,105.0,13170.0,13180.0,13050.0,21491.0
2025.03.05,13050.0,-10.0,13130.0,13190.0,12980.0,13265.0
2025.03.04,13060.0,-125.0,13015.0,13180.0,12950.0,22432.0
2025.02.28,13185.0,-220.0,13270.0,13285.0,13065.0,57909.0
2025.02.27,13405.0,20.0,13430.0,13430.0,13300.0,18348.0
2025.02.26,13385.0,30.0,13365.0,13405.0,13290.0,26089.0
2025.02.25,13355.0,-75.0,13315.0,13400.0,13255.0,16225.0
2025.02.24,13430.0,5.0,13375.0,13440.0,13335.0,21057.0
2025.02.21,13425.0,-65.0,13545.0,13545.0,13395.0,129389.0
2025.02.20,13490.0,0.0,13480.0,13515.0,13420.0,23998.0
2025.02.19,13490.0,160.0,13320.0,13520.0,13295.0,48009.0
2025.02.18,13330.0,25.0,13300.0,13350.0,13240.0,26580.0
2025.02.17,13305.0,125.0,13220.0,13305.0,13150.0,40639.0
2025.02.14,13180.0,95.0,13110.0,13245.0,13085.0,15389.0
2025.02.13,13085.0,50.0,13085.0,13140.0,13035.0,16073.0
2025.02.12,13035.0,-10.0,13060.0,13085.0,13000.0,20457.0
2025.02.11,13045.0,35.0,13050.0,13115.0,12985.0,27078.0
2025.02.10,13010.0,5.0,12985.0,13065.0,12935.0,42489.0
2025.02.07,13005.0,-75.0,13075.0,13080.0,12980.0,26226.0
2025.02.06,13080.0,-15.0,13135.0,13135.0,13015.0,33746.0
2025.02.05,13095.0,50.0,13150.0,13210.0,13085.0,32024.0
2025.02.04,13045.0,130.0,13035.0,13150.0,12985.0,16340.0
2025.02.03,12915.0,-230.0,12995.0,12995.0,12815.0,53576.0
2025.01.31,13145.0,140.0,13020.0,13145.0,12945.0,28386.0
2025.01.24,13005.0,0.0,13115.0,13115.0,12940.0,14651.0
2025.01.23,13095.0,-60.0,13145.0,13180.0,13095.0,8107.0
2025.01.22,13155.0,85.0,13120.0,13165.0,13050.0,47092.0
2025.01.21,13070.0,10.0,13120.0,13205.0,13025.0,15252.0
2025.01.20,13060.0,-65.0,13130.0,13160.0,13045.0,46209.0
2025.01.17,13125.0,-80.0,13195.0,13225.0,13070.0,16730.0
2025.01.16,13205.0,30.0,13280.0,13280.0,13185.0,51373.0
2025.01.15,13175.0,-5.0,13230.0,13325.0,13130.0,22656.0
2025.01.14,13180.0,-30.0,13225.0,13225.0,13105.0,12116.0
2025.01.13,13210.0,-50.0,13200.0,13260.0,13115.0,14310.0
2025.01.10,13260.0,20.0,13160.0,13300.0,13130.0,18083.0
2025.01.09,13240.0,45.0,13195.0,13300.0,13190.0,15325.0
2025.01.08,13195.0,120.0,12985.0,13245.0,12945.0,19430.0
2025.01.07,13075.0,-15.0,13150.0,13210.0,13050.0,16018.0
2025.01.06,13090.0,135.0,13025.0,13090.0,12900.0,17821.0
2025.01.03,12955.0,90.0,12905.0,13090.0,12905.0,27411.0
2025.01.02,12865.0,-40.0,12905.0,13000.0,12845.0,41415.0
2024.12.30,12905.0,-155.0,13020.0,13115.0,12905.0,25936.0
2024.12.27,13060.0,-80.0,13075.0,13085.0,12970.0,18681.0
2024.12.26,13140.0,-85.0,13240.0,13240.0,13100.0,16732.0
2024.12.24,13225.0,45.0,13185.0,13225.0,13115.0,12978.0
2024.12.23,13180.0,255.0,13015.0,13195.0,13005.0,20897.0
2024.12.20,12925.0,-145.0,13000.0,13000.0,12820.0,19809.0
2024.12.19,13070.0,-220.0,13000.0,13140.0,13000.0,13664.0
2024.12.18,13290.0,270.0,13020.0,13290.0,13020.0,21082.0
2024.12.17,13020.0,-130.0,13120.0,13135.0,12970.0,25303.0
2024.12.16,13150.0,-120.0,13355.0,13370.0,13110.0,163478.0
2024.12.13,13270.0,-10.0,13255.0,13315.0,13190.0,13454.0
2024.12.12,13280.0,150.0,13185.0,13305.0,13185.0,8388.0
2024.12.11,13130.0,125.0,12965.0,13150.0,12950.0,49713.0
2024.12.10,13005.0,185.0,12915.0,13030.0,12915.0,35789.0
2024.12.09,12820.0,-295.0,12945.0,12970.0,12820.0,25180.0
2024.12.06,13115.0,5.0,13120.0,13290.0,12960.0,23557.0
2024.12.05,13110.0,-370.0,13475.0,13500.0,13110.0,30019.0
2024.12.04,13480.0,-350.0,13620.0,13680.0,13375.0,30473.0
2024.12.03,13830.0,280.0,13635.0,13830.0,13590.0,20209.0
2024.12.02,13550.0,-5.0,13575.0,13615.0,13475.0,31341.0
2024.11.29,13555.0,-150.0,13655.0,13655.0,13425.0,17942.0
2024.11.28,13705.0,-15.0,13740.0,13740.0,13635.0,22889.0
2024.11.27,13720.0,70.0,13645.0,13790.0,13645.0,37684.0
2024.11.26,13650.0,30.0,13570.0,13650.0,13530.0,39636.0
2024.11.25,13620.0,40.0,13745.0,13745.0,13570.0,17869.0
2024.11.22,13580.0,125.0,13565.0,13605.0,13535.0,21221.0
2024.11.21,13455.0,15.0,13420.0,13565.0,13345.0,28222.0
2024.11.20,13440.0,150.0,13290.0,13450.0,13285.0,27017.0
2024.11.19,13290.0,-5.0,13320.0,13370.0,13265.0,14208.0
2024.11.18,13295.0,405.0,13065.0,13360.0,13055.0,164750.0
2024.11.15,12890.0,115.0,12825.0,12990.0,12810.0,16953.0
2024.11.14,12775.0,-55.0,12880.0,12925.0,12775.0,18728.0
2024.11.13,12830.0,-225.0,13010.0,13035.0,12825.0,19783.0
2024.11.12,13055.0,-255.0,13270.0,13330.0,13055.0,34134.0
2024.11.11,13310.0,-40.0,13235.0,13320.0,13205.0,24352.0
2024.11.08,13350.0,-30.0,13465.0,13495.0,13310.0,25543.0
2024.11.07,13380.0,-30.0,13370.0,13465.0,13330.0,13753.0
2024.11.06,13410.0,50.0,13380.0,13435.0,13280.0,14780.0
2024.11.05,13360.0,-35.0,13310.0,13385.0,13265.0,15769.0
2024.11.04,13395.0,35.0,13360.0,13435.0,13310.0,67044.0
2024.11.01,13360.0,70.0,13225.0,13395.0,13225.0,78448.0
2024.10.31,13290.0,-200.0,13435.0,13435.0,13265.0,95940.0
2024.10.30,13490.0,-115.0,13550.0,13550.0,13430.0,10144.0
2024.10.29,13605.0,55.0,13535.0,13605.0,13450.0,26356.0
2024.10.28,13550.0,10.0,13520.0,13555.0,13410.0,468824.0
2024.10.25,13540.0,155.0,13390.0,13600.0,13390.0,25330.0
2024.10.24,13385.0,-215.0,13540.0,13545.0,13360.0,18047.0
2024.10.23,13600.0,55.0,13545.0,13650.0,13475.0,13544.0
2024.10.22,13545.0,10.0,13525.0,13545.0,13440.0,19717.0
2024.10.21,13535.0,-25.0,13570.0,13650.0,13530.0,13528.0
2024.10.18,13560.0,-45.0,13605.0,13665.0,13550.0,9595.0
2024.10.17,13605.0,-95.0,13760.0,13760.0,13545.0,16737.0
2024.10.16,13700.0,-45.0,13615.0,13715.0,13590.0,9380.0
2024.10.15,13745.0,-40.0,13805.0,13805.0,13675.0,15075.0
2024.10.14,13785.0,255.0,13575.0,13810.0,13575.0,25421.0
2024.10.11,13530.0,30.0,13550.0,13580.0,13475.0,9915.0
2024.10.10,13500.0,85.0,13525.0,13575.0,13435.0,15302.0
2024.10.08,13415.0,-140.0,13400.0,13475.0,13390.0,10341.0
2024.10.07,13555.0,255.0,13355.0,13555.0,13290.0,21072.0
2024.10.04,13300.0,-30.0,13335.0,13395.0,13215.0,16716.0
2024.10.02,13330.0,-150.0,13315.0,13430.0,13270.0,25124.0
2024.09.30,13480.0,-275.0,13860.0,13865.0,13480.0,52071.0
2024.09.27,13755.0,-35.0,13875.0,13960.0,13755.0,16055.0
2024.09.26,13790.0,375.0,13535.0,13790.0,13535.0,19771.0
2024.09.25,13415.0,-300.0,13810.0,13810.0,13400.0,60066.0
2024.09.24,13715.0,65.0,13675.0,13745.0,13560.0,19832.0
2024.09.23,13650.0,-75.0,13770.0,13770.0,13605.0,19229.0
2024.09.20,13725.0,15.0,13795.0,13820.0,13695.0,19677.0
2024.09.19,13710.0,80.0,13745.0,13745.0,13570.0,23969.0
2024.09.13,13630.0,200.0,13505.0,13630.0,13505.0,32877.0
2024.09.12,13430.0,170.0,13315.0,13430.0,13315.0,20932.0
2024.09.11,13260.0,-365.0,13580.0,13580.0,13170.0,32110.0
2024.09.10,13625.0,-15.0,13630.0,13680.0,13535.0,21328.0
2024.09.09,13640.0,-150.0,13565.0,13645.0,13490.0,27107.0
2024.09.06,13790.0,-60.0,13870.0,13870.0,13675.0,104783.0
2024.09.05,13850.0,-5.0,13915.0,13965.0,13770.0,10783.0
2024.09.04,13855.0,-315.0,13905.0,13975.0,13820.0,60432.0
2024.09.03,14170.0,25.0,14145.0,14285.0,14120.0,29053.0
2024.09.02,14145.0,-25.0,14205.0,14205.0,13990.0,14554.0
2024.08.30,14170.0,-55.0,14265.0,14315.0,14170.0,22016.0
2024.08.29,14225.0,-60.0,14180.0,14315.0,14175.0,75531.0
2024.08.28,14285.0,-95.0,14370.0,14410.0,14190.0,35977.0
2024.08.27,14380.0,-120.0,14500.0,14500.0,14290.0,19139.0
2024.08.26,14500.0,0.0,14540.0,14580.0,14410.0,29643.0
2024.08.23,14500.0,70.0,14340.0,14555.0,14340.0,38554.0
2024.08.22,14430.0,-10.0,14420.0,14430.0,14310.0,15553.0
2024.08.21,14440.0,-25.0,14430.0,14485.0,14350.0,23578.0
2024.08.20,14465.0,180.0,14390.0,14465.0,14375.0,41117.0
2024.08.19,14285.0,60.0,14250.0,14335.0,14180.0,23042.0
2024.08.16,14225.0,265.0,14200.0,14225.0,14075.0,70931.0
2024.08.14,13960.0,-15.0,14070.0,14090.0,13875.0,22695.0
2024.08.13,13975.0,145.0,13860.0,13975.0,13830.0,28653.0
2024.08.12,13830.0,65.0,13840.0,13890.0,13765.0,32242.0
2024.08.09,13765.0,135.0,13770.0,13830.0,13680.0,20344.0
2024.08.08,13630.0,25.0,13440.0,13685.0,13425.0,42030.0
2024.08.07,13605.0,290.0,13285.0,13715.0,13250.0,94076.0
2024.08.06,13315.0,330.0,13480.0,13685.0,13185.0,76854.0
2024.08.05,12985.0,-1190.0,13765.0,13765.0,12825.0,80235.0
2024.08.02,14175.0,-495.0,14395.0,14460.0,14115.0,52776.0
2024.08.01,14670.0,-20.0,14730.0,14765.0,14670.0,57388.0
2024.07.31,14690.0,205.0,14495.0,14690.0,14460.0,102864.0
2024.07.30,14485.0,-55.0,14450.0,14520.0,14395.0,136740.0
2024.07.29,14615.0,190.0,14535.0,14800.0,14490.0,35826.0
2024.07.26,14425.0,145.0,14295.0,14470.0,14295.0,30961.0
2024.07.25,14280.0,-215.0,14400.0,14400.0,14235.0,35413.0
2024.07.24,14495.0,-190.0,14580.0,14640.0,14455.0,23182.0
2024.07.23,14685.0,180.0,14605.0,14755.0,14605.0,30890.0
2024.07.22,14505.0,-95.0,14595.0,14625.0,14425.0,31252.0
2024.07.19,14600.0,-170.0,14630.0,14630.0,14485.0,63070.0
2024.07.18,14770.0,0.0,14650.0,14770.0,14580.0,41643.0
2024.07.17,14770.0,-70.0,14830.0,14830.0,14730.0,38558.0
2024.07.16,14840.0,130.0,14735.0,14880.0,14710.0,44671.0
2024.07.15,14710.0,20.0,14705.0,14735.0,14600.0,67600.0
2024.07.12,14690.0,-180.0,14800.0,14805.0,14590.0,75926.0
2024.07.11,14870.0,115.0,14865.0,14925.0,14750.0,39172.0
2024.07.10,14755.0,0.0,14730.0,14780.0,14660.0,55605.0
2024.07.09,14755.0,-95.0,14890.0,14890.0,14640.0,63764.0
2024.07.08,14850.0,-155.0,15005.0,15005.0,14825.0,112244.0
2024.07.05,15005.0,180.0,14940.0,15055.0,14890.0,78893.0
2024.07.04,14825.0,275.0,14635.0,14825.0,14585.0,67006.0
2024.07.03,14550.0,80.0,14550.0,14665.0,14465.0,50266.0
2024.07.02,14470.0,-10.0,14440.0,14540.0,14380.0,37934.0
2024.07.01,14480.0,-120.0,14540.0,14590.0,14425.0,72156.0
2024.06.28,14600.0,105.0,14535.0,14600.0,14470.0,182774.0
2024.06.27,14495.0,95.0,14335.0,14495.0,14275.0,42180.0
2024.06.26,14400.0,45.0,14265.0,14400.0,14200.0,30420.0
2024.06.25,14355.0,130.0,14295.0,14390.0,14270.0,64037.0
2024.06.24,14225.0,-50.0,14225.0,14285.0,14175.0,23656.0
2024.06.21,14275.0,-105.0,14285.0,14335.0,14180.0,38810.0
2024.06.20,14380.0,130.0,14255.0,14385.0,14195.0,79509.0
2024.06.19,14250.0,160.0,14225.0,14250.0,14160.0,27359.0
2024.06.18,14090.0,135.0,13995.0,14130.0,13950.0,30774.0
2024.06.17,13955.0,5.0,13950.0,14045.0,13910.0,32368.0
2024.06.14,13950.0,50.0,13900.0,13990.0,13835.0,20344.0
2024.06.13,13900.0,55.0,13910.0,14055.0,13865.0,28993.0
2024.06.12,13845.0,120.0,13765.0,13845.0,13695.0,19120.0
2024.06.11,13725.0,-55.0,13800.0,13880.0,13725.0,18519.0
2024.06.10,13780.0,-125.0,13755.0,13880.0,13705.0,19261.0
2024.06.07,13905.0,105.0,13890.0,14000.0,13780.0,27216.0
2024.06.05,13800.0,115.0,13815.0,13830.0,13675.0,24877.0
2024.06.04,13685.0,-215.0,13800.0,13835.0,13660.0,26455.0
2024.06.03,13900.0,235.0,13775.0,13965.0,13775.0,12297.0
2024.05.31,13665.0,60.0,13760.0,13790.0,13665.0,11161.0
2024.05.30,13605.0,-175.0,13695.0,13755.0,13605.0,18174.0
2024.05.29,13780.0,-135.0,13830.0,13905.0,13745.0,26552.0
2024.05.28,13915.0,20.0,13840.0,13945.0,13825.0,24467.0
2024.05.27,13895.0,100.0,13805.0,13895.0,13745.0,23351.0
2024.05.24,13795.0,-190.0,13820.0,13840.0,13745.0,22182.0
2024.05.23,13985.0,-25.0,13965.0,14030.0,13865.0,14680.0
2024.05.22,14010.0,-40.0,14035.0,14070.0,13885.0,26571.0
2024.05.21,14050.0,-60.0,14025.0,14075.0,13965.0,79109.0
2024.05.20,14110.0,215.0,13895.0,14175.0,13895.0,40338.0
2024.05.17,13895.0,-145.0,14025.0,14025.0,13865.0,31668.0
2024.05.16,14040.0,115.0,14105.0,14140.0,13995.0,33982.0
2024.05.14,13925.0,-70.0,13965.0,13965.0,13875.0,20799.0
2024.05.13,13995.0,70.0,13940.0,14075.0,13865.0,48514.0
2024.05.10,13925.0,170.0,13910.0,13955.0,13860.0,26510.0
2024.05.09,13755.0,-175.0,13915.0,13950.0,13725.0,21527.0
2024.05.08,13930.0,140.0,13795.0,13930.0,13790.0,24769.0
2024.05.07,13790.0,265.0,13700.0,13790.0,13675.0,25590.0
2024.05.03,13525.0,-50.0,13690.0,13690.0,13525.0,25247.0
2024.05.02,13575.0,-135.0,13630.0,13685.0,13550.0,21457.0
2024.04.30,13710.0,-25.0,13735.0,13775.0,13685.0,31302.0
2024.04.29,13735.0,100.0,13710.0,13740.0,13615.0,14703.0
2024.04.26,14040.0,305.0,13850.0,14100.0,13825.0,35151.0
2024.04.25,13735.0,-150.0,13660.0,13885.0,13660.0,13524.0
2024.04.24,13885.0,95.0,13900.0,13980.0,13860.0,11511.0
2024.04.23,13790.0,25.0,13840.0,13890.0,13760.0,24055.0
2024.04.22,13765.0,365.0,13605.0,13765.0,13570.0,50147.0
2024.04.19,13400.0,-115.0,13365.0,13405.0,13205.0,32529.0
2024.04.18,13515.0,115.0,13435.0,13545.0,13400.0,20674.0
2024.04.17,13400.0,-175.0,13675.0,13675.0,13375.0,23681.0
2024.04.16,13575.0,-235.0,13725.0,13725.0,13500.0,39084.0
2024.04.15,13810.0,40.0,13675.0,13810.0,13570.0,25718.0
2024.04.12,13770.0,-300.0,14020.0,14020.0,13740.0,35565.0
2024.04.11,14070.0,-15.0,13810.0,14105.0,13000.0,73378.0
2024.04.09,14085.0,-115.0,14330.0,14330.0,14065.0,48581.0
2024.04.08,14200.0,105.0,14170.0,14305.0,14155.0,44245.0
2024.04.05,14095.0,-80.0,13970.0,14180.0,13970.0,86231.0
2024.04.04,14175.0,215.0,14150.0,14185.0,14035.0,34714.0
2024.04.03,13960.0,-185.0,14080.0,14090.0,13960.0,19147.0
2024.04.02,14145.0,65.0,14040.0,14175.0,14000.0,26236.0
2024.04.01,14080.0,-90.0,14300.0,14300.0,14035.0,40251.0
2024.03.29,14170.0,-110.0,14390.0,14390.0,14170.0,24053.0
2024.03.28,14280.0,80.0,14300.0,14310.0,14180.0,75663.0
2024.03.27,14200.0,-180.0,14325.0,14340.0,14175.0,152080.0
2024.03.26,14380.0,120.0,14405.0,14520.0,14325.0,39486.0
2024.03.25,14260.0,-175.0,14480.0,14480.0,14210.0,52727.0
2024.03.22,14435.0,-55.0,14515.0,14555.0,14360.0,58543.0
2024.03.21,14490.0,275.0,14405.0,14530.0,14285.0,66334.0
2024.03.20,14215.0,270.0,14025.0,14215.0,14025.0,20202.0
2024.03.19,13945.0,-185.0,14060.0,14060.0,13900.0,60496.0
2024.03.18,14130.0,-40.0,14175.0,14180.0,13945.0,27675.0
2024.03.15,14170.0,-375.0,14385.0,14445.0,14170.0,53658.0
2024.03.14,14545.0,425.0,14195.0,14545.0,14160.0,68560.0
2024.03.13,14120.0,145.0,13985.0,14180.0,13985.0,43505.0
2024.03.12,13975.0,65.0,14000.0,14005.0,13860.0,11949.0
2024.03.11,13910.0,-140.0,14035.0,14035.0,13880.0,47475.0
2024.03.08,14050.0,95.0,13975.0,14070.0,13925.0,32252.0
2024.03.07,13955.0,0.0,13955.0,13995.0,13900.0,23769.0
2024.03.06,13955.0,-20.0,13960.0,13990.0,13850.0,30485.0
2024.03.05,13975.0,-130.0,14080.0,14195.0,13955.0,68242.0
2024.03.04,14105.0,300.0,13845.0,14105.0,13845.0,66840.0
2024.02.29,13805.0,95.0,13705.0,13835.0,13580.0,59273.0
2024.02.28,13710.0,290.0,13450.0,13710.0,13405.0,14740.0
2024.02.27,13420.0,-45.0,13480.0,13540.0,13380.0,25368.0
2024.02.26,13465.0,-365.0,13670.0,13670.0,13255.0,36240.0
2024.02.23,13830.0,165.0,13780.0,13840.0,13640.0,63758.0
2024.02.22,13665.0,40.0,13740.0,13740.0,13510.0,38438.0
2024.02.21,13625.0,-55.0,13680.0,13755.0,13510.0,21001.0
2024.02.20,13680.0,-215.0,13895.0,13920.0,13550.0,36138.0
2024.02.19,13895.0,315.0,13580.0,13900.0,13580.0,72378.0
2024.02.16,13580.0,235.0,13515.0,13585.0,13340.0,26184.0
2024.02.15,13345.0,-140.0,13535.0,13610.0,13320.0,130264.0
2024.02.14,13485.0,-270.0,13575.0,13575.0,13425.0,34661.0
2024.02.13,13755.0,150.0,13830.0,13845.0,13580.0,57688.0
2024.02.08,13605.0,10.0,13480.0,13680.0,13480.0,42231.0
2024.02.07,13595.0,235.0,13360.0,13605.0,13360.0,55812.0
2024.02.06,13360.0,-145.0,13470.0,13535.0,13280.0,100498.0
2024.02.05,13505.0,-65.0,13570.0,13575.0,13185.0,70780.0
2024.02.02,13570.0,445.0,13125.0,13590.0,13125.0,110442.0
2024.02.01,13125.0,430.0,12700.0,13125.0,12700.0,195654.0
2024.01.31,12695.0,190.0,12550.0,12695.0,12465.0,28900.0
2024.01.30,12505.0,-60.0,12695.0,12695.0,12505.0,48410.0
2024.01.29,12585.0,280.0,12415.0,12645.0,12325.0,29787.0
2024.01.26,12305.0,90.0,12300.0,12385.0,12250.0,19691.0
2024.01.25,12215.0,85.0,12205.0,12255.0,12115.0,8802.0
2024.01.24,12130.0,10.0,12225.0,12225.0,12095.0,9470.0
2024.01.23,12120.0,95.0,12145.0,12145.0,12050.0,19901.0
2024.01.22,12025.0,40.0,12160.0,12160.0,12025.0,21348.0
2024.01.19,11985.0,100.0,12070.0,12070.0,11950.0,14476.0
2024.01.18,11885.0,-25.0,11980.0,11980.0,11835.0,24222.0
2024.01.17,11910.0,-165.0,12185.0,12185.0,11895.0,11436.0
2024.01.16,12075.0,-85.0,12250.0,12250.0,12075.0,8456.0
2024.01.15,12160.0,30.0,12225.0,12260.0,12150.0,17055.0
2024.01.12,12130.0,-30.0,12220.0,12220.0,12100.0,4058.0
2024.01.11,12160.0,-25.0,12255.0,12255.0,12160.0,6848.0
2024.01.10,12185.0,-115.0,12190.0,12295.0,12170.0,15204.0
2024.01.09,12300.0,0.0,12350.0,12495.0,12270.0,7918.0
2024.01.08,12300.0,-60.0,12415.0,12455.0,12300.0,5604.0
2024.01.05,12360.0,-100.0,12530.0,12530.0,12355.0,5910.0
2024.01.04,12460.0,-90.0,12535.0,12535.0,12405.0,9618.0
2024.01.03,12550.0,-285.0,12790.0,12790.0,12505.0,15084.0
2024.01.02,12835.0,0.0,12860.0,12860.0,12685.0,49402.0
2023.12.28,12835.0,175.0,12775.0,12845.0,12635.0,229126.0
2023.12.27,12660.0,85.0,12610.0,12675.0,12550.0,230193.0
2023.12.26,12575.0,15.0,12595.0,12595.0,12515.0,104362.0
2023.12.22,12560.0,20.0,12595.0,12595.0,12510.0,97998.0
2023.12.21,12540.0,-10.0,12425.0,12550.0,12425.0,38884.0
2023.12.20,12550.0,285.0,12290.0,12550.0,12290.0,865823.0
2023.12.19,12265.0,-80.0,12345.0,12345.0,12225.0,26904.0
2023.12.18,12345.0,15.0,12350.0,12350.0,12230.0,29771.0
2023.12.15,12330.0,120.0,12300.0,12330.0,12245.0,48213.0
2023.12.14,12210.0,65.0,12235.0,12260.0,12135.0,39980.0
2023.12.13,12145.0,-75.0,12225.0,12245.0,12090.0,29327.0
2023.12.12,12220.0,75.0,12220.0,12220.0,12080.0,15599.0
2023.12.11,12145.0,75.0,12205.0,12205.0,12055.0,21053.0
2023.12.08,12070.0,70.0,12125.0,12125.0,12025.0,4229.0
2023.12.07,12000.0,-70.0,12110.0,12110.0,11935.0,15928.0
2023.12.06,12070.0,45.0,12125.0,12125.0,12010.0,16084.0
2023.12.05,12025.0,-70.0,12155.0,12155.0,11990.0,7596.0
2023.12.04,12095.0,-15.0,12155.0,12155.0,12045.0,16380.0
2023.12.01,12110.0,-5.0,12120.0,12120.0,12005.0,21136.0
2023.11.30,12115.0,25.0,12145.0,12145.0,12030.0,8383.0
2023.11.29,12090.0,-80.0,12180.0,12180.0,12040.0,14315.0
2023.11.28,12170.0,115.0,12135.0,12170.0,12030.0,26693.0
2023.11.27,12055.0,-25.0,12080.0,12110.0,12000.0,22793.0
2023.11.24,12080.0,-80.0,12225.0,12225.0,12080.0,13634.0
2023.11.23,12160.0,20.0,12140.0,12175.0,12085.0,27122.0
2023.11.22,12140.0,5.0,12110.0,12140.0,12030.0,13725.0
2023.11.21,12135.0,25.0,12200.0,12200.0,12105.0,20011.0
2023.11.20,12110.0,40.0,12070.0,12130.0,12005.0,39044.0
2023.11.17,12070.0,-5.0,12120.0,12120.0,12010.0,7400.0
2023.11.16,12075.0,30.0,12085.0,12085.0,12015.0,6582.0
2023.11.15,12045.0,150.0,12085.0,12085.0,11965.0,24051.0
2023.11.14,11895.0,110.0,11935.0,11935.0,11855.0,5116.0
2023.11.13,11785.0,10.0,11925.0,11925.0,11720.0,9117.0
2023.11.10,11775.0,-20.0,11790.0,11790.0,11660.0,4366.0
2023.11.09,11795.0,100.0,11740.0,11805.0,11645.0,12353.0
2023.11.08,11695.0,-55.0,11875.0,11875.0,11675.0,1443.0
2023.11.07,11750.0,-300.0,12010.0,12010.0,11680.0,13453.0
2023.11.06,12050.0,450.0,11615.0,12050.0,11615.0,7211.0
2023.11.03,11600.0,80.0,11660.0,11660.0,11510.0,19413.0
2023.11.02,11520.0,40.0,11645.0,11660.0,11490.0,13529.0
2023.11.01,11480.0,135.0,11455.0,11480.0,11370.0,2676.0
2023.10.31,11345.0,-95.0,11550.0,11550.0,11315.0,12098.0
2023.10.30,11440.0,-55.0,11500.0,11500.0,11360.0,4827.0
2023.10.27,11550.0,20.0,11715.0,11715.0,11520.0,4696.0
2023.10.26,11530.0,-195.0,11725.0,11725.0,11530.0,4732.0
2023.10.25,11725.0,-60.0,11880.0,11880.0,11725.0,63331.0
2023.10.24,11785.0,15.0,11895.0,11895.0,11635.0,12641.0
2023.10.23,11770.0,-125.0,11950.0,11950.0,11725.0,5117.0
2023.10.20,11895.0,-155.0,12035.0,12035.0,11850.0,5266.0
2023.10.19,12050.0,-155.0,12180.0,12180.0,12015.0,4332.0
2023.10.18,12205.0,150.0,12125.0,12210.0,12090.0,4078.0
2023.10.17,12055.0,50.0,12100.0,12100.0,11980.0,4349.0
2023.10.16,12005.0,-20.0,12025.0,12055.0,11915.0,6219.0
2023.10.13,12025.0,-25.0,12040.0,12040.0,11975.0,10241.0
2023.10.12,12050.0,75.0,12050.0,12050.0,11985.0,3516.0
2023.10.11,11975.0,55.0,12085.0,12085.0,11920.0,13832.0
2023.10.10,11920.0,60.0,12055.0,12055.0,11870.0,7397.0
2023.10.06,11860.0,85.0,11845.0,11875.0,11790.0,5649.0
2023.10.05,11775.0,-85.0,11945.0,11945.0,11740.0,9108.0
2023.10.04,11860.0,-205.0,11950.0,11950.0,11820.0,13605.0
2023.09.27,12065.0,-5.0,12070.0,12070.0,11960.0,10152.0
2023.09.26,12070.0,-150.0,12095.0,12200.0,12025.0,24303.0
2023.09.25,12220.0,0.0,12270.0,12270.0,12140.0,16868.0
2023.09.22,12220.0,5.0,12200.0,12220.0,12095.0,27961.0
2023.09.21,12215.0,-130.0,12310.0,12335.0,12175.0,21731.0
2023.09.20,12345.0,55.0,12340.0,12355.0,12270.0,35183.0
2023.09.19,12290.0,-60.0,12435.0,12435.0,12260.0,22153.0
2023.09.18,12350.0,-60.0,12425.0,12425.0,12295.0,78874.0
2023.09.15,12410.0,220.0,12185.0,12410.0,12150.0,637030.0
2023.09.14,12190.0,85.0,12180.0,12190.0,12090.0,30915.0
2023.09.13,12105.0,115.0,12085.0,12125.0,11990.0,8918.0
2023.09.12,11990.0,-80.0,12180.0,12180.0,11985.0,10276.0
2023.09.11,12070.0,30.0,12010.0,12105.0,12010.0,12444.0
2023.09.08,12040.0,105.0,11935.0,12040.0,11915.0,4960.0
2023.09.07,11935.0,-25.0,11980.0,11980.0,11890.0,6006.0
2023.09.06,11960.0,-50.0,12085.0,12085.0,11925.0,24704.0
2023.09.05,12010.0,-5.0,12020.0,12030.0,11960.0,13588.0
2023.09.04,12015.0,75.0,11945.0,12025.0,11925.0,46869.0
2023.09.01,11940.0,140.0,11855.0,11945.0,11755.0,19258.0
2023.08.31,11800.0,55.0,11850.0,11850.0,11740.0,7228.0
2023.08.30,11745.0,-75.0,11850.0,11860.0,11745.0,6099.0
2023.08.29,11820.0,25.0,11800.0,11820.0,11775.0,4400.0
2023.08.28,11795.0,85.0,11770.0,11795.0,11725.0,4026.0
2023.08.25,11710.0,5.0,11695.0,11710.0,11640.0,5465.0
2023.08.24,11705.0,80.0,11695.0,11745.0,11675.0,5337.0
2023.08.23,11625.0,125.0,11595.0,11655.0,11595.0,4809.0
2023.08.22,11500.0,-100.0,11675.0,11690.0,11500.0,6888.0
2023.08.21,11600.0,45.0,11690.0,11690.0,11600.0,5355.0
2023.08.18,11555.0,-65.0,11600.0,11630.0,11540.0,85898.0
2023.08.17,11620.0,-5.0,11630.0,11630.0,11465.0,11914.0
2023.08.16,11625.0,-160.0,11770.0,11770.0,11590.0,9939.0
2023.08.14,11785.0,-15.0,11850.0,11850.0,11740.0,8115.0
2023.08.11,11800.0,-40.0,11915.0,11920.0,11800.0,3584.0
2023.08.10,11840.0,-15.0,11865.0,11890.0,11785.0,19481.0
2023.08.09,11855.0,60.0,11770.0,11890.0,11770.0,9460.0
2023.08.08,11795.0,-30.0,11820.0,11890.0,11765.0,15286.0
2023.08.07,11825.0,-55.0,11880.0,11880.0,11795.0,11920.0
2023.08.04,11880.0,40.0,11915.0,11915.0,11810.0,11147.0
2023.08.03,11840.0,-90.0,12000.0,12000.0,11785.0,11882.0
2023.08.02,11930.0,-145.0,12080.0,12080.0,11900.0,33860.0
2023.08.01,12075.0,100.0,11975.0,12075.0,11960.0,25176.0
2023.07.31,11975.0,35.0,12005.0,12005.0,11915.0,9782.0
2023.07.28,11940.0,-45.0,12000.0,12000.0,11835.0,8941.0
2023.07.27,12035.0,175.0,11920.0,12035.0,11845.0,19759.0
2023.07.26,11860.0,-45.0,11905.0,11925.0,11780.0,49882.0
2023.07.25,11905.0,0.0,11905.0,11935.0,11845.0,10920.0
2023.07.24,11905.0,65.0,11840.0,11960.0,11755.0,15810.0
2023.07.21,11840.0,50.0,11790.0,11840.0,11660.0,32029.0
2023.07.20,11790.0,10.0,11815.0,11815.0,11750.0,51856.0
2023.07.19,11780.0,-20.0,11920.0,11920.0,11725.0,14077.0
2023.07.18,11800.0,-100.0,11980.0,11980.0,11760.0,17729.0
2023.07.17,11900.0,5.0,11895.0,11960.0,11835.0,40704.0
2023.07.14,11895.0,155.0,11860.0,11900.0,11800.0,18139.0
2023.07.13,11740.0,65.0,11840.0,11840.0,11715.0,12571.0
2023.07.12,11675.0,30.0,11700.0,11700.0,11620.0,2846.0
2023.07.11,11645.0,145.0,11615.0,11645.0,11535.0,4299.0
2023.07.10,11500.0,55.0,11520.0,11540.0,11430.0,10084.0
2023.07.07,11445.0,-125.0,11580.0,11580.0,11370.0,7314.0
2023.07.06,11570.0,-230.0,11740.0,11740.0,11555.0,10199.0
2023.07.05,11800.0,-40.0,11900.0,11900.0,11680.0,7516.0
2023.07.04,11840.0,-20.0,11900.0,11900.0,11795.0,13069.0
2023.07.03,11860.0,70.0,11795.0,11870.0,11795.0,8636.0
2023.06.30,11790.0,45.0,11745.0,11790.0,11660.0,55490.0
2023.06.29,11745.0,5.0,11800.0,11800.0,11690.0,4456.0
2023.06.28,11740.0,-35.0,11775.0,11800.0,11720.0,13502.0
2023.06.27,11775.0,60.0,11720.0,11775.0,11675.0,7717.0
2023.06.26,11715.0,105.0,11665.0,11730.0,11630.0,15583.0
2023.06.23,11610.0,-90.0,11650.0,11720.0,11610.0,3141.0
2023.06.22,11700.0,80.0,11665.0,11705.0,11575.0,1839.0
2023.06.21,11620.0,-10.0,11685.0,11685.0,11575.0,7030.0
2023.06.20,11630.0,-70.0,11725.0,11725.0,11615.0,9961.0
2023.06.19,11700.0,15.0,11740.0,11740.0,11645.0,7685.0
2023.06.16,11685.0,10.0,11795.0,11795.0,11620.0,14514.0
2023.06.15,11675.0,-50.0,11770.0,11770.0,11660.0,8761.0
2023.06.14,11725.0,-35.0,11760.0,11770.0,11680.0,20555.0
2023.06.13,11760.0,10.0,11835.0,11835.0,11710.0,5732.0
2023.06.12,11750.0,-105.0,11915.0,11915.0,11695.0,24966.0
2023.06.09,11855.0,110.0,11780.0,11855.0,11765.0,17906.0
2023.06.08,11745.0,5.0,11710.0,11755.0,11675.0,16868.0
2023.06.07,11740.0,-5.0,11805.0,11810.0,11695.0,22951.0
2023.06.05,11745.0,70.0,11735.0,11790.0,11720.0,55876.0
2023.06.02,11675.0,130.0,11665.0,11675.0,11575.0,12947.0
2023.06.01,11545.0,-90.0,11610.0,11630.0,11530.0,13580.0
2023.05.31,11635.0,-55.0,11720.0,11730.0,11620.0,13457.0
2023.05.30,11690.0,60.0,11730.0,11730.0,11645.0,16062.0
2023.05.26,11630.0,0.0,11630.0,11635.0,11580.0,4462.0
2023.05.25,11630.0,-70.0,11730.0,11730.0,11590.0,9696.0
2023.05.24,11700.0,15.0,11655.0,11700.0,11640.0,3127.0
2023.05.23,11685.0,5.0,11720.0,11725.0,11650.0,26554.0
2023.05.22,11680.0,80.0,11600.0,11720.0,11600.0,11475.0
2023.05.19,11600.0,110.0,11550.0,11625.0,11550.0,10081.0
2023.05.18,11490.0,95.0,11475.0,11500.0,11430.0,9018.0
2023.05.17,11395.0,-25.0,11420.0,11430.0,11385.0,7094.0
2023.05.16,11420.0,-20.0,11440.0,11490.0,11380.0,8588.0
2023.05.15,11440.0,35.0,11450.0,11450.0,11345.0,13999.0
2023.05.12,11405.0,-75.0,11470.0,11470.0,11380.0,10789.0
2023.05.11,11480.0,65.0,11455.0,11570.0,11455.0,4876.0
2023.05.10,11415.0,-105.0,11505.0,11520.0,11415.0,9878.0
2023.05.09,11520.0,15.0,11580.0,11580.0,11450.0,3921.0
2023.05.08,11505.0,60.0,11485.0,11555.0,11480.0,21736.0
2023.05.04,11445.0,-50.0,11430.0,11445.0,11360.0,40667.0
2023.05.03,11495.0,-50.0,11480.0,11495.0,11420.0,21726.0
2023.05.02,11545.0,95.0,11525.0,11545.0,11465.0,10139.0
2023.04.28,11450.0,80.0,11410.0,11465.0,11380.0,2388.0
2023.04.27,11370.0,15.0,11400.0,11400.0,11255.0,7187.0
2023.04.26,11720.0,-65.0,11750.0,11750.0,11680.0,9997.0
2023.04.25,11785.0,-90.0,11955.0,11955.0,11730.0,19749.0
2023.04.24,11875.0,-85.0,11990.0,11990.0,11835.0,15213.0
2023.04.21,11960.0,-20.0,11980.0,11980.0,11880.0,2590.0
2023.04.20,11980.0,-15.0,11995.0,12020.0,11910.0,59623.0
2023.04.19,11995.0,20.0,11980.0,12035.0,11975.0,118309.0
2023.04.18,11975.0,35.0,12060.0,12060.0,11890.0,14336.0
2023.04.17,11940.0,-15.0,11985.0,12005.0,11910.0,18512.0
2023.04.14,11955.0,170.0,11910.0,12025.0,11895.0,17673.0
2023.04.13,11785.0,-110.0,11890.0,11890.0,11765.0,28410.0
2023.04.12,11895.0,145.0,11800.0,11895.0,11775.0,13956.0
2023.04.11,11750.0,60.0,11715.0,11785.0,11665.0,8909.0
2023.04.10,11690.0,115.0,11575.0,11740.0,11575.0,22730.0
2023.04.07,11575.0,160.0,11495.0,11575.0,11470.0,11000.0
2023.04.06,11415.0,-215.0,11630.0,11630.0,11415.0,11222.0
2023.04.05,11630.0,70.0,11670.0,11670.0,11560.0,115356.0
2023.04.04,11560.0,-45.0,11670.0,11670.0,11545.0,470430.0
2023.04.03,11605.0,-30.0,11725.0,11725.0,11580.0,4551.0
2023.03.31,11635.0,205.0,11555.0,11675.0,11460.0,122599.0
2023.03.30,11430.0,30.0,11460.0,11485.0,11405.0,62100.0
2023.03.29,11400.0,10.0,11450.0,11450.0,11350.0,56224.0
2023.03.28,11390.0,100.0,11290.0,11390.0,11290.0,26245.0
2023.03.27,11290.0,-5.0,11340.0,11340.0,11190.0,18358.0
2023.03.24,11295.0,-40.0,11335.0,11340.0,11240.0,5063.0
2023.03.23,11335.0,15.0,11320.0,11335.0,11235.0,4568.0
2023.03.22,11320.0,65.0,11375.0,11375.0,11300.0,23599.0
2023.03.21,11255.0,40.0,11320.0,11320.0,11235.0,3844.0
2023.03.20,11215.0,-40.0,11340.0,11340.0,11200.0,4512.0
2023.03.17,11255.0,100.0,11350.0,11350.0,11240.0,2288.0
2023.03.16,11155.0,-135.0,11210.0,11210.0,11100.0,2961.0
2023.03.15,11290.0,175.0,11295.0,11360.0,11245.0,4651.0
2023.03.14,11115.0,-285.0,11395.0,11395.0,11095.0,32836.0
2023.03.13,11400.0,60.0,11340.0,11420.0,11260.0,16470.0
2023.03.10,11340.0,-115.0,11400.0,11400.0,11265.0,9359.0
2023.03.09,11455.0,-20.0,11550.0,11550.0,11400.0,16708.0
2023.03.08,11475.0,-70.0,11545.0,11545.0,11450.0,5215.0
2023.03.07,11545.0,-65.0,11680.0,11680.0,11545.0,52399.0
2023.03.06,11610.0,50.0,11645.0,11645.0,11520.0,18527.0
2023.03.03,11560.0,-85.0,11730.0,11730.0,11530.0,18533.0
2023.03.02,11645.0,45.0,11600.0,11710.0,11590.0,14386.0
2023.02.28,11600.0,20.0,11630.0,11660.0,11555.0,26925.0
2023.02.27,11580.0,-55.0,11660.0,11660.0,11500.0,23056.0
2023.02.24,11635.0,-70.0,11765.0,11770.0,11625.0,9326.0
2023.02.23,11705.0,75.0,11725.0,11760.0,11655.0,94759.0
2023.02.22,11630.0,-170.0,11770.0,11770.0,11615.0,5131.0
2023.02.21,11800.0,45.0,11755.0,11810.0,11685.0,70253.0
2023.02.20,11755.0,55.0,11790.0,11790.0,11645.0,10823.0
2023.02.17,11700.0,50.0,11655.0,11755.0,11645.0,2511.0
2023.02.16,11650.0,80.0,11570.0,11675.0,11570.0,26717.0
2023.02.15,11570.0,-170.0,11810.0,11810.0,11530.0,20699.0
2023.02.14,11740.0,-20.0,11875.0,11875.0,11710.0,11810.0
2023.02.13,11760.0,40.0,11800.0,11800.0,11690.0,11285.0
2023.02.10,11720.0,0.0,11720.0,11735.0,11645.0,12174.0
2023.02.09,11720.0,-75.0,11825.0,11825.0,11690.0,8131.0
2023.02.08,11795.0,150.0,11765.0,11835.0,11685.0,9338.0
2023.02.07,11645.0,-5.0,11690.0,11690.0,11595.0,7659.0
2023.02.06,11650.0,-135.0,11785.0,11785.0,11630.0,23696.0
2023.02.03,11785.0,-10.0,11840.0,11840.0,11735.0,5133.0
2023.02.02,11795.0,-10.0,11910.0,11910.0,11710.0,21205.0
2023.02.01,11805.0,100.0,11835.0,11835.0,11725.0,5150.0
2023.01.31,11705.0,-185.0,11890.0,11920.0,11655.0,15637.0
2023.01.30,11890.0,-210.0,12105.0,12105.0,11880.0,26796.0
2023.01.27,12130.0,60.0,12070.0,12160.0,12025.0,29015.0
2023.01.26,12070.0,120.0,11990.0,12070.0,11950.0,30352.0
2023.01.25,11950.0,100.0,11970.0,11995.0,11935.0,31478.0
2023.01.20,11850.0,40.0,11815.0,11885.0,11770.0,40986.0
2023.01.19,11810.0,110.0,11685.0,11810.0,11670.0,6881.0
2023.01.18,11700.0,-110.0,11800.0,11800.0,11645.0,11754.0
2023.01.17,11810.0,-25.0,11850.0,11860.0,11755.0,24648.0
2023.01.16,11835.0,200.0,11660.0,11850.0,11660.0,51284.0
2023.01.13,11635.0,140.0,11570.0,11645.0,11525.0,11496.0
2023.01.12,11495.0,15.0,11530.0,11530.0,11475.0,10198.0
2023.01.11,11480.0,-75.0,11590.0,11600.0,11475.0,9551.0
2023.01.10,11555.0,60.0,11500.0,11565.0,11470.0,11375.0
2023.01.09,11495.0,195.0,11395.0,11515.0,11385.0,6348.0
2023.01.06,11300.0,165.0,11105.0,11355.0,11105.0,8051.0
2023.01.05,11135.0,175.0,11020.0,11140.0,11020.0,3421.0
2023.01.04,10960.0,205.0,10720.0,10980.0,10710.0,7117.0
2023.01.03,10755.0,30.0,10735.0,10775.0,10550.0,5646.0
2023.01.02,10725.0,-170.0,10900.0,10905.0,10725.0,10418.0
2022.12.29,10895.0,-270.0,11075.0,11075.0,10895.0,14694.0
2022.12.28,11165.0,-55.0,11225.0,11265.0,11115.0,22696.0
2022.12.27,11220.0,45.0,11220.0,11225.0,11155.0,5215.0
2022.12.26,11175.0,0.0,11130.0,11190.0,11110.0,18464.0
2022.12.23,11175.0,-40.0,11170.0,11230.0,11085.0,361621.0
2022.12.22,11215.0,90.0,11140.0,11250.0,11115.0,64608.0
2022.12.21,11125.0,0.0,11125.0,11185.0,11120.0,95632.0
2022.12.20,11125.0,-5.0,11210.0,11210.0,11070.0,7112.0
2022.12.19,11130.0,-15.0,11145.0,11190.0,11105.0,9076.0
2022.12.16,11145.0,-55.0,11075.0,11160.0,11070.0,7239.0
2022.12.15,11200.0,-110.0,11295.0,11295.0,11190.0,164212.0
2022.12.14,11310.0,20.0,11325.0,11345.0,11290.0,2142.0
2022.12.13,11290.0,25.0,11320.0,11325.0,11250.0,38406.0
2022.12.12,11265.0,0.0,11265.0,11280.0,11215.0,6511.0
2022.12.09,11265.0,155.0,11195.0,11295.0,11180.0,12953.0
2022.12.08,11110.0,-10.0,11145.0,11145.0,11055.0,24028.0
2022.12.07,11120.0,-50.0,11145.0,11175.0,11115.0,1779.0
2022.12.06,11170.0,-115.0,11215.0,11260.0,11120.0,15656.0
2022.12.05,11285.0,-35.0,11355.0,11365.0,11235.0,15520.0
2022.12.02,11320.0,-210.0,11535.0,11535.0,11320.0,4788.0
2022.12.01,11530.0,15.0,11570.0,11615.0,11515.0,46019.0
2022.11.30,11515.0,230.0,11305.0,11515.0,11280.0,9356.0
2022.11.29,11285.0,155.0,11170.0,11300.0,11135.0,24705.0
2022.11.28,11130.0,-155.0,11230.0,11230.0,11095.0,5799.0
2022.11.25,11285.0,50.0,11295.0,11300.0,11245.0,9375.0
2022.11.24,11235.0,50.0,11245.0,11270.0,11230.0,2103.0
2022.11.23,11185.0,55.0,11205.0,11210.0,11130.0,31448.0
2022.11.22,11130.0,-40.0,11125.0,11155.0,11095.0,1139.0
2022.11.21,11170.0,40.0,11165.0,11170.0,11070.0,7188.0
2022.11.18,11130.0,5.0,11155.0,11235.0,11120.0,10307.0
2022.11.17,11125.0,-170.0,11225.0,11255.0,11125.0,25503.0
2022.11.16,11295.0,20.0,11280.0,11295.0,11135.0,25707.0
2022.11.15,11275.0,5.0,11240.0,11305.0,11220.0,40505.0
2022.11.14,11270.0,10.0,11285.0,11335.0,11245.0,16471.0
2022.11.11,11260.0,185.0,11315.0,11355.0,11170.0,28867.0
2022.11.10,11075.0,-70.0,11120.0,11160.0,11060.0,29697.0
2022.11.09,11145.0,80.0,11100.0,11200.0,11100.0,6141.0
2022.11.08,11065.0,90.0,11035.0,11065.0,10970.0,39438.0
2022.11.07,10975.0,185.0,10875.0,10975.0,10870.0,19391.0
2022.11.04,10790.0,50.0,10740.0,10790.0,10705.0,14019.0
2022.11.03,10740.0,-115.0,10705.0,10810.0,10620.0,22069.0
2022.11.02,10855.0,20.0,10815.0,10855.0,10765.0,3072.0
2022.11.01,10835.0,55.0,10800.0,10850.0,10775.0,22218.0
2022.10.31,10780.0,90.0,10730.0,10780.0,10690.0,33096.0
2022.10.28,10690.0,-50.0,10700.0,10745.0,10665.0,20221.0
2022.10.27,10795.0,220.0,10610.0,10795.0,10610.0,8051.0
2022.10.26,10575.0,55.0,10520.0,10605.0,10480.0,47733.0
2022.10.25,10520.0,20.0,10520.0,10530.0,10480.0,4731.0
2022.10.24,10500.0,0.0,10635.0,10635.0,10475.0,29100.0
2022.10.21,10500.0,-65.0,10510.0,10530.0,10450.0,1968.0
2022.10.20,10565.0,-70.0,10515.0,10565.0,10470.0,19161.0
2022.10.19,10635.0,-15.0,10655.0,10730.0,10595.0,9185.0
2022.10.18,10650.0,75.0,10635.0,10650.0,10545.0,16709.0
2022.10.17,10575.0,55.0,10450.0,10575.0,10425.0,28851.0
2022.10.14,10520.0,220.0,10440.0,10570.0,10400.0,2780.0
2022.10.13,10300.0,-95.0,10365.0,10440.0,10300.0,4547.0
2022.10.12,10395.0,95.0,10305.0,10405.0,10295.0,12852.0
2022.10.11,10300.0,-195.0,10325.0,10325.0,10220.0,13239.0
2022.10.07,10495.0,75.0,10345.0,10495.0,10320.0,5698.0
2022.10.06,10420.0,20.0,10410.0,10475.0,10390.0,23105.0
2022.10.05,10400.0,60.0,10520.0,10520.0,10320.0,9590.0
2022.10.04,10340.0,280.0,10220.0,10355.0,10215.0,8841.0
2022.09.30,10060.0,-75.0,10085.0,10175.0,10000.0,33624.0
2022.09.29,10135.0,60.0,10225.0,10250.0,10135.0,29841.0
2022.09.28,10075.0,-250.0,10250.0,10260.0,10010.0,18575.0
2022.09.27,10325.0,-30.0,10355.0,10355.0,10225.0,7024.0
2022.09.26,10355.0,-260.0,10525.0,10525.0,10320.0,14151.0
2022.09.23,10615.0,-55.0,10685.0,10685.0,10590.0,23044.0
2022.09.22,10670.0,-65.0,10595.0,10670.0,10580.0,3941.0
2022.09.21,10735.0,-90.0,10760.0,10780.0,10710.0,6346.0
2022.09.20,10825.0,85.0,10765.0,10850.0,10765.0,23701.0
2022.09.19,10740.0,-50.0,10785.0,10785.0,10700.0,4844.0
2022.09.16,10790.0,-15.0,10745.0,10790.0,10730.0,18133.0
2022.09.15,10805.0,-35.0,10875.0,10875.0,10805.0,4926.0
2022.09.14,10840.0,-190.0,10765.0,10880.0,10750.0,3041.0
2022.09.13,11030.0,285.0,10885.0,11040.0,10880.0,32315.0
2022.09.08,10745.0,15.0,10790.0,10790.0,10690.0,76393.0
2022.09.07,10730.0,-175.0,10830.0,10830.0,10700.0,17544.0
2022.09.06,10905.0,35.0,10905.0,10925.0,10850.0,7110.0
2022.09.05,10870.0,5.0,10880.0,10955.0,10820.0,7231.0
2022.09.02,10865.0,-60.0,10945.0,10945.0,10845.0,3137.0
2022.09.01,10925.0,-240.0,11030.0,11045.0,10920.0,4976.0
2022.08.31,11165.0,85.0,11015.0,11165.0,10975.0,10912.0
2022.08.30,11080.0,105.0,11035.0,11085.0,10980.0,3218.0
2022.08.29,10975.0,-195.0,10910.0,10995.0,10910.0,19673.0
2022.08.26,11170.0,20.0,11210.0,11220.0,11160.0,3060.0
2022.08.25,11150.0,110.0,11105.0,11150.0,11100.0,7974.0
2022.08.24,11040.0,35.0,11035.0,11065.0,11000.0,1703.0
2022.08.23,11005.0,-95.0,11015.0,11040.0,10975.0,7160.0
2022.08.22,11100.0,-105.0,11120.0,11125.0,11035.0,8887.0
2022.08.19,11205.0,10.0,11225.0,11225.0,11135.0,34536.0
2022.08.18,11195.0,-55.0,11190.0,11220.0,11165.0,4334.0
2022.08.17,11250.0,-20.0,11315.0,11345.0,11215.0,19917.0
2022.08.16,11270.0,-15.0,11335.0,11335.0,11270.0,8316.0
2022.08.12,11285.0,90.0,11200.0,11285.0,11200.0,26305.0
2022.08.11,11195.0,135.0,11160.0,11195.0,11120.0,12387.0
2022.08.10,11060.0,-60.0,11100.0,11100.0,11030.0,7562.0
2022.08.09,11120.0,25.0,11125.0,11125.0,11060.0,21309.0
2022.08.08,11095.0,20.0,11070.0,11100.0,11015.0,9424.0
2022.08.05,11075.0,135.0,10995.0,11085.0,10995.0,53764.0
2022.08.04,10940.0,-25.0,11015.0,11015.0,10930.0,8283.0
2022.08.03,10965.0,10.0,10935.0,10965.0,10885.0,18569.0
2022.08.02,10955.0,-15.0,10975.0,10975.0,10905.0,7021.0
2022.08.01,10970.0,-85.0,11025.0,11035.0,10970.0,5225.0
2022.07.29,11055.0,65.0,11060.0,11080.0,11020.0,15080.0
2022.07.28,10990.0,40.0,11010.0,11035.0,10960.0,6624.0
2022.07.27,11000.0,50.0,10950.0,11000.0,10910.0,2800.0
2022.07.26,10950.0,0.0,10920.0,10990.0,10910.0,20365.0
2022.07.25,10950.0,35.0,10895.0,11000.0,10890.0,4461.0
2022.07.22,10915.0,-95.0,10975.0,11010.0,10890.0,13585.0
2022.07.21,11010.0,105.0,10910.0,11010.0,10875.0,5686.0
2022.07.20,10905.0,85.0,10940.0,11000.0,10865.0,7217.0
2022.07.19,10820.0,-15.0,10795.0,10820.0,10745.0,36315.0
2022.07.18,10835.0,320.0,10655.0,10835.0,10655.0,9815.0
2022.07.15,10515.0,-5.0,10555.0,10555.0,10355.0,16364.0
2022.07.14,10520.0,-90.0,10545.0,10585.0,10510.0,3586.0
2022.07.13,10610.0,-15.0,10660.0,10665.0,10595.0,2035.0
2022.07.12,10625.0,-105.0,10705.0,10705.0,10575.0,3122.0
2022.07.11,10730.0,-45.0,10805.0,10805.0,10710.0,8415.0
2022.07.08,10775.0,95.0,10735.0,10825.0,10725.0,7789.0
2022.07.07,10680.0,115.0,10630.0,10740.0,10580.0,10772.0
2022.07.06,10565.0,-390.0,10860.0,10860.0,10560.0,8345.0
2022.07.05,10955.0,95.0,10930.0,10960.0,10870.0,16611.0
2022.07.04,10860.0,10.0,10885.0,10900.0,10735.0,12580.0
2022.07.01,10850.0,-40.0,10965.0,11010.0,10830.0,7162.0
2022.06.30,10890.0,-135.0,10985.0,11010.0,10870.0,4276.0
2022.06.29,11025.0,-155.0,11080.0,11100.0,11015.0,17369.0
2022.06.28,11180.0,120.0,11105.0,11180.0,11070.0,1346.0
2022.06.27,11060.0,85.0,11010.0,11135.0,10940.0,10257.0
2022.06.24,10975.0,165.0,10890.0,11020.0,10810.0,5836.0
2022.06.23,10810.0,-120.0,10925.0,10975.0,10785.0,4368.0
2022.06.22,10930.0,-260.0,11255.0,11255.0,10930.0,5066.0
2022.06.21,11190.0,20.0,11225.0,11255.0,11150.0,4558.0
2022.06.20,11170.0,-170.0,11380.0,11380.0,11085.0,21433.0
2022.06.17,11340.0,-125.0,11215.0,11400.0,11205.0,9355.0
2022.06.16,11465.0,-15.0,11590.0,11625.0,11450.0,11896.0
2022.06.15,11480.0,-145.0,11615.0,11620.0,11430.0,23706.0
2022.06.14,11625.0,-60.0,11545.0,11670.0,11495.0,28422.0
2022.06.13,11685.0,-350.0,11815.0,11850.0,11685.0,22812.0
2022.06.10,12035.0,-85.0,12040.0,12040.0,11970.0,7035.0
2022.06.09,12120.0,-30.0,12125.0,12140.0,12080.0,6141.0
2022.06.08,12150.0,-5.0,12175.0,12185.0,12135.0,9274.0
2022.06.07,12155.0,-150.0,12265.0,12265.0,12140.0,9314.0
2022.06.03,12305.0,15.0,12350.0,12360.0,12285.0,3892.0
2022.06.02,12290.0,-145.0,12390.0,12390.0,12245.0,6687.0
2022.05.31,12435.0,45.0,12395.0,12450.0,12325.0,11236.0
2022.05.30,12390.0,135.0,12350.0,12425.0,12345.0,9198.0
2022.05.27,12255.0,145.0,12250.0,12290.0,12230.0,19788.0
2022.05.26,12110.0,-30.0,12140.0,12240.0,12105.0,6683.0
2022.05.25,12140.0,20.0,12200.0,12215.0,12140.0,6538.0
2022.05.24,12120.0,-80.0,12235.0,12260.0,12115.0,5178.0
2022.05.23,12200.0,0.0,12260.0,12260.0,12160.0,14857.0
2022.05.20,12200.0,155.0,12055.0,12220.0,12055.0,4879.0
2022.05.19,12045.0,-190.0,11995.0,12065.0,11995.0,2259.0
2022.05.18,12235.0,-20.0,12300.0,12310.0,12195.0,29749.0
2022.05.17,12255.0,95.0,12205.0,12265.0,12205.0,10821.0
2022.05.16,12160.0,-15.0,12250.0,12250.0,12140.0,4769.0
2022.05.13,12175.0,225.0,12010.0,12175.0,11940.0,4427.0
2022.05.12,11950.0,-5.0,11890.0,12035.0,11860.0,5922.0
2022.05.11,11955.0,-165.0,12055.0,12055.0,11945.0,9028.0
2022.05.10,12120.0,-115.0,12150.0,12150.0,11985.0,22355.0
2022.05.09,12235.0,-105.0,12305.0,12335.0,12200.0,12571.0
2022.05.06,12340.0,-75.0,12385.0,12385.0,12290.0,8020.0
2022.05.04,12415.0,55.0,12415.0,12460.0,12400.0,22523.0
2022.05.03,12360.0,-5.0,12370.0,12425.0,12345.0,1518.0
2022.05.02,12365.0,-30.0,12370.0,12370.0,12295.0,10039.0
2022.04.29,12395.0,95.0,12380.0,12395.0,12285.0,9067.0
2022.04.28,12300.0,160.0,12245.0,12305.0,12130.0,6033.0
2022.04.27,12520.0,-225.0,12620.0,12620.0,12480.0,24253.0
2022.04.26,12745.0,-45.0,12875.0,12875.0,12710.0,11968.0
2022.04.25,12790.0,-175.0,12920.0,12920.0,12760.0,11640.0
2022.04.22,12965.0,20.0,12945.0,12965.0,12830.0,4835.0
2022.04.21,12945.0,75.0,12995.0,12995.0,12895.0,13896.0
2022.04.20,12870.0,-15.0,12885.0,12890.0,12805.0,3728.0
2022.04.19,12885.0,125.0,12795.0,12885.0,12785.0,9035.0
2022.04.18,12760.0,20.0,12760.0,12780.0,12670.0,7718.0
2022.04.15,12740.0,-160.0,12905.0,12905.0,12715.0,10478.0
2022.04.14,12900.0,-10.0,12930.0,12930.0,12850.0,22016.0
2022.04.13,12910.0,85.0,12945.0,12945.0,12830.0,8049.0
2022.04.12,12825.0,-100.0,12935.0,12935.0,12815.0,19778.0
2022.04.11,12925.0,100.0,12885.0,12935.0,12800.0,45827.0
2022.04.08,12825.0,15.0,12895.0,12895.0,12755.0,7713.0
2022.04.07,12810.0,-90.0,12945.0,12945.0,12785.0,15159.0
2022.04.06,12900.0,-20.0,12915.0,12940.0,12855.0,17126.0
2022.04.05,12920.0,-95.0,13070.0,13070.0,12870.0,16448.0
2022.04.04,13015.0,45.0,12970.0,13015.0,12950.0,7419.0
2022.04.01,12970.0,0.0,12965.0,12970.0,12860.0,12863.0
2022.03.31,12970.0,135.0,12945.0,12990.0,12920.0,36836.0
2022.03.30,12835.0,-65.0,12980.0,12980.0,12815.0,21890.0
2022.03.29,12900.0,-20.0,12980.0,12980.0,12855.0,3804.0
2022.03.28,12920.0,125.0,12840.0,12920.0,12755.0,11520.0
2022.03.25,12795.0,-15.0,12850.0,12850.0,12755.0,11539.0
2022.03.24,12810.0,-30.0,12845.0,12845.0,12770.0,3624.0
2022.03.23,12840.0,150.0,12750.0,12845.0,12745.0,8251.0
2022.03.22,12690.0,155.0,12630.0,12690.0,12590.0,6965.0
2022.03.21,12535.0,-110.0,12700.0,12700.0,12515.0,9454.0
2022.03.18,12645.0,60.0,12645.0,12645.0,12530.0,4811.0
2022.03.17,12585.0,65.0,12740.0,12740.0,12585.0,12846.0
2022.03.16,12520.0,40.0,12585.0,12585.0,12440.0,6258.0
2022.03.15,12480.0,-45.0,12585.0,12585.0,12435.0,6091.0
2022.03.14,12525.0,80.0,12500.0,12525.0,12430.0,4991.0
2022.03.11,12445.0,45.0,12460.0,12460.0,12340.0,2262.0
2022.03.10,12400.0,215.0,12355.0,12490.0,12355.0,6352.0
2022.03.08,12185.0,-155.0,12225.0,12225.0,12115.0,9879.0
2022.03.07,12340.0,-265.0,12495.0,12495.0,12295.0,23703.0
2022.03.04,12605.0,-45.0,12645.0,12645.0,12485.0,7464.0
2022.03.03,12650.0,145.0,12650.0,12680.0,12585.0,22706.0
2022.03.02,12505.0,-130.0,12640.0,12640.0,12465.0,18494.0
2022.02.28,12635.0,125.0,12505.0,12635.0,12495.0,16642.0
2022.02.25,12510.0,-60.0,12610.0,12610.0,12475.0,13591.0
2022.02.24,12570.0,-180.0,12685.0,12685.0,12480.0,19407.0
2022.02.23,12750.0,-5.0,12750.0,12800.0,12710.0,1366.0
2022.02.22,12755.0,-100.0,12795.0,12795.0,12645.0,8632.0
2022.02.21,12855.0,-60.0,12815.0,12855.0,12695.0,36513.0
2022.02.18,12915.0,10.0,12890.0,12915.0,12795.0,3228.0
2022.02.17,12905.0,40.0,12965.0,13005.0,12810.0,29240.0
2022.02.16,12865.0,145.0,12885.0,12885.0,12755.0,10843.0
2022.02.15,12720.0,-75.0,12905.0,12905.0,12655.0,17976.0
2022.02.14,12795.0,-205.0,12965.0,12965.0,12750.0,12932.0
2022.02.11,13000.0,10.0,12990.0,13015.0,12860.0,31765.0
2022.02.10,12990.0,40.0,13000.0,13025.0,12920.0,26432.0
2022.02.09,12950.0,220.0,12820.0,12950.0,12810.0,21839.0
2022.02.08,12730.0,30.0,12790.0,12870.0,12660.0,5900.0
2022.02.07,12700.0,-25.0,12810.0,12810.0,12625.0,17995.0
2022.02.04,12725.0,140.0,12695.0,12725.0,12585.0,8286.0
2022.02.03,12585.0,170.0,12625.0,12655.0,12560.0,6822.0
2022.01.28,12415.0,165.0,12300.0,12445.0,12220.0,2903.0
2022.01.27,12250.0,-300.0,12440.0,12440.0,12190.0,15508.0
2022.01.26,12580.0,125.0,12575.0,12610.0,12525.0,4661.0
2022.01.25,12455.0,-285.0,12735.0,12735.0,12405.0,21672.0
2022.01.24,12740.0,-170.0,12925.0,12925.0,12670.0,50840.0
2022.01.21,12910.0,-5.0,12910.0,12910.0,12780.0,6275.0
2022.01.20,12915.0,-85.0,13000.0,13025.0,12880.0,14846.0
2022.01.19,13000.0,80.0,12835.0,13100.0,12835.0,29775.0
2022.01.18,12920.0,-40.0,12930.0,13025.0,12910.0,8942.0
2022.01.17,12960.0,-110.0,13080.0,13080.0,12925.0,63256.0
2022.01.14,13070.0,-120.0,13190.0,13190.0,13000.0,15679.0
2022.01.13,13190.0,45.0,13145.0,13205.0,13140.0,241441.0
2022.01.12,13145.0,145.0,13035.0,13145.0,13035.0,155444.0
2022.01.11,13000.0,60.0,12990.0,13025.0,12930.0,110366.0
2022.01.10,12940.0,120.0,12885.0,12940.0,12835.0,276809.0
2022.01.07,12820.0,85.0,12835.0,12835.0,12725.0,13048.0
2022.01.06,12735.0,-80.0,12690.0,12795.0,12690.0,10265.0
2022.01.05,12815.0,0.0,12820.0,12870.0,12750.0,49556.0
2022.01.04,12815.0,70.0,12780.0,12830.0,12725.0,24019.0
2022.01.03,12745.0,35.0,12760.0,12800.0,12685.0,26277.0
2021.12.30,12710.0,-55.0,12835.0,12835.0,12690.0,16283.0
2021.12.29,12765.0,-30.0,12825.0,12870.0,12760.0,52963.0
2021.12.28,12795.0,60.0,12735.0,12795.0,12720.0,29760.0
2021.12.27,12735.0,-5.0,12695.0,12760.0,12695.0,15982.0
2021.12.24,12740.0,25.0,12785.0,12785.0,12720.0,22326.0
2021.12.23,12715.0,55.0,12780.0,12780.0,12680.0,9804.0
2021.12.22,12660.0,80.0,12690.0,12690.0,12630.0,15262.0
2021.12.21,12580.0,55.0,12535.0,12635.0,12525.0,17957.0
2021.12.20,12525.0,-130.0,12675.0,12675.0,12510.0,8829.0
2021.12.17,12655.0,155.0,12530.0,12655.0,12470.0,9334.0
2021.12.16,12500.0,40.0,12590.0,12590.0,12425.0,1576.0
2021.12.15,12460.0,-10.0,12470.0,12470.0,12385.0,21327.0
2021.12.14,12470.0,-30.0,12485.0,12485.0,12395.0,7599.0
2021.12.13,12500.0,0.0,12565.0,12630.0,12470.0,8687.0
2021.12.10,12500.0,-50.0,12590.0,12590.0,12460.0,23846.0
2021.12.09,12550.0,65.0,12575.0,12575.0,12460.0,4245.0
2021.12.08,12485.0,10.0,12590.0,12630.0,12460.0,23553.0
2021.12.07,12475.0,80.0,12450.0,12490.0,12360.0,11780.0
2021.12.06,12395.0,100.0,12330.0,12435.0,12205.0,5825.0
2021.12.03,12295.0,145.0,12225.0,12315.0,12100.0,5406.0
2021.12.02,12150.0,205.0,11925.0,12160.0,11825.0,6686.0
2021.12.01,11945.0,215.0,11850.0,11960.0,11690.0,15730.0
2021.11.30,11730.0,-330.0,12155.0,12155.0,11645.0,23348.0
2021.11.29,12060.0,-105.0,12000.0,12120.0,11915.0,8611.0
2021.11.26,12165.0,-185.0,12405.0,12405.0,12140.0,20471.0
2021.11.25,12350.0,-105.0,12500.0,12500.0,12345.0,10231.0
2021.11.24,12455.0,-5.0,12540.0,12540.0,12395.0,8437.0
2021.11.23,12460.0,105.0,12395.0,12495.0,12395.0,35889.0
2021.11.22,12355.0,115.0,12240.0,12400.0,12215.0,13495.0
2021.11.19,12240.0,45.0,12200.0,12240.0,12150.0,3959.0
2021.11.18,12195.0,-55.0,12290.0,12290.0,12135.0,8887.0
2021.11.17,12250.0,-185.0,12475.0,12475.0,12230.0,47832.0
2021.11.16,12435.0,25.0,12425.0,12435.0,12360.0,7742.0
2021.11.15,12410.0,80.0,12455.0,12455.0,12325.0,13860.0
2021.11.12,12330.0,180.0,12165.0,12345.0,12165.0,12332.0
2021.11.11,12150.0,-115.0,12235.0,12235.0,12150.0,14984.0
2021.11.10,12265.0,-95.0,12345.0,12345.0,12235.0,16806.0
2021.11.09,12360.0,-25.0,12385.0,12460.0,12330.0,4387.0
2021.11.08,12385.0,90.0,12375.0,12385.0,12245.0,11771.0
2021.11.05,12295.0,-105.0,12525.0,12525.0,12250.0,24023.0
2021.11.04,12400.0,25.0,12450.0,12495.0,12400.0,14188.0
2021.11.03,12375.0,-135.0,12595.0,12595.0,12340.0,13917.0
2021.11.02,12510.0,120.0,12500.0,12575.0,12445.0,53974.0
2021.11.01,12390.0,40.0,12430.0,12430.0,12305.0,12188.0
2021.10.29,12350.0,-125.0,12590.0,12600.0,12320.0,38764.0
2021.10.28,12475.0,-155.0,12660.0,12660.0,12475.0,25216.0
2021.10.27,12650.0,-125.0,12825.0,12825.0,12615.0,10031.0
2021.10.26,12775.0,65.0,12805.0,12805.0,12670.0,14433.0
2021.10.25,12710.0,75.0,12690.0,12720.0,12580.0,113757.0
2021.10.22,12635.0,-15.0,12675.0,12680.0,12590.0,10042.0
2021.10.21,12650.0,50.0,12565.0,12670.0,12565.0,6181.0
2021.10.20,12600.0,-5.0,12605.0,12650.0,12550.0,7410.0
2021.10.19,12605.0,35.0,12645.0,12645.0,12555.0,28604.0
2021.10.18,12570.0,20.0,12630.0,12630.0,12460.0,11688.0
2021.10.15,12550.0,125.0,12550.0,12555.0,12485.0,17807.0
2021.10.14,12425.0,35.0,12495.0,12495.0,12375.0,4356.0
2021.10.13,12390.0,55.0,12310.0,12405.0,12290.0,7462.0
2021.10.12,12335.0,-145.0,12470.0,12480.0,12265.0,51433.0
2021.10.08,12480.0,-85.0,12640.0,12640.0,12440.0,20177.0
2021.10.07,12565.0,110.0,12530.0,12590.0,12505.0,32902.0
2021.10.06,12455.0,-90.0,12565.0,12680.0,12455.0,23921.0
2021.10.05,12545.0,-115.0,12625.0,12650.0,12465.0,14635.0
2021.10.01,12660.0,-120.0,12780.0,12780.0,12605.0,13002.0
2021.09.30,12780.0,95.0,12690.0,12800.0,12635.0,14197.0
2021.09.29,12685.0,-120.0,12745.0,12760.0,12605.0,20140.0
2021.09.28,12805.0,-30.0,12835.0,12855.0,12795.0,11466.0
2021.09.27,12835.0,40.0,12795.0,12885.0,12760.0,30540.0
2021.09.24,12795.0,10.0,12750.0,12855.0,12750.0,18259.0
2021.09.23,12785.0,-50.0,12835.0,12835.0,12695.0,20100.0
2021.09.17,12835.0,30.0,12835.0,12835.0,12720.0,6784.0
2021.09.16,12805.0,-30.0,12855.0,12855.0,12760.0,35266.0
2021.09.15,12835.0,0.0,12815.0,12860.0,12755.0,45654.0
2021.09.14,12835.0,50.0,12850.0,12925.0,12805.0,102451.0
2021.09.13,12785.0,85.0,12735.0,12785.0,12670.0,133755.0
2021.09.10,12700.0,-35.0,12710.0,12710.0,12605.0,16746.0
2021.09.09,12735.0,-5.0,12680.0,12740.0,12600.0,72329.0
2021.09.08,12740.0,30.0,12710.0,12745.0,12670.0,59918.0
2021.09.07,12710.0,-70.0,12780.0,12780.0,12650.0,137451.0
2021.09.06,12780.0,40.0,12775.0,12780.0,12710.0,7175.0
2021.09.03,12740.0,10.0,12825.0,12825.0,12680.0,4629.0
2021.09.02,12730.0,-25.0,12815.0,12815.0,12690.0,3975.0
2021.09.01,12755.0,90.0,12580.0,12785.0,12580.0,26979.0
2021.08.31,12665.0,185.0,12445.0,12670.0,12400.0,8174.0
2021.08.30,12480.0,-35.0,12595.0,12595.0,12430.0,4277.0
2021.08.27,12515.0,0.0,12540.0,12540.0,12440.0,3439.0
2021.08.26,12515.0,-45.0,12600.0,12600.0,12475.0,5292.0
2021.08.25,12560.0,115.0,12545.0,12595.0,12460.0,29248.0
2021.08.24,12445.0,265.0,12245.0,12460.0,12245.0,9758.0
2021.08.23,12180.0,125.0,12115.0,12255.0,12115.0,16693.0
2021.08.20,12055.0,-165.0,12145.0,12270.0,12000.0,72745.0
2021.08.19,12220.0,-305.0,12525.0,12525.0,12205.0,13831.0
2021.08.18,12525.0,25.0,12530.0,12530.0,12415.0,9689.0
2021.08.17,12500.0,-85.0,12600.0,12605.0,12470.0,27341.0
2021.08.13,12585.0,-165.0,12765.0,12765.0,12500.0,24641.0
2021.08.12,12750.0,-40.0,12790.0,12840.0,12730.0,9880.0
2021.08.11,12790.0,5.0,12835.0,12835.0,12765.0,13939.0
2021.08.10,12785.0,-105.0,12895.0,12895.0,12755.0,29849.0
2021.08.09,12890.0,10.0,12880.0,12920.0,12855.0,18753.0
2021.08.06,12880.0,-75.0,12980.0,12990.0,12860.0,41627.0
2021.08.05,12955.0,-50.0,12945.0,13015.0,12930.0,23150.0
2021.08.04,13005.0,175.0,12935.0,13005.0,12830.0,67032.0
2021.08.03,12830.0,45.0,12815.0,12840.0,12740.0,8453.0
2021.08.02,12785.0,15.0,12800.0,12825.0,12700.0,40332.0
2021.07.30,12770.0,-105.0,12865.0,12865.0,12750.0,22062.0
2021.07.29,12875.0,40.0,12910.0,12920.0,12855.0,26491.0
2021.07.28,12865.0,70.0,12830.0,12870.0,12780.0,16857.0
2021.07.27,12795.0,0.0,12795.0,12875.0,12780.0,1800.0
2021.07.26,12795.0,-100.0,12965.0,12965.0,12775.0,28501.0
2021.07.23,12895.0,75.0,12920.0,12920.0,12835.0,60939.0
2021.07.22,12820.0,160.0,12790.0,12860.0,12765.0,44018.0
2021.07.21,12660.0,-40.0,12735.0,12740.0,12650.0,13531.0
2021.07.20,12700.0,-60.0,12695.0,12700.0,12635.0,39070.0
2021.07.19,12760.0,-105.0,12820.0,12820.0,12720.0,13852.0
2021.07.16,12865.0,-30.0,12765.0,12880.0,12750.0,108851.0
2021.07.15,12895.0,115.0,12870.0,12895.0,12775.0,29828.0
2021.07.14,12780.0,-55.0,12850.0,12850.0,12705.0,132825.0
2021.07.13,12835.0,90.0,12835.0,12875.0,12790.0,30543.0
2021.07.12,12745.0,205.0,12625.0,12780.0,12625.0,63399.0
2021.07.09,12540.0,-210.0,12695.0,12695.0,12480.0,187149.0
2021.07.08,12750.0,-70.0,12805.0,12880.0,12745.0,42696.0
2021.07.07,12820.0,-140.0,12945.0,12945.0,12800.0,42637.0
2021.07.06,12960.0,55.0,12905.0,12965.0,12905.0,43069.0
2021.07.05,12905.0,-10.0,12915.0,12990.0,12875.0,34860.0
2021.07.02,12915.0,40.0,12940.0,12950.0,12865.0,33209.0
2021.07.01,12875.0,-150.0,13035.0,13035.0,12870.0,69163.0
2021.06.30,13025.0,0.0,13015.0,13040.0,12970.0,100277.0
2021.06.29,13025.0,-150.0,13175.0,13175.0,13000.0,130725.0
2021.06.28,13175.0,60.0,13120.0,13175.0,13055.0,104981.0
2021.06.25,13115.0,195.0,12950.0,13115.0,12950.0,125551.0
2021.06.24,12920.0,110.0,12880.0,12935.0,12785.0,43011.0
2021.06.23,12810.0,-40.0,12850.0,12890.0,12780.0,117856.0
2021.06.22,12850.0,95.0,12755.0,12870.0,12755.0,101663.0
2021.06.21,12755.0,-225.0,12880.0,12880.0,12685.0,158541.0
2021.06.18,12980.0,-60.0,13065.0,13065.0,12950.0,126253.0
2021.06.17,13040.0,-20.0,13130.0,13130.0,13000.0,171206.0
2021.06.16,13060.0,95.0,12975.0,13115.0,12975.0,112291.0
2021.06.15,12965.0,20.0,12985.0,12985.0,12885.0,70828.0
2021.06.14,12945.0,-75.0,13020.0,13020.0,12905.0,59723.0
2021.06.11,13020.0,25.0,13045.0,13060.0,12955.0,190221.0
2021.06.10,12995.0,-25.0,13095.0,13095.0,12950.0,102947.0
2021.06.09,13020.0,-130.0,13170.0,13170.0,13015.0,83214.0
2021.06.08,13150.0,-25.0,13250.0,13250.0,13100.0,104091.0
2021.06.07,13175.0,55.0,13125.0,13195.0,13055.0,96728.0
2021.06.04,13120.0,-65.0,13180.0,13180.0,13090.0,92896.0
2021.06.03,13185.0,45.0,13215.0,13215.0,13140.0,200897.0
2021.06.02,13140.0,35.0,13060.0,13180.0,13060.0,82715.0
2021.06.01,13105.0,45.0,13125.0,13155.0,12940.0,146699.0
2021.05.31,13060.0,70.0,13040.0,13060.0,12935.0,132286.0
2021.05.28,12990.0,115.0,12915.0,13035.0,12910.0,154992.0
2021.05.27,12875.0,-115.0,12955.0,12970.0,12845.0,112009.0
2021.05.26,12990.0,35.0,12895.0,13005.0,12890.0,133222.0
2021.05.25,12955.0,65.0,12910.0,12975.0,12875.0,84570.0
2021.05.24,12890.0,100.0,12840.0,12905.0,12760.0,124160.0
2021.05.21,12790.0,-100.0,12890.0,12985.0,12750.0,164559.0
2021.05.20,12890.0,-95.0,12945.0,12950.0,12815.0,188191.0
2021.05.18,12985.0,180.0,12875.0,13035.0,12870.0,103579.0
2021.05.17,12805.0,-170.0,13000.0,13005.0,12765.0,143889.0
2021.05.14,12975.0,45.0,13045.0,13045.0,12895.0,291782.0
2021.05.13,12930.0,-35.0,12705.0,13075.0,12705.0,353288.0
2021.05.12,12965.0,-245.0,13210.0,13210.0,12840.0,386416.0
2021.05.11,13210.0,-45.0,13130.0,13230.0,13040.0,378942.0
2021.05.10,13255.0,205.0,13115.0,13260.0,13050.0,484863.0
2021.05.07,13050.0,85.0,13090.0,13090.0,12925.0,209103.0
2021.05.06,12965.0,270.0,12580.0,12965.0,12580.0,355289.0
2021.05.04,12695.0,90.0,12620.0,12700.0,12545.0,65028.0
2021.05.03,12605.0,-55.0,12695.0,12770.0,12595.0,146347.0
2021.04.30,12660.0,-30.0,12620.0,12765.0,12620.0,132317.0
2021.04.29,12690.0,-105.0,12895.0,12895.0,12650.0,157981.0
2021.04.28,13155.0,-5.0,13260.0,13260.0,13070.0,271699.0
2021.04.27,13160.0,60.0,13215.0,13215.0,13035.0,151130.0
2021.04.26,13100.0,110.0,12990.0,13100.0,12900.0,226966.0
2021.04.23,12990.0,145.0,12845.0,12990.0,12750.0,99812.0
2021.04.22,12845.0,90.0,12805.0,12895.0,12755.0,66862.0
2021.04.21,12755.0,-160.0,12905.0,12905.0,12680.0,121495.0
2021.04.20,12915.0,135.0,12770.0,12915.0,12740.0,74026.0
2021.04.19,12780.0,5.0,12775.0,12815.0,12745.0,71524.0
2021.04.16,12775.0,-45.0,12820.0,12860.0,12740.0,61578.0
2021.04.15,12820.0,90.0,12825.0,12860.0,12710.0,326927.0
2021.04.14,12730.0,90.0,12675.0,12730.0,12590.0,42789.0
2021.04.13,12640.0,55.0,12580.0,12660.0,12570.0,39046.0
2021.04.12,12585.0,20.0,12585.0,12630.0,12515.0,68542.0
2021.04.09,12565.0,-95.0,12685.0,12690.0,12535.0,78796.0
2021.04.08,12660.0,-40.0,12705.0,12705.0,12595.0,110320.0
2021.04.07,12700.0,75.0,12625.0,12710.0,12600.0,129613.0
2021.04.06,12625.0,-25.0,12650.0,12745.0,12540.0,135162.0
2021.04.05,12650.0,95.0,12665.0,12665.0,12520.0,96809.0
2021.04.02,12555.0,125.0,12405.0,12570.0,12405.0,133412.0
2021.04.01,12430.0,-5.0,12535.0,12535.0,12365.0,51372.0
2021.03.31,12435.0,45.0,12390.0,12490.0,12390.0,138413.0
2021.03.30,12390.0,100.0,12290.0,12400.0,12290.0,76914.0
2021.03.29,12290.0,35.0,12340.0,12340.0,12165.0,18547.0
2021.03.26,12255.0,120.0,12270.0,12270.0,12170.0,45442.0
2021.03.25,12135.0,70.0,12070.0,12175.0,11995.0,33082.0
2021.03.24,12065.0,-115.0,12135.0,12135.0,12035.0,35859.0
2021.03.23,12180.0,-60.0,12355.0,12355.0,12170.0,60143.0
2021.03.22,12240.0,60.0,12275.0,12290.0,12145.0,81477.0
2021.03.19,12180.0,-90.0,12295.0,12295.0,12115.0,45014.0
2021.03.18,12270.0,45.0,12340.0,12340.0,12230.0,36990.0
2021.03.17,12225.0,-75.0,12305.0,12305.0,12150.0,33928.0
2021.03.16,12300.0,70.0,12305.0,12315.0,12205.0,116593.0
2021.03.15,12230.0,10.0,12220.0,12265.0,12165.0,76564.0
2021.03.12,12220.0,60.0,12160.0,12255.0,12075.0,54086.0
2021.03.11,12160.0,110.0,12050.0,12230.0,12050.0,117297.0
2021.03.10,12050.0,-135.0,12245.0,12245.0,11975.0,51013.0
2021.03.09,12185.0,105.0,12080.0,12250.0,12015.0,52541.0
2021.03.08,12080.0,40.0,12200.0,12210.0,12060.0,32324.0
2021.03.05,12040.0,-10.0,11980.0,12075.0,11935.0,181095.0
2021.03.04,12050.0,-85.0,12135.0,12135.0,11975.0,63033.0
2021.03.03,12135.0,160.0,11975.0,12135.0,11935.0,38122.0
2021.03.02,11975.0,140.0,12125.0,12145.0,11885.0,88332.0
2021.02.26,11835.0,-310.0,11790.0,11935.0,11775.0,3906.0
2021.02.25,12145.0,355.0,11995.0,12145.0,11915.0,21357.0
2021.02.24,11790.0,-155.0,11945.0,12005.0,11770.0,3853.0
2021.02.23,11945.0,75.0,11860.0,11995.0,11800.0,12682.0
2021.02.22,11870.0,-35.0,11840.0,12065.0,11840.0,8105.0
2021.02.19,11905.0,75.0,11830.0,11905.0,11650.0,15229.0
2021.02.18,11830.0,-210.0,11925.0,12030.0,11820.0,42874.0
2021.02.17,12040.0,-35.0,12100.0,12105.0,11970.0,4098.0
2021.02.16,12075.0,20.0,12055.0,12120.0,11995.0,23884.0
2021.02.15,12055.0,140.0,11940.0,12125.0,11940.0,11725.0
2021.02.10,11915.0,55.0,11860.0,11920.0,11790.0,978.0
2021.02.09,11860.0,-25.0,12020.0,12020.0,11860.0,1809.0
2021.02.08,11885.0,10.0,11880.0,11975.0,11750.0,27542.0
2021.02.05,11875.0,225.0,11615.0,11875.0,11615.0,56277.0
2021.02.04,11650.0,-160.0,11875.0,11875.0,11575.0,19093.0
2021.02.03,11810.0,60.0,11755.0,11885.0,11655.0,39623.0
2021.02.02,11750.0,135.0,11815.0,11895.0,11675.0,9863.0
2021.02.01,11615.0,255.0,11330.0,11615.0,11230.0,6723.0
2021.01.29,11360.0,-285.0,11710.0,11765.0,11320.0,69878.0
2021.01.28,11645.0,-245.0,11715.0,11765.0,11545.0,3831.0
2021.01.27,11920.0,-90.0,12085.0,12110.0,11900.0,8495.0
2021.01.26,12010.0,-310.0,12380.0,12380.0,11980.0,15837.0
2021.01.25,12320.0,170.0,11995.0,12320.0,11995.0,27688.0
2021.01.22,12150.0,-145.0,12400.0,12400.0,12110.0,16612.0
2021.01.21,12295.0,60.0,12310.0,12310.0,12155.0,56004.0
2021.01.20,12235.0,-10.0,12255.0,12300.0,12050.0,9671.0
2021.01.19,12245.0,270.0,12070.0,12260.0,11955.0,9890.0
2021.01.18,11975.0,-225.0,11950.0,12110.0,11850.0,15304.0
2021.01.15,12200.0,-255.0,12455.0,12575.0,12190.0,17673.0
2021.01.14,12455.0,-75.0,12530.0,12530.0,12380.0,21193.0
2021.01.13,12530.0,80.0,12410.0,12620.0,12400.0,12546.0
2021.01.12,12450.0,-70.0,12520.0,12520.0,12165.0,35104.0
2021.01.11,12520.0,80.0,12605.0,12880.0,12275.0,34433.0
2021.01.08,12440.0,455.0,12265.0,12440.0,11795.0,43445.0
2021.01.07,11985.0,325.0,11715.0,12080.0,11715.0,66561.0
2021.01.06,11660.0,-5.0,11680.0,11820.0,11590.0,17567.0
2021.01.05,11665.0,135.0,11500.0,11670.0,11420.0,43139.0
2021.01.04,11530.0,115.0,11490.0,11570.0,11305.0,116555.0
2020.12.30,11415.0,150.0,11265.0,11415.0,11170.0,127667.0
2020.12.29,11265.0,120.0,11230.0,11275.0,11155.0,102534.0
2020.12.28,11145.0,50.0,11290.0,11290.0,11100.0,196403.0
2020.12.24,11095.0,225.0,10930.0,11105.0,10930.0,123741.0
2020.12.23,10870.0,90.0,10810.0,10890.0,10695.0,37300.0
2020.12.22,10780.0,-115.0,10910.0,10910.0,10755.0,36890.0
2020.12.21,10895.0,20.0,10875.0,10895.0,10755.0,22407.0
2020.12.18,10875.0,-5.0,10815.0,10915.0,10815.0,8854.0
2020.12.17,10880.0,-60.0,10915.0,10915.0,10780.0,62355.0
2020.12.16,10940.0,40.0,10935.0,10985.0,10875.0,75933.0
2020.12.15,10900.0,-45.0,10935.0,10940.0,10785.0,13722.0
2020.12.14,10945.0,-40.0,10980.0,10990.0,10875.0,55121.0
2020.12.11,10985.0,155.0,10860.0,10995.0,10860.0,283111.0
2020.12.10,10830.0,-25.0,10835.0,10860.0,10735.0,45129.0
2020.12.09,10855.0,190.0,10665.0,10855.0,10665.0,48054.0
2020.12.08,10665.0,-150.0,10735.0,10760.0,10615.0,41523.0
2020.12.07,10815.0,-15.0,10830.0,10845.0,10670.0,86399.0
2020.12.04,10830.0,160.0,10680.0,10845.0,10680.0,289450.0
2020.12.03,10670.0,60.0,10565.0,10680.0,10540.0,83377.0
2020.12.02,10610.0,160.0,10475.0,10620.0,10475.0,51496.0
2020.12.01,10450.0,200.0,10420.0,10465.0,10355.0,39367.0
2020.11.30,10250.0,-275.0,10610.0,10610.0,10250.0,151421.0
2020.11.27,10525.0,-15.0,10540.0,10555.0,10480.0,134164.0
2020.11.26,10540.0,55.0,10495.0,10540.0,10425.0,114526.0
2020.11.25,10485.0,-30.0,10560.0,10610.0,10385.0,122054.0
2020.11.24,10515.0,35.0,10500.0,10565.0,10455.0,133713.0
2020.11.23,10480.0,205.0,10275.0,10495.0,10250.0,120278.0
2020.11.20,10275.0,35.0,10120.0,10300.0,10120.0,101495.0
2020.11.19,10240.0,-45.0,10240.0,10250.0,10140.0,402543.0
2020.11.18,10285.0,-25.0,10345.0,10365.0,10215.0,90420.0
2020.11.17,10310.0,0.0,10335.0,10365.0,10270.0,76427.0
2020.11.16,10310.0,290.0,10055.0,10330.0,10055.0,93121.0
2020.11.13,10020.0,-5.0,10010.0,10060.0,9940.0,103903.0
2020.11.12,10025.0,-110.0,10140.0,10140.0,9985.0,101851.0
2020.11.11,10135.0,235.0,9920.0,10150.0,9920.0,95978.0
2020.11.10,9900.0,150.0,9830.0,9905.0,9805.0,66256.0
2020.11.09,9750.0,125.0,9725.0,9780.0,9690.0,20292.0
2020.11.06,9625.0,-40.0,9665.0,9665.0,9605.0,3527.0
2020.11.05,9665.0,185.0,9545.0,9665.0,9535.0,4119.0
2020.11.04,9480.0,-80.0,9580.0,9620.0,9440.0,19568.0
2020.11.03,9560.0,150.0,9485.0,9565.0,9480.0,10684.0
2020.11.02,9410.0,220.0,9245.0,9420.0,9225.0,3022.0
2020.10.30,9190.0,-215.0,9280.0,9375.0,9185.0,1415.0
2020.10.29,9405.0,-155.0,9420.0,9440.0,9330.0,52716.0
2020.10.28,9580.0,30.0,9555.0,9580.0,9475.0,707.0
2020.10.27,9550.0,-115.0,9510.0,9600.0,9505.0,5151.0
2020.10.26,9665.0,-45.0,9710.0,9750.0,9635.0,29605.0
2020.10.23,9710.0,155.0,9550.0,9725.0,9550.0,52419.0
2020.10.22,9555.0,55.0,9535.0,9555.0,9450.0,3381.0
2020.10.21,9500.0,45.0,9470.0,9535.0,9455.0,3556.0
2020.10.20,9455.0,40.0,9395.0,9455.0,9350.0,22556.0
2020.10.19,9415.0,135.0,9355.0,9430.0,9350.0,5939.0
2020.10.16,9280.0,-70.0,9440.0,9440.0,9230.0,371.0
2020.10.15,9350.0,-50.0,9355.0,9355.0,9315.0,389.0
2020.10.14,9400.0,-105.0,9525.0,9525.0,9350.0,14985.0
2020.10.13,9505.0,-5.0,9530.0,9530.0,9450.0,2812.0
2020.10.12,9510.0,85.0,9430.0,9510.0,9430.0,2794.0
2020.10.08,9425.0,5.0,9415.0,9515.0,9410.0,6111.0
2020.10.07,9420.0,60.0,9355.0,9445.0,9270.0,3275.0
2020.10.06,9360.0,-35.0,9440.0,9460.0,9320.0,3905.0
2020.10.05,9395.0,190.0,9255.0,9405.0,9255.0,28307.0
2020.09.29,9205.0,70.0,9230.0,9230.0,9160.0,48474.0
2020.09.28,9135.0,110.0,9135.0,9160.0,9080.0,37618.0
2020.09.25,9025.0,50.0,8975.0,9040.0,8975.0,1760.0
2020.09.24,8975.0,-180.0,9010.0,9045.0,8940.0,24826.0
2020.09.23,9155.0,55.0,9135.0,9180.0,9035.0,1381.0
2020.09.22,9100.0,-225.0,9285.0,9305.0,9080.0,1040.0
2020.09.21,9325.0,15.0,9365.0,9415.0,9250.0,13003.0
2020.09.18,9310.0,-70.0,9350.0,9375.0,9265.0,3631.0
2020.09.17,9380.0,-75.0,9415.0,9455.0,9330.0,1593.0
2020.09.16,9455.0,10.0,9460.0,9470.0,9390.0,4650.0
2020.09.15,9445.0,20.0,9480.0,9485.0,9405.0,3317.0
2020.09.14,9425.0,185.0,9325.0,9445.0,9320.0,16541.0
2020.09.11,9240.0,-40.0,9300.0,9300.0,9170.0,5431.0
2020.09.10,9280.0,80.0,9310.0,9310.0,9230.0,114849.0
2020.09.09,9200.0,-70.0,9210.0,9230.0,9135.0,3001.0
2020.09.08,9270.0,95.0,9305.0,9305.0,9235.0,1372.0
2020.09.07,9175.0,130.0,9045.0,9190.0,9015.0,5588.0
2020.09.04,9045.0,-155.0,8885.0,9070.0,8885.0,2386.0
2020.09.03,9200.0,110.0,9210.0,9225.0,9150.0,1173.0
2020.09.02,9090.0,-15.0,9200.0,9200.0,9030.0,5197.0
2020.09.01,9105.0,95.0,9045.0,9130.0,8995.0,1417.0
2020.08.31,9010.0,-75.0,9235.0,9235.0,8990.0,6822.0
2020.08.28,9085.0,50.0,9065.0,9170.0,9030.0,3733.0
2020.08.27,9035.0,-105.0,9145.0,9145.0,9005.0,2886.0
2020.08.26,9140.0,-110.0,9215.0,9215.0,9075.0,2013.0
2020.08.25,9250.0,215.0,9170.0,9250.0,9135.0,4545.0
2020.08.24,9035.0,20.0,9015.0,9065.0,8885.0,12384.0
2020.08.21,9015.0,135.0,8925.0,9065.0,8925.0,2904.0
2020.08.20,8880.0,-395.0,9210.0,9210.0,8845.0,4683.0
2020.08.19,9275.0,65.0,9305.0,9340.0,9220.0,2445.0
2020.08.18,9210.0,-285.0,9490.0,9490.0,9140.0,3859.0
2020.08.14,9495.0,-160.0,9590.0,9590.0,9400.0,9625.0
2020.08.13,9655.0,85.0,9595.0,9685.0,9535.0,24411.0
2020.08.12,9570.0,85.0,9395.0,9570.0,9345.0,15757.0
2020.08.11,9485.0,240.0,9295.0,9505.0,9230.0,67159.0
2020.08.10,9245.0,270.0,9105.0,9250.0,9035.0,16859.0
2020.08.07,8975.0,-20.0,9115.0,9115.0,8915.0,10288.0
2020.08.06,8995.0,195.0,8820.0,9065.0,8820.0,16351.0
2020.08.05,8800.0,-5.0,8890.0,8890.0,8760.0,1437.0
2020.08.04,8805.0,135.0,8670.0,8820.0,8670.0,1350.0
2020.08.03,8670.0,-80.0,8810.0,8810.0,8660.0,63492.0
2020.07.31,8750.0,-125.0,8900.0,8925.0,8735.0,854.0
2020.07.30,8875.0,10.0,8935.0,8950.0,8850.0,103930.0
2020.07.29,8895.0,75.0,8880.0,8915.0,8800.0,2419.0
2020.07.28,8820.0,170.0,8725.0,8835.0,8720.0,3246.0
2020.07.27,8650.0,85.0,8575.0,8695.0,8575.0,3149.0
2020.07.24,8565.0,-20.0,8560.0,8630.0,8530.0,2771.0
2020.07.23,8585.0,-100.0,8680.0,8680.0,8520.0,2406.0
2020.07.22,8685.0,-35.0,8795.0,8820.0,8680.0,44511.0
2020.07.21,8720.0,100.0,8685.0,8730.0,8620.0,7113.0
2020.07.20,8620.0,55.0,8635.0,8635.0,8520.0,1908.0
2020.07.17,8565.0,45.0,8550.0,8585.0,8535.0,1625.0
2020.07.16,8520.0,15.0,8535.0,8545.0,8470.0,361.0
2020.07.15,8505.0,135.0,8455.0,8545.0,8445.0,23706.0
2020.07.14,8370.0,45.0,8325.0,8370.0,8265.0,15709.0
2020.07.13,8325.0,160.0,8305.0,8335.0,8180.0,1160.0
2020.07.10,8165.0,-140.0,8365.0,8365.0,8115.0,1569.0
2020.07.09,8305.0,-30.0,8335.0,8355.0,8300.0,1971.0
2020.07.08,8335.0,-25.0,8415.0,8415.0,8305.0,6365.0
2020.07.07,8360.0,-100.0,8605.0,8605.0,8335.0,1613.0
2020.07.06,8460.0,145.0,8435.0,8460.0,8315.0,5450.0
2020.07.03,8315.0,25.0,8385.0,8385.0,8280.0,673.0
2020.07.02,8290.0,70.0,8310.0,8310.0,8235.0,264.0
2020.07.01,8220.0,70.0,8290.0,8290.0,8205.0,940.0
2020.06.30,8150.0,75.0,8245.0,8245.0,8130.0,14453.0
2020.06.29,8075.0,-185.0,8200.0,8200.0,8070.0,1484.0
2020.06.26,8260.0,135.0,8295.0,8295.0,8170.0,4743.0
2020.06.25,8125.0,-220.0,8275.0,8275.0,8105.0,13955.0
2020.06.24,8345.0,120.0,8325.0,8390.0,8240.0,2273.0
2020.06.23,8225.0,-60.0,8400.0,8400.0,8165.0,476.0
2020.06.22,8285.0,-120.0,8370.0,8370.0,8275.0,1615.0
2020.06.19,8405.0,15.0,8530.0,8530.0,8275.0,1368.0
2020.06.18,8390.0,5.0,8385.0,8395.0,8300.0,717.0
2020.06.17,8385.0,-35.0,8365.0,8405.0,8280.0,1871.0
2020.06.16,8420.0,410.0,8235.0,8445.0,8180.0,1121.0
2020.06.15,8010.0,-410.0,8375.0,8375.0,8010.0,4195.0
2020.06.12,8420.0,-295.0,8345.0,8430.0,8320.0,25975.0
2020.06.11,8715.0,-195.0,8850.0,8850.0,8580.0,8424.0
2020.06.10,8910.0,-75.0,9000.0,9000.0,8860.0,5458.0
2020.06.09,8985.0,-20.0,9090.0,9110.0,8865.0,14691.0
2020.06.08,9005.0,10.0,9270.0,9270.0,8990.0,13945.0
2020.06.05,8995.0,50.0,8975.0,9045.0,8860.0,4381.0
2020.06.04,8945.0,-55.0,9230.0,9255.0,8900.0,4567.0
2020.06.03,9000.0,390.0,8765.0,9070.0,8765.0,19775.0
2020.06.02,8610.0,205.0,8460.0,8620.0,8380.0,18226.0
2020.06.01,8405.0,135.0,8270.0,8405.0,8270.0,6818.0
2020.05.29,8270.0,5.0,8190.0,8325.0,8160.0,1058.0
2020.05.28,8265.0,50.0,8300.0,8365.0,8215.0,15745.0
2020.05.27,8215.0,95.0,8120.0,8235.0,8120.0,3515.0
2020.05.26,8120.0,125.0,8040.0,8150.0,7995.0,4110.0
2020.05.25,7995.0,60.0,7935.0,7995.0,7900.0,3272.0
2020.05.22,7935.0,-170.0,8060.0,8090.0,7910.0,6097.0
2020.05.21,8105.0,10.0,8100.0,8125.0,8080.0,709.0
2020.05.20,8095.0,-40.0,8050.0,8125.0,8050.0,3918.0
2020.05.19,8135.0,270.0,8140.0,8140.0,8050.0,3266.0
2020.05.18,7865.0,40.0,7860.0,7870.0,7790.0,1482.0
2020.05.15,7825.0,25.0,7900.0,7900.0,7785.0,5280.0
2020.05.14,7800.0,-50.0,7800.0,7800.0,7735.0,76908.0
2020.05.13,7850.0,40.0,7725.0,7855.0,7725.0,1843.0
2020.05.12,7810.0,-120.0,7925.0,7925.0,7775.0,3074.0
2020.05.11,7930.0,-85.0,8110.0,8110.0,7930.0,2578.0
2020.05.08,8015.0,35.0,8055.0,8065.0,7985.0,33315.0
2020.05.07,7980.0,0.0,7960.0,8020.0,7930.0,612.0
2020.05.06,7980.0,65.0,7940.0,8025.0,7935.0,822.0
2020.05.04,7915.0,-235.0,8055.0,8055.0,7890.0,5280.0
2020.04.29,8150.0,70.0,8100.0,8210.0,8095.0,8705.0
2020.04.28,8080.0,40.0,8075.0,8120.0,7995.0,2233.0
2020.04.27,8340.0,240.0,8100.0,8340.0,8095.0,18167.0
2020.04.24,8100.0,-95.0,8195.0,8195.0,8070.0,2474.0
2020.04.23,8195.0,55.0,8160.0,8215.0,8130.0,2650.0
2020.04.22,8140.0,45.0,8060.0,8140.0,7915.0,1078.0
2020.04.21,8095.0,-135.0,8210.0,8210.0,7990.0,2437.0
2020.04.20,8230.0,-90.0,8385.0,8385.0,8180.0,8784.0
2020.04.17,8320.0,210.0,8180.0,8365.0,8180.0,67817.0
2020.04.16,8110.0,-85.0,8165.0,8165.0,8000.0,3648.0
2020.04.14,8195.0,140.0,8000.0,8195.0,8000.0,45609.0
2020.04.13,8055.0,-140.0,8095.0,8150.0,8015.0,2434.0
2020.04.10,8195.0,150.0,7970.0,8195.0,7970.0,1143.0
2020.04.09,8045.0,125.0,8120.0,8120.0,7915.0,3189.0
2020.04.08,7920.0,-90.0,7900.0,8005.0,7900.0,552.0
2020.04.07,8010.0,160.0,7930.0,8035.0,7880.0,12488.0
2020.04.06,7850.0,240.0,7545.0,7860.0,7545.0,4047.0
2020.04.03,7610.0,-5.0,7695.0,7695.0,7475.0,5288.0
2020.04.02,7615.0,195.0,7330.0,7615.0,7310.0,5609.0
2020.04.01,7420.0,-325.0,7570.0,7725.0,7395.0,760.0
2020.03.31,7745.0,80.0,7665.0,7800.0,7590.0,870.0
2020.03.30,7665.0,-40.0,7540.0,7670.0,7420.0,4862.0
2020.03.27,7705.0,245.0,7705.0,7795.0,7470.0,10442.0
2020.03.26,7460.0,-100.0,7560.0,7735.0,7460.0,4808.0
2020.03.25,7560.0,540.0,7150.0,7560.0,7150.0,1975.0
2020.03.24,7020.0,515.0,6655.0,7020.0,6580.0,8803.0
2020.03.23,6505.0,-465.0,6590.0,6630.0,6400.0,469.0
2020.03.20,6970.0,460.0,6600.0,6970.0,6540.0,2077.0
2020.03.19,6510.0,-615.0,7035.0,7260.0,6440.0,301114.0
2020.03.18,7125.0,-335.0,7550.0,7550.0,7125.0,2951.0
2020.03.17,7460.0,-270.0,7225.0,7665.0,7225.0,53371.0
2020.03.16,7730.0,-210.0,7980.0,7980.0,7725.0,20723.0
2020.03.13,7940.0,-305.0,7445.0,8000.0,7440.0,1621.0
2020.03.12,8245.0,-315.0,8425.0,8470.0,8145.0,7331.0
2020.03.11,8560.0,-180.0,8780.0,8780.0,8510.0,25801.0
2020.03.10,8740.0,10.0,8595.0,8755.0,8595.0,336626.0
2020.03.09,8730.0,-380.0,8955.0,8955.0,8685.0,16214.0
2020.03.06,9110.0,-200.0,9185.0,9190.0,9065.0,27446.0
2020.03.05,9310.0,55.0,9360.0,9360.0,9230.0,12400.0
2020.03.04,9255.0,180.0,9070.0,9275.0,8955.0,6636.0
2020.03.03,9075.0,10.0,9295.0,9295.0,9045.0,3188.0
2020.03.02,9065.0,5.0,9065.0,9110.0,8955.0,1189.0
2020.02.28,9060.0,-245.0,9225.0,9225.0,9030.0,58845.0
2020.02.27,9305.0,-45.0,9330.0,9350.0,9275.0,929.0
2020.02.26,9350.0,-105.0,9255.0,9395.0,9255.0,74495.0
2020.02.25,9455.0,100.0,9245.0,9455.0,9245.0,23835.0
2020.02.24,9355.0,-375.0,9580.0,9580.0,9355.0,9973.0
2020.02.21,9730.0,-150.0,9805.0,9805.0,9720.0,2806.0
2020.02.20,9880.0,-60.0,9975.0,10000.0,9840.0,1940.0
2020.02.19,9940.0,-5.0,9970.0,10015.0,9865.0,20235.0
2020.02.18,9945.0,-155.0,10000.0,10040.0,9920.0,948.0
2020.02.17,10100.0,-70.0,10170.0,10170.0,10055.0,1527.0
2020.02.14,10170.0,25.0,10125.0,10200.0,10090.0,2569.0
2020.02.13,10145.0,-70.0,10215.0,10245.0,10145.0,3799.0
2020.02.12,10215.0,85.0,10120.0,10215.0,10085.0,891.0
2020.02.11,10130.0,55.0,10065.0,10180.0,10065.0,1428.0
2020.02.10,10075.0,-100.0,10125.0,10125.0,9980.0,2102.0
2020.02.07,10175.0,-95.0,10190.0,10190.0,10085.0,4196.0
2020.02.06,10270.0,295.0,10055.0,10270.0,10055.0,1379.0
2020.02.05,9975.0,85.0,9920.0,9990.0,9920.0,2413.0
2020.02.04,9890.0,115.0,9775.0,9915.0,9775.0,11479.0
2020.02.03,9775.0,-75.0,9665.0,9840.0,9665.0,2602.0
2020.01.31,9850.0,-80.0,9970.0,9975.0,9850.0,2859.0
2020.01.30,9930.0,-165.0,10090.0,10090.0,9890.0,4563.0
2020.01.29,10095.0,30.0,10065.0,10125.0,10050.0,1621.0
2020.01.28,10065.0,-345.0,10110.0,10175.0,10010.0,1156.0
2020.01.23,10410.0,-115.0,10475.0,10475.0,10375.0,51280.0
2020.01.22,10525.0,95.0,10380.0,10525.0,10380.0,292.0
2020.01.21,10430.0,-90.0,10505.0,10530.0,10425.0,517.0
2020.01.20,10520.0,75.0,10505.0,10560.0,10465.0,52700.0
2020.01.17,10445.0,15.0,10435.0,10485.0,10400.0,19025.0
2020.01.16,10430.0,85.0,10320.0,10430.0,10305.0,56379.0
2020.01.15,10345.0,-30.0,10335.0,10365.0,10305.0,3300.0
2020.01.14,10375.0,90.0,10340.0,10410.0,10340.0,25840.0
2020.01.13,10285.0,25.0,10220.0,10295.0,10190.0,662.0
2020.01.10,10260.0,45.0,10215.0,10260.0,10170.0,2419.0
2020.01.09,10215.0,135.0,10190.0,10215.0,10115.0,21914.0
2020.01.08,10080.0,-100.0,10060.0,10090.0,10005.0,3262.0
2020.01.07,10180.0,40.0,10160.0,10205.0,10135.0,6450.0
2020.01.06,10140.0,-100.0,10185.0,10185.0,10085.0,22371.0
2020.01.03,10240.0,30.0,10265.0,10320.0,10160.0,4676.0
2020.01.02,10210.0,-175.0,10340.0,10340.0,10195.0,3574.0
2019.12.30,10385.0,-70.0,10420.0,10445.0,10350.0,7185.0
2019.12.27,10455.0,180.0,10425.0,10465.0,10355.0,170171.0
2019.12.26,10275.0,20.0,10240.0,10275.0,10220.0,447168.0
2019.12.24,10255.0,-35.0,10290.0,10300.0,10215.0,295569.0
2019.12.23,10290.0,-25.0,10330.0,10330.0,10270.0,900.0
2019.12.20,10315.0,5.0,10300.0,10315.0,10255.0,13026.0
2019.12.19,10310.0,0.0,10310.0,10310.0,10255.0,284.0
2019.12.18,10310.0,65.0,10220.0,10320.0,10220.0,32815.0
2019.12.17,10245.0,115.0,10135.0,10245.0,10125.0,2557.0
2019.12.16,10130.0,-20.0,10135.0,10175.0,10110.0,2937.0
2019.12.13,10150.0,180.0,10085.0,10155.0,10085.0,251613.0
2019.12.12,9970.0,130.0,9885.0,9990.0,9885.0,2577.0
2019.12.11,9840.0,30.0,9780.0,9840.0,9765.0,18535.0
2019.12.10,9810.0,30.0,9715.0,9810.0,9715.0,3772.0
2019.12.09,9780.0,85.0,9755.0,9780.0,9730.0,2192.0
2019.12.06,9695.0,60.0,9650.0,9710.0,9650.0,2290.0
2019.12.05,9635.0,-5.0,9660.0,9695.0,9610.0,9269.0
2019.12.04,9640.0,-55.0,9635.0,9640.0,9590.0,13654.0
2019.12.03,9695.0,-50.0,9690.0,9695.0,9630.0,469.0
2019.12.02,9745.0,15.0,9740.0,9770.0,9725.0,2103.0
2019.11.29,9730.0,-145.0,9860.0,9860.0,9710.0,39288.0
2019.11.28,9875.0,-55.0,9845.0,9905.0,9845.0,46835.0
2019.11.27,9930.0,35.0,9920.0,9945.0,9865.0,176.0
2019.11.26,9895.0,5.0,9880.0,9965.0,9880.0,113396.0
2019.11.25,9890.0,70.0,9905.0,9945.0,9855.0,591.0
2019.11.22,9820.0,35.0,9805.0,9830.0,9780.0,44584.0
2019.11.21,9785.0,-115.0,9905.0,9905.0,9730.0,82147.0
2019.11.20,9900.0,-75.0,9930.0,9960.0,9900.0,247028.0
2019.11.19,9975.0,-5.0,9955.0,9975.0,9865.0,34964.0
2019.11.18,9980.0,-25.0,9990.0,9995.0,9935.0,133700.0
2019.11.15,10005.0,100.0,9900.0,10020.0,9870.0,67515.0
2019.11.14,9905.0,35.0,9850.0,9905.0,9815.0,41617.0
2019.11.13,9870.0,-75.0,9925.0,9925.0,9850.0,70853.0
2019.11.12,9945.0,90.0,9895.0,9945.0,9870.0,91031.0
2019.11.11,9855.0,-50.0,9920.0,9925.0,9855.0,297641.0
2019.11.08,9905.0,15.0,9950.0,9960.0,9890.0,104402.0
2019.11.07,9890.0,30.0,9860.0,9890.0,9825.0,131031.0
2019.11.06,9860.0,-35.0,9870.0,9940.0,9860.0,83183.0
2019.11.05,9895.0,70.0,9845.0,9895.0,9820.0,40630.0
2019.11.04,9825.0,130.0,9720.0,9835.0,9720.0,84036.0
2019.11.01,9695.0,70.0,9610.0,9695.0,9610.0,56071.0
2019.10.31,9625.0,-20.0,9640.0,9710.0,9610.0,79623.0
2019.10.30,9645.0,-100.0,9710.0,9710.0,9605.0,2738411.0
2019.10.29,9745.0,-5.0,9770.0,9795.0,9710.0,53348.0
2019.10.28,9750.0,-35.0,9785.0,9810.0,9730.0,41560.0
2019.10.25,9785.0,-55.0,9800.0,9800.0,9720.0,51518.0
2019.10.24,9840.0,30.0,9835.0,9840.0,9770.0,719.0
2019.10.23,9810.0,-60.0,9835.0,9835.0,9770.0,37755.0
2019.10.22,9870.0,140.0,9775.0,9870.0,9775.0,14105.0
2019.10.21,9730.0,5.0,9725.0,9745.0,9715.0,2927.0
2019.10.18,9725.0,-65.0,9770.0,9820.0,9690.0,769.0
2019.10.17,9790.0,25.0,9755.0,9795.0,9755.0,2526.0
2019.10.16,9765.0,15.0,9840.0,9840.0,9760.0,18782.0
2019.10.15,9750.0,-15.0,9720.0,9790.0,9720.0,9919.0
2019.10.14,9765.0,130.0,9725.0,9800.0,9725.0,7862.0
2019.10.11,9635.0,130.0,9605.0,9680.0,9595.0,7736.0
2019.10.10,9505.0,-120.0,9485.0,9535.0,9465.0,4664.0
2019.10.08,9625.0,90.0,9570.0,9630.0,9550.0,2873.0
2019.10.07,9535.0,-15.0,9570.0,9595.0,9520.0,192870.0
2019.10.04,9550.0,-35.0,9550.0,9620.0,9550.0,6423.0
2019.10.02,9585.0,-180.0,9725.0,9725.0,9575.0,24375.0
2019.10.01,9765.0,-25.0,9780.0,9820.0,9760.0,68985.0
2019.09.30,9790.0,85.0,9665.0,9790.0,9665.0,32250.0
2019.09.27,9705.0,-120.0,9780.0,9780.0,9670.0,323.0
2019.09.26,9825.0,45.0,9810.0,9845.0,9765.0,822.0
2019.09.25,9780.0,-95.0,9805.0,9865.0,9780.0,1282.0
2019.09.24,9875.0,15.0,9835.0,9875.0,9810.0,4195.0
2019.09.23,9860.0,10.0,9850.0,9860.0,9815.0,1577.0
2019.09.20,9850.0,75.0,9770.0,9850.0,9770.0,18485.0
2019.09.19,9775.0,30.0,9740.0,9820.0,9740.0,19537.0
2019.09.18,9745.0,15.0,9695.0,9745.0,9675.0,1167.0
2019.09.17,9730.0,-10.0,9740.0,9740.0,9690.0,532.0
2019.09.16,9740.0,65.0,9720.0,9745.0,9660.0,463.0
2019.09.11,9675.0,85.0,9620.0,9690.0,9615.0,3609.0
2019.09.10,9590.0,115.0,9480.0,9590.0,9480.0,489.0
2019.09.09,9475.0,70.0,9405.0,9485.0,9405.0,2713.0
2019.09.06,9405.0,45.0,9365.0,9415.0,9365.0,1165.0
2019.09.05,9360.0,95.0,9265.0,9420.0,9260.0,4118.0
2019.09.04,9265.0,85.0,9150.0,9265.0,9150.0,6095.0
2019.09.03,9180.0,-70.0,9200.0,9245.0,9150.0,97163.0
2019.09.02,9250.0,0.0,9215.0,9270.0,9215.0,732.0
2019.08.30,9250.0,165.0,9140.0,9250.0,9140.0,348.0
2019.08.29,9085.0,-30.0,9095.0,9115.0,9070.0,16535.0
2019.08.28,9115.0,55.0,9080.0,9130.0,9050.0,2561.0
2019.08.27,9060.0,15.0,9070.0,9085.0,9020.0,6978.0
2019.08.26,9045.0,-105.0,9015.0,9065.0,8985.0,816.0
2019.08.23,9150.0,-15.0,9105.0,9155.0,9105.0,64.0
2019.08.22,9165.0,-40.0,9190.0,9190.0,9150.0,6736.0
2019.08.21,9205.0,10.0,9150.0,9205.0,9150.0,4147.0
2019.08.20,9195.0,60.0,9115.0,9215.0,9105.0,5690.0
2019.08.19,9135.0,80.0,9105.0,9135.0,9075.0,10960.0
2019.08.16,9055.0,-35.0,9095.0,9095.0,8960.0,170321.0
2019.08.14,9090.0,45.0,9100.0,9145.0,9075.0,428.0
2019.08.13,9045.0,-125.0,9120.0,9120.0,9020.0,1128.0
2019.08.12,9170.0,-15.0,9215.0,9215.0,9155.0,15167.0
2019.08.09,9185.0,55.0,9190.0,9220.0,9175.0,2072.0
2019.08.08,9130.0,-15.0,9170.0,9215.0,9130.0,20795.0
2019.08.07,9145.0,-85.0,9230.0,9230.0,9120.0,11751.0
2019.08.06,9230.0,-90.0,9140.0,9300.0,9095.0,13876.0
2019.08.05,9320.0,-130.0,9395.0,9395.0,9285.0,101647.0
2019.08.02,9450.0,-125.0,9490.0,9495.0,9435.0,103236.0
2019.08.01,9575.0,-30.0,9545.0,9625.0,9525.0,120863.0
2019.07.31,9605.0,-55.0,9595.0,9665.0,9555.0,102001.0
2019.07.30,9660.0,20.0,9640.0,9680.0,9605.0,8108.0
2019.07.29,9640.0,-135.0,9725.0,9725.0,9610.0,102908.0
2019.07.26,9775.0,-60.0,9740.0,9775.0,9725.0,4102.0
2019.07.25,9835.0,-60.0,9880.0,9880.0,9790.0,21239.0
2019.07.24,9895.0,-95.0,9990.0,9990.0,9880.0,2588.0
2019.07.23,9990.0,55.0,9915.0,10000.0,9915.0,1476.0
2019.07.22,9935.0,0.0,9905.0,9935.0,9890.0,249.0
2019.07.19,9935.0,115.0,9850.0,9950.0,9850.0,13744.0
2019.07.18,9820.0,-40.0,9815.0,9820.0,9775.0,35562.0
2019.07.17,9860.0,-50.0,9840.0,9860.0,9795.0,17183.0
2019.07.16,9910.0,15.0,9895.0,9910.0,9845.0,8534.0
2019.07.15,9895.0,5.0,9860.0,9900.0,9825.0,670.0
2019.07.12,9890.0,40.0,9850.0,9895.0,9830.0,8801.0
2019.07.11,9850.0,95.0,9785.0,9870.0,9785.0,113.0
2019.07.10,9755.0,30.0,9755.0,9775.0,9735.0,85.0
2019.07.09,9725.0,-35.0,9765.0,9790.0,9720.0,356.0
2019.07.08,9760.0,-190.0,9885.0,9885.0,9745.0,50183.0
2019.07.05,9950.0,-5.0,9955.0,9975.0,9880.0,1405.0
2019.07.04,9955.0,115.0,9845.0,9965.0,9845.0,447712.0
2019.07.03,9840.0,-145.0,9935.0,9960.0,9815.0,13703.0
2019.07.02,9985.0,-10.0,9975.0,10000.0,9950.0,1598.0
2019.07.01,9995.0,-10.0,10050.0,10050.0,9995.0,20375.0
2019.06.28,10005.0,-15.0,9995.0,10050.0,9985.0,58211.0
2019.06.27,10020.0,130.0,9895.0,10035.0,9895.0,16988.0
2019.06.26,9890.0,-15.0,9860.0,9930.0,9860.0,16859.0
2019.06.25,9905.0,-15.0,9890.0,9940.0,9860.0,217.0
2019.06.24,9920.0,15.0,9885.0,9920.0,9885.0,84101.0
2019.06.21,9905.0,5.0,9880.0,9915.0,9860.0,6441.0
2019.06.20,9900.0,0.0,9850.0,9900.0,9850.0,130.0
2019.06.19,9900.0,70.0,9900.0,9900.0,9880.0,90.0
2019.06.18,9830.0,60.0,9735.0,9830.0,9735.0,8128.0
2019.06.17,9770.0,-25.0,9745.0,9780.0,9745.0,125.0
2019.06.14,9795.0,-10.0,9750.0,9795.0,9750.0,4026.0
2019.06.13,9805.0,-60.0,9805.0,9805.0,9700.0,12493.0
2019.06.12,9865.0,-15.0,9850.0,9875.0,9830.0,100.0
2019.06.11,9880.0,40.0,9815.0,9880.0,9810.0,54.0
2019.06.10,9840.0,95.0,9770.0,9840.0,9745.0,46.0
2019.06.07,9745.0,-10.0,9705.0,9780.0,9690.0,182.0
2019.06.05,9755.0,0.0,9775.0,9785.0,9710.0,462.0
2019.06.04,9755.0,10.0,9700.0,9755.0,9700.0,234.0
2019.06.03,9745.0,130.0,9590.0,9745.0,9540.0,274.0
2019.05.31,9615.0,10.0,9540.0,9615.0,9535.0,796.0
2019.05.30,9605.0,65.0,9545.0,9605.0,9535.0,266113.0
2019.05.29,9540.0,-120.0,9605.0,9605.0,9465.0,8690.0
2019.05.28,9660.0,0.0,9615.0,9660.0,9600.0,753.0
2019.05.27,9660.0,10.0,9595.0,9660.0,9595.0,50.0
2019.05.24,9650.0,-45.0,9595.0,9650.0,9595.0,59.0
2019.05.23,9695.0,5.0,9650.0,9695.0,9630.0,51.0
2019.05.22,9690.0,-5.0,9670.0,9690.0,9610.0,4432.0
2019.05.21,9695.0,75.0,9600.0,9730.0,9600.0,9142.0
2019.05.20,9620.0,75.0,9555.0,9640.0,9555.0,481.0
2019.05.17,9545.0,-50.0,9605.0,9620.0,9535.0,2675.0
2019.05.16,9595.0,-80.0,9670.0,9670.0,9570.0,113108.0
2019.05.15,9675.0,30.0,9595.0,9710.0,9595.0,7471.0
2019.05.14,9645.0,-45.0,9595.0,9670.0,9580.0,65393.0
2019.05.13,9690.0,-110.0,9740.0,9750.0,9670.0,5315.0
2019.05.10,9800.0,35.0,9805.0,9845.0,9730.0,16525.0
2019.05.09,9765.0,-255.0,9940.0,9980.0,9765.0,2444.0
2019.05.08,10020.0,-15.0,9940.0,10035.0,9910.0,1566.0
2019.05.07,10035.0,-45.0,10015.0,10035.0,9950.0,5668.0
2019.05.03,10080.0,-75.0,10140.0,10140.0,10065.0,190342.0
2019.05.02,10155.0,30.0,10075.0,10155.0,10035.0,194593.0
2019.04.30,10125.0,-25.0,10175.0,10180.0,10045.0,195247.0
2019.04.29,10150.0,130.0,10025.0,10150.0,10005.0,193020.0
2019.04.26,10250.0,-75.0,10280.0,10280.0,10215.0,241347.0
2019.04.25,10325.0,-20.0,10320.0,10330.0,10275.0,190268.0
2019.04.24,10345.0,-25.0,10375.0,10415.0,10270.0,206260.0
2019.04.23,10370.0,35.0,10335.0,10370.0,10295.0,199115.0
2019.04.22,10335.0,-5.0,10330.0,10355.0,10275.0,207855.0
2019.04.19,10340.0,-45.0,10400.0,10405.0,10320.0,203158.0
2019.04.18,10385.0,-135.0,10555.0,10555.0,10370.0,205910.0
2019.04.17,10520.0,-15.0,10530.0,10530.0,10470.0,323880.0
2019.04.16,10535.0,35.0,10505.0,10535.0,10480.0,243638.0
2019.04.15,10500.0,40.0,10485.0,10525.0,10460.0,206384.0
2019.04.12,10460.0,85.0,10405.0,10460.0,10355.0,183788.0
2019.04.11,10375.0,-65.0,10440.0,10455.0,10365.0,183965.0
2019.04.10,10440.0,65.0,10335.0,10440.0,10335.0,189731.0
2019.04.09,10375.0,-45.0,10450.0,10450.0,10370.0,189693.0
2019.04.08,10420.0,0.0,10500.0,10500.0,10380.0,196120.0
2019.04.05,10420.0,-20.0,10460.0,10480.0,10400.0,280404.0
2019.04.04,10440.0,25.0,10400.0,10450.0,10365.0,400558.0
2019.04.03,10415.0,75.0,10325.0,10415.0,10280.0,246876.0
2019.04.02,10340.0,60.0,10325.0,10345.0,10285.0,206488.0
2019.04.01,10280.0,165.0,10170.0,10280.0,10170.0,249241.0
2019.03.29,10115.0,-20.0,10105.0,10135.0,10060.0,281959.0
2019.03.28,10135.0,-35.0,10115.0,10140.0,10070.0,282657.0
2019.03.27,10170.0,15.0,10120.0,10170.0,10085.0,308761.0
2019.03.26,10155.0,-35.0,10155.0,10195.0,10140.0,457277.0
2019.03.25,10190.0,-155.0,10190.0,10205.0,10165.0,290625.0
2019.03.22,10345.0,10.0,10320.0,10360.0,10300.0,300277.0
2019.03.21,10335.0,35.0,10275.0,10390.0,10275.0,295873.0
2019.03.20,10300.0,0.0,10240.0,10300.0,10200.0,292748.0
2019.03.19,10300.0,5.0,10325.0,10325.0,10270.0,380305.0
2019.03.18,10295.0,5.0,10320.0,10320.0,10265.0,359534.0
2019.03.15,10290.0,130.0,10125.0,10290.0,10125.0,239163.0
2019.03.14,10160.0,45.0,10135.0,10160.0,10095.0,237813.0
2019.03.13,10115.0,-65.0,10155.0,10155.0,10045.0,238520.0
2019.03.12,10180.0,125.0,10140.0,10185.0,10100.0,288071.0
2019.03.11,10055.0,-15.0,10110.0,10110.0,10040.0,239769.0
2019.03.08,10070.0,-165.0,10150.0,10150.0,10055.0,278699.0
2019.03.07,10235.0,-35.0,10255.0,10255.0,10190.0,137354.0
2019.03.06,10270.0,20.0,10225.0,10270.0,10210.0,137351.0
2019.03.05,10250.0,-40.0,10270.0,10270.0,10220.0,147506.0
2019.03.04,10290.0,-110.0,10395.0,10425.0,10275.0,220471.0
2019.02.28,10400.0,-115.0,10510.0,10510.0,10390.0,104747.0
2019.02.27,10515.0,65.0,10475.0,10515.0,10445.0,325654.0
2019.02.26,10450.0,-85.0,10505.0,10510.0,10415.0,323070.0
2019.02.25,10535.0,30.0,10510.0,10570.0,10495.0,331391.0
2019.02.22,10505.0,5.0,10455.0,10505.0,10420.0,330249.0
2019.02.21,10500.0,15.0,10475.0,10500.0,10415.0,433443.0
2019.02.20,10485.0,60.0,10440.0,10485.0,10420.0,344398.0
2019.02.19,10425.0,-35.0,10425.0,10455.0,10385.0,354575.0
2019.02.18,10460.0,70.0,10400.0,10485.0,10400.0,262780.0
2019.02.15,10390.0,-120.0,10445.0,10450.0,10330.0,256051.0
2019.02.14,10510.0,75.0,10400.0,10510.0,10350.0,264083.0
2019.02.13,10435.0,70.0,10425.0,10450.0,10375.0,283643.0
2019.02.12,10365.0,45.0,10310.0,10380.0,10305.0,259626.0
2019.02.11,10320.0,-25.0,10335.0,10335.0,10235.0,484965.0
2019.02.08,10345.0,-125.0,10410.0,10415.0,10290.0,265354.0
2019.02.07,10470.0,-5.0,10510.0,10510.0,10425.0,263318.0
2019.02.01,10475.0,25.0,10450.0,10555.0,10440.0,265186.0
2019.01.31,10450.0,35.0,10485.0,10495.0,10415.0,271828.0
2019.01.30,10415.0,90.0,10320.0,10415.0,10280.0,264500.0
2019.01.29,10340.0,35.0,10300.0,10340.0,10235.0,262624.0
2019.01.28,10305.0,0.0,10290.0,10340.0,10265.0,275842.0
2019.01.25,10305.0,120.0,10190.0,10320.0,10160.0,490182.0
2019.01.24,10185.0,110.0,10075.0,10185.0,10035.0,286056.0
2019.01.23,10075.0,15.0,10030.0,10090.0,9975.0,272796.0
2019.01.22,10060.0,-35.0,10080.0,10095.0,10000.0,284999.0
2019.01.21,10095.0,-15.0,10130.0,10150.0,10050.0,281303.0
2019.01.18,10110.0,40.0,10070.0,10110.0,10055.0,518971.0
2019.01.17,10070.0,60.0,10010.0,10070.0,9995.0,333796.0
2019.01.16,10010.0,80.0,9930.0,10010.0,9895.0,275388.0
2019.01.15,9930.0,170.0,9760.0,9930.0,9760.0,335892.0
2019.01.14,9760.0,-60.0,9800.0,9815.0,9705.0,383652.0
2019.01.11,9820.0,30.0,9785.0,9820.0,9755.0,27254.0
2019.01.10,9790.0,35.0,9765.0,9790.0,9730.0,26201.0
2019.01.09,9755.0,115.0,9640.0,9765.0,9640.0,54279.0
2019.01.08,9640.0,-60.0,9700.0,9705.0,9630.0,1853.0
2019.01.07,9700.0,110.0,9645.0,9740.0,9645.0,56.0
2019.01.04,9590.0,30.0,9505.0,9590.0,9505.0,40.0
2019.01.03,9560.0,-70.0,9570.0,9605.0,9535.0,129.0
2019.01.02,9630.0,-165.0,9795.0,9795.0,9570.0,7226.0
2018.12.28,9795.0,60.0,9735.0,9795.0,9715.0,509774.0
2018.12.27,9735.0,70.0,9735.0,9785.0,9680.0,464184.0
2018.12.26,9665.0,-115.0,9685.0,9710.0,9505.0,776666.0
2018.12.24,9780.0,5.0,9795.0,9795.0,9715.0,766549.0
2018.12.21,9775.0,30.0,9725.0,9775.0,9655.0,495221.0
2018.12.20,9745.0,-25.0,9690.0,9745.0,9685.0,494353.0
2018.12.19,9770.0,70.0,9675.0,9770.0,9670.0,451107.0
2018.12.18,9700.0,-30.0,9650.0,9705.0,9650.0,500491.0
2018.12.17,9730.0,-25.0,9710.0,9765.0,9705.0,450071.0
2018.12.14,9755.0,-45.0,9795.0,9840.0,9690.0,492065.0
2018.12.13,9800.0,15.0,9770.0,9820.0,9770.0,456417.0
2018.12.12,9785.0,105.0,9680.0,9785.0,9680.0,452626.0
2018.12.11,9680.0,-5.0,9680.0,9695.0,9620.0,474920.0
2018.12.10,9685.0,-105.0,9690.0,9700.0,9630.0,482560.0
2018.12.07,9790.0,-20.0,9800.0,9800.0,9750.0,52.0
2018.12.06,9810.0,-95.0,9850.0,9850.0,9755.0,19708.0
2018.12.05,9905.0,-20.0,9805.0,9905.0,9800.0,10620.0
2018.12.04,9925.0,-90.0,9985.0,9985.0,9885.0,84.0
2018.12.03,10015.0,140.0,9950.0,10035.0,9925.0,17091.0
2018.11.30,9875.0,-65.0,9900.0,9935.0,9845.0,6261.0
2018.11.29,9940.0,35.0,9960.0,9960.0,9890.0,63.0
2018.11.28,9905.0,-25.0,9880.0,9905.0,9825.0,914.0
2018.11.27,9930.0,85.0,9880.0,9935.0,9820.0,1728.0
2018.11.26,9845.0,10.0,9760.0,9855.0,9760.0,10992.0
2018.11.23,9835.0,-75.0,9860.0,9910.0,9785.0,88.0
2018.11.22,9910.0,35.0,9835.0,9910.0,9835.0,4388.0
2018.11.21,9875.0,-75.0,9815.0,9875.0,9775.0,27868.0
2018.11.20,9950.0,-20.0,9835.0,9950.0,9835.0,14066.0
2018.11.19,9970.0,-10.0,9940.0,10005.0,9925.0,117970.0
2018.11.16,9980.0,35.0,9955.0,9980.0,9910.0,7023.0
2018.11.15,9945.0,40.0,9825.0,9945.0,9820.0,29035.0
2018.11.14,9905.0,-75.0,9915.0,9935.0,9850.0,42.0
2018.11.13,9980.0,-45.0,9855.0,9980.0,9780.0,8369.0
2018.11.12,10025.0,50.0,9920.0,10025.0,9880.0,124.0
2018.11.09,9975.0,-5.0,9950.0,10020.0,9930.0,8652.0
2018.11.08,9980.0,45.0,10030.0,10080.0,9975.0,37.0
2018.11.07,9935.0,0.0,9885.0,9965.0,9885.0,66.0
2018.11.06,9935.0,60.0,9895.0,9935.0,9825.0,130.0
2018.11.05,9875.0,-100.0,9845.0,9875.0,9750.0,31.0
2018.11.02,9975.0,250.0,9745.0,9975.0,9745.0,35.0
2018.11.01,9725.0,-115.0,9800.0,9850.0,9695.0,26.0
2018.10.31,9840.0,85.0,9755.0,9840.0,9705.0,1053.0
2018.10.30,9755.0,-45.0,9755.0,9820.0,9735.0,385.0
2018.10.29,9815.0,-105.0,9885.0,9915.0,9815.0,245.0
2018.10.26,9920.0,-120.0,9980.0,10040.0,9865.0,1068.0
2018.10.25,10040.0,-130.0,9945.0,10040.0,9945.0,9872.0
2018.10.24,10170.0,45.0,10130.0,10190.0,10110.0,35.0
2018.10.23,10125.0,-195.0,10230.0,10230.0,10040.0,10594.0
2018.10.22,10320.0,90.0,10135.0,10320.0,10135.0,20.0
2018.10.19,10230.0,-40.0,10155.0,10230.0,10090.0,28.0
2018.10.18,10270.0,-50.0,10225.0,10275.0,10210.0,26020.0
2018.10.17,10320.0,170.0,10195.0,10320.0,10195.0,317.0
2018.10.16,10150.0,-30.0,10200.0,10200.0,10095.0,55020.0
2018.10.15,10180.0,5.0,10105.0,10180.0,10075.0,21.0
2018.10.12,10175.0,50.0,10135.0,10225.0,10075.0,21130.0
2018.10.11,10125.0,-440.0,10340.0,10400.0,10125.0,16914.0
2018.10.10,10565.0,-5.0,10550.0,10565.0,10485.0,16822.0
2018.10.08,10570.0,-55.0,10555.0,10575.0,10540.0,21.0
2018.10.05,10625.0,15.0,10610.0,10645.0,10530.0,67342.0
2018.10.04,10610.0,-75.0,10680.0,10680.0,10560.0,67.0
2018.10.02,10685.0,-105.0,10715.0,10780.0,10640.0,273.0
2018.10.01,10790.0,10.0,10780.0,10790.0,10735.0,31.0
2018.09.28,10780.0,35.0,10715.0,10780.0,10705.0,25.0
2018.09.27,10745.0,135.0,10565.0,10745.0,10565.0,32.0
2018.09.21,10610.0,100.0,10515.0,10610.0,10510.0,473.0
2018.09.20,10510.0,95.0,10440.0,10510.0,10435.0,345.0
2018.09.19,10415.0,0.0,10405.0,10415.0,10345.0,172.0
2018.09.18,10415.0,15.0,10305.0,10415.0,10305.0,146.0
2018.09.17,10400.0,-85.0,10410.0,10435.0,10345.0,56.0
2018.09.14,10485.0,105.0,10410.0,10485.0,10410.0,23.0
2018.09.13,10380.0,30.0,10325.0,10390.0,10325.0,8576.0
2018.09.12,10350.0,-5.0,10305.0,10350.0,10280.0,4821.0
2018.09.11,10355.0,-5.0,10325.0,10370.0,10305.0,204.0
2018.09.10,10360.0,65.0,10245.0,10360.0,10245.0,31.0
2018.09.07,10295.0,-35.0,10305.0,10325.0,10235.0,52593.0
2018.09.06,10330.0,-20.0,10345.0,10385.0,10300.0,76875.0
2018.09.05,10350.0,-130.0,10385.0,10435.0,10310.0,53.0
2018.09.04,10480.0,15.0,10430.0,10480.0,10390.0,34.0
2018.09.03,10465.0,-80.0,10465.0,10485.0,10430.0,134.0
2018.08.31,10545.0,70.0,10395.0,10545.0,10390.0,24.0
2018.08.30,10475.0,-20.0,10495.0,10515.0,10435.0,25.0
2018.08.29,10495.0,0.0,10495.0,10505.0,10420.0,33.0
2018.08.28,10495.0,65.0,10430.0,10495.0,10430.0,9051.0
2018.08.27,10430.0,10.0,10405.0,10445.0,10350.0,17952.0
2018.08.24,10420.0,50.0,10305.0,10420.0,10305.0,50037.0
2018.08.23,10370.0,-5.0,10360.0,10370.0,10290.0,1335.0
2018.08.22,10375.0,-5.0,10340.0,10390.0,10325.0,873.0
2018.08.21,10380.0,20.0,10295.0,10380.0,10295.0,821.0
2018.08.20,10360.0,0.0,10355.0,10370.0,10320.0,76.0
2018.08.17,10360.0,50.0,10295.0,10370.0,10280.0,74.0
2018.08.16,10310.0,-85.0,10245.0,10365.0,10240.0,285829.0
2018.08.14,10395.0,50.0,10310.0,10410.0,10300.0,136775.0
2018.08.13,10345.0,-100.0,10345.0,10355.0,10280.0,154285.0
2018.08.10,10445.0,-65.0,10435.0,10460.0,10400.0,103.0
2018.08.09,10510.0,-10.0,10495.0,10510.0,10435.0,73.0
2018.08.08,10520.0,30.0,10470.0,10530.0,10470.0,42.0
2018.08.07,10490.0,15.0,10435.0,10490.0,10410.0,103.0
2018.08.06,10475.0,70.0,10420.0,10475.0,10415.0,22.0
2018.08.03,10405.0,45.0,10315.0,10405.0,10300.0,21.0
2018.08.02,10360.0,-190.0,10495.0,10495.0,10315.0,165.0
2018.08.01,10550.0,-10.0,10525.0,10585.0,10510.0,30.0
2018.07.31,10560.0,-5.0,10515.0,10560.0,10515.0,21.0
2018.07.30,10565.0,45.0,10460.0,10565.0,10460.0,21.0
2018.07.27,10535.0,0.0,10555.0,10555.0,10460.0,4022.0
2018.07.26,10535.0,40.0,10525.0,10550.0,10505.0,8976.0
2018.07.25,10495.0,50.0,10465.0,10505.0,10460.0,2050.0
2018.07.24,10445.0,5.0,10390.0,10445.0,10360.0,21.0
2018.07.23,10440.0,5.0,10395.0,10450.0,10385.0,37.0
2018.07.20,10435.0,50.0,10385.0,10435.0,10310.0,27.0
2018.07.19,10385.0,-25.0,10390.0,10420.0,10355.0,73.0
2018.07.18,10410.0,-10.0,10430.0,10475.0,10365.0,24.0
2018.07.17,10420.0,-20.0,10390.0,10420.0,10345.0,22.0
2018.07.16,10440.0,-15.0,10415.0,10455.0,10405.0,22.0
2018.07.13,10455.0,170.0,10300.0,10455.0,10300.0,724.0
2018.07.12,10285.0,-60.0,10320.0,10365.0,10275.0,24.0
2018.07.11,10345.0,-50.0,10270.0,10345.0,10230.0,30.0
2018.07.10,10395.0,25.0,10380.0,10435.0,10355.0,24.0
2018.07.09,10370.0,95.0,10275.0,10370.0,10250.0,22.0
2018.07.06,10275.0,85.0,10185.0,10275.0,10185.0,35.0
2018.07.05,10190.0,15.0,10130.0,10190.0,10110.0,150.0
2018.07.04,10175.0,-20.0,10160.0,10195.0,10120.0,21.0
2018.07.03,10195.0,-5.0,10195.0,10210.0,10105.0,62.0
2018.07.02,10200.0,-255.0,10430.0,10430.0,10170.0,112.0
2018.06.29,10455.0,40.0,10435.0,10460.0,10345.0,44.0
2018.06.28,10415.0,-115.0,10445.0,10445.0,10380.0,23.0
2018.06.27,10530.0,-35.0,10530.0,10575.0,10490.0,36.0
2018.06.26,10565.0,10.0,10470.0,10605.0,10450.0,5034.0
2018.06.25,10555.0,15.0,10540.0,10555.0,10420.0,24144.0
2018.06.22,10540.0,55.0,10425.0,10540.0,10375.0,48154.0
2018.06.21,10485.0,-150.0,10620.0,10620.0,10480.0,24338.0
2018.06.20,10635.0,50.0,10690.0,10690.0,10580.0,25203.0
2018.06.19,10585.0,-165.0,10660.0,10730.0,10580.0,96.0
2018.06.18,10750.0,-40.0,10760.0,10815.0,10700.0,73.0
2018.06.15,10790.0,-100.0,10895.0,10895.0,10775.0,14274.0
2018.06.14,10890.0,-175.0,10980.0,10980.0,10870.0,73.0
2018.06.12,11065.0,-15.0,11085.0,11085.0,11025.0,3133.0
2018.06.11,11080.0,130.0,10915.0,11080.0,10895.0,24.0
2018.06.08,10950.0,-60.0,10925.0,10960.0,10925.0,109.0
2018.06.07,11010.0,105.0,10940.0,11015.0,10940.0,1075.0
2018.06.05,10905.0,30.0,10880.0,10905.0,10780.0,188.0
2018.06.04,10875.0,135.0,10745.0,10875.0,10745.0,259.0
2018.06.01,10740.0,50.0,10675.0,10755.0,10640.0,311.0
2018.05.31,10690.0,75.0,10635.0,10705.0,10635.0,178017.0
2018.05.30,10615.0,-270.0,10825.0,10825.0,10560.0,903.0
2018.05.29,10885.0,-95.0,10975.0,10975.0,10855.0,620.0
2018.05.28,10980.0,15.0,10980.0,10985.0,10945.0,23.0
2018.05.25,10965.0,-15.0,10920.0,10965.0,10880.0,110.0
2018.05.24,10980.0,-70.0,11080.0,11080.0,10930.0,165.0
2018.05.23,11050.0,30.0,10995.0,11050.0,10970.0,35.0
2018.05.21,11020.0,50.0,10985.0,11020.0,10930.0,2032.0
2018.05.18,10970.0,0.0,10970.0,10970.0,10920.0,119.0
2018.05.17,10970.0,-35.0,11000.0,11025.0,10940.0,29.0
2018.05.16,11005.0,25.0,10905.0,11005.0,10905.0,31.0
2018.05.15,10980.0,-110.0,11075.0,11075.0,10940.0,134.0
2018.05.14,11090.0,-30.0,11120.0,11130.0,11040.0,187.0
2018.05.11,11120.0,25.0,11120.0,11150.0,11075.0,85.0
2018.05.10,11095.0,55.0,11025.0,11095.0,11005.0,40.0
2018.05.09,11040.0,-130.0,11075.0,11130.0,11035.0,12253.0
2018.05.08,11170.0,-35.0,11225.0,11240.0,11125.0,135.0
2018.05.04,11205.0,-115.0,11300.0,11300.0,11155.0,731.0
2018.05.03,11320.0,-30.0,11310.0,11340.0,11310.0,2240.0
2018.05.02,11350.0,25.0,11295.0,11350.0,11285.0,45.0
2018.04.30,11325.0,145.0,11310.0,11325.0,11220.0,123.0
2018.04.27,11180.0,65.0,11205.0,11260.0,11140.0,564.0
2018.04.26,11330.0,50.0,11255.0,11340.0,11255.0,628035.0
2018.04.25,11280.0,-65.0,11230.0,11280.0,11175.0,36.0
2018.04.24,11345.0,-25.0,11405.0,11405.0,11250.0,30.0
2018.04.23,11370.0,90.0,11250.0,11370.0,11235.0,753.0
2018.04.20,11280.0,-35.0,11285.0,11290.0,11240.0,167.0
2018.04.19,11315.0,85.0,11270.0,11325.0,11235.0,5304.0
2018.04.18,11230.0,150.0,11140.0,11230.0,11110.0,40.0
2018.04.17,11080.0,5.0,11065.0,11080.0,11030.0,50116.0
2018.04.16,11075.0,40.0,11085.0,11085.0,10995.0,100042.0
2018.04.13,11035.0,20.0,11045.0,11050.0,11000.0,55.0
2018.04.12,11015.0,45.0,10965.0,11020.0,10950.0,100078.0
2018.04.11,10970.0,-25.0,10995.0,10995.0,10920.0,100025.0
2018.04.10,10995.0,30.0,10880.0,10995.0,10820.0,40.0
2018.04.09,10965.0,0.0,10920.0,10965.0,10890.0,33.0
2018.04.06,10965.0,-30.0,10970.0,10975.0,10900.0,231.0
2018.04.05,10995.0,100.0,10985.0,11015.0,10910.0,58.0
2018.04.04,10895.0,-110.0,10980.0,11005.0,10880.0,38.0
2018.04.03,11005.0,-35.0,10900.0,11005.0,10870.0,37.0
2018.04.02,11040.0,-30.0,11060.0,11090.0,11010.0,22.0
2018.03.30,11070.0,30.0,11050.0,11130.0,11050.0,2604.0
2018.03.29,11040.0,135.0,10915.0,11040.0,10915.0,21.0
2018.03.28,10905.0,-205.0,10995.0,10995.0,10880.0,25.0
2018.03.27,11110.0,60.0,11115.0,11115.0,11065.0,149.0
2018.03.26,11050.0,50.0,10915.0,11050.0,10915.0,73.0
2018.03.23,11000.0,-325.0,11100.0,11100.0,10980.0,136.0
2018.03.22,11325.0,70.0,11305.0,11355.0,11260.0,187.0
2018.03.21,11255.0,10.0,11190.0,11255.0,11190.0,21.0
2018.03.20,11245.0,-5.0,11170.0,11245.0,11135.0,22437.0
2018.03.19,11250.0,-65.0,11290.0,11290.0,11210.0,44605.0
2018.03.16,11315.0,5.0,11315.0,11315.0,11225.0,71.0
2018.03.15,11310.0,-30.0,11335.0,11335.0,11210.0,47.0
2018.03.14,11340.0,-30.0,11265.0,11340.0,11245.0,82.0
2018.03.13,11370.0,15.0,11350.0,11370.0,11305.0,606.0
2018.03.12,11355.0,135.0,11320.0,11355.0,11255.0,117.0
2018.03.09,11220.0,80.0,11140.0,11250.0,11140.0,305.0
2018.03.08,11140.0,65.0,11130.0,11140.0,11025.0,98.0
2018.03.07,11075.0,15.0,11085.0,11125.0,10980.0,43.0
2018.03.06,11060.0,85.0,11045.0,11095.0,11010.0,24.0
2018.03.05,10975.0,-145.0,11100.0,11100.0,10950.0,91.0
2018.03.02,11120.0,-180.0,11215.0,11215.0,11045.0,43.0
2018.02.28,11300.0,-75.0,11340.0,11340.0,11250.0,31.0
2018.02.27,11375.0,-15.0,11465.0,11465.0,11375.0,84.0
2018.02.26,11390.0,55.0,11390.0,11395.0,11335.0,30.0
2018.02.23,11335.0,130.0,11270.0,11335.0,11220.0,263.0
2018.02.22,11205.0,-110.0,11270.0,11270.0,11185.0,36.0
2018.02.21,11315.0,35.0,11250.0,11315.0,11165.0,69.0
2018.02.20,11280.0,-90.0,11345.0,11345.0,11225.0,230.0
2018.02.19,11370.0,105.0,11415.0,11415.0,11285.0,105.0
2018.02.14,11265.0,95.0,11240.0,11265.0,11180.0,44.0
2018.02.13,11170.0,60.0,11175.0,11250.0,11105.0,67.0
2018.02.12,11110.0,130.0,10965.0,11110.0,10965.0,30.0
2018.02.09,10980.0,-245.0,10965.0,11000.0,10915.0,209.0
2018.02.08,11225.0,-25.0,11315.0,11355.0,10940.0,180651.0
2018.02.07,11250.0,-235.0,11545.0,11545.0,11215.0,423.0
2018.02.06,11485.0,-220.0,11460.0,11485.0,11330.0,269.0
2018.02.05,11705.0,-60.0,11635.0,11760.0,11555.0,216460.0
2018.02.02,11765.0,-175.0,11905.0,11905.0,11720.0,42582.0
2018.02.01,11940.0,25.0,11925.0,11950.0,11920.0,100.0
2018.01.31,11915.0,-30.0,11900.0,12060.0,11855.0,89598.0
2018.01.30,11945.0,-80.0,11950.0,12060.0,11910.0,41953.0
2018.01.29,12035.0,135.0,11910.0,12060.0,11910.0,43124.0
2018.01.26,11900.0,20.0,11870.0,11900.0,11810.0,1059.0
2018.01.25,11880.0,15.0,11835.0,11895.0,11810.0,169366.0
2018.01.24,11865.0,45.0,11820.0,11895.0,11810.0,85272.0
2018.01.23,11820.0,110.0,11735.0,11820.0,11715.0,1067.0
2018.01.22,11710.0,-65.0,11775.0,11775.0,11635.0,100057.0
2018.01.19,11775.0,35.0,11730.0,11795.0,11715.0,1300.0
2018.01.18,11740.0,-45.0,11780.0,11800.0,11700.0,142889.0
2018.01.17,11785.0,30.0,11720.0,11785.0,11690.0,42702.0
2018.01.16,11755.0,55.0,11670.0,11755.0,11645.0,24.0
2018.01.15,11700.0,0.0,11725.0,11760.0,11645.0,190.0
2018.01.12,11700.0,30.0,11645.0,11700.0,11600.0,100135.0
2018.01.11,11670.0,-65.0,11700.0,11700.0,11595.0,92.0
2018.01.10,11735.0,-40.0,11740.0,11800.0,11700.0,43453.0
2018.01.09,11775.0,-5.0,11770.0,11825.0,11700.0,85162.0
2018.01.08,11780.0,45.0,11780.0,11780.0,11655.0,51416.0
2018.01.05,11735.0,135.0,11625.0,11735.0,11595.0,45512.0
2018.01.04,11600.0,-105.0,11725.0,11725.0,11555.0,86457.0
2018.01.03,11705.0,25.0,11730.0,11730.0,11650.0,85572.0
2018.01.02,11680.0,-45.0,11645.0,11690.0,11620.0,188652.0
2017.12.28,11725.0,85.0,11580.0,11725.0,11580.0,100.0
2017.12.27,11640.0,150.0,11535.0,11640.0,11515.0,33.0
2017.12.26,11490.0,-20.0,11535.0,11560.0,11470.0,188465.0
2017.12.22,11510.0,80.0,11460.0,11520.0,11420.0,50120.0
2017.12.21,11430.0,-125.0,11515.0,11515.0,11405.0,100118.0
2017.12.20,11555.0,-5.0,11485.0,11555.0,11485.0,21.0
2017.12.19,11560.0,-10.0,11595.0,11595.0,11500.0,430022.0
2017.12.18,11570.0,10.0,11530.0,11570.0,11495.0,50035.0
2017.12.15,11560.0,45.0,11575.0,11575.0,11480.0,75.0
2017.12.14,11515.0,-10.0,11545.0,11665.0,11515.0,1397.0
2017.12.13,11525.0,155.0,11365.0,11525.0,11365.0,640831.0
2017.12.12,11370.0,-30.0,11440.0,11440.0,11355.0,168.0
2017.12.11,11400.0,-60.0,11455.0,11455.0,11370.0,90.0
2017.12.08,11460.0,0.0,11505.0,11505.0,11400.0,50.0
2017.12.07,11460.0,-45.0,11460.0,11490.0,11415.0,179.0
2017.12.06,11505.0,-110.0,11615.0,11615.0,11505.0,86649.0
2017.12.05,11615.0,100.0,11465.0,11615.0,11435.0,87541.0
2017.12.04,11515.0,125.0,11425.0,11515.0,11375.0,100152.0
2017.12.01,11390.0,-90.0,11490.0,11490.0,11385.0,69.0
2017.11.30,11480.0,-55.0,11500.0,11535.0,11455.0,100246.0
2017.11.29,11535.0,5.0,11535.0,11535.0,11475.0,255.0
2017.11.28,11530.0,25.0,11485.0,11530.0,11430.0,1218.0
2017.11.27,11505.0,-95.0,11600.0,11600.0,11470.0,86099.0
2017.11.24,11600.0,10.0,11550.0,11600.0,11550.0,238.0
2017.11.23,11590.0,5.0,11550.0,11595.0,11530.0,174001.0
2017.11.22,11585.0,95.0,11525.0,11585.0,11510.0,89559.0
2017.11.21,11490.0,-20.0,11535.0,11535.0,11455.0,135783.0
2017.11.20,11510.0,-65.0,11550.0,11575.0,11475.0,2607.0
2017.11.17,11575.0,-50.0,11600.0,11670.0,11550.0,130940.0
2017.11.16,11625.0,75.0,11530.0,11625.0,11530.0,103767.0
2017.11.15,11550.0,-40.0,11565.0,11565.0,11490.0,138966.0
2017.11.14,11590.0,-15.0,11610.0,11610.0,11555.0,133357.0
2017.11.13,11605.0,-55.0,11660.0,11660.0,11565.0,134416.0
2017.11.10,11660.0,-35.0,11645.0,11665.0,11595.0,324682.0
2017.11.09,11695.0,5.0,11725.0,11725.0,11610.0,86461.0
2017.11.08,11690.0,20.0,11640.0,11695.0,11605.0,652.0
2017.11.07,11670.0,-25.0,11685.0,11700.0,11610.0,762.0
2017.11.06,11695.0,-50.0,11715.0,11745.0,11575.0,1112.0
2017.11.03,11745.0,15.0,11730.0,11745.0,11685.0,85680.0
2017.11.02,11730.0,-35.0,11740.0,11740.0,11690.0,85890.0
2017.11.01,11765.0,115.0,11625.0,11765.0,11625.0,176.0
2017.10.31,11650.0,30.0,11550.0,11650.0,11530.0,2009.0
2017.10.30,11620.0,15.0,11670.0,11670.0,11560.0,112.0
2017.10.27,11615.0,75.0,11505.0,11615.0,11505.0,39.0
2017.10.26,11540.0,-80.0,11590.0,11620.0,11510.0,1330.0
2017.10.25,11620.0,-5.0,11615.0,11625.0,11585.0,869.0
2017.10.24,11625.0,20.0,11575.0,11630.0,11565.0,1331.0
2017.10.23,11605.0,-45.0,11610.0,11620.0,11545.0,298.0
2017.10.20,11650.0,60.0,11550.0,11650.0,11520.0,89.0
2017.10.19,11590.0,-10.0,11615.0,11615.0,11530.0,236.0
2017.10.18,11600.0,-10.0,11580.0,11610.0,11535.0,483.0
2017.10.17,11610.0,-15.0,11585.0,11625.0,11570.0,44974.0
2017.10.16,11625.0,25.0,11590.0,11635.0,11560.0,1617.0
2017.10.13,11600.0,40.0,11590.0,11605.0,11535.0,198.0
2017.10.12,11560.0,40.0,11520.0,11560.0,11495.0,1370.0
2017.10.11,11520.0,100.0,11485.0,11520.0,11430.0,14317.0
2017.10.10,11420.0,135.0,11400.0,11435.0,11400.0,334.0
2017.09.29,11285.0,105.0,11210.0,11285.0,11200.0,1672.0
2017.09.28,11180.0,40.0,11095.0,11180.0,11095.0,155.0
2017.09.27,11140.0,-40.0,11165.0,11165.0,11125.0,118.0
2017.09.26,11180.0,0.0,11085.0,11180.0,11060.0,49.0
2017.09.25,11180.0,-60.0,11240.0,11240.0,11120.0,98.0
2017.09.22,11240.0,15.0,11230.0,11240.0,11150.0,7092.0
2017.09.21,11225.0,-10.0,11205.0,11265.0,11205.0,488.0
2017.09.20,11235.0,-5.0,11295.0,11295.0,11215.0,79.0
2017.09.19,11240.0,10.0,11200.0,11245.0,11190.0,45.0
2017.09.18,11230.0,115.0,11115.0,11230.0,11090.0,883.0
2017.09.15,11115.0,30.0,11060.0,11115.0,10975.0,360.0
2017.09.14,11085.0,35.0,11000.0,11085.0,10970.0,30.0
2017.09.13,11050.0,-50.0,11035.0,11080.0,11035.0,55.0
2017.09.12,11100.0,-5.0,11110.0,11120.0,11050.0,16052.0
2017.09.11,11105.0,65.0,11055.0,11130.0,11055.0,1845.0
2017.09.08,11040.0,-10.0,11060.0,11060.0,10990.0,20765.0
2017.09.07,11050.0,160.0,10895.0,11060.0,10895.0,218.0
2017.09.06,10890.0,-95.0,10935.0,10935.0,10845.0,505.0
2017.09.05,10985.0,-105.0,11115.0,11115.0,10925.0,3085.0
2017.09.04,11090.0,-130.0,11000.0,11140.0,11000.0,563.0
2017.09.01,11220.0,-15.0,11230.0,11230.0,11155.0,450.0
2017.08.31,11235.0,-95.0,11320.0,11320.0,11195.0,94183.0
2017.08.30,11330.0,40.0,11230.0,11330.0,11230.0,42.0
2017.08.29,11290.0,-15.0,11245.0,11290.0,11105.0,96932.0
2017.08.28,11305.0,5.0,11315.0,11315.0,11220.0,91307.0
2017.08.25,11300.0,35.0,11230.0,11300.0,11230.0,2809.0
2017.08.24,11265.0,10.0,11210.0,11280.0,11210.0,44936.0
2017.08.23,11255.0,-15.0,11260.0,11275.0,11210.0,91944.0
2017.08.22,11270.0,25.0,11220.0,11270.0,11220.0,44645.0
2017.08.21,11245.0,15.0,11230.0,11250.0,11210.0,45250.0
2017.08.18,11230.0,-20.0,11145.0,11245.0,11145.0,47008.0
2017.08.17,11250.0,65.0,11160.0,11270.0,11160.0,90564.0
2017.08.16,11185.0,15.0,11275.0,11275.0,11145.0,94720.0
2017.08.14,11170.0,75.0,11100.0,11185.0,11085.0,97940.0
2017.08.11,11095.0,-215.0,11135.0,11185.0,11050.0,505557.0
2017.08.10,11310.0,-70.0,11340.0,11340.0,11215.0,141630.0
2017.08.09,11380.0,-95.0,11450.0,11450.0,11325.0,47892.0
2017.08.08,11475.0,-50.0,11500.0,11525.0,11405.0,134920.0
2017.08.07,11525.0,-20.0,11545.0,11575.0,11525.0,5646.0
2017.08.04,11545.0,95.0,11470.0,11555.0,11460.0,38.0
2017.08.03,11450.0,-170.0,11600.0,11600.0,11390.0,1150.0
2017.08.02,11620.0,-35.0,11660.0,11665.0,11595.0,264.0
2017.08.01,11655.0,110.0,11505.0,11675.0,11475.0,48219.0
2017.07.31,11545.0,35.0,11460.0,11545.0,11410.0,136022.0
2017.07.28,11510.0,-155.0,11620.0,11630.0,11510.0,5380.0
2017.07.27,11665.0,25.0,11645.0,11695.0,11635.0,139828.0
2017.07.26,11640.0,65.0,11615.0,11645.0,11580.0,132887.0
2017.07.25,11575.0,-25.0,11615.0,11620.0,11575.0,1546.0
2017.07.24,11600.0,25.0,11535.0,11600.0,11505.0,1125.0
2017.07.21,11575.0,110.0,11490.0,11575.0,11490.0,631.0
2017.07.20,11465.0,105.0,11400.0,11465.0,11375.0,2325.0
2017.07.19,11360.0,0.0,11355.0,11360.0,11290.0,203.0
2017.07.18,11360.0,0.0,11345.0,11360.0,11295.0,395.0
2017.07.17,11360.0,55.0,11340.0,11360.0,11305.0,161.0
2017.07.14,11305.0,60.0,11285.0,11315.0,11255.0,256.0
2017.07.13,11245.0,50.0,11225.0,11295.0,11225.0,55.0
2017.07.12,11195.0,-10.0,11165.0,11210.0,11150.0,107.0
2017.07.11,11205.0,105.0,11135.0,11205.0,11135.0,1045.0
2017.07.10,11100.0,55.0,11030.0,11100.0,11005.0,86.0
2017.07.07,11045.0,20.0,11010.0,11045.0,10975.0,1549.0
2017.07.06,11025.0,-45.0,11055.0,11055.0,10995.0,27.0
2017.07.05,11070.0,30.0,11010.0,11070.0,11010.0,284.0
2017.07.04,11040.0,-90.0,11135.0,11140.0,11000.0,91.0
2017.07.03,11130.0,75.0,11080.0,11130.0,11020.0,324780.0
2017.06.30,11055.0,0.0,10960.0,11055.0,10960.0,56.0
2017.06.29,11055.0,90.0,11055.0,11100.0,11010.0,727.0
2017.06.28,10965.0,35.0,10860.0,10985.0,10860.0,230386.0
2017.06.27,10930.0,-30.0,10930.0,10960.0,10895.0,184277.0
2017.06.26,10960.0,15.0,10905.0,10970.0,10890.0,47230.0
2017.06.23,10945.0,10.0,10935.0,10950.0,10910.0,91855.0
2017.06.22,10935.0,85.0,10840.0,10935.0,10825.0,46620.0
2017.06.21,10850.0,-85.0,10890.0,10905.0,10800.0,94448.0
2017.06.20,10935.0,5.0,10920.0,10960.0,10920.0,46358.0
2017.06.19,10930.0,35.0,10885.0,10960.0,10885.0,45967.0
2017.06.16,10895.0,55.0,10860.0,10895.0,10855.0,65.0
2017.06.15,10840.0,-75.0,10865.0,10895.0,10800.0,143655.0
2017.06.14,10915.0,0.0,10915.0,10925.0,10865.0,5525.0
2017.06.13,10915.0,45.0,10895.0,10915.0,10865.0,7117.0
2017.06.12,10870.0,10.0,10880.0,10895.0,10860.0,255.0
2017.06.09,10860.0,90.0,10770.0,10875.0,10770.0,521.0
2017.06.08,10770.0,20.0,10780.0,10780.0,10675.0,35.0
2017.06.07,10750.0,-40.0,10745.0,10785.0,10725.0,192.0
2017.06.05,10790.0,-25.0,10810.0,10865.0,10790.0,453.0
2017.06.02,10815.0,95.0,10765.0,10855.0,10765.0,1064.0
2017.06.01,10720.0,-35.0,10705.0,10730.0,10680.0,269.0
2017.05.31,10755.0,15.0,10710.0,10780.0,10675.0,171.0
2017.05.30,10740.0,-60.0,10775.0,10785.0,10680.0,729.0
2017.05.29,10800.0,-60.0,10835.0,10870.0,10760.0,30253.0
2017.05.26,10860.0,30.0,10815.0,11070.0,10410.0,181456.0
2017.05.25,10830.0,115.0,10715.0,10830.0,10715.0,218.0
2017.05.24,10715.0,-35.0,10745.0,10745.0,10675.0,235.0
2017.05.23,10750.0,95.0,10710.0,10795.0,10685.0,247.0
2017.05.22,10655.0,45.0,10660.0,10660.0,10605.0,282.0
2017.05.19,10610.0,-25.0,10615.0,10635.0,10585.0,194.0
2017.05.18,10635.0,-15.0,10545.0,10640.0,10525.0,759.0
2017.05.17,10650.0,-25.0,10580.0,10650.0,10565.0,197.0
2017.05.16,10675.0,5.0,10715.0,10715.0,10635.0,355.0
2017.05.15,10670.0,20.0,10620.0,10670.0,10610.0,2505.0
2017.05.12,10650.0,30.0,10660.0,10665.0,10605.0,527642.0
2017.05.11,10620.0,45.0,10620.0,10660.0,10555.0,1500040.0
2017.05.10,10575.0,-145.0,10665.0,10835.0,10525.0,7634.0
2017.05.08,10720.0,230.0,10485.0,10720.0,10450.0,87.0
2017.05.04,10490.0,45.0,10465.0,10490.0,10445.0,10131.0
2017.05.02,10445.0,115.0,10395.0,10480.0,10395.0,166.0
2017.04.28,10330.0,-40.0,10420.0,10430.0,10315.0,2016.0
2017.04.27,10370.0,20.0,10280.0,10370.0,10280.0,52.0
2017.04.26,10350.0,70.0,10300.0,10350.0,10295.0,536.0
2017.04.25,10280.0,145.0,10150.0,10290.0,10150.0,1009319.0
2017.04.24,10135.0,105.0,10100.0,10135.0,10100.0,12.0
2017.04.21,10030.0,65.0,10005.0,10050.0,9985.0,17.0
2017.04.20,9965.0,10.0,9930.0,9970.0,9920.0,125.0
2017.04.19,9955.0,-70.0,9960.0,9970.0,9910.0,65.0
2017.04.18,10025.0,45.0,10050.0,10050.0,9950.0,145.0
2017.04.17,9980.0,10.0,9970.0,10005.0,9965.0,42.0
2017.04.14,9970.0,-75.0,9985.0,9985.0,9940.0,1001825.0
