날짜,종가,전일비,시가,고가,저가,거래량
2026.08.10,108055.0,-170.0,108155.0,108155.0,108055.0,40.0
2026.08.07,108225.0,-40.0,108180.0,108270.0,108180.0,5.0
2026.08.06,108265.0,-180.0,108525.0,108525.0,108265.0,283.0
2026.08.05,108445.0,380.0,108205.0,108480.0,108205.0,19.0
2026.08.04,108065.0,120.0,108085.0,108085.0,108010.0,29.0
2026.08.03,107945.0,-25.0,107930.0,107945.0,107930.0,4.0
2026.07.31,107970.0,420.0,107795.0,107970.0,107780.0,5.0
2026.07.30,107550.0,-260.0,107840.0,107870.0,107550.0,32.0
2026.07.29,107810.0,235.0,107605.0,107855.0,107605.0,76.0
2026.07.28,107575.0,190.0,107425.0,107575.0,107425.0,3.0
2026.07.27,107385.0,500.0,107250.0,107385.0,107250.0,15.0
2026.07.24,106885.0,-315.0,106955.0,107010.0,106885.0,4.0
2026.07.23,107200.0,25.0,107195.0,107205.0,107160.0,4.0
2026.07.22,107175.0,-150.0,107200.0,107205.0,107165.0,121.0
2026.07.21,107325.0,170.0,107215.0,107325.0,107160.0,9.0
2026.07.20,107155.0,-240.0,107115.0,107165.0,107090.0,21.0
2026.07.16,107395.0,115.0,107320.0,107465.0,107320.0,11.0
2026.07.15,107280.0,100.0,107365.0,107365.0,107220.0,3.0
2026.07.14,107180.0,-280.0,107260.0,107260.0,107180.0,5.0
2026.07.13,107460.0,-285.0,107520.0,107520.0,107445.0,3.0
2026.07.10,107745.0,140.0,107530.0,107745.0,107530.0,3.0
2026.07.09,107605.0,25.0,107430.0,107605.0,107415.0,3.0
2026.07.08,107580.0,15.0,107395.0,107580.0,107395.0,7.0
2026.07.07,107565.0,-20.0,107630.0,107685.0,107565.0,30.0
2026.07.06,107585.0,-75.0,107625.0,107700.0,107585.0,4.0
2026.07.03,107660.0,-40.0,107755.0,107795.0,107660.0,56.0
2026.07.02,107700.0,255.0,107575.0,107700.0,107575.0,8.0
2026.07.01,107445.0,-390.0,107690.0,107690.0,107440.0,50.0
2026.06.30,107835.0,110.0,107770.0,107885.0,107770.0,3.0
2026.06.29,107725.0,-110.0,107765.0,107765.0,107670.0,38.0
2026.06.26,107835.0,200.0,107635.0,107865.0,107550.0,9.0
2026.06.25,107635.0,100.0,107640.0,107700.0,107635.0,68.0
2026.06.24,107535.0,125.0,107460.0,107535.0,107395.0,70.0
2026.06.23,107410.0,200.0,107295.0,107410.0,107295.0,55.0
2026.06.22,107210.0,-185.0,107295.0,107330.0,107205.0,56.0
2026.06.19,107395.0,-295.0,107640.0,107640.0,107340.0,100.0
2026.06.18,107690.0,-95.0,107690.0,107755.0,107690.0,6.0
2026.06.17,107785.0,60.0,107790.0,107790.0,107775.0,103.0
2026.06.16,107725.0,120.0,107700.0,107725.0,107600.0,9.0
2026.06.15,107605.0,225.0,107785.0,107785.0,107605.0,17.0
2026.06.12,107380.0,365.0,107350.0,107395.0,107295.0,199.0
2026.06.11,107015.0,-30.0,106975.0,107015.0,106975.0,24.0
2026.06.10,107045.0,140.0,106920.0,107045.0,106805.0,52.0
2026.06.09,106905.0,420.0,106605.0,106905.0,106605.0,18.0
2026.06.08,106485.0,-280.0,106595.0,106595.0,106440.0,176.0
2026.06.05,106765.0,-165.0,106925.0,107010.0,106765.0,27.0
2026.06.04,106930.0,-460.0,107160.0,107160.0,106930.0,9.0
2026.06.02,107390.0,180.0,107030.0,107390.0,107030.0,3.0
2026.06.01,107210.0,-280.0,107440.0,107440.0,107210.0,32.0
2026.05.29,107490.0,195.0,107480.0,107522.0,107480.0,61.0
2026.05.28,107295.0,-185.0,107480.0,107495.0,107185.0,15.0
2026.05.27,107480.0,-150.0,107580.0,107610.0,107480.0,15.0
2026.05.26,107630.0,335.0,107645.0,107645.0,107585.0,51.0
2026.05.22,107295.0,65.0,107375.0,107375.0,107290.0,9.0
2026.05.21,107230.0,135.0,107290.0,107305.0,107230.0,278.0
2026.05.20,107095.0,-75.0,106975.0,107102.0,106950.0,211.0
2026.05.19,107170.0,-95.0,107095.0,107210.0,107080.0,23.0
2026.05.18,107265.0,220.0,106980.0,107265.0,106875.0,121.0
2026.05.15,107045.0,-600.0,107455.0,107455.0,106900.0,74.0
2026.05.14,107645.0,-70.0,107795.0,107875.0,107620.0,149.0
2026.05.13,107715.0,-95.0,107480.0,107715.0,107480.0,82.0
2026.05.12,107810.0,-165.0,107855.0,107865.0,107785.0,168.0
2026.05.11,107975.0,-185.0,108055.0,108130.0,107975.0,37.0
2026.05.08,108160.0,-10.0,108130.0,108220.0,108130.0,33.0
2026.05.07,108170.0,295.0,108130.0,108170.0,108130.0,41.0
2026.05.06,107875.0,10.0,107860.0,107875.0,107685.0,180.0
2026.05.04,107865.0,-15.0,108120.0,108120.0,107850.0,25.0
2026.04.30,107880.0,-245.0,107960.0,108000.0,107880.0,291.0
2026.04.29,108125.0,-20.0,108145.0,108145.0,108125.0,9.0
2026.04.28,108145.0,-165.0,108325.0,108325.0,108060.0,9.0
2026.04.27,108310.0,-15.0,108355.0,108420.0,108310.0,76.0
2026.04.24,108325.0,-105.0,108385.0,108430.0,108300.0,133.0
2026.04.23,108430.0,-455.0,108490.0,108535.0,108390.0,378.0
2026.04.22,108885.0,-85.0,108845.0,108885.0,108835.0,4.0
2026.04.21,108970.0,170.0,108945.0,108970.0,108850.0,82.0
2026.04.20,108800.0,105.0,108835.0,108885.0,108800.0,383.0
2026.04.17,108695.0,-175.0,108770.0,108770.0,108695.0,8.0
2026.04.16,108870.0,-20.0,109005.0,109005.0,108870.0,3.0
2026.04.15,108890.0,65.0,108985.0,108985.0,108860.0,3.0
2026.04.14,108825.0,205.0,108850.0,108910.0,108815.0,46.0
2026.04.13,108620.0,-230.0,108515.0,108620.0,108515.0,3.0
2026.04.10,108850.0,-95.0,108985.0,109030.0,108825.0,389.0
2026.04.09,108945.0,-190.0,108920.0,108945.0,108870.0,11.0
2026.04.08,109135.0,805.0,108935.0,109135.0,108935.0,38.0
2026.04.07,108330.0,-165.0,108520.0,108520.0,108320.0,5.0
2026.04.06,108495.0,140.0,108220.0,108495.0,108220.0,5.0
2026.04.03,108355.0,305.0,108450.0,108450.0,108355.0,3.0
2026.04.02,108050.0,-530.0,108520.0,108520.0,108050.0,3.0
2026.04.01,108580.0,860.0,108085.0,108580.0,108085.0,84.0
2026.03.31,107720.0,135.0,107755.0,107770.0,107650.0,28.0
2026.03.30,107585.0,165.0,107520.0,107585.0,107400.0,13.0
2026.03.27,107420.0,-120.0,107430.0,107480.0,107420.0,16.0
2026.03.26,107540.0,30.0,107670.0,107670.0,107425.0,10.0
2026.03.25,107510.0,-55.0,107915.0,107925.0,107510.0,7.0
2026.03.24,107565.0,395.0,107915.0,107915.0,107330.0,1019.0
2026.03.23,107170.0,-1140.0,107915.0,107915.0,107170.0,1091.0
2026.03.20,108310.0,-165.0,108490.0,108610.0,108310.0,45.0
2026.03.19,108475.0,-265.0,108375.0,108495.0,108375.0,101.0
2026.03.18,108740.0,290.0,108600.0,108740.0,108600.0,123.0
2026.03.17,108450.0,40.0,108700.0,108700.0,108450.0,40.0
2026.03.16,108410.0,40.0,108435.0,108500.0,108410.0,57.0
2026.03.13,108370.0,-195.0,108460.0,108545.0,108370.0,244.0
2026.03.12,108565.0,-225.0,108335.0,108565.0,108260.0,9.0
2026.03.11,108790.0,215.0,108780.0,108870.0,108780.0,12.0
2026.03.10,108575.0,510.0,108600.0,108600.0,108465.0,281.0
2026.03.09,108065.0,-745.0,107920.0,108065.0,107770.0,286.0
2026.03.06,108810.0,-40.0,108730.0,108810.0,108730.0,229.0
2026.03.05,108850.0,175.0,108945.0,108970.0,108810.0,106.0
2026.03.04,108675.0,-290.0,109060.0,109070.0,108675.0,90.0
2026.03.03,108965.0,-585.0,109300.0,109315.0,108965.0,861.0
2026.02.27,109550.0,165.0,109450.0,109555.0,109450.0,523.0
2026.02.26,109385.0,380.0,109105.0,109385.0,109075.0,20.0
2026.02.25,109005.0,155.0,108960.0,109005.0,108930.0,14.0
2026.02.24,108850.0,-80.0,109055.0,109055.0,108820.0,156.0
2026.02.23,108930.0,-20.0,108950.0,108985.0,108915.0,29.0
2026.02.20,108950.0,110.0,108855.0,108950.0,108855.0,6.0
2026.02.19,108840.0,25.0,108895.0,109010.0,108840.0,189.0
2026.02.13,108815.0,80.0,108870.0,108915.0,108815.0,212.0
2026.02.12,108735.0,210.0,108505.0,108770.0,108505.0,24.0
2026.02.11,108525.0,190.0,108420.0,108555.0,108420.0,1855.0
2026.02.10,108335.0,285.0,108180.0,108335.0,108180.0,13.0
2026.02.09,108050.0,-235.0,108240.0,108240.0,108030.0,3307.0
2026.02.06,108285.0,-40.0,108480.0,108480.0,108285.0,61.0
2026.02.05,108325.0,120.0,108225.0,108325.0,108225.0,93.0
2026.02.04,108205.0,-140.0,108265.0,108270.0,108150.0,4238.0
2026.02.03,108345.0,-185.0,108360.0,108360.0,108325.0,4.0
2026.02.02,108530.0,-25.0,108450.0,108530.0,108325.0,12.0
2026.01.30,108555.0,-155.0,108710.0,108720.0,108555.0,28.0
2026.01.29,108710.0,-150.0,108830.0,108830.0,108710.0,235.0
2026.01.28,108860.0,130.0,108800.0,108860.0,108775.0,58.0
2026.01.27,108730.0,55.0,108790.0,108790.0,108700.0,106.0
2026.01.26,108675.0,165.0,108775.0,108775.0,108670.0,65.0
2026.01.23,108510.0,-95.0,108605.0,108605.0,108510.0,704.0
2026.01.22,108605.0,225.0,108620.0,108620.0,108500.0,8.0
2026.01.21,108380.0,-10.0,108290.0,108415.0,108290.0,179.0
2026.01.20,108390.0,-275.0,108505.0,108610.0,108390.0,734.0
2026.01.19,108665.0,-190.0,108770.0,108825.0,108665.0,74.0
2026.01.16,108855.0,60.0,108765.0,108855.0,108705.0,3345.0
2026.01.15,108795.0,-405.0,109250.0,109280.0,108700.0,3681.0
2026.01.14,109200.0,10.0,109125.0,109240.0,109125.0,138.0
2026.01.13,109190.0,-75.0,109325.0,109325.0,109180.0,46.0
2026.01.12,109265.0,-70.0,109330.0,109410.0,109265.0,102.0
2026.01.09,109335.0,-105.0,109380.0,109420.0,109335.0,337.0
2026.01.08,109440.0,160.0,109350.0,109440.0,109350.0,182.0
2026.01.07,109280.0,205.0,109165.0,109295.0,109165.0,41.0
2026.01.06,109075.0,-10.0,109090.0,109195.0,109075.0,24.0
2026.01.05,109085.0,-120.0,109070.0,109115.0,108950.0,228.0
2026.01.02,109205.0,80.0,109190.0,109310.0,109170.0,31.0
2025.12.30,109125.0,-85.0,109350.0,109350.0,109125.0,52.0
2025.12.29,109210.0,55.0,109195.0,109210.0,109195.0,123.0
2025.12.26,109155.0,-10.0,109165.0,109215.0,109135.0,74.0
2025.12.24,109165.0,185.0,109180.0,109210.0,109150.0,606.0
2025.12.23,108980.0,-60.0,108965.0,109070.0,108895.0,91.0
2025.12.22,109040.0,95.0,108995.0,109055.0,108995.0,14.0
2025.12.19,108945.0,-315.0,109155.0,109155.0,108945.0,30.0
2025.12.18,109260.0,260.0,109125.0,109260.0,109065.0,24.0
2025.12.17,109000.0,5.0,109090.0,109090.0,108865.0,21.0
2025.12.16,108995.0,75.0,108950.0,108995.0,108860.0,121.0
2025.12.15,108920.0,385.0,108625.0,108920.0,108590.0,10.0
2025.12.12,108535.0,10.0,108570.0,108570.0,108515.0,17.0
2025.12.11,109905.0,60.0,110150.0,110150.0,109905.0,68.0
2025.12.10,109845.0,-140.0,109830.0,109845.0,109695.0,29.0
2025.12.09,109985.0,-245.0,110170.0,110170.0,109985.0,38.0
2025.12.08,110230.0,-60.0,110295.0,110295.0,110230.0,21.0
2025.12.05,110290.0,60.0,110195.0,110305.0,110195.0,34.0
2025.12.04,110230.0,110.0,110110.0,110230.0,110070.0,6.0
2025.12.03,110120.0,-120.0,110185.0,110185.0,109995.0,58.0
2025.12.02,110240.0,135.0,110130.0,110255.0,110130.0,5.0
2025.12.01,110105.0,-165.0,110350.0,110350.0,110100.0,276.0
2025.11.28,110270.0,30.0,110215.0,110270.0,109985.0,33.0
2025.11.27,110240.0,-450.0,110730.0,110730.0,110240.0,171.0
2025.11.26,110690.0,45.0,110675.0,110785.0,110675.0,35.0
2025.11.25,110645.0,-30.0,110700.0,110700.0,110620.0,4.0
2025.11.24,110675.0,-65.0,110795.0,110800.0,110675.0,36.0
2025.11.21,110740.0,155.0,110675.0,110740.0,110675.0,26.0
2025.11.20,110585.0,-120.0,110640.0,110700.0,110585.0,26.0
2025.11.19,110705.0,-30.0,110750.0,110750.0,110697.0,20.0
2025.11.18,110735.0,235.0,110530.0,110820.0,110530.0,25.0
2025.11.17,110500.0,30.0,110320.0,110525.0,110320.0,17.0
2025.11.14,110470.0,-10.0,110360.0,110470.0,110350.0,111.0
2025.11.13,110480.0,30.0,110545.0,110545.0,110480.0,23.0
2025.11.12,110450.0,-435.0,110940.0,110940.0,110450.0,249.0
2025.11.11,110885.0,180.0,110870.0,110895.0,110870.0,22.0
2025.11.10,110705.0,25.0,110650.0,110785.0,110650.0,82.0
2025.11.07,110680.0,-340.0,110955.0,110955.0,110680.0,161.0
2025.11.06,111020.0,-230.0,111115.0,111115.0,111020.0,61.0
2025.11.05,111250.0,-75.0,111320.0,111390.0,111250.0,21.0
2025.11.04,111325.0,5.0,111175.0,111325.0,111055.0,129.0
2025.11.03,111320.0,-140.0,111490.0,111490.0,111320.0,164.0
2025.10.31,111460.0,-15.0,111365.0,111460.0,111365.0,423.0
2025.10.30,111475.0,-135.0,111475.0,111535.0,111475.0,188.0
2025.10.29,111610.0,-135.0,111735.0,111735.0,111610.0,21.0
2025.10.28,111745.0,-110.0,111760.0,111770.0,111660.0,2808.0
2025.10.27,111855.0,-105.0,111870.0,111950.0,111855.0,195.0
2025.10.24,111960.0,45.0,111960.0,112000.0,111960.0,160.0
2025.10.23,111915.0,-70.0,112070.0,112115.0,111915.0,110.0
2025.10.22,111985.0,85.0,111925.0,111985.0,111925.0,13.0
2025.10.21,111900.0,-105.0,111945.0,112010.0,111900.0,49.0
2025.10.20,112005.0,-40.0,112015.0,112015.0,111930.0,169.0
2025.10.17,112045.0,80.0,111925.0,112120.0,111925.0,39.0
2025.10.16,111965.0,-205.0,112210.0,112210.0,111965.0,11278.0
2025.10.15,112170.0,150.0,111980.0,112200.0,111980.0,48.0
2025.10.14,112020.0,115.0,112035.0,112035.0,111965.0,288.0
2025.10.13,111905.0,180.0,111800.0,111905.0,111795.0,101.0
2025.10.10,111725.0,-25.0,111720.0,111725.0,111615.0,6.0
2025.10.02,111750.0,55.0,111715.0,111750.0,111670.0,63.0
2025.10.01,111695.0,10.0,111720.0,111720.0,111645.0,15997.0
2025.09.30,111685.0,-55.0,111755.0,111765.0,111685.0,35.0
2025.09.29,111740.0,25.0,111725.0,111765.0,111725.0,8.0
2025.09.26,111715.0,-185.0,111830.0,111830.0,111640.0,41.0
2025.09.25,111900.0,-170.0,112120.0,112120.0,111900.0,4.0
2025.09.24,112070.0,-95.0,112185.0,112202.0,112070.0,95.0
2025.09.23,112165.0,0.0,112180.0,112180.0,112140.0,193.0
2025.09.22,112165.0,-100.0,112220.0,112220.0,112150.0,15.0
2025.09.19,112265.0,-170.0,112405.0,112405.0,112265.0,4.0
2025.09.18,112435.0,145.0,112225.0,112435.0,112225.0,176.0
2025.09.17,112290.0,5.0,112290.0,112290.0,112260.0,4083.0
2025.09.16,112285.0,80.0,112215.0,112285.0,112200.0,9.0
2025.09.15,112205.0,0.0,112190.0,112205.0,112125.0,4084.0
2025.09.12,112205.0,0.0,112210.0,112275.0,112205.0,10940.0
2025.09.11,112205.0,50.0,112285.0,112285.0,112175.0,2014.0
2025.09.10,112155.0,-35.0,112140.0,112160.0,112140.0,124.0
2025.09.09,112190.0,115.0,112130.0,112215.0,112130.0,4.0
2025.09.08,112075.0,90.0,112105.0,112105.0,112060.0,330.0
2025.09.05,111985.0,110.0,111970.0,111985.0,111970.0,16.0
2025.09.04,111875.0,30.0,111925.0,111975.0,111875.0,18.0
2025.09.03,111845.0,-165.0,111945.0,111945.0,111845.0,10.0
2025.09.02,112010.0,-95.0,112000.0,112040.0,112000.0,4.0
2025.09.01,112105.0,15.0,112195.0,112195.0,112105.0,100.0
2025.08.29,112090.0,-40.0,112090.0,112115.0,112090.0,124.0
2025.08.28,112130.0,0.0,112255.0,112255.0,112100.0,5.0
2025.08.27,112130.0,90.0,112075.0,112130.0,112075.0,3.0
2025.08.26,112040.0,40.0,112065.0,112065.0,112015.0,6.0
2025.08.25,112000.0,80.0,112020.0,112030.0,112000.0,2443.0
2025.08.22,111920.0,-10.0,111970.0,111970.0,111875.0,10749.0
2025.08.21,111930.0,35.0,111955.0,111955.0,111915.0,6017.0
2025.08.20,111895.0,10.0,111910.0,111910.0,111895.0,5.0
2025.08.19,111885.0,-90.0,111980.0,111980.0,111885.0,38.0
2025.08.18,111975.0,-140.0,112015.0,112015.0,111975.0,29.0
2025.08.14,112115.0,85.0,112115.0,112115.0,112115.0,24.0
2025.08.13,112030.0,55.0,112015.0,112030.0,111990.0,3321.0
2025.08.12,111975.0,-45.0,111965.0,111990.0,111965.0,316.0
2025.08.11,112020.0,-40.0,112005.0,112020.0,111995.0,3259.0
2025.08.08,112060.0,-10.0,112105.0,112105.0,112060.0,6.0
2025.08.07,112070.0,55.0,112085.0,112115.0,112030.0,43.0
2025.08.06,112015.0,35.0,112015.0,112045.0,112015.0,214.0
2025.08.05,111980.0,15.0,112010.0,112010.0,111980.0,16.0
2025.08.04,111965.0,245.0,112050.0,112050.0,111965.0,3.0
2025.08.01,111720.0,-70.0,111780.0,111780.0,111695.0,167.0
2025.07.31,111790.0,20.0,111715.0,111790.0,111715.0,3.0
2025.07.30,111770.0,20.0,111830.0,111830.0,111770.0,5.0
2025.07.29,111750.0,75.0,111780.0,111840.0,111662.0,54.0
2025.07.28,111675.0,110.0,111615.0,111675.0,111615.0,3.0
2025.07.25,111565.0,-85.0,111640.0,111640.0,111565.0,18.0
2025.07.24,111650.0,-30.0,111690.0,111690.0,111650.0,15.0
2025.07.23,111680.0,45.0,111680.0,111720.0,111680.0,642.0
2025.07.22,111635.0,20.0,111635.0,111635.0,111635.0,3.0
2025.07.21,111615.0,190.0,111530.0,111615.0,111530.0,212.0
2025.07.18,111425.0,10.0,111425.0,111425.0,111425.0,4.0
2025.07.17,111415.0,-40.0,111560.0,111560.0,111415.0,50.0
2025.07.16,111455.0,-5.0,111385.0,111455.0,111370.0,20.0
2025.07.15,111460.0,-10.0,111420.0,111460.0,111390.0,230.0
2025.07.14,111470.0,-85.0,111545.0,111545.0,111470.0,28.0
2025.07.11,111555.0,-50.0,111655.0,111655.0,111555.0,3.0
2025.07.10,111605.0,245.0,111475.0,111605.0,111475.0,26.0
2025.07.09,111360.0,-45.0,111435.0,111435.0,111360.0,3.0
2025.07.08,111405.0,65.0,111420.0,111460.0,111390.0,428.0
2025.07.07,111340.0,-55.0,111380.0,111450.0,111340.0,140.0
2025.07.04,111395.0,-140.0,111380.0,111395.0,111360.0,8.0
2025.07.03,111535.0,235.0,111410.0,111535.0,111410.0,3.0
2025.07.02,111300.0,-195.0,111475.0,111475.0,111300.0,7.0
2025.07.01,111495.0,-35.0,111480.0,111510.0,111440.0,16.0
2025.06.30,111530.0,75.0,111565.0,111565.0,111505.0,8.0
2025.06.27,111455.0,70.0,111420.0,111565.0,111420.0,3.0
2025.06.26,111385.0,70.0,111420.0,111420.0,111385.0,6.0
2025.06.25,111315.0,-10.0,111405.0,111425.0,111315.0,83.0
2025.06.24,111325.0,280.0,111280.0,111400.0,111280.0,21.0
2025.06.23,111045.0,-160.0,111025.0,111065.0,111025.0,104.0
2025.06.20,111205.0,160.0,111040.0,111205.0,111025.0,9.0
2025.06.19,111045.0,-30.0,111155.0,111155.0,111045.0,5.0
2025.06.18,111075.0,-235.0,111130.0,111130.0,111075.0,4.0
2025.06.17,111310.0,170.0,111140.0,111310.0,111140.0,28.0
2025.06.16,111140.0,40.0,110935.0,111140.0,110935.0,14.0
2025.06.13,111100.0,-60.0,111375.0,111375.0,111100.0,34.0
2025.06.12,111160.0,-50.0,111310.0,111365.0,111160.0,39.0
2025.06.11,111210.0,-145.0,111360.0,111360.0,111210.0,32.0
2025.06.10,111355.0,70.0,111270.0,111355.0,111240.0,46.0
2025.06.09,111285.0,75.0,111060.0,111285.0,111042.0,396.0
2025.06.05,111210.0,-95.0,111240.0,111255.0,111210.0,61.0
2025.06.04,111305.0,-305.0,111465.0,111465.0,111305.0,13.0
2025.06.02,111610.0,95.0,111570.0,111655.0,111570.0,88.0
2025.05.30,111515.0,-145.0,111730.0,111730.0,111515.0,13.0
2025.05.29,111660.0,-95.0,111735.0,111760.0,111660.0,31.0
2025.05.28,111755.0,160.0,111680.0,111795.0,111680.0,13.0
2025.05.27,111595.0,30.0,111595.0,111595.0,111550.0,19.0
2025.05.26,111565.0,5.0,111635.0,111650.0,111520.0,9.0
2025.05.23,111560.0,65.0,111590.0,111590.0,111530.0,34.0
2025.05.22,111495.0,-90.0,111480.0,111495.0,111460.0,13.0
2025.05.21,111585.0,-65.0,111640.0,111640.0,111555.0,20.0
2025.05.20,111650.0,70.0,111610.0,111650.0,111610.0,33.0
2025.05.19,111580.0,-185.0,111725.0,111725.0,111580.0,46.0
2025.05.16,111765.0,235.0,111750.0,111765.0,111735.0,9.0
2025.05.15,111530.0,-45.0,111545.0,111545.0,111530.0,3.0
2025.05.14,111575.0,65.0,111515.0,111600.0,111515.0,12.0
2025.05.13,111510.0,-190.0,111565.0,111565.0,111480.0,323.0
2025.05.12,111700.0,15.0,111715.0,111730.0,111675.0,337.0
2025.05.09,111685.0,-220.0,111785.0,111785.0,111685.0,12.0
2025.05.08,111905.0,-135.0,112050.0,112050.0,111905.0,10.0
2025.05.07,112040.0,85.0,111955.0,112040.0,111935.0,5.0
2025.05.02,111955.0,-60.0,111925.0,111955.0,111912.0,4.0
2025.04.30,112015.0,170.0,111925.0,112060.0,111925.0,48.0
2025.04.29,111845.0,65.0,111830.0,111865.0,111815.0,15.0
2025.04.28,111780.0,-30.0,111825.0,111855.0,111780.0,72.0
2025.04.25,111810.0,145.0,111785.0,111855.0,111770.0,17.0
2025.04.24,111665.0,130.0,111740.0,111750.0,111665.0,16.0
2025.04.23,111535.0,-130.0,111530.0,111580.0,111530.0,117.0
2025.04.22,111665.0,45.0,111635.0,111665.0,111620.0,3.0
2025.04.21,111620.0,110.0,111560.0,111620.0,111560.0,4.0
2025.04.18,111510.0,160.0,111450.0,111525.0,111450.0,47.0
2025.04.17,111350.0,-65.0,111415.0,111500.0,111350.0,49.0
2025.04.16,111415.0,210.0,111355.0,111415.0,111355.0,4.0
2025.04.15,111205.0,60.0,111195.0,111245.0,111195.0,39.0
2025.04.14,111145.0,-35.0,111150.0,111150.0,111120.0,43.0
2025.04.11,111180.0,110.0,111055.0,111220.0,111055.0,32.0
2025.04.10,111070.0,40.0,111030.0,111085.0,111030.0,9.0
2025.04.09,111030.0,-190.0,111110.0,111110.0,111030.0,8.0
2025.04.08,111220.0,-25.0,111145.0,111245.0,111145.0,17.0
2025.04.07,111245.0,215.0,111290.0,111290.0,111125.0,149.0
2025.04.04,111030.0,325.0,110955.0,111110.0,110955.0,264.0
2025.04.03,110705.0,280.0,110785.0,110785.0,110705.0,161.0
2025.04.02,110425.0,-5.0,110360.0,110425.0,110360.0,27.0
2025.04.01,110430.0,50.0,110380.0,110430.0,110380.0,8.0
2025.03.31,110380.0,310.0,110295.0,110380.0,110290.0,146.0
2025.03.28,110070.0,-20.0,110100.0,110100.0,110070.0,25.0
2025.03.27,110090.0,35.0,110055.0,110090.0,110050.0,5.0
2025.03.26,110055.0,-55.0,110070.0,110095.0,110045.0,139.0
2025.03.25,110110.0,-80.0,110110.0,110150.0,110110.0,131.0
2025.03.24,110190.0,-45.0,110240.0,110240.0,110190.0,3.0
2025.03.21,110235.0,10.0,110220.0,110260.0,110220.0,123.0
2025.03.20,110225.0,90.0,110250.0,110265.0,110200.0,85.0
2025.03.19,110135.0,-85.0,110175.0,110200.0,110135.0,50.0
2025.03.18,110220.0,15.0,110195.0,110220.0,110190.0,15.0
2025.03.17,110205.0,-30.0,110195.0,110205.0,110140.0,12.0
2025.03.14,110235.0,-70.0,110315.0,110315.0,110235.0,3.0
2025.03.13,110305.0,-40.0,110305.0,110385.0,110305.0,32.0
2025.03.12,110345.0,105.0,110255.0,110345.0,110255.0,5.0
2025.03.11,110240.0,105.0,110280.0,110300.0,110240.0,500.0
2025.03.10,110135.0,-50.0,110200.0,110200.0,110135.0,96.0
2025.03.07,110185.0,70.0,110160.0,110250.0,110160.0,96.0
2025.03.06,110115.0,-185.0,110075.0,110115.0,110025.0,151.0
2025.03.05,110300.0,-150.0,110285.0,110300.0,110250.0,5.0
2025.03.04,110450.0,180.0,110555.0,110580.0,110450.0,153.0
2025.02.28,110270.0,90.0,110205.0,110320.0,110205.0,13.0
2025.02.27,110180.0,75.0,110245.0,110245.0,110180.0,135.0
2025.02.26,110105.0,65.0,110145.0,110160.0,110105.0,39.0
2025.02.25,110040.0,105.0,110050.0,110075.0,110040.0,16.0
2025.02.24,109935.0,85.0,109985.0,109985.0,109920.0,260.0
2025.02.21,109850.0,30.0,109760.0,109850.0,109760.0,5.0
2025.02.20,109820.0,25.0,109765.0,109860.0,109765.0,112.0
2025.02.19,109795.0,50.0,109710.0,109810.0,109695.0,163.0
2025.02.18,109745.0,-85.0,109875.0,109875.0,109745.0,57.0
2025.02.17,109830.0,-45.0,109930.0,109930.0,109830.0,20.0
2025.02.14,109875.0,120.0,109915.0,109915.0,109820.0,53.0
2025.02.13,109755.0,20.0,109630.0,109755.0,109630.0,3.0
2025.02.12,109735.0,-105.0,109775.0,109775.0,109735.0,28.0
2025.02.11,109840.0,-20.0,109930.0,109930.0,109840.0,3.0
2025.02.10,109860.0,35.0,109835.0,109890.0,109745.0,119.0
2025.02.07,109825.0,-165.0,109955.0,109955.0,109780.0,362.0
2025.02.06,109990.0,175.0,110080.0,110080.0,109990.0,4.0
2025.02.05,109815.0,-55.0,109840.0,109880.0,109815.0,4.0
2025.02.04,109870.0,25.0,109835.0,109870.0,109835.0,10.0
2025.02.03,109845.0,40.0,109845.0,109925.0,109765.0,5.0
2025.01.31,109805.0,-30.0,109970.0,109970.0,109805.0,17.0
2025.01.24,109835.0,-35.0,109890.0,109890.0,109825.0,135.0
2025.01.23,109870.0,30.0,109880.0,109910.0,109870.0,108.0
2025.01.22,109840.0,-5.0,109815.0,109840.0,109800.0,5.0
2025.01.21,109845.0,145.0,109875.0,109930.0,109845.0,27.0
2025.01.20,109700.0,-95.0,109740.0,109755.0,109700.0,6.0
2025.01.17,109795.0,195.0,109745.0,109850.0,109745.0,658.0
2025.01.16,109600.0,190.0,109575.0,109640.0,109505.0,31.0
2025.01.15,109410.0,-80.0,109465.0,109465.0,109395.0,23.0
2025.01.14,109490.0,100.0,109480.0,109490.0,109400.0,4.0
2025.01.13,109390.0,-300.0,109465.0,109465.0,109375.0,450.0
2025.01.10,109690.0,-215.0,109820.0,109820.0,109690.0,313.0
2025.01.09,109905.0,160.0,109800.0,110010.0,109800.0,20.0
2025.01.08,109745.0,50.0,109590.0,109745.0,109590.0,5.0
2025.01.07,109695.0,110.0,109540.0,109695.0,109540.0,18.0
2025.01.06,109585.0,-70.0,109610.0,109665.0,109585.0,99.0
2025.01.03,109655.0,200.0,109590.0,109775.0,109575.0,29.0
2025.01.02,109455.0,390.0,109365.0,109550.0,109365.0,54.0
2024.12.30,109065.0,80.0,108945.0,109065.0,108935.0,15.0
2024.12.27,108985.0,20.0,108915.0,108985.0,108755.0,9.0
2024.12.26,108965.0,-15.0,108990.0,109005.0,108885.0,14.0
2024.12.24,108980.0,-175.0,109110.0,109110.0,108980.0,14.0
2024.12.23,109155.0,50.0,109140.0,109260.0,109140.0,49.0
2024.12.20,109105.0,-120.0,109250.0,109250.0,109055.0,6.0
2024.12.19,109225.0,-370.0,109355.0,109355.0,109180.0,50.0
2024.12.18,109595.0,260.0,109235.0,109595.0,109185.0,9.0
2024.12.17,109335.0,-335.0,109590.0,109615.0,109335.0,88.0
2024.12.16,109670.0,-65.0,109630.0,109715.0,109630.0,41.0
2024.12.13,109735.0,85.0,109610.0,109735.0,109610.0,6.0
2024.12.12,109650.0,-105.0,109735.0,109735.0,109650.0,13.0
2024.12.11,109755.0,-85.0,109930.0,109930.0,109755.0,38.0
2024.12.10,109840.0,75.0,109770.0,109895.0,109760.0,6.0
2024.12.09,109765.0,170.0,109565.0,109765.0,109565.0,504.0
2024.12.06,109595.0,-50.0,109735.0,109765.0,109595.0,157.0
2024.12.05,109645.0,0.0,109715.0,109715.0,109565.0,5.0
2024.12.04,109645.0,-170.0,109665.0,109755.0,109645.0,171.0
2024.12.03,109815.0,45.0,109905.0,109985.0,109815.0,3.0
2024.12.02,109770.0,175.0,109660.0,109790.0,109660.0,284.0
2024.11.29,109595.0,255.0,109440.0,109595.0,109440.0,36.0
2024.11.28,109340.0,405.0,109035.0,109345.0,109035.0,33.0
2024.11.27,108935.0,105.0,108910.0,108935.0,108910.0,3.0
2024.11.26,108830.0,105.0,108865.0,108865.0,108830.0,4.0
2024.11.25,108725.0,175.0,108725.0,108725.0,108725.0,2.0
2024.11.22,108550.0,45.0,108455.0,108575.0,108455.0,13.0
2024.11.21,108505.0,210.0,108325.0,108505.0,108325.0,41.0
2024.11.20,108295.0,85.0,108225.0,108300.0,108225.0,11.0
2024.11.19,108210.0,155.0,108160.0,108220.0,108150.0,83.0
2024.11.18,108055.0,90.0,108025.0,108055.0,108025.0,17.0
2024.11.15,107965.0,-10.0,107965.0,107995.0,107960.0,14.0
2024.11.14,107975.0,0.0,107915.0,107975.0,107915.0,12.0
2024.11.13,107975.0,-185.0,108040.0,108050.0,107975.0,1048.0
2024.11.12,108160.0,45.0,108210.0,108230.0,108160.0,134.0
2024.11.11,108115.0,5.0,108075.0,108115.0,108075.0,16.0
2024.11.08,108110.0,185.0,108085.0,108115.0,108075.0,105.0
2024.11.07,107925.0,190.0,107815.0,107925.0,107800.0,64.0
2024.11.06,107735.0,-180.0,108025.0,108025.0,107670.0,9.0
2024.11.05,107915.0,75.0,107880.0,107915.0,107880.0,26.0
2024.11.04,107840.0,-40.0,107850.0,107850.0,107825.0,22.0
2024.11.01,107880.0,85.0,107790.0,107890.0,107790.0,6.0
2024.10.31,107795.0,50.0,107685.0,107795.0,107685.0,16.0
2024.10.30,107745.0,30.0,107770.0,107770.0,107740.0,5.0
2024.10.29,107715.0,-50.0,107795.0,107795.0,107700.0,383.0
2024.10.28,107765.0,-210.0,107780.0,107780.0,107745.0,5.0
2024.10.25,107975.0,45.0,107940.0,107975.0,107940.0,14.0
2024.10.24,107930.0,325.0,107880.0,107945.0,107880.0,7.0
2024.10.23,107605.0,-65.0,107615.0,107615.0,107500.0,180.0
2024.10.22,107670.0,-185.0,107590.0,107710.0,107590.0,63.0
2024.10.21,107855.0,10.0,107800.0,107865.0,107800.0,11.0
2024.10.18,107845.0,-125.0,107845.0,107865.0,107845.0,49.0
2024.10.17,107970.0,-5.0,108090.0,108090.0,107970.0,16.0
2024.10.16,107975.0,200.0,107925.0,107975.0,107925.0,25.0
2024.10.15,107775.0,155.0,107730.0,107775.0,107720.0,108.0
2024.10.14,107620.0,25.0,107660.0,107660.0,107610.0,25.0
2024.10.11,107595.0,45.0,107595.0,107740.0,107595.0,37.0
2024.10.10,107550.0,35.0,107585.0,107650.0,107550.0,21.0
2024.10.08,107515.0,-50.0,107480.0,107515.0,107425.0,216.0
2024.10.07,107565.0,-450.0,107640.0,107655.0,107565.0,8.0
2024.10.04,108015.0,-235.0,108055.0,108055.0,108015.0,56.0
2024.10.02,108250.0,225.0,108225.0,108250.0,108220.0,37.0
2024.09.30,108025.0,20.0,108125.0,108125.0,108020.0,143.0
2024.09.27,108005.0,-40.0,107985.0,108005.0,107985.0,24.0
2024.09.26,108045.0,-55.0,108065.0,108075.0,108040.0,17.0
2024.09.25,108100.0,225.0,107925.0,108100.0,107925.0,3.0
2024.09.24,107875.0,30.0,107900.0,107925.0,107875.0,11.0
2024.09.23,107845.0,-240.0,107910.0,107910.0,107845.0,6.0
2024.09.20,108085.0,115.0,108045.0,108085.0,108045.0,119.0
2024.09.19,107970.0,-60.0,108005.0,108005.0,107895.0,145.0
2024.09.13,108030.0,170.0,107910.0,108030.0,107910.0,107.0
2024.09.12,107860.0,-55.0,107895.0,107895.0,107795.0,176.0
2024.09.11,107915.0,135.0,107845.0,107915.0,107845.0,49.0
2024.09.10,107780.0,95.0,107745.0,107780.0,107720.0,62.0
2024.09.09,107685.0,-10.0,107775.0,107775.0,107685.0,132.0
2024.09.06,107695.0,70.0,107760.0,107760.0,107615.0,65.0
2024.09.05,107625.0,210.0,107690.0,107690.0,107600.0,47.0
2024.09.04,107415.0,250.0,107275.0,107415.0,107275.0,80.0
2024.09.03,107165.0,-80.0,107190.0,107245.0,107165.0,138.0
2024.09.02,107245.0,-200.0,107285.0,107285.0,107235.0,65.0
2024.08.30,107445.0,40.0,107380.0,107445.0,107380.0,29.0
2024.08.29,107405.0,-80.0,107500.0,107500.0,107405.0,11.0
2024.08.28,107485.0,100.0,107435.0,107485.0,107400.0,5.0
2024.08.27,107385.0,-300.0,107620.0,107620.0,107385.0,13.0
2024.08.26,107685.0,110.0,107705.0,107715.0,107665.0,133.0
2024.08.23,107575.0,-65.0,107580.0,107585.0,107575.0,4.0
2024.08.22,107640.0,110.0,107570.0,107670.0,107570.0,33.0
2024.08.21,107530.0,10.0,107700.0,107700.0,107530.0,119.0
2024.08.20,107520.0,-35.0,107540.0,107560.0,107520.0,4.0
2024.08.19,107555.0,0.0,107495.0,107555.0,107495.0,13.0
2024.08.16,107555.0,-170.0,107525.0,107600.0,107525.0,4.0
2024.08.14,107725.0,175.0,107735.0,107735.0,107695.0,31.0
2024.08.13,107550.0,125.0,107570.0,107570.0,107505.0,154.0
2024.08.12,107425.0,10.0,107410.0,107425.0,107385.0,24.0
2024.08.09,107415.0,-135.0,107445.0,107445.0,107390.0,5.0
2024.08.08,107550.0,120.0,107525.0,107550.0,107500.0,5.0
2024.08.07,107430.0,-125.0,107435.0,107435.0,107330.0,69.0
2024.08.06,107555.0,-495.0,107630.0,107635.0,107555.0,35.0
2024.08.05,108050.0,670.0,107870.0,108050.0,107670.0,3209.0
2024.08.02,107380.0,115.0,107450.0,107490.0,107370.0,40.0
2024.08.01,107265.0,210.0,107235.0,107345.0,107235.0,202.0
2024.07.31,107055.0,-75.0,107110.0,107110.0,107025.0,14.0
2024.07.30,107130.0,30.0,107200.0,107200.0,107130.0,13.0
2024.07.29,107100.0,185.0,107010.0,107115.0,107010.0,3.0
2024.07.26,106915.0,60.0,106845.0,106915.0,106830.0,10.0
2024.07.25,106855.0,120.0,106785.0,106855.0,106785.0,34.0
2024.07.24,106735.0,135.0,106600.0,106735.0,106600.0,3.0
2024.07.23,106600.0,5.0,106620.0,106630.0,106600.0,5.0
2024.07.22,106595.0,-35.0,106560.0,106595.0,106540.0,46.0
2024.07.19,106630.0,-45.0,106665.0,106675.0,106610.0,143.0
2024.07.18,106675.0,-40.0,106725.0,106725.0,106670.0,5.0
2024.07.17,106715.0,-25.0,106700.0,106770.0,106700.0,7.0
2024.07.16,106740.0,240.0,106605.0,106745.0,106605.0,82.0
2024.07.15,106500.0,75.0,106520.0,106520.0,106490.0,3.0
2024.07.12,106425.0,220.0,106365.0,106425.0,106365.0,5.0
2024.07.11,106205.0,-160.0,106310.0,106310.0,106195.0,5.0
2024.07.10,106365.0,-35.0,106410.0,106410.0,106340.0,3192.0
2024.07.09,106400.0,75.0,106410.0,106435.0,106400.0,3.0
2024.07.08,106325.0,85.0,106365.0,106365.0,106315.0,142.0
2024.07.05,106240.0,30.0,106235.0,106250.0,106235.0,8.0
2024.07.04,106210.0,140.0,106180.0,106210.0,106180.0,90.0
2024.07.03,106070.0,100.0,106035.0,106070.0,106010.0,77.0
2024.07.02,105970.0,155.0,105815.0,105970.0,105815.0,3.0
2024.07.01,105815.0,-100.0,105760.0,105815.0,105760.0,45.0
2024.06.28,105915.0,100.0,105890.0,105915.0,105840.0,135.0
2024.06.27,105815.0,5.0,105780.0,105815.0,105780.0,4.0
2024.06.26,105810.0,-120.0,105885.0,105885.0,105810.0,111.0
2024.06.25,105930.0,-5.0,105930.0,105930.0,105930.0,6.0
2024.06.24,105935.0,-30.0,105995.0,106000.0,105935.0,196.0
2024.06.21,105965.0,50.0,105885.0,105975.0,105885.0,130.0
2024.06.20,105915.0,-25.0,106020.0,106020.0,105910.0,166.0
2024.06.19,105940.0,215.0,105865.0,105940.0,105865.0,8.0
2024.06.18,105725.0,-5.0,105730.0,105790.0,105725.0,4.0
2024.06.17,105730.0,155.0,105615.0,105745.0,105615.0,35.0
2024.06.14,105575.0,150.0,105525.0,105575.0,105525.0,13.0
2024.06.13,105425.0,190.0,105450.0,105450.0,105425.0,3.0
2024.06.12,105235.0,170.0,105200.0,105235.0,105175.0,8.0
2024.06.11,105065.0,5.0,105095.0,105095.0,105050.0,110.0
2024.06.10,105060.0,-200.0,105020.0,105065.0,105020.0,212.0
2024.06.07,105260.0,180.0,105200.0,105260.0,105190.0,24.0
2024.06.05,105080.0,210.0,105010.0,105085.0,105010.0,96.0
2024.06.04,104870.0,230.0,104870.0,104870.0,104870.0,32.0
2024.06.03,104640.0,120.0,104590.0,104650.0,104585.0,105.0
2024.05.31,104520.0,-30.0,104585.0,104600.0,104520.0,56.0
2024.05.30,104550.0,-55.0,104515.0,104550.0,104465.0,86.0
2024.05.29,104605.0,-190.0,104645.0,104645.0,104605.0,646.0
2024.05.28,104795.0,100.0,104705.0,104795.0,104705.0,25.0
2024.05.27,104695.0,55.0,104705.0,104705.0,104690.0,29.0
2024.05.24,104640.0,-90.0,104660.0,104670.0,104640.0,116.0
2024.05.23,104730.0,65.0,104675.0,104755.0,104665.0,20.0
2024.05.22,104665.0,10.0,104705.0,104735.0,104665.0,227.0
2024.05.21,104655.0,15.0,104595.0,104655.0,104595.0,3.0
2024.05.20,104640.0,-105.0,104655.0,104695.0,104640.0,45.0
2024.05.17,104745.0,50.0,104755.0,104795.0,104730.0,19.0
2024.05.16,104695.0,300.0,104700.0,104705.0,104695.0,3.0
2024.05.14,104395.0,40.0,104345.0,104395.0,104345.0,57.0
2024.05.13,104355.0,-20.0,104360.0,104365.0,104355.0,6.0
2024.05.10,104375.0,45.0,104405.0,104420.0,104375.0,6.0
2024.05.09,104330.0,-30.0,104350.0,104365.0,104330.0,11.0
2024.05.08,104360.0,90.0,104385.0,104385.0,104330.0,11.0
2024.05.07,104270.0,235.0,104225.0,104270.0,104225.0,4.0
2024.05.03,104035.0,90.0,104060.0,104060.0,104030.0,3.0
2024.05.02,103945.0,125.0,103970.0,103970.0,103885.0,5.0
2024.04.30,103820.0,240.0,103780.0,103840.0,103780.0,9.0
2024.04.29,103580.0,-45.0,103660.0,103660.0,103575.0,9.0
2024.04.26,103625.0,15.0,103475.0,103625.0,103470.0,21.0
2024.04.25,103610.0,-175.0,103605.0,103645.0,103605.0,257.0
2024.04.24,103785.0,-65.0,103890.0,103890.0,103785.0,117.0
2024.04.23,103850.0,80.0,103810.0,103850.0,103810.0,38.0
2024.04.22,103770.0,-305.0,103810.0,103825.0,103715.0,34.0
2024.04.19,104075.0,-55.0,104075.0,104075.0,104075.0,10.0
2024.04.18,104130.0,315.0,104005.0,104130.0,104005.0,35.0
2024.04.17,103815.0,-110.0,103820.0,103925.0,103815.0,121.0
2024.04.16,103925.0,-150.0,104010.0,104010.0,103890.0,51.0
2024.04.15,104075.0,15.0,104145.0,104145.0,104075.0,275.0
2024.04.12,104060.0,65.0,104020.0,104085.0,104020.0,29.0
2024.04.11,103995.0,-245.0,103910.0,103995.0,103865.0,19.0
2024.04.09,104240.0,-95.0,104320.0,104320.0,104240.0,639.0
2024.04.08,104335.0,-155.0,104310.0,104340.0,104300.0,36.0
2024.04.05,104490.0,40.0,104545.0,104545.0,104490.0,134.0
2024.04.04,104450.0,55.0,104480.0,104480.0,104435.0,23.0
2024.04.03,104395.0,-80.0,104420.0,104430.0,104395.0,9.0
2024.04.02,104475.0,-90.0,104470.0,104525.0,104470.0,40.0
2024.04.01,104565.0,65.0,104515.0,104565.0,104470.0,233.0
2024.03.29,104500.0,-60.0,104510.0,104510.0,104465.0,25.0
2024.03.28,104560.0,-5.0,104570.0,104570.0,104545.0,87.0
2024.03.27,104565.0,80.0,104495.0,104570.0,104485.0,15.0
2024.03.26,104485.0,-35.0,104465.0,104535.0,104465.0,130.0
2024.03.25,104520.0,-5.0,104645.0,104645.0,104520.0,105.0
2024.03.22,104525.0,185.0,104400.0,104525.0,104390.0,22.0
2024.03.21,104340.0,260.0,104415.0,104415.0,104340.0,4.0
2024.03.20,104080.0,-10.0,104105.0,104115.0,104080.0,109.0
2024.03.19,104090.0,-125.0,104170.0,104170.0,104080.0,4.0
2024.03.18,104215.0,-160.0,104275.0,104275.0,104205.0,8.0
2024.03.15,104375.0,-160.0,104320.0,104375.0,104320.0,128.0
2024.03.14,104535.0,-30.0,104535.0,104565.0,104520.0,11.0
2024.03.13,104565.0,80.0,104460.0,104565.0,104460.0,206.0
2024.03.12,104485.0,-55.0,104510.0,104510.0,104450.0,57.0
2024.03.11,104540.0,65.0,104520.0,104570.0,104520.0,915.0
2024.03.08,104475.0,170.0,104390.0,104485.0,104390.0,321.0
2024.03.07,104305.0,50.0,104365.0,104365.0,104270.0,185.0
2024.03.06,104255.0,110.0,104210.0,104280.0,104210.0,5.0
2024.03.05,104145.0,105.0,104105.0,104145.0,104105.0,28.0
2024.03.04,104040.0,65.0,104110.0,104110.0,104040.0,27.0
2024.02.29,103975.0,-70.0,104060.0,104060.0,103960.0,14.0
2024.02.28,104045.0,15.0,104020.0,104055.0,104020.0,105.0
2024.02.27,104030.0,-20.0,104055.0,104085.0,104030.0,296.0
2024.02.26,104050.0,115.0,103990.0,104060.0,103990.0,126.0
2024.02.23,103935.0,-45.0,104030.0,104030.0,103935.0,32.0
2024.02.22,103980.0,190.0,103725.0,104035.0,103720.0,13.0
2024.02.21,103790.0,35.0,103755.0,103795.0,103740.0,116.0
2024.02.20,103755.0,-15.0,103740.0,103800.0,103740.0,41.0
2024.02.19,103770.0,40.0,103740.0,103770.0,103715.0,16.0
2024.02.16,103730.0,-50.0,103725.0,103760.0,103675.0,107.0
2024.02.15,103780.0,170.0,103790.0,103840.0,103780.0,108.0
2024.02.14,103610.0,-315.0,103570.0,103655.0,103495.0,58.0
2024.02.13,103925.0,-180.0,103980.0,103980.0,103905.0,21.0
2024.02.08,104105.0,-85.0,104130.0,104130.0,104105.0,233.0
2024.02.07,104190.0,65.0,104175.0,104190.0,104175.0,7.0
2024.02.06,104125.0,20.0,103950.0,104125.0,103950.0,28.0
2024.02.05,104105.0,-240.0,104110.0,104130.0,104070.0,64.0
2024.02.02,104345.0,70.0,104300.0,104370.0,104300.0,82.0
2024.02.01,104275.0,90.0,104345.0,104345.0,104265.0,109.0
2024.01.31,104185.0,110.0,104075.0,104185.0,104075.0,5.0
2024.01.30,104075.0,180.0,104040.0,104075.0,104020.0,12.0
2024.01.29,103895.0,-145.0,103900.0,103910.0,103895.0,13.0
2024.01.26,104040.0,160.0,104065.0,104065.0,104010.0,5.0
2024.01.25,103880.0,-55.0,103795.0,103880.0,103795.0,3.0
2024.01.24,103935.0,-35.0,103910.0,103935.0,103895.0,5.0
2024.01.23,103970.0,-25.0,103975.0,104000.0,103960.0,5.0
2024.01.22,103995.0,150.0,103920.0,103995.0,103920.0,13.0
2024.01.19,103845.0,-105.0,103865.0,103865.0,103805.0,108.0
2024.01.18,103950.0,-40.0,103815.0,103950.0,103815.0,4.0
2024.01.17,103990.0,-195.0,104005.0,104020.0,103990.0,9.0
2024.01.16,104185.0,-170.0,104220.0,104220.0,104130.0,76.0
2024.01.15,104355.0,125.0,104360.0,104370.0,104320.0,115.0
2024.01.12,104230.0,120.0,104360.0,104360.0,104230.0,4.0
2024.01.11,104110.0,125.0,104050.0,104130.0,104050.0,258.0
2024.01.10,103985.0,-10.0,104105.0,104105.0,103955.0,10.0
2024.01.09,103995.0,120.0,104040.0,104050.0,103995.0,34.0
2024.01.08,103875.0,-60.0,103935.0,103935.0,103785.0,48.0
2024.01.05,103935.0,-75.0,103870.0,103935.0,103870.0,17.0
2024.01.04,104010.0,105.0,103930.0,104015.0,103930.0,121.0
2024.01.03,103905.0,-230.0,104030.0,104055.0,103840.0,74.0
2024.01.02,104135.0,-300.0,104435.0,104435.0,104135.0,138.0
2023.12.28,104435.0,270.0,104325.0,104435.0,104325.0,17.0
2023.12.27,104165.0,110.0,104160.0,104195.0,104145.0,31014.0
2023.12.26,104055.0,100.0,104025.0,104055.0,103995.0,17.0
2023.12.22,103955.0,-85.0,104110.0,104110.0,103900.0,441.0
2023.12.21,104040.0,75.0,104075.0,104130.0,104040.0,166.0
2023.12.20,103965.0,270.0,103775.0,103965.0,103750.0,5009.0
2023.12.19,103695.0,-50.0,103670.0,103695.0,103670.0,3.0
2023.12.18,103745.0,60.0,103700.0,103785.0,103665.0,725.0
2023.12.15,103685.0,5.0,103680.0,103770.0,103680.0,450.0
2023.12.14,103680.0,785.0,103770.0,103805.0,103610.0,46.0
2023.12.13,102895.0,-20.0,102935.0,103000.0,102895.0,3.0
2023.12.12,102915.0,90.0,102910.0,102935.0,102860.0,11.0
2023.12.11,102825.0,-135.0,102770.0,102845.0,102770.0,19.0
2023.12.08,102960.0,160.0,102890.0,102960.0,102850.0,41.0
2023.12.07,102800.0,-195.0,103065.0,103065.0,102775.0,10.0
2023.12.06,102995.0,295.0,102965.0,102995.0,102920.0,29.0
2023.12.05,102700.0,130.0,102620.0,102700.0,102615.0,4.0
2023.12.04,102570.0,225.0,102590.0,102590.0,102540.0,13.0
2023.12.01,102345.0,-25.0,102380.0,102380.0,102310.0,7.0
2023.11.30,102370.0,-55.0,102550.0,102550.0,102370.0,243.0
2023.11.29,102425.0,335.0,102345.0,102425.0,102310.0,7.0
2023.11.28,102090.0,225.0,102100.0,102105.0,102075.0,125.0
2023.11.27,101865.0,-115.0,101790.0,101865.0,101755.0,27.0
2023.11.24,101980.0,-40.0,102050.0,102050.0,101970.0,104.0
2023.11.23,102020.0,35.0,101960.0,102020.0,101935.0,7.0
2023.11.22,101985.0,-5.0,102065.0,102065.0,101985.0,9.0
2023.11.21,101990.0,90.0,101990.0,102080.0,101990.0,10.0
2023.11.20,101900.0,20.0,101885.0,101930.0,101885.0,6.0
2023.11.17,101880.0,70.0,101905.0,102020.0,101880.0,117.0
2023.11.16,101810.0,260.0,101640.0,101810.0,101640.0,14.0
2023.11.15,101550.0,525.0,101505.0,101555.0,101485.0,56.0
2023.11.14,101025.0,100.0,100960.0,101025.0,100960.0,62.0
2023.11.13,100925.0,-75.0,100970.0,100970.0,100925.0,23.0
2023.11.10,101000.0,55.0,101010.0,101015.0,100965.0,4.0
2023.11.09,100945.0,60.0,100920.0,101065.0,100920.0,16.0
2023.11.08,100885.0,170.0,100955.0,100955.0,100885.0,3.0
2023.11.07,100715.0,-20.0,100680.0,100715.0,100680.0,8.0
2023.11.06,100735.0,355.0,100750.0,100750.0,100725.0,8.0
2023.11.03,100380.0,150.0,100320.0,100380.0,100320.0,3.0
2023.11.02,100230.0,540.0,100050.0,100280.0,100050.0,3.0
2023.11.01,99690.0,0.0,99620.0,99690.0,99585.0,10.0
2023.10.31,99690.0,55.0,99585.0,99690.0,99585.0,4.0
2023.10.30,99635.0,-95.0,99730.0,99740.0,99635.0,13.0
2023.10.27,99730.0,140.0,99630.0,99730.0,99630.0,3.0
2023.10.26,99590.0,-240.0,99620.0,99655.0,99590.0,72.0
2023.10.25,99830.0,65.0,99875.0,99875.0,99765.0,5.0
2023.10.24,99765.0,225.0,99675.0,99765.0,99675.0,6.0
2023.10.23,99540.0,-130.0,99650.0,99650.0,99540.0,5.0
2023.10.20,99670.0,135.0,99590.0,99715.0,99590.0,3.0
2023.10.19,99535.0,-255.0,99705.0,99705.0,99535.0,85.0
2023.10.18,99790.0,-180.0,99840.0,99840.0,99740.0,3.0
2023.10.17,99970.0,-145.0,100110.0,100110.0,99970.0,3.0
2023.10.16,100115.0,-50.0,100195.0,100195.0,100115.0,3.0
2023.10.13,100165.0,-140.0,100225.0,100225.0,100100.0,52.0
2023.10.12,100305.0,260.0,100305.0,100305.0,100290.0,13.0
2023.10.11,100045.0,95.0,100005.0,100100.0,100005.0,3.0
2023.10.10,99950.0,160.0,100035.0,100035.0,99950.0,7.0
2023.10.06,99790.0,120.0,99630.0,99795.0,99630.0,15.0
2023.10.05,99670.0,120.0,99545.0,99810.0,99545.0,7.0
2023.10.04,99550.0,-845.0,100510.0,100510.0,99550.0,134.0
2023.09.27,100395.0,75.0,100445.0,100445.0,100380.0,58.0
2023.09.26,100320.0,-90.0,100280.0,100320.0,100265.0,3.0
2023.09.25,100410.0,130.0,100490.0,100490.0,100410.0,143.0
2023.09.22,100280.0,100.0,100135.0,100280.0,100135.0,3.0
2023.09.21,100180.0,-120.0,100165.0,100180.0,100150.0,4.0
2023.09.20,100300.0,-25.0,100275.0,100300.0,100220.0,31.0
2023.09.19,100325.0,-5.0,100360.0,100390.0,100325.0,29.0
2023.09.18,100330.0,-205.0,100465.0,100465.0,100315.0,15.0
2023.09.15,100535.0,-70.0,100525.0,100560.0,100525.0,3.0
2023.09.14,100605.0,320.0,100490.0,100605.0,100490.0,3.0
2023.09.13,100285.0,-115.0,100270.0,100285.0,100255.0,3.0
2023.09.12,100400.0,15.0,100410.0,100410.0,100355.0,6.0
2023.09.11,100385.0,-285.0,100505.0,100505.0,100375.0,3.0
2023.09.08,100670.0,305.0,100630.0,100670.0,100600.0,13.0
2023.09.07,100365.0,-365.0,100560.0,100560.0,100365.0,62.0
2023.09.06,100730.0,60.0,100620.0,100730.0,100610.0,103.0
2023.09.05,100670.0,-215.0,100705.0,100770.0,100670.0,4.0
2023.09.04,100885.0,-160.0,100985.0,100985.0,100885.0,102.0
2023.09.01,101045.0,105.0,100975.0,101055.0,100975.0,4.0
2023.08.31,100940.0,210.0,100900.0,100940.0,100900.0,3.0
2023.08.30,100730.0,-60.0,100880.0,100880.0,100730.0,22.0
2023.08.29,100790.0,180.0,100770.0,100790.0,100720.0,93.0
2023.08.28,100610.0,120.0,100460.0,100610.0,100450.0,133.0
2023.08.25,100490.0,-140.0,100575.0,100575.0,100490.0,3.0
2023.08.24,100630.0,180.0,100680.0,100680.0,100625.0,55.0
2023.08.23,100450.0,140.0,100380.0,100450.0,100380.0,151.0
2023.08.22,100310.0,-30.0,100200.0,100310.0,100200.0,4.0
2023.08.21,100340.0,-165.0,100520.0,100520.0,100340.0,222.0
2023.08.18,100505.0,50.0,100335.0,100505.0,100335.0,86.0
2023.08.17,100455.0,-160.0,100530.0,100530.0,100455.0,24.0
2023.08.16,100615.0,20.0,100525.0,100625.0,100525.0,58.0
2023.08.14,100595.0,-205.0,100680.0,100680.0,100595.0,3.0
2023.08.11,100800.0,-50.0,100765.0,100800.0,100735.0,4.0
2023.08.10,100850.0,-135.0,100895.0,100895.0,100850.0,34.0
2023.08.09,100985.0,10.0,101070.0,101070.0,100985.0,14.0
2023.08.08,100975.0,160.0,100930.0,100975.0,100930.0,75.0
2023.08.07,100815.0,270.0,100785.0,100880.0,100785.0,38.0
2023.08.04,100545.0,-120.0,100650.0,100650.0,100545.0,14.0
2023.08.03,100665.0,-85.0,100750.0,100775.0,100665.0,8.0
2023.08.02,100750.0,-185.0,100910.0,100910.0,100750.0,8.0
2023.08.01,100935.0,50.0,100925.0,100955.0,100915.0,80.0
2023.07.31,100885.0,-100.0,100955.0,100955.0,100870.0,7.0
2023.07.28,100985.0,-315.0,109800.0,109800.0,100985.0,164.0
2023.07.27,101300.0,305.0,101200.0,101300.0,101200.0,21.0
2023.07.26,100995.0,-35.0,101015.0,101015.0,100920.0,22.0
2023.07.25,101030.0,-95.0,101095.0,101185.0,101030.0,10.0
2023.07.24,101125.0,5.0,101155.0,101210.0,101105.0,5.0
2023.07.21,101120.0,-130.0,101200.0,101200.0,101075.0,4.0
2023.07.20,101250.0,-70.0,101310.0,101310.0,101200.0,6.0
2023.07.19,101320.0,250.0,101135.0,101320.0,101135.0,48.0
2023.07.18,101070.0,40.0,100965.0,101080.0,100965.0,3.0
2023.07.17,101030.0,15.0,100935.0,101030.0,100935.0,9.0
2023.07.14,101015.0,-10.0,101035.0,101120.0,101015.0,57.0
2023.07.13,101025.0,545.0,100905.0,101025.0,100860.0,5.0
2023.07.12,100480.0,5.0,100485.0,100485.0,100445.0,16.0
2023.07.11,100475.0,290.0,100280.0,100475.0,100280.0,8.0
2023.07.10,100185.0,-275.0,100425.0,100425.0,100185.0,62.0
2023.07.07,100460.0,-220.0,100475.0,100490.0,100360.0,23.0
2023.07.06,100680.0,-260.0,100780.0,100780.0,100680.0,49.0
2023.07.05,100940.0,-140.0,101120.0,101120.0,100935.0,11.0
2023.07.04,101080.0,180.0,101095.0,101175.0,100955.0,24.0
2023.07.03,100900.0,265.0,100665.0,100900.0,100665.0,5.0
2023.06.30,100635.0,-420.0,100750.0,100750.0,100560.0,46.0
2023.06.29,101055.0,45.0,101150.0,101210.0,101055.0,84.0
2023.06.28,101010.0,-60.0,100985.0,101100.0,100985.0,14.0
2023.06.27,101070.0,125.0,101145.0,101165.0,101060.0,12.0
2023.06.26,100945.0,95.0,100860.0,100945.0,100860.0,5.0
2023.06.23,100850.0,-25.0,100810.0,100850.0,100810.0,17.0
2023.06.22,100875.0,-100.0,101005.0,101040.0,100855.0,18.0
2023.06.21,100975.0,140.0,100980.0,101005.0,100955.0,4.0
2023.06.20,100835.0,80.0,100660.0,100835.0,100660.0,89.0
2023.06.19,100755.0,-20.0,100800.0,100800.0,100700.0,77.0
2023.06.16,100775.0,95.0,100845.0,100845.0,100770.0,49.0
2023.06.15,100680.0,-235.0,101100.0,101100.0,100680.0,14.0
2023.06.14,100915.0,-345.0,101130.0,101130.0,100865.0,13.0
2023.06.13,101260.0,120.0,101290.0,101330.0,101230.0,99.0
2023.06.12,101140.0,-70.0,101080.0,101170.0,101080.0,106.0
2023.06.09,101210.0,150.0,101220.0,101235.0,101210.0,3.0
2023.06.08,101060.0,-360.0,101080.0,101145.0,101055.0,17.0
2023.06.07,101420.0,195.0,101300.0,101420.0,101230.0,44.0
2023.06.05,101225.0,-310.0,101535.0,101535.0,101225.0,22.0
2023.06.02,101535.0,300.0,101515.0,101535.0,101390.0,51.0
2023.06.01,101235.0,0.0,101370.0,101370.0,101230.0,79.0
2023.05.31,101235.0,475.0,101005.0,101235.0,101005.0,38.0
2023.05.30,100760.0,-55.0,100850.0,100850.0,100760.0,15.0
2023.05.26,100815.0,-300.0,100760.0,100815.0,100750.0,62.0
2023.05.25,101115.0,-375.0,101375.0,101375.0,101060.0,35.0
2023.05.24,101490.0,-95.0,101505.0,101595.0,101490.0,12.0
2023.05.23,101585.0,-165.0,101715.0,101715.0,101565.0,42.0
2023.05.22,101750.0,100.0,101705.0,101750.0,101705.0,5.0
2023.05.19,101650.0,-150.0,101645.0,101650.0,101630.0,12.0
2023.05.18,101800.0,-305.0,102025.0,102025.0,101800.0,5.0
2023.05.17,102105.0,40.0,102085.0,102105.0,102085.0,9.0
2023.05.16,102065.0,100.0,101960.0,102065.0,101960.0,50.0
2023.05.15,101965.0,-235.0,102205.0,102205.0,101965.0,19.0
2023.05.12,102200.0,60.0,102165.0,102300.0,102165.0,9.0
2023.05.11,102140.0,225.0,102210.0,102210.0,102095.0,14.0
2023.05.10,101915.0,-95.0,101965.0,101965.0,101915.0,135.0
2023.05.09,102010.0,-85.0,102025.0,102025.0,101835.0,6.0
2023.05.08,102095.0,-85.0,101980.0,102095.0,101980.0,59.0
2023.05.04,102180.0,425.0,101950.0,102180.0,101950.0,37.0
2023.05.03,101755.0,245.0,101775.0,101775.0,101755.0,264.0
2023.05.02,101510.0,-185.0,101635.0,101635.0,101490.0,676.0
2023.04.28,101695.0,-115.0,101635.0,101695.0,101570.0,546.0
2023.04.27,101810.0,-70.0,101835.0,101865.0,101735.0,126.0
2023.04.26,101880.0,130.0,101750.0,101915.0,101750.0,517.0
2023.04.25,101750.0,-15.0,101800.0,101805.0,101750.0,31.0
2023.04.24,101765.0,100.0,101745.0,101825.0,101640.0,25.0
2023.04.21,101665.0,215.0,101405.0,101665.0,101405.0,109.0
2023.04.20,101450.0,0.0,101540.0,101540.0,101450.0,21.0
2023.04.19,101450.0,-145.0,101450.0,101550.0,101450.0,31.0
2023.04.18,101595.0,35.0,101590.0,101625.0,101550.0,16.0
2023.04.17,101560.0,-370.0,101825.0,101825.0,101560.0,40.0
2023.04.14,101930.0,5.0,101855.0,101930.0,101805.0,64.0
2023.04.13,101925.0,60.0,101730.0,101925.0,101730.0,49.0
2023.04.12,101865.0,40.0,101975.0,101975.0,101785.0,33.0
2023.04.11,101825.0,-70.0,102005.0,102070.0,101825.0,747.0
2023.04.10,101895.0,180.0,103995.0,103995.0,101670.0,20.0
2023.04.07,101715.0,-125.0,101750.0,101755.0,101640.0,63.0
2023.04.06,101840.0,265.0,101645.0,101840.0,101645.0,39.0
2023.04.05,101575.0,40.0,101705.0,101785.0,101575.0,218.0
2023.04.04,101535.0,315.0,101270.0,101535.0,101270.0,64.0
2023.04.03,101220.0,-325.0,101545.0,101545.0,101220.0,186.0
2023.03.31,101545.0,180.0,101450.0,101545.0,101365.0,54.0
2023.03.30,101365.0,-190.0,101660.0,101660.0,101365.0,124.0
2023.03.29,101555.0,-25.0,101535.0,101555.0,101330.0,165.0
2023.03.28,101580.0,-85.0,101550.0,101675.0,101550.0,293.0
2023.03.27,101665.0,-170.0,101835.0,101965.0,101665.0,180.0
2023.03.24,101835.0,40.0,101795.0,101840.0,101665.0,101.0
2023.03.23,101795.0,525.0,101660.0,101795.0,101560.0,8.0
2023.03.22,101270.0,-60.0,101250.0,101270.0,101250.0,10.0
2023.03.21,101330.0,135.0,101350.0,101390.0,101330.0,53.0
2023.03.20,101195.0,285.0,100910.0,101255.0,100890.0,11.0
2023.03.17,100910.0,-10.0,103995.0,103995.0,100725.0,37.0
2023.03.16,100920.0,200.0,100650.0,101320.0,100650.0,100.0
2023.03.15,100720.0,-300.0,101020.0,101020.0,100680.0,55.0
2023.03.14,101020.0,275.0,101430.0,101435.0,100945.0,123.0
2023.03.13,100745.0,1010.0,99925.0,100745.0,99925.0,54.0
2023.03.10,99735.0,525.0,99525.0,99785.0,99525.0,51.0
2023.03.09,99210.0,-25.0,99235.0,99365.0,99210.0,11.0
2023.03.08,99235.0,-295.0,99530.0,99530.0,99110.0,68.0
2023.03.07,99530.0,240.0,99370.0,99530.0,99315.0,73.0
2023.03.06,99290.0,230.0,99400.0,99400.0,99230.0,52.0
2023.03.03,99060.0,285.0,98760.0,99060.0,98685.0,26.0
2023.03.02,98775.0,-675.0,98965.0,99030.0,98775.0,55.0
2023.02.28,99450.0,-135.0,99665.0,99665.0,99375.0,14.0
2023.02.27,99585.0,-415.0,99970.0,99970.0,99585.0,43.0
2023.02.24,100000.0,380.0,99940.0,100000.0,99920.0,108.0
2023.02.23,99620.0,20.0,99665.0,99830.0,99520.0,574.0
2023.02.22,99600.0,55.0,99455.0,99600.0,99435.0,209.0
2023.02.21,99545.0,-215.0,99570.0,99670.0,99445.0,49.0
2023.02.20,99760.0,-30.0,99840.0,99860.0,99635.0,147.0
2023.02.17,99790.0,-590.0,99980.0,99980.0,99790.0,66.0
2023.02.16,100380.0,245.0,100170.0,100380.0,100130.0,176.0
2023.02.15,100135.0,-290.0,100175.0,100240.0,100135.0,144.0
2023.02.14,100425.0,175.0,100425.0,100425.0,100360.0,12.0
2023.02.13,100250.0,-295.0,100345.0,100425.0,100250.0,122.0
2023.02.10,100545.0,-140.0,100420.0,100610.0,100295.0,18.0
2023.02.09,100685.0,-90.0,100855.0,100855.0,100600.0,48.0
2023.02.08,100775.0,10.0,100755.0,100880.0,100710.0,309.0
2023.02.07,100765.0,-130.0,100635.0,100845.0,100510.0,184.0
2023.02.06,100895.0,-685.0,101235.0,101235.0,100815.0,135.0
2023.02.03,101580.0,335.0,101270.0,101650.0,101260.0,68.0
2023.02.02,101245.0,290.0,101245.0,101245.0,101140.0,367.0
2023.02.01,100955.0,85.0,100825.0,101085.0,100825.0,354.0
2023.01.31,100870.0,0.0,101020.0,101020.0,100830.0,159.0
2023.01.30,100870.0,45.0,100785.0,100890.0,100740.0,56.0
2023.01.27,100825.0,-160.0,100935.0,100935.0,100825.0,79.0
2023.01.26,100985.0,90.0,100935.0,101060.0,100935.0,37.0
2023.01.25,100895.0,180.0,100700.0,100895.0,100700.0,421.0
2023.01.20,100715.0,-300.0,100715.0,100860.0,100715.0,30.0
2023.01.19,101015.0,495.0,100910.0,101020.0,100825.0,30.0
2023.01.18,100520.0,195.0,100245.0,100560.0,100135.0,105.0
2023.01.17,100325.0,-310.0,100475.0,100475.0,100135.0,40.0
2023.01.16,100635.0,65.0,100575.0,100635.0,100555.0,30.0
2023.01.13,100570.0,170.0,100270.0,100805.0,100270.0,322.0
2023.01.12,100400.0,390.0,100135.0,100470.0,100135.0,28.0
2023.01.11,100010.0,200.0,99835.0,100010.0,99835.0,71.0
2023.01.10,99810.0,75.0,99790.0,99865.0,99780.0,425.0
2023.01.09,99735.0,515.0,99455.0,99800.0,99455.0,47.0
2023.01.06,99220.0,-110.0,99220.0,99335.0,99220.0,83.0
2023.01.05,99330.0,20.0,99310.0,99330.0,99245.0,93.0
2023.01.04,99310.0,370.0,98970.0,99340.0,98970.0,115.0
2023.01.03,98940.0,465.0,98730.0,98940.0,98725.0,90.0
2023.01.02,98475.0,-325.0,98475.0,98635.0,98475.0,56.0
2022.12.29,98800.0,100.0,98820.0,98820.0,98665.0,202.0
2022.12.28,98700.0,-460.0,98820.0,98820.0,98700.0,4.0
2022.12.27,99160.0,-80.0,99115.0,99160.0,99030.0,386.0
2022.12.26,99240.0,-110.0,99325.0,99435.0,99240.0,57.0
2022.12.23,99350.0,-300.0,99490.0,99490.0,99340.0,35.0
2022.12.22,99650.0,370.0,99840.0,99840.0,99500.0,35.0
2022.12.21,99280.0,245.0,99065.0,99280.0,99065.0,3.0
2022.12.20,99035.0,-695.0,99620.0,99620.0,99035.0,25.0
2022.12.19,99730.0,-75.0,99765.0,99765.0,99700.0,161.0
2022.12.16,99805.0,140.0,99795.0,99840.0,99795.0,6.0
2022.12.15,99665.0,180.0,99625.0,99665.0,99575.0,32.0
2022.12.14,99485.0,385.0,99100.0,99490.0,99100.0,24.0
2022.12.13,99100.0,-130.0,99190.0,99190.0,99100.0,12.0
2022.12.12,99230.0,150.0,99110.0,99275.0,99110.0,33.0
2022.12.09,99080.0,70.0,99085.0,99085.0,99010.0,395.0
2022.12.08,99010.0,15.0,99245.0,99245.0,99010.0,87.0
2022.12.07,98995.0,-45.0,98995.0,98995.0,98935.0,3.0
2022.12.06,99040.0,125.0,99005.0,99125.0,99005.0,31.0
2022.12.05,98915.0,-90.0,98975.0,99025.0,98915.0,33.0
2022.12.02,99005.0,280.0,98975.0,99005.0,98875.0,26.0
2022.12.01,98725.0,10.0,98845.0,98845.0,98710.0,13.0
2022.11.30,98715.0,170.0,98570.0,98715.0,98570.0,213.0
2022.11.29,98545.0,-90.0,98625.0,98630.0,98475.0,64.0
2022.11.28,98635.0,-175.0,98745.0,98765.0,98585.0,27.0
2022.11.25,98810.0,225.0,98475.0,98810.0,98475.0,30.0
2022.11.24,98585.0,680.0,98285.0,98585.0,98285.0,5.0
2022.11.23,97905.0,-65.0,97925.0,97925.0,97695.0,14.0
2022.11.22,97970.0,-25.0,97915.0,98015.0,97895.0,5.0
2022.11.21,97995.0,195.0,97800.0,98035.0,97800.0,51.0
2022.11.18,97800.0,-175.0,97775.0,97800.0,97775.0,29.0
2022.11.17,97975.0,125.0,98050.0,98050.0,97895.0,15.0
2022.11.16,97850.0,-80.0,98020.0,98055.0,97850.0,56.0
2022.11.15,97930.0,270.0,97685.0,97930.0,97685.0,118.0
2022.11.14,97660.0,85.0,97660.0,97685.0,97620.0,35.0
2022.11.11,97575.0,740.0,97710.0,97780.0,97575.0,15.0
2022.11.10,96835.0,355.0,96740.0,96840.0,96725.0,1019.0
2022.11.09,96480.0,255.0,96380.0,96500.0,96380.0,20.0
2022.11.08,96225.0,150.0,96090.0,96225.0,96090.0,4.0
2022.11.07,96075.0,-485.0,96300.0,96300.0,96065.0,43.0
2022.11.04,96560.0,360.0,96280.0,96560.0,96280.0,90.0
2022.11.03,96200.0,-170.0,96265.0,96295.0,96200.0,13.0
2022.11.02,96370.0,-25.0,96460.0,96495.0,96360.0,187.0
2022.11.01,96395.0,300.0,96100.0,96565.0,96100.0,127.0
2022.10.31,96095.0,-270.0,96190.0,96190.0,96070.0,35.0
2022.10.28,96365.0,270.0,96145.0,96365.0,96145.0,14.0
2022.10.27,96095.0,235.0,96115.0,96185.0,96040.0,8.0
2022.10.26,95860.0,290.0,95600.0,95870.0,95600.0,5586.0
2022.10.25,95570.0,360.0,95140.0,95570.0,95140.0,4.0
2022.10.24,95210.0,615.0,95045.0,95230.0,95045.0,7.0
2022.10.21,94595.0,-720.0,95000.0,95000.0,94595.0,15.0
2022.10.20,95315.0,-160.0,96290.0,96290.0,95155.0,212.0
2022.10.19,95475.0,-455.0,95590.0,95590.0,95475.0,8.0
2022.10.18,95930.0,10.0,95890.0,95985.0,95780.0,4.0
2022.10.17,95920.0,-205.0,95860.0,95920.0,95775.0,15.0
2022.10.14,96125.0,-60.0,95765.0,96145.0,95765.0,6.0
2022.10.13,96185.0,-260.0,96450.0,96450.0,96115.0,13.0
2022.10.12,96445.0,885.0,95745.0,96595.0,95700.0,14.0
2022.10.11,95560.0,-510.0,95720.0,95800.0,95560.0,9.0
2022.10.07,96070.0,-370.0,96070.0,96135.0,96070.0,56.0
2022.10.06,96440.0,-125.0,96160.0,96480.0,96160.0,5585.0
2022.10.05,96565.0,-200.0,97030.0,97065.0,96565.0,285.0
2022.10.04,96765.0,825.0,96525.0,96765.0,96430.0,23.0
2022.09.30,95940.0,485.0,96050.0,96050.0,95885.0,26.0
2022.09.29,95455.0,-125.0,95990.0,96015.0,95455.0,55.0
2022.09.28,95580.0,-110.0,95235.0,95580.0,94715.0,22.0
2022.09.27,95690.0,685.0,94690.0,95690.0,94690.0,318.0
2022.09.26,95005.0,-975.0,95485.0,95540.0,95005.0,76.0
2022.09.23,95980.0,-595.0,96090.0,96090.0,95605.0,23.0
2022.09.22,96575.0,-545.0,100495.0,100495.0,96505.0,18.0
2022.09.21,97120.0,-250.0,97155.0,97195.0,97030.0,13.0
2022.09.20,97370.0,-180.0,97635.0,97635.0,97330.0,14.0
2022.09.19,97550.0,10.0,97665.0,97665.0,97510.0,8.0
2022.09.16,97540.0,-195.0,97385.0,97540.0,97385.0,4.0
2022.09.15,97735.0,-345.0,98235.0,98235.0,97675.0,518.0
2022.09.14,98080.0,-385.0,97850.0,98080.0,97850.0,39.0
2022.09.13,98465.0,270.0,98410.0,98465.0,98155.0,117.0
2022.09.08,98195.0,390.0,97925.0,98275.0,97925.0,413.0
2022.09.07,97805.0,60.0,97835.0,97835.0,97610.0,13.0
2022.09.06,97745.0,-245.0,97920.0,98015.0,97745.0,7280.0
2022.09.05,97990.0,380.0,97875.0,98010.0,97875.0,114.0
2022.09.02,97610.0,355.0,97380.0,97610.0,97380.0,8.0
2022.09.01,97255.0,-95.0,97315.0,97315.0,97215.0,47.0
2022.08.31,97350.0,-465.0,97615.0,97615.0,97350.0,16.0
2022.08.30,97815.0,195.0,97755.0,97815.0,97525.0,22.0
2022.08.29,97620.0,-715.0,97835.0,97855.0,97620.0,504.0
2022.08.26,98335.0,60.0,98450.0,98570.0,98335.0,13.0
2022.08.25,98275.0,-925.0,98880.0,98880.0,98215.0,66.0
2022.08.24,99200.0,100.0,99350.0,99395.0,99200.0,4.0
2022.08.23,99100.0,-155.0,99385.0,99385.0,99100.0,6.0
2022.08.22,99255.0,-285.0,99585.0,99585.0,99235.0,291.0
2022.08.19,99540.0,-415.0,99915.0,99915.0,99540.0,303.0
2022.08.18,99955.0,-40.0,99995.0,100035.0,99935.0,30.0
2022.08.17,99995.0,-190.0,100035.0,100035.0,99955.0,42.0
2022.08.16,100185.0,580.0,99905.0,100185.0,99885.0,73.0
2022.08.12,99605.0,-325.0,99745.0,99745.0,99605.0,20.0
2022.08.11,99930.0,85.0,99925.0,100030.0,99925.0,36.0
2022.08.10,99845.0,-135.0,99965.0,99965.0,99805.0,28.0
2022.08.09,99980.0,45.0,100020.0,100020.0,99900.0,17.0
2022.08.08,99935.0,-265.0,99775.0,99935.0,99775.0,11.0
2022.08.05,100200.0,180.0,100160.0,100200.0,100100.0,45.0
2022.08.04,100020.0,-85.0,100060.0,100260.0,100020.0,10.0
2022.08.03,100105.0,-220.0,100390.0,100390.0,99905.0,9.0
2022.08.02,100325.0,280.0,100105.0,100325.0,100105.0,10.0
2022.08.01,100045.0,-280.0,100045.0,100065.0,100045.0,53.0
2022.07.29,100325.0,490.0,100100.0,100325.0,100100.0,9.0
2022.07.28,99835.0,175.0,99970.0,99970.0,99735.0,2048.0
2022.07.27,99660.0,175.0,99540.0,99680.0,99540.0,17.0
2022.07.26,99485.0,15.0,99570.0,99670.0,99485.0,14.0
2022.07.25,99470.0,185.0,99210.0,99570.0,99210.0,156.0
2022.07.22,99285.0,325.0,99245.0,99285.0,99185.0,25.0
2022.07.21,98960.0,10.0,98935.0,99060.0,98835.0,48.0
2022.07.20,98950.0,-265.0,99395.0,99395.0,98950.0,17.0
2022.07.19,99215.0,-160.0,99135.0,99315.0,99135.0,4.0
2022.07.18,99375.0,120.0,99310.0,99575.0,99310.0,68.0
2022.07.15,99255.0,285.0,99085.0,99315.0,99085.0,30.0
2022.07.14,98970.0,-305.0,99180.0,99180.0,98865.0,38.0
2022.07.13,99275.0,425.0,98890.0,99475.0,98890.0,14.0
2022.07.12,98850.0,-10.0,98770.0,99015.0,98770.0,81.0
2022.07.11,98860.0,-80.0,98500.0,98860.0,98500.0,9.0
2022.07.08,98940.0,-320.0,98960.0,99040.0,98915.0,29.0
2022.07.07,99260.0,-65.0,99055.0,99340.0,98890.0,31.0
2022.07.06,99325.0,805.0,98960.0,99325.0,98890.0,54.0
2022.07.05,98520.0,175.0,98140.0,98520.0,98140.0,7.0
2022.07.04,98345.0,180.0,98425.0,98505.0,98345.0,60.0
2022.07.01,98165.0,700.0,97510.0,98165.0,97510.0,3.0
2022.06.30,97465.0,145.0,97575.0,97575.0,97395.0,67.0
2022.06.29,97320.0,-5.0,97230.0,97320.0,97130.0,9.0
2022.06.28,97325.0,125.0,97060.0,97340.0,97060.0,9.0
2022.06.27,97200.0,-240.0,97340.0,97340.0,97185.0,5.0
2022.06.24,97440.0,310.0,97345.0,97440.0,97315.0,7.0
2022.06.23,97130.0,50.0,97400.0,97490.0,97130.0,73.0
2022.06.22,97080.0,500.0,96760.0,97080.0,96760.0,372.0
2022.06.21,96580.0,25.0,96485.0,96650.0,96485.0,6.0
2022.06.20,96555.0,5.0,96360.0,96555.0,96360.0,283.0
2022.06.17,96550.0,-145.0,96710.0,96710.0,96420.0,58.0
2022.06.16,96695.0,60.0,96760.0,96875.0,96695.0,4.0
2022.06.15,96635.0,-425.0,96930.0,97000.0,96635.0,78.0
2022.06.14,97060.0,-410.0,96520.0,97060.0,96475.0,159.0
2022.06.13,97470.0,-625.0,97360.0,98045.0,97170.0,32.0
2022.06.10,98095.0,-170.0,98085.0,98145.0,98035.0,415.0
2022.06.09,98265.0,295.0,98065.0,98320.0,98000.0,197.0
2022.06.08,97970.0,-10.0,97830.0,98135.0,97830.0,905.0
2022.06.07,97980.0,-480.0,98440.0,98440.0,97980.0,188.0
2022.06.03,98460.0,-5.0,98295.0,98460.0,98270.0,412.0
2022.06.02,98465.0,-355.0,98820.0,98820.0,98455.0,537.0
2022.05.31,98820.0,-545.0,99225.0,99225.0,98820.0,79.0
2022.05.30,99365.0,100.0,99275.0,99385.0,99275.0,4.0
2022.05.27,99265.0,5.0,99325.0,99325.0,99200.0,15.0
2022.05.26,99260.0,-80.0,99380.0,99380.0,99095.0,157.0
2022.05.25,99340.0,115.0,99410.0,99410.0,99340.0,703.0
2022.05.24,99225.0,325.0,98935.0,99225.0,98935.0,303.0
2022.05.23,98900.0,-50.0,99040.0,99075.0,98900.0,9.0
2022.05.20,98950.0,215.0,98845.0,98950.0,98845.0,3.0
2022.05.19,98735.0,30.0,98830.0,98830.0,98630.0,15.0
2022.05.18,98705.0,-105.0,98655.0,98715.0,98650.0,19.0
2022.05.17,98810.0,-25.0,98800.0,98860.0,98780.0,6.0
2022.05.16,98835.0,-360.0,98720.0,99000.0,98660.0,40.0
2022.05.13,99195.0,45.0,99325.0,99355.0,99195.0,50.0
2022.05.12,99150.0,275.0,99040.0,99150.0,98870.0,3776.0
2022.05.11,98875.0,440.0,98655.0,98875.0,98635.0,8.0
2022.05.10,98435.0,-60.0,98600.0,98620.0,98435.0,17.0
2022.05.09,98495.0,350.0,98220.0,98495.0,98220.0,19.0
2022.05.06,98145.0,210.0,98200.0,98265.0,97930.0,68.0
2022.05.04,97935.0,-310.0,98240.0,98240.0,97935.0,119.0
2022.05.03,98245.0,-155.0,98070.0,98390.0,98070.0,29.0
2022.05.02,98400.0,-510.0,98605.0,98605.0,98325.0,226.0
2022.04.29,98910.0,-170.0,98850.0,99055.0,98850.0,9.0
2022.04.28,99080.0,-130.0,99175.0,99175.0,98985.0,25.0
2022.04.27,99210.0,15.0,99455.0,99495.0,99210.0,133.0
2022.04.26,99195.0,140.0,99220.0,99315.0,99120.0,11.0
2022.04.25,99055.0,465.0,98860.0,99055.0,98730.0,57.0
2022.04.22,98590.0,-305.0,98550.0,98610.0,98535.0,7.0
2022.04.21,98895.0,45.0,99010.0,99010.0,98765.0,68.0
2022.04.20,98850.0,165.0,98525.0,98850.0,98485.0,59.0
2022.04.19,98685.0,80.0,98730.0,99000.0,98590.0,9.0
2022.04.18,98605.0,-305.0,98385.0,98605.0,98380.0,8.0
2022.04.15,98910.0,-250.0,98870.0,98910.0,98805.0,7.0
2022.04.14,99160.0,440.0,98720.0,99290.0,98560.0,538.0
2022.04.13,98720.0,435.0,98590.0,98790.0,98345.0,507.0
2022.04.12,98285.0,-95.0,98100.0,98555.0,98100.0,33.0
2022.04.11,98380.0,-580.0,98720.0,98720.0,98345.0,35.0
2022.04.08,98960.0,-360.0,99240.0,99280.0,98955.0,9.0
2022.04.07,99320.0,380.0,99535.0,99535.0,99310.0,673.0
2022.04.06,98940.0,-405.0,98835.0,98945.0,98835.0,47.0
2022.04.05,99345.0,130.0,99820.0,99820.0,99345.0,48.0
2022.04.04,99215.0,-360.0,99535.0,99535.0,99205.0,229.0
2022.04.01,99575.0,-480.0,99830.0,99830.0,99575.0,117.0
2022.03.31,100055.0,-230.0,100380.0,100445.0,100055.0,13.0
2022.03.30,100285.0,515.0,100095.0,100285.0,100040.0,712.0
2022.03.29,99770.0,445.0,99600.0,99770.0,99520.0,107.0
2022.03.28,99325.0,-1245.0,100130.0,100190.0,99270.0,558.0
2022.03.25,100570.0,-170.0,100805.0,100805.0,100530.0,15.0
2022.03.24,100740.0,-45.0,101075.0,101075.0,100740.0,6.0
2022.03.23,100785.0,-105.0,100845.0,100865.0,100700.0,7.0
2022.03.22,100890.0,-500.0,101065.0,101065.0,100830.0,27.0
2022.03.21,101390.0,-125.0,101455.0,101475.0,101360.0,14.0
2022.03.18,101515.0,-85.0,101590.0,101590.0,101480.0,28.0
2022.03.17,101600.0,180.0,101330.0,101665.0,101330.0,68.0
2022.03.16,101420.0,125.0,101390.0,101430.0,101390.0,6.0
2022.03.15,101295.0,-80.0,101255.0,101295.0,101150.0,16.0
2022.03.14,101375.0,-160.0,101400.0,101400.0,101335.0,7.0
2022.03.11,101535.0,35.0,101365.0,101535.0,101365.0,20.0
2022.03.10,101500.0,160.0,101455.0,101500.0,101290.0,8.0
2022.03.08,101340.0,130.0,101180.0,101340.0,101125.0,12.0
2022.03.07,101210.0,-320.0,101605.0,101605.0,101210.0,45.0
2022.03.04,101530.0,-55.0,101460.0,101650.0,101460.0,56.0
2022.03.03,101585.0,-85.0,101530.0,101615.0,101520.0,6.0
2022.03.02,101670.0,170.0,101690.0,101730.0,101645.0,35.0
2022.02.28,101500.0,210.0,101570.0,101570.0,101465.0,13.0
2022.02.25,101290.0,-180.0,101375.0,101375.0,101290.0,92.0
2022.02.24,101470.0,320.0,101130.0,101530.0,100845.0,59.0
2022.02.23,101150.0,10.0,100990.0,101205.0,100990.0,6.0
2022.02.22,101140.0,220.0,101155.0,101180.0,101130.0,19.0
2022.02.21,100920.0,-240.0,101235.0,101235.0,100920.0,8.0
2022.02.18,101160.0,-215.0,101390.0,101390.0,101160.0,14.0
2022.02.17,101375.0,225.0,101210.0,101390.0,101210.0,6.0
2022.02.16,101150.0,180.0,100935.0,101150.0,100935.0,8.0
2022.02.15,100970.0,-45.0,100840.0,101005.0,100840.0,43.0
2022.02.14,101015.0,170.0,101035.0,101090.0,101015.0,7.0
2022.02.11,100845.0,-305.0,100855.0,100935.0,100845.0,16.0
2022.02.10,101150.0,125.0,101060.0,101225.0,101060.0,60.0
2022.02.09,101025.0,95.0,100960.0,101075.0,100960.0,63.0
2022.02.08,100930.0,-395.0,101180.0,101180.0,100930.0,3.0
2022.02.07,101325.0,-100.0,101310.0,101340.0,101240.0,27.0
2022.02.04,101425.0,-295.0,101350.0,101425.0,101320.0,102.0
2022.02.03,101720.0,200.0,101750.0,101750.0,101715.0,73.0
2022.01.28,101520.0,165.0,101455.0,101525.0,101455.0,54.0
2022.01.27,101355.0,-240.0,101355.0,101410.0,101295.0,13.0
2022.01.26,101595.0,30.0,101540.0,101595.0,101405.0,35.0
2022.01.25,101565.0,-185.0,101705.0,101705.0,101455.0,27.0
2022.01.24,101750.0,125.0,101665.0,101750.0,101650.0,18.0
2022.01.21,101625.0,5.0,101760.0,101830.0,101625.0,51.0
2022.01.20,101620.0,-275.0,101780.0,101850.0,101620.0,11.0
2022.01.19,101895.0,335.0,101755.0,101895.0,101640.0,21.0
2022.01.18,101560.0,-90.0,101700.0,101730.0,101465.0,8.0
2022.01.17,101650.0,-440.0,101990.0,101990.0,101650.0,29.0
2022.01.14,102090.0,-430.0,102470.0,102470.0,102085.0,10.0
2022.01.13,102520.0,355.0,102350.0,102520.0,102300.0,22.0
2022.01.12,102165.0,145.0,102140.0,102260.0,102140.0,41.0
2022.01.11,102020.0,15.0,102090.0,102090.0,102020.0,13.0
2022.01.10,102005.0,155.0,101965.0,102020.0,101815.0,11.0
2022.01.07,101850.0,-80.0,101820.0,101925.0,101820.0,17.0
2022.01.06,101930.0,-490.0,102240.0,102240.0,101930.0,61.0
2022.01.05,102420.0,-180.0,102680.0,102680.0,102380.0,52.0
2022.01.04,102600.0,-55.0,102575.0,102670.0,102495.0,59.0
2022.01.03,102655.0,-395.0,102655.0,102655.0,102655.0,1.0
2021.12.30,103050.0,-90.0,103120.0,103120.0,103040.0,19.0
2021.12.29,103140.0,85.0,103060.0,103155.0,103060.0,26.0
2021.12.28,103055.0,-80.0,103015.0,103055.0,102930.0,1605.0
2021.12.27,103135.0,30.0,103110.0,103135.0,103050.0,1650.0
2021.12.24,103105.0,65.0,103000.0,103105.0,102940.0,144.0
2021.12.23,103040.0,-270.0,103275.0,103275.0,103040.0,10.0
2021.12.22,103310.0,-105.0,103425.0,103425.0,103280.0,18.0
2021.12.21,103415.0,70.0,103320.0,103465.0,103295.0,109.0
2021.12.20,103345.0,250.0,103245.0,103385.0,103230.0,81.0
2021.12.17,103095.0,-100.0,103200.0,103225.0,103050.0,38.0
2021.12.16,103195.0,265.0,103020.0,103195.0,103020.0,99.0
2021.12.15,102930.0,-120.0,102950.0,102970.0,102885.0,6.0
2021.12.14,103050.0,70.0,103035.0,103050.0,103015.0,6.0
2021.12.13,102980.0,75.0,102980.0,102990.0,102950.0,23.0
2021.12.10,102905.0,-80.0,103015.0,103015.0,102905.0,9.0
2021.12.09,102985.0,225.0,102865.0,102985.0,102730.0,21.0
2021.12.08,102760.0,95.0,102690.0,102835.0,102630.0,68.0
2021.12.07,102665.0,-95.0,102655.0,102665.0,102655.0,19.0
2021.12.06,102760.0,70.0,102770.0,102810.0,102700.0,122.0
2021.12.03,102690.0,-140.0,102785.0,102785.0,102685.0,108.0
2021.12.02,102830.0,5.0,103045.0,103045.0,102830.0,16.0
2021.12.01,102825.0,40.0,102705.0,102830.0,102610.0,32.0
2021.11.30,102785.0,195.0,102660.0,102785.0,102565.0,49.0
2021.11.29,102590.0,-40.0,102570.0,102595.0,102420.0,20.0
2021.11.26,102630.0,540.0,102170.0,102630.0,102170.0,144.0
2021.11.25,102090.0,400.0,101875.0,102090.0,101875.0,7.0
2021.11.24,101690.0,5.0,101615.0,101710.0,101555.0,47.0
2021.11.23,101685.0,-95.0,101570.0,101685.0,101435.0,34.0
2021.11.22,101780.0,-190.0,101880.0,101880.0,101695.0,69.0
2021.11.19,101970.0,-75.0,102040.0,102040.0,101970.0,7.0
2021.11.18,102045.0,110.0,102030.0,102110.0,102000.0,33.0
2021.11.17,101935.0,-135.0,102010.0,102165.0,101935.0,8.0
2021.11.16,102070.0,-105.0,102100.0,102105.0,102025.0,10.0
2021.11.15,102175.0,275.0,101935.0,102190.0,101935.0,56.0
2021.11.12,101900.0,-225.0,102065.0,102065.0,101890.0,31.0
2021.11.11,102125.0,-145.0,101920.0,102150.0,101920.0,6.0
2021.11.10,102270.0,-55.0,102120.0,102335.0,102120.0,14.0
2021.11.09,102325.0,315.0,102095.0,102325.0,102095.0,16.0
2021.11.08,102010.0,35.0,102140.0,102140.0,102010.0,14.0
2021.11.05,101975.0,435.0,101890.0,101980.0,101885.0,7.0
2021.11.04,101540.0,155.0,101450.0,101590.0,101450.0,22.0
2021.11.03,101385.0,55.0,101355.0,101500.0,101305.0,40.0
2021.11.02,101330.0,470.0,100975.0,101400.0,100975.0,458.0
2021.11.01,100860.0,-160.0,100870.0,100870.0,100850.0,77.0
2021.10.29,101020.0,-310.0,101380.0,101380.0,101020.0,147.0
2021.10.28,101330.0,70.0,100750.0,101330.0,100745.0,25.0
2021.10.27,101260.0,-360.0,101490.0,101490.0,101260.0,59.0
2021.10.26,101620.0,-45.0,101590.0,101620.0,101380.0,136.0
2021.10.25,101665.0,-20.0,101665.0,101755.0,101665.0,108.0
2021.10.22,101685.0,-190.0,101700.0,101760.0,101685.0,17.0
2021.10.21,101875.0,-95.0,101905.0,102005.0,101875.0,32.0
2021.10.20,101970.0,60.0,101895.0,101970.0,101750.0,42.0
2021.10.19,101910.0,150.0,101795.0,101970.0,101795.0,99.0
2021.10.18,101760.0,-355.0,101645.0,101760.0,101645.0,8.0
2021.10.15,102115.0,45.0,102040.0,102115.0,102040.0,18.0
2021.10.14,102070.0,85.0,102035.0,102095.0,102030.0,15.0
2021.10.13,101985.0,30.0,102050.0,102070.0,101965.0,16.0
2021.10.12,101955.0,-370.0,102415.0,102460.0,101950.0,1529.0
2021.10.08,102325.0,-10.0,102320.0,102475.0,102320.0,7.0
2021.10.07,102335.0,-45.0,102305.0,102390.0,102275.0,3383.0
2021.10.06,102380.0,-315.0,102640.0,102640.0,102380.0,10.0
2021.10.05,102695.0,-65.0,102695.0,102695.0,102695.0,2.0
2021.10.01,102760.0,-200.0,102925.0,102930.0,102760.0,24.0
2021.09.30,102960.0,110.0,102995.0,102995.0,102890.0,108.0
2021.09.29,102850.0,-55.0,102740.0,102850.0,102660.0,45.0
2021.09.28,102905.0,-205.0,102940.0,102950.0,102880.0,100.0
2021.09.27,103110.0,-90.0,103055.0,103110.0,103055.0,3.0
2021.09.24,103200.0,-150.0,103175.0,103210.0,103155.0,6.0
2021.09.23,103350.0,-25.0,103365.0,103470.0,103335.0,46.0
2021.09.17,103375.0,-125.0,103375.0,103375.0,103375.0,2.0
2021.09.16,103500.0,20.0,103410.0,103500.0,103410.0,10.0
2021.09.15,103480.0,155.0,103435.0,103480.0,103375.0,124.0
2021.09.14,103325.0,-140.0,103325.0,103325.0,103325.0,3.0
2021.09.13,103465.0,55.0,103550.0,103550.0,103465.0,8.0
2021.09.10,103410.0,-120.0,103395.0,103410.0,103385.0,113.0
2021.09.09,103530.0,-25.0,103620.0,103620.0,103530.0,67.0
2021.09.08,103555.0,-140.0,103595.0,103610.0,103525.0,9.0
2021.09.07,103695.0,50.0,103665.0,103695.0,103615.0,9.0
2021.09.06,103645.0,-90.0,103720.0,103720.0,103635.0,36.0
2021.09.03,103735.0,-55.0,103740.0,103765.0,103705.0,301.0
2021.09.02,103790.0,10.0,103740.0,103850.0,103740.0,8.0
2021.09.01,103780.0,-160.0,103860.0,103860.0,103770.0,20.0
2021.08.31,103940.0,45.0,103925.0,103960.0,103925.0,23.0
2021.08.30,103895.0,70.0,103895.0,103895.0,103810.0,54.0
2021.08.27,103825.0,-25.0,103870.0,103915.0,103825.0,158.0
2021.08.26,103850.0,165.0,103850.0,103850.0,103850.0,1.0
2021.08.25,103685.0,-70.0,103695.0,103700.0,103685.0,26.0
2021.08.24,103755.0,-285.0,103845.0,103870.0,103755.0,10.0
2021.08.23,104040.0,80.0,104070.0,104080.0,104040.0,13.0
2021.08.20,103960.0,-50.0,104065.0,104065.0,103960.0,33.0
2021.08.19,104010.0,110.0,103875.0,104010.0,103875.0,33.0
2021.08.18,103900.0,75.0,103850.0,103930.0,103850.0,16.0
2021.08.17,103825.0,105.0,103800.0,103825.0,103740.0,21.0
2021.08.13,103720.0,-40.0,103675.0,103720.0,103675.0,20.0
2021.08.12,103760.0,-10.0,103790.0,103790.0,103715.0,19.0
2021.08.11,103770.0,150.0,103670.0,103795.0,103670.0,128.0
2021.08.10,103620.0,-35.0,103675.0,103700.0,103605.0,20.0
2021.08.09,103655.0,-65.0,103590.0,103655.0,103590.0,5.0
2021.08.06,103720.0,-140.0,103820.0,103820.0,103675.0,14.0
2021.08.05,103860.0,40.0,103840.0,103905.0,103780.0,41.0
2021.08.04,103820.0,95.0,103800.0,103850.0,103780.0,55.0
2021.08.03,103725.0,-45.0,103760.0,103770.0,103725.0,5.0
2021.08.02,103770.0,0.0,103755.0,103800.0,103725.0,233.0
2021.07.30,103770.0,45.0,103715.0,103820.0,103715.0,14.0
2021.07.29,103725.0,-45.0,103755.0,103755.0,103720.0,24.0
2021.07.28,103770.0,-140.0,103940.0,103940.0,103715.0,15.0
2021.07.27,103910.0,15.0,103925.0,103925.0,103795.0,123.0
2021.07.26,103895.0,130.0,103895.0,103895.0,103850.0,111.0
2021.07.23,103765.0,40.0,103790.0,103845.0,103735.0,28.0
2021.07.22,103725.0,-105.0,103750.0,103750.0,103650.0,78.0
2021.07.21,103830.0,85.0,103660.0,103830.0,103660.0,33.0
2021.07.20,103745.0,295.0,103525.0,103745.0,103525.0,18140.0
2021.07.19,103450.0,-70.0,103450.0,103480.0,103450.0,40.0
2021.07.16,103520.0,430.0,103345.0,103520.0,103335.0,31.0
2021.07.15,103090.0,-500.0,103705.0,103705.0,103070.0,149.0
2021.07.14,103590.0,135.0,103375.0,103590.0,103345.0,156.0
2021.07.13,103455.0,-135.0,103575.0,103575.0,103445.0,31.0
2021.07.12,103590.0,-85.0,103510.0,103645.0,103510.0,22.0
2021.07.09,103675.0,-15.0,103750.0,103750.0,103575.0,26.0
2021.07.08,103690.0,235.0,103520.0,103715.0,103520.0,266.0
2021.07.07,103455.0,210.0,103410.0,103455.0,103410.0,6.0
2021.07.06,103245.0,-10.0,103295.0,103305.0,103245.0,144.0
2021.07.05,103255.0,175.0,103225.0,103255.0,103160.0,467.0
2021.07.02,103080.0,-220.0,103150.0,103180.0,103045.0,50.0
2021.07.01,103300.0,20.0,103320.0,103370.0,103280.0,24.0
2021.06.30,103280.0,90.0,103280.0,103360.0,103280.0,23.0
2021.06.29,103190.0,135.0,103140.0,103235.0,103060.0,156.0
2021.06.28,103055.0,-170.0,103195.0,103195.0,103055.0,256.0
2021.06.25,103225.0,-165.0,103325.0,103325.0,103140.0,21.0
2021.06.24,103390.0,-175.0,103565.0,103585.0,103345.0,192.0
2021.06.23,103565.0,70.0,103565.0,103565.0,103480.0,22.0
2021.06.22,103495.0,0.0,103560.0,103560.0,103480.0,20.0
2021.06.21,103495.0,65.0,103475.0,103565.0,103465.0,48.0
2021.06.18,103430.0,20.0,103390.0,103435.0,103300.0,26.0
2021.06.17,103410.0,-190.0,103390.0,103495.0,103390.0,28.0
2021.06.16,103600.0,60.0,103545.0,103600.0,103545.0,13.0
2021.06.15,103540.0,-90.0,103580.0,103615.0,103540.0,5.0
2021.06.14,103630.0,60.0,103760.0,103805.0,103630.0,137.0
2021.06.11,103570.0,-200.0,103690.0,103690.0,103525.0,39.0
2021.06.10,103770.0,-120.0,103900.0,103945.0,103770.0,15.0
2021.06.09,103890.0,170.0,103790.0,103955.0,103790.0,225.0
2021.06.08,103720.0,160.0,103600.0,103720.0,103600.0,167.0
2021.06.07,103560.0,80.0,103510.0,103570.0,103510.0,91.0
2021.06.04,103480.0,10.0,103495.0,103540.0,103480.0,8.0
2021.06.03,103470.0,75.0,103530.0,103530.0,103470.0,2419.0
2021.06.02,103395.0,-35.0,103430.0,103430.0,103360.0,64.0
2021.06.01,103430.0,30.0,103395.0,103430.0,103380.0,98.0
2021.05.31,103400.0,-220.0,103485.0,103550.0,103305.0,26.0
2021.05.28,103620.0,-215.0,103760.0,103760.0,103565.0,41.0
2021.05.27,103835.0,205.0,103610.0,103835.0,103610.0,18.0
2021.05.26,103630.0,-20.0,103745.0,103745.0,103630.0,25.0
2021.05.25,103650.0,-80.0,103680.0,103680.0,103650.0,20.0
2021.05.24,103730.0,-10.0,103730.0,103730.0,103730.0,1.0
2021.05.21,103740.0,5.0,103710.0,103760.0,103685.0,101.0
2021.05.20,103735.0,-30.0,103690.0,103735.0,103690.0,14.0
2021.05.18,103765.0,160.0,103680.0,103765.0,103605.0,119.0
2021.05.17,103605.0,30.0,103625.0,103625.0,103560.0,165.0
2021.05.14,103575.0,15.0,103545.0,103575.0,103545.0,17.0
2021.05.13,103560.0,-30.0,103480.0,103560.0,103480.0,8.0
2021.05.12,103590.0,0.0,103600.0,103600.0,103575.0,6.0
2021.05.11,103590.0,10.0,103585.0,103590.0,103580.0,17.0
2021.05.10,103580.0,5.0,103605.0,103605.0,103515.0,130.0
2021.05.07,103575.0,5.0,103575.0,103575.0,103520.0,21.0
2021.05.06,103570.0,90.0,103500.0,103570.0,103500.0,18.0
2021.05.04,103480.0,65.0,103525.0,103540.0,103465.0,150.0
2021.05.03,103415.0,-110.0,103480.0,103555.0,103380.0,123.0
2021.04.30,103525.0,-115.0,104300.0,104300.0,103480.0,22.0
2021.04.29,103640.0,0.0,103590.0,103655.0,103590.0,23.0
2021.04.28,103640.0,-55.0,103665.0,103665.0,103625.0,26.0
2021.04.27,103695.0,70.0,103655.0,103695.0,103635.0,25.0
2021.04.26,103625.0,-105.0,103715.0,103730.0,103625.0,13.0
2021.04.23,103730.0,-100.0,103840.0,103840.0,103690.0,41.0
2021.04.22,103830.0,45.0,103830.0,103830.0,103825.0,5.0
2021.04.21,103785.0,35.0,103805.0,103805.0,103785.0,7.0
2021.04.20,103750.0,-40.0,103790.0,103790.0,103680.0,26.0
2021.04.19,103790.0,160.0,103670.0,103790.0,103670.0,6.0
2021.04.16,103630.0,-40.0,103740.0,103740.0,103630.0,39.0
2021.04.15,103670.0,-200.0,103880.0,103880.0,103670.0,12.0
2021.04.14,103870.0,160.0,103795.0,103870.0,103790.0,125.0
2021.04.13,103710.0,15.0,103755.0,103825.0,103695.0,29.0
2021.04.12,103695.0,250.0,103540.0,103695.0,103540.0,34.0
2021.04.09,103445.0,-155.0,103560.0,103680.0,103440.0,1085.0
2021.04.08,103600.0,150.0,103440.0,103600.0,103440.0,53.0
2021.04.07,103450.0,35.0,103485.0,103485.0,103450.0,6.0
2021.04.06,103415.0,45.0,103285.0,103415.0,103285.0,25.0
2021.04.05,103370.0,-165.0,103620.0,103620.0,103345.0,7.0
2021.04.02,103535.0,30.0,103620.0,103660.0,103535.0,582.0
2021.04.01,103505.0,105.0,103340.0,103520.0,103340.0,321.0
2021.03.31,103400.0,-10.0,103475.0,103475.0,103350.0,65.0
2021.03.30,103410.0,-225.0,103710.0,103710.0,103410.0,21.0
2021.03.29,103635.0,-65.0,103535.0,103655.0,103535.0,32.0
2021.03.26,103700.0,-75.0,103770.0,103785.0,103700.0,13.0
2021.03.25,103775.0,50.0,103675.0,103775.0,103640.0,144.0
2021.03.24,103725.0,280.0,103480.0,103755.0,103480.0,7121.0
2021.03.23,103445.0,165.0,103330.0,103490.0,103330.0,55.0
2021.03.22,103280.0,175.0,103155.0,103290.0,103155.0,57.0
2021.03.19,103105.0,-65.0,103020.0,103125.0,102970.0,157.0
2021.03.18,103170.0,135.0,103100.0,103200.0,103080.0,115.0
2021.03.17,103035.0,-185.0,103115.0,103115.0,103035.0,4879.0
2021.03.16,103220.0,210.0,103220.0,103220.0,103070.0,28079.0
2021.03.15,103010.0,-195.0,103040.0,103100.0,102920.0,181.0
2021.03.12,103205.0,-220.0,103415.0,103425.0,103190.0,228.0
2021.03.11,103425.0,105.0,103460.0,103490.0,103425.0,92.0
2021.03.10,103320.0,50.0,103255.0,103400.0,103175.0,7834.0
2021.03.09,103270.0,-405.0,103505.0,103505.0,103190.0,36.0
2021.03.08,103675.0,-315.0,103890.0,103890.0,103625.0,152.0
2021.03.05,103990.0,-45.0,103925.0,104000.0,103925.0,398.0
2021.03.04,104035.0,85.0,103960.0,104035.0,103960.0,21.0
2021.03.03,103950.0,85.0,103810.0,103985.0,103810.0,43.0
2021.03.02,103865.0,-260.0,103870.0,103970.0,103865.0,76.0
2021.02.26,104125.0,-110.0,103980.0,104135.0,103980.0,601.0
2021.02.25,104235.0,80.0,104145.0,104265.0,104145.0,266.0
2021.02.24,104155.0,65.0,104155.0,104160.0,104075.0,285.0
2021.02.23,104090.0,-25.0,104095.0,104095.0,104090.0,23.0
2021.02.22,104115.0,-155.0,104180.0,104230.0,104115.0,34.0
2021.02.19,104270.0,5.0,104260.0,104280.0,104215.0,171.0
2021.02.18,104265.0,40.0,104290.0,104295.0,104265.0,32.0
2021.02.17,104225.0,5.0,104155.0,104230.0,104155.0,53.0
2021.02.16,104220.0,5.0,104220.0,104230.0,104195.0,155.0
2021.02.15,104215.0,-25.0,104195.0,104215.0,104135.0,38.0
2021.02.10,104240.0,-80.0,104320.0,104320.0,104210.0,165.0
2021.02.09,104320.0,115.0,104295.0,104355.0,104295.0,738.0
2021.02.08,104205.0,-110.0,104285.0,104315.0,104200.0,440.0
2021.02.05,104315.0,10.0,104265.0,104335.0,104255.0,31.0
2021.02.04,104305.0,0.0,104315.0,104315.0,104245.0,114.0
2021.02.03,104305.0,40.0,104285.0,104305.0,104260.0,142.0
2021.02.02,104265.0,140.0,104210.0,104265.0,104210.0,1041.0
2021.02.01,104125.0,-125.0,104190.0,104300.0,104125.0,156.0
2021.01.29,104250.0,50.0,104210.0,104280.0,104190.0,162.0
2021.01.28,104200.0,95.0,104120.0,104200.0,104060.0,140.0
2021.01.27,104105.0,45.0,104145.0,104145.0,104085.0,198.0
2021.01.26,104060.0,-25.0,104095.0,104095.0,104060.0,7.0
2021.01.25,104085.0,-110.0,104165.0,104170.0,104085.0,17.0
2021.01.22,104195.0,-120.0,104240.0,104275.0,104185.0,118.0
2021.01.21,104315.0,85.0,104320.0,104320.0,104255.0,84.0
2021.01.20,104230.0,-20.0,104265.0,104270.0,104205.0,68.0
2021.01.19,104250.0,25.0,104225.0,104255.0,104190.0,160.0
2021.01.18,104225.0,105.0,104225.0,104225.0,104165.0,120.0
2021.01.15,104120.0,-55.0,104140.0,104140.0,104080.0,400.0
2021.01.14,104175.0,-5.0,104220.0,104220.0,104115.0,4046.0
2021.01.13,104180.0,-20.0,104225.0,104225.0,104180.0,54.0
2021.01.12,104200.0,70.0,104175.0,104245.0,104105.0,4826.0
2021.01.11,104130.0,110.0,104125.0,104130.0,104065.0,352.0
2021.01.08,104020.0,0.0,104020.0,104025.0,103990.0,420.0
2021.01.07,104020.0,-140.0,104160.0,104160.0,104020.0,142.0
2021.01.06,104160.0,-65.0,104185.0,104220.0,104130.0,4107.0
2021.01.05,104225.0,150.0,104115.0,104225.0,104100.0,122.0
2021.01.04,104075.0,145.0,103935.0,104075.0,103935.0,7773.0
2020.12.30,103930.0,-105.0,104015.0,104015.0,103760.0,256.0
2020.12.29,104035.0,35.0,104040.0,104075.0,104030.0,3383.0
2020.12.28,104000.0,-80.0,104080.0,104080.0,103990.0,197.0
2020.12.24,104080.0,-50.0,104155.0,104155.0,104025.0,639.0
2020.12.23,104130.0,70.0,104125.0,104130.0,104125.0,253.0
2020.12.22,104060.0,140.0,103980.0,104090.0,103960.0,5988.0
2020.12.21,103920.0,95.0,103740.0,103920.0,103740.0,81.0
2020.12.18,103825.0,35.0,103865.0,103865.0,103725.0,28.0
2020.12.17,103790.0,-105.0,103865.0,103865.0,103775.0,194.0
2020.12.16,103895.0,-90.0,103940.0,103940.0,103870.0,288.0
2020.12.15,103985.0,10.0,104025.0,104025.0,103940.0,87.0
2020.12.14,103975.0,-20.0,103995.0,104005.0,103975.0,24.0
2020.12.11,103995.0,5.0,104020.0,104020.0,103985.0,410.0
2020.12.10,103990.0,55.0,103960.0,103995.0,103950.0,29.0
2020.12.09,103935.0,15.0,103915.0,103935.0,103915.0,6.0
2020.12.08,103920.0,105.0,103905.0,103920.0,103875.0,5.0
2020.12.07,103815.0,-20.0,103785.0,103865.0,103720.0,36.0
2020.12.04,103835.0,145.0,103865.0,103865.0,103805.0,51.0
2020.12.03,103690.0,55.0,103670.0,103715.0,103670.0,2938.0
2020.12.02,103635.0,-105.0,103695.0,103695.0,103635.0,30.0
2020.12.01,103740.0,-5.0,103740.0,103770.0,103740.0,27.0
2020.11.30,103745.0,55.0,103825.0,103825.0,103740.0,8.0
2020.11.27,103690.0,-115.0,103720.0,103790.0,103690.0,2460.0
2020.11.26,103805.0,-75.0,103835.0,103835.0,103775.0,31.0
2020.11.25,103880.0,-30.0,103945.0,103945.0,103825.0,5813.0
2020.11.24,103910.0,-10.0,103915.0,103915.0,103860.0,42.0
2020.11.23,103920.0,45.0,103965.0,103965.0,103875.0,47.0
2020.11.20,103875.0,-80.0,103925.0,103925.0,103845.0,67.0
2020.11.19,103955.0,30.0,103965.0,103965.0,103955.0,17.0
2020.11.18,103925.0,70.0,103925.0,103955.0,103865.0,11.0
2020.11.17,103855.0,25.0,103835.0,103860.0,103800.0,8494.0
2020.11.16,103830.0,100.0,103845.0,103845.0,103815.0,7.0
2020.11.13,103730.0,-20.0,103765.0,103780.0,103710.0,49.0
2020.11.12,103750.0,20.0,103795.0,103810.0,103665.0,408.0
2020.11.11,103730.0,-90.0,103810.0,103815.0,103730.0,20.0
2020.11.10,103820.0,-80.0,103665.0,103820.0,103665.0,303.0
2020.11.09,103900.0,-160.0,103975.0,103975.0,103900.0,56.0
2020.11.06,104060.0,-5.0,104085.0,104115.0,104060.0,21.0
2020.11.05,104065.0,125.0,104065.0,104065.0,104035.0,5.0
2020.11.04,103940.0,130.0,103775.0,103940.0,103770.0,1947.0
2020.11.03,103810.0,-100.0,103865.0,103890.0,103810.0,6.0
2020.11.02,103910.0,-165.0,104045.0,104045.0,103910.0,7.0
2020.10.30,104075.0,-140.0,104090.0,104100.0,104045.0,36.0
2020.10.29,104215.0,5.0,104230.0,104230.0,104190.0,7.0
2020.10.28,104210.0,-20.0,104270.0,104270.0,104210.0,21.0
2020.10.27,104230.0,-20.0,104205.0,104285.0,104170.0,57.0
2020.10.26,104250.0,70.0,104295.0,104295.0,104250.0,13.0
2020.10.23,104180.0,10.0,104080.0,104200.0,104035.0,116.0
2020.10.22,104170.0,10.0,104170.0,104200.0,104170.0,15.0
2020.10.21,104160.0,-190.0,104305.0,104305.0,104160.0,62.0
2020.10.20,104350.0,35.0,104400.0,104400.0,104310.0,103.0
2020.10.19,104315.0,-5.0,104215.0,104315.0,104185.0,2887.0
2020.10.16,104320.0,0.0,104290.0,104320.0,104275.0,121.0
2020.10.15,104320.0,130.0,104195.0,104320.0,104195.0,304.0
2020.10.14,104190.0,140.0,104150.0,104200.0,104150.0,111.0
2020.10.13,104050.0,15.0,104050.0,104080.0,104020.0,2063.0
2020.10.12,104035.0,-80.0,104070.0,104070.0,104025.0,48.0
2020.10.08,104115.0,-65.0,104160.0,104160.0,104000.0,5202.0
2020.10.07,104180.0,-50.0,104185.0,104210.0,104180.0,16.0
2020.10.06,104230.0,-190.0,104155.0,104310.0,104155.0,7.0
2020.10.05,104420.0,-125.0,104500.0,104500.0,104420.0,7.0
2020.09.29,104545.0,15.0,104575.0,104575.0,104485.0,33.0
2020.09.28,104530.0,115.0,104530.0,104540.0,104470.0,72.0
2020.09.25,104415.0,15.0,104455.0,104470.0,104400.0,20.0
2020.09.24,104400.0,105.0,104390.0,104410.0,104380.0,21.0
2020.09.23,104295.0,110.0,104245.0,104295.0,104240.0,5.0
2020.09.22,104185.0,70.0,104210.0,104220.0,104185.0,1080.0
2020.09.21,104115.0,70.0,104095.0,104115.0,104030.0,125.0
2020.09.18,104045.0,-15.0,104005.0,104090.0,104005.0,54.0
2020.09.17,104060.0,-20.0,104110.0,104110.0,104060.0,160.0
2020.09.16,104080.0,60.0,103960.0,104080.0,103960.0,15.0
2020.09.15,104020.0,120.0,103935.0,104035.0,103935.0,111.0
2020.09.14,103900.0,55.0,103895.0,103900.0,103840.0,2444.0
2020.09.11,103845.0,-130.0,103880.0,103880.0,103845.0,20.0
2020.09.10,103975.0,95.0,103990.0,104035.0,103970.0,112.0
2020.09.09,103880.0,120.0,103945.0,103945.0,103880.0,19.0
2020.09.08,103760.0,130.0,103680.0,103760.0,103660.0,973.0
2020.09.07,103630.0,-180.0,103375.0,103705.0,103375.0,112.0
2020.09.04,103810.0,-5.0,103805.0,103845.0,103760.0,220.0
2020.09.03,103815.0,50.0,103760.0,103815.0,103655.0,36.0
2020.09.02,103765.0,185.0,103650.0,103765.0,103580.0,5955.0
2020.09.01,103580.0,-250.0,103765.0,103765.0,103570.0,137.0
2020.08.31,103830.0,-115.0,104015.0,104015.0,103810.0,127.0
2020.08.28,103945.0,-200.0,104005.0,104005.0,103930.0,904.0
2020.08.27,104145.0,-70.0,104285.0,104285.0,104145.0,12.0
2020.08.26,104215.0,-110.0,104260.0,104260.0,104215.0,6.0
2020.08.25,104325.0,55.0,104345.0,104345.0,104325.0,7.0
2020.08.24,104270.0,75.0,104165.0,104270.0,104115.0,16.0
2020.08.21,104195.0,-195.0,104315.0,104315.0,104195.0,165.0
2020.08.20,104390.0,-45.0,104420.0,104420.0,104390.0,9.0
2020.08.19,104435.0,185.0,104425.0,104435.0,104375.0,1048.0
2020.08.18,104250.0,-55.0,104250.0,104250.0,104210.0,142.0
2020.08.14,104305.0,-15.0,104335.0,104335.0,104305.0,7.0
2020.08.13,104320.0,25.0,104310.0,104325.0,104300.0,16.0
2020.08.12,104295.0,90.0,104280.0,104295.0,104280.0,5.0
2020.08.11,104205.0,-35.0,104270.0,104270.0,104205.0,117.0
2020.08.10,104240.0,-120.0,104360.0,104360.0,104240.0,88.0
2020.08.07,104360.0,-25.0,104385.0,104440.0,104335.0,33.0
2020.08.06,104385.0,15.0,104425.0,104425.0,104385.0,3965.0
2020.08.05,104370.0,5.0,104410.0,104410.0,104365.0,284.0
2020.08.04,104365.0,-20.0,104385.0,104385.0,104365.0,10.0
2020.08.03,104385.0,-50.0,104440.0,104440.0,104370.0,110.0
2020.07.31,104435.0,75.0,104455.0,104490.0,104435.0,319.0
2020.07.30,104360.0,115.0,104325.0,104360.0,104325.0,198.0
2020.07.29,104245.0,-10.0,104305.0,104305.0,104245.0,46.0
2020.07.28,104255.0,-15.0,104275.0,104275.0,104245.0,5.0
2020.07.27,104270.0,-15.0,104265.0,104320.0,104250.0,23.0
2020.07.24,104285.0,5.0,104290.0,104325.0,104285.0,9.0
2020.07.23,104280.0,85.0,104280.0,104280.0,104210.0,31.0
2020.07.22,104195.0,35.0,104180.0,104195.0,104160.0,9.0
2020.07.21,104160.0,15.0,104225.0,104225.0,104160.0,6.0
2020.07.20,104145.0,55.0,104105.0,104165.0,104105.0,58.0
2020.07.17,104090.0,120.0,104005.0,104090.0,104005.0,84.0
2020.07.16,103970.0,115.0,103885.0,103985.0,103885.0,791.0
2020.07.15,103855.0,5.0,103845.0,103890.0,103830.0,29.0
2020.07.14,103850.0,-30.0,103880.0,103880.0,103850.0,1268.0
2020.07.13,103880.0,-45.0,103825.0,103885.0,103825.0,111.0
2020.07.10,103925.0,-45.0,103940.0,103980.0,103925.0,13.0
2020.07.09,103970.0,50.0,103985.0,103985.0,103930.0,972.0
2020.07.08,103920.0,60.0,103920.0,103920.0,103910.0,6.0
2020.07.07,103860.0,65.0,103825.0,103860.0,103790.0,14.0
2020.07.06,103795.0,-125.0,103875.0,103875.0,103790.0,23.0
2020.07.03,103920.0,20.0,103975.0,103975.0,103880.0,22.0
2020.07.02,103900.0,65.0,103900.0,103905.0,103900.0,7229.0
2020.07.01,103835.0,-80.0,103940.0,103940.0,103835.0,34.0
2020.06.30,103915.0,10.0,103945.0,103945.0,103890.0,15.0
2020.06.29,103905.0,-45.0,103965.0,103965.0,103905.0,65.0
2020.06.26,103950.0,20.0,104000.0,104000.0,103905.0,84.0
2020.06.25,103930.0,-10.0,103950.0,103950.0,103890.0,21.0
2020.06.24,103940.0,110.0,103885.0,103940.0,103885.0,93.0
2020.06.23,103830.0,130.0,103805.0,103900.0,103755.0,49.0
2020.06.22,103700.0,-140.0,103730.0,103755.0,103665.0,23.0
2020.06.19,103840.0,40.0,103870.0,103895.0,103805.0,9.0
2020.06.18,103800.0,150.0,103710.0,103800.0,103705.0,419.0
2020.06.17,103650.0,-45.0,103690.0,103700.0,103605.0,710.0
2020.06.16,103695.0,50.0,103650.0,103700.0,103600.0,52.0
2020.06.15,103645.0,-125.0,103770.0,103770.0,103645.0,99.0
2020.06.12,103770.0,-65.0,103755.0,103890.0,103715.0,286.0
2020.06.11,103835.0,105.0,103910.0,103910.0,103835.0,54.0
2020.06.10,103730.0,115.0,103730.0,103730.0,103640.0,388.0
2020.06.09,103615.0,200.0,103525.0,103615.0,103525.0,26.0
2020.06.08,103415.0,-65.0,103345.0,103420.0,103330.0,252.0
2020.06.05,103480.0,0.0,103410.0,103495.0,103410.0,9.0
2020.06.04,103480.0,-140.0,103545.0,103625.0,103480.0,57.0
2020.06.03,103620.0,50.0,103715.0,103715.0,103570.0,136.0
2020.06.02,103570.0,-95.0,103650.0,103650.0,103510.0,2281.0
2020.06.01,103665.0,-80.0,103695.0,103715.0,103665.0,240.0
2020.05.29,103745.0,-110.0,103825.0,103905.0,103745.0,525.0
2020.05.28,103855.0,120.0,103775.0,104095.0,103765.0,411.0
2020.05.27,103735.0,-75.0,103865.0,103865.0,103735.0,11.0
2020.05.26,103810.0,20.0,103930.0,104035.0,103810.0,843.0
2020.05.25,103790.0,35.0,103750.0,103875.0,103750.0,29.0
2020.05.22,103755.0,85.0,103755.0,103760.0,103700.0,104.0
2020.05.21,103670.0,65.0,103685.0,103685.0,103610.0,26.0
2020.05.20,103605.0,15.0,103605.0,103665.0,103550.0,1009.0
2020.05.19,103590.0,105.0,103520.0,103590.0,103520.0,14.0
2020.05.18,103485.0,-85.0,103570.0,103570.0,103485.0,26.0
2020.05.15,103570.0,45.0,103530.0,103570.0,103480.0,1094.0
2020.05.14,103525.0,-65.0,103560.0,103560.0,103525.0,5.0
2020.05.13,103590.0,210.0,103495.0,103630.0,103495.0,62.0
2020.05.12,103380.0,90.0,103265.0,103380.0,103265.0,55.0
2020.05.11,103290.0,45.0,103290.0,103330.0,103280.0,76.0
2020.05.08,103245.0,120.0,103210.0,103245.0,103120.0,54.0
2020.05.07,103125.0,30.0,103050.0,103125.0,103050.0,2203.0
2020.05.06,103095.0,80.0,103075.0,103095.0,102990.0,75.0
2020.05.04,103015.0,130.0,102940.0,103055.0,102940.0,222.0
2020.04.29,102885.0,175.0,102770.0,102885.0,102680.0,1012.0
2020.04.28,102710.0,-15.0,102635.0,102725.0,102635.0,2276.0
2020.04.27,102725.0,35.0,102765.0,102765.0,102640.0,232.0
2020.04.24,102690.0,-60.0,102675.0,102690.0,102635.0,36.0
2020.04.23,102750.0,-75.0,102705.0,102765.0,102705.0,21.0
2020.04.22,102825.0,90.0,102880.0,102880.0,102790.0,8.0
2020.04.21,102735.0,-185.0,102940.0,102940.0,102715.0,607.0
2020.04.20,102920.0,25.0,102880.0,102920.0,102790.0,348.0
2020.04.17,102895.0,-10.0,102935.0,102935.0,102895.0,835.0
2020.04.16,102905.0,100.0,102940.0,102940.0,102905.0,5.0
2020.04.14,102805.0,-70.0,102835.0,102845.0,102680.0,46.0
2020.04.13,102875.0,-60.0,102955.0,102955.0,102795.0,745.0
2020.04.10,102935.0,115.0,102880.0,102955.0,102875.0,13.0
2020.04.09,102820.0,320.0,102665.0,102820.0,102585.0,14.0
2020.04.08,102500.0,120.0,102485.0,102505.0,102445.0,1006.0
2020.04.07,102380.0,-35.0,102415.0,102455.0,102380.0,27.0
2020.04.06,102415.0,125.0,102260.0,102415.0,102260.0,9.0
2020.04.03,102290.0,-35.0,102345.0,102345.0,102230.0,7.0
2020.04.02,102325.0,105.0,102210.0,102325.0,102210.0,7.0
2020.04.01,102220.0,10.0,102315.0,102335.0,102220.0,1009.0
2020.03.31,102210.0,-35.0,101970.0,102210.0,101915.0,16.0
2020.03.30,102245.0,-110.0,102260.0,102345.0,102205.0,1118.0
2020.03.27,102355.0,105.0,102295.0,102490.0,102295.0,521.0
2020.03.26,102250.0,510.0,101915.0,102290.0,101820.0,165.0
2020.03.25,101740.0,-185.0,101740.0,101935.0,101740.0,44.0
2020.03.24,101925.0,275.0,101805.0,101925.0,101805.0,28.0
2020.03.23,101650.0,-230.0,101975.0,101975.0,101580.0,47.0
2020.03.20,101880.0,75.0,101965.0,102080.0,101880.0,59.0
2020.03.19,101805.0,-895.0,102475.0,102475.0,101530.0,70.0
2020.03.18,102700.0,-150.0,102835.0,102835.0,102700.0,17.0
2020.03.17,102850.0,370.0,102810.0,102950.0,102635.0,189.0
2020.03.16,102480.0,-105.0,102760.0,102760.0,102480.0,47.0
2020.03.13,102585.0,-255.0,102540.0,102665.0,102130.0,20.0
2020.03.12,102840.0,-50.0,102785.0,102865.0,102785.0,41.0
2020.03.11,102890.0,-45.0,102910.0,102970.0,102795.0,1073.0
2020.03.10,102935.0,-25.0,102995.0,103035.0,102935.0,415.0
2020.03.09,102960.0,-70.0,103080.0,103230.0,102960.0,457.0
2020.03.06,103030.0,-75.0,103150.0,103195.0,103030.0,120.0
2020.03.05,103105.0,-35.0,103065.0,103150.0,102955.0,37.0
2020.03.04,103140.0,365.0,102915.0,103220.0,102915.0,85.0
2020.03.03,102775.0,-65.0,102625.0,102845.0,102625.0,16.0
2020.03.02,102840.0,60.0,103035.0,103145.0,102840.0,658.0
2020.02.28,102780.0,320.0,102580.0,102780.0,102580.0,149.0
2020.02.27,102460.0,-220.0,102725.0,102725.0,102415.0,21.0
2020.02.26,102680.0,95.0,102640.0,102680.0,102560.0,163.0
2020.02.25,102585.0,-95.0,102635.0,102705.0,102525.0,116.0
2020.02.24,102680.0,245.0,102470.0,102720.0,102470.0,589.0
2020.02.21,102435.0,240.0,102335.0,102435.0,102265.0,21.0
2020.02.20,102195.0,270.0,102030.0,102195.0,102030.0,13.0
2020.02.19,101925.0,-50.0,101985.0,102175.0,101925.0,7.0
2020.02.18,101975.0,240.0,101845.0,102010.0,101845.0,30.0
2020.02.17,101735.0,-30.0,101685.0,101735.0,101635.0,362.0
2020.02.14,101765.0,-105.0,101960.0,101960.0,101760.0,99.0
2020.02.13,101870.0,15.0,101910.0,101910.0,101835.0,17.0
2020.02.12,101855.0,-20.0,101875.0,101875.0,101835.0,1996.0
2020.02.11,101875.0,-20.0,101880.0,101880.0,101810.0,30.0
2020.02.10,101895.0,-30.0,101975.0,101975.0,101880.0,9.0
2020.02.07,101925.0,150.0,101825.0,101925.0,101755.0,717.0
2020.02.06,101775.0,25.0,101780.0,101810.0,101670.0,3304.0
2020.02.05,101750.0,-45.0,101625.0,101750.0,101625.0,280.0
2020.02.04,101795.0,-120.0,101910.0,101910.0,101720.0,146.0
2020.02.03,101915.0,55.0,101945.0,101945.0,101875.0,34.0
2020.01.31,101860.0,25.0,101860.0,101860.0,101820.0,46.0
2020.01.30,101835.0,240.0,101765.0,101895.0,101765.0,37.0
2020.01.29,101595.0,30.0,101545.0,101595.0,101540.0,24.0
2020.01.28,101565.0,325.0,101645.0,101645.0,101520.0,131.0
2020.01.23,101240.0,85.0,101240.0,101285.0,101240.0,6.0
2020.01.22,101155.0,-70.0,101315.0,101315.0,101155.0,33.0
2020.01.21,101225.0,210.0,101035.0,101225.0,100925.0,2861.0
2020.01.20,101015.0,-175.0,101130.0,101130.0,100990.0,9.0
2020.01.17,101190.0,-55.0,101190.0,101210.0,101150.0,1728.0
2020.01.16,101245.0,-45.0,101240.0,101355.0,101240.0,17.0
2020.01.15,101290.0,95.0,101320.0,101320.0,101260.0,9.0
2020.01.14,101195.0,145.0,101050.0,101195.0,101015.0,40059.0
2020.01.13,101050.0,-60.0,101100.0,101100.0,101010.0,26.0
2020.01.10,101110.0,-100.0,101185.0,101185.0,101005.0,187.0
2020.01.09,101210.0,-245.0,101325.0,101400.0,101210.0,22.0
2020.01.08,101455.0,-75.0,101605.0,101610.0,101450.0,37.0
2020.01.07,101530.0,-225.0,101760.0,101760.0,101510.0,1581.0
2020.01.06,101755.0,105.0,101815.0,101850.0,101725.0,206.0
2020.01.03,101650.0,190.0,101510.0,101650.0,101440.0,22024.0
2020.01.02,101460.0,130.0,101325.0,101460.0,101265.0,191.0
2019.12.30,101330.0,50.0,101270.0,101330.0,101250.0,145685.0
2019.12.27,101280.0,-60.0,101245.0,101305.0,101245.0,21.0
2019.12.26,103840.0,0.0,103840.0,103845.0,103770.0,58.0
2019.12.24,103840.0,60.0,103805.0,103840.0,103805.0,29.0
2019.12.23,103780.0,45.0,103780.0,103800.0,103710.0,532.0
2019.12.20,103735.0,-50.0,103770.0,103770.0,103695.0,9.0
2019.12.19,103785.0,-60.0,103820.0,103820.0,103785.0,25.0
2019.12.18,103845.0,50.0,103835.0,103845.0,103765.0,4468.0
2019.12.17,103795.0,100.0,103745.0,103815.0,103725.0,21.0
2019.12.16,103695.0,60.0,103675.0,103695.0,103675.0,6.0
2019.12.13,103635.0,-100.0,103515.0,103635.0,103500.0,21.0
2019.12.12,103735.0,80.0,103735.0,103745.0,103705.0,38.0
2019.12.11,103655.0,-30.0,103655.0,103655.0,103640.0,78.0
2019.12.10,103685.0,90.0,103665.0,103685.0,103625.0,15.0
2019.12.09,103595.0,-10.0,103515.0,103595.0,103510.0,7.0
2019.12.06,103605.0,-25.0,103605.0,103605.0,103570.0,122.0
2019.12.05,103630.0,30.0,103630.0,103630.0,103630.0,5.0
2019.12.04,103600.0,210.0,103385.0,103600.0,103385.0,25.0
2019.12.03,103390.0,-185.0,103515.0,103515.0,103335.0,22.0
2019.12.02,103575.0,-50.0,103655.0,103655.0,103540.0,21.0
2019.11.29,103625.0,170.0,103545.0,103625.0,103545.0,10.0
2019.11.28,103455.0,45.0,103420.0,103500.0,103420.0,37.0
2019.11.27,103410.0,200.0,103315.0,103410.0,103305.0,107.0
2019.11.26,103210.0,-55.0,103205.0,103210.0,103205.0,25.0
2019.11.25,103265.0,-90.0,103310.0,103315.0,103245.0,43.0
2019.11.22,103355.0,-60.0,103405.0,103405.0,103240.0,1490.0
2019.11.21,103415.0,55.0,103415.0,103495.0,103400.0,102.0
2019.11.20,103360.0,165.0,103350.0,103395.0,103325.0,48.0
2019.11.19,103195.0,180.0,103110.0,103195.0,103110.0,37.0
2019.11.18,103015.0,15.0,103015.0,103050.0,102980.0,87.0
2019.11.15,103000.0,-20.0,103060.0,103060.0,102980.0,10.0
2019.11.14,103020.0,200.0,103025.0,103025.0,102925.0,216.0
2019.11.13,102820.0,5.0,102775.0,102820.0,102775.0,13.0
2019.11.12,102815.0,15.0,102890.0,103065.0,102815.0,1566.0
2019.11.11,102800.0,40.0,102815.0,102815.0,102715.0,3164.0
2019.11.08,102760.0,0.0,102450.0,102760.0,102450.0,901.0
2019.11.07,102760.0,135.0,102825.0,102825.0,102760.0,6.0
2019.11.06,102625.0,-30.0,102665.0,102665.0,102590.0,54.0
2019.11.05,102655.0,-125.0,102640.0,102685.0,102430.0,69.0
2019.11.04,102780.0,-345.0,103075.0,103075.0,102780.0,27.0
2019.11.01,103125.0,15.0,103175.0,103210.0,103055.0,14.0
2019.10.31,103110.0,100.0,103215.0,103215.0,103070.0,120.0
2019.10.30,103010.0,180.0,102940.0,103085.0,102940.0,18.0
2019.10.29,102830.0,-190.0,102755.0,102905.0,102755.0,30.0
2019.10.28,103020.0,-390.0,103255.0,103255.0,102955.0,2096.0
2019.10.25,103410.0,-80.0,103515.0,103515.0,103405.0,20.0
2019.10.24,103490.0,-50.0,103595.0,103595.0,103465.0,527.0
2019.10.23,103540.0,70.0,103495.0,103610.0,103495.0,11.0
2019.10.22,103470.0,-90.0,103395.0,103470.0,103395.0,23.0
2019.10.21,103560.0,-140.0,103650.0,103650.0,103505.0,12.0
2019.10.18,103700.0,-90.0,103730.0,103730.0,103610.0,21.0
2019.10.17,103790.0,-255.0,103980.0,103980.0,103705.0,51.0
2019.10.16,104045.0,-130.0,104090.0,104090.0,103970.0,27.0
2019.10.15,104175.0,35.0,104180.0,104215.0,104105.0,25.0
2019.10.14,104140.0,0.0,104180.0,104180.0,104140.0,584.0
2019.10.11,104140.0,-175.0,104145.0,104145.0,104075.0,6.0
2019.10.10,104315.0,-55.0,104385.0,104420.0,104315.0,11.0
2019.10.08,104370.0,-170.0,104440.0,104440.0,104365.0,9.0
2019.10.07,104540.0,100.0,104645.0,104645.0,104540.0,137.0
2019.10.04,104440.0,365.0,104280.0,104440.0,104280.0,153.0
2019.10.02,104075.0,50.0,104110.0,104110.0,104025.0,58.0
2019.10.01,104025.0,-110.0,104135.0,104165.0,104015.0,28.0
2019.09.30,104135.0,50.0,104110.0,104175.0,104095.0,122.0
2019.09.27,104085.0,30.0,104085.0,104085.0,104085.0,10.0
2019.09.26,104055.0,5.0,104050.0,104055.0,104020.0,6.0
2019.09.25,104050.0,155.0,104050.0,104050.0,104050.0,5.0
2019.09.24,103895.0,-35.0,103000.0,103955.0,103000.0,9.0
2019.09.23,103930.0,105.0,103970.0,103970.0,103895.0,6735.0
2019.09.20,103825.0,-185.0,103920.0,103920.0,103825.0,25.0
2019.09.19,104010.0,105.0,103980.0,104010.0,103820.0,614.0
2019.09.18,103905.0,115.0,103815.0,103940.0,103785.0,61449.0
2019.09.17,103790.0,-5.0,103705.0,103795.0,103705.0,1108.0
2019.09.16,103795.0,-480.0,104050.0,104050.0,103795.0,152.0
2019.09.11,104275.0,-55.0,104310.0,104310.0,104200.0,68.0
2019.09.10,104330.0,35.0,104330.0,104330.0,104320.0,9.0
2019.09.09,104295.0,45.0,104300.0,104300.0,104290.0,90.0
2019.09.06,104250.0,-35.0,104205.0,104285.0,104120.0,296.0
2019.09.05,104285.0,-190.0,104455.0,104455.0,104205.0,108.0
2019.09.04,104475.0,115.0,104530.0,104550.0,104475.0,8.0
2019.09.03,104360.0,-70.0,104445.0,104455.0,104360.0,17.0
2019.09.02,104430.0,-285.0,104635.0,104635.0,104430.0,114.0
2019.08.30,104715.0,-70.0,104775.0,104795.0,104650.0,170.0
2019.08.29,104785.0,190.0,104750.0,104785.0,104700.0,233.0
2019.08.28,104595.0,-195.0,104790.0,104790.0,104590.0,170.0
2019.08.27,104790.0,-240.0,104995.0,104995.0,104745.0,64.0
2019.08.26,105030.0,340.0,105035.0,105035.0,104950.0,117.0
2019.08.23,104690.0,-95.0,104855.0,104855.0,104690.0,8.0
2019.08.22,104785.0,-115.0,104700.0,104825.0,104700.0,6.0
2019.08.21,104900.0,-160.0,105100.0,105100.0,104900.0,7.0
2019.08.20,105060.0,-30.0,105060.0,105100.0,105060.0,2849.0
2019.08.19,105090.0,40.0,105090.0,105090.0,105090.0,24.0
2019.08.16,105050.0,200.0,105080.0,105110.0,105010.0,7.0
2019.08.14,104850.0,80.0,104815.0,104850.0,104770.0,275.0
2019.08.13,104770.0,190.0,104805.0,104805.0,104675.0,15960.0
2019.08.12,104580.0,-70.0,104695.0,104695.0,104580.0,59.0
2019.08.09,104650.0,-165.0,104730.0,104730.0,104650.0,24.0
2019.08.08,104815.0,-30.0,104775.0,104815.0,104775.0,5.0
2019.08.07,104845.0,95.0,104845.0,104885.0,104815.0,65.0
2019.08.06,104750.0,100.0,104975.0,104975.0,104680.0,354.0
2019.08.05,104650.0,395.0,104410.0,104650.0,104375.0,397.0
2019.08.02,104255.0,160.0,104255.0,104255.0,104250.0,1043.0
2019.08.01,104095.0,-50.0,104170.0,104170.0,104095.0,262.0
2019.07.31,104145.0,40.0,104085.0,104145.0,104075.0,24544.0
2019.07.30,104105.0,45.0,104020.0,104105.0,104020.0,6.0
2019.07.29,104060.0,-5.0,104090.0,104090.0,103980.0,49.0
2019.07.26,104065.0,70.0,104065.0,104065.0,104060.0,236.0
2019.07.25,103995.0,110.0,103950.0,103995.0,103915.0,28.0
2019.07.24,103885.0,-5.0,103855.0,103885.0,103850.0,13.0
2019.07.23,103890.0,0.0,103890.0,103930.0,103890.0,16.0
2019.07.22,103890.0,0.0,103925.0,103925.0,103890.0,36.0
2019.07.19,103890.0,220.0,103860.0,103920.0,103850.0,18.0
2019.07.18,103670.0,225.0,103580.0,103670.0,103575.0,22.0
2019.07.17,103445.0,75.0,103405.0,103495.0,103400.0,114.0
2019.07.16,103370.0,-5.0,103405.0,103405.0,103370.0,13220.0
2019.07.15,103375.0,-35.0,103420.0,103460.0,103345.0,16.0
2019.07.12,103410.0,-75.0,103405.0,103410.0,103330.0,18.0
2019.07.11,103485.0,80.0,103495.0,103500.0,103460.0,5.0
2019.07.10,103405.0,-70.0,103405.0,103405.0,103405.0,15.0
2019.07.09,103475.0,125.0,103435.0,103475.0,103430.0,55.0
2019.07.08,103350.0,-145.0,103290.0,103350.0,103290.0,168.0
2019.07.05,103495.0,65.0,103495.0,103570.0,103490.0,59.0
2019.07.04,103430.0,105.0,103385.0,103470.0,103385.0,102.0
2019.07.03,103325.0,200.0,103245.0,103360.0,103245.0,2064.0
2019.07.02,103125.0,30.0,103100.0,103125.0,103050.0,19.0
2019.07.01,103095.0,-15.0,103070.0,103110.0,103070.0,13.0
2019.06.28,103110.0,75.0,103075.0,103155.0,103075.0,30.0
2019.06.27,103035.0,15.0,103010.0,103040.0,102955.0,873.0
2019.06.26,103020.0,-170.0,103060.0,103060.0,103020.0,74.0
2019.06.25,103190.0,-100.0,103270.0,103295.0,103190.0,41.0
2019.06.24,103290.0,-25.0,103260.0,103290.0,103200.0,17.0
2019.06.21,103315.0,-60.0,103350.0,103350.0,103240.0,1011.0
2019.06.20,103375.0,325.0,103100.0,103375.0,103100.0,161137.0
2019.06.19,103050.0,20.0,103030.0,103080.0,102985.0,159054.0
2019.06.18,103030.0,15.0,102980.0,103035.0,102970.0,164769.0
2019.06.17,103015.0,-50.0,103110.0,103110.0,102975.0,223921.0
2019.06.14,103065.0,35.0,102970.0,103085.0,102945.0,371549.0
2019.06.13,103030.0,10.0,103040.0,103120.0,102950.0,388977.0
2019.06.12,103020.0,300.0,102730.0,103020.0,102720.0,330156.0
2019.06.11,102720.0,-55.0,102730.0,102770.0,102685.0,307057.0
2019.06.10,102775.0,-65.0,102810.0,102820.0,102710.0,271973.0
2019.06.07,102840.0,130.0,102750.0,102855.0,102685.0,41097.0
2019.06.05,102710.0,90.0,102620.0,102710.0,102615.0,77984.0
2019.06.04,102620.0,10.0,102640.0,102710.0,102610.0,75955.0
2019.06.03,102610.0,20.0,102695.0,102695.0,102580.0,102613.0
2019.05.31,102590.0,210.0,102155.0,102620.0,102155.0,22.0
2019.05.30,102380.0,-15.0,102385.0,102395.0,102330.0,811.0
2019.05.29,102395.0,195.0,102320.0,102400.0,102320.0,54.0
2019.05.28,102200.0,-45.0,102285.0,102285.0,102195.0,28.0
2019.05.27,102245.0,-40.0,102250.0,102250.0,102205.0,5.0
2019.05.24,102285.0,90.0,102330.0,102330.0,102250.0,10.0
2019.05.23,102195.0,175.0,102170.0,102195.0,102165.0,10.0
2019.05.22,102020.0,-15.0,102050.0,102095.0,102015.0,1045.0
2019.05.21,102035.0,20.0,102025.0,102045.0,101990.0,2527.0
2019.05.20,102015.0,0.0,102020.0,102020.0,102005.0,5.0
2019.05.17,102015.0,15.0,102025.0,102025.0,102015.0,5.0
2019.05.16,102000.0,135.0,101955.0,102000.0,101955.0,19.0
2019.05.15,101865.0,20.0,101860.0,101865.0,101855.0,5.0
2019.05.14,101845.0,50.0,101900.0,101900.0,101770.0,78.0
2019.05.13,101795.0,-60.0,101860.0,101860.0,101795.0,5.0
2019.05.10,101855.0,-10.0,101850.0,101900.0,101770.0,2399.0
2019.05.09,101865.0,115.0,101850.0,101870.0,101775.0,36.0
2019.05.08,101750.0,-60.0,101875.0,101875.0,101750.0,39.0
2019.05.07,101810.0,115.0,101905.0,101905.0,101810.0,5.0
2019.05.03,101695.0,-50.0,101705.0,101790.0,101695.0,31.0
2019.05.02,101745.0,-150.0,101895.0,101895.0,101745.0,17.0
2019.04.30,101895.0,65.0,101770.0,101895.0,101770.0,27.0
2019.04.29,101830.0,55.0,101830.0,101830.0,101830.0,5.0
2019.04.26,101775.0,50.0,101750.0,101780.0,101700.0,65.0
2019.04.25,101725.0,160.0,101790.0,101870.0,101725.0,233.0
2019.04.24,101565.0,50.0,101520.0,101600.0,101510.0,65.0
2019.04.23,101515.0,35.0,101465.0,101560.0,101430.0,90.0
2019.04.22,101480.0,-110.0,101540.0,101540.0,101450.0,220.0
2019.04.19,101590.0,-40.0,101680.0,101680.0,101580.0,8.0
2019.04.18,101630.0,245.0,101440.0,101630.0,101440.0,6.0
2019.04.17,101385.0,-115.0,101475.0,101475.0,101365.0,137.0
2019.04.16,101500.0,10.0,101500.0,101545.0,101500.0,11.0
2019.04.15,101490.0,-135.0,101495.0,101495.0,101415.0,18.0
2019.04.12,101625.0,-85.0,101620.0,101625.0,101615.0,15.0
2019.04.11,101710.0,75.0,101710.0,101710.0,101665.0,5.0
2019.04.10,101635.0,-5.0,101680.0,101680.0,101555.0,155.0
2019.04.09,101640.0,-40.0,101640.0,101645.0,101640.0,6.0
2019.04.08,101680.0,100.0,101600.0,101720.0,101590.0,61.0
2019.04.05,101580.0,-55.0,101625.0,101625.0,101580.0,80.0
2019.04.04,101635.0,-30.0,101665.0,101665.0,101590.0,16.0
2019.04.03,101665.0,-75.0,101730.0,101760.0,101630.0,100.0
2019.04.02,101740.0,30.0,101570.0,101740.0,101570.0,7.0
2019.04.01,101710.0,-135.0,101830.0,101830.0,101680.0,89.0
2019.03.29,101845.0,50.0,101815.0,101845.0,101780.0,16.0
2019.03.28,101795.0,240.0,101630.0,101795.0,101630.0,63.0
2019.03.27,101555.0,115.0,101485.0,101555.0,101485.0,10.0
2019.03.26,101440.0,-15.0,101485.0,101485.0,101435.0,156.0
2019.03.25,101455.0,175.0,101330.0,101465.0,101330.0,35.0
2019.03.22,101280.0,105.0,101285.0,101285.0,101245.0,55.0
2019.03.21,101175.0,70.0,101115.0,101175.0,101115.0,37.0
2019.03.20,101105.0,30.0,101065.0,101110.0,101065.0,5.0
2019.03.19,101075.0,40.0,101040.0,101075.0,101015.0,7.0
2019.03.18,101035.0,-45.0,101085.0,101085.0,101035.0,12.0
2019.03.15,101080.0,-45.0,101120.0,101120.0,101050.0,25.0
2019.03.14,101125.0,5.0,101125.0,101130.0,101125.0,5.0
2019.03.13,101120.0,100.0,101100.0,101120.0,101095.0,22.0
2019.03.12,101020.0,-35.0,101055.0,101055.0,100980.0,8.0
2019.03.11,101055.0,20.0,101055.0,101055.0,101055.0,5.0
2019.03.08,101035.0,65.0,101030.0,101035.0,100950.0,22.0
2019.03.07,100970.0,70.0,100970.0,100970.0,100970.0,5.0
2019.03.06,100900.0,5.0,100890.0,100900.0,100890.0,5.0
2019.03.05,100895.0,-25.0,100900.0,100900.0,100815.0,69.0
2019.03.04,100920.0,-90.0,100885.0,100920.0,100855.0,55.0
2019.02.28,101010.0,40.0,101005.0,101015.0,101000.0,34.0
2019.02.27,100970.0,40.0,101000.0,101010.0,100970.0,14.0
2019.02.26,100930.0,-35.0,100930.0,100930.0,100930.0,18.0
2019.02.25,100965.0,10.0,100975.0,100975.0,100890.0,32.0
2019.02.22,100955.0,5.0,100955.0,100960.0,100955.0,24.0
2019.02.21,100950.0,-10.0,100995.0,100995.0,100945.0,5.0
2019.02.20,100960.0,-15.0,101030.0,101030.0,100960.0,7.0
2019.02.19,100975.0,-20.0,100985.0,100985.0,100975.0,26.0
2019.02.18,100995.0,-80.0,101080.0,101080.0,100995.0,76.0
2019.02.15,101075.0,105.0,101045.0,101075.0,101040.0,5.0
2019.02.14,100970.0,20.0,100975.0,100975.0,100955.0,9015.0
2019.02.13,100950.0,-45.0,101000.0,101000.0,100925.0,27.0
2019.02.12,100995.0,-5.0,101045.0,101045.0,100995.0,30.0
2019.02.11,101000.0,65.0,101015.0,101015.0,101000.0,5.0
2019.02.08,100935.0,40.0,100925.0,100935.0,100925.0,6.0
2019.02.07,100895.0,50.0,100900.0,100905.0,100895.0,55.0
2019.02.01,100845.0,85.0,100855.0,100855.0,100840.0,5.0
2019.01.31,100760.0,65.0,100750.0,100760.0,100750.0,17.0
2019.01.30,100695.0,-40.0,100755.0,100755.0,100695.0,6.0
2019.01.29,100735.0,-35.0,100780.0,100780.0,100735.0,33.0
2019.01.28,100770.0,-20.0,100775.0,100775.0,100705.0,17.0
2019.01.25,100790.0,-40.0,100835.0,100835.0,100750.0,12.0
2019.01.24,100830.0,0.0,100870.0,100870.0,100800.0,21.0
2019.01.23,100830.0,105.0,100830.0,100830.0,100800.0,5.0
2019.01.22,100725.0,10.0,100710.0,100725.0,100710.0,29.0
2019.01.21,100715.0,-40.0,100680.0,100720.0,100680.0,7014.0
2019.01.18,100755.0,-50.0,100725.0,100760.0,100725.0,15.0
2019.01.17,100805.0,-20.0,100830.0,100830.0,100735.0,18.0
2019.01.16,100825.0,-25.0,100865.0,100865.0,100825.0,5.0
2019.01.15,100850.0,60.0,100850.0,100850.0,100810.0,6.0
2019.01.14,100790.0,20.0,100765.0,100790.0,100765.0,6.0
2019.01.11,100770.0,40.0,100815.0,100815.0,100770.0,25.0
2019.01.10,100730.0,65.0,100715.0,100735.0,100715.0,5.0
2019.01.09,100665.0,-60.0,100620.0,100665.0,100620.0,12.0
2019.01.08,100725.0,-10.0,100725.0,100725.0,100650.0,60.0
2019.01.07,100735.0,-10.0,100660.0,100735.0,100660.0,7.0
2019.01.04,100745.0,-15.0,100755.0,100755.0,100710.0,31.0
2019.01.03,100760.0,40.0,100760.0,100760.0,100750.0,106.0
2019.01.02,100720.0,55.0,100710.0,100725.0,100640.0,25.0
2018.12.28,100665.0,-35.0,100750.0,100750.0,100645.0,713.0
2018.12.27,100700.0,115.0,100650.0,100700.0,100650.0,7.0
2018.12.26,103820.0,45.0,103815.0,103830.0,103815.0,180.0
2018.12.24,103775.0,-65.0,103825.0,103825.0,103745.0,21.0
2018.12.21,103840.0,-205.0,103970.0,103970.0,103835.0,25.0
2018.12.20,104045.0,55.0,104100.0,104100.0,104005.0,5.0
2018.12.19,103990.0,130.0,103960.0,103990.0,103955.0,5.0
2018.12.18,103860.0,45.0,103830.0,103895.0,103785.0,27.0
2018.12.17,103815.0,80.0,103825.0,103855.0,103815.0,8.0
2018.12.14,103735.0,15.0,103740.0,103740.0,103735.0,5.0
2018.12.13,103720.0,-15.0,103685.0,103730.0,103685.0,5.0
2018.12.12,103735.0,-55.0,103770.0,103770.0,103720.0,5.0
2018.12.11,103790.0,20.0,103825.0,103825.0,103770.0,6505.0
2018.12.10,103770.0,-15.0,103775.0,103815.0,103770.0,67.0
2018.12.07,103785.0,40.0,103830.0,103830.0,103745.0,10.0
2018.12.06,103745.0,350.0,103525.0,103785.0,103525.0,11.0
2018.12.05,103395.0,60.0,103380.0,103395.0,103375.0,6.0
2018.12.04,103335.0,100.0,103335.0,103335.0,103285.0,5.0
2018.12.03,103235.0,-85.0,103280.0,103280.0,103195.0,15.0
2018.11.30,103320.0,45.0,103305.0,103355.0,103235.0,10.0
2018.11.29,103275.0,110.0,103270.0,103275.0,103255.0,9.0
2018.11.28,103165.0,20.0,103210.0,103210.0,103135.0,5.0
2018.11.27,103145.0,10.0,103130.0,103145.0,103130.0,6.0
2018.11.26,103135.0,25.0,103140.0,103140.0,103050.0,40.0
2018.11.23,103110.0,170.0,103025.0,103110.0,103025.0,10013.0
2018.11.22,102940.0,15.0,102935.0,102980.0,102900.0,535.0
2018.11.21,102925.0,-25.0,102935.0,102935.0,102915.0,6505.0
2018.11.20,102950.0,-5.0,102965.0,102965.0,102950.0,5.0
2018.11.19,102955.0,140.0,102960.0,102960.0,102955.0,5.0
2018.11.16,102815.0,0.0,102865.0,103095.0,102740.0,6031.0
2018.11.15,102815.0,-120.0,102945.0,102945.0,102815.0,2006.0
2018.11.14,102935.0,80.0,102890.0,102935.0,102890.0,5.0
2018.11.13,102855.0,-10.0,102945.0,102945.0,102820.0,5.0
2018.11.12,102865.0,95.0,102870.0,102870.0,102830.0,5.0
2018.11.09,102770.0,80.0,102730.0,102810.0,102730.0,5.0
2018.11.08,102690.0,45.0,102855.0,102855.0,102650.0,7.0
2018.11.07,102645.0,40.0,102560.0,102645.0,102520.0,4006.0
2018.11.06,102605.0,50.0,102560.0,102605.0,102530.0,23.0
2018.11.05,102555.0,10.0,102520.0,102590.0,102520.0,5.0
2018.11.02,102545.0,-150.0,102680.0,102680.0,102500.0,16.0
2018.11.01,102695.0,-65.0,102725.0,102725.0,102600.0,44.0
2018.10.31,102760.0,-165.0,102845.0,102890.0,102760.0,5217.0
2018.10.30,102925.0,-15.0,103095.0,103095.0,102925.0,105.0
2018.10.29,102940.0,240.0,102725.0,102940.0,102725.0,8.0
2018.10.26,102700.0,145.0,102580.0,102700.0,102575.0,9.0
2018.10.25,102555.0,130.0,102570.0,102570.0,102535.0,5.0
2018.10.24,102425.0,10.0,102425.0,102425.0,102345.0,3249.0
2018.10.23,102415.0,70.0,102285.0,102415.0,102250.0,7209.0
2018.10.22,102345.0,-55.0,102425.0,102445.0,102335.0,3605.0
2018.10.19,102400.0,50.0,102455.0,102455.0,102400.0,5.0
2018.10.18,102350.0,220.0,102230.0,102350.0,102225.0,15.0
2018.10.17,102130.0,110.0,102060.0,102145.0,102040.0,5019.0
2018.10.16,102020.0,70.0,102050.0,102050.0,101965.0,5.0
2018.10.15,101950.0,-10.0,101950.0,101985.0,101950.0,5.0
2018.10.12,101960.0,-55.0,102050.0,102050.0,101960.0,5.0
2018.10.11,102015.0,210.0,101900.0,102060.0,101900.0,112.0
2018.10.10,101805.0,-20.0,101700.0,101805.0,101700.0,5.0
2018.10.08,101825.0,60.0,101830.0,101830.0,101815.0,5.0
2018.10.05,101765.0,-115.0,101765.0,101800.0,101755.0,5.0
2018.10.04,101880.0,-175.0,101850.0,101905.0,101775.0,10.0
2018.10.02,102055.0,15.0,101985.0,102055.0,101985.0,5.0
2018.10.01,102040.0,-25.0,102075.0,102075.0,102010.0,7.0
2018.09.28,102065.0,105.0,101990.0,102070.0,101970.0,20.0
2018.09.27,101960.0,115.0,101985.0,101985.0,101815.0,5.0
2018.09.21,101845.0,-85.0,101865.0,101865.0,101830.0,7.0
2018.09.20,101930.0,-215.0,102105.0,102105.0,101930.0,20.0
2018.09.19,102145.0,-40.0,102145.0,102145.0,102105.0,28.0
2018.09.18,102185.0,-115.0,102225.0,102300.0,102185.0,17.0
2018.09.17,102300.0,-35.0,102270.0,102300.0,102245.0,8.0
2018.09.14,102335.0,-120.0,102480.0,102480.0,102335.0,31.0
2018.09.13,102455.0,-55.0,102550.0,102580.0,102450.0,43.0
2018.09.12,102510.0,65.0,102460.0,102510.0,102445.0,23.0
2018.09.11,102445.0,-45.0,102450.0,102495.0,102445.0,2585.0
2018.09.10,102490.0,65.0,102455.0,102490.0,102415.0,6.0
2018.09.07,102425.0,-50.0,102470.0,102470.0,102410.0,5.0
2018.09.06,102475.0,125.0,102480.0,102480.0,102365.0,37.0
2018.09.05,102350.0,-10.0,102315.0,102350.0,102315.0,201.0
2018.09.04,102360.0,30.0,102370.0,102370.0,102350.0,102.0
2018.09.03,102330.0,170.0,102280.0,102355.0,102280.0,2510.0
2018.08.31,102160.0,150.0,102025.0,102160.0,101990.0,38.0
2018.08.30,102010.0,-55.0,102050.0,102065.0,102005.0,12.0
2018.08.29,102065.0,45.0,102005.0,102065.0,101995.0,3509.0
2018.08.28,102020.0,10.0,102015.0,102020.0,102015.0,5.0
2018.08.27,102010.0,-5.0,102010.0,102045.0,102010.0,18.0
2018.08.24,102015.0,10.0,102050.0,102050.0,101990.0,5.0
2018.08.23,102005.0,-70.0,102040.0,102065.0,102005.0,5.0
2018.08.22,102075.0,80.0,102145.0,102145.0,102075.0,5.0
2018.08.21,101995.0,160.0,101950.0,101995.0,101930.0,4655.0
2018.08.20,101835.0,180.0,101855.0,101860.0,101830.0,103.0
2018.08.17,101655.0,160.0,101625.0,101655.0,101555.0,48.0
2018.08.16,101495.0,10.0,101475.0,101495.0,101475.0,6.0
2018.08.14,101485.0,-20.0,101485.0,101485.0,101475.0,1985.0
2018.08.13,101505.0,50.0,101540.0,101540.0,101470.0,26.0
2018.08.10,101455.0,105.0,101440.0,101455.0,101435.0,5.0
2018.08.09,101350.0,105.0,101310.0,101350.0,101305.0,5.0
2018.08.08,101245.0,10.0,101245.0,101245.0,101245.0,5.0
2018.08.07,101235.0,120.0,101195.0,101235.0,101195.0,7.0
2018.08.06,101115.0,50.0,101115.0,101115.0,101090.0,5.0
2018.08.03,101065.0,40.0,101085.0,101085.0,101050.0,15.0
2018.08.02,101025.0,15.0,100955.0,101025.0,100955.0,5.0
2018.08.01,101010.0,5.0,101060.0,101060.0,101005.0,20.0
2018.07.31,101005.0,-5.0,100995.0,101005.0,100950.0,1417.0
2018.07.30,101010.0,-25.0,101010.0,101010.0,100970.0,19.0
2018.07.27,101035.0,-120.0,101220.0,101220.0,101035.0,23.0
2018.07.26,101155.0,50.0,101130.0,101155.0,101130.0,1405.0
2018.07.25,101105.0,35.0,101075.0,101105.0,101075.0,115.0
2018.07.24,101070.0,-10.0,101060.0,101080.0,101045.0,6.0
2018.07.23,101080.0,-25.0,101100.0,101140.0,101055.0,262.0
2018.07.20,101105.0,30.0,101105.0,101105.0,101105.0,5.0
2018.07.19,101075.0,35.0,101075.0,101075.0,101075.0,5.0
2018.07.18,101040.0,20.0,101040.0,101040.0,100960.0,1112.0
2018.07.17,101020.0,70.0,101050.0,101050.0,101015.0,5.0
2018.07.16,100950.0,-35.0,101000.0,101030.0,100950.0,50.0
2018.07.13,100985.0,-30.0,101010.0,101010.0,100985.0,7.0
2018.07.12,101015.0,-30.0,101160.0,101160.0,101005.0,5.0
2018.07.11,101045.0,130.0,101020.0,101045.0,101020.0,905.0
2018.07.10,100915.0,35.0,100860.0,100915.0,100860.0,6.0
2018.07.09,100880.0,5.0,100920.0,100920.0,100855.0,7.0
2018.07.06,100875.0,-30.0,100980.0,100980.0,100875.0,5.0
2018.07.05,100905.0,135.0,100870.0,100940.0,100870.0,6.0
2018.07.04,100770.0,30.0,100720.0,100770.0,100720.0,63.0
2018.07.03,100740.0,-45.0,100805.0,100805.0,100740.0,1505.0
2018.07.02,100785.0,25.0,100795.0,100795.0,100700.0,55.0
2018.06.29,100760.0,-25.0,100800.0,100825.0,100755.0,15.0
2018.06.28,100785.0,125.0,100765.0,100785.0,100740.0,5.0
2018.06.27,100660.0,90.0,100595.0,100660.0,100595.0,5.0
2018.06.26,100570.0,35.0,100610.0,100610.0,100570.0,5.0
2018.06.25,100535.0,-15.0,100590.0,100590.0,100535.0,262.0
2018.06.22,100550.0,55.0,100590.0,100590.0,100550.0,15.0
2018.06.21,100495.0,80.0,100445.0,100495.0,100440.0,15.0
2018.06.20,100415.0,80.0,100415.0,100455.0,100415.0,6.0
2018.06.19,100335.0,50.0,100275.0,100335.0,100275.0,13.0
2018.06.18,100285.0,135.0,100240.0,100285.0,100240.0,1505.0
2018.06.15,100150.0,75.0,100080.0,100170.0,100080.0,5.0
2018.06.14,100075.0,30.0,100115.0,100115.0,100005.0,5.0
2018.06.12,100045.0,-20.0,100115.0,100115.0,100045.0,5.0
2018.06.11,100065.0,55.0,100095.0,100095.0,100055.0,5.0
2018.06.08,100010.0,65.0,99975.0,100010.0,99935.0,5.0
2018.06.07,99945.0,-10.0,99980.0,99980.0,99935.0,5.0
2018.06.05,99955.0,-50.0,99960.0,99960.0,99925.0,61.0
2018.06.04,100005.0,-70.0,100050.0,100050.0,100005.0,1045.0
2018.06.01,100075.0,55.0,100030.0,100075.0,100030.0,15.0
2018.05.31,100020.0,-25.0,100045.0,100085.0,100020.0,7.0
2018.05.30,100045.0,60.0,100210.0,100210.0,100045.0,5.0
2018.05.29,99985.0,75.0,99990.0,100060.0,99985.0,6.0
2018.05.28,99910.0,-70.0,100025.0,100025.0,99910.0,26.0
2018.05.25,99980.0,-25.0,100085.0,100085.0,99980.0,13.0
2018.05.24,100005.0,235.0,99965.0,100040.0,99955.0,5.0
2018.05.23,99770.0,25.0,99770.0,99770.0,99770.0,5.0
2018.05.21,99745.0,30.0,99785.0,99790.0,99745.0,5.0
2018.05.18,99715.0,100.0,99650.0,99715.0,99650.0,5.0
2018.05.17,99615.0,205.0,99530.0,99670.0,99530.0,16.0
2018.05.16,99410.0,20.0,99300.0,99410.0,99300.0,5.0
2018.05.15,99390.0,-50.0,99390.0,99465.0,99390.0,25.0
2018.05.14,99440.0,-55.0,99475.0,99475.0,99440.0,8.0
2018.05.11,99495.0,-15.0,99575.0,99575.0,99495.0,6.0
2018.05.10,99510.0,105.0,99395.0,99510.0,99395.0,6.0
2018.05.09,99405.0,45.0,99405.0,99405.0,99370.0,5.0
2018.05.08,99360.0,-110.0,99350.0,99360.0,99325.0,27.0
2018.05.04,99470.0,-135.0,99585.0,99585.0,99440.0,46.0
2018.05.03,99605.0,45.0,99655.0,99655.0,99605.0,7.0
2018.05.02,99560.0,-155.0,99635.0,99635.0,99560.0,5.0
2018.04.30,99715.0,-5.0,99820.0,99820.0,99705.0,20.0
2018.04.27,99720.0,195.0,99675.0,99720.0,99645.0,7.0
2018.04.26,99525.0,20.0,99445.0,99525.0,99445.0,5.0
2018.04.25,99505.0,-90.0,99560.0,99560.0,99505.0,5.0
2018.04.24,99595.0,-5.0,99520.0,99635.0,99520.0,5.0
2018.04.23,99600.0,-125.0,99640.0,99660.0,99595.0,5.0
2018.04.20,99725.0,-25.0,99725.0,99725.0,99685.0,7.0
2018.04.19,99750.0,-15.0,99750.0,99750.0,99695.0,9.0
2018.04.18,99765.0,-45.0,99850.0,99850.0,99765.0,10.0
2018.04.17,99810.0,-75.0,99890.0,99890.0,99805.0,8.0
2018.04.16,99885.0,-75.0,99885.0,99885.0,99880.0,6.0
2018.04.13,99960.0,50.0,99885.0,99960.0,99885.0,6.0
2018.04.12,99910.0,65.0,99945.0,99945.0,99910.0,6.0
2018.04.11,99845.0,80.0,99835.0,99875.0,99800.0,6.0
2018.04.10,99765.0,-80.0,99845.0,99885.0,99765.0,6.0
2018.04.09,99845.0,40.0,100060.0,100060.0,99775.0,6.0
2018.04.06,99805.0,35.0,99790.0,99805.0,99790.0,6.0
2018.04.05,99770.0,75.0,99730.0,99770.0,99730.0,6.0
2018.04.04,99695.0,70.0,99615.0,99695.0,99615.0,5.0
2018.04.03,99625.0,105.0,99625.0,99625.0,99585.0,5.0
2018.04.02,99520.0,-25.0,99520.0,99520.0,99515.0,6.0
2018.03.30,99545.0,55.0,99590.0,99590.0,99510.0,10.0
2018.03.29,99490.0,25.0,99595.0,99595.0,99420.0,66.0
2018.03.28,99465.0,100.0,99470.0,99470.0,99465.0,5.0
2018.03.27,99365.0,-5.0,99325.0,99365.0,99325.0,5.0
2018.03.26,99370.0,-45.0,99415.0,99445.0,99370.0,5.0
2018.03.23,99415.0,190.0,99420.0,99420.0,99405.0,5.0
2018.03.22,99225.0,110.0,99145.0,99225.0,99145.0,5.0
2018.03.21,99115.0,-5.0,99115.0,99120.0,99115.0,5.0
2018.03.20,99120.0,-60.0,99175.0,99175.0,99120.0,5.0
2018.03.19,99180.0,40.0,99365.0,99365.0,99140.0,5.0
2018.03.16,99140.0,-25.0,99180.0,99180.0,99140.0,5.0
2018.03.15,99165.0,115.0,99165.0,99205.0,99125.0,5.0
2018.03.14,99050.0,160.0,98970.0,99050.0,98970.0,5.0
2018.03.13,98890.0,-20.0,98925.0,98925.0,98890.0,5.0
2018.03.12,98910.0,-80.0,98985.0,98985.0,98910.0,5.0
2018.03.09,98990.0,-25.0,99065.0,99065.0,98990.0,5.0
2018.03.08,99015.0,75.0,98950.0,99015.0,98940.0,5.0
2018.03.07,98940.0,70.0,98905.0,98940.0,98905.0,5.0
2018.03.06,98870.0,10.0,98830.0,98870.0,98800.0,5.0
2018.03.05,98860.0,-85.0,98780.0,98860.0,98710.0,5.0
2018.03.02,98945.0,35.0,99045.0,99045.0,98945.0,5.0
2018.02.28,98910.0,-60.0,98910.0,98910.0,98875.0,10.0
2018.02.27,98970.0,85.0,99005.0,99005.0,98895.0,5.0
2018.02.26,98885.0,85.0,98925.0,98925.0,98885.0,5.0
2018.02.23,98800.0,80.0,98800.0,98800.0,98755.0,9.0
2018.02.22,98720.0,-10.0,98680.0,98720.0,98680.0,5.0
2018.02.21,98730.0,80.0,98695.0,98765.0,98660.0,5.0
2018.02.20,98650.0,-75.0,98725.0,98725.0,98650.0,15.0
2018.02.19,98725.0,-90.0,98800.0,98800.0,98710.0,14.0
2018.02.14,98815.0,85.0,98735.0,98815.0,98735.0,5.0
2018.02.13,98730.0,60.0,98730.0,98730.0,98655.0,5.0
2018.02.12,98670.0,-125.0,98755.0,98755.0,98670.0,5.0
2018.02.09,98795.0,-55.0,98830.0,98830.0,98790.0,5.0
2018.02.08,98850.0,20.0,98895.0,98895.0,98850.0,5.0
2018.02.07,98830.0,55.0,98750.0,98830.0,98720.0,5.0
2018.02.06,98775.0,90.0,99080.0,99080.0,98755.0,5.0
2018.02.05,98685.0,55.0,98610.0,98685.0,98610.0,5.0
2018.02.02,98630.0,-20.0,98510.0,98630.0,98510.0,5.0
2018.02.01,98650.0,115.0,98605.0,98650.0,98570.0,5.0
2018.01.31,98535.0,40.0,98440.0,98560.0,98440.0,8.0
2018.01.30,98495.0,-95.0,98535.0,98535.0,98415.0,28.0
2018.01.29,98590.0,-250.0,98790.0,98790.0,98545.0,39.0
2018.01.26,98840.0,-65.0,98920.0,98920.0,98840.0,7.0
2018.01.25,98905.0,-20.0,98945.0,98945.0,98890.0,15.0
2018.01.24,98925.0,20.0,99000.0,99000.0,98920.0,5.0
2018.01.23,98905.0,25.0,98825.0,98905.0,98825.0,27.0
2018.01.22,98880.0,-50.0,98920.0,98920.0,98805.0,5.0
2018.01.19,98930.0,-50.0,98965.0,98965.0,98895.0,5.0
2018.01.18,98980.0,190.0,98845.0,98980.0,98845.0,5.0
2018.01.17,98790.0,30.0,98750.0,98830.0,98750.0,10.0
2018.01.16,98760.0,50.0,98720.0,98760.0,98720.0,15.0
2018.01.15,98710.0,-205.0,98920.0,98920.0,98710.0,6.0
2018.01.12,98915.0,-75.0,98985.0,98990.0,98915.0,5.0
2018.01.11,98990.0,135.0,98875.0,98990.0,98875.0,15.0
2018.01.10,98855.0,-285.0,98950.0,98955.0,98855.0,5.0
2018.01.09,99140.0,-35.0,99180.0,99180.0,99140.0,5.0
2018.01.08,99175.0,-50.0,99240.0,99240.0,99160.0,5.0
2018.01.05,99225.0,105.0,99185.0,99230.0,99145.0,5.0
2018.01.04,99120.0,-125.0,99200.0,99200.0,99120.0,5.0
2018.01.03,99245.0,60.0,99205.0,99285.0,99205.0,5.0
2018.01.02,99185.0,65.0,99135.0,99185.0,99135.0,5.0
2017.12.28,99120.0,80.0,99080.0,99120.0,99080.0,5.0
2017.12.27,99040.0,-85.0,99160.0,99160.0,99015.0,5.0
2017.12.26,99125.0,20.0,99150.0,99150.0,99030.0,5.0
2017.12.22,99105.0,-120.0,99275.0,99275.0,99105.0,5.0
2017.12.21,99225.0,-70.0,99310.0,99310.0,99190.0,6.0
2017.12.20,99295.0,35.0,99255.0,99295.0,99210.0,7.0
2017.12.19,99260.0,-60.0,99295.0,99295.0,99260.0,5.0
2017.12.18,99320.0,-45.0,99400.0,99400.0,99320.0,5.0
2017.12.15,99365.0,-5.0,99325.0,99365.0,99325.0,5.0
2017.12.14,99370.0,55.0,99375.0,99460.0,99370.0,6.0
2017.12.13,99315.0,80.0,99275.0,99315.0,99275.0,6.0
2017.12.12,99235.0,30.0,99195.0,99235.0,99195.0,5.0
2017.12.11,99205.0,-10.0,99205.0,99245.0,99205.0,5.0
2017.12.08,99215.0,-30.0,99215.0,99215.0,99180.0,5.0
2017.12.07,99245.0,5.0,99245.0,99285.0,99245.0,5.0
2017.12.06,99240.0,35.0,99120.0,99240.0,99120.0,5.0
2017.12.05,99205.0,-15.0,99250.0,99250.0,99205.0,5.0
2017.12.04,99220.0,5.0,99185.0,99220.0,99105.0,35.0
2017.12.01,99215.0,-20.0,99210.0,99215.0,99210.0,5.0
2017.11.30,99235.0,200.0,99090.0,99235.0,99085.0,10.0
2017.11.29,99035.0,0.0,98990.0,99035.0,98990.0,5.0
2017.11.28,99035.0,180.0,98905.0,99035.0,98905.0,5.0
2017.11.27,98855.0,-40.0,98850.0,98885.0,98850.0,14.0
2017.11.24,98895.0,-20.0,98930.0,98940.0,98895.0,6.0
2017.11.23,98915.0,155.0,98840.0,98915.0,98835.0,9.0
2017.11.22,98760.0,70.0,98775.0,98775.0,98760.0,5.0
2017.11.21,98690.0,65.0,98685.0,98690.0,98685.0,5.0
2017.11.20,98625.0,35.0,98585.0,98630.0,98585.0,5.0
2017.11.17,98590.0,-45.0,98550.0,98590.0,98550.0,5.0
2017.11.16,98635.0,135.0,98595.0,98635.0,98595.0,5.0
2017.11.15,98500.0,35.0,98485.0,98500.0,98385.0,5.0
2017.11.14,98465.0,-60.0,98540.0,98540.0,98465.0,5.0
2017.11.13,98525.0,-140.0,98590.0,98590.0,98485.0,5.0
2017.11.10,98665.0,-5.0,98670.0,98670.0,98665.0,5.0
2017.11.09,98670.0,90.0,98635.0,98670.0,98630.0,5.0
2017.11.08,98580.0,-25.0,98620.0,98625.0,98580.0,5.0
2017.11.07,98605.0,80.0,98530.0,98605.0,98490.0,5.0
2017.11.06,98525.0,-75.0,98570.0,98570.0,98525.0,5.0
2017.11.03,98600.0,-25.0,98635.0,98725.0,98600.0,5.0
2017.11.02,98625.0,190.0,98600.0,98640.0,98600.0,5.0
2017.11.01,98435.0,-185.0,98390.0,98435.0,98345.0,5.0
2017.10.31,98620.0,80.0,98635.0,98635.0,98510.0,5.0
2017.10.30,98540.0,130.0,98385.0,98540.0,98385.0,5.0
2017.10.27,98410.0,-165.0,98455.0,98495.0,98205.0,5.0
2017.10.26,98575.0,-180.0,98695.0,98695.0,98575.0,5.0
2017.10.25,98755.0,-165.0,98885.0,98885.0,98755.0,5.0
2017.10.24,98920.0,-115.0,99045.0,99050.0,98740.0,6.0
2017.10.23,99035.0,55.0,98955.0,99115.0,98955.0,5.0
2017.10.20,98980.0,-480.0,99265.0,99265.0,98980.0,13.0
2017.10.19,99460.0,-90.0,99500.0,99585.0,99460.0,5.0
2017.10.18,99550.0,90.0,99550.0,99550.0,99550.0,5.0
2017.10.17,99460.0,-65.0,99455.0,99460.0,99455.0,5.0
2017.10.16,99525.0,-10.0,99520.0,99525.0,99485.0,5.0
2017.10.13,99535.0,5.0,99575.0,99580.0,99535.0,6.0
2017.10.12,99530.0,25.0,99485.0,99530.0,99485.0,5.0
2017.10.11,99505.0,115.0,99510.0,99510.0,99460.0,6.0
2017.10.10,99390.0,-335.0,99700.0,99700.0,99350.0,55.0
2017.09.29,99725.0,370.0,99715.0,99725.0,99675.0,11.0
2017.09.28,99355.0,-305.0,99495.0,99495.0,99355.0,5.0
2017.09.27,99660.0,-130.0,99820.0,99820.0,99660.0,5.0
2017.09.26,99790.0,-170.0,99900.0,99900.0,99790.0,5.0
2017.09.25,99960.0,20.0,100000.0,100000.0,99955.0,15.0
2017.09.22,99940.0,25.0,99945.0,99985.0,99940.0,5.0
2017.09.21,99915.0,-45.0,99870.0,99915.0,99870.0,7.0
2017.09.20,99960.0,40.0,99960.0,99960.0,99920.0,5.0
2017.09.19,99920.0,-95.0,100015.0,100015.0,99920.0,5.0
2017.09.18,100015.0,-45.0,100045.0,100045.0,100000.0,5.0
2017.09.15,100060.0,20.0,100015.0,100060.0,100015.0,5.0
2017.09.14,100040.0,-105.0,100035.0,100055.0,100035.0,5.0
2017.09.13,100145.0,150.0,100055.0,100145.0,100055.0,5.0
2017.09.12,99995.0,-105.0,99945.0,99995.0,99945.0,5.0
2017.09.11,100100.0,95.0,100135.0,100135.0,100095.0,5.0
2017.09.08,100005.0,155.0,99955.0,100005.0,99955.0,5.0
2017.09.07,99850.0,-110.0,99890.0,99890.0,99850.0,5.0
2017.09.06,99960.0,130.0,99880.0,99960.0,99870.0,8.0
2017.09.05,99830.0,-5.0,99835.0,99865.0,99830.0,5.0
2017.09.04,99835.0,-140.0,100300.0,100300.0,99795.0,5.0
2017.09.01,99975.0,-35.0,99980.0,99980.0,99975.0,5.0
2017.08.31,100010.0,-10.0,100010.0,100050.0,100010.0,10.0
2017.08.30,100020.0,80.0,99940.0,100020.0,99940.0,5.0
2017.08.29,99940.0,-40.0,99935.0,99940.0,99900.0,5.0
2017.08.28,99980.0,0.0,99980.0,99980.0,99975.0,5.0
2017.08.25,99980.0,180.0,99845.0,99980.0,99845.0,5.0
2017.08.24,99800.0,75.0,99810.0,99820.0,99800.0,5.0
2017.08.23,99725.0,-5.0,99725.0,99730.0,99725.0,5.0
2017.08.22,99730.0,-65.0,99775.0,99775.0,99730.0,5.0
2017.08.21,99795.0,30.0,99715.0,99795.0,99715.0,5.0
2017.08.18,99765.0,45.0,99775.0,99810.0,99765.0,5.0
2017.08.17,99720.0,95.0,99690.0,99725.0,99690.0,5.0
2017.08.16,99625.0,-50.0,99665.0,99665.0,99620.0,5.0
2017.08.14,99675.0,10.0,99690.0,99690.0,99675.0,100.0
2017.08.11,99665.0,90.0,99655.0,99705.0,99580.0,8.0
2017.08.10,99575.0,20.0,99570.0,99580.0,99530.0,5.0
2017.08.09,99555.0,-170.0,99595.0,99595.0,99555.0,5.0
2017.08.08,99725.0,-65.0,99820.0,99820.0,99725.0,2.0
2017.08.07,99790.0,-165.0,99815.0,99815.0,99790.0,2.0
2017.08.04,99955.0,75.0,99955.0,99955.0,99955.0,1.0
2017.08.03,99880.0,0.0,99880.0,99880.0,99880.0,0.0
2017.08.02,99880.0,15.0,99920.0,99920.0,99880.0,2.0
2017.08.01,99865.0,-80.0,99915.0,99915.0,99865.0,3.0
2017.07.31,99945.0,-85.0,99980.0,99985.0,99945.0,3.0
2017.07.28,100030.0,60.0,100030.0,100030.0,100030.0,1.0
2017.07.27,99970.0,85.0,99970.0,99970.0,99970.0,1.0
2017.07.26,99885.0,-145.0,99885.0,99885.0,99885.0,4.0
2017.07.25,100030.0,25.0,99980.0,100030.0,99975.0,6.0
2017.07.24,100005.0,30.0,100365.0,100365.0,100005.0,5.0
2017.07.21,99975.0,100.0,100170.0,100170.0,99940.0,7.0
2017.07.20,99875.0,60.0,100095.0,100095.0,99820.0,5.0
2017.07.19,99815.0,-5.0,99900.0,99900.0,99815.0,5.0
2017.07.18,99820.0,45.0,99735.0,99820.0,99735.0,5.0
2017.07.17,99775.0,-15.0,100070.0,100070.0,99770.0,8.0
2017.07.14,99790.0,-75.0,99785.0,99790.0,99785.0,3.0
2017.07.13,99865.0,125.0,99780.0,99865.0,99760.0,15.0
2017.07.12,99740.0,55.0,99710.0,99750.0,99710.0,5.0
2017.07.11,99685.0,20.0,99885.0,99885.0,99685.0,5.0
2017.07.10,99665.0,135.0,99535.0,99665.0,99535.0,6.0
2017.07.07,99530.0,-170.0,99535.0,99535.0,99530.0,6.0
2017.07.06,99700.0,5.0,99735.0,99735.0,99695.0,5.0
2017.07.05,99695.0,-55.0,99610.0,99695.0,99610.0,33.0
2017.07.04,99750.0,-85.0,99925.0,99925.0,99725.0,8.0
2017.07.03,99835.0,-55.0,99925.0,99925.0,99830.0,6.0
2017.06.30,99890.0,-65.0,99980.0,100025.0,99890.0,32.0
2017.06.29,99955.0,50.0,99970.0,99990.0,99905.0,12.0
