날짜,종가,전일비,시가,고가,저가,거래량
2026.07.15,34770.0,1105.0,33820.0,35145.0,33600.0,10785.0
2026.07.14,33665.0,180.0,32940.0,34865.0,32350.0,1313.0
2026.07.13,33485.0,-1435.0,35075.0,35945.0,33485.0,2818.0
2026.07.10,34920.0,250.0,34850.0,38200.0,34100.0,2499.0
2026.07.09,34670.0,-195.0,35145.0,35945.0,34270.0,730.0
2026.07.08,34865.0,-370.0,35235.0,35520.0,34000.0,1159.0
2026.07.07,35235.0,-1035.0,36565.0,37210.0,34640.0,1973.0
2026.07.06,36270.0,15.0,36255.0,37210.0,35500.0,1071.0
2026.07.03,36255.0,525.0,36020.0,36485.0,34800.0,1885.0
2026.07.02,35730.0,-1180.0,36000.0,36500.0,35000.0,11321.0
2026.07.01,36910.0,-295.0,37105.0,37700.0,36605.0,17755.0
2026.06.30,37205.0,565.0,36015.0,38485.0,36010.0,6343.0
2026.06.29,36640.0,425.0,35940.0,38200.0,35800.0,1021.0
2026.06.26,36215.0,-1680.0,37770.0,39635.0,36000.0,2734.0
2026.06.25,37895.0,560.0,37640.0,38330.0,37365.0,2642.0
2026.06.24,37335.0,-165.0,37800.0,39975.0,36235.0,3623.0
2026.06.23,37500.0,-1510.0,39010.0,39205.0,37400.0,1507.0
2026.06.22,39010.0,865.0,38145.0,39245.0,37190.0,4678.0
2026.06.19,38145.0,-50.0,38570.0,40000.0,37875.0,4108.0
2026.06.18,38195.0,1070.0,37050.0,38195.0,36655.0,2175.0
2026.06.17,37125.0,45.0,37085.0,38095.0,36630.0,2344.0
2026.06.16,37080.0,355.0,36985.0,38330.0,36580.0,2656.0
2026.06.15,36725.0,650.0,36365.0,36985.0,35585.0,5250.0
2026.06.12,36075.0,1180.0,35200.0,36960.0,35200.0,1721.0
2026.06.11,34895.0,240.0,34130.0,36955.0,33850.0,1084.0
2026.06.10,34655.0,-1345.0,36095.0,40000.0,34510.0,2440.0
2026.06.09,36000.0,1290.0,34730.0,36000.0,34730.0,1302.0
2026.06.08,34710.0,-1800.0,34600.0,36345.0,34420.0,10271.0
2026.06.05,36510.0,-1060.0,37570.0,37570.0,36510.0,43602.0
2026.06.04,37570.0,-630.0,39345.0,39345.0,37570.0,4274.0
2026.06.02,38200.0,780.0,37425.0,38230.0,37092.0,2799.0
2026.06.01,37420.0,1010.0,36405.0,37810.0,35765.0,4095.0
2026.05.29,36410.0,980.0,35110.0,37210.0,35110.0,1760.0
2026.05.28,35430.0,-450.0,35700.0,37210.0,34635.0,4441.0
2026.05.27,35880.0,880.0,35280.0,37070.0,35280.0,5659.0
2026.05.26,35000.0,615.0,34510.0,35630.0,34510.0,2237.0
2026.05.22,34385.0,115.0,34270.0,35625.0,33950.0,2283.0
2026.05.21,34270.0,1470.0,33065.0,34360.0,33000.0,2937.0
2026.05.20,32800.0,-450.0,33105.0,33390.0,32795.0,3744.0
2026.05.19,33250.0,-450.0,33180.0,34590.0,32805.0,1864.0
2026.05.18,33700.0,215.0,33075.0,33840.0,33065.0,5368.0
2026.05.15,33485.0,-1475.0,34955.0,35625.0,33375.0,4661.0
2026.05.14,34960.0,795.0,34040.0,34960.0,34040.0,4574.0
2026.05.13,34165.0,315.0,33035.0,35000.0,33035.0,8316.0
2026.05.12,33850.0,-195.0,33350.0,34365.0,33350.0,4325.0
2026.05.11,34045.0,685.0,33360.0,34900.0,33360.0,11240.0
2026.05.08,33360.0,85.0,33275.0,33445.0,32010.0,2217.0
2026.05.07,33275.0,615.0,32660.0,33800.0,32250.0,4207.0
2026.05.06,32660.0,1390.0,31290.0,33700.0,31290.0,8762.0
2026.05.04,31270.0,970.0,30300.0,31340.0,29935.0,2951.0
2026.04.30,30300.0,-370.0,30670.0,30930.0,30210.0,5358.0
2026.04.29,30670.0,90.0,31980.0,32015.0,30040.0,9249.0
2026.04.28,30580.0,-210.0,30790.0,31075.0,30510.0,2099.0
2026.04.27,30790.0,540.0,30265.0,31140.0,30240.0,4029.0
2026.04.24,30250.0,425.0,29825.0,31045.0,29410.0,1656.0
2026.04.23,29825.0,15.0,29810.0,31045.0,29500.0,3737.0
2026.04.22,29810.0,10.0,30225.0,30825.0,29775.0,1403.0
2026.04.21,29800.0,255.0,29550.0,30140.0,29550.0,2186.0
2026.04.20,29545.0,160.0,29385.0,29730.0,29220.0,1535.0
2026.04.17,29385.0,-225.0,29605.0,29770.0,29095.0,3151.0
2026.04.16,29610.0,600.0,30130.0,30140.0,29030.0,2355.0
2026.04.15,29010.0,385.0,28630.0,29500.0,28630.0,3856.0
2026.04.14,28625.0,825.0,27920.0,30000.0,27920.0,1618.0
2026.04.13,27800.0,-390.0,28190.0,28325.0,27795.0,1915.0
2026.04.10,28190.0,240.0,27950.0,28400.0,27815.0,1551.0
2026.04.09,27950.0,60.0,27885.0,28395.0,27640.0,2491.0
2026.04.08,27890.0,865.0,27500.0,28375.0,27250.0,5009.0
2026.04.07,27025.0,425.0,26335.0,27550.0,26315.0,4282.0
2026.04.06,26600.0,150.0,26450.0,26795.0,26450.0,1535.0
2026.04.03,26450.0,320.0,26130.0,26650.0,26130.0,1553.0
2026.04.02,26130.0,-730.0,26865.0,28995.0,26130.0,4246.0
2026.04.01,26860.0,1200.0,25660.0,27525.0,25660.0,37269.0
2026.03.31,25660.0,-295.0,26700.0,26700.0,25660.0,5525.0
2026.03.30,25955.0,-645.0,26845.0,26845.0,25775.0,1854.0
2026.03.27,26600.0,-275.0,27530.0,27530.0,26270.0,1932.0
2026.03.26,26875.0,-300.0,27550.0,27550.0,26665.0,882.0
2026.03.25,27175.0,265.0,27540.0,27540.0,26925.0,1404.0
2026.03.24,26910.0,620.0,27510.0,27530.0,26480.0,5837.0
2026.03.23,26290.0,-1060.0,27620.0,27645.0,26130.0,2263.0
2026.03.20,27350.0,-320.0,28390.0,28405.0,26925.0,2008.0
2026.03.19,27670.0,-520.0,28400.0,28400.0,27430.0,918.0
2026.03.18,28190.0,450.0,28400.0,28400.0,27345.0,2024.0
2026.03.17,27740.0,420.0,28135.0,28350.0,27590.0,825.0
2026.03.16,27320.0,330.0,27785.0,27785.0,26950.0,1888.0
2026.03.13,26990.0,-135.0,27395.0,27395.0,26985.0,740.0
2026.03.12,27125.0,-225.0,28165.0,28400.0,26990.0,2230.0
2026.03.11,27350.0,325.0,27550.0,27635.0,26840.0,3197.0
2026.03.10,27025.0,860.0,26725.0,27100.0,26185.0,10601.0
2026.03.09,26165.0,-970.0,23200.0,26820.0,23200.0,3957.0
2026.03.06,27135.0,255.0,26880.0,27135.0,26620.0,923.0
2026.03.05,26880.0,785.0,26095.0,27295.0,26095.0,7030.0
2026.03.04,26095.0,-1480.0,27570.0,27575.0,26010.0,6206.0
2026.03.03,27575.0,-810.0,28385.0,28385.0,27575.0,5470.0
2026.02.27,28385.0,145.0,29085.0,29085.0,28155.0,3664.0
2026.02.26,28240.0,235.0,28005.0,28915.0,28005.0,4159.0
2026.02.25,28005.0,130.0,28115.0,28440.0,27810.0,9322.0
2026.02.24,27875.0,455.0,28095.0,28095.0,27255.0,3312.0
2026.02.23,27420.0,235.0,28000.0,28000.0,27240.0,2844.0
2026.02.20,27185.0,-320.0,28110.0,28140.0,27040.0,5708.0
2026.02.19,27505.0,365.0,27940.0,27950.0,27140.0,3492.0
2026.02.13,27140.0,-90.0,28005.0,28005.0,27100.0,3652.0
2026.02.12,27230.0,20.0,27890.0,28020.0,27130.0,3027.0
2026.02.11,27210.0,90.0,27930.0,27930.0,26980.0,14892.0
2026.02.10,27120.0,395.0,27525.0,27525.0,26385.0,2306.0
2026.02.09,26725.0,640.0,26425.0,27180.0,26425.0,1760.0
2026.02.06,26085.0,-255.0,26335.0,26375.0,25755.0,2033.0
2026.02.05,26340.0,-255.0,27020.0,27985.0,25625.0,2342.0
2026.02.04,26595.0,-270.0,26860.0,26860.0,26225.0,1403.0
2026.02.03,26865.0,755.0,26890.0,26890.0,26325.0,1475.0
2026.02.02,26110.0,-710.0,26825.0,26940.0,26035.0,4031.0
2026.01.30,26820.0,-180.0,27000.0,27335.0,26725.0,3497.0
2026.01.29,27000.0,210.0,27045.0,27155.0,26730.0,2954.0
2026.01.28,26790.0,285.0,26840.0,26840.0,26465.0,3393.0
2026.01.27,26505.0,465.0,26810.0,26810.0,26050.0,2262.0
2026.01.26,26040.0,-540.0,26810.0,26810.0,25970.0,3787.0
2026.01.23,26580.0,170.0,26410.0,26615.0,26140.0,1807.0
2026.01.22,26410.0,250.0,26490.0,27950.0,26150.0,2208.0
2026.01.21,26160.0,-50.0,26140.0,26395.0,25420.0,3798.0
2026.01.20,26210.0,60.0,26900.0,26900.0,26050.0,4518.0
2026.01.19,26150.0,-150.0,26300.0,26390.0,26070.0,5092.0
2026.01.16,26300.0,330.0,26425.0,26425.0,25745.0,4953.0
2026.01.15,25970.0,-195.0,26165.0,26180.0,25665.0,4035.0
2026.01.14,26165.0,295.0,25870.0,26165.0,25750.0,3030.0
2026.01.13,25870.0,205.0,25665.0,26005.0,25480.0,2975.0
2026.01.12,25665.0,655.0,25660.0,25665.0,24895.0,3247.0
2026.01.09,25010.0,85.0,25645.0,25645.0,24820.0,3077.0
2026.01.08,24925.0,-185.0,25860.0,25860.0,24800.0,17423.0
2026.01.07,25110.0,-200.0,25260.0,25875.0,24960.0,5312.0
2026.01.06,25310.0,490.0,24820.0,25310.0,24645.0,2375.0
2026.01.05,24820.0,495.0,24395.0,25085.0,24395.0,5446.0
2026.01.02,24325.0,875.0,23500.0,24325.0,23450.0,3885.0
2025.12.30,23450.0,295.0,23485.0,23485.0,22865.0,2543.0
2025.12.29,23155.0,270.0,23550.0,24240.0,23020.0,3806.0
2025.12.26,23550.0,-120.0,23680.0,24165.0,23495.0,1968.0
2025.12.24,23670.0,-360.0,24230.0,24240.0,23670.0,1100.0
2025.12.23,24030.0,135.0,23965.0,24215.0,23820.0,803.0
2025.12.22,23895.0,145.0,23515.0,23895.0,23515.0,1109.0
2025.12.19,23750.0,185.0,23565.0,23815.0,23450.0,1210.0
2025.12.18,23565.0,-100.0,23605.0,23665.0,23310.0,1726.0
2025.12.17,23665.0,345.0,23960.0,23960.0,23230.0,2324.0
2025.12.16,23320.0,-460.0,23735.0,24520.0,23250.0,1172.0
2025.12.15,23780.0,-480.0,24680.0,24680.0,23740.0,2386.0
2025.12.12,24260.0,310.0,24640.0,25245.0,23910.0,3283.0
2025.12.11,23950.0,-215.0,23955.0,24595.0,23820.0,1777.0
2025.12.10,24165.0,175.0,23990.0,24635.0,23870.0,1608.0
2025.12.09,23990.0,-75.0,23980.0,24935.0,23940.0,1040.0
2025.12.08,24065.0,-115.0,24170.0,24970.0,23955.0,1697.0
2025.12.05,24180.0,500.0,23790.0,24215.0,23750.0,1152.0
2025.12.04,23680.0,-80.0,23530.0,24225.0,23530.0,1300.0
2025.12.03,23760.0,70.0,23490.0,24210.0,23490.0,2952.0
2025.12.02,23690.0,45.0,23650.0,24220.0,23555.0,685.0
2025.12.01,23645.0,10.0,23630.0,24240.0,23435.0,2736.0
2025.11.28,23635.0,-55.0,23960.0,23980.0,23405.0,1881.0
2025.11.27,23690.0,105.0,23565.0,23975.0,23565.0,1518.0
2025.11.26,23585.0,145.0,23450.0,23585.0,23070.0,902.0
2025.11.25,23440.0,160.0,23290.0,23515.0,22975.0,886.0
2025.11.24,23280.0,290.0,23675.0,23675.0,21865.0,15376.0
2025.11.21,22990.0,-500.0,23410.0,24185.0,22960.0,2277.0
2025.11.20,23490.0,210.0,23395.0,24305.0,23395.0,3578.0
2025.11.19,23280.0,70.0,23835.0,23835.0,22655.0,2283.0
2025.11.18,23210.0,-865.0,24075.0,24700.0,23210.0,4755.0
2025.11.17,24075.0,285.0,23800.0,24420.0,23800.0,3936.0
2025.11.14,23790.0,-840.0,24625.0,25145.0,23565.0,3645.0
2025.11.13,24630.0,135.0,24495.0,24825.0,24235.0,1436.0
2025.11.12,24495.0,165.0,24330.0,24715.0,23985.0,1457.0
2025.11.11,24330.0,260.0,24420.0,24700.0,24085.0,1829.0
2025.11.10,24070.0,555.0,24100.0,24275.0,23585.0,3612.0
2025.11.07,23515.0,-305.0,24420.0,24525.0,23465.0,5647.0
2025.11.06,23820.0,-15.0,24240.0,24240.0,23395.0,5576.0
2025.11.05,23835.0,-155.0,23990.0,24420.0,23350.0,4527.0
2025.11.04,23990.0,-215.0,23880.0,24420.0,23880.0,5768.0
2025.11.03,24205.0,210.0,23850.0,24395.0,23755.0,4576.0
2025.10.31,23995.0,-230.0,31490.0,31490.0,23915.0,2654.0
2025.10.30,24225.0,135.0,24810.0,24810.0,24090.0,2056.0
2025.10.29,24090.0,25.0,24785.0,26175.0,23800.0,4602.0
2025.10.28,24065.0,-40.0,24105.0,24155.0,23750.0,4347.0
2025.10.27,24105.0,585.0,24420.0,24420.0,23540.0,3291.0
2025.10.24,23520.0,90.0,23960.0,23960.0,23445.0,2445.0
2025.10.23,23430.0,15.0,23945.0,23945.0,23010.0,3920.0
2025.10.22,23415.0,-175.0,23590.0,23615.0,23160.0,4511.0
2025.10.21,23590.0,585.0,23430.0,23815.0,23110.0,2564.0
2025.10.20,23005.0,370.0,22635.0,23280.0,22520.0,3954.0
2025.10.17,22635.0,-370.0,23115.0,23155.0,22635.0,2782.0
2025.10.16,23005.0,190.0,22860.0,23080.0,22365.0,3763.0
2025.10.15,22815.0,325.0,22845.0,22845.0,22225.0,44464.0
2025.10.14,22490.0,150.0,23010.0,23010.0,22125.0,6312.0
2025.10.13,22340.0,-755.0,23095.0,23095.0,22340.0,4723.0
2025.10.10,23095.0,245.0,23535.0,23535.0,22850.0,4452.0
2025.10.02,22850.0,550.0,22300.0,22890.0,22245.0,19461.0
2025.10.01,22300.0,450.0,22505.0,22505.0,21840.0,1645.0
2025.09.30,21850.0,45.0,21810.0,22085.0,21805.0,2661.0
2025.09.29,21805.0,-245.0,23000.0,23000.0,21805.0,3631.0
2025.09.26,22050.0,-105.0,22150.0,22925.0,21865.0,2772.0
2025.09.25,22155.0,70.0,21660.0,22500.0,21660.0,2593.0
2025.09.24,22085.0,145.0,21945.0,22085.0,21840.0,1883.0
2025.09.23,21940.0,290.0,22015.0,22015.0,21830.0,2045.0
2025.09.22,21650.0,20.0,21985.0,21985.0,21480.0,4566.0
2025.09.19,21630.0,-110.0,21740.0,22000.0,21550.0,2625.0
2025.09.18,21740.0,50.0,21695.0,21875.0,21695.0,3839.0
2025.09.17,21690.0,405.0,21290.0,21690.0,21150.0,3397.0
2025.09.16,21285.0,15.0,21325.0,21545.0,21160.0,5201.0
2025.09.15,21270.0,170.0,21105.0,21435.0,21095.0,2176.0
2025.09.12,21100.0,230.0,20870.0,21100.0,20870.0,1541.0
2025.09.11,20870.0,205.0,20665.0,20985.0,20665.0,2261.0
2025.09.10,20665.0,265.0,20400.0,20895.0,20360.0,20650.0
2025.09.09,20400.0,445.0,20110.0,20400.0,19960.0,2576.0
2025.09.08,19955.0,100.0,20025.0,20060.0,19795.0,3884.0
2025.09.05,19855.0,290.0,19565.0,19855.0,19425.0,1580.0
2025.09.04,19565.0,-35.0,19905.0,19930.0,19565.0,1764.0
2025.09.03,19600.0,-200.0,19995.0,20095.0,19575.0,9203.0
2025.09.02,19800.0,-40.0,19835.0,19990.0,19655.0,5189.0
2025.09.01,19840.0,170.0,19670.0,20105.0,19365.0,3461.0
2025.08.29,19670.0,95.0,19875.0,19875.0,19405.0,2243.0
2025.08.28,19575.0,-285.0,20120.0,20170.0,19550.0,15110.0
2025.08.27,19860.0,-215.0,20075.0,20075.0,19860.0,2272.0
2025.08.26,20075.0,30.0,20065.0,20080.0,19835.0,5515.0
2025.08.25,20045.0,425.0,20050.0,20065.0,19670.0,3657.0
2025.08.22,19620.0,140.0,19795.0,19815.0,19455.0,2464.0
2025.08.21,19480.0,-20.0,19440.0,19840.0,19440.0,4012.0
2025.08.20,19500.0,-375.0,20000.0,20000.0,19480.0,4123.0
2025.08.19,19875.0,50.0,19995.0,19995.0,19660.0,948.0
2025.08.18,19825.0,-150.0,19975.0,20000.0,19615.0,4078.0
2025.08.14,19975.0,25.0,19950.0,20045.0,19815.0,2002.0
2025.08.13,19950.0,560.0,19790.0,19950.0,19435.0,1930.0
2025.08.12,19390.0,-130.0,19585.0,19735.0,19390.0,8034.0
2025.08.11,19520.0,0.0,19835.0,19835.0,19505.0,2308.0
2025.08.08,19520.0,40.0,19730.0,19730.0,19490.0,2849.0
2025.08.07,19480.0,260.0,19675.0,19675.0,19180.0,1022.0
2025.08.06,19220.0,-145.0,19680.0,19680.0,19215.0,1623.0
2025.08.05,19365.0,125.0,19570.0,19570.0,19150.0,608.0
2025.08.04,19240.0,-165.0,19395.0,20120.0,19000.0,1795.0
2025.08.01,19405.0,-120.0,19790.0,20055.0,19195.0,3712.0
2025.07.31,19525.0,50.0,19800.0,19805.0,19435.0,1898.0
2025.07.30,19475.0,-80.0,19850.0,19850.0,19315.0,1138.0
2025.07.29,19555.0,-75.0,19725.0,19800.0,19500.0,5665.0
2025.07.28,19630.0,175.0,19310.0,19640.0,19310.0,3435.0
2025.07.25,19455.0,-110.0,19265.0,19745.0,19265.0,2411.0
2025.07.24,19565.0,-115.0,19680.0,19695.0,19390.0,11566.0
2025.07.23,19680.0,290.0,19480.0,19680.0,19140.0,4211.0
2025.07.22,19390.0,-60.0,19450.0,19470.0,19290.0,4472.0
2025.07.21,19450.0,30.0,19420.0,19450.0,19300.0,2897.0
2025.07.18,19420.0,165.0,19270.0,19420.0,19075.0,12713.0
2025.07.17,19255.0,0.0,19255.0,19265.0,18985.0,4133.0
2025.07.16,19255.0,415.0,19010.0,19255.0,18610.0,11801.0
2025.07.15,18840.0,55.0,18870.0,19000.0,18575.0,12481.0
2025.07.14,18785.0,-30.0,18870.0,18870.0,18500.0,1601.0
2025.07.11,18815.0,215.0,18620.0,18850.0,18465.0,1429.0
2025.07.10,18600.0,135.0,18605.0,18605.0,18125.0,1311.0
2025.07.09,18465.0,-20.0,18600.0,18610.0,18400.0,1202.0
2025.07.08,18485.0,195.0,18585.0,18585.0,18300.0,12358.0
2025.07.07,18290.0,15.0,18545.0,18545.0,18060.0,7115.0
2025.07.04,18275.0,-95.0,18365.0,18585.0,18275.0,1311.0
2025.07.03,18370.0,90.0,18370.0,18530.0,18280.0,820.0
2025.07.02,18280.0,-120.0,18575.0,18575.0,18135.0,4193.0
2025.07.01,18400.0,145.0,18370.0,18570.0,18185.0,964.0
2025.06.30,18255.0,-115.0,18370.0,18565.0,18250.0,1998.0
2025.06.27,18370.0,-40.0,18570.0,18570.0,18170.0,4986.0
2025.06.26,18410.0,-120.0,18435.0,18570.0,18170.0,2617.0
2025.06.25,18530.0,250.0,18300.0,18530.0,18045.0,1527.0
2025.06.24,18280.0,455.0,18300.0,18300.0,17675.0,2990.0
2025.06.23,17825.0,-95.0,17705.0,18135.0,17410.0,25345.0
2025.06.20,17920.0,10.0,17945.0,18030.0,17015.0,1117.0
2025.06.19,17910.0,-185.0,18095.0,18165.0,17810.0,948.0
2025.06.18,18095.0,255.0,17835.0,18195.0,17830.0,1632.0
2025.06.17,17840.0,-20.0,17970.0,17980.0,17840.0,893.0
2025.06.16,17860.0,170.0,17690.0,17980.0,17690.0,485.0
2025.06.13,17690.0,-240.0,18165.0,18165.0,17690.0,10263.0
2025.06.12,17930.0,-160.0,18175.0,18390.0,17930.0,9640.0
2025.06.11,18090.0,190.0,17900.0,18155.0,17855.0,3411.0
2025.06.10,17900.0,400.0,17635.0,17930.0,17525.0,6947.0
2025.06.09,17500.0,55.0,17445.0,17610.0,17380.0,5755.0
2025.06.05,17445.0,-55.0,17225.0,17800.0,17225.0,829.0
2025.06.04,17500.0,510.0,17475.0,17500.0,17125.0,705.0
2025.06.02,16990.0,-275.0,17265.0,17265.0,16900.0,1237.0
2025.05.30,17265.0,-145.0,17465.0,17465.0,17135.0,668.0
2025.05.29,17410.0,140.0,16940.0,17420.0,16940.0,1532.0
2025.05.28,17270.0,230.0,17330.0,17330.0,17040.0,3370.0
2025.05.27,17040.0,215.0,16825.0,17160.0,16825.0,4261.0
2025.05.26,16825.0,-480.0,17790.0,17790.0,16825.0,3350.0
2025.05.23,17305.0,-35.0,17395.0,17760.0,17160.0,2060.0
2025.05.22,17340.0,-335.0,17595.0,17715.0,17230.0,2708.0
2025.05.21,17675.0,165.0,17730.0,17730.0,17490.0,3054.0
2025.05.20,17510.0,-90.0,17790.0,17790.0,17305.0,6514.0
2025.05.19,17600.0,-20.0,17770.0,17770.0,17175.0,2143.0
2025.05.16,17620.0,-70.0,18100.0,18100.0,17455.0,2121.0
2025.05.15,17690.0,-75.0,17800.0,17800.0,17565.0,1517.0
2025.05.14,17765.0,310.0,17475.0,17780.0,17350.0,18130.0
2025.05.13,17455.0,245.0,17315.0,17600.0,17230.0,17440.0
2025.05.12,17210.0,215.0,17305.0,17305.0,17005.0,19532.0
2025.05.09,16995.0,-145.0,17165.0,17190.0,16995.0,2623.0
2025.05.08,17140.0,140.0,17000.0,17140.0,16920.0,998.0
2025.05.07,17000.0,290.0,16710.0,17000.0,16520.0,1673.0
2025.05.02,16710.0,125.0,16585.0,16710.0,16555.0,5067.0
2025.04.30,16585.0,-5.0,16750.0,16750.0,16510.0,906.0
2025.04.29,16590.0,510.0,16495.0,16740.0,16015.0,36946.0
2025.04.28,16080.0,-110.0,16245.0,16520.0,15900.0,5492.0
2025.04.25,16190.0,-185.0,16440.0,16445.0,16190.0,5245.0
2025.04.24,16375.0,140.0,16250.0,16390.0,16250.0,891.0
2025.04.23,16235.0,470.0,15965.0,16245.0,15965.0,550.0
2025.04.22,15765.0,-160.0,15955.0,15955.0,15655.0,2475.0
2025.04.21,15925.0,-20.0,15945.0,15950.0,15640.0,3241.0
2025.04.18,15945.0,135.0,15890.0,15945.0,15400.0,334.0
2025.04.17,15810.0,280.0,15585.0,15810.0,15450.0,1502.0
2025.04.16,15530.0,-150.0,15785.0,15950.0,15400.0,1517.0
2025.04.15,15680.0,-310.0,15950.0,16095.0,15665.0,740.0
2025.04.14,15990.0,325.0,15760.0,15990.0,15355.0,7616.0
2025.04.11,15665.0,15.0,15650.0,16100.0,14910.0,29775.0
2025.04.10,15650.0,420.0,15760.0,16095.0,15285.0,32351.0
2025.04.09,15230.0,-215.0,15445.0,15670.0,15150.0,26062.0
2025.04.08,15445.0,5.0,15440.0,16330.0,15340.0,28594.0
2025.04.07,15440.0,-1780.0,16955.0,17365.0,15440.0,5173.0
2025.04.04,17220.0,-290.0,17105.0,17840.0,17105.0,1324.0
2025.04.03,17510.0,-275.0,17695.0,17695.0,17380.0,656.0
2025.04.02,17785.0,-40.0,17840.0,17890.0,17760.0,1814.0
2025.04.01,17825.0,400.0,17425.0,17825.0,17425.0,2874.0
2025.03.31,17425.0,-465.0,17800.0,18490.0,17425.0,6166.0
2025.03.28,17890.0,-230.0,18145.0,18300.0,17890.0,1008.0
2025.03.27,18120.0,-135.0,18800.0,18800.0,18105.0,12472.0
2025.03.26,18255.0,105.0,18295.0,18310.0,18170.0,2961.0
2025.03.25,18150.0,-120.0,18605.0,18605.0,18125.0,3180.0
2025.03.24,18270.0,120.0,18205.0,18605.0,18115.0,2429.0
2025.03.21,18150.0,-400.0,18600.0,18870.0,18120.0,26671.0
2025.03.20,18550.0,-15.0,18665.0,18665.0,18430.0,15741.0
2025.03.19,18565.0,125.0,18495.0,18670.0,18235.0,8465.0
2025.03.18,18440.0,380.0,18250.0,18450.0,18040.0,36490.0
2025.03.17,18060.0,-65.0,18180.0,18305.0,17985.0,2326.0
2025.03.14,18125.0,705.0,17700.0,18180.0,17340.0,8466.0
2025.03.13,17420.0,-550.0,18495.0,18495.0,17420.0,3053.0
2025.03.12,17970.0,180.0,17410.0,18515.0,17410.0,7934.0
2025.03.11,17790.0,-400.0,18095.0,18550.0,17510.0,14368.0
2025.03.10,18190.0,-70.0,18370.0,18430.0,18025.0,5014.0
2025.03.07,18260.0,-120.0,18395.0,18475.0,17835.0,59382.0
2025.03.06,18380.0,435.0,18175.0,18380.0,17640.0,63003.0
2025.03.05,17945.0,105.0,18175.0,18175.0,17645.0,7919.0
2025.03.04,17840.0,-100.0,17940.0,17940.0,17435.0,6028.0
2025.02.28,17940.0,-225.0,18160.0,18305.0,17935.0,4610.0
2025.02.27,18165.0,-155.0,18385.0,18390.0,18090.0,8059.0
2025.02.26,18320.0,370.0,17950.0,18335.0,17745.0,7690.0
2025.02.25,17950.0,-275.0,18275.0,18275.0,17725.0,11863.0
2025.02.24,18225.0,-45.0,18365.0,18385.0,18190.0,18615.0
2025.02.21,18270.0,290.0,17970.0,18350.0,17825.0,8519.0
2025.02.20,17980.0,-55.0,18095.0,18280.0,17850.0,4477.0
2025.02.19,18035.0,-240.0,18360.0,18360.0,18015.0,15058.0
2025.02.18,18275.0,320.0,17955.0,18325.0,17955.0,29811.0
2025.02.17,17955.0,285.0,17950.0,18160.0,17825.0,58907.0
2025.02.14,17670.0,-260.0,17930.0,17930.0,17560.0,8500.0
2025.02.13,17930.0,320.0,17610.0,17930.0,17605.0,82956.0
2025.02.12,17610.0,35.0,17575.0,17610.0,17425.0,2683.0
2025.02.11,17575.0,85.0,17490.0,17605.0,17420.0,51018.0
2025.02.10,17490.0,170.0,17320.0,17495.0,17320.0,47818.0
2025.02.07,17320.0,155.0,17200.0,17320.0,17105.0,11187.0
2025.02.06,17165.0,150.0,17200.0,17300.0,17020.0,5961.0
2025.02.05,17015.0,15.0,17135.0,17150.0,16995.0,2005.0
2025.02.04,17000.0,240.0,17075.0,17120.0,16815.0,3375.0
2025.02.03,16760.0,-310.0,17070.0,17100.0,16565.0,9447.0
2025.01.31,17070.0,270.0,16900.0,17090.0,16900.0,32506.0
2025.01.24,16800.0,70.0,16800.0,16800.0,16700.0,2561.0
2025.01.23,16730.0,80.0,16815.0,16815.0,16640.0,18689.0
2025.01.22,16650.0,-110.0,16815.0,16900.0,16650.0,2975.0
2025.01.21,16760.0,-135.0,16895.0,16895.0,16680.0,6516.0
2025.01.20,16895.0,310.0,16760.0,16900.0,16490.0,4821.0
2025.01.17,16585.0,-70.0,16655.0,16655.0,16500.0,385.0
2025.01.16,16655.0,330.0,16470.0,16655.0,16340.0,304.0
2025.01.15,16325.0,-65.0,16470.0,16470.0,16220.0,5724.0
2025.01.14,16390.0,135.0,16260.0,16400.0,15920.0,591.0
2025.01.13,16255.0,-245.0,16500.0,16605.0,16175.0,18306.0
2025.01.10,16500.0,170.0,16330.0,16870.0,16280.0,4610.0
2025.01.09,16330.0,-315.0,16645.0,16645.0,16330.0,910.0
2025.01.08,16645.0,-20.0,16665.0,16815.0,16540.0,766.0
2025.01.07,16665.0,-340.0,17005.0,17075.0,16665.0,3314.0
2025.01.06,17005.0,385.0,16730.0,17035.0,16720.0,4821.0
2025.01.03,16620.0,20.0,16790.0,16805.0,16535.0,5422.0
2025.01.02,16600.0,-325.0,16895.0,16895.0,16500.0,2197.0
2024.12.30,16925.0,25.0,17080.0,17080.0,16855.0,12626.0
2024.12.27,16900.0,-20.0,16920.0,17070.0,16900.0,16003.0
2024.12.26,16920.0,105.0,16815.0,16940.0,16815.0,5564.0
2024.12.24,16815.0,185.0,16800.0,16860.0,16725.0,134.0
2024.12.23,16630.0,140.0,16490.0,16710.0,16445.0,5785.0
2024.12.20,16490.0,-160.0,16800.0,16800.0,16435.0,10622.0
2024.12.19,16650.0,-75.0,16815.0,16815.0,16425.0,3909.0
2024.12.18,16725.0,205.0,16610.0,16760.0,16540.0,3611.0
2024.12.17,16520.0,-45.0,16625.0,17000.0,16415.0,706.0
2024.12.16,16565.0,-40.0,16660.0,16805.0,16565.0,122701.0
2024.12.13,16605.0,-225.0,16830.0,16845.0,16590.0,6672.0
2024.12.12,16830.0,300.0,16540.0,16830.0,16445.0,567.0
2024.12.11,16530.0,-130.0,16740.0,16740.0,16515.0,102.0
2024.12.10,16660.0,230.0,16535.0,16920.0,16535.0,20723.0
2024.12.09,16430.0,115.0,16325.0,16595.0,16325.0,8067.0
2024.12.06,16315.0,125.0,16200.0,16330.0,16150.0,2538.0
2024.12.05,16190.0,-65.0,16300.0,16335.0,15780.0,974.0
2024.12.04,16255.0,280.0,16010.0,16265.0,16010.0,283.0
2024.12.03,15975.0,200.0,15890.0,16050.0,15890.0,584.0
2024.12.02,15775.0,160.0,15585.0,15905.0,15575.0,1064.0
2024.11.29,15615.0,-75.0,15635.0,15710.0,15615.0,412.0
2024.11.28,15690.0,35.0,15655.0,15810.0,15650.0,304.0
2024.11.27,15655.0,-145.0,15765.0,15780.0,15655.0,271.0
2024.11.26,15800.0,-75.0,15875.0,15980.0,15755.0,1398.0
2024.11.25,15875.0,0.0,15875.0,16025.0,15870.0,846.0
2024.11.22,15875.0,-75.0,15950.0,16095.0,15865.0,2360.0
2024.11.21,15950.0,-20.0,15970.0,16055.0,15950.0,167.0
2024.11.20,15970.0,-85.0,16050.0,16090.0,15930.0,93.0
2024.11.19,16055.0,255.0,15765.0,16300.0,15765.0,5578.0
2024.11.18,15800.0,0.0,15800.0,15970.0,15765.0,1174.0
2024.11.15,15800.0,-20.0,15820.0,15950.0,15800.0,1843.0
2024.11.14,15820.0,-270.0,16205.0,16205.0,15805.0,26594.0
2024.11.13,16090.0,-60.0,16150.0,16245.0,15870.0,20574.0
2024.11.12,16150.0,-415.0,16740.0,16740.0,16150.0,2216.0
2024.11.11,16565.0,-95.0,16740.0,16835.0,16395.0,3126.0
2024.11.08,16660.0,-145.0,16795.0,16885.0,16615.0,7860.0
2024.11.07,16805.0,340.0,16515.0,16810.0,16505.0,1063.0
2024.11.06,16465.0,-70.0,16535.0,16650.0,16380.0,2307.0
2024.11.05,16535.0,260.0,16285.0,16535.0,16285.0,822.0
2024.11.04,16275.0,85.0,16325.0,16435.0,16175.0,1476.0
2024.11.01,16190.0,-140.0,16250.0,16260.0,16085.0,2340.0
2024.10.31,16330.0,-90.0,16185.0,16800.0,16185.0,6875.0
2024.10.30,16420.0,-10.0,16430.0,16590.0,16390.0,66482.0
2024.10.29,16430.0,-120.0,16590.0,16590.0,16390.0,3109.0
2024.10.28,16550.0,-5.0,16735.0,16735.0,16475.0,3051.0
2024.10.25,16555.0,230.0,16395.0,16555.0,16370.0,1007.0
2024.10.24,16325.0,-220.0,16630.0,16630.0,16300.0,11777.0
2024.10.23,16545.0,5.0,16500.0,16650.0,16460.0,2018.0
2024.10.22,16540.0,-5.0,16535.0,16645.0,16460.0,3270.0
2024.10.21,16545.0,-205.0,16720.0,16740.0,16415.0,4403.0
2024.10.18,16750.0,590.0,16155.0,16755.0,16105.0,101657.0
2024.10.17,16160.0,-65.0,16225.0,16265.0,16070.0,1953.0
2024.10.16,16225.0,-105.0,16350.0,16800.0,15975.0,10205.0
2024.10.15,16330.0,-105.0,16625.0,16625.0,16305.0,3869.0
2024.10.14,16435.0,165.0,16280.0,16595.0,16280.0,2687.0
2024.10.11,16270.0,-10.0,16265.0,16770.0,15900.0,4340.0
2024.10.10,16280.0,-80.0,16360.0,16420.0,16270.0,5920.0
2024.10.08,16360.0,-500.0,16860.0,16940.0,16000.0,69192.0
2024.10.07,16860.0,600.0,16410.0,16975.0,16410.0,35456.0
2024.10.04,16260.0,20.0,16240.0,16400.0,16165.0,3006.0
2024.10.02,16240.0,310.0,15870.0,16490.0,15745.0,37052.0
2024.09.30,15930.0,140.0,15805.0,15990.0,15650.0,93041.0
2024.09.27,15790.0,5.0,15785.0,16055.0,15680.0,3001.0
2024.09.26,15785.0,525.0,15585.0,15785.0,15385.0,1331.0
2024.09.25,15260.0,45.0,15290.0,15530.0,15155.0,17261.0
2024.09.24,15215.0,470.0,14800.0,15220.0,14795.0,13712.0
2024.09.23,14745.0,-85.0,14920.0,14920.0,14715.0,380.0
2024.09.20,14830.0,120.0,14715.0,14835.0,14650.0,3355.0
2024.09.19,14710.0,320.0,14440.0,14710.0,14440.0,1282.0
2024.09.13,14390.0,0.0,14390.0,14395.0,14385.0,35.0
2024.09.12,14390.0,320.0,14215.0,14390.0,14215.0,1849.0
2024.09.11,14070.0,-35.0,14290.0,14290.0,14070.0,563.0
2024.09.10,14105.0,25.0,14090.0,14240.0,14090.0,1733.0
2024.09.09,14080.0,-70.0,14075.0,14080.0,13890.0,176.0
2024.09.06,14150.0,-70.0,14220.0,14310.0,14145.0,2362.0
2024.09.05,14220.0,-70.0,14335.0,14345.0,14200.0,606.0
2024.09.04,14290.0,-450.0,14590.0,14590.0,14155.0,3040.0
2024.09.03,14740.0,65.0,14825.0,14840.0,14710.0,988.0
2024.09.02,14675.0,-145.0,14745.0,14875.0,14655.0,2999.0
2024.08.30,14820.0,150.0,14820.0,14820.0,14795.0,34.0
2024.08.29,14670.0,-105.0,14735.0,14735.0,14670.0,114.0
2024.08.28,14775.0,130.0,14770.0,14775.0,14645.0,941.0
2024.08.27,14645.0,-25.0,14845.0,14850.0,14640.0,1729.0
2024.08.26,14670.0,-20.0,14930.0,14930.0,14645.0,375.0
2024.08.23,14690.0,-30.0,14725.0,15185.0,14625.0,586.0
2024.08.22,14720.0,-80.0,14800.0,14960.0,14720.0,2550.0
2024.08.21,14800.0,-180.0,14925.0,14925.0,14670.0,1515.0
2024.08.20,14980.0,60.0,14990.0,15050.0,14795.0,1297.0
2024.08.19,14920.0,-25.0,14965.0,14965.0,14865.0,274.0
2024.08.16,14945.0,160.0,14875.0,14945.0,14825.0,455.0
2024.08.14,14785.0,180.0,14715.0,14955.0,14715.0,1206.0
2024.08.13,14605.0,10.0,14595.0,14690.0,14580.0,325.0
2024.08.12,14595.0,140.0,14455.0,14600.0,14430.0,650.0
2024.08.09,14455.0,95.0,14495.0,14635.0,14455.0,288.0
2024.08.08,14360.0,-75.0,14250.0,14405.0,14125.0,119.0
2024.08.07,14435.0,340.0,14020.0,14455.0,13675.0,718.0
2024.08.06,14095.0,470.0,13630.0,14185.0,13630.0,2195.0
2024.08.05,13625.0,-865.0,14385.0,14385.0,13440.0,4430.0
2024.08.02,14490.0,-505.0,14865.0,14865.0,14440.0,927.0
2024.08.01,14995.0,-5.0,15110.0,15110.0,14900.0,979.0
2024.07.31,15000.0,175.0,14890.0,15000.0,14860.0,497.0
2024.07.30,14825.0,-215.0,14985.0,14985.0,14745.0,518.0
2024.07.29,15040.0,305.0,14920.0,15080.0,14685.0,1122.0
2024.07.26,14735.0,-255.0,15235.0,15235.0,14675.0,5605.0
2024.07.25,14990.0,-175.0,15590.0,15590.0,14960.0,2565.0
2024.07.24,15165.0,55.0,15615.0,15615.0,15105.0,1241.0
2024.07.23,15110.0,-75.0,15615.0,15690.0,15110.0,2074.0
2024.07.22,15185.0,-120.0,15300.0,15650.0,15050.0,5462.0
2024.07.19,15305.0,-195.0,15500.0,15500.0,15180.0,1833.0
2024.07.18,15500.0,-190.0,15690.0,15690.0,15450.0,1475.0
2024.07.17,15690.0,-335.0,16060.0,16060.0,15690.0,1434.0
2024.07.16,16025.0,50.0,16100.0,16180.0,15835.0,2792.0
2024.07.15,15975.0,-10.0,16105.0,16105.0,15955.0,3545.0
2024.07.12,15985.0,-105.0,16010.0,16010.0,15795.0,1808.0
2024.07.11,16090.0,175.0,16095.0,16095.0,15930.0,19962.0
2024.07.10,15915.0,-30.0,15945.0,15945.0,15715.0,834.0
2024.07.09,15945.0,225.0,15790.0,15945.0,15775.0,3272.0
2024.07.08,15720.0,105.0,15615.0,15820.0,15610.0,26055.0
2024.07.05,15615.0,-45.0,15705.0,15795.0,15570.0,1427.0
2024.07.04,15660.0,150.0,15620.0,15660.0,15470.0,1479.0
2024.07.03,15510.0,235.0,15395.0,15510.0,15260.0,1209.0
2024.07.02,15275.0,85.0,15255.0,15320.0,15245.0,2056.0
2024.07.01,15190.0,-10.0,15200.0,15245.0,15190.0,1249.0
2024.06.28,15200.0,20.0,15375.0,15375.0,15135.0,4900.0
2024.06.27,15180.0,-180.0,15360.0,15360.0,15180.0,2211.0
2024.06.26,15360.0,100.0,15280.0,15395.0,15170.0,2068.0
2024.06.25,15260.0,20.0,15240.0,15260.0,15145.0,950.0
2024.06.24,15240.0,-250.0,15475.0,15475.0,15140.0,1490.0
2024.06.21,15490.0,-190.0,15680.0,15680.0,15460.0,1918.0
2024.06.20,15680.0,170.0,15540.0,15680.0,15475.0,7978.0
2024.06.19,15510.0,375.0,15150.0,15510.0,15085.0,6244.0
2024.06.18,15135.0,185.0,15150.0,15220.0,15060.0,1054.0
2024.06.17,14950.0,-100.0,15135.0,15135.0,14940.0,2626.0
2024.06.14,15050.0,170.0,14920.0,15110.0,14870.0,3213.0
2024.06.13,14880.0,120.0,14765.0,14945.0,14740.0,7484.0
2024.06.12,14760.0,75.0,14740.0,14760.0,14545.0,5626.0
2024.06.11,14685.0,-90.0,14790.0,14820.0,14645.0,2658.0
2024.06.10,14775.0,10.0,14765.0,14805.0,14585.0,5545.0
2024.06.07,14765.0,95.0,14705.0,14820.0,14640.0,873.0
2024.06.05,14670.0,165.0,14465.0,14685.0,14465.0,2134.0
2024.06.04,14505.0,10.0,14470.0,14505.0,14395.0,6949.0
2024.06.03,14495.0,85.0,14410.0,14690.0,14260.0,8708.0
2024.05.31,14410.0,80.0,14330.0,14590.0,14330.0,5178.0
2024.05.30,14330.0,-210.0,14540.0,14540.0,14330.0,4051.0
2024.05.29,14540.0,-200.0,14690.0,14855.0,14540.0,1136.0
2024.05.28,14740.0,-15.0,14915.0,14930.0,14725.0,2077.0
2024.05.27,14755.0,140.0,14620.0,14755.0,14600.0,2868.0
2024.05.24,14615.0,-185.0,14795.0,14795.0,14615.0,7380.0
2024.05.23,14800.0,-135.0,14935.0,15005.0,14795.0,7018.0
2024.05.22,14935.0,75.0,14920.0,14945.0,14860.0,2523.0
2024.05.21,14860.0,-130.0,15040.0,15060.0,14850.0,6269.0
2024.05.20,14990.0,100.0,14940.0,15030.0,14855.0,1527.0
2024.05.17,14890.0,65.0,14855.0,14940.0,14655.0,5110.0
2024.05.16,14825.0,190.0,14680.0,14870.0,14680.0,4473.0
2024.05.14,14635.0,35.0,14695.0,14740.0,14545.0,8210.0
2024.05.13,14600.0,145.0,14470.0,14610.0,14470.0,1909.0
2024.05.10,14455.0,240.0,14220.0,14525.0,14220.0,1634.0
2024.05.09,14215.0,-35.0,14245.0,14340.0,14215.0,1141.0
2024.05.08,14250.0,35.0,14215.0,14385.0,14200.0,1472.0
2024.05.07,14215.0,160.0,14210.0,14470.0,14160.0,947.0
2024.05.03,14055.0,5.0,14055.0,14190.0,14050.0,1164.0
2024.05.02,14050.0,60.0,13990.0,14050.0,13880.0,2396.0
2024.04.30,13990.0,5.0,13980.0,13990.0,13905.0,234.0
2024.04.29,13985.0,90.0,13895.0,14020.0,13895.0,1799.0
2024.04.26,13895.0,325.0,13755.0,13920.0,13710.0,2435.0
2024.04.25,13570.0,-60.0,13630.0,13660.0,13475.0,1556.0
2024.04.24,13630.0,365.0,13320.0,13630.0,13320.0,1966.0
2024.04.23,13265.0,145.0,13235.0,13265.0,13235.0,178.0
2024.04.22,13120.0,30.0,12940.0,13215.0,12940.0,276.0
2024.04.19,13090.0,-280.0,13415.0,13415.0,12985.0,1256.0
2024.04.18,13370.0,35.0,13335.0,13370.0,13205.0,457.0
2024.04.17,13335.0,-100.0,13435.0,13435.0,13310.0,1631.0
2024.04.16,13435.0,-230.0,13640.0,13640.0,13350.0,591.0
2024.04.15,13665.0,-155.0,13790.0,13795.0,13550.0,684.0
2024.04.12,13820.0,60.0,13760.0,13820.0,13710.0,633.0
2024.04.11,13760.0,150.0,13610.0,13805.0,13480.0,598.0
2024.04.09,13610.0,30.0,13480.0,13630.0,13480.0,1399.0
2024.04.08,13580.0,55.0,13625.0,13635.0,13475.0,217.0
2024.04.05,13525.0,-35.0,13540.0,13540.0,13380.0,2255.0
2024.04.04,13560.0,50.0,13620.0,13620.0,13430.0,2332.0
2024.04.03,13510.0,-200.0,13710.0,13710.0,13475.0,390.0
2024.04.02,13710.0,390.0,13450.0,13710.0,13295.0,8145.0
2024.04.01,13320.0,-100.0,13420.0,13575.0,13315.0,9490.0
2024.03.29,13420.0,90.0,13415.0,13420.0,13320.0,811.0
2024.03.28,13330.0,-25.0,13355.0,13385.0,13250.0,1136.0
2024.03.27,13355.0,30.0,13350.0,13385.0,13260.0,308.0
2024.03.26,13325.0,90.0,13255.0,13325.0,13165.0,1763.0
2024.03.25,13235.0,20.0,13215.0,13325.0,13190.0,896.0
2024.03.22,13215.0,50.0,13220.0,13320.0,13095.0,1928.0
2024.03.21,13165.0,145.0,13120.0,13215.0,13055.0,8763.0
2024.03.20,13020.0,40.0,13080.0,13080.0,12950.0,1247.0
2024.03.19,12980.0,-105.0,13095.0,13095.0,12880.0,1583.0
2024.03.18,13085.0,160.0,12980.0,13085.0,12965.0,186.0
2024.03.15,12925.0,-220.0,13140.0,13140.0,12865.0,2027.0
2024.03.14,13145.0,20.0,13000.0,13145.0,13000.0,1465.0
2024.03.13,13125.0,200.0,12935.0,13130.0,12910.0,10615.0
2024.03.12,12925.0,235.0,12695.0,12925.0,12695.0,674.0
2024.03.11,12690.0,-120.0,12810.0,12850.0,12685.0,1914.0
2024.03.08,12810.0,55.0,12765.0,12905.0,12710.0,4293.0
2024.03.07,12755.0,35.0,12735.0,12790.0,12675.0,907.0
2024.03.06,12720.0,110.0,12610.0,12750.0,12365.0,1201.0
2024.03.05,12610.0,-130.0,12740.0,12740.0,12570.0,2274.0
2024.03.04,12740.0,290.0,12670.0,12740.0,12635.0,654.0
2024.02.29,12450.0,-110.0,12560.0,12560.0,12445.0,14095.0
2024.02.28,12560.0,85.0,12620.0,12660.0,12510.0,16540.0
2024.02.27,12475.0,-155.0,12640.0,12685.0,12470.0,17764.0
2024.02.26,12630.0,55.0,12575.0,12630.0,12445.0,21938.0
2024.02.23,12575.0,25.0,12565.0,12575.0,12545.0,3234.0
2024.02.22,12550.0,55.0,12550.0,12620.0,12420.0,815.0
2024.02.21,12495.0,40.0,12500.0,12500.0,12355.0,699.0
2024.02.20,12455.0,-45.0,12490.0,12490.0,12425.0,16212.0
2024.02.19,12500.0,60.0,12440.0,12520.0,12440.0,699.0
2024.02.16,12440.0,245.0,12255.0,12440.0,12255.0,1363.0
2024.02.15,12195.0,75.0,12130.0,12195.0,12130.0,235.0
2024.02.14,12120.0,-10.0,12130.0,12130.0,11975.0,1056.0
2024.02.13,12130.0,-25.0,12130.0,12130.0,12115.0,546.0
2024.02.08,12155.0,5.0,12155.0,12260.0,12145.0,1430.0
2024.02.07,12150.0,-20.0,12170.0,12230.0,12075.0,19875.0
2024.02.06,12170.0,170.0,11990.0,12175.0,11940.0,3794.0
2024.02.05,12000.0,55.0,11950.0,12090.0,11925.0,226.0
2024.02.02,11945.0,170.0,11775.0,11945.0,11775.0,1900.0
2024.02.01,11775.0,-65.0,11840.0,11855.0,11710.0,849.0
2024.01.31,11840.0,-145.0,11935.0,11935.0,11755.0,353.0
2024.01.30,11985.0,-150.0,12130.0,12130.0,11955.0,3438.0
2024.01.29,12135.0,0.0,12135.0,12155.0,12020.0,489.0
2024.01.26,12135.0,35.0,12100.0,12200.0,12035.0,3602.0
2024.01.25,12100.0,280.0,11935.0,12100.0,11935.0,436.0
2024.01.24,11820.0,-30.0,11875.0,11895.0,11785.0,417.0
2024.01.23,11850.0,115.0,11755.0,11850.0,11540.0,289.0
2024.01.22,11735.0,-30.0,11765.0,11810.0,11655.0,947.0
2024.01.19,11765.0,200.0,11765.0,11780.0,11560.0,752.0
2024.01.18,11565.0,10.0,11615.0,11615.0,11540.0,124.0
2024.01.17,11555.0,-170.0,11830.0,11830.0,11450.0,1577.0
2024.01.16,11725.0,-145.0,11895.0,11895.0,11665.0,472.0
2024.01.15,11870.0,5.0,11895.0,11895.0,11710.0,2585.0
2024.01.12,11865.0,65.0,11870.0,11940.0,11695.0,1034.0
2024.01.11,11800.0,-20.0,11905.0,11905.0,11720.0,1127.0
2024.01.10,11820.0,-95.0,11965.0,11965.0,11755.0,1108.0
2024.01.09,11915.0,-75.0,12100.0,12100.0,11910.0,606.0
2024.01.08,11990.0,-90.0,12110.0,12110.0,11935.0,613.0
2024.01.05,12080.0,100.0,12080.0,12080.0,12000.0,103.0
2024.01.04,11980.0,-115.0,12330.0,12330.0,11955.0,473.0
2024.01.03,12095.0,-185.0,12280.0,12280.0,12045.0,530.0
2024.01.02,12280.0,45.0,12235.0,12315.0,12145.0,1236.0
2023.12.28,12235.0,185.0,12100.0,12235.0,11945.0,1382.0
2023.12.27,12050.0,315.0,11890.0,12050.0,11885.0,406.0
2023.12.26,11735.0,-35.0,11770.0,11865.0,11735.0,2185.0
2023.12.22,11770.0,-195.0,12090.0,12090.0,11770.0,1399.0
2023.12.21,11965.0,-95.0,12075.0,12075.0,11965.0,149.0
2023.12.20,12060.0,55.0,12055.0,12075.0,12050.0,585.0
2023.12.19,12005.0,20.0,11985.0,12005.0,11870.0,321.0
2023.12.18,11985.0,5.0,11910.0,12055.0,11910.0,280.0
2023.12.15,11980.0,160.0,11845.0,12030.0,11760.0,478.0
2023.12.14,11820.0,-20.0,11715.0,11865.0,11690.0,786.0
2023.12.13,11840.0,40.0,11825.0,11840.0,11815.0,582.0
2023.12.12,11800.0,-25.0,11890.0,11890.0,11720.0,706.0
2023.12.11,11825.0,30.0,11760.0,11825.0,11690.0,1294.0
2023.12.08,11795.0,50.0,11710.0,11825.0,11710.0,209.0
2023.12.07,11745.0,-75.0,11820.0,11835.0,11710.0,159.0
2023.12.06,11820.0,70.0,11750.0,11820.0,11740.0,41.0
2023.12.05,11750.0,-205.0,11940.0,11940.0,11720.0,639.0
2023.12.04,11955.0,-45.0,12005.0,12005.0,11815.0,323.0
2023.12.01,12000.0,15.0,11985.0,12065.0,11860.0,2492.0
2023.11.30,11985.0,25.0,11925.0,11985.0,11900.0,305.0
2023.11.29,11960.0,-85.0,12060.0,12060.0,11960.0,390.0
2023.11.28,12045.0,-155.0,12210.0,12210.0,12045.0,212.0
2023.11.27,12200.0,-35.0,12190.0,12240.0,12175.0,659.0
2023.11.24,12235.0,-50.0,12230.0,12270.0,12185.0,162.0
2023.11.23,12285.0,150.0,12175.0,12285.0,12140.0,154.0
2023.11.22,12135.0,-85.0,12250.0,12250.0,12055.0,2852.0
2023.11.21,12220.0,-10.0,12260.0,12275.0,12110.0,5398.0
2023.11.20,12230.0,155.0,12080.0,12230.0,12080.0,295.0
2023.11.17,12075.0,-180.0,12100.0,12230.0,12025.0,787.0
2023.11.16,12255.0,-50.0,12155.0,12255.0,12155.0,105.0
2023.11.15,12305.0,250.0,12070.0,12305.0,12070.0,1172.0
2023.11.14,12055.0,0.0,12050.0,12055.0,12050.0,22.0
2023.11.13,12055.0,105.0,11890.0,12055.0,11890.0,76.0
2023.11.10,11950.0,-50.0,12020.0,12020.0,11925.0,61.0
2023.11.09,12000.0,10.0,11860.0,12000.0,11855.0,939.0
2023.11.08,11990.0,55.0,11920.0,12050.0,11870.0,204.0
2023.11.07,11935.0,-120.0,11925.0,11935.0,11925.0,24.0
2023.11.06,12055.0,230.0,11915.0,12055.0,11910.0,264.0
2023.11.03,11825.0,-130.0,11965.0,11965.0,11665.0,1587.0
2023.11.02,11955.0,170.0,11950.0,11955.0,11945.0,51.0
2023.11.01,11785.0,70.0,11825.0,11825.0,11715.0,102.0
2023.10.31,11715.0,-140.0,11825.0,11825.0,11625.0,113.0
2023.10.30,11855.0,75.0,11860.0,11860.0,11745.0,208.0
2023.10.27,11780.0,35.0,11655.0,11865.0,11625.0,532.0
2023.10.26,11745.0,-165.0,11895.0,11895.0,11630.0,2153.0
2023.10.25,11910.0,105.0,11805.0,11930.0,11800.0,65468.0
2023.10.24,11805.0,-125.0,11930.0,11930.0,11680.0,9397.0
2023.10.23,11930.0,-60.0,11985.0,11990.0,11885.0,58.0
2023.10.20,11990.0,-125.0,11995.0,12015.0,11885.0,243.0
2023.10.19,12115.0,-125.0,12175.0,12235.0,11990.0,1389.0
2023.10.18,12240.0,-60.0,12300.0,12340.0,12150.0,215.0
2023.10.17,12300.0,75.0,12300.0,12300.0,12170.0,14417.0
2023.10.16,12225.0,45.0,12180.0,12255.0,12105.0,600.0
2023.10.13,12180.0,-165.0,12280.0,12345.0,12180.0,2232.0
2023.10.12,12345.0,140.0,12240.0,12345.0,12240.0,406.0
2023.10.11,12205.0,100.0,12175.0,12215.0,12175.0,855.0
2023.10.10,12105.0,180.0,11960.0,12110.0,11960.0,589.0
2023.10.06,11925.0,-150.0,11885.0,11940.0,11740.0,350.0
2023.10.05,12075.0,20.0,12055.0,12075.0,11765.0,2988.0
2023.10.04,12055.0,15.0,12040.0,12055.0,12040.0,134.0
2023.09.27,12040.0,0.0,12035.0,12040.0,11950.0,63.0
2023.09.26,12040.0,-35.0,12075.0,12075.0,11990.0,127.0
2023.09.25,12075.0,40.0,12035.0,12195.0,11955.0,151.0
2023.09.22,12035.0,-15.0,12035.0,12035.0,11935.0,129.0
2023.09.21,12050.0,-190.0,12120.0,12120.0,12050.0,208.0
2023.09.20,12240.0,-5.0,12180.0,12240.0,12130.0,123.0
2023.09.19,12245.0,-55.0,12220.0,12245.0,12180.0,104.0
2023.09.18,12300.0,-200.0,12505.0,12510.0,12280.0,537.0
2023.09.15,12500.0,275.0,12395.0,12500.0,12375.0,245.0
2023.09.14,12225.0,-120.0,12280.0,12390.0,12225.0,3272.0
2023.09.13,12345.0,-5.0,12345.0,12345.0,12230.0,712.0
2023.09.12,12350.0,5.0,12390.0,12390.0,12195.0,198.0
2023.09.11,12345.0,-25.0,12305.0,12395.0,12185.0,847.0
2023.09.08,12370.0,55.0,12315.0,12370.0,12315.0,48.0
2023.09.07,12315.0,-120.0,12410.0,12435.0,12305.0,2468.0
2023.09.06,12435.0,-190.0,12640.0,12640.0,12435.0,529.0
2023.09.05,12625.0,-15.0,12530.0,12625.0,12520.0,1784.0
2023.09.04,12640.0,215.0,12425.0,12640.0,12350.0,2467.0
2023.09.01,12425.0,125.0,12305.0,12425.0,12305.0,532.0
2023.08.31,12300.0,-65.0,12365.0,12425.0,12300.0,139.0
2023.08.30,12365.0,5.0,12385.0,12465.0,12355.0,789.0
2023.08.29,12360.0,25.0,12335.0,12380.0,12335.0,63.0
2023.08.28,12335.0,95.0,12175.0,12410.0,12090.0,9199.0
2023.08.25,12240.0,-70.0,12355.0,12355.0,12165.0,286.0
2023.08.24,12310.0,25.0,12410.0,12410.0,12230.0,1197.0
2023.08.23,12285.0,130.0,12155.0,12285.0,12060.0,1504.0
2023.08.22,12155.0,-10.0,12165.0,12165.0,12040.0,4745.0
2023.08.21,12165.0,-145.0,12330.0,12330.0,12165.0,533.0
2023.08.18,12310.0,-165.0,12410.0,12410.0,12120.0,3019.0
2023.08.17,12475.0,80.0,12300.0,12475.0,12175.0,4385.0
2023.08.16,12395.0,25.0,12340.0,12495.0,12265.0,1829.0
2023.08.14,12370.0,-325.0,12565.0,12655.0,12365.0,974.0
2023.08.11,12695.0,55.0,12635.0,12705.0,12595.0,1413.0
2023.08.10,12640.0,-65.0,12640.0,12640.0,12635.0,56.0
2023.08.09,12705.0,0.0,12700.0,12705.0,12630.0,443.0
2023.08.08,12705.0,-95.0,12745.0,12745.0,12655.0,752.0
2023.08.07,12800.0,-10.0,12800.0,12800.0,12675.0,875.0
2023.08.04,12810.0,0.0,12720.0,12810.0,12700.0,170.0
2023.08.03,12810.0,0.0,12790.0,12810.0,12680.0,460.0
2023.08.02,12810.0,-160.0,12970.0,12970.0,12705.0,1038.0
2023.08.01,12970.0,40.0,12930.0,13005.0,12930.0,170.0
2023.07.31,12930.0,210.0,12720.0,12970.0,12685.0,1836.0
2023.07.28,12720.0,70.0,12625.0,12725.0,12625.0,2638.0
2023.07.27,12650.0,100.0,12550.0,12650.0,12545.0,150.0
2023.07.26,12550.0,-25.0,12530.0,12595.0,12415.0,7007.0
2023.07.25,12575.0,340.0,12235.0,12575.0,12235.0,8635.0
2023.07.24,12235.0,-95.0,12410.0,12445.0,12235.0,1258.0
2023.07.21,12330.0,-90.0,12405.0,12405.0,12325.0,534.0
2023.07.20,12420.0,-10.0,12430.0,12430.0,12280.0,1002.0
2023.07.19,12430.0,-25.0,12455.0,12455.0,12325.0,900.0
2023.07.18,12455.0,-185.0,12600.0,12600.0,12385.0,230.0
2023.07.17,12640.0,35.0,12540.0,12640.0,12505.0,1641.0
2023.07.14,12605.0,85.0,12465.0,12615.0,12465.0,71.0
2023.07.13,12520.0,70.0,12485.0,12565.0,12485.0,2289.0
2023.07.12,12450.0,30.0,12470.0,12470.0,12240.0,103.0
2023.07.11,12420.0,125.0,12295.0,12420.0,12155.0,1994.0
2023.07.10,12295.0,100.0,12195.0,12330.0,12115.0,5460.0
2023.07.07,12195.0,-70.0,12265.0,12265.0,12195.0,206.0
2023.07.06,12265.0,-310.0,12515.0,12515.0,12235.0,1922.0
2023.07.05,12575.0,-80.0,12605.0,12685.0,12575.0,904.0
2023.07.04,12655.0,-5.0,12655.0,12660.0,12570.0,312.0
2023.07.03,12660.0,70.0,12670.0,12670.0,12550.0,742.0
2023.06.30,12590.0,0.0,12685.0,12685.0,12590.0,453.0
2023.06.29,12590.0,115.0,12475.0,12615.0,12460.0,1066.0
2023.06.28,12475.0,-140.0,12550.0,12550.0,12455.0,6347.0
2023.06.27,12615.0,75.0,12575.0,12615.0,12530.0,166.0
2023.06.26,12540.0,-170.0,12710.0,12710.0,12480.0,672.0
2023.06.23,12710.0,155.0,12555.0,12710.0,12555.0,343.0
2023.06.22,12555.0,-95.0,12630.0,12630.0,12550.0,77.0
2023.06.21,12650.0,120.0,12530.0,12660.0,12510.0,2776.0
2023.06.20,12530.0,-175.0,12680.0,12835.0,12510.0,1063.0
2023.06.19,12705.0,-125.0,12845.0,12845.0,12615.0,820.0
2023.06.16,12830.0,90.0,12740.0,12830.0,12670.0,1193.0
2023.06.15,12740.0,70.0,12670.0,12740.0,12660.0,81.0
2023.06.14,12670.0,75.0,12595.0,12670.0,12485.0,942.0
2023.06.13,12595.0,-20.0,12620.0,12620.0,12505.0,492.0
2023.06.12,12615.0,30.0,12585.0,12615.0,12545.0,102.0
2023.06.09,12585.0,160.0,12620.0,12620.0,12505.0,1344.0
2023.06.08,12425.0,-175.0,12510.0,12600.0,12375.0,2153.0
2023.06.07,12600.0,50.0,12485.0,12600.0,12405.0,4518.0
2023.06.05,12550.0,20.0,12555.0,12570.0,12510.0,820.0
2023.06.02,12530.0,180.0,12290.0,12530.0,12290.0,488.0
2023.06.01,12350.0,90.0,12290.0,12400.0,12240.0,857.0
2023.05.31,12260.0,-125.0,12385.0,12385.0,12205.0,1007.0
2023.05.30,12385.0,-105.0,12490.0,12490.0,12305.0,328.0
2023.05.26,12490.0,135.0,12425.0,12490.0,12340.0,923.0
2023.05.25,12355.0,-60.0,12450.0,12450.0,12225.0,619.0
2023.05.24,12415.0,-15.0,12410.0,12480.0,12340.0,1083.0
2023.05.23,12430.0,-125.0,12545.0,12550.0,12410.0,146.0
2023.05.22,12555.0,60.0,12440.0,12555.0,12440.0,1205.0
2023.05.19,12495.0,-20.0,12620.0,12635.0,12445.0,951.0
2023.05.18,12515.0,15.0,12500.0,12520.0,12450.0,1375.0
2023.05.17,12500.0,-45.0,12545.0,12545.0,12500.0,699.0
2023.05.16,12545.0,50.0,12445.0,12580.0,12395.0,317.0
2023.05.15,12495.0,130.0,12290.0,12495.0,12220.0,960.0
2023.05.12,12365.0,115.0,12250.0,12380.0,12185.0,2139.0
2023.05.11,12250.0,-95.0,12345.0,12345.0,12170.0,1834.0
2023.05.10,12345.0,-80.0,12425.0,12425.0,12295.0,192.0
2023.05.09,12425.0,-75.0,12520.0,12520.0,12420.0,158.0
2023.05.08,12500.0,200.0,12300.0,12525.0,12255.0,1801.0
2023.05.04,12300.0,-45.0,12305.0,12305.0,12295.0,109.0
2023.05.03,12345.0,-90.0,12470.0,12470.0,12345.0,122.0
2023.05.02,12435.0,-90.0,12620.0,12655.0,12400.0,4540.0
2023.04.28,12525.0,100.0,12425.0,12525.0,12425.0,435.0
2023.04.27,12425.0,-15.0,12300.0,12425.0,12265.0,158.0
2023.04.26,12440.0,105.0,12270.0,12495.0,12235.0,701.0
2023.04.25,12335.0,-190.0,12525.0,12595.0,12245.0,565.0
2023.04.24,12525.0,-5.0,12530.0,12555.0,12510.0,530.0
2023.04.21,12530.0,-215.0,12775.0,12775.0,12525.0,6722.0
2023.04.20,12745.0,-20.0,12655.0,12800.0,12655.0,596.0
2023.04.19,12765.0,-90.0,12855.0,12855.0,12675.0,476.0
2023.04.18,12855.0,0.0,12820.0,12920.0,12815.0,1178.0
2023.04.17,12855.0,185.0,12580.0,12855.0,12580.0,403.0
2023.04.14,12670.0,-10.0,12590.0,12745.0,12590.0,1016.0
2023.04.13,12680.0,-315.0,12940.0,12940.0,12455.0,2057.0
2023.04.12,12995.0,145.0,13005.0,13010.0,12845.0,99.0
2023.04.11,12850.0,45.0,12820.0,12995.0,12820.0,855.0
2023.04.10,12805.0,-55.0,12810.0,12860.0,12800.0,684.0
2023.04.07,12860.0,120.0,12735.0,12860.0,12735.0,2054.0
2023.04.06,12740.0,-110.0,12850.0,12850.0,12640.0,423.0
2023.04.05,12850.0,60.0,12790.0,12860.0,12700.0,1252.0
2023.04.04,12790.0,-5.0,12780.0,12825.0,12670.0,3079.0
2023.04.03,12795.0,10.0,12800.0,12965.0,12795.0,1590.0
2023.03.31,12785.0,165.0,12615.0,12785.0,12615.0,2877.0
2023.03.30,12620.0,55.0,12570.0,12705.0,12570.0,1065.0
2023.03.29,12565.0,205.0,12450.0,12695.0,12335.0,15012.0
2023.03.28,12360.0,-140.0,12410.0,12465.0,12270.0,2334.0
2023.03.27,12500.0,115.0,12440.0,12510.0,12270.0,581.0
2023.03.24,12385.0,5.0,12380.0,12515.0,12285.0,755.0
2023.03.23,12380.0,15.0,12365.0,12380.0,12090.0,890.0
2023.03.22,12365.0,360.0,11980.0,12365.0,11980.0,811.0
2023.03.21,12005.0,25.0,11950.0,12080.0,11920.0,5384.0
2023.03.20,11980.0,-150.0,12180.0,12180.0,11980.0,340.0
2023.03.17,12130.0,170.0,11940.0,12130.0,11885.0,737.0
2023.03.16,11960.0,-145.0,12105.0,12120.0,11955.0,1410.0
2023.03.15,12105.0,125.0,11980.0,12235.0,11900.0,1632.0
2023.03.14,11980.0,-180.0,12180.0,12185.0,11975.0,937.0
2023.03.13,12160.0,10.0,12200.0,12200.0,12025.0,184.0
2023.03.10,12150.0,-290.0,12440.0,12440.0,12080.0,1158.0
2023.03.09,12440.0,0.0,12440.0,12440.0,12435.0,274.0
2023.03.08,12440.0,-100.0,12585.0,12585.0,12420.0,849.0
2023.03.07,12540.0,-45.0,12630.0,12705.0,12470.0,173.0
2023.03.06,12585.0,65.0,12520.0,12600.0,12415.0,1350.0
2023.03.03,12520.0,-5.0,12615.0,12625.0,12455.0,821.0
2023.03.02,12525.0,160.0,12365.0,12530.0,12365.0,4275.0
2023.02.28,12365.0,55.0,12295.0,12470.0,12295.0,462.0
2023.02.27,12310.0,-25.0,12370.0,12390.0,12180.0,2455.0
2023.02.24,12335.0,-175.0,12405.0,12565.0,12335.0,1133.0
2023.02.23,12510.0,0.0,12510.0,12535.0,12385.0,317.0
2023.02.22,12510.0,-115.0,12665.0,12665.0,12420.0,482.0
2023.02.21,12625.0,-205.0,12790.0,12850.0,12585.0,929.0
2023.02.20,12830.0,-30.0,12800.0,12855.0,12760.0,195.0
2023.02.17,12860.0,-55.0,12835.0,12925.0,12795.0,266.0
2023.02.16,12915.0,190.0,12725.0,13005.0,12695.0,1478.0
2023.02.15,12725.0,-135.0,12855.0,12855.0,12660.0,934.0
2023.02.14,12860.0,0.0,12830.0,12875.0,12815.0,902.0
2023.02.13,12860.0,45.0,12705.0,12865.0,12685.0,1721.0
2023.02.10,12815.0,-55.0,12870.0,13005.0,12710.0,6767.0
2023.02.09,12870.0,-15.0,12895.0,12935.0,12700.0,1385.0
2023.02.08,12885.0,80.0,12805.0,12895.0,12765.0,1635.0
2023.02.07,12805.0,135.0,12670.0,12885.0,12670.0,879.0
2023.02.06,12670.0,-110.0,12780.0,12805.0,12555.0,1441.0
2023.02.03,12780.0,-95.0,12785.0,12900.0,12705.0,486.0
2023.02.02,12875.0,160.0,12715.0,12890.0,12715.0,480.0
2023.02.01,12715.0,95.0,12640.0,12745.0,12575.0,2988.0
2023.01.31,12620.0,-95.0,12710.0,12825.0,12425.0,2437.0
2023.01.30,12715.0,-230.0,12950.0,13055.0,12715.0,2699.0
2023.01.27,12945.0,35.0,12945.0,13020.0,12855.0,851.0
2023.01.26,12910.0,130.0,12780.0,12915.0,12630.0,2026.0
2023.01.25,12780.0,240.0,12575.0,12815.0,12575.0,4169.0
2023.01.20,12540.0,85.0,12350.0,12540.0,12350.0,266.0
2023.01.19,12455.0,-30.0,12510.0,12510.0,12335.0,219.0
2023.01.18,12485.0,50.0,12515.0,12530.0,12450.0,365.0
2023.01.17,12435.0,-105.0,12540.0,12540.0,12355.0,136.0
2023.01.16,12540.0,120.0,12425.0,12640.0,12425.0,744.0
2023.01.13,12420.0,-90.0,12495.0,12570.0,12360.0,955.0
2023.01.12,12510.0,-105.0,12625.0,12625.0,12395.0,918.0
2023.01.11,12615.0,210.0,12440.0,12615.0,12345.0,483.0
2023.01.10,12405.0,-20.0,12410.0,12410.0,12280.0,348.0
2023.01.09,12425.0,295.0,12145.0,12430.0,12145.0,1940.0
2023.01.06,12130.0,-115.0,12150.0,12240.0,12055.0,801.0
2023.01.05,12245.0,265.0,12045.0,12425.0,12045.0,4552.0
2023.01.04,11980.0,155.0,11760.0,11980.0,11760.0,324.0
2023.01.03,11825.0,330.0,11455.0,11825.0,11455.0,1122.0
2023.01.02,11495.0,70.0,11570.0,11570.0,11410.0,452.0
2022.12.29,11425.0,-175.0,11600.0,11600.0,11425.0,206.0
2022.12.28,11600.0,80.0,11500.0,11655.0,11500.0,831.0
2022.12.27,11520.0,-205.0,11570.0,11595.0,11510.0,551.0
2022.12.26,11725.0,10.0,11715.0,11725.0,11650.0,396.0
2022.12.23,11715.0,-75.0,11695.0,11765.0,11695.0,45.0
2022.12.22,11790.0,220.0,11580.0,11790.0,11580.0,82.0
2022.12.21,11570.0,-65.0,11535.0,11625.0,11530.0,97.0
2022.12.20,11635.0,-265.0,11900.0,11920.0,11565.0,428.0
2022.12.19,11900.0,-115.0,11805.0,11925.0,11800.0,405.0
2022.12.16,12015.0,-30.0,11865.0,12015.0,11725.0,109.0
2022.12.15,12045.0,-105.0,12085.0,12085.0,11955.0,215.0
2022.12.14,12150.0,110.0,12040.0,12160.0,12005.0,658.0
2022.12.13,12040.0,-45.0,12085.0,12105.0,11900.0,1303.0
2022.12.12,12085.0,-100.0,12180.0,12185.0,12075.0,527.0
2022.12.09,12185.0,90.0,12095.0,12185.0,12055.0,244.0
2022.12.08,12095.0,50.0,11930.0,12145.0,11785.0,786.0
2022.12.07,12045.0,20.0,12025.0,12235.0,12000.0,372.0
2022.12.06,12025.0,-70.0,12095.0,12100.0,12025.0,1272.0
2022.12.05,12095.0,275.0,11820.0,12095.0,11820.0,15700.0
2022.12.02,11820.0,-160.0,11935.0,11935.0,11700.0,912.0
2022.12.01,11980.0,280.0,11805.0,12055.0,11805.0,16764.0
2022.11.30,11700.0,205.0,11550.0,11700.0,11545.0,266.0
2022.11.29,11495.0,205.0,11245.0,11590.0,11245.0,190.0
2022.11.28,11290.0,-220.0,11500.0,11510.0,11215.0,995.0
2022.11.25,11510.0,-80.0,11630.0,11630.0,11420.0,490.0
2022.11.24,11590.0,-65.0,11590.0,11590.0,11515.0,130.0
2022.11.23,11655.0,70.0,11590.0,11655.0,11530.0,779.0
2022.11.22,11585.0,-150.0,11735.0,11735.0,11535.0,661.0
2022.11.21,11735.0,-55.0,11795.0,11795.0,11565.0,443.0
2022.11.18,11790.0,10.0,11645.0,11875.0,11645.0,16354.0
2022.11.17,11780.0,80.0,11755.0,11780.0,11440.0,1681.0
2022.11.16,11700.0,35.0,11680.0,11750.0,11560.0,400.0
2022.11.15,11665.0,435.0,11190.0,11665.0,11190.0,707.0
2022.11.14,11230.0,120.0,11110.0,11265.0,11085.0,574.0
2022.11.11,11110.0,355.0,10795.0,11150.0,10795.0,10586.0
2022.11.10,10755.0,-95.0,10830.0,10830.0,10680.0,551.0
2022.11.09,10850.0,-90.0,10940.0,10940.0,10785.0,118.0
2022.11.08,10940.0,-60.0,11000.0,11015.0,10905.0,700.0
2022.11.07,11000.0,55.0,10910.0,11145.0,10775.0,1287.0
2022.11.04,10945.0,375.0,10395.0,10975.0,10395.0,1725.0
2022.11.03,10570.0,-165.0,10640.0,10640.0,10430.0,552.0
2022.11.02,10735.0,125.0,10530.0,10735.0,10440.0,3024.0
2022.11.01,10610.0,185.0,10345.0,10610.0,10340.0,336.0
2022.10.31,10425.0,190.0,10240.0,10475.0,10240.0,234.0
2022.10.28,10235.0,-335.0,10450.0,10450.0,10225.0,2605.0
2022.10.27,10570.0,165.0,10455.0,10595.0,10455.0,9219.0
2022.10.26,10405.0,35.0,10275.0,10500.0,10270.0,284.0
2022.10.25,10370.0,-85.0,10430.0,10510.0,10290.0,1301.0
2022.10.24,10455.0,-305.0,10780.0,10905.0,10410.0,688.0
2022.10.21,10760.0,-80.0,10875.0,10920.0,10745.0,1628.0
2022.10.20,10840.0,-245.0,11030.0,11030.0,10685.0,513.0
2022.10.19,11085.0,-140.0,11280.0,11280.0,11030.0,663.0
2022.10.18,11225.0,110.0,11115.0,11245.0,11085.0,1664.0
2022.10.17,11115.0,-165.0,11105.0,11115.0,10965.0,172.0
2022.10.14,11280.0,240.0,11105.0,11280.0,11100.0,518.0
2022.10.13,11040.0,-60.0,11125.0,11125.0,10925.0,1539.0
2022.10.12,11100.0,-115.0,11205.0,11205.0,11040.0,427.0
2022.10.11,11215.0,-435.0,11530.0,11530.0,11110.0,4037.0
2022.10.07,11650.0,-110.0,11760.0,11760.0,11625.0,100.0
2022.10.06,11760.0,-75.0,11790.0,11870.0,11725.0,286.0
2022.10.05,11835.0,415.0,11420.0,11835.0,11420.0,16467.0
2022.10.04,11420.0,25.0,11490.0,11490.0,11285.0,2462.0
2022.09.30,11395.0,-65.0,11340.0,11405.0,11215.0,1069.0
2022.09.29,11460.0,-100.0,11545.0,11680.0,11435.0,197.0
2022.09.28,11560.0,-90.0,11660.0,11660.0,11515.0,509.0
2022.09.27,11650.0,-150.0,11795.0,11795.0,11580.0,203.0
2022.09.26,11800.0,10.0,11650.0,11865.0,11525.0,2347.0
2022.09.23,11790.0,-95.0,11815.0,11860.0,11665.0,680.0
2022.09.22,11885.0,-180.0,11980.0,11980.0,11790.0,548.0
2022.09.21,12065.0,-80.0,12130.0,12130.0,12005.0,305.0
2022.09.20,12145.0,120.0,12175.0,12175.0,12065.0,214.0
2022.09.19,12025.0,-205.0,12185.0,12185.0,11995.0,421.0
2022.09.16,12230.0,-110.0,12275.0,12275.0,12200.0,89.0
2022.09.15,12340.0,25.0,12355.0,12355.0,12315.0,97.0
2022.09.14,12315.0,-275.0,12325.0,12325.0,12300.0,223.0
2022.09.13,12590.0,345.0,12605.0,12625.0,12435.0,1295.0
2022.09.08,12245.0,50.0,12210.0,12295.0,12160.0,621.0
2022.09.07,12195.0,-245.0,12260.0,12335.0,12085.0,989.0
2022.09.06,12440.0,15.0,12445.0,12445.0,12320.0,1015.0
2022.09.05,12425.0,-25.0,12405.0,12425.0,12270.0,749.0
2022.09.02,12450.0,-70.0,12455.0,12580.0,12430.0,1142.0
2022.09.01,12520.0,-165.0,12510.0,12590.0,12385.0,1831.0
2022.08.31,12685.0,50.0,12535.0,12685.0,12415.0,349.0
2022.08.30,12635.0,55.0,12580.0,12635.0,12470.0,549.0
2022.08.29,12580.0,-105.0,12530.0,12595.0,12490.0,260.0
2022.08.26,12685.0,230.0,12625.0,12725.0,12570.0,967.0
2022.08.25,12455.0,105.0,12365.0,12455.0,12310.0,623.0
2022.08.24,12350.0,-55.0,12405.0,12435.0,12255.0,453.0
2022.08.23,12405.0,-140.0,12490.0,12490.0,12375.0,223.0
2022.08.22,12545.0,-5.0,12485.0,12555.0,12455.0,397.0
2022.08.19,12550.0,20.0,12530.0,12585.0,12470.0,364.0
2022.08.18,12530.0,25.0,12490.0,12530.0,12385.0,383.0
2022.08.17,12505.0,10.0,12490.0,12505.0,12320.0,3552.0
2022.08.16,12495.0,80.0,12540.0,12620.0,12465.0,757.0
2022.08.12,12415.0,70.0,12345.0,12420.0,12345.0,122.0
2022.08.11,12345.0,215.0,12160.0,12350.0,12040.0,3715.0
2022.08.10,12130.0,-245.0,12320.0,12320.0,12130.0,685.0
2022.08.09,12375.0,-30.0,12330.0,12375.0,12210.0,647.0
2022.08.08,12405.0,-55.0,12360.0,12410.0,12360.0,191.0
2022.08.05,12460.0,65.0,12350.0,12460.0,12350.0,269.0
2022.08.04,12395.0,130.0,12225.0,12420.0,12215.0,756.0
2022.08.03,12265.0,90.0,12110.0,12275.0,12105.0,1775.0
2022.08.02,12175.0,-200.0,12375.0,12380.0,12050.0,817.0
2022.08.01,12375.0,30.0,12350.0,12375.0,12290.0,763.0
2022.07.29,12345.0,-275.0,12630.0,12630.0,12340.0,923.0
2022.07.28,12620.0,80.0,12740.0,12740.0,12535.0,201.0
2022.07.27,12540.0,-225.0,12770.0,12770.0,12490.0,1223.0
2022.07.26,12765.0,25.0,12670.0,12775.0,12670.0,206.0
2022.07.25,12740.0,10.0,12660.0,12740.0,12640.0,261.0
2022.07.22,12730.0,15.0,12745.0,12770.0,12620.0,178.0
2022.07.21,12715.0,-85.0,12735.0,12735.0,12650.0,295.0
2022.07.20,12800.0,180.0,12620.0,12830.0,12585.0,1002.0
2022.07.19,12620.0,10.0,12610.0,12620.0,12555.0,123.0
2022.07.18,12610.0,55.0,12500.0,12615.0,12455.0,432.0
2022.07.15,12555.0,65.0,12620.0,12620.0,12550.0,188.0
2022.07.14,12490.0,115.0,12355.0,12525.0,12225.0,905.0
2022.07.13,12375.0,-75.0,12405.0,12450.0,12295.0,550.0
2022.07.12,12450.0,-75.0,12470.0,12470.0,12380.0,128.0
2022.07.11,12525.0,-300.0,12810.0,12810.0,12435.0,521.0
2022.07.08,12825.0,210.0,12735.0,12850.0,12705.0,227.0
2022.07.07,12615.0,105.0,12510.0,12655.0,12490.0,473.0
2022.07.06,12510.0,-115.0,12675.0,12675.0,12500.0,212.0
2022.07.05,12625.0,65.0,12560.0,12695.0,12550.0,267.0
2022.07.04,12560.0,-25.0,12485.0,12560.0,12350.0,6098.0
2022.07.01,12585.0,-230.0,12730.0,12730.0,12495.0,263.0
2022.06.30,12815.0,-100.0,12945.0,12945.0,12785.0,306.0
2022.06.29,12915.0,-125.0,13040.0,13040.0,12880.0,236.0
2022.06.28,13040.0,-25.0,13065.0,13090.0,12805.0,1048.0
2022.06.27,13065.0,175.0,12930.0,13145.0,12815.0,1017.0
2022.06.24,12890.0,285.0,12680.0,12890.0,12675.0,474.0
2022.06.23,12605.0,-40.0,12650.0,12650.0,12505.0,1283.0
2022.06.22,12645.0,-220.0,13000.0,13000.0,12580.0,238.0
2022.06.21,12865.0,175.0,12725.0,12865.0,12690.0,970.0
2022.06.20,12690.0,-10.0,12785.0,12785.0,12515.0,853.0
2022.06.17,12700.0,-25.0,12485.0,12710.0,12435.0,457.0
2022.06.16,12725.0,-215.0,12930.0,12930.0,12725.0,1570.0
2022.06.15,12940.0,110.0,12785.0,12940.0,12700.0,1213.0
2022.06.14,12830.0,-10.0,12695.0,12830.0,12640.0,3651.0
2022.06.13,12840.0,-385.0,13085.0,13085.0,12750.0,902.0
2022.06.10,13225.0,110.0,13155.0,13225.0,12915.0,2770.0
2022.06.09,13115.0,-30.0,13170.0,13180.0,13015.0,186.0
2022.06.08,13145.0,230.0,12865.0,13145.0,12855.0,2181.0
2022.06.07,12915.0,420.0,12855.0,12960.0,12845.0,1247.0
2022.06.03,12495.0,-210.0,12685.0,12685.0,12485.0,2306.0
2022.06.02,12705.0,-120.0,12830.0,12830.0,12650.0,231.0
2022.05.31,12825.0,230.0,12615.0,12825.0,12500.0,750.0
2022.05.30,12595.0,190.0,12460.0,12595.0,12460.0,432.0
2022.05.27,12405.0,260.0,12225.0,12450.0,12100.0,15986.0
2022.05.26,12145.0,-90.0,12265.0,12265.0,12120.0,371.0
2022.05.25,12235.0,155.0,12230.0,12245.0,12105.0,369.0
2022.05.24,12080.0,-390.0,12430.0,12430.0,12080.0,1712.0
2022.05.23,12470.0,-80.0,12615.0,12615.0,12460.0,257.0
2022.05.20,12550.0,200.0,12280.0,12560.0,12125.0,17969.0
2022.05.19,12350.0,-125.0,12400.0,12420.0,12225.0,501.0
2022.05.18,12475.0,10.0,12465.0,12600.0,12450.0,8357.0
2022.05.17,12465.0,130.0,12320.0,12465.0,12320.0,720.0
2022.05.16,12335.0,135.0,12295.0,12335.0,12245.0,376.0
2022.05.13,12200.0,130.0,12005.0,12265.0,11950.0,24876.0
2022.05.12,12070.0,-200.0,12195.0,12200.0,11955.0,283.0
2022.05.11,12270.0,140.0,12145.0,12270.0,12025.0,69.0
2022.05.10,12130.0,-235.0,12270.0,12270.0,11975.0,1710.0
2022.05.09,12365.0,-105.0,12385.0,12390.0,12300.0,567.0
2022.05.06,12470.0,-315.0,12710.0,12710.0,12435.0,659.0
2022.05.04,12785.0,-135.0,12870.0,12870.0,12715.0,145.0
2022.05.03,12920.0,-45.0,12895.0,12925.0,12775.0,309.0
2022.05.02,12965.0,215.0,12790.0,12965.0,12745.0,920.0
2022.04.29,12750.0,345.0,12415.0,12750.0,12400.0,359.0
2022.04.28,12405.0,120.0,12275.0,12410.0,12275.0,193.0
2022.04.27,12285.0,-10.0,12220.0,12295.0,12105.0,470.0
2022.04.26,12295.0,100.0,12190.0,12365.0,12175.0,1103.0
2022.04.25,12195.0,-265.0,12370.0,12370.0,12040.0,6743.0
2022.04.22,12460.0,10.0,12435.0,12495.0,12290.0,456.0
2022.04.21,12450.0,-190.0,12600.0,12610.0,12450.0,553.0
2022.04.20,12640.0,-5.0,12640.0,12645.0,12530.0,393.0
2022.04.19,12645.0,-125.0,12715.0,12755.0,12615.0,790.0
2022.04.18,12770.0,145.0,12635.0,12780.0,12635.0,305.0
2022.04.15,12625.0,-85.0,12820.0,12820.0,12625.0,14901.0
2022.04.14,12710.0,-215.0,12835.0,12835.0,12710.0,978.0
2022.04.13,12925.0,120.0,12740.0,12925.0,12740.0,359.0
2022.04.12,12805.0,45.0,12700.0,12805.0,12560.0,450.0
2022.04.11,12760.0,-170.0,12990.0,12990.0,12630.0,1338.0
2022.04.08,12930.0,35.0,12880.0,13005.0,12870.0,357.0
2022.04.07,12895.0,-325.0,13065.0,13065.0,12890.0,691.0
2022.04.06,13220.0,-225.0,13390.0,13390.0,13175.0,532.0
2022.04.05,13445.0,55.0,13410.0,13445.0,13315.0,1109.0
2022.04.04,13390.0,255.0,13135.0,13390.0,13135.0,474.0
2022.04.01,13135.0,-135.0,13265.0,13265.0,13055.0,884.0
2022.03.31,13270.0,-105.0,13345.0,13345.0,13210.0,558.0
2022.03.30,13375.0,140.0,13250.0,13375.0,13235.0,501.0
2022.03.29,13235.0,85.0,13160.0,13235.0,13160.0,94.0
2022.03.28,13150.0,65.0,13105.0,13210.0,12980.0,598.0
2022.03.25,13085.0,-270.0,13355.0,13355.0,13020.0,522.0
2022.03.24,13355.0,-75.0,13375.0,13375.0,13260.0,951.0
2022.03.23,13430.0,315.0,13160.0,13430.0,13160.0,379.0
2022.03.22,13115.0,130.0,12990.0,13120.0,12910.0,800.0
2022.03.21,12985.0,-45.0,13035.0,13060.0,12915.0,1436.0
2022.03.18,13030.0,0.0,13030.0,13045.0,12885.0,1536.0
2022.03.17,13030.0,550.0,12635.0,13120.0,12635.0,19046.0
2022.03.16,12480.0,585.0,11895.0,12520.0,11785.0,22084.0
2022.03.15,11895.0,-600.0,12300.0,12300.0,11895.0,3398.0
2022.03.14,12495.0,-150.0,12650.0,12730.0,12335.0,1356.0
2022.03.11,12645.0,-330.0,12925.0,12925.0,12490.0,6501.0
2022.03.10,12975.0,130.0,12945.0,13080.0,12820.0,1130.0
2022.03.08,12845.0,-175.0,12840.0,12945.0,12820.0,800.0
2022.03.07,13020.0,-315.0,13170.0,13170.0,12845.0,3724.0
2022.03.04,13335.0,-225.0,13450.0,13575.0,13200.0,1272.0
2022.03.03,13560.0,-20.0,13560.0,13560.0,13485.0,248.0
2022.03.02,13580.0,50.0,13530.0,13620.0,13440.0,569.0
2022.02.28,13530.0,-90.0,13485.0,13530.0,13460.0,791.0
2022.02.25,13620.0,110.0,13655.0,13660.0,13565.0,603.0
2022.02.24,13510.0,-500.0,13855.0,13855.0,13465.0,1694.0
2022.02.23,14010.0,85.0,14000.0,14010.0,13900.0,261.0
2022.02.22,13925.0,-300.0,14080.0,14080.0,13825.0,693.0
2022.02.21,14225.0,-225.0,14290.0,14310.0,14200.0,541.0
2022.02.18,14450.0,-160.0,14600.0,14600.0,14440.0,12979.0
2022.02.17,14610.0,30.0,14690.0,14690.0,14485.0,641.0
2022.02.16,14580.0,310.0,14350.0,14585.0,14350.0,3300.0
2022.02.15,14270.0,-85.0,14315.0,14410.0,14175.0,775.0
2022.02.14,14355.0,-215.0,14560.0,14645.0,14340.0,2209.0
2022.02.11,14570.0,-180.0,14740.0,14740.0,14570.0,3578.0
2022.02.10,14750.0,150.0,14690.0,14750.0,14575.0,3156.0
2022.02.09,14600.0,240.0,14430.0,14600.0,14350.0,1202.0
2022.02.08,14360.0,-95.0,14500.0,14540.0,14170.0,2218.0
2022.02.07,14455.0,-95.0,14505.0,14505.0,14375.0,2030.0
2022.02.04,14550.0,-10.0,14310.0,14550.0,14220.0,876.0
2022.02.03,14560.0,365.0,14430.0,14560.0,14430.0,2475.0
2022.01.28,14195.0,185.0,14120.0,14240.0,14020.0,686.0
2022.01.27,14010.0,-275.0,14345.0,14435.0,13990.0,797.0
2022.01.26,14285.0,-90.0,14380.0,14500.0,14285.0,4037.0
2022.01.25,14375.0,-210.0,14470.0,14480.0,14375.0,1047.0
2022.01.24,14585.0,-120.0,14700.0,14700.0,14505.0,15794.0
2022.01.21,14705.0,-135.0,14840.0,14900.0,14660.0,6846.0
2022.01.20,14840.0,335.0,14505.0,14860.0,14495.0,4369.0
2022.01.19,14505.0,-115.0,14575.0,14575.0,14440.0,1795.0
2022.01.18,14620.0,-130.0,14750.0,14795.0,14620.0,2486.0
2022.01.17,14750.0,15.0,14735.0,14780.0,14640.0,1500.0
2022.01.14,14735.0,-140.0,14645.0,14780.0,14640.0,1875.0
2022.01.13,14875.0,10.0,14865.0,14895.0,14735.0,2426.0
2022.01.12,14865.0,400.0,14495.0,14865.0,14495.0,3078.0
2022.01.11,14465.0,-15.0,14480.0,14490.0,14415.0,2616.0
2022.01.10,14480.0,85.0,14440.0,14480.0,14275.0,1026.0
2022.01.07,14395.0,180.0,14290.0,14400.0,14280.0,9007.0
2022.01.06,14215.0,-105.0,14215.0,14290.0,14105.0,1282.0
2022.01.05,14320.0,-75.0,14380.0,14455.0,14210.0,1348.0
2022.01.04,14395.0,-15.0,14400.0,14465.0,14285.0,21303.0
2022.01.03,14410.0,225.0,14255.0,14430.0,14255.0,2661.0
2021.12.30,14185.0,45.0,14195.0,14195.0,14070.0,1893.0
2021.12.29,14140.0,-20.0,14240.0,14245.0,14055.0,409.0
2021.12.28,14160.0,10.0,14240.0,14245.0,14075.0,2942.0
2021.12.27,14150.0,50.0,14225.0,14225.0,14095.0,1884.0
2021.12.24,14100.0,-30.0,14200.0,14240.0,14100.0,3327.0
2021.12.23,14130.0,-10.0,14155.0,14170.0,14040.0,2671.0
2021.12.22,14140.0,95.0,14095.0,14180.0,14060.0,316.0
2021.12.21,14045.0,150.0,13915.0,14045.0,13785.0,9795.0
2021.12.20,13895.0,-205.0,14165.0,14165.0,13760.0,2061.0
2021.12.17,14100.0,-60.0,14160.0,14255.0,14055.0,625.0
2021.12.16,14160.0,-125.0,14270.0,14270.0,14090.0,404.0
2021.12.15,14285.0,-15.0,14255.0,14330.0,14255.0,225.0
2021.12.14,14300.0,-105.0,14335.0,14335.0,14200.0,1147.0
2021.12.13,14405.0,-60.0,14475.0,14570.0,14350.0,1798.0
2021.12.10,14465.0,-15.0,14480.0,14485.0,14400.0,1135.0
2021.12.09,14480.0,65.0,14375.0,14480.0,14365.0,1122.0
2021.12.08,14415.0,15.0,14440.0,14470.0,14390.0,283.0
2021.12.07,14400.0,175.0,14080.0,14400.0,14080.0,12623.0
2021.12.06,14225.0,-105.0,14330.0,14330.0,14135.0,908.0
2021.12.03,14330.0,-60.0,14400.0,14400.0,14165.0,623.0
2021.12.02,14390.0,160.0,14270.0,14395.0,14135.0,619.0
2021.12.01,14230.0,270.0,14170.0,14230.0,14035.0,1121.0
2021.11.30,13960.0,-440.0,14410.0,14410.0,13960.0,1893.0
2021.11.29,14400.0,-60.0,14400.0,14470.0,14230.0,2331.0
2021.11.26,14460.0,-305.0,14780.0,14780.0,14405.0,1337.0
2021.11.25,14765.0,-40.0,14735.0,14780.0,14650.0,1032.0
2021.11.24,14805.0,-45.0,14860.0,14860.0,14740.0,475.0
2021.11.23,14850.0,-175.0,15015.0,15015.0,14825.0,635.0
2021.11.22,15025.0,130.0,14975.0,15085.0,14860.0,1789.0
2021.11.19,14895.0,25.0,14870.0,14930.0,14820.0,1065.0
2021.11.18,14870.0,-255.0,15065.0,15065.0,14815.0,1663.0
2021.11.17,15125.0,95.0,15150.0,15150.0,15000.0,3247.0
2021.11.16,15030.0,80.0,14980.0,15050.0,14980.0,1003.0
2021.11.15,14950.0,135.0,14920.0,14985.0,14860.0,5683.0
2021.11.12,14815.0,135.0,14855.0,14855.0,14735.0,1617.0
2021.11.11,14680.0,15.0,14805.0,14805.0,14670.0,460.0
2021.11.10,14665.0,65.0,14540.0,14670.0,14540.0,1988.0
2021.11.09,14600.0,5.0,14705.0,14860.0,14590.0,3711.0
2021.11.08,14595.0,-210.0,14755.0,14755.0,14545.0,2521.0
2021.11.05,14805.0,15.0,14905.0,14905.0,14625.0,1706.0
2021.11.04,14790.0,270.0,14700.0,14790.0,14675.0,1143.0
2021.11.03,14520.0,-185.0,14755.0,14770.0,14465.0,1720.0
2021.11.02,14705.0,140.0,14670.0,14805.0,14600.0,831.0
2021.11.01,14565.0,-95.0,14660.0,14730.0,14495.0,1406.0
2021.10.29,14660.0,-175.0,14850.0,14880.0,14640.0,3441.0
2021.10.28,14835.0,105.0,14890.0,14890.0,14730.0,1161.0
2021.10.27,14730.0,-140.0,14870.0,15010.0,14700.0,3809.0
2021.10.26,14870.0,-170.0,15075.0,15100.0,14850.0,3446.0
2021.10.25,15040.0,-45.0,15085.0,15085.0,14970.0,495.0
2021.10.22,15085.0,165.0,14960.0,15085.0,14960.0,2088.0
2021.10.21,14920.0,-140.0,15060.0,15120.0,14920.0,5662.0
2021.10.20,15060.0,140.0,14920.0,15090.0,14920.0,5391.0
2021.10.19,14920.0,165.0,14815.0,14920.0,14800.0,352.0
2021.10.18,14755.0,55.0,14750.0,14755.0,14630.0,1129.0
2021.10.15,14700.0,170.0,14585.0,14700.0,14500.0,2818.0
2021.10.14,14530.0,-90.0,14610.0,14615.0,14520.0,177.0
2021.10.13,14620.0,-25.0,14645.0,14645.0,14560.0,258.0
2021.10.12,14645.0,150.0,14705.0,14820.0,14510.0,1352.0
2021.10.08,14495.0,35.0,14460.0,14620.0,14435.0,2943.0
2021.10.07,14460.0,410.0,14115.0,14460.0,14115.0,1187.0
2021.10.06,14050.0,70.0,14145.0,14170.0,14000.0,804.0
2021.10.05,13980.0,-420.0,14060.0,14130.0,13885.0,5478.0
2021.10.01,14400.0,-130.0,14455.0,14455.0,14275.0,1056.0
2021.09.30,14530.0,135.0,14625.0,14625.0,14300.0,720.0
2021.09.29,14395.0,-255.0,14610.0,14610.0,14315.0,3392.0
2021.09.28,14650.0,80.0,14580.0,14650.0,14570.0,2769.0
2021.09.27,14570.0,115.0,14500.0,14680.0,14440.0,1782.0
2021.09.24,14455.0,-90.0,14645.0,14645.0,14455.0,3268.0
2021.09.23,14545.0,-80.0,14555.0,14710.0,14510.0,9029.0
2021.09.17,14625.0,45.0,14685.0,14855.0,14590.0,1997.0
2021.09.16,14580.0,-190.0,14755.0,14765.0,14570.0,304.0
2021.09.15,14770.0,-115.0,14870.0,14990.0,14760.0,1779.0
2021.09.14,14885.0,-35.0,15010.0,15075.0,14885.0,2663.0
2021.09.13,14920.0,-215.0,15250.0,15250.0,14920.0,3028.0
2021.09.10,15135.0,80.0,15085.0,15205.0,15075.0,3570.0
2021.09.09,15055.0,-260.0,15365.0,15365.0,15055.0,746.0
2021.09.08,15315.0,60.0,15420.0,15420.0,15220.0,5453.0
2021.09.07,15255.0,-5.0,15270.0,15400.0,15225.0,9177.0
2021.09.06,15260.0,295.0,15070.0,15260.0,15005.0,2624.0
2021.09.03,14965.0,-205.0,15160.0,15175.0,14955.0,3719.0
2021.09.02,15170.0,45.0,14980.0,15270.0,14980.0,4593.0
2021.09.01,15125.0,160.0,14965.0,15170.0,14945.0,8165.0
2021.08.31,14965.0,160.0,14705.0,14965.0,14610.0,7375.0
2021.08.30,14805.0,-15.0,14770.0,14845.0,14655.0,2238.0
2021.08.27,14820.0,-5.0,14815.0,14930.0,14720.0,1658.0
2021.08.26,14825.0,-10.0,14770.0,14930.0,14675.0,3029.0
2021.08.25,14835.0,130.0,14715.0,14875.0,14715.0,1591.0
2021.08.24,14705.0,285.0,14420.0,14705.0,14345.0,6163.0
2021.08.23,14420.0,245.0,14270.0,14515.0,14065.0,3686.0
2021.08.20,14175.0,-210.0,14450.0,14490.0,14065.0,19717.0
2021.08.19,14385.0,-310.0,14535.0,14710.0,14355.0,3000.0
2021.08.18,14695.0,115.0,14705.0,14710.0,14590.0,2257.0
2021.08.17,14580.0,-305.0,14885.0,14925.0,14580.0,5729.0
2021.08.13,14885.0,-195.0,15195.0,15195.0,14855.0,17527.0
2021.08.12,15080.0,-25.0,15285.0,15285.0,15065.0,6956.0
2021.08.11,15105.0,-150.0,15260.0,15285.0,15095.0,11440.0
2021.08.10,15255.0,235.0,15100.0,15255.0,14990.0,5346.0
2021.08.09,15020.0,40.0,14870.0,15090.0,14830.0,4468.0
2021.08.06,14980.0,45.0,15110.0,15110.0,14860.0,7575.0
2021.08.05,14935.0,-105.0,15190.0,15190.0,14935.0,5198.0
2021.08.04,15040.0,10.0,15100.0,15160.0,14960.0,2549.0
2021.08.03,15030.0,-15.0,15085.0,15100.0,14850.0,1077.0
2021.08.02,15045.0,255.0,14895.0,15070.0,14790.0,6844.0
2021.07.30,14790.0,-305.0,15170.0,15170.0,14720.0,17377.0
2021.07.29,15095.0,565.0,14740.0,15095.0,14605.0,49423.0
2021.07.28,14530.0,-180.0,14600.0,14635.0,14355.0,34334.0
2021.07.27,14710.0,-480.0,15190.0,15190.0,14695.0,4482.0
2021.07.26,15190.0,-510.0,15545.0,15690.0,15155.0,3794.0
2021.07.23,15700.0,20.0,15865.0,15865.0,15670.0,1294.0
2021.07.22,15680.0,275.0,15425.0,15790.0,15425.0,10967.0
2021.07.21,15405.0,-225.0,15655.0,15655.0,15390.0,6032.0
2021.07.20,15630.0,-40.0,15680.0,15680.0,15570.0,1345.0
2021.07.19,15670.0,-150.0,15730.0,15825.0,15560.0,3652.0
2021.07.16,15820.0,-170.0,16015.0,16015.0,15820.0,4462.0
2021.07.15,15990.0,70.0,15980.0,16020.0,15790.0,9465.0
2021.07.14,15920.0,135.0,15980.0,15980.0,15800.0,7597.0
2021.07.13,15785.0,205.0,15685.0,15905.0,15590.0,6995.0
2021.07.12,15580.0,45.0,15610.0,15635.0,15495.0,18379.0
2021.07.09,15535.0,135.0,15390.0,15540.0,15260.0,6627.0
2021.07.08,15400.0,-295.0,15840.0,15840.0,15400.0,3521.0
2021.07.07,15695.0,5.0,15760.0,15840.0,15645.0,3268.0
2021.07.06,15690.0,-15.0,15750.0,15750.0,15650.0,1169.0
2021.07.05,15705.0,-130.0,15830.0,15865.0,15625.0,2680.0
2021.07.02,15835.0,-110.0,15995.0,16055.0,15780.0,1750.0
2021.07.01,15945.0,-40.0,16120.0,16120.0,15945.0,12866.0
2021.06.30,15985.0,-75.0,16160.0,16160.0,15985.0,2621.0
2021.06.29,16060.0,-95.0,16210.0,16210.0,16025.0,1367.0
2021.06.28,16155.0,65.0,16110.0,16155.0,16025.0,3242.0
2021.06.25,16090.0,175.0,16000.0,16090.0,15925.0,7291.0
2021.06.24,15915.0,30.0,15985.0,15985.0,15815.0,2252.0
2021.06.23,15885.0,230.0,15695.0,15885.0,15665.0,26565.0
2021.06.22,15655.0,-80.0,15830.0,15830.0,15595.0,3414.0
2021.06.21,15735.0,-115.0,15975.0,15975.0,15615.0,1319.0
2021.06.18,15850.0,55.0,16000.0,16000.0,15825.0,7042.0
2021.06.17,15795.0,145.0,15730.0,15825.0,15730.0,428.0
2021.06.16,15650.0,-40.0,15800.0,15800.0,15645.0,4735.0
2021.06.15,15690.0,-125.0,15815.0,15875.0,15685.0,1751.0
2021.06.14,15815.0,35.0,15825.0,15935.0,15690.0,2057.0
2021.06.11,15780.0,-5.0,15840.0,15840.0,15690.0,1485.0
2021.06.10,15785.0,105.0,15720.0,15785.0,15650.0,2737.0
2021.06.09,15680.0,-90.0,15845.0,15845.0,15625.0,2285.0
2021.06.08,15770.0,50.0,15720.0,15850.0,15655.0,2230.0
2021.06.07,15720.0,-25.0,15765.0,15855.0,15625.0,6817.0
2021.06.04,15745.0,-230.0,15985.0,15995.0,15745.0,13226.0
2021.06.03,15975.0,30.0,16040.0,16040.0,15915.0,1625.0
2021.06.02,15945.0,5.0,15995.0,16080.0,15890.0,5051.0
2021.06.01,15940.0,270.0,15845.0,15975.0,15745.0,2988.0
2021.05.31,15670.0,-75.0,15775.0,15785.0,15650.0,4969.0
2021.05.28,15745.0,50.0,15780.0,15835.0,15700.0,1511.0
2021.05.27,15695.0,-60.0,15810.0,15810.0,15595.0,1149.0
2021.05.26,15755.0,40.0,15745.0,15800.0,15715.0,794.0
2021.05.25,15715.0,230.0,15415.0,15715.0,15415.0,6541.0
2021.05.24,15485.0,-100.0,15605.0,15605.0,15430.0,2236.0
2021.05.21,15585.0,-45.0,15510.0,15695.0,15510.0,2231.0
2021.05.20,15630.0,25.0,15455.0,15630.0,15455.0,1066.0
2021.05.18,15605.0,215.0,15400.0,15605.0,15360.0,2859.0
2021.05.17,15390.0,160.0,15390.0,15390.0,15265.0,30595.0
2021.05.14,15230.0,60.0,15240.0,15285.0,15100.0,4137.0
2021.05.13,15170.0,-300.0,15430.0,15430.0,15170.0,4150.0
2021.05.12,15470.0,50.0,15430.0,15490.0,15245.0,3385.0
2021.05.11,15420.0,-350.0,15725.0,15725.0,15330.0,7308.0
2021.05.10,15770.0,-205.0,15985.0,15985.0,15700.0,4748.0
2021.05.07,15975.0,45.0,15930.0,16015.0,15765.0,6959.0
2021.05.06,15930.0,-75.0,15930.0,15980.0,15800.0,2043.0
2021.05.04,16005.0,95.0,15840.0,16010.0,15830.0,6767.0
2021.05.03,15910.0,-150.0,16060.0,16095.0,15765.0,12232.0
2021.04.30,16060.0,-140.0,16195.0,16195.0,15905.0,3798.0
2021.04.29,16200.0,35.0,16230.0,16280.0,16095.0,9227.0
2021.04.28,16165.0,15.0,16220.0,16255.0,16135.0,2033.0
2021.04.27,16150.0,-50.0,16220.0,16220.0,16015.0,5680.0
2021.04.26,16200.0,70.0,16270.0,16270.0,16125.0,1992.0
2021.04.23,16130.0,155.0,16000.0,16165.0,15805.0,10860.0
2021.04.22,15975.0,55.0,16025.0,16035.0,15920.0,1556.0
2021.04.21,15920.0,-245.0,16165.0,16235.0,15900.0,8371.0
2021.04.20,16165.0,-80.0,16210.0,16210.0,16085.0,2873.0
2021.04.19,16245.0,5.0,16305.0,16340.0,16150.0,3176.0
2021.04.16,16240.0,75.0,16295.0,16295.0,16105.0,2926.0
2021.04.15,16165.0,-5.0,16230.0,16230.0,16080.0,2119.0
2021.04.14,16170.0,10.0,16125.0,16235.0,15955.0,1787.0
2021.04.13,16160.0,65.0,16130.0,16300.0,16010.0,3257.0
2021.04.12,16095.0,45.0,16095.0,16150.0,15900.0,9069.0
2021.04.09,16050.0,0.0,16235.0,16235.0,15950.0,10466.0
2021.04.08,16050.0,-90.0,16145.0,16180.0,16015.0,9546.0
2021.04.07,16140.0,-205.0,16400.0,16400.0,16015.0,7860.0
2021.04.06,16345.0,15.0,16335.0,16460.0,16310.0,10952.0
2021.04.05,16330.0,-5.0,16335.0,16390.0,16205.0,2400.0
2021.04.02,16335.0,135.0,16240.0,16395.0,16175.0,2936.0
2021.04.01,16200.0,240.0,15985.0,16200.0,15790.0,3912.0
2021.03.31,15960.0,-100.0,15970.0,16120.0,15845.0,4011.0
2021.03.30,16060.0,250.0,15825.0,16060.0,15825.0,2261.0
2021.03.29,15810.0,-85.0,16020.0,16020.0,15750.0,13425.0
2021.03.26,15895.0,150.0,15745.0,15895.0,15700.0,1308.0
2021.03.25,15745.0,-50.0,15770.0,15865.0,15575.0,10965.0
2021.03.24,15795.0,-70.0,15885.0,16025.0,15775.0,2165.0
2021.03.23,15865.0,-350.0,16245.0,16245.0,15845.0,8034.0
2021.03.22,16215.0,120.0,16000.0,16310.0,16000.0,15902.0
2021.03.19,16095.0,-380.0,16340.0,16340.0,15990.0,6661.0
2021.03.18,16475.0,185.0,16170.0,16530.0,16170.0,3490.0
2021.03.17,16290.0,-75.0,16400.0,16400.0,16150.0,5445.0
2021.03.16,16365.0,-25.0,16405.0,16465.0,16270.0,6001.0
2021.03.15,16390.0,-270.0,16575.0,16620.0,16370.0,3974.0
2021.03.12,16660.0,55.0,16835.0,16850.0,16640.0,18499.0
2021.03.11,16605.0,270.0,16290.0,16700.0,16290.0,9222.0
2021.03.10,16335.0,95.0,16410.0,16500.0,16180.0,17193.0
2021.03.09,16240.0,15.0,16510.0,16510.0,15870.0,130906.0
2021.03.08,16225.0,-335.0,16590.0,16700.0,16060.0,11211.0
2021.03.05,16560.0,-50.0,16410.0,16620.0,16250.0,36065.0
2021.03.04,16610.0,-310.0,16910.0,16980.0,16510.0,16045.0
2021.03.03,16920.0,255.0,16640.0,16920.0,16495.0,42234.0
2021.03.02,16665.0,225.0,16830.0,16960.0,16475.0,31940.0
2021.02.26,16440.0,-410.0,16555.0,16620.0,16325.0,10884.0
2021.02.25,16850.0,270.0,16800.0,16910.0,16645.0,31437.0
2021.02.24,16580.0,-485.0,16815.0,17055.0,16470.0,23833.0
2021.02.23,17065.0,40.0,17025.0,17135.0,16750.0,75724.0
2021.02.22,17025.0,-170.0,17215.0,17355.0,16960.0,82242.0
2021.02.19,17195.0,-75.0,17245.0,17310.0,16960.0,92159.0
2021.02.18,17270.0,-105.0,17460.0,17505.0,17205.0,104728.0
2021.02.17,17375.0,170.0,17205.0,17520.0,17035.0,63555.0
2021.02.16,17205.0,-150.0,17360.0,17360.0,17070.0,127288.0
2021.02.15,17355.0,355.0,17225.0,17355.0,17110.0,39438.0
2021.02.10,17000.0,-55.0,17100.0,17155.0,16985.0,16495.0
2021.02.09,17055.0,40.0,17035.0,17150.0,16885.0,38663.0
2021.02.08,17015.0,-100.0,17075.0,17100.0,16895.0,26296.0
2021.02.05,17115.0,215.0,16900.0,17210.0,16900.0,23467.0
2021.02.04,16900.0,-85.0,16990.0,16990.0,16615.0,44485.0
2021.02.03,16985.0,-5.0,17080.0,17080.0,16855.0,20231.0
2021.02.02,16990.0,295.0,16710.0,17125.0,16700.0,37850.0
2021.02.01,16695.0,615.0,16075.0,16695.0,16055.0,21741.0
2021.01.29,16080.0,-355.0,16275.0,16610.0,16080.0,17062.0
2021.01.28,16435.0,-325.0,16480.0,16725.0,16270.0,37294.0
2021.01.27,16760.0,-100.0,16860.0,16915.0,16700.0,40120.0
2021.01.26,16860.0,-395.0,17255.0,17325.0,16695.0,68515.0
2021.01.25,17255.0,360.0,16905.0,17285.0,16905.0,36075.0
2021.01.22,16895.0,-70.0,17030.0,17170.0,16840.0,75169.0
2021.01.21,16965.0,175.0,16795.0,17040.0,16690.0,53007.0
2021.01.20,16790.0,260.0,16680.0,16790.0,16540.0,45518.0
2021.01.19,16530.0,300.0,16295.0,16640.0,16210.0,46924.0
2021.01.18,16230.0,135.0,16010.0,16310.0,16010.0,17711.0
2021.01.15,16095.0,-5.0,16100.0,16210.0,15905.0,41046.0
2021.01.14,16100.0,200.0,16025.0,16170.0,15915.0,37613.0
2021.01.13,15900.0,30.0,15870.0,16010.0,15805.0,39766.0
2021.01.12,15870.0,0.0,15760.0,15870.0,15650.0,29383.0
2021.01.11,15870.0,165.0,15715.0,16030.0,15705.0,46512.0
2021.01.08,15705.0,445.0,15265.0,15745.0,15265.0,46664.0
2021.01.07,15260.0,80.0,15185.0,15300.0,15140.0,30029.0
2021.01.06,15180.0,130.0,15275.0,15275.0,15075.0,20692.0
2021.01.05,15050.0,240.0,14850.0,15130.0,14690.0,25281.0
2021.01.04,14810.0,235.0,14580.0,14940.0,14550.0,113427.0
2020.12.30,14575.0,315.0,14260.0,14575.0,14180.0,30439.0
2020.12.29,14260.0,-15.0,14275.0,14335.0,14130.0,8136.0
2020.12.28,14275.0,50.0,14320.0,14440.0,14120.0,10092.0
2020.12.24,14225.0,25.0,14280.0,14310.0,14220.0,20003.0
2020.12.23,14200.0,0.0,14200.0,14270.0,14145.0,30451.0
2020.12.22,14200.0,-50.0,14250.0,14275.0,14050.0,30019.0
2020.12.21,14250.0,130.0,14125.0,14265.0,14080.0,55007.0
2020.12.18,14120.0,-60.0,14200.0,14275.0,14115.0,18651.0
2020.12.17,14180.0,-20.0,14200.0,14200.0,14120.0,6854.0
2020.12.16,14200.0,90.0,14150.0,14210.0,14010.0,12572.0
2020.12.15,14110.0,-80.0,14035.0,14210.0,13995.0,8977.0
2020.12.14,14190.0,0.0,14275.0,14275.0,14080.0,15738.0
2020.12.11,14190.0,5.0,14185.0,14245.0,14105.0,6745.0
2020.12.10,14185.0,-10.0,14195.0,14195.0,14060.0,11415.0
2020.12.09,14195.0,45.0,14115.0,14195.0,14070.0,14045.0
2020.12.08,14150.0,0.0,14150.0,14200.0,13965.0,29576.0
2020.12.07,14150.0,-30.0,14175.0,14255.0,14000.0,17364.0
2020.12.04,14180.0,110.0,14070.0,14180.0,14045.0,13631.0
2020.12.03,14070.0,10.0,14060.0,14105.0,13970.0,16341.0
2020.12.02,14060.0,5.0,14085.0,14110.0,13915.0,22819.0
2020.12.01,14055.0,115.0,13805.0,14070.0,13805.0,22243.0
2020.11.30,13940.0,-155.0,14105.0,14155.0,13940.0,10631.0
2020.11.27,14095.0,-20.0,14140.0,14140.0,13980.0,18511.0
2020.11.26,14115.0,90.0,13955.0,14120.0,13875.0,13624.0
2020.11.25,14025.0,70.0,14160.0,14160.0,13920.0,24107.0
2020.11.24,13955.0,-145.0,14150.0,14165.0,13950.0,44166.0
2020.11.23,14100.0,95.0,14020.0,14115.0,13970.0,30438.0
2020.11.20,14005.0,225.0,13780.0,14010.0,13725.0,23364.0
2020.11.19,13780.0,-130.0,13910.0,13935.0,13745.0,14118.0
2020.11.18,13910.0,35.0,13875.0,13960.0,13810.0,22426.0
2020.11.17,13875.0,90.0,13905.0,14000.0,13840.0,48445.0
2020.11.16,13785.0,130.0,13690.0,13880.0,13690.0,71693.0
2020.11.13,13655.0,110.0,13530.0,13655.0,13430.0,13421.0
2020.11.12,13545.0,55.0,13480.0,13600.0,13365.0,13378.0
2020.11.11,13490.0,-35.0,13525.0,13675.0,13375.0,14378.0
2020.11.10,13525.0,-70.0,13715.0,13800.0,13485.0,13386.0
2020.11.09,13595.0,125.0,13590.0,13730.0,13590.0,70469.0
2020.11.06,13470.0,100.0,13640.0,13640.0,13460.0,11193.0
2020.11.05,13370.0,85.0,13370.0,13600.0,13300.0,60057.0
2020.11.04,13285.0,-25.0,13355.0,13365.0,13200.0,6108.0
2020.11.03,13310.0,195.0,13135.0,13320.0,13025.0,14288.0
2020.11.02,13115.0,215.0,13025.0,13125.0,12895.0,8158.0
2020.10.30,12900.0,-285.0,13000.0,13130.0,12855.0,21832.0
2020.10.29,13185.0,-55.0,12980.0,13185.0,12955.0,3938.0
2020.10.28,13240.0,230.0,12995.0,13240.0,12930.0,1584.0
2020.10.27,13010.0,-50.0,13085.0,13085.0,12955.0,3394.0
2020.10.26,13060.0,-20.0,13120.0,13120.0,12995.0,10537.0
2020.10.23,13080.0,-100.0,13180.0,13195.0,13020.0,3151.0
2020.10.22,13180.0,5.0,13115.0,13180.0,13015.0,1612.0
2020.10.21,13175.0,95.0,13060.0,13175.0,13045.0,3376.0
2020.10.20,13080.0,-95.0,13035.0,13090.0,13015.0,2088.0
2020.10.19,13175.0,45.0,13045.0,13245.0,13045.0,3136.0
2020.10.16,13130.0,-25.0,13115.0,13140.0,13020.0,1737.0
2020.10.15,13155.0,-65.0,13125.0,13225.0,13100.0,3464.0
2020.10.14,13220.0,40.0,13225.0,13300.0,13120.0,17741.0
2020.10.13,13180.0,-190.0,13480.0,13480.0,13180.0,20517.0
2020.10.12,13370.0,315.0,13060.0,13370.0,13050.0,11550.0
2020.10.08,13055.0,250.0,12885.0,13055.0,12885.0,9630.0
2020.10.07,12805.0,35.0,12735.0,12810.0,12670.0,10973.0
2020.10.06,12770.0,55.0,12955.0,12955.0,12755.0,7239.0
2020.10.05,12715.0,120.0,12730.0,12765.0,12590.0,12245.0
2020.09.29,12595.0,-120.0,12920.0,12920.0,12595.0,4470.0
2020.09.28,12715.0,110.0,12725.0,12725.0,12605.0,2953.0
2020.09.25,12605.0,45.0,12725.0,12725.0,12560.0,4991.0
2020.09.24,12560.0,-220.0,12645.0,12650.0,12485.0,2278.0
2020.09.23,12780.0,-20.0,12775.0,12905.0,12650.0,2928.0
2020.09.22,12800.0,-100.0,12875.0,12875.0,12735.0,6208.0
2020.09.21,12900.0,-155.0,12990.0,13080.0,12870.0,6749.0
2020.09.18,13055.0,10.0,13060.0,13105.0,12980.0,7723.0
2020.09.17,13045.0,-170.0,13215.0,13255.0,12970.0,8766.0
2020.09.16,13215.0,0.0,13360.0,13360.0,13215.0,3728.0
2020.09.15,13215.0,-85.0,13280.0,13390.0,13185.0,6466.0
2020.09.14,13300.0,280.0,13020.0,13305.0,13020.0,9622.0
2020.09.11,13020.0,-135.0,13005.0,13105.0,12905.0,6109.0
2020.09.10,13155.0,255.0,13035.0,13155.0,13030.0,5044.0
2020.09.09,12900.0,-170.0,12895.0,13000.0,12795.0,2887.0
2020.09.08,13070.0,30.0,13190.0,13190.0,12945.0,4226.0
2020.09.07,13040.0,30.0,13010.0,13090.0,12970.0,3493.0
2020.09.04,13010.0,-310.0,12770.0,13090.0,12770.0,5971.0
2020.09.03,13320.0,-5.0,13445.0,13445.0,13225.0,3973.0
2020.09.02,13325.0,75.0,13330.0,13330.0,13140.0,5343.0
2020.09.01,13250.0,0.0,13135.0,13250.0,13090.0,4337.0
2020.08.31,13250.0,-60.0,13260.0,13405.0,13250.0,9212.0
2020.08.28,13310.0,60.0,13345.0,13465.0,13240.0,9692.0
2020.08.27,13250.0,-80.0,13300.0,13430.0,13250.0,42878.0
2020.08.26,13330.0,80.0,13340.0,13340.0,13145.0,9437.0
2020.08.25,13250.0,25.0,13190.0,13335.0,13130.0,17033.0
2020.08.24,13225.0,300.0,12925.0,13255.0,12905.0,17226.0
2020.08.21,12925.0,245.0,12810.0,13070.0,12785.0,9023.0
2020.08.20,12680.0,-330.0,12975.0,12975.0,12640.0,11128.0
2020.08.19,13010.0,-70.0,13230.0,13230.0,12980.0,2644.0
2020.08.18,13080.0,125.0,12960.0,13145.0,12960.0,11428.0
2020.08.14,12955.0,30.0,12925.0,12995.0,12870.0,5327.0
2020.08.13,12925.0,-5.0,13020.0,13095.0,12920.0,11608.0
2020.08.12,12930.0,-20.0,13025.0,13025.0,12815.0,21423.0
2020.08.11,12950.0,-25.0,12975.0,13095.0,12870.0,7697.0
2020.08.10,12975.0,115.0,12860.0,13020.0,12850.0,3992.0
2020.08.07,12860.0,-250.0,13205.0,13220.0,12775.0,14840.0
2020.08.06,13110.0,-30.0,13205.0,13205.0,12970.0,20643.0
2020.08.05,13140.0,85.0,13055.0,13150.0,12925.0,66358.0
2020.08.04,13055.0,295.0,12690.0,13055.0,12690.0,17811.0
2020.08.03,12760.0,-20.0,12885.0,12885.0,12700.0,27706.0
2020.07.31,12780.0,-180.0,13025.0,13030.0,12745.0,64772.0
2020.07.30,12960.0,90.0,12900.0,12985.0,12835.0,22120.0
2020.07.29,12870.0,-65.0,12940.0,12960.0,12805.0,15712.0
2020.07.28,12935.0,240.0,12815.0,12980.0,12740.0,57581.0
2020.07.27,12695.0,200.0,12485.0,12820.0,12485.0,14860.0
2020.07.24,12495.0,-305.0,12780.0,12795.0,12495.0,7361.0
2020.07.23,12800.0,-15.0,12825.0,12825.0,12610.0,23689.0
2020.07.22,12815.0,10.0,13015.0,13015.0,12760.0,24108.0
2020.07.21,12805.0,220.0,12615.0,12965.0,12615.0,65530.0
2020.07.20,12585.0,-110.0,12690.0,12690.0,12475.0,4350.0
2020.07.17,12695.0,90.0,12480.0,12720.0,12480.0,18899.0
2020.07.16,12605.0,-75.0,12855.0,12855.0,12505.0,13866.0
2020.07.15,12680.0,25.0,12815.0,12855.0,12610.0,56769.0
2020.07.14,12655.0,-175.0,12780.0,12780.0,12555.0,14091.0
2020.07.13,12830.0,40.0,12855.0,12890.0,12700.0,38675.0
2020.07.10,12790.0,-55.0,12850.0,12850.0,12725.0,7715.0
2020.07.09,12845.0,205.0,12685.0,12845.0,12650.0,129347.0
2020.07.08,12640.0,-10.0,12680.0,12680.0,12545.0,16028.0
2020.07.07,12650.0,60.0,12600.0,12680.0,12565.0,44292.0
2020.07.06,12590.0,210.0,12300.0,12635.0,12300.0,148094.0
2020.07.03,12380.0,280.0,12170.0,12380.0,12165.0,68583.0
2020.07.02,12100.0,0.0,12075.0,12200.0,12070.0,26050.0
2020.07.01,12100.0,200.0,12095.0,12100.0,12010.0,3193.0
2020.06.30,11900.0,85.0,12090.0,12090.0,11885.0,14895.0
2020.06.29,11815.0,-215.0,11950.0,11950.0,11765.0,12025.0
2020.06.26,12030.0,65.0,12210.0,12210.0,11970.0,22133.0
2020.06.25,11965.0,-85.0,12000.0,12000.0,11845.0,10708.0
2020.06.24,12050.0,-90.0,12140.0,12230.0,12045.0,41561.0
2020.06.23,12140.0,200.0,12105.0,12145.0,11870.0,57605.0
2020.06.22,11940.0,85.0,11850.0,12000.0,11770.0,47308.0
2020.06.19,11855.0,125.0,11965.0,11965.0,11750.0,19756.0
2020.06.18,11730.0,-75.0,11805.0,11860.0,11685.0,16641.0
2020.06.17,11805.0,60.0,11780.0,11845.0,11700.0,11365.0
2020.06.16,11745.0,210.0,11820.0,11850.0,11690.0,20501.0
2020.06.15,11535.0,-115.0,11635.0,11665.0,11450.0,3453.0
2020.06.12,11650.0,-100.0,11500.0,11750.0,11430.0,11781.0
2020.06.11,11750.0,-130.0,11725.0,11900.0,11700.0,22045.0
2020.06.10,11880.0,75.0,11805.0,12000.0,11775.0,5522.0
2020.06.09,11805.0,65.0,11770.0,11830.0,11740.0,13174.0
2020.06.08,11740.0,-60.0,11875.0,11950.0,11730.0,17833.0
2020.06.05,11800.0,40.0,11760.0,11800.0,11690.0,5782.0
2020.06.04,11760.0,145.0,11695.0,11775.0,11605.0,19419.0
2020.06.03,11615.0,240.0,11480.0,11720.0,11390.0,63636.0
2020.06.02,11375.0,0.0,11375.0,11415.0,11290.0,9894.0
2020.06.01,11375.0,220.0,11125.0,11430.0,11125.0,15904.0
2020.05.29,11155.0,-65.0,11215.0,11215.0,11060.0,981.0
2020.05.28,11220.0,35.0,11250.0,11295.0,11035.0,15381.0
2020.05.27,11185.0,-70.0,11205.0,11245.0,11160.0,2069.0
2020.05.26,11255.0,160.0,11020.0,11295.0,11020.0,4074.0
2020.05.25,11095.0,25.0,11180.0,11180.0,10880.0,5044.0
2020.05.22,11070.0,-385.0,11410.0,11410.0,11000.0,5305.0
2020.05.21,11455.0,60.0,11400.0,11455.0,11330.0,2693.0
2020.05.20,11395.0,170.0,11245.0,11395.0,11165.0,1259.0
2020.05.19,11225.0,100.0,11185.0,11270.0,11140.0,7376.0
2020.05.18,11125.0,25.0,11100.0,11190.0,11035.0,3914.0
2020.05.15,11100.0,-5.0,11110.0,11155.0,11010.0,6409.0
2020.05.14,11105.0,-120.0,11150.0,11185.0,11065.0,856.0
2020.05.13,11225.0,55.0,11100.0,11225.0,10940.0,1336.0
2020.05.12,11170.0,-80.0,11250.0,11250.0,11085.0,1681.0
2020.05.11,11250.0,125.0,11125.0,11250.0,11105.0,3598.0
2020.05.08,11125.0,55.0,11040.0,11135.0,10975.0,1362.0
2020.05.07,11070.0,-35.0,11050.0,11095.0,10960.0,1465.0
2020.05.06,11105.0,180.0,10940.0,11105.0,10935.0,2682.0
2020.05.04,10925.0,-265.0,10850.0,11005.0,10845.0,3678.0
2020.04.29,11190.0,30.0,11160.0,11240.0,11085.0,2304.0
2020.04.28,11160.0,55.0,11050.0,11160.0,10965.0,991.0
2020.04.27,11105.0,155.0,10940.0,11125.0,10895.0,2370.0
2020.04.24,10950.0,-85.0,10975.0,11000.0,10870.0,940.0
2020.04.23,11035.0,105.0,10915.0,11065.0,10910.0,1371.0
2020.04.22,10930.0,30.0,10790.0,10930.0,10705.0,2176.0
2020.04.21,10900.0,-195.0,10935.0,11075.0,10820.0,1653.0
2020.04.20,11095.0,25.0,11065.0,11115.0,10975.0,2505.0
2020.04.17,11070.0,160.0,11030.0,11235.0,11015.0,4239.0
2020.04.16,10910.0,5.0,10715.0,10910.0,10715.0,2070.0
2020.04.14,10905.0,185.0,10815.0,10920.0,10770.0,512.0
2020.04.13,10720.0,-20.0,10690.0,10720.0,10550.0,1659.0
2020.04.10,10740.0,20.0,10650.0,10780.0,10650.0,2190.0
2020.04.09,10720.0,-30.0,10795.0,11040.0,10660.0,11823.0
2020.04.08,10750.0,95.0,10620.0,10765.0,10615.0,1684.0
2020.04.07,10655.0,-60.0,10700.0,10850.0,10585.0,6647.0
2020.04.06,10715.0,320.0,10400.0,10715.0,10340.0,2166.0
2020.04.03,10395.0,-135.0,10595.0,10595.0,10305.0,7744.0
2020.04.02,10530.0,175.0,10405.0,10560.0,10345.0,2072.0
2020.04.01,10355.0,5.0,10400.0,10425.0,10270.0,1184.0
2020.03.31,10350.0,-70.0,10380.0,10515.0,10260.0,11911.0
2020.03.30,10420.0,-85.0,10460.0,10460.0,10150.0,3865.0
2020.03.27,10505.0,15.0,10535.0,10685.0,10370.0,2445.0
2020.03.26,10490.0,50.0,10465.0,10555.0,10350.0,1092.0
2020.03.25,10440.0,340.0,10195.0,10440.0,10085.0,3671.0
2020.03.24,10100.0,245.0,10250.0,10250.0,9890.0,3535.0
2020.03.23,9855.0,-195.0,9155.0,10010.0,8210.0,8687.0
2020.03.20,10050.0,310.0,9725.0,10050.0,9575.0,2587.0
2020.03.19,9740.0,-105.0,9940.0,10025.0,9450.0,3920.0
2020.03.18,9845.0,-420.0,10275.0,10365.0,9845.0,1484.0
2020.03.17,10265.0,-230.0,10025.0,10265.0,9855.0,918.0
2020.03.16,10495.0,65.0,10365.0,10665.0,10365.0,3300.0
2020.03.13,10430.0,-135.0,9525.0,10545.0,9525.0,68516.0
2020.03.12,10565.0,-410.0,10850.0,10900.0,10470.0,6925.0
2020.03.11,10975.0,-215.0,11075.0,11075.0,10965.0,834.0
2020.03.10,11190.0,70.0,11000.0,11190.0,10950.0,1930.0
2020.03.09,11120.0,-295.0,11170.0,11365.0,11030.0,3121.0
2020.03.06,11415.0,-225.0,11550.0,11605.0,11355.0,3392.0
2020.03.05,11640.0,125.0,11685.0,11685.0,11450.0,4318.0
2020.03.04,11515.0,50.0,11420.0,11535.0,11325.0,1627.0
2020.03.03,11465.0,35.0,11400.0,11500.0,11355.0,7675.0
2020.03.02,11430.0,-40.0,11375.0,11505.0,11310.0,29765.0
2020.02.28,11470.0,-185.0,11590.0,11615.0,11365.0,36479.0
2020.02.27,11655.0,-100.0,11775.0,11785.0,11580.0,5353.0
2020.02.26,11755.0,-110.0,11630.0,11775.0,11510.0,27085.0
2020.02.25,11865.0,20.0,11800.0,11865.0,11640.0,17592.0
2020.02.24,11845.0,-85.0,11840.0,11890.0,11750.0,6990.0
2020.02.21,11930.0,-115.0,11995.0,12005.0,11885.0,12111.0
2020.02.20,12045.0,-5.0,12050.0,12070.0,11910.0,20167.0
2020.02.19,12050.0,125.0,12055.0,12080.0,11930.0,3975.0
2020.02.18,11925.0,-260.0,12200.0,12200.0,11910.0,33423.0
2020.02.17,12185.0,140.0,12165.0,12185.0,12020.0,43952.0
2020.02.14,12045.0,20.0,12125.0,12195.0,12015.0,34563.0
2020.02.13,12025.0,80.0,12020.0,12105.0,11970.0,26657.0
2020.02.12,11945.0,25.0,12015.0,12015.0,11880.0,9928.0
2020.02.11,11920.0,40.0,11880.0,12000.0,11780.0,14973.0
2020.02.10,11880.0,70.0,11905.0,11905.0,11725.0,14085.0
2020.02.07,11810.0,-75.0,11910.0,12010.0,11785.0,6970.0
2020.02.06,11885.0,115.0,11795.0,11945.0,11770.0,17345.0
2020.02.05,11770.0,130.0,11775.0,11855.0,11670.0,31350.0
2020.02.04,11640.0,25.0,11500.0,11755.0,11495.0,16681.0
2020.02.03,11615.0,45.0,11470.0,11630.0,11275.0,74624.0
2020.01.31,11570.0,120.0,11550.0,11780.0,11455.0,9641.0
2020.01.30,11450.0,-200.0,11680.0,11795.0,11435.0,24903.0
2020.01.29,11650.0,175.0,11555.0,11880.0,11490.0,22571.0
2020.01.28,11475.0,-470.0,11770.0,12200.0,11275.0,26115.0
2020.01.23,11945.0,-200.0,12160.0,12160.0,11885.0,23562.0
2020.01.22,12145.0,175.0,12045.0,12145.0,11910.0,39918.0
2020.01.21,11970.0,-245.0,12215.0,12215.0,11935.0,41522.0
2020.01.20,12215.0,80.0,12085.0,12215.0,12085.0,75001.0
2020.01.17,12135.0,0.0,12130.0,12135.0,12035.0,58626.0
2020.01.16,12135.0,100.0,12035.0,12145.0,11970.0,32142.0
2020.01.15,12035.0,-20.0,12055.0,12150.0,11945.0,65342.0
2020.01.14,12055.0,-5.0,12065.0,12150.0,11960.0,262261.0
2020.01.13,12060.0,110.0,11950.0,12060.0,11930.0,432188.0
2020.01.10,11950.0,110.0,11840.0,11950.0,11840.0,106853.0
2020.01.09,11840.0,45.0,11880.0,11880.0,11740.0,71129.0
2020.01.08,11795.0,-15.0,11860.0,11860.0,11700.0,55136.0
2020.01.07,11810.0,45.0,11810.0,11860.0,11765.0,41050.0
2020.01.06,11765.0,-20.0,11785.0,11885.0,11720.0,183304.0
2020.01.03,11785.0,55.0,11765.0,11900.0,11750.0,236834.0
2020.01.02,11730.0,-30.0,11735.0,11760.0,11600.0,23270.0
2019.12.30,11760.0,60.0,11755.0,11760.0,11695.0,58096.0
2019.12.27,11700.0,15.0,11730.0,11760.0,11575.0,95925.0
2019.12.26,11685.0,100.0,11630.0,11685.0,11545.0,46620.0
2019.12.24,11585.0,-95.0,11750.0,11750.0,11575.0,54113.0
2019.12.23,11680.0,115.0,11610.0,11680.0,11510.0,13339.0
2019.12.20,11565.0,-45.0,11650.0,11740.0,11560.0,34614.0
2019.12.19,11610.0,-70.0,11720.0,11760.0,11585.0,106578.0
2019.12.18,11680.0,0.0,11685.0,11715.0,11645.0,269891.0
2019.12.17,11680.0,90.0,11515.0,11680.0,11505.0,278933.0
2019.12.16,11590.0,95.0,11485.0,11590.0,11485.0,340618.0
2019.12.13,11495.0,115.0,11380.0,11515.0,11310.0,269653.0
2019.12.12,11380.0,200.0,11210.0,11430.0,11210.0,257236.0
2019.12.11,11180.0,5.0,11075.0,11205.0,11075.0,19544.0
2019.12.10,11175.0,85.0,11180.0,11180.0,11105.0,15068.0
2019.12.09,11090.0,0.0,11090.0,11135.0,11065.0,20651.0
2019.12.06,11090.0,85.0,11025.0,11090.0,10950.0,3505.0
2019.12.05,11005.0,60.0,10935.0,11070.0,10930.0,8467.0
2019.12.04,10945.0,-105.0,10995.0,11025.0,10905.0,7243.0
2019.12.03,11050.0,-5.0,11050.0,11050.0,10970.0,3930.0
2019.12.02,11055.0,130.0,11070.0,11090.0,10940.0,4972.0
2019.11.29,10925.0,-240.0,11105.0,11165.0,10910.0,15116.0
2019.11.28,11165.0,-5.0,11170.0,11170.0,11110.0,26915.0
2019.11.27,11170.0,-15.0,11130.0,11180.0,11070.0,12626.0
2019.11.26,11185.0,0.0,11190.0,11190.0,11075.0,47556.0
2019.11.25,11185.0,195.0,11030.0,11185.0,11030.0,45406.0
2019.11.22,10990.0,65.0,11000.0,11105.0,10940.0,7803.0
2019.11.21,10925.0,-195.0,11135.0,11135.0,10880.0,2855.0
2019.11.20,11120.0,-30.0,11125.0,11145.0,11045.0,15318.0
2019.11.19,11150.0,75.0,11090.0,11150.0,11020.0,16862.0
2019.11.18,11075.0,105.0,10970.0,11090.0,10915.0,12244.0
2019.11.15,10970.0,120.0,10990.0,10990.0,10895.0,1806.0
2019.11.14,10850.0,-20.0,10930.0,10930.0,10850.0,8022.0
2019.11.13,10870.0,-155.0,10985.0,11090.0,10860.0,42924.0
2019.11.12,11025.0,90.0,10945.0,11040.0,10935.0,7489.0
2019.11.11,10935.0,-110.0,11055.0,11135.0,10890.0,12433.0
2019.11.08,11045.0,-40.0,11170.0,11175.0,11030.0,7483.0
2019.11.07,11085.0,-25.0,11150.0,11165.0,11065.0,33754.0
2019.11.06,11110.0,-35.0,11145.0,11145.0,11070.0,35389.0
2019.11.05,11145.0,150.0,11105.0,11145.0,11025.0,59865.0
2019.11.04,10995.0,45.0,10955.0,11100.0,10875.0,31136.0
2019.11.01,10950.0,175.0,10820.0,10950.0,10810.0,9599.0
2019.10.31,10775.0,0.0,10800.0,10845.0,10730.0,3980.0
2019.10.30,10775.0,20.0,10755.0,10795.0,10715.0,8865.0
2019.10.29,10755.0,-130.0,10840.0,10890.0,10755.0,4424.0
2019.10.28,10885.0,25.0,10725.0,10890.0,10720.0,13025.0
2019.10.25,10860.0,100.0,10860.0,10910.0,10750.0,11691.0
2019.10.24,10760.0,45.0,10800.0,10800.0,10685.0,4194.0
2019.10.23,10715.0,-45.0,10835.0,10885.0,10700.0,2019.0
2019.10.22,10760.0,-45.0,10880.0,10880.0,10735.0,10197.0
2019.10.21,10805.0,40.0,10840.0,10855.0,10735.0,4699.0
2019.10.18,10765.0,-75.0,10830.0,10890.0,10765.0,16181.0
2019.10.17,10840.0,-10.0,10900.0,10910.0,10820.0,12734.0
2019.10.16,10850.0,15.0,10865.0,10950.0,10800.0,4130.0
2019.10.15,10835.0,80.0,10765.0,10835.0,10765.0,5809.0
2019.10.14,10755.0,40.0,10735.0,10785.0,10685.0,12931.0
2019.10.11,10715.0,75.0,10680.0,10755.0,10565.0,738.0
2019.10.10,10640.0,-50.0,10595.0,10640.0,10485.0,9837.0
2019.10.08,10690.0,65.0,10635.0,10690.0,10595.0,11995.0
2019.10.07,10625.0,100.0,10575.0,10625.0,10555.0,5065.0
2019.10.04,10525.0,-165.0,10660.0,10685.0,10525.0,15392.0
2019.10.02,10690.0,-35.0,10670.0,10770.0,10595.0,5619.0
2019.10.01,10725.0,40.0,10680.0,10725.0,10645.0,4232.0
2019.09.30,10685.0,-15.0,10650.0,10735.0,10590.0,5756.0
2019.09.27,10700.0,-15.0,10695.0,10710.0,10580.0,2373.0
2019.09.26,10715.0,45.0,10685.0,10745.0,10615.0,14926.0
2019.09.25,10670.0,-25.0,10635.0,10760.0,10605.0,3104.0
2019.09.24,10695.0,-65.0,10670.0,10735.0,10655.0,15107.0
2019.09.23,10760.0,-5.0,10765.0,10785.0,10650.0,2339.0
2019.09.20,10765.0,65.0,10710.0,10775.0,10675.0,3216.0
2019.09.19,10700.0,-35.0,10830.0,10830.0,10700.0,3323.0
2019.09.18,10735.0,70.0,10730.0,10810.0,10700.0,4923.0
2019.09.17,10665.0,-90.0,10810.0,10810.0,10665.0,1455.0
2019.09.16,10755.0,-45.0,10755.0,10785.0,10655.0,11618.0
2019.09.11,10800.0,115.0,10635.0,10825.0,10620.0,1204.0
2019.09.10,10685.0,25.0,10710.0,10710.0,10610.0,6272.0
2019.09.09,10660.0,60.0,10655.0,10710.0,10615.0,977.0
2019.09.06,10600.0,-30.0,10630.0,10705.0,10595.0,4571.0
2019.09.05,10630.0,135.0,10565.0,10685.0,10555.0,31860.0
2019.09.04,10495.0,165.0,10355.0,10545.0,10290.0,2371.0
2019.09.03,10330.0,-60.0,10360.0,10475.0,10325.0,4418.0
2019.09.02,10390.0,-55.0,10455.0,10485.0,10310.0,2442.0
2019.08.30,10445.0,180.0,10365.0,10490.0,10365.0,10282.0
2019.08.29,10265.0,-85.0,10350.0,10385.0,10255.0,3712.0
2019.08.28,10350.0,-20.0,10285.0,10360.0,10265.0,4073.0
2019.08.27,10370.0,50.0,10365.0,10405.0,10310.0,1534.0
2019.08.26,10320.0,-145.0,10430.0,10430.0,10220.0,7668.0
2019.08.23,10465.0,105.0,10375.0,10470.0,10370.0,1582.0
2019.08.22,10360.0,-100.0,10475.0,10500.0,10360.0,3407.0
2019.08.21,10460.0,-45.0,10495.0,10495.0,10380.0,2202.0
2019.08.20,10505.0,30.0,10495.0,10520.0,10430.0,2473.0
2019.08.19,10475.0,140.0,10365.0,10475.0,10330.0,10308.0
2019.08.16,10335.0,35.0,10295.0,10385.0,10250.0,1757.0
2019.08.14,10300.0,-15.0,10310.0,10395.0,10300.0,674.0
2019.08.13,10315.0,-190.0,10430.0,10430.0,10240.0,1826.0
2019.08.12,10505.0,145.0,10430.0,10510.0,10415.0,3599.0
2019.08.09,10360.0,-5.0,10360.0,10405.0,10355.0,3594.0
2019.08.08,10365.0,40.0,10485.0,10485.0,10320.0,4510.0
2019.08.07,10325.0,-45.0,10330.0,10415.0,10275.0,6977.0
2019.08.06,10370.0,-90.0,10270.0,10450.0,10165.0,19074.0
2019.08.05,10460.0,-100.0,10560.0,10690.0,10385.0,22985.0
2019.08.02,10560.0,-225.0,10730.0,10755.0,10545.0,5210.0
2019.08.01,10785.0,45.0,10770.0,10890.0,10710.0,9876.0
2019.07.31,10740.0,-190.0,10920.0,10920.0,10720.0,6362.0
2019.07.30,10930.0,30.0,10880.0,10945.0,10870.0,24160.0
2019.07.29,10900.0,-100.0,10945.0,11000.0,10815.0,20151.0
2019.07.26,11000.0,-35.0,11075.0,11080.0,10945.0,56357.0
2019.07.25,11035.0,100.0,11000.0,11035.0,10925.0,24213.0
2019.07.24,10935.0,-60.0,10995.0,11000.0,10925.0,24624.0
2019.07.23,10995.0,25.0,10980.0,11040.0,10910.0,13551.0
2019.07.22,10970.0,20.0,10965.0,11010.0,10915.0,36728.0
2019.07.19,10950.0,145.0,10890.0,10960.0,10835.0,25328.0
2019.07.18,10805.0,-60.0,10870.0,10895.0,10795.0,27962.0
2019.07.17,10865.0,-20.0,10900.0,10930.0,10815.0,84008.0
2019.07.16,10885.0,10.0,10925.0,10940.0,10865.0,38140.0
2019.07.15,10875.0,30.0,10845.0,10875.0,10710.0,8099.0
2019.07.12,10845.0,15.0,10800.0,10860.0,10795.0,24517.0
2019.07.11,10830.0,25.0,10755.0,10850.0,10755.0,15737.0
2019.07.10,10805.0,110.0,10745.0,10815.0,10705.0,4447.0
2019.07.09,10695.0,-35.0,10755.0,10755.0,10675.0,13274.0
2019.07.08,10730.0,-130.0,10860.0,10860.0,10685.0,17787.0
2019.07.05,10860.0,30.0,10890.0,10890.0,10790.0,35194.0
2019.07.04,10830.0,55.0,10815.0,10875.0,10810.0,10548.0
2019.07.03,10775.0,-55.0,10855.0,10880.0,10770.0,29259.0
2019.07.02,10830.0,-15.0,10785.0,10845.0,10785.0,19003.0
2019.07.01,10845.0,170.0,10680.0,10845.0,10680.0,2952.0
2019.06.28,10675.0,-45.0,10735.0,10765.0,10615.0,2311.0
2019.06.27,10720.0,120.0,10560.0,10720.0,10500.0,1897.0
2019.06.26,10600.0,30.0,10570.0,10605.0,10440.0,4370.0
2019.06.25,10570.0,-70.0,10640.0,10640.0,10450.0,3989.0
2019.06.24,10640.0,15.0,10625.0,10670.0,10540.0,6068.0
2019.06.21,10625.0,0.0,10705.0,10705.0,10565.0,4554.0
2019.06.20,10625.0,75.0,10610.0,10630.0,10560.0,1900.0
2019.06.19,10550.0,75.0,10415.0,10610.0,10415.0,6040.0
2019.06.18,10475.0,75.0,10330.0,10475.0,10295.0,644.0
2019.06.17,10400.0,50.0,10265.0,10400.0,10260.0,2826.0
2019.06.14,10350.0,-10.0,10355.0,10355.0,10350.0,249.0
2019.06.13,10360.0,15.0,10390.0,10405.0,10290.0,6171.0
2019.06.12,10345.0,-160.0,10385.0,10535.0,10345.0,7830.0
2019.06.11,10505.0,50.0,10390.0,10505.0,10390.0,4859.0
2019.06.10,10455.0,210.0,10245.0,10455.0,10240.0,2515.0
2019.06.07,10245.0,5.0,10230.0,10245.0,10120.0,1526.0
2019.06.05,10240.0,50.0,10295.0,10295.0,10175.0,966.0
2019.06.04,10190.0,-80.0,10260.0,10260.0,10155.0,1165.0
2019.06.03,10270.0,10.0,10170.0,10270.0,10100.0,2640.0
2019.05.31,10260.0,30.0,10215.0,10300.0,10200.0,313.0
2019.05.30,10230.0,-45.0,10190.0,10240.0,10150.0,1493.0
2019.05.29,10275.0,5.0,10215.0,10285.0,10105.0,551.0
2019.05.28,10270.0,10.0,10255.0,10270.0,10165.0,4229.0
2019.05.27,10260.0,60.0,10180.0,10260.0,10165.0,8030.0
2019.05.24,10200.0,-50.0,10250.0,10340.0,10190.0,7898.0
2019.05.23,10250.0,-230.0,10500.0,10500.0,10185.0,1681.0
2019.05.22,10480.0,50.0,10430.0,10510.0,10375.0,10665.0
2019.05.21,10430.0,-45.0,10435.0,10500.0,10395.0,2691.0
2019.05.20,10475.0,60.0,10485.0,10495.0,10405.0,19084.0
2019.05.17,10415.0,-90.0,10590.0,10615.0,10405.0,7323.0
2019.05.16,10505.0,-180.0,10670.0,10670.0,10500.0,2339.0
2019.05.15,10685.0,35.0,10640.0,10685.0,10540.0,2496.0
2019.05.14,10650.0,-90.0,10545.0,10680.0,10515.0,3371.0
2019.05.13,10740.0,-25.0,10765.0,10770.0,10665.0,1633.0
2019.05.10,10765.0,110.0,10725.0,10800.0,10655.0,3638.0
2019.05.09,10655.0,-220.0,10870.0,10910.0,10645.0,10553.0
2019.05.08,10875.0,-50.0,10855.0,10930.0,10735.0,650.0
2019.05.07,10925.0,-135.0,10745.0,10950.0,10620.0,8959.0
2019.05.03,11060.0,20.0,11050.0,11100.0,10800.0,100336.0
2019.05.02,11040.0,40.0,11010.0,11040.0,10965.0,35959.0
2019.04.30,11000.0,0.0,11005.0,11005.0,10895.0,27838.0
2019.04.29,11000.0,80.0,10920.0,11000.0,10865.0,52926.0
2019.04.26,10920.0,-55.0,10845.0,10945.0,10835.0,23148.0
2019.04.25,10975.0,110.0,10945.0,10975.0,10880.0,117884.0
2019.04.24,10865.0,-30.0,10890.0,10920.0,10815.0,22738.0
2019.04.23,10895.0,15.0,10880.0,10895.0,10800.0,23862.0
2019.04.22,10880.0,85.0,10805.0,10890.0,10805.0,13438.0
2019.04.19,10795.0,-5.0,10875.0,10910.0,10790.0,26956.0
2019.04.18,10800.0,-60.0,10860.0,10910.0,10780.0,5528.0
2019.04.17,10860.0,10.0,10900.0,10910.0,10855.0,39292.0
2019.04.16,10850.0,20.0,10765.0,10855.0,10745.0,9972.0
2019.04.15,10830.0,85.0,10820.0,10880.0,10765.0,17828.0
2019.04.12,10745.0,-40.0,10775.0,10840.0,10730.0,11092.0
2019.04.11,10785.0,-60.0,10840.0,10900.0,10750.0,30182.0
2019.04.10,10845.0,0.0,10875.0,10875.0,10760.0,26178.0
2019.04.09,10845.0,-35.0,10720.0,10875.0,10720.0,46466.0
2019.04.08,10880.0,115.0,10765.0,10885.0,10715.0,28036.0
2019.04.05,10765.0,85.0,10765.0,10765.0,10695.0,25480.0
2019.04.04,10680.0,15.0,10690.0,10790.0,10660.0,8081.0
2019.04.03,10665.0,105.0,10565.0,10770.0,10555.0,29613.0
2019.04.02,10560.0,50.0,10525.0,10620.0,10525.0,11802.0
2019.04.01,10510.0,145.0,10470.0,10510.0,10415.0,7159.0
2019.03.29,10365.0,45.0,10330.0,10370.0,10265.0,9501.0
2019.03.28,10320.0,-30.0,10275.0,10350.0,10255.0,9394.0
2019.03.27,10350.0,80.0,10235.0,10350.0,10215.0,3879.0
2019.03.26,10270.0,-20.0,10285.0,10320.0,10210.0,3953.0
2019.03.25,10290.0,-165.0,10410.0,10410.0,10235.0,5469.0
2019.03.22,10455.0,-45.0,10490.0,10490.0,10380.0,5396.0
2019.03.21,10500.0,30.0,10520.0,10520.0,10440.0,7732.0
2019.03.20,10470.0,95.0,10390.0,10470.0,10355.0,2135.0
2019.03.19,10375.0,-85.0,10460.0,10460.0,10355.0,9427.0
2019.03.18,10460.0,25.0,10380.0,10460.0,10330.0,6540.0
2019.03.15,10435.0,165.0,10365.0,10465.0,10285.0,8850.0
2019.03.14,10270.0,-50.0,10260.0,10275.0,10245.0,10861.0
2019.03.13,10320.0,55.0,10275.0,10330.0,10245.0,2109.0
2019.03.12,10265.0,55.0,10215.0,10305.0,10170.0,6155.0
2019.03.11,10210.0,20.0,10165.0,10210.0,10105.0,10518.0
2019.03.08,10190.0,-55.0,10300.0,10300.0,10115.0,1967.0
2019.03.07,10245.0,-115.0,10360.0,10360.0,10230.0,1530.0
2019.03.06,10360.0,50.0,10270.0,10365.0,10260.0,7066.0
2019.03.05,10310.0,-85.0,10310.0,10310.0,10200.0,9666.0
2019.03.04,10395.0,75.0,10380.0,10395.0,10285.0,11260.0
2019.02.28,10320.0,-45.0,10350.0,10350.0,10250.0,6277.0
2019.02.27,10365.0,20.0,10310.0,10375.0,10275.0,2275.0
2019.02.26,10345.0,-30.0,10360.0,10370.0,10255.0,3116.0
2019.02.25,10375.0,0.0,10350.0,10375.0,10285.0,7646.0
2019.02.22,10375.0,30.0,10380.0,10380.0,10260.0,1587.0
2019.02.21,10345.0,65.0,10255.0,10370.0,10240.0,12746.0
2019.02.20,10280.0,70.0,10270.0,10300.0,10105.0,2051.0
2019.02.19,10210.0,-15.0,10100.0,10235.0,10090.0,5919.0
2019.02.18,10225.0,105.0,10055.0,10230.0,10025.0,2581.0
2019.02.15,10120.0,-105.0,10225.0,10245.0,10060.0,2486.0
2019.02.14,10225.0,-25.0,10270.0,10270.0,10145.0,9999.0
2019.02.13,10250.0,45.0,10170.0,10270.0,10150.0,925.0
2019.02.12,10205.0,65.0,10075.0,10215.0,10070.0,10025.0
2019.02.11,10140.0,110.0,10070.0,10140.0,9975.0,2667.0
2019.02.08,10030.0,-95.0,10135.0,10135.0,9915.0,1940.0
2019.02.07,10125.0,75.0,10100.0,10180.0,10055.0,4691.0
2019.02.01,10050.0,60.0,10015.0,10095.0,10015.0,4366.0
2019.01.31,9990.0,-25.0,10050.0,10075.0,9990.0,6342.0
2019.01.30,10015.0,25.0,9900.0,10015.0,9895.0,4755.0
2019.01.29,9990.0,0.0,9985.0,9990.0,9920.0,1053.0
2019.01.28,9990.0,20.0,9995.0,10035.0,9960.0,2906.0
2019.01.25,9970.0,195.0,9835.0,9980.0,9835.0,3526.0
2019.01.24,9775.0,35.0,9765.0,9830.0,9750.0,3651.0
2019.01.23,9740.0,-45.0,9785.0,9785.0,9700.0,16626.0
2019.01.22,9785.0,-75.0,9870.0,9870.0,9735.0,1234.0
2019.01.21,9860.0,85.0,9745.0,9860.0,9745.0,6580.0
2019.01.18,9775.0,115.0,9655.0,9780.0,9650.0,4751.0
2019.01.17,9660.0,20.0,9620.0,9700.0,9620.0,7111.0
2019.01.16,9640.0,5.0,9610.0,9645.0,9550.0,7644.0
2019.01.15,9635.0,150.0,9445.0,9635.0,9440.0,3883.0
2019.01.14,9485.0,-30.0,9530.0,9535.0,9425.0,1686.0
2019.01.11,9515.0,-15.0,9530.0,9550.0,9505.0,2471.0
2019.01.10,9530.0,75.0,9480.0,9530.0,9420.0,4199.0
2019.01.09,9455.0,170.0,9275.0,9500.0,9275.0,3267.0
2019.01.08,9285.0,0.0,9260.0,9310.0,9235.0,1576.0
2019.01.07,9285.0,180.0,9245.0,9285.0,9220.0,3255.0
2019.01.04,9105.0,65.0,9065.0,9135.0,8990.0,13099.0
2019.01.03,9040.0,-125.0,9120.0,9165.0,9040.0,1032.0
2019.01.02,9165.0,-125.0,9380.0,9380.0,9095.0,5656.0
2018.12.28,9290.0,25.0,9220.0,9290.0,9200.0,2775.0
2018.12.27,9265.0,-10.0,9300.0,9390.0,9220.0,1517.0
2018.12.26,9275.0,-15.0,9215.0,9275.0,9205.0,6035.0
2018.12.24,9290.0,15.0,9335.0,9370.0,9190.0,8965.0
2018.12.21,9275.0,-5.0,9295.0,9295.0,9225.0,3918.0
2018.12.20,9280.0,-105.0,9275.0,9335.0,9215.0,21438.0
2018.12.19,9385.0,90.0,9315.0,9395.0,9310.0,12134.0
2018.12.18,9295.0,-180.0,9450.0,9450.0,9285.0,1810.0
2018.12.17,9475.0,40.0,9480.0,9500.0,9410.0,6562.0
2018.12.14,9435.0,-70.0,9530.0,9550.0,9375.0,4796.0
2018.12.13,9505.0,-35.0,9505.0,9585.0,9450.0,20203.0
2018.12.12,9540.0,140.0,9345.0,9545.0,9340.0,2551.0
2018.12.11,9400.0,10.0,9395.0,9405.0,9335.0,7501.0
2018.12.10,9390.0,-90.0,9335.0,9395.0,9285.0,4806.0
2018.12.07,9480.0,55.0,9485.0,9530.0,9440.0,822.0
2018.12.06,9425.0,-195.0,9540.0,9585.0,9350.0,4013.0
2018.12.05,9620.0,30.0,9590.0,9635.0,9545.0,2131.0
2018.12.04,9590.0,-190.0,9795.0,9795.0,9590.0,3168.0
2018.12.03,9780.0,200.0,9785.0,9800.0,9580.0,2142.0
2018.11.30,9580.0,45.0,9555.0,9645.0,9505.0,5122.0
2018.11.29,9535.0,-100.0,9675.0,9740.0,9535.0,4790.0
2018.11.28,9635.0,60.0,9505.0,9635.0,9505.0,951.0
2018.11.27,9575.0,45.0,9480.0,9575.0,9480.0,1627.0
2018.11.26,9530.0,155.0,9435.0,9545.0,9385.0,8187.0
2018.11.23,9375.0,-40.0,9410.0,9410.0,9325.0,6361.0
2018.11.22,9415.0,20.0,9335.0,9415.0,9335.0,3640.0
2018.11.21,9395.0,30.0,9290.0,9395.0,9210.0,20115.0
2018.11.20,9365.0,-185.0,9475.0,9475.0,9295.0,2538.0
2018.11.19,9550.0,40.0,9540.0,9550.0,9460.0,4950.0
2018.11.16,9510.0,10.0,9515.0,9575.0,9500.0,524.0
2018.11.15,9500.0,85.0,9370.0,9500.0,9370.0,4390.0
2018.11.14,9415.0,-45.0,9425.0,9505.0,9375.0,14709.0
2018.11.13,9460.0,-65.0,9420.0,9460.0,9260.0,10327.0
2018.11.12,9525.0,35.0,9510.0,9550.0,9440.0,7962.0
2018.11.09,9490.0,-95.0,9570.0,9575.0,9420.0,652.0
2018.11.08,9585.0,20.0,9600.0,9665.0,9585.0,1009.0
2018.11.07,9565.0,-5.0,9515.0,9665.0,9510.0,3615.0
2018.11.06,9570.0,45.0,9545.0,9580.0,9535.0,555.0
2018.11.05,9525.0,-155.0,9680.0,9680.0,9495.0,2282.0
2018.11.02,9680.0,275.0,9490.0,9680.0,9350.0,5794.0
2018.11.01,9405.0,190.0,9295.0,9480.0,9290.0,7349.0
2018.10.31,9215.0,5.0,9125.0,9300.0,9120.0,31607.0
2018.10.30,9210.0,60.0,9065.0,9265.0,9065.0,3242.0
2018.10.29,9150.0,-75.0,9090.0,9190.0,9090.0,21479.0
2018.10.26,9225.0,-15.0,9245.0,9245.0,9070.0,6401.0
2018.10.25,9240.0,-130.0,9285.0,9370.0,9135.0,10186.0
2018.10.24,9370.0,-125.0,9570.0,9570.0,9360.0,21452.0
2018.10.23,9495.0,-175.0,9685.0,9735.0,9480.0,1238.0
2018.10.22,9670.0,90.0,9490.0,9700.0,9480.0,32672.0
2018.10.19,9580.0,55.0,9495.0,9605.0,9470.0,4338.0
2018.10.18,9525.0,-30.0,9565.0,9565.0,9460.0,1457.0
2018.10.17,9555.0,45.0,9510.0,9575.0,9510.0,632.0
2018.10.16,9510.0,-50.0,9565.0,9575.0,9435.0,809.0
2018.10.15,9560.0,-130.0,9680.0,9680.0,9545.0,2872.0
2018.10.12,9690.0,200.0,9490.0,9690.0,9465.0,1245.0
2018.10.11,9490.0,-435.0,9705.0,9705.0,9420.0,6232.0
2018.10.10,9925.0,-20.0,9810.0,9945.0,9810.0,18575.0
2018.10.08,9945.0,-20.0,9940.0,10000.0,9875.0,2406.0
2018.10.05,9965.0,-70.0,10075.0,10085.0,9900.0,6405.0
2018.10.04,10035.0,-60.0,10105.0,10105.0,9955.0,1725.0
2018.10.02,10095.0,-205.0,10280.0,10290.0,10090.0,17382.0
2018.10.01,10300.0,15.0,10280.0,10320.0,10225.0,3507.0
2018.09.28,10285.0,-65.0,10395.0,10400.0,10250.0,10492.0
2018.09.27,10350.0,10.0,10385.0,10385.0,10255.0,8313.0
2018.09.21,10340.0,115.0,10225.0,10340.0,10165.0,6348.0
2018.09.20,10225.0,75.0,10250.0,10250.0,10150.0,22233.0
2018.09.19,10150.0,70.0,10070.0,10235.0,10070.0,13732.0
2018.09.18,10080.0,0.0,10065.0,10105.0,9990.0,10841.0
2018.09.17,10080.0,-20.0,10160.0,10160.0,10005.0,13389.0
2018.09.14,10100.0,155.0,10095.0,10125.0,10005.0,53219.0
2018.09.13,9945.0,50.0,9955.0,9995.0,9870.0,6797.0
2018.09.12,9895.0,-20.0,9915.0,9995.0,9850.0,21105.0
2018.09.11,9915.0,-180.0,10090.0,10090.0,9915.0,4004.0
2018.09.10,10095.0,35.0,10065.0,10155.0,10015.0,4953.0
2018.09.07,10060.0,-75.0,10025.0,10120.0,9965.0,18257.0
2018.09.06,10135.0,-120.0,10200.0,10215.0,10075.0,3733.0
2018.09.05,10255.0,-60.0,10390.0,10390.0,10200.0,5680.0
2018.09.04,10315.0,90.0,10305.0,10325.0,10195.0,15166.0
2018.09.03,10225.0,-170.0,10280.0,10395.0,10160.0,104398.0
2018.08.31,10395.0,0.0,10340.0,10415.0,10255.0,6754.0
2018.08.30,10395.0,10.0,10405.0,10455.0,10350.0,15617.0
2018.08.29,10385.0,-25.0,10440.0,10440.0,10360.0,16411.0
2018.08.28,10410.0,5.0,10405.0,10440.0,10355.0,4834.0
2018.08.27,10405.0,105.0,10245.0,10405.0,10210.0,10965.0
2018.08.24,10300.0,-20.0,10315.0,10360.0,10195.0,1209.0
2018.08.23,10320.0,20.0,10280.0,10335.0,10235.0,1198.0
2018.08.22,10300.0,90.0,10250.0,10300.0,10165.0,32743.0
2018.08.21,10210.0,45.0,10070.0,10215.0,10070.0,9603.0
2018.08.20,10165.0,45.0,10125.0,10165.0,9995.0,4417.0
2018.08.17,10120.0,65.0,10000.0,10120.0,10000.0,8601.0
2018.08.16,10055.0,-195.0,10160.0,10160.0,9960.0,7668.0
2018.08.14,10250.0,-100.0,10355.0,10400.0,10190.0,48077.0
2018.08.13,10350.0,-110.0,10460.0,10460.0,10250.0,12429.0
2018.08.10,10460.0,-15.0,10550.0,10550.0,10380.0,6324.0
2018.08.09,10475.0,110.0,10405.0,10545.0,10405.0,51615.0
2018.08.08,10365.0,-75.0,10435.0,10435.0,10365.0,12037.0
2018.08.07,10440.0,135.0,10375.0,10445.0,10275.0,10492.0
2018.08.06,10305.0,40.0,10335.0,10335.0,10240.0,6352.0
2018.08.03,10265.0,-20.0,10230.0,10330.0,10230.0,1980.0
2018.08.02,10285.0,-230.0,10455.0,10455.0,10240.0,9475.0
2018.08.01,10515.0,115.0,10470.0,10520.0,10365.0,5351.0
2018.07.31,10400.0,-55.0,10530.0,10530.0,10395.0,3069.0
2018.07.30,10455.0,-55.0,10545.0,10545.0,10385.0,10173.0
2018.07.27,10510.0,60.0,10460.0,10530.0,10420.0,2178.0
2018.07.26,10450.0,-70.0,10495.0,10530.0,10400.0,15997.0
2018.07.25,10520.0,25.0,10550.0,10550.0,10445.0,6615.0
2018.07.24,10495.0,5.0,10535.0,10540.0,10435.0,102516.0
2018.07.23,10490.0,-15.0,10505.0,10505.0,10400.0,5154.0
2018.07.20,10505.0,150.0,10420.0,10505.0,10335.0,11733.0
2018.07.19,10355.0,20.0,10355.0,10435.0,10330.0,4532.0
2018.07.18,10335.0,40.0,10425.0,10425.0,10335.0,2853.0
2018.07.17,10295.0,-135.0,10410.0,10475.0,10295.0,12093.0
2018.07.16,10430.0,65.0,10395.0,10435.0,10350.0,11141.0
2018.07.13,10365.0,10.0,10300.0,10395.0,10300.0,9497.0
2018.07.12,10355.0,65.0,10285.0,10385.0,10280.0,2147.0
2018.07.11,10290.0,-95.0,10270.0,10375.0,10195.0,8727.0
2018.07.10,10385.0,65.0,10305.0,10385.0,10300.0,22270.0
2018.07.09,10320.0,40.0,10210.0,10340.0,10170.0,13728.0
2018.07.06,10280.0,95.0,10275.0,10290.0,10085.0,8130.0
2018.07.05,10185.0,30.0,10220.0,10230.0,10090.0,37512.0
2018.07.04,10155.0,-175.0,10335.0,10345.0,10155.0,21724.0
2018.07.03,10330.0,-75.0,10370.0,10420.0,10180.0,9206.0
2018.07.02,10405.0,65.0,10415.0,10420.0,10310.0,12193.0
2018.06.29,10340.0,30.0,10330.0,10370.0,10315.0,16991.0
2018.06.28,10310.0,-50.0,10355.0,10355.0,10190.0,24496.0
2018.06.27,10360.0,-45.0,10420.0,10420.0,10300.0,6305.0
2018.06.26,10405.0,-40.0,10415.0,10415.0,10230.0,3821.0
2018.06.25,10445.0,-40.0,10495.0,10515.0,10365.0,7982.0
2018.06.22,10485.0,-20.0,10425.0,10485.0,10360.0,16408.0
2018.06.21,10505.0,-55.0,10470.0,10605.0,10435.0,22219.0
2018.06.20,10560.0,165.0,10440.0,10560.0,10390.0,58353.0
2018.06.19,10395.0,-255.0,10700.0,10705.0,10395.0,72752.0
2018.06.18,10650.0,-80.0,10605.0,10690.0,10595.0,18915.0
2018.06.15,10730.0,125.0,10620.0,10730.0,10555.0,3536.0
2018.06.14,10605.0,-135.0,10740.0,10740.0,10525.0,3879.0
2018.06.12,10740.0,10.0,10690.0,10800.0,10665.0,14896.0
2018.06.11,10730.0,85.0,10645.0,10755.0,10640.0,80489.0
2018.06.08,10645.0,-125.0,10795.0,10820.0,10640.0,27050.0
2018.06.07,10770.0,60.0,10725.0,10815.0,10725.0,54674.0
2018.06.05,10710.0,55.0,10650.0,10745.0,10630.0,19384.0
2018.06.04,10655.0,85.0,10495.0,10675.0,10495.0,3425.0
2018.06.01,10570.0,5.0,10560.0,10630.0,10465.0,6385.0
2018.05.31,10565.0,60.0,10490.0,10565.0,10445.0,1651.0
2018.05.30,10505.0,-200.0,10680.0,10680.0,10435.0,3642.0
2018.05.29,10705.0,-60.0,10720.0,10745.0,10655.0,12312.0
2018.05.28,10765.0,20.0,10690.0,10765.0,10610.0,21741.0
2018.05.25,10745.0,-5.0,10750.0,10780.0,10655.0,17576.0
2018.05.24,10750.0,-50.0,10755.0,10755.0,10655.0,6778.0
2018.05.23,10800.0,-80.0,10825.0,10835.0,10685.0,18748.0
2018.05.21,10880.0,135.0,10670.0,10880.0,10650.0,68442.0
2018.05.18,10745.0,35.0,10690.0,10745.0,10675.0,10321.0
2018.05.17,10710.0,-15.0,10725.0,10780.0,10655.0,43006.0
2018.05.16,10725.0,-5.0,10550.0,10730.0,10550.0,2627.0
2018.05.15,10730.0,0.0,10750.0,10765.0,10620.0,23794.0
2018.05.14,10730.0,10.0,10660.0,10730.0,10625.0,29779.0
2018.05.11,10720.0,50.0,10705.0,10770.0,10610.0,29085.0
2018.05.10,10670.0,25.0,10670.0,10670.0,10560.0,6966.0
2018.05.09,10645.0,5.0,10650.0,10650.0,10560.0,14665.0
2018.05.08,10640.0,145.0,10475.0,10650.0,10475.0,14632.0
2018.05.04,10495.0,-45.0,10615.0,10615.0,10480.0,2973.0
2018.05.03,10540.0,-145.0,10690.0,10730.0,10515.0,10319.0
2018.05.02,10685.0,-45.0,10730.0,10730.0,10615.0,14603.0
2018.04.30,10730.0,150.0,10565.0,10730.0,10565.0,13393.0
2018.04.27,10580.0,75.0,10535.0,10610.0,10495.0,38501.0
2018.04.26,10505.0,-75.0,10580.0,10580.0,10485.0,33200.0
2018.04.25,10580.0,-45.0,10625.0,10625.0,10480.0,8597.0
2018.04.24,10625.0,20.0,10635.0,10645.0,10525.0,22236.0
2018.04.23,10605.0,-45.0,10655.0,10655.0,10530.0,13387.0
2018.04.20,10650.0,-40.0,10740.0,10740.0,10580.0,21413.0
2018.04.19,10690.0,55.0,10680.0,10765.0,10595.0,24305.0
2018.04.18,10635.0,30.0,10560.0,10655.0,10520.0,26194.0
2018.04.17,10605.0,-20.0,10560.0,10635.0,10550.0,11736.0
2018.04.16,10625.0,-60.0,10685.0,10730.0,10570.0,5634.0
2018.04.13,10685.0,15.0,10720.0,10740.0,10655.0,13158.0
2018.04.12,10670.0,5.0,10695.0,10715.0,10640.0,13294.0
2018.04.11,10665.0,-20.0,10690.0,10720.0,10600.0,14628.0
2018.04.10,10685.0,85.0,10610.0,10685.0,10530.0,7451.0
2018.04.09,10600.0,125.0,10510.0,10610.0,10405.0,3957.0
2018.04.06,10475.0,-25.0,10415.0,10570.0,10415.0,4639.0
2018.04.05,10500.0,100.0,10415.0,10510.0,10325.0,11798.0
2018.04.04,10400.0,5.0,10490.0,10490.0,10375.0,14731.0
2018.04.03,10395.0,-35.0,10335.0,10540.0,10270.0,22339.0
2018.04.02,10430.0,-165.0,10580.0,10580.0,10410.0,103057.0
2018.03.30,10595.0,-35.0,10610.0,10645.0,10590.0,12069.0
2018.03.29,10630.0,25.0,10560.0,10630.0,10505.0,31167.0
2018.03.28,10605.0,-230.0,10830.0,10830.0,10570.0,15796.0
2018.03.27,10835.0,35.0,10805.0,10900.0,10775.0,99112.0
2018.03.26,10800.0,65.0,10650.0,10800.0,10605.0,53231.0
2018.03.23,10735.0,-330.0,10930.0,10940.0,10680.0,68517.0
2018.03.22,11065.0,-110.0,11090.0,11145.0,10975.0,129028.0
2018.03.21,11175.0,45.0,11135.0,11225.0,11075.0,286242.0
2018.03.20,11130.0,0.0,11075.0,11135.0,11005.0,110921.0
2018.03.19,11130.0,0.0,11125.0,11130.0,11020.0,39668.0
2018.03.16,11130.0,0.0,11095.0,11155.0,11025.0,189447.0
2018.03.15,11130.0,85.0,11045.0,11140.0,10980.0,191652.0
2018.03.14,11045.0,5.0,11025.0,11140.0,10935.0,164411.0
2018.03.13,11040.0,75.0,11025.0,11100.0,10960.0,170855.0
2018.03.12,10965.0,125.0,10915.0,11005.0,10880.0,259089.0
2018.03.09,10840.0,25.0,10815.0,10930.0,10815.0,59118.0
2018.03.08,10815.0,170.0,10645.0,10825.0,10645.0,30215.0
2018.03.07,10645.0,-125.0,10700.0,10795.0,10640.0,63199.0
2018.03.06,10770.0,140.0,10575.0,10770.0,10550.0,157065.0
2018.03.05,10630.0,-140.0,10740.0,10750.0,10595.0,34573.0
2018.03.02,10770.0,-120.0,10865.0,10895.0,10700.0,85340.0
2018.02.28,10890.0,-55.0,10990.0,10990.0,10855.0,65931.0
2018.02.27,10945.0,-20.0,10980.0,11035.0,10925.0,103595.0
2018.02.26,10965.0,-10.0,10945.0,10975.0,10905.0,55994.0
2018.02.23,10975.0,65.0,10905.0,10975.0,10840.0,140094.0
2018.02.22,10910.0,-60.0,10950.0,10965.0,10835.0,62857.0
2018.02.21,10970.0,180.0,10725.0,10970.0,10725.0,60387.0
2018.02.20,10790.0,-70.0,10810.0,10900.0,10670.0,44023.0
2018.02.19,10860.0,195.0,10745.0,10885.0,10745.0,141261.0
2018.02.14,10665.0,100.0,10600.0,10695.0,10565.0,56604.0
2018.02.13,10565.0,45.0,10490.0,10635.0,10425.0,38093.0
2018.02.12,10520.0,185.0,10400.0,10530.0,10375.0,53846.0
2018.02.09,10335.0,-365.0,10540.0,10575.0,10280.0,114313.0
2018.02.08,10700.0,15.0,10615.0,10745.0,10615.0,127499.0
2018.02.07,10685.0,-105.0,10820.0,10925.0,10650.0,199310.0
2018.02.06,10790.0,-435.0,11060.0,11230.0,10670.0,153871.0
2018.02.05,11225.0,-110.0,11170.0,11345.0,11050.0,188491.0
2018.02.02,11335.0,-40.0,11360.0,11360.0,11175.0,380103.0
2018.02.01,11375.0,30.0,11370.0,11430.0,11345.0,481480.0
2018.01.31,11345.0,-20.0,11310.0,11455.0,11295.0,479758.0
2018.01.30,11365.0,-80.0,11465.0,11485.0,11305.0,513114.0
2018.01.29,11445.0,40.0,11410.0,11530.0,11375.0,773642.0
2018.01.26,11405.0,70.0,11290.0,11415.0,11240.0,371310.0
2018.01.25,11335.0,-60.0,11400.0,11405.0,11260.0,284974.0
2018.01.24,11395.0,10.0,11390.0,11420.0,11310.0,546249.0
2018.01.23,11385.0,175.0,11210.0,11385.0,11210.0,1058377.0
2018.01.22,11210.0,15.0,11195.0,11210.0,11100.0,315516.0
2018.01.19,11195.0,45.0,11170.0,11195.0,11115.0,332611.0
2018.01.18,11150.0,125.0,11030.0,11160.0,11030.0,859840.0
2018.01.17,11025.0,55.0,10970.0,11025.0,10955.0,360748.0
2018.01.16,10970.0,50.0,10895.0,10970.0,10855.0,225771.0
2018.01.15,10920.0,60.0,10875.0,10955.0,10820.0,165383.0
2018.01.12,10860.0,40.0,10775.0,10860.0,10705.0,169664.0
2018.01.11,10820.0,-40.0,10825.0,10855.0,10725.0,138633.0
2018.01.10,10860.0,-20.0,10900.0,10945.0,10810.0,140804.0
2018.01.09,10880.0,5.0,10880.0,10900.0,10820.0,171913.0
2018.01.08,10875.0,115.0,10785.0,10875.0,10760.0,135520.0
2018.01.05,10760.0,45.0,10740.0,10760.0,10690.0,52937.0
2018.01.04,10715.0,40.0,10700.0,10735.0,10655.0,69022.0
2018.01.03,10675.0,105.0,10585.0,10710.0,10575.0,97409.0
2018.01.02,10570.0,135.0,10490.0,10570.0,10440.0,36035.0
2017.12.28,10435.0,85.0,10375.0,10435.0,10335.0,6994.0
2017.12.27,10350.0,10.0,10335.0,10355.0,10300.0,8179.0
2017.12.26,10340.0,-55.0,10415.0,10415.0,10335.0,20748.0
2017.12.22,10395.0,65.0,10345.0,10395.0,10315.0,19723.0
2017.12.21,10330.0,-20.0,10360.0,10360.0,10285.0,11624.0
2017.12.20,10350.0,-80.0,10435.0,10435.0,10340.0,112355.0
2017.12.19,10430.0,0.0,10420.0,10470.0,10385.0,125767.0
2017.12.18,10430.0,80.0,10370.0,10430.0,10345.0,100690.0
2017.12.15,10350.0,-60.0,10430.0,10475.0,10315.0,123169.0
2017.12.14,10410.0,-30.0,10405.0,10460.0,10370.0,98148.0
2017.12.13,10440.0,40.0,10410.0,10440.0,10350.0,112197.0
2017.12.12,10400.0,-20.0,10410.0,10430.0,10350.0,123973.0
2017.12.11,10420.0,60.0,10350.0,10420.0,10325.0,122778.0
2017.12.08,10360.0,120.0,10260.0,10360.0,10210.0,116033.0
2017.12.07,10240.0,-40.0,10215.0,10260.0,10130.0,181858.0
2017.12.06,10280.0,-115.0,10365.0,10375.0,10250.0,108062.0
2017.12.05,10395.0,-80.0,10435.0,10445.0,10370.0,117779.0
2017.12.04,10475.0,65.0,10395.0,10485.0,10300.0,157120.0
2017.12.01,10410.0,5.0,10380.0,10480.0,10380.0,126198.0
2017.11.30,10405.0,-205.0,10590.0,10590.0,10345.0,151304.0
2017.11.29,10610.0,-10.0,10660.0,10695.0,10580.0,135226.0
2017.11.28,10620.0,-75.0,10720.0,10725.0,10590.0,259384.0
2017.11.27,10695.0,-115.0,10810.0,10820.0,10685.0,179440.0
2017.11.24,10810.0,5.0,10740.0,10810.0,10725.0,141020.0
2017.11.23,10805.0,-40.0,10855.0,10885.0,10790.0,177535.0
2017.11.22,10845.0,-10.0,10855.0,10955.0,10820.0,380745.0
2017.11.21,10855.0,150.0,10740.0,10885.0,10695.0,192723.0
2017.11.20,10705.0,60.0,10700.0,10705.0,10610.0,146842.0
2017.11.17,10645.0,-30.0,10625.0,10715.0,10555.0,164164.0
2017.11.16,10675.0,-20.0,10550.0,10690.0,10550.0,175462.0
2017.11.15,10695.0,-95.0,10770.0,10795.0,10670.0,157271.0
2017.11.14,10790.0,-60.0,10860.0,10870.0,10765.0,170987.0
2017.11.13,10850.0,35.0,10830.0,10875.0,10805.0,212979.0
2017.11.10,10815.0,-20.0,10825.0,10865.0,10760.0,202534.0
2017.11.09,10835.0,15.0,10740.0,10845.0,10740.0,222037.0
2017.11.08,10820.0,85.0,10745.0,10820.0,10735.0,327717.0
2017.11.07,10735.0,55.0,10705.0,10745.0,10615.0,231555.0
2017.11.06,10680.0,-10.0,10710.0,10715.0,10585.0,232029.0
2017.11.03,10690.0,20.0,10690.0,10700.0,10615.0,155398.0
2017.11.02,10670.0,10.0,10660.0,10690.0,10630.0,186209.0
2017.11.01,10660.0,50.0,10590.0,10680.0,10580.0,131491.0
2017.10.31,10610.0,15.0,10600.0,10615.0,10520.0,131772.0
2017.10.30,10595.0,15.0,10600.0,10665.0,10540.0,168436.0
2017.10.27,10580.0,115.0,10485.0,10585.0,10470.0,218309.0
2017.10.26,10465.0,-70.0,10540.0,10540.0,10465.0,254621.0
2017.10.25,10535.0,30.0,10520.0,10575.0,10465.0,321732.0
2017.10.24,10505.0,-60.0,10565.0,10580.0,10505.0,286376.0
2017.10.23,10565.0,-25.0,10605.0,10645.0,10550.0,304047.0
2017.10.20,10590.0,-45.0,10535.0,10610.0,10500.0,397686.0
2017.10.19,10635.0,-30.0,10685.0,10690.0,10605.0,430803.0
2017.10.18,10665.0,-20.0,10685.0,10695.0,10605.0,534447.0
2017.10.17,10685.0,50.0,10625.0,10710.0,10615.0,438289.0
2017.10.16,10635.0,50.0,10585.0,10645.0,10540.0,388444.0
2017.10.13,10585.0,-50.0,10640.0,10640.0,10535.0,332798.0
2017.10.12,10635.0,40.0,10595.0,10640.0,10515.0,327287.0
2017.10.11,10595.0,75.0,10520.0,10595.0,10450.0,134197.0
2017.10.10,10520.0,215.0,10420.0,10530.0,10420.0,137523.0
2017.09.29,10305.0,-10.0,10230.0,10305.0,10230.0,273082.0
2017.09.28,10315.0,30.0,10290.0,10335.0,10250.0,202125.0
2017.09.27,10285.0,55.0,10205.0,10315.0,10200.0,212375.0
2017.09.26,10230.0,-60.0,10245.0,10300.0,10220.0,142430.0
2017.09.25,10290.0,-80.0,10375.0,10375.0,10220.0,171421.0
2017.09.22,10370.0,-55.0,10400.0,10445.0,10300.0,231281.0
2017.09.21,10425.0,50.0,10345.0,10440.0,10345.0,223448.0
2017.09.20,10375.0,-15.0,10380.0,10400.0,10320.0,185196.0
2017.09.19,10390.0,30.0,10350.0,10440.0,10325.0,204650.0
2017.09.18,10360.0,75.0,10265.0,10380.0,10255.0,199104.0
2017.09.15,10285.0,35.0,10270.0,10295.0,10205.0,232439.0
2017.09.14,10250.0,35.0,10225.0,10270.0,10210.0,183174.0
2017.09.13,10215.0,-35.0,10250.0,10265.0,10190.0,170995.0
2017.09.12,10250.0,-15.0,10275.0,10280.0,10235.0,139067.0
2017.09.11,10265.0,110.0,10140.0,10265.0,10140.0,166428.0
2017.09.08,10155.0,55.0,10080.0,10170.0,10080.0,148051.0
2017.09.07,10100.0,-5.0,10105.0,10165.0,10095.0,140403.0
2017.09.06,10105.0,-15.0,10105.0,10120.0,10050.0,170147.0
2017.09.05,10120.0,25.0,10105.0,10150.0,10045.0,131602.0
2017.09.04,10095.0,-10.0,10115.0,10155.0,10090.0,176029.0
2017.09.01,10105.0,-20.0,10150.0,10155.0,10070.0,171048.0
2017.08.31,10125.0,-20.0,10120.0,10135.0,10075.0,141495.0
2017.08.30,10145.0,85.0,10055.0,10145.0,10015.0,123518.0
2017.08.29,10060.0,-10.0,10065.0,10110.0,10000.0,177855.0
2017.08.28,10070.0,-60.0,10110.0,10120.0,10060.0,171150.0
2017.08.25,10130.0,40.0,10090.0,10150.0,10085.0,91498.0
2017.08.24,10090.0,25.0,10050.0,10115.0,10045.0,27094.0
2017.08.23,10065.0,60.0,10105.0,10105.0,10050.0,1527.0
