날짜,종가,전일비,시가,고가,저가,거래량
2026.09.04,20910.0,10.0,21040.0,21040.0,20845.0,241.0
2026.09.03,20900.0,255.0,20685.0,21075.0,20685.0,34.0
2026.09.02,20645.0,-715.0,21050.0,21055.0,20645.0,167.0
2026.09.01,21360.0,-80.0,21350.0,21360.0,21245.0,489.0
2026.08.31,21440.0,-25.0,21355.0,21445.0,21110.0,41.0
2026.08.28,21465.0,170.0,21225.0,21470.0,21145.0,24.0
2026.08.27,21295.0,130.0,21430.0,21430.0,21240.0,79.0
2026.08.26,21165.0,335.0,20980.0,21270.0,20980.0,252.0
2026.08.25,20830.0,230.0,20225.0,20905.0,20225.0,107.0
2026.08.24,20600.0,385.0,20490.0,20640.0,20420.0,28.0
2026.08.21,20215.0,-430.0,20210.0,20295.0,20055.0,113.0
2026.08.20,20645.0,140.0,20800.0,20925.0,20645.0,53.0
2026.08.19,20505.0,-345.0,20230.0,20770.0,20200.0,146.0
2026.08.18,20850.0,-520.0,21660.0,21660.0,20715.0,357.0
2026.08.14,21370.0,285.0,21265.0,21490.0,21085.0,741.0
2026.08.13,21085.0,75.0,21280.0,21355.0,21075.0,230.0
2026.08.12,21010.0,120.0,20920.0,21110.0,20865.0,547.0
2026.08.11,20890.0,35.0,20975.0,21085.0,20755.0,575.0
2026.08.10,20855.0,435.0,20560.0,20855.0,20370.0,1225.0
2026.08.07,20420.0,40.0,20345.0,20495.0,20100.0,169.0
2026.08.06,20380.0,200.0,19995.0,20380.0,19995.0,171.0
2026.08.05,20180.0,520.0,20015.0,20185.0,20015.0,376.0
2026.08.04,19660.0,750.0,19090.0,19660.0,18080.0,2264.0
2026.08.03,18910.0,90.0,18645.0,19130.0,18635.0,3161.0
2026.07.31,18820.0,860.0,18695.0,18965.0,18595.0,578.0
2026.07.30,17960.0,40.0,18115.0,18540.0,17955.0,54.0
2026.07.29,17920.0,-785.0,19000.0,19000.0,17425.0,466.0
2026.07.28,18705.0,-1285.0,19395.0,19395.0,18675.0,555.0
2026.07.27,19990.0,-240.0,20205.0,20370.0,19885.0,188.0
2026.07.24,20230.0,-310.0,20405.0,20575.0,20085.0,104.0
2026.07.23,20540.0,845.0,20120.0,20540.0,20100.0,382.0
2026.07.22,19695.0,430.0,19850.0,20135.0,19695.0,523.0
2026.07.21,19265.0,-130.0,19345.0,19440.0,19155.0,253.0
2026.07.20,19395.0,-605.0,19595.0,19750.0,19255.0,377.0
2026.07.16,20000.0,-465.0,20005.0,20295.0,19895.0,645.0
2026.07.15,20465.0,610.0,20445.0,20465.0,20245.0,402.0
2026.07.14,19855.0,-410.0,20200.0,20200.0,19525.0,716.0
2026.07.13,20265.0,-605.0,21300.0,21300.0,20265.0,305.0
2026.07.10,20870.0,755.0,20650.0,21195.0,20650.0,246.0
2026.07.09,20115.0,-150.0,20340.0,20475.0,19925.0,111.0
2026.07.08,20265.0,-800.0,20820.0,20935.0,20265.0,162.0
2026.07.07,21065.0,-120.0,21220.0,21440.0,20750.0,179.0
2026.07.06,21185.0,-205.0,21800.0,21800.0,21100.0,618.0
2026.07.03,21390.0,-260.0,21455.0,21460.0,20885.0,586.0
2026.07.02,21650.0,-495.0,21670.0,22555.0,21310.0,332.0
2026.07.01,22145.0,845.0,21745.0,22145.0,21535.0,5509.0
2026.06.30,21300.0,-200.0,21925.0,21925.0,21300.0,850.0
2026.06.29,21500.0,1220.0,20665.0,21560.0,20665.0,1375.0
2026.06.26,20280.0,-870.0,21150.0,21150.0,19980.0,428.0
2026.06.25,21150.0,130.0,21310.0,21565.0,21080.0,563.0
2026.06.24,21020.0,-205.0,21235.0,21250.0,20680.0,552.0
2026.06.23,21225.0,-945.0,22170.0,22170.0,21225.0,593.0
2026.06.22,22170.0,-810.0,22785.0,22785.0,22045.0,266.0
2026.06.19,22980.0,-510.0,23250.0,23520.0,22435.0,438.0
2026.06.18,23490.0,-760.0,23980.0,23990.0,23460.0,181.0
2026.06.17,24250.0,-245.0,24485.0,24700.0,24250.0,2573.0
2026.06.16,24495.0,360.0,24135.0,24705.0,24080.0,473.0
2026.06.15,24132.0,782.0,24080.0,24320.0,23705.0,416.0
2026.06.12,23350.0,635.0,23500.0,23985.0,23310.0,936.0
2026.06.11,22715.0,720.0,22120.0,22775.0,21965.0,295.0
2026.06.10,21995.0,-405.0,22535.0,22565.0,21995.0,278.0
2026.06.09,22400.0,755.0,21750.0,22520.0,21750.0,4539.0
2026.06.08,21645.0,-1185.0,22595.0,22595.0,21335.0,507.0
2026.06.05,22830.0,-610.0,23440.0,23440.0,22445.0,536.0
2026.06.04,23440.0,180.0,23060.0,23560.0,23060.0,196.0
2026.06.02,23260.0,-330.0,23140.0,23495.0,22825.0,332.0
2026.06.01,23590.0,-180.0,23500.0,24045.0,23000.0,354.0
2026.05.29,23770.0,-155.0,24240.0,24240.0,23500.0,2811.0
2026.05.28,23925.0,-535.0,24290.0,24365.0,23300.0,998.0
2026.05.27,24460.0,-805.0,25265.0,25265.0,24425.0,1201.0
2026.05.26,25265.0,135.0,25615.0,25630.0,25245.0,319.0
2026.05.22,25130.0,670.0,24880.0,25140.0,24880.0,772.0
2026.05.21,24460.0,1230.0,23695.0,24545.0,23695.0,1911.0
2026.05.20,23230.0,-980.0,23795.0,23985.0,23055.0,1698.0
2026.05.19,24210.0,-630.0,24555.0,24670.0,23835.0,455.0
2026.05.18,24840.0,-400.0,24970.0,24970.0,23665.0,3089.0
2026.05.15,25240.0,-1060.0,26300.0,26300.0,24000.0,882.0
2026.05.14,26300.0,845.0,25515.0,26300.0,25515.0,806.0
2026.05.13,25455.0,-85.0,25335.0,25635.0,25100.0,1372.0
2026.05.12,25540.0,-815.0,26395.0,26395.0,24850.0,2166.0
2026.05.11,26355.0,-10.0,26635.0,26635.0,26355.0,558.0
2026.05.08,26365.0,-115.0,26400.0,26405.0,26015.0,1798.0
2026.05.07,26480.0,20.0,26525.0,26525.0,26100.0,1520.0
2026.05.06,26460.0,60.0,26400.0,26610.0,26035.0,2541.0
2026.05.04,26400.0,110.0,26325.0,26570.0,26315.0,1545.0
2026.04.30,26290.0,-305.0,26465.0,26465.0,26135.0,1371.0
2026.04.29,26595.0,425.0,26385.0,26595.0,26065.0,223.0
2026.04.28,26385.0,150.0,26385.0,26600.0,26340.0,934.0
2026.04.27,26235.0,255.0,26490.0,26490.0,25980.0,430.0
2026.04.24,25980.0,700.0,25690.0,25995.0,25535.0,1076.0
2026.04.23,25280.0,60.0,25425.0,25650.0,24940.0,2321.0
2026.04.22,25220.0,305.0,24915.0,25220.0,24755.0,529.0
2026.04.21,24915.0,375.0,24860.0,24915.0,24750.0,988.0
2026.04.20,24540.0,-10.0,24720.0,24720.0,24460.0,5314.0
2026.04.17,24550.0,160.0,24610.0,24610.0,24335.0,639.0
2026.04.16,24390.0,535.0,24090.0,24485.0,24040.0,1511.0
2026.04.15,23855.0,405.0,23645.0,23925.0,23645.0,1250.0
2026.04.14,23450.0,490.0,23345.0,23450.0,23245.0,1056.0
2026.04.13,22960.0,-255.0,22975.0,23060.0,22950.0,796.0
2026.04.10,23215.0,405.0,23345.0,23345.0,23065.0,283.0
2026.04.09,22810.0,-115.0,22925.0,23180.0,22720.0,905.0
2026.04.08,22925.0,1060.0,22575.0,22960.0,22540.0,647.0
2026.04.07,21865.0,-160.0,22025.0,22420.0,21830.0,196.0
2026.04.06,22025.0,-80.0,22265.0,22275.0,21970.0,237.0
2026.04.03,22105.0,535.0,22215.0,22325.0,22095.0,181.0
2026.04.02,21570.0,-1110.0,22625.0,22800.0,21570.0,434.0
2026.04.01,22680.0,1160.0,22285.0,22680.0,22170.0,767.0
2026.03.31,21520.0,-605.0,22125.0,22200.0,21485.0,132.0
2026.03.30,22125.0,-355.0,22000.0,22130.0,21845.0,715.0
2026.03.27,22480.0,55.0,22370.0,22540.0,21955.0,1115.0
2026.03.26,22425.0,-275.0,22700.0,22830.0,22405.0,1029.0
2026.03.25,22700.0,490.0,22610.0,22790.0,22610.0,1249.0
2026.03.24,22210.0,300.0,22435.0,22435.0,21760.0,245.0
2026.03.23,21910.0,-1210.0,22805.0,22805.0,21910.0,621.0
2026.03.20,23120.0,695.0,22630.0,23155.0,22630.0,1944.0
2026.03.19,22425.0,-240.0,22325.0,22555.0,22325.0,180.0
2026.03.18,22665.0,620.0,22315.0,22700.0,22295.0,693.0
2026.03.17,22045.0,305.0,22125.0,22170.0,22020.0,518.0
2026.03.16,21740.0,-80.0,21850.0,22055.0,21710.0,176.0
2026.03.13,21820.0,-240.0,21400.0,22060.0,21400.0,1117.0
2026.03.12,22060.0,175.0,22095.0,22155.0,21805.0,493.0
2026.03.11,21885.0,405.0,22170.0,23255.0,21885.0,2085.0
2026.03.10,21480.0,550.0,21610.0,21740.0,21355.0,822.0
2026.03.09,20930.0,-885.0,20975.0,21047.0,20600.0,714.0
2026.03.06,21815.0,290.0,21555.0,21850.0,21285.0,3114.0
2026.03.05,21525.0,1525.0,21505.0,21850.0,21250.0,4138.0
2026.03.04,20000.0,-2875.0,21825.0,22870.0,19755.0,6933.0
2026.03.03,22875.0,-1095.0,23850.0,23905.0,22875.0,2730.0
2026.02.27,23970.0,-310.0,24290.0,24290.0,23910.0,1661.0
2026.02.26,24280.0,15.0,24265.0,24360.0,24100.0,1520.0
2026.02.25,24265.0,125.0,24155.0,24380.0,24040.0,2817.0
2026.02.24,24140.0,260.0,23880.0,24140.0,23620.0,929.0
2026.02.23,23880.0,240.0,24115.0,24115.0,23770.0,2566.0
2026.02.20,23640.0,140.0,23580.0,23775.0,23380.0,2336.0
2026.02.19,23500.0,655.0,23125.0,23500.0,23115.0,1623.0
2026.02.13,22845.0,-325.0,22890.0,23105.0,22735.0,3615.0
2026.02.12,23170.0,545.0,22625.0,23170.0,22590.0,2752.0
2026.02.11,22625.0,70.0,22560.0,22720.0,22520.0,1055.0
2026.02.10,22555.0,495.0,22305.0,22560.0,22285.0,918.0
2026.02.09,22060.0,740.0,22065.0,22115.0,21815.0,432.0
2026.02.06,21320.0,-380.0,21450.0,21450.0,20700.0,1639.0
2026.02.05,21700.0,-385.0,22085.0,22125.0,21700.0,1820.0
2026.02.04,22085.0,615.0,21470.0,22095.0,21470.0,2970.0
2026.02.03,21470.0,935.0,20965.0,21525.0,20940.0,1131.0
2026.02.02,20535.0,-695.0,20980.0,21285.0,20405.0,3480.0
2026.01.30,21230.0,-135.0,21430.0,21455.0,21080.0,10093.0
2026.01.29,21365.0,235.0,21130.0,21440.0,20725.0,2128.0
2026.01.28,21130.0,295.0,20985.0,21210.0,20985.0,2935.0
2026.01.27,20835.0,110.0,20730.0,20920.0,20670.0,1402.0
2026.01.26,20725.0,-145.0,20920.0,21020.0,20700.0,7503.0
2026.01.23,20870.0,275.0,20800.0,20920.0,20700.0,4912.0
2026.01.22,20595.0,235.0,20600.0,20660.0,20555.0,1135.0
2026.01.21,20360.0,-140.0,20300.0,20360.0,20000.0,491.0
2026.01.20,20500.0,270.0,20335.0,20595.0,20185.0,1234.0
2026.01.19,20230.0,180.0,20190.0,20265.0,20050.0,1584.0
2026.01.16,20050.0,80.0,20115.0,20155.0,20050.0,309.0
2026.01.15,19970.0,110.0,19885.0,20005.0,19865.0,864.0
2026.01.14,19860.0,245.0,19630.0,19860.0,19630.0,3200.0
2026.01.13,19615.0,190.0,19605.0,19615.0,19480.0,827.0
2026.01.12,19425.0,240.0,19280.0,19525.0,19280.0,764.0
2026.01.09,19185.0,40.0,19305.0,19305.0,19065.0,556.0
2026.01.08,19145.0,-55.0,19265.0,19265.0,18955.0,1029.0
2026.01.07,19200.0,-130.0,19335.0,19335.0,19005.0,1340.0
2026.01.06,19330.0,155.0,19250.0,19330.0,19175.0,6203.0
2026.01.05,19175.0,110.0,19100.0,19190.0,19040.0,388.0
2026.01.02,19065.0,-10.0,19245.0,19245.0,18950.0,5581.0
2025.12.30,19075.0,-130.0,19205.0,19205.0,19075.0,642.0
2025.12.29,19205.0,30.0,19200.0,19270.0,19175.0,137.0
2025.12.26,19175.0,-290.0,19465.0,19480.0,19170.0,346.0
2025.12.24,19465.0,-5.0,19635.0,19635.0,19465.0,176.0
2025.12.23,19470.0,-90.0,19745.0,19745.0,19470.0,164.0
2025.12.22,19560.0,185.0,19435.0,19640.0,19435.0,738.0
2025.12.19,19375.0,20.0,19355.0,19495.0,19330.0,35476.0
2025.12.18,19355.0,-310.0,19370.0,19455.0,19255.0,270.0
2025.12.17,19665.0,200.0,19755.0,19755.0,19620.0,29.0
2025.12.16,19465.0,-445.0,20130.0,20130.0,19465.0,5733.0
2025.12.15,19910.0,-200.0,19985.0,19990.0,19795.0,1260.0
2025.12.12,20110.0,285.0,19930.0,20110.0,19785.0,800.0
2025.12.11,19825.0,225.0,19770.0,19870.0,19705.0,1882.0
2025.12.10,19600.0,-125.0,19720.0,19790.0,19600.0,212.0
2025.12.09,19725.0,100.0,19825.0,19825.0,19670.0,237.0
2025.12.08,19625.0,-110.0,19620.0,19625.0,19540.0,691.0
2025.12.05,19735.0,265.0,19535.0,19735.0,19510.0,7426.0
2025.12.04,19470.0,-155.0,19610.0,19610.0,19420.0,123.0
2025.12.03,19625.0,225.0,19500.0,19645.0,19485.0,435.0
2025.12.02,19400.0,325.0,19280.0,19405.0,19250.0,64.0
2025.12.01,19075.0,-15.0,19170.0,19275.0,19075.0,40950.0
2025.11.28,19090.0,15.0,19110.0,19195.0,19090.0,244.0
2025.11.27,19075.0,50.0,19180.0,19235.0,19075.0,188.0
2025.11.26,19025.0,405.0,18915.0,19025.0,18910.0,226.0
2025.11.25,18620.0,-25.0,19050.0,19050.0,18620.0,127.0
2025.11.24,18645.0,-260.0,18905.0,18905.0,18645.0,340.0
2025.11.21,18905.0,-355.0,18800.0,18905.0,18750.0,337.0
2025.11.20,19260.0,365.0,19185.0,19355.0,19185.0,188.0
2025.11.19,18895.0,-35.0,18950.0,19075.0,18625.0,122.0
2025.11.18,18930.0,-520.0,19565.0,19565.0,18915.0,479.0
2025.11.17,19450.0,120.0,19330.0,19475.0,19275.0,311.0
2025.11.14,19330.0,-415.0,19510.0,19665.0,19290.0,1101.0
2025.11.13,19745.0,140.0,19615.0,19762.0,19610.0,1637.0
2025.11.12,19605.0,440.0,19445.0,19605.0,19435.0,635.0
2025.11.11,19165.0,-50.0,19485.0,19485.0,19055.0,358.0
2025.11.10,19215.0,645.0,18785.0,19265.0,18785.0,2215.0
2025.11.07,18570.0,-405.0,18975.0,18975.0,18440.0,2574.0
2025.11.06,18975.0,90.0,19115.0,19125.0,18725.0,376.0
2025.11.05,18885.0,-435.0,19320.0,19320.0,18465.0,1405.0
2025.11.04,19320.0,75.0,19465.0,19470.0,19280.0,796.0
2025.11.03,19245.0,155.0,19330.0,19330.0,19200.0,1152.0
2025.10.31,19090.0,-50.0,19140.0,19255.0,19090.0,1970.0
2025.10.30,19140.0,-355.0,19495.0,19575.0,19070.0,3073.0
2025.10.29,19495.0,110.0,19385.0,19495.0,19280.0,2925.0
2025.10.28,19385.0,55.0,19330.0,19425.0,19190.0,2168.0
2025.10.27,19330.0,305.0,19055.0,19330.0,19055.0,2440.0
2025.10.24,19025.0,230.0,18885.0,19025.0,18850.0,645.0
2025.10.23,18795.0,-35.0,18830.0,18985.0,18645.0,1255.0
2025.10.22,18830.0,175.0,18525.0,18830.0,18465.0,618.0
2025.10.21,18655.0,115.0,18765.0,18800.0,18585.0,6355.0
2025.10.20,18540.0,165.0,18460.0,18540.0,18255.0,768.0
2025.10.17,18375.0,-55.0,18435.0,18535.0,18355.0,1017.0
2025.10.16,18430.0,220.0,18450.0,18450.0,18300.0,2152.0
2025.10.15,18210.0,450.0,17980.0,18210.0,17955.0,727.0
2025.10.14,17760.0,-135.0,17990.0,18070.0,17760.0,1153.0
2025.10.13,17895.0,-185.0,17860.0,17960.0,17820.0,2609.0
2025.10.10,18080.0,-140.0,18200.0,18200.0,17920.0,3556.0
2025.10.02,18220.0,155.0,18065.0,18220.0,18025.0,1211.0
2025.10.01,18065.0,50.0,18085.0,18105.0,18060.0,441.0
2025.09.30,18015.0,-45.0,18070.0,18090.0,18015.0,98.0
2025.09.29,18060.0,65.0,18010.0,18120.0,18005.0,582.0
2025.09.26,17995.0,-275.0,18270.0,18270.0,17910.0,623.0
2025.09.25,18270.0,-140.0,18540.0,18540.0,18270.0,1083.0
2025.09.24,18410.0,-200.0,18525.0,18530.0,18350.0,1131.0
2025.09.23,18610.0,-55.0,18680.0,18725.0,18600.0,337.0
2025.09.22,18665.0,-30.0,18695.0,18735.0,18645.0,775.0
2025.09.19,18695.0,-25.0,18735.0,18745.0,18655.0,429.0
2025.09.18,18720.0,60.0,18725.0,18745.0,18690.0,149.0
2025.09.17,18660.0,-100.0,18640.0,18735.0,18620.0,405.0
2025.09.16,18760.0,45.0,18810.0,18810.0,18760.0,215.0
2025.09.15,18715.0,130.0,18650.0,18725.0,18640.0,2948.0
2025.09.12,18585.0,180.0,18780.0,18780.0,18530.0,553.0
2025.09.11,18405.0,85.0,18360.0,18410.0,18350.0,773.0
2025.09.10,18320.0,250.0,18125.0,18375.0,18125.0,966.0
2025.09.09,18070.0,100.0,18020.0,18120.0,18020.0,108.0
2025.09.08,17970.0,155.0,17875.0,17970.0,17875.0,54.0
2025.09.05,17815.0,120.0,17850.0,17850.0,17755.0,77.0
2025.09.04,17695.0,180.0,17760.0,17760.0,17650.0,770.0
2025.09.03,17515.0,10.0,17535.0,17535.0,17440.0,632.0
2025.09.02,17505.0,5.0,17680.0,17680.0,17440.0,445.0
2025.09.01,17500.0,-280.0,17780.0,17780.0,17475.0,380.0
2025.08.29,17780.0,90.0,17940.0,17940.0,17675.0,546.0
2025.08.28,17690.0,115.0,17615.0,17690.0,17585.0,12.0
2025.08.27,17575.0,-45.0,17755.0,17755.0,17575.0,23.0
2025.08.26,17620.0,30.0,17795.0,17795.0,17590.0,63.0
2025.08.25,17590.0,175.0,17665.0,17665.0,17555.0,2410.0
2025.08.22,17415.0,-30.0,17555.0,17555.0,17415.0,374.0
2025.08.21,17445.0,400.0,17380.0,17490.0,17380.0,964.0
2025.08.20,17045.0,-410.0,17330.0,17330.0,16940.0,476.0
2025.08.19,17455.0,-95.0,17675.0,17675.0,17345.0,217.0
2025.08.18,17550.0,-180.0,17830.0,17830.0,17550.0,1250.0
2025.08.14,17730.0,10.0,17880.0,17880.0,17700.0,276.0
2025.08.13,17720.0,20.0,18080.0,18080.0,17650.0,712.0
2025.08.12,17700.0,-240.0,18015.0,18025.0,17700.0,418.0
2025.08.11,17940.0,-125.0,18195.0,18195.0,17930.0,233.0
2025.08.08,18065.0,55.0,18125.0,18125.0,18065.0,37.0
2025.08.07,18010.0,-5.0,18110.0,18110.0,17980.0,396.0
2025.08.06,18015.0,250.0,17775.0,18025.0,17765.0,267.0
2025.08.05,17765.0,230.0,17760.0,17805.0,17650.0,130.0
2025.08.04,17535.0,170.0,17185.0,17550.0,17185.0,302.0
2025.08.01,17365.0,-720.0,17980.0,17980.0,17285.0,1426.0
2025.07.31,18085.0,-65.0,18275.0,18275.0,18025.0,3272.0
2025.07.30,18150.0,70.0,18180.0,18180.0,18055.0,132.0
2025.07.29,18080.0,225.0,17855.0,18100.0,17790.0,1453.0
2025.07.28,17855.0,-240.0,18215.0,18215.0,17855.0,4269.0
2025.07.25,18095.0,-70.0,18210.0,18210.0,18095.0,131.0
2025.07.24,18165.0,-80.0,18440.0,18440.0,18110.0,599.0
2025.07.23,18245.0,200.0,18285.0,18285.0,17990.0,729.0
2025.07.22,18045.0,-235.0,18280.0,18280.0,18045.0,433.0
2025.07.21,18280.0,125.0,18185.0,18280.0,18135.0,1279.0
2025.07.18,18155.0,10.0,18390.0,18390.0,18052.0,689.0
2025.07.17,18145.0,-35.0,18360.0,18360.0,17990.0,608.0
2025.07.16,18180.0,-290.0,18475.0,18475.0,18170.0,535.0
2025.07.15,18470.0,45.0,18550.0,18550.0,18305.0,2757.0
2025.07.14,18425.0,280.0,18280.0,18425.0,18230.0,222.0
2025.07.11,18145.0,0.0,18430.0,18430.0,18145.0,929.0
2025.07.10,18145.0,100.0,18150.0,18180.0,18030.0,2004.0
2025.07.09,18045.0,455.0,17845.0,18045.0,17760.0,3636.0
2025.07.08,17590.0,310.0,17475.0,17600.0,17415.0,1138.0
2025.07.07,17280.0,105.0,17295.0,17345.0,17205.0,1862.0
2025.07.04,17175.0,-460.0,17850.0,17850.0,17175.0,711.0
2025.07.03,17635.0,145.0,17735.0,17735.0,17565.0,2700.0
2025.07.02,17490.0,-70.0,17705.0,17705.0,17220.0,1083.0
2025.07.01,17560.0,310.0,17505.0,17770.0,17285.0,1543.0
2025.06.30,17250.0,80.0,17170.0,17345.0,17170.0,732.0
2025.06.27,17170.0,-95.0,17500.0,17500.0,17100.0,3599.0
2025.06.26,17265.0,-220.0,17525.0,17525.0,17010.0,1006.0
2025.06.25,17485.0,130.0,17510.0,17510.0,17275.0,407.0
2025.06.24,17355.0,315.0,17120.0,17355.0,17120.0,1371.0
2025.06.23,17040.0,-45.0,16860.0,17040.0,16840.0,1521.0
2025.06.20,17085.0,165.0,16925.0,17095.0,16925.0,486.0
2025.06.19,16920.0,130.0,16805.0,16965.0,16760.0,890.0
2025.06.18,16790.0,105.0,16725.0,16825.0,16725.0,351.0
2025.06.17,16685.0,-35.0,16890.0,16915.0,16490.0,1691.0
2025.06.16,16720.0,205.0,16515.0,16720.0,16375.0,1858.0
2025.06.13,16515.0,-230.0,16745.0,16745.0,16355.0,3418.0
2025.06.12,16745.0,90.0,16780.0,16860.0,16740.0,1490.0
2025.06.11,16655.0,190.0,16505.0,16655.0,16505.0,401.0
2025.06.10,16465.0,-10.0,16580.0,16620.0,16390.0,1770.0
2025.06.09,16475.0,285.0,16500.0,16595.0,16395.0,1879.0
2025.06.05,16190.0,95.0,16150.0,16270.0,16140.0,1278.0
2025.06.04,16095.0,530.0,15830.0,16180.0,15830.0,4316.0
2025.06.02,15565.0,-55.0,15720.0,15720.0,15565.0,1405.0
2025.05.30,15620.0,-45.0,15720.0,15770.0,15620.0,5540.0
2025.05.29,15665.0,400.0,15470.0,15690.0,15470.0,1805.0
2025.05.28,15265.0,115.0,15285.0,15380.0,15265.0,311.0
2025.05.27,15150.0,65.0,15185.0,15185.0,15150.0,135.0
2025.05.26,15085.0,100.0,15000.0,15085.0,15000.0,52.0
2025.05.23,14985.0,145.0,14925.0,14985.0,14925.0,7.0
2025.05.22,14840.0,-180.0,14910.0,14930.0,14840.0,29.0
2025.05.21,15020.0,95.0,15020.0,15020.0,15020.0,1.0
2025.05.20,14925.0,105.0,14930.0,14935.0,14920.0,16.0
2025.05.19,14820.0,-140.0,14965.0,14970.0,14820.0,170.0
2025.05.16,14960.0,-70.0,15045.0,15050.0,14960.0,3021.0
2025.05.15,15030.0,-105.0,15100.0,15100.0,15030.0,110.0
2025.05.14,15135.0,200.0,15045.0,15150.0,14975.0,3673.0
2025.05.13,14935.0,0.0,14900.0,14940.0,14900.0,1872.0
2025.05.12,14935.0,140.0,14865.0,14935.0,14865.0,1985.0
2025.05.09,14795.0,-50.0,14845.0,14845.0,14795.0,288.0
2025.05.08,14845.0,225.0,14845.0,14845.0,14845.0,21.0
2025.05.07,14620.0,0.0,14620.0,14620.0,14620.0,0.0
2025.05.02,14545.0,20.0,14530.0,14570.0,14530.0,273.0
2025.04.30,14525.0,-25.0,14645.0,14645.0,14525.0,1441.0
2025.04.29,14550.0,135.0,14550.0,14550.0,14550.0,2.0
2025.04.28,14630.0,35.0,14700.0,14700.0,14620.0,35.0
2025.04.25,14595.0,75.0,14570.0,14660.0,14570.0,14.0
2025.04.24,14520.0,150.0,14515.0,14520.0,14510.0,80.0
2025.04.23,14370.0,85.0,14535.0,14535.0,14370.0,11.0
2025.04.22,14285.0,-40.0,14285.0,14285.0,14285.0,1.0
2025.04.21,14325.0,65.0,14345.0,14345.0,14325.0,2.0
2025.04.18,14260.0,145.0,14285.0,14285.0,14260.0,2.0
2025.04.17,14115.0,-45.0,14115.0,14115.0,14115.0,57.0
2025.04.16,14160.0,90.0,14195.0,14195.0,14160.0,23.0
2025.04.15,14070.0,185.0,14075.0,14080.0,14020.0,66.0
2025.04.14,13885.0,155.0,13990.0,13990.0,13855.0,3.0
2025.04.11,13730.0,70.0,13655.0,13730.0,13655.0,113.0
2025.04.10,13660.0,520.0,13530.0,13660.0,13510.0,5316.0
2025.04.09,13140.0,-210.0,13315.0,13315.0,13140.0,116.0
2025.04.08,13350.0,30.0,13605.0,13605.0,13350.0,822.0
2025.04.07,13320.0,-505.0,13765.0,13765.0,13320.0,238.0
2025.04.04,13825.0,-130.0,13930.0,13945.0,13825.0,10.0
2025.04.03,13955.0,-155.0,13890.0,13970.0,13890.0,15.0
2025.04.02,14110.0,-50.0,14145.0,14145.0,14110.0,64.0
2025.04.01,14160.0,80.0,14190.0,14215.0,14160.0,485.0
2025.03.31,14080.0,-365.0,14285.0,14285.0,14045.0,136.0
2025.03.28,14445.0,-155.0,14465.0,14505.0,14370.0,907.0
2025.03.27,14600.0,-100.0,14700.0,14700.0,14600.0,25.0
2025.03.26,14700.0,-55.0,14680.0,14750.0,14680.0,2607.0
2025.03.25,14755.0,-50.0,14815.0,14815.0,14755.0,9.0
2025.03.24,14805.0,20.0,14840.0,14850.0,14805.0,3735.0
2025.03.21,14785.0,-150.0,14770.0,14785.0,14720.0,75.0
2025.03.20,14935.0,-10.0,14950.0,15045.0,14895.0,537.0
2025.03.19,14945.0,40.0,15035.0,15035.0,14945.0,532.0
2025.03.18,14905.0,15.0,14935.0,15005.0,14905.0,1181.0
2025.03.17,14890.0,85.0,14920.0,14920.0,14880.0,419.0
2025.03.14,14805.0,-85.0,14875.0,14875.0,14790.0,532.0
2025.03.13,14890.0,45.0,14930.0,14930.0,14890.0,153.0
2025.03.12,14845.0,30.0,14900.0,14915.0,14845.0,176.0
2025.03.11,14815.0,-205.0,14790.0,14825.0,14670.0,547.0
2025.03.10,15020.0,55.0,14885.0,15065.0,14885.0,874.0
2025.03.07,14965.0,55.0,14935.0,14980.0,14935.0,752.0
2025.03.06,14910.0,115.0,14795.0,14925.0,14795.0,529.0
2025.03.05,14795.0,240.0,14660.0,14795.0,14660.0,89.0
2025.03.04,14555.0,-110.0,14620.0,14620.0,14525.0,140.0
2025.02.28,14665.0,-400.0,14980.0,14980.0,14630.0,5244.0
2025.02.27,15065.0,-20.0,15115.0,15115.0,15065.0,514.0
2025.02.26,15085.0,95.0,15010.0,15115.0,15010.0,53.0
2025.02.25,14990.0,0.0,14960.0,15000.0,14960.0,64.0
2025.02.24,14990.0,-60.0,14960.0,15020.0,14960.0,138.0
2025.02.21,15050.0,135.0,15005.0,15065.0,15005.0,72.0
2025.02.20,14915.0,-140.0,15055.0,15055.0,14915.0,597.0
2025.02.19,15055.0,90.0,15000.0,15060.0,15000.0,127.0
2025.02.18,14965.0,210.0,14855.0,14980.0,14835.0,414.0
2025.02.17,14755.0,85.0,14795.0,14795.0,14715.0,755.0
2025.02.14,14670.0,60.0,14650.0,14670.0,14645.0,285.0
2025.02.13,14610.0,210.0,14515.0,14635.0,14515.0,1167.0
2025.02.12,14400.0,105.0,14285.0,14405.0,14285.0,40.0
2025.02.11,14295.0,50.0,14290.0,14295.0,14280.0,74.0
2025.02.10,14245.0,50.0,14130.0,14290.0,14130.0,28.0
2025.02.07,14195.0,-75.0,14250.0,14250.0,14195.0,75.0
2025.02.06,14270.0,185.0,14280.0,14280.0,14270.0,2.0
2025.02.05,14085.0,90.0,14050.0,14085.0,14050.0,30.0
2025.02.04,13995.0,275.0,13985.0,14005.0,13985.0,1221.0
2025.02.03,13720.0,-375.0,13800.0,13800.0,13710.0,1117.0
2025.01.31,14095.0,-185.0,14195.0,14195.0,14065.0,829.0
2025.01.24,14280.0,105.0,14175.0,14290.0,14175.0,67.0
2025.01.23,14175.0,-115.0,14290.0,14290.0,14170.0,447.0
2025.01.22,14290.0,200.0,14250.0,14335.0,14250.0,103.0
2025.01.21,14090.0,-20.0,14185.0,14185.0,14085.0,20.0
2025.01.20,14110.0,-45.0,14155.0,14155.0,14110.0,119.0
2025.01.17,14155.0,35.0,14130.0,14155.0,14050.0,3884.0
2025.01.16,14120.0,125.0,14045.0,14120.0,14045.0,9998.0
2025.01.15,13995.0,45.0,13965.0,13995.0,13965.0,207.0
2025.01.14,13950.0,75.0,13980.0,13980.0,13895.0,13.0
2025.01.13,13875.0,-50.0,13935.0,13935.0,13875.0,314.0
2025.01.10,13925.0,-145.0,13925.0,13925.0,13925.0,5.0
2025.01.09,14070.0,100.0,13940.0,14070.0,13940.0,88.0
2025.01.08,13970.0,40.0,13970.0,13970.0,13970.0,10.0
2025.01.07,13930.0,30.0,13995.0,14010.0,13920.0,78.0
2025.01.06,13900.0,120.0,13775.0,13900.0,13775.0,274.0
2025.01.03,13780.0,220.0,13660.0,13780.0,13660.0,589.0
2025.01.02,13560.0,-10.0,13535.0,13585.0,13520.0,192.0
2024.12.30,13570.0,30.0,13610.0,13610.0,13570.0,11.0
2024.12.27,13540.0,-155.0,13685.0,13685.0,13540.0,13.0
2024.12.26,13695.0,-150.0,13845.0,13845.0,13690.0,436.0
2024.12.24,13845.0,55.0,13885.0,13885.0,13845.0,278.0
2024.12.23,13790.0,215.0,13665.0,13790.0,13665.0,1257.0
2024.12.20,13575.0,-190.0,13685.0,13700.0,13575.0,26.0
2024.12.19,13765.0,-150.0,13800.0,13800.0,13765.0,50.0
2024.12.18,13915.0,0.0,13915.0,13915.0,13915.0,111.0
2024.12.17,13915.0,0.0,13895.0,13940.0,13895.0,16.0
2024.12.16,13915.0,30.0,13995.0,13995.0,13905.0,15.0
2024.12.13,13885.0,190.0,13735.0,13885.0,13735.0,196.0
2024.12.12,13695.0,120.0,13510.0,13720.0,13510.0,1308.0
2024.12.11,13575.0,290.0,13395.0,13575.0,13395.0,751.0
2024.12.10,13285.0,400.0,13110.0,13290.0,13110.0,31.0
2024.12.09,12885.0,-460.0,13030.0,13030.0,12885.0,894.0
2024.12.06,13345.0,-150.0,13565.0,13565.0,13310.0,466.0
2024.12.05,13495.0,-205.0,13725.0,13725.0,13495.0,196.0
2024.12.04,13700.0,-310.0,13795.0,13795.0,13665.0,495.0
2024.12.03,14010.0,375.0,13805.0,14045.0,13805.0,3049.0
2024.12.02,13635.0,-140.0,13830.0,13830.0,13635.0,201.0
2024.11.29,13775.0,-230.0,13755.0,13775.0,13755.0,2.0
2024.11.28,14005.0,125.0,14005.0,14005.0,13995.0,8.0
2024.11.27,13880.0,70.0,13880.0,13880.0,13880.0,1.0
2024.11.26,13810.0,0.0,13810.0,13810.0,13810.0,80.0
2024.11.25,13810.0,80.0,13775.0,13810.0,13775.0,79.0
2024.11.22,13730.0,90.0,13780.0,13780.0,13730.0,24.0
2024.11.21,13640.0,-110.0,13800.0,13800.0,13640.0,30.0
2024.11.20,13750.0,45.0,13750.0,13750.0,13750.0,1.0
2024.11.19,13705.0,5.0,13700.0,13760.0,13700.0,67.0
2024.11.18,13700.0,205.0,13750.0,13750.0,13685.0,24.0
2024.11.15,13495.0,-170.0,13585.0,13585.0,13495.0,11.0
2024.11.14,13665.0,5.0,13680.0,13685.0,13625.0,126.0
2024.11.13,13660.0,-280.0,13875.0,13875.0,13645.0,190.0
2024.11.12,13940.0,0.0,13940.0,13940.0,13940.0,0.0
2024.11.11,14155.0,-280.0,14145.0,14200.0,14110.0,6.0
2024.11.08,14435.0,0.0,14435.0,14435.0,14435.0,1050.0
2024.11.07,14435.0,10.0,14435.0,14435.0,14435.0,10.0
2024.11.06,14425.0,20.0,14520.0,14535.0,14425.0,370.0
2024.11.05,14405.0,0.0,14405.0,14405.0,14405.0,0.0
2024.11.04,14370.0,35.0,14325.0,14370.0,14325.0,1626.0
2024.11.01,14335.0,-100.0,14330.0,14375.0,14330.0,322.0
2024.10.31,14435.0,20.0,14315.0,14465.0,14300.0,399.0
2024.10.30,14415.0,-10.0,14535.0,14535.0,14345.0,4374.0
2024.10.29,14425.0,70.0,14355.0,14425.0,14325.0,8082.0
2024.10.28,14355.0,75.0,14320.0,14355.0,14300.0,117.0
2024.10.25,14280.0,-15.0,14345.0,14345.0,14280.0,561.0
2024.10.24,14295.0,-85.0,14320.0,14320.0,14295.0,67.0
2024.10.23,14380.0,-40.0,14370.0,14380.0,14345.0,21.0
2024.10.22,14420.0,0.0,14420.0,14420.0,14420.0,0.0
2024.10.21,14520.0,40.0,14555.0,14560.0,14520.0,22.0
2024.10.18,14480.0,-125.0,14480.0,14480.0,14480.0,20.0
2024.10.17,14605.0,90.0,14575.0,14615.0,14575.0,81.0
2024.10.16,14515.0,-20.0,14445.0,14515.0,14445.0,11.0
2024.10.15,14535.0,-75.0,14580.0,14580.0,14535.0,6.0
2024.10.14,14610.0,160.0,14505.0,14610.0,14505.0,51.0
2024.10.11,14450.0,-95.0,14505.0,14520.0,14450.0,12.0
2024.10.10,14545.0,110.0,14530.0,14545.0,14530.0,25.0
2024.10.08,14435.0,-125.0,14440.0,14440.0,14435.0,892.0
2024.10.07,14560.0,210.0,14350.0,14560.0,14350.0,125.0
2024.10.04,14350.0,0.0,14350.0,14350.0,14350.0,0.0
2024.10.02,14395.0,-190.0,14395.0,14395.0,14395.0,21.0
2024.09.30,14585.0,-160.0,14600.0,14620.0,14585.0,28.0
2024.09.27,14745.0,155.0,14765.0,14800.0,14745.0,33.0
2024.09.26,14590.0,90.0,14590.0,14590.0,14590.0,40.0
2024.09.25,14500.0,75.0,14500.0,14500.0,14500.0,100.0
2024.09.24,14425.0,-65.0,14425.0,14425.0,14425.0,3.0
2024.09.23,14490.0,30.0,14490.0,14490.0,14490.0,1.0
2024.09.20,14460.0,0.0,14460.0,14460.0,14460.0,0.0
2024.09.19,14460.0,100.0,14370.0,14460.0,14370.0,16.0
2024.09.13,14360.0,175.0,14335.0,14360.0,14315.0,42.0
2024.09.12,14185.0,0.0,14185.0,14185.0,14185.0,0.0
2024.09.11,13985.0,-25.0,14020.0,14020.0,13985.0,29.0
2024.09.10,14010.0,25.0,14065.0,14155.0,14010.0,35.0
2024.09.09,13985.0,50.0,13790.0,14000.0,13760.0,37.0
2024.09.06,13935.0,-220.0,13920.0,13935.0,13885.0,472.0
2024.09.05,14155.0,-65.0,14230.0,14265.0,14060.0,224.0
2024.09.04,14220.0,-420.0,14280.0,14305.0,14215.0,28.0
2024.09.03,14640.0,90.0,14640.0,14640.0,14640.0,39.0
2024.09.02,14550.0,-115.0,14520.0,14550.0,14520.0,2.0
2024.08.30,14665.0,55.0,14630.0,14665.0,14615.0,51.0
2024.08.29,14610.0,-35.0,14535.0,14610.0,14535.0,35.0
2024.08.28,14645.0,-125.0,14750.0,14770.0,14630.0,1018.0
2024.08.27,14770.0,-35.0,14650.0,14770.0,14650.0,3213.0
2024.08.26,14805.0,145.0,14765.0,14805.0,14730.0,8619.0
2024.08.23,14660.0,-120.0,14660.0,14660.0,14660.0,29.0
2024.08.22,14780.0,-45.0,14780.0,14780.0,14780.0,5.0
2024.08.21,14825.0,70.0,14825.0,14825.0,14825.0,1.0
2024.08.20,14755.0,85.0,14755.0,14755.0,14755.0,5.0
2024.08.19,14670.0,-45.0,14670.0,14670.0,14670.0,10.0
2024.08.16,14715.0,210.0,14710.0,14715.0,14710.0,73.0
2024.08.14,14505.0,60.0,14570.0,14570.0,14505.0,4.0
2024.08.13,14445.0,-90.0,14500.0,14500.0,14420.0,177.0
2024.08.12,14535.0,185.0,14450.0,14535.0,14450.0,9.0
2024.08.09,14350.0,185.0,14370.0,14370.0,14345.0,8.0
2024.08.08,14165.0,265.0,14015.0,14225.0,14015.0,63.0
2024.08.07,13900.0,10.0,13900.0,13900.0,13900.0,100.0
2024.08.06,13890.0,575.0,13960.0,13985.0,13605.0,1048.0
2024.08.05,13315.0,-1395.0,14035.0,14190.0,13315.0,494.0
2024.08.02,14710.0,-480.0,14820.0,14820.0,14705.0,25.0
2024.08.01,15190.0,0.0,15190.0,15190.0,15190.0,0.0
2024.07.31,15030.0,-5.0,15055.0,15055.0,15020.0,157.0
2024.07.30,15035.0,-90.0,15055.0,15055.0,15035.0,134.0
2024.07.29,15125.0,105.0,15065.0,15125.0,15065.0,107.0
2024.07.26,15020.0,95.0,15030.0,15030.0,15020.0,5.0
2024.07.25,14925.0,-345.0,15155.0,15155.0,14900.0,223.0
2024.07.24,15270.0,0.0,15360.0,15360.0,15270.0,51.0
2024.07.23,15270.0,130.0,15250.0,15270.0,15180.0,8.0
2024.07.22,15140.0,-170.0,15100.0,15140.0,15060.0,2505.0
2024.07.19,15310.0,-125.0,15325.0,15325.0,15310.0,26.0
2024.07.18,15435.0,-100.0,15400.0,15435.0,15345.0,7063.0
2024.07.17,15535.0,-65.0,15650.0,15650.0,15510.0,8390.0
2024.07.16,15600.0,-50.0,15650.0,15650.0,15565.0,36.0
2024.07.15,15650.0,150.0,15680.0,15710.0,15650.0,310.0
2024.07.12,15500.0,85.0,15510.0,15580.0,15500.0,409.0
2024.07.11,15415.0,-70.0,15585.0,15615.0,15415.0,5969.0
2024.07.10,15485.0,45.0,15470.0,15485.0,15470.0,22.0
2024.07.09,15440.0,125.0,15425.0,15440.0,15425.0,17.0
2024.07.08,15315.0,15.0,15315.0,15315.0,15315.0,106.0
2024.07.05,15300.0,15.0,15335.0,15335.0,15280.0,216.0
2024.07.04,15285.0,125.0,15230.0,15330.0,15230.0,10.0
2024.07.03,15160.0,-145.0,15225.0,15225.0,15160.0,308.0
2024.07.02,15305.0,-190.0,15315.0,15315.0,15245.0,10.0
2024.07.01,15495.0,-135.0,15630.0,15630.0,15490.0,26.0
2024.06.28,15630.0,190.0,15560.0,15630.0,15560.0,9.0
2024.06.27,15440.0,-90.0,15450.0,15455.0,15440.0,8.0
2024.06.26,15530.0,40.0,15530.0,15530.0,15530.0,5.0
2024.06.25,15490.0,10.0,15490.0,15490.0,15490.0,1.0
2024.06.24,15480.0,-135.0,15600.0,15600.0,15455.0,193.0
2024.06.21,15615.0,25.0,15590.0,15615.0,15545.0,13.0
2024.06.20,15590.0,110.0,15590.0,15590.0,15590.0,10.0
2024.06.19,15480.0,-105.0,15585.0,15585.0,15465.0,17.0
2024.06.18,15585.0,5.0,15615.0,15615.0,15520.0,53.0
2024.06.17,15580.0,65.0,15515.0,15580.0,15515.0,21.0
2024.06.14,15515.0,35.0,15515.0,15515.0,15455.0,377.0
2024.06.13,15480.0,10.0,15470.0,15660.0,15470.0,107.0
2024.06.12,15470.0,55.0,15405.0,15470.0,15405.0,7.0
2024.06.11,15415.0,-20.0,15465.0,15465.0,15415.0,7.0
2024.06.10,15435.0,105.0,15330.0,15435.0,15330.0,16.0
2024.06.07,15330.0,30.0,15355.0,15370.0,15330.0,23.0
2024.06.05,15300.0,-5.0,15305.0,15305.0,15215.0,3054.0
2024.06.04,15305.0,0.0,15305.0,15305.0,15305.0,0.0
2024.06.03,15475.0,150.0,15455.0,15475.0,15410.0,12.0
2024.05.31,15325.0,110.0,15330.0,15330.0,15265.0,9.0
2024.05.30,15215.0,-160.0,15215.0,15215.0,15215.0,1.0
2024.05.29,15375.0,-45.0,15420.0,15420.0,15320.0,18.0
2024.05.28,15420.0,25.0,15395.0,15420.0,15395.0,2.0
2024.05.27,15395.0,80.0,15420.0,15450.0,15395.0,36.0
2024.05.24,15315.0,-40.0,15210.0,15315.0,15210.0,15.0
2024.05.23,15355.0,-95.0,15300.0,15355.0,15300.0,23.0
2024.05.22,15450.0,90.0,15360.0,15480.0,15360.0,15.0
2024.05.21,15360.0,-150.0,15565.0,15565.0,15355.0,207.0
2024.05.20,15510.0,180.0,15470.0,15515.0,15470.0,426.0
2024.05.17,15330.0,-80.0,15430.0,15430.0,15275.0,57.0
2024.05.16,15410.0,245.0,15305.0,15410.0,15285.0,458.0
2024.05.14,15165.0,-5.0,15355.0,15355.0,15140.0,247.0
2024.05.13,15170.0,5.0,15230.0,15260.0,15170.0,109.0
2024.05.10,15165.0,80.0,15155.0,15165.0,15090.0,33.0
2024.05.09,15085.0,10.0,15000.0,15135.0,15000.0,22.0
2024.05.08,15075.0,90.0,15055.0,15075.0,15055.0,91.0
2024.05.07,14985.0,120.0,15000.0,15000.0,14985.0,60.0
2024.05.03,14865.0,-80.0,14865.0,14865.0,14865.0,1.0
2024.05.02,14945.0,-35.0,14915.0,14950.0,14915.0,13.0
2024.04.30,14980.0,5.0,14975.0,15015.0,14975.0,9.0
2024.04.29,14975.0,400.0,14790.0,14975.0,14790.0,116.0
2024.04.26,14885.0,100.0,14850.0,14885.0,14850.0,182.0
2024.04.25,14785.0,0.0,14785.0,14785.0,14785.0,0.0
2024.04.24,14785.0,85.0,14765.0,14805.0,14765.0,1402.0
2024.04.23,14700.0,80.0,14675.0,14710.0,14675.0,11.0
2024.04.22,14620.0,210.0,14620.0,14620.0,14610.0,5.0
2024.04.19,14410.0,-105.0,14440.0,14440.0,14215.0,105.0
2024.04.18,14515.0,290.0,14465.0,14555.0,14465.0,40.0
2024.04.17,14225.0,-5.0,14250.0,14250.0,14225.0,132.0
2024.04.16,14230.0,-190.0,14350.0,14350.0,14165.0,88.0
2024.04.15,14420.0,-190.0,14360.0,14420.0,14360.0,50.0
2024.04.12,14610.0,-50.0,14645.0,14725.0,14610.0,208.0
2024.04.11,14660.0,0.0,14560.0,14660.0,14560.0,16.0
2024.04.09,14660.0,25.0,14655.0,14660.0,14655.0,282.0
2024.04.08,14635.0,-170.0,14805.0,14805.0,14635.0,9.0
2024.04.05,14805.0,5.0,14805.0,14805.0,14805.0,10.0
2024.04.04,14800.0,90.0,14800.0,14800.0,14800.0,1.0
2024.04.03,14710.0,-110.0,14730.0,14735.0,14710.0,425.0
2024.04.02,14820.0,20.0,14800.0,14820.0,14800.0,213.0
2024.04.01,14800.0,30.0,14770.0,14800.0,14770.0,9.0
2024.03.29,14770.0,-115.0,14835.0,14835.0,14765.0,204.0
2024.03.28,14885.0,30.0,14935.0,14935.0,14855.0,912.0
2024.03.27,14855.0,30.0,14895.0,14895.0,14810.0,133.0
2024.03.26,14825.0,15.0,14830.0,14830.0,14810.0,147.0
2024.03.25,14810.0,-15.0,15040.0,15040.0,14785.0,100.0
2024.03.22,14825.0,5.0,14860.0,14865.0,14825.0,14.0
2024.03.21,14820.0,170.0,14800.0,14855.0,14800.0,196.0
2024.03.20,14650.0,10.0,14820.0,14820.0,14650.0,14.0
2024.03.19,14640.0,0.0,14640.0,14640.0,14640.0,0.0
2024.03.18,14660.0,25.0,14660.0,14660.0,14660.0,100.0
2024.03.15,14635.0,-5.0,14590.0,14655.0,14590.0,141.0
2024.03.14,14640.0,0.0,14640.0,14640.0,14640.0,0.0
2024.03.13,14550.0,130.0,14550.0,14550.0,14550.0,16.0
2024.03.12,14420.0,-85.0,14470.0,14470.0,14420.0,3.0
2024.03.11,14505.0,-145.0,14600.0,14600.0,14505.0,15.0
2024.03.08,14650.0,140.0,14675.0,14675.0,14650.0,139.0
2024.03.07,14510.0,-30.0,14515.0,14515.0,14510.0,6.0
2024.03.06,14540.0,0.0,14540.0,14540.0,14540.0,0.0
2024.03.05,14520.0,5.0,14645.0,14645.0,14520.0,131.0
2024.03.04,14515.0,50.0,14535.0,14535.0,14515.0,121.0
2024.02.29,14465.0,-15.0,14480.0,14480.0,14465.0,193.0
2024.02.28,14480.0,160.0,14320.0,14480.0,14320.0,7.0
2024.02.27,14320.0,-245.0,14500.0,14500.0,14320.0,94.0
2024.02.26,14565.0,-180.0,14575.0,14590.0,14495.0,82.0
2024.02.23,14745.0,30.0,14750.0,14750.0,14745.0,87.0
2024.02.22,14715.0,-15.0,14730.0,14730.0,14715.0,111.0
2024.02.21,14730.0,-60.0,14780.0,14780.0,14700.0,116.0
2024.02.20,14790.0,0.0,14810.0,14810.0,14725.0,113.0
2024.02.19,14790.0,265.0,14745.0,14810.0,14740.0,154.0
2024.02.16,14525.0,40.0,14510.0,14525.0,14510.0,6.0
2024.02.15,14485.0,-10.0,14515.0,14515.0,14485.0,6.0
2024.02.14,14495.0,-100.0,14595.0,14595.0,14455.0,80.0
2024.02.13,14595.0,20.0,14635.0,14640.0,14595.0,114.0
2024.02.08,14575.0,25.0,14565.0,14580.0,14550.0,175.0
2024.02.07,14550.0,235.0,14455.0,14550.0,14455.0,67.0
2024.02.06,14315.0,-95.0,14450.0,14450.0,14315.0,154.0
2024.02.05,14410.0,45.0,14450.0,14450.0,14260.0,63.0
2024.02.02,14365.0,220.0,14345.0,14395.0,14345.0,27.0
2024.02.01,14145.0,295.0,13940.0,14165.0,13915.0,1809.0
2024.01.31,13850.0,-60.0,13850.0,13850.0,13850.0,11.0
2024.01.30,13910.0,65.0,13870.0,13960.0,13870.0,177.0
2024.01.29,13845.0,160.0,13670.0,13845.0,13670.0,71.0
2024.01.26,13685.0,145.0,13650.0,13730.0,13650.0,1887.0
2024.01.25,13540.0,0.0,13540.0,13540.0,13540.0,0.0
2024.01.24,13540.0,0.0,13540.0,13540.0,13540.0,1.0
2024.01.23,13540.0,55.0,13485.0,13540.0,13485.0,202.0
2024.01.22,13485.0,15.0,13470.0,13485.0,13455.0,4.0
2024.01.19,13470.0,0.0,13540.0,13540.0,13415.0,1195.0
2024.01.18,13470.0,-15.0,13535.0,13545.0,13435.0,84.0
2024.01.17,13485.0,-255.0,13740.0,13740.0,13485.0,51.0
2024.01.16,13740.0,-75.0,13750.0,13750.0,13725.0,16.0
2024.01.15,13815.0,5.0,13835.0,13835.0,13815.0,6.0
2024.01.12,13810.0,-110.0,13770.0,13810.0,13770.0,6836.0
2024.01.11,13920.0,-35.0,13955.0,13955.0,13920.0,206.0
2024.01.10,13955.0,35.0,13920.0,13955.0,13920.0,9.0
2024.01.09,13920.0,25.0,13920.0,13920.0,13920.0,9437.0
2024.01.08,13895.0,0.0,13895.0,13895.0,13895.0,4.0
2024.01.05,13895.0,-80.0,13945.0,13945.0,13880.0,41.0
2024.01.04,13975.0,-105.0,13960.0,13975.0,13950.0,9453.0
2024.01.03,14080.0,0.0,14080.0,14080.0,14080.0,0.0
2024.01.02,14140.0,-75.0,14255.0,14255.0,14140.0,8.0
2023.12.28,14215.0,0.0,14215.0,14215.0,14215.0,0.0
2023.12.27,14070.0,45.0,14080.0,14080.0,14060.0,35.0
2023.12.26,14025.0,0.0,14025.0,14025.0,14025.0,1.0
2023.12.22,14025.0,5.0,14025.0,14025.0,14025.0,89.0
2023.12.21,14020.0,-40.0,14070.0,14070.0,13995.0,71.0
2023.12.20,14060.0,160.0,14090.0,14090.0,14060.0,20.0
2023.12.19,13900.0,-30.0,13900.0,13930.0,13900.0,102.0
2023.12.18,13930.0,40.0,13920.0,13930.0,13920.0,3.0
2023.12.15,13890.0,55.0,13920.0,13925.0,13890.0,2468.0
2023.12.14,13835.0,0.0,13835.0,13835.0,13835.0,0.0
2023.12.13,13835.0,0.0,13835.0,13835.0,13835.0,0.0
2023.12.12,13845.0,15.0,13865.0,13895.0,13845.0,5062.0
2023.12.11,13830.0,50.0,13995.0,13995.0,13760.0,3642.0
2023.12.08,13780.0,15.0,13775.0,13780.0,13775.0,8.0
2023.12.07,13765.0,-60.0,13785.0,13785.0,13765.0,2.0
2023.12.06,13825.0,-45.0,13845.0,13845.0,13775.0,72.0
2023.12.05,13870.0,55.0,13850.0,13915.0,13850.0,7.0
2023.12.04,13815.0,15.0,13800.0,13820.0,13785.0,50.0
2023.12.01,13800.0,35.0,13775.0,13800.0,13770.0,23.0
2023.11.30,13765.0,45.0,13765.0,13765.0,13765.0,3.0
2023.11.29,13720.0,-115.0,13780.0,13780.0,13720.0,4.0
2023.11.28,13835.0,0.0,13810.0,13840.0,13795.0,30.0
2023.11.27,13835.0,70.0,13795.0,13835.0,13795.0,3.0
2023.11.24,13765.0,45.0,13790.0,13790.0,13765.0,10.0
2023.11.23,13720.0,5.0,13740.0,13760.0,13715.0,69.0
2023.11.22,13715.0,0.0,13715.0,13715.0,13715.0,0.0
2023.11.21,13675.0,0.0,13675.0,13675.0,13675.0,0.0
2023.11.20,13610.0,0.0,13610.0,13610.0,13610.0,0.0
2023.11.17,13585.0,0.0,13585.0,13585.0,13585.0,0.0
2023.11.16,13615.0,90.0,13545.0,13615.0,13525.0,5.0
2023.11.15,13525.0,130.0,13490.0,13525.0,13490.0,3.0
2023.11.14,13395.0,80.0,13400.0,13400.0,13395.0,3.0
2023.11.13,13315.0,-15.0,13385.0,13400.0,13315.0,7.0
2023.11.10,13330.0,-170.0,13395.0,13400.0,13330.0,14.0
2023.11.09,13500.0,30.0,13450.0,13500.0,13450.0,16.0
2023.11.08,13470.0,180.0,13500.0,13500.0,13465.0,495.0
2023.11.07,13290.0,-115.0,13405.0,13475.0,13290.0,60.0
2023.11.06,13405.0,395.0,13330.0,13410.0,13330.0,8866.0
2023.11.03,13010.0,135.0,13010.0,13010.0,13010.0,2.0
2023.11.02,12875.0,0.0,12875.0,12875.0,12875.0,0.0
2023.11.01,12795.0,0.0,12795.0,12795.0,12795.0,0.0
2023.10.31,12765.0,0.0,12765.0,12765.0,12765.0,50.0
2023.10.30,12765.0,30.0,12765.0,12765.0,12765.0,700.0
2023.10.27,12750.0,25.0,12810.0,12810.0,12750.0,17.0
2023.10.26,12725.0,-335.0,12865.0,12865.0,12725.0,303.0
2023.10.25,13060.0,175.0,12995.0,13085.0,12995.0,6.0
2023.10.24,12885.0,85.0,12850.0,12885.0,12635.0,22.0
2023.10.23,12800.0,-210.0,12850.0,12870.0,12800.0,27.0
2023.10.20,13010.0,-170.0,12910.0,13010.0,12880.0,205.0
2023.10.19,13180.0,-255.0,13225.0,13225.0,13160.0,11.0
2023.10.18,13435.0,-70.0,13500.0,13500.0,13435.0,707.0
2023.10.17,13505.0,125.0,13505.0,13505.0,13505.0,1.0
2023.10.16,13380.0,-110.0,13455.0,13455.0,13380.0,10.0
2023.10.13,13490.0,-105.0,13595.0,13595.0,13490.0,14.0
2023.10.12,13595.0,0.0,13595.0,13595.0,13595.0,0.0
2023.10.11,13470.0,20.0,13450.0,13470.0,13415.0,231.0
2023.10.10,13450.0,55.0,13560.0,13560.0,13450.0,7.0
2023.10.06,13395.0,40.0,13380.0,13395.0,13340.0,20.0
2023.10.05,13355.0,-130.0,13310.0,13385.0,13310.0,142.0
2023.10.04,13485.0,-155.0,13485.0,13485.0,13485.0,1.0
2023.09.27,13640.0,110.0,13390.0,13640.0,13390.0,108.0
2023.09.26,13530.0,-230.0,13760.0,13760.0,13530.0,3473.0
2023.09.25,13760.0,-125.0,13890.0,13890.0,13750.0,7.0
2023.09.22,13885.0,-40.0,13845.0,13885.0,13845.0,315.0
2023.09.21,13925.0,-275.0,14015.0,14140.0,13925.0,4270.0
2023.09.20,14200.0,5.0,14150.0,14200.0,14150.0,7747.0
2023.09.19,14195.0,25.0,14175.0,14195.0,14175.0,6.0
2023.09.18,14170.0,5.0,14295.0,14295.0,14145.0,16.0
2023.09.15,14165.0,210.0,14165.0,14165.0,14165.0,14.0
2023.09.14,13955.0,70.0,13885.0,13955.0,13885.0,3.0
2023.09.13,13885.0,-20.0,13885.0,13885.0,13885.0,1.0
2023.09.12,13905.0,-200.0,14025.0,14025.0,13905.0,8.0
2023.09.11,14105.0,160.0,14075.0,14105.0,14045.0,5.0
2023.09.08,13945.0,0.0,13945.0,13945.0,13945.0,0.0
2023.09.07,13800.0,-175.0,13825.0,13860.0,13800.0,46.0
2023.09.06,13975.0,-95.0,14010.0,14010.0,13970.0,30.0
2023.09.05,14070.0,15.0,14070.0,14070.0,14070.0,117.0
2023.09.04,14055.0,-25.0,14030.0,14065.0,13980.0,297.0
2023.09.01,14080.0,-115.0,14110.0,14110.0,14080.0,8.0
2023.08.31,14195.0,0.0,14195.0,14195.0,14195.0,0.0
2023.08.30,14120.0,-65.0,14185.0,14185.0,14120.0,146.0
2023.08.29,14185.0,160.0,14150.0,14185.0,14125.0,224.0
2023.08.28,14025.0,215.0,14015.0,14055.0,14015.0,368.0
2023.08.25,13810.0,0.0,13810.0,13810.0,13810.0,0.0
2023.08.24,13810.0,0.0,13810.0,13810.0,13810.0,0.0
2023.08.23,13810.0,-90.0,13915.0,13915.0,13800.0,703.0
2023.08.22,13900.0,-15.0,13900.0,13900.0,13900.0,1.0
2023.08.21,13915.0,50.0,13865.0,14000.0,13865.0,581.0
2023.08.18,13865.0,-65.0,13885.0,13915.0,13835.0,108.0
2023.08.17,13930.0,-100.0,13725.0,13935.0,13725.0,228.0
2023.08.16,14030.0,-430.0,14155.0,14155.0,14030.0,5.0
2023.08.14,14460.0,0.0,14460.0,14460.0,14460.0,0.0
2023.08.11,14485.0,75.0,14460.0,14540.0,14440.0,350.0
2023.08.10,14410.0,100.0,14425.0,14450.0,14385.0,634.0
2023.08.09,14310.0,30.0,14280.0,14325.0,14280.0,1458.0
2023.08.08,14280.0,0.0,14280.0,14280.0,14280.0,0.0
2023.08.07,14320.0,-65.0,14275.0,14320.0,14240.0,402.0
2023.08.04,14385.0,90.0,14365.0,14385.0,14320.0,768.0
2023.08.03,14295.0,-50.0,14265.0,14295.0,14265.0,18.0
2023.08.02,14345.0,-135.0,14480.0,14590.0,14300.0,1127.0
2023.08.01,14480.0,115.0,14390.0,14550.0,14390.0,2454.0
2023.07.31,14365.0,330.0,14280.0,14400.0,14280.0,4282.0
2023.07.28,14035.0,215.0,13880.0,14035.0,13860.0,774.0
2023.07.27,13820.0,-90.0,14030.0,14085.0,13820.0,9394.0
2023.07.26,13910.0,-480.0,14325.0,14330.0,13910.0,224.0
2023.07.25,14390.0,225.0,14310.0,14390.0,14310.0,832.0
2023.07.24,14165.0,-70.0,14235.0,14235.0,14160.0,104.0
2023.07.21,14235.0,20.0,14215.0,14265.0,14215.0,169.0
2023.07.20,14215.0,100.0,14215.0,14215.0,14215.0,2.0
2023.07.19,14115.0,-130.0,14165.0,14165.0,14115.0,16.0
2023.07.18,14245.0,0.0,14245.0,14245.0,14245.0,0.0
2023.07.17,14245.0,-120.0,14245.0,14245.0,14245.0,17.0
2023.07.14,14365.0,165.0,14230.0,14365.0,14230.0,50.0
2023.07.13,14200.0,95.0,14205.0,14275.0,14200.0,79.0
2023.07.12,14105.0,15.0,14150.0,14150.0,14105.0,6.0
2023.07.11,14090.0,285.0,13910.0,14090.0,13910.0,531.0
2023.07.10,13805.0,145.0,13785.0,13805.0,13785.0,5.0
2023.07.07,13660.0,-210.0,13705.0,13705.0,13635.0,14.0
2023.07.06,13870.0,-125.0,13870.0,13870.0,13870.0,4.0
2023.07.05,13995.0,45.0,13950.0,14000.0,13950.0,5.0
2023.07.04,13950.0,-25.0,13990.0,13990.0,13915.0,48.0
2023.07.03,13975.0,40.0,13910.0,13975.0,13910.0,5.0
2023.06.30,13935.0,155.0,13780.0,13935.0,13770.0,30.0
2023.06.29,13780.0,-170.0,13730.0,13780.0,13730.0,8.0
2023.06.28,13950.0,60.0,14000.0,14000.0,13905.0,26.0
2023.06.27,13890.0,-5.0,13830.0,13930.0,13830.0,5.0
2023.06.26,13895.0,-210.0,14000.0,14000.0,13850.0,63.0
2023.06.23,14105.0,-40.0,14105.0,14105.0,14105.0,15.0
2023.06.22,14145.0,25.0,14085.0,14145.0,14085.0,12.0
2023.06.21,14120.0,-125.0,14145.0,14145.0,14120.0,15.0
2023.06.20,14245.0,85.0,14250.0,14280.0,14240.0,11.0
2023.06.19,14160.0,0.0,14160.0,14160.0,14160.0,0.0
2023.06.16,14125.0,145.0,14105.0,14125.0,14105.0,7.0
2023.06.15,13980.0,0.0,13980.0,13980.0,13980.0,0.0
2023.06.14,13980.0,-150.0,14115.0,14115.0,13965.0,14.0
2023.06.13,14130.0,45.0,14180.0,14180.0,14130.0,5.0
2023.06.12,14085.0,0.0,14110.0,14110.0,14085.0,389.0
2023.06.09,14085.0,90.0,14055.0,14120.0,14025.0,45744.0
2023.06.08,13995.0,-15.0,14010.0,14015.0,13970.0,6468.0
2023.06.07,14010.0,20.0,13990.0,14040.0,13990.0,8.0
2023.06.05,13990.0,225.0,13895.0,13990.0,13895.0,5622.0
2023.06.02,13765.0,45.0,13725.0,13765.0,13725.0,115.0
2023.06.01,13720.0,45.0,13720.0,13720.0,13720.0,10.0
2023.05.31,13675.0,-65.0,13570.0,13800.0,13570.0,22626.0
2023.05.30,13740.0,5.0,13680.0,13755.0,13665.0,26279.0
2023.05.26,13735.0,-130.0,13690.0,13740.0,13690.0,51.0
2023.05.25,13865.0,-165.0,13875.0,13875.0,13865.0,226.0
2023.05.24,14030.0,10.0,13965.0,14040.0,13965.0,1621.0
2023.05.23,14020.0,65.0,14020.0,14020.0,14020.0,9.0
2023.05.22,13955.0,120.0,13955.0,13975.0,13935.0,1641.0
2023.05.19,13835.0,130.0,13795.0,13835.0,13755.0,48.0
2023.05.18,13705.0,60.0,13710.0,13740.0,13680.0,71.0
2023.05.17,13645.0,-10.0,13645.0,13645.0,13645.0,1.0
2023.05.16,13655.0,-60.0,13655.0,13655.0,13655.0,1.0
2023.05.15,13715.0,50.0,13600.0,13715.0,13555.0,11628.0
2023.05.12,13665.0,-240.0,13855.0,13855.0,13665.0,8616.0
2023.05.11,13905.0,90.0,13955.0,13965.0,13875.0,292.0
2023.05.10,13815.0,-10.0,13890.0,13890.0,13815.0,3.0
2023.05.09,13825.0,-80.0,13855.0,13855.0,13815.0,1159.0
2023.05.08,13905.0,-5.0,13965.0,13965.0,13905.0,7362.0
2023.05.04,13910.0,60.0,13825.0,13915.0,13815.0,10047.0
2023.05.03,13850.0,-70.0,13895.0,13895.0,13850.0,12.0
2023.05.02,13920.0,100.0,13930.0,13970.0,13900.0,1331.0
2023.04.28,13820.0,0.0,13820.0,13910.0,13750.0,1178.0
2023.04.27,13820.0,-35.0,13620.0,13830.0,13620.0,1167.0
2023.04.26,14205.0,-120.0,14230.0,14325.0,14205.0,65.0
2023.04.25,14325.0,-180.0,14325.0,14325.0,14325.0,28.0
2023.04.24,14505.0,-325.0,14720.0,14720.0,14505.0,3.0
2023.04.21,14830.0,-145.0,14800.0,14860.0,14795.0,166.0
2023.04.20,14975.0,0.0,14975.0,14975.0,14975.0,0.0
2023.04.19,15120.0,70.0,15130.0,15180.0,15120.0,44.0
2023.04.18,15050.0,-25.0,15040.0,15050.0,15040.0,76.0
2023.04.17,15075.0,25.0,15085.0,15115.0,15040.0,28495.0
2023.04.14,15050.0,150.0,15055.0,15080.0,14990.0,55.0
2023.04.13,14900.0,80.0,14885.0,14910.0,14885.0,23.0
2023.04.12,14820.0,20.0,14915.0,14930.0,14820.0,6231.0
2023.04.11,14800.0,160.0,14640.0,14810.0,14640.0,68399.0
2023.04.10,14640.0,-20.0,14610.0,14710.0,14570.0,81150.0
2023.04.07,14660.0,-40.0,14660.0,14670.0,14650.0,11382.0
2023.04.06,14700.0,-25.0,14700.0,14700.0,14700.0,4.0
2023.04.05,14725.0,-40.0,14815.0,14815.0,14720.0,11351.0
2023.04.04,14765.0,65.0,14720.0,14795.0,14710.0,319.0
2023.04.03,14700.0,130.0,14630.0,14740.0,14630.0,105.0
2023.03.31,14570.0,80.0,14515.0,14630.0,14515.0,164.0
2023.03.30,14490.0,160.0,14450.0,14520.0,14430.0,158.0
2023.03.29,14330.0,110.0,14330.0,14385.0,14280.0,5465.0
2023.03.28,14220.0,225.0,14115.0,14220.0,14100.0,560.0
2023.03.27,13995.0,25.0,13965.0,14035.0,13930.0,8.0
2023.03.24,13970.0,0.0,13970.0,13970.0,13970.0,0.0
2023.03.23,13970.0,0.0,14005.0,14005.0,13970.0,6.0
2023.03.22,13970.0,-25.0,13975.0,13975.0,13970.0,203.0
2023.03.21,13995.0,145.0,13915.0,13995.0,13915.0,37.0
2023.03.20,13850.0,30.0,13905.0,13905.0,13830.0,125.0
2023.03.17,13820.0,100.0,13800.0,13870.0,13790.0,20.0
2023.03.16,13720.0,-125.0,13670.0,13730.0,13670.0,23.0
2023.03.15,13845.0,155.0,13875.0,13875.0,13805.0,103.0
2023.03.14,13690.0,-285.0,13975.0,13975.0,13690.0,478.0
2023.03.13,13975.0,-110.0,13860.0,13990.0,13860.0,221.0
2023.03.10,14085.0,-255.0,14085.0,14085.0,14085.0,36.0
2023.03.09,14340.0,30.0,14360.0,14360.0,14340.0,24.0
2023.03.08,14310.0,-65.0,14310.0,14310.0,14310.0,1.0
2023.03.07,14375.0,0.0,14395.0,14415.0,14350.0,1062.0
2023.03.06,14375.0,0.0,14375.0,14375.0,14375.0,0.0
2023.03.03,14360.0,30.0,14365.0,14365.0,14360.0,151.0
2023.03.02,14330.0,150.0,14380.0,14380.0,14330.0,38.0
2023.02.28,14180.0,0.0,14180.0,14180.0,14180.0,0.0
2023.02.27,14170.0,0.0,14170.0,14170.0,14170.0,0.0
2023.02.24,14305.0,-90.0,14255.0,14305.0,14255.0,16.0
2023.02.23,14395.0,120.0,14375.0,14415.0,14375.0,24.0
2023.02.22,14275.0,-180.0,14300.0,14330.0,14270.0,476.0
2023.02.21,14455.0,100.0,14375.0,14455.0,14375.0,24.0
2023.02.20,14355.0,80.0,14235.0,14375.0,14215.0,28.0
2023.02.17,14275.0,-20.0,14225.0,14275.0,14225.0,232.0
2023.02.16,14295.0,255.0,14190.0,14295.0,14190.0,25.0
2023.02.15,14040.0,-200.0,14195.0,14195.0,14040.0,171.0
2023.02.14,14240.0,0.0,14240.0,14240.0,14240.0,0.0
2023.02.13,14230.0,25.0,14140.0,14230.0,14140.0,112.0
2023.02.10,14205.0,-95.0,14200.0,14260.0,14200.0,952.0
2023.02.09,14300.0,-10.0,14280.0,14340.0,14280.0,23.0
2023.02.08,14310.0,125.0,14265.0,14310.0,14250.0,258.0
2023.02.07,14185.0,-50.0,14185.0,14185.0,14185.0,3.0
2023.02.06,14235.0,-55.0,14175.0,14315.0,14175.0,10117.0
2023.02.03,14290.0,65.0,14210.0,14290.0,14210.0,45.0
2023.02.02,14225.0,30.0,14255.0,14280.0,14225.0,31.0
2023.02.01,14195.0,-15.0,14235.0,14255.0,14195.0,1847.0
2023.01.31,14210.0,35.0,14190.0,14220.0,14190.0,37.0
2023.01.30,14175.0,-40.0,14175.0,14175.0,14175.0,2.0
2023.01.27,14215.0,120.0,14165.0,14225.0,14165.0,45.0
2023.01.26,14095.0,20.0,14095.0,14095.0,14095.0,1.0
2023.01.25,14075.0,10.0,14125.0,14125.0,14030.0,144.0
2023.01.20,14065.0,70.0,14045.0,14065.0,14045.0,30.0
2023.01.19,13995.0,55.0,13935.0,14005.0,13935.0,24.0
2023.01.18,13940.0,-50.0,13910.0,13940.0,13910.0,165.0
2023.01.17,13990.0,-35.0,14145.0,14145.0,13915.0,236.0
2023.01.16,14025.0,95.0,13930.0,14025.0,13930.0,527.0
2023.01.13,13930.0,25.0,13930.0,13950.0,13870.0,368.0
2023.01.12,13905.0,80.0,13880.0,13920.0,13880.0,330.0
2023.01.11,13825.0,80.0,13825.0,13835.0,13785.0,43.0
2023.01.10,13745.0,20.0,13825.0,13825.0,13725.0,13.0
2023.01.09,13725.0,325.0,13615.0,13725.0,13615.0,20.0
2023.01.06,13400.0,130.0,13270.0,13470.0,13270.0,199.0
2023.01.05,13270.0,-10.0,13280.0,13330.0,13230.0,209.0
2023.01.04,13280.0,120.0,13160.0,13280.0,13160.0,8097.0
2023.01.03,13160.0,-100.0,13250.0,13250.0,12960.0,64.0
2023.01.02,13260.0,-250.0,13250.0,13290.0,13240.0,8210.0
2022.12.29,13510.0,-330.0,13760.0,13760.0,13510.0,185.0
2022.12.28,13840.0,75.0,13865.0,13910.0,13840.0,27.0
2022.12.27,13765.0,185.0,13660.0,13765.0,13655.0,650.0
2022.12.26,13580.0,-10.0,13580.0,13580.0,13580.0,100.0
2022.12.23,13590.0,-195.0,13590.0,13590.0,13590.0,5.0
2022.12.22,13785.0,175.0,13735.0,13785.0,13735.0,49.0
2022.12.21,13610.0,100.0,13600.0,13630.0,13600.0,7.0
2022.12.20,13510.0,-90.0,13510.0,13510.0,13510.0,5.0
2022.12.19,13600.0,-60.0,13650.0,13650.0,13600.0,19.0
2022.12.16,13660.0,-85.0,13590.0,13720.0,13590.0,361.0
2022.12.15,13745.0,-55.0,13875.0,13875.0,13745.0,3885.0
2022.12.14,13800.0,120.0,13730.0,13800.0,13710.0,1014.0
2022.12.13,13680.0,15.0,13665.0,13705.0,13665.0,308.0
2022.12.12,13665.0,-30.0,13665.0,13665.0,13665.0,0.0
2022.12.09,13695.0,160.0,13615.0,13695.0,13610.0,8868.0
2022.12.08,13535.0,-45.0,13440.0,13555.0,13440.0,8123.0
2022.12.07,13580.0,20.0,13615.0,13640.0,13570.0,4988.0
2022.12.06,13560.0,-175.0,13675.0,13715.0,13525.0,7218.0
2022.12.05,13735.0,-20.0,13820.0,13840.0,13710.0,252.0
2022.12.02,13755.0,-160.0,13860.0,13860.0,13730.0,170.0
2022.12.01,13915.0,40.0,13955.0,13975.0,13880.0,155.0
2022.11.30,13875.0,70.0,13865.0,13885.0,13835.0,132.0
2022.11.29,13805.0,170.0,13665.0,13820.0,13645.0,403.0
2022.11.28,13635.0,-100.0,13735.0,13735.0,13600.0,182.0
2022.11.25,13735.0,-30.0,13705.0,13745.0,13705.0,21141.0
2022.11.24,13765.0,115.0,13665.0,13770.0,13665.0,303.0
2022.11.23,13650.0,135.0,13530.0,13660.0,13520.0,42823.0
2022.11.22,13515.0,15.0,13515.0,13530.0,13460.0,14941.0
2022.11.21,13500.0,-170.0,13620.0,13620.0,13490.0,177.0
2022.11.18,13670.0,-40.0,13650.0,13765.0,13650.0,145.0
2022.11.17,13710.0,-135.0,13845.0,13845.0,13665.0,8856.0
2022.11.16,13845.0,55.0,13815.0,13845.0,13700.0,362.0
2022.11.15,13790.0,125.0,13730.0,13790.0,13690.0,1126.0
2022.11.14,13665.0,120.0,13680.0,13725.0,13655.0,893.0
2022.11.11,13545.0,270.0,13475.0,13545.0,13415.0,21041.0
2022.11.10,13275.0,-15.0,13340.0,13340.0,13235.0,104.0
2022.11.09,13290.0,145.0,13285.0,13330.0,13260.0,60.0
2022.11.08,13145.0,80.0,13070.0,13160.0,13070.0,495.0
2022.11.07,13065.0,145.0,13045.0,13095.0,13005.0,265.0
2022.11.04,12920.0,40.0,12895.0,12920.0,12895.0,482.0
2022.11.03,12880.0,-45.0,12880.0,12880.0,12880.0,0.0
2022.11.02,12925.0,0.0,12875.0,12960.0,12855.0,205.0
2022.11.01,12925.0,275.0,12785.0,12930.0,12775.0,1080.0
2022.10.31,12650.0,-60.0,12615.0,12655.0,12615.0,1247.0
2022.10.28,12710.0,40.0,12700.0,12765.0,12695.0,247.0
2022.10.27,12680.0,275.0,12575.0,12680.0,12575.0,98.0
2022.10.26,12405.0,-50.0,12465.0,12465.0,12405.0,70.0
2022.10.25,12455.0,-100.0,12455.0,12455.0,12455.0,0.0
2022.10.24,12555.0,100.0,12710.0,12755.0,12550.0,96.0
2022.10.21,12455.0,-190.0,12600.0,12600.0,12455.0,51.0
2022.10.20,12645.0,-75.0,12645.0,12645.0,12645.0,0.0
2022.10.19,12720.0,-65.0,12790.0,12935.0,12670.0,121.0
2022.10.18,12785.0,300.0,12705.0,12785.0,12600.0,181.0
2022.10.17,12485.0,-5.0,12485.0,12485.0,12485.0,1.0
2022.10.14,12490.0,335.0,12370.0,12545.0,12365.0,102.0
2022.10.13,12155.0,-345.0,12200.0,12220.0,12155.0,637.0
2022.10.12,12500.0,80.0,12340.0,12510.0,12340.0,1150.0
2022.10.11,12420.0,-455.0,12590.0,12590.0,12420.0,34.0
2022.10.07,12875.0,-60.0,12845.0,12945.0,12840.0,47.0
2022.10.06,12935.0,165.0,12870.0,12960.0,12855.0,882.0
2022.10.05,12770.0,-90.0,13055.0,13055.0,12770.0,1226.0
2022.10.04,12860.0,250.0,12700.0,12875.0,12700.0,754.0
2022.09.30,12610.0,-140.0,12670.0,12720.0,12520.0,372.0
2022.09.29,12750.0,-5.0,12915.0,12990.0,12715.0,809.0
2022.09.28,12755.0,-355.0,13015.0,13085.0,12650.0,538.0
2022.09.27,13110.0,65.0,13005.0,13110.0,12915.0,29.0
2022.09.26,13045.0,-520.0,13430.0,13430.0,13010.0,219.0
2022.09.23,13565.0,-350.0,13835.0,13835.0,13565.0,82.0
2022.09.22,13915.0,-45.0,13765.0,13915.0,13740.0,43.0
2022.09.21,13960.0,-40.0,13945.0,14010.0,13925.0,403.0
2022.09.20,14000.0,155.0,13965.0,14025.0,13965.0,44.0
2022.09.19,13845.0,-210.0,14005.0,14005.0,13845.0,1206.0
2022.09.16,14055.0,-195.0,14220.0,14220.0,14055.0,212.0
2022.09.15,14250.0,20.0,14260.0,14290.0,14250.0,53.0
2022.09.14,14230.0,-220.0,14115.0,14250.0,14105.0,1060.0
2022.09.13,14450.0,270.0,14340.0,14455.0,14340.0,2323.0
2022.09.08,14180.0,40.0,14245.0,14245.0,14180.0,120.0
2022.09.07,14140.0,-235.0,14315.0,14315.0,14100.0,768.0
2022.09.06,14375.0,90.0,14405.0,14405.0,14315.0,46.0
2022.09.05,14285.0,-5.0,14325.0,14415.0,14220.0,68.0
2022.09.02,14290.0,-125.0,14365.0,14365.0,14290.0,2.0
2022.09.01,14415.0,-180.0,14480.0,14500.0,14415.0,3901.0
2022.08.31,14595.0,10.0,14595.0,14595.0,14595.0,111.0
2022.08.30,14585.0,95.0,14575.0,14585.0,14545.0,7.0
2022.08.29,14490.0,-250.0,14485.0,14490.0,14450.0,82.0
2022.08.26,14740.0,25.0,14770.0,14770.0,14720.0,24973.0
2022.08.25,14715.0,130.0,14685.0,14715.0,14680.0,262.0
2022.08.24,14585.0,195.0,14530.0,14590.0,14480.0,34.0
2022.08.23,14390.0,-135.0,14430.0,14460.0,14390.0,45.0
2022.08.22,14525.0,-220.0,14530.0,14575.0,14470.0,26.0
2022.08.19,14745.0,0.0,14745.0,14745.0,14745.0,2.0
2022.08.18,14745.0,-25.0,14745.0,14745.0,14745.0,6.0
2022.08.17,14770.0,-65.0,14815.0,14815.0,14760.0,33.0
2022.08.16,14835.0,30.0,14880.0,14880.0,14835.0,87.0
2022.08.12,14805.0,40.0,14790.0,14805.0,14790.0,2.0
2022.08.11,14765.0,200.0,14730.0,14765.0,14705.0,32.0
2022.08.10,14565.0,-25.0,14625.0,14625.0,14565.0,11.0
2022.08.09,14590.0,60.0,14520.0,14590.0,14520.0,53.0
2022.08.08,14530.0,95.0,14380.0,14540.0,14380.0,3421.0
2022.08.05,14435.0,140.0,14350.0,14455.0,14350.0,555.0
2022.08.04,14295.0,15.0,14325.0,14325.0,14290.0,108.0
2022.08.03,14280.0,80.0,14295.0,14300.0,14280.0,9.0
2022.08.02,14200.0,-120.0,14200.0,14200.0,14200.0,1.0
2022.08.01,14320.0,90.0,14300.0,14320.0,14280.0,227.0
2022.07.29,14230.0,195.0,14160.0,14260.0,14160.0,41.0
2022.07.28,14035.0,35.0,14080.0,14085.0,14020.0,14.0
2022.07.27,14000.0,70.0,13885.0,14000.0,13885.0,12.0
2022.07.26,13930.0,0.0,13930.0,13930.0,13930.0,0.0
2022.07.25,13930.0,45.0,13920.0,13930.0,13920.0,7.0
2022.07.22,13885.0,20.0,13895.0,13920.0,13860.0,160.0
2022.07.21,13865.0,-10.0,13865.0,13865.0,13865.0,0.0
2022.07.20,13875.0,105.0,13935.0,13935.0,13875.0,5.0
2022.07.19,13770.0,85.0,13745.0,13770.0,13745.0,7.0
2022.07.18,13685.0,305.0,13510.0,13685.0,13510.0,16.0
2022.07.15,13380.0,-110.0,13490.0,13490.0,13290.0,9572.0
2022.07.14,13490.0,0.0,13385.0,13550.0,13340.0,9501.0
2022.07.13,13490.0,130.0,13505.0,13505.0,13420.0,11.0
2022.07.12,13360.0,-245.0,13365.0,13380.0,13290.0,26941.0
2022.07.11,13605.0,-210.0,13745.0,13745.0,13595.0,9459.0
2022.07.08,13815.0,125.0,13820.0,13820.0,13815.0,30.0
2022.07.07,13690.0,-125.0,13690.0,13690.0,13690.0,0.0
2022.07.06,13815.0,-120.0,13815.0,13815.0,13815.0,9.0
2022.07.05,13935.0,245.0,13865.0,13935.0,13810.0,74.0
2022.07.04,13690.0,-195.0,13690.0,13690.0,13690.0,16.0
2022.07.01,13885.0,-120.0,14050.0,14050.0,13820.0,215.0
2022.06.30,14005.0,-90.0,14100.0,14145.0,14005.0,451.0
2022.06.29,14095.0,-125.0,14095.0,14095.0,14095.0,5.0
2022.06.28,14220.0,115.0,14170.0,14220.0,14105.0,5.0
2022.06.27,14105.0,275.0,13985.0,14135.0,13985.0,16.0
2022.06.24,13830.0,425.0,13530.0,13840.0,13500.0,994.0
2022.06.23,13405.0,-535.0,13775.0,13785.0,13400.0,258.0
2022.06.22,13940.0,-320.0,13965.0,13965.0,13940.0,222.0
2022.06.21,14260.0,230.0,14075.0,14320.0,14075.0,90.0
2022.06.20,14030.0,-375.0,14315.0,14315.0,14030.0,54.0
2022.06.17,14405.0,-140.0,14240.0,14455.0,14215.0,27.0
2022.06.16,14545.0,-90.0,14800.0,14825.0,14545.0,28.0
2022.06.15,14635.0,-260.0,14635.0,14635.0,14635.0,1.0
2022.06.14,14895.0,-135.0,14895.0,14895.0,14895.0,0.0
2022.06.13,15030.0,-610.0,15030.0,15030.0,15030.0,0.0
2022.06.10,15640.0,-95.0,15640.0,15640.0,15640.0,0.0
2022.06.09,15735.0,-25.0,15735.0,15735.0,15735.0,1.0
2022.06.08,15760.0,-30.0,15790.0,15830.0,15750.0,10.0
2022.06.07,15790.0,-155.0,15910.0,15910.0,15750.0,65.0
2022.06.03,15945.0,115.0,15890.0,15950.0,15890.0,174.0
2022.06.02,15830.0,-105.0,15830.0,15830.0,15830.0,1.0
2022.05.31,15935.0,70.0,15870.0,15940.0,15865.0,628.0
2022.05.30,15865.0,150.0,15710.0,15865.0,15710.0,2822.0
2022.05.27,15715.0,170.0,15715.0,15725.0,15685.0,4177.0
2022.05.26,15545.0,80.0,15510.0,15665.0,15500.0,220.0
2022.05.25,15465.0,80.0,15440.0,15545.0,15440.0,61074.0
2022.05.24,15385.0,-195.0,15480.0,15480.0,15385.0,15.0
2022.05.23,15580.0,50.0,15510.0,15580.0,15505.0,63.0
2022.05.20,15530.0,165.0,15435.0,15530.0,15435.0,118.0
2022.05.19,15365.0,-240.0,15365.0,15365.0,15365.0,0.0
2022.05.18,15605.0,-5.0,15685.0,15685.0,15590.0,19.0
2022.05.17,15610.0,50.0,15625.0,15625.0,15600.0,33.0
2022.05.16,15560.0,25.0,15615.0,15615.0,15550.0,27.0
2022.05.13,15535.0,240.0,15375.0,15540.0,15375.0,28.0
2022.05.12,15295.0,-200.0,15445.0,15445.0,15295.0,21.0
2022.05.11,15495.0,-20.0,15495.0,15495.0,15495.0,0.0
2022.05.10,15515.0,-65.0,15300.0,15515.0,15300.0,292.0
2022.05.09,15580.0,-390.0,15905.0,15905.0,15580.0,44.0
2022.05.06,15970.0,-60.0,15925.0,15970.0,15890.0,3516.0
2022.05.04,16030.0,-135.0,16115.0,16115.0,16030.0,32.0
2022.05.03,16165.0,90.0,16215.0,16215.0,16165.0,7.0
2022.05.02,16075.0,-85.0,16100.0,16100.0,16075.0,49.0
2022.04.29,16160.0,85.0,16105.0,16170.0,16080.0,855.0
2022.04.28,16075.0,95.0,15965.0,16075.0,15965.0,35.0
2022.04.27,16215.0,-170.0,16040.0,16240.0,16040.0,29.0
2022.04.26,16385.0,20.0,16400.0,16410.0,16350.0,53.0
2022.04.25,16365.0,-330.0,16400.0,16430.0,16365.0,2257.0
2022.04.22,16695.0,-70.0,16640.0,16720.0,16610.0,2259.0
2022.04.21,16765.0,80.0,16735.0,16790.0,16700.0,2067.0
2022.04.20,16685.0,70.0,16590.0,16695.0,16585.0,2281.0
2022.04.19,16615.0,125.0,16560.0,16615.0,16530.0,412.0
2022.04.18,16490.0,-15.0,16505.0,16505.0,16485.0,67.0
2022.04.15,16505.0,-5.0,16585.0,16585.0,16460.0,22.0
2022.04.14,16510.0,95.0,16495.0,16530.0,16445.0,122.0
2022.04.13,16415.0,215.0,16275.0,16415.0,16275.0,64.0
2022.04.12,16200.0,-165.0,16185.0,16200.0,16115.0,189.0
2022.04.11,16365.0,-15.0,16445.0,16445.0,16315.0,515.0
2022.04.08,16380.0,40.0,16380.0,16380.0,16380.0,3.0
2022.04.07,16340.0,-245.0,16340.0,16340.0,16340.0,6.0
2022.04.06,16585.0,15.0,16585.0,16585.0,16585.0,6051.0
2022.04.05,16570.0,0.0,16570.0,16570.0,16570.0,0.0
2022.04.04,16570.0,145.0,16520.0,16570.0,16510.0,548.0
2022.04.01,16425.0,-75.0,16425.0,16425.0,16425.0,1.0
2022.03.31,16500.0,165.0,16455.0,16500.0,16445.0,166.0
2022.03.30,16335.0,85.0,16400.0,16400.0,16320.0,294.0
2022.03.29,16250.0,-85.0,16390.0,16390.0,16250.0,32.0
2022.03.28,16335.0,15.0,16335.0,16335.0,16335.0,8.0
2022.03.25,16320.0,-20.0,16320.0,16320.0,16320.0,7.0
2022.03.24,16340.0,25.0,16235.0,16340.0,16235.0,48.0
2022.03.23,16315.0,75.0,16305.0,16355.0,16255.0,57.0
2022.03.22,16240.0,140.0,16205.0,16240.0,16190.0,142.0
2022.03.21,16100.0,-10.0,16205.0,16205.0,16090.0,497.0
2022.03.18,16110.0,35.0,16075.0,16110.0,16075.0,924.0
2022.03.17,16075.0,105.0,16155.0,16160.0,16055.0,224.0
2022.03.16,15970.0,110.0,15955.0,15975.0,15935.0,185.0
2022.03.15,15860.0,-90.0,15860.0,15860.0,15860.0,1.0
2022.03.14,15950.0,-195.0,16100.0,16100.0,15910.0,7.0
2022.03.11,16145.0,260.0,16040.0,16145.0,16040.0,461.0
2022.03.10,15885.0,205.0,15910.0,15980.0,15875.0,455.0
2022.03.08,15680.0,-290.0,15680.0,15680.0,15680.0,0.0
2022.03.07,15970.0,-305.0,15945.0,15995.0,15920.0,37.0
2022.03.04,16275.0,0.0,16275.0,16275.0,16275.0,0.0
2022.03.03,16275.0,175.0,16135.0,16305.0,16135.0,29.0
2022.03.02,16100.0,60.0,16125.0,16145.0,16095.0,1014.0
2022.02.28,16040.0,165.0,16060.0,16060.0,16005.0,278.0
2022.02.25,15875.0,40.0,15815.0,15895.0,15810.0,69.0
2022.02.24,15835.0,-65.0,15860.0,15860.0,15835.0,2.0
2022.02.23,15900.0,175.0,15835.0,15945.0,15830.0,3771.0
2022.02.22,15725.0,-220.0,15925.0,15925.0,15715.0,22697.0
2022.02.21,15945.0,25.0,15765.0,16000.0,15720.0,61446.0
2022.02.18,15920.0,90.0,15770.0,15920.0,15725.0,3091.0
2022.02.17,15830.0,55.0,15985.0,16045.0,15500.0,34354.0
2022.02.16,15775.0,425.0,15725.0,15785.0,15675.0,240.0
2022.02.15,15350.0,-400.0,15565.0,15565.0,15350.0,11.0
2022.02.14,15750.0,-240.0,15750.0,15750.0,15750.0,1.0
2022.02.11,15990.0,-130.0,16000.0,16105.0,15990.0,439.0
2022.02.10,16120.0,0.0,16120.0,16120.0,16120.0,1.0
2022.02.09,16120.0,90.0,16120.0,16120.0,16120.0,50.0
2022.02.08,16030.0,-80.0,16215.0,16220.0,15930.0,241.0
2022.02.07,16110.0,120.0,16020.0,16130.0,16020.0,234.0
2022.02.04,15990.0,210.0,15845.0,16050.0,15790.0,332.0
2022.02.03,15780.0,405.0,15725.0,15850.0,15655.0,628.0
2022.01.28,15375.0,370.0,15110.0,15375.0,15110.0,595.0
2022.01.27,15005.0,-605.0,15565.0,15565.0,15005.0,342.0
2022.01.26,15610.0,-35.0,15745.0,15785.0,15585.0,755.0
2022.01.25,15645.0,-410.0,15620.0,15705.0,15555.0,745.0
2022.01.24,16055.0,-335.0,16315.0,16315.0,15990.0,25.0
2022.01.21,16390.0,-210.0,16415.0,16415.0,16390.0,18.0
2022.01.20,16600.0,100.0,16460.0,16600.0,16460.0,252.0
2022.01.19,16500.0,-140.0,16500.0,16500.0,16500.0,10.0
2022.01.18,16640.0,-170.0,16805.0,16805.0,16640.0,11.0
2022.01.17,16810.0,-200.0,16910.0,16910.0,16810.0,3.0
2022.01.14,17010.0,-145.0,16995.0,17020.0,16930.0,194.0
2022.01.13,17155.0,65.0,17165.0,17165.0,17155.0,447.0
2022.01.12,17090.0,200.0,16910.0,17100.0,16910.0,3730.0
2022.01.11,16890.0,-150.0,16955.0,16955.0,16770.0,1627.0
2022.01.10,17040.0,-65.0,17035.0,17040.0,17035.0,1645.0
2022.01.07,17105.0,65.0,17040.0,17110.0,17015.0,236.0
2022.01.06,17040.0,-75.0,17040.0,17040.0,17040.0,2.0
2022.01.05,17115.0,-25.0,17195.0,17235.0,17095.0,192.0
2022.01.04,17140.0,95.0,17050.0,17210.0,17050.0,869.0
2022.01.03,17045.0,55.0,16970.0,17045.0,16970.0,9.0
2021.12.30,16990.0,15.0,16905.0,17020.0,16905.0,471.0
2021.12.29,16975.0,280.0,16855.0,17040.0,16855.0,2742.0
2021.12.28,16695.0,40.0,16645.0,16695.0,16645.0,25.0
2021.12.27,16655.0,-80.0,16735.0,16735.0,16655.0,64.0
2021.12.24,16735.0,130.0,16650.0,16735.0,16650.0,200.0
2021.12.23,16605.0,10.0,16650.0,16650.0,16580.0,195.0
2021.12.22,16595.0,0.0,16595.0,16595.0,16595.0,1.0
2021.12.21,16595.0,-30.0,16615.0,16625.0,16520.0,252.0
2021.12.20,16625.0,-80.0,16660.0,16660.0,16625.0,3.0
2021.12.17,16705.0,120.0,16735.0,16785.0,16695.0,920.0
2021.12.16,16585.0,-20.0,16575.0,16665.0,16545.0,2403.0
2021.12.15,16605.0,-40.0,16590.0,16610.0,16580.0,10997.0
2021.12.14,16645.0,-45.0,16670.0,16670.0,16490.0,108.0
2021.12.13,16690.0,-50.0,16750.0,16860.0,16685.0,303.0
2021.12.10,16740.0,-55.0,16655.0,16820.0,16650.0,3131.0
2021.12.09,16795.0,175.0,16810.0,16810.0,16740.0,198.0
2021.12.08,16620.0,-55.0,16795.0,16875.0,16620.0,282.0
2021.12.07,16675.0,130.0,16545.0,16700.0,16545.0,252.0
2021.12.06,16545.0,40.0,16355.0,16575.0,16355.0,3880.0
2021.12.03,16505.0,320.0,16295.0,16505.0,16295.0,196.0
2021.12.02,16185.0,315.0,15755.0,16185.0,15755.0,207.0
2021.12.01,15870.0,245.0,15720.0,15940.0,15575.0,1497.0
2021.11.30,15625.0,-445.0,16230.0,16230.0,15625.0,72.0
2021.11.29,16070.0,-335.0,16225.0,16265.0,16045.0,860.0
2021.11.26,16405.0,-415.0,16795.0,16795.0,16400.0,6836.0
2021.11.25,16820.0,-115.0,16850.0,16850.0,16820.0,10.0
2021.11.24,16935.0,-20.0,16845.0,16935.0,16800.0,23.0
2021.11.23,16955.0,60.0,17055.0,17055.0,16865.0,256.0
2021.11.22,16895.0,-105.0,17010.0,17010.0,16890.0,50.0
2021.11.19,17000.0,-10.0,17000.0,17000.0,17000.0,0.0
2021.11.18,17010.0,-40.0,16940.0,17050.0,16940.0,139.0
2021.11.17,17050.0,-180.0,17040.0,17050.0,17040.0,5.0
2021.11.16,17230.0,-10.0,17240.0,17240.0,17150.0,211.0
2021.11.15,17240.0,90.0,17160.0,17240.0,17160.0,250.0
2021.11.12,17150.0,355.0,17090.0,17150.0,17080.0,237.0
2021.11.11,16795.0,-215.0,16850.0,16895.0,16795.0,14.0
2021.11.10,17010.0,-300.0,17160.0,17160.0,17010.0,10.0
2021.11.09,17310.0,-35.0,17370.0,17370.0,17220.0,803.0
2021.11.08,17345.0,160.0,17080.0,17345.0,17080.0,113.0
2021.11.05,17185.0,-120.0,17235.0,17235.0,17170.0,51.0
2021.11.04,17305.0,-55.0,17495.0,17495.0,17305.0,116.0
2021.11.03,17360.0,-155.0,17385.0,17385.0,17360.0,7.0
2021.11.02,17515.0,140.0,17485.0,17570.0,17485.0,141.0
2021.11.01,17375.0,45.0,17330.0,17475.0,17330.0,684.0
2021.10.29,17330.0,-195.0,17520.0,17525.0,17325.0,469.0
2021.10.28,17525.0,-275.0,17700.0,17710.0,17525.0,2253.0
2021.10.27,17800.0,-155.0,17810.0,17820.0,17730.0,191.0
2021.10.26,17955.0,45.0,17975.0,17975.0,17955.0,315.0
2021.10.25,17910.0,255.0,17675.0,17910.0,17675.0,643.0
2021.10.22,17655.0,-150.0,17745.0,17805.0,17655.0,1457.0
2021.10.21,17805.0,-35.0,17840.0,17910.0,17795.0,157.0
2021.10.20,17840.0,-195.0,18065.0,18065.0,17840.0,222.0
2021.10.19,18035.0,55.0,18060.0,18135.0,18025.0,77.0
2021.10.18,17980.0,-10.0,17955.0,17980.0,17950.0,795.0
2021.10.15,17990.0,180.0,17910.0,18000.0,17875.0,774.0
2021.10.14,17810.0,210.0,17675.0,17830.0,17675.0,578.0
2021.10.13,17600.0,215.0,17435.0,17610.0,17435.0,1320.0
2021.10.12,17385.0,-100.0,17395.0,17455.0,17320.0,158.0
2021.10.08,17485.0,30.0,17470.0,17485.0,17415.0,19.0
2021.10.07,17455.0,300.0,17350.0,17455.0,17200.0,32.0
2021.10.06,17155.0,-320.0,17490.0,17490.0,17085.0,141.0
2021.10.05,17475.0,-110.0,17410.0,17655.0,17245.0,3159.0
2021.10.01,17585.0,-355.0,17810.0,17810.0,17585.0,7.0
2021.09.30,17940.0,-5.0,17945.0,18035.0,17930.0,1043.0
2021.09.29,17945.0,-240.0,17690.0,18005.0,17690.0,167.0
2021.09.28,18185.0,-115.0,18200.0,18245.0,18180.0,596.0
2021.09.27,18300.0,50.0,18345.0,18385.0,18295.0,179.0
2021.09.24,18250.0,-145.0,18490.0,18490.0,18250.0,97.0
2021.09.23,18395.0,-120.0,18395.0,18395.0,18395.0,0.0
2021.09.17,18515.0,-5.0,18435.0,18525.0,18435.0,131.0
2021.09.16,18520.0,5.0,18500.0,18575.0,18500.0,1114.0
2021.09.15,18515.0,40.0,18480.0,18525.0,18435.0,194.0
2021.09.14,18475.0,135.0,18425.0,18560.0,18415.0,88.0
2021.09.13,18340.0,0.0,18285.0,18395.0,18245.0,2576.0
2021.09.10,18340.0,100.0,18285.0,18360.0,18185.0,2785.0
2021.09.09,18240.0,-180.0,18380.0,18460.0,18135.0,227.0
2021.09.08,18420.0,30.0,18355.0,18530.0,18355.0,143.0
2021.09.07,18390.0,0.0,18340.0,18390.0,18340.0,2825.0
2021.09.06,18390.0,220.0,18250.0,18390.0,18230.0,6119.0
2021.09.03,18170.0,20.0,18190.0,18260.0,18160.0,36783.0
2021.09.02,18150.0,-15.0,18225.0,18275.0,18150.0,691.0
2021.09.01,18165.0,75.0,18065.0,18200.0,18065.0,21082.0
2021.08.31,18090.0,100.0,17860.0,18090.0,17860.0,381.0
2021.08.30,17990.0,175.0,17990.0,18015.0,17900.0,275.0
2021.08.27,17815.0,180.0,17645.0,17860.0,17645.0,350.0
2021.08.26,17635.0,-5.0,17660.0,17805.0,17605.0,273.0
2021.08.25,17640.0,215.0,17540.0,17665.0,17455.0,1960.0
2021.08.24,17425.0,390.0,17315.0,17500.0,17315.0,2479.0
2021.08.23,17035.0,340.0,16800.0,17130.0,16740.0,270.0
2021.08.20,16695.0,-350.0,17080.0,17100.0,16655.0,1181.0
2021.08.19,17045.0,-610.0,17435.0,17435.0,17045.0,377.0
2021.08.18,17655.0,150.0,17450.0,17655.0,17450.0,9149.0
2021.08.17,17505.0,-415.0,17580.0,17645.0,17450.0,599.0
2021.08.13,17920.0,-255.0,17920.0,17920.0,17920.0,0.0
2021.08.12,18175.0,105.0,18095.0,18220.0,18095.0,106.0
2021.08.11,18070.0,-50.0,18085.0,18085.0,18050.0,207.0
2021.08.10,18120.0,-90.0,18155.0,18155.0,18120.0,511.0
2021.08.09,18210.0,-150.0,18250.0,18250.0,18160.0,108.0
2021.08.06,18360.0,35.0,18415.0,18415.0,18300.0,541.0
2021.08.05,18325.0,-5.0,18385.0,18395.0,18325.0,1804.0
2021.08.04,18330.0,235.0,18085.0,18330.0,18085.0,1012.0
2021.08.03,18095.0,-45.0,18065.0,18095.0,17995.0,467.0
2021.08.02,18140.0,-170.0,18310.0,18310.0,18055.0,34741.0
2021.07.30,18310.0,-115.0,18390.0,18390.0,18250.0,1777.0
2021.07.29,18425.0,190.0,18425.0,18435.0,18365.0,167.0
2021.07.28,18235.0,-5.0,18250.0,18415.0,18120.0,48314.0
2021.07.27,18240.0,-25.0,18215.0,18415.0,18215.0,1174.0
2021.07.26,18265.0,-140.0,18405.0,18410.0,18265.0,103.0
2021.07.23,18405.0,80.0,18390.0,18415.0,18330.0,1173.0
2021.07.22,18325.0,150.0,18300.0,18325.0,18300.0,96.0
2021.07.21,18175.0,75.0,18215.0,18275.0,18150.0,1331.0
2021.07.20,18100.0,-140.0,18135.0,18135.0,18100.0,683.0
2021.07.19,18240.0,-85.0,18260.0,18260.0,18170.0,232.0
2021.07.16,18325.0,-120.0,18390.0,18445.0,18325.0,1200.0
2021.07.15,18445.0,175.0,18400.0,18450.0,18385.0,2513.0
2021.07.14,18270.0,45.0,18110.0,18270.0,18110.0,71.0
2021.07.13,18225.0,150.0,18150.0,18225.0,18105.0,155.0
2021.07.12,18075.0,435.0,17920.0,18095.0,17920.0,270.0
2021.07.09,17640.0,-360.0,17775.0,17850.0,17640.0,473.0
2021.07.08,18000.0,-280.0,18205.0,18390.0,18000.0,6297.0
2021.07.07,18280.0,-195.0,18380.0,18380.0,18250.0,3784.0
2021.07.06,18475.0,55.0,18455.0,18530.0,18455.0,377.0
2021.07.05,18420.0,60.0,18445.0,18460.0,18405.0,5378.0
2021.07.02,18360.0,25.0,18485.0,18510.0,18350.0,69204.0
2021.07.01,18335.0,-75.0,18355.0,18395.0,18300.0,19474.0
2021.06.30,18410.0,65.0,18345.0,18425.0,18345.0,126.0
2021.06.29,18345.0,-5.0,18240.0,18355.0,18240.0,6905.0
2021.06.28,18350.0,35.0,18330.0,18390.0,18325.0,522.0
2021.06.25,18315.0,210.0,18155.0,18390.0,18155.0,113.0
2021.06.24,18105.0,0.0,18000.0,18125.0,17995.0,863.0
2021.06.23,18105.0,-110.0,18135.0,18150.0,18060.0,410.0
2021.06.22,18215.0,330.0,18100.0,18215.0,18100.0,835.0
2021.06.21,17885.0,-330.0,18025.0,18025.0,17860.0,235.0
2021.06.18,18215.0,55.0,18095.0,18215.0,18095.0,1084.0
2021.06.17,18160.0,-40.0,18070.0,18160.0,18070.0,77.0
2021.06.16,18200.0,125.0,18075.0,18265.0,18075.0,78.0
2021.06.15,18075.0,-15.0,18070.0,18075.0,18000.0,346.0
2021.06.14,18090.0,-65.0,18095.0,18110.0,18030.0,45.0
2021.06.11,18155.0,70.0,18085.0,18155.0,18085.0,36.0
2021.06.10,18085.0,35.0,18050.0,18160.0,18040.0,181.0
2021.06.09,18050.0,-195.0,18245.0,18245.0,18050.0,312.0
2021.06.08,18245.0,-130.0,18375.0,18375.0,18245.0,132.0
2021.06.07,18375.0,275.0,18100.0,18380.0,18100.0,1162.0
2021.06.04,18100.0,25.0,18075.0,18150.0,17980.0,239655.0
2021.06.03,18075.0,-50.0,18100.0,18175.0,18070.0,1183.0
2021.06.02,18125.0,110.0,18015.0,18170.0,17985.0,1680.0
2021.06.01,18015.0,65.0,17995.0,18060.0,17970.0,847.0
2021.05.31,17950.0,90.0,17855.0,17950.0,17850.0,1012.0
2021.05.28,17860.0,205.0,17845.0,17875.0,17780.0,768.0
2021.05.27,17655.0,100.0,17670.0,17730.0,17570.0,52286.0
2021.05.26,17555.0,40.0,17545.0,17640.0,17480.0,31902.0
2021.05.25,17515.0,260.0,17375.0,17515.0,17375.0,315.0
2021.05.24,17255.0,-30.0,17470.0,17470.0,17240.0,750.0
2021.05.21,17285.0,-195.0,17480.0,17480.0,17255.0,190.0
2021.05.20,17480.0,-80.0,17425.0,17500.0,17340.0,237.0
2021.05.18,17560.0,235.0,17450.0,17570.0,17445.0,293.0
2021.05.17,17325.0,-220.0,17690.0,17690.0,17255.0,38625.0
2021.05.14,17545.0,80.0,17495.0,17585.0,17455.0,54154.0
2021.05.13,17465.0,-240.0,17240.0,17745.0,17240.0,285.0
2021.05.12,17705.0,-195.0,17760.0,17815.0,17450.0,85190.0
2021.05.11,17900.0,125.0,17800.0,17900.0,17650.0,85977.0
2021.05.10,17775.0,370.0,17600.0,17790.0,17560.0,2819.0
2021.05.07,17405.0,225.0,17230.0,17430.0,17230.0,573.0
2021.05.06,17180.0,395.0,16785.0,17180.0,16785.0,976.0
2021.05.04,16785.0,-15.0,16740.0,16785.0,16500.0,6212.0
2021.05.03,16800.0,-250.0,17150.0,17150.0,16800.0,98.0
2021.04.30,17050.0,5.0,16950.0,17160.0,16950.0,58145.0
2021.04.29,17045.0,-15.0,17070.0,17130.0,16920.0,95.0
2021.04.28,17075.0,-245.0,17310.0,17310.0,17065.0,2635.0
2021.04.27,17320.0,25.0,17285.0,17320.0,17210.0,5273.0
2021.04.26,17295.0,195.0,17205.0,17295.0,17165.0,2698.0
2021.04.23,17100.0,90.0,17090.0,17105.0,17090.0,125.0
2021.04.22,17010.0,190.0,16855.0,17030.0,16855.0,151.0
2021.04.21,16820.0,-165.0,16955.0,16955.0,16760.0,264.0
2021.04.20,16985.0,200.0,16830.0,16985.0,16830.0,13.0
2021.04.19,16785.0,75.0,16710.0,16785.0,16710.0,1425.0
2021.04.16,16710.0,130.0,16625.0,16710.0,16625.0,50.0
2021.04.15,16580.0,-10.0,16520.0,16600.0,16510.0,125.0
2021.04.14,16590.0,100.0,16485.0,16590.0,16440.0,48.0
2021.04.13,16490.0,20.0,16470.0,16510.0,16470.0,14.0
2021.04.12,16470.0,40.0,16590.0,16590.0,16410.0,7.0
2021.04.09,16430.0,50.0,16365.0,16430.0,16365.0,35.0
2021.04.08,16380.0,180.0,16200.0,16385.0,16200.0,6915.0
2021.04.07,16200.0,25.0,16200.0,16200.0,16200.0,300.0
2021.04.06,16175.0,35.0,16140.0,16175.0,16140.0,13.0
2021.04.05,16140.0,85.0,16010.0,16140.0,16010.0,617.0
2021.04.02,16055.0,-45.0,16080.0,16080.0,15950.0,213.0
2021.04.01,16100.0,-30.0,16075.0,16140.0,16030.0,356.0
2021.03.31,16130.0,95.0,16160.0,16165.0,16105.0,568.0
2021.03.30,16035.0,90.0,15975.0,16065.0,15975.0,840.0
2021.03.29,15945.0,-60.0,16180.0,16180.0,15945.0,68.0
2021.03.26,16005.0,235.0,15855.0,16005.0,15855.0,5879.0
2021.03.25,15770.0,55.0,15700.0,15780.0,15700.0,39.0
2021.03.24,15715.0,90.0,15675.0,15715.0,15620.0,5133.0
2021.03.23,15625.0,-275.0,15880.0,15880.0,15625.0,1091.0
2021.03.22,15900.0,150.0,15755.0,15920.0,15755.0,5694.0
2021.03.19,15750.0,-105.0,15740.0,15750.0,15740.0,46.0
2021.03.18,15855.0,45.0,15840.0,15855.0,15795.0,4009.0
2021.03.17,15810.0,50.0,16015.0,16015.0,15805.0,161.0
2021.03.16,15760.0,130.0,15725.0,15780.0,15695.0,90276.0
2021.03.15,15630.0,120.0,15515.0,15660.0,15515.0,10.0
2021.03.12,15510.0,230.0,15500.0,15510.0,15475.0,24.0
2021.03.11,15280.0,100.0,15180.0,15280.0,15135.0,11.0
2021.03.10,15180.0,-10.0,15215.0,15215.0,15180.0,58.0
2021.03.09,15190.0,-115.0,15325.0,15325.0,14995.0,6760.0
2021.03.08,15305.0,-210.0,15600.0,15600.0,15305.0,6523.0
2021.03.05,15515.0,-85.0,15270.0,15520.0,15270.0,12967.0
2021.03.04,15600.0,-60.0,15470.0,15600.0,15470.0,16.0
2021.03.03,15660.0,85.0,15640.0,15680.0,15640.0,43.0
2021.03.02,15575.0,0.0,15760.0,15770.0,15575.0,447.0
2021.02.26,15575.0,-125.0,15450.0,15575.0,15290.0,7603.0
2021.02.25,15700.0,420.0,15390.0,15740.0,15390.0,17598.0
2021.02.24,15280.0,-490.0,15700.0,15755.0,15280.0,6381.0
2021.02.23,15770.0,-95.0,15910.0,15910.0,15630.0,46.0
2021.02.22,15865.0,-20.0,16000.0,16105.0,15865.0,354.0
2021.02.19,15885.0,10.0,15870.0,15885.0,15570.0,79.0
2021.02.18,15875.0,-85.0,16055.0,16060.0,15875.0,8987.0
2021.02.17,15960.0,-20.0,15955.0,16005.0,15905.0,172.0
2021.02.16,15980.0,-25.0,16010.0,16010.0,15970.0,42.0
2021.02.15,16005.0,-5.0,16190.0,16190.0,15900.0,33.0
2021.02.10,16010.0,220.0,15755.0,16010.0,15700.0,74.0
2021.02.09,15790.0,-85.0,15910.0,15910.0,15790.0,43639.0
2021.02.08,15875.0,50.0,15825.0,15920.0,15745.0,293.0
2021.02.05,15825.0,235.0,15630.0,15840.0,15630.0,5608.0
2021.02.04,15590.0,-195.0,15670.0,15700.0,15550.0,212.0
2021.02.03,15785.0,190.0,15685.0,15785.0,15680.0,451.0
2021.02.02,15595.0,175.0,15535.0,15710.0,15485.0,343.0
2021.02.01,15420.0,445.0,14870.0,15420.0,14840.0,66.0
2021.01.29,14975.0,-490.0,15570.0,15570.0,14825.0,559.0
2021.01.28,15465.0,-400.0,15475.0,15610.0,15445.0,47.0
2021.01.27,15865.0,-95.0,16160.0,16160.0,15865.0,315.0
2021.01.26,15960.0,-215.0,16170.0,16170.0,15960.0,55.0
2021.01.25,16175.0,170.0,16065.0,16175.0,16040.0,28.0
2021.01.22,16005.0,85.0,16065.0,16065.0,15930.0,34.0
2021.01.21,15920.0,395.0,15805.0,15925.0,15770.0,2408.0
2021.01.20,15525.0,85.0,15760.0,15760.0,15480.0,246.0
2021.01.19,15440.0,265.0,15340.0,15530.0,15210.0,63015.0
2021.01.18,15175.0,-330.0,15240.0,15400.0,15130.0,216.0
2021.01.15,15505.0,-170.0,15710.0,15710.0,15450.0,6536.0
2021.01.14,15675.0,155.0,15670.0,15685.0,15515.0,57.0
2021.01.13,15520.0,160.0,15450.0,15530.0,15450.0,14.0
2021.01.12,15360.0,-40.0,15345.0,15460.0,15210.0,527.0
2021.01.11,15400.0,-320.0,15765.0,15835.0,15185.0,2237.0
2021.01.08,15720.0,20.0,15895.0,15895.0,15710.0,27.0
2021.01.07,15700.0,230.0,15560.0,15770.0,15560.0,395.0
2021.01.06,15470.0,-35.0,15640.0,15640.0,15385.0,269.0
2021.01.05,15505.0,330.0,15210.0,15505.0,15165.0,1021.0
2021.01.04,15175.0,310.0,14980.0,15175.0,14930.0,314.0
2020.12.30,14865.0,265.0,14620.0,14870.0,14620.0,843.0
2020.12.29,14600.0,325.0,14350.0,14600.0,14350.0,216.0
2020.12.28,14275.0,-85.0,14380.0,14380.0,14215.0,115.0
2020.12.24,14360.0,0.0,14235.0,14385.0,14235.0,38.0
2020.12.23,14360.0,-130.0,14535.0,14545.0,14300.0,5621.0
2020.12.22,14490.0,-325.0,14885.0,14885.0,14490.0,11106.0
2020.12.21,14815.0,-25.0,14965.0,14965.0,14760.0,112.0
2020.12.18,14840.0,230.0,14790.0,14865.0,14735.0,65424.0
2020.12.17,14610.0,90.0,14600.0,14610.0,14495.0,513.0
2020.12.16,14520.0,65.0,14555.0,14555.0,14480.0,398.0
2020.12.15,14455.0,45.0,14475.0,14475.0,14425.0,71.0
2020.12.14,14410.0,-35.0,14435.0,14500.0,14410.0,155.0
2020.12.11,14445.0,55.0,14455.0,14510.0,14420.0,615.0
2020.12.10,14390.0,245.0,14145.0,14390.0,14145.0,209.0
2020.12.09,14145.0,160.0,14075.0,14145.0,14075.0,5767.0
2020.12.08,13985.0,-120.0,14130.0,14130.0,13985.0,165.0
2020.12.07,14105.0,-45.0,14125.0,14125.0,14025.0,100.0
2020.12.04,14150.0,-40.0,14240.0,14240.0,14130.0,161.0
2020.12.03,14190.0,20.0,14180.0,14190.0,14130.0,189.0
2020.12.02,14170.0,170.0,14060.0,14190.0,14030.0,4693.0
2020.12.01,14000.0,130.0,14025.0,14025.0,13900.0,71.0
2020.11.30,13870.0,-30.0,13935.0,13980.0,13860.0,857.0
2020.11.27,13900.0,170.0,13730.0,13900.0,13730.0,2208.0
2020.11.26,13730.0,30.0,13750.0,13750.0,13710.0,18.0
2020.11.25,13700.0,-95.0,13735.0,13825.0,13555.0,2543.0
2020.11.24,13795.0,115.0,13855.0,13855.0,13740.0,1213.0
2020.11.23,13680.0,55.0,13650.0,13680.0,13650.0,14.0
2020.11.20,13625.0,150.0,13620.0,13625.0,13620.0,744.0
2020.11.19,13475.0,-90.0,13485.0,13500.0,13440.0,11013.0
2020.11.18,13565.0,65.0,13635.0,13640.0,13550.0,315.0
2020.11.17,13500.0,-25.0,13590.0,13590.0,13500.0,840.0
2020.11.16,13525.0,150.0,13400.0,13530.0,13400.0,371.0
2020.11.13,13375.0,95.0,13235.0,13375.0,13210.0,5999.0
2020.11.12,13280.0,-30.0,13320.0,13350.0,13280.0,3369.0
2020.11.11,13310.0,-65.0,13355.0,13360.0,13300.0,266.0
2020.11.10,13375.0,120.0,13300.0,13380.0,13265.0,4810.0
2020.11.09,13255.0,355.0,13210.0,13260.0,13160.0,1199.0
2020.11.06,12900.0,30.0,12870.0,12900.0,12870.0,620.0
2020.11.05,12870.0,210.0,12780.0,12870.0,12780.0,86.0
2020.11.04,12660.0,60.0,12710.0,12780.0,12605.0,431.0
2020.11.03,12600.0,325.0,12470.0,12615.0,12470.0,6359.0
2020.11.02,12275.0,190.0,12250.0,12300.0,12250.0,316.0
2020.10.30,12085.0,-185.0,12270.0,12280.0,12085.0,130812.0
2020.10.29,12270.0,-165.0,12135.0,12270.0,12135.0,113.0
2020.10.28,12435.0,160.0,12315.0,12435.0,12315.0,318.0
2020.10.27,12275.0,-85.0,12410.0,12430.0,12210.0,7100.0
2020.10.26,12360.0,-290.0,12790.0,12790.0,12360.0,860.0
2020.10.23,12650.0,135.0,12610.0,12710.0,12585.0,516.0
2020.10.22,12515.0,-70.0,12590.0,12610.0,12470.0,44199.0
2020.10.21,12585.0,355.0,12405.0,12630.0,12405.0,51361.0
2020.10.20,12230.0,-225.0,12225.0,12230.0,12225.0,30.0
2020.10.19,12455.0,110.0,12360.0,12455.0,12360.0,5.0
2020.10.16,12345.0,-75.0,12345.0,12345.0,12345.0,0.0
2020.10.15,12420.0,-145.0,12415.0,12440.0,12270.0,43257.0
2020.10.14,12565.0,-110.0,12565.0,12565.0,12565.0,0.0
2020.10.13,12675.0,-155.0,13015.0,13015.0,12675.0,84.0
2020.10.12,12830.0,30.0,12980.0,12980.0,12740.0,18.0
2020.10.08,12800.0,210.0,12755.0,12810.0,12750.0,4612.0
2020.10.07,12590.0,0.0,12590.0,12590.0,12590.0,1.0
2020.10.06,12590.0,10.0,12600.0,12600.0,12530.0,410.0
2020.10.05,12580.0,215.0,12290.0,12590.0,12290.0,7339.0
2020.09.29,12365.0,175.0,12235.0,12410.0,12235.0,537.0
2020.09.28,12190.0,160.0,12030.0,12230.0,12030.0,6861.0
2020.09.25,12030.0,5.0,12075.0,12075.0,12030.0,78.0
2020.09.24,12025.0,-520.0,12220.0,12315.0,12025.0,71.0
2020.09.23,12545.0,10.0,12530.0,12545.0,12295.0,446.0
2020.09.22,12535.0,-560.0,12620.0,12680.0,12410.0,125681.0
2020.09.21,13095.0,-95.0,13345.0,13345.0,13095.0,116.0
2020.09.18,13190.0,205.0,13055.0,13195.0,13040.0,12558.0
2020.09.17,12985.0,-120.0,13090.0,13090.0,12985.0,208.0
2020.09.16,13105.0,10.0,13245.0,13245.0,13105.0,169.0
2020.09.15,13095.0,-55.0,13315.0,13315.0,13055.0,121.0
2020.09.14,13150.0,110.0,13095.0,13165.0,13095.0,207.0
2020.09.11,13040.0,110.0,12940.0,13040.0,12895.0,442.0
2020.09.10,12930.0,65.0,12955.0,12955.0,12885.0,3330.0
2020.09.09,12865.0,-195.0,12695.0,12875.0,12695.0,187.0
2020.09.08,13060.0,-75.0,13180.0,13315.0,13060.0,224.0
2020.09.07,13135.0,175.0,13170.0,13270.0,13060.0,154512.0
2020.09.04,12960.0,-40.0,12450.0,13000.0,12450.0,196373.0
2020.09.03,13000.0,140.0,13120.0,13120.0,13000.0,130.0
2020.09.02,12860.0,100.0,12945.0,12945.0,12795.0,5691.0
2020.09.01,12760.0,260.0,12465.0,12760.0,12465.0,2386.0
2020.08.31,12500.0,250.0,12570.0,12570.0,12490.0,203846.0
2020.08.28,12250.0,100.0,12355.0,12355.0,12220.0,2892.0
2020.08.27,12150.0,-220.0,12205.0,12205.0,12150.0,106.0
2020.08.26,12370.0,-75.0,12355.0,12470.0,12260.0,54.0
2020.08.25,12445.0,390.0,12350.0,12445.0,12320.0,5944.0
2020.08.24,12055.0,40.0,12170.0,12170.0,11960.0,38804.0
2020.08.21,12015.0,130.0,11930.0,12075.0,11930.0,58467.0
2020.08.20,11885.0,-275.0,12285.0,12285.0,11860.0,33.0
2020.08.19,12160.0,115.0,12175.0,12255.0,12160.0,2831.0
2020.08.18,12045.0,-535.0,12565.0,12565.0,12045.0,174.0
2020.08.14,12580.0,-10.0,12595.0,12595.0,12380.0,66316.0
2020.08.13,12590.0,0.0,12830.0,12830.0,12590.0,515.0
2020.08.12,12590.0,-35.0,12555.0,12590.0,12530.0,36.0
2020.08.11,12625.0,170.0,12005.0,12625.0,12005.0,4312.0
2020.08.10,12455.0,285.0,12170.0,12455.0,12155.0,77.0
2020.08.07,12170.0,-75.0,12385.0,12385.0,12130.0,299.0
2020.08.06,12245.0,205.0,12130.0,12245.0,12130.0,43196.0
2020.08.05,12040.0,40.0,12195.0,12195.0,12035.0,163.0
2020.08.04,12000.0,275.0,11640.0,12000.0,11640.0,27638.0
2020.08.03,11725.0,-20.0,11725.0,11725.0,11650.0,3631.0
2020.07.31,11745.0,-140.0,11835.0,11835.0,11745.0,30271.0
2020.07.30,11885.0,80.0,11980.0,11980.0,11725.0,296794.0
2020.07.29,11805.0,35.0,11720.0,11805.0,11710.0,106586.0
2020.07.28,11770.0,45.0,11835.0,11835.0,11655.0,66803.0
2020.07.27,11725.0,30.0,11840.0,11845.0,11700.0,8060.0
2020.07.24,11695.0,-120.0,11925.0,12015.0,11695.0,211213.0
2020.07.23,11815.0,-55.0,11925.0,11925.0,11750.0,86587.0
2020.07.22,11870.0,225.0,11765.0,11880.0,11735.0,256490.0
2020.07.21,11645.0,270.0,11580.0,11690.0,11535.0,64694.0
2020.07.20,11375.0,195.0,11230.0,11375.0,11230.0,19.0
2020.07.17,11180.0,20.0,11180.0,11180.0,11180.0,17.0
2020.07.16,11160.0,55.0,11160.0,11160.0,11160.0,1.0
2020.07.15,11105.0,55.0,11175.0,11175.0,11085.0,14870.0
2020.07.14,11050.0,-20.0,11080.0,11080.0,11050.0,12.0
2020.07.13,11070.0,310.0,10950.0,11070.0,10950.0,444053.0
2020.07.10,10760.0,-130.0,10805.0,10805.0,10690.0,38354.0
2020.07.09,10890.0,145.0,10820.0,10920.0,10820.0,36353.0
2020.07.08,10745.0,5.0,10790.0,10790.0,10740.0,85624.0
2020.07.07,10740.0,-25.0,10785.0,10785.0,10740.0,335.0
2020.07.06,10765.0,120.0,10645.0,10765.0,10645.0,499.0
2020.07.03,10645.0,15.0,10620.0,10645.0,10620.0,2.0
2020.07.02,10630.0,140.0,10545.0,10630.0,10545.0,4.0
2020.07.01,10490.0,-20.0,10585.0,10600.0,10490.0,363.0
2020.06.30,10510.0,75.0,10545.0,10585.0,10505.0,81858.0
2020.06.29,10435.0,-130.0,10470.0,10510.0,10435.0,8.0
2020.06.26,10565.0,-65.0,10660.0,10660.0,10555.0,110.0
2020.06.25,10630.0,-170.0,10725.0,10725.0,10630.0,6.0
2020.06.24,10800.0,55.0,10800.0,10800.0,10800.0,0.0
2020.06.23,10745.0,30.0,10800.0,10800.0,10600.0,313.0
2020.06.22,10715.0,-105.0,10745.0,10765.0,10705.0,112208.0
2020.06.19,10820.0,-95.0,10945.0,10945.0,10775.0,15.0
2020.06.18,10915.0,140.0,10915.0,10935.0,10855.0,8.0
2020.06.17,10775.0,-40.0,10940.0,10970.0,10760.0,87.0
2020.06.16,10815.0,480.0,10615.0,10815.0,10615.0,389.0
2020.06.15,10335.0,-555.0,10875.0,10875.0,10335.0,141028.0
2020.06.12,10890.0,-280.0,10875.0,10890.0,10755.0,2128.0
2020.06.11,11170.0,-110.0,11265.0,11275.0,11145.0,133179.0
2020.06.10,11280.0,-25.0,11175.0,11350.0,11175.0,116.0
2020.06.09,11305.0,205.0,11190.0,11305.0,11080.0,137630.0
2020.06.08,11100.0,-15.0,11075.0,11115.0,11045.0,30933.0
2020.06.05,11115.0,245.0,10940.0,11115.0,10905.0,1752.0
2020.06.04,10870.0,-60.0,11035.0,11035.0,10865.0,114611.0
2020.06.03,10930.0,85.0,10930.0,10955.0,10895.0,893304.0
2020.06.02,10845.0,155.0,10775.0,10855.0,10775.0,51047.0
2020.06.01,10690.0,85.0,10645.0,10690.0,10580.0,17694.0
2020.05.29,10605.0,10.0,10510.0,10615.0,10510.0,36.0
2020.05.28,10595.0,-130.0,10670.0,10705.0,10500.0,83513.0
2020.05.27,10725.0,130.0,10725.0,10725.0,10715.0,12.0
2020.05.26,10595.0,130.0,10550.0,10595.0,10535.0,2417.0
2020.05.25,10465.0,110.0,10395.0,10465.0,10395.0,9.0
2020.05.22,10355.0,-180.0,10465.0,10470.0,10335.0,74300.0
2020.05.21,10535.0,95.0,10485.0,10535.0,10485.0,24044.0
2020.05.20,10440.0,85.0,10240.0,10490.0,10240.0,24457.0
2020.05.19,10355.0,80.0,10345.0,10415.0,10345.0,26233.0
2020.05.18,10275.0,45.0,10265.0,10275.0,10170.0,25255.0
2020.05.15,10230.0,100.0,10220.0,10290.0,10175.0,173514.0
2020.05.14,10130.0,-35.0,10150.0,10150.0,10045.0,25669.0
2020.05.13,10165.0,5.0,10115.0,10165.0,10085.0,100002.0
2020.05.12,10160.0,-85.0,10155.0,10170.0,10110.0,23999.0
2020.05.11,10245.0,55.0,10055.0,10285.0,10055.0,497892.0
2020.05.08,10190.0,135.0,10180.0,10205.0,10140.0,368719.0
2020.05.07,10055.0,40.0,10040.0,10065.0,10035.0,14820.0
2020.05.06,10015.0,125.0,9835.0,10015.0,9835.0,149730.0
2020.05.04,9890.0,-200.0,9860.0,9970.0,9860.0,878448.0
2020.04.29,10090.0,120.0,10015.0,10105.0,10015.0,42646.0
2020.04.28,9970.0,70.0,9900.0,10025.0,9895.0,433.0
2020.04.27,10070.0,140.0,9940.0,10145.0,9940.0,1163.0
2020.04.24,9930.0,-100.0,10025.0,10025.0,9825.0,10021.0
2020.04.23,10030.0,145.0,9770.0,10030.0,9770.0,60.0
2020.04.22,9885.0,15.0,9620.0,9885.0,9620.0,613.0
2020.04.21,9870.0,-60.0,9855.0,9975.0,9670.0,1093.0
2020.04.20,9930.0,115.0,9895.0,10075.0,9895.0,24970.0
2020.04.17,9815.0,120.0,9805.0,9870.0,9775.0,25879.0
2020.04.16,9695.0,25.0,9600.0,9695.0,9540.0,49.0
2020.04.14,9670.0,225.0,9525.0,9705.0,9525.0,172689.0
2020.04.13,9445.0,-160.0,9775.0,9775.0,9445.0,8515.0
2020.04.10,9605.0,100.0,9560.0,9665.0,9400.0,324645.0
2020.04.09,9505.0,-15.0,9455.0,9515.0,9445.0,317734.0
2020.04.08,9520.0,160.0,9385.0,9530.0,9385.0,382726.0
2020.04.07,9360.0,230.0,9365.0,9380.0,9200.0,729998.0
2020.04.06,9130.0,315.0,8940.0,9130.0,8940.0,4351.0
2020.04.03,8815.0,95.0,8720.0,8815.0,8650.0,300551.0
2020.04.02,8720.0,5.0,8605.0,8725.0,8420.0,653798.0
2020.04.01,8715.0,5.0,8805.0,8880.0,8665.0,543563.0
2020.03.31,8710.0,345.0,8630.0,8710.0,8630.0,1891.0
2020.03.30,8365.0,185.0,8045.0,8365.0,8025.0,23832.0
2020.03.27,8180.0,20.0,8435.0,8465.0,8010.0,21337.0
2020.03.26,8160.0,500.0,8110.0,8250.0,8010.0,101.0
2020.03.25,7660.0,410.0,7640.0,7815.0,7525.0,1636.0
2020.03.24,7250.0,290.0,7260.0,7260.0,7250.0,2.0
2020.03.23,6960.0,-340.0,6810.0,6975.0,6810.0,550.0
2020.03.20,7300.0,275.0,6950.0,7300.0,6950.0,414.0
2020.03.19,7025.0,-945.0,7690.0,7690.0,7025.0,352.0
2020.03.18,7970.0,-190.0,8160.0,8160.0,7970.0,59.0
2020.03.17,8160.0,-115.0,8060.0,8170.0,8030.0,147268.0
2020.03.16,8275.0,285.0,8325.0,8575.0,8275.0,260180.0
2020.03.13,7990.0,-985.0,8310.0,8310.0,7990.0,377.0
2020.03.12,8975.0,-435.0,9320.0,9335.0,8870.0,5327.0
2020.03.11,9410.0,-260.0,9575.0,9575.0,9330.0,60179.0
2020.03.10,9670.0,-60.0,9585.0,9670.0,9560.0,5501.0
2020.03.09,9730.0,-305.0,9830.0,9875.0,9660.0,5276.0
2020.03.06,10035.0,-265.0,10290.0,10290.0,10015.0,62523.0
2020.03.05,10300.0,155.0,10230.0,10315.0,10190.0,6731.0
2020.03.04,10145.0,125.0,10050.0,10145.0,10050.0,57923.0
2020.03.03,10020.0,145.0,10105.0,10105.0,10015.0,4494.0
2020.03.02,9875.0,130.0,9830.0,9885.0,9695.0,58001.0
2020.02.28,9745.0,-345.0,9960.0,9975.0,9740.0,120500.0
2020.02.27,10090.0,-30.0,10220.0,10220.0,10090.0,57115.0
2020.02.26,10120.0,-90.0,10050.0,10120.0,10050.0,15.0
2020.02.25,10210.0,115.0,10090.0,10210.0,10090.0,120.0
2020.02.24,10095.0,-360.0,10225.0,10225.0,10095.0,57472.0
2020.02.21,10455.0,-200.0,10550.0,10550.0,10450.0,55112.0
2020.02.20,10655.0,-120.0,10795.0,10795.0,10630.0,82884.0
2020.02.19,10775.0,-15.0,10815.0,10815.0,10690.0,66439.0
2020.02.18,10790.0,-115.0,10790.0,10815.0,10790.0,8.0
2020.02.17,10905.0,-10.0,10910.0,10910.0,10885.0,35.0
2020.02.14,10915.0,-45.0,10940.0,10940.0,10915.0,54039.0
2020.02.13,10960.0,5.0,10955.0,10960.0,10920.0,23944.0
2020.02.12,10955.0,80.0,10945.0,10955.0,10885.0,30046.0
2020.02.11,10875.0,110.0,10910.0,10910.0,10870.0,3441.0
2020.02.10,10765.0,-55.0,10720.0,10780.0,10720.0,108.0
2020.02.07,10820.0,-85.0,10860.0,10860.0,10820.0,5680.0
2020.02.06,10905.0,210.0,10835.0,10905.0,10835.0,365.0
2020.02.05,10695.0,15.0,10735.0,10735.0,10645.0,6938.0
2020.02.04,10680.0,135.0,10580.0,10680.0,10580.0,177291.0
2020.02.03,10545.0,-120.0,10420.0,10570.0,10335.0,89221.0
2020.01.31,10665.0,-15.0,10750.0,10750.0,10665.0,4.0
2020.01.30,10680.0,-255.0,10895.0,10895.0,10680.0,25339.0
2020.01.29,10935.0,55.0,10895.0,10950.0,10870.0,16497.0
2020.01.28,10880.0,-345.0,10935.0,10935.0,10840.0,49312.0
2020.01.23,11225.0,-45.0,11225.0,11225.0,11225.0,1.0
2020.01.22,11270.0,35.0,11270.0,11270.0,11270.0,0.0
2020.01.21,11235.0,-110.0,11235.0,11235.0,11235.0,50.0
2020.01.20,11345.0,10.0,11360.0,11370.0,11330.0,1839.0
2020.01.17,11335.0,-10.0,11305.0,11335.0,11305.0,1318.0
2020.01.16,11345.0,25.0,11350.0,11365.0,11330.0,2784.0
2020.01.15,11320.0,100.0,11250.0,11320.0,11250.0,55.0
2020.01.14,11220.0,-5.0,11255.0,11255.0,11215.0,57516.0
2020.01.13,11225.0,135.0,11170.0,11240.0,11170.0,4146.0
2020.01.10,11090.0,85.0,11125.0,11135.0,11090.0,22.0
2020.01.09,11005.0,130.0,10990.0,11010.0,10985.0,50845.0
2020.01.08,10875.0,-275.0,10915.0,10915.0,10850.0,51203.0
2020.01.07,11150.0,55.0,11150.0,11175.0,11150.0,30926.0
2020.01.06,11095.0,-190.0,11195.0,11195.0,11095.0,2581.0
2020.01.03,11285.0,-60.0,11330.0,11350.0,11285.0,1078.0
2020.01.02,11345.0,-25.0,11345.0,11350.0,11285.0,30773.0
2019.12.30,11370.0,70.0,11360.0,11370.0,11300.0,25215.0
2019.12.27,11300.0,225.0,11220.0,11325.0,11175.0,2085.0
2019.12.26,11075.0,5.0,11075.0,11085.0,11045.0,2448.0
2019.12.24,11070.0,-10.0,11095.0,11100.0,11065.0,2380.0
2019.12.23,11080.0,40.0,11040.0,11120.0,11040.0,56162.0
2019.12.20,11040.0,45.0,11055.0,11065.0,11030.0,3267.0
2019.12.19,10995.0,0.0,10995.0,10995.0,10980.0,891.0
2019.12.18,10995.0,-25.0,11035.0,11035.0,10985.0,80.0
2019.12.17,11020.0,30.0,10990.0,11020.0,10985.0,22329.0
2019.12.16,10990.0,0.0,10990.0,10990.0,10960.0,15589.0
2019.12.13,10990.0,80.0,11015.0,11025.0,10985.0,16701.0
2019.12.12,10910.0,125.0,10910.0,10910.0,10910.0,201.0
2019.12.11,10785.0,35.0,10775.0,10815.0,10735.0,850.0
2019.12.10,10750.0,45.0,10715.0,10750.0,10715.0,61885.0
2019.12.09,10705.0,-85.0,10800.0,10800.0,10705.0,75175.0
2019.12.06,10790.0,90.0,10860.0,10860.0,10785.0,53857.0
2019.12.05,10700.0,-45.0,10700.0,10700.0,10700.0,1.0
2019.12.04,10745.0,-125.0,10800.0,10805.0,10735.0,47033.0
2019.12.03,10870.0,-55.0,10870.0,10870.0,10870.0,0.0
2019.12.02,10925.0,0.0,10925.0,10925.0,10925.0,0.0
2019.11.29,10925.0,-55.0,11005.0,11005.0,10925.0,701.0
2019.11.28,10980.0,-25.0,10980.0,10980.0,10980.0,11.0
2019.11.27,11005.0,15.0,10950.0,11005.0,10950.0,496.0
2019.11.26,10990.0,60.0,10990.0,10990.0,10990.0,0.0
2019.11.25,10930.0,110.0,10930.0,10930.0,10930.0,0.0
2019.11.22,10820.0,65.0,10810.0,10845.0,10770.0,8665.0
2019.11.21,10755.0,-170.0,10915.0,10915.0,10705.0,52854.0
2019.11.20,10925.0,-70.0,10925.0,10925.0,10925.0,0.0
2019.11.19,10995.0,-85.0,10995.0,10995.0,10995.0,2.0
2019.11.18,11080.0,-50.0,11070.0,11080.0,11070.0,394.0
2019.11.15,11130.0,105.0,11090.0,11130.0,11090.0,7.0
2019.11.14,11025.0,-25.0,11065.0,11065.0,10995.0,7931.0
2019.11.13,11050.0,-40.0,11030.0,11060.0,11030.0,24.0
2019.11.12,11090.0,70.0,11045.0,11090.0,11045.0,108.0
2019.11.11,11020.0,-80.0,11055.0,11055.0,11010.0,999.0
2019.11.08,11100.0,5.0,11130.0,11130.0,11100.0,308.0
2019.11.07,11095.0,-5.0,11100.0,11130.0,11080.0,53824.0
2019.11.06,11100.0,30.0,11130.0,11130.0,11100.0,1002.0
2019.11.05,11070.0,40.0,11020.0,11070.0,11020.0,106140.0
2019.11.04,11030.0,215.0,10885.0,11045.0,10885.0,24959.0
2019.11.01,10815.0,-35.0,10790.0,10840.0,10790.0,61868.0
2019.10.31,10850.0,40.0,10850.0,10880.0,10850.0,3879.0
2019.10.30,10810.0,-45.0,10825.0,10825.0,10795.0,62055.0
2019.10.29,10855.0,-20.0,10915.0,10950.0,10845.0,58216.0
2019.10.28,10875.0,25.0,10870.0,10880.0,10870.0,56371.0
2019.10.25,10850.0,0.0,10850.0,10850.0,10850.0,0.0
2019.10.24,10850.0,5.0,10795.0,10850.0,10780.0,6486.0
2019.10.23,10845.0,-70.0,10845.0,10845.0,10825.0,107176.0
2019.10.22,10915.0,95.0,10910.0,10940.0,10910.0,21472.0
2019.10.21,10820.0,-20.0,10820.0,10820.0,10820.0,36.0
2019.10.18,10840.0,0.0,10840.0,10840.0,10840.0,0.0
2019.10.17,10840.0,-85.0,10910.0,10910.0,10840.0,29.0
2019.10.16,10925.0,120.0,10875.0,10925.0,10870.0,18139.0
2019.10.15,10805.0,55.0,10790.0,10860.0,10790.0,39782.0
2019.10.14,10750.0,155.0,10750.0,10750.0,10750.0,2.0
2019.10.11,10595.0,15.0,10595.0,10595.0,10595.0,0.0
2019.10.10,10580.0,-70.0,10580.0,10580.0,10580.0,0.0
2019.10.08,10650.0,60.0,10705.0,10705.0,10650.0,6.0
2019.10.07,10590.0,-40.0,10590.0,10590.0,10590.0,3.0
2019.10.04,10630.0,-140.0,10700.0,10705.0,10625.0,221002.0
2019.10.02,10770.0,-135.0,10885.0,10885.0,10770.0,15.0
2019.10.01,10905.0,80.0,10905.0,10905.0,10905.0,1500.0
2019.09.30,10825.0,55.0,10765.0,10825.0,10765.0,14799.0
2019.09.27,10770.0,-150.0,10820.0,10820.0,10770.0,104.0
2019.09.26,10920.0,55.0,10920.0,10920.0,10920.0,20.0
2019.09.25,10865.0,-170.0,11025.0,11025.0,10865.0,33.0
2019.09.24,11035.0,20.0,11035.0,11035.0,11025.0,2758.0
2019.09.23,11015.0,-25.0,11010.0,11040.0,10990.0,80081.0
2019.09.20,11040.0,45.0,11000.0,11040.0,10935.0,1732.0
2019.09.19,10995.0,-15.0,11010.0,11010.0,10960.0,25.0
2019.09.18,11010.0,5.0,10970.0,11020.0,10960.0,6851.0
2019.09.17,11005.0,50.0,10970.0,11005.0,10970.0,37135.0
2019.09.16,10955.0,95.0,10895.0,10965.0,10895.0,5005.0
2019.09.11,10860.0,140.0,10770.0,10860.0,10770.0,280448.0
2019.09.10,10720.0,60.0,10670.0,10730.0,10670.0,400503.0
2019.09.09,10660.0,0.0,10720.0,10735.0,10660.0,39061.0
2019.09.06,10660.0,-55.0,10745.0,10750.0,10660.0,1156667.0
2019.09.05,10715.0,0.0,10760.0,10775.0,10710.0,1407247.0
2019.09.04,10715.0,80.0,10665.0,10715.0,10635.0,1176720.0
2019.09.03,10635.0,40.0,10620.0,10680.0,10615.0,130045.0
2019.09.02,10595.0,45.0,10570.0,10600.0,10565.0,190500.0
2019.08.30,10550.0,135.0,10550.0,10585.0,10550.0,190002.0
2019.08.29,10415.0,100.0,10415.0,10415.0,10415.0,0.0
2019.08.28,10315.0,50.0,10315.0,10315.0,10315.0,1.0
2019.08.27,10265.0,-30.0,10335.0,10335.0,10265.0,57341.0
2019.08.26,10295.0,-205.0,10310.0,10320.0,10290.0,47.0
2019.08.23,10500.0,-45.0,10500.0,10500.0,10500.0,0.0
2019.08.22,10545.0,0.0,10590.0,10605.0,10545.0,58476.0
2019.08.21,10545.0,35.0,10510.0,10575.0,10510.0,358.0
2019.08.20,10510.0,95.0,10455.0,10540.0,10455.0,61309.0
2019.08.19,10415.0,145.0,10340.0,10450.0,10335.0,157072.0
2019.08.16,10270.0,-70.0,10295.0,10310.0,10270.0,57768.0
2019.08.14,10340.0,0.0,10340.0,10340.0,10340.0,57424.0
2019.08.13,10340.0,-55.0,10315.0,10340.0,10315.0,223.0
2019.08.12,10395.0,-15.0,10315.0,10420.0,10315.0,5965.0
2019.08.09,10410.0,45.0,10405.0,10420.0,10350.0,23976.0
2019.08.08,10365.0,265.0,10215.0,10365.0,10190.0,291931.0
2019.08.07,10100.0,-5.0,10080.0,10210.0,10020.0,1758.0
2019.08.06,10105.0,-155.0,9980.0,10235.0,9890.0,54679.0
2019.08.05,10260.0,-445.0,10620.0,10620.0,10260.0,41268.0
2019.08.02,10705.0,-95.0,10700.0,10710.0,10645.0,437.0
2019.08.01,10800.0,-70.0,10910.0,10910.0,10800.0,17350.0
2019.07.31,10870.0,30.0,10760.0,10875.0,10760.0,27530.0
2019.07.30,10840.0,55.0,10825.0,10845.0,10785.0,966.0
2019.07.29,10785.0,-300.0,11045.0,11045.0,10785.0,632.0
2019.07.26,11085.0,-50.0,11050.0,11095.0,11050.0,88.0
2019.07.25,11135.0,-185.0,11310.0,11310.0,11035.0,5657.0
2019.07.24,11320.0,-135.0,11320.0,11320.0,11320.0,500.0
2019.07.23,11455.0,45.0,11455.0,11455.0,11455.0,1179.0
2019.07.22,11410.0,-35.0,11410.0,11410.0,11410.0,0.0
2019.07.19,11445.0,175.0,11330.0,11450.0,11325.0,12541.0
2019.07.18,11270.0,0.0,11270.0,11270.0,11270.0,2.0
2019.07.17,11270.0,-155.0,11270.0,11290.0,11270.0,32.0
2019.07.16,11425.0,75.0,11350.0,11425.0,11350.0,103.0
2019.07.15,11350.0,-30.0,11350.0,11350.0,11350.0,1.0
2019.07.12,11380.0,-20.0,11380.0,11380.0,11380.0,1.0
2019.07.11,11400.0,90.0,11380.0,11400.0,11350.0,170019.0
2019.07.10,11310.0,-45.0,11290.0,11310.0,11270.0,686.0
2019.07.09,11355.0,-105.0,11460.0,11460.0,11345.0,308.0
2019.07.08,11460.0,-275.0,11460.0,11460.0,11460.0,0.0
2019.07.05,11735.0,35.0,11735.0,11735.0,11735.0,0.0
2019.07.04,11700.0,50.0,11655.0,11700.0,11550.0,119810.0
2019.07.03,11650.0,-100.0,11690.0,11690.0,11650.0,103.0
2019.07.02,11750.0,0.0,11775.0,11775.0,11750.0,6.0
2019.07.01,11750.0,15.0,11745.0,11750.0,11725.0,36200.0
2019.06.28,11735.0,-35.0,11770.0,11770.0,11730.0,8906.0
2019.06.27,11770.0,40.0,11770.0,11770.0,11770.0,0.0
2019.06.26,11730.0,-65.0,11805.0,11805.0,11720.0,132191.0
2019.06.25,11795.0,-135.0,11885.0,11910.0,11780.0,125026.0
2019.06.24,11930.0,20.0,11950.0,11965.0,11890.0,100007.0
2019.06.21,11910.0,-60.0,11910.0,11910.0,11910.0,1.0
2019.06.20,11970.0,15.0,11970.0,11970.0,11970.0,4.0
2019.06.19,11955.0,95.0,11905.0,11955.0,11905.0,144.0
2019.06.18,11860.0,5.0,11850.0,11920.0,11850.0,593.0
2019.06.17,11855.0,-60.0,11935.0,11935.0,11855.0,574.0
2019.06.14,11915.0,-45.0,11950.0,11950.0,11915.0,40566.0
2019.06.13,11960.0,45.0,11915.0,12010.0,11840.0,9394.0
2019.06.12,11915.0,0.0,11945.0,11945.0,11895.0,10435.0
2019.06.11,11915.0,125.0,11860.0,11920.0,11855.0,14051.0
2019.06.10,11790.0,100.0,11755.0,11830.0,11725.0,61377.0
2019.06.07,11690.0,15.0,11765.0,11765.0,11685.0,27008.0
2019.06.05,11675.0,40.0,11695.0,11710.0,11675.0,170269.0
2019.06.04,11635.0,70.0,11620.0,11665.0,11605.0,8549.0
2019.06.03,11565.0,0.0,11450.0,11565.0,11450.0,931923.0
2019.05.31,11565.0,30.0,11545.0,11565.0,11495.0,1312616.0
2019.05.30,11535.0,-50.0,11630.0,11630.0,11440.0,1327111.0
2019.05.29,11585.0,-205.0,11655.0,11655.0,11560.0,1230837.0
2019.05.28,11790.0,40.0,11750.0,11815.0,11750.0,576.0
2019.05.27,11750.0,-25.0,11740.0,11755.0,11685.0,260278.0
2019.05.24,11775.0,-45.0,11750.0,11790.0,11700.0,124436.0
2019.05.23,11820.0,-55.0,11825.0,11825.0,11775.0,4385.0
2019.05.22,11875.0,-10.0,11905.0,11920.0,11845.0,412929.0
2019.05.21,11885.0,10.0,11865.0,11940.0,11865.0,304411.0
2019.05.20,11875.0,-160.0,12095.0,12100.0,11875.0,97322.0
2019.05.17,12035.0,-70.0,12150.0,12155.0,12025.0,24699.0
2019.05.16,12105.0,-80.0,12185.0,12185.0,12060.0,144031.0
2019.05.15,12185.0,145.0,12055.0,12185.0,12055.0,332636.0
2019.05.14,12040.0,5.0,11850.0,12100.0,11850.0,28909.0
2019.05.13,12035.0,-175.0,12155.0,12155.0,12035.0,18.0
2019.05.10,12210.0,-100.0,12290.0,12350.0,12100.0,33885.0
2019.05.09,12310.0,-280.0,12450.0,12515.0,12295.0,2042183.0
2019.05.08,12590.0,85.0,12470.0,12620.0,12465.0,1848765.0
2019.05.07,12505.0,-195.0,12500.0,12525.0,12500.0,7613.0
2019.05.03,12700.0,-80.0,12700.0,12700.0,12700.0,0.0
2019.05.02,12780.0,5.0,12775.0,12815.0,12750.0,83604.0
2019.04.30,12775.0,60.0,12700.0,12780.0,12680.0,37623.0
2019.04.29,12715.0,105.0,12690.0,12725.0,12690.0,2534.0
2019.04.26,12785.0,-50.0,12785.0,12785.0,12785.0,2.0
2019.04.25,12835.0,-60.0,12915.0,12915.0,12830.0,19763.0
2019.04.24,12895.0,-95.0,13030.0,13040.0,12895.0,80577.0
2019.04.23,12990.0,5.0,12970.0,12995.0,12950.0,6312.0
2019.04.22,12985.0,-45.0,13040.0,13040.0,12970.0,38.0
2019.04.19,13030.0,20.0,13070.0,13080.0,13030.0,2787.0
2019.04.18,13010.0,-160.0,13130.0,13130.0,13010.0,126.0
2019.04.17,13170.0,-25.0,13195.0,13195.0,13170.0,1100.0
2019.04.16,13195.0,-45.0,13280.0,13280.0,13155.0,4923.0
2019.04.15,13240.0,80.0,13230.0,13280.0,13215.0,49614.0
2019.04.12,13160.0,115.0,13075.0,13195.0,13075.0,84717.0
2019.04.11,13045.0,15.0,13090.0,13100.0,13040.0,35622.0
2019.04.10,13030.0,105.0,12940.0,13030.0,12940.0,6723.0
2019.04.09,12925.0,15.0,12930.0,12930.0,12925.0,700.0
2019.04.08,12910.0,45.0,12930.0,12930.0,12910.0,4.0
2019.04.05,12865.0,10.0,12865.0,12865.0,12865.0,200.0
2019.04.04,12855.0,70.0,12845.0,12885.0,12805.0,160209.0
2019.04.03,12785.0,50.0,12785.0,12785.0,12785.0,52.0
2019.04.02,12735.0,-55.0,12765.0,12765.0,12720.0,69334.0
2019.04.01,12790.0,110.0,12750.0,12800.0,12750.0,69.0
2019.03.29,12680.0,155.0,12605.0,12705.0,12570.0,39334.0
2019.03.28,12525.0,-185.0,12600.0,12610.0,12525.0,47635.0
2019.03.27,12710.0,10.0,12670.0,12750.0,12670.0,392324.0
2019.03.26,12700.0,145.0,12650.0,12725.0,12615.0,16904.0
2019.03.25,12555.0,-265.0,12665.0,12665.0,12555.0,12188.0
2019.03.22,12820.0,-50.0,12870.0,12875.0,12715.0,314068.0
2019.03.21,12870.0,-175.0,13070.0,13070.0,12810.0,340183.0
2019.03.20,13045.0,-55.0,13055.0,13055.0,12920.0,352215.0
2019.03.19,13100.0,-25.0,13180.0,13190.0,13095.0,185471.0
2019.03.18,13125.0,75.0,13175.0,13175.0,13110.0,165133.0
2019.03.15,13050.0,-40.0,13050.0,13120.0,13015.0,6340.0
2019.03.14,13090.0,70.0,13005.0,13100.0,12955.0,41120.0
2019.03.13,13020.0,80.0,12940.0,13025.0,12915.0,87614.0
2019.03.12,12940.0,145.0,12900.0,12940.0,12835.0,53633.0
2019.03.11,12795.0,10.0,12710.0,12795.0,12605.0,188743.0
2019.03.08,12785.0,-155.0,12865.0,12865.0,12730.0,341921.0
2019.03.07,12940.0,-50.0,13000.0,13000.0,12840.0,1409395.0
2019.03.06,12990.0,-5.0,13025.0,13030.0,12960.0,268930.0
2019.03.05,12995.0,10.0,12970.0,13000.0,12935.0,438983.0
2019.03.04,12985.0,160.0,12900.0,13045.0,12900.0,370170.0
2019.02.28,12825.0,-285.0,13120.0,13200.0,12825.0,9439.0
2019.02.27,13110.0,20.0,13085.0,13120.0,13050.0,14034.0
2019.02.26,13090.0,0.0,13090.0,13090.0,13090.0,0.0
2019.02.25,13090.0,10.0,13125.0,13125.0,13080.0,9243.0
2019.02.22,13080.0,0.0,13080.0,13080.0,13080.0,0.0
2019.02.21,13080.0,-5.0,13100.0,13100.0,13080.0,15.0
2019.02.20,13085.0,5.0,13110.0,13110.0,13085.0,141.0
2019.02.19,13080.0,50.0,13040.0,13090.0,13040.0,12.0
2019.02.18,13030.0,85.0,13030.0,13030.0,13030.0,3.0
2019.02.15,12945.0,-5.0,12945.0,12945.0,12945.0,36808.0
2019.02.14,12950.0,130.0,12775.0,12950.0,12775.0,7.0
2019.02.13,12820.0,70.0,12785.0,12835.0,12785.0,159102.0
2019.02.12,12750.0,-60.0,12735.0,12785.0,12735.0,29777.0
2019.02.11,12810.0,0.0,12780.0,12810.0,12765.0,41.0
2019.02.08,12810.0,-75.0,12830.0,12830.0,12805.0,127.0
2019.02.07,12885.0,85.0,12865.0,12890.0,12840.0,58.0
2019.02.01,12800.0,75.0,12730.0,12810.0,12730.0,30015.0
2019.01.31,12725.0,105.0,12700.0,12755.0,12700.0,480464.0
2019.01.30,12620.0,65.0,12615.0,12650.0,12615.0,513032.0
2019.01.29,12555.0,-70.0,12575.0,12575.0,12505.0,37647.0
2019.01.28,12625.0,-40.0,12595.0,12685.0,12595.0,18479.0
2019.01.25,12665.0,120.0,12560.0,12665.0,12560.0,42054.0
2019.01.24,12545.0,20.0,12540.0,12545.0,12495.0,11541.0
2019.01.23,12525.0,95.0,12445.0,12530.0,12445.0,31.0
2019.01.22,12430.0,-25.0,12455.0,12455.0,12430.0,2.0
2019.01.21,12455.0,60.0,12445.0,12455.0,12435.0,8.0
2019.01.18,12395.0,35.0,12365.0,12395.0,12365.0,7705.0
2019.01.17,12360.0,-75.0,12395.0,12395.0,12335.0,9902.0
2019.01.16,12435.0,50.0,12430.0,12440.0,12430.0,49.0
2019.01.15,12385.0,35.0,12430.0,12470.0,12385.0,27725.0
2019.01.14,12350.0,-5.0,12350.0,12350.0,12350.0,0.0
2019.01.11,12355.0,55.0,12290.0,12355.0,12290.0,401.0
2019.01.10,12300.0,-40.0,12325.0,12345.0,12300.0,17254.0
2019.01.09,12340.0,155.0,12350.0,12405.0,12335.0,19056.0
2019.01.08,12185.0,0.0,12280.0,12280.0,12185.0,19207.0
2019.01.07,12185.0,135.0,12200.0,12220.0,12180.0,2419.0
2019.01.04,12050.0,15.0,11870.0,12095.0,11870.0,50904.0
2019.01.03,12035.0,5.0,12085.0,12085.0,11975.0,112219.0
2019.01.02,12030.0,-260.0,12255.0,12300.0,12025.0,50422.0
2018.12.28,12290.0,95.0,12160.0,12300.0,12160.0,4783.0
2018.12.27,12195.0,295.0,12085.0,12230.0,12085.0,92490.0
2018.12.26,11900.0,-175.0,11925.0,11990.0,11785.0,84043.0
2018.12.24,12075.0,-80.0,12105.0,12105.0,12065.0,76249.0
2018.12.21,12155.0,5.0,12155.0,12155.0,12070.0,176693.0
2018.12.20,12150.0,-20.0,12095.0,12185.0,12040.0,219.0
2018.12.19,12170.0,65.0,12165.0,12180.0,12165.0,642.0
2018.12.18,12105.0,-115.0,12115.0,12200.0,12095.0,692.0
2018.12.17,12220.0,0.0,12245.0,12245.0,12220.0,202.0
2018.12.14,12220.0,-45.0,12210.0,12235.0,12210.0,38260.0
2018.12.13,12265.0,160.0,12115.0,12275.0,12115.0,123771.0
2018.12.12,12105.0,200.0,11970.0,12105.0,11970.0,27074.0
2018.12.11,11905.0,20.0,11885.0,11930.0,11860.0,65003.0
2018.12.10,11885.0,-195.0,11960.0,12030.0,11820.0,305334.0
2018.12.07,12080.0,15.0,12235.0,12235.0,12015.0,682737.0
2018.12.06,12065.0,-195.0,12150.0,12150.0,12065.0,193911.0
2018.12.05,12260.0,-85.0,12110.0,12310.0,12110.0,55012.0
2018.12.04,12345.0,-55.0,12400.0,12430.0,12345.0,16.0
2018.12.03,12400.0,155.0,12180.0,12420.0,12180.0,18188.0
2018.11.30,12245.0,55.0,12195.0,12275.0,12190.0,383.0
2018.11.29,12190.0,10.0,12285.0,12285.0,12190.0,9054.0
2018.11.28,12180.0,-45.0,12210.0,12210.0,12180.0,11251.0
2018.11.27,12225.0,45.0,12185.0,12225.0,12175.0,56754.0
2018.11.26,12180.0,175.0,12115.0,12200.0,12115.0,115.0
2018.11.23,12005.0,-85.0,12100.0,12115.0,12005.0,750.0
2018.11.22,12090.0,-85.0,12175.0,12175.0,12070.0,174902.0
2018.11.21,12175.0,110.0,11925.0,12175.0,11890.0,33.0
2018.11.20,12065.0,-40.0,11960.0,12115.0,11960.0,72505.0
2018.11.19,12105.0,145.0,12050.0,12105.0,12020.0,52169.0
2018.11.16,11960.0,120.0,11865.0,11970.0,11860.0,69742.0
2018.11.15,11840.0,150.0,11690.0,11840.0,11685.0,76897.0
2018.11.14,11690.0,55.0,11625.0,11690.0,11610.0,5037.0
2018.11.13,11635.0,65.0,11485.0,11635.0,11375.0,9045.0
2018.11.12,11570.0,-15.0,11575.0,11625.0,11550.0,7899.0
2018.11.09,11585.0,-85.0,11625.0,11710.0,11555.0,339594.0
2018.11.08,11670.0,255.0,11630.0,11750.0,11600.0,674508.0
2018.11.07,11415.0,-200.0,11800.0,11845.0,11325.0,244019.0
2018.11.06,11615.0,140.0,11575.0,11645.0,11540.0,268547.0
2018.11.05,11475.0,-65.0,11480.0,11480.0,11380.0,646442.0
2018.11.02,11540.0,280.0,11410.0,11540.0,11410.0,119.0
2018.11.01,11260.0,90.0,11265.0,11370.0,11260.0,179.0
2018.10.31,11170.0,40.0,11020.0,11235.0,11015.0,98321.0
2018.10.30,11130.0,65.0,11040.0,11145.0,10790.0,480337.0
2018.10.29,11065.0,-410.0,11505.0,11515.0,11040.0,142002.0
2018.10.26,11475.0,-200.0,11725.0,11725.0,11420.0,12916.0
2018.10.25,11675.0,-230.0,11705.0,11770.0,11525.0,72120.0
2018.10.24,11905.0,-75.0,11995.0,12005.0,11900.0,12708.0
2018.10.23,11980.0,-365.0,12195.0,12220.0,11920.0,137985.0
2018.10.22,12345.0,-10.0,12275.0,12345.0,12275.0,154.0
2018.10.19,12355.0,30.0,12305.0,12355.0,12305.0,3252.0
2018.10.18,12325.0,-55.0,12350.0,12350.0,12300.0,61.0
2018.10.17,12380.0,80.0,12450.0,12525.0,12365.0,15106.0
2018.10.16,12300.0,25.0,12305.0,12375.0,12295.0,76191.0
2018.10.15,12275.0,-80.0,12355.0,12360.0,12245.0,2349.0
2018.10.12,12355.0,125.0,12230.0,12380.0,12230.0,54192.0
2018.10.11,12230.0,-570.0,12435.0,12470.0,12225.0,180575.0
2018.10.10,12800.0,-355.0,13080.0,13080.0,12800.0,179885.0
2018.10.08,13155.0,-145.0,13250.0,13285.0,13155.0,53668.0
2018.10.05,13300.0,-80.0,13245.0,13350.0,13145.0,23406.0
2018.10.04,13380.0,-155.0,13445.0,13445.0,13370.0,26.0
2018.10.02,13535.0,-145.0,13660.0,13660.0,13535.0,848.0
2018.10.01,13680.0,-15.0,13660.0,13705.0,13605.0,36659.0
2018.09.28,13695.0,40.0,13640.0,13695.0,13640.0,219511.0
2018.09.27,13655.0,100.0,13630.0,13705.0,13625.0,7109.0
2018.09.21,13555.0,75.0,13565.0,13575.0,13515.0,27370.0
2018.09.20,13480.0,-20.0,13485.0,13500.0,13425.0,754541.0
2018.09.19,13500.0,-35.0,13500.0,13500.0,13500.0,0.0
2018.09.18,13535.0,-35.0,13500.0,13535.0,13500.0,18.0
2018.09.17,13570.0,-125.0,13600.0,13600.0,13510.0,44996.0
2018.09.14,13695.0,75.0,13665.0,13695.0,13630.0,45185.0
2018.09.13,13620.0,105.0,13575.0,13620.0,13575.0,153.0
2018.09.12,13515.0,-20.0,13575.0,13575.0,13515.0,197.0
2018.09.11,13535.0,40.0,13520.0,13540.0,13495.0,1072.0
2018.09.10,13495.0,85.0,13430.0,13510.0,13430.0,451419.0
2018.09.07,13410.0,85.0,13240.0,13410.0,13240.0,7652.0
2018.09.06,13325.0,-25.0,13350.0,13365.0,13325.0,961.0
2018.09.05,13350.0,0.0,13360.0,13430.0,13300.0,48432.0
2018.09.04,13350.0,35.0,13345.0,13350.0,13345.0,11251.0
2018.09.03,13315.0,-75.0,13350.0,13350.0,13315.0,14.0
2018.08.31,13390.0,30.0,13295.0,13390.0,13245.0,17787.0
2018.08.30,13360.0,-35.0,13405.0,13405.0,13300.0,68.0
2018.08.29,13395.0,35.0,13395.0,13395.0,13395.0,250.0
2018.08.28,13360.0,45.0,13315.0,13360.0,13315.0,1789.0
2018.08.27,13315.0,20.0,13295.0,13315.0,13270.0,334.0
2018.08.24,13295.0,120.0,13290.0,13295.0,13290.0,53849.0
2018.08.23,13175.0,-10.0,13225.0,13225.0,13175.0,6.0
2018.08.22,13185.0,-60.0,13185.0,13185.0,13185.0,0.0
2018.08.21,13245.0,55.0,13270.0,13300.0,13245.0,249.0
2018.08.20,13190.0,45.0,13230.0,13235.0,13190.0,548.0
2018.08.17,13145.0,60.0,13180.0,13205.0,13145.0,254749.0
2018.08.16,13085.0,30.0,12955.0,13100.0,12955.0,197360.0
2018.08.14,13055.0,90.0,12980.0,13095.0,12960.0,191176.0
2018.08.13,12965.0,-285.0,13115.0,13130.0,12965.0,234458.0
2018.08.10,13250.0,70.0,13190.0,13260.0,13190.0,67137.0
2018.08.09,13180.0,0.0,13180.0,13180.0,13130.0,11306.0
2018.08.08,13180.0,-55.0,13245.0,13250.0,13180.0,51427.0
2018.08.07,13235.0,-130.0,13265.0,13270.0,13165.0,237.0
2018.08.06,13365.0,100.0,13310.0,13365.0,13310.0,4.0
2018.08.03,13265.0,100.0,13230.0,13265.0,13230.0,5626.0
2018.08.02,13165.0,-190.0,13340.0,13340.0,13125.0,11281.0
2018.08.01,13355.0,125.0,13275.0,13355.0,13275.0,757.0
2018.07.31,13230.0,45.0,13195.0,13230.0,13195.0,12.0
2018.07.30,13185.0,-10.0,13155.0,13185.0,13155.0,12.0
2018.07.27,13195.0,70.0,13145.0,13195.0,13145.0,12.0
2018.07.26,13125.0,85.0,13125.0,13125.0,13125.0,25001.0
2018.07.25,13040.0,150.0,13030.0,13040.0,13030.0,2.0
2018.07.24,12890.0,55.0,12880.0,12890.0,12880.0,11.0
2018.07.23,12835.0,-70.0,12905.0,12930.0,12765.0,131916.0
2018.07.20,12905.0,-10.0,12930.0,12930.0,12885.0,7173.0
2018.07.19,12915.0,-210.0,13110.0,13110.0,12880.0,409345.0
2018.07.18,13125.0,-190.0,13245.0,13245.0,13125.0,398.0
2018.07.17,13315.0,-80.0,13310.0,13330.0,13290.0,218.0
2018.07.16,13395.0,5.0,13395.0,13395.0,13395.0,2.0
2018.07.13,13390.0,90.0,13380.0,13390.0,13370.0,924.0
2018.07.12,13300.0,10.0,13265.0,13335.0,13260.0,9772.0
2018.07.11,13290.0,-100.0,13210.0,13300.0,13210.0,22514.0
2018.07.10,13390.0,75.0,13365.0,13390.0,13365.0,240.0
2018.07.09,13315.0,-15.0,13330.0,13330.0,13275.0,531.0
2018.07.06,13330.0,190.0,13195.0,13350.0,13095.0,8079.0
2018.07.05,13140.0,-135.0,13150.0,13160.0,13000.0,15591.0
2018.07.04,13275.0,40.0,13230.0,13275.0,13230.0,328.0
2018.07.03,13235.0,-85.0,13285.0,13325.0,13085.0,68376.0
2018.07.02,13320.0,-355.0,13690.0,13690.0,13300.0,67074.0
2018.06.29,13675.0,25.0,13615.0,13675.0,13535.0,4097.0
2018.06.28,13650.0,-50.0,13685.0,13710.0,13575.0,79795.0
2018.06.27,13700.0,-190.0,13840.0,13840.0,13700.0,57.0
2018.06.26,13890.0,-55.0,13855.0,13890.0,13780.0,2059.0
2018.06.25,13945.0,140.0,13790.0,13945.0,13790.0,85002.0
2018.06.22,13805.0,40.0,13680.0,13805.0,13650.0,80748.0
2018.06.21,13765.0,-215.0,13975.0,14000.0,13765.0,54285.0
2018.06.20,13980.0,180.0,13840.0,14005.0,13790.0,76100.0
2018.06.19,13800.0,-285.0,14090.0,14090.0,13800.0,14075.0
2018.06.18,14085.0,-250.0,14390.0,14390.0,14005.0,57253.0
2018.06.15,14335.0,-70.0,14430.0,14430.0,14325.0,22857.0
2018.06.14,14405.0,-320.0,14625.0,14625.0,14405.0,140171.0
2018.06.12,14725.0,-15.0,14720.0,14760.0,14620.0,77199.0
2018.06.11,14740.0,240.0,14500.0,14745.0,14500.0,69719.0
2018.06.08,14500.0,-110.0,14540.0,14550.0,14500.0,503.0
2018.06.07,14610.0,75.0,14535.0,14615.0,14535.0,574586.0
2018.06.05,14535.0,70.0,14450.0,14535.0,14355.0,13006.0
2018.06.04,14465.0,-15.0,14535.0,14555.0,14465.0,4508.0
2018.06.01,14480.0,0.0,14470.0,14510.0,14405.0,181049.0
2018.05.31,14480.0,65.0,14450.0,14480.0,14390.0,285565.0
2018.05.30,14415.0,-60.0,14465.0,14465.0,14225.0,290463.0
2018.05.29,14475.0,-115.0,14630.0,14630.0,14465.0,184529.0
2018.05.28,14590.0,490.0,14440.0,14630.0,14420.0,188920.0
2018.05.25,14100.0,-315.0,14125.0,14180.0,14055.0,203143.0
2018.05.24,14415.0,-80.0,14540.0,14540.0,14365.0,727463.0
2018.05.23,14495.0,-135.0,14540.0,14540.0,14420.0,899702.0
2018.05.21,14630.0,-10.0,14670.0,14670.0,14545.0,190035.0
2018.05.18,14640.0,120.0,14575.0,14640.0,14510.0,227043.0
2018.05.17,14520.0,-10.0,14575.0,14660.0,14415.0,202858.0
2018.05.16,14530.0,-190.0,14520.0,14630.0,14450.0,201298.0
2018.05.15,14720.0,-5.0,14750.0,14790.0,14680.0,204253.0
2018.05.14,14725.0,165.0,14645.0,14770.0,14615.0,256402.0
2018.05.11,14560.0,230.0,14360.0,14560.0,14310.0,199080.0
2018.05.10,14330.0,150.0,14255.0,14330.0,14190.0,860547.0
2018.05.09,14180.0,30.0,14155.0,14195.0,13955.0,184510.0
2018.05.08,14150.0,-190.0,14360.0,14370.0,14085.0,385293.0
2018.05.04,14340.0,55.0,14295.0,14370.0,14255.0,235542.0
2018.05.03,14285.0,-175.0,14445.0,14445.0,14245.0,189161.0
2018.05.02,14460.0,95.0,14445.0,14465.0,14350.0,181015.0
2018.04.30,14365.0,245.0,14190.0,14365.0,14190.0,203849.0
2018.04.27,14120.0,-5.0,14240.0,14245.0,14065.0,201263.0
2018.04.26,14310.0,65.0,14270.0,14370.0,14260.0,371716.0
2018.04.25,14245.0,-70.0,14270.0,14320.0,14180.0,351923.0
2018.04.24,14315.0,15.0,14330.0,14345.0,14270.0,187118.0
2018.04.23,14300.0,-65.0,14360.0,14380.0,14210.0,235981.0
2018.04.20,14365.0,55.0,14260.0,14365.0,14260.0,253965.0
2018.04.19,14310.0,155.0,14190.0,14340.0,14190.0,311048.0
2018.04.18,14155.0,55.0,14115.0,14220.0,14115.0,319803.0
2018.04.17,14100.0,70.0,14040.0,14130.0,14040.0,282527.0
2018.04.16,14030.0,20.0,14045.0,14050.0,14010.0,178612.0
2018.04.13,14010.0,45.0,13930.0,14010.0,13845.0,264952.0
2018.04.12,13965.0,-35.0,13990.0,14015.0,13915.0,181077.0
2018.04.11,14000.0,45.0,13935.0,14025.0,13935.0,186474.0
2018.04.10,13955.0,55.0,13820.0,13970.0,13765.0,184042.0
2018.04.09,13900.0,5.0,13875.0,13910.0,13830.0,190298.0
2018.04.06,13895.0,-10.0,13860.0,13910.0,13810.0,255651.0
2018.04.05,13905.0,55.0,13870.0,13990.0,13840.0,236144.0
2018.04.04,13850.0,-135.0,14020.0,14020.0,13810.0,257649.0
2018.04.03,13985.0,85.0,13870.0,14000.0,13825.0,569621.0
2018.04.02,13900.0,-20.0,14035.0,14145.0,13885.0,241888.0
2018.03.30,13920.0,130.0,13915.0,13985.0,13850.0,191871.0
2018.03.29,13790.0,20.0,13805.0,13805.0,13685.0,284888.0
2018.03.28,13770.0,-65.0,13790.0,13830.0,13730.0,194227.0
2018.03.27,13835.0,110.0,13830.0,13860.0,13770.0,181428.0
2018.03.26,13725.0,145.0,13555.0,13730.0,13485.0,196163.0
2018.03.23,13580.0,-440.0,13795.0,13795.0,13580.0,179137.0
2018.03.22,14020.0,10.0,14035.0,14115.0,13985.0,188636.0
2018.03.21,14010.0,10.0,14000.0,14040.0,13970.0,193414.0
2018.03.20,14000.0,0.0,13925.0,14020.0,13895.0,218130.0
2018.03.19,14000.0,-40.0,14075.0,14075.0,13955.0,218474.0
2018.03.16,14040.0,30.0,14095.0,14095.0,13955.0,184253.0
2018.03.15,14010.0,80.0,13935.0,14015.0,13865.0,185356.0
2018.03.14,13930.0,-95.0,13930.0,13965.0,13865.0,232183.0
2018.03.13,14025.0,-75.0,14100.0,14100.0,13965.0,271066.0
2018.03.12,14100.0,130.0,14050.0,14115.0,13995.0,413905.0
2018.03.09,13970.0,305.0,13720.0,13975.0,13720.0,326520.0
2018.03.08,13665.0,25.0,13680.0,13700.0,13650.0,324618.0
2018.03.07,13640.0,-170.0,13840.0,13840.0,13640.0,330431.0
2018.03.06,13810.0,115.0,13795.0,13830.0,13760.0,886176.0
2018.03.05,13695.0,-200.0,13825.0,13910.0,13685.0,606689.0
2018.03.02,13895.0,-170.0,13860.0,13945.0,13815.0,410472.0
2018.02.28,14065.0,-110.0,14155.0,14165.0,14025.0,361388.0
2018.02.27,14175.0,-110.0,14325.0,14350.0,14175.0,338101.0
2018.02.26,14285.0,25.0,14315.0,14375.0,14190.0,442743.0
2018.02.23,14260.0,165.0,14120.0,14260.0,14110.0,397114.0
2018.02.22,14095.0,-60.0,14140.0,14140.0,14035.0,307064.0
2018.02.21,14155.0,35.0,14175.0,14215.0,14115.0,310665.0
2018.02.20,14120.0,-80.0,14180.0,14240.0,14105.0,392971.0
2018.02.19,14200.0,200.0,14115.0,14220.0,14055.0,361254.0
2018.02.14,14000.0,30.0,13985.0,14025.0,13845.0,339327.0
2018.02.13,13970.0,-180.0,14230.0,14235.0,13970.0,516057.0
2018.02.12,14150.0,-20.0,14265.0,14265.0,14085.0,395147.0
2018.02.09,14170.0,-50.0,13845.0,14195.0,13845.0,359449.0
2018.02.08,14220.0,115.0,14055.0,14300.0,14055.0,410595.0
2018.02.07,14105.0,-390.0,14650.0,14660.0,14105.0,379433.0
2018.02.06,14495.0,-135.0,14170.0,14510.0,14040.0,574455.0
2018.02.05,14630.0,-330.0,14790.0,14790.0,14630.0,809068.0
2018.02.02,14960.0,-220.0,15180.0,15200.0,14950.0,1259566.0
2018.02.01,15180.0,40.0,15150.0,15180.0,15085.0,814369.0
2018.01.31,15140.0,-105.0,15110.0,15180.0,14935.0,647531.0
2018.01.30,15245.0,40.0,15250.0,15335.0,15185.0,753748.0
2018.01.29,15205.0,110.0,15120.0,15275.0,15120.0,289546.0
2018.01.26,15095.0,140.0,14955.0,15105.0,14945.0,333418.0
2018.01.25,14955.0,115.0,14835.0,14980.0,14835.0,442428.0
2018.01.24,14840.0,110.0,14735.0,14845.0,14735.0,375350.0
2018.01.23,14730.0,195.0,14575.0,14730.0,14575.0,259676.0
2018.01.22,14535.0,35.0,14500.0,14540.0,14445.0,255489.0
2018.01.19,14500.0,85.0,14435.0,14535.0,14390.0,302135.0
2018.01.18,14415.0,10.0,14465.0,14465.0,14365.0,442703.0
2018.01.17,14405.0,0.0,14395.0,14430.0,14345.0,1095346.0
2018.01.16,14405.0,-5.0,14360.0,14405.0,14295.0,421043.0
2018.01.15,14410.0,160.0,14305.0,14420.0,14300.0,441095.0
2018.01.12,14250.0,85.0,14235.0,14325.0,14235.0,218696.0
2018.01.11,14165.0,-10.0,14220.0,14220.0,14110.0,226810.0
2018.01.10,14175.0,175.0,14020.0,14175.0,14020.0,194029.0
2018.01.09,14000.0,30.0,13970.0,14025.0,13915.0,283467.0
2018.01.08,13970.0,45.0,13975.0,13975.0,13845.0,297993.0
2018.01.05,13925.0,140.0,13815.0,13925.0,13790.0,286812.0
2018.01.04,13785.0,-190.0,14000.0,14000.0,13785.0,198072.0
2018.01.03,13975.0,10.0,13945.0,13990.0,13910.0,250605.0
2018.01.02,13965.0,100.0,13900.0,13975.0,13860.0,190803.0
2017.12.28,13865.0,110.0,13730.0,13875.0,13715.0,227670.0
2017.12.27,13755.0,185.0,13600.0,13755.0,13600.0,263519.0
2017.12.26,13570.0,35.0,13550.0,13635.0,13545.0,230215.0
2017.12.22,13535.0,155.0,13430.0,13535.0,13375.0,220066.0
2017.12.21,13380.0,-150.0,13540.0,13565.0,13380.0,414471.0
2017.12.20,13530.0,-10.0,13560.0,13630.0,13495.0,403304.0
2017.12.19,13540.0,-160.0,13700.0,13700.0,13520.0,464523.0
2017.12.18,13700.0,15.0,13745.0,13755.0,13665.0,425375.0
2017.12.15,13685.0,145.0,13630.0,13695.0,13610.0,224442.0
2017.12.14,13540.0,-50.0,13640.0,13745.0,13540.0,226875.0
2017.12.13,13590.0,150.0,13420.0,13610.0,13420.0,266559.0
2017.12.12,13440.0,-80.0,13505.0,13530.0,13405.0,226731.0
2017.12.11,13520.0,165.0,13380.0,13520.0,13380.0,235949.0
2017.12.08,13355.0,-200.0,13535.0,13585.0,13355.0,236713.0
2017.12.07,13555.0,-195.0,13770.0,13785.0,13465.0,362220.0
2017.12.06,13750.0,-170.0,13950.0,13950.0,13740.0,488331.0
2017.12.05,13920.0,120.0,13815.0,13930.0,13790.0,252492.0
2017.12.04,13800.0,40.0,13840.0,13840.0,13780.0,292672.0
2017.12.01,13760.0,-40.0,13855.0,13855.0,13710.0,172178.0
2017.11.30,13800.0,30.0,13845.0,13880.0,13775.0,151915.0
2017.11.29,13770.0,15.0,13830.0,13850.0,13765.0,145266.0
2017.11.28,13755.0,-90.0,13845.0,13885.0,13755.0,155129.0
2017.11.27,13845.0,5.0,13865.0,13920.0,13750.0,168990.0
2017.11.24,13840.0,65.0,13810.0,13870.0,13810.0,232598.0
2017.11.23,13775.0,140.0,13690.0,13775.0,13690.0,199931.0
2017.11.22,13635.0,-110.0,13785.0,13785.0,13600.0,215828.0
2017.11.21,13745.0,35.0,13760.0,13760.0,13695.0,352850.0
2017.11.20,13710.0,120.0,13630.0,13720.0,13625.0,124574.0
2017.11.17,13590.0,10.0,13590.0,13630.0,13555.0,227860.0
2017.11.16,13580.0,40.0,13600.0,13600.0,13485.0,212975.0
2017.11.15,13540.0,5.0,13590.0,13590.0,13490.0,243989.0
2017.11.14,13535.0,-45.0,13565.0,13565.0,13425.0,246636.0
2017.11.13,13580.0,45.0,13555.0,13595.0,13555.0,254667.0
2017.11.10,13535.0,-80.0,13590.0,13605.0,13515.0,208698.0
2017.11.09,13615.0,85.0,13600.0,13655.0,13575.0,260800.0
2017.11.08,13530.0,85.0,13365.0,13535.0,13365.0,280316.0
2017.11.07,13445.0,20.0,13465.0,13465.0,13395.0,227916.0
2017.11.06,13425.0,80.0,13430.0,13430.0,13335.0,334642.0
2017.11.03,13345.0,95.0,13425.0,13430.0,13320.0,339023.0
2017.11.02,13250.0,-50.0,13350.0,13355.0,13250.0,336754.0
2017.11.01,13300.0,-55.0,13350.0,13350.0,13270.0,343026.0
2017.10.31,13355.0,45.0,13305.0,13360.0,13280.0,311912.0
2017.10.30,13310.0,10.0,13370.0,13370.0,13295.0,301745.0
2017.10.27,13300.0,35.0,13285.0,13340.0,13265.0,323413.0
2017.10.26,13265.0,90.0,13200.0,13285.0,13140.0,504525.0
2017.10.25,13175.0,80.0,13135.0,13175.0,13120.0,309074.0
2017.10.24,13095.0,35.0,13045.0,13110.0,13040.0,300277.0
2017.10.23,13060.0,15.0,13105.0,13105.0,13055.0,325862.0
2017.10.20,13045.0,-10.0,13070.0,13100.0,13045.0,303217.0
2017.10.19,13055.0,45.0,13075.0,13085.0,12980.0,525422.0
2017.10.18,13010.0,30.0,13035.0,13040.0,12985.0,305578.0
2017.10.17,12980.0,-25.0,13005.0,13015.0,12955.0,275512.0
2017.10.16,13005.0,50.0,12860.0,13005.0,12860.0,349141.0
2017.10.13,12955.0,75.0,13010.0,13010.0,12880.0,283742.0
2017.10.12,12880.0,45.0,12860.0,12935.0,12845.0,295059.0
2017.10.11,12835.0,5.0,12785.0,12860.0,12775.0,313384.0
2017.10.10,12830.0,90.0,12835.0,12835.0,12770.0,319512.0
2017.09.29,12740.0,185.0,12740.0,12740.0,12740.0,125.0
2017.09.28,12555.0,-65.0,12555.0,12555.0,12555.0,5001.0
2017.09.27,12620.0,110.0,12620.0,12620.0,12620.0,1.0
2017.09.26,12510.0,-140.0,12510.0,12510.0,12510.0,1.0
2017.09.25,12650.0,-20.0,12650.0,12650.0,12650.0,1.0
2017.09.22,12670.0,-280.0,12705.0,12705.0,12670.0,43.0
2017.09.21,12950.0,-105.0,12950.0,12950.0,12950.0,1.0
2017.09.20,13055.0,-10.0,13075.0,13075.0,13055.0,53.0
2017.09.19,13065.0,-5.0,13065.0,13065.0,13065.0,10.0
2017.09.18,13070.0,0.0,13070.0,13070.0,13070.0,0.0
2017.09.15,13070.0,90.0,13070.0,13070.0,13070.0,0.0
2017.09.14,12980.0,-5.0,12980.0,12980.0,12980.0,1.0
2017.09.13,12985.0,-110.0,12985.0,12985.0,12985.0,7.0
2017.09.12,13095.0,60.0,13070.0,13095.0,13060.0,32.0
2017.09.11,13035.0,20.0,13130.0,13130.0,13035.0,5.0
2017.09.08,13015.0,-150.0,13070.0,13070.0,13015.0,4.0
2017.09.07,13165.0,140.0,13165.0,13165.0,13165.0,1.0
2017.09.06,13025.0,-100.0,13085.0,13085.0,13025.0,3.0
2017.09.05,13125.0,-175.0,13135.0,13135.0,13125.0,2.0
2017.09.04,13300.0,-110.0,13155.0,13300.0,13155.0,21.0
2017.09.01,13410.0,-60.0,13410.0,13420.0,13410.0,3.0
2017.08.31,13470.0,15.0,13450.0,13470.0,13405.0,9813.0
