날짜,종가,전일비,시가,고가,저가,거래량
2026.06.30,18325.0,360.0,18125.0,18345.0,18060.0,108772.0
2026.06.29,17965.0,230.0,17735.0,17965.0,17650.0,121744.0
2026.06.26,17735.0,-590.0,18360.0,18455.0,17715.0,120495.0
2026.06.25,18325.0,250.0,18125.0,18440.0,18125.0,78839.0
2026.06.24,18075.0,130.0,17945.0,18110.0,17850.0,282697.0
2026.06.23,17945.0,-545.0,18520.0,18575.0,17945.0,197204.0
2026.06.22,18490.0,530.0,17960.0,18500.0,17950.0,121181.0
2026.06.19,17960.0,-100.0,18075.0,18130.0,17960.0,104782.0
2026.06.18,18060.0,350.0,17805.0,18075.0,17795.0,83671.0
2026.06.17,17710.0,65.0,17635.0,17710.0,17550.0,58900.0
2026.06.16,17645.0,105.0,17660.0,17750.0,17540.0,68347.0
2026.06.15,17540.0,195.0,17270.0,17540.0,17205.0,242755.0
2026.06.12,17345.0,255.0,17110.0,17430.0,17110.0,72037.0
2026.06.11,17090.0,-140.0,17220.0,17270.0,16975.0,198790.0
2026.06.10,17230.0,-10.0,17240.0,17390.0,17090.0,140177.0
2026.06.09,17240.0,-5.0,17145.0,17240.0,16950.0,121733.0
2026.06.08,17245.0,-400.0,17475.0,17645.0,17095.0,236340.0
2026.06.05,17645.0,-125.0,17820.0,18085.0,17645.0,283531.0
2026.06.04,17770.0,110.0,17815.0,17930.0,17735.0,205221.0
2026.06.02,17660.0,315.0,17405.0,17720.0,17250.0,275358.0
2026.06.01,17345.0,-150.0,17505.0,17710.0,17305.0,152470.0
2026.05.29,17495.0,-15.0,17510.0,17675.0,17395.0,153193.0
2026.05.28,17510.0,-5.0,17485.0,17510.0,17250.0,109737.0
2026.05.27,17515.0,-75.0,17645.0,17745.0,17402.0,103305.0
2026.05.26,17590.0,220.0,17685.0,17720.0,17440.0,249218.0
2026.05.22,17370.0,225.0,17080.0,17415.0,17050.0,259001.0
2026.05.21,17145.0,-100.0,17205.0,17540.0,17145.0,187723.0
2026.05.20,17245.0,0.0,17245.0,17350.0,17170.0,108105.0
2026.05.19,17245.0,180.0,17035.0,17245.0,16970.0,141609.0
2026.05.18,17065.0,-140.0,17180.0,17280.0,17045.0,147947.0
2026.05.15,17205.0,-315.0,17410.0,17520.0,17190.0,219491.0
2026.05.14,17520.0,-105.0,17630.0,17800.0,17365.0,196823.0
2026.05.13,17625.0,200.0,17455.0,17625.0,17435.0,165103.0
2026.05.12,17425.0,160.0,17275.0,17470.0,17275.0,147618.0
2026.05.11,17265.0,325.0,16860.0,17310.0,16860.0,197449.0
2026.05.08,16940.0,115.0,16860.0,16975.0,16775.0,119224.0
2026.05.07,16825.0,100.0,16675.0,16835.0,16665.0,169189.0
2026.05.06,16725.0,-105.0,16830.0,16830.0,16605.0,292132.0
2026.05.04,16830.0,60.0,16710.0,16980.0,16690.0,419072.0
2026.04.30,16770.0,60.0,16720.0,16860.0,16710.0,156532.0
2026.04.29,16710.0,235.0,16490.0,16710.0,16445.0,106606.0
2026.04.28,16515.0,-45.0,16610.0,16630.0,16505.0,126182.0
2026.04.27,16560.0,-155.0,16680.0,16680.0,16540.0,237213.0
2026.04.24,16715.0,30.0,16700.0,16760.0,16550.0,181923.0
2026.04.23,16685.0,-15.0,16710.0,16840.0,16595.0,111190.0
2026.04.22,16700.0,150.0,16575.0,16720.0,16490.0,151690.0
2026.04.21,16550.0,-15.0,16590.0,16595.0,16425.0,110493.0
2026.04.20,16565.0,50.0,16385.0,16570.0,16385.0,385163.0
2026.04.17,16515.0,40.0,16505.0,16590.0,16435.0,113517.0
2026.04.16,16475.0,155.0,16320.0,16475.0,16315.0,116113.0
2026.04.15,16320.0,-20.0,16400.0,16475.0,16300.0,86529.0
2026.04.14,16340.0,95.0,16355.0,16415.0,16260.0,94435.0
2026.04.13,16245.0,10.0,16220.0,16270.0,16080.0,103007.0
2026.04.10,16235.0,315.0,15890.0,16235.0,15860.0,94911.0
2026.04.09,15920.0,5.0,15925.0,16000.0,15860.0,99081.0
2026.04.08,15915.0,295.0,15735.0,15950.0,15670.0,104354.0
2026.04.07,15620.0,15.0,15630.0,15755.0,15560.0,77631.0
2026.04.06,15605.0,-25.0,15700.0,15705.0,15585.0,89106.0
2026.04.03,15630.0,-240.0,15880.0,15880.0,15630.0,109029.0
2026.04.02,15870.0,-20.0,16005.0,16055.0,15815.0,115138.0
2026.04.01,15890.0,-40.0,15930.0,16125.0,15800.0,146166.0
2026.03.31,15930.0,80.0,15810.0,16090.0,15810.0,179118.0
2026.03.30,15850.0,55.0,15610.0,15850.0,15580.0,161255.0
2026.03.27,15795.0,90.0,15610.0,15850.0,15525.0,109762.0
2026.03.26,15705.0,-130.0,15845.0,15925.0,15705.0,276916.0
2026.03.25,15835.0,270.0,15625.0,15860.0,15595.0,90755.0
2026.03.24,15565.0,-55.0,15630.0,15660.0,15365.0,114192.0
2026.03.23,15620.0,-450.0,16030.0,16035.0,15515.0,220377.0
2026.03.20,16070.0,20.0,15995.0,16190.0,15880.0,96269.0
2026.03.19,16050.0,-105.0,16100.0,16190.0,16005.0,133438.0
2026.03.18,16155.0,-55.0,16135.0,16160.0,15970.0,144642.0
2026.03.17,16210.0,-65.0,16285.0,16450.0,16210.0,230843.0
2026.03.16,16275.0,-35.0,16290.0,16330.0,16125.0,83507.0
2026.03.13,16310.0,80.0,16290.0,16365.0,16230.0,119105.0
2026.03.12,16230.0,50.0,16260.0,16340.0,16060.0,115733.0
2026.03.11,16180.0,145.0,16085.0,16235.0,16045.0,126327.0
2026.03.10,16035.0,-25.0,15985.0,16120.0,15785.0,204397.0
2026.03.09,16060.0,40.0,16010.0,16120.0,15655.0,211171.0
2026.03.06,16020.0,130.0,15995.0,16045.0,15830.0,110228.0
2026.03.05,15890.0,125.0,15770.0,15990.0,15765.0,247830.0
2026.03.04,15765.0,-195.0,15915.0,16000.0,15675.0,419210.0
2026.03.03,15960.0,60.0,16030.0,16220.0,15910.0,228657.0
2026.02.27,15900.0,65.0,15905.0,15985.0,15770.0,256983.0
2026.02.26,15835.0,25.0,15855.0,15900.0,15710.0,257621.0
2026.02.25,15810.0,-45.0,15875.0,16050.0,15735.0,404564.0
2026.02.24,15855.0,-10.0,15865.0,16020.0,15765.0,287646.0
2026.02.23,15865.0,155.0,15710.0,15910.0,15650.0,319923.0
2026.02.20,15710.0,-10.0,15730.0,15845.0,15695.0,176184.0
2026.02.19,15720.0,30.0,15690.0,15800.0,15660.0,125905.0
2026.02.13,15690.0,-140.0,15805.0,15835.0,15670.0,159504.0
2026.02.12,15830.0,-90.0,15870.0,15955.0,15800.0,180045.0
2026.02.11,15920.0,-110.0,16125.0,16125.0,15910.0,156352.0
2026.02.10,16030.0,55.0,15980.0,16040.0,15945.0,179455.0
2026.02.09,15975.0,115.0,15905.0,16035.0,15860.0,161389.0
2026.02.06,15860.0,-25.0,15875.0,15955.0,15695.0,188227.0
2026.02.05,15885.0,115.0,15785.0,15900.0,15725.0,396795.0
2026.02.04,15770.0,185.0,15525.0,15770.0,15525.0,199511.0
2026.02.03,15585.0,-100.0,15685.0,15690.0,15400.0,463130.0
2026.02.02,15685.0,-10.0,15750.0,15925.0,15575.0,871369.0
2026.01.30,15695.0,-10.0,15705.0,15830.0,15480.0,395254.0
2026.01.29,15705.0,65.0,15645.0,15705.0,15540.0,246370.0
2026.01.28,15695.0,-150.0,15685.0,15780.0,15585.0,709270.0
2026.01.27,15845.0,75.0,15770.0,15925.0,15730.0,191609.0
2026.01.26,15770.0,-255.0,15800.0,15925.0,15720.0,335042.0
2026.01.23,16025.0,-60.0,16070.0,16140.0,15980.0,399169.0
2026.01.22,16085.0,-40.0,16065.0,16200.0,16000.0,598314.0
2026.01.21,16125.0,-25.0,16160.0,16245.0,16095.0,796519.0
2026.01.20,16150.0,5.0,16150.0,16275.0,16065.0,326165.0
2026.01.19,16145.0,0.0,16150.0,16275.0,16050.0,347141.0
2026.01.16,16145.0,5.0,16190.0,16365.0,16095.0,516191.0
2026.01.15,16140.0,-110.0,16075.0,16235.0,16055.0,622088.0
2026.01.14,16250.0,25.0,16265.0,16465.0,16110.0,965764.0
2026.01.13,16225.0,-50.0,16275.0,16480.0,16220.0,459211.0
2026.01.12,16275.0,270.0,16110.0,16285.0,16015.0,625377.0
2026.01.09,16005.0,165.0,15850.0,16040.0,15850.0,284070.0
2026.01.08,15840.0,-90.0,15940.0,15975.0,15800.0,269151.0
2026.01.07,15930.0,-65.0,16000.0,16070.0,15870.0,377723.0
2026.01.06,15995.0,205.0,15765.0,15995.0,15765.0,689446.0
2026.01.05,15790.0,-240.0,15895.0,16030.0,15530.0,375595.0
2026.01.02,16030.0,605.0,15395.0,16030.0,15355.0,529637.0
2025.12.30,15425.0,170.0,15270.0,15445.0,15210.0,153228.0
2025.12.29,15255.0,-155.0,15420.0,15525.0,15255.0,124435.0
2025.12.26,15410.0,-5.0,15430.0,15540.0,15300.0,105480.0
2025.12.24,15415.0,-300.0,15700.0,15700.0,15410.0,134038.0
2025.12.23,15715.0,85.0,15630.0,15800.0,15630.0,155803.0
2025.12.22,15630.0,170.0,15515.0,15640.0,15460.0,86144.0
2025.12.19,15460.0,55.0,15365.0,15515.0,15360.0,70460.0
2025.12.18,15405.0,-95.0,15420.0,15480.0,15305.0,67022.0
2025.12.17,15500.0,330.0,15165.0,15530.0,15150.0,54508.0
2025.12.16,15170.0,-165.0,15285.0,15290.0,15080.0,77499.0
2025.12.15,15335.0,-35.0,15365.0,15490.0,15315.0,92338.0
2025.12.12,15370.0,55.0,15295.0,15392.0,15215.0,94494.0
2025.12.11,15315.0,-80.0,15385.0,15415.0,15285.0,96874.0
2025.12.10,15395.0,25.0,15370.0,15395.0,15205.0,87516.0
2025.12.09,15370.0,-60.0,15435.0,15465.0,15325.0,74297.0
2025.12.08,15430.0,85.0,15345.0,15495.0,15315.0,116950.0
2025.12.05,15345.0,135.0,15255.0,15380.0,15155.0,68789.0
2025.12.04,15210.0,70.0,15150.0,15245.0,15085.0,64748.0
2025.12.03,15140.0,-75.0,15195.0,15292.0,15130.0,159329.0
2025.12.02,15215.0,-70.0,15290.0,15355.0,15155.0,152272.0
2025.12.01,15285.0,185.0,15105.0,15290.0,15100.0,72283.0
2025.11.28,15100.0,75.0,15065.0,15100.0,14950.0,66222.0
2025.11.27,15025.0,-50.0,15075.0,15200.0,14995.0,105699.0
2025.11.26,15075.0,85.0,15035.0,15120.0,14900.0,130223.0
2025.11.25,14990.0,50.0,15030.0,15080.0,14940.0,57148.0
2025.11.24,14940.0,20.0,14935.0,15010.0,14795.0,100750.0
2025.11.21,14920.0,-280.0,15200.0,15265.0,14830.0,197742.0
2025.11.20,15200.0,-55.0,15355.0,15385.0,15200.0,215220.0
2025.11.19,15255.0,165.0,15095.0,15270.0,15070.0,128451.0
2025.11.18,15090.0,-60.0,15150.0,15275.0,15090.0,128407.0
2025.11.17,15150.0,-230.0,15255.0,15325.0,15145.0,131916.0
2025.11.14,15380.0,-260.0,15590.0,15590.0,15310.0,197337.0
2025.11.13,15640.0,215.0,15425.0,15640.0,15420.0,123780.0
2025.11.12,15425.0,10.0,15380.0,15495.0,15330.0,100115.0
2025.11.11,15415.0,45.0,15435.0,15580.0,15370.0,172499.0
2025.11.10,15370.0,-20.0,15395.0,15430.0,15310.0,151190.0
2025.11.07,15390.0,45.0,15360.0,15455.0,15280.0,197683.0
2025.11.06,15345.0,160.0,15240.0,15360.0,15085.0,202571.0
2025.11.05,15185.0,235.0,15015.0,15185.0,14800.0,298732.0
2025.11.04,14950.0,-70.0,15055.0,15150.0,14950.0,265636.0
2025.11.03,15020.0,0.0,15005.0,15060.0,14875.0,286116.0
2025.10.31,15020.0,-295.0,15225.0,15235.0,14980.0,197920.0
2025.10.30,15315.0,-65.0,15400.0,15410.0,15220.0,354916.0
2025.10.29,15500.0,60.0,15465.0,15515.0,15390.0,174882.0
2025.10.28,15440.0,45.0,15490.0,15530.0,15355.0,196246.0
2025.10.27,15395.0,180.0,15265.0,15420.0,15255.0,411345.0
2025.10.24,15215.0,185.0,15050.0,15230.0,15050.0,156324.0
2025.10.23,15030.0,80.0,14950.0,15030.0,14825.0,202387.0
2025.10.22,14950.0,-75.0,15025.0,15080.0,14870.0,199645.0
2025.10.21,15025.0,375.0,14685.0,15035.0,14685.0,299138.0
2025.10.20,14650.0,-65.0,14715.0,14895.0,14625.0,240791.0
2025.10.17,14715.0,-185.0,14900.0,14970.0,14700.0,148807.0
2025.10.16,14900.0,-50.0,14930.0,14995.0,14850.0,336601.0
2025.10.15,14950.0,190.0,14760.0,14950.0,14655.0,265153.0
2025.10.14,14760.0,-80.0,14865.0,15115.0,14730.0,346849.0
2025.10.13,14840.0,-105.0,14835.0,14870.0,14590.0,255530.0
2025.10.10,14945.0,-115.0,15085.0,15250.0,14920.0,349740.0
2025.10.02,15060.0,125.0,14920.0,15085.0,14880.0,238764.0
2025.10.01,14935.0,90.0,14865.0,14960.0,14845.0,198592.0
2025.09.30,14845.0,115.0,14730.0,14845.0,14690.0,196312.0
2025.09.29,14730.0,200.0,14600.0,14820.0,14520.0,282947.0
2025.09.26,14530.0,-140.0,14655.0,14735.0,14530.0,151789.0
2025.09.25,14670.0,190.0,14505.0,14670.0,14490.0,132938.0
2025.09.24,14480.0,250.0,14275.0,14482.0,14255.0,115473.0
2025.09.23,14230.0,-115.0,14255.0,14475.0,14145.0,100449.0
2025.09.22,14345.0,-15.0,14320.0,14380.0,14225.0,112846.0
2025.09.19,14360.0,175.0,14205.0,14385.0,14200.0,95977.0
2025.09.18,14185.0,-120.0,14400.0,14450.0,14185.0,110839.0
2025.09.17,14305.0,125.0,14190.0,14330.0,14150.0,77255.0
2025.09.16,14180.0,-125.0,14345.0,14365.0,14150.0,118695.0
2025.09.15,14305.0,10.0,14290.0,14425.0,14260.0,100157.0
2025.09.12,14295.0,-15.0,14390.0,14425.0,14270.0,112860.0
2025.09.11,14310.0,270.0,14040.0,14330.0,13970.0,162229.0
2025.09.10,14040.0,75.0,13970.0,14045.0,13905.0,119606.0
2025.09.09,13965.0,-115.0,14085.0,14095.0,13905.0,109259.0
2025.09.08,14080.0,30.0,14060.0,14120.0,13985.0,122952.0
2025.09.05,14050.0,330.0,13770.0,14050.0,13730.0,126503.0
2025.09.04,13720.0,-380.0,14100.0,14100.0,13702.0,170522.0
2025.09.03,14100.0,-25.0,14130.0,14270.0,14000.0,120472.0
2025.09.02,14125.0,-205.0,14310.0,14365.0,14060.0,144187.0
2025.09.01,14330.0,140.0,14190.0,14345.0,14190.0,227426.0
2025.08.29,14190.0,275.0,13960.0,14285.0,13930.0,147583.0
2025.08.28,13915.0,-15.0,13850.0,13965.0,13695.0,118778.0
2025.08.27,13930.0,-195.0,14110.0,14180.0,13930.0,150627.0
2025.08.26,14125.0,165.0,13980.0,14140.0,13960.0,141345.0
2025.08.25,13960.0,285.0,13720.0,14005.0,13690.0,194274.0
2025.08.22,13675.0,145.0,13510.0,13680.0,13510.0,147848.0
2025.08.21,13530.0,70.0,13465.0,13600.0,13425.0,123010.0
2025.08.20,13460.0,210.0,13200.0,13465.0,13190.0,89951.0
2025.08.19,13250.0,25.0,13230.0,13355.0,13230.0,101183.0
2025.08.18,13225.0,90.0,13125.0,13280.0,13065.0,118346.0
2025.08.14,13135.0,145.0,13065.0,13160.0,13000.0,88220.0
2025.08.13,12990.0,25.0,13000.0,13052.0,12945.0,64458.0
2025.08.12,12965.0,85.0,12880.0,13000.0,12880.0,77144.0
2025.08.11,12880.0,15.0,12855.0,12940.0,12840.0,96291.0
2025.08.08,12865.0,25.0,12845.0,12900.0,12795.0,60628.0
2025.08.07,12840.0,-50.0,12825.0,12935.0,12795.0,59970.0
2025.08.06,12890.0,50.0,12885.0,12900.0,12800.0,57099.0
2025.08.05,12840.0,155.0,12780.0,12840.0,12645.0,75211.0
2025.08.04,12685.0,-10.0,12690.0,12690.0,12555.0,243197.0
2025.08.01,12695.0,-40.0,12735.0,12835.0,12655.0,79648.0
2025.07.31,12735.0,-210.0,12925.0,12960.0,12710.0,142986.0
2025.07.30,12945.0,-15.0,12970.0,13010.0,12830.0,88080.0
2025.07.29,13100.0,110.0,13000.0,13100.0,13000.0,71946.0
2025.07.28,12990.0,45.0,12945.0,13005.0,12930.0,90384.0
2025.07.25,12945.0,45.0,12940.0,13000.0,12910.0,75596.0
2025.07.24,12900.0,-35.0,12935.0,12940.0,12850.0,79763.0
2025.07.23,12935.0,-5.0,12970.0,13030.0,12930.0,69766.0
2025.07.22,12940.0,40.0,12800.0,13000.0,12780.0,134889.0
2025.07.21,12900.0,120.0,12795.0,12910.0,12790.0,73624.0
2025.07.18,12780.0,20.0,12760.0,12795.0,12715.0,69643.0
2025.07.17,12760.0,175.0,12560.0,12760.0,12560.0,69659.0
2025.07.16,12585.0,30.0,12555.0,12645.0,12555.0,49173.0
2025.07.15,12555.0,-45.0,12700.0,12700.0,12500.0,49639.0
2025.07.14,12600.0,0.0,12600.0,12625.0,12470.0,93226.0
2025.07.11,12600.0,110.0,12500.0,12670.0,12420.0,83604.0
2025.07.10,12490.0,40.0,12450.0,12500.0,12260.0,49023.0
2025.07.09,12450.0,90.0,12360.0,12465.0,12360.0,60467.0
2025.07.08,12360.0,55.0,12310.0,12375.0,12285.0,100898.0
2025.07.07,12305.0,-5.0,12350.0,12350.0,12245.0,53512.0
2025.07.04,12310.0,70.0,12250.0,12455.0,12200.0,358867.0
2025.07.03,12240.0,80.0,12185.0,12260.0,12060.0,293598.0
2025.07.02,12160.0,60.0,12170.0,12175.0,12055.0,135506.0
2025.07.01,12100.0,65.0,12040.0,12100.0,12000.0,44474.0
2025.06.30,12035.0,40.0,12025.0,12070.0,11965.0,37324.0
2025.06.27,11995.0,-70.0,12065.0,12110.0,11985.0,73575.0
2025.06.26,12065.0,-65.0,12100.0,12135.0,12045.0,60622.0
2025.06.25,12130.0,210.0,11925.0,12130.0,11905.0,103169.0
2025.06.24,11920.0,-65.0,11950.0,12040.0,11875.0,84008.0
2025.06.23,11985.0,130.0,11800.0,11985.0,11710.0,158359.0
2025.06.20,11855.0,-30.0,11890.0,11970.0,11830.0,46000.0
2025.06.19,11885.0,-20.0,11985.0,11990.0,11870.0,62736.0
2025.06.18,11905.0,85.0,11855.0,11940.0,11855.0,68510.0
2025.06.17,11820.0,-40.0,11860.0,11895.0,11805.0,110111.0
2025.06.16,11860.0,-55.0,11915.0,11915.0,11800.0,58076.0
2025.06.13,11915.0,15.0,11935.0,11995.0,11805.0,53734.0
2025.06.12,11900.0,-120.0,12050.0,12080.0,11860.0,126989.0
2025.06.11,12020.0,185.0,11840.0,12055.0,11810.0,99575.0
2025.06.10,11835.0,-5.0,11845.0,11920.0,11820.0,51637.0
2025.06.09,11840.0,20.0,11820.0,11880.0,11800.0,310359.0
2025.06.05,11820.0,-85.0,11905.0,11910.0,11750.0,129211.0
2025.06.04,11905.0,100.0,11855.0,11990.0,11855.0,63575.0
2025.06.02,11805.0,-130.0,11950.0,11950.0,11730.0,100899.0
2025.05.30,11935.0,-10.0,11945.0,11960.0,11850.0,50006.0
2025.05.29,11945.0,85.0,11875.0,12010.0,11860.0,52490.0
2025.05.28,11860.0,35.0,11895.0,11895.0,11840.0,52353.0
2025.05.27,11825.0,0.0,11830.0,11915.0,11780.0,54434.0
2025.05.26,11825.0,-165.0,11980.0,11980.0,11810.0,79170.0
2025.05.23,11990.0,-120.0,12115.0,12130.0,11965.0,82327.0
2025.05.22,12110.0,-65.0,12135.0,12135.0,12035.0,49253.0
2025.05.21,12175.0,55.0,12125.0,12195.0,12060.0,69770.0
2025.05.20,12120.0,-5.0,12040.0,12155.0,12040.0,88452.0
2025.05.19,12125.0,85.0,12075.0,12160.0,12040.0,54649.0
2025.05.16,12040.0,-170.0,12210.0,12265.0,12010.0,122509.0
2025.05.15,12210.0,-290.0,12485.0,12485.0,12200.0,62322.0
2025.05.14,12500.0,130.0,12400.0,12550.0,12310.0,121025.0
2025.05.13,12370.0,200.0,12405.0,12410.0,12080.0,207540.0
2025.05.12,12170.0,185.0,11995.0,12180.0,11995.0,90170.0
2025.05.09,11985.0,-20.0,12085.0,12135.0,11945.0,70417.0
2025.05.08,12005.0,75.0,12000.0,12015.0,11910.0,100074.0
2025.05.07,11930.0,-55.0,11820.0,12040.0,11575.0,262224.0
2025.05.02,11985.0,95.0,11910.0,12130.0,11910.0,100752.0
2025.04.30,11890.0,-130.0,12035.0,12035.0,11855.0,83645.0
2025.04.29,12020.0,-60.0,12085.0,12100.0,11975.0,63306.0
2025.04.28,12080.0,10.0,12110.0,12110.0,12025.0,149970.0
2025.04.25,12070.0,75.0,12060.0,12090.0,12000.0,67352.0
2025.04.24,11995.0,90.0,11905.0,12020.0,11905.0,46827.0
2025.04.23,11905.0,20.0,11990.0,12025.0,11885.0,66908.0
2025.04.22,11885.0,5.0,11975.0,11975.0,11835.0,32635.0
2025.04.21,11880.0,55.0,11795.0,11885.0,11790.0,94476.0
2025.04.18,11825.0,45.0,11835.0,11850.0,11760.0,39884.0
2025.04.17,11780.0,125.0,11720.0,11815.0,11705.0,30800.0
2025.04.16,11655.0,-80.0,11740.0,11830.0,11625.0,101887.0
2025.04.15,11735.0,-85.0,11840.0,11840.0,11700.0,40881.0
2025.04.14,11820.0,-130.0,11980.0,11980.0,11800.0,358385.0
2025.04.11,11950.0,65.0,11840.0,11980.0,11805.0,103065.0
2025.04.10,11885.0,55.0,12180.0,12180.0,11795.0,217530.0
2025.04.09,11830.0,180.0,11620.0,11830.0,11505.0,240763.0
2025.04.08,11650.0,380.0,11555.0,11715.0,11555.0,211080.0
2025.04.07,11270.0,-1035.0,12195.0,12195.0,11190.0,171643.0
2025.04.04,12305.0,-210.0,12480.0,12480.0,12255.0,59448.0
2025.04.03,12515.0,-95.0,12590.0,12590.0,12325.0,142224.0
2025.04.02,12610.0,-85.0,12695.0,12705.0,12605.0,78948.0
2025.04.01,12695.0,10.0,12770.0,12770.0,12655.0,126042.0
2025.03.31,12685.0,-65.0,12750.0,12795.0,12615.0,168380.0
2025.03.28,12750.0,-60.0,12810.0,12860.0,12685.0,58601.0
2025.03.27,12810.0,65.0,12745.0,12815.0,12670.0,71674.0
2025.03.26,12745.0,-75.0,12800.0,12825.0,12725.0,72722.0
2025.03.25,12820.0,30.0,12840.0,12905.0,12780.0,88456.0
2025.03.24,12790.0,95.0,12790.0,12820.0,12720.0,129136.0
2025.03.21,12695.0,-210.0,12905.0,12992.0,12690.0,116993.0
2025.03.20,12905.0,-85.0,12995.0,13050.0,12905.0,89169.0
2025.03.19,12990.0,0.0,13020.0,13020.0,12910.0,116322.0
2025.03.18,12990.0,120.0,12955.0,12990.0,12895.0,87579.0
2025.03.17,12870.0,-80.0,13005.0,13065.0,12850.0,213446.0
2025.03.14,12950.0,310.0,12760.0,13025.0,12640.0,639883.0
2025.03.13,12640.0,-45.0,12740.0,12740.0,12575.0,65062.0
2025.03.12,12685.0,0.0,12700.0,12800.0,12685.0,71541.0
2025.03.11,12685.0,30.0,12630.0,12730.0,12560.0,97450.0
2025.03.10,12655.0,-30.0,12750.0,12750.0,12595.0,111837.0
2025.03.07,12685.0,-30.0,12695.0,12750.0,12650.0,116381.0
2025.03.06,12715.0,135.0,12595.0,12715.0,12550.0,203878.0
2025.03.05,12580.0,10.0,12650.0,12650.0,12505.0,88713.0
2025.03.04,12570.0,-55.0,12625.0,12655.0,12430.0,215811.0
2025.02.28,12625.0,-45.0,12670.0,12770.0,12620.0,275200.0
2025.02.27,12670.0,110.0,12635.0,12700.0,12575.0,187005.0
2025.02.26,12560.0,65.0,12540.0,12565.0,12480.0,99663.0
2025.02.25,12495.0,-100.0,12550.0,12595.0,12475.0,358039.0
2025.02.24,12595.0,-105.0,12700.0,12860.0,12540.0,199323.0
2025.02.21,12700.0,145.0,12585.0,12700.0,12535.0,133822.0
2025.02.20,12555.0,25.0,12540.0,12570.0,12490.0,95294.0
2025.02.19,12530.0,0.0,12545.0,12575.0,12470.0,146357.0
2025.02.18,12530.0,-100.0,12650.0,12710.0,12530.0,175515.0
2025.02.17,12630.0,50.0,12640.0,12680.0,12565.0,148200.0
2025.02.14,12580.0,20.0,12565.0,12625.0,12470.0,205779.0
2025.02.13,12560.0,85.0,12585.0,12640.0,12530.0,192459.0
2025.02.12,12475.0,-10.0,12590.0,12590.0,12410.0,224302.0
2025.02.11,12485.0,60.0,12485.0,12595.0,12455.0,161001.0
2025.02.10,12425.0,45.0,12600.0,12600.0,12385.0,205973.0
2025.02.07,12380.0,80.0,12400.0,12590.0,12340.0,156447.0
2025.02.06,12300.0,150.0,12155.0,12365.0,12155.0,82814.0
2025.02.05,12150.0,-415.0,12570.0,12910.0,12135.0,187100.0
2025.02.04,12565.0,80.0,12500.0,12800.0,12405.0,84202.0
2025.02.03,12485.0,20.0,12500.0,12620.0,12460.0,103162.0
2025.01.31,12465.0,225.0,12290.0,12625.0,12280.0,97730.0
2025.01.24,12240.0,60.0,12260.0,12400.0,12150.0,116517.0
2025.01.23,12350.0,-100.0,12450.0,12600.0,12350.0,59181.0
2025.01.22,12450.0,10.0,12440.0,12485.0,12210.0,61314.0
2025.01.21,12440.0,-45.0,12450.0,12555.0,12375.0,65609.0
2025.01.20,12485.0,75.0,12415.0,12660.0,12415.0,58687.0
2025.01.17,12410.0,65.0,12345.0,12430.0,12305.0,47621.0
2025.01.16,12345.0,-35.0,12400.0,12480.0,12270.0,131935.0
2025.01.15,12380.0,-75.0,12660.0,12660.0,12355.0,43791.0
2025.01.14,12455.0,305.0,12225.0,12465.0,12130.0,67999.0
2025.01.13,12150.0,-130.0,12245.0,12300.0,12115.0,35221.0
2025.01.10,12280.0,-40.0,12320.0,12335.0,12260.0,36586.0
2025.01.09,12320.0,0.0,12895.0,12895.0,12275.0,37563.0
2025.01.08,12320.0,5.0,12430.0,12650.0,12160.0,59033.0
2025.01.07,12315.0,0.0,12315.0,12460.0,12185.0,66381.0
2025.01.06,12315.0,-125.0,12435.0,12480.0,12310.0,123696.0
2025.01.03,12440.0,-110.0,12550.0,12995.0,12395.0,106961.0
2025.01.02,12550.0,-770.0,13380.0,13425.0,12535.0,271157.0
2024.12.30,13320.0,240.0,13095.0,13320.0,13080.0,42947.0
2024.12.27,13080.0,30.0,13050.0,13225.0,13050.0,48802.0
2024.12.26,13050.0,155.0,12990.0,13740.0,12940.0,41725.0
2024.12.24,12895.0,110.0,12845.0,12930.0,12785.0,33112.0
2024.12.23,12785.0,105.0,12680.0,12855.0,12580.0,51292.0
2024.12.20,12680.0,-115.0,12795.0,12795.0,12670.0,68729.0
2024.12.19,12795.0,105.0,12630.0,12800.0,12630.0,29799.0
2024.12.18,12690.0,5.0,12745.0,12745.0,12620.0,56293.0
2024.12.17,12685.0,90.0,12685.0,12745.0,12515.0,47501.0
2024.12.16,12595.0,-135.0,12815.0,12815.0,12570.0,32128.0
2024.12.13,12730.0,-255.0,13020.0,13050.0,12720.0,43769.0
2024.12.12,12985.0,25.0,12900.0,13005.0,12860.0,67726.0
2024.12.11,12960.0,40.0,12920.0,13000.0,12880.0,58518.0
2024.12.10,12920.0,155.0,13320.0,13900.0,12920.0,124572.0
2024.12.09,12765.0,75.0,12695.0,12820.0,12640.0,132259.0
2024.12.06,12690.0,225.0,12465.0,12700.0,12465.0,32762.0
2024.12.05,12465.0,25.0,12580.0,12580.0,12275.0,22129.0
2024.12.04,12440.0,5.0,12400.0,12540.0,12400.0,57605.0
2024.12.03,12435.0,5.0,12420.0,12510.0,12270.0,62979.0
2024.12.02,12430.0,110.0,12400.0,12500.0,12365.0,82888.0
2024.11.29,12320.0,115.0,12180.0,12465.0,12095.0,55090.0
2024.11.28,12205.0,85.0,12130.0,12235.0,12130.0,27292.0
2024.11.27,12120.0,-30.0,12145.0,12145.0,11850.0,123505.0
2024.11.26,12150.0,90.0,12065.0,12185.0,12065.0,48922.0
2024.11.25,12060.0,-255.0,12290.0,12290.0,12000.0,73603.0
2024.11.22,12315.0,-195.0,12515.0,12590.0,12305.0,45856.0
2024.11.21,12510.0,45.0,12665.0,12665.0,12505.0,24729.0
2024.11.20,12465.0,80.0,12730.0,12735.0,12385.0,67117.0
2024.11.19,12385.0,-20.0,12425.0,12460.0,12240.0,45924.0
2024.11.18,12405.0,-115.0,12370.0,12600.0,12355.0,139895.0
2024.11.15,12520.0,-180.0,12645.0,12690.0,12520.0,61850.0
2024.11.14,12700.0,-210.0,12905.0,12950.0,12660.0,81534.0
2024.11.13,12910.0,175.0,12725.0,12940.0,12615.0,203025.0
2024.11.12,12735.0,-180.0,12925.0,13135.0,12735.0,133141.0
2024.11.11,12915.0,-10.0,12595.0,12915.0,12240.0,243866.0
2024.11.08,12925.0,-60.0,13195.0,13275.0,12830.0,418438.0
2024.11.07,12985.0,195.0,12700.0,13025.0,12500.0,171459.0
2024.11.06,12790.0,20.0,12880.0,12950.0,12715.0,146162.0
2024.11.05,12770.0,355.0,12420.0,12820.0,12420.0,108781.0
2024.11.04,12415.0,75.0,12360.0,12415.0,12260.0,66625.0
2024.11.01,12340.0,-10.0,12475.0,12475.0,12235.0,111190.0
2024.10.31,12350.0,110.0,12240.0,12450.0,12240.0,139201.0
2024.10.30,12240.0,-230.0,12500.0,12595.0,12195.0,100351.0
2024.10.29,12470.0,-85.0,12675.0,13430.0,12320.0,68085.0
2024.10.28,12555.0,-5.0,12570.0,12670.0,12480.0,50068.0
2024.10.25,12560.0,105.0,12580.0,12700.0,12385.0,70725.0
2024.10.24,12455.0,-165.0,12620.0,12645.0,12425.0,59519.0
2024.10.23,12620.0,90.0,12680.0,12700.0,12530.0,99543.0
2024.10.22,12530.0,120.0,12410.0,13005.0,12410.0,69388.0
2024.10.21,12410.0,-15.0,12500.0,12520.0,12250.0,426722.0
2024.10.18,12425.0,510.0,11910.0,12425.0,11735.0,168082.0
2024.10.17,11915.0,-25.0,11970.0,12190.0,11910.0,62750.0
2024.10.16,11940.0,-160.0,12000.0,12070.0,11815.0,94028.0
2024.10.15,12100.0,-305.0,12410.0,12485.0,12100.0,255023.0
2024.10.14,12405.0,275.0,12215.0,12475.0,11750.0,198267.0
2024.10.11,12130.0,-640.0,12795.0,12795.0,12100.0,242083.0
2024.10.10,12770.0,-545.0,12555.0,13150.0,12310.0,754114.0
2024.10.08,13315.0,-685.0,14225.0,15000.0,12910.0,981626.0
2024.10.07,14000.0,970.0,13250.0,14025.0,13200.0,307952.0
2024.10.04,13030.0,260.0,12755.0,13050.0,12590.0,656405.0
2024.10.02,12770.0,545.0,12220.0,12935.0,12220.0,641203.0
2024.09.30,12225.0,850.0,11455.0,12255.0,11455.0,311605.0
2024.09.27,11375.0,540.0,11060.0,11450.0,11055.0,481938.0
2024.09.26,10835.0,265.0,10570.0,10835.0,10520.0,42405.0
2024.09.25,10570.0,180.0,10495.0,10700.0,10495.0,198071.0
2024.09.24,10390.0,460.0,9955.0,10390.0,9890.0,196559.0
2024.09.23,9930.0,180.0,9900.0,9970.0,9790.0,31179.0
2024.09.20,9750.0,10.0,9800.0,9840.0,9740.0,36238.0
2024.09.19,9740.0,65.0,9675.0,9810.0,9655.0,44368.0
2024.09.13,9675.0,-15.0,9690.0,9715.0,9615.0,54641.0
2024.09.12,9690.0,-80.0,9770.0,9860.0,9690.0,90883.0
2024.09.11,9770.0,-95.0,9865.0,9905.0,9745.0,112610.0
2024.09.10,9865.0,60.0,9895.0,9895.0,9740.0,16204.0
2024.09.09,9805.0,-95.0,9875.0,9880.0,9795.0,17871.0
2024.09.06,9900.0,-65.0,9965.0,10010.0,9895.0,19153.0
2024.09.05,9965.0,-45.0,10010.0,10020.0,9955.0,22138.0
2024.09.04,10010.0,-65.0,9875.0,10075.0,9875.0,82492.0
2024.09.03,10075.0,5.0,10070.0,10130.0,10030.0,190699.0
2024.09.02,10070.0,-180.0,10250.0,10250.0,10070.0,68514.0
2024.08.30,10250.0,175.0,10075.0,10265.0,10035.0,25681.0
2024.08.29,10075.0,45.0,9985.0,10085.0,9985.0,28270.0
2024.08.28,10030.0,5.0,10010.0,10075.0,9980.0,20849.0
2024.08.27,10025.0,-30.0,10040.0,10110.0,10010.0,30126.0
2024.08.26,10055.0,-120.0,10170.0,10170.0,10020.0,90095.0
2024.08.23,10175.0,35.0,10105.0,10295.0,10105.0,14167.0
2024.08.22,10140.0,-45.0,10295.0,10295.0,10120.0,17430.0
2024.08.21,10185.0,0.0,10160.0,10205.0,10115.0,19816.0
2024.08.20,10185.0,-85.0,10290.0,10300.0,10130.0,26250.0
2024.08.19,10270.0,-40.0,10310.0,10330.0,10230.0,20302.0
2024.08.16,10310.0,80.0,10405.0,10415.0,10280.0,40863.0
2024.08.14,10230.0,-45.0,10335.0,10345.0,10190.0,30578.0
2024.08.13,10275.0,-25.0,10325.0,10370.0,10255.0,22365.0
2024.08.12,10300.0,-55.0,10355.0,10390.0,10275.0,29822.0
2024.08.09,10355.0,-75.0,10560.0,10640.0,10340.0,25024.0
2024.08.08,10430.0,25.0,10340.0,10440.0,10320.0,14484.0
2024.08.07,10405.0,65.0,10340.0,10445.0,10340.0,24358.0
2024.08.06,10340.0,-40.0,10380.0,10510.0,10320.0,54381.0
2024.08.05,10380.0,-80.0,10395.0,10470.0,10305.0,68923.0
2024.08.02,10460.0,-95.0,10480.0,10560.0,10430.0,65312.0
2024.08.01,10555.0,-65.0,10645.0,10660.0,10530.0,31813.0
2024.07.31,10620.0,220.0,10400.0,10625.0,10400.0,55617.0
2024.07.30,10400.0,-80.0,10480.0,10480.0,10355.0,24776.0
2024.07.29,10480.0,-75.0,10620.0,10620.0,10460.0,266260.0
2024.07.26,10555.0,20.0,10535.0,10590.0,10535.0,16100.0
2024.07.25,10535.0,-10.0,10500.0,10570.0,10450.0,25020.0
2024.07.24,10545.0,-120.0,10560.0,10635.0,10530.0,17847.0
2024.07.23,10665.0,-175.0,10925.0,10925.0,10665.0,24858.0
2024.07.22,10840.0,-80.0,10920.0,10950.0,10770.0,76916.0
2024.07.19,10920.0,95.0,10880.0,10940.0,10765.0,72725.0
2024.07.18,10825.0,60.0,10700.0,10830.0,10640.0,39491.0
2024.07.17,10765.0,0.0,10765.0,10800.0,10715.0,27288.0
2024.07.16,10765.0,45.0,10720.0,10775.0,10720.0,32677.0
2024.07.15,10720.0,70.0,10680.0,10745.0,10630.0,32670.0
2024.07.12,10650.0,70.0,10555.0,10650.0,10525.0,28611.0
2024.07.11,10580.0,45.0,10585.0,10605.0,10540.0,82436.0
2024.07.10,10535.0,30.0,10505.0,10570.0,10470.0,27714.0
2024.07.09,10505.0,110.0,10400.0,10515.0,10340.0,52399.0
2024.07.08,10395.0,-70.0,10480.0,10500.0,10390.0,106377.0
2024.07.05,10465.0,-65.0,10535.0,10570.0,10385.0,33131.0
2024.07.04,10530.0,-90.0,10625.0,10645.0,10530.0,40414.0
2024.07.03,10620.0,-55.0,10675.0,10750.0,10610.0,51801.0
2024.07.02,10675.0,75.0,10630.0,10700.0,10600.0,17825.0
2024.07.01,10600.0,50.0,10555.0,10600.0,10470.0,62264.0
2024.06.28,10550.0,-65.0,10635.0,10650.0,10545.0,32431.0
2024.06.27,10615.0,-80.0,10710.0,10735.0,10610.0,21772.0
2024.06.26,10695.0,110.0,10630.0,10695.0,10595.0,25880.0
2024.06.25,10585.0,-155.0,10750.0,10750.0,10580.0,39478.0
2024.06.24,10740.0,20.0,10745.0,10750.0,10695.0,24790.0
2024.06.21,10720.0,-25.0,10795.0,10795.0,10680.0,23034.0
2024.06.20,10745.0,-35.0,10780.0,10865.0,10675.0,34719.0
2024.06.19,10780.0,-55.0,10890.0,10890.0,10745.0,53375.0
2024.06.18,10835.0,50.0,10940.0,10940.0,10790.0,43691.0
2024.06.17,10785.0,45.0,10740.0,10865.0,10740.0,51371.0
2024.06.14,10740.0,-25.0,10765.0,10780.0,10640.0,52839.0
2024.06.13,10765.0,-60.0,10885.0,10885.0,10740.0,29844.0
2024.06.12,10825.0,25.0,10800.0,10825.0,10775.0,21193.0
2024.06.11,10800.0,-85.0,10890.0,10935.0,10740.0,53627.0
2024.06.10,10885.0,50.0,10835.0,10970.0,10835.0,30131.0
2024.06.07,10835.0,-170.0,11005.0,11005.0,10765.0,52334.0
2024.06.05,11005.0,60.0,10950.0,11050.0,10925.0,74206.0
2024.06.04,10945.0,45.0,10920.0,10950.0,10850.0,106019.0
2024.06.03,10900.0,-100.0,11050.0,11050.0,10870.0,38801.0
2024.05.31,11000.0,40.0,10900.0,11050.0,10900.0,26704.0
2024.05.30,10960.0,75.0,10895.0,11010.0,10870.0,39012.0
2024.05.29,10885.0,50.0,10855.0,10925.0,10825.0,19592.0
2024.05.28,10835.0,-120.0,10965.0,11005.0,10830.0,38605.0
2024.05.27,10955.0,-20.0,10995.0,11005.0,10850.0,43045.0
2024.05.24,10975.0,-45.0,11010.0,11070.0,10895.0,26814.0
2024.05.23,11020.0,-150.0,11170.0,11200.0,10985.0,35249.0
2024.05.22,11170.0,45.0,11175.0,11195.0,11125.0,18279.0
2024.05.21,11125.0,15.0,11220.0,11220.0,11100.0,26360.0
2024.05.20,11110.0,75.0,11140.0,11150.0,11065.0,107072.0
2024.05.17,11035.0,95.0,10955.0,11035.0,10945.0,28532.0
2024.05.16,10940.0,-150.0,11090.0,11090.0,10935.0,63712.0
2024.05.14,11090.0,-10.0,11105.0,11150.0,11055.0,29175.0
2024.05.13,11100.0,-80.0,11180.0,11235.0,11070.0,42539.0
2024.05.10,11180.0,35.0,11240.0,11245.0,11100.0,27705.0
2024.05.09,11145.0,115.0,11070.0,11175.0,11005.0,71053.0
2024.05.08,11030.0,-35.0,11195.0,11195.0,11005.0,44707.0
2024.05.07,11065.0,-125.0,11155.0,11285.0,11005.0,119834.0
2024.05.03,11190.0,165.0,11030.0,11190.0,11030.0,58484.0
2024.05.02,11025.0,-25.0,11040.0,11055.0,10985.0,96920.0
2024.04.30,11050.0,15.0,11070.0,11080.0,10970.0,36531.0
2024.04.29,11035.0,170.0,10870.0,11095.0,10870.0,100399.0
2024.04.26,10865.0,130.0,10875.0,10880.0,10725.0,53970.0
2024.04.25,10735.0,75.0,10730.0,10790.0,10645.0,22511.0
2024.04.24,10660.0,-20.0,10680.0,10830.0,10605.0,27356.0
2024.04.23,10680.0,-115.0,10820.0,10820.0,10650.0,34769.0
2024.04.22,10795.0,20.0,10765.0,10875.0,10680.0,53370.0
2024.04.19,10775.0,-95.0,10855.0,10910.0,10720.0,28276.0
2024.04.18,10870.0,25.0,10850.0,10915.0,10800.0,24208.0
2024.04.17,10845.0,65.0,10815.0,10855.0,10645.0,38391.0
2024.04.16,10780.0,0.0,10840.0,10855.0,10750.0,47282.0
2024.04.15,10780.0,220.0,10560.0,10820.0,10480.0,48333.0
2024.04.12,10560.0,35.0,10525.0,10605.0,10500.0,20141.0
2024.04.11,10525.0,-85.0,10610.0,10615.0,10470.0,61934.0
2024.04.09,10610.0,5.0,10610.0,10665.0,10560.0,36500.0
2024.04.08,10605.0,-220.0,10815.0,10870.0,10580.0,64727.0
2024.04.05,10825.0,40.0,10790.0,10850.0,10730.0,39492.0
2024.04.04,10785.0,140.0,10720.0,10810.0,10650.0,41209.0
2024.04.03,10645.0,-65.0,10755.0,10755.0,10620.0,108187.0
2024.04.02,10710.0,-5.0,10790.0,10825.0,10695.0,98003.0
2024.04.01,10715.0,215.0,10555.0,10730.0,10525.0,64257.0
2024.03.29,10500.0,30.0,10525.0,10525.0,10470.0,29976.0
2024.03.28,10470.0,-10.0,10475.0,10515.0,10390.0,47079.0
2024.03.27,10480.0,20.0,10485.0,10500.0,10390.0,159614.0
2024.03.26,10460.0,-10.0,10465.0,10470.0,10400.0,40624.0
2024.03.25,10470.0,-70.0,10540.0,10640.0,10460.0,113348.0
2024.03.22,10540.0,-55.0,10575.0,10695.0,10435.0,69852.0
2024.03.21,10595.0,-65.0,10660.0,10730.0,10570.0,32396.0
2024.03.20,10660.0,5.0,10700.0,10720.0,10570.0,68596.0
2024.03.19,10655.0,15.0,10645.0,10720.0,10640.0,71707.0
2024.03.18,10640.0,115.0,10565.0,10640.0,10515.0,36526.0
2024.03.15,10525.0,110.0,10410.0,10525.0,10395.0,30443.0
2024.03.14,10415.0,-30.0,10440.0,10500.0,10395.0,33565.0
2024.03.13,10445.0,-25.0,10555.0,10560.0,10395.0,23897.0
2024.03.12,10470.0,80.0,10430.0,10490.0,10395.0,48945.0
2024.03.11,10390.0,60.0,10330.0,10400.0,10285.0,50208.0
2024.03.08,10330.0,-45.0,10380.0,10390.0,10295.0,49209.0
2024.03.07,10375.0,-125.0,10500.0,10515.0,10370.0,43947.0
2024.03.06,10500.0,-20.0,10515.0,10595.0,10480.0,69796.0
2024.03.05,10520.0,120.0,10400.0,10540.0,10335.0,149907.0
2024.03.04,10400.0,95.0,10385.0,10420.0,10330.0,132184.0
2024.02.29,10305.0,20.0,10250.0,10345.0,10175.0,41381.0
2024.02.28,10285.0,60.0,10390.0,10390.0,10240.0,42441.0
2024.02.27,10225.0,70.0,10155.0,10245.0,10110.0,30211.0
2024.02.26,10155.0,-170.0,10330.0,10400.0,10120.0,141353.0
2024.02.23,10325.0,5.0,10335.0,10410.0,10265.0,65211.0
2024.02.22,10320.0,10.0,10310.0,10360.0,10260.0,44533.0
2024.02.21,10310.0,190.0,10120.0,10340.0,10105.0,125302.0
2024.02.20,10120.0,25.0,10145.0,10185.0,10060.0,45780.0
2024.02.19,10095.0,-130.0,10300.0,10325.0,10015.0,52345.0
2024.02.16,10225.0,85.0,10230.0,10500.0,10140.0,91111.0
2024.02.15,10140.0,205.0,9995.0,10150.0,9940.0,51684.0
2024.02.14,9935.0,5.0,9935.0,9950.0,9850.0,28899.0
2024.02.13,9930.0,0.0,9940.0,10090.0,9910.0,89907.0
2024.02.08,9930.0,80.0,9985.0,10000.0,9855.0,229246.0
2024.02.07,9850.0,120.0,9785.0,9875.0,9745.0,55569.0
2024.02.06,9730.0,215.0,9530.0,9740.0,9420.0,202378.0
2024.02.05,9515.0,230.0,9390.0,9565.0,9285.0,63708.0
2024.02.02,9285.0,-295.0,9670.0,9670.0,9280.0,97888.0
2024.02.01,9580.0,-20.0,9535.0,9675.0,9500.0,63900.0
2024.01.31,9600.0,-130.0,9690.0,9690.0,9565.0,39655.0
2024.01.30,9730.0,-175.0,9900.0,9900.0,9705.0,70579.0
2024.01.29,10135.0,-115.0,10270.0,10315.0,10085.0,59150.0
2024.01.26,10250.0,20.0,10230.0,10305.0,10165.0,52786.0
2024.01.25,10230.0,260.0,10000.0,10230.0,10000.0,93526.0
2024.01.24,9970.0,120.0,9890.0,9970.0,9775.0,34385.0
2024.01.23,9850.0,20.0,9830.0,9855.0,9740.0,33678.0
2024.01.22,9830.0,-110.0,9980.0,9980.0,9830.0,40918.0
2024.01.19,9940.0,90.0,9990.0,9990.0,9885.0,36356.0
2024.01.18,9850.0,-105.0,9960.0,9960.0,9715.0,61569.0
2024.01.17,9955.0,-10.0,9970.0,10060.0,9950.0,31872.0
2024.01.16,9965.0,65.0,9930.0,10000.0,9870.0,18452.0
2024.01.15,9900.0,15.0,9885.0,9970.0,9825.0,31230.0
2024.01.12,9885.0,-30.0,9905.0,9945.0,9845.0,38847.0
2024.01.11,9915.0,10.0,9955.0,9960.0,9815.0,52567.0
2024.01.10,9905.0,-35.0,9940.0,9940.0,9850.0,44472.0
2024.01.09,9940.0,0.0,9940.0,9940.0,9870.0,29428.0
2024.01.08,9940.0,-75.0,10110.0,10110.0,9915.0,75295.0
2024.01.05,10015.0,-15.0,10040.0,10110.0,10015.0,46070.0
2024.01.04,10030.0,-85.0,10135.0,10145.0,9965.0,37064.0
2024.01.03,10115.0,-25.0,10235.0,10235.0,10065.0,79018.0
2024.01.02,10140.0,-10.0,10155.0,10245.0,10125.0,104075.0
2023.12.28,10150.0,245.0,9925.0,10175.0,9900.0,47847.0
2023.12.27,9905.0,5.0,9930.0,9945.0,9820.0,46190.0
2023.12.26,9900.0,-70.0,9970.0,10000.0,9855.0,37956.0
2023.12.22,9970.0,35.0,9935.0,10020.0,9895.0,55549.0
2023.12.21,9935.0,60.0,9875.0,9950.0,9835.0,69758.0
2023.12.20,9875.0,-75.0,9960.0,10025.0,9875.0,91299.0
2023.12.19,9950.0,25.0,9965.0,9995.0,9925.0,28740.0
2023.12.18,9925.0,-60.0,10050.0,10050.0,9920.0,41413.0
2023.12.15,9985.0,-20.0,10055.0,10120.0,9980.0,39520.0
2023.12.14,10005.0,-170.0,10225.0,10225.0,9990.0,32306.0
2023.12.13,10175.0,-105.0,10300.0,10310.0,10150.0,25600.0
2023.12.12,10280.0,10.0,10290.0,10345.0,10230.0,29482.0
2023.12.11,10270.0,100.0,10190.0,10270.0,10080.0,28973.0
2023.12.08,10170.0,-120.0,10270.0,10270.0,10150.0,16625.0
2023.12.07,10290.0,55.0,10235.0,10295.0,10175.0,31007.0
2023.12.06,10235.0,-35.0,10270.0,10270.0,10190.0,26741.0
2023.12.05,10270.0,-105.0,10375.0,10425.0,10270.0,44455.0
2023.12.04,10375.0,-50.0,10410.0,10430.0,10325.0,31727.0
2023.12.01,10425.0,90.0,10380.0,10450.0,10350.0,19907.0
2023.11.30,10335.0,10.0,10385.0,10385.0,10305.0,16207.0
2023.11.29,10325.0,-70.0,10415.0,10415.0,10305.0,30331.0
2023.11.28,10395.0,-100.0,10520.0,10520.0,10355.0,68980.0
2023.11.27,10495.0,-120.0,10615.0,10640.0,10470.0,36074.0
2023.11.24,10615.0,10.0,10605.0,10695.0,10585.0,11851.0
2023.11.23,10605.0,10.0,10600.0,10640.0,10495.0,24635.0
2023.11.22,10595.0,0.0,10650.0,10650.0,10585.0,12980.0
2023.11.21,10595.0,20.0,10575.0,10680.0,10550.0,620645.0
2023.11.20,10575.0,100.0,10515.0,10585.0,10470.0,28050.0
2023.11.17,10475.0,-20.0,10510.0,10510.0,10390.0,26788.0
2023.11.16,10495.0,-130.0,10685.0,10685.0,10480.0,17532.0
2023.11.15,10625.0,-70.0,10785.0,10790.0,10565.0,2774376.0
2023.11.14,10695.0,40.0,10695.0,10725.0,10660.0,7492.0
2023.11.13,10655.0,15.0,10655.0,10740.0,10585.0,39103.0
2023.11.10,10640.0,-10.0,10675.0,10675.0,10565.0,9010.0
2023.11.09,10650.0,10.0,10695.0,10695.0,10615.0,10680.0
2023.11.08,10640.0,-35.0,10710.0,10710.0,10590.0,31209.0
2023.11.07,10675.0,70.0,10625.0,10675.0,10575.0,1064233.0
2023.11.06,10605.0,-145.0,10845.0,10845.0,10600.0,2322331.0
2023.11.03,10750.0,-115.0,10910.0,10910.0,10710.0,34559.0
2023.11.02,10865.0,-155.0,11115.0,11120.0,10845.0,37251.0
2023.11.01,11020.0,55.0,11090.0,11090.0,10965.0,16256.0
2023.10.31,10965.0,-55.0,11085.0,11085.0,10890.0,10150.0
2023.10.30,11020.0,25.0,10995.0,11065.0,10860.0,4518521.0
2023.10.27,10995.0,245.0,10780.0,11010.0,10735.0,2414369.0
2023.10.26,10750.0,50.0,10700.0,10750.0,10640.0,15267.0
2023.10.25,10700.0,125.0,10715.0,10780.0,10665.0,117558.0
2023.10.24,10575.0,-5.0,10580.0,10655.0,10505.0,28089.0
2023.10.23,10580.0,-155.0,10770.0,10770.0,10580.0,11828.0
2023.10.20,10735.0,-145.0,10880.0,10880.0,10690.0,24626.0
2023.10.19,10880.0,-185.0,11040.0,11080.0,10880.0,11458.0
2023.10.18,11065.0,-65.0,11130.0,11170.0,11040.0,15545.0
2023.10.17,11130.0,35.0,11180.0,11180.0,11055.0,11106.0
2023.10.16,11095.0,-80.0,11175.0,11240.0,11095.0,14474.0
2023.10.13,11175.0,-60.0,11235.0,11290.0,11140.0,11962.0
2023.10.12,11235.0,115.0,11230.0,11275.0,11170.0,36138.0
2023.10.11,11120.0,-50.0,11215.0,11245.0,11115.0,50527.0
2023.10.10,11170.0,-15.0,11200.0,11365.0,11170.0,58695.0
2023.10.06,11185.0,-65.0,11245.0,11300.0,11175.0,16452.0
2023.10.05,11250.0,55.0,11370.0,11380.0,11180.0,6152.0
2023.10.04,11195.0,-180.0,11365.0,11365.0,11155.0,20079.0
2023.09.27,11375.0,85.0,11215.0,11405.0,11215.0,13786.0
2023.09.26,11290.0,40.0,11250.0,11340.0,11240.0,19379.0
2023.09.25,11250.0,-80.0,11330.0,11375.0,11225.0,230660.0
2023.09.22,11330.0,90.0,11225.0,11355.0,11150.0,13170.0
2023.09.21,11240.0,-10.0,11250.0,11315.0,11185.0,8685.0
2023.09.20,11250.0,-20.0,11270.0,11270.0,11200.0,8903.0
2023.09.19,11270.0,25.0,11270.0,11270.0,11180.0,12024.0
2023.09.18,11245.0,0.0,11245.0,11285.0,11195.0,15760.0
2023.09.15,11245.0,-70.0,11320.0,11420.0,11240.0,21959.0
2023.09.14,11315.0,0.0,11380.0,11415.0,11270.0,14000.0
2023.09.13,11315.0,-60.0,11375.0,11400.0,11285.0,14758.0
2023.09.12,11375.0,-15.0,11425.0,11425.0,11310.0,17645.0
2023.09.11,11390.0,105.0,11290.0,11505.0,11255.0,35248.0
2023.09.08,11285.0,-85.0,11350.0,11365.0,11225.0,20712.0
2023.09.07,11370.0,-125.0,11500.0,11560.0,11365.0,56163.0
2023.09.06,11495.0,-35.0,11505.0,11590.0,11460.0,131222.0
2023.09.05,11530.0,5.0,11530.0,11560.0,11450.0,23662.0
2023.09.04,11525.0,185.0,11350.0,11550.0,11350.0,31066.0
2023.09.01,11340.0,45.0,11320.0,11405.0,11305.0,40320.0
2023.08.31,11295.0,-45.0,11355.0,11390.0,11250.0,355883.0
2023.08.30,11340.0,-10.0,11405.0,11405.0,11305.0,208212.0
2023.08.29,11350.0,85.0,11325.0,11440.0,11240.0,221418.0
2023.08.28,11265.0,100.0,11165.0,11695.0,11165.0,192593.0
2023.08.25,11165.0,-105.0,11285.0,11285.0,11160.0,48057.0
2023.08.24,11270.0,-60.0,11345.0,11450.0,11210.0,83101.0
2023.08.23,11330.0,-85.0,11415.0,11440.0,11305.0,69741.0
2023.08.22,11415.0,35.0,11385.0,11475.0,11285.0,84477.0
2023.08.21,11380.0,-165.0,11455.0,11545.0,11360.0,21352.0
2023.08.18,11545.0,-90.0,11550.0,11670.0,11495.0,50930.0
2023.08.17,11635.0,-5.0,11550.0,11635.0,11480.0,71865.0
2023.08.16,11640.0,-60.0,11660.0,11715.0,11585.0,43078.0
2023.08.14,11700.0,-150.0,11800.0,11800.0,11600.0,51114.0
2023.08.11,11850.0,-140.0,11950.0,12045.0,11815.0,60400.0
2023.08.10,11990.0,30.0,11900.0,12000.0,11900.0,19031.0
2023.08.09,11960.0,-65.0,11930.0,12045.0,11930.0,24999.0
2023.08.08,12025.0,75.0,11930.0,12075.0,11930.0,35739.0
2023.08.07,11950.0,-200.0,12135.0,12135.0,11930.0,37145.0
2023.08.04,12150.0,200.0,11920.0,12195.0,11920.0,84454.0
2023.08.03,11950.0,105.0,11755.0,11950.0,11755.0,22398.0
2023.08.02,11845.0,35.0,11740.0,11920.0,11735.0,60191.0
2023.08.01,11810.0,-20.0,11850.0,11915.0,11780.0,40722.0
2023.07.31,11830.0,55.0,11815.0,11950.0,11750.0,79054.0
2023.07.28,11775.0,280.0,11475.0,11775.0,11385.0,99539.0
2023.07.27,11495.0,35.0,11460.0,11565.0,11455.0,158784.0
2023.07.26,11460.0,-45.0,11500.0,11540.0,11435.0,22948.0
2023.07.25,11505.0,350.0,11165.0,11540.0,11165.0,177553.0
2023.07.24,11155.0,-115.0,11270.0,11305.0,11155.0,11137.0
2023.07.21,11270.0,95.0,11175.0,11340.0,11165.0,17316.0
2023.07.20,11175.0,50.0,11085.0,11240.0,11085.0,89348.0
2023.07.19,11125.0,-35.0,11160.0,11240.0,11055.0,73914.0
2023.07.18,11160.0,-75.0,11225.0,11320.0,11140.0,66050.0
2023.07.17,11235.0,-155.0,11400.0,11440.0,11225.0,38413.0
2023.07.14,11390.0,0.0,11430.0,11430.0,11340.0,60055.0
2023.07.13,11390.0,30.0,11360.0,11400.0,11235.0,27901.0
2023.07.12,11360.0,-45.0,11390.0,11440.0,11335.0,10950.0
2023.07.11,11405.0,20.0,11335.0,11425.0,11300.0,36765.0
2023.07.10,11385.0,60.0,11335.0,11425.0,11280.0,63575.0
2023.07.07,11325.0,-5.0,11330.0,11380.0,11300.0,15597.0
2023.07.06,11330.0,-110.0,11435.0,11490.0,11310.0,75494.0
2023.07.05,11440.0,-100.0,11475.0,11590.0,11420.0,21671.0
2023.07.04,11540.0,40.0,11590.0,11590.0,11470.0,59900.0
2023.07.03,11500.0,15.0,11525.0,11570.0,11435.0,48221.0
2023.06.30,11485.0,75.0,11410.0,11515.0,11360.0,26340.0
2023.06.29,11410.0,45.0,11365.0,11425.0,11290.0,14672.0
2023.06.28,11365.0,0.0,11415.0,11425.0,11230.0,122136.0
2023.06.27,11365.0,95.0,11275.0,11370.0,11245.0,11593.0
2023.06.26,11270.0,-110.0,11380.0,11590.0,11235.0,47333.0
2023.06.23,11380.0,-35.0,11425.0,11475.0,11370.0,15037.0
2023.06.22,11415.0,-15.0,11430.0,11430.0,11325.0,19367.0
2023.06.21,11430.0,-50.0,11480.0,11540.0,11420.0,30731.0
2023.06.20,11480.0,-30.0,11580.0,11620.0,11460.0,32230.0
2023.06.19,11510.0,-50.0,11575.0,11620.0,11490.0,83569.0
2023.06.16,11560.0,150.0,11445.0,11570.0,11440.0,26904.0
2023.06.15,11410.0,170.0,11275.0,11430.0,11220.0,51495.0
2023.06.14,11240.0,75.0,11170.0,11310.0,11160.0,57087.0
2023.06.13,11165.0,-165.0,11330.0,11330.0,11130.0,74486.0
2023.06.12,11330.0,15.0,11310.0,11345.0,11250.0,25186.0
2023.06.09,11315.0,-50.0,11440.0,11440.0,11270.0,68829.0
2023.06.08,11365.0,65.0,11400.0,11400.0,11265.0,36879.0
2023.06.07,11300.0,-200.0,11475.0,11475.0,11300.0,56868.0
2023.06.05,11500.0,-100.0,11645.0,11685.0,11470.0,43684.0
2023.06.02,11600.0,100.0,11555.0,11600.0,11500.0,34239.0
2023.06.01,11500.0,-25.0,11555.0,11625.0,11465.0,96448.0
2023.05.31,11525.0,-75.0,11600.0,11625.0,11460.0,40343.0
2023.05.30,11600.0,-150.0,11750.0,11815.0,11440.0,89022.0
2023.05.26,11750.0,60.0,11750.0,11785.0,11640.0,64352.0
2023.05.25,11690.0,-80.0,11770.0,11820.0,11610.0,241089.0
2023.05.24,11770.0,-110.0,11925.0,11925.0,11750.0,24699.0
2023.05.23,11880.0,-225.0,12065.0,12110.0,11860.0,150813.0
2023.05.22,12105.0,15.0,12145.0,12195.0,12015.0,72297.0
2023.05.19,12090.0,-160.0,12250.0,12295.0,12035.0,26836.0
2023.05.18,12250.0,-70.0,12305.0,12345.0,12235.0,16810.0
2023.05.17,12320.0,-150.0,12470.0,12520.0,12300.0,26419.0
2023.05.16,12470.0,75.0,12395.0,12520.0,12390.0,49404.0
2023.05.15,12395.0,80.0,12315.0,12395.0,12265.0,27727.0
2023.05.12,12315.0,-65.0,12400.0,12450.0,12305.0,25479.0
2023.05.11,12380.0,45.0,12340.0,12395.0,12285.0,21905.0
2023.05.10,12335.0,-125.0,12465.0,12495.0,12330.0,16398.0
2023.05.09,12460.0,-50.0,12570.0,12695.0,12460.0,39179.0
2023.05.08,12510.0,10.0,12425.0,12590.0,12425.0,272457.0
2023.05.04,12500.0,-240.0,12750.0,12750.0,12445.0,183907.0
2023.05.03,12740.0,-100.0,12830.0,12910.0,12725.0,45721.0
2023.05.02,12840.0,180.0,12850.0,12850.0,12670.0,17871.0
2023.04.28,12660.0,100.0,12660.0,12685.0,12520.0,15555.0
2023.04.27,12560.0,125.0,12435.0,12590.0,12420.0,8699.0
2023.04.26,12435.0,-5.0,12385.0,12495.0,12375.0,10476.0
2023.04.25,12440.0,-70.0,12540.0,12540.0,12370.0,15274.0
2023.04.24,12510.0,-175.0,12685.0,12715.0,12495.0,49058.0
2023.04.21,12685.0,-85.0,12775.0,12860.0,12675.0,626429.0
2023.04.20,12770.0,-65.0,12845.0,12915.0,12735.0,1752344.0
2023.04.19,12835.0,-80.0,12950.0,12950.0,12830.0,2354106.0
2023.04.18,12915.0,125.0,12905.0,12945.0,12865.0,76543.0
2023.04.17,12790.0,215.0,12615.0,12795.0,12555.0,101107.0
2023.04.14,12575.0,-25.0,12615.0,12630.0,12515.0,2176910.0
2023.04.13,12600.0,-185.0,12785.0,12785.0,12600.0,18147.0
2023.04.12,12785.0,40.0,12825.0,12825.0,12745.0,54966.0
2023.04.11,12745.0,-100.0,12770.0,12855.0,12680.0,44598.0
2023.04.10,12845.0,35.0,12925.0,12925.0,12760.0,64048.0
2023.04.07,12810.0,115.0,12800.0,12830.0,12700.0,21758.0
2023.04.06,12695.0,20.0,12660.0,12750.0,12660.0,24525.0
2023.04.05,12675.0,-70.0,12745.0,12775.0,12660.0,49156.0
2023.04.04,12745.0,55.0,12745.0,12755.0,12575.0,1619573.0
2023.04.03,12690.0,150.0,12595.0,12720.0,12550.0,32660.0
2023.03.31,12540.0,115.0,12425.0,12540.0,12370.0,17773.0
2023.03.30,12425.0,35.0,12550.0,12550.0,12285.0,15148.0
2023.03.29,12390.0,75.0,12435.0,12435.0,12260.0,375192.0
2023.03.28,12315.0,-40.0,12355.0,12405.0,12290.0,353212.0
2023.03.27,12355.0,35.0,12360.0,12440.0,12255.0,35157.0
2023.03.24,12320.0,-20.0,12340.0,12420.0,12305.0,810952.0
2023.03.23,12340.0,-25.0,12305.0,12350.0,12230.0,12520.0
2023.03.22,12365.0,-15.0,12415.0,12440.0,12315.0,1168806.0
2023.03.21,12380.0,150.0,12295.0,12385.0,12225.0,7390.0
2023.03.20,12230.0,-65.0,12290.0,12370.0,12230.0,69638.0
2023.03.17,12295.0,85.0,12330.0,12400.0,12210.0,845228.0
2023.03.16,12210.0,-85.0,12355.0,12355.0,12205.0,6321.0
2023.03.15,12295.0,-60.0,12240.0,12415.0,12240.0,29875.0
2023.03.14,12355.0,55.0,12210.0,12355.0,12200.0,18766.0
2023.03.13,12300.0,10.0,12350.0,12375.0,12190.0,17819.0
2023.03.10,12290.0,-115.0,12385.0,12385.0,12255.0,16158.0
2023.03.09,12405.0,55.0,12370.0,12430.0,12295.0,38406.0
2023.03.08,12350.0,-25.0,12380.0,12455.0,12335.0,69449.0
2023.03.07,12375.0,-170.0,12540.0,12545.0,12375.0,849168.0
2023.03.06,12545.0,-190.0,12645.0,12800.0,12485.0,315385.0
2023.03.03,12735.0,-35.0,12780.0,12850.0,12625.0,37213.0
2023.03.02,12770.0,230.0,12650.0,12810.0,12650.0,969807.0
2023.02.28,12540.0,60.0,12480.0,12540.0,12455.0,113116.0
2023.02.27,12480.0,65.0,12365.0,12480.0,12320.0,22822.0
2023.02.24,12415.0,-205.0,12680.0,12680.0,12340.0,132519.0
2023.02.23,12620.0,-60.0,12720.0,12720.0,12590.0,21502.0
2023.02.22,12680.0,-35.0,12635.0,12730.0,12635.0,353557.0
2023.02.21,12715.0,-5.0,12720.0,12775.0,12650.0,21728.0
2023.02.20,12720.0,250.0,12400.0,12725.0,12395.0,10856.0
2023.02.17,12470.0,-80.0,12550.0,12555.0,12415.0,15074.0
2023.02.16,12550.0,-80.0,12630.0,12745.0,12550.0,34725.0
2023.02.15,12630.0,70.0,12635.0,12660.0,12500.0,10226.0
2023.02.14,12560.0,-135.0,12695.0,12745.0,12535.0,11487.0
2023.02.13,12695.0,180.0,12570.0,12700.0,12515.0,16533.0
2023.02.10,12515.0,10.0,12550.0,12620.0,12445.0,111739.0
2023.02.09,12505.0,95.0,12410.0,12550.0,12360.0,9473.0
2023.02.08,12410.0,5.0,12420.0,12445.0,12335.0,151922.0
2023.02.07,12405.0,65.0,12500.0,12500.0,12305.0,11088.0
2023.02.06,12340.0,40.0,12300.0,12355.0,12250.0,31045.0
2023.02.03,12300.0,-205.0,12555.0,12555.0,12185.0,70916.0
2023.02.02,12505.0,-10.0,12630.0,12640.0,12440.0,134420.0
2023.02.01,12515.0,90.0,12440.0,12530.0,12380.0,60129.0
2023.01.31,12425.0,-140.0,12565.0,12565.0,12360.0,50674.0
2023.01.30,12565.0,-200.0,12765.0,12850.0,12545.0,83940.0
2023.01.27,12765.0,85.0,12685.0,12765.0,12680.0,27173.0
2023.01.26,12680.0,120.0,12550.0,12685.0,12505.0,43078.0
2023.01.25,12560.0,170.0,12470.0,12600.0,12425.0,21488.0
2023.01.20,12390.0,70.0,12320.0,12410.0,12320.0,36337.0
2023.01.19,12320.0,-80.0,12395.0,12395.0,12250.0,30698.0
2023.01.18,12400.0,-25.0,12380.0,12475.0,12335.0,28717.0
2023.01.17,12425.0,-125.0,12550.0,12625.0,12400.0,23754.0
2023.01.16,12550.0,265.0,12305.0,12605.0,12305.0,12323.0
2023.01.13,12285.0,115.0,12190.0,12300.0,12170.0,8476.0
2023.01.12,12170.0,35.0,12155.0,12215.0,12095.0,5203.0
2023.01.11,12135.0,-10.0,12145.0,12235.0,12115.0,11928.0
2023.01.10,12145.0,0.0,12200.0,12200.0,12000.0,19546.0
2023.01.09,12145.0,125.0,12020.0,12180.0,11980.0,28459.0
2023.01.06,12020.0,40.0,12030.0,12100.0,11975.0,33363.0
2023.01.05,11980.0,240.0,11775.0,11985.0,11775.0,26070.0
2023.01.04,11740.0,-20.0,11780.0,11800.0,11705.0,30764.0
2023.01.03,11760.0,115.0,11645.0,11760.0,11530.0,247081.0
2023.01.02,11645.0,120.0,11550.0,11645.0,11550.0,9762.0
2022.12.29,11525.0,-25.0,11545.0,11550.0,11445.0,4115.0
2022.12.28,11550.0,-135.0,11635.0,11640.0,11520.0,59297.0
2022.12.27,11685.0,125.0,11570.0,11685.0,11530.0,8906.0
2022.12.26,11560.0,80.0,11595.0,11595.0,11485.0,6304.0
2022.12.23,11480.0,5.0,11565.0,11580.0,11410.0,59765.0
2022.12.22,11475.0,-90.0,11540.0,11615.0,11470.0,7152.0
2022.12.21,11565.0,-30.0,11590.0,11655.0,11515.0,3199.0
2022.12.20,11595.0,-355.0,11940.0,11940.0,11510.0,79694.0
2022.12.19,11950.0,-200.0,12150.0,12150.0,11930.0,20250.0
2022.12.16,12150.0,105.0,12035.0,12150.0,12010.0,7978.0
2022.12.15,12045.0,-5.0,12050.0,12080.0,12025.0,6803.0
2022.12.14,12050.0,-70.0,12110.0,12110.0,12035.0,4394.0
2022.12.13,12120.0,-75.0,12215.0,12215.0,12045.0,8121.0
2022.12.12,12195.0,-5.0,12235.0,12235.0,12130.0,4478.0
2022.12.09,12200.0,-90.0,12305.0,12335.0,12100.0,12074.0
2022.12.08,12290.0,120.0,12105.0,12310.0,12105.0,352966.0
2022.12.07,12170.0,-10.0,12195.0,12255.0,12100.0,16736.0
2022.12.06,12180.0,270.0,11995.0,12200.0,11905.0,31691.0
2022.12.05,11910.0,255.0,11680.0,11920.0,11680.0,22731.0
2022.12.02,11655.0,-55.0,11715.0,11820.0,11565.0,20607.0
2022.12.01,11710.0,150.0,11640.0,11840.0,11640.0,40070.0
2022.11.30,11560.0,-55.0,11640.0,11660.0,11560.0,7268.0
2022.11.29,11615.0,270.0,11405.0,11640.0,11310.0,22367.0
2022.11.28,11345.0,-105.0,11485.0,11600.0,11180.0,13700.0
2022.11.25,11450.0,45.0,11435.0,11465.0,11355.0,5576.0
2022.11.24,11405.0,-240.0,11540.0,11660.0,11400.0,12389.0
2022.11.23,11645.0,20.0,11695.0,11695.0,11580.0,9089.0
2022.11.22,11625.0,45.0,11640.0,11720.0,11575.0,10487.0
2022.11.21,11580.0,-185.0,11735.0,11735.0,11490.0,38417.0
2022.11.18,11765.0,-25.0,11775.0,11800.0,11685.0,2385.0
2022.11.17,11790.0,60.0,11795.0,11820.0,11575.0,45111.0
2022.11.16,11730.0,-40.0,11835.0,11835.0,11655.0,43250.0
2022.11.15,11770.0,110.0,11660.0,11800.0,11555.0,15372.0
2022.11.14,11660.0,165.0,11500.0,11740.0,11500.0,13588.0
2022.11.11,11495.0,120.0,11440.0,11590.0,11385.0,6638.0
2022.11.10,11375.0,-10.0,11380.0,11395.0,11240.0,19926.0
2022.11.09,11385.0,-315.0,11660.0,11670.0,11370.0,50168.0
2022.11.08,11700.0,-270.0,11935.0,11935.0,11650.0,8577.0
2022.11.07,11970.0,-155.0,12080.0,12105.0,11925.0,5191.0
2022.11.04,12125.0,495.0,11525.0,12125.0,11525.0,2911.0
2022.11.03,11630.0,-165.0,11620.0,11635.0,11465.0,23296.0
2022.11.02,11795.0,255.0,11540.0,11855.0,11470.0,18095.0
2022.11.01,11540.0,340.0,11200.0,11540.0,11120.0,95926.0
2022.10.31,11200.0,-195.0,11395.0,11425.0,11130.0,27002.0
2022.10.28,11395.0,-250.0,11630.0,11630.0,11365.0,5381.0
2022.10.27,11645.0,40.0,11645.0,11790.0,11630.0,1598.0
2022.10.26,11605.0,30.0,11580.0,11725.0,11520.0,7580.0
2022.10.25,11575.0,-170.0,11865.0,11865.0,11515.0,12685.0
2022.10.24,11745.0,-290.0,11995.0,12150.0,11640.0,70827.0
2022.10.21,12035.0,-65.0,12100.0,12100.0,11970.0,4114.0
2022.10.20,12100.0,30.0,12110.0,12165.0,11920.0,13791.0
2022.10.19,12070.0,-190.0,12275.0,12320.0,12040.0,12991.0
2022.10.18,12260.0,-130.0,12400.0,12500.0,12230.0,23554.0
2022.10.17,12390.0,-15.0,12385.0,12425.0,12305.0,5898.0
2022.10.14,12405.0,290.0,12230.0,12415.0,12085.0,2843.0
2022.10.13,12115.0,-5.0,12130.0,12225.0,12025.0,33450.0
2022.10.12,12120.0,-20.0,12140.0,12140.0,11620.0,298575.0
2022.10.11,12140.0,-370.0,12210.0,12210.0,12050.0,5637.0
2022.10.07,12510.0,-305.0,12720.0,12740.0,12505.0,7005.0
2022.10.06,12815.0,-105.0,12890.0,12890.0,12750.0,4819.0
2022.10.05,12920.0,355.0,12565.0,12980.0,12460.0,53001.0
2022.10.04,12565.0,65.0,12500.0,12590.0,12265.0,35462.0
2022.09.30,12500.0,80.0,12265.0,12560.0,12265.0,24599.0
2022.09.29,12420.0,-100.0,12420.0,12545.0,12405.0,8157.0
2022.09.28,12520.0,-25.0,12540.0,12540.0,12390.0,168523.0
2022.09.27,12545.0,35.0,12510.0,12555.0,12385.0,3214.0
2022.09.26,12510.0,95.0,12475.0,12560.0,12355.0,20165.0
2022.09.23,12415.0,-100.0,12515.0,12560.0,12345.0,38748.0
2022.09.22,12515.0,-105.0,12610.0,12610.0,12450.0,7510.0
2022.09.21,12620.0,-80.0,12700.0,12700.0,12505.0,4175.0
2022.09.20,12700.0,40.0,12725.0,12760.0,12670.0,27905.0
2022.09.19,12660.0,-130.0,12785.0,12785.0,12620.0,20222.0
2022.09.16,12790.0,-290.0,13085.0,13085.0,12750.0,6014.0
2022.09.15,13080.0,-150.0,13300.0,13300.0,13025.0,9032.0
2022.09.14,13230.0,0.0,13215.0,13255.0,13130.0,16262.0
2022.09.13,13230.0,115.0,13380.0,13510.0,13200.0,34391.0
2022.09.08,13115.0,35.0,13120.0,13185.0,13080.0,58877.0
2022.09.07,13080.0,95.0,12970.0,13090.0,12945.0,16356.0
2022.09.06,12985.0,55.0,12930.0,13085.0,12900.0,27577.0
2022.09.05,12930.0,-5.0,12935.0,12990.0,12855.0,16084.0
2022.09.02,12935.0,-25.0,12960.0,13055.0,12910.0,92686.0
2022.09.01,12960.0,20.0,12790.0,13090.0,12790.0,54859.0
2022.08.31,12940.0,-30.0,12930.0,12960.0,12790.0,9199.0
2022.08.30,12970.0,35.0,12970.0,12970.0,12860.0,8833.0
2022.08.29,12935.0,-60.0,12940.0,12980.0,12810.0,87859.0
2022.08.26,12995.0,0.0,13040.0,13085.0,12995.0,6555.0
2022.08.25,12995.0,-35.0,13030.0,13030.0,12835.0,12038.0
2022.08.24,13030.0,-215.0,13275.0,13275.0,13015.0,15355.0
2022.08.23,13245.0,-55.0,13285.0,13300.0,13195.0,5195.0
2022.08.22,13300.0,120.0,13175.0,13320.0,13130.0,11349.0
2022.08.19,13180.0,-35.0,13270.0,13290.0,13135.0,36616.0
2022.08.18,13215.0,-55.0,13270.0,13270.0,13150.0,8335.0
2022.08.17,13270.0,85.0,13185.0,13310.0,13115.0,47040.0
2022.08.16,13185.0,-70.0,13330.0,13390.0,13110.0,56123.0
2022.08.12,13255.0,120.0,13170.0,13270.0,13115.0,47160.0
2022.08.11,13135.0,220.0,12935.0,13150.0,12920.0,25514.0
2022.08.10,12915.0,-150.0,13065.0,13080.0,12915.0,7025.0
2022.08.09,13065.0,15.0,12875.0,13075.0,12875.0,10679.0
2022.08.08,13050.0,55.0,12995.0,13050.0,12980.0,2109.0
2022.08.05,12995.0,20.0,12925.0,12995.0,12820.0,20056.0
2022.08.04,12975.0,60.0,12920.0,12990.0,12840.0,26659.0
2022.08.03,12915.0,-40.0,13035.0,13050.0,12885.0,37181.0
2022.08.02,12955.0,-245.0,13250.0,13250.0,12805.0,46284.0
2022.08.01,13200.0,120.0,13100.0,13260.0,12950.0,163869.0
2022.07.29,13080.0,-160.0,13230.0,13270.0,13060.0,10703.0
2022.07.28,13240.0,-55.0,13350.0,13385.0,13240.0,22011.0
2022.07.27,13295.0,-90.0,13410.0,13410.0,13250.0,148023.0
2022.07.26,13385.0,0.0,13335.0,13430.0,13330.0,29518.0
2022.07.25,13385.0,55.0,13330.0,13420.0,13245.0,31757.0
2022.07.22,13330.0,-115.0,13330.0,13440.0,13300.0,31328.0
2022.07.21,13445.0,-120.0,13515.0,13525.0,13380.0,28762.0
2022.07.20,13565.0,20.0,13545.0,13590.0,13505.0,36996.0
2022.07.19,13545.0,-45.0,13575.0,13575.0,13415.0,49413.0
2022.07.18,13590.0,-5.0,13510.0,13625.0,13330.0,36396.0
2022.07.15,13595.0,-15.0,13610.0,13740.0,13550.0,12525.0
2022.07.14,13610.0,50.0,13510.0,13705.0,13495.0,28971.0
2022.07.13,13560.0,-45.0,13485.0,13890.0,13485.0,39127.0
2022.07.12,13605.0,55.0,13705.0,13740.0,13520.0,26100.0
2022.07.11,13550.0,-280.0,13770.0,13825.0,13495.0,687936.0
2022.07.08,13830.0,-70.0,13900.0,14005.0,13785.0,639575.0
2022.07.07,13900.0,105.0,13920.0,13925.0,13785.0,610963.0
2022.07.06,13795.0,-255.0,14075.0,14075.0,13760.0,1153491.0
2022.07.05,14050.0,20.0,14075.0,14145.0,13955.0,44310.0
2022.07.04,14030.0,5.0,14055.0,14090.0,13905.0,148955.0
2022.07.01,14025.0,-100.0,14005.0,14040.0,13885.0,94902.0
2022.06.30,14125.0,280.0,13850.0,14195.0,13735.0,65620.0
2022.06.29,13845.0,15.0,13850.0,13940.0,13780.0,31263.0
2022.06.28,13830.0,-5.0,13750.0,13830.0,13655.0,118555.0
2022.06.27,13835.0,25.0,13745.0,13860.0,13715.0,306506.0
2022.06.24,13810.0,220.0,13590.0,13810.0,13540.0,368790.0
2022.06.23,13590.0,260.0,13340.0,13615.0,13265.0,152041.0
2022.06.22,13330.0,-110.0,13500.0,13600.0,13330.0,15905.0
2022.06.21,13440.0,-160.0,13620.0,13620.0,13395.0,578423.0
2022.06.20,13600.0,185.0,13415.0,13630.0,13390.0,622358.0
2022.06.17,13415.0,215.0,12910.0,15315.0,12910.0,1208957.0
2022.06.16,13200.0,-230.0,13420.0,13420.0,13150.0,14217.0
2022.06.15,13430.0,595.0,12905.0,13475.0,12905.0,60864.0
2022.06.14,12835.0,15.0,12820.0,12835.0,12630.0,8396.0
2022.06.13,12820.0,-150.0,12880.0,12920.0,12800.0,12618.0
2022.06.10,12970.0,285.0,12690.0,12995.0,12620.0,54322.0
2022.06.09,12685.0,-15.0,12715.0,12770.0,12595.0,16994.0
2022.06.08,12700.0,-45.0,12695.0,12745.0,12640.0,7696.0
2022.06.07,12745.0,420.0,12635.0,12745.0,12415.0,72758.0
2022.06.03,12325.0,50.0,12300.0,12335.0,12280.0,26450.0
2022.06.02,12275.0,75.0,12185.0,12275.0,12170.0,37565.0
2022.05.31,12200.0,180.0,12080.0,12200.0,12045.0,11764.0
2022.05.30,12020.0,10.0,12150.0,12150.0,11985.0,69796.0
2022.05.27,12010.0,-90.0,12100.0,12130.0,11950.0,8779.0
2022.05.26,12100.0,15.0,12105.0,12175.0,11990.0,3017.0
2022.05.25,12085.0,-95.0,12110.0,12115.0,12025.0,14072.0
2022.05.24,12180.0,-150.0,12330.0,12330.0,12160.0,4934.0
2022.05.23,12330.0,-35.0,12425.0,12530.0,12220.0,57737.0
2022.05.20,12365.0,260.0,12105.0,12375.0,12105.0,21178.0
2022.05.19,12105.0,25.0,11965.0,12115.0,11865.0,15013.0
2022.05.18,12080.0,-25.0,12130.0,12135.0,12000.0,8270.0
2022.05.17,12105.0,80.0,12040.0,12110.0,12000.0,6507.0
2022.05.16,12025.0,-70.0,12115.0,12125.0,11975.0,17800.0
2022.05.13,12095.0,30.0,12110.0,12190.0,12025.0,8104.0
2022.05.12,12065.0,-135.0,12135.0,12230.0,12030.0,16313.0
2022.05.11,12200.0,250.0,11930.0,12235.0,11905.0,18829.0
2022.05.10,11950.0,150.0,11740.0,11960.0,11645.0,22660.0
2022.05.09,11800.0,-140.0,11930.0,11930.0,11775.0,7779.0
2022.05.06,11940.0,-315.0,12255.0,12255.0,11880.0,156173.0
2022.05.04,12255.0,-20.0,12295.0,12300.0,12200.0,3648.0
2022.05.03,12275.0,55.0,12280.0,12300.0,12230.0,4800.0
2022.05.02,12220.0,-10.0,12250.0,12270.0,12215.0,11364.0
2022.04.29,12230.0,210.0,12060.0,12230.0,11870.0,157515.0
2022.04.28,12020.0,-30.0,12155.0,12170.0,11940.0,85738.0
2022.04.27,12050.0,380.0,11650.0,12050.0,11600.0,8432.0
2022.04.26,11670.0,-285.0,11790.0,11920.0,11640.0,30470.0
2022.04.25,11955.0,-455.0,12340.0,12340.0,11845.0,40882.0
2022.04.22,12410.0,70.0,12340.0,12470.0,12245.0,19479.0
2022.04.21,12340.0,-295.0,12585.0,12650.0,12295.0,73095.0
2022.04.20,12635.0,-215.0,12880.0,12885.0,12630.0,28805.0
2022.04.19,12850.0,-135.0,12985.0,13075.0,12835.0,9461.0
2022.04.18,12985.0,-40.0,13050.0,13050.0,12850.0,20667.0
2022.04.15,13025.0,70.0,12935.0,13025.0,12870.0,36973.0
2022.04.14,12955.0,20.0,12800.0,12960.0,12800.0,14599.0
2022.04.13,12935.0,-30.0,12960.0,12975.0,12850.0,7080.0
2022.04.12,12965.0,140.0,12700.0,12965.0,12660.0,21129.0
2022.04.11,12825.0,-200.0,13140.0,13140.0,12705.0,24469.0
2022.04.08,13025.0,-35.0,13075.0,13090.0,12910.0,19620.0
2022.04.07,13060.0,-75.0,12980.0,13170.0,12980.0,9218.0
2022.04.06,13135.0,-45.0,13070.0,13170.0,13050.0,25454.0
2022.04.05,13180.0,15.0,13230.0,13230.0,13105.0,11245.0
2022.04.04,13165.0,-10.0,13075.0,13185.0,13075.0,17171.0
2022.04.01,13175.0,165.0,13065.0,13220.0,12960.0,217286.0
2022.03.31,13010.0,-15.0,13085.0,13085.0,12940.0,30651.0
2022.03.30,13025.0,310.0,12640.0,13025.0,12640.0,88858.0
2022.03.29,12715.0,-95.0,12850.0,12870.0,12690.0,38296.0
2022.03.28,12810.0,-130.0,12970.0,12970.0,12645.0,13946.0
2022.03.25,12940.0,-160.0,13200.0,13200.0,12850.0,13226.0
2022.03.24,13100.0,30.0,13120.0,13130.0,12995.0,29840.0
2022.03.23,13070.0,20.0,13080.0,13125.0,13000.0,35750.0
2022.03.22,13050.0,0.0,13050.0,13120.0,12995.0,40764.0
2022.03.21,13050.0,-35.0,13215.0,13215.0,12970.0,33337.0
2022.03.18,13085.0,-25.0,13005.0,13100.0,12890.0,23905.0
2022.03.17,13110.0,115.0,13000.0,13880.0,13000.0,163874.0
2022.03.16,12995.0,390.0,12550.0,12995.0,12355.0,31574.0
2022.03.15,12605.0,-550.0,12990.0,12990.0,12505.0,21327.0
2022.03.14,13155.0,-210.0,13380.0,13425.0,13140.0,13364.0
2022.03.11,13365.0,15.0,13275.0,13370.0,13035.0,23859.0
2022.03.10,13350.0,-115.0,13300.0,13505.0,13235.0,18253.0
2022.03.08,13465.0,-105.0,13500.0,13700.0,13340.0,18829.0
2022.03.07,13570.0,-335.0,13810.0,13810.0,13500.0,18784.0
2022.03.04,13905.0,-80.0,13875.0,14005.0,13865.0,12187.0
2022.03.03,13985.0,-95.0,14065.0,14065.0,13900.0,12833.0
2022.03.02,14080.0,60.0,14140.0,14150.0,14000.0,11395.0
2022.02.28,14020.0,5.0,13875.0,14030.0,13855.0,20473.0
2022.02.25,14015.0,300.0,13885.0,14120.0,13875.0,14543.0
2022.02.24,13715.0,-275.0,13935.0,14030.0,13700.0,15105.0
2022.02.23,13990.0,210.0,13795.0,13990.0,13795.0,5203.0
2022.02.22,13780.0,-200.0,13900.0,13945.0,13760.0,4767.0
2022.02.21,13980.0,0.0,13980.0,14050.0,13925.0,10919.0
2022.02.18,13980.0,-55.0,14015.0,14015.0,13900.0,58295.0
2022.02.17,14035.0,75.0,14070.0,14085.0,13955.0,17128.0
2022.02.16,13960.0,100.0,14050.0,14050.0,13920.0,30065.0
2022.02.15,13860.0,165.0,13745.0,13875.0,13740.0,7506.0
2022.02.14,13695.0,-155.0,13850.0,13940.0,13655.0,83610.0
2022.02.11,13850.0,-145.0,14090.0,14135.0,13850.0,55645.0
2022.02.10,13995.0,-90.0,14130.0,14135.0,13940.0,16965.0
2022.02.09,14085.0,125.0,14060.0,14085.0,13870.0,15124.0
2022.02.08,13960.0,-225.0,14210.0,14210.0,13740.0,34010.0
2022.02.07,14185.0,150.0,13930.0,14200.0,13850.0,52647.0
2022.02.04,14035.0,-75.0,13900.0,14035.0,13855.0,44119.0
2022.02.03,14110.0,45.0,14100.0,14110.0,14020.0,11286.0
2022.01.28,14065.0,-85.0,14150.0,14195.0,13865.0,25496.0
2022.01.27,14150.0,-115.0,14320.0,14415.0,14140.0,11048.0
2022.01.26,14265.0,-70.0,14280.0,14355.0,14160.0,7879.0
2022.01.25,14335.0,-125.0,14365.0,14485.0,14275.0,48856.0
2022.01.24,14460.0,25.0,14400.0,14515.0,14340.0,33322.0
2022.01.21,14435.0,-195.0,14595.0,14595.0,14365.0,27493.0
2022.01.20,14630.0,305.0,14390.0,14655.0,14310.0,82852.0
2022.01.19,14325.0,-150.0,14535.0,14535.0,14300.0,36500.0
2022.01.18,14475.0,35.0,14400.0,14525.0,14310.0,28431.0
2022.01.17,14440.0,160.0,14295.0,14460.0,14210.0,10298.0
2022.01.14,14280.0,-85.0,14270.0,14305.0,14225.0,12537.0
2022.01.13,14365.0,-250.0,14580.0,14580.0,14365.0,9011.0
2022.01.12,14615.0,135.0,14500.0,14615.0,14410.0,39659.0
2022.01.11,14480.0,-155.0,14640.0,14640.0,14465.0,17801.0
2022.01.10,14635.0,-15.0,14545.0,14640.0,14445.0,11074.0
2022.01.07,14650.0,85.0,14705.0,14740.0,14615.0,31492.0
2022.01.06,14565.0,-210.0,14755.0,14760.0,14520.0,45592.0
2022.01.05,14775.0,-55.0,14920.0,14920.0,14720.0,27908.0
2022.01.04,14830.0,-120.0,14950.0,15085.0,14695.0,199751.0
2022.01.03,14950.0,110.0,14840.0,14950.0,14840.0,8901.0
2021.12.30,14840.0,150.0,14680.0,14840.0,14670.0,44063.0
2021.12.29,14690.0,-175.0,14870.0,14920.0,14670.0,14828.0
2021.12.28,14865.0,115.0,14830.0,14870.0,14675.0,32123.0
2021.12.27,14750.0,-30.0,14815.0,14815.0,14680.0,20548.0
2021.12.24,14780.0,-85.0,14900.0,14900.0,14705.0,5369.0
2021.12.23,14865.0,65.0,14800.0,14870.0,14705.0,23131.0
2021.12.22,14800.0,-20.0,14865.0,14865.0,14735.0,10999.0
2021.12.21,14820.0,95.0,14740.0,14820.0,14680.0,125783.0
2021.12.20,14725.0,-95.0,14950.0,14950.0,14655.0,28890.0
2021.12.17,14820.0,-170.0,15140.0,15140.0,14820.0,57551.0
2021.12.16,14990.0,-45.0,15130.0,15170.0,14890.0,53814.0
2021.12.15,15035.0,15.0,15070.0,15100.0,15005.0,13553.0
2021.12.14,15020.0,-100.0,15115.0,15135.0,15020.0,43947.0
2021.12.13,15120.0,100.0,15145.0,15275.0,15060.0,126642.0
2021.12.10,15020.0,-60.0,15035.0,15070.0,14945.0,31511.0
2021.12.09,15080.0,275.0,14840.0,15160.0,14810.0,90377.0
2021.12.08,14805.0,210.0,14705.0,14840.0,14615.0,45152.0
2021.12.07,14595.0,-50.0,14650.0,14710.0,14540.0,41524.0
2021.12.06,14645.0,30.0,14635.0,14745.0,14485.0,41791.0
2021.12.03,14615.0,210.0,14430.0,14615.0,14400.0,17258.0
2021.12.02,14405.0,-45.0,14390.0,14450.0,14360.0,6096.0
2021.12.01,14450.0,-50.0,14385.0,14505.0,14385.0,9770.0
2021.11.30,14500.0,-20.0,14530.0,14595.0,14400.0,32463.0
2021.11.29,14520.0,-75.0,14560.0,14595.0,14405.0,9401.0
2021.11.26,14595.0,-55.0,14715.0,14715.0,14545.0,7924.0
2021.11.25,14650.0,0.0,14650.0,14735.0,14630.0,28974.0
2021.11.24,14650.0,-35.0,14685.0,14700.0,14630.0,24141.0
2021.11.23,14685.0,35.0,14680.0,14710.0,14635.0,37140.0
2021.11.22,14650.0,120.0,14610.0,14685.0,14590.0,24581.0
2021.11.19,14530.0,130.0,14355.0,14530.0,14345.0,29989.0
2021.11.18,14400.0,-100.0,14500.0,14520.0,14375.0,23509.0
2021.11.17,14500.0,-75.0,14575.0,14575.0,14460.0,11668.0
2021.11.16,14575.0,75.0,14595.0,14595.0,14525.0,11704.0
2021.11.15,14500.0,-15.0,14685.0,14685.0,14455.0,31137.0
2021.11.12,14515.0,65.0,14685.0,14685.0,14420.0,66763.0
2021.11.11,14450.0,200.0,14395.0,14460.0,14305.0,29459.0
2021.11.10,14250.0,-120.0,14370.0,14400.0,14150.0,12898.0
2021.11.09,14370.0,-35.0,14610.0,14650.0,14275.0,49355.0
2021.11.08,14405.0,-85.0,14345.0,14460.0,14340.0,20354.0
2021.11.05,14490.0,60.0,14525.0,14620.0,14425.0,45284.0
2021.11.04,14430.0,135.0,14320.0,14430.0,14290.0,16291.0
2021.11.03,14295.0,80.0,14300.0,14380.0,14225.0,192645.0
2021.11.02,14215.0,-270.0,14580.0,14580.0,14120.0,218665.0
2021.11.01,14485.0,0.0,14700.0,14700.0,14405.0,484386.0
2021.10.29,14485.0,110.0,14350.0,14490.0,14300.0,42627.0
2021.10.28,14375.0,-115.0,14490.0,14550.0,14375.0,24402.0
2021.10.27,14490.0,-145.0,14600.0,14675.0,14385.0,13553.0
2021.10.26,14635.0,-50.0,14685.0,14685.0,14600.0,16101.0
2021.10.25,14685.0,-40.0,14650.0,14715.0,14620.0,41767.0
2021.10.22,14725.0,145.0,14545.0,14730.0,14545.0,22778.0
2021.10.21,14580.0,70.0,14570.0,14660.0,14465.0,17099.0
2021.10.20,14510.0,-55.0,14650.0,14670.0,14485.0,18024.0
2021.10.19,14565.0,75.0,14490.0,14655.0,14450.0,32948.0
2021.10.18,14490.0,-100.0,14590.0,14590.0,14385.0,39096.0
2021.10.15,14590.0,-10.0,14600.0,14630.0,14535.0,20352.0
2021.10.14,14600.0,-70.0,14695.0,14695.0,14505.0,40416.0
2021.10.13,14670.0,180.0,14505.0,14710.0,14505.0,36363.0
2021.10.12,14490.0,-145.0,14650.0,14665.0,14490.0,69409.0
2021.10.08,14635.0,345.0,14440.0,14650.0,14430.0,252315.0
2021.10.07,14290.0,180.0,14140.0,14345.0,14140.0,20257.0
2021.10.06,14110.0,95.0,14030.0,14175.0,13900.0,142374.0
2021.10.05,14015.0,-30.0,13995.0,14045.0,13870.0,12686.0
2021.10.01,14045.0,-275.0,14415.0,14415.0,14015.0,22965.0
2021.09.30,14320.0,10.0,14300.0,14370.0,14235.0,50456.0
2021.09.29,14310.0,-85.0,14250.0,14375.0,14130.0,24846.0
2021.09.28,14395.0,60.0,14395.0,14420.0,14285.0,21580.0
2021.09.27,14335.0,105.0,14230.0,14400.0,14170.0,73634.0
2021.09.24,14230.0,-5.0,14235.0,14320.0,14140.0,101929.0
2021.09.23,14235.0,85.0,14085.0,14300.0,14070.0,73714.0
2021.09.17,14150.0,35.0,14030.0,14190.0,13355.0,124829.0
2021.09.16,14115.0,-80.0,14200.0,14225.0,14090.0,37468.0
2021.09.15,14195.0,-205.0,14310.0,14400.0,14155.0,21713.0
2021.09.14,14400.0,-230.0,14640.0,14660.0,14400.0,28227.0
2021.09.13,14630.0,55.0,14645.0,14650.0,14540.0,56542.0
2021.09.10,14575.0,160.0,14440.0,14675.0,14440.0,184249.0
2021.09.09,14415.0,15.0,14400.0,14435.0,14340.0,29423.0
2021.09.08,14400.0,25.0,14440.0,14470.0,14340.0,149739.0
2021.09.07,14375.0,135.0,14135.0,14400.0,14135.0,28727.0
2021.09.06,14240.0,260.0,14030.0,14285.0,13970.0,41649.0
2021.09.03,13980.0,-10.0,14060.0,14060.0,13960.0,38547.0
2021.09.02,13990.0,20.0,13920.0,14030.0,13920.0,16107.0
2021.09.01,13970.0,90.0,13890.0,14050.0,13780.0,39008.0
2021.08.31,13880.0,-45.0,13925.0,14005.0,13705.0,11612.0
2021.08.30,13925.0,-60.0,14000.0,14020.0,13905.0,59378.0
2021.08.27,13985.0,-10.0,13990.0,14075.0,13940.0,15503.0
2021.08.26,13995.0,-125.0,14165.0,14165.0,13945.0,13110.0
2021.08.25,14120.0,90.0,14100.0,14130.0,14060.0,22129.0
2021.08.24,14030.0,80.0,14060.0,14100.0,13950.0,79547.0
2021.08.23,13950.0,90.0,13855.0,14005.0,13805.0,73932.0
2021.08.20,13860.0,-225.0,14090.0,14130.0,13740.0,38485.0
2021.08.19,14085.0,-25.0,14110.0,14135.0,14025.0,34274.0
2021.08.18,14110.0,10.0,14100.0,14150.0,13980.0,60001.0
2021.08.17,14100.0,-185.0,14310.0,14365.0,14100.0,53057.0
2021.08.13,14285.0,-5.0,14290.0,14360.0,14220.0,42468.0
2021.08.12,14290.0,-40.0,14330.0,14360.0,14260.0,24194.0
2021.08.11,14330.0,95.0,14280.0,14385.0,14280.0,320814.0
2021.08.10,14235.0,75.0,14195.0,14235.0,14030.0,47071.0
2021.08.09,14160.0,195.0,14055.0,14190.0,13885.0,27573.0
2021.08.06,13965.0,-120.0,14085.0,14130.0,13895.0,26861.0
2021.08.05,14085.0,-20.0,14070.0,14160.0,14040.0,46078.0
2021.08.04,14105.0,50.0,14120.0,14120.0,14030.0,30688.0
2021.08.03,14055.0,65.0,13990.0,14100.0,13970.0,49126.0
2021.08.02,13990.0,320.0,13670.0,14015.0,13660.0,75201.0
2021.07.30,13670.0,-80.0,13790.0,13790.0,13560.0,45156.0
2021.07.29,13750.0,155.0,13900.0,13900.0,13630.0,325137.0
2021.07.28,13595.0,-215.0,13740.0,13745.0,13280.0,193709.0
2021.07.27,13810.0,-270.0,14170.0,14170.0,13810.0,63882.0
2021.07.26,14080.0,-440.0,14520.0,14585.0,13920.0,73784.0
2021.07.23,14520.0,-125.0,14705.0,14705.0,14505.0,26615.0
2021.07.22,14645.0,-35.0,14700.0,14705.0,14605.0,58301.0
2021.07.21,14680.0,100.0,14555.0,14690.0,14520.0,41247.0
2021.07.20,14580.0,10.0,14505.0,14580.0,14415.0,44965.0
2021.07.19,14570.0,80.0,14490.0,14570.0,14320.0,30089.0
2021.07.16,14490.0,-90.0,14585.0,14585.0,14460.0,18255.0
2021.07.15,14580.0,100.0,14485.0,14600.0,14405.0,54642.0
2021.07.14,14480.0,-80.0,14600.0,14635.0,14470.0,19496.0
2021.07.13,14560.0,20.0,14620.0,14620.0,14455.0,39870.0
2021.07.12,14540.0,195.0,14390.0,14585.0,14355.0,71138.0
2021.07.09,14345.0,-15.0,14265.0,14410.0,14210.0,40053.0
2021.07.08,14360.0,-55.0,14440.0,14470.0,14320.0,64605.0
2021.07.07,14415.0,290.0,14120.0,14415.0,14120.0,37004.0
2021.07.06,14125.0,-85.0,14210.0,14275.0,14105.0,35203.0
2021.07.05,14210.0,-70.0,14230.0,14255.0,14130.0,86535.0
2021.07.02,14280.0,-405.0,14720.0,14720.0,14270.0,49646.0
2021.07.01,14685.0,110.0,14555.0,14745.0,14555.0,145843.0
2021.06.30,14575.0,30.0,14620.0,14620.0,14545.0,33566.0
2021.06.29,14545.0,-115.0,14690.0,14740.0,14455.0,34798.0
2021.06.28,14660.0,75.0,14520.0,14670.0,14520.0,45434.0
2021.06.25,14585.0,210.0,14430.0,14585.0,14385.0,41291.0
2021.06.24,14375.0,-25.0,14400.0,14430.0,14290.0,24855.0
2021.06.23,14400.0,105.0,14265.0,14445.0,14265.0,44128.0
2021.06.22,14295.0,65.0,14235.0,14310.0,14185.0,21592.0
2021.06.21,14230.0,-155.0,14345.0,14370.0,14175.0,54603.0
2021.06.18,14385.0,115.0,14395.0,14395.0,14180.0,37281.0
2021.06.17,14270.0,60.0,14320.0,14345.0,14160.0,44390.0
2021.06.16,14210.0,-210.0,14335.0,14440.0,14155.0,37636.0
2021.06.15,14420.0,-160.0,14580.0,14645.0,14325.0,28962.0
2021.06.14,14580.0,50.0,14530.0,14645.0,14530.0,55815.0
2021.06.11,14530.0,-195.0,14735.0,14735.0,14470.0,40132.0
2021.06.10,14725.0,155.0,14570.0,14780.0,14525.0,33472.0
2021.06.09,14570.0,0.0,14630.0,14630.0,14515.0,25948.0
2021.06.08,14570.0,-60.0,14605.0,14720.0,14490.0,72209.0
2021.06.07,14630.0,-5.0,14690.0,14700.0,14545.0,70357.0
2021.06.04,14635.0,-5.0,14640.0,14800.0,14550.0,23537.0
2021.06.03,14640.0,-60.0,14730.0,14770.0,14620.0,115672.0
2021.06.02,14700.0,-35.0,14740.0,14850.0,14640.0,100473.0
2021.06.01,14735.0,-70.0,14805.0,14805.0,14600.0,37719.0
2021.05.31,14805.0,25.0,14790.0,14890.0,14740.0,55472.0
2021.05.28,14780.0,-75.0,14915.0,14945.0,14720.0,120225.0
2021.05.27,14855.0,105.0,14805.0,14910.0,14655.0,67564.0
2021.05.26,14750.0,25.0,14780.0,14810.0,14700.0,70406.0
2021.05.25,14725.0,410.0,14320.0,14740.0,14320.0,75009.0
2021.05.24,14315.0,15.0,14305.0,14390.0,14230.0,44751.0
2021.05.21,14300.0,-250.0,14405.0,14550.0,14300.0,34237.0
2021.05.20,14550.0,85.0,14450.0,14550.0,14380.0,30533.0
2021.05.18,14465.0,-35.0,14500.0,14530.0,14430.0,42162.0
2021.05.17,14500.0,325.0,14185.0,14510.0,14180.0,102573.0
2021.05.14,14175.0,330.0,13845.0,14175.0,13835.0,34713.0
2021.05.13,13845.0,-155.0,14000.0,14055.0,13845.0,19127.0
2021.05.12,14000.0,90.0,13800.0,14000.0,13800.0,19897.0
2021.05.11,13910.0,160.0,13655.0,13940.0,13655.0,21068.0
2021.05.10,13750.0,-85.0,13810.0,13890.0,13700.0,137948.0
2021.05.07,13835.0,-170.0,13950.0,14050.0,13835.0,22989.0
2021.05.06,14005.0,-160.0,14195.0,14200.0,13890.0,89870.0
2021.05.04,14165.0,-25.0,14175.0,14175.0,14075.0,29265.0
2021.05.03,14190.0,160.0,14030.0,14190.0,14015.0,29347.0
2021.04.30,14030.0,-30.0,13930.0,14060.0,13930.0,22756.0
2021.04.29,14060.0,110.0,13950.0,14070.0,13905.0,33749.0
2021.04.28,13950.0,60.0,13890.0,13985.0,13840.0,23466.0
2021.04.27,13890.0,-70.0,13915.0,13925.0,13790.0,30182.0
2021.04.26,13960.0,-90.0,14130.0,14165.0,13910.0,58585.0
2021.04.23,14050.0,95.0,13955.0,14100.0,13905.0,24914.0
2021.04.22,13955.0,-15.0,13970.0,13995.0,13900.0,29510.0
2021.04.21,13970.0,75.0,13970.0,13975.0,13800.0,50490.0
2021.04.20,13895.0,40.0,13855.0,13970.0,13795.0,45164.0
2021.04.19,13855.0,355.0,13500.0,13855.0,13490.0,71984.0
2021.04.16,13500.0,30.0,13470.0,13575.0,13390.0,75324.0
2021.04.15,13470.0,-75.0,13545.0,13600.0,13350.0,37531.0
2021.04.14,13545.0,5.0,13470.0,13625.0,13470.0,29250.0
2021.04.13,13540.0,5.0,13510.0,13635.0,13500.0,45695.0
2021.04.12,13535.0,-160.0,13700.0,13810.0,13470.0,71465.0
2021.04.09,13695.0,-210.0,13905.0,13945.0,13665.0,30138.0
2021.04.08,13905.0,65.0,13840.0,13960.0,13805.0,26099.0
2021.04.07,13840.0,-180.0,14065.0,14065.0,13765.0,34963.0
2021.04.06,14020.0,-95.0,14120.0,14165.0,13950.0,113062.0
2021.04.05,14115.0,25.0,14090.0,14145.0,14060.0,34521.0
2021.04.02,14090.0,65.0,14040.0,14165.0,13990.0,44156.0
2021.04.01,14025.0,185.0,13815.0,14035.0,13815.0,173492.0
2021.03.31,13840.0,-130.0,14045.0,14045.0,13765.0,33288.0
2021.03.30,13970.0,100.0,13860.0,14035.0,13785.0,54217.0
2021.03.29,13870.0,-15.0,13885.0,14015.0,13795.0,37418.0
2021.03.26,13885.0,290.0,13595.0,13890.0,13595.0,41151.0
2021.03.25,13595.0,-40.0,13635.0,13640.0,13500.0,47226.0
2021.03.24,13635.0,-25.0,13635.0,13785.0,13560.0,33717.0
2021.03.23,13660.0,-250.0,13960.0,13980.0,13625.0,54420.0
2021.03.22,13910.0,140.0,13775.0,13955.0,13765.0,39721.0
2021.03.19,13770.0,-295.0,14000.0,14000.0,13720.0,48977.0
2021.03.18,14065.0,-35.0,14035.0,14160.0,13950.0,78767.0
2021.03.17,14100.0,110.0,14020.0,14160.0,13900.0,69037.0
2021.03.16,13990.0,115.0,13885.0,14080.0,13880.0,61507.0
2021.03.15,13875.0,-375.0,14250.0,14315.0,13860.0,83590.0
2021.03.12,14250.0,140.0,14230.0,14290.0,14135.0,193714.0
2021.03.11,14110.0,80.0,13980.0,14295.0,13905.0,122082.0
2021.03.10,14030.0,40.0,14060.0,14165.0,13850.0,229465.0
2021.03.09,13990.0,-175.0,14500.0,14500.0,13705.0,40905.0
2021.03.08,14165.0,-455.0,14680.0,14705.0,14165.0,57443.0
2021.03.05,14620.0,10.0,14415.0,14620.0,14345.0,128542.0
2021.03.04,14610.0,-350.0,14920.0,15000.0,14540.0,294526.0
2021.03.03,14960.0,240.0,14795.0,14990.0,14680.0,43276.0
2021.03.02,14720.0,-135.0,15050.0,15215.0,14650.0,108638.0
2021.02.26,14855.0,-75.0,14635.0,14880.0,14550.0,454066.0
2021.02.25,14930.0,230.0,14950.0,15095.0,14885.0,86255.0
2021.02.24,14700.0,-545.0,15180.0,15305.0,14625.0,96723.0
2021.02.23,15245.0,-110.0,15360.0,15405.0,15150.0,96507.0
2021.02.22,15355.0,-390.0,15765.0,15960.0,15315.0,130879.0
2021.02.19,15745.0,20.0,15680.0,15750.0,15400.0,153647.0
2021.02.18,15725.0,-230.0,15940.0,16125.0,15640.0,256351.0
2021.02.17,15955.0,95.0,15830.0,15955.0,15830.0,125650.0
2021.02.16,15860.0,55.0,15815.0,15860.0,15730.0,62054.0
2021.02.15,15805.0,100.0,15720.0,15875.0,15710.0,177372.0
2021.02.10,15705.0,245.0,15495.0,15720.0,15445.0,315065.0
2021.02.09,15460.0,215.0,15305.0,15470.0,15250.0,178153.0
2021.02.08,15245.0,100.0,15030.0,15285.0,14980.0,155083.0
2021.02.05,15145.0,150.0,15035.0,15215.0,15035.0,37066.0
2021.02.04,14995.0,-20.0,15010.0,15015.0,14830.0,56648.0
2021.02.03,15015.0,40.0,15055.0,15115.0,14955.0,42572.0
2021.02.02,14975.0,145.0,14830.0,15045.0,14790.0,83536.0
2021.02.01,14830.0,335.0,14455.0,14830.0,14365.0,92102.0
2021.01.29,14495.0,-235.0,14845.0,14855.0,14495.0,155701.0
2021.01.28,14730.0,-200.0,14690.0,14910.0,14675.0,192250.0
2021.01.27,14930.0,-35.0,14970.0,15015.0,14780.0,71534.0
2021.01.26,14965.0,-210.0,15175.0,15305.0,14920.0,79910.0
2021.01.25,15175.0,110.0,15165.0,15300.0,15045.0,197161.0
2021.01.22,15065.0,15.0,15115.0,15185.0,14940.0,130544.0
2021.01.21,15050.0,230.0,14865.0,15135.0,14860.0,83695.0
2021.01.20,14820.0,125.0,14705.0,14930.0,14560.0,125378.0
2021.01.19,14695.0,-285.0,15050.0,15105.0,14680.0,140866.0
2021.01.18,14980.0,160.0,14830.0,15035.0,14650.0,80570.0
2021.01.15,14820.0,-20.0,14770.0,15000.0,14555.0,132422.0
2021.01.14,14840.0,-195.0,15050.0,15175.0,14820.0,154857.0
2021.01.13,15035.0,-40.0,15130.0,15250.0,14965.0,247705.0
2021.01.12,15075.0,465.0,14530.0,15075.0,14475.0,159659.0
2021.01.11,14610.0,-55.0,14795.0,14940.0,14440.0,144809.0
2021.01.08,14665.0,95.0,14710.0,15050.0,14620.0,208749.0
2021.01.07,14570.0,105.0,14465.0,14700.0,14465.0,248755.0
2021.01.06,14465.0,165.0,14335.0,14525.0,14310.0,232324.0
2021.01.05,14300.0,215.0,14050.0,14305.0,13995.0,231310.0
2021.01.04,14085.0,600.0,13620.0,14085.0,13595.0,503698.0
2020.12.30,13485.0,40.0,13410.0,13530.0,13370.0,52677.0
2020.12.29,13445.0,-25.0,13470.0,13510.0,13405.0,37629.0
2020.12.28,13470.0,105.0,13410.0,13545.0,13410.0,61665.0
2020.12.24,13365.0,-5.0,13400.0,13490.0,13345.0,43120.0
2020.12.23,13370.0,30.0,13340.0,13535.0,13330.0,50080.0
2020.12.22,13340.0,-175.0,13515.0,13590.0,13340.0,35991.0
2020.12.21,13515.0,160.0,13430.0,13515.0,13315.0,63153.0
2020.12.18,13355.0,75.0,13280.0,13385.0,13255.0,43601.0
2020.12.17,13280.0,160.0,13180.0,13325.0,13120.0,33208.0
2020.12.16,13120.0,70.0,13085.0,13210.0,13085.0,20771.0
2020.12.15,13050.0,-55.0,13110.0,13110.0,12975.0,56814.0
2020.12.14,13105.0,150.0,12970.0,13115.0,12960.0,44840.0
2020.12.11,12955.0,-125.0,13085.0,13160.0,12930.0,71369.0
2020.12.10,13080.0,-120.0,13125.0,13140.0,13035.0,42223.0
2020.12.09,13200.0,-100.0,13230.0,13335.0,13120.0,158351.0
2020.12.08,13300.0,-5.0,13320.0,13350.0,13215.0,42343.0
2020.12.07,13305.0,-35.0,13500.0,13500.0,13200.0,66426.0
2020.12.04,13340.0,-165.0,13470.0,13470.0,13220.0,73860.0
2020.12.03,13505.0,-95.0,13570.0,13610.0,13425.0,103195.0
2020.12.02,13600.0,80.0,13525.0,13610.0,13510.0,74409.0
2020.12.01,13520.0,190.0,13265.0,13520.0,13255.0,99091.0
2020.11.30,13330.0,120.0,13210.0,13515.0,13210.0,174898.0
2020.11.27,13210.0,60.0,13190.0,13260.0,13145.0,66169.0
2020.11.26,13150.0,-75.0,13125.0,13225.0,13050.0,61195.0
2020.11.25,13225.0,-130.0,13470.0,13470.0,13200.0,38346.0
2020.11.24,13355.0,-130.0,13515.0,13520.0,13335.0,75403.0
2020.11.23,13485.0,160.0,13325.0,13515.0,13270.0,94230.0
2020.11.20,13325.0,25.0,13320.0,13345.0,13205.0,54022.0
2020.11.19,13300.0,205.0,13095.0,13315.0,13050.0,38215.0
2020.11.18,13095.0,35.0,13060.0,13200.0,13060.0,48020.0
2020.11.17,13060.0,-65.0,13210.0,13240.0,12995.0,48272.0
2020.11.16,13125.0,130.0,13000.0,13145.0,13000.0,71621.0
2020.11.13,12995.0,-130.0,13195.0,13220.0,12970.0,52177.0
2020.11.12,13125.0,-30.0,13195.0,13295.0,13100.0,53341.0
2020.11.11,13155.0,-90.0,13205.0,13400.0,13135.0,40799.0
2020.11.10,13245.0,-100.0,13400.0,13455.0,13190.0,51986.0
2020.11.09,13345.0,225.0,13175.0,13440.0,13175.0,79882.0
2020.11.06,13120.0,-80.0,13240.0,13250.0,13030.0,60458.0
2020.11.05,13200.0,245.0,13130.0,13200.0,13005.0,34713.0
2020.11.04,12955.0,110.0,12815.0,12965.0,12810.0,32071.0
2020.11.03,12845.0,70.0,12780.0,12945.0,12780.0,39324.0
2020.11.02,12775.0,195.0,12780.0,12780.0,12600.0,31386.0
2020.10.30,12580.0,-310.0,12750.0,12840.0,12580.0,22790.0
2020.10.29,12890.0,140.0,12600.0,12890.0,12555.0,38111.0
2020.10.28,12750.0,170.0,12515.0,12750.0,12510.0,106673.0
2020.10.27,12580.0,20.0,12470.0,12590.0,12470.0,9822.0
2020.10.26,12560.0,-235.0,12685.0,12715.0,12460.0,41324.0
2020.10.23,12795.0,-150.0,12950.0,13005.0,12740.0,13936.0
2020.10.22,12945.0,-15.0,12960.0,12960.0,12810.0,20436.0
2020.10.21,12960.0,0.0,12930.0,13000.0,12820.0,23121.0
2020.10.20,12960.0,50.0,12830.0,12960.0,12820.0,16775.0
2020.10.19,12910.0,-5.0,12915.0,13090.0,12895.0,31038.0
2020.10.16,12915.0,-5.0,13060.0,13060.0,12860.0,37276.0
2020.10.15,12920.0,-80.0,13000.0,13040.0,12900.0,32726.0
2020.10.14,13000.0,-100.0,13045.0,13100.0,12930.0,29543.0
2020.10.13,13100.0,65.0,13100.0,13110.0,12950.0,24446.0
2020.10.12,13035.0,350.0,12835.0,13065.0,12775.0,36578.0
2020.10.08,12685.0,110.0,12650.0,12760.0,12640.0,36784.0
2020.10.07,12575.0,-90.0,12560.0,12655.0,12535.0,16761.0
2020.10.06,12665.0,-10.0,12680.0,12720.0,12600.0,17675.0
2020.10.05,12675.0,150.0,12565.0,12715.0,12515.0,201123.0
2020.09.29,12525.0,-25.0,12700.0,12700.0,12470.0,14816.0
2020.09.28,12550.0,120.0,12520.0,12645.0,12465.0,44402.0
2020.09.25,12430.0,55.0,12430.0,12470.0,12345.0,30885.0
2020.09.24,12375.0,-225.0,12560.0,12560.0,12370.0,26516.0
2020.09.23,12600.0,-50.0,12560.0,12730.0,12550.0,21239.0
2020.09.22,12650.0,-155.0,12805.0,12805.0,12615.0,32728.0
2020.09.21,12805.0,-115.0,12920.0,12950.0,12710.0,32543.0
2020.09.18,12920.0,130.0,12795.0,12925.0,12615.0,33913.0
2020.09.17,12790.0,5.0,12785.0,12830.0,12565.0,78254.0
2020.09.16,12785.0,-110.0,12850.0,13000.0,12770.0,42303.0
2020.09.15,12895.0,155.0,12880.0,12900.0,12740.0,16402.0
2020.09.14,12740.0,70.0,12660.0,12805.0,12660.0,21801.0
2020.09.11,12670.0,-50.0,12610.0,12685.0,12565.0,12878.0
2020.09.10,12720.0,55.0,12675.0,12805.0,12675.0,19740.0
2020.09.09,12665.0,-255.0,12770.0,12800.0,12505.0,25831.0
2020.09.08,12920.0,20.0,12970.0,13035.0,12760.0,50857.0
2020.09.07,12900.0,-135.0,13035.0,13095.0,12880.0,53141.0
2020.09.04,13035.0,-195.0,12905.0,13100.0,12850.0,42887.0
2020.09.03,13230.0,-50.0,13330.0,13385.0,13205.0,62893.0
2020.09.02,13280.0,85.0,13325.0,13330.0,13160.0,45286.0
2020.09.01,13195.0,-45.0,13235.0,13280.0,13120.0,69038.0
2020.08.31,13240.0,130.0,13125.0,13330.0,13005.0,115268.0
2020.08.28,13110.0,285.0,12910.0,13120.0,12855.0,69759.0
2020.08.27,12825.0,15.0,12800.0,12865.0,12740.0,22138.0
2020.08.26,12810.0,-70.0,12885.0,12935.0,12745.0,25616.0
2020.08.25,12880.0,-5.0,12885.0,13000.0,12875.0,32287.0
2020.08.24,12885.0,150.0,12740.0,12890.0,12740.0,27544.0
2020.08.21,12735.0,40.0,12695.0,12875.0,12680.0,20016.0
2020.08.20,12695.0,-125.0,12750.0,12800.0,12620.0,60859.0
2020.08.19,12820.0,-90.0,12945.0,12990.0,12810.0,32377.0
2020.08.18,12910.0,310.0,12845.0,12970.0,12835.0,126860.0
2020.08.14,12600.0,105.0,12580.0,12600.0,12465.0,24405.0
2020.08.13,12495.0,5.0,12530.0,12690.0,12495.0,41932.0
2020.08.12,12490.0,-240.0,12645.0,12670.0,12360.0,60429.0
2020.08.11,12730.0,15.0,12665.0,12850.0,12665.0,27698.0
2020.08.10,12715.0,50.0,12665.0,12715.0,12530.0,47178.0
2020.08.07,12665.0,-80.0,12850.0,12850.0,12450.0,62874.0
2020.08.06,12745.0,-135.0,12935.0,12970.0,12650.0,54870.0
2020.08.05,12880.0,-30.0,12985.0,12985.0,12750.0,62365.0
2020.08.04,12910.0,60.0,12910.0,12985.0,12845.0,55237.0
2020.08.03,12850.0,230.0,12630.0,12870.0,12620.0,61463.0
2020.07.31,12620.0,20.0,12595.0,12750.0,12480.0,69688.0
2020.07.30,12600.0,50.0,12650.0,12690.0,12560.0,56789.0
2020.07.29,12550.0,230.0,12230.0,12555.0,12230.0,44504.0
2020.07.28,12320.0,200.0,12340.0,12385.0,12245.0,57726.0
2020.07.27,12120.0,-55.0,12095.0,12290.0,12070.0,63292.0
2020.07.24,12175.0,-560.0,12655.0,12780.0,12150.0,104380.0
2020.07.23,12735.0,-110.0,12850.0,12850.0,12465.0,90687.0
2020.07.22,12845.0,200.0,12660.0,13050.0,12660.0,192924.0
2020.07.21,12645.0,95.0,12740.0,12780.0,12600.0,180924.0
2020.07.20,12550.0,155.0,12465.0,12710.0,12375.0,171749.0
2020.07.17,12395.0,-55.0,12455.0,12505.0,12185.0,273162.0
2020.07.16,12450.0,-550.0,13000.0,13025.0,12430.0,124031.0
2020.07.15,13000.0,30.0,13200.0,13245.0,12775.0,85680.0
2020.07.14,12970.0,-140.0,13110.0,13205.0,12830.0,83292.0
2020.07.13,13110.0,165.0,13100.0,13200.0,12825.0,135667.0
2020.07.10,12945.0,-75.0,13050.0,13255.0,12850.0,192099.0
2020.07.09,13020.0,320.0,12925.0,13080.0,12780.0,162297.0
2020.07.08,12700.0,10.0,12650.0,12750.0,12555.0,132606.0
2020.07.07,12690.0,330.0,12690.0,13170.0,12505.0,258929.0
2020.07.06,12360.0,740.0,11625.0,12360.0,11625.0,791292.0
2020.07.03,11620.0,180.0,11440.0,11620.0,11405.0,411359.0
2020.07.02,11440.0,265.0,11230.0,11440.0,11165.0,340465.0
2020.07.01,11175.0,170.0,11110.0,11220.0,10990.0,163369.0
2020.06.30,11005.0,175.0,10915.0,11030.0,10865.0,26605.0
2020.06.29,10830.0,-40.0,10870.0,10885.0,10805.0,16366.0
2020.06.26,10870.0,-45.0,10975.0,10975.0,10850.0,29797.0
2020.06.25,10915.0,-60.0,10970.0,10970.0,10860.0,15733.0
2020.06.24,10975.0,45.0,11090.0,11090.0,10915.0,32885.0
2020.06.23,10930.0,-10.0,10955.0,11000.0,10870.0,45095.0
2020.06.22,10940.0,40.0,10945.0,11020.0,10880.0,31305.0
2020.06.19,10900.0,165.0,10775.0,10915.0,10745.0,29141.0
2020.06.18,10735.0,45.0,10690.0,10760.0,10665.0,43809.0
2020.06.17,10690.0,50.0,10650.0,10690.0,10630.0,20524.0
2020.06.16,10640.0,75.0,10565.0,10640.0,10505.0,46248.0
2020.06.15,10565.0,-10.0,10570.0,10620.0,10470.0,20578.0
2020.06.12,10575.0,70.0,10225.0,10575.0,10225.0,17930.0
2020.06.11,10505.0,-60.0,10455.0,10600.0,10455.0,29080.0
2020.06.10,10565.0,-40.0,10650.0,10650.0,10535.0,19132.0
2020.06.09,10605.0,-15.0,10675.0,10675.0,10560.0,12883.0
2020.06.08,10620.0,15.0,10730.0,10730.0,10585.0,26342.0
2020.06.05,10605.0,20.0,10585.0,10615.0,10495.0,18430.0
2020.06.04,10585.0,-15.0,10630.0,10700.0,10530.0,32305.0
2020.06.03,10600.0,-15.0,10640.0,10730.0,10600.0,14467.0
2020.06.02,10615.0,-25.0,10640.0,10645.0,10570.0,20667.0
2020.06.01,10640.0,315.0,10325.0,10640.0,10320.0,26660.0
2020.05.29,10325.0,-60.0,10225.0,10375.0,10225.0,17996.0
2020.05.28,10385.0,140.0,10370.0,10390.0,10225.0,25837.0
2020.05.27,10245.0,-185.0,10345.0,10425.0,10245.0,24755.0
2020.05.26,10430.0,55.0,10390.0,10430.0,10305.0,19141.0
2020.05.25,10375.0,55.0,10380.0,10380.0,10295.0,29447.0
2020.05.22,10320.0,-250.0,10590.0,10610.0,10300.0,28162.0
2020.05.21,10570.0,0.0,10740.0,10740.0,10535.0,15225.0
2020.05.20,10570.0,-10.0,10665.0,10665.0,10545.0,12185.0
2020.05.19,10580.0,0.0,10600.0,10695.0,10545.0,16462.0
2020.05.18,10580.0,80.0,10520.0,10580.0,10455.0,18787.0
2020.05.15,10500.0,10.0,10460.0,10550.0,10460.0,22089.0
2020.05.14,10490.0,-110.0,10635.0,10635.0,10490.0,19511.0
2020.05.13,10600.0,20.0,10580.0,10600.0,10450.0,11697.0
2020.05.12,10580.0,5.0,10505.0,10625.0,10480.0,19479.0
2020.05.11,10575.0,-50.0,10625.0,10800.0,10525.0,38738.0
2020.05.08,10625.0,155.0,10500.0,10635.0,10460.0,25243.0
2020.05.07,10470.0,20.0,10485.0,10530.0,10440.0,16999.0
2020.05.06,10450.0,160.0,10345.0,10450.0,10305.0,14691.0
2020.05.04,10290.0,-10.0,10330.0,10330.0,10120.0,25059.0
2020.04.29,10300.0,-10.0,10335.0,10370.0,10270.0,35444.0
2020.04.28,10310.0,-10.0,10320.0,10345.0,10160.0,7871.0
2020.04.27,10320.0,95.0,10285.0,10370.0,10170.0,17096.0
2020.04.24,10225.0,-120.0,10345.0,10345.0,10180.0,3312.0
2020.04.23,10345.0,60.0,10290.0,10390.0,10250.0,6028.0
2020.04.22,10285.0,110.0,10105.0,10285.0,10055.0,13831.0
2020.04.21,10175.0,-85.0,10280.0,10280.0,10090.0,37031.0
2020.04.20,10260.0,-35.0,10295.0,10300.0,10025.0,55264.0
2020.04.17,10295.0,55.0,10305.0,10400.0,10215.0,15160.0
2020.04.16,10240.0,55.0,10190.0,10240.0,10085.0,18198.0
2020.04.14,10185.0,210.0,10085.0,10185.0,10020.0,10976.0
2020.04.13,9975.0,-110.0,10060.0,10075.0,9950.0,33676.0
2020.04.10,10085.0,-45.0,10135.0,10170.0,10030.0,20693.0
2020.04.09,10130.0,35.0,10300.0,10345.0,10075.0,10135.0
2020.04.08,10095.0,-50.0,10160.0,10180.0,10065.0,14054.0
2020.04.07,10145.0,105.0,10160.0,10240.0,10040.0,67933.0
2020.04.06,10040.0,70.0,9975.0,10100.0,9970.0,62399.0
2020.04.03,9970.0,40.0,9980.0,10060.0,9955.0,10462.0
2020.04.02,9930.0,100.0,9835.0,9970.0,9795.0,10113.0
2020.04.01,9830.0,85.0,9650.0,9945.0,9650.0,41837.0
2020.03.31,9745.0,-150.0,9895.0,10065.0,9685.0,136119.0
2020.03.30,9895.0,-50.0,9935.0,9935.0,9700.0,27058.0
2020.03.27,9945.0,-50.0,10095.0,10205.0,9900.0,30356.0
2020.03.26,9995.0,-70.0,10110.0,10155.0,9855.0,25323.0
2020.03.25,10065.0,215.0,10050.0,10095.0,9945.0,44922.0
2020.03.24,9850.0,55.0,9800.0,9945.0,9685.0,38589.0
2020.03.23,9795.0,-110.0,9895.0,9930.0,9435.0,53402.0
2020.03.20,9905.0,-55.0,10000.0,10075.0,9710.0,44087.0
2020.03.19,9960.0,-160.0,9965.0,10135.0,9640.0,142771.0
2020.03.18,10120.0,-35.0,10100.0,10295.0,10015.0,16038.0
2020.03.17,10155.0,-65.0,9995.0,10300.0,9800.0,12415.0
2020.03.16,10220.0,-240.0,10505.0,10505.0,10190.0,36555.0
2020.03.13,10460.0,-15.0,9810.0,10595.0,9810.0,96765.0
2020.03.12,10475.0,-245.0,10485.0,10650.0,10430.0,56476.0
2020.03.11,10720.0,-155.0,10900.0,10925.0,10715.0,19924.0
2020.03.10,10875.0,20.0,10560.0,10880.0,10560.0,36945.0
2020.03.09,10855.0,-220.0,10920.0,10920.0,10745.0,35289.0
2020.03.06,11075.0,-35.0,10965.0,11110.0,10920.0,144545.0
2020.03.05,11110.0,315.0,10930.0,11115.0,10885.0,113202.0
2020.03.04,10795.0,30.0,10760.0,10835.0,10510.0,23507.0
2020.03.03,10765.0,-85.0,10870.0,10955.0,10750.0,58511.0
2020.03.02,10850.0,150.0,10705.0,10860.0,10500.0,46574.0
2020.02.28,10700.0,-205.0,10855.0,10855.0,10520.0,188307.0
2020.02.27,10905.0,20.0,10885.0,10975.0,10840.0,121113.0
2020.02.26,10885.0,-70.0,10720.0,11050.0,10720.0,85039.0
2020.02.25,10955.0,-115.0,10790.0,11045.0,10705.0,71095.0
2020.02.24,11070.0,90.0,10950.0,11080.0,10530.0,357593.0
2020.02.21,10980.0,100.0,10880.0,11065.0,10840.0,256793.0
2020.02.20,10880.0,225.0,10660.0,10880.0,10660.0,138380.0
2020.02.19,10655.0,0.0,10700.0,10725.0,10650.0,34879.0
2020.02.18,10655.0,-5.0,10670.0,10720.0,10575.0,91112.0
2020.02.17,10660.0,200.0,10550.0,10660.0,10460.0,89034.0
2020.02.14,10460.0,90.0,10385.0,10545.0,10360.0,44115.0
2020.02.13,10370.0,-65.0,10455.0,10520.0,10310.0,202058.0
2020.02.12,10435.0,60.0,10390.0,10455.0,10355.0,71074.0
2020.02.11,10375.0,80.0,10300.0,10410.0,10300.0,90537.0
2020.02.10,10295.0,65.0,10210.0,10305.0,10180.0,46232.0
2020.02.07,10230.0,-10.0,10295.0,10330.0,10160.0,32977.0
2020.02.06,10240.0,200.0,10190.0,10280.0,10035.0,80798.0
2020.02.05,10040.0,145.0,10030.0,10175.0,9980.0,186731.0
2020.02.04,9895.0,110.0,9790.0,9900.0,9640.0,136250.0
2020.02.03,9785.0,-180.0,9810.0,10075.0,9745.0,140803.0
2020.01.31,9965.0,25.0,9855.0,10020.0,9855.0,52057.0
2020.01.30,9940.0,-160.0,10100.0,10100.0,9910.0,19740.0
2020.01.29,10100.0,105.0,9995.0,10175.0,9865.0,33164.0
2020.01.28,9995.0,-495.0,9765.0,10380.0,9765.0,111314.0
2020.01.23,10490.0,-410.0,10740.0,10895.0,10390.0,158989.0
2020.01.22,10900.0,30.0,10725.0,10900.0,10585.0,129482.0
2020.01.21,10870.0,-110.0,11000.0,11015.0,10795.0,174762.0
2020.01.20,10980.0,50.0,10960.0,11005.0,10905.0,127439.0
2020.01.17,10930.0,25.0,10960.0,10970.0,10875.0,149604.0
2020.01.16,10905.0,-5.0,10940.0,10940.0,10845.0,61012.0
2020.01.15,10910.0,-50.0,10960.0,10965.0,10820.0,82472.0
2020.01.14,10960.0,85.0,10905.0,10960.0,10905.0,315445.0
2020.01.13,10875.0,35.0,10840.0,10875.0,10760.0,233776.0
2020.01.10,10840.0,70.0,10800.0,10840.0,10705.0,58910.0
2020.01.09,10770.0,45.0,10825.0,10825.0,10725.0,45330.0
2020.01.08,10725.0,-50.0,10700.0,10830.0,10700.0,168572.0
2020.01.07,10775.0,65.0,10770.0,10775.0,10695.0,40275.0
2020.01.06,10710.0,-10.0,10715.0,10795.0,10605.0,136455.0
2020.01.03,10720.0,25.0,10710.0,10745.0,10680.0,123646.0
2020.01.02,10695.0,180.0,10555.0,10705.0,10555.0,148676.0
2019.12.30,10515.0,120.0,10395.0,10525.0,10315.0,39750.0
2019.12.27,10395.0,65.0,10450.0,10490.0,10325.0,20307.0
2019.12.26,10330.0,55.0,10275.0,10340.0,10240.0,25398.0
2019.12.24,10275.0,-25.0,10280.0,10290.0,10170.0,12787.0
2019.12.23,10300.0,-75.0,10380.0,10380.0,10300.0,16582.0
2019.12.20,10375.0,-15.0,10440.0,10445.0,10340.0,15170.0
2019.12.19,10390.0,-50.0,10390.0,10460.0,10355.0,24090.0
2019.12.18,10440.0,-5.0,10460.0,10460.0,10385.0,17515.0
2019.12.17,10445.0,90.0,10360.0,10465.0,10305.0,70161.0
2019.12.16,10355.0,45.0,10310.0,10390.0,10280.0,31311.0
2019.12.13,10310.0,85.0,10275.0,10335.0,10245.0,73975.0
2019.12.12,10225.0,-35.0,10260.0,10280.0,10170.0,17840.0
2019.12.11,10260.0,35.0,10225.0,10260.0,10215.0,4584.0
2019.12.10,10225.0,10.0,10275.0,10275.0,10185.0,76573.0
2019.12.09,10215.0,15.0,10285.0,10285.0,10175.0,12459.0
2019.12.06,10200.0,30.0,10145.0,10210.0,10145.0,14303.0
2019.12.05,10170.0,110.0,10105.0,10170.0,10075.0,10479.0
2019.12.04,10060.0,10.0,10035.0,10060.0,10010.0,12634.0
2019.12.03,10050.0,10.0,10040.0,10055.0,9950.0,8107.0
2019.12.02,10040.0,60.0,9980.0,10040.0,9925.0,10155.0
2019.11.29,9980.0,-90.0,10075.0,10080.0,9945.0,4468.0
2019.11.28,10070.0,25.0,10045.0,10150.0,10035.0,36614.0
2019.11.27,10045.0,-40.0,10085.0,10105.0,10010.0,9003.0
2019.11.26,10085.0,50.0,10025.0,10085.0,10025.0,14093.0
2019.11.25,10035.0,15.0,10095.0,10095.0,9955.0,24874.0
2019.11.22,10020.0,-75.0,10095.0,10175.0,9985.0,12689.0
2019.11.21,10095.0,-70.0,10160.0,10160.0,10050.0,16012.0
2019.11.20,10165.0,-15.0,10240.0,10240.0,10125.0,9863.0
2019.11.19,10180.0,80.0,10120.0,10190.0,10045.0,7443.0
2019.11.18,10100.0,45.0,10100.0,10115.0,10010.0,4686.0
2019.11.15,10055.0,-65.0,10075.0,10130.0,10040.0,6319.0
2019.11.14,10120.0,65.0,10100.0,10130.0,10060.0,2821.0
2019.11.13,10055.0,-20.0,10130.0,10130.0,10020.0,6433.0
2019.11.12,10075.0,-30.0,10180.0,10180.0,10025.0,21158.0
2019.11.11,10105.0,-130.0,10295.0,10295.0,10085.0,18141.0
2019.11.08,10235.0,-15.0,10315.0,10335.0,10235.0,37810.0
2019.11.07,10250.0,30.0,10290.0,10290.0,10185.0,6745.0
2019.11.06,10220.0,-60.0,10330.0,10330.0,10220.0,16387.0
2019.11.05,10280.0,90.0,10200.0,10320.0,10165.0,20817.0
2019.11.04,10190.0,20.0,10135.0,10205.0,10135.0,11312.0
2019.11.01,10170.0,145.0,9980.0,10170.0,9980.0,11698.0
2019.10.31,10025.0,-5.0,10115.0,10115.0,9935.0,10577.0
2019.10.30,10030.0,-15.0,10045.0,10045.0,9960.0,24109.0
2019.10.29,10045.0,-45.0,10125.0,10130.0,10030.0,3103.0
2019.10.28,10090.0,55.0,10150.0,10150.0,10025.0,4421.0
2019.10.25,10035.0,90.0,9980.0,10035.0,9895.0,9008.0
2019.10.24,9945.0,5.0,9945.0,10000.0,9925.0,6584.0
2019.10.23,9940.0,-35.0,10020.0,10020.0,9925.0,5341.0
2019.10.22,9975.0,-15.0,10030.0,10045.0,9945.0,25924.0
2019.10.21,9990.0,15.0,10085.0,10085.0,9940.0,60492.0
2019.10.18,9975.0,-175.0,10170.0,10185.0,9975.0,18754.0
2019.10.17,10150.0,-70.0,10215.0,10215.0,10135.0,2242.0
2019.10.16,10220.0,5.0,10200.0,10275.0,10185.0,10048.0
2019.10.15,10215.0,-70.0,10295.0,10295.0,10180.0,9341.0
2019.10.14,10285.0,120.0,10275.0,10315.0,10205.0,25398.0
2019.10.11,10165.0,95.0,10150.0,10165.0,10055.0,14541.0
2019.10.10,10070.0,90.0,9870.0,10075.0,9870.0,16067.0
2019.10.08,9980.0,50.0,9930.0,10025.0,9900.0,51702.0
2019.10.07,9930.0,30.0,9930.0,9930.0,9880.0,5147.0
2019.10.04,9900.0,-30.0,9930.0,9965.0,9875.0,5742.0
2019.10.02,9930.0,5.0,9940.0,9945.0,9895.0,14164.0
2019.10.01,9925.0,-140.0,10025.0,10030.0,9900.0,71499.0
2019.09.30,10065.0,-85.0,9990.0,10135.0,9990.0,20772.0
2019.09.27,10150.0,65.0,10000.0,10155.0,10000.0,24852.0
2019.09.26,10085.0,-35.0,10180.0,10225.0,10060.0,8043.0
2019.09.25,10120.0,-115.0,10245.0,10260.0,10105.0,23524.0
2019.09.24,10235.0,60.0,10175.0,10235.0,10150.0,4670.0
2019.09.23,10175.0,-110.0,10300.0,10300.0,10105.0,21930.0
2019.09.20,10285.0,20.0,10230.0,10320.0,10230.0,4197.0
2019.09.19,10265.0,70.0,10175.0,10295.0,10175.0,33330.0
2019.09.18,10195.0,20.0,10185.0,10245.0,10105.0,14975.0
2019.09.17,10175.0,-170.0,10345.0,10385.0,10110.0,12438.0
2019.09.16,10345.0,100.0,10350.0,10365.0,10255.0,57036.0
2019.09.11,10245.0,-15.0,10310.0,10340.0,10180.0,19052.0
2019.09.10,10260.0,-20.0,10285.0,10330.0,10220.0,61600.0
2019.09.09,10280.0,85.0,10315.0,10340.0,10245.0,31527.0
2019.09.06,10195.0,-50.0,10270.0,10280.0,10170.0,23186.0
2019.09.05,10245.0,135.0,10190.0,10330.0,10130.0,26492.0
2019.09.04,10110.0,35.0,10140.0,10140.0,10055.0,14349.0
2019.09.03,10075.0,-60.0,10135.0,10165.0,10050.0,10652.0
2019.09.02,10135.0,200.0,10020.0,10135.0,9940.0,22018.0
2019.08.30,9935.0,-50.0,10020.0,10085.0,9935.0,16642.0
2019.08.29,9985.0,-15.0,10000.0,10070.0,9900.0,20493.0
2019.08.28,10000.0,-15.0,10015.0,10050.0,9940.0,70412.0
2019.08.27,10015.0,25.0,10015.0,10130.0,9885.0,41481.0
2019.08.26,9990.0,-145.0,10055.0,10100.0,9910.0,37554.0
2019.08.23,10135.0,100.0,10100.0,10140.0,10015.0,6321.0
2019.08.22,10035.0,0.0,10075.0,10075.0,9955.0,8782.0
2019.08.21,10035.0,-20.0,10005.0,10070.0,9940.0,18470.0
2019.08.20,10055.0,10.0,10065.0,10140.0,10035.0,20199.0
2019.08.19,10045.0,80.0,9980.0,10060.0,9885.0,26944.0
2019.08.16,9965.0,125.0,9905.0,9990.0,9810.0,10919.0
2019.08.14,9840.0,40.0,9805.0,9980.0,9795.0,71635.0
2019.08.13,9800.0,-60.0,9820.0,9845.0,9745.0,3447.0
2019.08.12,9860.0,155.0,9710.0,9860.0,9640.0,12599.0
2019.08.09,9705.0,-65.0,9850.0,9850.0,9635.0,19031.0
2019.08.08,9770.0,5.0,9650.0,9790.0,9635.0,16097.0
2019.08.07,9765.0,15.0,9750.0,9775.0,9650.0,16993.0
2019.08.06,9750.0,-280.0,9660.0,9795.0,9500.0,30819.0
2019.08.05,10030.0,-10.0,10085.0,10120.0,9955.0,20645.0
2019.08.02,10040.0,-135.0,10135.0,10230.0,9920.0,31401.0
2019.08.01,10175.0,-65.0,10130.0,10345.0,10060.0,37535.0
2019.07.31,10240.0,-35.0,10245.0,10315.0,10150.0,14517.0
2019.07.30,10275.0,40.0,10235.0,10335.0,10210.0,53641.0
2019.07.29,10235.0,-20.0,10305.0,10305.0,10185.0,23894.0
2019.07.26,10255.0,60.0,10150.0,10295.0,10150.0,22817.0
2019.07.25,10195.0,80.0,10155.0,10195.0,10100.0,17068.0
2019.07.24,10115.0,80.0,10035.0,10150.0,10035.0,11830.0
2019.07.23,10035.0,-75.0,10100.0,10100.0,9975.0,6406.0
2019.07.22,10110.0,45.0,10065.0,10115.0,10010.0,32986.0
2019.07.19,10065.0,40.0,10055.0,10125.0,9925.0,11117.0
2019.07.18,10025.0,-70.0,10130.0,10130.0,10000.0,33593.0
2019.07.17,10095.0,60.0,10060.0,10115.0,10025.0,29241.0
2019.07.16,10035.0,-70.0,10105.0,10120.0,10025.0,23062.0
2019.07.15,10105.0,45.0,10115.0,10180.0,9895.0,7995.0
2019.07.12,10060.0,90.0,9945.0,10075.0,9945.0,18190.0
2019.07.11,9970.0,-95.0,10095.0,10140.0,9900.0,40655.0
2019.07.10,10065.0,65.0,10065.0,10085.0,9985.0,31782.0
2019.07.09,10000.0,-50.0,9995.0,10085.0,9945.0,9625.0
2019.07.08,10050.0,-105.0,10125.0,10190.0,9930.0,36592.0
2019.07.05,10155.0,80.0,10075.0,10160.0,10060.0,41587.0
2019.07.04,10075.0,-50.0,10135.0,10205.0,10075.0,37872.0
2019.07.03,10125.0,-210.0,10230.0,10305.0,10115.0,86802.0
2019.07.02,10335.0,45.0,10265.0,10335.0,10220.0,86195.0
2019.07.01,10290.0,450.0,9960.0,10295.0,9960.0,159587.0
2019.06.28,9840.0,-5.0,9945.0,9945.0,9805.0,59280.0
2019.06.27,9845.0,70.0,9830.0,9955.0,9740.0,76859.0
2019.06.26,9775.0,40.0,9710.0,9795.0,9710.0,18308.0
2019.06.25,9735.0,-195.0,9930.0,9935.0,9690.0,19422.0
2019.06.24,9930.0,10.0,9925.0,10000.0,9910.0,29558.0
2019.06.21,9920.0,-10.0,9930.0,10010.0,9920.0,91819.0
2019.06.20,9930.0,165.0,9780.0,9960.0,9695.0,127364.0
2019.06.19,9765.0,120.0,9710.0,9830.0,9695.0,90689.0
2019.06.18,9645.0,30.0,9660.0,9660.0,9565.0,1380.0
2019.06.17,9615.0,-5.0,9645.0,9685.0,9570.0,15597.0
2019.06.14,9620.0,-50.0,9740.0,9740.0,9620.0,5926.0
2019.06.13,9670.0,15.0,9710.0,9710.0,9580.0,33265.0
2019.06.12,9655.0,-90.0,9750.0,9760.0,9635.0,12131.0
2019.06.11,9745.0,235.0,9510.0,9745.0,9425.0,21521.0
2019.06.10,9510.0,160.0,9355.0,9550.0,9355.0,44665.0
2019.06.07,9350.0,-110.0,9350.0,9350.0,9275.0,12701.0
2019.06.05,9460.0,10.0,9455.0,9515.0,9425.0,20875.0
2019.06.04,9450.0,-80.0,9475.0,9525.0,9385.0,16905.0
2019.06.03,9530.0,-70.0,9615.0,9645.0,9455.0,27089.0
2019.05.31,9600.0,65.0,9500.0,9660.0,9500.0,17506.0
2019.05.30,9535.0,-145.0,9680.0,9685.0,9465.0,45194.0
2019.05.29,9680.0,25.0,9650.0,9765.0,9550.0,5645.0
2019.05.28,9655.0,55.0,9600.0,9675.0,9540.0,12749.0
2019.05.27,9600.0,115.0,9490.0,9600.0,9330.0,10363.0
2019.05.24,9485.0,20.0,9435.0,9500.0,9315.0,35632.0
2019.05.23,9465.0,-105.0,9570.0,9595.0,9410.0,21700.0
2019.05.22,9570.0,-100.0,9670.0,9675.0,9570.0,12637.0
2019.05.21,9670.0,160.0,9535.0,9700.0,9500.0,11651.0
2019.05.20,9510.0,-185.0,9575.0,9635.0,9465.0,23463.0
2019.05.17,9695.0,-140.0,9840.0,9910.0,9685.0,29910.0
2019.05.16,9835.0,-10.0,9845.0,9865.0,9770.0,34517.0
2019.05.15,9845.0,155.0,9690.0,9845.0,9650.0,65933.0
2019.05.14,9690.0,-5.0,9475.0,9715.0,9400.0,36062.0
2019.05.13,9695.0,-135.0,9735.0,9825.0,9680.0,13230.0
2019.05.10,9830.0,230.0,9600.0,9830.0,9510.0,214963.0
2019.05.09,9600.0,-50.0,9720.0,9720.0,9455.0,88347.0
2019.05.08,9650.0,-60.0,9605.0,9780.0,9605.0,60716.0
2019.05.07,9710.0,-655.0,9775.0,9985.0,9575.0,262593.0
2019.05.03,10365.0,30.0,10375.0,10375.0,10320.0,17675.0
2019.05.02,10335.0,10.0,10325.0,10345.0,10275.0,27422.0
2019.04.30,10325.0,-25.0,10300.0,10380.0,10250.0,84677.0
2019.04.29,10350.0,35.0,10320.0,10425.0,10185.0,54498.0
2019.04.26,10315.0,-150.0,10405.0,10405.0,10260.0,27773.0
2019.04.25,10465.0,10.0,10535.0,10595.0,10435.0,33371.0
2019.04.24,10455.0,-60.0,10545.0,10545.0,10365.0,22981.0
2019.04.23,10515.0,-55.0,10520.0,10530.0,10370.0,42956.0
2019.04.22,10570.0,-25.0,10625.0,10665.0,10440.0,121909.0
2019.04.19,10595.0,25.0,10595.0,10625.0,10495.0,33692.0
2019.04.18,10570.0,35.0,10550.0,10595.0,10485.0,93384.0
2019.04.17,10535.0,100.0,10505.0,10565.0,10475.0,114884.0
2019.04.16,10435.0,35.0,10325.0,10475.0,10200.0,195020.0
2019.04.15,10400.0,95.0,10410.0,10530.0,10350.0,72126.0
2019.04.12,10305.0,-120.0,10435.0,10435.0,10250.0,42754.0
2019.04.11,10425.0,-160.0,10555.0,10620.0,10335.0,131416.0
2019.04.10,10585.0,60.0,10525.0,10585.0,10450.0,89510.0
2019.04.09,10525.0,25.0,10500.0,10615.0,10460.0,84681.0
2019.04.08,10500.0,-5.0,10515.0,10625.0,10405.0,333914.0
2019.04.05,10505.0,80.0,10440.0,10510.0,10440.0,283253.0
2019.04.04,10425.0,155.0,10295.0,10435.0,10295.0,484661.0
2019.04.03,10270.0,35.0,10265.0,10280.0,10190.0,96551.0
2019.04.02,10235.0,5.0,10240.0,10280.0,10195.0,199544.0
2019.04.01,10230.0,315.0,9960.0,10235.0,9950.0,500994.0
2019.03.29,9915.0,220.0,9665.0,9960.0,9620.0,117340.0
2019.03.28,9695.0,0.0,9695.0,9695.0,9585.0,17969.0
2019.03.27,9695.0,110.0,9595.0,9710.0,9555.0,45620.0
2019.03.26,9585.0,-185.0,9760.0,9760.0,9570.0,42387.0
2019.03.25,9770.0,-130.0,9800.0,9850.0,9715.0,31482.0
2019.03.22,9900.0,-15.0,9865.0,9975.0,9770.0,95985.0
2019.03.21,9915.0,65.0,9885.0,9915.0,9790.0,61009.0
2019.03.20,9850.0,60.0,9810.0,9875.0,9720.0,53535.0
2019.03.19,9790.0,-115.0,9930.0,9955.0,9790.0,54497.0
2019.03.18,9905.0,210.0,9705.0,9910.0,9685.0,52499.0
2019.03.15,9695.0,160.0,9500.0,9735.0,9495.0,47479.0
2019.03.14,9535.0,-105.0,9690.0,9690.0,9535.0,29774.0
2019.03.13,9640.0,30.0,9615.0,9695.0,9560.0,20025.0
2019.03.12,9610.0,25.0,9715.0,9735.0,9610.0,91022.0
2019.03.11,9585.0,110.0,9360.0,9600.0,9360.0,108033.0
2019.03.08,9475.0,-370.0,9650.0,9840.0,9475.0,147873.0
2019.03.07,9845.0,30.0,9900.0,9920.0,9705.0,79003.0
2019.03.06,9815.0,80.0,9800.0,9885.0,9715.0,282743.0
2019.03.05,9735.0,10.0,9725.0,9775.0,9670.0,61653.0
2019.03.04,9725.0,350.0,9550.0,9955.0,9550.0,628492.0
2019.02.28,9375.0,-35.0,9410.0,9520.0,9340.0,535534.0
2019.02.27,9410.0,-115.0,9520.0,9560.0,9385.0,121849.0
2019.02.26,9525.0,10.0,9515.0,9625.0,9440.0,253029.0
2019.02.25,9515.0,590.0,8965.0,9515.0,8965.0,403660.0
2019.02.22,8925.0,30.0,8870.0,8930.0,8755.0,26102.0
2019.02.21,8895.0,50.0,8865.0,9005.0,8795.0,239556.0
2019.02.20,8845.0,85.0,8765.0,8860.0,8765.0,207792.0
2019.02.19,8760.0,-60.0,8810.0,8880.0,8745.0,66009.0
2019.02.18,8820.0,240.0,8640.0,8820.0,8475.0,431140.0
2019.02.15,8580.0,-140.0,8715.0,8725.0,8530.0,529674.0
2019.02.14,8720.0,80.0,8620.0,8720.0,8620.0,185377.0
2019.02.13,8640.0,195.0,8515.0,8640.0,8455.0,185801.0
2019.02.12,8445.0,90.0,8360.0,8475.0,8360.0,28952.0
2019.02.11,8355.0,100.0,8255.0,8395.0,8235.0,22765.0
2019.02.08,8255.0,-60.0,8315.0,8315.0,8230.0,16506.0
2019.02.07,8315.0,70.0,8315.0,8335.0,8270.0,15986.0
2019.02.01,8245.0,90.0,8180.0,8245.0,8125.0,206753.0
2019.01.31,8155.0,30.0,8125.0,8195.0,8080.0,388687.0
2019.01.30,8125.0,-35.0,8155.0,8200.0,8095.0,841765.0
2019.01.29,8160.0,50.0,8110.0,8165.0,7985.0,25072.0
2019.01.28,8110.0,-25.0,8135.0,8175.0,8065.0,19528.0
2019.01.25,8135.0,65.0,8015.0,8135.0,8015.0,69421.0
2019.01.24,8070.0,90.0,8015.0,8080.0,7950.0,10815.0
2019.01.23,7980.0,-20.0,7980.0,8035.0,7940.0,15573.0
2019.01.22,8000.0,-90.0,8145.0,8145.0,7970.0,15235.0
2019.01.21,8090.0,65.0,8055.0,8130.0,8035.0,21374.0
2019.01.18,8025.0,70.0,7990.0,8025.0,7905.0,22763.0
2019.01.17,7955.0,20.0,7970.0,7995.0,7915.0,53422.0
2019.01.16,7935.0,20.0,7985.0,7985.0,7915.0,4966.0
2019.01.15,7915.0,75.0,7830.0,7915.0,7810.0,45702.0
2019.01.14,7840.0,-40.0,7820.0,7870.0,7805.0,5727.0
2019.01.11,7880.0,55.0,7810.0,7880.0,7770.0,130643.0
2019.01.10,7825.0,0.0,7795.0,7850.0,7735.0,83782.0
2019.01.09,7825.0,165.0,7690.0,7845.0,7685.0,25906.0
2019.01.08,7660.0,0.0,7660.0,7675.0,7625.0,12599.0
2019.01.07,7660.0,85.0,7695.0,7695.0,7600.0,39537.0
2019.01.04,7575.0,145.0,7430.0,7610.0,7365.0,23481.0
2019.01.03,7430.0,0.0,7440.0,7525.0,7430.0,17387.0
2019.01.02,7430.0,-130.0,7570.0,7570.0,7405.0,66145.0
2018.12.28,7560.0,50.0,7535.0,7585.0,7495.0,30155.0
2018.12.27,7510.0,-50.0,7640.0,7650.0,7500.0,56691.0
2018.12.26,7560.0,-40.0,7535.0,7620.0,7515.0,24650.0
2018.12.24,7600.0,45.0,7550.0,7610.0,7510.0,16591.0
2018.12.21,7555.0,-135.0,7655.0,7710.0,7505.0,9694.0
2018.12.20,7690.0,-85.0,7775.0,7785.0,7650.0,13989.0
2018.12.19,7775.0,-65.0,7875.0,7875.0,7760.0,2969.0
2018.12.18,7840.0,-115.0,7955.0,7955.0,7830.0,20565.0
2018.12.17,7955.0,-55.0,8010.0,8010.0,7890.0,14616.0
2018.12.14,8010.0,-105.0,8045.0,8095.0,7995.0,22058.0
2018.12.13,8115.0,130.0,7985.0,8125.0,7985.0,7263.0
2018.12.12,7985.0,45.0,7940.0,8000.0,7920.0,108287.0
2018.12.11,7940.0,15.0,7925.0,7950.0,7860.0,3300.0
2018.12.10,7925.0,-25.0,7950.0,7950.0,7865.0,6899.0
2018.12.07,7950.0,-55.0,7930.0,7990.0,7930.0,8005.0
2018.12.06,8005.0,-150.0,8065.0,8170.0,7940.0,11288.0
2018.12.05,8155.0,80.0,8005.0,8180.0,8000.0,35298.0
2018.12.04,8075.0,10.0,8010.0,8090.0,8010.0,33850.0
2018.12.03,8065.0,225.0,7965.0,8095.0,7870.0,47190.0
2018.11.30,7840.0,5.0,7805.0,7850.0,7795.0,17847.0
2018.11.29,7835.0,-85.0,7920.0,8030.0,7835.0,179644.0
2018.11.28,7920.0,80.0,7840.0,7920.0,7795.0,93864.0
2018.11.27,7840.0,-15.0,7880.0,7910.0,7815.0,6428.0
2018.11.26,7855.0,-70.0,7925.0,7930.0,7820.0,15032.0
2018.11.23,7925.0,-180.0,8105.0,8105.0,7890.0,37791.0
2018.11.22,8105.0,20.0,8085.0,8110.0,8000.0,64870.0
2018.11.21,8085.0,50.0,8035.0,8095.0,7955.0,46695.0
2018.11.20,8035.0,-175.0,8170.0,8190.0,8010.0,61120.0
2018.11.19,8210.0,20.0,8190.0,8215.0,8140.0,12551.0
2018.11.16,8190.0,40.0,8205.0,8215.0,8080.0,27496.0
2018.11.15,8150.0,80.0,8045.0,8150.0,7995.0,52351.0
2018.11.14,8070.0,-20.0,8090.0,8130.0,8030.0,65613.0
2018.11.13,8090.0,55.0,7990.0,8115.0,7905.0,5702.0
2018.11.12,8035.0,140.0,7895.0,8040.0,7885.0,12613.0
2018.11.09,7895.0,-85.0,7985.0,7985.0,7865.0,18704.0
2018.11.08,7980.0,-20.0,8040.0,8120.0,7980.0,265103.0
2018.11.07,8000.0,-50.0,8085.0,8095.0,8000.0,8483.0
2018.11.06,8050.0,-105.0,8155.0,8155.0,7985.0,10429.0
2018.11.05,8155.0,-20.0,8175.0,8175.0,8100.0,26581.0
2018.11.02,8175.0,155.0,7970.0,8190.0,7895.0,187834.0
2018.11.01,8020.0,85.0,7940.0,8085.0,7885.0,7069.0
2018.10.31,7935.0,45.0,7855.0,7960.0,7790.0,16264.0
2018.10.30,7890.0,130.0,7720.0,7935.0,7720.0,28915.0
2018.10.29,7760.0,-225.0,7985.0,8010.0,7720.0,46023.0
2018.10.26,7985.0,-15.0,8100.0,8100.0,7920.0,12008.0
2018.10.25,8000.0,-5.0,7900.0,8000.0,7850.0,34339.0
2018.10.24,8005.0,10.0,7980.0,8125.0,7920.0,18979.0
2018.10.23,7995.0,-190.0,8185.0,8200.0,7995.0,67426.0
2018.10.22,8185.0,305.0,7895.0,8210.0,7830.0,93496.0
2018.10.19,7880.0,180.0,7670.0,7890.0,7620.0,26168.0
2018.10.18,7700.0,-140.0,7840.0,7840.0,7665.0,10399.0
2018.10.17,7840.0,40.0,7835.0,7890.0,7700.0,117698.0
2018.10.16,7800.0,-105.0,7925.0,7940.0,7765.0,39995.0
2018.10.15,7905.0,-95.0,8000.0,8020.0,7905.0,11595.0
2018.10.12,8000.0,70.0,7935.0,8030.0,7790.0,60257.0
2018.10.11,7930.0,-350.0,8145.0,8180.0,7930.0,49028.0
2018.10.10,8280.0,-125.0,8360.0,8385.0,8170.0,14422.0
2018.10.08,8405.0,110.0,8300.0,8510.0,8295.0,101166.0
2018.10.05,8295.0,-40.0,8335.0,8335.0,8245.0,100118.0
2018.10.04,8335.0,-165.0,8500.0,8600.0,8315.0,256477.0
2018.10.02,8500.0,-45.0,8585.0,8610.0,8490.0,346737.0
2018.10.01,8545.0,70.0,8500.0,8570.0,8495.0,127844.0
2018.09.28,8475.0,-15.0,8490.0,8535.0,8455.0,43118.0
2018.09.27,8490.0,10.0,8500.0,8530.0,8420.0,38396.0
2018.09.21,8480.0,130.0,8350.0,8495.0,8305.0,37601.0
2018.09.20,8350.0,15.0,8335.0,8390.0,8285.0,10946.0
2018.09.19,8335.0,110.0,8220.0,8335.0,8210.0,20813.0
2018.09.18,8225.0,125.0,8175.0,8225.0,8080.0,12290.0
2018.09.17,8100.0,-60.0,8020.0,8155.0,8020.0,26407.0
2018.09.14,8160.0,25.0,8200.0,8200.0,8090.0,243659.0
2018.09.13,8135.0,25.0,8115.0,8160.0,8060.0,241729.0
2018.09.12,8110.0,60.0,8180.0,8180.0,8055.0,45764.0
2018.09.11,8050.0,-145.0,8245.0,8245.0,8045.0,75287.0
2018.09.10,8195.0,-75.0,8310.0,8315.0,8160.0,14516.0
2018.09.07,8270.0,15.0,8265.0,8380.0,8190.0,15853.0
2018.09.06,8255.0,-105.0,8360.0,8360.0,8245.0,22501.0
2018.09.05,8360.0,-95.0,8455.0,8475.0,8360.0,27976.0
2018.09.04,8455.0,160.0,8270.0,8475.0,8270.0,22290.0
2018.09.03,8295.0,-100.0,8395.0,8400.0,8200.0,28335.0
2018.08.31,8395.0,-10.0,8405.0,8420.0,8260.0,30777.0
2018.08.30,8405.0,-75.0,8490.0,8500.0,8350.0,23627.0
2018.08.29,8480.0,-30.0,8535.0,8545.0,8470.0,10639.0
2018.08.28,8510.0,-50.0,8560.0,8585.0,8505.0,43985.0
2018.08.27,8560.0,210.0,8450.0,8560.0,8330.0,29137.0
2018.08.24,8350.0,-15.0,8365.0,8390.0,8220.0,28551.0
2018.08.23,8365.0,45.0,8330.0,8365.0,8255.0,66135.0
2018.08.22,8320.0,-30.0,8345.0,8360.0,8265.0,44309.0
2018.08.21,8350.0,200.0,8160.0,8360.0,8135.0,35790.0
2018.08.20,8150.0,-15.0,8165.0,8170.0,8050.0,43994.0
2018.08.17,8165.0,-110.0,8305.0,8305.0,8125.0,288079.0
2018.08.16,8275.0,-200.0,8280.0,8330.0,8100.0,25866.0
2018.08.14,8475.0,-95.0,8590.0,8590.0,8440.0,15834.0
2018.08.13,8570.0,-35.0,8645.0,8650.0,8435.0,41967.0
2018.08.10,8605.0,70.0,8535.0,8620.0,8535.0,32315.0
2018.08.09,8535.0,185.0,8350.0,8540.0,8305.0,84833.0
2018.08.08,8350.0,-95.0,8460.0,8470.0,8340.0,20318.0
2018.08.07,8445.0,190.0,8275.0,8445.0,8240.0,18163.0
2018.08.06,8255.0,-150.0,8420.0,8455.0,8255.0,39064.0
2018.08.03,8405.0,-110.0,8515.0,8540.0,8385.0,48293.0
2018.08.02,8515.0,-230.0,8695.0,8700.0,8420.0,45282.0
2018.08.01,8745.0,-80.0,8865.0,8895.0,8745.0,163142.0
2018.07.31,8825.0,25.0,8875.0,8875.0,8785.0,37558.0
2018.07.30,8800.0,-75.0,8860.0,8895.0,8785.0,13116.0
2018.07.27,8875.0,-85.0,8985.0,8990.0,8860.0,6562.0
2018.07.26,8960.0,-150.0,9075.0,9130.0,8925.0,22451.0
2018.07.25,9110.0,30.0,9130.0,9145.0,9070.0,7296.0
2018.07.24,9080.0,95.0,9020.0,9140.0,8960.0,13512.0
2018.07.23,8985.0,15.0,8900.0,8985.0,8815.0,133399.0
2018.07.20,8970.0,150.0,8825.0,8970.0,8650.0,83762.0
2018.07.19,8820.0,-50.0,8870.0,8870.0,8740.0,40216.0
2018.07.18,8870.0,70.0,8895.0,8900.0,8805.0,15938.0
2018.07.17,8800.0,-130.0,8955.0,8955.0,8755.0,17524.0
2018.07.16,8930.0,-75.0,8900.0,9015.0,8900.0,11914.0
2018.07.13,9005.0,85.0,8925.0,9005.0,8925.0,26718.0
2018.07.12,8920.0,230.0,8700.0,8920.0,8700.0,10406.0
2018.07.11,8690.0,-185.0,8855.0,8900.0,8620.0,65486.0
2018.07.10,8875.0,130.0,8855.0,8915.0,8780.0,17972.0
2018.07.09,8745.0,100.0,8620.0,8770.0,8615.0,11166.0
2018.07.06,8645.0,75.0,8505.0,8670.0,8445.0,247730.0
2018.07.05,8570.0,-85.0,8630.0,8715.0,8495.0,13285.0
2018.07.04,8655.0,5.0,8715.0,8730.0,8585.0,15946.0
2018.07.03,8650.0,-115.0,8730.0,8765.0,8475.0,27334.0
2018.07.02,8765.0,-230.0,8995.0,9005.0,8715.0,19171.0
2018.06.29,8995.0,120.0,8825.0,8995.0,8785.0,23971.0
2018.06.28,8875.0,-20.0,8900.0,8955.0,8800.0,17423.0
2018.06.27,8895.0,-195.0,9100.0,9115.0,8895.0,28619.0
2018.06.26,9090.0,-220.0,9245.0,9250.0,8920.0,76930.0
2018.06.25,9310.0,-15.0,9360.0,9395.0,9295.0,44149.0
2018.06.22,9325.0,-50.0,9335.0,9350.0,9210.0,45632.0
2018.06.21,9375.0,-60.0,9410.0,9530.0,9370.0,25363.0
2018.06.20,9435.0,-55.0,9385.0,9470.0,9310.0,24500.0
2018.06.19,9490.0,-220.0,9710.0,9710.0,9460.0,26226.0
2018.06.18,9710.0,-5.0,9670.0,9735.0,9670.0,11995.0
2018.06.15,9715.0,25.0,9700.0,9735.0,9570.0,20347.0
2018.06.14,9690.0,-10.0,9710.0,9720.0,9640.0,12367.0
2018.06.12,9700.0,115.0,9630.0,9755.0,9580.0,38117.0
2018.06.11,9585.0,5.0,9595.0,9600.0,9540.0,20272.0
2018.06.08,9580.0,-125.0,9700.0,9740.0,9575.0,33808.0
2018.06.07,9705.0,-10.0,9710.0,9760.0,9660.0,26827.0
2018.06.05,9715.0,75.0,9635.0,9715.0,9555.0,16694.0
2018.06.04,9640.0,80.0,9560.0,9640.0,9515.0,38871.0
2018.06.01,9560.0,-115.0,9690.0,9690.0,9540.0,19644.0
2018.05.31,9675.0,140.0,9485.0,9675.0,9480.0,27554.0
2018.05.30,9535.0,-175.0,9665.0,9700.0,9480.0,46611.0
2018.05.29,9710.0,-20.0,9760.0,9775.0,9670.0,8110.0
2018.05.28,9730.0,0.0,9755.0,9780.0,9675.0,26639.0
2018.05.25,9730.0,-75.0,9810.0,9840.0,9730.0,38804.0
2018.05.24,9805.0,-115.0,9900.0,9900.0,9800.0,19890.0
2018.05.23,9920.0,-165.0,10020.0,10020.0,9895.0,28531.0
2018.05.21,10085.0,120.0,9980.0,10130.0,9980.0,95392.0
2018.05.18,9965.0,30.0,9940.0,9965.0,9835.0,20040.0
2018.05.17,9935.0,-70.0,9980.0,10000.0,9915.0,18557.0
2018.05.16,10005.0,35.0,9950.0,10005.0,9950.0,58361.0
2018.05.15,9970.0,40.0,9935.0,9995.0,9885.0,48227.0
2018.05.14,9930.0,45.0,9895.0,9945.0,9830.0,53304.0
2018.05.11,9885.0,-10.0,9940.0,9945.0,9875.0,41011.0
2018.05.10,9895.0,-10.0,9940.0,9955.0,9850.0,36171.0
2018.05.09,9905.0,-40.0,9940.0,9965.0,9870.0,41716.0
2018.05.08,9945.0,240.0,9835.0,9985.0,9775.0,194184.0
2018.05.04,9705.0,0.0,9725.0,9750.0,9690.0,41542.0
2018.05.03,9705.0,105.0,9605.0,9705.0,9550.0,11386.0
2018.05.02,9600.0,5.0,9610.0,9655.0,9575.0,35784.0
2018.04.30,9595.0,-35.0,9600.0,9610.0,9565.0,29887.0
2018.04.27,9630.0,-90.0,9650.0,9715.0,9535.0,81299.0
2018.04.26,9720.0,-190.0,9900.0,9910.0,9710.0,52610.0
2018.04.25,9910.0,10.0,9900.0,9935.0,9800.0,38476.0
2018.04.24,9900.0,290.0,9640.0,9935.0,9640.0,44696.0
2018.04.23,9610.0,-35.0,9665.0,9710.0,9595.0,42105.0
2018.04.20,9645.0,-105.0,9805.0,9820.0,9625.0,23954.0
2018.04.19,9750.0,60.0,9700.0,9815.0,9695.0,49421.0
2018.04.18,9690.0,-55.0,9705.0,9705.0,9500.0,87435.0
2018.04.17,9745.0,-105.0,9910.0,9910.0,9700.0,19651.0
2018.04.16,9850.0,-145.0,10010.0,10025.0,9810.0,37660.0
2018.04.13,9995.0,-85.0,10040.0,10125.0,9970.0,35128.0
2018.04.12,10080.0,-10.0,10100.0,10155.0,10050.0,21240.0
2018.04.11,10090.0,95.0,10065.0,10150.0,10000.0,30702.0
2018.04.10,9995.0,115.0,9890.0,9995.0,9870.0,21150.0
2018.04.09,9880.0,-70.0,9900.0,9900.0,9795.0,10523.0
2018.04.06,9950.0,40.0,9925.0,9980.0,9900.0,27082.0
2018.04.05,9910.0,45.0,9905.0,9935.0,9885.0,48186.0
2018.04.04,9865.0,65.0,9815.0,9930.0,9815.0,20429.0
2018.04.03,9800.0,-110.0,9765.0,9875.0,9755.0,33261.0
2018.04.02,9910.0,-125.0,10020.0,10045.0,9885.0,33117.0
2018.03.30,10035.0,50.0,9985.0,10075.0,9955.0,36156.0
2018.03.29,9985.0,100.0,9865.0,9985.0,9660.0,40424.0
2018.03.28,9885.0,-165.0,10070.0,10070.0,9875.0,66649.0
2018.03.27,10050.0,65.0,10200.0,10200.0,10025.0,115306.0
2018.03.26,9985.0,55.0,9850.0,10070.0,9850.0,130004.0
2018.03.23,9930.0,-425.0,10275.0,10275.0,9930.0,45964.0
2018.03.22,10355.0,-95.0,10445.0,10445.0,10250.0,59437.0
2018.03.21,10450.0,35.0,10450.0,10535.0,10420.0,45947.0
2018.03.20,10415.0,-30.0,10385.0,10460.0,10345.0,35513.0
2018.03.19,10445.0,25.0,10410.0,10445.0,10320.0,26189.0
2018.03.16,10420.0,-25.0,10485.0,10535.0,10420.0,9266.0
2018.03.15,10445.0,10.0,10430.0,10495.0,10305.0,44950.0
2018.03.14,10435.0,-55.0,10490.0,10505.0,10370.0,23405.0
2018.03.13,10490.0,-50.0,10545.0,10550.0,10395.0,56260.0
2018.03.12,10540.0,65.0,10500.0,10545.0,10475.0,25961.0
2018.03.09,10475.0,70.0,10450.0,10475.0,10415.0,20938.0
2018.03.08,10405.0,25.0,10330.0,10405.0,10300.0,34385.0
2018.03.07,10380.0,-25.0,10560.0,10560.0,10330.0,25720.0
2018.03.06,10405.0,35.0,10310.0,10405.0,10260.0,31935.0
2018.03.05,10370.0,10.0,10355.0,10415.0,10260.0,30354.0
2018.03.02,10360.0,-95.0,10455.0,10455.0,10315.0,31176.0
2018.02.28,10455.0,25.0,10310.0,10515.0,10280.0,18525.0
2018.02.27,10430.0,-130.0,10575.0,10585.0,10420.0,36256.0
2018.02.26,10560.0,110.0,10435.0,10570.0,10400.0,31181.0
2018.02.23,10450.0,5.0,10450.0,10480.0,10375.0,223707.0
2018.02.22,10445.0,110.0,10350.0,10475.0,10250.0,235255.0
2018.02.21,10335.0,45.0,10300.0,10355.0,10185.0,254522.0
2018.02.20,10290.0,55.0,10285.0,10300.0,10200.0,279570.0
2018.02.19,10235.0,65.0,10445.0,10445.0,10190.0,241799.0
2018.02.14,10170.0,-10.0,10170.0,10190.0,10120.0,258858.0
2018.02.13,10180.0,100.0,10080.0,10295.0,10025.0,286948.0
2018.02.12,10080.0,190.0,9915.0,10085.0,9915.0,235405.0
2018.02.09,9890.0,-490.0,10245.0,10460.0,9805.0,234752.0
2018.02.08,10380.0,-220.0,10630.0,10635.0,10325.0,270086.0
2018.02.07,10600.0,-260.0,10930.0,11005.0,10575.0,260767.0
2018.02.06,10860.0,-260.0,11120.0,11250.0,10845.0,467762.0
2018.02.05,11120.0,70.0,10850.0,11185.0,10850.0,255586.0
2018.02.02,11050.0,130.0,10920.0,11060.0,10830.0,334964.0
2018.02.01,10920.0,-15.0,11020.0,11030.0,10885.0,339065.0
2018.01.31,10935.0,-45.0,10980.0,11015.0,10890.0,296309.0
2018.01.30,10980.0,-50.0,11035.0,11050.0,10945.0,330061.0
2018.01.29,11030.0,-210.0,11210.0,11245.0,11000.0,375088.0
2018.01.26,11240.0,95.0,11145.0,11245.0,11135.0,408370.0
2018.01.25,11145.0,20.0,11180.0,11215.0,11025.0,361686.0
2018.01.24,11125.0,15.0,11115.0,11175.0,11045.0,419615.0
2018.01.23,11110.0,130.0,10985.0,11110.0,10975.0,458102.0
2018.01.22,10980.0,125.0,10885.0,10980.0,10835.0,328688.0
2018.01.19,10855.0,60.0,10835.0,10935.0,10750.0,345159.0
2018.01.18,10795.0,90.0,10705.0,10825.0,10690.0,300297.0
2018.01.17,10705.0,60.0,10690.0,10770.0,10610.0,273863.0
2018.01.16,10645.0,-20.0,10630.0,10700.0,10600.0,239295.0
2018.01.15,10665.0,125.0,10540.0,10690.0,10525.0,271502.0
2018.01.12,10540.0,15.0,10495.0,10550.0,10475.0,236562.0
2018.01.11,10525.0,35.0,10550.0,10550.0,10440.0,267939.0
2018.01.10,10490.0,60.0,10435.0,10520.0,10405.0,223554.0
2018.01.09,10430.0,40.0,10410.0,10430.0,10355.0,182993.0
2018.01.08,10390.0,55.0,10320.0,10430.0,10285.0,249140.0
2018.01.05,10335.0,80.0,10290.0,10340.0,10250.0,226447.0
2018.01.04,10255.0,-25.0,10245.0,10315.0,10220.0,245058.0
2018.01.03,10280.0,135.0,10145.0,10355.0,10145.0,261297.0
2018.01.02,10145.0,100.0,10045.0,10195.0,10045.0,188780.0
2017.12.28,10045.0,55.0,9990.0,10050.0,9895.0,214026.0
2017.12.27,9990.0,-165.0,10190.0,10190.0,9990.0,183241.0
2017.12.26,10155.0,-10.0,10225.0,10225.0,10090.0,195409.0
2017.12.22,10165.0,-75.0,10285.0,10285.0,10145.0,2307.0
2017.12.21,10240.0,180.0,10120.0,10240.0,10050.0,2378.0
2017.12.20,10060.0,-1145.0,10120.0,10155.0,10040.0,4077.0
2017.12.19,11205.0,1250.0,10045.0,11205.0,9955.0,51059.0
2017.12.18,9955.0,-25.0,9995.0,10060.0,9950.0,51542.0
2017.12.15,9980.0,-105.0,10175.0,10175.0,9980.0,659.0
2017.12.14,10085.0,-70.0,10155.0,10220.0,10065.0,100892.0
2017.12.13,10155.0,110.0,10150.0,10160.0,10030.0,1498.0
