날짜,종가,전일비,시가,고가,저가,거래량
2026.09.01,34815.0,250.0,34570.0,35000.0,34570.0,782.0
2026.08.31,34565.0,30.0,34145.0,34565.0,33855.0,143.0
2026.08.28,34535.0,-335.0,34555.0,34950.0,34530.0,868.0
2026.08.27,34870.0,200.0,35400.0,35400.0,34790.0,964.0
2026.08.26,34670.0,620.0,34195.0,34755.0,34195.0,27.0
2026.08.25,34050.0,-160.0,33260.0,34160.0,33005.0,9474.0
2026.08.24,34210.0,-610.0,34820.0,34820.0,34125.0,286.0
2026.08.21,34820.0,435.0,34305.0,35205.0,34305.0,76.0
2026.08.20,34385.0,1765.0,34750.0,34875.0,34237.0,19237.0
2026.08.19,32620.0,-1960.0,32420.0,33180.0,32420.0,1690.0
2026.08.18,34580.0,-660.0,35915.0,36495.0,34380.0,11558.0
2026.08.14,35240.0,975.0,35660.0,35660.0,34915.0,1581.0
2026.08.13,34265.0,1200.0,34575.0,34820.0,34110.0,19194.0
2026.08.12,33065.0,950.0,32710.0,33605.0,32710.0,569.0
2026.08.11,32115.0,365.0,31605.0,32115.0,31605.0,403.0
2026.08.10,31750.0,65.0,32115.0,32195.0,31685.0,19486.0
2026.08.07,31685.0,-195.0,32225.0,32245.0,31510.0,923.0
2026.08.06,31880.0,-1880.0,33050.0,33050.0,31880.0,8924.0
2026.08.05,33760.0,1345.0,33845.0,33945.0,33475.0,22251.0
2026.08.04,32415.0,615.0,32630.0,32630.0,30945.0,30438.0
2026.08.03,31800.0,-1850.0,32770.0,32770.0,31730.0,16890.0
2026.07.31,33650.0,5230.0,28420.0,34570.0,28420.0,19721.0
2026.07.30,28420.0,-360.0,28630.0,29620.0,28335.0,329.0
2026.07.29,28800.0,-1840.0,30925.0,31010.0,27280.0,3619.0
2026.07.28,30640.0,-3060.0,32605.0,32605.0,30640.0,9510.0
2026.07.27,33700.0,-400.0,34755.0,34755.0,33700.0,2765.0
2026.07.24,34100.0,-1915.0,35580.0,35580.0,33970.0,17422.0
2026.07.23,36015.0,1325.0,35400.0,36015.0,35400.0,444.0
2026.07.22,34690.0,480.0,36290.0,36495.0,34620.0,412.0
2026.07.21,34210.0,1215.0,32945.0,34740.0,32945.0,1102.0
2026.07.20,32995.0,-1395.0,33340.0,34630.0,32995.0,12303.0
2026.07.16,34390.0,-2750.0,35405.0,35405.0,34390.0,493.0
2026.07.15,37140.0,2240.0,36785.0,37715.0,36785.0,2198.0
2026.07.14,34900.0,215.0,34685.0,35360.0,32920.0,12881.0
2026.07.13,34685.0,-3780.0,38080.0,38080.0,34685.0,15655.0
2026.07.10,38465.0,1675.0,38555.0,38900.0,38385.0,265.0
2026.07.09,36790.0,25.0,38050.0,38355.0,36480.0,8574.0
2026.07.08,36765.0,-1925.0,37430.0,39540.0,36635.0,25205.0
2026.07.07,38690.0,-2140.0,40105.0,40105.0,37795.0,807.0
2026.07.06,40830.0,-410.0,41385.0,41910.0,39800.0,10109.0
2026.07.03,41240.0,2155.0,39030.0,41240.0,37580.0,21091.0
2026.07.02,39085.0,-2985.0,40015.0,41345.0,38765.0,22611.0
2026.07.01,42070.0,-1435.0,43505.0,43740.0,41565.0,5439.0
2026.06.30,43505.0,515.0,43150.0,43925.0,42020.0,1133.0
2026.06.29,42990.0,-20.0,41950.0,43210.0,41400.0,3354.0
2026.06.26,43010.0,-2185.0,44990.0,44995.0,41915.0,977.0
2026.06.25,45195.0,2010.0,45415.0,45900.0,44655.0,2952.0
2026.06.24,43185.0,1555.0,42490.0,43575.0,41090.0,7155.0
2026.06.23,41630.0,-4635.0,46650.0,46650.0,41630.0,3496.0
2026.06.22,46265.0,940.0,45195.0,46985.0,45195.0,7976.0
2026.06.19,45325.0,-585.0,47040.0,47600.0,45000.0,5889.0
2026.06.18,45910.0,1420.0,44600.0,45910.0,44590.0,3408.0
2026.06.17,44490.0,800.0,43330.0,44500.0,43205.0,974.0
2026.06.16,43690.0,765.0,43955.0,43975.0,43085.0,3784.0
2026.06.15,42925.0,2300.0,42820.0,43210.0,42705.0,1428.0
2026.06.12,40625.0,1935.0,41590.0,42250.0,40450.0,1747.0
2026.06.11,38690.0,590.0,37165.0,38920.0,37055.0,2039.0
2026.06.10,38100.0,-2775.0,39980.0,39980.0,37895.0,2604.0
2026.06.09,40875.0,3315.0,39225.0,40875.0,38625.0,1740.0
2026.06.08,37560.0,-3580.0,37025.0,39230.0,37025.0,4530.0
2026.06.05,41140.0,-2065.0,41595.0,42075.0,40420.0,5242.0
2026.06.04,43205.0,-780.0,43200.0,43760.0,42995.0,3388.0
2026.06.02,43985.0,-755.0,44740.0,45000.0,42600.0,13577.0
2026.06.01,44740.0,2040.0,42850.0,45030.0,42700.0,6908.0
2026.05.29,42700.0,1495.0,41905.0,42700.0,41210.0,13926.0
2026.05.28,41205.0,-335.0,41185.0,41880.0,39320.0,4632.0
2026.05.27,41540.0,1840.0,41770.0,42665.0,41355.0,11615.0
2026.05.26,39700.0,1325.0,39535.0,40280.0,38375.0,6683.0
2026.05.22,38375.0,45.0,38705.0,38710.0,38155.0,957.0
2026.05.21,38330.0,3065.0,36740.0,38430.0,36740.0,29584.0
2026.05.20,35265.0,-275.0,35540.0,35750.0,34440.0,27771.0
2026.05.19,35540.0,-1285.0,36040.0,36165.0,34695.0,8131.0
2026.05.18,36825.0,370.0,35805.0,37435.0,34955.0,3801.0
2026.05.15,36455.0,-2310.0,38765.0,39245.0,35790.0,14194.0
2026.05.14,38765.0,460.0,38580.0,39095.0,38280.0,13572.0
2026.05.13,38305.0,1300.0,35965.0,38365.0,35945.0,716.0
2026.05.12,37005.0,-815.0,39015.0,39015.0,36425.0,4786.0
2026.05.11,37820.0,2130.0,35690.0,38465.0,35690.0,20120.0
2026.05.08,35690.0,110.0,34745.0,35725.0,34680.0,679.0
2026.05.07,35580.0,560.0,35410.0,35735.0,34330.0,3774.0
2026.05.06,35020.0,2905.0,34070.0,35120.0,34070.0,7378.0
2026.05.04,32115.0,1810.0,31110.0,32115.0,30905.0,3613.0
2026.04.30,30305.0,-195.0,30855.0,30855.0,30305.0,173.0
2026.04.29,30500.0,185.0,30150.0,30540.0,30095.0,104.0
2026.04.28,30405.0,155.0,30330.0,30740.0,30330.0,803.0
2026.04.27,30250.0,800.0,29770.0,30400.0,29770.0,405.0
2026.04.24,29450.0,315.0,29685.0,29685.0,29135.0,925.0
2026.04.23,29135.0,-20.0,29715.0,29980.0,28995.0,3507.0
2026.04.22,29155.0,-15.0,29325.0,29325.0,28860.0,3484.0
2026.04.21,29170.0,860.0,28915.0,29170.0,28915.0,5078.0
2026.04.20,28310.0,205.0,28115.0,28580.0,28115.0,321.0
2026.04.17,28105.0,-160.0,28325.0,28325.0,28000.0,3781.0
2026.04.16,28265.0,725.0,28000.0,28265.0,28000.0,3291.0
2026.04.15,27540.0,395.0,27990.0,28000.0,27540.0,405.0
2026.04.14,27145.0,1030.0,27035.0,27310.0,27030.0,164.0
2026.04.13,26115.0,-280.0,26160.0,26170.0,25985.0,396.0
2026.04.10,26395.0,545.0,26540.0,26560.0,26330.0,217.0
2026.04.09,25850.0,-700.0,26280.0,26280.0,25850.0,153.0
2026.04.08,26550.0,2200.0,26240.0,26620.0,26040.0,336.0
2026.04.07,24350.0,0.0,24350.0,24350.0,24350.0,0.0
2026.04.06,24130.0,315.0,24055.0,24225.0,23960.0,82.0
2026.04.03,23815.0,815.0,23690.0,23815.0,23675.0,17.0
2026.04.02,23000.0,-1250.0,24225.0,24225.0,23000.0,61.0
2026.04.01,24250.0,2050.0,23770.0,24250.0,23325.0,54.0
2026.03.31,22200.0,-970.0,22575.0,22575.0,22200.0,46.0
2026.03.30,23170.0,-815.0,22825.0,23315.0,22825.0,28.0
2026.03.27,23985.0,-165.0,23490.0,23985.0,23165.0,36.0
2026.03.26,24150.0,-1050.0,24960.0,24960.0,24150.0,103.0
2026.03.25,25200.0,370.0,25670.0,25880.0,25200.0,33.0
2026.03.24,24830.0,720.0,24700.0,24850.0,24700.0,37.0
2026.03.23,24110.0,-1885.0,24640.0,24650.0,24110.0,291.0
2026.03.20,25995.0,140.0,26310.0,26310.0,25960.0,63.0
2026.03.19,25855.0,-700.0,25855.0,25855.0,25855.0,13.0
2026.03.18,26555.0,1090.0,25955.0,26555.0,25955.0,130.0
2026.03.17,25465.0,670.0,25535.0,25535.0,25465.0,46.0
2026.03.16,24795.0,620.0,24520.0,24795.0,24300.0,15485.0
2026.03.13,24175.0,-370.0,23920.0,24270.0,23840.0,61.0
2026.03.12,24545.0,-285.0,24775.0,24950.0,24545.0,5068.0
2026.03.11,24830.0,175.0,25390.0,25580.0,24830.0,8130.0
2026.03.10,24655.0,1800.0,24655.0,24755.0,24160.0,12315.0
2026.03.09,22855.0,-1785.0,22905.0,22960.0,22340.0,6841.0
2026.03.06,24640.0,-180.0,24370.0,24740.0,24035.0,47661.0
2026.03.05,24820.0,2220.0,25260.0,25615.0,24475.0,52903.0
2026.03.04,22600.0,-2940.0,24475.0,25150.0,22085.0,37317.0
2026.03.03,25540.0,-2545.0,27420.0,27420.0,25480.0,4367.0
2026.02.27,28085.0,-70.0,27765.0,28410.0,27595.0,3813.0
2026.02.26,28155.0,1060.0,27385.0,28155.0,27385.0,128.0
2026.02.25,27092.0,412.0,26750.0,27355.0,26750.0,1078.0
2026.02.24,26680.0,775.0,25905.0,26680.0,25755.0,2715.0
2026.02.23,25905.0,190.0,26385.0,26385.0,25760.0,21754.0
2026.02.20,25715.0,705.0,25240.0,25760.0,25225.0,4333.0
2026.02.19,25010.0,600.0,25140.0,25140.0,24910.0,690.0
2026.02.13,24410.0,70.0,24470.0,24660.0,24360.0,2582.0
2026.02.12,24340.0,810.0,24075.0,24360.0,23915.0,4860.0
2026.02.11,23530.0,85.0,23340.0,23650.0,23210.0,4428.0
2026.02.10,23445.0,90.0,23685.0,23685.0,23415.0,2137.0
2026.02.09,23355.0,900.0,23540.0,23540.0,23265.0,1063.0
2026.02.06,22455.0,-190.0,21575.0,22455.0,21575.0,14027.0
2026.02.05,22645.0,-1010.0,23065.0,23140.0,22565.0,1008.0
2026.02.04,23655.0,630.0,23240.0,23660.0,23240.0,391.0
2026.02.03,23025.0,1410.0,22450.0,23025.0,22450.0,4457.0
2026.02.02,21615.0,-1645.0,22645.0,22810.0,21615.0,8147.0
2026.01.30,23260.0,500.0,22745.0,23500.0,22745.0,7821.0
2026.01.29,22760.0,125.0,23310.0,23310.0,22490.0,685.0
2026.01.28,22635.0,675.0,22595.0,22695.0,22325.0,10190.0
2026.01.27,21960.0,710.0,21190.0,21985.0,21190.0,81.0
2026.01.26,21250.0,-185.0,21605.0,21605.0,21230.0,543.0
2026.01.23,21435.0,215.0,21465.0,21515.0,21350.0,665.0
2026.01.22,21220.0,310.0,21365.0,21535.0,21160.0,397.0
2026.01.21,20910.0,30.0,20500.0,20910.0,20500.0,125.0
2026.01.20,20880.0,-175.0,21015.0,21015.0,20700.0,11.0
2026.01.19,21055.0,125.0,20880.0,21080.0,20730.0,1524.0
2026.01.16,20930.0,310.0,20700.0,20930.0,20620.0,258.0
2026.01.15,20620.0,390.0,20250.0,20620.0,20250.0,142.0
2026.01.14,20230.0,10.0,20155.0,20255.0,20155.0,110.0
2026.01.13,20220.0,245.0,20345.0,20345.0,20030.0,11.0
2026.01.12,19975.0,-40.0,20340.0,20340.0,19930.0,102.0
2026.01.09,20015.0,-140.0,19845.0,20015.0,19585.0,222.0
2026.01.08,20155.0,165.0,19890.0,20210.0,19820.0,107.0
2026.01.07,19990.0,280.0,19910.0,20150.0,19755.0,226.0
2026.01.06,19710.0,335.0,19175.0,19775.0,19175.0,533.0
2026.01.05,19375.0,775.0,19035.0,19380.0,19035.0,381.0
2026.01.02,18600.0,515.0,18150.0,18655.0,18100.0,266.0
2025.12.30,18085.0,145.0,18060.0,18115.0,18055.0,179.0
2025.12.29,17940.0,470.0,17770.0,17955.0,17770.0,204.0
2025.12.26,17470.0,210.0,17320.0,17545.0,17320.0,103.0
2025.12.24,17260.0,-45.0,17335.0,17340.0,17260.0,19.0
2025.12.23,17305.0,190.0,17315.0,17340.0,17300.0,15.0
2025.12.22,17115.0,300.0,17155.0,17155.0,17115.0,4.0
2025.12.19,16815.0,225.0,16750.0,16815.0,16740.0,76.0
2025.12.18,16590.0,-180.0,16740.0,16740.0,16590.0,5093.0
2025.12.17,16770.0,0.0,16770.0,16770.0,16770.0,0.0
2025.12.16,16555.0,-330.0,16555.0,16595.0,16555.0,79.0
2025.12.15,16885.0,-270.0,16830.0,16960.0,16830.0,4727.0
2025.12.12,17155.0,-10.0,17260.0,17310.0,17155.0,26.0
2025.12.11,17165.0,-70.0,17355.0,17355.0,17165.0,28.0
2025.12.10,17235.0,40.0,17285.0,17285.0,17235.0,51.0
2025.12.09,17195.0,175.0,17215.0,17215.0,17195.0,67.0
2025.12.08,17020.0,40.0,16940.0,17020.0,16940.0,4.0
2025.12.05,16980.0,170.0,16730.0,16980.0,16730.0,52.0
2025.12.04,16810.0,-100.0,16580.0,16810.0,16580.0,3.0
2025.12.03,16910.0,280.0,16910.0,16910.0,16910.0,4.0
2025.12.02,16630.0,250.0,16630.0,16630.0,16630.0,4.0
2025.12.01,16380.0,-35.0,16415.0,16440.0,16380.0,11.0
2025.11.28,16415.0,-155.0,16460.0,16480.0,16415.0,77.0
2025.11.27,16570.0,120.0,16655.0,16655.0,16560.0,4857.0
2025.11.26,16450.0,490.0,16215.0,16450.0,16215.0,9.0
2025.11.25,15960.0,-5.0,16115.0,16115.0,15960.0,4.0
2025.11.24,15965.0,40.0,16185.0,16185.0,15960.0,8.0
2025.11.21,15925.0,-775.0,15885.0,15990.0,15885.0,89.0
2025.11.20,16700.0,510.0,16700.0,16700.0,16700.0,6.0
2025.11.19,16190.0,-425.0,16190.0,16190.0,16190.0,150.0
2025.11.18,16615.0,-210.0,16615.0,16615.0,16615.0,1.0
2025.11.17,16825.0,200.0,16745.0,16825.0,16745.0,112.0
2025.11.14,16625.0,-625.0,16710.0,16710.0,16625.0,38.0
2025.11.13,17250.0,25.0,17250.0,17250.0,17250.0,21.0
2025.11.12,17225.0,200.0,17060.0,17290.0,17060.0,224.0
2025.11.11,17025.0,140.0,17450.0,17450.0,16980.0,5950.0
2025.11.10,16885.0,455.0,16800.0,16885.0,16800.0,9.0
2025.11.07,16430.0,-360.0,16330.0,16715.0,16310.0,6359.0
2025.11.06,16790.0,290.0,16680.0,16825.0,16680.0,97.0
2025.11.05,16500.0,-600.0,16375.0,16500.0,16195.0,54.0
2025.11.04,17100.0,-280.0,17115.0,17115.0,17100.0,54.0
2025.11.03,17380.0,350.0,17030.0,17380.0,17030.0,822.0
2025.10.31,17030.0,180.0,16920.0,17030.0,16840.0,50.0
2025.10.30,16850.0,300.0,16850.0,16850.0,16850.0,3.0
2025.10.29,16580.0,230.0,16670.0,16700.0,16490.0,332.0
2025.10.28,16350.0,-170.0,16520.0,16520.0,16350.0,2.0
2025.10.27,16520.0,480.0,16510.0,16535.0,16490.0,107.0
2025.10.24,16040.0,295.0,16040.0,16040.0,16040.0,17.0
2025.10.23,15745.0,-175.0,15920.0,15920.0,15745.0,12.0
2025.10.22,15920.0,180.0,15740.0,15920.0,15740.0,293.0
2025.10.21,15740.0,10.0,16000.0,16065.0,15740.0,8012.0
2025.10.20,15730.0,0.0,15730.0,15730.0,15730.0,0.0
2025.10.17,15515.0,95.0,15550.0,15670.0,15470.0,7758.0
2025.10.16,15420.0,355.0,15200.0,15420.0,15200.0,163.0
2025.10.15,15065.0,225.0,14950.0,15065.0,14950.0,6.0
2025.10.14,14840.0,80.0,15020.0,15020.0,14820.0,78.0
2025.10.13,14760.0,-135.0,14760.0,14760.0,14760.0,3.0
2025.10.10,14895.0,270.0,14975.0,14975.0,14870.0,125.0
2025.10.02,14625.0,555.0,14530.0,14625.0,14530.0,77.0
2025.10.01,14070.0,95.0,14050.0,14090.0,14050.0,54.0
2025.09.30,13975.0,-60.0,14035.0,14035.0,13975.0,44.0
2025.09.29,14035.0,255.0,14035.0,14035.0,14035.0,3.0
2025.09.26,13780.0,-305.0,13890.0,13890.0,13780.0,12.0
2025.09.25,14085.0,0.0,14085.0,14085.0,14085.0,0.0
2025.09.24,14035.0,-110.0,14035.0,14035.0,14035.0,2.0
2025.09.23,14145.0,125.0,14085.0,14145.0,14070.0,720.0
2025.09.22,14020.0,175.0,14060.0,14085.0,14005.0,81.0
2025.09.19,13845.0,-30.0,13870.0,13875.0,13845.0,8661.0
2025.09.18,13875.0,185.0,13805.0,13895.0,13805.0,25.0
2025.09.17,13690.0,-175.0,13865.0,13865.0,13690.0,3.0
2025.09.16,13865.0,200.0,13780.0,13865.0,13780.0,350.0
2025.09.15,13665.0,105.0,13680.0,13715.0,13665.0,92.0
2025.09.12,13560.0,300.0,13420.0,13560.0,13420.0,134.0
2025.09.11,13260.0,55.0,13300.0,13300.0,13205.0,181.0
2025.09.10,13205.0,290.0,13000.0,13205.0,13000.0,647.0
2025.09.09,12915.0,235.0,12915.0,12915.0,12915.0,1.0
2025.09.08,12680.0,-35.0,12715.0,12715.0,12680.0,5.0
2025.09.05,12715.0,85.0,12795.0,12795.0,12700.0,4.0
2025.09.04,12630.0,0.0,12630.0,12630.0,12630.0,0.0
2025.09.03,12580.0,0.0,12580.0,12580.0,12580.0,0.0
2025.09.02,12535.0,105.0,12535.0,12535.0,12535.0,1.0
2025.09.01,12430.0,-195.0,12505.0,12505.0,12430.0,8.0
2025.08.29,12625.0,30.0,12625.0,12625.0,12625.0,119.0
2025.08.28,12595.0,0.0,12595.0,12595.0,12595.0,0.0
2025.08.27,12570.0,-10.0,12570.0,12570.0,12570.0,168.0
2025.08.26,12580.0,-95.0,12580.0,12580.0,12580.0,120.0
2025.08.25,12675.0,145.0,12675.0,12675.0,12675.0,50.0
2025.08.22,12530.0,15.0,12550.0,12550.0,12530.0,12.0
2025.08.21,12515.0,5.0,12515.0,12515.0,12515.0,5.0
2025.08.20,12510.0,0.0,12510.0,12510.0,12510.0,0.0
2025.08.19,12565.0,0.0,12565.0,12565.0,12565.0,0.0
2025.08.18,12620.0,-205.0,12680.0,12680.0,12620.0,13.0
2025.08.14,12825.0,10.0,12890.0,12890.0,12825.0,23.0
2025.08.13,12815.0,85.0,12815.0,12815.0,12815.0,1.0
2025.08.12,12730.0,0.0,12730.0,12730.0,12730.0,0.0
2025.08.11,12730.0,-20.0,12720.0,12730.0,12720.0,5.0
2025.08.08,12750.0,60.0,12755.0,12755.0,12750.0,4.0
2025.08.07,12690.0,105.0,12660.0,12690.0,12660.0,65.0
2025.08.06,12585.0,-35.0,12590.0,12590.0,12585.0,5.0
2025.08.05,12620.0,170.0,12620.0,12620.0,12620.0,2000.0
2025.08.04,12450.0,100.0,12375.0,12450.0,12375.0,18.0
2025.08.01,12350.0,-440.0,12585.0,12585.0,12350.0,11.0
2025.07.31,12790.0,-110.0,12770.0,12790.0,12770.0,3.0
2025.07.30,12900.0,200.0,12755.0,12900.0,12755.0,5079.0
2025.07.29,12725.0,130.0,12715.0,12725.0,12715.0,32.0
2025.07.28,12595.0,-65.0,12570.0,12595.0,12570.0,4.0
2025.07.25,12660.0,75.0,12660.0,12680.0,12660.0,2003.0
2025.07.24,12585.0,-50.0,12800.0,12805.0,12585.0,59.0
2025.07.23,12635.0,0.0,12635.0,12635.0,12635.0,0.0
2025.07.22,12635.0,0.0,12635.0,12635.0,12635.0,0.0
2025.07.21,12775.0,135.0,12630.0,12775.0,12630.0,8.0
2025.07.18,12640.0,-30.0,12695.0,12695.0,12630.0,10.0
2025.07.17,12670.0,0.0,12670.0,12670.0,12670.0,0.0
2025.07.16,12660.0,-125.0,12700.0,12700.0,12660.0,501.0
2025.07.15,12785.0,40.0,12715.0,12810.0,12715.0,708.0
2025.07.14,12745.0,115.0,12750.0,12750.0,12710.0,738.0
2025.07.11,12630.0,85.0,12720.0,12745.0,12620.0,227.0
2025.07.10,12545.0,110.0,12450.0,12555.0,12450.0,164.0
2025.07.09,12435.0,-5.0,12440.0,12450.0,12435.0,46.0
2025.07.08,12440.0,250.0,12405.0,12440.0,12385.0,139.0
2025.07.07,12190.0,35.0,12155.0,12200.0,12155.0,581.0
2025.07.04,12155.0,-185.0,12310.0,12315.0,12155.0,594.0
2025.07.03,12340.0,140.0,12275.0,12340.0,12275.0,556.0
2025.07.02,12200.0,-50.0,12130.0,12200.0,12095.0,304.0
2025.07.01,12250.0,95.0,12335.0,12335.0,12250.0,153.0
2025.06.30,12155.0,95.0,12180.0,12200.0,12155.0,386.0
2025.06.27,12060.0,-40.0,12120.0,12120.0,12060.0,17.0
2025.06.26,12100.0,-155.0,12060.0,12100.0,11990.0,45.0
2025.06.25,12255.0,25.0,12245.0,12255.0,12225.0,299.0
2025.06.24,12230.0,415.0,12040.0,12240.0,12040.0,139.0
2025.06.23,11815.0,15.0,11800.0,11815.0,11800.0,2.0
2025.06.20,11800.0,175.0,11715.0,11825.0,11715.0,196.0
2025.06.19,11625.0,20.0,11600.0,11625.0,11600.0,2792.0
2025.06.18,11605.0,0.0,11605.0,11605.0,11605.0,0.0
2025.06.17,11510.0,125.0,11550.0,11645.0,11510.0,158.0
2025.06.16,11385.0,130.0,11310.0,11385.0,11310.0,2.0
2025.06.13,11255.0,-90.0,11265.0,11265.0,11245.0,146.0
2025.06.12,11345.0,-10.0,11375.0,11425.0,11345.0,2514.0
2025.06.11,11355.0,135.0,11300.0,11385.0,11300.0,122.0
2025.06.10,11220.0,10.0,11260.0,11260.0,11220.0,2.0
2025.06.09,11210.0,250.0,11205.0,11270.0,11205.0,177.0
2025.06.05,10960.0,150.0,10915.0,11055.0,10915.0,116.0
2025.06.04,10810.0,340.0,10715.0,10825.0,10710.0,221.0
2025.06.02,10470.0,-40.0,10445.0,10470.0,10445.0,201.0
2025.05.30,10510.0,-70.0,10555.0,10605.0,10510.0,99.0
2025.05.29,10580.0,0.0,10580.0,10580.0,10580.0,0.0
2025.05.28,10460.0,225.0,10485.0,10485.0,10440.0,76.0
2025.05.27,10235.0,-55.0,10240.0,10240.0,10235.0,9.0
2025.05.26,10290.0,0.0,10290.0,10290.0,10290.0,0.0
2025.05.23,10145.0,25.0,10145.0,10145.0,10145.0,1.0
2025.05.22,10120.0,0.0,10120.0,10120.0,10120.0,0.0
2025.05.21,10185.0,0.0,10185.0,10185.0,10185.0,0.0
2025.05.20,10110.0,0.0,10110.0,10110.0,10110.0,0.0
2025.05.19,10090.0,-95.0,10090.0,10090.0,10090.0,1.0
2025.05.16,10185.0,-65.0,10195.0,10215.0,10185.0,9.0
2025.05.15,10250.0,-25.0,10275.0,10275.0,10245.0,45.0
2025.05.14,10275.0,145.0,10290.0,10290.0,10275.0,15.0
2025.05.13,10130.0,0.0,10130.0,10130.0,10130.0,0.0
2025.05.12,10070.0,110.0,10065.0,10070.0,10065.0,6.0
2025.05.09,9960.0,-45.0,9960.0,9960.0,9960.0,1.0
2025.05.08,10005.0,35.0,10005.0,10005.0,10005.0,1.0
2025.05.07,9970.0,0.0,9970.0,9970.0,9970.0,0.0
2025.05.02,9945.0,-15.0,9945.0,9945.0,9945.0,1.0
2025.04.30,9960.0,0.0,9960.0,9960.0,9960.0,0.0
2025.04.29,9920.0,0.0,9920.0,9920.0,9920.0,0.0
2025.04.28,9980.0,0.0,9980.0,9980.0,9980.0,0.0
2025.04.25,9980.0,110.0,9980.0,9980.0,9980.0,1.0
2025.04.24,9870.0,0.0,9870.0,9870.0,9870.0,0.0
2025.04.23,9870.0,0.0,9870.0,9870.0,9870.0,0.0
2025.04.22,9770.0,0.0,9770.0,9770.0,9770.0,0.0
2025.04.21,9770.0,80.0,9770.0,9770.0,9770.0,31.0
2025.04.18,9690.0,40.0,9690.0,9690.0,9690.0,1.0
2025.04.17,9650.0,25.0,9650.0,9650.0,9650.0,1.0
2025.04.16,9625.0,0.0,9625.0,9625.0,9625.0,0.0
2025.04.15,9705.0,0.0,9705.0,9705.0,9705.0,0.0
2025.04.14,9615.0,0.0,9615.0,9615.0,9615.0,0.0
2025.04.11,9465.0,-165.0,9410.0,9465.0,9410.0,2.0
2025.04.10,9630.0,0.0,9630.0,9630.0,9630.0,0.0
2025.04.09,9090.0,-110.0,9090.0,9090.0,9090.0,2.0
2025.04.08,9200.0,-50.0,9230.0,9230.0,9200.0,5.0
2025.04.07,9250.0,-445.0,9300.0,9300.0,9250.0,8.0
2025.04.04,9695.0,-185.0,9865.0,9945.0,9695.0,74.0
2025.04.03,9880.0,-165.0,9775.0,9880.0,9775.0,2.0
2025.04.02,10045.0,0.0,10045.0,10045.0,10045.0,0.0
2025.04.01,10045.0,0.0,10045.0,10045.0,10045.0,0.0
2025.03.31,9930.0,-290.0,9970.0,9970.0,9930.0,6.0
2025.03.28,10220.0,-195.0,10305.0,10305.0,10220.0,5.0
2025.03.27,10415.0,-65.0,10415.0,10415.0,10415.0,10.0
2025.03.26,10480.0,0.0,10480.0,10480.0,10480.0,0.0
2025.03.25,10435.0,0.0,10435.0,10435.0,10435.0,0.0
2025.03.24,10475.0,0.0,10475.0,10475.0,10475.0,0.0
2025.03.21,10485.0,60.0,10450.0,10485.0,10450.0,21.0
2025.03.20,10425.0,0.0,10425.0,10425.0,10425.0,0.0
2025.03.19,10370.0,80.0,10370.0,10380.0,10370.0,27.0
2025.03.18,10290.0,40.0,10290.0,10290.0,10290.0,92.0
2025.03.17,10250.0,185.0,10215.0,10250.0,10215.0,210.0
2025.03.14,10065.0,0.0,10065.0,10065.0,10065.0,0.0
2025.03.13,10080.0,0.0,10080.0,10080.0,10080.0,0.0
2025.03.12,10080.0,260.0,10035.0,10080.0,10035.0,35.0
2025.03.11,9820.0,-195.0,9820.0,9820.0,9820.0,1.0
2025.03.10,10015.0,0.0,10015.0,10015.0,10015.0,0.0
2025.03.07,10015.0,0.0,10015.0,10015.0,10015.0,0.0
2025.03.06,10045.0,0.0,10045.0,10045.0,10045.0,0.0
2025.03.05,9940.0,-5.0,9940.0,9940.0,9940.0,2.0
2025.03.04,9945.0,-25.0,9970.0,9970.0,9945.0,2.0
2025.02.28,9970.0,-360.0,10020.0,10020.0,9970.0,24.0
2025.02.27,10330.0,0.0,10330.0,10330.0,10330.0,0.0
2025.02.26,10330.0,-25.0,10340.0,10340.0,10330.0,3.0
2025.02.25,10355.0,0.0,10355.0,10355.0,10355.0,0.0
2025.02.24,10410.0,0.0,10410.0,10410.0,10410.0,0.0
2025.02.21,10410.0,-80.0,10445.0,10445.0,10410.0,8.0
2025.02.20,10490.0,-25.0,10500.0,10500.0,10490.0,5.0
2025.02.19,10515.0,0.0,10515.0,10515.0,10515.0,0.0
2025.02.18,10315.0,70.0,10245.0,10315.0,10245.0,305.0
2025.02.17,10245.0,0.0,10245.0,10245.0,10245.0,0.0
2025.02.14,10175.0,0.0,10175.0,10175.0,10175.0,0.0
2025.02.13,10115.0,0.0,10115.0,10115.0,10115.0,0.0
2025.02.12,10055.0,-20.0,10055.0,10055.0,10055.0,888.0
2025.02.11,10075.0,50.0,10075.0,10075.0,10075.0,70.0
2025.02.10,10025.0,-15.0,10040.0,10050.0,10025.0,4643.0
2025.02.07,10040.0,-10.0,10040.0,10040.0,10040.0,10.0
2025.02.06,10050.0,70.0,10050.0,10050.0,10050.0,1.0
2025.02.05,9980.0,0.0,9980.0,9980.0,9980.0,0.0
2025.02.04,9910.0,220.0,9910.0,9910.0,9910.0,22.0
2025.02.03,9690.0,-270.0,9775.0,9775.0,9690.0,17.0
2025.01.31,9960.0,-130.0,9985.0,9985.0,9960.0,9.0
2025.01.24,10090.0,60.0,10030.0,10090.0,10030.0,12.0
2025.01.23,10030.0,-100.0,10080.0,10080.0,10030.0,12.0
2025.01.22,10130.0,90.0,10060.0,10135.0,10060.0,23.0
2025.01.21,10040.0,5.0,10055.0,10090.0,10040.0,4.0
2025.01.20,10035.0,-10.0,10035.0,10035.0,10035.0,50.0
2025.01.17,10045.0,0.0,10045.0,10045.0,10045.0,0.0
2025.01.16,10050.0,110.0,10050.0,10050.0,10050.0,12.0
2025.01.15,9940.0,-20.0,9955.0,9955.0,9940.0,3.0
2025.01.14,9960.0,60.0,9960.0,9960.0,9960.0,1.0
2025.01.13,9900.0,-185.0,9900.0,9900.0,9900.0,2.0
2025.01.10,10085.0,0.0,10085.0,10085.0,10085.0,1.0
2025.01.09,10085.0,75.0,10090.0,10090.0,10085.0,21.0
2025.01.08,10010.0,85.0,10010.0,10010.0,10010.0,1.0
2025.01.07,9925.0,0.0,10025.0,10025.0,9925.0,400.0
2025.01.06,9925.0,240.0,9780.0,9925.0,9780.0,404.0
2025.01.03,9685.0,0.0,9685.0,9685.0,9685.0,0.0
2025.01.02,9560.0,-10.0,9560.0,9560.0,9560.0,1.0
2024.12.30,9570.0,35.0,9640.0,9640.0,9570.0,51.0
2024.12.27,9535.0,-75.0,9640.0,9640.0,9535.0,4.0
2024.12.26,9610.0,-20.0,9675.0,9675.0,9600.0,54817.0
2024.12.24,9630.0,-35.0,9675.0,9675.0,9630.0,17.0
2024.12.23,9665.0,175.0,9580.0,9665.0,9580.0,32.0
2024.12.20,9490.0,-175.0,9515.0,9515.0,9490.0,2.0
2024.12.19,9665.0,0.0,9665.0,9665.0,9665.0,0.0
2024.12.18,9845.0,0.0,9845.0,9845.0,9845.0,0.0
2024.12.17,9770.0,-120.0,9770.0,9770.0,9770.0,3.0
2024.12.16,9890.0,10.0,9900.0,9900.0,9890.0,1000.0
2024.12.13,9880.0,0.0,9880.0,9880.0,9880.0,0.0
2024.12.12,9880.0,165.0,9820.0,9880.0,9780.0,39.0
2024.12.11,9715.0,0.0,9715.0,9715.0,9715.0,0.0
2024.12.10,9620.0,0.0,9620.0,9620.0,9620.0,0.0
2024.12.09,9500.0,-175.0,9575.0,9590.0,9500.0,26.0
2024.12.06,9675.0,-85.0,9795.0,9795.0,9590.0,10.0
2024.12.05,9760.0,-30.0,9815.0,9815.0,9760.0,2.0
2024.12.04,9790.0,-210.0,9865.0,9865.0,9790.0,10.0
2024.12.03,10000.0,130.0,9970.0,10020.0,9970.0,40.0
2024.12.02,9870.0,-55.0,9900.0,9900.0,9855.0,6.0
2024.11.29,9925.0,-160.0,9915.0,9925.0,9910.0,4.0
2024.11.28,10085.0,-5.0,10085.0,10085.0,10085.0,1.0
2024.11.27,10090.0,-85.0,10140.0,10140.0,10090.0,6.0
2024.11.26,10175.0,-65.0,10210.0,10210.0,10175.0,3.0
2024.11.25,10240.0,120.0,10175.0,10240.0,10175.0,20.0
2024.11.22,10120.0,85.0,10120.0,10120.0,10120.0,1.0
2024.11.21,10035.0,85.0,9950.0,10035.0,9950.0,52.0
2024.11.20,9950.0,0.0,9950.0,9950.0,9950.0,0.0
2024.11.19,9910.0,0.0,9910.0,9910.0,9910.0,0.0
2024.11.18,9910.0,0.0,9910.0,9910.0,9910.0,0.0
2024.11.15,9645.0,-65.0,9670.0,9670.0,9645.0,2.0
2024.11.14,9710.0,-80.0,9715.0,9715.0,9705.0,106.0
2024.11.13,9790.0,-245.0,9915.0,9915.0,9790.0,48.0
2024.11.12,10035.0,-155.0,10080.0,10080.0,10035.0,2001.0
2024.11.11,10190.0,-125.0,10210.0,10210.0,10190.0,3.0
2024.11.08,10315.0,15.0,10315.0,10315.0,10315.0,70.0
2024.11.07,10300.0,65.0,10345.0,10345.0,10300.0,59.0
2024.11.06,10235.0,-95.0,10235.0,10235.0,10235.0,150.0
2024.11.05,10330.0,-10.0,10330.0,10330.0,10330.0,1.0
2024.11.04,10340.0,100.0,10355.0,10355.0,10340.0,4.0
2024.11.01,10240.0,-60.0,10195.0,10240.0,10195.0,7.0
2024.10.31,10300.0,-175.0,10300.0,10300.0,10300.0,1.0
2024.10.30,10475.0,-5.0,10475.0,10475.0,10475.0,1.0
2024.10.29,10505.0,-35.0,10505.0,10505.0,10505.0,1.0
2024.10.28,10540.0,10.0,10540.0,10540.0,10505.0,9.0
2024.10.25,10530.0,105.0,10530.0,10530.0,10530.0,1.0
2024.10.24,10425.0,-115.0,10425.0,10425.0,10425.0,1.0
2024.10.23,10540.0,95.0,10395.0,10540.0,10395.0,2.0
2024.10.22,10445.0,-60.0,10445.0,10445.0,10445.0,2.0
2024.10.21,10505.0,-5.0,10505.0,10505.0,10505.0,1.0
2024.10.18,10510.0,-65.0,10510.0,10510.0,10510.0,1.0
2024.10.17,10575.0,20.0,10575.0,10575.0,10575.0,1.0
2024.10.16,10555.0,-65.0,10520.0,10555.0,10520.0,2.0
2024.10.15,10620.0,30.0,10625.0,10625.0,10590.0,9.0
2024.10.14,10590.0,130.0,10565.0,10590.0,10565.0,2.0
2024.10.11,10460.0,-20.0,10520.0,10520.0,10460.0,6.0
2024.10.10,10480.0,50.0,10480.0,10480.0,10480.0,1.0
2024.10.08,10430.0,-40.0,10430.0,10430.0,10430.0,1.0
2024.10.07,10470.0,165.0,10380.0,10470.0,10370.0,90.0
2024.10.04,10305.0,-40.0,10305.0,10305.0,10305.0,1.0
2024.10.02,10345.0,-165.0,10300.0,10345.0,10280.0,4.0
2024.09.30,10510.0,-205.0,10620.0,10620.0,10510.0,48.0
2024.09.27,10715.0,110.0,10715.0,10715.0,10715.0,1.0
2024.09.26,10605.0,140.0,10530.0,10605.0,10530.0,30.0
2024.09.25,10465.0,85.0,10450.0,10465.0,10450.0,3.0
2024.09.24,10380.0,40.0,10440.0,10440.0,10380.0,3.0
2024.09.23,10340.0,-5.0,10365.0,10365.0,10340.0,3.0
2024.09.20,10345.0,125.0,10405.0,10405.0,10345.0,65.0
2024.09.19,10220.0,0.0,10220.0,10220.0,10220.0,2.0
2024.09.13,10220.0,-15.0,10220.0,10220.0,10220.0,1.0
2024.09.12,10235.0,195.0,10235.0,10235.0,10235.0,1.0
2024.09.11,10040.0,-110.0,10040.0,10040.0,10040.0,1.0
2024.09.10,10150.0,0.0,10150.0,10150.0,10150.0,0.0
2024.09.09,10195.0,0.0,10195.0,10195.0,10195.0,0.0
2024.09.06,10275.0,-100.0,10335.0,10335.0,10275.0,2.0
2024.09.05,10375.0,0.0,10375.0,10375.0,10375.0,0.0
2024.09.04,10450.0,-290.0,10470.0,10470.0,10450.0,13.0
2024.09.03,10740.0,0.0,10740.0,10740.0,10740.0,0.0
2024.09.02,10790.0,0.0,10790.0,10790.0,10790.0,0.0
2024.08.30,10765.0,25.0,10765.0,10765.0,10765.0,160.0
2024.08.29,10740.0,0.0,10740.0,10740.0,10740.0,0.0
2024.08.28,10795.0,-65.0,10795.0,10795.0,10795.0,10.0
2024.08.27,10860.0,-65.0,10880.0,10880.0,10860.0,11.0
2024.08.26,10925.0,10.0,10950.0,10950.0,10925.0,12.0
2024.08.23,10915.0,0.0,10915.0,10915.0,10915.0,0.0
2024.08.22,10900.0,0.0,10900.0,10900.0,10900.0,110.0
2024.08.21,10900.0,-20.0,10895.0,10900.0,10895.0,50.0
2024.08.20,10920.0,160.0,10920.0,10920.0,10920.0,8.0
2024.08.19,10760.0,-85.0,10855.0,10870.0,10760.0,747.0
2024.08.16,10845.0,215.0,10845.0,10845.0,10845.0,150.0
2024.08.14,10630.0,0.0,10630.0,10630.0,10630.0,0.0
2024.08.13,10535.0,0.0,10535.0,10535.0,10535.0,0.0
2024.08.12,10465.0,0.0,10465.0,10465.0,10465.0,0.0
2024.08.09,10390.0,105.0,10390.0,10390.0,10390.0,34.0
2024.08.08,10285.0,0.0,10285.0,10285.0,10285.0,0.0
2024.08.07,10285.0,0.0,10285.0,10285.0,10285.0,0.0
2024.08.06,10185.0,185.0,10315.0,10315.0,9970.0,20.0
2024.08.05,10000.0,-745.0,10375.0,10375.0,10000.0,705.0
2024.08.02,10745.0,-455.0,11000.0,11000.0,10745.0,329.0
2024.08.01,11200.0,0.0,11200.0,11200.0,11200.0,0.0
2024.07.31,11165.0,65.0,11090.0,11165.0,11065.0,213.0
2024.07.30,11100.0,-20.0,11100.0,11100.0,11100.0,2.0
2024.07.29,11140.0,95.0,11140.0,11140.0,11140.0,6.0
2024.07.26,11045.0,70.0,11030.0,11045.0,11030.0,3.0
2024.07.25,10975.0,-205.0,10975.0,10975.0,10975.0,1.0
2024.07.24,11180.0,-25.0,11200.0,11200.0,11180.0,61.0
2024.07.23,11205.0,0.0,11205.0,11205.0,11205.0,0.0
2024.07.22,11180.0,-120.0,11180.0,11180.0,11180.0,4.0
2024.07.19,11300.0,-15.0,11300.0,11300.0,11300.0,2.0
2024.07.18,11315.0,-185.0,11315.0,11315.0,11315.0,5.0
2024.07.17,11500.0,-80.0,11530.0,11530.0,11500.0,16.0
2024.07.16,11580.0,20.0,11580.0,11580.0,11580.0,1.0
2024.07.15,11560.0,-120.0,11565.0,11565.0,11560.0,5.0
2024.07.12,11680.0,-40.0,11680.0,11680.0,11680.0,1.0
2024.07.11,11720.0,115.0,11710.0,11720.0,11710.0,7.0
2024.07.10,11605.0,-45.0,11605.0,11605.0,11605.0,1.0
2024.07.09,11650.0,30.0,11630.0,11650.0,11630.0,102.0
2024.07.08,11620.0,0.0,11620.0,11620.0,11620.0,0.0
2024.07.05,11620.0,215.0,11620.0,11620.0,11620.0,1.0
2024.07.04,11405.0,105.0,11395.0,11405.0,11395.0,443.0
2024.07.03,11300.0,125.0,11300.0,11300.0,11300.0,31.0
2024.07.02,11175.0,0.0,11175.0,11175.0,11175.0,0.0
2024.07.01,11175.0,0.0,11175.0,11175.0,11175.0,15.0
2024.06.28,11175.0,0.0,11175.0,11175.0,11175.0,0.0
2024.06.27,11125.0,0.0,11125.0,11125.0,11125.0,0.0
2024.06.26,11120.0,35.0,11095.0,11120.0,11095.0,7.0
2024.06.25,11085.0,80.0,11070.0,11085.0,11070.0,4.0
2024.06.24,11005.0,-85.0,11135.0,11135.0,11005.0,155.0
2024.06.21,11090.0,-105.0,11095.0,11095.0,11090.0,8.0
2024.06.20,11195.0,0.0,11195.0,11195.0,11195.0,0.0
2024.06.19,11095.0,120.0,11110.0,11110.0,11095.0,35.0
2024.06.18,10975.0,65.0,10970.0,10975.0,10970.0,13.0
2024.06.17,10910.0,0.0,10910.0,10910.0,10910.0,0.0
2024.06.14,11010.0,140.0,10975.0,11010.0,10975.0,434.0
2024.06.13,10870.0,0.0,10870.0,10870.0,10870.0,0.0
2024.06.12,10785.0,-5.0,10775.0,10800.0,10775.0,55.0
2024.06.11,10790.0,-25.0,10755.0,10800.0,10755.0,33.0
2024.06.10,10815.0,-45.0,10740.0,10815.0,10740.0,15.0
2024.06.07,10860.0,0.0,10860.0,10860.0,10860.0,0.0
2024.06.05,10665.0,0.0,10665.0,10665.0,10665.0,0.0
2024.06.04,10565.0,0.0,10565.0,10565.0,10565.0,0.0
2024.06.03,10520.0,0.0,10520.0,10520.0,10520.0,24.0
2024.05.31,10520.0,0.0,10555.0,10555.0,10520.0,8.0
2024.05.30,10520.0,0.0,10520.0,10520.0,10520.0,0.0
2024.05.29,10760.0,-60.0,10775.0,10775.0,10760.0,47.0
2024.05.28,10820.0,0.0,10820.0,10820.0,10820.0,0.0
2024.05.27,10820.0,0.0,10820.0,10820.0,10820.0,0.0
2024.05.24,10625.0,-255.0,10625.0,10625.0,10625.0,23.0
2024.05.23,10880.0,0.0,10880.0,10880.0,10880.0,0.0
2024.05.22,10885.0,0.0,10885.0,10885.0,10885.0,0.0
2024.05.21,11010.0,75.0,11010.0,11010.0,11010.0,1.0
2024.05.20,10935.0,0.0,10935.0,10935.0,10935.0,0.0
2024.05.17,10905.0,0.0,10905.0,10905.0,10905.0,0.0
2024.05.16,11015.0,0.0,11015.0,11015.0,11015.0,0.0
2024.05.14,10910.0,40.0,10910.0,10910.0,10910.0,50.0
2024.05.13,10870.0,-55.0,10870.0,10870.0,10870.0,5.0
2024.05.10,10925.0,0.0,10925.0,10925.0,10925.0,0.0
2024.05.09,10925.0,0.0,10925.0,10925.0,10925.0,0.0
2024.05.08,10925.0,5.0,10925.0,10925.0,10925.0,2.0
2024.05.07,10920.0,140.0,10985.0,10985.0,10920.0,53.0
2024.05.03,10780.0,70.0,10765.0,10780.0,10765.0,155.0
2024.05.02,10710.0,0.0,10710.0,10710.0,10710.0,0.0
2024.04.30,10740.0,0.0,10740.0,10740.0,10740.0,0.0
2024.04.29,10730.0,0.0,10730.0,10730.0,10730.0,0.0
2024.04.26,10760.0,0.0,10760.0,10760.0,10760.0,0.0
2024.04.25,10605.0,0.0,10605.0,10605.0,10605.0,0.0
2024.04.24,10605.0,0.0,10605.0,10605.0,10605.0,0.0
2024.04.23,10605.0,0.0,10605.0,10605.0,10605.0,0.0
2024.04.22,10625.0,235.0,10625.0,10625.0,10625.0,2.0
2024.04.19,10390.0,-245.0,10390.0,10390.0,10390.0,1.0
2024.04.18,10635.0,180.0,10635.0,10635.0,10635.0,908.0
2024.04.17,10455.0,-85.0,10540.0,10540.0,10455.0,5.0
2024.04.16,10540.0,-280.0,10640.0,10640.0,10540.0,63.0
2024.04.15,10820.0,-95.0,10780.0,10820.0,10780.0,4.0
2024.04.12,10915.0,-90.0,10915.0,10915.0,10915.0,10.0
2024.04.11,11005.0,0.0,11005.0,11005.0,11005.0,0.0
2024.04.09,11005.0,-45.0,10985.0,11005.0,10985.0,3.0
2024.04.08,11050.0,0.0,11050.0,11050.0,11050.0,0.0
2024.04.05,11020.0,-125.0,11050.0,11050.0,11020.0,11.0
2024.04.04,11145.0,0.0,11145.0,11145.0,11145.0,0.0
2024.04.03,11005.0,-205.0,11010.0,11045.0,11005.0,112.0
2024.04.02,11210.0,0.0,11210.0,11210.0,11210.0,0.0
2024.04.01,11210.0,20.0,11210.0,11210.0,11210.0,9.0
2024.03.29,11190.0,-10.0,11190.0,11190.0,11190.0,305.0
2024.03.28,11200.0,20.0,11235.0,11235.0,11200.0,23.0
2024.03.27,11180.0,-65.0,11205.0,11210.0,11180.0,23.0
2024.03.26,11245.0,85.0,11285.0,11315.0,11245.0,36.0
2024.03.25,11160.0,0.0,11295.0,11295.0,11110.0,196.0
2024.03.22,11160.0,-5.0,11210.0,11210.0,11160.0,33.0
2024.03.21,11165.0,0.0,11165.0,11165.0,11165.0,0.0
2024.03.20,10860.0,0.0,10860.0,10860.0,10860.0,0.0
2024.03.19,10705.0,-135.0,10840.0,10840.0,10705.0,4.0
2024.03.18,10840.0,0.0,10840.0,10840.0,10840.0,0.0
2024.03.15,10840.0,-170.0,10890.0,10890.0,10840.0,71.0
2024.03.14,11010.0,75.0,10965.0,11010.0,10965.0,30.0
2024.03.13,10935.0,70.0,10905.0,10945.0,10900.0,374.0
2024.03.12,10865.0,120.0,10835.0,10865.0,10835.0,11.0
2024.03.11,10745.0,-35.0,10755.0,10755.0,10745.0,37.0
2024.03.08,10780.0,150.0,10810.0,10830.0,10780.0,32.0
2024.03.07,10630.0,-25.0,10630.0,10630.0,10630.0,3.0
2024.03.06,10655.0,0.0,10655.0,10655.0,10655.0,0.0
2024.03.05,10685.0,-90.0,10720.0,10720.0,10685.0,30.0
2024.03.04,10775.0,140.0,10735.0,10775.0,10720.0,442.0
2024.02.29,10635.0,0.0,10635.0,10635.0,10635.0,0.0
2024.02.28,10635.0,170.0,10585.0,10635.0,10585.0,2.0
2024.02.27,10465.0,-85.0,10520.0,10520.0,10465.0,21.0
2024.02.26,10550.0,-140.0,10555.0,10555.0,10550.0,41.0
2024.02.23,10690.0,60.0,10690.0,10690.0,10690.0,3.0
2024.02.22,10630.0,60.0,10630.0,10630.0,10630.0,60.0
2024.02.21,10570.0,-80.0,10570.0,10570.0,10570.0,3.0
2024.02.20,10650.0,-105.0,10595.0,10650.0,10580.0,4.0
2024.02.19,10755.0,180.0,10725.0,10755.0,10725.0,677.0
2024.02.16,10575.0,0.0,10575.0,10575.0,10575.0,0.0
2024.02.15,10420.0,0.0,10420.0,10420.0,10420.0,0.0
2024.02.14,10400.0,-215.0,10415.0,10415.0,10400.0,22.0
2024.02.13,10615.0,140.0,10615.0,10615.0,10615.0,1.0
2024.02.08,10475.0,0.0,10475.0,10475.0,10475.0,0.0
2024.02.07,10390.0,70.0,10435.0,10435.0,10390.0,17.0
2024.02.06,10320.0,30.0,10335.0,10335.0,10320.0,4.0
2024.02.05,10290.0,-175.0,10290.0,10290.0,10290.0,2.0
2024.02.02,10465.0,0.0,10465.0,10465.0,10465.0,0.0
2024.02.01,9980.0,80.0,9980.0,9980.0,9980.0,6.0
2024.01.31,9900.0,-70.0,9900.0,9900.0,9900.0,100.0
2024.01.30,9970.0,-65.0,10035.0,10035.0,9970.0,5.0
2024.01.29,10035.0,180.0,9920.0,10035.0,9920.0,102.0
2024.01.26,9855.0,0.0,9855.0,9855.0,9855.0,0.0
2024.01.25,9825.0,0.0,9825.0,9825.0,9825.0,5.0
2024.01.24,9825.0,15.0,9825.0,9825.0,9825.0,8.0
2024.01.23,9810.0,5.0,9805.0,9810.0,9805.0,346.0
2024.01.22,9805.0,25.0,9805.0,9805.0,9805.0,88.0
2024.01.19,9780.0,130.0,9780.0,9780.0,9780.0,1.0
2024.01.18,9650.0,-15.0,9640.0,9650.0,9640.0,63.0
2024.01.17,9665.0,-280.0,9775.0,9775.0,9665.0,13.0
2024.01.16,9945.0,-100.0,9940.0,9945.0,9940.0,3.0
2024.01.15,10045.0,0.0,10045.0,10045.0,10045.0,0.0
2024.01.12,10045.0,0.0,10045.0,10045.0,10045.0,0.0
2024.01.11,10190.0,115.0,10190.0,10190.0,10190.0,1.0
2024.01.10,10075.0,-140.0,10075.0,10075.0,10075.0,6.0
2024.01.09,10215.0,0.0,10215.0,10215.0,10215.0,0.0
2024.01.08,10255.0,-25.0,10255.0,10255.0,10255.0,1.0
2024.01.05,10280.0,0.0,10280.0,10280.0,10280.0,0.0
2024.01.04,10290.0,0.0,10290.0,10290.0,10290.0,0.0
2024.01.03,10365.0,-275.0,10365.0,10365.0,10365.0,1.0
2024.01.02,10640.0,125.0,10640.0,10640.0,10640.0,10.0
2023.12.28,10515.0,115.0,10435.0,10515.0,10435.0,65.0
2023.12.27,10400.0,135.0,10325.0,10400.0,10325.0,240.0
2023.12.26,10265.0,75.0,10265.0,10265.0,10265.0,6.0
2023.12.22,10190.0,-65.0,10230.0,10230.0,10190.0,80708.0
2023.12.21,10255.0,-25.0,10200.0,10255.0,10200.0,9.0
2023.12.20,10280.0,115.0,10280.0,10280.0,10280.0,11.0
2023.12.19,10165.0,5.0,10110.0,10165.0,10110.0,2.0
2023.12.18,10160.0,-30.0,10135.0,10160.0,10135.0,14.0
2023.12.15,10190.0,285.0,10190.0,10190.0,10190.0,10.0
2023.12.14,9905.0,0.0,9905.0,9905.0,9905.0,0.0
2023.12.13,9905.0,0.0,9905.0,9905.0,9905.0,0.0
2023.12.12,9955.0,0.0,9955.0,9955.0,9955.0,0.0
2023.12.11,9900.0,15.0,9900.0,9900.0,9900.0,325.0
2023.12.08,9885.0,0.0,9885.0,9885.0,9885.0,0.0
2023.12.07,9790.0,-30.0,9790.0,9790.0,9790.0,21.0
2023.12.06,9820.0,0.0,9820.0,9820.0,9820.0,0.0
2023.12.05,9820.0,0.0,9820.0,9820.0,9820.0,0.0
2023.12.04,9865.0,0.0,9865.0,9865.0,9865.0,0.0
2023.12.01,9865.0,0.0,9865.0,9865.0,9865.0,0.0
2023.11.30,9890.0,0.0,9890.0,9890.0,9890.0,0.0
2023.11.29,9890.0,0.0,9890.0,9890.0,9890.0,0.0
2023.11.28,9890.0,0.0,9890.0,9890.0,9890.0,0.0
2023.11.27,9835.0,0.0,9835.0,9835.0,9835.0,0.0
2023.11.24,9855.0,0.0,9855.0,9855.0,9855.0,0.0
2023.11.23,9900.0,0.0,9900.0,9900.0,9900.0,0.0
2023.11.22,9900.0,0.0,9900.0,9900.0,9900.0,0.0
2023.11.21,9900.0,30.0,9890.0,9900.0,9890.0,1353.0
2023.11.20,9870.0,80.0,9805.0,9870.0,9805.0,129.0
2023.11.17,9790.0,0.0,9790.0,9790.0,9790.0,0.0
2023.11.16,9845.0,0.0,9845.0,9845.0,9845.0,0.0
2023.11.15,9845.0,220.0,9815.0,9845.0,9815.0,4.0
2023.11.14,9625.0,100.0,9525.0,9625.0,9525.0,3.0
2023.11.13,9525.0,0.0,9525.0,9525.0,9525.0,0.0
2023.11.10,9545.0,-30.0,9545.0,9545.0,9545.0,1.0
2023.11.09,9575.0,0.0,9575.0,9575.0,9575.0,0.0
2023.11.08,9575.0,0.0,9575.0,9575.0,9575.0,0.0
2023.11.07,9685.0,0.0,9685.0,9685.0,9685.0,0.0
2023.11.06,9760.0,390.0,9605.0,9760.0,9605.0,11.0
2023.11.03,9370.0,0.0,9370.0,9370.0,9370.0,0.0
2023.11.02,9235.0,0.0,9235.0,9235.0,9235.0,0.0
2023.11.01,9090.0,100.0,9045.0,9095.0,9045.0,79.0
2023.10.31,8990.0,-100.0,8990.0,8990.0,8990.0,5.0
2023.10.30,9090.0,0.0,9090.0,9090.0,9090.0,0.0
2023.10.27,9140.0,45.0,9140.0,9140.0,9140.0,2.0
2023.10.26,9095.0,0.0,9095.0,9095.0,9095.0,0.0
2023.10.25,9415.0,5.0,9415.0,9415.0,9415.0,5.0
2023.10.24,9410.0,0.0,9410.0,9410.0,9410.0,0.0
2023.10.23,9355.0,-75.0,9375.0,9375.0,9330.0,106.0
2023.10.20,9430.0,0.0,9430.0,9430.0,9430.0,0.0
2023.10.19,9570.0,-110.0,9570.0,9570.0,9570.0,2.0
2023.10.18,9680.0,0.0,9680.0,9680.0,9680.0,2.0
2023.10.17,9680.0,0.0,9680.0,9680.0,9680.0,0.0
2023.10.16,9580.0,-115.0,9580.0,9580.0,9580.0,2.0
2023.10.13,9695.0,0.0,9695.0,9695.0,9695.0,0.0
2023.10.12,9735.0,0.0,9735.0,9735.0,9735.0,0.0
2023.10.11,9620.0,185.0,9620.0,9620.0,9620.0,76.0
2023.10.10,9435.0,0.0,9435.0,9435.0,9435.0,0.0
2023.10.06,9435.0,0.0,9435.0,9435.0,9435.0,0.0
2023.10.05,9420.0,0.0,9420.0,9420.0,9420.0,0.0
2023.10.04,9475.0,-215.0,9475.0,9475.0,9475.0,2.0
2023.09.27,9690.0,0.0,9690.0,9690.0,9690.0,0.0
2023.09.26,9705.0,-95.0,9705.0,9705.0,9705.0,1.0
2023.09.25,9800.0,-80.0,9815.0,9815.0,9800.0,19.0
2023.09.22,9880.0,0.0,9880.0,9880.0,9880.0,0.0
2023.09.21,9965.0,-85.0,9970.0,9970.0,9965.0,16.0
2023.09.20,10050.0,0.0,10050.0,10050.0,10050.0,0.0
2023.09.19,10045.0,-110.0,10045.0,10045.0,10045.0,1200.0
2023.09.18,10155.0,0.0,10155.0,10155.0,10155.0,0.0
2023.09.15,10240.0,145.0,10190.0,10245.0,10190.0,80.0
2023.09.14,10095.0,0.0,10095.0,10095.0,10095.0,0.0
2023.09.13,9970.0,0.0,9970.0,9970.0,9970.0,0.0
2023.09.12,9970.0,0.0,9970.0,9970.0,9970.0,0.0
2023.09.11,9975.0,0.0,9975.0,9975.0,9975.0,0.0
2023.09.08,9925.0,-50.0,9950.0,9950.0,9925.0,25.0
2023.09.07,9975.0,-85.0,10000.0,10000.0,9975.0,32.0
2023.09.06,10060.0,0.0,10060.0,10060.0,10060.0,0.0
2023.09.05,10085.0,0.0,10085.0,10085.0,10085.0,0.0
2023.09.04,10055.0,30.0,10025.0,10055.0,10025.0,502.0
2023.09.01,10025.0,0.0,10025.0,10025.0,10025.0,0.0
2023.08.31,9975.0,0.0,9975.0,9975.0,9975.0,0.0
2023.08.30,10000.0,45.0,10000.0,10000.0,10000.0,30.0
2023.08.29,9955.0,75.0,9955.0,9955.0,9955.0,30.0
2023.08.28,9880.0,0.0,9880.0,9880.0,9880.0,0.0
2023.08.25,9830.0,0.0,9830.0,9830.0,9830.0,0.0
2023.08.24,9830.0,10.0,9995.0,9995.0,9830.0,22.0
2023.08.23,9820.0,0.0,9820.0,9820.0,9820.0,0.0
2023.08.22,9835.0,55.0,9835.0,9835.0,9835.0,10.0
2023.08.21,9780.0,0.0,9780.0,9780.0,9780.0,0.0
2023.08.18,9780.0,-70.0,9810.0,9810.0,9780.0,4.0
2023.08.17,9850.0,0.0,9850.0,9850.0,9850.0,0.0
2023.08.16,9850.0,-170.0,9915.0,9915.0,9850.0,3.0
2023.08.14,10020.0,0.0,10020.0,10020.0,10020.0,0.0
2023.08.11,10095.0,-65.0,10150.0,10150.0,10095.0,500.0
2023.08.10,10160.0,0.0,10160.0,10160.0,10160.0,0.0
2023.08.09,10180.0,75.0,10170.0,10200.0,10170.0,32.0
2023.08.08,10105.0,0.0,10105.0,10105.0,10105.0,0.0
2023.08.07,10200.0,-20.0,10200.0,10200.0,10200.0,24.0
2023.08.04,10220.0,0.0,10220.0,10220.0,10220.0,0.0
2023.08.03,10240.0,0.0,10240.0,10240.0,10240.0,0.0
2023.08.02,10305.0,-205.0,10440.0,10440.0,10305.0,5.0
2023.08.01,10510.0,190.0,10460.0,10510.0,10460.0,53.0
2023.07.31,10320.0,55.0,10370.0,10370.0,10320.0,10.0
2023.07.28,10265.0,0.0,10265.0,10265.0,10265.0,0.0
2023.07.27,10295.0,20.0,10310.0,10330.0,10295.0,110.0
2023.07.26,10275.0,-20.0,10465.0,10465.0,10275.0,6.0
2023.07.25,10295.0,0.0,10280.0,10295.0,10280.0,416.0
2023.07.24,10295.0,115.0,10170.0,10320.0,10135.0,58.0
2023.07.21,10180.0,0.0,10180.0,10180.0,10180.0,210.0
2023.07.20,10180.0,0.0,10180.0,10180.0,10180.0,0.0
2023.07.19,10180.0,0.0,10180.0,10180.0,10180.0,0.0
2023.07.18,10155.0,-65.0,10200.0,10200.0,10155.0,299.0
2023.07.17,10220.0,0.0,10220.0,10220.0,10220.0,1.0
2023.07.14,10220.0,185.0,10205.0,10220.0,10205.0,3.0
2023.07.13,10035.0,45.0,10110.0,10110.0,10035.0,32.0
2023.07.12,9990.0,0.0,9990.0,9990.0,9990.0,0.0
2023.07.11,9915.0,0.0,9915.0,9915.0,9915.0,0.0
2023.07.10,9845.0,40.0,9830.0,9845.0,9830.0,28.0
2023.07.07,9805.0,-155.0,9805.0,9805.0,9770.0,27.0
2023.07.06,9960.0,-60.0,9960.0,9960.0,9960.0,22.0
2023.07.05,10020.0,-75.0,10095.0,10095.0,10020.0,1301.0
2023.07.04,10095.0,-15.0,10095.0,10095.0,10095.0,5.0
2023.07.03,10110.0,140.0,10110.0,10110.0,10110.0,1.0
2023.06.30,9970.0,50.0,9880.0,9970.0,9880.0,5.0
2023.06.29,9920.0,-65.0,10000.0,10000.0,9920.0,4.0
2023.06.28,9985.0,-10.0,9985.0,9985.0,9985.0,10.0
2023.06.27,9995.0,0.0,9995.0,9995.0,9995.0,0.0
2023.06.26,9995.0,35.0,9995.0,9995.0,9995.0,2.0
2023.06.23,9960.0,-65.0,9970.0,9970.0,9960.0,20.0
2023.06.22,10025.0,20.0,10025.0,10025.0,10025.0,7.0
2023.06.21,10005.0,0.0,10005.0,10005.0,10005.0,0.0
2023.06.20,10095.0,-5.0,10075.0,10100.0,10075.0,46.0
2023.06.19,10100.0,-75.0,10100.0,10100.0,10100.0,40.0
2023.06.16,10175.0,-10.0,10175.0,10175.0,10175.0,1.0
2023.06.15,10185.0,0.0,10185.0,10185.0,10185.0,0.0
2023.06.14,10245.0,-35.0,10245.0,10245.0,10245.0,1.0
2023.06.13,10280.0,30.0,10250.0,10280.0,10250.0,130.0
2023.06.12,10250.0,0.0,10250.0,10250.0,10250.0,0.0
2023.06.09,10270.0,105.0,10165.0,10270.0,10165.0,177.0
2023.06.08,10165.0,-65.0,10165.0,10165.0,10165.0,29.0
2023.06.07,10230.0,30.0,10230.0,10230.0,10205.0,405.0
2023.06.05,10200.0,70.0,10200.0,10200.0,10200.0,3.0
2023.06.02,10130.0,0.0,10130.0,10130.0,10130.0,0.0
2023.06.01,10025.0,0.0,10025.0,10025.0,10025.0,0.0
2023.05.31,10055.0,0.0,10055.0,10055.0,10055.0,0.0
2023.05.30,10080.0,0.0,10080.0,10080.0,10080.0,0.0
2023.05.26,9985.0,20.0,9985.0,9985.0,9985.0,26.0
2023.05.25,9965.0,-20.0,9950.0,9965.0,9935.0,15.0
2023.05.24,9985.0,0.0,9985.0,9985.0,9985.0,0.0
2023.05.23,10050.0,70.0,10090.0,10090.0,10010.0,34.0
2023.05.22,9980.0,55.0,9960.0,10015.0,9960.0,17.0
2023.05.19,9925.0,140.0,9790.0,9925.0,9790.0,77.0
2023.05.18,9785.0,0.0,9785.0,9785.0,9785.0,0.0
2023.05.17,9695.0,50.0,9695.0,9695.0,9695.0,5.0
2023.05.16,9645.0,0.0,9645.0,9645.0,9645.0,0.0
2023.05.15,9615.0,0.0,9615.0,9615.0,9615.0,0.0
2023.05.12,9610.0,-70.0,9610.0,9610.0,9610.0,200.0
2023.05.11,9680.0,0.0,9680.0,9680.0,9680.0,0.0
2023.05.10,9745.0,20.0,9710.0,9745.0,9710.0,246.0
2023.05.09,9725.0,-70.0,9765.0,9765.0,9725.0,15.0
2023.05.08,9795.0,150.0,9795.0,9810.0,9795.0,21.0
2023.05.04,9645.0,-85.0,9670.0,9670.0,9645.0,6.0
2023.05.03,9730.0,-45.0,9730.0,9730.0,9730.0,5.0
2023.05.02,9775.0,85.0,9785.0,9795.0,9765.0,357.0
2023.04.28,9690.0,110.0,9755.0,9770.0,9690.0,15.0
2023.04.27,9580.0,-30.0,9600.0,9600.0,9580.0,7.0
2023.04.26,9750.0,-45.0,9790.0,9795.0,9750.0,1009.0
2023.04.25,9795.0,-170.0,9850.0,9930.0,9795.0,419.0
2023.04.24,9965.0,-10.0,9965.0,9965.0,9965.0,5.0
2023.04.21,9975.0,-110.0,9990.0,9990.0,9975.0,36.0
2023.04.20,10085.0,-30.0,10085.0,10085.0,10085.0,5.0
2023.04.19,10115.0,35.0,10105.0,10115.0,10105.0,6.0
2023.04.18,10080.0,-5.0,10080.0,10080.0,10080.0,5.0
2023.04.17,10085.0,-20.0,10085.0,10085.0,10085.0,5.0
2023.04.14,10105.0,105.0,10080.0,10105.0,10080.0,3.0
2023.04.13,10000.0,-5.0,10000.0,10000.0,10000.0,2.0
2023.04.12,10005.0,-10.0,10020.0,10050.0,10000.0,94.0
2023.04.11,10015.0,145.0,9895.0,10030.0,9895.0,9.0
2023.04.10,9870.0,90.0,9770.0,9910.0,9770.0,525.0
2023.04.07,9780.0,175.0,9615.0,9785.0,9615.0,82.0
2023.04.06,9605.0,-165.0,9780.0,9780.0,9605.0,80.0
2023.04.05,9770.0,45.0,9780.0,9800.0,9770.0,47.0
2023.04.04,9725.0,5.0,9720.0,9775.0,9720.0,2082.0
2023.04.03,9720.0,-25.0,9760.0,9760.0,9710.0,137.0
2023.03.31,9745.0,85.0,9660.0,9750.0,9660.0,17.0
2023.03.30,9660.0,120.0,9630.0,9660.0,9615.0,14.0
2023.03.29,9540.0,5.0,9565.0,9565.0,9535.0,10.0
2023.03.28,9535.0,80.0,9530.0,9560.0,9505.0,23.0
2023.03.27,9455.0,-80.0,9455.0,9455.0,9455.0,3.0
2023.03.24,9535.0,-10.0,9545.0,9545.0,9535.0,4.0
2023.03.23,9545.0,30.0,9520.0,9555.0,9495.0,34.0
2023.03.22,9515.0,55.0,9460.0,9530.0,9460.0,217.0
2023.03.21,9460.0,60.0,9455.0,9460.0,9445.0,5.0
2023.03.20,9400.0,-25.0,9500.0,9500.0,9395.0,7.0
2023.03.17,9425.0,105.0,9430.0,9430.0,9410.0,6.0
2023.03.16,9320.0,-130.0,9320.0,9320.0,9320.0,2.0
2023.03.15,9450.0,125.0,9415.0,9450.0,9415.0,3.0
2023.03.14,9325.0,-170.0,9385.0,9385.0,9325.0,5.0
2023.03.13,9495.0,65.0,9430.0,9495.0,9425.0,165.0
2023.03.10,9430.0,-110.0,9400.0,9435.0,9400.0,6.0
2023.03.09,9540.0,-90.0,9605.0,9605.0,9540.0,72.0
2023.03.08,9630.0,-140.0,9645.0,9645.0,9630.0,3.0
2023.03.07,9770.0,-5.0,9740.0,9770.0,9740.0,14.0
2023.03.06,9775.0,160.0,9680.0,9775.0,9680.0,43.0
2023.03.03,9615.0,40.0,9635.0,9635.0,9615.0,3.0
2023.03.02,9575.0,-70.0,9665.0,9665.0,9575.0,4.0
2023.02.28,9645.0,120.0,9635.0,9645.0,9635.0,10.0
2023.02.27,9525.0,-135.0,9525.0,9525.0,9525.0,2.0
2023.02.24,9660.0,-15.0,9735.0,9735.0,9660.0,155.0
2023.02.23,9675.0,60.0,9675.0,9675.0,9675.0,2.0
2023.02.22,9615.0,-200.0,9685.0,9685.0,9615.0,60.0
2023.02.21,9815.0,60.0,9815.0,9815.0,9815.0,2.0
2023.02.20,9755.0,5.0,9700.0,9790.0,9700.0,6.0
2023.02.17,9750.0,-75.0,9825.0,9825.0,9750.0,12.0
2023.02.16,9825.0,50.0,9770.0,9825.0,9765.0,17.0
2023.02.15,9775.0,-135.0,9775.0,9775.0,9775.0,2.0
2023.02.14,9910.0,95.0,9910.0,9910.0,9910.0,2.0
2023.02.13,9815.0,-40.0,9870.0,9870.0,9815.0,3.0
2023.02.10,9855.0,-50.0,9900.0,9900.0,9855.0,13.0
2023.02.09,9905.0,-60.0,9900.0,9905.0,9900.0,63.0
2023.02.08,9965.0,160.0,9900.0,9965.0,9900.0,21.0
2023.02.07,9805.0,-10.0,9755.0,9805.0,9755.0,3.0
2023.02.06,9815.0,-90.0,9815.0,9815.0,9815.0,2.0
2023.02.03,9905.0,50.0,9905.0,9905.0,9905.0,2.0
2023.02.02,9855.0,105.0,9925.0,9925.0,9855.0,12.0
2023.02.01,9750.0,100.0,9770.0,9785.0,9750.0,131.0
2023.01.31,9650.0,-210.0,9860.0,9860.0,9650.0,12.0
2023.01.30,9860.0,-120.0,10005.0,10005.0,9860.0,24.0
2023.01.27,9980.0,75.0,9995.0,9995.0,9980.0,5.0
2023.01.26,9905.0,120.0,9865.0,9905.0,9800.0,1898.0
2023.01.25,9785.0,200.0,9790.0,9790.0,9785.0,34.0
2023.01.20,9585.0,60.0,9570.0,9585.0,9565.0,4.0
2023.01.19,9525.0,40.0,9505.0,9525.0,9505.0,20.0
2023.01.18,9485.0,-80.0,9530.0,9530.0,9485.0,5.0
2023.01.17,9565.0,-85.0,9625.0,9625.0,9565.0,12.0
2023.01.16,9650.0,90.0,9630.0,9650.0,9625.0,62.0
2023.01.13,9560.0,110.0,9565.0,9590.0,9545.0,14.0
2023.01.12,9450.0,10.0,9465.0,9465.0,9450.0,6.0
2023.01.11,9440.0,30.0,9465.0,9465.0,9440.0,3.0
2023.01.10,9410.0,-15.0,9420.0,9420.0,9410.0,13.0
2023.01.09,9425.0,310.0,9240.0,9425.0,9240.0,53.0
2023.01.06,9115.0,55.0,9065.0,9115.0,9065.0,5.0
2023.01.05,9060.0,110.0,9040.0,9095.0,9040.0,22.0
2023.01.04,8950.0,230.0,8855.0,8950.0,8855.0,3.0
2023.01.03,8720.0,-150.0,8740.0,8740.0,8720.0,7.0
2023.01.02,8870.0,-60.0,8870.0,8870.0,8870.0,2.0
2022.12.29,8930.0,-85.0,9000.0,9000.0,8930.0,3.0
2022.12.28,9015.0,-40.0,9015.0,9015.0,9015.0,2.0
2022.12.27,9055.0,55.0,9055.0,9055.0,9055.0,2.0
2022.12.26,9000.0,-60.0,8995.0,9000.0,8995.0,12.0
2022.12.23,9060.0,-70.0,9060.0,9060.0,9060.0,2.0
2022.12.22,9130.0,65.0,9080.0,9130.0,9080.0,3.0
2022.12.21,9065.0,-50.0,9095.0,9105.0,9065.0,44.0
2022.12.20,9115.0,-40.0,9115.0,9115.0,9115.0,2.0
2022.12.19,9155.0,40.0,9165.0,9190.0,9155.0,4.0
2022.12.16,9115.0,-160.0,9110.0,9115.0,9110.0,5.0
2022.12.15,9275.0,-60.0,9275.0,9275.0,9275.0,2.0
2022.12.14,9335.0,75.0,9335.0,9335.0,9335.0,0.0
2022.12.13,9260.0,-20.0,9260.0,9260.0,9260.0,1.0
2022.12.12,9280.0,-15.0,9280.0,9280.0,9280.0,0.0
2022.12.09,9295.0,100.0,9225.0,9295.0,9225.0,22.0
2022.12.08,9195.0,-35.0,9195.0,9195.0,9195.0,10.0
2022.12.07,9230.0,-60.0,9230.0,9230.0,9230.0,0.0
2022.12.06,9290.0,-115.0,9320.0,9320.0,9290.0,11.0
2022.12.05,9405.0,-160.0,9405.0,9405.0,9405.0,0.0
2022.12.02,9565.0,-75.0,9565.0,9565.0,9565.0,1.0
2022.12.01,9640.0,90.0,9620.0,9640.0,9620.0,13.0
2022.11.30,9550.0,140.0,9550.0,9550.0,9550.0,12.0
2022.11.29,9410.0,75.0,9410.0,9410.0,9410.0,0.0
2022.11.28,9335.0,-120.0,9335.0,9335.0,9335.0,0.0
2022.11.25,9455.0,-10.0,9455.0,9455.0,9455.0,0.0
2022.11.24,9465.0,95.0,9465.0,9465.0,9465.0,0.0
2022.11.23,9370.0,55.0,9370.0,9370.0,9370.0,18.0
2022.11.22,9315.0,-15.0,9315.0,9315.0,9315.0,1.0
2022.11.21,9330.0,-160.0,9335.0,9335.0,9330.0,4.0
2022.11.18,9490.0,30.0,9490.0,9490.0,9490.0,15.0
2022.11.17,9460.0,-100.0,9460.0,9460.0,9460.0,0.0
2022.11.16,9560.0,-65.0,9585.0,9585.0,9560.0,32.0
2022.11.15,9625.0,0.0,9625.0,9625.0,9625.0,0.0
2022.11.14,9625.0,-50.0,9625.0,9625.0,9625.0,0.0
2022.11.11,9675.0,360.0,9580.0,9675.0,9580.0,6.0
2022.11.10,9315.0,-115.0,9330.0,9390.0,9310.0,506433.0
2022.11.09,9430.0,175.0,9430.0,9430.0,9430.0,814.0
2022.11.08,9255.0,80.0,9255.0,9255.0,9255.0,250.0
2022.11.07,9175.0,105.0,9175.0,9175.0,9175.0,0.0
2022.11.04,9070.0,40.0,9070.0,9070.0,9070.0,0.0
2022.11.03,9030.0,-45.0,9030.0,9030.0,9030.0,0.0
2022.11.02,9075.0,35.0,9075.0,9075.0,9075.0,0.0
2022.11.01,9040.0,95.0,9015.0,9075.0,9010.0,83.0
2022.10.31,8945.0,130.0,8945.0,8945.0,8945.0,20.0
2022.10.28,8815.0,-120.0,8810.0,8815.0,8810.0,10.0
2022.10.27,8960.0,140.0,8950.0,8975.0,8945.0,1736.0
2022.10.26,8820.0,80.0,8745.0,8820.0,8745.0,4.0
2022.10.25,8740.0,20.0,8740.0,8740.0,8740.0,0.0
2022.10.24,8720.0,70.0,8720.0,8720.0,8720.0,0.0
2022.10.21,8650.0,10.0,8650.0,8650.0,8650.0,10.0
2022.10.20,8640.0,-175.0,8640.0,8640.0,8640.0,4.0
2022.10.19,8815.0,60.0,8815.0,8815.0,8815.0,3.0
2022.10.18,8755.0,60.0,8735.0,8755.0,8735.0,5.0
2022.10.17,8695.0,5.0,8695.0,8695.0,8695.0,100.0
2022.10.14,8690.0,150.0,8690.0,8690.0,8690.0,0.0
2022.10.13,8540.0,-55.0,8540.0,8540.0,8540.0,1.0
2022.10.12,8595.0,125.0,8595.0,8595.0,8595.0,0.0
2022.10.11,8470.0,-210.0,8470.0,8470.0,8470.0,111.0
2022.10.07,8680.0,-25.0,8680.0,8680.0,8680.0,0.0
2022.10.06,8705.0,105.0,8705.0,8705.0,8705.0,14.0
2022.10.05,8600.0,70.0,8600.0,8600.0,8600.0,0.0
2022.10.04,8530.0,135.0,8530.0,8530.0,8530.0,200.0
2022.09.30,8395.0,-45.0,8440.0,8475.0,8395.0,11569.0
2022.09.29,8440.0,0.0,8440.0,8440.0,8440.0,0.0
2022.09.28,8440.0,-160.0,8440.0,8440.0,8440.0,0.0
2022.09.27,8600.0,-45.0,8600.0,8600.0,8600.0,1.0
2022.09.26,8645.0,-355.0,8660.0,8660.0,8645.0,23.0
2022.09.23,9000.0,0.0,9000.0,9000.0,9000.0,1.0
2022.09.22,9000.0,-90.0,9000.0,9000.0,9000.0,33.0
2022.09.21,9090.0,-160.0,9090.0,9090.0,9090.0,1.0
2022.09.20,9250.0,90.0,9250.0,9250.0,9250.0,1.0
2022.09.19,9160.0,-35.0,9160.0,9160.0,9160.0,0.0
2022.09.16,9195.0,-80.0,9195.0,9195.0,9195.0,13.0
2022.09.15,9275.0,0.0,9275.0,9275.0,9275.0,0.0
2022.09.14,9275.0,-235.0,9275.0,9275.0,9275.0,1.0
2022.09.13,9510.0,305.0,9510.0,9510.0,9510.0,0.0
2022.09.08,9205.0,50.0,9205.0,9205.0,9205.0,0.0
2022.09.07,9155.0,-155.0,9175.0,9175.0,9155.0,102.0
2022.09.06,9310.0,0.0,9310.0,9310.0,9310.0,0.0
2022.09.05,9310.0,-25.0,9310.0,9310.0,9310.0,0.0
2022.09.02,9335.0,-45.0,9350.0,9350.0,9335.0,19.0
2022.09.01,9380.0,-235.0,9380.0,9380.0,9380.0,0.0
2022.08.31,9615.0,105.0,9580.0,9615.0,9580.0,12.0
2022.08.30,9510.0,135.0,9470.0,9510.0,9445.0,8.0
2022.08.29,9375.0,-290.0,9375.0,9375.0,9375.0,1.0
2022.08.26,9665.0,50.0,9665.0,9665.0,9665.0,40.0
2022.08.25,9615.0,85.0,9615.0,9615.0,9615.0,0.0
2022.08.24,9530.0,0.0,9530.0,9530.0,9530.0,0.0
2022.08.23,9530.0,-125.0,9530.0,9530.0,9530.0,1.0
2022.08.22,9655.0,-105.0,9655.0,9655.0,9655.0,17.0
2022.08.19,9760.0,-35.0,9760.0,9760.0,9760.0,210.0
2022.08.18,9795.0,-40.0,9795.0,9795.0,9795.0,1.0
2022.08.17,9835.0,-40.0,9870.0,9870.0,9835.0,3.0
2022.08.16,9875.0,15.0,9955.0,9960.0,9875.0,4006.0
2022.08.12,9860.0,15.0,9860.0,9860.0,9860.0,0.0
2022.08.11,9845.0,145.0,9845.0,9845.0,9845.0,0.0
2022.08.10,9700.0,-100.0,9765.0,9765.0,9700.0,23.0
2022.08.09,9800.0,70.0,9800.0,9800.0,9800.0,0.0
2022.08.08,9730.0,-45.0,9730.0,9730.0,9730.0,5.0
2022.08.05,9775.0,50.0,9765.0,9775.0,9765.0,81.0
2022.08.04,9725.0,90.0,9715.0,9725.0,9695.0,35.0
2022.08.03,9635.0,80.0,9585.0,9635.0,9585.0,11.0
2022.08.02,9555.0,-50.0,9555.0,9570.0,9555.0,170.0
2022.08.01,9605.0,-15.0,9620.0,9630.0,9605.0,112.0
2022.07.29,9620.0,45.0,9620.0,9620.0,9620.0,0.0
2022.07.28,9575.0,115.0,9575.0,9575.0,9575.0,0.0
2022.07.27,9480.0,-15.0,9470.0,9480.0,9470.0,4.0
2022.07.26,9495.0,-25.0,9490.0,9495.0,9490.0,1287.0
2022.07.25,9520.0,0.0,9520.0,9520.0,9520.0,0.0
2022.07.22,9520.0,-70.0,9520.0,9520.0,9520.0,31.0
2022.07.21,9590.0,90.0,9560.0,9595.0,9560.0,4206.0
2022.07.20,9500.0,120.0,9555.0,9555.0,9500.0,2.0
2022.07.19,9380.0,-10.0,9380.0,9380.0,9380.0,0.0
2022.07.18,9390.0,240.0,9390.0,9390.0,9390.0,1.0
2022.07.15,9150.0,-20.0,9150.0,9150.0,9150.0,1.0
2022.07.14,9170.0,35.0,9170.0,9170.0,9170.0,4.0
2022.07.13,9135.0,45.0,9135.0,9135.0,9135.0,0.0
2022.07.12,9090.0,-145.0,9090.0,9090.0,9090.0,1.0
2022.07.11,9235.0,-60.0,9295.0,9295.0,9235.0,11.0
2022.07.08,9295.0,100.0,9295.0,9295.0,9295.0,1.0
2022.07.07,9195.0,130.0,9195.0,9195.0,9195.0,0.0
2022.07.06,9065.0,-130.0,9065.0,9065.0,9065.0,0.0
2022.07.05,9195.0,115.0,9275.0,9275.0,9195.0,2.0
2022.07.04,9080.0,-10.0,9080.0,9080.0,9080.0,0.0
2022.07.01,9090.0,-140.0,9090.0,9090.0,9090.0,0.0
2022.06.30,9230.0,-180.0,9230.0,9230.0,9230.0,1.0
2022.06.29,9410.0,-90.0,9410.0,9410.0,9410.0,5.0
2022.06.28,9500.0,65.0,9490.0,9500.0,9485.0,13.0
2022.06.27,9435.0,90.0,9435.0,9435.0,9435.0,0.0
2022.06.24,9345.0,135.0,9345.0,9345.0,9345.0,1.0
2022.06.23,9210.0,-85.0,9210.0,9210.0,9210.0,1.0
2022.06.22,9295.0,-160.0,9495.0,9495.0,9295.0,3.0
2022.06.21,9455.0,-45.0,9455.0,9455.0,9455.0,300.0
2022.06.20,9500.0,0.0,9500.0,9500.0,9500.0,1.0
2022.06.17,9500.0,-200.0,9475.0,9500.0,9475.0,4.0
2022.06.16,9700.0,-20.0,9770.0,9770.0,9700.0,11.0
2022.06.15,9720.0,-130.0,9750.0,9760.0,9720.0,6.0
2022.06.14,9850.0,-10.0,9850.0,9850.0,9850.0,0.0
2022.06.13,9860.0,-365.0,9930.0,9940.0,9860.0,3737.0
2022.06.10,10225.0,-70.0,10225.0,10225.0,10225.0,0.0
2022.06.09,10295.0,-45.0,10310.0,10315.0,10295.0,424.0
2022.06.08,10340.0,-10.0,10370.0,10410.0,10340.0,222.0
2022.06.07,10350.0,-165.0,10380.0,10380.0,10350.0,4.0
2022.06.03,10515.0,10.0,10515.0,10515.0,10515.0,0.0
2022.06.02,10505.0,-95.0,10505.0,10505.0,10505.0,0.0
2022.05.31,10600.0,75.0,10600.0,10600.0,10600.0,0.0
2022.05.30,10525.0,140.0,10525.0,10525.0,10525.0,0.0
2022.05.27,10385.0,80.0,10420.0,10420.0,10385.0,201.0
2022.05.26,10305.0,-55.0,10305.0,10305.0,10305.0,0.0
2022.05.25,10360.0,0.0,10360.0,10360.0,10360.0,0.0
2022.05.24,10360.0,-130.0,10360.0,10360.0,10360.0,1.0
2022.05.23,10490.0,70.0,10515.0,10515.0,10465.0,26.0
2022.05.20,10420.0,110.0,10370.0,10420.0,10370.0,4.0
2022.05.19,10310.0,-145.0,10225.0,10335.0,10225.0,4573.0
2022.05.18,10455.0,25.0,10485.0,10485.0,10455.0,92.0
2022.05.17,10430.0,70.0,10360.0,10430.0,10360.0,121.0
2022.05.16,10360.0,40.0,10345.0,10360.0,10345.0,3.0
2022.05.13,10320.0,65.0,10200.0,10320.0,10200.0,378.0
2022.05.12,10255.0,-40.0,10255.0,10255.0,10255.0,2.0
2022.05.11,10295.0,0.0,10295.0,10295.0,10295.0,3.0
2022.05.10,10295.0,-60.0,10295.0,10295.0,10295.0,0.0
2022.05.09,10355.0,-100.0,10375.0,10375.0,10355.0,8.0
2022.05.06,10455.0,-145.0,10430.0,10455.0,10410.0,1076.0
2022.05.04,10600.0,-5.0,10600.0,10600.0,10600.0,2.0
2022.05.03,10605.0,10.0,10610.0,10610.0,10605.0,114.0
2022.05.02,10595.0,-25.0,10595.0,10595.0,10595.0,0.0
2022.04.29,10620.0,175.0,10595.0,10630.0,10555.0,8856.0
2022.04.28,10445.0,125.0,10445.0,10445.0,10445.0,0.0
2022.04.27,10475.0,-150.0,10475.0,10475.0,10475.0,17.0
2022.04.26,10625.0,15.0,10625.0,10625.0,10625.0,1.0
2022.04.25,10610.0,-205.0,10630.0,10630.0,10610.0,21.0
2022.04.22,10815.0,-90.0,10815.0,10815.0,10815.0,0.0
2022.04.21,10905.0,35.0,10905.0,10905.0,10905.0,3.0
2022.04.20,10870.0,40.0,10870.0,10870.0,10870.0,2.0
2022.04.19,10830.0,95.0,10830.0,10830.0,10830.0,9.0
2022.04.18,10735.0,-5.0,10730.0,10735.0,10730.0,20.0
2022.04.15,10740.0,-90.0,10725.0,10745.0,10725.0,340.0
2022.04.14,10830.0,35.0,10800.0,10880.0,10800.0,4918.0
2022.04.13,10795.0,75.0,10795.0,10795.0,10795.0,9.0
2022.04.12,10720.0,-70.0,10720.0,10720.0,10720.0,9.0
2022.04.11,10790.0,-35.0,10800.0,10800.0,10790.0,11.0
2022.04.08,10825.0,-50.0,10805.0,10825.0,10805.0,7.0
2022.04.07,10875.0,-105.0,10895.0,10895.0,10875.0,8.0
2022.04.06,10980.0,-145.0,11065.0,11065.0,10980.0,15.0
2022.04.05,11125.0,15.0,11160.0,11160.0,11125.0,2.0
2022.04.04,11110.0,35.0,11085.0,11115.0,11085.0,8.0
2022.04.01,11075.0,-80.0,11075.0,11075.0,11075.0,1.0
2022.03.31,11155.0,15.0,11155.0,11155.0,11155.0,15.0
2022.03.30,11140.0,70.0,11160.0,11215.0,11140.0,318.0
2022.03.29,11070.0,85.0,11050.0,11070.0,11050.0,201.0
2022.03.28,10985.0,-25.0,10985.0,10985.0,10985.0,1.0
2022.03.25,11010.0,-25.0,11020.0,11020.0,11010.0,1172.0
2022.03.24,11035.0,-65.0,11040.0,11040.0,11035.0,3.0
2022.03.23,11100.0,90.0,11150.0,11150.0,11095.0,153.0
2022.03.22,11010.0,20.0,10970.0,11010.0,10970.0,3.0
2022.03.21,10990.0,5.0,11020.0,11020.0,10990.0,49.0
2022.03.18,10985.0,-20.0,10985.0,10985.0,10985.0,200.0
2022.03.17,11005.0,225.0,11050.0,11090.0,11005.0,14498.0
2022.03.16,10780.0,90.0,10750.0,10780.0,10750.0,85.0
2022.03.15,10690.0,-70.0,10690.0,10690.0,10690.0,0.0
2022.03.14,10760.0,-5.0,10800.0,10800.0,10760.0,16.0
2022.03.11,10765.0,-60.0,10785.0,10785.0,10765.0,12.0
2022.03.10,10825.0,175.0,10895.0,10905.0,10825.0,3830.0
2022.03.08,10650.0,-55.0,10650.0,10650.0,10650.0,4.0
2022.03.07,10705.0,-245.0,10705.0,10705.0,10705.0,14.0
2022.03.04,10950.0,-220.0,10950.0,10950.0,10950.0,40.0
2022.03.03,11170.0,195.0,11155.0,11175.0,11155.0,44.0
2022.03.02,10975.0,75.0,10955.0,10980.0,10955.0,31.0
2022.02.28,10900.0,-60.0,10945.0,10945.0,10900.0,202.0
2022.02.25,10960.0,125.0,10945.0,10980.0,10945.0,7.0
2022.02.24,10835.0,-255.0,10920.0,10925.0,10835.0,10.0
2022.02.23,11090.0,40.0,11090.0,11090.0,11090.0,2.0
2022.02.22,11050.0,-160.0,11080.0,11080.0,11050.0,10.0
2022.02.21,11210.0,-85.0,11220.0,11220.0,11210.0,21.0
2022.02.18,11295.0,-15.0,11295.0,11295.0,11295.0,5.0
2022.02.17,11310.0,35.0,11430.0,11430.0,11235.0,6003.0
2022.02.16,11275.0,195.0,11225.0,11275.0,11225.0,6.0
2022.02.15,11080.0,-70.0,11150.0,11170.0,11080.0,22.0
2022.02.14,11150.0,-180.0,11095.0,11175.0,11090.0,269.0
2022.02.11,11330.0,-25.0,11350.0,11350.0,11330.0,11.0
2022.02.10,11355.0,135.0,11330.0,11355.0,11330.0,2.0
2022.02.09,11220.0,180.0,11220.0,11220.0,11220.0,0.0
2022.02.08,11040.0,-5.0,11135.0,11160.0,11040.0,323.0
2022.02.07,11045.0,-85.0,11030.0,11045.0,11030.0,12316.0
2022.02.04,11130.0,45.0,11175.0,11175.0,11100.0,304.0
2022.02.03,11085.0,150.0,11135.0,11170.0,11085.0,2086.0
2022.01.28,10935.0,285.0,10640.0,10950.0,10640.0,19.0
2022.01.27,10650.0,-370.0,10915.0,10915.0,10640.0,11064.0
2022.01.26,11035.0,0.0,11035.0,11035.0,11035.0,0.0
2022.01.25,11035.0,-290.0,11160.0,11160.0,11035.0,27.0
2022.01.24,11325.0,-100.0,11335.0,11335.0,11325.0,70.0
2022.01.21,11425.0,-165.0,11515.0,11515.0,11425.0,24.0
2022.01.20,11590.0,30.0,11500.0,11600.0,11500.0,7.0
2022.01.19,11560.0,-170.0,11605.0,11660.0,11515.0,2255.0
2022.01.18,11730.0,40.0,11730.0,11730.0,11730.0,1.0
2022.01.17,11690.0,-110.0,11740.0,11740.0,11675.0,73.0
2022.01.14,11800.0,-200.0,11810.0,11810.0,11800.0,12.0
2022.01.13,12000.0,-5.0,12030.0,12030.0,12000.0,6.0
2022.01.12,12005.0,180.0,11985.0,12020.0,11985.0,436.0
2022.01.11,11825.0,150.0,11780.0,11825.0,11770.0,9.0
2022.01.10,11675.0,-145.0,11745.0,11745.0,11675.0,311.0
2022.01.07,11820.0,70.0,11820.0,11820.0,11820.0,35.0
2022.01.06,11750.0,-125.0,11765.0,11765.0,11750.0,20.0
2022.01.05,11875.0,-125.0,11835.0,11875.0,11825.0,15.0
2022.01.04,12000.0,-35.0,12010.0,12070.0,12000.0,25.0
2022.01.03,12035.0,20.0,12110.0,12110.0,12030.0,397.0
2021.12.30,12015.0,-40.0,12055.0,12055.0,12015.0,14.0
2021.12.29,12055.0,95.0,12055.0,12055.0,12055.0,0.0
2021.12.28,11960.0,-65.0,12000.0,12000.0,11960.0,25.0
2021.12.27,12025.0,-20.0,12025.0,12025.0,12025.0,419.0
2021.12.24,12045.0,90.0,12045.0,12045.0,12035.0,73.0
2021.12.23,11955.0,80.0,11955.0,11955.0,11955.0,19.0
2021.12.22,11875.0,50.0,11955.0,11955.0,11875.0,1369.0
2021.12.21,11825.0,50.0,11865.0,11865.0,11790.0,179.0
2021.12.20,11775.0,-245.0,11905.0,11905.0,11775.0,1042.0
2021.12.17,12020.0,15.0,11930.0,12020.0,11920.0,4.0
2021.12.16,12005.0,55.0,11985.0,12005.0,11960.0,53.0
2021.12.15,11950.0,5.0,11900.0,11950.0,11900.0,8.0
2021.12.14,11945.0,-65.0,11930.0,11945.0,11860.0,11.0
2021.12.13,12010.0,-20.0,12075.0,12075.0,12000.0,32.0
2021.12.10,12030.0,-45.0,12015.0,12030.0,11970.0,492.0
2021.12.09,12075.0,60.0,12040.0,12075.0,12020.0,442.0
2021.12.08,12015.0,90.0,12055.0,12055.0,12015.0,53.0
2021.12.07,11925.0,90.0,11905.0,11925.0,11855.0,352.0
2021.12.06,11835.0,-30.0,11800.0,11835.0,11780.0,57.0
2021.12.03,11865.0,70.0,11735.0,11865.0,11735.0,6.0
2021.12.02,11795.0,225.0,11515.0,11795.0,11515.0,27.0
2021.12.01,11570.0,260.0,11390.0,11585.0,11390.0,384.0
2021.11.30,11310.0,-240.0,11575.0,11575.0,11310.0,263.0
2021.11.29,11550.0,-115.0,11600.0,11600.0,11550.0,60.0
2021.11.26,11665.0,-190.0,11670.0,11670.0,11660.0,10.0
2021.11.25,11855.0,-100.0,11910.0,11910.0,11855.0,183.0
2021.11.24,11955.0,-15.0,12010.0,12010.0,11890.0,8.0
2021.11.23,11970.0,-25.0,11930.0,11970.0,11930.0,15.0
2021.11.22,11995.0,225.0,11960.0,12045.0,11945.0,97.0
2021.11.19,11770.0,70.0,11725.0,11770.0,11725.0,125.0
2021.11.18,11700.0,-55.0,11725.0,11730.0,11700.0,74.0
2021.11.17,11755.0,-150.0,11765.0,11785.0,11755.0,102.0
2021.11.16,11905.0,15.0,11955.0,11955.0,11875.0,859.0
2021.11.15,11890.0,180.0,11875.0,11905.0,11865.0,46.0
2021.11.12,11710.0,60.0,11710.0,11710.0,11710.0,20.0
2021.11.11,11650.0,-10.0,11565.0,11650.0,11565.0,134.0
2021.11.10,11660.0,-100.0,11660.0,11660.0,11660.0,1.0
2021.11.09,11760.0,90.0,11810.0,11810.0,11715.0,14.0
2021.11.08,11670.0,-120.0,11790.0,11790.0,11620.0,26.0
2021.11.05,11790.0,-65.0,11770.0,11790.0,11715.0,47.0
2021.11.04,11855.0,100.0,11850.0,11880.0,11850.0,31.0
2021.11.03,11755.0,-190.0,11865.0,11865.0,11755.0,19.0
2021.11.02,11945.0,200.0,11960.0,11975.0,11945.0,32.0
2021.11.01,11745.0,45.0,11750.0,11760.0,11740.0,75.0
2021.10.29,11700.0,-170.0,11865.0,11865.0,11700.0,3018.0
2021.10.28,11870.0,-45.0,11915.0,11915.0,11870.0,203.0
2021.10.27,11915.0,-75.0,11920.0,11930.0,11890.0,19.0
2021.10.26,11990.0,95.0,11990.0,11990.0,11970.0,54.0
2021.10.25,11895.0,85.0,11865.0,11920.0,11865.0,3.0
2021.10.22,11810.0,5.0,11805.0,11845.0,11805.0,762.0
2021.10.21,11805.0,-45.0,11870.0,11870.0,11805.0,408.0
2021.10.20,11850.0,-10.0,11930.0,11930.0,11850.0,219.0
2021.10.19,11860.0,95.0,11840.0,11865.0,11835.0,17.0
2021.10.18,11765.0,-20.0,11905.0,11905.0,11765.0,303.0
2021.10.15,11785.0,155.0,11810.0,11810.0,11770.0,1492.0
2021.10.14,11630.0,110.0,11630.0,11630.0,11630.0,7.0
2021.10.13,11520.0,95.0,11415.0,11550.0,11415.0,306.0
2021.10.12,11425.0,-210.0,11415.0,11425.0,11410.0,110.0
2021.10.08,11635.0,-25.0,11655.0,11665.0,11630.0,228.0
2021.10.07,11660.0,180.0,11575.0,11675.0,11575.0,109.0
2021.10.06,11480.0,-155.0,11665.0,11665.0,11480.0,29.0
2021.10.05,11635.0,-215.0,11735.0,11735.0,11540.0,201.0
2021.10.01,11850.0,-200.0,11920.0,11920.0,11845.0,15.0
2021.09.30,12050.0,50.0,11970.0,12050.0,11960.0,25.0
2021.09.29,12000.0,-150.0,12045.0,12045.0,11935.0,34.0
2021.09.28,12150.0,-140.0,12160.0,12160.0,12145.0,35.0
2021.09.27,12290.0,30.0,12250.0,12320.0,12250.0,101.0
2021.09.24,12260.0,25.0,12260.0,12260.0,12255.0,56.0
2021.09.23,12235.0,-35.0,12235.0,12235.0,12235.0,2005.0
2021.09.17,12270.0,25.0,12250.0,12270.0,12225.0,515.0
2021.09.16,12245.0,-120.0,12240.0,12245.0,12240.0,8.0
2021.09.15,12365.0,15.0,12360.0,12405.0,12295.0,20815.0
2021.09.14,12350.0,60.0,12325.0,12405.0,12325.0,21680.0
2021.09.13,12290.0,15.0,12235.0,12290.0,12225.0,108.0
2021.09.10,12275.0,-60.0,12275.0,12275.0,12250.0,87893.0
2021.09.09,12335.0,-105.0,12345.0,12345.0,12205.0,84457.0
2021.09.08,12440.0,-130.0,12460.0,12460.0,12370.0,140.0
2021.09.07,12570.0,-70.0,12615.0,12615.0,12545.0,50.0
2021.09.06,12640.0,10.0,12600.0,12640.0,12600.0,53.0
2021.09.03,12630.0,105.0,12565.0,12630.0,12560.0,658.0
2021.09.02,12525.0,-85.0,12620.0,12625.0,12490.0,81599.0
2021.09.01,12610.0,-30.0,12580.0,12610.0,12580.0,4.0
2021.08.31,12640.0,265.0,12360.0,12640.0,12325.0,80176.0
2021.08.30,12375.0,60.0,12400.0,12405.0,12365.0,31.0
2021.08.27,12315.0,-65.0,12295.0,12390.0,12295.0,4.0
2021.08.26,12380.0,-50.0,12380.0,12380.0,12380.0,15.0
2021.08.25,12430.0,25.0,12415.0,12430.0,12365.0,18.0
2021.08.24,12405.0,180.0,12360.0,12405.0,12360.0,3029.0
2021.08.23,12225.0,110.0,12285.0,12285.0,12225.0,53.0
2021.08.20,12115.0,-110.0,12210.0,12290.0,12055.0,2067.0
2021.08.19,12225.0,-285.0,12370.0,12380.0,12225.0,79.0
2021.08.18,12510.0,155.0,12365.0,12510.0,12345.0,29.0
2021.08.17,12355.0,-125.0,12425.0,12425.0,12355.0,275.0
2021.08.13,12480.0,-205.0,12480.0,12480.0,12480.0,11.0
2021.08.12,12685.0,-95.0,12715.0,12715.0,12685.0,91.0
2021.08.11,12780.0,-60.0,12800.0,12805.0,12780.0,52.0
2021.08.10,12840.0,-75.0,12895.0,12895.0,12835.0,1008.0
2021.08.09,12915.0,-60.0,12915.0,12915.0,12915.0,10.0
2021.08.06,12975.0,-50.0,13075.0,13075.0,12960.0,1035.0
2021.08.05,13025.0,-15.0,13125.0,13125.0,13025.0,1141.0
2021.08.04,13040.0,140.0,12910.0,13040.0,12910.0,215.0
2021.08.03,12900.0,100.0,12840.0,12900.0,12790.0,1162.0
2021.08.02,12800.0,65.0,12745.0,12800.0,12715.0,11064.0
2021.07.30,12735.0,-180.0,12795.0,12800.0,12735.0,254.0
2021.07.29,12915.0,50.0,12910.0,12915.0,12865.0,9281.0
2021.07.28,12865.0,-25.0,12860.0,12895.0,12795.0,696.0
2021.07.27,12890.0,30.0,12880.0,12890.0,12880.0,246.0
2021.07.26,12860.0,-115.0,12945.0,12945.0,12860.0,541.0
2021.07.23,12975.0,80.0,12980.0,12980.0,12965.0,238.0
2021.07.22,12895.0,100.0,12900.0,12905.0,12895.0,210.0
2021.07.21,12795.0,-95.0,12865.0,12865.0,12760.0,98.0
2021.07.20,12890.0,-60.0,12895.0,12895.0,12820.0,12.0
2021.07.19,12950.0,-110.0,12915.0,12950.0,12915.0,26.0
2021.07.16,13060.0,-35.0,13085.0,13085.0,13060.0,234.0
2021.07.15,13095.0,55.0,13080.0,13095.0,13080.0,147.0
2021.07.14,13040.0,-70.0,13040.0,13040.0,13040.0,14.0
2021.07.13,13110.0,105.0,13110.0,13110.0,13110.0,1.0
2021.07.12,13005.0,160.0,12945.0,13005.0,12945.0,115.0
2021.07.09,12845.0,-240.0,12925.0,12925.0,12795.0,200.0
2021.07.08,13085.0,-40.0,13140.0,13140.0,13085.0,39.0
2021.07.07,13125.0,-105.0,13170.0,13170.0,13125.0,338.0
2021.07.06,13230.0,65.0,13165.0,13230.0,13165.0,136.0
2021.07.05,13165.0,40.0,13145.0,13195.0,13145.0,40.0
2021.07.02,13125.0,-30.0,13155.0,13165.0,13125.0,47.0
2021.07.01,13155.0,-85.0,13240.0,13240.0,13155.0,44.0
2021.06.30,13240.0,75.0,13185.0,13240.0,13185.0,329.0
2021.06.29,13165.0,-60.0,13225.0,13225.0,13150.0,378815.0
2021.06.28,13225.0,50.0,13180.0,13230.0,13180.0,600.0
2021.06.25,13175.0,30.0,13205.0,13295.0,13175.0,15183.0
2021.06.24,13145.0,15.0,13175.0,13190.0,13145.0,327.0
2021.06.23,13130.0,105.0,13060.0,13160.0,13060.0,15092.0
2021.06.22,13025.0,35.0,13030.0,13060.0,13005.0,282.0
2021.06.21,12990.0,-115.0,12965.0,13005.0,12920.0,235.0
2021.06.18,13105.0,105.0,13050.0,13105.0,13050.0,127.0
2021.06.17,13000.0,-70.0,13015.0,13015.0,13000.0,815.0
2021.06.16,13070.0,65.0,13035.0,13070.0,13035.0,840.0
2021.06.15,13005.0,0.0,13005.0,13005.0,12985.0,123.0
2021.06.14,13005.0,75.0,12930.0,13005.0,12930.0,238.0
2021.06.11,12930.0,55.0,12910.0,12950.0,12910.0,255.0
2021.06.10,12875.0,125.0,12815.0,12875.0,12815.0,328.0
2021.06.09,12750.0,-195.0,12915.0,12915.0,12750.0,579.0
2021.06.08,12945.0,-10.0,12955.0,12955.0,12945.0,44.0
2021.06.07,12955.0,55.0,12930.0,12955.0,12915.0,30.0
2021.06.04,12900.0,-95.0,12830.0,12900.0,12830.0,481.0
2021.06.03,12995.0,150.0,12940.0,12995.0,12940.0,270.0
2021.06.02,12845.0,-55.0,12910.0,12910.0,12845.0,265.0
2021.06.01,12900.0,75.0,12825.0,12900.0,12825.0,603.0
2021.05.31,12825.0,65.0,12725.0,12825.0,12705.0,84.0
2021.05.28,12760.0,45.0,12715.0,12760.0,12695.0,23.0
2021.05.27,12715.0,-20.0,12735.0,12735.0,12620.0,1183.0
2021.05.26,12735.0,25.0,12770.0,12810.0,12735.0,269.0
2021.05.25,12710.0,75.0,12635.0,12745.0,12635.0,53.0
2021.05.24,12635.0,-80.0,12690.0,12690.0,12635.0,62.0
2021.05.21,12715.0,15.0,12805.0,12840.0,12660.0,20369.0
2021.05.20,12700.0,-45.0,12695.0,12700.0,12640.0,40.0
2021.05.18,12745.0,170.0,12745.0,12745.0,12745.0,1.0
2021.05.17,12575.0,-65.0,12660.0,12660.0,12540.0,750.0
2021.05.14,12640.0,115.0,12570.0,12665.0,12570.0,72.0
2021.05.13,12525.0,-165.0,12415.0,12560.0,12415.0,649.0
2021.05.12,12690.0,-210.0,12870.0,12870.0,12595.0,946.0
2021.05.11,12900.0,-235.0,13045.0,13045.0,12900.0,10.0
2021.05.10,13135.0,190.0,12990.0,13135.0,12990.0,325.0
2021.05.07,12945.0,60.0,12900.0,12980.0,12900.0,1691.0
2021.05.06,12885.0,70.0,12820.0,12885.0,12820.0,16.0
2021.05.04,12815.0,55.0,12675.0,12815.0,12675.0,397.0
2021.05.03,12760.0,-35.0,12785.0,12850.0,12730.0,163.0
2021.04.30,12795.0,-85.0,12920.0,12920.0,12785.0,86.0
2021.04.29,12880.0,-90.0,13005.0,13005.0,12880.0,271.0
2021.04.28,13110.0,-100.0,13100.0,13115.0,13100.0,14.0
2021.04.27,13210.0,80.0,13165.0,13220.0,13165.0,492.0
2021.04.26,13130.0,20.0,13130.0,13185.0,13105.0,3434.0
2021.04.23,13110.0,35.0,13000.0,13110.0,12910.0,728.0
2021.04.22,13075.0,0.0,13090.0,13115.0,13070.0,205.0
2021.04.21,13075.0,-245.0,13125.0,13125.0,13040.0,482.0
2021.04.20,13320.0,75.0,13230.0,13320.0,13230.0,1578.0
2021.04.19,13245.0,0.0,13245.0,13245.0,13245.0,72.0
2021.04.16,13245.0,0.0,13170.0,13245.0,13170.0,267.0
2021.04.15,13245.0,50.0,13195.0,13265.0,13195.0,417.0
2021.04.14,13195.0,45.0,13150.0,13195.0,13140.0,1330.0
2021.04.13,13150.0,140.0,13040.0,13160.0,13040.0,1434.0
2021.04.12,13010.0,-10.0,13045.0,13045.0,12965.0,438.0
2021.04.09,13020.0,-80.0,13025.0,13045.0,13000.0,764.0
2021.04.08,13100.0,-25.0,13090.0,13100.0,13035.0,1419.0
2021.04.07,13125.0,20.0,13080.0,13130.0,13055.0,1557.0
2021.04.06,13105.0,45.0,13130.0,13130.0,13020.0,4.0
2021.04.05,13060.0,60.0,12995.0,13060.0,12970.0,229.0
2021.04.02,13000.0,150.0,12935.0,13000.0,12925.0,413.0
2021.04.01,12850.0,115.0,12810.0,12850.0,12810.0,12.0
2021.03.31,12735.0,5.0,12745.0,12850.0,12730.0,214.0
2021.03.30,12730.0,130.0,12730.0,12730.0,12730.0,0.0
2021.03.29,12600.0,-10.0,12605.0,12605.0,12530.0,2350.0
2021.03.26,12610.0,145.0,12515.0,12610.0,12490.0,2063.0
2021.03.25,12465.0,-5.0,12455.0,12485.0,12445.0,1255.0
2021.03.24,12470.0,-95.0,12460.0,12470.0,12415.0,10116.0
2021.03.23,12565.0,-85.0,12650.0,12650.0,12565.0,26.0
2021.03.22,12650.0,50.0,12600.0,12660.0,12600.0,85.0
2021.03.19,12600.0,-195.0,12625.0,12700.0,12600.0,308.0
2021.03.18,12795.0,165.0,12800.0,12840.0,12730.0,881.0
2021.03.17,12630.0,-125.0,12695.0,12695.0,12630.0,175.0
2021.03.16,12755.0,30.0,12675.0,12755.0,12675.0,128.0
2021.03.15,12725.0,-10.0,12735.0,12735.0,12725.0,424.0
2021.03.12,12735.0,115.0,12775.0,12780.0,12735.0,656.0
2021.03.11,12620.0,245.0,12570.0,12620.0,12570.0,182.0
2021.03.10,12375.0,-105.0,12565.0,12565.0,12365.0,51.0
2021.03.09,12480.0,-45.0,12425.0,12525.0,12310.0,21887.0
2021.03.08,12525.0,-85.0,12665.0,12680.0,12495.0,732.0
2021.03.05,12610.0,-110.0,12490.0,12650.0,12475.0,621.0
2021.03.04,12720.0,-100.0,12795.0,12795.0,12665.0,72.0
2021.03.03,12820.0,60.0,12760.0,12820.0,12725.0,467.0
2021.03.02,12760.0,160.0,12895.0,12895.0,12760.0,189.0
2021.02.26,12600.0,-315.0,12685.0,12685.0,12510.0,679.0
2021.02.25,12915.0,365.0,12665.0,12935.0,12665.0,405.0
2021.02.24,12550.0,-215.0,12760.0,12810.0,12540.0,1820.0
2021.02.23,12765.0,-85.0,12535.0,12835.0,12535.0,400.0
2021.02.22,12850.0,-80.0,12930.0,12930.0,12850.0,68.0
2021.02.19,12930.0,100.0,12825.0,12930.0,12665.0,1410.0
2021.02.18,12830.0,-130.0,12960.0,12990.0,12830.0,289.0
2021.02.17,12960.0,-125.0,13235.0,13235.0,12940.0,553.0
2021.02.16,13085.0,-10.0,13225.0,13225.0,13065.0,725.0
2021.02.15,13095.0,220.0,13050.0,13105.0,13050.0,814.0
2021.02.10,12875.0,50.0,12800.0,12900.0,12750.0,878.0
2021.02.09,12825.0,-150.0,12830.0,12985.0,12825.0,1257.0
2021.02.08,12975.0,100.0,12775.0,12975.0,12775.0,1120.0
2021.02.05,12875.0,150.0,12845.0,12925.0,12825.0,2573.0
2021.02.04,12725.0,-290.0,12905.0,12905.0,12725.0,979.0
2021.02.03,13015.0,135.0,12975.0,13015.0,12900.0,256.0
2021.02.02,12880.0,130.0,12950.0,13100.0,12880.0,4258.0
2021.02.01,12750.0,295.0,12455.0,12750.0,12435.0,4327.0
2021.01.29,12455.0,-370.0,12825.0,12830.0,12440.0,11447.0
2021.01.28,12825.0,-175.0,12595.0,12900.0,12595.0,1008.0
2021.01.27,13015.0,-130.0,13145.0,13315.0,13015.0,2338.0
2021.01.26,13145.0,-285.0,13435.0,13435.0,13125.0,4410.0
2021.01.25,13430.0,220.0,13200.0,13430.0,13085.0,2915.0
2021.01.22,13210.0,0.0,13215.0,13300.0,13210.0,1406.0
2021.01.21,13210.0,205.0,13205.0,13210.0,13100.0,882.0
2021.01.20,13005.0,110.0,13155.0,13185.0,12910.0,1621.0
2021.01.19,12895.0,335.0,12715.0,13030.0,12670.0,1945.0
2021.01.18,12560.0,-430.0,12815.0,12830.0,12560.0,2232.0
2021.01.15,12990.0,-215.0,13390.0,13390.0,12990.0,1545.0
2021.01.14,13205.0,-60.0,13200.0,13295.0,13125.0,486.0
2021.01.13,13265.0,200.0,13085.0,13290.0,13085.0,1356.0
2021.01.12,13065.0,-235.0,13220.0,13260.0,12805.0,8817.0
2021.01.11,13300.0,140.0,13410.0,13835.0,13060.0,15617.0
2021.01.08,13160.0,510.0,12825.0,13240.0,12750.0,4597.0
2021.01.07,12650.0,290.0,12560.0,12750.0,12500.0,2329.0
2021.01.06,12360.0,-135.0,12565.0,12615.0,12360.0,5994.0
2021.01.05,12495.0,175.0,12310.0,12495.0,12235.0,2700.0
2021.01.04,12320.0,280.0,12155.0,12350.0,11970.0,3904.0
2020.12.30,12040.0,345.0,11775.0,12040.0,11735.0,5709.0
2020.12.29,11695.0,145.0,11710.0,11775.0,11645.0,1066.0
2020.12.28,11550.0,90.0,11675.0,11675.0,11550.0,165.0
2020.12.24,11460.0,280.0,11370.0,11500.0,11370.0,1334.0
2020.12.23,11180.0,165.0,11015.0,11225.0,11015.0,88.0
2020.12.22,11015.0,-210.0,11210.0,11210.0,11015.0,3010.0
2020.12.21,11225.0,0.0,11210.0,11225.0,11085.0,2506.0
2020.12.18,11225.0,-15.0,11240.0,11250.0,11170.0,111.0
2020.12.17,11240.0,-15.0,11175.0,11240.0,11115.0,335.0
2020.12.16,11255.0,40.0,11230.0,11280.0,11230.0,179.0
2020.12.15,11215.0,-25.0,11200.0,11240.0,11140.0,170.0
2020.12.14,11240.0,-35.0,11185.0,11345.0,11185.0,213.0
2020.12.11,11275.0,95.0,11265.0,11305.0,11230.0,209.0
2020.12.10,11180.0,10.0,11070.0,11260.0,11070.0,99.0
2020.12.09,11170.0,140.0,11060.0,11175.0,11060.0,179.0
2020.12.08,11030.0,-100.0,11125.0,11135.0,11000.0,1359.0
2020.12.07,11130.0,110.0,11105.0,11155.0,11035.0,912.0
2020.12.04,11020.0,145.0,10965.0,11130.0,10965.0,778.0
2020.12.03,10875.0,115.0,10880.0,10885.0,10780.0,538.0
2020.12.02,10760.0,210.0,10670.0,10780.0,10670.0,338.0
2020.12.01,10550.0,160.0,10505.0,10585.0,10465.0,365.0
2020.11.30,10390.0,-200.0,10500.0,10555.0,10390.0,343.0
2020.11.27,10590.0,30.0,10545.0,10590.0,10535.0,103.0
2020.11.26,10560.0,100.0,10400.0,10560.0,10400.0,21154.0
2020.11.25,10460.0,-20.0,10570.0,10620.0,10380.0,27888.0
2020.11.24,10480.0,25.0,10455.0,10580.0,10455.0,292.0
2020.11.23,10455.0,195.0,10255.0,10485.0,10255.0,2988.0
2020.11.20,10260.0,60.0,10195.0,10260.0,10195.0,5145.0
2020.11.19,10200.0,-15.0,10165.0,10200.0,10085.0,10224.0
2020.11.18,10215.0,25.0,10215.0,10225.0,10140.0,20185.0
2020.11.17,10190.0,-5.0,10165.0,10255.0,10165.0,348.0
2020.11.16,10195.0,250.0,10070.0,10210.0,10070.0,713.0
2020.11.13,9945.0,105.0,9880.0,9945.0,9830.0,82.0
2020.11.12,9840.0,-60.0,9815.0,9900.0,9815.0,1183.0
2020.11.11,9900.0,150.0,9800.0,9905.0,9775.0,1062.0
2020.11.10,9750.0,-5.0,9755.0,9760.0,9665.0,353.0
2020.11.09,9755.0,115.0,9700.0,9800.0,9700.0,294.0
2020.11.06,9640.0,60.0,9665.0,9665.0,9595.0,1278.0
2020.11.05,9580.0,185.0,9495.0,9580.0,9470.0,77.0
2020.11.04,9395.0,50.0,9410.0,9415.0,9310.0,40.0
2020.11.03,9345.0,150.0,9255.0,9355.0,9255.0,809.0
2020.11.02,9195.0,75.0,9040.0,9195.0,9040.0,224.0
2020.10.30,9120.0,-190.0,9235.0,9255.0,9120.0,85.0
2020.10.29,9310.0,-85.0,9260.0,9310.0,9190.0,4658.0
2020.10.28,9405.0,50.0,9290.0,9405.0,9290.0,65.0
2020.10.27,9355.0,-95.0,9360.0,9425.0,9335.0,82.0
2020.10.26,9450.0,-20.0,9470.0,9510.0,9425.0,154.0
2020.10.23,9470.0,60.0,9405.0,9490.0,9385.0,204.0
2020.10.22,9410.0,-65.0,9370.0,9430.0,9370.0,84.0
2020.10.21,9475.0,55.0,9470.0,9480.0,9420.0,225.0
2020.10.20,9420.0,40.0,9370.0,9420.0,9335.0,55.0
2020.10.19,9380.0,15.0,9395.0,9435.0,9360.0,101.0
2020.10.16,9365.0,-20.0,9385.0,9415.0,9285.0,320.0
2020.10.15,9385.0,-80.0,9405.0,9430.0,9345.0,112.0
2020.10.14,9465.0,-80.0,9515.0,9520.0,9465.0,220.0
2020.10.13,9545.0,10.0,9540.0,9555.0,9475.0,192.0
2020.10.12,9535.0,15.0,9505.0,9540.0,9495.0,214.0
2020.10.08,9520.0,30.0,9510.0,9535.0,9440.0,4693.0
2020.10.07,9490.0,135.0,9310.0,9490.0,9310.0,128.0
2020.10.06,9355.0,0.0,9420.0,9440.0,9350.0,428.0
2020.10.05,9355.0,100.0,9245.0,9390.0,9240.0,2491.0
2020.09.29,9255.0,55.0,9240.0,9290.0,9225.0,221.0
2020.09.28,9200.0,140.0,9115.0,9220.0,9100.0,16641.0
2020.09.25,9060.0,35.0,9045.0,9105.0,9025.0,495.0
2020.09.24,9025.0,-215.0,9085.0,9150.0,9000.0,355.0
2020.09.23,9240.0,75.0,9185.0,9240.0,9075.0,369.0
2020.09.22,9165.0,-200.0,9305.0,9315.0,9130.0,351.0
2020.09.21,9365.0,-80.0,9440.0,9505.0,9335.0,275.0
2020.09.18,9445.0,15.0,9420.0,9455.0,9380.0,221.0
2020.09.17,9430.0,-125.0,9520.0,9520.0,9380.0,341.0
2020.09.16,9555.0,-65.0,9590.0,9625.0,9555.0,481.0
2020.09.15,9620.0,140.0,9575.0,9620.0,9515.0,684.0
2020.09.14,9480.0,80.0,9460.0,9540.0,9445.0,896.0
2020.09.11,9400.0,-45.0,9355.0,9400.0,9295.0,258.0
2020.09.10,9445.0,115.0,9400.0,9450.0,9380.0,405.0
2020.09.09,9330.0,-30.0,9255.0,9370.0,9255.0,1028.0
2020.09.08,9360.0,125.0,9290.0,9380.0,9290.0,724.0
2020.09.07,9235.0,25.0,9190.0,9260.0,9190.0,1021.0
2020.09.04,9210.0,-165.0,9255.0,9255.0,9170.0,1666.0
2020.09.03,9375.0,165.0,9390.0,9410.0,9340.0,379.0
2020.09.02,9210.0,30.0,9190.0,9255.0,9135.0,634.0
2020.09.01,9180.0,-25.0,9200.0,9200.0,9135.0,220.0
2020.08.31,9205.0,-125.0,9340.0,9355.0,9130.0,418.0
2020.08.28,9330.0,10.0,9305.0,9410.0,9270.0,316.0
2020.08.27,9320.0,-30.0,9315.0,9370.0,9280.0,243.0
2020.08.26,9350.0,25.0,9315.0,9375.0,9240.0,142.0
2020.08.25,9325.0,120.0,9240.0,9340.0,9240.0,308.0
2020.08.24,9205.0,45.0,9145.0,9230.0,9135.0,660.0
2020.08.21,9160.0,175.0,9115.0,9230.0,9040.0,286.0
2020.08.20,8985.0,-375.0,9270.0,9305.0,8965.0,234.0
2020.08.19,9360.0,5.0,9410.0,9410.0,9330.0,220.0
2020.08.18,9355.0,-150.0,9595.0,9595.0,9340.0,681.0
2020.08.14,9505.0,-105.0,9610.0,9610.0,9445.0,94.0
2020.08.13,9610.0,85.0,9675.0,9710.0,9610.0,689.0
2020.08.12,9525.0,-45.0,9550.0,9550.0,9500.0,337.0
2020.08.11,9570.0,145.0,9450.0,9600.0,9450.0,302.0
2020.08.10,9425.0,100.0,9370.0,9440.0,9315.0,2260.0
2020.08.07,9325.0,45.0,9310.0,9350.0,9235.0,171.0
2020.08.06,9280.0,135.0,9220.0,9350.0,9210.0,242.0
2020.08.05,9145.0,90.0,9040.0,9150.0,9040.0,281.0
2020.08.04,9055.0,85.0,9025.0,9110.0,9010.0,469.0
2020.08.03,8970.0,35.0,8950.0,8980.0,8910.0,18222.0
2020.07.31,8935.0,-110.0,8970.0,9035.0,8935.0,69.0
2020.07.30,9045.0,30.0,9035.0,9090.0,8995.0,246.0
2020.07.29,9020.0,75.0,8965.0,9060.0,8940.0,197.0
2020.07.28,8945.0,195.0,8865.0,8985.0,8865.0,269.0
2020.07.27,8750.0,95.0,8700.0,8795.0,8700.0,137.0
2020.07.24,8655.0,-50.0,8645.0,8705.0,8610.0,109.0
2020.07.23,8705.0,-75.0,8710.0,8725.0,8655.0,96.0
2020.07.22,8780.0,-20.0,8780.0,8830.0,8740.0,143.0
2020.07.21,8800.0,100.0,8730.0,8825.0,8730.0,182.0
2020.07.20,8700.0,-20.0,8730.0,8730.0,8620.0,96.0
2020.07.17,8720.0,30.0,8675.0,8740.0,8675.0,57.0
2020.07.16,8690.0,-50.0,8715.0,8775.0,8640.0,450.0
2020.07.15,8740.0,115.0,8755.0,8755.0,8740.0,8.0
2020.07.14,8625.0,-15.0,8615.0,8625.0,8585.0,88.0
2020.07.13,8640.0,45.0,8600.0,8640.0,8600.0,117.0
2020.07.10,8595.0,-30.0,8595.0,8595.0,8595.0,6.0
2020.07.09,8625.0,15.0,8615.0,8635.0,8615.0,17.0
2020.07.08,8610.0,-95.0,8640.0,8640.0,8600.0,40.0
2020.07.07,8705.0,-20.0,8775.0,8775.0,8700.0,113.0
2020.07.06,8725.0,155.0,8595.0,8730.0,8595.0,113.0
2020.07.03,8570.0,95.0,8515.0,8570.0,8515.0,19.0
2020.07.02,8475.0,90.0,8445.0,8475.0,8445.0,59.0
2020.07.01,8385.0,-65.0,8465.0,8510.0,8385.0,186.0
2020.06.30,8450.0,130.0,8455.0,8495.0,8450.0,57.0
2020.06.29,8320.0,-155.0,8350.0,8420.0,8320.0,151.0
2020.06.26,8475.0,60.0,8435.0,8520.0,8435.0,140.0
2020.06.25,8415.0,-210.0,8465.0,8465.0,8415.0,120.0
2020.06.24,8625.0,140.0,8600.0,8625.0,8600.0,7.0
2020.06.23,8485.0,25.0,8560.0,8560.0,8445.0,61.0
2020.06.22,8460.0,-5.0,8430.0,8515.0,8430.0,27.0
2020.06.19,8465.0,-10.0,8400.0,8465.0,8390.0,305.0
2020.06.18,8475.0,45.0,8395.0,8475.0,8395.0,18.0
2020.06.17,8430.0,0.0,8385.0,8480.0,8385.0,19.0
2020.06.16,8430.0,305.0,8225.0,8430.0,8225.0,196.0
2020.06.15,8125.0,-195.0,8305.0,8365.0,8125.0,741.0
2020.06.12,8320.0,-300.0,8330.0,8365.0,8320.0,42.0
2020.06.11,8620.0,-170.0,8630.0,8730.0,8620.0,472.0
2020.06.10,8790.0,130.0,8705.0,8790.0,8705.0,2.0
2020.06.09,8660.0,-45.0,8785.0,8790.0,8640.0,251.0
2020.06.08,8705.0,50.0,8715.0,8720.0,8705.0,154.0
2020.06.05,8655.0,50.0,8605.0,8655.0,8595.0,104.0
2020.06.04,8605.0,20.0,8650.0,8740.0,8570.0,15.0
2020.06.03,8585.0,320.0,8400.0,8625.0,8395.0,293.0
2020.06.02,8265.0,115.0,8170.0,8265.0,8170.0,18.0
2020.06.01,8150.0,60.0,8085.0,8180.0,8085.0,20.0
2020.05.29,8090.0,110.0,8090.0,8090.0,8090.0,1.0
2020.05.28,7980.0,-20.0,8120.0,8130.0,7980.0,61.0
2020.05.27,8000.0,55.0,8010.0,8010.0,7965.0,28.0
2020.05.26,7945.0,130.0,7865.0,7945.0,7865.0,14.0
2020.05.25,7815.0,65.0,7765.0,7815.0,7765.0,204.0
2020.05.22,7750.0,-200.0,7740.0,7750.0,7740.0,10.0
2020.05.21,7950.0,95.0,7900.0,7950.0,7885.0,6.0
2020.05.20,7855.0,40.0,7805.0,7890.0,7805.0,19.0
2020.05.19,7815.0,155.0,7795.0,7845.0,7795.0,9.0
2020.05.18,7660.0,115.0,7530.0,7660.0,7530.0,5.0
2020.05.15,7545.0,-35.0,7535.0,7545.0,7525.0,19.0
2020.05.14,7580.0,-50.0,7550.0,7580.0,7550.0,5.0
2020.05.13,7630.0,25.0,7630.0,7630.0,7630.0,47.0
2020.05.12,7605.0,-50.0,7555.0,7605.0,7495.0,974.0
2020.05.11,7655.0,-65.0,7685.0,7685.0,7655.0,65.0
2020.05.08,7720.0,115.0,7670.0,7740.0,7670.0,190.0
2020.05.07,7605.0,5.0,7575.0,7605.0,7575.0,16.0
2020.05.06,7600.0,90.0,7550.0,7600.0,7540.0,47.0
2020.05.04,7510.0,-200.0,7490.0,7530.0,7490.0,7.0
2020.04.29,7710.0,70.0,7710.0,7710.0,7710.0,0.0
2020.04.28,7640.0,25.0,7650.0,7650.0,7640.0,21.0
2020.04.27,7690.0,125.0,7570.0,7690.0,7570.0,34.0
2020.04.24,7565.0,-85.0,7565.0,7565.0,7565.0,2.0
2020.04.23,7650.0,15.0,7600.0,7655.0,7575.0,85.0
2020.04.22,7635.0,145.0,7395.0,7635.0,7365.0,23.0
2020.04.21,7490.0,-160.0,7520.0,7580.0,7440.0,123.0
2020.04.20,7650.0,-80.0,7655.0,7680.0,7650.0,68.0
2020.04.17,7730.0,320.0,7670.0,7785.0,7655.0,57.0
2020.04.16,7410.0,-90.0,7410.0,7410.0,7410.0,4.0
2020.04.14,7500.0,110.0,7425.0,7505.0,7425.0,39.0
2020.04.13,7390.0,-50.0,7395.0,7400.0,7390.0,78.0
2020.04.10,7440.0,40.0,7440.0,7440.0,7440.0,0.0
2020.04.09,7400.0,40.0,7355.0,7400.0,7355.0,2.0
2020.04.08,7360.0,-10.0,7350.0,7400.0,7340.0,106.0
2020.04.07,7370.0,90.0,7450.0,7460.0,7340.0,67.0
2020.04.06,7280.0,190.0,7070.0,7280.0,7070.0,144.0
2020.04.03,7090.0,0.0,7135.0,7135.0,7010.0,108.0
2020.04.02,7090.0,125.0,6985.0,7090.0,6800.0,60.0
2020.04.01,6965.0,-250.0,7205.0,7205.0,6965.0,38.0
2020.03.31,7215.0,55.0,7220.0,7220.0,7080.0,114.0
2020.03.30,7160.0,115.0,6930.0,7160.0,6930.0,527.0
2020.03.27,7045.0,-45.0,7210.0,7225.0,7045.0,525.0
2020.03.26,7090.0,110.0,7165.0,7165.0,7090.0,191.0
2020.03.25,6980.0,335.0,6990.0,6995.0,6980.0,439.0
2020.03.24,6645.0,455.0,6280.0,6645.0,6270.0,377.0
2020.03.23,6190.0,-250.0,6290.0,6290.0,6190.0,215.0
2020.03.20,6440.0,280.0,6250.0,6440.0,6250.0,37.0
2020.03.19,6160.0,-460.0,6600.0,6600.0,6135.0,39.0
2020.03.18,6620.0,-330.0,6950.0,6950.0,6620.0,105.0
2020.03.17,6950.0,-300.0,6860.0,7050.0,6840.0,215.0
2020.03.16,7250.0,-140.0,7205.0,7400.0,7190.0,36.0
2020.03.13,7390.0,-120.0,7060.0,7480.0,7000.0,134.0
2020.03.12,7510.0,-300.0,7715.0,7740.0,7450.0,285.0
2020.03.11,7810.0,-230.0,8005.0,8030.0,7790.0,186.0
2020.03.10,8040.0,20.0,7920.0,8060.0,7915.0,1087.0
2020.03.09,8020.0,-330.0,8085.0,8110.0,7980.0,113.0
2020.03.06,8350.0,-220.0,8430.0,8440.0,8340.0,145.0
2020.03.05,8570.0,80.0,8470.0,8570.0,8470.0,48.0
2020.03.04,8490.0,160.0,8340.0,8490.0,8340.0,398.0
2020.03.03,8330.0,100.0,8420.0,8420.0,8320.0,238.0
2020.03.02,8230.0,60.0,8170.0,8280.0,8170.0,57.0
2020.02.28,8170.0,-270.0,8310.0,8310.0,8150.0,69.0
2020.02.27,8440.0,-100.0,8490.0,8540.0,8420.0,72.0
2020.02.26,8540.0,-140.0,8500.0,8570.0,8500.0,23983.0
2020.02.25,8680.0,70.0,8570.0,8690.0,8565.0,55.0
2020.02.24,8610.0,-320.0,8720.0,8720.0,8590.0,81.0
2020.02.21,8930.0,-150.0,8915.0,8960.0,8915.0,20.0
2020.02.20,9080.0,5.0,9125.0,9150.0,9010.0,118.0
2020.02.19,9075.0,5.0,9075.0,9100.0,9000.0,29.0
2020.02.18,9070.0,-155.0,9120.0,9140.0,9055.0,172.0
2020.02.17,9225.0,-5.0,9175.0,9245.0,9175.0,21.0
2020.02.14,9230.0,20.0,9135.0,9235.0,9135.0,21.0
2020.02.13,9210.0,30.0,9225.0,9255.0,9210.0,72.0
2020.02.12,9180.0,60.0,9120.0,9180.0,9075.0,67.0
2020.02.11,9120.0,120.0,9075.0,9145.0,9065.0,33.0
2020.02.10,9000.0,-40.0,8975.0,9025.0,8950.0,65.0
2020.02.07,9040.0,-80.0,9120.0,9130.0,9040.0,25.0
2020.02.06,9120.0,235.0,9025.0,9120.0,9025.0,314.0
2020.02.05,8885.0,45.0,8935.0,8955.0,8885.0,337.0
2020.02.04,8840.0,185.0,8725.0,8870.0,8725.0,363.0
2020.02.03,8655.0,-100.0,8550.0,8695.0,8535.0,75.0
2020.01.31,8755.0,-25.0,8805.0,8845.0,8755.0,46.0
2020.01.30,8780.0,-140.0,8920.0,8920.0,8780.0,31.0
2020.01.29,8940.0,25.0,8930.0,8980.0,8930.0,46.0
2020.01.28,8915.0,-280.0,8945.0,8955.0,8850.0,121.0
2020.01.23,9195.0,-110.0,9255.0,9255.0,9195.0,14.0
2020.01.22,9305.0,70.0,9245.0,9310.0,9225.0,24.0
2020.01.21,9235.0,-95.0,9330.0,9335.0,9235.0,41.0
2020.01.20,9330.0,85.0,9320.0,9380.0,9310.0,39.0
2020.01.17,9245.0,35.0,9300.0,9300.0,9240.0,33905.0
2020.01.16,9210.0,105.0,9120.0,9210.0,9110.0,25.0
2020.01.15,9105.0,-100.0,9130.0,9140.0,9100.0,19.0
2020.01.14,9205.0,55.0,9210.0,9255.0,9175.0,28.0
2020.01.13,9150.0,115.0,9055.0,9150.0,9055.0,25.0
2020.01.10,9035.0,125.0,9005.0,9035.0,9005.0,22.0
2020.01.09,8910.0,55.0,8930.0,8950.0,8905.0,34.0
2020.01.08,8855.0,0.0,8785.0,8860.0,8780.0,11.0
2020.01.07,8855.0,120.0,8800.0,8860.0,8800.0,29.0
2020.01.06,8735.0,-55.0,8775.0,8775.0,8725.0,28087.0
2020.01.03,8790.0,-60.0,8935.0,8950.0,8790.0,655.0
2020.01.02,8850.0,-65.0,8915.0,8915.0,8820.0,60.0
2019.12.30,8915.0,-20.0,8935.0,8950.0,8910.0,50.0
2019.12.27,8935.0,155.0,8875.0,8990.0,8875.0,22.0
2019.12.26,8780.0,5.0,8720.0,8780.0,8720.0,21.0
2019.12.24,8775.0,-35.0,8810.0,8825.0,8775.0,9.0
2019.12.23,8810.0,5.0,8830.0,8850.0,8800.0,14.0
2019.12.20,8805.0,-20.0,8830.0,8830.0,8790.0,29.0
2019.12.19,8825.0,20.0,8810.0,8865.0,8805.0,18.0
2019.12.18,8805.0,0.0,8795.0,8830.0,8785.0,16536.0
2019.12.17,8805.0,110.0,8710.0,8810.0,8710.0,220.0
2019.12.16,8695.0,45.0,8665.0,8710.0,8665.0,31.0
2019.12.13,8650.0,130.0,8610.0,8670.0,8610.0,7.0
2019.12.12,8520.0,150.0,8510.0,8520.0,8495.0,11.0
2019.12.11,8370.0,55.0,8330.0,8385.0,8320.0,15.0
2019.12.10,8315.0,20.0,8260.0,8325.0,8260.0,223.0
2019.12.09,8295.0,50.0,8260.0,8315.0,8260.0,15.0
2019.12.06,8245.0,115.0,8240.0,8245.0,8225.0,353.0
2019.12.05,8130.0,-50.0,8225.0,8240.0,8130.0,16.0
2019.12.04,8180.0,-50.0,8170.0,8185.0,8110.0,193.0
2019.12.03,8230.0,-30.0,8160.0,8235.0,8160.0,20.0
2019.12.02,8260.0,0.0,8290.0,8330.0,8260.0,82.0
2019.11.29,8260.0,-135.0,8410.0,8410.0,8250.0,91.0
2019.11.28,8395.0,-45.0,8400.0,8410.0,8395.0,6.0
2019.11.27,8440.0,-20.0,8400.0,8450.0,8400.0,15.0
2019.11.26,8460.0,45.0,8440.0,8465.0,8440.0,99.0
2019.11.25,8415.0,105.0,8405.0,8425.0,8405.0,86.0
2019.11.22,8310.0,65.0,8290.0,8335.0,8290.0,311.0
2019.11.21,8245.0,-190.0,8375.0,8395.0,8220.0,64873.0
2019.11.20,8435.0,-80.0,8480.0,8495.0,8435.0,7.0
2019.11.19,8515.0,-35.0,8475.0,8535.0,8475.0,9.0
2019.11.18,8550.0,-5.0,8555.0,8555.0,8545.0,11.0
2019.11.15,8555.0,140.0,8570.0,8570.0,8545.0,21.0
2019.11.14,8415.0,35.0,8400.0,8415.0,8400.0,8.0
2019.11.13,8380.0,-20.0,8385.0,8385.0,8375.0,9.0
2019.11.12,8400.0,-5.0,8400.0,8400.0,8400.0,42775.0
2019.11.11,8405.0,-45.0,8420.0,8420.0,8360.0,92877.0
2019.11.08,8450.0,-25.0,8500.0,8500.0,8450.0,7.0
2019.11.07,8475.0,-25.0,8475.0,8475.0,8475.0,4.0
2019.11.06,8500.0,10.0,8480.0,8500.0,8480.0,6.0
2019.11.05,8490.0,130.0,8410.0,8490.0,8400.0,8.0
2019.11.04,8360.0,80.0,8360.0,8360.0,8360.0,2.0
2019.11.01,8280.0,-10.0,8220.0,8280.0,8220.0,19.0
2019.10.31,8290.0,85.0,8235.0,8290.0,8235.0,7.0
2019.10.30,8205.0,-50.0,8225.0,8225.0,8205.0,9.0
2019.10.29,8305.0,-15.0,8315.0,8315.0,8305.0,2.0
2019.10.28,8320.0,35.0,8335.0,8335.0,8305.0,8.0
2019.10.25,8285.0,-5.0,8285.0,8285.0,8285.0,1.0
2019.10.24,8290.0,0.0,8325.0,8325.0,8275.0,8.0
2019.10.23,8290.0,25.0,8250.0,8290.0,8250.0,2.0
2019.10.22,8265.0,100.0,8230.0,8275.0,8230.0,3.0
2019.10.21,8165.0,-10.0,8145.0,8180.0,8145.0,13.0
2019.10.18,8175.0,-45.0,8235.0,8265.0,8175.0,5.0
2019.10.17,8220.0,-30.0,8220.0,8220.0,8220.0,1.0
2019.10.16,8250.0,55.0,8245.0,8255.0,8245.0,19.0
2019.10.15,8195.0,-20.0,8200.0,8210.0,8195.0,5.0
2019.10.14,8215.0,85.0,8210.0,8245.0,8210.0,9.0
2019.10.11,8130.0,70.0,8095.0,8130.0,8090.0,10.0
2019.10.10,8060.0,5.0,8015.0,8060.0,7960.0,7.0
2019.10.08,8055.0,70.0,8055.0,8055.0,8055.0,1.0
2019.10.07,7985.0,0.0,8015.0,8015.0,7980.0,11.0
2019.10.04,7985.0,-35.0,7965.0,8050.0,7965.0,12.0
2019.10.02,8020.0,-115.0,8065.0,8085.0,8020.0,10.0
2019.10.01,8135.0,0.0,8110.0,8170.0,8110.0,18.0
2019.09.30,8135.0,25.0,8025.0,8135.0,8025.0,14.0
2019.09.27,8110.0,-30.0,8090.0,8110.0,8090.0,4.0
2019.09.26,8140.0,-10.0,8160.0,8180.0,8120.0,17.0
2019.09.25,8150.0,-40.0,8175.0,8175.0,8150.0,20.0
2019.09.24,8190.0,-30.0,8190.0,8190.0,8190.0,2.0
2019.09.23,8220.0,0.0,8210.0,8220.0,8195.0,19.0
2019.09.20,8220.0,25.0,8195.0,8220.0,8190.0,6.0
2019.09.19,8195.0,85.0,8170.0,8195.0,8170.0,3.0
2019.09.18,8110.0,45.0,8070.0,8115.0,8070.0,8.0
2019.09.17,8065.0,0.0,8080.0,8080.0,8065.0,9.0
2019.09.16,8065.0,20.0,8040.0,8065.0,8040.0,6.0
2019.09.11,8045.0,75.0,8045.0,8045.0,8045.0,1.0
2019.09.10,7970.0,30.0,7960.0,7970.0,7960.0,2.0
2019.09.09,7940.0,35.0,7940.0,7940.0,7940.0,1.0
2019.09.06,7905.0,40.0,7900.0,7905.0,7895.0,14.0
2019.09.05,7865.0,190.0,7800.0,7865.0,7800.0,2.0
2019.09.04,7675.0,15.0,7650.0,7695.0,7650.0,4.0
2019.09.03,7660.0,-30.0,7660.0,7660.0,7660.0,0.0
2019.09.02,7690.0,-10.0,7675.0,7690.0,7675.0,3.0
2019.08.30,7700.0,185.0,7625.0,7700.0,7625.0,7.0
2019.08.29,7515.0,-65.0,7525.0,7545.0,7515.0,169.0
2019.08.28,7580.0,65.0,7530.0,7580.0,7530.0,11.0
2019.08.27,7515.0,60.0,7505.0,7540.0,7505.0,24.0
2019.08.26,7455.0,-155.0,7440.0,7455.0,7440.0,3.0
2019.08.23,7610.0,-20.0,7590.0,7610.0,7585.0,8.0
2019.08.22,7630.0,-30.0,7640.0,7640.0,7630.0,3.0
2019.08.21,7660.0,25.0,7670.0,7670.0,7660.0,7.0
2019.08.20,7635.0,65.0,7555.0,7635.0,7550.0,16.0
2019.08.19,7570.0,25.0,7550.0,7580.0,7550.0,26.0
2019.08.16,7545.0,-25.0,7485.0,7545.0,7485.0,8.0
2019.08.14,7570.0,55.0,7600.0,7615.0,7570.0,7.0
2019.08.13,7515.0,-75.0,7515.0,7515.0,7515.0,1.0
2019.08.12,7590.0,25.0,7570.0,7595.0,7570.0,7.0
2019.08.09,7565.0,15.0,7555.0,7575.0,7555.0,4.0
2019.08.08,7550.0,-10.0,7540.0,7560.0,7540.0,7.0
2019.08.07,7560.0,30.0,7540.0,7560.0,7540.0,3.0
2019.08.06,7530.0,-110.0,7440.0,7570.0,7440.0,11.0
2019.08.05,7640.0,-175.0,7730.0,7730.0,7640.0,6.0
2019.08.02,7815.0,-120.0,7790.0,7825.0,7790.0,8.0
2019.08.01,7935.0,-75.0,7880.0,7950.0,7880.0,20.0
2019.07.31,8010.0,-10.0,8010.0,8010.0,8010.0,1.0
2019.07.30,8020.0,30.0,8020.0,8020.0,8020.0,1.0
2019.07.29,7990.0,-120.0,8085.0,8085.0,7985.0,51.0
2019.07.26,8110.0,-15.0,8085.0,8110.0,8085.0,8.0
2019.07.25,8125.0,0.0,8125.0,8125.0,8125.0,0.0
2019.07.24,8125.0,-105.0,8185.0,8210.0,8125.0,13.0
2019.07.23,8230.0,75.0,8240.0,8240.0,8230.0,191.0
2019.07.22,8155.0,-25.0,8155.0,8155.0,8155.0,1.0
2019.07.19,8180.0,110.0,8120.0,8180.0,8120.0,5.0
2019.07.18,8070.0,0.0,8070.0,8070.0,8070.0,1.0
2019.07.17,8070.0,-25.0,8070.0,8070.0,8070.0,1.0
2019.07.16,8095.0,-25.0,8115.0,8115.0,8095.0,5.0
2019.07.15,8120.0,45.0,8045.0,8120.0,8045.0,8.0
2019.07.12,8075.0,10.0,8060.0,8085.0,8055.0,7.0
2019.07.11,8065.0,60.0,8050.0,8065.0,8050.0,2.0
2019.07.10,8005.0,40.0,7995.0,8005.0,7995.0,5.0
2019.07.09,7965.0,35.0,7960.0,7975.0,7955.0,15.0
2019.07.08,7930.0,-185.0,7930.0,7960.0,7930.0,11.0
2019.07.05,8115.0,30.0,8140.0,8140.0,8095.0,14.0
2019.07.04,8085.0,0.0,8085.0,8085.0,8085.0,3.0
2019.07.03,8085.0,-105.0,8085.0,8085.0,8085.0,0.0
2019.07.02,8190.0,-25.0,8130.0,8190.0,8130.0,22.0
2019.07.01,8215.0,-15.0,8255.0,8255.0,8215.0,9.0
2019.06.28,8230.0,35.0,8220.0,8230.0,8220.0,14.0
2019.06.27,8195.0,85.0,8140.0,8195.0,8140.0,3.0
2019.06.26,8110.0,-15.0,8100.0,8120.0,8100.0,8.0
2019.06.25,8125.0,20.0,8110.0,8125.0,8110.0,2.0
2019.06.24,8105.0,0.0,8105.0,8135.0,8105.0,6.0
2019.06.21,8105.0,-15.0,8110.0,8130.0,8095.0,23.0
2019.06.20,8120.0,20.0,8085.0,8120.0,8085.0,5.0
2019.06.19,8100.0,115.0,8095.0,8100.0,8065.0,7.0
2019.06.18,7985.0,30.0,7985.0,8000.0,7985.0,11.0
2019.06.17,7955.0,-15.0,7950.0,7955.0,7950.0,5.0
2019.06.14,7970.0,0.0,7970.0,7980.0,7965.0,5.0
2019.06.13,7970.0,-80.0,8015.0,8015.0,7930.0,4.0
2019.06.12,8050.0,20.0,8095.0,8095.0,8050.0,7.0
2019.06.11,8030.0,15.0,8025.0,8030.0,8020.0,4.0
2019.06.10,8015.0,95.0,7980.0,8035.0,7955.0,12.0
2019.06.07,7920.0,-10.0,7890.0,7945.0,7890.0,6.0
2019.06.05,7930.0,20.0,7975.0,7975.0,7930.0,10.0
2019.06.04,7910.0,-50.0,7925.0,7925.0,7910.0,5.0
2019.06.03,7960.0,140.0,7825.0,7960.0,7825.0,4.0
2019.05.31,7820.0,25.0,7760.0,7825.0,7755.0,23.0
2019.05.30,7795.0,35.0,7800.0,7800.0,7780.0,5.0
2019.05.29,7760.0,-115.0,7760.0,7760.0,7760.0,1.0
2019.05.28,7875.0,70.0,7835.0,7875.0,7810.0,4.0
2019.05.27,7805.0,-10.0,7820.0,7835.0,7800.0,39.0
2019.05.24,7815.0,-105.0,7875.0,7875.0,7815.0,4.0
2019.05.23,7920.0,-5.0,7920.0,7920.0,7920.0,0.0
2019.05.22,7925.0,15.0,7880.0,7935.0,7845.0,19.0
2019.05.21,7910.0,70.0,7830.0,7965.0,7830.0,57.0
2019.05.20,7840.0,25.0,7870.0,7875.0,7840.0,5.0
2019.05.17,7815.0,-100.0,7815.0,7815.0,7815.0,0.0
2019.05.16,7915.0,-40.0,7895.0,7915.0,7895.0,3.0
2019.05.15,7955.0,0.0,7955.0,7955.0,7955.0,0.0
2019.05.14,7955.0,0.0,7910.0,7955.0,7910.0,2.0
2019.05.13,7955.0,-60.0,7955.0,7955.0,7955.0,0.0
2019.05.10,8015.0,-60.0,8075.0,8075.0,7965.0,20.0
2019.05.09,8075.0,-210.0,8240.0,8240.0,8075.0,2.0
2019.05.08,8285.0,0.0,8280.0,8285.0,8280.0,2.0
2019.05.07,8285.0,-115.0,8285.0,8285.0,8285.0,1.0
2019.05.03,8400.0,-40.0,8400.0,8400.0,8400.0,2.0
2019.05.02,8440.0,-5.0,8345.0,8440.0,8345.0,10.0
2019.04.30,8445.0,20.0,8415.0,8445.0,8380.0,11.0
2019.04.29,8425.0,145.0,8270.0,8425.0,8270.0,11.0
2019.04.26,8425.0,-80.0,8485.0,8485.0,8425.0,23.0
2019.04.25,8505.0,15.0,8470.0,8515.0,8470.0,10.0
2019.04.24,8490.0,-105.0,8605.0,8605.0,8470.0,33.0
2019.04.23,8595.0,25.0,8575.0,8595.0,8575.0,14.0
2019.04.22,8570.0,0.0,8570.0,8570.0,8570.0,0.0
2019.04.19,8570.0,0.0,8570.0,8570.0,8570.0,0.0
2019.04.18,8570.0,-165.0,8570.0,8570.0,8570.0,600.0
2019.04.17,8735.0,-15.0,8735.0,8735.0,8735.0,100.0
2019.04.16,8750.0,10.0,8750.0,8750.0,8750.0,600.0
2019.04.15,8740.0,95.0,8745.0,8745.0,8740.0,212.0
2019.04.12,8645.0,20.0,8620.0,8645.0,8620.0,1450.0
2019.04.11,8625.0,5.0,8625.0,8625.0,8625.0,0.0
2019.04.10,8620.0,-35.0,8620.0,8620.0,8620.0,300.0
2019.04.09,8655.0,0.0,8635.0,8655.0,8625.0,1551.0
2019.04.08,8655.0,10.0,8710.0,8710.0,8655.0,202.0
2019.04.05,8645.0,15.0,8640.0,8645.0,8640.0,301.0
2019.04.04,8630.0,30.0,8625.0,8630.0,8625.0,408.0
2019.04.03,8600.0,105.0,8600.0,8600.0,8600.0,0.0
2019.04.02,8495.0,70.0,8495.0,8495.0,8495.0,10.0
2019.04.01,8425.0,120.0,8425.0,8425.0,8425.0,0.0
2019.03.29,8305.0,5.0,8305.0,8305.0,8305.0,0.0
2019.03.28,8300.0,-45.0,8300.0,8300.0,8300.0,0.0
2019.03.27,8345.0,-10.0,8345.0,8345.0,8345.0,0.0
2019.03.26,8355.0,0.0,8355.0,8355.0,8355.0,0.0
2019.03.25,8355.0,-150.0,8355.0,8355.0,8355.0,0.0
2019.03.22,8505.0,30.0,8505.0,8505.0,8505.0,0.0
2019.03.21,8475.0,110.0,8475.0,8475.0,8475.0,0.0
2019.03.20,8365.0,5.0,8365.0,8365.0,8365.0,0.0
2019.03.19,8360.0,0.0,8360.0,8360.0,8360.0,0.0
2019.03.18,8360.0,-10.0,8370.0,8370.0,8360.0,2.0
2019.03.15,8370.0,80.0,8370.0,8370.0,8370.0,0.0
2019.03.14,8290.0,0.0,8290.0,8290.0,8290.0,0.0
2019.03.13,8290.0,-25.0,8290.0,8290.0,8290.0,0.0
2019.03.12,8315.0,60.0,8315.0,8315.0,8315.0,0.0
2019.03.11,8255.0,0.0,8255.0,8255.0,8255.0,0.0
2019.03.08,8255.0,-140.0,8255.0,8255.0,8255.0,0.0
2019.03.07,8395.0,10.0,8395.0,8395.0,8395.0,210.0
2019.03.06,8385.0,-10.0,8385.0,8385.0,8385.0,0.0
2019.03.05,8395.0,-65.0,8395.0,8395.0,8395.0,0.0
2019.03.04,8460.0,-50.0,8460.0,8460.0,8460.0,0.0
2019.02.28,8510.0,-115.0,8510.0,8510.0,8510.0,100.0
2019.02.27,8625.0,0.0,8625.0,8625.0,8625.0,0.0
2019.02.26,8625.0,-10.0,8625.0,8625.0,8625.0,0.0
2019.02.25,8635.0,5.0,8635.0,8635.0,8635.0,0.0
2019.02.22,8630.0,5.0,8630.0,8630.0,8630.0,0.0
2019.02.21,8625.0,0.0,8625.0,8625.0,8625.0,0.0
2019.02.20,8625.0,170.0,8625.0,8625.0,8625.0,0.0
2019.02.19,8455.0,-110.0,8455.0,8455.0,8455.0,1.0
2019.02.18,8565.0,-15.0,8565.0,8565.0,8565.0,0.0
2019.02.15,8580.0,-85.0,8575.0,8580.0,8575.0,12.0
2019.02.14,8665.0,145.0,8665.0,8665.0,8665.0,1.0
2019.02.13,8520.0,50.0,8520.0,8520.0,8520.0,0.0
2019.02.12,8470.0,50.0,8470.0,8470.0,8470.0,0.0
2019.02.11,8420.0,0.0,8420.0,8420.0,8420.0,0.0
2019.02.08,8420.0,-135.0,8420.0,8420.0,8420.0,0.0
2019.02.07,8555.0,-50.0,8555.0,8555.0,8555.0,1.0
2019.02.01,8605.0,5.0,8605.0,8605.0,8605.0,1.0
2019.01.31,8600.0,20.0,8600.0,8600.0,8600.0,1.0
2019.01.30,8580.0,140.0,8580.0,8580.0,8580.0,2.0
2019.01.29,8440.0,30.0,8440.0,8440.0,8440.0,0.0
2019.01.28,8410.0,5.0,8410.0,8410.0,8410.0,1.0
2019.01.25,8405.0,180.0,8405.0,8405.0,8405.0,0.0
2019.01.24,8225.0,130.0,8225.0,8225.0,8225.0,0.0
2019.01.23,8095.0,-40.0,8095.0,8095.0,8095.0,12.0
2019.01.22,8135.0,-50.0,8135.0,8135.0,8135.0,0.0
2019.01.21,8185.0,45.0,8185.0,8185.0,8185.0,1.0
2019.01.18,8140.0,20.0,8140.0,8140.0,8140.0,0.0
2019.01.17,8120.0,30.0,8110.0,8120.0,8110.0,53.0
2019.01.16,8090.0,90.0,8090.0,8090.0,8090.0,1.0
2019.01.15,8000.0,145.0,8000.0,8000.0,8000.0,1.0
2019.01.14,7855.0,-85.0,7855.0,7855.0,7855.0,1.0
2019.01.11,7940.0,80.0,7940.0,7940.0,7940.0,1.0
2019.01.10,7860.0,10.0,7860.0,7860.0,7860.0,0.0
2019.01.09,7850.0,125.0,7850.0,7850.0,7850.0,0.0
2019.01.08,7725.0,0.0,7725.0,7725.0,7725.0,3.0
2019.01.07,7725.0,125.0,7725.0,7725.0,7725.0,0.0
2019.01.04,7600.0,5.0,7600.0,7600.0,7600.0,0.0
2019.01.03,7595.0,-90.0,7595.0,7595.0,7595.0,0.0
2019.01.02,7685.0,-75.0,7685.0,7685.0,7685.0,0.0
2018.12.28,7760.0,45.0,7760.0,7760.0,7760.0,0.0
2018.12.27,7715.0,75.0,7715.0,7715.0,7715.0,0.0
2018.12.26,7640.0,-55.0,7640.0,7640.0,7640.0,0.0
2018.12.24,7695.0,-20.0,7710.0,7710.0,7695.0,9.0
2018.12.21,7715.0,-20.0,7715.0,7715.0,7715.0,13.0
2018.12.20,7735.0,-45.0,7735.0,7735.0,7735.0,0.0
2018.12.19,7780.0,30.0,7780.0,7780.0,7780.0,0.0
2018.12.18,7750.0,-15.0,7750.0,7750.0,7750.0,1.0
2018.12.17,7765.0,0.0,7765.0,7765.0,7765.0,0.0
2018.12.14,7765.0,-105.0,7765.0,7765.0,7765.0,0.0
2018.12.13,7870.0,30.0,7870.0,7870.0,7870.0,0.0
2018.12.12,7840.0,65.0,7840.0,7840.0,7840.0,0.0
2018.12.11,7775.0,-10.0,7775.0,7775.0,7775.0,7.0
2018.12.10,7785.0,-70.0,7785.0,7785.0,7785.0,0.0
2018.12.07,7855.0,-5.0,7860.0,7860.0,7855.0,15.0
2018.12.06,7860.0,-125.0,7860.0,7860.0,7860.0,0.0
2018.12.05,7985.0,-75.0,7985.0,7985.0,7985.0,10.0
2018.12.04,8060.0,-60.0,8060.0,8060.0,8060.0,3.0
2018.12.03,8120.0,145.0,8085.0,8120.0,8085.0,2.0
2018.11.30,7975.0,-155.0,8060.0,8060.0,7975.0,7.0
2018.11.29,8130.0,120.0,8120.0,8130.0,8120.0,7.0
2018.11.28,8010.0,0.0,7995.0,8010.0,7995.0,5.0
2018.11.27,8010.0,70.0,7975.0,8010.0,7975.0,7.0
2018.11.26,7940.0,95.0,7940.0,7940.0,7940.0,0.0
2018.11.23,7845.0,-75.0,7915.0,7915.0,7845.0,8.0
2018.11.22,7920.0,20.0,7920.0,7920.0,7920.0,1.0
2018.11.21,7900.0,-55.0,7880.0,7910.0,7840.0,7.0
2018.11.20,7955.0,-95.0,7965.0,7980.0,7930.0,2029.0
2018.11.19,8050.0,10.0,8055.0,8065.0,8020.0,2018025.0
2018.11.16,8040.0,-5.0,8070.0,8125.0,8040.0,2030015.0
2018.11.15,8045.0,45.0,8010.0,8045.0,7970.0,2012007.0
2018.11.14,8000.0,-30.0,8015.0,8015.0,7980.0,2198007.0
2018.11.13,8030.0,-85.0,7990.0,8030.0,7905.0,1636029.0
2018.11.12,8115.0,45.0,8105.0,8120.0,8090.0,1422000.0
2018.11.09,8070.0,0.0,8070.0,8070.0,8070.0,0.0
2018.11.08,8070.0,30.0,8070.0,8070.0,8070.0,0.0
2018.11.07,8040.0,0.0,8040.0,8040.0,8040.0,0.0
2018.11.06,8040.0,0.0,8040.0,8040.0,8040.0,0.0
2018.11.05,8040.0,-45.0,8040.0,8040.0,8040.0,0.0
2018.11.02,8085.0,215.0,8085.0,8085.0,8085.0,0.0
2018.11.01,7870.0,-5.0,7870.0,7870.0,7870.0,2.0
2018.10.31,7875.0,85.0,7875.0,7875.0,7875.0,0.0
2018.10.30,7790.0,15.0,7790.0,7790.0,7790.0,0.0
2018.10.29,7775.0,-45.0,7775.0,7775.0,7775.0,0.0
2018.10.26,7820.0,-85.0,7820.0,7820.0,7820.0,0.0
2018.10.25,7905.0,-170.0,7905.0,7905.0,7905.0,0.0
2018.10.24,8075.0,0.0,8075.0,8075.0,8075.0,1.0
2018.10.23,8075.0,-160.0,8075.0,8075.0,8075.0,0.0
2018.10.22,8235.0,20.0,8235.0,8235.0,8235.0,0.0
2018.10.19,8215.0,0.0,8215.0,8215.0,8215.0,0.0
2018.10.18,8215.0,-45.0,8215.0,8215.0,8215.0,0.0
2018.10.17,8260.0,60.0,8260.0,8260.0,8260.0,0.0
2018.10.16,8200.0,-15.0,8200.0,8200.0,8200.0,0.0
2018.10.15,8215.0,-30.0,8215.0,8215.0,8215.0,0.0
2018.10.12,8245.0,100.0,8245.0,8245.0,8245.0,0.0
2018.10.11,8145.0,-365.0,8145.0,8145.0,8145.0,0.0
2018.10.10,8510.0,-40.0,8510.0,8510.0,8510.0,0.0
2018.10.08,8550.0,-20.0,8550.0,8550.0,8550.0,0.0
2018.10.05,8570.0,-25.0,8570.0,8570.0,8570.0,1.0
2018.10.04,8595.0,-140.0,8595.0,8595.0,8595.0,0.0
2018.10.02,8735.0,-100.0,8735.0,8735.0,8735.0,0.0
2018.10.01,8835.0,0.0,8835.0,8835.0,8835.0,0.0
2018.09.28,8835.0,-15.0,8835.0,8835.0,8835.0,0.0
2018.09.27,8850.0,65.0,8850.0,8850.0,8850.0,0.0
2018.09.21,8785.0,55.0,8785.0,8785.0,8785.0,0.0
2018.09.20,8730.0,85.0,8730.0,8730.0,8730.0,0.0
2018.09.19,8645.0,25.0,8645.0,8645.0,8645.0,0.0
2018.09.18,8620.0,0.0,8620.0,8620.0,8620.0,10.0
2018.09.17,8620.0,-35.0,8620.0,8620.0,8620.0,0.0
2018.09.14,8655.0,115.0,8655.0,8655.0,8655.0,3.0
2018.09.13,8540.0,-10.0,8540.0,8540.0,8540.0,0.0
2018.09.12,8550.0,-15.0,8550.0,8550.0,8550.0,0.0
2018.09.11,8565.0,-20.0,8565.0,8565.0,8565.0,0.0
2018.09.10,8585.0,0.0,8585.0,8585.0,8585.0,0.0
2018.09.07,8585.0,-65.0,8585.0,8585.0,8585.0,0.0
2018.09.06,8650.0,-110.0,8650.0,8650.0,8650.0,0.0
2018.09.05,8760.0,-40.0,8770.0,8770.0,8760.0,10.0
2018.09.04,8800.0,10.0,8800.0,8800.0,8800.0,0.0
2018.09.03,8790.0,-80.0,8790.0,8790.0,8790.0,0.0
2018.08.31,8870.0,95.0,8870.0,8870.0,8870.0,0.0
2018.08.30,8775.0,10.0,8775.0,8775.0,8775.0,0.0
2018.08.29,8765.0,30.0,8765.0,8765.0,8765.0,0.0
2018.08.28,8735.0,5.0,8735.0,8735.0,8735.0,0.0
2018.08.27,8730.0,55.0,8730.0,8730.0,8730.0,0.0
2018.08.24,8675.0,25.0,8675.0,8675.0,8675.0,0.0
2018.08.23,8650.0,35.0,8650.0,8650.0,8650.0,0.0
2018.08.22,8615.0,40.0,8615.0,8615.0,8615.0,0.0
2018.08.21,8575.0,80.0,8575.0,8575.0,8575.0,0.0
2018.08.20,8495.0,-15.0,8495.0,8495.0,8495.0,0.0
2018.08.17,8510.0,20.0,8510.0,8510.0,8510.0,113.0
2018.08.16,8490.0,-70.0,8490.0,8490.0,8490.0,0.0
2018.08.14,8560.0,10.0,8560.0,8560.0,8560.0,0.0
2018.08.13,8550.0,-115.0,8550.0,8550.0,8550.0,0.0
2018.08.10,8665.0,-90.0,8665.0,8665.0,8665.0,0.0
2018.08.09,8755.0,5.0,8755.0,8755.0,8755.0,0.0
2018.08.08,8750.0,5.0,8750.0,8750.0,8750.0,0.0
2018.08.07,8745.0,65.0,8745.0,8745.0,8745.0,0.0
2018.08.06,8680.0,0.0,8680.0,8680.0,8680.0,0.0
2018.08.03,8680.0,10.0,8680.0,8680.0,8680.0,0.0
2018.08.02,8670.0,-125.0,8670.0,8670.0,8670.0,0.0
2018.08.01,8795.0,10.0,8795.0,8795.0,8795.0,0.0
2018.07.31,8785.0,0.0,8785.0,8785.0,8785.0,0.0
2018.07.30,8785.0,0.0,8785.0,8785.0,8785.0,0.0
2018.07.27,8785.0,25.0,8785.0,8785.0,8785.0,0.0
2018.07.26,8760.0,0.0,8760.0,8760.0,8760.0,0.0
2018.07.25,8760.0,15.0,8760.0,8760.0,8760.0,1.0
2018.07.24,8745.0,0.0,8745.0,8745.0,8745.0,0.0
2018.07.23,8745.0,-50.0,8745.0,8745.0,8745.0,0.0
2018.07.20,8795.0,0.0,8795.0,8795.0,8795.0,0.0
2018.07.19,8795.0,0.0,8795.0,8795.0,8795.0,0.0
2018.07.18,8795.0,0.0,8795.0,8795.0,8795.0,0.0
2018.07.17,8795.0,-15.0,8795.0,8795.0,8795.0,0.0
2018.07.16,8810.0,-10.0,8810.0,8810.0,8810.0,0.0
2018.07.13,8820.0,120.0,8820.0,8820.0,8820.0,0.0
2018.07.12,8700.0,-30.0,8700.0,8700.0,8700.0,0.0
2018.07.11,8730.0,-15.0,8730.0,8730.0,8730.0,0.0
2018.07.10,8745.0,30.0,8745.0,8745.0,8745.0,0.0
2018.07.09,8715.0,70.0,8715.0,8715.0,8715.0,0.0
2018.07.06,8645.0,0.0,8645.0,8645.0,8645.0,0.0
2018.07.05,8645.0,-15.0,8645.0,8645.0,8645.0,0.0
2018.07.04,8660.0,0.0,8660.0,8660.0,8660.0,11.0
2018.07.03,8660.0,0.0,8660.0,8660.0,8660.0,0.0
2018.07.02,8660.0,-160.0,8660.0,8660.0,8660.0,0.0
2018.06.29,8820.0,30.0,8820.0,8820.0,8820.0,0.0
2018.06.28,8790.0,-105.0,8790.0,8790.0,8790.0,0.0
2018.06.27,8895.0,0.0,8895.0,8895.0,8895.0,0.0
2018.06.26,8895.0,0.0,8895.0,8895.0,8895.0,0.0
2018.06.25,8895.0,0.0,8895.0,8895.0,8895.0,0.0
2018.06.22,8895.0,15.0,8895.0,8895.0,8895.0,0.0
2018.06.21,8880.0,-50.0,8880.0,8880.0,8880.0,1.0
2018.06.20,8930.0,50.0,8960.0,8960.0,8930.0,2.0
2018.06.19,8880.0,-100.0,8880.0,8880.0,8880.0,0.0
2018.06.18,8980.0,-140.0,8980.0,8980.0,8980.0,0.0
2018.06.15,9120.0,-60.0,9120.0,9120.0,9120.0,10.0
2018.06.14,9180.0,-135.0,9180.0,9180.0,9180.0,0.0
2018.06.12,9315.0,0.0,9315.0,9315.0,9315.0,0.0
2018.06.11,9315.0,30.0,9315.0,9315.0,9315.0,0.0
2018.06.08,9285.0,-45.0,9285.0,9285.0,9285.0,263.0
2018.06.07,9330.0,40.0,9330.0,9330.0,9330.0,0.0
2018.06.05,9290.0,45.0,9290.0,9290.0,9290.0,0.0
2018.06.04,9245.0,50.0,9245.0,9245.0,9245.0,1.0
2018.06.01,9195.0,30.0,9195.0,9195.0,9195.0,100.0
2018.05.31,9165.0,15.0,9165.0,9165.0,9165.0,0.0
2018.05.30,9150.0,-200.0,9150.0,9150.0,9150.0,100.0
2018.05.29,9350.0,-55.0,9350.0,9350.0,9350.0,0.0
2018.05.28,9405.0,5.0,9405.0,9405.0,9405.0,0.0
2018.05.25,9400.0,0.0,9400.0,9400.0,9400.0,1.0
2018.05.24,9400.0,0.0,9400.0,9400.0,9400.0,1.0
2018.05.23,9400.0,60.0,9400.0,9400.0,9400.0,0.0
2018.05.21,9340.0,25.0,9340.0,9340.0,9340.0,0.0
2018.05.18,9315.0,0.0,9315.0,9315.0,9315.0,0.0
2018.05.17,9315.0,-25.0,9315.0,9315.0,9315.0,0.0
2018.05.16,9340.0,15.0,9340.0,9340.0,9340.0,0.0
2018.05.15,9325.0,-50.0,9325.0,9325.0,9325.0,1.0
2018.05.14,9375.0,-75.0,9450.0,9450.0,9375.0,24.0
2018.05.11,9450.0,65.0,9450.0,9450.0,9450.0,1.0
2018.05.10,9385.0,45.0,9385.0,9385.0,9385.0,0.0
2018.05.09,9340.0,-65.0,9340.0,9340.0,9340.0,0.0
2018.05.08,9405.0,-15.0,9405.0,9405.0,9405.0,0.0
2018.05.04,9420.0,-130.0,9420.0,9420.0,9420.0,0.0
2018.05.03,9550.0,-20.0,9550.0,9550.0,9550.0,0.0
2018.05.02,9570.0,0.0,9570.0,9570.0,9570.0,0.0
2018.04.30,9570.0,45.0,9570.0,9570.0,9570.0,10.0
2018.04.27,9525.0,60.0,9525.0,9525.0,9525.0,10.0
2018.04.26,9470.0,125.0,9470.0,9470.0,9470.0,0.0
2018.04.25,9345.0,-95.0,9345.0,9345.0,9345.0,10.0
2018.04.24,9440.0,-45.0,9440.0,9440.0,9440.0,0.0
2018.04.23,9485.0,0.0,9485.0,9485.0,9485.0,0.0
2018.04.20,9485.0,-45.0,9485.0,9485.0,9485.0,0.0
2018.04.19,9530.0,55.0,9530.0,9530.0,9530.0,0.0
2018.04.18,9475.0,115.0,9475.0,9475.0,9475.0,0.0
2018.04.17,9360.0,0.0,9370.0,9370.0,9360.0,2.0
2018.04.16,9360.0,0.0,9360.0,9360.0,9360.0,0.0
2018.04.13,9360.0,0.0,9400.0,9400.0,9360.0,117.0
2018.04.12,9360.0,50.0,9360.0,9360.0,9360.0,50.0
2018.04.11,9310.0,-30.0,9310.0,9310.0,9310.0,0.0
2018.04.10,9340.0,90.0,9340.0,9340.0,9325.0,76.0
2018.04.09,9250.0,-30.0,9250.0,9250.0,9250.0,10.0
2018.04.06,9280.0,-35.0,9280.0,9280.0,9280.0,0.0
2018.04.05,9315.0,60.0,9315.0,9315.0,9315.0,10.0
2018.04.04,9255.0,-30.0,9300.0,9310.0,9255.0,33.0
2018.04.03,9285.0,-85.0,9285.0,9285.0,9285.0,1.0
2018.04.02,9370.0,-40.0,9370.0,9370.0,9370.0,0.0
2018.03.30,9410.0,80.0,9445.0,9445.0,9410.0,2.0
2018.03.29,9330.0,35.0,9330.0,9330.0,9330.0,0.0
2018.03.28,9295.0,-105.0,9295.0,9295.0,9295.0,0.0
2018.03.27,9400.0,10.0,9400.0,9400.0,9400.0,2.0
2018.03.26,9390.0,-30.0,9390.0,9390.0,9390.0,0.0
2018.03.23,9420.0,-225.0,9420.0,9420.0,9420.0,27.0
2018.03.22,9645.0,55.0,9620.0,9645.0,9620.0,6.0
2018.03.21,9590.0,35.0,9595.0,9595.0,9590.0,21.0
2018.03.20,9555.0,0.0,9555.0,9555.0,9555.0,0.0
2018.03.19,9555.0,-55.0,9555.0,9555.0,9555.0,1.0
2018.03.16,9610.0,-5.0,9610.0,9610.0,9610.0,0.0
2018.03.15,9615.0,0.0,9615.0,9615.0,9615.0,1.0
2018.03.14,9615.0,-5.0,9615.0,9615.0,9615.0,0.0
2018.03.13,9620.0,75.0,9620.0,9620.0,9620.0,0.0
2018.03.12,9545.0,70.0,9545.0,9545.0,9545.0,0.0
2018.03.09,9475.0,170.0,9470.0,9475.0,9470.0,300.0
2018.03.08,9305.0,25.0,9305.0,9305.0,9305.0,5.0
2018.03.07,9280.0,60.0,9280.0,9280.0,9280.0,100.0
2018.03.06,9220.0,95.0,9220.0,9220.0,9220.0,0.0
2018.03.05,9125.0,-35.0,9125.0,9125.0,9125.0,100.0
2018.03.02,9160.0,-185.0,9170.0,9170.0,9160.0,101.0
2018.02.28,9345.0,-115.0,9365.0,9365.0,9345.0,200.0
2018.02.27,9460.0,70.0,9460.0,9460.0,9460.0,250.0
2018.02.26,9390.0,10.0,9390.0,9390.0,9390.0,0.0
2018.02.23,9380.0,95.0,9395.0,9395.0,9380.0,105.0
2018.02.22,9285.0,-40.0,9285.0,9285.0,9285.0,0.0
2018.02.21,9325.0,15.0,9325.0,9325.0,9325.0,1.0
2018.02.20,9310.0,-110.0,9345.0,9345.0,9310.0,500.0
2018.02.19,9420.0,90.0,9420.0,9420.0,9420.0,1.0
2018.02.14,9330.0,120.0,9330.0,9330.0,9330.0,250.0
2018.02.13,9210.0,40.0,9210.0,9210.0,9210.0,0.0
2018.02.12,9170.0,165.0,9170.0,9170.0,9170.0,100.0
2018.02.09,9005.0,-250.0,9010.0,9010.0,9005.0,2.0
2018.02.08,9255.0,40.0,9285.0,9285.0,9250.0,509.0
2018.02.07,9215.0,-200.0,9415.0,9430.0,9215.0,284.0
