날짜,종가,전일비,시가,고가,저가,거래량
2026.08.19,57660.0,-75.0,57710.0,57710.0,57660.0,2.0
2026.08.18,57735.0,135.0,57730.0,57735.0,57730.0,3.0
2026.08.14,57555.0,0.0,57555.0,57555.0,57555.0,0.0
2026.08.13,57555.0,-35.0,57555.0,57555.0,57555.0,1.0
2026.08.12,57590.0,0.0,57590.0,57590.0,57590.0,0.0
2026.08.11,57510.0,0.0,57510.0,57510.0,57510.0,0.0
2026.08.10,57465.0,0.0,57465.0,57465.0,57465.0,0.0
2026.08.07,57465.0,0.0,57465.0,57465.0,57465.0,0.0
2026.08.06,57465.0,15.0,57425.0,57465.0,57425.0,4.0
2026.08.05,57450.0,-85.0,57450.0,57450.0,57450.0,1.0
2026.08.04,57550.0,0.0,57550.0,57550.0,57550.0,0.0
2026.08.03,57570.0,0.0,57570.0,57570.0,57570.0,0.0
2026.07.31,57660.0,0.0,57660.0,57660.0,57660.0,0.0
2026.07.30,57660.0,30.0,57660.0,57660.0,57660.0,1.0
2026.07.29,57690.0,0.0,57690.0,57690.0,57690.0,0.0
2026.07.28,57750.0,0.0,57750.0,57750.0,57750.0,0.0
2026.07.27,57750.0,-150.0,57750.0,57750.0,57750.0,1.0
2026.07.24,57795.0,0.0,57795.0,57795.0,57795.0,0.0
2026.07.23,57795.0,5.0,57795.0,57795.0,57795.0,1.0
2026.07.22,57790.0,55.0,57790.0,57790.0,57790.0,100.0
2026.07.21,57760.0,0.0,57760.0,57760.0,57760.0,0.0
2026.07.20,57695.0,0.0,57695.0,57695.0,57695.0,0.0
2026.07.16,57750.0,0.0,57750.0,57750.0,57750.0,0.0
2026.07.15,57750.0,0.0,57750.0,57750.0,57750.0,0.0
2026.07.14,57595.0,0.0,57595.0,57595.0,57595.0,0.0
2026.07.13,57540.0,0.0,57540.0,57540.0,57540.0,0.0
2026.07.10,57610.0,0.0,57610.0,57610.0,57610.0,0.0
2026.07.09,57610.0,65.0,57610.0,57610.0,57610.0,1.0
2026.07.08,57545.0,0.0,57545.0,57545.0,57545.0,0.0
2026.07.07,57545.0,-20.0,57545.0,57545.0,57545.0,4.0
2026.07.06,57565.0,60.0,57565.0,57565.0,57565.0,3.0
2026.07.03,57505.0,-60.0,57505.0,57505.0,57505.0,3.0
2026.07.02,57600.0,0.0,57600.0,57600.0,57600.0,0.0
2026.07.01,57600.0,165.0,57600.0,57600.0,57600.0,1.0
2026.06.30,57455.0,0.0,57455.0,57455.0,57455.0,0.0
2026.06.29,57475.0,0.0,57475.0,57475.0,57475.0,0.0
2026.06.26,57475.0,50.0,57475.0,57475.0,57475.0,269.0
2026.06.25,57425.0,-155.0,57425.0,57425.0,57425.0,14.0
2026.06.24,57580.0,-45.0,57540.0,57580.0,57540.0,125.0
2026.06.23,57625.0,10.0,57660.0,57660.0,57625.0,125.0
2026.06.22,57610.0,0.0,57610.0,57610.0,57610.0,0.0
2026.06.19,57610.0,135.0,57545.0,57610.0,57545.0,6.0
2026.06.18,57475.0,20.0,57475.0,57475.0,57475.0,48.0
2026.06.17,57455.0,0.0,57455.0,57455.0,57455.0,0.0
2026.06.16,57465.0,0.0,57465.0,57465.0,57465.0,0.0
2026.06.15,57465.0,-210.0,57495.0,57500.0,57465.0,10.0
2026.06.12,57675.0,-85.0,57675.0,57675.0,57675.0,1.0
2026.06.11,57760.0,-20.0,57745.0,57760.0,57745.0,8.0
2026.06.10,57780.0,-5.0,57810.0,57810.0,57780.0,71.0
2026.06.09,57785.0,-175.0,57855.0,57860.0,57785.0,119.0
2026.06.08,57960.0,120.0,57950.0,57960.0,57950.0,56.0
2026.06.05,57840.0,35.0,57765.0,57845.0,57765.0,53.0
2026.06.04,57805.0,45.0,57745.0,57805.0,57745.0,101.0
2026.06.02,57760.0,70.0,57760.0,57760.0,57760.0,52.0
2026.06.01,57690.0,110.0,57680.0,57705.0,57680.0,56.0
2026.05.29,57580.0,-85.0,57595.0,57595.0,57580.0,13.0
2026.05.28,57665.0,120.0,57545.0,57665.0,57545.0,3.0
2026.05.27,57545.0,60.0,57545.0,57545.0,57545.0,1.0
2026.05.26,57485.0,-140.0,57545.0,57545.0,57450.0,41.0
2026.05.22,57625.0,20.0,57625.0,57625.0,57625.0,1.0
2026.05.21,57605.0,-85.0,57615.0,57615.0,57605.0,6.0
2026.05.20,57690.0,10.0,57725.0,57725.0,57690.0,90201.0
2026.05.19,57680.0,20.0,57680.0,57680.0,57680.0,1.0
2026.05.18,57660.0,0.0,57735.0,57735.0,57660.0,162121.0
2026.05.15,57660.0,225.0,57720.0,57725.0,57660.0,180112.0
2026.05.14,57435.0,0.0,57435.0,57435.0,57435.0,0.0
2026.05.13,57435.0,-45.0,57475.0,57480.0,57435.0,431.0
2026.05.12,57480.0,155.0,57465.0,57482.0,57452.0,416.0
2026.05.11,57325.0,40.0,57325.0,57325.0,57325.0,1.0
2026.05.08,57285.0,10.0,57285.0,57285.0,57285.0,5.0
2026.05.07,57275.0,-175.0,57280.0,57280.0,57275.0,2.0
2026.05.06,57450.0,135.0,57490.0,57490.0,57450.0,7.0
2026.05.04,57315.0,-60.0,57315.0,57315.0,57315.0,30.0
2026.04.30,57375.0,0.0,57375.0,57375.0,57375.0,0.0
2026.04.29,57310.0,40.0,57285.0,57360.0,57285.0,75.0
2026.04.28,57270.0,100.0,57270.0,57270.0,57270.0,10.0
2026.04.27,57170.0,0.0,57170.0,57170.0,57170.0,0.0
2026.04.24,57170.0,0.0,57170.0,57170.0,57170.0,0.0
2026.04.23,56920.0,0.0,56920.0,56920.0,56920.0,0.0
2026.04.22,56920.0,15.0,56920.0,56920.0,56920.0,47.0
2026.04.21,56905.0,-25.0,56905.0,56905.0,56905.0,47.0
2026.04.20,56930.0,0.0,56930.0,56930.0,56930.0,0.0
2026.04.17,56940.0,0.0,56940.0,56940.0,56940.0,0.0
2026.04.16,56905.0,30.0,56905.0,56905.0,56905.0,10.0
2026.04.15,56875.0,0.0,56875.0,56875.0,56875.0,0.0
2026.04.14,56900.0,0.0,56900.0,56900.0,56900.0,0.0
2026.04.13,56940.0,0.0,56940.0,56940.0,56940.0,0.0
2026.04.10,56875.0,0.0,56875.0,56875.0,56875.0,0.0
2026.04.09,56875.0,30.0,56875.0,56875.0,56875.0,180001.0
2026.04.08,56845.0,-190.0,56845.0,56845.0,56845.0,20.0
2026.04.07,57035.0,0.0,57035.0,57035.0,57035.0,0.0
2026.04.06,57035.0,0.0,57035.0,57035.0,57035.0,0.0
2026.04.03,57050.0,0.0,57050.0,57050.0,57050.0,0.0
2026.04.02,56965.0,5.0,56970.0,56970.0,56965.0,40.0
2026.04.01,56960.0,0.0,56960.0,56960.0,56960.0,0.0
2026.03.31,57255.0,0.0,57255.0,57255.0,57255.0,0.0
2026.03.30,57255.0,0.0,57255.0,57255.0,57255.0,0.0
2026.03.27,57305.0,0.0,57305.0,57305.0,57305.0,0.0
2026.03.26,57300.0,0.0,57300.0,57300.0,57300.0,0.0
2026.03.25,57300.0,0.0,57300.0,57300.0,57300.0,0.0
2026.03.24,57335.0,15.0,57335.0,57335.0,57335.0,500.0
2026.03.23,57320.0,345.0,57140.0,57320.0,57140.0,516.0
2026.03.20,56855.0,0.0,56855.0,56855.0,56855.0,0.0
2026.03.19,56855.0,165.0,56820.0,56855.0,56820.0,55.0
2026.03.18,56690.0,-125.0,56760.0,56765.0,56690.0,94.0
2026.03.17,56815.0,0.0,56815.0,56815.0,56815.0,35.0
2026.03.16,56815.0,0.0,56815.0,56815.0,56815.0,0.0
2026.03.13,56815.0,40.0,56815.0,56815.0,56815.0,1.0
2026.03.12,56775.0,0.0,56775.0,56775.0,56775.0,0.0
2026.03.11,56775.0,-90.0,56780.0,56780.0,56775.0,13.0
2026.03.10,56865.0,-195.0,56890.0,56890.0,56865.0,4.0
2026.03.09,57060.0,270.0,57060.0,57060.0,57060.0,180100.0
2026.03.06,56790.0,55.0,56790.0,56790.0,56790.0,3.0
2026.03.05,56735.0,0.0,56735.0,56735.0,56735.0,0.0
2026.03.04,56765.0,0.0,56765.0,56765.0,56765.0,0.0
2026.03.03,56440.0,0.0,56440.0,56440.0,56440.0,0.0
2026.02.27,56440.0,-10.0,56425.0,56440.0,56425.0,21.0
2026.02.26,56450.0,-120.0,56475.0,56475.0,56450.0,180021.0
2026.02.25,56570.0,-45.0,56580.0,56580.0,56570.0,24.0
2026.02.24,56615.0,0.0,56615.0,56615.0,56615.0,0.0
2026.02.23,56615.0,0.0,56615.0,56615.0,56615.0,0.0
2026.02.20,56615.0,0.0,56615.0,56615.0,56615.0,0.0
2026.02.19,56620.0,0.0,56620.0,56620.0,56620.0,10.0
2026.02.13,56620.0,0.0,56620.0,56620.0,56620.0,0.0
2026.02.12,56645.0,-60.0,56645.0,56645.0,56645.0,10.0
2026.02.11,56705.0,0.0,56705.0,56705.0,56705.0,0.0
2026.02.10,56745.0,0.0,56745.0,56745.0,56745.0,0.0
2026.02.09,56865.0,130.0,56865.0,56865.0,56865.0,180001.0
2026.02.06,56735.0,-25.0,56735.0,56735.0,56735.0,3.0
2026.02.05,56760.0,0.0,56760.0,56760.0,56760.0,0.0
2026.02.04,56760.0,0.0,56760.0,56760.0,56760.0,73.0
2026.02.03,56760.0,60.0,56720.0,56760.0,56720.0,2.0
2026.02.02,56700.0,125.0,56700.0,56700.0,56700.0,1.0
2026.01.30,56575.0,15.0,56575.0,56575.0,56575.0,4.0
2026.01.29,56560.0,0.0,56560.0,56560.0,56560.0,0.0
2026.01.28,56525.0,0.0,56525.0,56525.0,56525.0,0.0
2026.01.27,56560.0,0.0,56545.0,56560.0,56545.0,41.0
2026.01.26,56560.0,-90.0,56560.0,56560.0,56560.0,1.0
2026.01.23,56650.0,0.0,56650.0,56650.0,56650.0,0.0
2026.01.22,56605.0,-50.0,56605.0,56605.0,56605.0,2.0
2026.01.21,56655.0,-65.0,56655.0,56655.0,56655.0,40.0
2026.01.20,56720.0,0.0,56720.0,56720.0,56720.0,0.0
2026.01.19,56595.0,0.0,56595.0,56595.0,56595.0,0.0
2026.01.16,56510.0,0.0,56510.0,56510.0,56510.0,0.0
2026.01.15,56510.0,105.0,56510.0,56510.0,56510.0,180002.0
2026.01.14,56405.0,0.0,56405.0,56405.0,56405.0,0.0
2026.01.13,56405.0,0.0,56405.0,56405.0,56405.0,0.0
2026.01.12,56395.0,55.0,56390.0,56395.0,56390.0,2.0
2026.01.09,56340.0,0.0,56340.0,56340.0,56340.0,0.0
2026.01.08,56295.0,-80.0,56295.0,56295.0,56295.0,1.0
2026.01.07,56375.0,45.0,56375.0,56375.0,56375.0,180001.0
2026.01.06,56330.0,30.0,56365.0,56365.0,56330.0,8.0
2026.01.05,56265.0,0.0,56265.0,56265.0,56265.0,0.0
2026.01.02,56265.0,0.0,56265.0,56265.0,56265.0,0.0
2025.12.30,56265.0,0.0,56265.0,56265.0,56265.0,0.0
2025.12.29,56260.0,0.0,56260.0,56260.0,56260.0,0.0
2025.12.26,56885.0,0.0,56885.0,56885.0,56885.0,0.0
2025.12.24,56930.0,0.0,56930.0,56930.0,56930.0,0.0
2025.12.23,56930.0,0.0,56930.0,56930.0,56930.0,0.0
2025.12.22,56950.0,65.0,56950.0,56950.0,56950.0,2.0
2025.12.19,56885.0,0.0,56885.0,56885.0,56885.0,0.0
2025.12.18,56830.0,0.0,56830.0,56830.0,56830.0,0.0
2025.12.17,56830.0,-65.0,56830.0,56830.0,56830.0,1.0
2025.12.16,56895.0,0.0,56895.0,56895.0,56895.0,0.0
2025.12.15,56920.0,0.0,56920.0,56920.0,56920.0,0.0
2025.12.12,57055.0,55.0,57070.0,57070.0,57055.0,73.0
2025.12.11,57000.0,-60.0,56995.0,57000.0,56995.0,107.0
2025.12.10,57060.0,90.0,57060.0,57060.0,57060.0,100.0
2025.12.09,56970.0,70.0,56970.0,56970.0,56970.0,100.0
2025.12.08,56900.0,0.0,56900.0,56900.0,56900.0,7.0
2025.12.05,56900.0,-35.0,56900.0,56900.0,56900.0,90100.0
2025.12.04,56935.0,0.0,56935.0,56935.0,56935.0,90002.0
2025.12.03,56935.0,40.0,56935.0,56935.0,56935.0,1.0
2025.12.02,56895.0,75.0,56895.0,56895.0,56895.0,1.0
2025.12.01,56820.0,-125.0,56820.0,56820.0,56820.0,21.0
2025.11.28,56945.0,110.0,56900.0,56945.0,56850.0,24.0
2025.11.27,56835.0,0.0,56835.0,56835.0,56835.0,0.0
2025.11.26,56635.0,0.0,56635.0,56635.0,56635.0,0.0
2025.11.25,56635.0,0.0,56635.0,56635.0,56635.0,0.0
2025.11.24,56565.0,-65.0,56630.0,56630.0,56565.0,4.0
2025.11.21,56630.0,0.0,56630.0,56630.0,56630.0,0.0
2025.11.20,56640.0,0.0,56640.0,56640.0,56640.0,1.0
2025.11.19,56640.0,0.0,56640.0,56640.0,56640.0,0.0
2025.11.18,56665.0,-60.0,56665.0,56665.0,56665.0,2.0
2025.11.17,56725.0,55.0,56725.0,56725.0,56725.0,3.0
2025.11.14,56670.0,0.0,56670.0,56670.0,56670.0,0.0
2025.11.13,56660.0,-40.0,56700.0,56700.0,56640.0,6.0
2025.11.12,56700.0,0.0,56700.0,56700.0,56700.0,0.0
2025.11.11,56485.0,-50.0,56485.0,56485.0,56485.0,1.0
2025.11.10,56535.0,75.0,56535.0,56535.0,56530.0,102.0
2025.11.07,56460.0,0.0,56505.0,56505.0,56460.0,4.0
2025.11.06,56460.0,0.0,56460.0,56460.0,56460.0,0.0
2025.11.05,56375.0,0.0,56375.0,56375.0,56375.0,0.0
2025.11.04,56385.0,80.0,56385.0,56385.0,56385.0,7.0
2025.11.03,56305.0,0.0,56305.0,56305.0,56305.0,0.0
2025.10.31,56280.0,0.0,56310.0,56310.0,56280.0,9.0
2025.10.30,56280.0,0.0,56280.0,56280.0,56280.0,0.0
2025.10.29,56190.0,75.0,56190.0,56190.0,56190.0,1.0
2025.10.28,56115.0,0.0,56115.0,56115.0,56115.0,0.0
2025.10.27,56080.0,5.0,56080.0,56080.0,56080.0,1.0
2025.10.24,56075.0,0.0,56075.0,56075.0,56075.0,0.0
2025.10.23,56075.0,0.0,56075.0,56075.0,56075.0,0.0
2025.10.22,56035.0,0.0,56035.0,56035.0,56035.0,2.0
2025.10.21,56035.0,0.0,56035.0,56035.0,56035.0,0.0
2025.10.20,55990.0,-5.0,56035.0,56035.0,55990.0,2.0
2025.10.17,55995.0,15.0,55975.0,55995.0,55975.0,2.0
2025.10.16,55980.0,0.0,55980.0,55980.0,55980.0,0.0
2025.10.15,55920.0,0.0,55920.0,55920.0,55920.0,0.0
2025.10.14,55950.0,0.0,55950.0,55950.0,55950.0,0.0
2025.10.13,55960.0,0.0,55960.0,55960.0,55960.0,0.0
2025.10.10,56055.0,60.0,56090.0,56090.0,56055.0,1514.0
2025.10.02,55995.0,0.0,55995.0,55995.0,55995.0,0.0
2025.10.01,55995.0,0.0,55995.0,55995.0,55995.0,0.0
2025.09.30,55965.0,0.0,55965.0,55965.0,55965.0,0.0
2025.09.29,55925.0,0.0,55925.0,55925.0,55925.0,0.0
2025.09.26,55920.0,70.0,55925.0,55925.0,55920.0,6.0
2025.09.25,55850.0,0.0,55850.0,55850.0,55850.0,0.0
2025.09.24,55775.0,0.0,55775.0,55775.0,55775.0,0.0
2025.09.23,55730.0,15.0,55735.0,55735.0,55730.0,4.0
2025.09.22,55715.0,0.0,55715.0,55715.0,55715.0,0.0
2025.09.19,55680.0,0.0,55680.0,55680.0,55680.0,0.0
2025.09.18,55625.0,0.0,55625.0,55625.0,55625.0,0.0
2025.09.17,55645.0,0.0,55645.0,55645.0,55645.0,0.0
2025.09.16,55645.0,0.0,55645.0,55645.0,55645.0,0.0
2025.09.15,55670.0,30.0,55670.0,55670.0,55670.0,1.0
2025.09.12,55640.0,0.0,55640.0,55640.0,55640.0,0.0
2025.09.11,55630.0,0.0,55630.0,55630.0,55630.0,0.0
2025.09.10,55630.0,0.0,55630.0,55630.0,55630.0,0.0
2025.09.09,55625.0,0.0,55625.0,55625.0,55625.0,0.0
2025.09.08,55640.0,0.0,55640.0,55640.0,55640.0,0.0
2025.09.05,55640.0,-20.0,55640.0,55640.0,55640.0,50.0
2025.09.04,55660.0,0.0,55660.0,55660.0,55660.0,0.0
2025.09.03,55660.0,0.0,55660.0,55660.0,55660.0,0.0
2025.09.02,55610.0,0.0,55610.0,55610.0,55610.0,0.0
2025.09.01,55580.0,0.0,55580.0,55580.0,55580.0,0.0
2025.08.29,55555.0,0.0,55555.0,55555.0,55555.0,0.0
2025.08.28,55505.0,-20.0,55505.0,55505.0,55505.0,180001.0
2025.08.27,55525.0,0.0,55525.0,55525.0,55525.0,0.0
2025.08.26,55555.0,0.0,55555.0,55555.0,55555.0,0.0
2025.08.25,55555.0,-10.0,55555.0,55555.0,55555.0,109.0
2025.08.22,55565.0,-10.0,55565.0,55565.0,55565.0,1.0
2025.08.21,55575.0,25.0,55575.0,55575.0,55575.0,1.0
2025.08.20,55550.0,-15.0,55550.0,55550.0,55550.0,2.0
2025.08.19,55565.0,65.0,55550.0,55565.0,55550.0,3.0
2025.08.18,55500.0,30.0,55500.0,55500.0,55500.0,1.0
2025.08.14,55470.0,0.0,55470.0,55470.0,55470.0,0.0
2025.08.13,55495.0,0.0,55495.0,55495.0,55495.0,0.0
2025.08.12,55495.0,0.0,55495.0,55495.0,55495.0,0.0
2025.08.11,55465.0,0.0,55465.0,55465.0,55465.0,0.0
2025.08.08,55445.0,0.0,55445.0,55445.0,55445.0,0.0
2025.08.07,55425.0,-40.0,55425.0,55425.0,55425.0,8.0
2025.08.06,55465.0,0.0,55465.0,55465.0,55465.0,0.0
2025.08.05,55460.0,0.0,55460.0,55460.0,55460.0,0.0
2025.08.04,55460.0,-85.0,55460.0,55460.0,55460.0,8.0
2025.08.01,55545.0,0.0,55545.0,55545.0,55545.0,0.0
2025.07.31,55495.0,0.0,55495.0,55495.0,55495.0,0.0
2025.07.30,55495.0,0.0,55495.0,55495.0,55495.0,0.0
2025.07.29,55475.0,-55.0,55475.0,55475.0,55475.0,1.0
2025.07.28,55530.0,0.0,55530.0,55530.0,55530.0,0.0
2025.07.25,55530.0,0.0,55530.0,55530.0,55530.0,0.0
2025.07.24,55505.0,0.0,55505.0,55505.0,55505.0,0.0
2025.07.23,55505.0,0.0,55505.0,55505.0,55505.0,1.0
2025.07.22,55505.0,-20.0,55505.0,55505.0,55505.0,180001.0
2025.07.21,55525.0,0.0,55525.0,55525.0,55525.0,0.0
2025.07.18,55525.0,0.0,55525.0,55525.0,55525.0,0.0
2025.07.17,55525.0,0.0,55525.0,55525.0,55525.0,0.0
2025.07.16,55500.0,0.0,55500.0,55500.0,55500.0,0.0
2025.07.15,55490.0,0.0,55490.0,55490.0,55490.0,0.0
2025.07.14,55470.0,5.0,55470.0,55470.0,55470.0,1.0
2025.07.11,55465.0,0.0,55465.0,55465.0,55465.0,0.0
2025.07.10,55465.0,0.0,55465.0,55465.0,55465.0,0.0
2025.07.09,55510.0,0.0,55510.0,55510.0,55510.0,0.0
2025.07.08,55510.0,0.0,55510.0,55510.0,55510.0,0.0
2025.07.07,55510.0,0.0,55510.0,55510.0,55510.0,0.0
2025.07.04,55475.0,0.0,55475.0,55475.0,55475.0,0.0
2025.07.03,55465.0,0.0,55465.0,55465.0,55465.0,0.0
2025.07.02,55465.0,60.0,55465.0,55465.0,55465.0,1.0
2025.07.01,55405.0,0.0,55405.0,55405.0,55405.0,0.0
2025.06.30,55380.0,-60.0,55380.0,55380.0,55380.0,1.0
2025.06.27,55440.0,0.0,55440.0,55440.0,55440.0,0.0
2025.06.26,55445.0,0.0,55445.0,55445.0,55445.0,0.0
2025.06.25,55445.0,0.0,55445.0,55445.0,55445.0,0.0
2025.06.24,55445.0,-55.0,55445.0,55445.0,55445.0,1.0
2025.06.23,55500.0,50.0,55500.0,55500.0,55500.0,1.0
2025.06.20,55450.0,0.0,55450.0,55450.0,55450.0,0.0
2025.06.19,55450.0,0.0,55450.0,55450.0,55450.0,0.0
2025.06.18,55435.0,-20.0,55435.0,55435.0,55435.0,1.0
2025.06.17,55455.0,20.0,55455.0,55455.0,55455.0,1.0
2025.06.16,55435.0,0.0,55435.0,55435.0,55435.0,0.0
2025.06.13,55410.0,0.0,55410.0,55410.0,55410.0,0.0
2025.06.12,55360.0,0.0,55360.0,55360.0,55360.0,0.0
2025.06.11,55290.0,-60.0,55290.0,55290.0,55290.0,1.0
2025.06.10,55350.0,20.0,55350.0,55350.0,55350.0,1.0
2025.06.09,55330.0,50.0,55305.0,55345.0,55305.0,12.0
2025.06.05,55280.0,-5.0,55280.0,55325.0,55275.0,18.0
2025.06.04,55285.0,0.0,55285.0,55285.0,55285.0,0.0
2025.06.02,55170.0,0.0,55170.0,55170.0,55170.0,0.0
2025.05.30,55170.0,0.0,55170.0,55170.0,55170.0,0.0
2025.05.29,55105.0,20.0,55105.0,55105.0,55105.0,180001.0
2025.05.28,55085.0,-60.0,55105.0,55105.0,55070.0,3.0
2025.05.27,55145.0,0.0,55145.0,55145.0,55145.0,0.0
2025.05.26,55160.0,-10.0,55160.0,55160.0,55160.0,1.0
2025.05.23,55170.0,60.0,55115.0,55170.0,55115.0,186002.0
2025.05.22,55110.0,0.0,55110.0,55110.0,55110.0,0.0
2025.05.21,55100.0,0.0,55100.0,55100.0,55100.0,0.0
2025.05.20,55100.0,0.0,55100.0,55100.0,55100.0,0.0
2025.05.19,55140.0,75.0,55140.0,55140.0,55140.0,1.0
2025.05.16,55065.0,0.0,55065.0,55065.0,55065.0,0.0
2025.05.15,55095.0,0.0,55095.0,55095.0,55095.0,0.0
2025.05.14,55095.0,15.0,55135.0,55135.0,55095.0,2.0
2025.05.13,55080.0,0.0,55080.0,55080.0,55080.0,0.0
2025.05.12,55010.0,20.0,55010.0,55010.0,55010.0,1.0
2025.05.09,54990.0,0.0,54990.0,54990.0,54990.0,0.0
2025.05.08,54900.0,0.0,54900.0,54900.0,54900.0,0.0
2025.05.07,54895.0,0.0,54895.0,54895.0,54895.0,0.0
2025.05.02,54900.0,15.0,54900.0,54900.0,54900.0,65.0
2025.04.30,54885.0,0.0,54885.0,54885.0,54885.0,0.0
2025.04.29,54920.0,0.0,54920.0,54920.0,54920.0,0.0
2025.04.28,54920.0,0.0,54920.0,54920.0,54920.0,0.0
2025.04.25,54920.0,0.0,54920.0,54920.0,54920.0,0.0
2025.04.24,54935.0,-5.0,54935.0,54935.0,54935.0,180001.0
2025.04.23,54940.0,0.0,54940.0,54940.0,54940.0,0.0
2025.04.22,54940.0,0.0,54940.0,54940.0,54940.0,0.0
2025.04.21,54940.0,0.0,54940.0,54940.0,54940.0,0.0
2025.04.18,54945.0,-40.0,54945.0,54945.0,54945.0,1.0
2025.04.17,54985.0,0.0,54985.0,54985.0,54985.0,0.0
2025.04.16,54970.0,0.0,54970.0,54970.0,54970.0,0.0
2025.04.15,55035.0,0.0,55035.0,55035.0,55035.0,0.0
2025.04.14,55045.0,0.0,55045.0,55045.0,55045.0,0.0
2025.04.11,55050.0,20.0,55050.0,55050.0,55050.0,109.0
2025.04.10,55030.0,0.0,55030.0,55030.0,55030.0,0.0
2025.04.09,55030.0,0.0,55030.0,55030.0,55030.0,0.0
2025.04.08,54990.0,0.0,54990.0,54990.0,54990.0,0.0
2025.04.07,54990.0,0.0,54990.0,54990.0,54990.0,0.0
2025.04.04,55075.0,0.0,55075.0,55075.0,55075.0,0.0
2025.04.03,55185.0,0.0,55185.0,55185.0,55185.0,0.0
2025.04.02,55235.0,10.0,55235.0,55235.0,55235.0,1.0
2025.04.01,55225.0,0.0,55225.0,55225.0,55225.0,0.0
2025.03.31,55225.0,-110.0,55225.0,55225.0,55225.0,2.0
2025.03.28,55335.0,50.0,55332.0,55335.0,55330.0,3.0
2025.03.27,55285.0,0.0,55285.0,55285.0,55285.0,0.0
2025.03.26,55280.0,0.0,55280.0,55280.0,55280.0,0.0
2025.03.25,55275.0,0.0,55275.0,55275.0,55275.0,0.0
2025.03.24,55245.0,0.0,55245.0,55245.0,55245.0,0.0
2025.03.21,55245.0,0.0,55245.0,55245.0,55245.0,0.0
2025.03.20,55245.0,0.0,55245.0,55245.0,55245.0,0.0
2025.03.19,55245.0,0.0,55245.0,55245.0,55245.0,0.0
2025.03.18,55195.0,0.0,55195.0,55195.0,55195.0,0.0
2025.03.17,55195.0,0.0,55195.0,55195.0,55195.0,0.0
2025.03.14,55155.0,0.0,55155.0,55155.0,55155.0,0.0
2025.03.13,55135.0,0.0,55135.0,55135.0,55135.0,0.0
2025.03.12,55135.0,0.0,55135.0,55135.0,55135.0,0.0
2025.03.11,55135.0,0.0,55135.0,55135.0,55135.0,0.0
2025.03.10,55135.0,0.0,55135.0,55135.0,55135.0,0.0
2025.03.07,55100.0,0.0,55100.0,55100.0,55100.0,0.0
2025.03.06,55100.0,0.0,55100.0,55100.0,55100.0,0.0
2025.03.05,55055.0,0.0,55055.0,55055.0,55055.0,0.0
2025.03.04,55045.0,0.0,55045.0,55045.0,55045.0,0.0
2025.02.28,55065.0,0.0,55065.0,55065.0,55065.0,0.0
2025.02.27,55075.0,0.0,55075.0,55075.0,55075.0,0.0
2025.02.26,55075.0,0.0,55075.0,55075.0,55075.0,0.0
2025.02.25,55085.0,0.0,55085.0,55085.0,55085.0,0.0
2025.02.24,55085.0,0.0,55085.0,55085.0,55085.0,0.0
2025.02.21,55085.0,0.0,55085.0,55085.0,55085.0,0.0
2025.02.20,55085.0,-5.0,55085.0,55085.0,55085.0,1.0
2025.02.19,55090.0,0.0,55090.0,55090.0,55090.0,0.0
2025.02.18,55090.0,0.0,55090.0,55090.0,55090.0,0.0
2025.02.17,55075.0,20.0,55075.0,55075.0,55075.0,1.0
2025.02.14,55055.0,0.0,55055.0,55055.0,55055.0,0.0
2025.02.13,55055.0,0.0,55055.0,55055.0,55055.0,0.0
2025.02.12,55055.0,0.0,55055.0,55055.0,55055.0,0.0
2025.02.11,55000.0,0.0,55000.0,55000.0,55000.0,0.0
2025.02.10,54995.0,0.0,54995.0,54995.0,54995.0,0.0
2025.02.07,54995.0,0.0,54995.0,54995.0,54995.0,0.0
2025.02.06,54905.0,0.0,54905.0,54905.0,54905.0,1.0
2025.02.05,54905.0,0.0,54905.0,54905.0,54905.0,0.0
2025.02.04,54895.0,0.0,54895.0,54895.0,54895.0,0.0
2025.02.03,54875.0,0.0,54875.0,54875.0,54875.0,0.0
2025.01.31,54870.0,0.0,54870.0,54870.0,54870.0,0.0
2025.01.24,54870.0,0.0,54870.0,54870.0,54870.0,0.0
2025.01.23,54870.0,5.0,54870.0,54870.0,54870.0,1.0
2025.01.22,54865.0,0.0,54865.0,54865.0,54865.0,0.0
2025.01.21,54865.0,0.0,54865.0,54865.0,54865.0,0.0
2025.01.20,54875.0,0.0,54875.0,54875.0,54875.0,0.0
2025.01.17,54875.0,0.0,54875.0,54875.0,54875.0,0.0
2025.01.16,54930.0,0.0,54930.0,54930.0,54930.0,0.0
2025.01.15,54980.0,0.0,54980.0,54980.0,54980.0,0.0
2025.01.14,54980.0,0.0,54980.0,54980.0,54980.0,0.0
2025.01.13,54990.0,180.0,54990.0,54990.0,54990.0,1.0
2025.01.10,54810.0,0.0,54810.0,54810.0,54810.0,0.0
2025.01.09,54760.0,0.0,54760.0,54760.0,54760.0,0.0
2025.01.08,54810.0,0.0,54810.0,54810.0,54810.0,0.0
2025.01.07,54810.0,0.0,54810.0,54810.0,54810.0,0.0
2025.01.06,54810.0,0.0,54810.0,54810.0,54810.0,0.0
2025.01.03,54805.0,0.0,54805.0,54805.0,54805.0,0.0
2025.01.02,54810.0,0.0,54810.0,54810.0,54810.0,0.0
2024.12.30,54860.0,0.0,54860.0,54860.0,54860.0,0.0
2024.12.27,54855.0,0.0,54855.0,54855.0,54855.0,0.0
2024.12.26,54845.0,30.0,54845.0,54845.0,54845.0,10.0
2024.12.24,54815.0,50.0,54815.0,54815.0,54815.0,1.0
2024.12.23,54765.0,-10.0,54765.0,54765.0,54765.0,1.0
2024.12.20,54775.0,0.0,54775.0,54775.0,54775.0,0.0
2024.12.19,54740.0,0.0,54740.0,54740.0,54740.0,0.0
2024.12.18,54600.0,0.0,54600.0,54600.0,54600.0,0.0
2024.12.17,54705.0,0.0,54705.0,54705.0,54705.0,0.0
2024.12.16,54585.0,0.0,54585.0,54585.0,54585.0,0.0
2024.12.13,54585.0,20.0,54580.0,54585.0,54580.0,2.0
2024.12.12,54565.0,25.0,54545.0,54590.0,54545.0,38.0
2024.12.11,54540.0,10.0,54495.0,54540.0,54495.0,2.0
2024.12.10,54530.0,-25.0,54550.0,54550.0,54490.0,10.0
2024.12.09,54555.0,-15.0,54585.0,54585.0,54555.0,21.0
2024.12.06,54570.0,0.0,54570.0,54570.0,54570.0,0.0
2024.12.05,54535.0,10.0,54535.0,54535.0,54535.0,200.0
2024.12.04,54525.0,65.0,54570.0,54570.0,54525.0,201.0
2024.12.03,54460.0,15.0,54460.0,54460.0,54460.0,186010.0
2024.12.02,54445.0,0.0,54445.0,54445.0,54445.0,0.0
2024.11.29,54495.0,-50.0,54530.0,54530.0,54495.0,2.0
2024.11.28,54545.0,-160.0,54685.0,54685.0,54545.0,23.0
2024.11.27,54705.0,-25.0,54705.0,54705.0,54705.0,1.0
2024.11.26,54730.0,0.0,54730.0,54730.0,54730.0,0.0
2024.11.25,54735.0,0.0,54735.0,54735.0,54735.0,0.0
2024.11.22,54785.0,0.0,54785.0,54785.0,54785.0,0.0
2024.11.21,54800.0,0.0,54800.0,54800.0,54800.0,0.0
2024.11.20,54870.0,0.0,54870.0,54870.0,54870.0,0.0
2024.11.19,54885.0,-30.0,54885.0,54885.0,54885.0,10.0
2024.11.18,54915.0,0.0,54915.0,54915.0,54915.0,0.0
2024.11.15,54915.0,25.0,54915.0,54915.0,54915.0,4.0
2024.11.14,54890.0,0.0,54890.0,54890.0,54890.0,0.0
2024.11.13,54880.0,50.0,54880.0,54880.0,54880.0,1.0
2024.11.12,54830.0,0.0,54830.0,54830.0,54830.0,0.0
2024.11.11,54830.0,-15.0,54830.0,54830.0,54830.0,1.0
2024.11.08,54845.0,0.0,54845.0,54845.0,54845.0,0.0
2024.11.07,54900.0,-5.0,54900.0,54900.0,54900.0,3.0
2024.11.06,54905.0,0.0,54905.0,54905.0,54905.0,0.0
2024.11.05,54855.0,0.0,54855.0,54855.0,54855.0,0.0
2024.11.04,54860.0,0.0,54860.0,54860.0,54860.0,0.0
2024.11.01,54860.0,-80.0,54860.0,54860.0,54860.0,1102.0
2024.10.31,54940.0,65.0,54940.0,54940.0,54940.0,1.0
2024.10.30,54875.0,0.0,54875.0,54875.0,54875.0,0.0
2024.10.29,54875.0,45.0,54850.0,54875.0,54850.0,1101.0
2024.10.28,54830.0,0.0,54830.0,54830.0,54830.0,0.0
2024.10.25,54775.0,0.0,54775.0,54775.0,54775.0,0.0
2024.10.24,54785.0,0.0,54785.0,54785.0,54785.0,0.0
2024.10.23,54815.0,0.0,54815.0,54815.0,54815.0,0.0
2024.10.22,54800.0,35.0,54800.0,54800.0,54800.0,1.0
2024.10.21,54765.0,0.0,54765.0,54765.0,54765.0,0.0
2024.10.18,54775.0,70.0,54775.0,54775.0,54775.0,3.0
2024.10.17,54705.0,0.0,54705.0,54705.0,54705.0,0.0
2024.10.16,54705.0,0.0,54705.0,54705.0,54705.0,0.0
2024.10.15,54755.0,0.0,54755.0,54755.0,54755.0,0.0
2024.10.14,54810.0,55.0,54830.0,54830.0,54775.0,3.0
2024.10.11,54755.0,-30.0,54755.0,54755.0,54755.0,1.0
2024.10.10,54785.0,0.0,54785.0,54785.0,54785.0,0.0
2024.10.08,54745.0,0.0,54745.0,54745.0,54745.0,0.0
2024.10.07,54745.0,235.0,54745.0,54745.0,54745.0,4.0
2024.10.04,54510.0,0.0,54510.0,54510.0,54510.0,0.0
2024.10.02,54450.0,0.0,54450.0,54450.0,54450.0,0.0
2024.09.30,54450.0,0.0,54450.0,54450.0,54450.0,0.0
2024.09.27,54450.0,0.0,54450.0,54450.0,54450.0,0.0
2024.09.26,54445.0,0.0,54445.0,54445.0,54445.0,1.0
2024.09.25,54445.0,0.0,54445.0,54445.0,54445.0,0.0
2024.09.24,54475.0,0.0,54475.0,54475.0,54475.0,0.0
2024.09.23,54475.0,0.0,54475.0,54475.0,54475.0,0.0
2024.09.20,54415.0,-5.0,54415.0,54415.0,54415.0,4.0
2024.09.19,54420.0,0.0,54420.0,54420.0,54420.0,0.0
2024.09.13,54400.0,0.0,54400.0,54400.0,54400.0,0.0
2024.09.12,54430.0,0.0,54430.0,54430.0,54430.0,0.0
2024.09.11,54400.0,0.0,54400.0,54400.0,54400.0,0.0
2024.09.10,54450.0,30.0,54450.0,54450.0,54450.0,1.0
2024.09.09,54420.0,30.0,54420.0,54420.0,54420.0,1.0
2024.09.06,54390.0,-45.0,54435.0,54435.0,54390.0,48.0
2024.09.05,54435.0,0.0,54435.0,54435.0,54435.0,0.0
2024.09.04,54480.0,0.0,54480.0,54480.0,54480.0,0.0
2024.09.03,54510.0,0.0,54510.0,54510.0,54510.0,0.0
2024.09.02,54510.0,0.0,54510.0,54510.0,54510.0,0.0
2024.08.30,54440.0,0.0,54440.0,54440.0,54440.0,0.0
2024.08.29,54415.0,0.0,54415.0,54415.0,54415.0,0.0
2024.08.28,54360.0,-30.0,54360.0,54360.0,54360.0,1.0
2024.08.27,54390.0,0.0,54390.0,54390.0,54390.0,0.0
2024.08.26,54330.0,-5.0,54330.0,54330.0,54330.0,1.0
2024.08.23,54335.0,0.0,54335.0,54335.0,54335.0,0.0
2024.08.22,54335.0,0.0,54335.0,54335.0,54335.0,0.0
2024.08.21,54335.0,0.0,54335.0,54335.0,54335.0,0.0
2024.08.20,54335.0,0.0,54335.0,54335.0,54335.0,0.0
2024.08.19,54300.0,0.0,54300.0,54300.0,54300.0,0.0
2024.08.16,54280.0,0.0,54280.0,54280.0,54280.0,0.0
2024.08.14,54255.0,0.0,54255.0,54255.0,54255.0,0.0
2024.08.13,54285.0,0.0,54285.0,54285.0,54285.0,0.0
2024.08.12,54285.0,0.0,54285.0,54285.0,54285.0,0.0
2024.08.09,54285.0,0.0,54285.0,54285.0,54285.0,0.0
2024.08.08,54250.0,0.0,54250.0,54250.0,54250.0,0.0
2024.08.07,54300.0,70.0,54305.0,54305.0,54300.0,45.0
2024.08.06,54230.0,180.0,54200.0,54230.0,54200.0,20000.0
2024.08.05,54050.0,0.0,54050.0,54050.0,54050.0,0.0
2024.08.02,54300.0,0.0,54300.0,54300.0,54300.0,0.0
2024.08.01,54355.0,0.0,54355.0,54355.0,54355.0,0.0
2024.07.31,54360.0,0.0,54360.0,54360.0,54360.0,0.0
2024.07.30,54330.0,0.0,54330.0,54330.0,54330.0,0.0
2024.07.29,54315.0,-80.0,54315.0,54315.0,54315.0,2.0
2024.07.26,54395.0,0.0,54395.0,54395.0,54395.0,0.0
2024.07.25,54395.0,0.0,54395.0,54395.0,54395.0,0.0
2024.07.24,54395.0,0.0,54395.0,54395.0,54395.0,0.0
2024.07.23,54420.0,0.0,54420.0,54420.0,54420.0,0.0
2024.07.22,54415.0,0.0,54415.0,54415.0,54415.0,0.0
2024.07.19,54395.0,0.0,54395.0,54395.0,54395.0,0.0
2024.07.18,54360.0,15.0,54360.0,54360.0,54360.0,15.0
2024.07.17,54345.0,0.0,54345.0,54345.0,54345.0,0.0
2024.07.16,54340.0,0.0,54340.0,54340.0,54340.0,0.0
2024.07.15,54415.0,0.0,54415.0,54415.0,54415.0,0.0
2024.07.12,54445.0,0.0,54445.0,54445.0,54445.0,0.0
2024.07.11,54495.0,0.0,54495.0,54495.0,54495.0,0.0
2024.07.10,54430.0,0.0,54430.0,54430.0,54430.0,0.0
2024.07.09,54430.0,0.0,54430.0,54430.0,54430.0,0.0
2024.07.08,54440.0,0.0,54440.0,54440.0,54440.0,0.0
2024.07.05,54440.0,0.0,54440.0,54440.0,54440.0,0.0
2024.07.04,54440.0,0.0,54440.0,54440.0,54440.0,0.0
2024.07.03,54485.0,0.0,54485.0,54485.0,54485.0,0.0
2024.07.02,54495.0,0.0,54495.0,54495.0,54495.0,0.0
2024.07.01,54505.0,0.0,54505.0,54505.0,54505.0,0.0
2024.06.28,54500.0,0.0,54500.0,54500.0,54500.0,0.0
2024.06.27,54515.0,0.0,54515.0,54515.0,54515.0,0.0
2024.06.26,54495.0,0.0,54495.0,54495.0,54495.0,0.0
2024.06.25,54455.0,0.0,54455.0,54455.0,54455.0,0.0
2024.06.24,54445.0,0.0,54445.0,54445.0,54445.0,0.0
2024.06.21,54435.0,0.0,54435.0,54435.0,54435.0,0.0
2024.06.20,54435.0,0.0,54435.0,54435.0,54435.0,0.0
2024.06.19,54420.0,0.0,54420.0,54420.0,54420.0,0.0
2024.06.18,54485.0,0.0,54485.0,54485.0,54485.0,0.0
2024.06.17,54485.0,0.0,54485.0,54485.0,54485.0,0.0
2024.06.14,54535.0,0.0,54535.0,54535.0,54535.0,0.0
2024.06.13,54580.0,0.0,54580.0,54580.0,54580.0,0.0
2024.06.12,54640.0,0.0,54640.0,54640.0,54640.0,0.0
2024.06.11,54650.0,0.0,54650.0,54650.0,54650.0,0.0
2024.06.10,54650.0,0.0,54650.0,54650.0,54650.0,0.0
2024.06.07,54570.0,0.0,54570.0,54570.0,54570.0,0.0
2024.06.05,54640.0,0.0,54640.0,54640.0,54640.0,0.0
2024.06.04,54700.0,0.0,54700.0,54700.0,54700.0,0.0
2024.06.03,54755.0,0.0,54755.0,54755.0,54755.0,0.0
2024.05.31,54755.0,0.0,54755.0,54755.0,54755.0,0.0
2024.05.30,54730.0,0.0,54730.0,54730.0,54730.0,0.0
2024.05.29,54700.0,0.0,54700.0,54700.0,54700.0,0.0
2024.05.28,54660.0,0.0,54660.0,54660.0,54660.0,0.0
2024.05.27,54660.0,0.0,54660.0,54660.0,54660.0,0.0
2024.05.24,54660.0,0.0,54660.0,54660.0,54660.0,0.0
2024.05.23,54630.0,0.0,54630.0,54630.0,54630.0,0.0
2024.05.22,54630.0,0.0,54630.0,54630.0,54630.0,0.0
2024.05.21,54630.0,0.0,54630.0,54630.0,54630.0,0.0
2024.05.20,54625.0,0.0,54625.0,54625.0,54625.0,0.0
2024.05.17,54595.0,0.0,54595.0,54595.0,54595.0,0.0
2024.05.16,54595.0,0.0,54595.0,54595.0,54595.0,0.0
2024.05.14,54715.0,5.0,54715.0,54715.0,54715.0,2.0
2024.05.13,54710.0,50.0,54710.0,54710.0,54710.0,1.0
2024.05.10,54660.0,0.0,54660.0,54660.0,54660.0,0.0
2024.05.09,54660.0,0.0,54660.0,54660.0,54660.0,0.0
2024.05.08,54660.0,0.0,54660.0,54660.0,54660.0,0.0
2024.05.07,54670.0,0.0,54670.0,54670.0,54670.0,0.0
2024.05.03,54735.0,0.0,54735.0,54735.0,54735.0,0.0
2024.05.02,54735.0,0.0,54735.0,54735.0,54735.0,0.0
2024.04.30,54775.0,0.0,54775.0,54775.0,54775.0,0.0
2024.04.29,54775.0,0.0,54775.0,54775.0,54775.0,0.0
2024.04.26,54755.0,0.0,54755.0,54755.0,54755.0,0.0
2024.04.25,54755.0,0.0,54755.0,54755.0,54755.0,0.0
2024.04.24,54700.0,-5.0,54700.0,54700.0,54700.0,1.0
2024.04.23,54705.0,15.0,54665.0,54705.0,54665.0,11.0
2024.04.22,54690.0,0.0,54690.0,54690.0,54690.0,0.0
2024.04.19,54575.0,5.0,54575.0,54575.0,54575.0,2.0
2024.04.18,54570.0,0.0,54570.0,54570.0,54570.0,0.0
2024.04.17,54670.0,85.0,54670.0,54670.0,54670.0,1.0
2024.04.16,54585.0,45.0,54640.0,54640.0,54585.0,2.0
2024.04.15,54540.0,0.0,54540.0,54540.0,54540.0,0.0
2024.04.12,54520.0,0.0,54520.0,54520.0,54520.0,0.0
2024.04.11,54630.0,220.0,54630.0,54630.0,54630.0,10.0
2024.04.09,54410.0,0.0,54410.0,54410.0,54410.0,0.0
2024.04.08,54380.0,0.0,54380.0,54380.0,54380.0,0.0
2024.04.05,54280.0,0.0,54280.0,54280.0,54280.0,0.0
2024.04.04,54280.0,0.0,54280.0,54280.0,54280.0,0.0
2024.04.03,54280.0,0.0,54280.0,54280.0,54280.0,0.0
2024.04.02,54250.0,30.0,54250.0,54250.0,54250.0,1.0
2024.04.01,54220.0,0.0,54220.0,54220.0,54220.0,0.0
2024.03.29,54220.0,0.0,54220.0,54220.0,54220.0,0.0
2024.03.28,54175.0,0.0,54175.0,54175.0,54175.0,0.0
2024.03.27,54175.0,0.0,54175.0,54175.0,54175.0,0.0
2024.03.26,54175.0,0.0,54175.0,54175.0,54175.0,0.0
2024.03.25,54170.0,0.0,54170.0,54170.0,54170.0,0.0
2024.03.22,54170.0,0.0,54170.0,54170.0,54170.0,0.0
2024.03.21,54205.0,0.0,54205.0,54205.0,54205.0,0.0
2024.03.20,54275.0,0.0,54275.0,54275.0,54275.0,0.0
2024.03.19,54265.0,0.0,54265.0,54265.0,54265.0,0.0
2024.03.18,54215.0,0.0,54215.0,54215.0,54215.0,0.0
2024.03.15,54145.0,0.0,54145.0,54145.0,54145.0,0.0
2024.03.14,54070.0,0.0,54070.0,54070.0,54070.0,0.0
2024.03.13,54010.0,-15.0,54010.0,54010.0,54010.0,1.0
2024.03.12,54025.0,0.0,54025.0,54025.0,54025.0,0.0
2024.03.11,54025.0,0.0,54025.0,54025.0,54025.0,0.0
2024.03.08,54025.0,0.0,54025.0,54025.0,54025.0,0.0
2024.03.07,54035.0,-50.0,54035.0,54035.0,54035.0,1.0
2024.03.06,54085.0,0.0,54085.0,54085.0,54085.0,0.0
2024.03.05,54105.0,0.0,54105.0,54105.0,54105.0,0.0
2024.03.04,54105.0,0.0,54105.0,54105.0,54105.0,0.0
2024.02.29,54105.0,0.0,54105.0,54105.0,54105.0,0.0
2024.02.28,54055.0,0.0,54055.0,54055.0,54055.0,0.0
2024.02.27,54055.0,0.0,54055.0,54055.0,54055.0,0.0
2024.02.26,54055.0,0.0,54055.0,54055.0,54055.0,0.0
2024.02.23,54105.0,0.0,54105.0,54105.0,54105.0,0.0
2024.02.22,54135.0,35.0,54135.0,54135.0,54135.0,12.0
2024.02.21,54100.0,0.0,54100.0,54100.0,54100.0,0.0
2024.02.20,54100.0,0.0,54100.0,54100.0,54100.0,0.0
2024.02.19,54100.0,0.0,54100.0,54100.0,54100.0,0.0
2024.02.16,54110.0,0.0,54110.0,54110.0,54110.0,0.0
2024.02.15,54110.0,0.0,54110.0,54110.0,54110.0,0.0
2024.02.14,54150.0,165.0,54150.0,54150.0,54150.0,47.0
2024.02.13,53985.0,0.0,53985.0,53985.0,53985.0,0.0
2024.02.08,53870.0,0.0,53870.0,53870.0,53870.0,0.0
2024.02.07,53855.0,0.0,53855.0,53855.0,53855.0,0.0
2024.02.06,53855.0,0.0,53855.0,53855.0,53855.0,0.0
2024.02.05,53855.0,0.0,53855.0,53855.0,53855.0,0.0
2024.02.02,53775.0,0.0,53775.0,53775.0,53775.0,0.0
2024.02.01,53785.0,0.0,53785.0,53785.0,53785.0,0.0
2024.01.31,53785.0,0.0,53785.0,53785.0,53785.0,0.0
2024.01.30,53785.0,-25.0,53785.0,53785.0,53785.0,10.0
2024.01.29,53810.0,0.0,53810.0,53810.0,53810.0,0.0
2024.01.26,53785.0,0.0,53785.0,53785.0,53785.0,0.0
2024.01.25,53820.0,0.0,53820.0,53820.0,53820.0,0.0
2024.01.24,53785.0,0.0,53785.0,53785.0,53785.0,0.0
2024.01.23,53780.0,0.0,53780.0,53780.0,53780.0,0.0
2024.01.22,53780.0,0.0,53780.0,53780.0,53780.0,0.0
2024.01.19,53785.0,0.0,53785.0,53785.0,53785.0,0.0
2024.01.18,53755.0,0.0,53755.0,53755.0,53755.0,0.0
2024.01.17,53715.0,0.0,53715.0,53715.0,53715.0,0.0
2024.01.16,53645.0,0.0,53645.0,53645.0,53645.0,0.0
2024.01.15,53555.0,0.0,53555.0,53555.0,53555.0,0.0
2024.01.12,53555.0,-90.0,53555.0,53555.0,53555.0,4.0
2024.01.11,53645.0,0.0,53645.0,53645.0,53645.0,0.0
2024.01.10,53700.0,0.0,53700.0,53700.0,53700.0,0.0
2024.01.09,53700.0,-300.0,53700.0,53700.0,53700.0,2.0
2024.01.08,54000.0,295.0,54000.0,54000.0,54000.0,2.0
2024.01.05,53705.0,0.0,53705.0,53705.0,53705.0,0.0
2024.01.04,53630.0,0.0,53630.0,53630.0,53630.0,0.0
2024.01.03,53655.0,0.0,53655.0,53655.0,53655.0,0.0
2024.01.02,53570.0,0.0,53570.0,53570.0,53570.0,0.0
2023.12.28,53425.0,0.0,53425.0,53425.0,53425.0,0.0
2023.12.27,53510.0,0.0,53510.0,53510.0,53510.0,0.0
2023.12.26,53510.0,0.0,53510.0,53510.0,53510.0,0.0
2023.12.22,53525.0,0.0,53525.0,53525.0,53525.0,0.0
2023.12.21,53525.0,0.0,53525.0,53525.0,53525.0,0.0
2023.12.20,53525.0,0.0,53525.0,53525.0,53525.0,0.0
2023.12.19,53550.0,0.0,53550.0,53550.0,53550.0,0.0
2023.12.18,53550.0,0.0,53550.0,53550.0,53550.0,0.0
2023.12.15,53550.0,0.0,53535.0,53550.0,53535.0,2.0
2023.12.14,53550.0,0.0,53550.0,53550.0,53550.0,0.0
2023.12.13,53785.0,-30.0,53785.0,53785.0,53785.0,20.0
2023.12.12,53815.0,0.0,53815.0,53815.0,53815.0,27.0
2023.12.11,53815.0,0.0,53815.0,53815.0,53815.0,0.0
2023.12.08,53795.0,20.0,53795.0,53795.0,53795.0,3.0
2023.12.07,53775.0,0.0,53775.0,53775.0,53775.0,0.0
2023.12.06,53725.0,0.0,53725.0,53725.0,53725.0,0.0
2023.12.05,53780.0,0.0,53780.0,53780.0,53780.0,0.0
2023.12.04,53830.0,0.0,53830.0,53830.0,53830.0,0.0
2023.12.01,53865.0,0.0,53865.0,53865.0,53865.0,0.0
2023.11.30,53865.0,0.0,53865.0,53865.0,53865.0,0.0
2023.11.29,53855.0,0.0,53855.0,53855.0,53855.0,0.0
2023.11.28,53995.0,0.0,53995.0,53995.0,53995.0,0.0
2023.11.27,54005.0,0.0,54005.0,54005.0,54005.0,0.0
2023.11.24,53990.0,0.0,53990.0,53990.0,53990.0,0.0
2023.11.23,53975.0,0.0,53975.0,53975.0,53975.0,0.0
2023.11.22,53980.0,0.0,53980.0,53980.0,53980.0,0.0
2023.11.21,53980.0,0.0,53980.0,53980.0,53980.0,0.0
2023.11.20,54000.0,0.0,54000.0,54000.0,54000.0,0.0
2023.11.17,54010.0,0.0,54010.0,54010.0,54010.0,0.0
2023.11.16,54030.0,-45.0,54030.0,54030.0,54030.0,9.0
2023.11.15,54075.0,0.0,54075.0,54075.0,54075.0,0.0
2023.11.14,54260.0,0.0,54260.0,54260.0,54260.0,0.0
2023.11.13,54260.0,0.0,54260.0,54260.0,54260.0,0.0
2023.11.10,54250.0,0.0,54250.0,54250.0,54250.0,0.0
2023.11.09,54250.0,0.0,54250.0,54250.0,54250.0,0.0
2023.11.08,54265.0,0.0,54265.0,54265.0,54265.0,0.0
2023.11.07,54275.0,0.0,54275.0,54275.0,54275.0,0.0
2023.11.06,54275.0,0.0,54275.0,54275.0,54275.0,0.0
2023.11.03,54375.0,0.0,54375.0,54375.0,54375.0,0.0
2023.11.02,54430.0,0.0,54430.0,54430.0,54430.0,0.0
2023.11.01,54585.0,0.0,54585.0,54585.0,54585.0,0.0
2023.10.31,54585.0,0.0,54585.0,54585.0,54585.0,0.0
2023.10.30,54585.0,0.0,54585.0,54585.0,54585.0,0.0
2023.10.27,54575.0,0.0,54575.0,54575.0,54575.0,0.0
2023.10.26,54575.0,0.0,54575.0,54575.0,54575.0,0.0
2023.10.25,54455.0,0.0,54455.0,54455.0,54455.0,0.0
2023.10.24,54455.0,0.0,54455.0,54455.0,54455.0,0.0
2023.10.23,54535.0,15.0,54440.0,54535.0,54440.0,3.0
2023.10.20,54520.0,-45.0,54520.0,54520.0,54520.0,1.0
2023.10.19,54565.0,125.0,54565.0,54565.0,54565.0,1.0
2023.10.18,54440.0,0.0,54440.0,54440.0,54440.0,0.0
2023.10.17,54355.0,0.0,54355.0,54355.0,54355.0,0.0
2023.10.16,54315.0,0.0,54315.0,54315.0,54315.0,0.0
2023.10.13,54275.0,0.0,54275.0,54275.0,54275.0,0.0
2023.10.12,54265.0,0.0,54265.0,54265.0,54265.0,0.0
2023.10.11,54320.0,0.0,54320.0,54320.0,54320.0,0.0
2023.10.10,54370.0,0.0,54370.0,54370.0,54370.0,0.0
2023.10.06,54390.0,0.0,54390.0,54390.0,54390.0,0.0
2023.10.05,54465.0,0.0,54465.0,54465.0,54465.0,0.0
2023.10.04,54465.0,0.0,54465.0,54465.0,54465.0,0.0
2023.09.27,54090.0,0.0,54090.0,54090.0,54090.0,0.0
2023.09.26,54090.0,0.0,54090.0,54090.0,54090.0,0.0
2023.09.25,54090.0,0.0,54090.0,54090.0,54090.0,0.0
2023.09.22,54115.0,0.0,54115.0,54115.0,54115.0,0.0
2023.09.21,54125.0,0.0,54125.0,54125.0,54125.0,0.0
2023.09.20,54055.0,0.0,54055.0,54055.0,54055.0,0.0
2023.09.19,54045.0,0.0,54045.0,54045.0,54045.0,0.0
2023.09.18,54045.0,0.0,54045.0,54045.0,54045.0,0.0
2023.09.15,53995.0,0.0,53995.0,53995.0,53995.0,0.0
2023.09.14,53995.0,0.0,53995.0,53995.0,53995.0,0.0
2023.09.13,54005.0,0.0,54005.0,54005.0,54005.0,0.0
2023.09.12,53995.0,0.0,53995.0,53995.0,53995.0,0.0
2023.09.11,53995.0,0.0,53995.0,53995.0,53995.0,0.0
2023.09.08,53915.0,0.0,53915.0,53915.0,53915.0,0.0
2023.09.07,53950.0,0.0,53950.0,53950.0,53950.0,0.0
2023.09.06,53815.0,0.0,53815.0,53815.0,53815.0,0.0
2023.09.05,53815.0,0.0,53815.0,53815.0,53815.0,0.0
2023.09.04,53755.0,0.0,53755.0,53755.0,53755.0,0.0
2023.09.01,53695.0,0.0,53695.0,53695.0,53695.0,0.0
2023.08.31,53695.0,0.0,53695.0,53695.0,53695.0,0.0
2023.08.30,53695.0,-60.0,53695.0,53695.0,53695.0,2098.0
2023.08.29,53755.0,0.0,53755.0,53755.0,53755.0,0.0
2023.08.28,53780.0,0.0,53780.0,53780.0,53780.0,0.0
2023.08.25,53780.0,0.0,53780.0,53780.0,53780.0,0.0
2023.08.24,53780.0,0.0,53780.0,53780.0,53780.0,0.0
2023.08.23,53785.0,0.0,53785.0,53785.0,53785.0,0.0
2023.08.22,53790.0,0.0,53790.0,53790.0,53790.0,0.0
2023.08.21,53745.0,15.0,53745.0,53745.0,53745.0,5.0
2023.08.18,53730.0,0.0,53730.0,53730.0,53730.0,0.0
2023.08.17,53790.0,0.0,53790.0,53790.0,53790.0,0.0
2023.08.16,53675.0,0.0,53675.0,53675.0,53675.0,0.0
2023.08.14,53675.0,0.0,53675.0,53675.0,53675.0,0.0
2023.08.11,53595.0,0.0,53595.0,53595.0,53595.0,0.0
2023.08.10,53575.0,0.0,53575.0,53575.0,53575.0,0.0
2023.08.09,53545.0,0.0,53545.0,53545.0,53545.0,0.0
2023.08.08,53545.0,0.0,53545.0,53545.0,53545.0,0.0
2023.08.07,53600.0,0.0,53600.0,53600.0,53600.0,0.0
2023.08.04,53640.0,0.0,53640.0,53640.0,53640.0,0.0
2023.08.03,53575.0,0.0,53575.0,53575.0,53575.0,0.0
2023.08.02,53535.0,0.0,53535.0,53535.0,53535.0,0.0
2023.08.01,53495.0,0.0,53495.0,53495.0,53495.0,0.0
2023.07.31,53565.0,140.0,53565.0,53565.0,53565.0,1.0
2023.07.28,53425.0,0.0,53425.0,53425.0,53425.0,0.0
2023.07.27,53380.0,0.0,53380.0,53380.0,53380.0,0.0
2023.07.26,53445.0,25.0,53445.0,53445.0,53445.0,1.0
2023.07.25,53420.0,0.0,53420.0,53420.0,53420.0,0.0
2023.07.24,53370.0,0.0,53370.0,53370.0,53370.0,0.0
2023.07.21,53340.0,0.0,53340.0,53340.0,53340.0,0.0
2023.07.20,53305.0,0.0,53305.0,53305.0,53305.0,0.0
2023.07.19,53280.0,0.0,53280.0,53280.0,53280.0,0.0
2023.07.18,53350.0,0.0,53350.0,53350.0,53350.0,0.0
2023.07.17,53355.0,0.0,53355.0,53355.0,53355.0,0.0
2023.07.14,53355.0,0.0,53355.0,53355.0,53355.0,0.0
2023.07.13,53355.0,0.0,53355.0,53355.0,53355.0,0.0
2023.07.12,53520.0,0.0,53520.0,53520.0,53520.0,0.0
2023.07.11,53530.0,-5.0,53530.0,53530.0,53530.0,2.0
2023.07.10,53535.0,0.0,53535.0,53535.0,53535.0,2.0
2023.07.07,53535.0,135.0,53535.0,53535.0,53535.0,2.0
2023.07.06,53400.0,105.0,53400.0,53400.0,53400.0,2.0
2023.07.05,53295.0,0.0,53295.0,53295.0,53295.0,0.0
2023.07.04,53280.0,0.0,53280.0,53280.0,53280.0,0.0
2023.07.03,53100.0,-285.0,53100.0,53100.0,53100.0,3.0
2023.06.30,53385.0,0.0,53385.0,53385.0,53385.0,0.0
2023.06.29,53220.0,0.0,53220.0,53220.0,53220.0,0.0
2023.06.28,53175.0,-25.0,53215.0,53215.0,53175.0,5.0
2023.06.27,53200.0,0.0,53200.0,53200.0,53200.0,0.0
2023.06.26,53215.0,0.0,53215.0,53215.0,53215.0,0.0
2023.06.23,53220.0,0.0,53220.0,53220.0,53220.0,0.0
2023.06.22,53190.0,0.0,53190.0,53190.0,53190.0,0.0
2023.06.21,53110.0,210.0,53110.0,53110.0,53110.0,1.0
2023.06.20,52900.0,-350.0,52900.0,52900.0,52900.0,4.0
2023.06.19,53250.0,110.0,53170.0,53250.0,53170.0,5.0
2023.06.16,53140.0,0.0,53140.0,53140.0,53140.0,0.0
2023.06.15,53085.0,-20.0,53085.0,53085.0,53085.0,5.0
2023.06.14,53105.0,140.0,53105.0,53105.0,53105.0,1.0
2023.06.13,52965.0,0.0,52965.0,52965.0,52965.0,0.0
2023.06.12,52960.0,0.0,52960.0,52960.0,52960.0,0.0
2023.06.09,52955.0,0.0,52955.0,52955.0,52955.0,0.0
2023.06.08,52955.0,50.0,52955.0,52955.0,52955.0,10.0
2023.06.07,52905.0,0.0,52905.0,52905.0,52905.0,0.0
2023.06.05,52915.0,0.0,52915.0,52915.0,52915.0,0.0
2023.06.02,52840.0,0.0,52840.0,52840.0,52840.0,0.0
2023.06.01,52880.0,0.0,52880.0,52880.0,52880.0,0.0
2023.05.31,52880.0,-145.0,52880.0,52880.0,52880.0,1.0
2023.05.30,53025.0,100.0,52950.0,53025.0,52950.0,21.0
2023.05.26,52925.0,0.0,52925.0,52925.0,52925.0,0.0
2023.05.25,52840.0,0.0,52840.0,52840.0,52840.0,0.0
2023.05.24,52670.0,0.0,52670.0,52670.0,52670.0,0.0
2023.05.23,52655.0,0.0,52655.0,52655.0,52655.0,0.0
2023.05.22,52620.0,0.0,52620.0,52620.0,52620.0,0.0
2023.05.19,52640.0,100.0,52640.0,52640.0,52640.0,1.0
2023.05.18,52540.0,0.0,52540.0,52540.0,52540.0,0.0
2023.05.17,52470.0,0.0,52470.0,52470.0,52470.0,0.0
2023.05.16,52470.0,0.0,52470.0,52470.0,52470.0,0.0
2023.05.15,52470.0,0.0,52470.0,52470.0,52470.0,0.0
2023.05.12,52410.0,0.0,52410.0,52410.0,52410.0,0.0
2023.05.11,52410.0,0.0,52410.0,52410.0,52410.0,0.0
2023.05.10,52460.0,0.0,52460.0,52460.0,52460.0,0.0
2023.05.09,52425.0,0.0,52425.0,52425.0,52425.0,0.0
2023.05.08,52425.0,0.0,52425.0,52425.0,52425.0,0.0
2023.05.04,52375.0,0.0,52375.0,52375.0,52375.0,0.0
2023.05.03,52485.0,0.0,52485.0,52485.0,52485.0,0.0
2023.05.02,52510.0,0.0,52510.0,52510.0,52510.0,0.0
2023.04.28,52435.0,0.0,52435.0,52435.0,52435.0,0.0
2023.04.27,52415.0,0.0,52415.0,52415.0,52415.0,0.0
2023.04.26,52355.0,-10.0,52315.0,52395.0,52315.0,103.0
2023.04.25,52365.0,-15.0,52360.0,52365.0,52360.0,3.0
2023.04.24,52380.0,0.0,52380.0,52380.0,52380.0,0.0
2023.04.21,52430.0,0.0,52430.0,52430.0,52430.0,0.0
2023.04.20,52580.0,100.0,52545.0,52585.0,52545.0,4.0
2023.04.19,52480.0,0.0,52480.0,52480.0,52480.0,0.0
2023.04.18,52405.0,0.0,52405.0,52405.0,52405.0,0.0
2023.04.17,52385.0,0.0,52385.0,52385.0,52385.0,0.0
2023.04.14,52270.0,0.0,52270.0,52270.0,52270.0,0.0
2023.04.13,52270.0,0.0,52270.0,52270.0,52270.0,0.0
2023.04.12,52315.0,0.0,52315.0,52315.0,52315.0,0.0
2023.04.11,52320.0,20.0,51940.0,52320.0,51940.0,78.0
2023.04.10,52300.0,5.0,52300.0,52300.0,52300.0,300.0
2023.04.07,52295.0,50.0,52295.0,52295.0,52295.0,1.0
2023.04.06,52245.0,0.0,52245.0,52245.0,52245.0,0.0
2023.04.05,52320.0,0.0,52320.0,52320.0,52320.0,0.0
2023.04.04,52340.0,0.0,52340.0,52340.0,52340.0,0.0
2023.04.03,52385.0,90.0,52360.0,52385.0,52360.0,111.0
2023.03.31,52295.0,35.0,52295.0,52295.0,52295.0,19.0
2023.03.30,52260.0,0.0,52260.0,52260.0,52260.0,0.0
2023.03.29,52260.0,0.0,52260.0,52260.0,52260.0,0.0
2023.03.28,52235.0,145.0,52235.0,52235.0,52235.0,5.0
2023.03.27,52090.0,-40.0,52115.0,52115.0,52090.0,109.0
2023.03.24,52130.0,0.0,52130.0,52130.0,52130.0,0.0
2023.03.23,52310.0,-20.0,52310.0,52310.0,52310.0,10.0
2023.03.22,52330.0,0.0,52330.0,52330.0,52330.0,0.0
2023.03.21,52340.0,0.0,52340.0,52340.0,52340.0,0.0
2023.03.20,52350.0,-95.0,52350.0,52350.0,52350.0,19.0
2023.03.17,52445.0,0.0,52445.0,52445.0,52445.0,0.0
2023.03.16,52445.0,0.0,52445.0,52445.0,52445.0,0.0
2023.03.15,52510.0,0.0,52510.0,52510.0,52510.0,0.0
2023.03.14,52290.0,-200.0,52290.0,52290.0,52290.0,100.0
2023.03.13,52490.0,-340.0,52490.0,52490.0,52490.0,200.0
2023.03.10,52830.0,-310.0,52830.0,52830.0,52830.0,10.0
2023.03.09,53140.0,35.0,53015.0,53140.0,53015.0,6.0
2023.03.08,53105.0,185.0,53130.0,53130.0,53105.0,29.0
2023.03.07,52920.0,0.0,52920.0,52920.0,52920.0,0.0
2023.03.06,52950.0,-230.0,52945.0,52960.0,52945.0,248.0
2023.03.03,53180.0,-25.0,53200.0,53205.0,53180.0,9.0
2023.03.02,53205.0,160.0,53205.0,53205.0,53205.0,1.0
2023.02.28,53045.0,0.0,53045.0,53045.0,53045.0,0.0
2023.02.27,52805.0,140.0,52805.0,52805.0,52805.0,1.0
2023.02.24,52665.0,-135.0,52670.0,52670.0,52665.0,42.0
2023.02.23,52800.0,0.0,52725.0,52800.0,52725.0,186.0
2023.02.22,52800.0,-25.0,52850.0,52850.0,52800.0,169.0
2023.02.21,52825.0,105.0,52820.0,52825.0,52820.0,22.0
2023.02.20,52720.0,-40.0,52720.0,52720.0,52720.0,1.0
2023.02.17,52760.0,285.0,52620.0,52760.0,52620.0,17.0
2023.02.16,52475.0,-20.0,52495.0,52500.0,52475.0,79.0
2023.02.15,52495.0,115.0,52465.0,52495.0,52465.0,3.0
2023.02.14,52380.0,0.0,52380.0,52380.0,52380.0,0.0
2023.02.13,52385.0,0.0,52385.0,52385.0,52385.0,0.0
2023.02.10,52320.0,25.0,52320.0,52320.0,52320.0,10.0
2023.02.09,52295.0,0.0,52295.0,52295.0,52295.0,0.0
2023.02.08,52205.0,0.0,52205.0,52205.0,52205.0,0.0
2023.02.07,52190.0,0.0,52190.0,52190.0,52190.0,0.0
2023.02.06,52100.0,0.0,52100.0,52100.0,52100.0,0.0
2023.02.03,51845.0,-125.0,51845.0,51845.0,51845.0,9.0
2023.02.02,51970.0,-80.0,51970.0,51970.0,51970.0,1.0
2023.02.01,52050.0,0.0,52050.0,52050.0,52050.0,16.0
2023.01.31,52050.0,-40.0,52050.0,52050.0,52050.0,175.0
2023.01.30,52090.0,55.0,52090.0,52090.0,52090.0,1.0
2023.01.27,52035.0,0.0,52035.0,52035.0,52035.0,0.0
2023.01.26,51960.0,-55.0,51960.0,51960.0,51960.0,1.0
2023.01.25,52015.0,0.0,52015.0,52015.0,52015.0,0.0
2023.01.20,52015.0,0.0,0.0,0.0,0.0,0.0
2023.01.19,51970.0,-140.0,51970.0,51970.0,51970.0,13.0
2023.01.18,52110.0,-70.0,52110.0,52110.0,52110.0,0.0
2023.01.17,52180.0,125.0,52180.0,52180.0,52180.0,1.0
2023.01.16,52055.0,25.0,52055.0,52055.0,52055.0,19.0
2023.01.13,52030.0,-160.0,52030.0,52030.0,52030.0,5.0
2023.01.12,52190.0,-15.0,52190.0,52190.0,52190.0,0.0
2023.01.11,52205.0,-95.0,52205.0,52205.0,52205.0,0.0
2023.01.10,52300.0,0.0,52300.0,52300.0,52300.0,0.0
2023.01.09,52300.0,-275.0,52300.0,52300.0,52300.0,1.0
2023.01.06,52575.0,120.0,52575.0,52575.0,52575.0,1.0
2023.01.05,52455.0,70.0,52455.0,52455.0,52455.0,0.0
2023.01.04,52385.0,-150.0,52385.0,52385.0,52385.0,10.0
2023.01.03,52535.0,-165.0,52535.0,52535.0,52535.0,0.0
2023.01.02,52700.0,115.0,52700.0,52700.0,52700.0,3.0
2022.12.29,52585.0,95.0,52585.0,52585.0,52585.0,2.0
2022.12.28,52490.0,45.0,52490.0,52490.0,52490.0,0.0
2022.12.27,52445.0,0.0,52445.0,52445.0,52445.0,2.0
2022.12.26,52445.0,80.0,52445.0,52445.0,52445.0,0.0
2022.12.23,52365.0,70.0,52365.0,52365.0,52365.0,0.0
2022.12.22,52295.0,-90.0,52295.0,52295.0,52295.0,0.0
2022.12.21,52385.0,-30.0,52385.0,52385.0,52385.0,0.0
2022.12.20,52415.0,215.0,52455.0,52455.0,52415.0,2.0
2022.12.19,52200.0,35.0,52175.0,52200.0,52165.0,7.0
2022.12.16,52165.0,-15.0,52165.0,52165.0,52165.0,0.0
2022.12.15,52180.0,25.0,52165.0,52180.0,52165.0,21.0
2022.12.14,52155.0,-115.0,52155.0,52155.0,52155.0,2.0
2022.12.13,52270.0,20.0,52240.0,52270.0,52240.0,49.0
2022.12.12,52250.0,0.0,52250.0,52250.0,52250.0,1.0
2022.12.09,52250.0,-10.0,52230.0,52250.0,52225.0,22.0
2022.12.08,52260.0,25.0,52215.0,52265.0,52215.0,9.0
2022.12.07,52235.0,25.0,52240.0,52240.0,52235.0,6.0
2022.12.06,52210.0,35.0,52175.0,52210.0,52175.0,4.0
2022.12.05,52175.0,45.0,52175.0,52175.0,52175.0,19.0
2022.12.02,52130.0,-5.0,52130.0,52130.0,52130.0,197.0
2022.12.01,52135.0,-80.0,52125.0,52135.0,52125.0,27.0
2022.11.30,52215.0,-25.0,52250.0,52250.0,52215.0,501.0
2022.11.29,52240.0,45.0,52240.0,52240.0,52240.0,0.0
2022.11.28,52195.0,15.0,52195.0,52195.0,52195.0,19.0
2022.11.25,52180.0,-45.0,52180.0,52180.0,52180.0,0.0
2022.11.24,52225.0,-220.0,52355.0,52355.0,52225.0,22.0
2022.11.23,52445.0,-5.0,52460.0,52460.0,52445.0,31.0
2022.11.22,52450.0,65.0,52460.0,52460.0,52450.0,2.0
2022.11.21,52385.0,0.0,52380.0,52385.0,52380.0,49.0
2022.11.18,52385.0,0.0,52385.0,52385.0,52385.0,0.0
2022.11.17,52385.0,-30.0,52385.0,52385.0,52385.0,1.0
2022.11.16,52415.0,30.0,52320.0,52415.0,52320.0,251.0
2022.11.15,52385.0,-25.0,52385.0,52385.0,52385.0,14.0
2022.11.14,52410.0,75.0,52405.0,52410.0,52405.0,9.0
2022.11.11,52335.0,-415.0,52350.0,52405.0,52310.0,60.0
2022.11.10,52750.0,-70.0,52695.0,52750.0,52695.0,143.0
2022.11.09,52820.0,-115.0,52865.0,52865.0,52775.0,78.0
2022.11.08,52935.0,-20.0,52910.0,52960.0,52885.0,55.0
2022.11.07,52955.0,90.0,52935.0,52955.0,52935.0,7.0
2022.11.04,52865.0,-100.0,52865.0,52865.0,52865.0,5.0
2022.11.03,52965.0,100.0,52950.0,52965.0,52940.0,5.0
2022.11.02,52865.0,-80.0,52870.0,52870.0,52865.0,350.0
2022.11.01,52945.0,10.0,52945.0,52945.0,52945.0,11.0
2022.10.31,52935.0,100.0,52955.0,52955.0,52890.0,162.0
2022.10.28,52835.0,-60.0,52835.0,52835.0,52835.0,0.0
2022.10.27,52895.0,-155.0,52895.0,52895.0,52895.0,5.0
2022.10.26,53050.0,-35.0,53100.0,53100.0,53050.0,26.0
2022.10.25,53085.0,-115.0,53260.0,53295.0,53085.0,44.0
2022.10.24,53200.0,-275.0,53230.0,53230.0,53195.0,11.0
2022.10.21,53475.0,300.0,53365.0,53475.0,53325.0,294.0
2022.10.20,53175.0,35.0,53115.0,53265.0,53115.0,156.0
2022.10.19,53140.0,145.0,53135.0,53140.0,53135.0,13.0
2022.10.18,52995.0,20.0,52985.0,53095.0,52985.0,112.0
2022.10.17,52975.0,70.0,53095.0,53095.0,52975.0,157.0
2022.10.14,52905.0,-80.0,53070.0,53070.0,52905.0,5.0
2022.10.13,52985.0,150.0,52830.0,52990.0,52830.0,139.0
2022.10.12,52835.0,-355.0,53250.0,53250.0,52805.0,120.0
2022.10.11,53190.0,155.0,53215.0,53230.0,53175.0,107.0
2022.10.07,53035.0,135.0,53030.0,53065.0,53010.0,17.0
2022.10.06,52900.0,55.0,53025.0,53025.0,52900.0,798.0
2022.10.05,52845.0,135.0,52710.0,52845.0,52710.0,4.0
2022.10.04,52710.0,-350.0,52780.0,52780.0,52710.0,5.0
2022.09.30,53060.0,-145.0,53010.0,53125.0,53010.0,18.0
2022.09.29,53205.0,80.0,52830.0,53205.0,52830.0,266.0
2022.09.28,53125.0,-40.0,53250.0,53450.0,53010.0,204.0
2022.09.27,53165.0,-290.0,53415.0,53415.0,53140.0,156.0
2022.09.26,53455.0,510.0,53145.0,53455.0,53145.0,596.0
2022.09.23,52945.0,180.0,52990.0,53215.0,52945.0,621.0
2022.09.22,52765.0,180.0,52660.0,52780.0,52660.0,213.0
2022.09.21,52585.0,180.0,52525.0,52585.0,52520.0,303.0
2022.09.20,52405.0,15.0,52380.0,52465.0,52380.0,32.0
2022.09.19,52390.0,25.0,52380.0,52455.0,52380.0,22.0
2022.09.16,52365.0,-30.0,52350.0,52415.0,52350.0,37.0
2022.09.15,52395.0,240.0,52210.0,52395.0,52210.0,3.0
2022.09.14,52155.0,-25.0,52275.0,52310.0,52155.0,24.0
2022.09.13,52180.0,-55.0,52180.0,52180.0,52180.0,1.0
2022.09.08,52235.0,-110.0,52235.0,52235.0,52235.0,1.0
2022.09.07,52345.0,25.0,52430.0,52430.0,52345.0,15.0
2022.09.06,52320.0,55.0,52265.0,52320.0,52265.0,21.0
2022.09.05,52265.0,-165.0,52265.0,52265.0,52265.0,1.0
2022.09.02,52430.0,-80.0,52445.0,52445.0,52430.0,2.0
2022.09.01,52510.0,70.0,52490.0,52510.0,52490.0,5.0
2022.08.31,52440.0,120.0,52445.0,52445.0,52435.0,3.0
2022.08.30,52320.0,-30.0,52320.0,52320.0,52320.0,0.0
2022.08.29,52350.0,370.0,52405.0,52410.0,52350.0,15.0
2022.08.26,51980.0,-40.0,52055.0,52055.0,51980.0,20.0
2022.08.25,52020.0,290.0,52020.0,52020.0,52020.0,20.0
2022.08.24,51730.0,40.0,51730.0,51730.0,51730.0,0.0
2022.08.23,51690.0,75.0,51720.0,51720.0,51690.0,2.0
2022.08.22,51615.0,80.0,51615.0,51615.0,51615.0,0.0
2022.08.19,51535.0,115.0,51535.0,51535.0,51535.0,0.0
2022.08.18,51420.0,65.0,51420.0,51420.0,51420.0,0.0
2022.08.17,51355.0,5.0,51355.0,51355.0,51355.0,0.0
2022.08.16,51350.0,-135.0,51410.0,51455.0,51350.0,86.0
2022.08.12,51485.0,10.0,51485.0,51485.0,51485.0,30.0
2022.08.11,51475.0,0.0,51475.0,51475.0,51475.0,0.0
2022.08.10,51475.0,25.0,51475.0,51475.0,51475.0,20.0
2022.08.09,51450.0,-35.0,51405.0,51450.0,51405.0,2.0
2022.08.08,51485.0,115.0,51460.0,51485.0,51445.0,39.0
2022.08.05,51370.0,0.0,51370.0,51370.0,51370.0,0.0
2022.08.04,51370.0,0.0,51370.0,51370.0,51370.0,0.0
2022.08.03,51370.0,65.0,51370.0,51370.0,51370.0,82.0
2022.08.02,51305.0,-75.0,51305.0,51305.0,51305.0,0.0
2022.08.01,51380.0,150.0,51380.0,51380.0,51380.0,1.0
2022.07.29,51230.0,-190.0,51320.0,51320.0,51230.0,20.0
2022.07.28,51420.0,10.0,51420.0,51420.0,51420.0,0.0
2022.07.27,51410.0,-10.0,51410.0,51410.0,51410.0,19.0
2022.07.26,51420.0,15.0,51420.0,51420.0,51420.0,0.0
2022.07.25,51405.0,-170.0,51405.0,51405.0,51405.0,19.0
2022.07.22,51575.0,-80.0,51575.0,51575.0,51575.0,30.0
2022.07.21,51655.0,60.0,51675.0,51675.0,51655.0,12.0
2022.07.20,51595.0,50.0,51575.0,51595.0,51575.0,2.0
2022.07.19,51545.0,30.0,51605.0,51605.0,51545.0,68.0
2022.07.18,51515.0,-45.0,51560.0,51560.0,51445.0,260.0
2022.07.15,51560.0,-135.0,51595.0,51605.0,51560.0,1632.0
2022.07.14,51695.0,135.0,51695.0,51695.0,51695.0,2.0
2022.07.13,51560.0,-130.0,51560.0,51560.0,51560.0,0.0
2022.07.12,51690.0,-100.0,51690.0,51690.0,51690.0,1.0
2022.07.11,51790.0,10.0,51785.0,51840.0,51785.0,4.0
2022.07.08,51780.0,160.0,51775.0,51780.0,51775.0,63.0
2022.07.07,51620.0,-85.0,51715.0,51715.0,51620.0,2.0
2022.07.06,51705.0,-65.0,51695.0,51705.0,51695.0,11.0
2022.07.05,51770.0,-230.0,52030.0,52030.0,51770.0,32.0
2022.07.04,52000.0,0.0,52000.0,52000.0,52000.0,5.0
2022.07.01,52000.0,-245.0,52130.0,52130.0,51985.0,391.0
2022.06.30,52245.0,-30.0,52245.0,52245.0,52245.0,300.0
2022.06.29,52275.0,0.0,52340.0,52340.0,52275.0,42.0
2022.06.28,52275.0,35.0,52295.0,52295.0,52220.0,45.0
2022.06.27,52240.0,30.0,52315.0,52315.0,52240.0,190.0
2022.06.24,52210.0,-80.0,52260.0,52260.0,52210.0,1006.0
2022.06.23,52290.0,-95.0,52195.0,52290.0,52115.0,117.0
2022.06.22,52385.0,-40.0,52470.0,52470.0,52385.0,9.0
2022.06.21,52425.0,-165.0,52505.0,52505.0,52425.0,13.0
2022.06.20,52590.0,15.0,52635.0,52640.0,52565.0,266.0
2022.06.17,52575.0,80.0,52530.0,52670.0,52530.0,116.0
2022.06.16,52495.0,-55.0,52330.0,52560.0,52280.0,269.0
2022.06.15,52550.0,180.0,52425.0,52560.0,52370.0,28.0
2022.06.14,52370.0,165.0,52600.0,52600.0,52345.0,86.0
2022.06.13,52205.0,295.0,52210.0,52310.0,52195.0,140.0
2022.06.10,51910.0,10.0,51935.0,51940.0,51905.0,40.0
2022.06.09,51900.0,-80.0,51900.0,51900.0,51900.0,0.0
2022.06.08,51980.0,45.0,51915.0,51980.0,51915.0,117.0
2022.06.07,51935.0,120.0,51850.0,51935.0,51850.0,3.0
2022.06.03,51815.0,-10.0,51855.0,51870.0,51815.0,11.0
2022.06.02,51825.0,215.0,51765.0,51855.0,51760.0,38.0
2022.05.31,51610.0,160.0,51610.0,51610.0,51610.0,0.0
2022.05.30,51450.0,-45.0,51470.0,51470.0,51450.0,14.0
2022.05.27,51495.0,0.0,51495.0,51495.0,51495.0,0.0
2022.05.26,51495.0,10.0,51495.0,51495.0,51495.0,0.0
2022.05.25,51485.0,-60.0,51485.0,51485.0,51485.0,7.0
2022.05.24,51545.0,-115.0,51625.0,51625.0,51545.0,17.0
2022.05.23,51660.0,10.0,51660.0,51660.0,51660.0,1.0
2022.05.20,51650.0,-95.0,51650.0,51650.0,51650.0,0.0
2022.05.19,51745.0,-5.0,51715.0,51745.0,51715.0,4.0
2022.05.18,51750.0,70.0,51720.0,51750.0,51690.0,466.0
2022.05.17,51680.0,0.0,51680.0,51680.0,51680.0,40.0
2022.05.16,51680.0,130.0,51680.0,51680.0,51680.0,0.0
2022.05.13,51550.0,20.0,51550.0,51550.0,51550.0,8.0
2022.05.12,51530.0,-110.0,51530.0,51530.0,51530.0,0.0
2022.05.11,51640.0,-80.0,51645.0,51645.0,51635.0,6.0
2022.05.10,51720.0,-160.0,51680.0,51720.0,51680.0,8.0
2022.05.09,51880.0,-70.0,51895.0,51895.0,51880.0,6.0
2022.05.06,51950.0,-100.0,51960.0,51960.0,51940.0,28.0
2022.05.04,52050.0,165.0,51955.0,52050.0,51955.0,95.0
2022.05.03,51885.0,70.0,51925.0,51925.0,51865.0,33.0
2022.05.02,51815.0,195.0,51740.0,51860.0,51740.0,138.0
2022.04.29,51620.0,70.0,51620.0,51620.0,51620.0,0.0
2022.04.28,51550.0,150.0,51550.0,51550.0,51550.0,0.0
2022.04.27,51400.0,-115.0,51420.0,51420.0,51400.0,12.0
2022.04.26,51515.0,-20.0,51470.0,51515.0,51470.0,31.0
2022.04.25,51535.0,-165.0,51535.0,51535.0,51535.0,0.0
2022.04.22,51700.0,105.0,51700.0,51700.0,51700.0,18.0
2022.04.21,51595.0,-5.0,51595.0,51595.0,51595.0,20.0
2022.04.20,51600.0,-105.0,51750.0,51750.0,51600.0,12.0
2022.04.19,51705.0,-40.0,51705.0,51705.0,51705.0,0.0
2022.04.18,51745.0,175.0,51750.0,51750.0,51745.0,11.0
2022.04.15,51570.0,-100.0,51570.0,51570.0,51570.0,1.0
2022.04.14,51670.0,-80.0,51705.0,51705.0,51660.0,865.0
2022.04.13,51750.0,-135.0,51780.0,51785.0,51750.0,31.0
2022.04.12,51885.0,45.0,51900.0,51910.0,51885.0,24.0
2022.04.11,51840.0,265.0,51815.0,51840.0,51815.0,774.0
2022.04.08,51575.0,70.0,51575.0,51575.0,51575.0,17.0
2022.04.07,51505.0,-155.0,51505.0,51505.0,51505.0,1.0
2022.04.06,51660.0,320.0,51710.0,51710.0,51660.0,39.0
2022.04.05,51340.0,-75.0,51340.0,51350.0,51340.0,27.0
2022.04.04,51415.0,155.0,51415.0,51415.0,51415.0,0.0
2022.04.01,51260.0,105.0,51215.0,51315.0,51215.0,52.0
2022.03.31,51155.0,70.0,51155.0,51155.0,51155.0,0.0
2022.03.30,51085.0,-265.0,51200.0,51200.0,51085.0,15.0
2022.03.29,51350.0,0.0,51350.0,51350.0,51350.0,6.0
2022.03.28,51350.0,415.0,51350.0,51350.0,51350.0,10.0
2022.03.25,50935.0,85.0,50940.0,50975.0,50935.0,6.0
2022.03.24,50850.0,35.0,50850.0,50850.0,50850.0,0.0
2022.03.23,50815.0,35.0,50815.0,50815.0,50815.0,0.0
2022.03.22,50780.0,195.0,50780.0,50780.0,50780.0,0.0
2022.03.21,50585.0,55.0,50585.0,50585.0,50585.0,0.0
2022.03.18,50530.0,-5.0,50530.0,50530.0,50530.0,52.0
2022.03.17,50535.0,-75.0,50535.0,50535.0,50535.0,0.0
2022.03.16,50610.0,-15.0,50610.0,50610.0,50610.0,0.0
2022.03.15,50625.0,0.0,50625.0,50625.0,50625.0,0.0
2022.03.14,50625.0,0.0,50625.0,50625.0,50625.0,0.0
2022.03.11,50625.0,-50.0,50625.0,50625.0,50625.0,0.0
2022.03.10,50675.0,-40.0,50675.0,50675.0,50675.0,0.0
2022.03.08,50715.0,115.0,50715.0,50715.0,50715.0,1.0
2022.03.07,50600.0,10.0,50600.0,50600.0,50600.0,25.0
2022.03.04,50590.0,55.0,50595.0,50595.0,50590.0,11.0
2022.03.03,50535.0,40.0,50535.0,50535.0,50535.0,0.0
2022.03.02,50495.0,-165.0,50495.0,50495.0,50495.0,15.0
2022.02.28,50660.0,-10.0,50660.0,50660.0,50660.0,0.0
2022.02.25,50670.0,-140.0,50670.0,50670.0,50670.0,0.0
2022.02.24,50810.0,65.0,50810.0,50810.0,50810.0,10.0
2022.02.23,50745.0,0.0,50745.0,50745.0,50745.0,0.0
2022.02.22,50745.0,-30.0,50770.0,50770.0,50745.0,19.0
2022.02.21,50775.0,0.0,50775.0,50775.0,50775.0,3.0
2022.02.18,50775.0,0.0,50775.0,50775.0,50775.0,0.0
2022.02.17,50775.0,-45.0,50775.0,50775.0,50775.0,0.0
2022.02.16,50820.0,-60.0,50820.0,50820.0,50820.0,0.0
2022.02.15,50880.0,85.0,50890.0,50890.0,50880.0,24.0
2022.02.14,50795.0,-80.0,50795.0,50795.0,50795.0,9.0
2022.02.11,50875.0,80.0,50875.0,50875.0,50875.0,0.0
2022.02.10,50795.0,-30.0,50795.0,50795.0,50795.0,0.0
2022.02.09,50825.0,-5.0,50825.0,50825.0,50825.0,0.0
2022.02.08,50830.0,110.0,50830.0,50830.0,50830.0,15.0
2022.02.07,50720.0,125.0,50640.0,50720.0,50640.0,51.0
2022.02.04,50595.0,-10.0,50615.0,50645.0,50595.0,53.0
2022.02.03,50605.0,-70.0,50605.0,50605.0,50605.0,0.0
2022.01.28,50675.0,45.0,50635.0,50675.0,50635.0,16.0
2022.01.27,50630.0,30.0,50630.0,50630.0,50630.0,1.0
2022.01.26,50600.0,-5.0,50600.0,50600.0,50600.0,0.0
2022.01.25,50605.0,90.0,50485.0,50605.0,50485.0,22.0
2022.01.24,50515.0,-50.0,50515.0,50515.0,50515.0,123.0
2022.01.21,50565.0,-20.0,50565.0,50565.0,50565.0,2.0
2022.01.20,50585.0,-10.0,50530.0,50585.0,50530.0,4.0
2022.01.19,50595.0,5.0,50595.0,50595.0,50595.0,2.0
2022.01.18,50590.0,-5.0,50590.0,50590.0,50590.0,25.0
2022.01.17,50595.0,135.0,50475.0,50595.0,50475.0,78.0
2022.01.14,50460.0,110.0,50340.0,50460.0,50340.0,10.0
2022.01.13,50350.0,-35.0,50385.0,50385.0,50350.0,2.0
2022.01.12,50385.0,-45.0,50425.0,50425.0,50360.0,19.0
2022.01.11,50430.0,-80.0,50430.0,50430.0,50430.0,10.0
2022.01.10,50510.0,60.0,50510.0,50510.0,50510.0,11.0
2022.01.07,50450.0,-45.0,50450.0,50450.0,50450.0,150.0
2022.01.06,50495.0,225.0,50395.0,50495.0,50385.0,236.0
2022.01.05,50270.0,70.0,50270.0,50270.0,50270.0,1.0
2022.01.04,50200.0,5.0,50200.0,50200.0,50200.0,1.0
2022.01.03,50195.0,130.0,50195.0,50195.0,50195.0,47.0
2021.12.30,50065.0,0.0,50065.0,50065.0,50065.0,0.0
2021.12.29,50065.0,-5.0,50065.0,50065.0,50065.0,0.0
2021.12.28,50070.0,-5.0,50070.0,50070.0,50070.0,1.0
2021.12.27,50075.0,-5.0,50075.0,50075.0,50075.0,0.0
2021.12.24,50080.0,0.0,50080.0,50080.0,50080.0,0.0
2021.12.23,50080.0,80.0,50080.0,50080.0,50080.0,3.0
2021.12.22,50000.0,-5.0,50000.0,50000.0,50000.0,100.0
2021.12.21,50005.0,-45.0,50005.0,50005.0,50005.0,0.0
2021.12.20,50050.0,-75.0,50050.0,50050.0,50050.0,0.0
2021.12.17,50125.0,-55.0,50125.0,50125.0,50125.0,0.0
2021.12.16,50180.0,30.0,50190.0,50190.0,50180.0,120.0
2021.12.15,50150.0,40.0,50150.0,50150.0,50150.0,0.0
2021.12.14,50110.0,-70.0,50110.0,50110.0,50110.0,6.0
2021.12.13,50180.0,-20.0,50180.0,50180.0,50180.0,6.0
2021.12.10,50200.0,0.0,50200.0,50200.0,50200.0,0.0
2021.12.09,50200.0,-30.0,50190.0,50200.0,50190.0,90.0
2021.12.08,50230.0,-20.0,50230.0,50230.0,50230.0,5.0
2021.12.07,50250.0,-5.0,50250.0,50250.0,50250.0,0.0
2021.12.06,50255.0,-5.0,50255.0,50255.0,50255.0,0.0
2021.12.03,50260.0,60.0,50260.0,50260.0,50260.0,0.0
2021.12.02,50200.0,20.0,50200.0,50200.0,50200.0,100.0
2021.12.01,50180.0,0.0,50180.0,50180.0,50180.0,126.0
2021.11.30,50180.0,-50.0,50180.0,50180.0,50180.0,2.0
2021.11.29,50230.0,-40.0,50270.0,50280.0,50230.0,354.0
2021.11.26,50270.0,-125.0,50270.0,50270.0,50270.0,2.0
2021.11.25,50395.0,-125.0,50450.0,50450.0,50395.0,7.0
2021.11.24,50520.0,-10.0,50520.0,50520.0,50520.0,0.0
2021.11.23,50530.0,0.0,50585.0,50585.0,50530.0,36.0
2021.11.22,50530.0,90.0,50530.0,50530.0,50530.0,200.0
2021.11.19,50440.0,0.0,50440.0,50440.0,50440.0,0.0
2021.11.18,50440.0,0.0,50440.0,50440.0,50440.0,0.0
2021.11.17,50440.0,15.0,50440.0,50440.0,50440.0,0.0
2021.11.16,50425.0,40.0,50425.0,50425.0,50425.0,0.0
2021.11.15,50385.0,-55.0,50385.0,50385.0,50385.0,0.0
2021.11.12,50440.0,70.0,50440.0,50440.0,50440.0,0.0
2021.11.11,50370.0,50.0,50370.0,50370.0,50370.0,65.0
2021.11.10,50320.0,-15.0,50320.0,50320.0,50320.0,2.0
2021.11.09,50335.0,-50.0,50335.0,50335.0,50335.0,0.0
2021.11.08,50385.0,-45.0,50385.0,50385.0,50385.0,0.0
2021.11.05,50430.0,-165.0,50465.0,50465.0,50430.0,7.0
2021.11.04,50595.0,-15.0,50595.0,50595.0,50595.0,0.0
2021.11.03,50610.0,10.0,50555.0,50610.0,50530.0,2052.0
2021.11.02,50600.0,-120.0,50650.0,50650.0,50600.0,22.0
2021.11.01,50720.0,65.0,50740.0,50780.0,50720.0,382.0
2021.10.29,50655.0,75.0,50660.0,50675.0,50655.0,43.0
2021.10.28,50580.0,-20.0,50800.0,50800.0,50580.0,128.0
2021.10.27,50600.0,85.0,50520.0,50600.0,50520.0,119.0
2021.10.26,50515.0,65.0,50450.0,50555.0,50450.0,167.0
2021.10.25,50450.0,35.0,50415.0,50450.0,50415.0,106.0
2021.10.22,50415.0,65.0,50415.0,50415.0,50415.0,0.0
2021.10.21,50350.0,-65.0,50395.0,50395.0,50350.0,9.0
2021.10.20,50415.0,20.0,50445.0,50465.0,50410.0,12.0
2021.10.19,50395.0,-30.0,50395.0,50395.0,50395.0,0.0
2021.10.18,50425.0,125.0,50430.0,50430.0,50425.0,6.0
2021.10.15,50300.0,-35.0,50300.0,50300.0,50300.0,0.0
2021.10.14,50335.0,0.0,50335.0,50335.0,50335.0,0.0
2021.10.13,50335.0,200.0,50335.0,50335.0,50335.0,0.0
2021.10.12,50135.0,0.0,50135.0,50135.0,50135.0,1.0
2021.10.08,50135.0,-95.0,50230.0,50230.0,50135.0,38.0
2021.10.07,50230.0,20.0,50230.0,50230.0,50230.0,4.0
2021.10.06,50210.0,135.0,50210.0,50210.0,50210.0,0.0
2021.10.05,50075.0,15.0,50075.0,50075.0,50075.0,0.0
2021.10.01,50060.0,25.0,50060.0,50060.0,50060.0,0.0
2021.09.30,50035.0,-35.0,50035.0,50035.0,50035.0,0.0
2021.09.29,50070.0,120.0,50035.0,50070.0,50035.0,2.0
2021.09.28,49950.0,0.0,49950.0,49950.0,49950.0,1.0
2021.09.27,49950.0,15.0,49950.0,49950.0,49950.0,1.0
2021.09.24,49935.0,25.0,49935.0,49935.0,49935.0,0.0
2021.09.23,49910.0,40.0,49910.0,49910.0,49910.0,0.0
2021.09.17,49870.0,25.0,49870.0,49870.0,49870.0,0.0
2021.09.16,49845.0,0.0,49845.0,49845.0,49845.0,0.0
2021.09.15,49845.0,-50.0,49845.0,49845.0,49845.0,0.0
2021.09.14,49895.0,55.0,49895.0,49895.0,49895.0,1.0
2021.09.13,49840.0,15.0,49840.0,49840.0,49840.0,0.0
2021.09.10,49825.0,5.0,49825.0,49825.0,49825.0,0.0
2021.09.09,49820.0,15.0,49820.0,49820.0,49820.0,0.0
2021.09.08,49805.0,45.0,49805.0,49805.0,49805.0,0.0
2021.09.07,49760.0,15.0,49760.0,49760.0,49760.0,0.0
2021.09.06,49745.0,20.0,49745.0,49745.0,49745.0,1.0
2021.09.03,49725.0,30.0,49725.0,49725.0,49725.0,0.0
2021.09.02,49695.0,20.0,49695.0,49695.0,49695.0,0.0
2021.09.01,49675.0,-25.0,49675.0,49675.0,49675.0,250.0
2021.08.31,49700.0,-10.0,49700.0,49700.0,49700.0,0.0
2021.08.30,49710.0,-25.0,49710.0,49710.0,49710.0,0.0
2021.08.27,49735.0,-5.0,49735.0,49735.0,49735.0,0.0
2021.08.26,49740.0,-15.0,49740.0,49740.0,49740.0,0.0
2021.08.25,49755.0,0.0,49755.0,49755.0,49755.0,0.0
2021.08.24,49755.0,70.0,49755.0,49755.0,49755.0,0.0
2021.08.23,49685.0,30.0,49685.0,49685.0,49685.0,0.0
2021.08.20,49655.0,0.0,49655.0,49655.0,49655.0,0.0
2021.08.19,49655.0,-70.0,49655.0,49655.0,49655.0,10.0
2021.08.18,49725.0,-20.0,49725.0,49725.0,49725.0,0.0
2021.08.17,49745.0,-10.0,49745.0,49745.0,49745.0,0.0
2021.08.13,49755.0,-20.0,49755.0,49755.0,49755.0,400.0
2021.08.12,49775.0,-5.0,49775.0,49775.0,49775.0,0.0
2021.08.11,49780.0,-40.0,49780.0,49780.0,49780.0,0.0
2021.08.10,49820.0,25.0,49820.0,49820.0,49820.0,1.0
2021.08.09,49795.0,0.0,49795.0,49795.0,49795.0,0.0
2021.08.06,49795.0,35.0,49795.0,49795.0,49795.0,0.0
2021.08.05,49760.0,-50.0,49765.0,49765.0,49760.0,5.0
2021.08.04,49810.0,-15.0,49810.0,49810.0,49810.0,1.0
2021.08.03,49825.0,0.0,49825.0,49825.0,49825.0,0.0
2021.08.02,49825.0,5.0,49825.0,49825.0,49825.0,250.0
2021.07.30,49820.0,-5.0,49820.0,49820.0,49820.0,0.0
2021.07.29,49825.0,25.0,49825.0,49825.0,49825.0,1.0
2021.07.28,49800.0,30.0,49800.0,49800.0,49800.0,0.0
2021.07.27,49770.0,-25.0,49770.0,49770.0,49770.0,1.0
2021.07.26,49795.0,15.0,49795.0,49795.0,49795.0,1.0
2021.07.23,49780.0,-10.0,49785.0,49785.0,49780.0,3.0
2021.07.22,49790.0,0.0,49790.0,49790.0,49790.0,0.0
2021.07.21,49790.0,-45.0,49790.0,49790.0,49790.0,0.0
2021.07.20,49835.0,-35.0,49835.0,49835.0,49835.0,0.0
2021.07.19,49870.0,-40.0,49870.0,49870.0,49870.0,21.0
2021.07.16,49910.0,-40.0,49910.0,49910.0,49910.0,0.0
2021.07.15,49950.0,165.0,49950.0,49950.0,49950.0,0.0
2021.07.14,49785.0,0.0,49785.0,49785.0,49785.0,0.0
2021.07.13,49785.0,25.0,49785.0,49785.0,49785.0,200.0
2021.07.12,49760.0,0.0,49760.0,49760.0,49760.0,0.0
2021.07.09,49760.0,0.0,49760.0,49760.0,49760.0,0.0
2021.07.08,49760.0,-80.0,49760.0,49760.0,49760.0,0.0
2021.07.07,49840.0,-85.0,49840.0,49840.0,49840.0,0.0
2021.07.06,49925.0,0.0,49925.0,49925.0,49925.0,0.0
2021.07.05,49925.0,-10.0,49925.0,49925.0,49925.0,0.0
2021.07.02,49935.0,10.0,49935.0,49935.0,49935.0,0.0
2021.07.01,49925.0,0.0,49925.0,49925.0,49925.0,0.0
2021.06.30,49925.0,-25.0,49925.0,49925.0,49925.0,0.0
2021.06.29,49950.0,-15.0,49950.0,49950.0,49950.0,0.0
2021.06.28,49965.0,45.0,50005.0,50005.0,49965.0,94.0
2021.06.25,49920.0,100.0,49920.0,49920.0,49920.0,10.0
2021.06.24,49820.0,45.0,49820.0,49820.0,49820.0,1.0
2021.06.23,49775.0,-20.0,49790.0,49790.0,49775.0,100.0
2021.06.22,49795.0,0.0,49795.0,49795.0,49795.0,0.0
2021.06.21,49795.0,0.0,49795.0,49795.0,49795.0,0.0
2021.06.18,49795.0,-5.0,49795.0,49795.0,49795.0,0.0
2021.06.17,49800.0,45.0,49800.0,49800.0,49800.0,0.0
2021.06.16,49755.0,0.0,49755.0,49755.0,49755.0,0.0
2021.06.15,49755.0,10.0,49755.0,49755.0,49755.0,0.0
2021.06.14,49745.0,0.0,49745.0,49745.0,49745.0,0.0
2021.06.11,49745.0,95.0,49745.0,49745.0,49745.0,1.0
2021.06.10,49650.0,-5.0,49650.0,49650.0,49650.0,20.0
2021.06.09,49655.0,-80.0,49670.0,49670.0,49655.0,200.0
2021.06.08,49735.0,-15.0,49735.0,49735.0,49735.0,0.0
2021.06.07,49750.0,0.0,49750.0,49750.0,49750.0,0.0
2021.06.04,49750.0,-15.0,49750.0,49750.0,49750.0,2.0
2021.06.03,49765.0,-15.0,49765.0,49765.0,49765.0,0.0
2021.06.02,49780.0,0.0,49780.0,49780.0,49780.0,10.0
2021.06.01,49780.0,0.0,49780.0,49780.0,49780.0,0.0
2021.05.31,49780.0,35.0,49780.0,49780.0,49780.0,0.0
2021.05.28,49745.0,70.0,49745.0,49745.0,49745.0,21.0
2021.05.27,49675.0,-25.0,49675.0,49675.0,49675.0,0.0
2021.05.26,49700.0,30.0,49700.0,49700.0,49700.0,0.0
2021.05.25,49670.0,35.0,49670.0,49670.0,49670.0,0.0
2021.05.24,49635.0,15.0,49635.0,49635.0,49635.0,10.0
2021.05.21,49620.0,-60.0,49665.0,49665.0,49620.0,41.0
2021.05.20,49680.0,20.0,49680.0,49680.0,49680.0,1.0
2021.05.18,49660.0,-5.0,49660.0,49660.0,49660.0,1.0
2021.05.17,49665.0,-40.0,49695.0,49695.0,49665.0,2.0
2021.05.14,49705.0,-10.0,49705.0,49705.0,49705.0,0.0
2021.05.13,49715.0,0.0,49715.0,49715.0,49715.0,0.0
2021.05.12,49715.0,5.0,49715.0,49715.0,49715.0,1.0
2021.05.11,49710.0,-15.0,49710.0,49710.0,49710.0,0.0
2021.05.10,49725.0,-20.0,49725.0,49725.0,49725.0,0.0
2021.05.07,49745.0,-5.0,49745.0,49745.0,49745.0,0.0
2021.05.06,49750.0,0.0,49750.0,49750.0,49750.0,0.0
2021.05.04,49750.0,10.0,49750.0,49750.0,49750.0,0.0
2021.05.03,49740.0,10.0,49740.0,49740.0,49740.0,0.0
2021.04.30,49730.0,20.0,49730.0,49730.0,49730.0,0.0
2021.04.29,49710.0,0.0,49710.0,49710.0,49710.0,0.0
2021.04.28,49710.0,10.0,49710.0,49710.0,49710.0,1.0
2021.04.27,49700.0,0.0,49700.0,49700.0,49700.0,0.0
2021.04.26,49700.0,50.0,49700.0,49700.0,49700.0,0.0
2021.04.23,49650.0,-30.0,49650.0,49650.0,49650.0,2.0
2021.04.22,49680.0,-20.0,49680.0,49680.0,49680.0,0.0
2021.04.21,49700.0,-20.0,49700.0,49700.0,49700.0,20.0
2021.04.20,49720.0,0.0,49720.0,49720.0,49720.0,0.0
2021.04.19,49720.0,-15.0,49720.0,49720.0,49720.0,0.0
2021.04.16,49735.0,20.0,49735.0,49735.0,49735.0,0.0
2021.04.15,49715.0,55.0,49715.0,49715.0,49715.0,10.0
2021.04.14,49660.0,-65.0,49660.0,49660.0,49660.0,1.0
2021.04.13,49725.0,-5.0,49725.0,49725.0,49725.0,0.0
2021.04.12,49730.0,-25.0,49730.0,49730.0,49730.0,0.0
2021.04.09,49755.0,5.0,49755.0,49755.0,49755.0,0.0
2021.04.08,49750.0,-45.0,49750.0,49750.0,49750.0,0.0
2021.04.07,49795.0,-15.0,49795.0,49795.0,49795.0,0.0
2021.04.06,49810.0,-10.0,49810.0,49810.0,49810.0,0.0
2021.04.05,49820.0,65.0,49820.0,49820.0,49820.0,0.0
2021.04.02,49755.0,0.0,49755.0,49755.0,49755.0,0.0
2021.04.01,49755.0,-10.0,49755.0,49755.0,49755.0,0.0
2021.03.31,49765.0,0.0,49765.0,49765.0,49765.0,0.0
2021.03.30,49765.0,75.0,49765.0,49765.0,49765.0,0.0
2021.03.29,49690.0,0.0,49690.0,49690.0,49690.0,0.0
2021.03.26,49690.0,0.0,49690.0,49690.0,49690.0,0.0
2021.03.25,49690.0,0.0,49690.0,49690.0,49690.0,0.0
2021.03.24,49690.0,-60.0,49690.0,49690.0,49690.0,1.0
2021.03.23,49750.0,-5.0,49750.0,49750.0,49750.0,0.0
2021.03.22,49755.0,-30.0,49755.0,49755.0,49755.0,0.0
2021.03.19,49785.0,35.0,49785.0,49785.0,49785.0,6.0
2021.03.18,49750.0,-70.0,49750.0,49750.0,49750.0,0.0
2021.03.17,49820.0,0.0,49805.0,49820.0,49805.0,2.0
2021.03.16,49820.0,-70.0,49820.0,49820.0,49820.0,0.0
2021.03.15,49890.0,35.0,49925.0,49925.0,49890.0,16.0
2021.03.12,49855.0,10.0,49855.0,49855.0,49855.0,0.0
2021.03.11,49845.0,-10.0,49845.0,49845.0,49845.0,0.0
2021.03.10,49855.0,-45.0,49860.0,49860.0,49855.0,60.0
2021.03.09,49900.0,115.0,49955.0,49955.0,49850.0,62.0
2021.03.08,49785.0,110.0,49785.0,49785.0,49785.0,0.0
2021.03.05,49675.0,15.0,49710.0,49710.0,49675.0,6.0
2021.03.04,49660.0,10.0,49660.0,49660.0,49660.0,0.0
2021.03.03,49650.0,-50.0,49660.0,49665.0,49650.0,24.0
2021.03.02,49700.0,-5.0,49650.0,49700.0,49650.0,108.0
2021.02.26,49705.0,85.0,49705.0,49705.0,49705.0,70.0
2021.02.25,49620.0,-40.0,49665.0,49665.0,49620.0,32.0
2021.02.24,49660.0,10.0,49660.0,49660.0,49660.0,10.0
2021.02.23,49650.0,15.0,49650.0,49650.0,49650.0,0.0
2021.02.22,49635.0,-5.0,49630.0,49635.0,49630.0,106.0
2021.02.19,49640.0,0.0,49640.0,49640.0,49640.0,0.0
2021.02.18,49640.0,0.0,49640.0,49640.0,49640.0,0.0
2021.02.17,49640.0,0.0,49640.0,49640.0,49640.0,0.0
2021.02.16,49640.0,-20.0,49640.0,49640.0,49640.0,0.0
2021.02.15,49660.0,10.0,49640.0,49660.0,49635.0,52.0
2021.02.10,49650.0,35.0,49655.0,49655.0,49650.0,6.0
2021.02.09,49615.0,-15.0,49615.0,49615.0,49615.0,0.0
2021.02.08,49630.0,5.0,49630.0,49630.0,49630.0,10.0
2021.02.05,49625.0,-10.0,49625.0,49625.0,49625.0,0.0
2021.02.04,49635.0,-5.0,49635.0,49635.0,49635.0,1.0
2021.02.03,49640.0,0.0,49640.0,49640.0,49640.0,0.0
2021.02.02,49640.0,0.0,49640.0,49640.0,49640.0,0.0
2021.02.01,49640.0,-15.0,49640.0,49640.0,49640.0,2.0
2021.01.29,49655.0,0.0,49655.0,49655.0,49655.0,2.0
2021.01.28,49655.0,-25.0,49655.0,49655.0,49655.0,0.0
2021.01.27,49680.0,-15.0,49685.0,49685.0,49680.0,11.0
2021.01.26,49695.0,5.0,49695.0,49695.0,49695.0,1.0
2021.01.25,49690.0,15.0,49650.0,49690.0,49650.0,32.0
2021.01.22,49675.0,70.0,49675.0,49675.0,49675.0,30.0
2021.01.21,49605.0,-25.0,49605.0,49605.0,49605.0,3.0
2021.01.20,49630.0,0.0,49630.0,49630.0,49630.0,0.0
2021.01.19,49630.0,0.0,49630.0,49630.0,49630.0,0.0
2021.01.18,49630.0,10.0,49630.0,49630.0,49630.0,4.0
2021.01.15,49620.0,0.0,49620.0,49620.0,49620.0,0.0
2021.01.14,49620.0,-20.0,49620.0,49620.0,49620.0,200.0
2021.01.13,49640.0,-20.0,49640.0,49640.0,49640.0,0.0
2021.01.12,49660.0,20.0,49660.0,49660.0,49660.0,3.0
2021.01.11,49640.0,-25.0,49640.0,49640.0,49640.0,1.0
2021.01.08,49665.0,0.0,49670.0,49670.0,49665.0,100.0
2021.01.07,49665.0,25.0,49665.0,49665.0,49665.0,20.0
2021.01.06,49640.0,35.0,49625.0,49640.0,49625.0,31.0
2021.01.05,49605.0,-60.0,49605.0,49605.0,49605.0,0.0
2021.01.04,49665.0,15.0,49665.0,49665.0,49665.0,2.0
2020.12.30,49650.0,15.0,49650.0,49650.0,49650.0,0.0
2020.12.29,49635.0,0.0,49635.0,49635.0,49635.0,0.0
2020.12.28,49635.0,25.0,49635.0,49635.0,49635.0,0.0
2020.12.24,49610.0,5.0,49610.0,49610.0,49610.0,0.0
2020.12.23,49605.0,-25.0,49605.0,49605.0,49605.0,0.0
2020.12.22,49630.0,-30.0,49630.0,49630.0,49630.0,0.0
2020.12.21,49660.0,-20.0,49660.0,49660.0,49660.0,0.0
2020.12.18,49680.0,-5.0,49680.0,49680.0,49680.0,0.0
2020.12.17,49685.0,40.0,49685.0,49685.0,49685.0,0.0
2020.12.16,49645.0,0.0,49645.0,49645.0,49645.0,0.0
2020.12.15,49645.0,25.0,49645.0,49645.0,49645.0,2.0
2020.12.14,49620.0,15.0,49620.0,49620.0,49620.0,0.0
2020.12.11,49605.0,-25.0,49605.0,49605.0,49605.0,4.0
2020.12.10,49630.0,-20.0,49630.0,49630.0,49630.0,0.0
2020.12.09,49650.0,-5.0,49650.0,49650.0,49650.0,0.0
2020.12.08,49655.0,10.0,49655.0,49655.0,49655.0,150.0
2020.12.07,49645.0,-10.0,49645.0,49645.0,49645.0,0.0
2020.12.04,49655.0,-5.0,49655.0,49655.0,49655.0,0.0
2020.12.03,49660.0,0.0,49660.0,49660.0,49660.0,0.0
2020.12.02,49660.0,5.0,49660.0,49660.0,49660.0,0.0
2020.12.01,49655.0,0.0,49655.0,49655.0,49655.0,0.0
2020.11.30,49655.0,5.0,49655.0,49655.0,49655.0,0.0
2020.11.27,49650.0,0.0,49650.0,49650.0,49650.0,0.0
2020.11.26,49650.0,20.0,49650.0,49650.0,49650.0,0.0
2020.11.25,49630.0,0.0,49630.0,49630.0,49630.0,0.0
2020.11.24,49630.0,0.0,49630.0,49630.0,49630.0,0.0
2020.11.23,49630.0,0.0,49630.0,49630.0,49630.0,0.0
2020.11.20,49630.0,0.0,49630.0,49630.0,49630.0,0.0
2020.11.19,49630.0,0.0,49630.0,49630.0,49630.0,0.0
2020.11.18,49630.0,0.0,49630.0,49630.0,49630.0,0.0
2020.11.17,49630.0,0.0,49630.0,49630.0,49630.0,0.0
2020.11.16,49630.0,10.0,49630.0,49630.0,49630.0,0.0
2020.11.13,49620.0,-45.0,49620.0,49620.0,49620.0,1.0
2020.11.12,49665.0,0.0,49665.0,49665.0,49665.0,0.0
2020.11.11,49665.0,35.0,49665.0,49665.0,49665.0,0.0
2020.11.10,49630.0,15.0,49630.0,49630.0,49630.0,0.0
2020.11.09,49615.0,25.0,49615.0,49615.0,49615.0,2.0
2020.11.06,49590.0,0.0,49590.0,49590.0,49590.0,0.0
2020.11.05,49590.0,-55.0,49590.0,49590.0,49590.0,0.0
2020.11.04,49645.0,0.0,49645.0,49645.0,49645.0,0.0
2020.11.03,49645.0,75.0,49645.0,49645.0,49645.0,0.0
2020.11.02,49570.0,0.0,49570.0,49570.0,49570.0,0.0
2020.10.30,49570.0,20.0,49570.0,49570.0,49570.0,0.0
2020.10.29,49550.0,0.0,49550.0,49550.0,49550.0,10.0
2020.10.28,49550.0,0.0,49550.0,49550.0,49550.0,0.0
2020.10.27,49550.0,0.0,49550.0,49550.0,49550.0,0.0
2020.10.26,49550.0,0.0,49550.0,49550.0,49550.0,0.0
2020.10.23,49550.0,-15.0,49550.0,49550.0,49550.0,0.0
2020.10.22,49565.0,0.0,49565.0,49565.0,49565.0,0.0
2020.10.21,49565.0,25.0,49565.0,49565.0,49565.0,0.0
2020.10.20,49540.0,-5.0,49540.0,49540.0,49540.0,0.0
2020.10.19,49545.0,35.0,49545.0,49545.0,49545.0,2.0
2020.10.16,49510.0,0.0,49510.0,49510.0,49510.0,0.0
2020.10.15,49510.0,-30.0,49510.0,49510.0,49510.0,0.0
2020.10.14,49540.0,-25.0,49540.0,49540.0,49540.0,0.0
2020.10.13,49565.0,0.0,49565.0,49565.0,49565.0,0.0
2020.10.12,49565.0,0.0,49565.0,49565.0,49565.0,0.0
2020.10.08,49565.0,0.0,49565.0,49565.0,49565.0,0.0
2020.10.07,49565.0,35.0,49565.0,49565.0,49565.0,1.0
2020.10.06,49530.0,25.0,49530.0,49530.0,49530.0,0.0
2020.10.05,49505.0,45.0,49505.0,49505.0,49505.0,4.0
2020.09.29,49460.0,0.0,49460.0,49460.0,49460.0,0.0
2020.09.28,49460.0,-10.0,49460.0,49460.0,49460.0,0.0
2020.09.25,49470.0,-5.0,49470.0,49470.0,49470.0,0.0
2020.09.24,49475.0,-35.0,49475.0,49475.0,49475.0,0.0
2020.09.23,49510.0,-30.0,49510.0,49510.0,49510.0,0.0
2020.09.22,49540.0,-25.0,49540.0,49540.0,49540.0,0.0
2020.09.21,49565.0,-5.0,49565.0,49565.0,49565.0,0.0
2020.09.18,49570.0,-5.0,49570.0,49570.0,49570.0,0.0
2020.09.17,49575.0,0.0,49575.0,49575.0,49575.0,0.0
2020.09.16,49575.0,-20.0,49575.0,49575.0,49575.0,0.0
2020.09.15,49595.0,-40.0,49595.0,49595.0,49595.0,0.0
2020.09.14,49635.0,40.0,49635.0,49635.0,49635.0,50.0
2020.09.11,49595.0,0.0,49595.0,49595.0,49595.0,0.0
2020.09.10,49595.0,0.0,49595.0,49595.0,49595.0,0.0
2020.09.09,49595.0,-75.0,49600.0,49600.0,49595.0,51.0
2020.09.08,49670.0,-10.0,49670.0,49670.0,49670.0,1.0
2020.09.07,49680.0,60.0,49680.0,49680.0,49680.0,50.0
2020.09.04,49620.0,0.0,49620.0,49620.0,49620.0,0.0
2020.09.03,49620.0,-10.0,49620.0,49620.0,49620.0,0.0
2020.09.02,49630.0,-10.0,49630.0,49630.0,49630.0,0.0
2020.09.01,49640.0,40.0,49640.0,49640.0,49640.0,2.0
2020.08.31,49600.0,50.0,49600.0,49600.0,49600.0,0.0
2020.08.28,49550.0,60.0,49550.0,49550.0,49550.0,0.0
2020.08.27,49490.0,5.0,49490.0,49490.0,49490.0,0.0
2020.08.26,49485.0,0.0,49485.0,49485.0,49485.0,0.0
2020.08.25,49485.0,-35.0,49485.0,49485.0,49485.0,2.0
2020.08.24,49520.0,25.0,49520.0,49520.0,49520.0,2.0
2020.08.21,49495.0,60.0,49495.0,49495.0,49495.0,0.0
2020.08.20,49435.0,0.0,49435.0,49435.0,49435.0,0.0
2020.08.19,49435.0,-50.0,49435.0,49435.0,49435.0,0.0
2020.08.18,49485.0,0.0,49485.0,49485.0,49485.0,5.0
2020.08.14,49485.0,35.0,49485.0,49485.0,49485.0,1.0
2020.08.13,49450.0,0.0,49450.0,49450.0,49450.0,0.0
2020.08.12,49450.0,0.0,49450.0,49450.0,49450.0,0.0
2020.08.11,49450.0,0.0,49450.0,49450.0,49450.0,0.0
2020.08.10,49450.0,35.0,49450.0,49450.0,49450.0,0.0
2020.08.07,49415.0,10.0,49415.0,49415.0,49415.0,0.0
2020.08.06,49405.0,0.0,49405.0,49405.0,49405.0,0.0
2020.08.05,49405.0,-20.0,49405.0,49405.0,49405.0,2.0
2020.08.04,49425.0,0.0,49425.0,49425.0,49425.0,0.0
2020.08.03,49425.0,-5.0,49425.0,49425.0,49425.0,0.0
2020.07.31,49430.0,-5.0,49430.0,49430.0,49430.0,0.0
2020.07.30,49435.0,-15.0,49435.0,49435.0,49435.0,0.0
2020.07.29,49450.0,0.0,49450.0,49450.0,49450.0,0.0
2020.07.28,49450.0,0.0,49450.0,49450.0,49450.0,0.0
2020.07.27,49450.0,0.0,49450.0,49450.0,49450.0,0.0
2020.07.24,49450.0,0.0,49450.0,49450.0,49450.0,0.0
2020.07.23,49450.0,-10.0,49450.0,49450.0,49450.0,0.0
2020.07.22,49460.0,0.0,49460.0,49460.0,49460.0,0.0
2020.07.21,49460.0,0.0,49460.0,49460.0,49460.0,0.0
2020.07.20,49460.0,-15.0,49460.0,49460.0,49460.0,0.0
2020.07.17,49475.0,-30.0,49475.0,49475.0,49475.0,0.0
2020.07.16,49505.0,-10.0,49505.0,49505.0,49505.0,0.0
2020.07.15,49515.0,0.0,49515.0,49515.0,49515.0,0.0
2020.07.14,49515.0,0.0,49515.0,49515.0,49515.0,0.0
2020.07.13,49515.0,15.0,49515.0,49515.0,49515.0,0.0
2020.07.10,49500.0,0.0,49500.0,49500.0,49500.0,0.0
2020.07.09,49500.0,0.0,49500.0,49500.0,49500.0,0.0
2020.07.08,49500.0,0.0,49500.0,49500.0,49500.0,0.0
2020.07.07,49500.0,0.0,49500.0,49500.0,49500.0,0.0
2020.07.06,49500.0,0.0,49500.0,49500.0,49500.0,0.0
2020.07.03,49500.0,0.0,49500.0,49500.0,49500.0,0.0
2020.07.02,49500.0,0.0,49500.0,49500.0,49500.0,0.0
2020.07.01,49500.0,30.0,49500.0,49500.0,49500.0,0.0
2020.06.30,49470.0,0.0,49470.0,49470.0,49470.0,0.0
2020.06.29,49470.0,0.0,49470.0,49470.0,49470.0,0.0
2020.06.26,49470.0,-5.0,49470.0,49470.0,49470.0,0.0
2020.06.25,49475.0,-5.0,49475.0,49475.0,49475.0,0.0
2020.06.24,49480.0,-25.0,49480.0,49480.0,49480.0,0.0
2020.06.23,49505.0,-25.0,49505.0,49505.0,49505.0,0.0
2020.06.22,49530.0,0.0,49530.0,49530.0,49530.0,0.0
2020.06.19,49530.0,0.0,49530.0,49530.0,49530.0,0.0
2020.06.18,49530.0,-25.0,49530.0,49530.0,49530.0,0.0
2020.06.17,49555.0,25.0,49555.0,49555.0,49555.0,0.0
2020.06.16,49530.0,0.0,49530.0,49530.0,49530.0,0.0
2020.06.15,49530.0,5.0,49530.0,49530.0,49530.0,0.0
2020.06.12,49525.0,0.0,49525.0,49525.0,49525.0,0.0
2020.06.11,49525.0,0.0,49525.0,49525.0,49525.0,0.0
2020.06.10,49525.0,-20.0,49525.0,49525.0,49525.0,0.0
2020.06.09,49545.0,-30.0,49545.0,49545.0,49545.0,0.0
2020.06.08,49575.0,10.0,49575.0,49575.0,49575.0,0.0
2020.06.05,49565.0,0.0,49565.0,49565.0,49565.0,0.0
2020.06.04,49565.0,45.0,49565.0,49565.0,49565.0,0.0
2020.06.03,49520.0,5.0,49520.0,49520.0,49520.0,0.0
2020.06.02,49515.0,20.0,49515.0,49515.0,49515.0,0.0
2020.06.01,49495.0,0.0,49495.0,49495.0,49495.0,0.0
2020.05.29,49495.0,0.0,49495.0,49495.0,49495.0,0.0
2020.05.28,49495.0,-5.0,49495.0,49495.0,49495.0,0.0
2020.05.27,49500.0,45.0,49500.0,49500.0,49500.0,0.0
2020.05.26,49455.0,10.0,49455.0,49455.0,49455.0,0.0
2020.05.25,49445.0,-30.0,49445.0,49445.0,49445.0,0.0
2020.05.22,49475.0,-25.0,49465.0,49475.0,49465.0,6.0
2020.05.21,49500.0,-5.0,49500.0,49500.0,49500.0,0.0
2020.05.20,49505.0,0.0,49505.0,49505.0,49505.0,0.0
2020.05.19,49505.0,0.0,49505.0,49505.0,49505.0,0.0
2020.05.18,49505.0,25.0,49505.0,49505.0,49505.0,0.0
2020.05.15,49480.0,0.0,49480.0,49480.0,49480.0,0.0
2020.05.14,49480.0,5.0,49480.0,49480.0,49480.0,0.0
2020.05.13,49475.0,-60.0,49475.0,49475.0,49475.0,0.0
2020.05.12,49535.0,-35.0,49535.0,49535.0,49535.0,0.0
2020.05.11,49570.0,0.0,49570.0,49570.0,49570.0,0.0
2020.05.08,49570.0,-40.0,49570.0,49570.0,49570.0,0.0
2020.05.07,49610.0,-25.0,49610.0,49610.0,49610.0,0.0
2020.05.06,49635.0,-10.0,49635.0,49635.0,49635.0,0.0
2020.05.04,49645.0,-45.0,49645.0,49645.0,49645.0,0.0
2020.04.29,49690.0,-35.0,49690.0,49690.0,49690.0,0.0
2020.04.28,49725.0,0.0,49725.0,49725.0,49725.0,0.0
2020.04.27,49725.0,0.0,49725.0,49725.0,49725.0,0.0
2020.04.24,49725.0,0.0,49725.0,49725.0,49725.0,0.0
2020.04.23,49725.0,10.0,49725.0,49725.0,49725.0,0.0
2020.04.22,49715.0,10.0,49715.0,49715.0,49715.0,0.0
2020.04.21,49705.0,40.0,49705.0,49705.0,49705.0,6.0
2020.04.20,49665.0,5.0,49665.0,49665.0,49665.0,0.0
2020.04.17,49660.0,10.0,49660.0,49660.0,49660.0,100.0
2020.04.16,49650.0,-10.0,49650.0,49650.0,49650.0,0.0
2020.04.14,49660.0,10.0,49660.0,49660.0,49660.0,0.0
2020.04.13,49650.0,0.0,49670.0,49670.0,49650.0,28.0
2020.04.10,49650.0,-25.0,49650.0,49650.0,49650.0,0.0
2020.04.09,49675.0,-80.0,49675.0,49675.0,49675.0,0.0
2020.04.08,49755.0,0.0,49755.0,49755.0,49755.0,100.0
2020.04.07,49755.0,-10.0,49755.0,49755.0,49755.0,2.0
2020.04.06,49765.0,-35.0,49785.0,49785.0,49765.0,32.0
2020.04.03,49800.0,25.0,49800.0,49800.0,49800.0,1.0
2020.04.02,49775.0,0.0,49775.0,49775.0,49775.0,0.0
2020.04.01,49775.0,-85.0,49775.0,49775.0,49775.0,8.0
2020.03.31,49860.0,85.0,49860.0,49860.0,49860.0,2.0
2020.03.30,49775.0,15.0,49775.0,49775.0,49775.0,20.0
2020.03.27,49760.0,-35.0,49760.0,49760.0,49760.0,0.0
2020.03.26,49795.0,-65.0,49795.0,49795.0,49795.0,0.0
2020.03.25,49860.0,-85.0,49860.0,49860.0,49860.0,2.0
2020.03.24,49945.0,-60.0,49945.0,49945.0,49945.0,20.0
2020.03.23,50005.0,-85.0,50005.0,50005.0,50005.0,2.0
2020.03.20,50090.0,275.0,50055.0,50090.0,50055.0,800.0
2020.03.19,49815.0,75.0,49815.0,49815.0,49815.0,1.0
2020.03.18,49740.0,10.0,49740.0,49740.0,49740.0,0.0
2020.03.17,49730.0,-20.0,49765.0,49765.0,49685.0,140.0
2020.03.16,49750.0,-65.0,49750.0,49750.0,49750.0,20.0
2020.03.13,49815.0,140.0,49815.0,49815.0,49815.0,1.0
2020.03.12,49675.0,0.0,49675.0,49675.0,49675.0,0.0
2020.03.11,49675.0,15.0,49675.0,49675.0,49675.0,1.0
2020.03.10,49660.0,0.0,49660.0,49660.0,49660.0,0.0
2020.03.09,49660.0,30.0,49575.0,49660.0,49575.0,2.0
2020.03.06,49630.0,90.0,49540.0,49630.0,49540.0,2.0
2020.03.05,49540.0,-5.0,49540.0,49540.0,49540.0,1.0
2020.03.04,49545.0,-130.0,49540.0,49545.0,49540.0,3.0
2020.03.03,49675.0,-45.0,49735.0,49735.0,49675.0,5.0
2020.03.02,49720.0,10.0,49625.0,49720.0,49625.0,6.0
2020.02.28,49710.0,-80.0,49770.0,49770.0,49710.0,2.0
2020.02.27,49790.0,65.0,49790.0,49790.0,49790.0,0.0
2020.02.26,49725.0,-5.0,49725.0,49725.0,49725.0,1.0
2020.02.25,49730.0,-5.0,49730.0,49730.0,49730.0,1.0
2020.02.24,49735.0,-115.0,49735.0,49735.0,49735.0,1.0
2020.02.21,49850.0,-35.0,49850.0,49850.0,49850.0,1.0
2020.02.20,49885.0,-105.0,49885.0,49885.0,49885.0,1.0
2020.02.19,49990.0,40.0,49910.0,49990.0,49910.0,3001.0
2020.02.18,49950.0,-95.0,49950.0,49950.0,49950.0,1.0
2020.02.17,50045.0,50.0,50045.0,50045.0,50045.0,1.0
2020.02.14,49995.0,50.0,49925.0,49995.0,49925.0,2220.0
2020.02.13,49945.0,-5.0,49945.0,49945.0,49945.0,1.0
2020.02.12,49950.0,5.0,49950.0,49950.0,49950.0,1.0
2020.02.11,49945.0,45.0,49945.0,49945.0,49945.0,1.0
2020.02.10,49900.0,-20.0,49900.0,49900.0,49900.0,1.0
2020.02.07,49920.0,-50.0,49920.0,49920.0,49920.0,1.0
2020.02.06,49970.0,-10.0,49970.0,49970.0,49970.0,0.0
2020.02.05,49980.0,10.0,49980.0,49980.0,49980.0,1.0
2020.02.04,49970.0,80.0,49930.0,49970.0,49920.0,6.0
2020.02.03,49890.0,-70.0,49890.0,49890.0,49890.0,1.0
2020.01.31,49960.0,30.0,49925.0,49960.0,49925.0,2.0
2020.01.30,49930.0,-55.0,49930.0,49930.0,49930.0,1.0
2020.01.29,49985.0,-25.0,50015.0,50015.0,49985.0,3.0
2020.01.28,50010.0,-115.0,50010.0,50010.0,50010.0,0.0
2020.01.23,50125.0,-35.0,50125.0,50125.0,50125.0,0.0
2020.01.22,50160.0,40.0,50115.0,50160.0,50115.0,2.0
2020.01.21,50120.0,-50.0,50120.0,50120.0,50120.0,1.0
2020.01.20,50170.0,55.0,50140.0,50170.0,50140.0,2.0
2020.01.17,50115.0,15.0,50095.0,50115.0,50095.0,4408.0
2020.01.16,50100.0,55.0,50035.0,50100.0,50035.0,3.0
2020.01.15,50045.0,-50.0,50045.0,50045.0,50045.0,1.0
2020.01.14,50095.0,-15.0,50095.0,50095.0,50095.0,1.0
2020.01.13,50110.0,-15.0,50110.0,50110.0,50110.0,1.0
2020.01.10,50125.0,135.0,50070.0,50125.0,50070.0,13.0
2020.01.09,49990.0,25.0,49990.0,49990.0,49990.0,1.0
2020.01.08,49965.0,15.0,49895.0,49965.0,49895.0,2.0
2020.01.07,49950.0,95.0,49890.0,49950.0,49890.0,2.0
2020.01.06,49855.0,-55.0,49855.0,49855.0,49855.0,1.0
2020.01.03,49910.0,-70.0,49910.0,49910.0,49910.0,1.0
2020.01.02,49980.0,-10.0,49980.0,49980.0,49980.0,1.0
2019.12.30,49990.0,-20.0,49990.0,49990.0,49990.0,1.0
2019.12.27,50010.0,10.0,50010.0,50010.0,50010.0,1.0
2019.12.26,50000.0,-15.0,50000.0,50000.0,50000.0,1.0
2019.12.24,50015.0,-5.0,50015.0,50015.0,50015.0,1.0
2019.12.23,50020.0,-30.0,50020.0,50020.0,50020.0,1.0
2019.12.20,50050.0,35.0,50025.0,50050.0,50025.0,3.0
2019.12.19,50015.0,10.0,50015.0,50015.0,50015.0,2.0
2019.12.18,50005.0,35.0,50005.0,50005.0,50005.0,2.0
2019.12.17,49970.0,-45.0,49970.0,49970.0,49970.0,2.0
2019.12.16,50015.0,-20.0,50015.0,50015.0,50015.0,2.0
2019.12.13,50035.0,25.0,50035.0,50035.0,50035.0,2.0
2019.12.12,50010.0,15.0,50010.0,50010.0,50010.0,2.0
2019.12.11,49995.0,-15.0,49995.0,49995.0,49995.0,2.0
2019.12.10,50010.0,-10.0,50010.0,50010.0,50010.0,2.0
2019.12.09,50020.0,-20.0,50065.0,50065.0,50020.0,4.0
2019.12.06,50040.0,15.0,50055.0,50055.0,50040.0,4.0
2019.12.05,50025.0,25.0,50025.0,50025.0,50025.0,2.0
2019.12.04,50000.0,-80.0,50005.0,50005.0,50000.0,4.0
2019.12.03,50080.0,55.0,50020.0,50080.0,50020.0,4.0
2019.12.02,50025.0,65.0,50025.0,50025.0,50025.0,2.0
2019.11.29,49960.0,-70.0,50010.0,50010.0,49960.0,4.0
2019.11.28,50030.0,-20.0,50040.0,50040.0,50030.0,4.0
2019.11.27,50050.0,-40.0,50075.0,50075.0,50030.0,25.0
2019.11.26,50090.0,5.0,50100.0,50100.0,50090.0,24.0
2019.11.25,50085.0,35.0,50065.0,50085.0,50065.0,4.0
2019.11.22,50050.0,-10.0,50075.0,50075.0,50050.0,5.0
2019.11.21,50060.0,15.0,50010.0,50060.0,50010.0,44.0
2019.11.20,50045.0,-55.0,50070.0,50070.0,50045.0,4.0
2019.11.19,50100.0,-45.0,50135.0,50135.0,50100.0,4.0
2019.11.18,50145.0,-5.0,50145.0,50145.0,50145.0,4.0
2019.11.15,50150.0,-5.0,50140.0,50150.0,50140.0,4.0
2019.11.14,50155.0,15.0,50135.0,50155.0,50135.0,4.0
2019.11.13,50140.0,-90.0,50185.0,50185.0,50140.0,4.0
2019.11.12,50230.0,100.0,50160.0,50230.0,50105.0,29.0
2019.11.11,50130.0,-50.0,50190.0,50190.0,50130.0,9.0
2019.11.08,50180.0,-15.0,50295.0,50295.0,50180.0,4.0
2019.11.07,50195.0,0.0,50160.0,50195.0,50155.0,6.0
2019.11.06,50195.0,5.0,50210.0,50210.0,50185.0,11.0
2019.11.05,50190.0,-25.0,50215.0,50215.0,50190.0,9.0
2019.11.04,50215.0,115.0,50125.0,50215.0,50125.0,39.0
2019.11.01,50100.0,10.0,50055.0,50100.0,50055.0,4.0
2019.10.31,50090.0,-25.0,50075.0,50090.0,50050.0,26.0
2019.10.30,50115.0,-45.0,50090.0,50115.0,50090.0,4.0
2019.10.29,50160.0,0.0,50160.0,50160.0,50160.0,2.0
2019.10.28,50160.0,125.0,50110.0,50160.0,50110.0,38.0
2019.10.25,50035.0,65.0,49970.0,50035.0,49970.0,4.0
2019.10.24,49970.0,10.0,49950.0,49970.0,49950.0,3.0
2019.10.23,49960.0,0.0,49940.0,49960.0,49900.0,6.0
2019.10.22,49960.0,0.0,49960.0,49960.0,49960.0,2.0
2019.10.21,49960.0,60.0,49915.0,49960.0,49915.0,4.0
2019.10.18,49900.0,-15.0,49900.0,49900.0,49900.0,2.0
2019.10.17,49915.0,135.0,49825.0,49915.0,49825.0,4.0
2019.10.16,49780.0,35.0,49795.0,49795.0,49780.0,23.0
2019.10.15,49745.0,-15.0,49745.0,49745.0,49745.0,2.0
2019.10.14,49760.0,-10.0,49760.0,49760.0,49760.0,2.0
2019.10.11,49770.0,50.0,49770.0,49770.0,49770.0,2.0
2019.10.10,49720.0,40.0,49670.0,49720.0,49670.0,4.0
2019.10.08,49680.0,55.0,49680.0,49680.0,49680.0,2.0
2019.10.07,49625.0,-60.0,49625.0,49625.0,49625.0,2.0
2019.10.04,49685.0,-55.0,49685.0,49685.0,49685.0,2.0
2019.10.02,49740.0,20.0,49740.0,49740.0,49740.0,2.0
2019.10.01,49720.0,-5.0,49720.0,49720.0,49720.0,2.0
2019.09.30,49725.0,0.0,49725.0,49725.0,49725.0,2.0
2019.09.27,49725.0,-25.0,49725.0,49725.0,49725.0,2.0
2019.09.26,49750.0,15.0,49750.0,49750.0,49750.0,2.0
2019.09.25,49735.0,-35.0,49735.0,49735.0,49735.0,2.0
2019.09.24,49770.0,-10.0,49775.0,49775.0,49770.0,61.0
2019.09.23,49780.0,5.0,49745.0,49780.0,49735.0,42.0
2019.09.20,49775.0,15.0,49770.0,49775.0,49770.0,7.0
2019.09.19,49760.0,-5.0,49760.0,49760.0,49760.0,2.0
2019.09.18,49765.0,5.0,49760.0,49765.0,49760.0,30.0
2019.09.17,49760.0,-70.0,49775.0,49775.0,49755.0,71.0
2019.09.16,49830.0,200.0,49700.0,49830.0,49675.0,96.0
2019.09.11,49630.0,25.0,49630.0,49630.0,49630.0,2.0
2019.09.10,49605.0,15.0,49590.0,49605.0,49590.0,3.0
2019.09.09,49590.0,-20.0,49600.0,49600.0,49590.0,4.0
2019.09.06,49610.0,0.0,49625.0,49625.0,49610.0,24.0
2019.09.05,49610.0,25.0,49565.0,49610.0,49560.0,91.0
2019.09.04,49585.0,35.0,49525.0,49585.0,49525.0,4.0
2019.09.03,49550.0,-15.0,49560.0,49560.0,49550.0,4.0
2019.09.02,49565.0,105.0,49485.0,49565.0,49485.0,4.0
2019.08.30,49460.0,15.0,49435.0,49460.0,49435.0,4.0
2019.08.29,49445.0,20.0,49465.0,49465.0,49445.0,4.0
2019.08.28,49425.0,15.0,49465.0,49465.0,49425.0,27.0
2019.08.27,49410.0,45.0,49390.0,49410.0,49390.0,146.0
2019.08.26,49365.0,-80.0,49345.0,49365.0,49345.0,4.0
2019.08.23,49445.0,50.0,49410.0,49450.0,49410.0,204.0
2019.08.22,49395.0,-30.0,49420.0,49420.0,49395.0,5.0
2019.08.21,49425.0,90.0,49330.0,49425.0,49330.0,4.0
2019.08.20,49335.0,15.0,49330.0,49335.0,49330.0,4.0
2019.08.19,49320.0,0.0,49320.0,49320.0,49320.0,4.0
2019.08.16,49320.0,-50.0,49290.0,49320.0,49290.0,4.0
2019.08.14,49370.0,5.0,49385.0,49385.0,49370.0,4.0
2019.08.13,49365.0,-50.0,49385.0,49385.0,49365.0,4.0
2019.08.12,49415.0,-10.0,49415.0,49415.0,49415.0,4.0
2019.08.09,49425.0,40.0,49385.0,49425.0,49385.0,4.0
2019.08.08,49385.0,25.0,49360.0,49385.0,49360.0,4.0
2019.08.07,49360.0,-15.0,49360.0,49360.0,49360.0,2.0
2019.08.06,49375.0,-5.0,49375.0,49375.0,49375.0,2.0
2019.08.05,49380.0,-125.0,49480.0,49480.0,49380.0,4.0
2019.08.02,49505.0,-65.0,49490.0,49505.0,49490.0,6.0
2019.08.01,49570.0,30.0,49560.0,49570.0,49560.0,4.0
2019.07.31,49540.0,-5.0,49560.0,49560.0,49540.0,4.0
2019.07.30,49545.0,-5.0,49565.0,49565.0,49545.0,4.0
2019.07.29,49550.0,0.0,49550.0,49550.0,49550.0,4.0
2019.07.26,49550.0,-5.0,49550.0,49550.0,49550.0,2.0
2019.07.25,49555.0,-40.0,49555.0,49555.0,49555.0,2.0
2019.07.24,49595.0,20.0,49580.0,49595.0,49580.0,20.0
2019.07.23,49575.0,-5.0,49575.0,49575.0,49575.0,2.0
2019.07.22,49580.0,30.0,49565.0,49580.0,49565.0,4.0
2019.07.19,49550.0,-15.0,49575.0,49575.0,49550.0,24.0
2019.07.18,49565.0,-80.0,49635.0,49635.0,49565.0,4.0
2019.07.17,49645.0,-50.0,49680.0,49680.0,49645.0,4.0
2019.07.16,49695.0,10.0,49665.0,49695.0,49665.0,4.0
2019.07.15,49685.0,15.0,49665.0,49685.0,49665.0,4.0
2019.07.12,49670.0,15.0,49695.0,49695.0,49670.0,4.0
2019.07.11,49655.0,-20.0,49630.0,49655.0,49630.0,4.0
2019.07.10,49675.0,25.0,49665.0,49675.0,49665.0,4.0
2019.07.09,49650.0,-35.0,49645.0,49650.0,49645.0,4.0
2019.07.08,49685.0,45.0,49685.0,49685.0,49685.0,2.0
2019.07.05,49640.0,15.0,49625.0,49640.0,49625.0,4.0
2019.07.04,49625.0,-20.0,49650.0,49650.0,49625.0,4.0
2019.07.03,49645.0,-55.0,49660.0,49660.0,49645.0,4.0
2019.07.02,49700.0,-15.0,49705.0,49705.0,49700.0,4.0
2019.07.01,49715.0,20.0,49715.0,49715.0,49715.0,4.0
2019.06.28,49695.0,-20.0,49685.0,49695.0,49685.0,4.0
2019.06.27,49715.0,0.0,49720.0,49720.0,49715.0,4.0
2019.06.26,49715.0,40.0,49705.0,49715.0,49705.0,4.0
2019.06.25,49675.0,70.0,49605.0,49675.0,49605.0,4.0
2019.06.24,49605.0,5.0,49620.0,49620.0,49605.0,4.0
2019.06.21,49600.0,30.0,49590.0,49600.0,49590.0,4.0
2019.06.20,49570.0,-95.0,49570.0,49570.0,49560.0,6.0
2019.06.19,49665.0,-15.0,49655.0,49665.0,49655.0,4.0
2019.06.18,49680.0,15.0,49665.0,49680.0,49665.0,4.0
2019.06.17,49665.0,25.0,49655.0,49665.0,49655.0,4.0
2019.06.14,49640.0,-10.0,49650.0,49650.0,49640.0,4.0
2019.06.13,49650.0,30.0,49635.0,49650.0,49590.0,7.0
2019.06.12,49620.0,-95.0,49690.0,49690.0,49595.0,26.0
2019.06.11,49715.0,20.0,49700.0,49715.0,49700.0,4.0
2019.06.10,49695.0,20.0,49690.0,49695.0,49690.0,4.0
2019.06.07,49675.0,0.0,49705.0,49705.0,49675.0,4.0
2019.06.05,49675.0,-30.0,49725.0,49725.0,49675.0,4.0
2019.06.04,49705.0,-15.0,49695.0,49705.0,49695.0,4.0
2019.06.03,49720.0,0.0,49715.0,49720.0,49715.0,4.0
2019.05.31,49720.0,-65.0,49765.0,49765.0,49720.0,4.0
2019.05.30,49785.0,10.0,49795.0,49795.0,49785.0,4.0
2019.05.29,49775.0,-50.0,49805.0,49805.0,49775.0,4.0
2019.05.28,49825.0,0.0,49825.0,49825.0,49825.0,4.0
2019.05.27,49825.0,20.0,49810.0,49825.0,49810.0,4.0
2019.05.24,49805.0,-10.0,49785.0,49805.0,49785.0,4.0
2019.05.23,49815.0,-25.0,49820.0,49820.0,49815.0,4.0
2019.05.22,49840.0,10.0,49840.0,49840.0,49840.0,2.0
2019.05.21,49830.0,-25.0,49855.0,49855.0,49830.0,4.0
2019.05.20,49855.0,25.0,49860.0,49860.0,49835.0,9.0
2019.05.17,49830.0,0.0,49850.0,49850.0,49830.0,4.0
2019.05.16,49830.0,-60.0,49870.0,49870.0,49830.0,4.0
2019.05.15,49890.0,-5.0,49885.0,49890.0,49885.0,4.0
2019.05.14,49895.0,-10.0,49880.0,49895.0,49880.0,4.0
2019.05.13,49905.0,5.0,49885.0,49905.0,49885.0,4.0
2019.05.10,49900.0,15.0,49895.0,49900.0,49895.0,4.0
2019.05.09,49885.0,0.0,49895.0,49895.0,49885.0,4.0
2019.05.08,49885.0,-10.0,49885.0,49885.0,49885.0,2.0
2019.05.07,49895.0,-20.0,49875.0,49895.0,49875.0,4.0
2019.05.03,49915.0,30.0,49900.0,49915.0,49900.0,4.0
2019.05.02,49885.0,35.0,49870.0,49885.0,49870.0,4.0
2019.04.30,49850.0,-5.0,49850.0,49850.0,49850.0,2.0
2019.04.29,49855.0,-10.0,49860.0,49860.0,49835.0,206.0
2019.04.26,49865.0,-5.0,49870.0,49870.0,49865.0,4.0
2019.04.25,49870.0,-35.0,49845.0,49870.0,49845.0,4.0
2019.04.24,49905.0,-30.0,49930.0,49930.0,49905.0,4.0
2019.04.23,49935.0,0.0,49940.0,49940.0,49935.0,4.0
2019.04.22,49935.0,40.0,49925.0,49935.0,49925.0,4.0
2019.04.19,49895.0,25.0,49885.0,49895.0,49885.0,4.0
2019.04.18,49870.0,-65.0,49930.0,49930.0,49865.0,6.0
2019.04.17,49935.0,30.0,49915.0,49935.0,49915.0,4.0
2019.04.16,49905.0,5.0,49900.0,49905.0,49900.0,4.0
2019.04.15,49900.0,55.0,49900.0,49900.0,49895.0,64.0
2019.04.12,49845.0,15.0,49850.0,49850.0,49845.0,4.0
2019.04.11,49830.0,-5.0,49825.0,49830.0,49825.0,4.0
2019.04.10,49835.0,10.0,49825.0,49835.0,49825.0,4.0
2019.04.09,49825.0,10.0,49825.0,49825.0,49825.0,4.0
2019.04.08,49815.0,-15.0,49820.0,49820.0,49800.0,204.0
2019.04.05,49830.0,30.0,49810.0,49830.0,49810.0,4.0
2019.04.04,49800.0,-10.0,49805.0,49805.0,49800.0,4.0
2019.04.03,49810.0,35.0,49795.0,49810.0,49795.0,4.0
2019.04.02,49775.0,-15.0,49815.0,49815.0,49775.0,4.0
2019.04.01,49790.0,50.0,49770.0,49790.0,49770.0,4.0
2019.03.29,49740.0,30.0,49735.0,49740.0,49735.0,4.0
2019.03.28,49710.0,-65.0,49765.0,49765.0,49710.0,4.0
2019.03.27,49775.0,-65.0,49830.0,49830.0,49775.0,4.0
2019.03.26,49840.0,0.0,49840.0,49840.0,49840.0,4.0
2019.03.25,49840.0,-55.0,49865.0,49865.0,49840.0,4.0
2019.03.22,49895.0,15.0,49890.0,49895.0,49890.0,4.0
2019.03.21,49880.0,-30.0,49885.0,49885.0,49880.0,4.0
2019.03.20,49910.0,5.0,49905.0,49910.0,49905.0,4.0
2019.03.19,49905.0,-5.0,49905.0,49905.0,49905.0,4.0
2019.03.18,49910.0,20.0,49890.0,49910.0,49890.0,4.0
2019.03.15,49890.0,35.0,49870.0,49890.0,49870.0,5.0
2019.03.14,49855.0,15.0,49855.0,49855.0,49855.0,4.0
2019.03.13,49840.0,-25.0,49840.0,49840.0,49840.0,4.0
2019.03.12,49865.0,10.0,49865.0,49865.0,49865.0,2.0
2019.03.11,49855.0,15.0,49850.0,49855.0,49850.0,4.0
2019.03.08,49840.0,-25.0,49850.0,49850.0,49840.0,4.0
2019.03.07,49865.0,-20.0,49870.0,49870.0,49865.0,4.0
2019.03.06,49885.0,-10.0,49895.0,49895.0,49885.0,4.0
2019.03.05,49895.0,5.0,49880.0,49895.0,49865.0,5.0
2019.03.04,49890.0,40.0,49890.0,49890.0,49890.0,4.0
2019.02.28,49850.0,10.0,49850.0,49850.0,49850.0,2.0
2019.02.27,49840.0,-15.0,49850.0,49850.0,49840.0,4.0
2019.02.26,49855.0,0.0,49855.0,49855.0,49855.0,4.0
2019.02.25,49855.0,5.0,49840.0,49855.0,49840.0,4.0
2019.02.22,49850.0,15.0,49845.0,49850.0,49845.0,4.0
2019.02.21,49835.0,15.0,49820.0,49835.0,49820.0,4.0
2019.02.20,49820.0,5.0,49820.0,49820.0,49820.0,4.0
2019.02.19,49815.0,0.0,49810.0,49815.0,49810.0,4.0
2019.02.18,49815.0,45.0,49785.0,49815.0,49785.0,4.0
2019.02.15,49770.0,-25.0,49770.0,49770.0,49770.0,4.0
2019.02.14,49795.0,0.0,49790.0,49795.0,49790.0,4.0
2019.02.13,49795.0,15.0,49785.0,49795.0,49785.0,4.0
2019.02.12,49780.0,35.0,49760.0,49780.0,49760.0,4.0
2019.02.11,49745.0,-10.0,49755.0,49755.0,49745.0,4.0
2019.02.08,49755.0,-30.0,49770.0,49770.0,49755.0,4.0
2019.02.07,49785.0,10.0,49775.0,49785.0,49775.0,4.0
2019.02.01,49775.0,-5.0,49780.0,49780.0,49755.0,5.0
2019.01.31,49780.0,-40.0,49785.0,49785.0,49780.0,4.0
2019.01.30,49820.0,35.0,49790.0,49820.0,49790.0,4.0
2019.01.29,49785.0,10.0,49775.0,49785.0,49775.0,4.0
2019.01.28,49775.0,5.0,49745.0,49775.0,49745.0,3.0
2019.01.25,49770.0,5.0,49735.0,49770.0,49735.0,3.0
2019.01.24,49765.0,20.0,49755.0,49765.0,49755.0,4.0
2019.01.23,49745.0,-5.0,49755.0,49755.0,49745.0,4.0
2019.01.22,49750.0,-25.0,49775.0,49775.0,49750.0,4.0
2019.01.21,49775.0,10.0,49775.0,49775.0,49775.0,4.0
2019.01.18,49765.0,30.0,49765.0,49765.0,49765.0,4.0
2019.01.17,49735.0,-5.0,49735.0,49735.0,49735.0,4.0
2019.01.16,49740.0,15.0,49720.0,49740.0,49720.0,6.0
2019.01.15,49725.0,-5.0,49745.0,49745.0,49725.0,314.0
2019.01.14,49730.0,-10.0,49750.0,49750.0,49730.0,114.0
2019.01.11,49740.0,5.0,49730.0,49740.0,49730.0,6.0
2019.01.10,49735.0,-20.0,49755.0,49755.0,49725.0,114.0
2019.01.09,49755.0,10.0,49765.0,49765.0,49755.0,4.0
2019.01.08,49745.0,25.0,49725.0,49745.0,49725.0,174.0
2019.01.07,49720.0,0.0,49735.0,49735.0,49720.0,4.0
2019.01.04,49720.0,30.0,49685.0,49720.0,49685.0,6.0
2019.01.03,49690.0,-20.0,49685.0,49690.0,49685.0,6.0
2019.01.02,49710.0,-5.0,49715.0,49715.0,49710.0,4.0
2018.12.28,49715.0,5.0,49710.0,49715.0,49710.0,5.0
2018.12.27,49710.0,5.0,49715.0,49715.0,49710.0,4.0
2018.12.26,49705.0,-40.0,49705.0,49705.0,49705.0,2.0
2018.12.24,49745.0,15.0,49735.0,49750.0,49735.0,6.0
2018.12.21,49730.0,75.0,49685.0,49730.0,49685.0,244006.0
2018.12.20,49655.0,25.0,49635.0,49655.0,49635.0,5.0
2018.12.19,49630.0,-35.0,49640.0,49640.0,49600.0,7.0
2018.12.18,49665.0,-5.0,49685.0,49685.0,49630.0,522.0
2018.12.17,49670.0,-15.0,49675.0,49675.0,49670.0,23.0
2018.12.14,49685.0,0.0,49685.0,49685.0,49685.0,4.0
2018.12.13,49685.0,15.0,49680.0,49685.0,49680.0,4.0
2018.12.12,49670.0,15.0,49690.0,49690.0,49670.0,4.0
2018.12.11,49655.0,-5.0,49670.0,49670.0,49655.0,5.0
2018.12.10,49660.0,-5.0,49665.0,49665.0,49660.0,4.0
2018.12.07,49665.0,-5.0,49650.0,49695.0,49650.0,624.0
2018.12.06,49670.0,-90.0,49755.0,49755.0,49670.0,10.0
2018.12.05,49760.0,-30.0,49780.0,49780.0,49760.0,4.0
2018.12.04,49790.0,-10.0,49780.0,49790.0,49780.0,4.0
2018.12.03,49800.0,40.0,49790.0,49800.0,49790.0,5.0
2018.11.30,49760.0,15.0,49770.0,49770.0,49715.0,6575.0
2018.11.29,49745.0,-55.0,49755.0,49755.0,49745.0,5.0
2018.11.28,49800.0,30.0,49795.0,49800.0,49795.0,4.0
2018.11.27,49770.0,-15.0,49770.0,49770.0,49770.0,4.0
2018.11.26,49785.0,-5.0,49800.0,49800.0,49785.0,4.0
2018.11.23,49790.0,-45.0,49815.0,49815.0,49790.0,4.0
2018.11.22,49835.0,0.0,49810.0,49835.0,49810.0,36.0
2018.11.21,49835.0,5.0,49835.0,49835.0,49835.0,104.0
2018.11.20,49830.0,-5.0,49825.0,49830.0,49825.0,4.0
2018.11.19,49835.0,-10.0,49820.0,49835.0,49820.0,4.0
2018.11.16,49845.0,5.0,49855.0,49855.0,49845.0,8.0
2018.11.15,49840.0,45.0,49815.0,49845.0,49815.0,16.0
2018.11.14,49795.0,-40.0,49810.0,49810.0,49795.0,8.0
2018.11.13,49835.0,5.0,49795.0,49835.0,49795.0,12.0
2018.11.12,49830.0,-20.0,49830.0,49835.0,49830.0,9.0
2018.11.09,49850.0,-10.0,49860.0,49860.0,49820.0,28.0
2018.11.08,49860.0,0.0,49880.0,49880.0,49860.0,8.0
2018.11.07,49860.0,-30.0,49890.0,49895.0,49860.0,10.0
2018.11.06,49890.0,5.0,49890.0,49890.0,49890.0,4.0
2018.11.05,49885.0,5.0,49865.0,49885.0,49865.0,12.0
2018.11.02,49880.0,70.0,49855.0,49880.0,49845.0,16.0
2018.11.01,49810.0,10.0,49840.0,49860.0,49810.0,16.0
2018.10.31,49800.0,25.0,49765.0,49800.0,49765.0,12.0
2018.10.30,49775.0,25.0,49730.0,49775.0,49725.0,26.0
2018.10.29,49750.0,-75.0,49750.0,49750.0,49750.0,4.0
2018.10.26,49825.0,-15.0,49855.0,49855.0,49810.0,208.0
2018.10.25,49840.0,-45.0,49850.0,49850.0,49840.0,8.0
2018.10.24,49885.0,10.0,49890.0,49890.0,49885.0,8.0
2018.10.23,49875.0,-40.0,49900.0,49900.0,49875.0,8.0
2018.10.22,49915.0,30.0,49875.0,49915.0,49875.0,12.0
2018.10.19,49885.0,15.0,49860.0,49885.0,49860.0,12.0
2018.10.18,49870.0,-55.0,49930.0,49930.0,49870.0,20.0
2018.10.17,49925.0,-55.0,49940.0,49970.0,49925.0,17.0
2018.10.16,49980.0,-5.0,49980.0,49980.0,49980.0,0.0
2018.10.15,49985.0,-10.0,49985.0,49985.0,49985.0,1.0
2018.10.12,49995.0,55.0,50005.0,50005.0,49995.0,2.0
2018.10.11,49940.0,-80.0,49970.0,49970.0,49940.0,16.0
2018.10.10,50020.0,-45.0,50030.0,50030.0,50015.0,12.0
2018.10.08,50065.0,10.0,50070.0,50070.0,50050.0,38.0
2018.10.05,50055.0,35.0,50030.0,50055.0,50030.0,14.0
2018.10.04,50020.0,90.0,50025.0,50025.0,50010.0,231.0
2018.10.02,49930.0,-20.0,49955.0,49955.0,49930.0,16.0
2018.10.01,49950.0,20.0,49935.0,49950.0,49935.0,8.0
2018.09.28,49930.0,-5.0,49965.0,49965.0,49925.0,14.0
2018.09.27,49935.0,-30.0,49955.0,49995.0,49935.0,16.0
2018.09.21,49965.0,-10.0,49970.0,49970.0,49960.0,12.0
2018.09.20,49975.0,85.0,49905.0,49975.0,49905.0,24.0
2018.09.19,49890.0,15.0,49890.0,49890.0,49880.0,12.0
2018.09.18,49875.0,45.0,49815.0,49875.0,49795.0,15.0
2018.09.17,49830.0,15.0,49825.0,49830.0,49825.0,2.0
2018.09.14,49815.0,70.0,49775.0,49815.0,49775.0,10.0
2018.09.13,49745.0,35.0,49700.0,49795.0,49700.0,997041.0
2018.09.12,49710.0,-45.0,49730.0,49755.0,49710.0,20.0
2018.09.11,49755.0,15.0,49745.0,49755.0,49735.0,21.0
2018.09.10,49740.0,0.0,49750.0,49750.0,49725.0,22.0
2018.09.07,49740.0,15.0,49725.0,49745.0,49725.0,26.0
2018.09.06,49725.0,5.0,49730.0,49730.0,49700.0,18.0
2018.09.05,49720.0,-15.0,49750.0,49750.0,49720.0,21.0
2018.09.04,49735.0,-5.0,49760.0,49760.0,49715.0,17.0
2018.09.03,49740.0,5.0,49750.0,49750.0,49735.0,43.0
2018.08.31,49735.0,-95.0,49800.0,49800.0,49735.0,13.0
2018.08.30,49830.0,45.0,49810.0,49830.0,49805.0,13.0
2018.08.29,49785.0,-25.0,49825.0,49825.0,49785.0,16.0
2018.08.28,49810.0,-10.0,49820.0,49820.0,49810.0,12.0
2018.08.27,49820.0,0.0,49825.0,49825.0,49820.0,12.0
2018.08.24,49820.0,0.0,49815.0,49825.0,49815.0,13.0
2018.08.23,49820.0,15.0,49805.0,49830.0,49785.0,20.0
2018.08.22,49805.0,50.0,49775.0,49810.0,49775.0,17.0
2018.08.21,49755.0,-90.0,49840.0,49840.0,49755.0,16.0
2018.08.20,49845.0,-35.0,49865.0,49880.0,49845.0,998613.0
2018.08.17,49880.0,-70.0,49915.0,49915.0,49880.0,16.0
2018.08.16,49950.0,-25.0,49950.0,49950.0,49945.0,12.0
2018.08.14,49975.0,20.0,49955.0,49975.0,49950.0,16.0
2018.08.13,49955.0,35.0,49950.0,49960.0,49945.0,220.0
2018.08.10,49920.0,-40.0,49950.0,49950.0,49920.0,16.0
2018.08.09,49960.0,-30.0,49980.0,49980.0,49960.0,16.0
2018.08.08,49990.0,-5.0,50005.0,50005.0,49990.0,16.0
2018.08.07,49995.0,-20.0,50015.0,50015.0,49995.0,16.0
2018.08.06,50015.0,-25.0,50040.0,50040.0,50015.0,16.0
2018.08.03,50040.0,-5.0,50040.0,50070.0,50040.0,20.0
2018.08.02,50045.0,-15.0,50065.0,50065.0,50045.0,16.0
2018.08.01,50060.0,20.0,50030.0,50060.0,50030.0,21.0
2018.07.31,50040.0,-30.0,50060.0,50085.0,50040.0,24.0
2018.07.30,50070.0,20.0,50060.0,50075.0,50045.0,116.0
2018.07.27,50050.0,75.0,49960.0,50050.0,49960.0,4.0
2018.07.26,49975.0,0.0,49990.0,49990.0,49975.0,16.0
2018.07.25,49975.0,-25.0,49990.0,50010.0,49975.0,28.0
2018.07.24,50000.0,35.0,50000.0,50000.0,49995.0,12.0
2018.07.23,49965.0,0.0,49980.0,49980.0,49960.0,28.0
2018.07.20,49965.0,-15.0,49980.0,49980.0,49965.0,16.0
2018.07.19,49980.0,5.0,49980.0,49980.0,49980.0,4.0
2018.07.18,49975.0,0.0,49975.0,49990.0,49975.0,1109.0
2018.07.17,49975.0,10.0,49975.0,49975.0,49975.0,4.0
2018.07.16,49965.0,-25.0,49990.0,49990.0,49965.0,12.0
2018.07.13,49990.0,20.0,49980.0,49995.0,49980.0,58.0
2018.07.12,49970.0,70.0,49930.0,49995.0,49930.0,1993732.0
2018.07.11,49900.0,-60.0,49940.0,49940.0,49900.0,16.0
2018.07.10,49960.0,-15.0,49985.0,49985.0,49960.0,16.0
2018.07.09,49975.0,0.0,49985.0,49985.0,49975.0,34.0
2018.07.06,49975.0,20.0,49975.0,49975.0,49965.0,12.0
2018.07.05,49955.0,-30.0,49940.0,49970.0,49940.0,51.0
2018.07.04,49985.0,-5.0,50010.0,50010.0,49985.0,16.0
2018.07.03,49990.0,5.0,49955.0,49990.0,49955.0,40.0
2018.07.02,49985.0,-15.0,49975.0,49985.0,49975.0,20.0
2018.06.29,50000.0,35.0,49990.0,50000.0,49990.0,8.0
2018.06.28,49965.0,-50.0,49985.0,49985.0,49965.0,8.0
2018.06.27,50015.0,-5.0,50035.0,50035.0,50015.0,14.0
2018.06.26,50020.0,-5.0,50020.0,50020.0,50020.0,4.0
2018.06.25,50025.0,5.0,50025.0,50025.0,50025.0,14.0
2018.06.22,50020.0,-15.0,50045.0,50045.0,50020.0,36.0
2018.06.21,50035.0,-35.0,50070.0,50070.0,50035.0,9.0
2018.06.20,50070.0,5.0,50075.0,50075.0,50065.0,1189.0
2018.06.19,50065.0,-10.0,50065.0,50065.0,50065.0,0.0
2018.06.18,50075.0,-30.0,50110.0,50110.0,50075.0,276.0
2018.06.15,50105.0,-50.0,50120.0,50120.0,50105.0,5.0
2018.06.14,50155.0,10.0,50180.0,50180.0,50155.0,8.0
2018.06.12,50145.0,0.0,50110.0,50145.0,50110.0,13.0
2018.06.11,50145.0,-30.0,50155.0,50155.0,50145.0,16.0
2018.06.08,50175.0,0.0,50175.0,50175.0,50175.0,997001.0
2018.06.07,50175.0,0.0,50175.0,50175.0,50175.0,0.0
2018.06.05,50175.0,30.0,50175.0,50175.0,50175.0,1.0
2018.06.04,50145.0,10.0,50150.0,50150.0,50145.0,125.0
2018.06.01,50135.0,5.0,50135.0,50135.0,50135.0,1.0
2018.05.31,50130.0,20.0,50130.0,50130.0,50130.0,1.0
2018.05.30,50110.0,-20.0,50055.0,50110.0,50055.0,998602.0
2018.05.29,50130.0,5.0,50130.0,50130.0,50130.0,1.0
2018.05.28,50125.0,10.0,50125.0,50125.0,50125.0,1.0
2018.05.25,50115.0,-5.0,50115.0,50115.0,50115.0,1.0
2018.05.24,50120.0,-100.0,50145.0,50145.0,50120.0,2.0
2018.05.23,50220.0,10.0,50220.0,50220.0,50220.0,1.0
2018.05.21,50210.0,25.0,50165.0,50210.0,50165.0,2.0
2018.05.18,50185.0,-70.0,50210.0,50210.0,50185.0,42.0
2018.05.17,50255.0,-40.0,50255.0,50255.0,50255.0,1.0
2018.05.16,50295.0,5.0,50295.0,50295.0,50295.0,2.0
2018.05.15,50290.0,5.0,50290.0,50290.0,50290.0,1.0
2018.05.14,50285.0,70.0,50270.0,50285.0,50270.0,2.0
2018.05.11,50215.0,-55.0,50235.0,50235.0,50215.0,31.0
2018.05.10,50270.0,5.0,50285.0,50285.0,50270.0,31.0
2018.05.09,50265.0,-35.0,50280.0,50280.0,50265.0,41.0
2018.05.08,50300.0,105.0,50300.0,50300.0,50300.0,1.0
2018.05.04,50195.0,15.0,50195.0,50195.0,50195.0,1.0
2018.05.03,50180.0,20.0,50180.0,50180.0,50180.0,1.0
2018.05.02,50160.0,40.0,50160.0,50160.0,50160.0,0.0
2018.04.30,50120.0,-25.0,50120.0,50120.0,50120.0,1.0
2018.04.27,50145.0,-30.0,50145.0,50145.0,50145.0,1.0
2018.04.26,50175.0,10.0,50185.0,50185.0,50175.0,11.0
2018.04.25,50165.0,20.0,50165.0,50165.0,50165.0,2.0
2018.04.24,50145.0,-10.0,50145.0,50145.0,50145.0,1.0
2018.04.23,50155.0,65.0,50155.0,50155.0,50155.0,0.0
2018.04.20,50090.0,5.0,50090.0,50090.0,50090.0,0.0
2018.04.19,50085.0,0.0,50085.0,50085.0,50085.0,0.0
2018.04.18,50085.0,25.0,50085.0,50085.0,50085.0,1.0
2018.04.17,50060.0,20.0,50060.0,50060.0,50060.0,0.0
2018.04.16,50040.0,30.0,50040.0,50040.0,50040.0,0.0
2018.04.13,50010.0,10.0,50010.0,50010.0,50010.0,1.0
